股票代码,股票简称,最新价,最新涨跌幅,涨停封单量[20260429],{(}涨停封单量[20260429]{*}100.0{)},自由流通股[20260429],fenglu_ratio,p_open,p_close,p_high,p_low,最低价:不复权排名[20260429],自由流通市值[20260429],实际换手率[20260429],涨停[20260429],zt_first_time,涨停明细数据[20260429],最终涨停时间[20260429],涨停封单额[20260429],涨停开板次数[20260429],market_code,code
603083.SH,剑桥科技,174.97,2.4954601370745655,1817426,181742600,237712162,0.7645490179000601,154.5,170.71,170.71,154.5,111/5521,40579843175.02,12.526147063522984,涨停, 11:01:11,"[{""code"":""603083.SH"",""time"":1777431671129,""openTime"":null,""duration"":8894333,""updatedTime"":1777446000000,""firstVol"":7730700.0,""highestVol"":9589700.0,""firstVolDivLTGB"":0.028051618854036342,""firstVolDivVol"":0.2819015774155802,""highestVolDivLTGB"":0.03479718645459691,""highestVolDivVol"":0.34749065668403606}]", 11:01:11,310252792.46000004,0,17,603083
603516.SH,淳中科技,142.25,-9.996836444163247,958646,95864600,140575539,0.6819436772709084,145.37,158.05,158.05,145.37,119/5521,22217963938.95,4.072972467848762,涨停, 09:39:36,"[{""code"":""603516.SH"",""time"":1777426776619,""openTime"":null,""duration"":13788843,""updatedTime"":1777446000000,""firstVol"":4929871.0,""highestVol"":4936569.0,""firstVolDivLTGB"":0.024253026710576914,""firstVolDivVol"":1.0673077464322194,""highestVolDivLTGB"":0.024285978236673122,""highestVolDivVol"":1.053813657012091}]", 09:39:36,151514000.3,0,17,603516
603629.SH,利通电子,144.41,9.993144946302083,3157544,315754400,139932820,2.2564713553260773,130.99,131.29,131.29,128.11,143/5521,18371779937.8,10.304288872331737,涨停, 09:31:42,"[{""code"":""603629.SH"",""time"":1777426302341,""openTime"":null,""duration"":14263121,""updatedTime"":1777446000000,""firstVol"":1152900.0,""highestVol"":6513344.0,""firstVolDivLTGB"":0.0044885770794075965,""firstVolDivVol"":0.11098254544614425,""highestVolDivLTGB"":0.025358354227337145,""highestVolDivVol"":0.4581125241616449}]", 09:31:42,414553951.76,0,17,603629
002851.SZ,麦格米特,120.21,3.978894559294174,2026386,202638600,397480926,0.509807104555251,110,115.61,115.61,109.5,197/5521,45952769854.86,5.718805233939704,涨停, 09:37:32,"[{""code"":""002851.SZ"",""time"":1777426652017,""openTime"":1777429039130,""duration"":2387113,""updatedTime"":1777429039130,""firstVol"":9295927.0,""highestVol"":9760027.0,""firstVolDivLTGB"":0.020292714178842704,""firstVolDivVol"":0.6470422780299023,""highestVolDivLTGB"":0.021305829777792752,""highestVolDivVol"":0.6357288389513108},{""code"":""002851.SZ"",""time"":1777429088542,""openTime"":null,""duration"":11476920,""updatedTime"":1777446000000,""firstVol"":4205876.0,""highestVol"":4749500.0,""firstVolDivLTGB"":0.009181294080693,""firstVolDivVol"":0.2060332184718978,""highestVolDivLTGB"":0.010368008052603407,""highestVolDivVol"":0.22444224483641068}]", 10:18:08,234270485.46,1,33,002851
603256.SH,宏和科技,119.1,-1.2601558613828636,1089600,108960000,140700337,0.7744117912098534,108.52,120.62,120.62,108.52,200/5521,16971274648.94,11.11598048269067,涨停, 09:43:22,"[{""code"":""603256.SH"",""time"":1777427002580,""openTime"":null,""duration"":13562882,""updatedTime"":1777446000000,""firstVol"":4782900.0,""highestVol"":6043000.0,""firstVolDivLTGB"":0.005436797190038961,""firstVolDivVol"":0.40476719602600514,""highestVolDivLTGB"":0.006869172556274528,""highestVolDivVol"":0.4665428625735965}]", 09:43:22,131427552.0,0,17,603256
603345.SH,安井食品,109.39,-0.39154980877799367,156239,15623900,219973013,0.07102643995697781,105.6,109.82,109.82,105.25,214/5521,24157436287.66,3.67733154612016,涨停, 09:34:51,"[{""code"":""603345.SH"",""time"":1777426491295,""openTime"":1777426546360,""duration"":55065,""updatedTime"":1777426546360,""firstVol"":43994.0,""highestVol"":400000.0,""firstVolDivLTGB"":1.4999954039327987E-4,""firstVolDivVol"":0.01678129728727663,""highestVolDivLTGB"":0.0013638181605971713,""highestVolDivVol"":0.14029136411957174},{""code"":""603345.SH"",""time"":1777426568823,""openTime"":null,""duration"":13996639,""updatedTime"":1777446000000,""firstVol"":321300.0,""highestVol"":2582001.0,""firstVolDivLTGB"":0.0010954869374996778,""firstVolDivVol"":0.09598606185589185,""highestVolDivLTGB"":0.008803449636200143,""highestVolDivVol"":0.5287233670041116}]", 09:36:08,17158166.98,1,17,603345
603026.SH,石大胜华,114.92,-3.6310272536687616,442400,44240000,155440835,0.28460989674946097,106.44,119.25,119.25,102.5,223/5521,18536319573.75,17.841120706794968,涨停, 13:08:58,"[{""code"":""603026.SH"",""time"":1777439338607,""openTime"":1777439364922,""duration"":26315,""updatedTime"":1777439364922,""firstVol"":313500.0,""highestVol"":313500.0,""firstVolDivLTGB"":0.0013472223202259015,""firstVolDivVol"":0.01537727594720341,""highestVolDivLTGB"":0.0013472223202259015,""highestVolDivVol"":0.01537727594720341},{""code"":""603026.SH"",""time"":1777439455035,""openTime"":null,""duration"":6544965,""updatedTime"":1777446000000,""firstVol"":3757000.0,""highestVol"":4336210.0,""firstVolDivLTGB"":0.016145181043345173,""firstVolDivVol"":0.17478696413978156,""highestVolDivLTGB"":0.01863425485546015,""highestVolDivVol"":0.19937580371777405}]", 13:10:55,52756200.0,1,17,603026
688531.SH,日联科技,120.6,19.999999999999996,4417196,441719600,106963834,4.129616371081089,100.5,100.5,100.5,100.5,233/5521,10749865317.0,2.246865047862813,涨停, 09:30:00,"[{""code"":""688531.SH"",""time"":1777426200000,""openTime"":null,""duration"":14365462,""updatedTime"":1777446000000,""firstVol"":1.2209794E7,""highestVol"":1.2209794E7,""firstVolDivLTGB"":0.10637671005297868,""firstVolDivVol"":29.128918513994524,""highestVolDivLTGB"":0.10637671005297868,""highestVolDivVol"":29.128918513994524}]", 09:30:00,443928198.0,0,17,688531
002192.SZ,融捷股份,109.22,10.001007150770462,485224,48522400,191495620,0.2533864743224936,90.44,99.29,99.29,88.88,288/5521,19013600109.8,20.878432624203104,涨停, 13:51:11,"[{""code"":""002192.SZ"",""time"":1777441871135,""openTime"":null,""duration"":4128865,""updatedTime"":1777446000000,""firstVol"":2737900.0,""highestVol"":2737900.0,""firstVolDivLTGB"":0.01056624164407648,""firstVolDivVol"":0.07071792186479381,""highestVolDivLTGB"":0.01056624164407648,""highestVolDivVol"":0.07071792186479381}]", 13:51:11,48177890.96,0,33,002192
002756.SZ,永兴材料,87.24,4.105011933174222,1930370,193037000,338940389,0.5695308268499096,76.22,83.8,83.8,76.22,364/5521,28403204598.2,5.931210812412209,涨停, 11:03:29,"[{""code"":""002756.SZ"",""time"":1777431809406,""openTime"":null,""duration"":8756056,""updatedTime"":1777446000000,""firstVol"":1.161225E7,""highestVol"":1.182228E7,""firstVolDivLTGB"":0.029999772061410235,""firstVolDivVol"":0.6586540468575868,""highestVolDivLTGB"":0.030542375960401217,""highestVolDivVol"":0.662518895239201}]", 11:03:29,161765006.0,0,33,002756
300438.SZ,鹏辉能源,86.1,6.29629629629629,1400278,140027800,344721386,0.40620572348244155,66.83,81.0,81,65.87,470/5521,27922432266.0,21.419221724758323,涨停, 13:08:22,"[{""code"":""300438.SZ"",""time"":1777439302040,""openTime"":1777439338607,""duration"":36567,""updatedTime"":1777439338607,""firstVol"":11500.0,""highestVol"":69000.0,""firstVolDivLTGB"":2.8453779228235428E-5,""firstVolDivVol"":1.664922551711843E-4,""highestVolDivLTGB"":1.7072267536941257E-4,""highestVolDivVol"":9.925803611041879E-4},{""code"":""300438.SZ"",""time"":1777439364922,""openTime"":null,""duration"":6635078,""updatedTime"":1777446000000,""firstVol"":6282252.0,""highestVol"":6868266.0,""firstVolDivLTGB"":0.015543809692533954,""firstVolDivVol"":0.0895019505998114,""highestVolDivLTGB"":0.01699374995172136,""highestVolDivVol"":0.09733796916983169}]", 13:09:24,113422518.0,1,33,300438
603773.SH,沃格光电,69.35,-0.5592199598508756,1185972,118597200,150718835,0.7868771013257898,64.41,69.74,69.74,64.41,484/5521,10511131552.9,13.58736816138474,涨停, 11:05:31,"[{""code"":""603773.SH"",""time"":1777431931145,""openTime"":null,""duration"":8634317,""updatedTime"":1777446000000,""firstVol"":8322907.0,""highestVol"":8484367.0,""firstVolDivLTGB"":0.03704690484785421,""firstVolDivVol"":0.43397101314462466,""highestVolDivLTGB"":0.03776559523532755,""highestVolDivVol"":0.4398637310920954}]", 11:05:31,82709687.28,0,17,603773
301217.SZ,铜冠铜箔,78.34,10.369118061425754,962478,96247800,229015544,0.42026754306249187,57.97,70.98,70.98,57.89,580/5521,16255523313.12,34.04126053557308,涨停, 14:13:06,"[{""code"":""301217.SZ"",""time"":1777443186303,""openTime"":null,""duration"":2813697,""updatedTime"":1777446000000,""firstVol"":9391638.0,""highestVol"":9453538.0,""firstVolDivLTGB"":0.011328663338066433,""firstVolDivVol"":0.12425000943950158,""highestVolDivLTGB"":0.011403330213070167,""highestVolDivVol"":0.12499237435213065}]", 14:13:06,68316688.44,0,33,301217
002847.SZ,盐津铺子,58.72,-1.5095605501509537,1154360,115436000,98602779,1.170717510913156,56.38,59.62,59.62,56.12,617/5521,5878697683.98,6.173590705795422,涨停, 09:44:59,"[{""code"":""002847.SZ"",""time"":1777427099768,""openTime"":null,""duration"":13465694,""updatedTime"":1777446000000,""firstVol"":1.21806E7,""highestVol"":1.21806E7,""firstVolDivLTGB"":0.049953102171059936,""firstVolDivVol"":2.993959284159442,""highestVolDivLTGB"":0.049953102171059936,""highestVolDivVol"":2.993959284159442}]", 09:44:59,68822943.2,0,33,002847
002709.SZ,天赐材料,60.51,2.0060687795010077,3110457,311045700,1283480092,0.24234555871864666,54.12,59.32,59.32,53.58,663/5521,76136039057.44,14.069126597718977,涨停, 13:15:17,"[{""code"":""002709.SZ"",""time"":1777439717479,""openTime"":1777439771854,""duration"":54375,""updatedTime"":1777439771854,""firstVol"":187100.0,""highestVol"":187100.0,""firstVolDivLTGB"":1.2398849156448736E-4,""firstVolDivVol"":0.0014102763635148857,""highestVolDivLTGB"":1.2398849156448736E-4,""highestVolDivVol"":0.0014102763635148857},{""code"":""002709.SZ"",""time"":1777440224066,""openTime"":1777440252499,""duration"":28433,""updatedTime"":1777440252499,""firstVol"":2.1534535E7,""highestVol"":2.1534535E7,""firstVolDivLTGB"":0.01427062806623548,""firstVolDivVol"":0.1436291477355227,""highestVolDivLTGB"":0.01427062806623548,""highestVolDivVol"":0.1436291477355227},{""code"":""002709.SZ"",""time"":1777440299133,""openTime"":1777440876956,""duration"":577823,""updatedTime"":1777440876956,""firstVol"":1.4968942E7,""highestVol"":2.1058942E7,""firstVolDivLTGB"":0.009919703575073761,""firstVolDivVol"":0.09799196540017228,""highestVolDivLTGB"":0.013955459393500956,""highestVolDivVol"":0.13743737425822675},{""code"":""002709.SZ"",""time"":1777441229175,""openTime"":null,""duration"":4770825,""updatedTime"":1777446000000,""firstVol"":1.6192914E7,""highestVol"":1.6192914E7,""firstVolDivLTGB"":0.010730812297666861,""firstVolDivVol"":0.09418583062537211,""highestVolDivLTGB"":0.010730812297666861,""highestVolDivVol"":0.09418583062537211}]", 13:40:29,184512309.24,3,33,002709
300769.SZ,德方纳米,71.95,12.9158819836786,3277170,327717000,221580288,1.4789988900095663,54.62,63.72,63.72,53.55,664/5521,14119095951.36,24.779103996832063,涨停, 10:51:41,"[{""code"":""300769.SZ"",""time"":1777431101916,""openTime"":null,""duration"":9463546,""updatedTime"":1777446000000,""firstVol"":2.1984676E7,""highestVol"":2.1984676E7,""firstVolDivLTGB"":0.08732481821254978,""firstVolDivVol"":0.4281505470008143,""highestVolDivLTGB"":0.08732481821254978,""highestVolDivVol"":0.4281505470008143}]", 10:51:41,208821272.4,0,33,300769
000657.SZ,中钨高新,58.19,1.5355086372360764,6600860,660086000,894287345,0.7381139895253689,52.07,57.31,57.31,51.8,705/5521,51251607741.95,9.24341717035032,涨停, 13:01:35,"[{""code"":""000657.SZ"",""time"":1777438895075,""openTime"":1777438910075,""duration"":15000,""updatedTime"":1777438910075,""firstVol"":343900.0,""highestVol"":343900.0,""firstVolDivLTGB"":2.3669488724493594E-4,""firstVolDivVol"":0.0052374557984011735,""highestVolDivLTGB"":2.3669488724493594E-4,""highestVolDivVol"":0.0052374557984011735},{""code"":""000657.SZ"",""time"":1777439033850,""openTime"":null,""duration"":6966150,""updatedTime"":1777446000000,""firstVol"":2.1141499E7,""highestVol"":2.6521919E7,""firstVolDivLTGB"":0.01455098785110185,""firstVolDivVol"":0.29200591589110453,""highestVolDivLTGB"":0.018254151285909636,""highestVolDivVol"":0.36079527673165224}]", 13:03:53,378295286.6,1,33,000657
920125.BJ,鸿仕达,87.2,29.994036970781163,536280,53628000,16481539,3.2538223523907566,50.5,67.08,67.08,50.5,727/5521,1105581636.12,46.74487619147702,涨停, 13:32:27,"[{""code"":""920125"",""time"":1777440747807,""openTime"":1777441082834,""duration"":335027,""updatedTime"":1777441082834,""firstVol"":952139.0,""highestVol"":952139.0,""firstVolDivLTGB"":0.057770029849761,""firstVolDivVol"":0.13833762499965493,""highestVolDivLTGB"":0.057770029849761,""highestVolDivVol"":0.13833762499965493},{""code"":""920125"",""time"":1777441385913,""openTime"":null,""duration"":4614087,""updatedTime"":1777446000000,""firstVol"":32475.0,""highestVol"":757644.0,""firstVolDivLTGB"":0.001970386381999885,""firstVolDivVol"":0.004261359722139663,""highestVolDivLTGB"":0.04596925080843482,""highestVolDivVol"":0.09891157888882637}]", 13:43:05,35973662.4,1,151,920125
000831.SZ,中国稀土,54.44,0.7588376827688258,2357283,235728300,657573396,0.3584821123146533,50,54.03,54.03,49.9,742/5521,35528690585.88,9.077104147321679,涨停, 10:52:12,"[{""code"":""000831.SZ"",""time"":1777431132567,""openTime"":1777431456302,""duration"":323735,""updatedTime"":1777431456302,""firstVol"":3.3872554E7,""highestVol"":3.3872554E7,""firstVolDivLTGB"":0.03191847895986457,""firstVolDivVol"":0.689426767667773,""highestVolDivLTGB"":0.03191847895986457,""highestVolDivVol"":0.689426767667773},{""code"":""000831.SZ"",""time"":1777431671129,""openTime"":null,""duration"":8894333,""updatedTime"":1777446000000,""firstVol"":1.1353858E7,""highestVol"":1.1353858E7,""firstVolDivLTGB"":0.010698864859327998,""firstVolDivVol"":0.2104500254085347,""highestVolDivLTGB"":0.010698864859327998,""highestVolDivVol"":0.2104500254085347}]", 11:01:11,127364000.49000001,1,33,000831
600111.SH,北方稀土,53.04,4.102060843964664,14083457,1408345700,2240266051,0.6286510922983227,47.5,50.95,50.95,47.49,795/5521,114141555298.45,8.355872862352276,涨停, 10:15:34,"[{""code"":""600111.SH"",""time"":1777428934110,""openTime"":null,""duration"":11631352,""updatedTime"":1777446000000,""firstVol"":7.96631E7,""highestVol"":7.96631E7,""firstVolDivLTGB"":0.022036417449018623,""firstVolDivVol"":0.49731894589716286,""highestVolDivLTGB"":0.022036417449018623,""highestVolDivVol"":0.49731894589716286}]", 10:15:34,717552134.1500001,0,17,600111
001203.SZ,大中矿业,52.31,1.9688109161793472,1037600,103760000,489158298,0.2121194722122449,46.67,51.3,51.3,46.35,821/5521,25093820687.4,6.554877251617226,涨停, 13:23:02,"[{""code"":""001203.SZ"",""time"":1777440182368,""openTime"":1777440224066,""duration"":41698,""updatedTime"":1777440224066,""firstVol"":6678500.0,""highestVol"":6678500.0,""firstVolDivLTGB"":0.005113807300999491,""firstVolDivVol"":0.26698441216396734,""highestVolDivLTGB"":0.005113807300999491,""highestVolDivVol"":0.26698441216396734},{""code"":""001203.SZ"",""time"":1777441623210,""openTime"":1777441825743,""duration"":202533,""updatedTime"":1777441825743,""firstVol"":4955100.0,""highestVol"":4955100.0,""firstVolDivLTGB"":0.003794179315292742,""firstVolDivVol"":0.16913988794802434,""highestVolDivLTGB"":0.003794179315292742,""highestVolDivVol"":0.16913988794802434},{""code"":""001203.SZ"",""time"":1777441940915,""openTime"":1777441973018,""duration"":32103,""updatedTime"":1777441973018,""firstVol"":31100.0,""highestVol"":31100.0,""firstVolDivLTGB"":2.381364184488795E-5,""firstVolDivVol"":0.0010191852947357702,""highestVolDivLTGB"":2.381364184488795E-5,""highestVolDivVol"":0.0010191852947357702},{""code"":""001203.SZ"",""time"":1777442113984,""openTime"":1777442202373,""duration"":88389,""updatedTime"":1777442202373,""firstVol"":172100.0,""highestVol"":264000.0,""firstVolDivLTGB"":1.3177902770113235E-4,""firstVolDivVol"":0.005581759988925996,""highestVolDivLTGB"":2.0214795649679804E-4,""highestVolDivVol"":0.00854903758723621},{""code"":""001203.SZ"",""time"":1777442280023,""openTime"":1777442319452,""duration"":39429,""updatedTime"":1777442319452,""firstVol"":2000.0,""highestVol"":2000.0,""firstVolDivLTGB"":1.5314239128545304E-6,""firstVolDivVol"":6.43186727816144E-5,""highestVolDivLTGB"":1.5314239128545304E-6,""highestVolDivVol"":6.43186727816144E-5},{""code"":""001203.SZ"",""time"":1777442407660,""openTime"":1777442433935,""duration"":26275,""updatedTime"":1777442433935,""firstVol"":11000.0,""highestVol"":11000.0,""firstVolDivLTGB"":8.422831520699918E-6,""firstVolDivVol"":3.513852837734844E-4,""highestVolDivLTGB"":8.422831520699918E-6,""highestVolDivVol"":3.513852837734844E-4},{""code"":""001203.SZ"",""time"":1777442489440,""openTime"":null,""duration"":3510560,""updatedTime"":1777446000000,""firstVol"":1600.0,""highestVol"":3022800.0,""firstVolDivLTGB"":1.2251391302836243E-6,""firstVolDivVol"":5.099126054411627E-5,""highestVolDivLTGB"":0.0023145941018883373,""highestVolDivVol"":0.09616392226641453}]", 14:01:29,53228880.0,6,33,001203
605168.SH,三人行,47.06,-2.969072164948449,658669,65866900,97221698,0.6774917673213237,46.21,48.5,48.5,45.06,856/5521,4715252353.0,21.237406283523253,涨停, 09:39:36,"[{""code"":""605168.SH"",""time"":1777426776619,""openTime"":1777426812547,""duration"":35928,""updatedTime"":1777426812547,""firstVol"":2924800.0,""highestVol"":2924800.0,""firstVolDivLTGB"":0.013873644887419082,""firstVolDivVol"":0.29835298908422625,""highestVolDivLTGB"":0.013873644887419082,""highestVolDivVol"":0.29835298908422625},{""code"":""605168.SH"",""time"":1777426864133,""openTime"":1777440252499,""duration"":7953828,""updatedTime"":1777440252499,""firstVol"":4251500.0,""highestVol"":5400750.0,""firstVolDivLTGB"":0.020166781058144907,""firstVolDivVol"":0.39262581942112096,""highestVolDivLTGB"":0.02561819188516432,""highestVolDivVol"":0.4926870760400685},{""code"":""605168.SH"",""time"":1777440299133,""openTime"":1777440378713,""duration"":79580,""updatedTime"":1777440378713,""firstVol"":2014469.0,""highestVol"":2087969.0,""firstVolDivLTGB"":0.009555534581070236,""firstVolDivVol"":0.12641210201302996,""highestVolDivLTGB"":0.0099041782145581,""highestVolDivVol"":0.1307912883941241},{""code"":""605168.SH"",""time"":1777440423662,""openTime"":null,""duration"":5576338,""updatedTime"":1777446000000,""firstVol"":119814.0,""highestVol"":2081581.0,""firstVolDivLTGB"":5.683318136423789E-4,""firstVolDivVol"":0.007200723209498171,""highestVolDivLTGB"":0.009873877050874828,""highestVolDivVol"":0.12233848480851996}]", 13:27:03,31945446.5,3,17,605168
001396.SZ,誉帆科技,46.85,-1.8025571159086133,130505,13050500,22207144,0.587671246694307,44.41,47.71,47.71,44.41,883/5521,1059502840.24,19.442549658794483,涨停, 09:31:12,"[{""code"":""001396.SZ"",""time"":1777426272131,""openTime"":1777426302341,""duration"":30210,""updatedTime"":1777426302341,""firstVol"":165300.0,""highestVol"":180000.0,""firstVolDivLTGB"":0.007443550597951722,""firstVolDivVol"":0.31703107019562715,""highestVolDivLTGB"":0.008105499743686085,""highestVolDivVol"":0.2555366269165247},{""code"":""001396.SZ"",""time"":1777426506295,""openTime"":1777429244408,""duration"":2738113,""updatedTime"":1777429244408,""firstVol"":4822100.0,""highestVol"":4915300.0,""firstVolDivLTGB"":0.21714183507793708,""firstVolDivVol"":2.6547376615340235,""highestVolDivLTGB"":0.22133868272300122,""highestVolDivVol"":2.683004978676461},{""code"":""001396.SZ"",""time"":1777429361459,""openTime"":1777429390874,""duration"":29415,""updatedTime"":1777429390874,""firstVol"":242100.0,""highestVol"":242100.0,""firstVolDivLTGB"":0.010901897155257785,""firstVolDivVol"":0.09183279830581574,""highestVolDivLTGB"":0.010901897155257785,""highestVolDivVol"":0.09183279830581574},{""code"":""001396.SZ"",""time"":1777429519977,""openTime"":1777429568448,""duration"":48471,""updatedTime"":1777429568448,""firstVol"":11200.0,""highestVol"":11200.0,""firstVolDivLTGB"":5.043422062738008E-4,""firstVolDivVol"":0.00372909087095248,""highestVolDivLTGB"":5.043422062738008E-4,""highestVolDivVol"":0.00372909087095248},{""code"":""001396.SZ"",""time"":1777429654968,""openTime"":1777429696414,""duration"":41446,""updatedTime"":1777429696414,""firstVol"":37800.0,""highestVol"":37800.0,""firstVolDivLTGB"":0.001702154946174078,""firstVolDivVol"":0.012263119835012375,""highestVolDivLTGB"":0.001702154946174078,""highestVolDivVol"":0.012263119835012375},{""code"":""001396.SZ"",""time"":1777429735686,""openTime"":1777442961763,""duration"":7791539,""updatedTime"":1777442961763,""firstVol"":26700.0,""highestVol"":1763000.0,""firstVolDivLTGB"":0.001202315795313436,""firstVolDivVol"":0.008541504514041178,""highestVolDivLTGB"":0.07938886693399205,""highestVolDivVol"":0.5613911291285573},{""code"":""001396.SZ"",""time"":1777442989299,""openTime"":1777443027553,""duration"":38254,""updatedTime"":1777443027553,""firstVol"":45800.0,""highestVol"":45800.0,""firstVolDivLTGB"":0.002062399379226793,""firstVolDivVol"":0.011714633572400528,""highestVolDivLTGB"":0.002062399379226793,""highestVolDivVol"":0.011714633572400528},{""code"":""001396.SZ"",""time"":1777443447176,""openTime"":null,""duration"":2552824,""updatedTime"":1777446000000,""firstVol"":150705.0,""highestVol"":205405.0,""firstVolDivLTGB"":0.006786329660401175,""firstVolDivVol"":0.03552406870273093,""highestVolDivLTGB"":0.009249500971399113,""highestVolDivVol"":0.04818733013734462}]", 14:17:27,6226393.55,7,33,001396
605099.SH,共创草坪,48.42,9.995456610631528,408877,40887700,51141822,0.7994963495825393,41.5,44.02,44.02,40.8,972/5521,2251263004.44,12.109347609868104,涨停, 09:38:34,"[{""code"":""605099.SH"",""time"":1777426714007,""openTime"":1777426864133,""duration"":150126,""updatedTime"":1777426864133,""firstVol"":6951500.0,""highestVol"":6951500.0,""firstVolDivLTGB"":0.01731585353861243,""firstVolDivVol"":2.346735534400108,""highestVolDivLTGB"":0.01731585353861243,""highestVolDivVol"":2.346735534400108},{""code"":""605099.SH"",""time"":1777426911430,""openTime"":null,""duration"":13654032,""updatedTime"":1777446000000,""firstVol"":4709400.0,""highestVol"":4709400.0,""firstVolDivLTGB"":0.01173088983021526,""firstVolDivVol"":1.1766146158650843,""highestVolDivLTGB"":0.01173088983021526,""highestVolDivVol"":1.1766146158650843}]", 09:41:51,17998765.540000003,1,17,605099
001266.SZ,宏英智能,40.59,2.7074898785425106,1165200,116520000,36043042,3.232801493281283,39.52,39.52,39.52,39.52,1013/5521,1424421019.84,8.330928338401625,涨停, 09:30:00,"[{""code"":""001266.SZ"",""time"":1777426200000,""openTime"":null,""duration"":14365462,""updatedTime"":1777446000000,""firstVol"":4267300.0,""highestVol"":4267300.0,""firstVolDivLTGB"":0.07339886397485783,""firstVolDivVol"":28.391882900864935,""highestVolDivLTGB"":0.07339886397485783,""highestVolDivVol"":28.391882900864935}]", 09:30:00,46048704.0,0,33,001266
603353.SH,和顺石油,43.09,-1.6659059790050135,1379600,137960000,55960000,2.4653323802716227,39,43.82,43.82,38.75,1050/5521,2452167200.0,28.479378127233737,涨停, 13:34:36,"[{""code"":""603353.SH"",""time"":1777440876956,""openTime"":null,""duration"":5123044,""updatedTime"":1777446000000,""firstVol"":6476200.0,""highestVol"":6476200.0,""firstVolDivLTGB"":0.03800185426422092,""firstVolDivVol"":0.4413426324089231,""highestVolDivLTGB"":0.03800185426422092,""highestVolDivVol"":0.4413426324089231}]", 13:34:36,60454072.0,0,17,603353
603738.SH,泰晶科技,38.32,-3.7669512807634353,310393,31039300,277280906,0.11194171444318636,35.88,39.82,39.82,35.01,1212/5521,11041325676.92,24.577060491860916,涨停, 14:25:55,"[{""code"":""603738.SH"",""time"":1777443955387,""openTime"":1777443978177,""duration"":22790,""updatedTime"":1777443978177,""firstVol"":2704500.0,""highestVol"":2704500.0,""firstVolDivLTGB"":0.007008519467637992,""firstVolDivVol"":0.048123233057054314,""highestVolDivLTGB"":0.007008519467637992,""highestVolDivVol"":0.048123233057054314},{""code"":""603738.SH"",""time"":1777444100654,""openTime"":1777444247222,""duration"":146568,""updatedTime"":1777444247222,""firstVol"":5356632.0,""highestVol"":5356632.0,""firstVolDivLTGB"":0.013881330986493856,""firstVolDivVol"":0.09011777353262557,""highestVolDivLTGB"":0.013881330986493856,""highestVolDivVol"":0.09011777353262557},{""code"":""603738.SH"",""time"":1777444336893,""openTime"":1777444675789,""duration"":338896,""updatedTime"":1777444675789,""firstVol"":102600.0,""highestVol"":3064500.0,""firstVolDivLTGB"":2.6588060542786395E-4,""firstVolDivVol"":0.001616356214157872,""highestVolDivLTGB"":0.007941433872648042,""highestVolDivVol"":0.0478176363145527},{""code"":""603738.SH"",""time"":1777444718466,""openTime"":1777444794111,""duration"":75645,""updatedTime"":1777444794111,""firstVol"":3600.0,""highestVol"":15700.0,""firstVolDivLTGB"":9.329144050100488E-6,""firstVolDivVol"":5.4630720684369967E-5,""highestVolDivLTGB"":4.0685433774049355E-5,""highestVolDivVol"":2.3787594418000064E-4},{""code"":""603738.SH"",""time"":1777444885870,""openTime"":null,""duration"":1114130,""updatedTime"":1777446000000,""firstVol"":23300.0,""highestVol"":810000.0,""firstVolDivLTGB"":6.038029343537261E-5,""firstVolDivVol"":3.486777011736028E-4,""highestVolDivLTGB"":0.00209905741127261,""highestVolDivVol"":0.012066843340150504}]", 14:41:25,12359849.26,4,17,603738
002289.SZ,*ST宇顺,36.56,4.997128087306152,1034700,103470000,162360630,0.6372850364032216,34.82,34.82,34.82,34.82,1219/5521,5653397136.6,0.19635301981767378,涨停, 09:30:00,"[{""code"":""002289.SZ"",""time"":1777426200000,""openTime"":null,""duration"":14365462,""updatedTime"":1777446000000,""firstVol"":890200.0,""highestVol"":1319850.0,""firstVolDivLTGB"":0.0032437998775452794,""firstVolDivVol"":7.350949628406275,""highestVolDivLTGB"":0.004809401559624957,""highestVolDivVol"":5.470880829015544}]", 09:30:00,36028254.0,0,33,002289
603489.SH,八方股份,37.15,1.088435374149656,275807,27580700,62921840,0.4383326997430463,34.58,36.75,36.75,34.56,1233/5521,2312377620.0,13.568107671358625,涨停, 09:35:21,"[{""code"":""603489.SH"",""time"":1777426521295,""openTime"":1777426588884,""duration"":67589,""updatedTime"":1777426588884,""firstVol"":1293860.0,""highestVol"":1293860.0,""firstVolDivLTGB"":0.005514752132444206,""firstVolDivVol"":0.4757812537346802,""highestVolDivLTGB"":0.005514752132444206,""highestVolDivVol"":0.4757812537346802},{""code"":""603489.SH"",""time"":1777426682017,""openTime"":1777428688326,""duration"":2006309,""updatedTime"":1777428688326,""firstVol"":5000.0,""highestVol"":2345300.0,""firstVolDivLTGB"":2.1311239749448186E-5,""firstVolDivVol"":0.001136834389149325,""highestVolDivLTGB"":0.009996250116876167,""highestVolDivVol"":0.46206762307355254},{""code"":""603489.SH"",""time"":1777428717395,""openTime"":1777428766008,""duration"":48613,""updatedTime"":1777428766008,""firstVol"":2000.0,""highestVol"":2000.0,""firstVolDivLTGB"":8.524495899779275E-6,""firstVolDivVol"":3.1978592251203356E-4,""highestVolDivLTGB"":8.524495899779275E-6,""highestVolDivVol"":3.1978592251203356E-4},{""code"":""603489.SH"",""time"":1777428836836,""openTime"":1777429944990,""duration"":1108154,""updatedTime"":1777429944990,""firstVol"":2159808.0,""highestVol"":2194708.0,""firstVolDivLTGB"":0.009205637220155239,""firstVolDivVol"":0.3180688910101912,""highestVolDivLTGB"":0.009354389673606387,""highestVolDivVol"":0.32227828048783713},{""code"":""603489.SH"",""time"":1777430004783,""openTime"":1777431407659,""duration"":1402876,""updatedTime"":1777431407659,""firstVol"":21900.0,""highestVol"":324844.0,""firstVolDivLTGB"":9.334323010258306E-5,""firstVolDivVol"":0.002867956906786686,""highestVolDivLTGB"":0.0013845656730339495,""highestVolDivVol"":0.04189614207884539},{""code"":""603489.SH"",""time"":1777431456302,""openTime"":null,""duration"":9109160,""updatedTime"":1777446000000,""firstVol"":12900.0,""highestVol"":565624.0,""firstVolDivLTGB"":5.498299855357632E-5,""firstVolDivVol"":0.0016164445287613098,""highestVolDivLTGB"":0.0024108297344083763,""highestVolDivVol"":0.06926018905661976}]", 10:57:36,10135907.25,5,17,603489
603139.SH,康惠股份,36.3,-1.3050570962479717,1155300,115530000,50530963,2.286320963247821,33.15,36.78,36.78,33.02,1328/5521,1858528819.14,13.451368421377602,涨停, 10:03:55,"[{""code"":""603139.SH"",""time"":1777428235587,""openTime"":1777440051954,""duration"":6381829,""updatedTime"":1777440051954,""firstVol"":6028294.0,""highestVol"":6028294.0,""firstVolDivLTGB"":0.06035536643972767,""firstVolDivVol"":2.252215679110037,""highestVolDivLTGB"":0.06035536643972767,""highestVolDivVol"":2.252215679110037},{""code"":""603139.SH"",""time"":1777442218354,""openTime"":null,""duration"":3781646,""updatedTime"":1777446000000,""firstVol"":3094900.0,""highestVol"":3094900.0,""firstVolDivLTGB"":0.030986183420104126,""firstVolDivVol"":0.49271600523840103,""highestVolDivLTGB"":0.030986183420104126,""highestVolDivVol"":0.49271600523840103}]", 13:56:58,42491934.0,1,17,603139
002903.SZ,宇环数控,37.37,1.9923580786026116,3264950,326495000,91018465,3.5871292709671603,32.67,36.64,36.64,32.67,1345/5521,3334916557.6,16.075505118659166,涨停, 11:13:40,"[{""code"":""002903.SZ"",""time"":1777432420389,""openTime"":1777432496114,""duration"":75725,""updatedTime"":1777432496114,""firstVol"":4930350.0,""highestVol"":4930350.0,""firstVolDivLTGB"":0.04622247224127423,""firstVolDivVol"":0.4419330446361921,""highestVolDivLTGB"":0.04622247224127423,""highestVolDivVol"":0.4419330446361921},{""code"":""002903.SZ"",""time"":1777433248893,""openTime"":null,""duration"":7316569,""updatedTime"":1777446000000,""firstVol"":6629900.0,""highestVol"":6649700.0,""firstVolDivLTGB"":0.06215590550618597,""firstVolDivVol"":0.47601480995593887,""highestVolDivLTGB"":0.06234153227718138,""highestVolDivVol"":0.4768885783116493}]", 11:27:28,119627768.0,1,33,002903
002842.SZ,翔鹭钨业,38.49,10.002857959416975,5161586,516158600,222595587,2.318817758053757,32.91,34.99,34.99,32.32,1362/5521,7788619589.13,25.57549759510731,涨停, 10:47:48,"[{""code"":""002842.SZ"",""time"":1777430868523,""openTime"":null,""duration"":9696939,""updatedTime"":1777446000000,""firstVol"":3.8422268E7,""highestVol"":3.8708968E7,""firstVolDivLTGB"":0.14311975855058326,""firstVolDivVol"":0.7975057187353402,""highestVolDivLTGB"":0.14418769224925124,""highestVolDivVol"":0.790220084916934}]", 10:47:48,180603894.14000002,0,33,002842
002956.SZ,西麦食品,33.15,1.9686250384497097,169100,16910000,99708688,0.16959404781256374,30.5,32.51,32.51,30.5,1468/5521,3241529446.88,8.705027790557228,涨停, 09:37:47,"[{""code"":""002956.SZ"",""time"":1777426667017,""openTime"":1777427304169,""duration"":637152,""updatedTime"":1777427304169,""firstVol"":8160520.0,""highestVol"":8160520.0,""firstVolDivLTGB"":0.03655748932102155,""firstVolDivVol"":2.5310059487255834,""highestVolDivLTGB"":0.03655748932102155,""highestVolDivVol"":2.5310059487255834},{""code"":""002956.SZ"",""time"":1777427323850,""openTime"":1777429619564,""duration"":2295714,""updatedTime"":1777429619564,""firstVol"":6936700.0,""highestVol"":6936700.0,""firstVolDivLTGB"":0.03107502171100986,""firstVolDivVol"":1.5238126620095778,""highestVolDivLTGB"":0.03107502171100986,""highestVolDivVol"":1.5238126620095778},{""code"":""002956.SZ"",""time"":1777429654968,""openTime"":1777429857522,""duration"":202554,""updatedTime"":1777429857522,""firstVol"":43160.0,""highestVol"":43160.0,""firstVolDivLTGB"":1.93348124763531E-4,""firstVolDivVol"":0.006952207599748715,""highestVolDivLTGB"":1.93348124763531E-4,""highestVolDivVol"":0.006952207599748715},{""code"":""002956.SZ"",""time"":1777429885551,""openTime"":1777430194546,""duration"":308995,""updatedTime"":1777430194546,""firstVol"":3900.0,""highestVol"":34260.0,""firstVolDivLTGB"":1.747121609309015E-5,""firstVolDivVol"":6.14535175047981E-4,""highestVolDivLTGB"":1.5347791367929963E-4,""highestVolDivVol"":0.0053127151603118775},{""code"":""002956.SZ"",""time"":1777431982116,""openTime"":1777432262018,""duration"":279902,""updatedTime"":1777432262018,""firstVol"":11200.0,""highestVol"":12000.0,""firstVolDivLTGB"":5.017374878015633E-5,""firstVolDivVol"":0.0014526400435792013,""highestVolDivLTGB"":5.3757587978738926E-5,""highestVolDivVol"":0.001551791025475236},{""code"":""002956.SZ"",""time"":1777432698789,""openTime"":1777432984316,""duration"":285527,""updatedTime"":1777432984316,""firstVol"":2871.0,""highestVol"":4931.0,""firstVolDivLTGB"":1.2861502923913289E-5,""firstVolDivVol"":3.6197855891683306E-4,""highestVolDivLTGB"":2.208988886026347E-5,""highestVolDivVol"":6.209898081354324E-4},{""code"":""002956.SZ"",""time"":1777438960737,""openTime"":1777439087978,""duration"":127241,""updatedTime"":1777439087978,""firstVol"":5940.0,""highestVol"":20740.0,""firstVolDivLTGB"":2.6610006049475768E-5,""firstVolDivVol"":7.141114800152777E-4,""highestVolDivLTGB"":9.291103122325378E-5,""highestVolDivVol"":0.0024899367059049798},{""code"":""002956.SZ"",""time"":1777439252162,""openTime"":1777439364922,""duration"":112760,""updatedTime"":1777439364922,""firstVol"":10160.0,""highestVol"":13060.0,""firstVolDivLTGB"":4.551475782199896E-5,""firstVolDivVol"":0.0012042467714985607,""highestVolDivLTGB"":5.850617491686087E-5,""highestVolDivVol"":0.001546823569374741},{""code"":""002956.SZ"",""time"":1777439402325,""openTime"":null,""duration"":6597675,""updatedTime"":1777446000000,""firstVol"":4060.0,""highestVol"":292740.0,""firstVolDivLTGB"":1.818798393280667E-5,""firstVolDivVol"":4.79389272236312E-4,""highestVolDivLTGB"":0.001311416358741336,""highestVolDivVol"":0.034271348677197826}]", 13:10:02,5497441.0,8,33,002956
002378.SZ,章源钨业,33.86,2.855407047387599,1915055,191505500,513437260,0.3729871493938714,29.9,32.92,32.92,29.9,1498/5521,16902354599.2,21.72394967984988,涨停, 13:28:20,"[{""code"":""002378.SZ"",""time"":1777440500441,""openTime"":1777441541331,""duration"":1040890,""updatedTime"":1777441541331,""firstVol"":1.5061886E7,""highestVol"":1.5061886E7,""firstVolDivLTGB"":0.012602808711054014,""firstVolDivVol"":0.1655659376118818,""highestVolDivLTGB"":0.012602808711054014,""highestVolDivVol"":0.1655659376118818},{""code"":""002378.SZ"",""time"":1777443639933,""openTime"":null,""duration"":2360067,""updatedTime"":1777446000000,""firstVol"":9987340.0,""highestVol"":1.011044E7,""firstVolDivLTGB"":0.00835675794865651,""firstVolDivVol"":0.09122944060809811,""highestVolDivLTGB"":0.008459760039651671,""highestVolDivVol"":0.09225605951988769}]", 14:20:39,63043610.6,1,33,002378
603906.SH,龙蟠科技,33.17,0.5456198848135789,1825798,182579800,326896851,0.5585241933089162,29.45,32.99,32.99,29.43,1525/5521,10784327114.49,19.118044058491098,涨停, 11:13:40,"[{""code"":""603906.SH"",""time"":1777432420389,""openTime"":1777432436477,""duration"":16088,""updatedTime"":1777432436477,""firstVol"":1.06957E7,""highestVol"":1.06957E7,""firstVolDivLTGB"":0.01892779918559444,""firstVolDivVol"":0.19639846959140886,""highestVolDivLTGB"":0.01892779918559444,""highestVolDivVol"":0.19639846959140886},{""code"":""603906.SH"",""time"":1777432474403,""openTime"":null,""duration"":8091059,""updatedTime"":1777446000000,""firstVol"":1.170378E7,""highestVol"":1.320618E7,""firstVolDivLTGB"":0.020711762442138102,""firstVolDivVol"":0.2062220097783914,""highestVolDivLTGB"":0.023370506189292293,""highestVolDivVol"":0.2312892992485109}]", 11:14:34,60233076.02,1,17,603906
002655.SZ,共达电声,31.52,2.671009771986972,114400,11440000,314787985,0.03634192073754022,28.58,30.7,30.7,27.04,1683/5521,9663991139.5,29.010732414072283,涨停, 13:15:40,"[{""code"":""002655.SZ"",""time"":1777439740674,""openTime"":1777441481761,""duration"":1741087,""updatedTime"":1777441481761,""firstVol"":1.89663E7,""highestVol"":1.89663E7,""firstVolDivLTGB"":0.05223639915513106,""firstVolDivVol"":0.2773487887349565,""highestVolDivLTGB"":0.05223639915513106,""highestVolDivVol"":0.2773487887349565},{""code"":""002655.SZ"",""time"":1777441568871,""openTime"":1777441697351,""duration"":128480,""updatedTime"":1777441697351,""firstVol"":4783600.0,""highestVol"":4783600.0,""firstVolDivLTGB"":0.013174843749096289,""firstVolDivVol"":0.06473286326813271,""highestVolDivLTGB"":0.013174843749096289,""highestVolDivVol"":0.06473286326813271},{""code"":""002655.SZ"",""time"":1777442755241,""openTime"":1777442961763,""duration"":206522,""updatedTime"":1777442961763,""firstVol"":205000.0,""highestVol"":617100.0,""firstVolDivLTGB"":5.646046844562128E-4,""firstVolDivVol"":0.0025341272774696308,""highestVolDivLTGB"":0.0016995978086728238,""highestVolDivVol"":0.007614401101626528},{""code"":""002655.SZ"",""time"":1777443063865,""openTime"":1777443082569,""duration"":18704,""updatedTime"":1777443082569,""firstVol"":500.0,""highestVol"":500.0,""firstVolDivLTGB"":1.3770845962346651E-6,""firstVolDivVol"":6.105445935665695E-6,""highestVolDivLTGB"":1.3770845962346651E-6,""highestVolDivVol"":6.105445935665695E-6},{""code"":""002655.SZ"",""time"":1777443107272,""openTime"":1777443222485,""duration"":115213,""updatedTime"":1777443222485,""firstVol"":4100.0,""highestVol"":12500.0,""firstVolDivLTGB"":1.1292093689124255E-5,""firstVolDivVol"":5.001421135517775E-5,""highestVolDivLTGB"":3.442711490586663E-5,""highestVolDivVol"":1.5243177458633064E-4},{""code"":""002655.SZ"",""time"":1777443639933,""openTime"":1777443929239,""duration"":289306,""updatedTime"":1777443929239,""firstVol"":900.0,""highestVol"":30200.0,""firstVolDivLTGB"":2.4787522732223973E-6,""firstVolDivVol"":1.0847503386831613E-5,""highestVolDivLTGB"":8.317590961257377E-5,""highestVolDivVol"":3.6372833588264343E-4},{""code"":""002655.SZ"",""time"":1777444049725,""openTime"":1777444247222,""duration"":197497,""updatedTime"":1777444247222,""firstVol"":64600.0,""highestVol"":64600.0,""firstVolDivLTGB"":1.7791932983351872E-4,""firstVolDivVol"":7.73834337161777E-4,""highestVolDivLTGB"":1.7791932983351872E-4,""highestVolDivVol"":7.73834337161777E-4},{""code"":""002655.SZ"",""time"":1777445254192,""openTime"":null,""duration"":745808,""updatedTime"":1777446000000,""firstVol"":122600.0,""highestVol"":167900.0,""firstVolDivLTGB"":3.376611429967399E-4,""firstVolDivVol"":0.001362932461471589,""highestVolDivLTGB"":4.6242500741560056E-4,""highestVolDivVol"":0.0018435213783698616}]", 14:47:34,3512080.0,7,33,002655
001336.SZ,楚环科技,28.92,-0.5159958720330189,1599498,159949800,32134435,4.9775202209094385,27.2,29.07,29.07,26.95,1694/5521,934148025.45,13.748830499120336,涨停, 13:39:22,"[{""code"":""001336.SZ"",""time"":1777441162973,""openTime"":null,""duration"":4837027,""updatedTime"":1777446000000,""firstVol"":6104200.0,""highestVol"":6104200.0,""firstVolDivLTGB"":0.12375905404468399,""firstVolDivVol"":1.4983283042959916,""highestVolDivLTGB"":0.12375905404468399,""highestVolDivVol"":1.4983283042959916}]", 13:39:22,46497406.86,0,33,001336
002497.SZ,雅化集团,30.67,1.2879788639365937,902800,90280000,988307780,0.0913480616331888,27.3,30.28,30.28,26.95,1694/5521,29925959578.4,8.249309036098046,涨停, 13:38:45,"[{""code"":""002497.SZ"",""time"":1777441125739,""openTime"":null,""duration"":4874261,""updatedTime"":1777446000000,""firstVol"":2.0102852E7,""highestVol"":2.0102852E7,""firstVolDivLTGB"":0.018972335761021517,""firstVolDivVol"":0.26636114828191687,""highestVolDivLTGB"":0.018972335761021517,""highestVolDivVol"":0.26636114828191687}]", 13:38:45,27336784.0,0,33,002497
603272.SH,*ST联翔,26.8,5.015673981191227,1748647,174864700,45163500,3.871814629069935,25.52,25.52,25.52,25.52,1809/5521,1152572520.0,11.801904192544864,涨停, 09:30:00,"[{""code"":""603272.SH"",""time"":1777426200000,""openTime"":null,""duration"":14365462,""updatedTime"":1777446000000,""firstVol"":4022100.0,""highestVol"":4056800.0,""firstVolDivLTGB"":0.03881324365271599,""firstVolDivVol"":2.6801492636769506,""highestVolDivLTGB"":0.03914809846854584,""highestVolDivVol"":2.3391570085913624}]", 09:30:00,44625471.44,0,22,603272
603508.SH,思维列控,26.16,0.0,344061,34406100,163449096,0.21050039946381838,24.96,26.16,26.16,24.96,1848/5521,4275828351.36,10.382307651306924,涨停, 09:37:17,"[{""code"":""603508.SH"",""time"":1777426637017,""openTime"":1777426972580,""duration"":335563,""updatedTime"":1777426972580,""firstVol"":1.3371624E7,""highestVol"":1.3371624E7,""firstVolDivLTGB"":0.03507086971123685,""firstVolDivVol"":2.276483765381424,""highestVolDivLTGB"":0.03507086971123685,""highestVolDivVol"":2.276483765381424},{""code"":""603508.SH"",""time"":1777427461298,""openTime"":1777427488684,""duration"":27386,""updatedTime"":1777427488684,""firstVol"":1.106402E7,""highestVol"":1.106402E7,""firstVolDivLTGB"":0.029018524892901472,""firstVolDivVol"":0.9743080435218319,""highestVolDivLTGB"":0.029018524892901472,""highestVolDivVol"":0.9743080435218319},{""code"":""603508.SH"",""time"":1777427853681,""openTime"":1777427894380,""duration"":40699,""updatedTime"":1777427894380,""firstVol"":5925460.0,""highestVol"":5925460.0,""firstVolDivLTGB"":0.015541196464927933,""firstVolDivVol"":0.4470902081792218,""highestVolDivLTGB"":0.015541196464927933,""highestVolDivVol"":0.4470902081792218},{""code"":""603508.SH"",""time"":1777428836836,""openTime"":null,""duration"":11728626,""updatedTime"":1777446000000,""firstVol"":4129540.0,""highestVol"":4129540.0,""firstVolDivLTGB"":0.010830887804453746,""firstVolDivVol"":0.2730323480858631,""highestVolDivLTGB"":0.010830887804453746,""highestVolDivVol"":0.2730323480858631}]", 10:13:56,9000635.76,3,17,603508
600338.SH,西藏珠峰,27.58,-0.10865628395509286,2346247,234624700,844780672,0.27773445555345283,25.24,27.61,27.61,24.7,1861/5521,23324394353.92,16.18703972905289,涨停, 13:34:05,"[{""code"":""600338.SH"",""time"":1777440845541,""openTime"":1777440876956,""duration"":31415,""updatedTime"":1777440876956,""firstVol"":4077700.0,""highestVol"":4077700.0,""firstVolDivLTGB"":0.004460352928387031,""firstVolDivVol"":0.0316392366322848,""highestVolDivLTGB"":0.004460352928387031,""highestVolDivVol"":0.0316392366322848},{""code"":""600338.SH"",""time"":1777441195928,""openTime"":1777441229175,""duration"":33247,""updatedTime"":1777441229175,""firstVol"":20500.0,""highestVol"":20500.0,""firstVolDivLTGB"":2.242372784460214E-5,""firstVolDivVol"":1.5338510068010954E-4,""highestVolDivLTGB"":2.242372784460214E-5,""highestVolDivVol"":1.5338510068010954E-4},{""code"":""600338.SH"",""time"":1777441273680,""openTime"":null,""duration"":4726320,""updatedTime"":1777446000000,""firstVol"":7561700.0,""highestVol"":7561700.0,""firstVolDivLTGB"":0.008271292821586732,""firstVolDivVol"":0.05645839223982135,""highestVolDivLTGB"":0.008271292821586732,""highestVolDivVol"":0.05645839223982135}]", 13:41:13,64779879.67,2,17,600338
600392.SH,盛和资源,26.03,-0.6109201985490651,2187850,218785000,1292883760,0.16922248292452835,24.02,26.19,26.19,23.99,1914/5521,33860625674.4,8.583382236930564,涨停, 13:21:29,"[{""code"":""600392.SH"",""time"":1777440089077,""openTime"":1777440224066,""duration"":134989,""updatedTime"":1777440224066,""firstVol"":1.1921672E7,""highestVol"":1.1921672E7,""firstVolDivLTGB"":0.0068013984977418505,""firstVolDivVol"":0.12112021994135211,""highestVolDivLTGB"":0.0068013984977418505,""highestVolDivVol"":0.12112021994135211},{""code"":""600392.SH"",""time"":1777440252499,""openTime"":1777440280934,""duration"":28435,""updatedTime"":1777440280934,""firstVol"":72200.0,""highestVol"":72200.0,""firstVolDivLTGB"":4.1190612485980286E-5,""firstVolDivVol"":7.107097431976341E-4,""highestVolDivLTGB"":4.1190612485980286E-5,""highestVolDivVol"":7.107097431976341E-4},{""code"":""600392.SH"",""time"":1777440619228,""openTime"":null,""duration"":5380772,""updatedTime"":1777446000000,""firstVol"":7889600.0,""highestVol"":1.04484E7,""firstVolDivLTGB"":0.004501072801515098,""firstVolDivVol"":0.07478996439182073,""highestVolDivLTGB"":0.00596088636424538,""highestVolDivVol"":0.09881331249216406}]", 13:30:19,57299791.5,2,17,600392
002875.SZ,安奈儿,25.32,2.8014616321559127,390600,39060000,134711817,0.2899522912678106,22.43,24.63,24.63,22.35,2048/5521,3317952052.71,9.90086712288945,涨停, 09:58:44,"[{""code"":""002875.SZ"",""time"":1777427924941,""openTime"":1777428235587,""duration"":310646,""updatedTime"":1777428235587,""firstVol"":1.1207458E7,""highestVol"":1.1207458E7,""firstVolDivLTGB"":0.06143160642479608,""firstVolDivVol"":1.9214304719870416,""highestVolDivLTGB"":0.06143160642479608,""highestVolDivVol"":1.9214304719870416},{""code"":""002875.SZ"",""time"":1777428548196,""openTime"":1777442891818,""duration"":8909084,""updatedTime"":1777442891818,""firstVol"":6087600.0,""highestVol"":6087600.0,""firstVolDivLTGB"":0.03336805252998393,""firstVolDivVol"":0.7127108770010603,""highestVolDivLTGB"":0.03336805252998393,""highestVolDivVol"":0.7127108770010603},{""code"":""002875.SZ"",""time"":1777442937130,""openTime"":null,""duration"":3062870,""updatedTime"":1777446000000,""firstVol"":6000.0,""highestVol"":500000.0,""firstVolDivLTGB"":3.288788934553906E-5,""firstVolDivVol"":4.6835343636380383E-4,""highestVolDivLTGB"":0.0027406574454615883,""highestVolDivVol"":0.03815472166969946}]", 14:08:57,9620478.0,2,33,002875
603933.SH,睿能科技,24.44,5.027932960893862,2771200,277120000,83739839,3.309297024084319,22.23,23.27,23.27,22.23,2065/5521,1948626053.53,9.603553214378643,涨停, 09:30:57,"[{""code"":""603933.SH"",""time"":1777426257131,""openTime"":1777426272131,""duration"":15000,""updatedTime"":1777426272131,""firstVol"":209300.0,""highestVol"":209300.0,""firstVolDivLTGB"":0.0010084580625631867,""firstVolDivVol"":0.10868774990912396,""highestVolDivLTGB"":0.0010084580625631867,""highestVolDivVol"":0.10868774990912396},{""code"":""603933.SH"",""time"":1777426425104,""openTime"":null,""duration"":14140358,""updatedTime"":1777446000000,""firstVol"":32600.0,""highestVol"":7640500.0,""firstVolDivLTGB"":1.570746910633535E-4,""firstVolDivVol"":0.005359550192351955,""highestVolDivLTGB"":0.036813778437716334,""highestVolDivVol"":1.1246614460668864}]", 09:33:45,64485824.0,1,17,603933
601233.SH,桐昆股份,24.21,4.986990459670435,1585619,158561900,1404988289,0.11285638552393656,21.66,23.06,23.06,21.62,2117/5521,32399029944.34,4.913590208580024,涨停, 13:51:11,"[{""code"":""601233.SH"",""time"":1777441871135,""openTime"":null,""duration"":4128865,""updatedTime"":1777446000000,""firstVol"":658300.0,""highestVol"":4584600.0,""firstVolDivLTGB"":2.7721720684465665E-4,""firstVolDivVol"":0.01022524142551453,""highestVolDivLTGB"":0.001930624345283325,""highestVolDivVol"":0.06965255731659808}]", 13:51:11,36564374.14,0,17,601233
000901.SZ,航天科技,24.0,3.359173126614992,3980700,398070000,519579676,0.7661385123154817,21.51,23.22,23.22,21.51,2125/5521,12064640076.72,8.087233188851675,涨停, 10:00:01,"[{""code"":""000901.SZ"",""time"":1777428001771,""openTime"":null,""duration"":12563691,""updatedTime"":1777446000000,""firstVol"":6.5754937E7,""highestVol"":6.9129438E7,""firstVolDivLTGB"":0.08237970718025786,""firstVolDivVol"":2.0749952373362293,""highestVolDivLTGB"":0.0866073806743331,""highestVolDivVol"":2.09115621581198}]", 10:00:01,92431854.0,0,33,000901
002645.SZ,华宏科技,25.77,9.98719590268886,4708394,470839400,328551719,1.433075442225886,21.43,23.43,23.43,21.43,2135/5521,7697966776.17,7.532387313426292,涨停, 10:21:43,"[{""code"":""002645.SZ"",""time"":1777429303045,""openTime"":null,""duration"":11262417,""updatedTime"":1777446000000,""firstVol"":4.0857328E7,""highestVol"":4.0857328E7,""firstVolDivLTGB"":0.07309950623636371,""firstVolDivVol"":1.9452485743671077,""highestVolDivLTGB"":0.07309950623636371,""highestVolDivVol"":1.9452485743671077}]", 10:21:43,110317671.42,0,33,002645
605299.SH,舒华体育,25.98,9.991532599491952,2008900,200890000,123555437,1.6259098334944175,21.32,23.62,23.62,21.32,2143/5521,2918379421.94,26.638250650191946,涨停, 09:41:51,"[{""code"":""605299.SH"",""time"":1777426911430,""openTime"":1777428419788,""duration"":1508358,""updatedTime"":1777428419788,""firstVol"":1.0423E7,""highestVol"":1.13376E7,""firstVolDivLTGB"":0.02547000112209247,""firstVolDivVol"":0.49122922773845096,""highestVolDivLTGB"":0.027704949124228686,""highestVolDivVol"":0.5177104500102742},{""code"":""605299.SH"",""time"":1777428463615,""openTime"":null,""duration"":12101847,""updatedTime"":1777446000000,""firstVol"":268800.0,""highestVol"":6157000.0,""firstVolDivLTGB"":6.568489208115184E-4,""firstVolDivVol"":0.00909746266080476,""highestVolDivLTGB"":0.015045456865463238,""highestVolDivVol"":0.2022242366913658}]", 10:07:43,47450218.0,1,17,605299
600367.SH,红星发展,23.47,1.0766580534022394,2647799,264779900,216905846,1.2207135256280737,21.15,23.22,23.22,21.1,2166/5521,5036553744.12,18.88926774246555,涨停, 13:12:33,"[{""code"":""600367.SH"",""time"":1777439553256,""openTime"":null,""duration"":6446744,""updatedTime"":1777446000000,""firstVol"":2.5978E7,""highestVol"":2.5978E7,""firstVolDivLTGB"":0.08068373843632728,""firstVolDivVol"":0.6929222069590963,""highestVolDivLTGB"":0.08068373843632728,""highestVolDivVol"":0.6929222069590963}]", 13:12:33,61481892.779999994,0,17,600367
002969.SZ,嘉美包装,22.6,-0.5281690140844958,3352600,335260000,539138442,0.6218439901193319,20.48,22.72,22.72,20.48,2227/5521,12249225402.24,14.335072771531287,涨停, 10:18:57,"[{""code"":""002969.SZ"",""time"":1777429137388,""openTime"":null,""duration"":11428074,""updatedTime"":1777446000000,""firstVol"":3.6697995E7,""highestVol"":3.6697995E7,""firstVolDivLTGB"":0.03359733209498459,""firstVolDivVol"":0.6342393589041736,""highestVolDivLTGB"":0.03359733209498459,""highestVolDivVol"":0.6342393589041736}]", 10:18:57,76171072.0,0,33,002969
300632.SZ,光莆股份,24.47,20.009808729769485,10860538,1086053800,191668694,5.666307717419935,20.39,20.39,20.39,20.39,2234/5521,3908124670.66,4.617740025922021,涨停, 09:30:00,"[{""code"":""300632.SZ"",""time"":1777426200000,""openTime"":null,""duration"":14365462,""updatedTime"":1777446000000,""firstVol"":4.1318991E7,""highestVol"":4.1318991E7,""firstVolDivLTGB"":0.18679846635979913,""firstVolDivVol"":17.715916287250103,""highestVolDivLTGB"":0.18679846635979913,""highestVolDivVol"":17.715916287250103}]", 09:30:00,221446369.82,0,33,300632
002805.SZ,丰元股份,22.85,10.014443909484843,3787513,378751300,194198691,1.950328800105043,19.8,20.77,20.77,19.56,2321/5521,4033506812.07,12.60995935343354,涨停, 09:32:27,"[{""code"":""002805.SZ"",""time"":1777426347341,""openTime"":1777427066870,""duration"":719529,""updatedTime"":1777427066870,""firstVol"":2.548699E7,""highestVol"":2.606871E7,""firstVolDivLTGB"":0.0914117279596525,""firstVolDivVol"":2.55034831025224,""highestVolDivLTGB"":0.09349812695728575,""highestVolDivVol"":2.522661286787365},{""code"":""002805.SZ"",""time"":1777427099768,""openTime"":1777427909381,""duration"":809613,""updatedTime"":1777427909381,""firstVol"":118380.0,""highestVol"":6900300.0,""firstVolDivLTGB"":4.245821242862991E-4,""firstVolDivVol"":0.006431350655894,""highestVolDivLTGB"":0.024748640245081513,""highestVolDivVol"":0.345769313044873},{""code"":""002805.SZ"",""time"":1777427924941,""openTime"":null,""duration"":12640521,""updatedTime"":1777446000000,""firstVol"":7428500.0,""highestVol"":7608400.0,""firstVolDivLTGB"":0.026643084222510327,""firstVolDivVol"":0.3227090233283197,""highestVolDivLTGB"":0.027288314195133282,""highestVolDivVol"":0.32999955022142163}]", 09:58:44,78666645.01,2,33,002805
300982.SZ,苏文电能,23.15,-2.608329827513677,3042978,304297800,82502706,3.688337204357879,19.62,23.77,23.77,19.54,2324/5521,1961089321.62,25.866168559368223,涨停, 13:04:47,"[{""code"":""300982.SZ"",""time"":1777439087978,""openTime"":null,""duration"":6912022,""updatedTime"":1777446000000,""firstVol"":1.9414758E7,""highestVol"":1.9414758E7,""firstVolDivLTGB"":0.10012915816718622,""firstVolDivVol"":1.0065922634578501,""highestVolDivLTGB"":0.10012915816718622,""highestVolDivVol"":1.0065922634578501}]", 13:04:47,72331587.06,0,33,300982
603095.SH,越剑智能,25.37,10.017346053772776,2468111,246811100,79177144,3.1172013479041376,20.75,23.06,23.06,19.5,2331/5521,1825824940.64,30.221827652687246,涨停, 13:16:57,"[{""code"":""603095.SH"",""time"":1777439817131,""openTime"":null,""duration"":6182869,""updatedTime"":1777446000000,""firstVol"":6929580.0,""highestVol"":7844596.0,""firstVolDivLTGB"":0.026830841617970707,""firstVolDivVol"":0.30679626798015897,""highestVolDivLTGB"":0.030373718585104223,""highestVolDivVol"":0.3450950754002286}]", 13:16:57,56914639.66,0,17,603095
603013.SH,亚普股份,20.41,1.8971542685970992,3235100,323510000,101495864,3.187420523855041,19.47,20.03,20.03,19.47,2338/5521,2032962155.92,5.247110365009553,涨停, 09:30:42,"[{""code"":""603013.SH"",""time"":1777426242131,""openTime"":1777426362341,""duration"":120210,""updatedTime"":1777426362341,""firstVol"":347200.0,""highestVol"":1763700.0,""firstVolDivLTGB"":6.831692925540348E-4,""firstVolDivVol"":0.3686557655553196,""highestVolDivLTGB"":0.003470350464509076,""highestVolDivVol"":0.9299272382157545},{""code"":""603013.SH"",""time"":1777426377341,""openTime"":1777426521295,""duration"":143954,""updatedTime"":1777426521295,""firstVol"":59800.0,""highestVol"":155500.0,""firstVolDivLTGB"":1.1766567884427212E-4,""firstVolDivVol"":0.019654243081574967,""highestVolDivLTGB"":3.059701180649551E-4,""highestVolDivVol"":0.04133329789213471},{""code"":""603013.SH"",""time"":1777426546360,""openTime"":null,""duration"":14019102,""updatedTime"":1777446000000,""firstVol"":234000.0,""highestVol"":9444800.0,""firstVolDivLTGB"":4.60430917216717E-4,""firstVolDivVol"":0.05614338155905852,""highestVolDivLTGB"":0.01858409370482243,""highestVolDivVol"":1.9533825567206469}]", 09:35:46,64799053.0,2,17,603013
002832.SZ,比音勒芬,20.24,2.897813929842383,210400,21040000,314078634,0.0669895934404758,18.99,19.67,19.67,18.91,2403/5521,6177926730.78,9.07557086484272,涨停, 09:32:12,"[{""code"":""002832.SZ"",""time"":1777426332341,""openTime"":1777426440104,""duration"":107763,""updatedTime"":1777426440104,""firstVol"":2.2512E7,""highestVol"":2.2512E7,""firstVolDivLTGB"":0.057809304095233494,""firstVolDivVol"":3.252199301222103,""highestVolDivLTGB"":0.057809304095233494,""highestVolDivVol"":3.252199301222103},{""code"":""002832.SZ"",""time"":1777426637017,""openTime"":1777426699007,""duration"":61990,""updatedTime"":1777426699007,""firstVol"":5260600.0,""highestVol"":5260600.0,""firstVolDivLTGB"":0.013508867498373548,""firstVolDivVol"":0.4104859552565159,""highestVolDivLTGB"":0.013508867498373548,""highestVolDivVol"":0.4104859552565159},{""code"":""002832.SZ"",""time"":1777426714007,""openTime"":1777428282292,""duration"":1568285,""updatedTime"":1777428282292,""firstVol"":4552050.0,""highestVol"":4650500.0,""firstVolDivLTGB"":0.011689358684555243,""firstVolDivVol"":0.33333304042526735,""highestVolDivLTGB"":0.011942171672658288,""highestVolDivVol"":0.2750141173519331},{""code"":""002832.SZ"",""time"":1777428316290,""openTime"":1777429568448,""duration"":1252158,""updatedTime"":1777429568448,""firstVol"":3600.0,""highestVol"":5457387.0,""firstVolDivLTGB"":9.24455822418446E-6,""firstVolDivVol"":1.938497818193782E-4,""highestVolDivLTGB"":0.014014203298168711,""highestVolDivVol"":0.2910405543212111},{""code"":""002832.SZ"",""time"":1777429619564,""openTime"":1777439626949,""duration"":4572847,""updatedTime"":1777439626949,""firstVol"":35600.0,""highestVol"":1248700.0,""firstVolDivLTGB"":9.141840910582411E-5,""firstVolDivVol"":0.001737421022989594,""highestVolDivLTGB"":0.0032065777373719824,""highestVolDivVol"":0.06023189787155223},{""code"":""002832.SZ"",""time"":1777439656501,""openTime"":1777439688842,""duration"":32341,""updatedTime"":1777439688842,""firstVol"":4200.0,""highestVol"":4200.0,""firstVolDivLTGB"":1.0785317928215204E-5,""firstVolDivVol"":1.7547187311211065E-4,""highestVolDivLTGB"":1.0785317928215204E-5,""highestVolDivVol"":1.7547187311211065E-4},{""code"":""002832.SZ"",""time"":1777439717479,""openTime"":1777439740674,""duration"":23195,""updatedTime"":1777439740674,""firstVol"":49100.0,""highestVol"":49100.0,""firstVolDivLTGB"":1.2608550244651583E-4,""firstVolDivVol"":0.0020426281093916796,""highestVolDivLTGB"":1.2608550244651583E-4,""highestVolDivVol"":0.0020426281093916796},{""code"":""002832.SZ"",""time"":1777439771854,""openTime"":1777439792275,""duration"":20421,""updatedTime"":1777439792275,""firstVol"":10700.0,""highestVol"":10700.0,""firstVolDivLTGB"":2.747688138854826E-5,""firstVolDivVol"":4.4247494847441255E-4,""highestVolDivLTGB"":2.747688138854826E-5,""highestVolDivVol"":4.4247494847441255E-4},{""code"":""002832.SZ"",""time"":1777439817131,""openTime"":1777439981017,""duration"":163886,""updatedTime"":1777439981017,""firstVol"":5200.0,""highestVol"":450500.0,""firstVolDivLTGB"":1.3353250768266443E-5,""firstVolDivVol"":2.1328380773941313E-4,""highestVolDivLTGB"":0.0011568537444430831,""highestVolDivVol"":0.018467837676520552},{""code"":""002832.SZ"",""time"":1777440619228,""openTime"":null,""duration"":5380772,""updatedTime"":1777446000000,""firstVol"":112472.0,""highestVol"":568450.0,""firstVolDivLTGB"":2.88820542386243E-4,""firstVolDivVol"":0.0041009428755779944,""highestVolDivLTGB"":0.0014597414229271268,""highestVolDivVol"":0.020355846480571007}]", 13:30:19,4138568.0000000005,9,33,002832
000973.SZ,佛塑科技,20.99,-1.4091122592766592,3723351,372335100,708662659,0.5254052760807311,19.34,21.29,21.29,18.3,2474/5521,15087428010.11,16.520644556777754,涨停, 13:14:48,"[{""code"":""000973.SZ"",""time"":1777439688842,""openTime"":1777439717479,""duration"":28637,""updatedTime"":1777439717479,""firstVol"":32600.0,""highestVol"":32600.0,""firstVolDivLTGB"":3.369776637280895E-5,""firstVolDivVol"":3.3726260824707224E-4,""highestVolDivLTGB"":3.369776637280895E-5,""highestVolDivVol"":3.3726260824707224E-4},{""code"":""000973.SZ"",""time"":1777439740674,""openTime"":1777439947554,""duration"":206880,""updatedTime"":1777439947554,""firstVol"":2.30779E7,""highestVol"":2.30779E7,""firstVolDivLTGB"":0.023855020937884896,""firstVolDivVol"":0.23458223485729435,""highestVolDivLTGB"":0.023855020937884896,""highestVolDivVol"":0.23458223485729435},{""code"":""000973.SZ"",""time"":1777440323802,""openTime"":1777440356928,""duration"":33126,""updatedTime"":1777440356928,""firstVol"":993100.0,""highestVol"":993100.0,""firstVolDivLTGB"":0.0010265414657925328,""firstVolDivVol"":0.00900096739326827,""highestVolDivLTGB"":0.0010265414657925328,""highestVolDivVol"":0.00900096739326827},{""code"":""000973.SZ"",""time"":1777440478851,""openTime"":null,""duration"":5521149,""updatedTime"":1777446000000,""firstVol"":7124700.0,""highestVol"":9271400.0,""firstVolDivLTGB"":0.007364615830562942,""firstVolDivVol"":0.06330670296936933,""highestVolDivLTGB"":0.00958360340947426,""highestVolDivVol"":0.08230929443665642}]", 13:27:58,79270142.78999999,3,33,000973
600714.SH,金瑞矿业,22.1,10.004977600796424,2386999,238699900,186655189,1.2788280962282812,18.26,20.09,20.09,17.86,2522/5521,3749902747.01,10.210378346352858,涨停, 09:41:04,"[{""code"":""600714.SH"",""time"":1777426864133,""openTime"":1777426879838,""duration"":15705,""updatedTime"":1777426879838,""firstVol"":5615000.0,""highestVol"":5615000.0,""firstVolDivLTGB"":0.019484602051189688,""firstVolDivVol"":0.47970952584365656,""highestVolDivLTGB"":0.019484602051189688,""highestVolDivVol"":0.47970952584365656},{""code"":""600714.SH"",""time"":1777427051854,""openTime"":null,""duration"":13513608,""updatedTime"":1777446000000,""firstVol"":1.55173E7,""highestVol"":1.55173E7,""firstVolDivLTGB"":0.05384655661779622,""firstVolDivVol"":1.0665544023644238,""highestVolDivLTGB"":0.05384655661779622,""highestVolDivVol"":1.0665544023644238}]", 09:44:11,47954809.91,1,17,600714
002568.SZ,百润股份,19.06,4.381161007667016,1516943,151694300,497834325,0.304708398722808,17.85,18.26,18.26,17.74,2536/5521,9090454774.5,3.2180286082121796,涨停, 09:30:42,"[{""code"":""002568.SZ"",""time"":1777426242131,""openTime"":1777426272131,""duration"":30000,""updatedTime"":1777426272131,""firstVol"":1272200.0,""highestVol"":1272200.0,""firstVolDivLTGB"":0.0016671879719619032,""firstVolDivVol"":0.29826664456589447,""highestVolDivLTGB"":0.0016671879719619032,""highestVolDivVol"":0.29826664456589447},{""code"":""002568.SZ"",""time"":1777426392341,""openTime"":1777426425104,""duration"":32763,""updatedTime"":1777426425104,""firstVol"":1.3639724E7,""highestVol"":1.3639724E7,""firstVolDivLTGB"":0.017874535288225198,""firstVolDivVol"":1.5363866293811277,""highestVolDivLTGB"":0.017874535288225198,""highestVolDivVol"":1.5363866293811277},{""code"":""002568.SZ"",""time"":1777426440104,""openTime"":null,""duration"":14125358,""updatedTime"":1777446000000,""firstVol"":1.0874124E7,""highestVol"":1.0874124E7,""firstVolDivLTGB"":0.014250281982724617,""firstVolDivVol"":1.0741048849385424,""highestVolDivLTGB"":0.014250281982724617,""highestVolDivVol"":1.0741048849385424}]", 09:34:00,27699379.180000003,2,33,002568
603317.SH,天味食品,17.13,-0.8680555555555678,1640526,164052600,369072392,0.444499787998231,15.9,17.28,17.28,15.9,2794/5521,6377570933.76,13.918570479257088,涨停, 09:41:19,"[{""code"":""603317.SH"",""time"":1777426879838,""openTime"":1777426934376,""duration"":54538,""updatedTime"":1777426934376,""firstVol"":336816.0,""highestVol"":336816.0,""firstVolDivLTGB"":3.163438715213344E-4,""firstVolDivVol"":0.009405946884337343,""highestVolDivLTGB"":3.163438715213344E-4,""highestVolDivVol"":0.009405946884337343},{""code"":""603317.SH"",""time"":1777427017580,""openTime"":1777427032580,""duration"":15000,""updatedTime"":1777427032580,""firstVol"":93120.0,""highestVol"":93120.0,""firstVolDivLTGB"":8.746004143528412E-5,""firstVolDivVol"":0.0024614528995357417,""highestVolDivLTGB"":8.746004143528412E-5,""highestVolDivVol"":0.0024614528995357417},{""code"":""603317.SH"",""time"":1777427126601,""openTime"":1777427280128,""duration"":153527,""updatedTime"":1777427280128,""firstVol"":6698244.0,""highestVol"":6698244.0,""firstVolDivLTGB"":0.006291115740803729,""firstVolDivVol"":0.1687264796285815,""highestVolDivLTGB"":0.006291115740803729,""highestVolDivVol"":0.1687264796285815},{""code"":""603317.SH"",""time"":1777427373643,""openTime"":null,""duration"":13191819,""updatedTime"":1777446000000,""firstVol"":147020.0,""highestVol"":7457220.0,""firstVolDivLTGB"":1.3808392710282937E-4,""firstVolDivVol"":0.0031473684974445237,""highestVolDivLTGB"":0.00700396016099688,""highestVolDivVol"":0.1582017038310901}]", 09:49:33,28348289.28,3,17,603317
603399.SH,永杉锂业,19.39,9.98298355076575,6614500,661450000,383610176,1.724276469662786,15.92,17.63,17.63,15.73,2815/5521,6763047402.88,16.043753490001265,涨停, 09:57:06,"[{""code"":""603399.SH"",""time"":1777427826351,""openTime"":null,""duration"":12739111,""updatedTime"":1777446000000,""firstVol"":3856451.0,""highestVol"":1.12643E7,""firstVolDivLTGB"":0.00752785749169511,""firstVolDivVol"":0.07079492318042849,""highestVolDivLTGB"":0.021988103866404946,""highestVolDivVol"":0.18789468989953323}]", 09:57:06,116613635.0,0,17,603399
000551.SZ,创元科技,16.28,3.299492385786811,8824625,882462500,312105938,2.827445404130696,15.45,15.76,15.76,15.45,2861/5521,4918789582.88,6.870881770919719,涨停, 09:33:12,"[{""code"":""000551.SZ"",""time"":1777426392341,""openTime"":null,""duration"":14173121,""updatedTime"":1777446000000,""firstVol"":2.418915E7,""highestVol"":2.435305E7,""firstVolDivLTGB"":0.04992114266712864,""firstVolDivVol"":1.3909400560823277,""highestVolDivLTGB"":0.05025939660673141,""highestVolDivVol"":1.3800807600317464}]", 09:33:12,139076090.0,0,33,000551
000818.SZ,航锦科技,15.32,-0.6485084306095956,3152100,315210000,479879239,0.6568527545739481,14.35,15.42,15.42,14.3,3032/5521,7399737865.38,15.755025401296846,涨停, 09:41:04,"[{""code"":""000818.SZ"",""time"":1777426864133,""openTime"":1777427209075,""duration"":344942,""updatedTime"":1777427209075,""firstVol"":3.60133E7,""highestVol"":3.60133E7,""firstVolDivLTGB"":0.054713877435363135,""firstVolDivVol"":1.2870058449584174,""highestVolDivLTGB"":0.054713877435363135,""highestVolDivVol"":1.2870058449584174},{""code"":""000818.SZ"",""time"":1777427568780,""openTime"":1777427724210,""duration"":155430,""updatedTime"":1777427724210,""firstVol"":2.60495E7,""highestVol"":2.60495E7,""firstVolDivLTGB"":0.03957618852625258,""firstVolDivVol"":0.5829323051328992,""highestVolDivLTGB"":0.03957618852625258,""highestVolDivVol"":0.5829323051328992},{""code"":""000818.SZ"",""time"":1777427747788,""openTime"":1777428316290,""duration"":568502,""updatedTime"":1777428316290,""firstVol"":1.27786E7,""highestVol"":1.27786E7,""firstVolDivLTGB"":0.01941412628655334,""firstVolDivVol"":0.2599980931384276,""highestVolDivLTGB"":0.01941412628655334,""highestVolDivVol"":0.2599980931384276},{""code"":""000818.SZ"",""time"":1777429762229,""openTime"":1777429790637,""duration"":28408,""updatedTime"":1777429790637,""firstVol"":83000.0,""highestVol"":83000.0,""firstVolDivLTGB"":1.2609929740221363E-4,""firstVolDivVol"":0.0011867325022011743,""highestVolDivLTGB"":1.2609929740221363E-4,""highestVolDivVol"":0.0011867325022011743},{""code"":""000818.SZ"",""time"":1777429810260,""openTime"":1777429885551,""duration"":75291,""updatedTime"":1777429885551,""firstVol"":7072.0,""highestVol"":21172.0,""firstVolDivLTGB"":1.0744267846125963E-5,""firstVolDivVol"":1.0001093445341055E-4,""highestVolDivLTGB"":3.216595571806828E-5,""highestVolDivVol"":2.981456668867413E-4},{""code"":""000818.SZ"",""time"":1777429944990,""openTime"":1777430031443,""duration"":86453,""updatedTime"":1777430031443,""firstVol"":11600.0,""highestVol"":101200.0,""firstVolDivLTGB"":1.7623516263441906E-5,""firstVolDivVol"":1.6158921769756317E-4,""highestVolDivLTGB"":1.5374998671209664E-4,""highestVolDivVol"":0.0014063198904159966},{""code"":""000818.SZ"",""time"":1777430047661,""openTime"":1777430066879,""duration"":19218,""updatedTime"":1777430066879,""firstVol"":5600.0,""highestVol"":5600.0,""firstVolDivLTGB"":8.50790440304092E-6,""firstVolDivVol"":7.724173195880384E-5,""highestVolDivLTGB"":8.50790440304092E-6,""highestVolDivVol"":7.724173195880384E-5},{""code"":""000818.SZ"",""time"":1777430103242,""openTime"":1777430151253,""duration"":48011,""updatedTime"":1777430151253,""firstVol"":47700.0,""highestVol"":47700.0,""firstVolDivLTGB"":7.246911429018784E-5,""firstVolDivVol"":6.553289807124317E-4,""highestVolDivLTGB"":7.246911429018784E-5,""highestVolDivVol"":6.553289807124317E-4},{""code"":""000818.SZ"",""time"":1777430172594,""openTime"":null,""duration"":10392868,""updatedTime"":1777446000000,""firstVol"":180837.0,""highestVol"":5551473.0,""firstVolDivLTGB"":2.747399836665555E-4,""firstVolDivVol"":0.002478858212715224,""highestVolDivLTGB"":0.00843417885358264,""highestVolDivVol"":0.07552336456531797}]", 10:36:12,48605382.0,8,33,000818
603803.SH,瑞斯康达,14.3,-3.8332212508406087,5703099,570309900,239492352,2.381328235483695,14.2,14.87,14.87,14.2,3050/5521,3561251274.24,8.798749448166094,涨停, 09:31:57,"[{""code"":""603803.SH"",""time"":1777426317341,""openTime"":null,""duration"":14248121,""updatedTime"":1777446000000,""firstVol"":1.3267889E7,""highestVol"":1.98598E7,""firstVolDivLTGB"":0.03122711806896307,""firstVolDivVol"":0.9791994394575065,""highestVolDivLTGB"":0.046741747645461365,""highestVolDivVol"":1.1426266097403512}]", 09:31:57,84805082.13,0,17,603803
600379.SH,宝光股份,16.78,10.032786885245908,2231201,223120100,184284480,1.2107373339306706,14.6,15.25,15.25,14.08,3076/5521,2810338320.0,36.09163560599352,涨停, 09:30:57,"[{""code"":""600379.SH"",""time"":1777426257131,""openTime"":1777427682995,""duration"":1425864,""updatedTime"":1777427682995,""firstVol"":865900.0,""highestVol"":1.5715087E7,""firstVolDivLTGB"":0.002622337670090503,""firstVolDivVol"":0.0976155934231057,""highestVolDivLTGB"":0.047592406315798065,""highestVolDivVol"":1.0839320159396097},{""code"":""600379.SH"",""time"":1777442246238,""openTime"":1777442319452,""duration"":73214,""updatedTime"":1777442319452,""firstVol"":9700080.0,""highestVol"":9855280.0,""firstVolDivLTGB"":0.029376238811515746,""firstVolDivVol"":0.15618189237565577,""highestVolDivLTGB"":0.029846254756079833,""highestVolDivVol"":0.1576592948735997},{""code"":""600379.SH"",""time"":1777442348544,""openTime"":null,""duration"":3651456,""updatedTime"":1777446000000,""firstVol"":8111800.0,""highestVol"":8518700.0,""firstVolDivLTGB"":0.02456620708192648,""firstVolDivVol"":0.12553918023989347,""highestVolDivLTGB"":0.02579848470978169,""highestVolDivVol"":0.1310291368365822}]", 13:59:08,34025815.25,2,17,600379
603017.SH,中衡设计,15.4,0.7194244604316626,1204700,120470000,154984571,0.777303180714679,14,15.29,15.29,13.86,3102/5521,2369714090.59,18.39402452518967,涨停, 10:01:07,"[{""code"":""603017.SH"",""time"":1777428067038,""openTime"":null,""duration"":12498424,""updatedTime"":1777446000000,""firstVol"":1.60393E7,""highestVol"":1.60393E7,""firstVolDivLTGB"":0.058073366104868865,""firstVolDivVol"":0.7011317389612831,""highestVolDivLTGB"":0.058073366104868865,""highestVolDivVol"":0.7011317389612831}]", 10:01:07,18419863.0,0,17,603017
002176.SZ,江特电机,16.05,-0.24860161591049812,1748980,174898000,1414921427,0.12360969073090446,13.77,16.09,16.09,13.77,3120/5521,22766085760.43,27.1309341052194,涨停, 13:45:41,"[{""code"":""002176.SZ"",""time"":1777441541331,""openTime"":1777441568871,""duration"":27540,""updatedTime"":1777441568871,""firstVol"":124494.0,""highestVol"":124494.0,""firstVolDivLTGB"":7.308443679909821E-5,""firstVolDivVol"":4.053675199982808E-4,""highestVolDivLTGB"":7.308443679909821E-5,""highestVolDivVol"":4.053675199982808E-4},{""code"":""002176.SZ"",""time"":1777441871135,""openTime"":1777441909971,""duration"":38836,""updatedTime"":1777441909971,""firstVol"":165492.0,""highestVol"":165492.0,""firstVolDivLTGB"":9.715238979192861E-5,""firstVolDivVol"":5.098468352230926E-4,""highestVolDivLTGB"":9.715238979192861E-5,""highestVolDivVol"":5.098468352230926E-4},{""code"":""002176.SZ"",""time"":1777441940915,""openTime"":1777441973018,""duration"":32103,""updatedTime"":1777441973018,""firstVol"":23200.0,""highestVol"":23200.0,""firstVolDivLTGB"":1.36196036253882E-5,""firstVolDivVol"":7.093529811063528E-5,""highestVolDivLTGB"":1.36196036253882E-5,""highestVolDivVol"":7.093529811063528E-5},{""code"":""002176.SZ"",""time"":1777442381692,""openTime"":1777444100654,""duration"":1718962,""updatedTime"":1777444100654,""firstVol"":1.34207E7,""highestVol"":1.50059E7,""firstVolDivLTGB"":0.007878647171346871,""firstVolDivVol"":0.03924071022448755,""highestVolDivLTGB"":0.008809241812164345,""highestVolDivVol"":0.04370326190261435},{""code"":""002176.SZ"",""time"":1777444188219,""openTime"":1777444247222,""duration"":59003,""updatedTime"":1777444247222,""firstVol"":275100.0,""highestVol"":275100.0,""firstVolDivLTGB"":1.61497972299323E-4,""firstVolDivVol"":7.649840308540779E-4,""highestVolDivLTGB"":1.61497972299323E-4,""highestVolDivVol"":7.649840308540779E-4},{""code"":""002176.SZ"",""time"":1777444267633,""openTime"":1777444522736,""duration"":255103,""updatedTime"":1777444522736,""firstVol"":585900.0,""highestVol"":5429100.0,""firstVolDivLTGB"":3.4395369672909253E-4,""firstVolDivVol"":0.0016213292658510947,""highestVolDivLTGB"":0.0031871633639049602,""highestVolDivVol"":0.015017133572716066},{""code"":""002176.SZ"",""time"":1777444543571,""openTime"":1777444635494,""duration"":91923,""updatedTime"":1777444635494,""firstVol"":129060.0,""highestVol"":380660.0,""firstVolDivLTGB"":7.576491568502591E-5,""firstVolDivVol"":3.5400328312947243E-4,""highestVolDivLTGB"":2.234671687948393E-4,""highestVolDivVol"":0.001041734826462867},{""code"":""002176.SZ"",""time"":1777444844308,""openTime"":1777444885870,""duration"":41562,""updatedTime"":1777444885870,""firstVol"":438395.0,""highestVol"":438395.0,""firstVolDivLTGB"":2.573606091100026E-4,""firstVolDivVol"":0.0011849826922708379,""highestVolDivLTGB"":2.573606091100026E-4,""highestVolDivVol"":0.0011849826922708379},{""code"":""002176.SZ"",""time"":1777445630013,""openTime"":null,""duration"":369987,""updatedTime"":1777446000000,""firstVol"":1717080.0,""highestVol"":2334880.0,""firstVolDivLTGB"":0.0010080150428052402,""firstVolDivVol"":0.004493056627669345,""highestVolDivLTGB"":0.0013706956945192413,""highestVolDivVol"":0.006101823898845115}]", 14:53:50,28141088.2,8,33,002176
000609.SZ,*ST中迪,14.42,5.0254916241806225,7213500,721350000,219913472,3.280153750653348,13.73,13.73,13.73,13.73,3131/5521,3019411970.56,1.1800095630339555,涨停, 09:30:00,"[{""code"":""000609.SZ"",""time"":1777426200000,""openTime"":null,""duration"":14365462,""updatedTime"":1777446000000,""firstVol"":2.19766E7,""highestVol"":2.19766E7,""firstVolDivLTGB"":0.07550584234898501,""firstVolDivVol"":18.70508128351349,""highestVolDivLTGB"":0.07550584234898501,""highestVolDivVol"":18.70508128351349}]", 09:30:00,99041355.0,0,33,000609
002136.SZ,安纳达,15.09,-1.4369693011103895,3775099,377509900,149949976,2.517572260231639,13.8,15.31,15.31,13.7,3136/5521,2295734132.56,17.067892695094528,涨停, 14:38:38,"[{""code"":""002136.SZ"",""time"":1777444718466,""openTime"":null,""duration"":1281534,""updatedTime"":1777446000000,""firstVol"":2.0276899E7,""highestVol"":2.0276899E7,""firstVolDivLTGB"":0.09455049843380285,""firstVolDivVol"":0.828721055566275,""highestVolDivLTGB"":0.09455049843380285,""highestVolDivVol"":0.828721055566275}]", 14:38:38,57796765.690000005,0,33,002136
603937.SH,丽岛新材,15.25,10.028860028860034,5172600,517260000,77155124,6.704156162071621,13.22,13.86,13.86,13.22,3225/5521,1069370018.64,15.773298478530084,涨停, 09:41:04,"[{""code"":""603937.SH"",""time"":1777426864133,""openTime"":null,""duration"":13701329,""updatedTime"":1777446000000,""firstVol"":1.78947E7,""highestVol"":1.78947E7,""firstVolDivLTGB"":0.08566544728151908,""firstVolDivVol"":1.635607128898788,""highestVolDivLTGB"":0.08566544728151908,""highestVolDivVol"":1.635607128898788}]", 09:41:04,71692236.0,0,17,603937
600397.SH,江钨装备,14.35,-1.1707988980716248,4554600,455460000,600473792,0.758501047119805,13.22,14.52,14.52,13.03,3259/5521,8718879459.84,8.15143269400174,涨停, 11:18:18,"[{""code"":""600397.SH"",""time"":1777432698789,""openTime"":null,""duration"":7866673,""updatedTime"":1777446000000,""firstVol"":5.43836E7,""highestVol"":5.43836E7,""firstVolDivLTGB"":0.05493515544299602,""firstVolDivVol"":1.195469466251183,""highestVolDivLTGB"":0.05493515544299602,""highestVolDivVol"":1.195469466251183}]", 11:18:18,66132792.0,0,17,600397
002867.SZ,周大生,13.26,-0.8968609865470926,2398534,239853400,391244912,0.6130518062813811,13.33,13.38,13.38,13.02,3262/5521,5234856922.56,7.695982510310575,涨停, 09:36:28,"[{""code"":""002867.SZ"",""time"":1777426588884,""openTime"":null,""duration"":13976578,""updatedTime"":1777446000000,""firstVol"":4.49956E7,""highestVol"":4.49956E7,""firstVolDivLTGB"":0.04169746387275928,""firstVolDivVol"":2.1464141670700334,""highestVolDivLTGB"":0.04169746387275928,""highestVolDivVol"":2.1464141670700334}]", 09:36:28,32092384.92,0,33,002867
002818.SZ,富森美,12.15,-0.6541291905151273,3181010,318101000,148431824,2.1430781582256917,11.7,12.23,12.23,11.52,3534/5521,1815321207.52,16.72093849631599,涨停, 09:57:06,"[{""code"":""002818.SZ"",""time"":1777427826351,""openTime"":null,""duration"":12739111,""updatedTime"":1777446000000,""firstVol"":2.3396022E7,""highestVol"":2.3396022E7,""firstVolDivLTGB"":0.07842201196678018,""firstVolDivVol"":1.31910982159671,""highestVolDivLTGB"":0.07842201196678018,""highestVolDivVol"":1.31910982159671}]", 09:57:06,38903752.300000004,0,33,002818
002079.SZ,苏州固锝,11.7,0.08554319931565259,10347260,1034726000,620639650,1.667192871096779,11.21,11.69,11.69,11.21,3582/5521,7255277508.5,9.98183245301843,涨停, 09:37:47,"[{""code"":""002079.SZ"",""time"":1777426667017,""openTime"":null,""duration"":13898445,""updatedTime"":1777446000000,""firstVol"":8.4561681E7,""highestVol"":8.5455381E7,""firstVolDivLTGB"":0.10432246855215375,""firstVolDivVol"":1.772571725104158,""highestVolDivLTGB"":0.10542501274288549,""highestVolDivVol"":1.7781848745112303}]", 09:37:47,120959469.39999999,0,33,002079
605006.SH,山东玻纤,11.69,-3.6273701566364487,3264560,326456000,193492650,1.6871751976108653,11.17,12.13,12.13,11.17,3598/5521,2347065844.5,21.353939283998642,涨停, 09:36:58,"[{""code"":""605006.SH"",""time"":1777426618884,""openTime"":null,""duration"":13946578,""updatedTime"":1777446000000,""firstVol"":2.21378E7,""highestVol"":2.21378E7,""firstVolDivLTGB"":0.03689335886776355,""firstVolDivVol"":1.0539636351171402,""highestVolDivLTGB"":0.03689335886776355,""highestVolDivVol"":1.0539636351171402}]", 09:36:58,39599112.800000004,0,17,605006
000039.SZ,中集集团,12.39,-0.3218020917135893,3911420,391142000,2026388546,0.1930241861917828,11.12,12.43,12.43,11.03,3629/5521,25188009626.78,4.275007188083465,涨停, 13:20:51,"[{""code"":""000039.SZ"",""time"":1777440051954,""openTime"":1777440986279,""duration"":934325,""updatedTime"":1777440986279,""firstVol"":4.7354098E7,""highestVol"":4.7354098E7,""firstVolDivLTGB"":0.020576149763498103,""firstVolDivVol"":0.7336791092781584,""highestVolDivLTGB"":0.020576149763498103,""highestVolDivVol"":0.7336791092781584},{""code"":""000039.SZ"",""time"":1777441028375,""openTime"":1777441273680,""duration"":245305,""updatedTime"":1777441273680,""firstVol"":3.2344686E7,""highestVol"":3.2344686E7,""firstVolDivLTGB"":0.014054308524455907,""firstVolDivVol"":0.4449093016520539,""highestVolDivLTGB"":0.014054308524455907,""highestVolDivVol"":0.4449093016520539},{""code"":""000039.SZ"",""time"":1777441623210,""openTime"":null,""duration"":4376790,""updatedTime"":1777446000000,""firstVol"":351000.0,""highestVol"":1.435157E7,""firstVolDivLTGB"":1.5251538667229676E-4,""firstVolDivVol"":0.004307621407057165,""highestVolDivLTGB"":0.006235997857277875,""highestVolDivVol"":0.1750646973217324}]", 13:47:03,48618950.6,2,33,000039
002111.SZ,威海广泰,11.02,4.554079696394691,1651397,165139700,318851601,0.5179202471685252,10.47,10.54,10.54,10.43,3750/5521,3360695874.54,6.0984097112938755,涨停, 09:30:12,"[{""code"":""002111.SZ"",""time"":1777426212131,""openTime"":1777426257131,""duration"":45000,""updatedTime"":1777426257131,""firstVol"":9618780.0,""highestVol"":9618780.0,""firstVolDivLTGB"":0.019680330596850253,""firstVolDivVol"":2.0276016458962207,""highestVolDivLTGB"":0.019680330596850253,""highestVolDivVol"":2.0276016458962207},{""code"":""002111.SZ"",""time"":1777426302341,""openTime"":1777426407341,""duration"":105000,""updatedTime"":1777426407341,""firstVol"":1.51125E7,""highestVol"":1.6022E7,""firstVolDivLTGB"":0.03092065689670618,""firstVolDivVol"":1.2796575725245136,""highestVolDivLTGB"":0.032781522898198606,""highestVolDivVol"":1.3309962118694756},{""code"":""002111.SZ"",""time"":1777426425104,""openTime"":null,""duration"":14140358,""updatedTime"":1777446000000,""firstVol"":7404480.0,""highestVol"":7675447.0,""firstVolDivLTGB"":0.015149802188818723,""firstVolDivVol"":0.5033486079717121,""highestVolDivLTGB"":0.01570420931122268,""highestVolDivVol"":0.47976959149263976}]", 09:33:45,17405724.38,2,33,002111
600156.SH,华升股份,10.8,-3.3124440465532605,7892352,789235200,240006390,3.2883924465511107,10.15,11.17,11.17,10.14,3797/5521,2680871376.3,13.54137071100482,涨停, 09:33:45,"[{""code"":""600156.SH"",""time"":1777426425104,""openTime"":null,""duration"":14140358,""updatedTime"":1777446000000,""firstVol"":1.4396157E7,""highestVol"":2.2708357E7,""firstVolDivLTGB"":0.03580147687787728,""firstVolDivVol"":0.5192304321402873,""highestVolDivLTGB"":0.05647289884863597,""highestVolDivVol"":0.7842109407240748}]", 09:33:45,88157571.84,0,17,600156
600135.SH,乐凯胶片,11.43,4.098360655737698,5185300,518530000,300530656,1.7253813867161691,10.12,10.98,10.98,10.05,3814/5521,3299826602.88,7.783846184397242,涨停, 10:30:57,"[{""code"":""600135.SH"",""time"":1777429857522,""openTime"":null,""duration"":10707940,""updatedTime"":1777446000000,""firstVol"":3.54233E7,""highestVol"":3.54233E7,""firstVolDivLTGB"":0.06402104737860954,""firstVolDivVol"":1.7697099444836455,""highestVolDivLTGB"":0.06402104737860954,""highestVolDivVol"":1.7697099444836455}]", 10:30:57,56934594.0,0,17,600135
600186.SH,莲花控股,10.72,-0.9242144177449135,11202756,1120275600,1441962096,0.7769105742152601,9.85,10.82,10.82,9.85,3840/5521,15602029878.72,15.971633626075564,涨停, 09:51:28,"[{""code"":""600186.SH"",""time"":1777427488684,""openTime"":1777427971771,""duration"":483087,""updatedTime"":1777427971771,""firstVol"":1.03819897E8,""highestVol"":1.08337197E8,""firstVolDivLTGB"":0.058027877175426235,""firstVolDivVol"":0.6525602202993194,""highestVolDivLTGB"":0.060552723925799655,""highestVolDivVol"":0.6735386943816504},{""code"":""600186.SH"",""time"":1777427986771,""openTime"":null,""duration"":12578691,""updatedTime"":1777446000000,""firstVol"":1.04528189E8,""highestVol"":1.05649389E8,""firstVolDivLTGB"":0.05842376160960495,""firstVolDivVol"":0.533301454418313,""highestVolDivLTGB"":0.05905043200486731,""highestVolDivVol"":0.5359948306766557}]", 09:59:46,121213819.92,1,17,600186
002174.SZ,游族网络,10.24,0.5893909626719106,11392700,1139270000,798311452,1.4270996578413109,9.85,10.18,10.18,9.77,3854/5521,8126810581.36,3.5169788595241145,涨停, 09:32:12,"[{""code"":""002174.SZ"",""time"":1777426332341,""openTime"":null,""duration"":14233121,""updatedTime"":1777446000000,""firstVol"":6.96712E7,""highestVol"":8.18414E7,""firstVolDivLTGB"":0.0711468539087536,""firstVolDivVol"":4.321484902882394,""highestVolDivLTGB"":0.08357482187026873,""highestVolDivVol"":4.557822231377808}]", 09:32:12,115977686.0,0,33,002174
002348.SZ,高乐股份,11.13,5.099150141643069,204700,20470000,690080391,0.0296632106446856,9.96,10.59,10.59,9.67,3874/5521,7307951340.69,7.469614942297353,涨停, 10:53:44,"[{""code"":""002348.SZ"",""time"":1777431224197,""openTime"":1777431745485,""duration"":521288,""updatedTime"":1777431745485,""firstVol"":3.77315E7,""highestVol"":3.77315E7,""firstVolDivLTGB"":0.04175995790055256,""firstVolDivVol"":1.2438950029518667,""highestVolDivLTGB"":0.04175995790055256,""highestVolDivVol"":1.2438950029518667},{""code"":""002348.SZ"",""time"":1777432385075,""openTime"":1777432404237,""duration"":19162,""updatedTime"":1777432404237,""firstVol"":494300.0,""highestVol"":494300.0,""firstVolDivLTGB"":5.470746508949586E-4,""firstVolDivVol"":0.013068681991562438,""highestVolDivLTGB"":5.470746508949586E-4,""highestVolDivVol"":0.013068681991562438},{""code"":""002348.SZ"",""time"":1777432698789,""openTime"":1777432747744,""duration"":48955,""updatedTime"":1777432747744,""firstVol"":1299300.0,""highestVol"":1299300.0,""firstVolDivLTGB"":0.0014380216344483507,""firstVolDivVol"":0.033054888363366564,""highestVolDivLTGB"":0.0014380216344483507,""highestVolDivVol"":0.033054888363366564},{""code"":""002348.SZ"",""time"":1777432765572,""openTime"":1777441229175,""duration"":3029065,""updatedTime"":1777441229175,""firstVol"":72900.0,""highestVol"":4880400.0,""firstVolDivLTGB"":8.068327341744382E-5,""firstVolDivVol"":0.001831154585919431,""highestVolDivLTGB"":0.005401462929855869,""highestVolDivVol"":0.11269037108299132},{""code"":""002348.SZ"",""time"":1777441273680,""openTime"":1777442489440,""duration"":1215760,""updatedTime"":1777442489440,""firstVol"":174300.0,""highestVol"":712000.0,""firstVolDivLTGB"":1.9290939035199534E-4,""firstVolDivVol"":0.0038852179560463487,""highestVolDivLTGB"":7.880177047080933E-4,""highestVolDivVol"":0.015766776425870196},{""code"":""002348.SZ"",""time"":1777442556668,""openTime"":1777442578946,""duration"":22278,""updatedTime"":1777442578946,""firstVol"":1300.0,""highestVol"":1300.0,""firstVolDivLTGB"":1.4387963709557884E-6,""firstVolDivVol"":2.803854342096284E-5,""highestVolDivLTGB"":1.4387963709557884E-6,""highestVolDivVol"":2.803854342096284E-5},{""code"":""002348.SZ"",""time"":1777442659185,""openTime"":1777442728429,""duration"":69244,""updatedTime"":1777442728429,""firstVol"":87600.0,""highestVol"":114700.0,""firstVolDivLTGB"":9.69527400736362E-5,""firstVolDivVol"":0.001831588069654207,""highestVolDivLTGB"":1.269461105758684E-4,""highestVolDivVol"":0.0023981944502058723},{""code"":""002348.SZ"",""time"":1777442779499,""openTime"":1777442804301,""duration"":24802,""updatedTime"":1777442804301,""firstVol"":2700.0,""highestVol"":2700.0,""firstVolDivLTGB"":2.9882693858312528E-6,""firstVolDivVol"":5.6151328078733646E-5,""highestVolDivLTGB"":2.9882693858312528E-6,""highestVolDivVol"":5.6151328078733646E-5},{""code"":""002348.SZ"",""time"":1777442823301,""openTime"":1777442869753,""duration"":46452,""updatedTime"":1777442869753,""firstVol"":3200.0,""highestVol"":3200.0,""firstVolDivLTGB"":3.541652605429633E-6,""firstVolDivVol"":6.638584348442033E-5,""highestVolDivLTGB"":3.541652605429633E-6,""highestVolDivVol"":6.638584348442033E-5},{""code"":""002348.SZ"",""time"":1777442937130,""openTime"":1777443027553,""duration"":90423,""updatedTime"":1777443027553,""firstVol"":6900.0,""highestVol"":20700.0,""firstVolDivLTGB"":7.636688430457646E-6,""firstVolDivVol"":1.4173981057152203E-4,""highestVolDivLTGB"":2.2910065291372937E-5,""highestVolDivVol"":4.2379606294685914E-4},{""code"":""002348.SZ"",""time"":1777443082569,""openTime"":1777443222485,""duration"":139916,""updatedTime"":1777443222485,""firstVol"":27400.0,""highestVol"":638800.0,""firstVolDivLTGB"":3.032540043399123E-5,""firstVolDivVol"":5.564870055816053E-4,""highestVolDivLTGB"":7.070024013588904E-4,""highestVolDivVol"":0.012972415867547167},{""code"":""002348.SZ"",""time"":1777443255858,""openTime"":1777444502456,""duration"":1246598,""updatedTime"":1777444502456,""firstVol"":20500.0,""highestVol"":235500.0,""firstVolDivLTGB"":2.2688712003533586E-5,""firstVolDivVol"":4.108731218187898E-4,""highestVolDivLTGB"":2.6064349643083705E-4,""highestVolDivVol"":0.004677914372436036},{""code"":""002348.SZ"",""time"":1777444522736,""openTime"":1777444794111,""duration"":271375,""updatedTime"":1777444794111,""firstVol"":55700.0,""highestVol"":152500.0,""firstVolDivLTGB"":6.164689066325955E-5,""firstVolDivVol"":0.0010934851684933039,""highestVolDivLTGB"":1.6878188197750596E-4,""highestVolDivVol"":0.002990421943241674},{""code"":""002348.SZ"",""time"":1777444818163,""openTime"":null,""duration"":1181837,""updatedTime"":1777446000000,""firstVol"":29400.0,""highestVol"":216900.0,""firstVolDivLTGB"":3.253893331238475E-5,""firstVolDivVol"":5.748548178738709E-4,""highestVolDivLTGB"":2.400576406617773E-4,""highestVolDivVol"":0.004211703806424889}]", 14:40:18,2167773.0,13,33,002348
002199.SZ,*ST东晶,10.56,3.225806451612904,732499,73249900,152245658,0.4811296490307789,9.75,10.23,10.23,9.6,3883/5521,1557473081.34,3.3089988024486057,涨停, 10:16:39,"[{""code"":""002199.SZ"",""time"":1777428999960,""openTime"":null,""duration"":11565502,""updatedTime"":1777446000000,""firstVol"":941100.0,""highestVol"":1398600.0,""firstVolDivLTGB"":0.004075223966380454,""firstVolDivVol"":0.2079408618045051,""highestVolDivLTGB"":0.006056325830814689,""highestVolDivVol"":0.28443560094087866}]", 10:16:39,7493464.7700000005,0,33,002199
002227.SZ,*ST特迅,8.78,-3.938730853391698,1516900,151690000,118365830,1.2815353890561152,8.65,9.14,9.14,8.53,4105/5521,1081863686.2,10.001621244915023,涨停, 11:08:48,"[{""code"":""002227.SZ"",""time"":1777432128110,""openTime"":null,""duration"":8437352,""updatedTime"":1777446000000,""firstVol"":4452200.0,""highestVol"":4461100.0,""firstVolDivLTGB"":0.018103027344841965,""firstVolDivVol"":0.41535583256724834,""highestVolDivLTGB"":0.018139215508753987,""highestVolDivVol"":0.41607356605199336}]", 11:08:48,13864466.0,0,33,002227
603843.SH,*ST正平,8.97,5.0351288056206265,2298360,229836000,498171582,0.4613591146192679,8.54,8.54,8.54,8.4,4127/5521,4254385310.28,2.363190801196685,涨停, 09:33:12,"[{""code"":""603843.SH"",""time"":1777426392341,""openTime"":1777426506295,""duration"":113954,""updatedTime"":1777426506295,""firstVol"":575715.0,""highestVol"":1009515.0,""firstVolDivLTGB"":8.22892908000996E-4,""firstVolDivVol"":0.08607657580544241,""highestVolDivLTGB"":0.0014429409239304612,""highestVolDivVol"":0.14910483043731598},{""code"":""603843.SH"",""time"":1777426568823,""openTime"":1777426588884,""duration"":20061,""updatedTime"":1777426588884,""firstVol"":115240.0,""highestVol"":115240.0,""firstVolDivLTGB"":1.6471722765263154E-4,""firstVolDivVol"":0.013249076076990423,""highestVolDivLTGB"":1.6471722765263154E-4,""highestVolDivVol"":0.013249076076990423},{""code"":""603843.SH"",""time"":1777426637017,""openTime"":1777426682017,""duration"":45000,""updatedTime"":1777426682017,""firstVol"":32800.0,""highestVol"":72800.0,""firstVolDivLTGB"":4.688237649259211E-5,""firstVolDivVol"":0.0036024142765435055,""highestVolDivLTGB"":1.0405600636160689E-4,""highestVolDivVol"":0.007962980889392773},{""code"":""603843.SH"",""time"":1777426776619,""openTime"":null,""duration"":13788843,""updatedTime"":1777446000000,""firstVol"":477240.0,""highestVol"":2738220.0,""firstVolDivLTGB"":6.821385779672152E-4,""firstVolDivVol"":0.049603140576011326,""highestVolDivLTGB"":0.003913849419498341,""highestVolDivVol"":0.23985630800751748}]", 09:39:36,19627994.4,3,22,603843
002498.SZ,汉缆股份,8.72,-3.3259423503325825,15023697,1502369700,1112387984,1.3505806621514171,8.34,9.02,9.02,8.33,4139/5521,10033739615.68,15.31657842862855,涨停, 10:19:59,"[{""code"":""002498.SZ"",""time"":1777429199784,""openTime"":null,""duration"":11365678,""updatedTime"":1777446000000,""firstVol"":2.0549545E8,""highestVol"":2.0658765E8,""firstVolDivLTGB"":0.06176977788839472,""firstVolDivVol"":1.7994261761185115,""highestVolDivLTGB"":0.06209808175794368,""highestVolDivVol"":1.6997202904391724}]", 10:19:59,135513746.94,0,33,002498
600730.SH,*ST高科,8.97,5.0351288056206265,2591540,259154000,469173018,0.5523633927303125,8.1,8.54,8.54,8.08,4199/5521,4006737573.72,3.3391677268192774,涨停, 09:41:04,"[{""code"":""600730.SH"",""time"":1777426864133,""openTime"":1777426879838,""duration"":15705,""updatedTime"":1777426879838,""firstVol"":778626.0,""highestVol"":778626.0,""firstVolDivLTGB"":0.0013272275359760147,""firstVolDivVol"":0.07307807605159557,""highestVolDivLTGB"":0.0013272275359760147,""highestVolDivVol"":0.07307807605159557},{""code"":""600730.SH"",""time"":1777426896430,""openTime"":1777426957431,""duration"":61001,""updatedTime"":1777426957431,""firstVol"":179200.0,""highestVol"":2627303.0,""firstVolDivLTGB"":3.054600982331721E-4,""firstVolDivVol"":0.015028874392659871,""highestVolDivLTGB"":0.004478438797256182,""highestVolDivVol"":0.21715740757348095},{""code"":""600730.SH"",""time"":1777427141638,""openTime"":1777427193139,""duration"":51501,""updatedTime"":1777427193139,""firstVol"":20497.0,""highestVol"":36597.0,""firstVolDivLTGB"":3.493870331186009E-5,""firstVolDivVol"":0.001500840520482735,""highestVolDivLTGB"":6.238238401249665E-5,""highestVolDivVol"":0.0026663288068570195},{""code"":""600730.SH"",""time"":1777427323850,""openTime"":null,""duration"":13241612,""updatedTime"":1777446000000,""firstVol"":2813397.0,""highestVol"":3945440.0,""firstVolDivLTGB"":0.004795650245473838,""firstVolDivVol"":0.20021735426724455,""highestVolDivLTGB"":0.006725304073510527,""highestVolDivVol"":0.2612688342564244}]", 09:48:43,22131751.599999998,3,22,600730
600735.SH,ST新华锦,7.4,-5.0064184852374805,5818200,581820000,239919475,2.4250636593798816,7.79,7.79,7.79,7.79,4283/5521,1868972710.25,0.23257803477604308,涨停, 09:30:00,"[{""code"":""600735.SH"",""time"":1777426200000,""openTime"":null,""duration"":14365462,""updatedTime"":1777446000000,""firstVol"":4.21736E7,""highestVol"":4.21736E7,""firstVolDivLTGB"":0.09912661627846295,""firstVolDivVol"":246.91803278688525,""highestVolDivLTGB"":0.09912661627846295,""highestVolDivVol"":246.91803278688525}]", 09:30:00,45323778.0,0,22,600735
002786.SZ,银宝山新,7.84,0.9009009009009046,11417000,1141700000,308698400,3.698431867479715,7.38,7.77,7.77,7.38,4365/5521,2398586568.0,6.870881093002102,涨停, 09:44:59,"[{""code"":""002786.SZ"",""time"":1777427099768,""openTime"":null,""duration"":13465694,""updatedTime"":1777446000000,""firstVol"":5.61151E7,""highestVol"":5.63504E7,""firstVolDivLTGB"":0.11356757172462924,""firstVolDivVol"":3.419192288475365,""highestVolDivLTGB"":0.11404377954795673,""highestVolDivVol"":3.381585343166966}]", 09:44:59,88710090.0,0,33,002786
000691.SZ,*ST亚太,7.65,1.7287234042553297,1062200,106220000,279628205,0.3798615379303386,7.22,7.52,7.52,7.11,4435/5521,2102804101.6,1.560500665517629,涨停, 10:26:08,"[{""code"":""000691.SZ"",""time"":1777429568448,""openTime"":null,""duration"":10997014,""updatedTime"":1777446000000,""firstVol"":1801300.0,""highestVol"":1892500.0,""firstVolDivLTGB"":0.005572122374485724,""firstVolDivVol"":0.5015034244668412,""highestVolDivLTGB"":0.005854239490209422,""highestVolDivVol"":0.5175006836204539}]", 10:26:08,7987744.0,0,33,000691
605158.SH,华达新材,8.01,2.29885057471264,4800700,480070000,147273940,3.2597077256166296,7.09,7.83,7.83,7.06,4449/5521,1153154950.2,9.737187719701122,涨停, 14:42:44,"[{""code"":""605158.SH"",""time"":1777444964562,""openTime"":null,""duration"":1035438,""updatedTime"":1777446000000,""firstVol"":1.468984E7,""highestVol"":1.531834E7,""firstVolDivLTGB"":0.028723632239646475,""firstVolDivVol"":1.1301180905489094,""highestVolDivLTGB"":0.029952563450784092,""highestVolDivVol"":1.1676275992438563}]", 14:42:44,37589481.0,0,17,605158
002627.SZ,三峡旅游,7.49,-0.9259259259259179,15767920,1576792000,477435800,3.302626237915129,6.88,7.56,7.56,6.88,4481/5521,3609414648.0,6.379994755315793,涨停, 10:39:39,"[{""code"":""002627.SZ"",""time"":1777430379395,""openTime"":null,""duration"":10186067,""updatedTime"":1777446000000,""firstVol"":4.56273E7,""highestVol"":4.56273E7,""firstVolDivLTGB"":0.06362923171527586,""firstVolDivVol"":1.758562147189994,""highestVolDivLTGB"":0.06362923171527586,""highestVolDivVol"":1.758562147189994}]", 10:39:39,119205475.19999999,0,33,002627
600289.SH,ST信通,6.21,-4.900459418070448,3904817,390481700,389562787,1.0023588315687864,6.5,6.53,6.53,6.5,4588/5521,2543844999.11,0.6984709758737813,涨停, 09:30:27,"[{""code"":""600289.SH"",""time"":1777426227131,""openTime"":null,""duration"":14338331,""updatedTime"":1777446000000,""firstVol"":502300.0,""highestVol"":4754118.0,""firstVolDivLTGB"":8.8757707404427E-4,""firstVolDivVol"":0.2557405427422229,""highestVolDivLTGB"":0.00840064930141588,""highestVolDivVol"":2.0390095651793505}]", 09:30:27,25498455.01,0,22,600289
002522.SZ,浙江众成,6.35,-1.397515527950322,12610276,1261027600,678575032,1.8583465947506304,6.01,6.44,6.44,5.98,4703/5521,4370023206.08,10.341499862317363,涨停, 13:02:08,"[{""code"":""002522.SZ"",""time"":1777438928440,""openTime"":null,""duration"":7071560,""updatedTime"":1777446000000,""firstVol"":7.4229188E7,""highestVol"":7.4229188E7,""firstVolDivLTGB"":0.08201940059263604,""firstVolDivVol"":1.2275615403193303,""highestVolDivLTGB"":0.08201940059263604,""highestVolDivVol"":1.2275615403193303}]", 13:02:08,81210177.44,0,33,002522
002354.SZ,天娱数科,6.2,4.201680672268908,21241800,2124180000,1625693779,1.3066298385582984,5.9,5.95,5.95,5.9,4726/5521,9672877985.05,3.230830226360853,涨停, 09:30:12,"[{""code"":""002354.SZ"",""time"":1777426212131,""openTime"":null,""duration"":14353331,""updatedTime"":1777446000000,""firstVol"":6.473172E7,""highestVol"":9.6856394E7,""firstVolDivLTGB"":0.03981790472238745,""firstVolDivVol"":2.4919837480626335,""highestVolDivLTGB"":0.05957849827018376,""highestVolDivVol"":2.7236838782563026}]", 09:30:12,126388710.0,0,33,002354
000567.SZ,海德股份,6.67,10.06600660066007,16265088,1626508800,477073040,3.409349645915854,5.99,6.06,6.06,5.88,4735/5521,2891062622.4,10.65249840988709,涨停, 09:39:36,"[{""code"":""000567.SZ"",""time"":1777426776619,""openTime"":null,""duration"":13788843,""updatedTime"":1777446000000,""firstVol"":8.4757942E7,""highestVol"":8.4757942E7,""firstVolDivLTGB"":0.0434981828775373,""firstVolDivVol"":2.0515130590835584,""highestVolDivLTGB"":0.0434981828775373,""highestVolDivVol"":2.0515130590835584}]", 09:39:36,98566433.27999999,0,33,000567
002652.SZ,扬子新材,5.93,-4.045307443365696,11497920,1149792000,358464000,3.207552222817354,5.7,6.18,6.18,5.65,4800/5521,2215307520.0,9.710955632922692,涨停, 09:31:42,"[{""code"":""002652.SZ"",""time"":1777426302341,""openTime"":1777426332341,""duration"":30000,""updatedTime"":1777426332341,""firstVol"":4035700.0,""highestVol"":4035700.0,""firstVolDivLTGB"":0.007881241407324085,""firstVolDivVol"":0.22533901077977783,""highestVolDivLTGB"":0.007881241407324085,""highestVolDivVol"":0.22533901077977783},{""code"":""002652.SZ"",""time"":1777426377341,""openTime"":null,""duration"":14188121,""updatedTime"":1777446000000,""firstVol"":1.82769E7,""highestVol"":2.43392E7,""firstVolDivLTGB"":0.03569260873640795,""firstVolDivVol"":0.6091954789228611,""highestVolDivLTGB"":0.047531558555180604,""highestVolDivVol"":0.7743692532849734}]", 09:32:57,71057145.6,1,33,002652
002520.SZ,日发精机,5.93,3.130434782608691,18226960,1822696000,539025573,3.3814647974039627,5.43,5.75,5.75,5.43,4853/5521,3099397044.75,6.06041005034097,涨停, 09:35:06,"[{""code"":""002520.SZ"",""time"":1777426506295,""openTime"":null,""duration"":14059167,""updatedTime"":1777446000000,""firstVol"":8.852568E7,""highestVol"":8.852568E7,""firstVolDivLTGB"":0.1233910276819445,""firstVolDivVol"":4.173983399437595,""highestVolDivLTGB"":0.1233910276819445,""highestVolDivVol"":4.173983399437595}]", 09:35:06,104805020.0,0,33,002520
002872.SZ,ST天圣,5.42,-0.3676470588235379,1260150,126015000,213289334,0.590817166694327,5.27,5.44,5.44,5.22,4902/5521,1160293976.96,3.3791891346990655,涨停, 09:38:19,"[{""code"":""002872.SZ"",""time"":1777426699007,""openTime"":1777426729007,""duration"":30000,""updatedTime"":1777426729007,""firstVol"":807350.0,""highestVol"":807350.0,""firstVolDivLTGB"":0.0037565466672067793,""firstVolDivVol"":0.17862713645666242,""highestVolDivLTGB"":0.0037565466672067793,""highestVolDivVol"":0.17862713645666242},{""code"":""002872.SZ"",""time"":1777427568780,""openTime"":null,""duration"":12996682,""updatedTime"":1777446000000,""firstVol"":1296250.0,""highestVol"":1917750.0,""firstVolDivLTGB"":0.006031366343428238,""firstVolDivVol"":0.19385931459422273,""highestVolDivLTGB"":0.008923165134124979,""highestVolDivVol"":0.2833408437802419}]", 09:52:48,6855216.000000001,1,33,002872
600545.SH,卓郎智能,4.89,-9.94475138121547,6086300,608630000,964976549,0.6307199906886027,4.98,5.43,5.43,4.91,4966/5521,5239822661.07,15.558791677951959,涨停, 10:07:25,"[{""code"":""600545.SH"",""time"":1777428445649,""openTime"":1777428512955,""duration"":67306,""updatedTime"":1777428512955,""firstVol"":7.3683489E7,""highestVol"":7.5006689E7,""firstVolDivLTGB"":0.0412120282491139,""firstVolDivVol"":0.6291475912323486,""highestVolDivLTGB"":0.04195210932452589,""highestVolDivVol"":0.6327628939018494},{""code"":""600545.SH"",""time"":1777428527956,""openTime"":null,""duration"":12037506,""updatedTime"":1777446000000,""firstVol"":6.4321E7,""highestVol"":6.740973E7,""firstVolDivLTGB"":0.0359754797850473,""firstVolDivVol"":0.4882346501226515,""highestVolDivLTGB"":0.03770304222463109,""highestVolDivVol"":0.50571476098325}]", 10:08:47,33048609.0,1,17,600545
002081.SZ,金螳螂,5.9,10.074626865671641,28016703,2801670300,1338068052,2.0938174974078225,4.8,5.36,5.36,4.8,4994/5521,7172044758.72,23.470382880048017,涨停, 09:48:24,"[{""code"":""002081.SZ"",""time"":1777427304169,""openTime"":null,""duration"":13261293,""updatedTime"":1777446000000,""firstVol"":1.31854807E8,""highestVol"":1.4354741E8,""firstVolDivLTGB"":0.049864853135356116,""firstVolDivVol"":0.45745974457642,""highestVolDivLTGB"":0.05428676193512421,""highestVolDivVol"":0.4907228127050377}]", 09:48:24,150169528.08,0,33,002081
000692.SZ,惠天热电,5.0,0.8064516129032265,14924950,1492495000,373036368,4.000936981029152,4.8,4.96,4.96,4.73,5009/5521,1850260385.28,5.088605730795663,涨停, 09:33:12,"[{""code"":""000692.SZ"",""time"":1777426392341,""openTime"":null,""duration"":14173121,""updatedTime"":1777446000000,""firstVol"":6.19138E7,""highestVol"":6.36398E7,""firstVolDivLTGB"":0.11619738790340935,""firstVolDivVol"":5.097799953891249,""highestVolDivLTGB"":0.11943667690717401,""highestVolDivVol"":5.032445298476186}]", 09:33:12,74027752.0,0,33,000692
002634.SZ,*ST棒杰,5.31,4.940711462450594,2973200,297320000,334905233,0.8877735272652488,4.73,5.06,5.06,4.71,5014/5521,1694620478.98,5.922779952500772,涨停, 09:44:11,"[{""code"":""002634.SZ"",""time"":1777427051854,""openTime"":1777427066870,""duration"":15016,""updatedTime"":1777427066870,""firstVol"":1106400.0,""highestVol"":1106400.0,""firstVolDivLTGB"":0.0025018360534759137,""firstVolDivVol"":0.09307020643012164,""highestVolDivLTGB"":0.0025018360534759137,""highestVolDivVol"":0.09307020643012164},{""code"":""002634.SZ"",""time"":1777427126601,""openTime"":1777427164135,""duration"":37534,""updatedTime"":1777427164135,""firstVol"":933600.0,""highestVol"":933600.0,""firstVolDivLTGB"":0.0021110937631282655,""firstVolDivVol"":0.06233641365311682,""highestVolDivLTGB"":0.0021110937631282655,""highestVolDivVol"":0.06233641365311682},{""code"":""002634.SZ"",""time"":1777427193139,""openTime"":1777427209075,""duration"":15936,""updatedTime"":1777427209075,""firstVol"":80200.0,""highestVol"":80200.0,""firstVolDivLTGB"":1.8135145651551723E-4,""firstVolDivVol"":0.005019715841522188,""highestVolDivLTGB"":1.8135145651551723E-4,""highestVolDivVol"":0.005019715841522188},{""code"":""002634.SZ"",""time"":1777427224075,""openTime"":null,""duration"":13341387,""updatedTime"":1777446000000,""firstVol"":290400.0,""highestVol"":4466340.0,""firstVolDivLTGB"":6.56664126834242E-4,""firstVolDivVol"":0.017871429098920574,""highestVolDivLTGB"":0.010099467135829368,""highestVolDivVol"":0.24088004590718465}]", 09:47:04,15044391.999999998,3,33,002634
000716.SZ,黑芝麻,5.14,-0.7722007722007729,8384500,838450000,475569522,1.7630440160965573,4.72,5.18,5.18,4.69,5020/5521,2463450123.96,9.483547181562237,涨停, 09:47:04,"[{""code"":""000716.SZ"",""time"":1777427224075,""openTime"":1777427488684,""duration"":264609,""updatedTime"":1777427488684,""firstVol"":5.7140592E7,""highestVol"":5.7375692E7,""firstVolDivLTGB"":0.07735402304852818,""firstVolDivVol"":2.340401430800281,""highestVolDivLTGB"":0.0776722894539359,""highestVolDivVol"":2.33084171559581},{""code"":""000716.SZ"",""time"":1777427747788,""openTime"":1777427894380,""duration"":146592,""updatedTime"":1777427894380,""firstVol"":2.72707E7,""highestVol"":2.72707E7,""firstVolDivLTGB"":0.03691768465313586,""firstVolDivVol"":0.8295683799891462,""highestVolDivLTGB"":0.03691768465313586,""highestVolDivVol"":0.8295683799891462},{""code"":""000716.SZ"",""time"":1777428122299,""openTime"":1777428255635,""duration"":133336,""updatedTime"":1777428255635,""firstVol"":476200.0,""highestVol"":1264500.0,""firstVolDivLTGB"":6.446553052112081E-4,""firstVolDivVol"":0.012074906002359196,""highestVolDivLTGB"":0.0017118156939092246,""highestVolDivVol"":0.03182624506183528},{""code"":""000716.SZ"",""time"":1777428282292,""openTime"":null,""duration"":12283170,""updatedTime"":1777446000000,""firstVol"":2.0253E7,""highestVol"":2.0253E7,""firstVolDivLTGB"":0.027417479832932797,""firstVolDivVol"":0.48637324013000693,""highestVolDivLTGB"":0.027417479832932797,""highestVolDivVol"":0.48637324013000693}]", 10:04:42,43431710.0,3,33,000716
002548.SZ,金新农,5.39,6.102362204724401,13924299,1392429900,553771985,2.514446266183003,4.62,5.08,5.08,4.58,5045/5521,2813161683.8,6.217017460715352,涨停, 09:51:28,"[{""code"":""002548.SZ"",""time"":1777427488684,""openTime"":null,""duration"":13076778,""updatedTime"":1777446000000,""firstVol"":7.230255E7,""highestVol"":7.230255E7,""firstVolDivLTGB"":0.08987583863319795,""firstVolDivVol"":2.881848383451679,""highestVolDivLTGB"":0.08987583863319795,""highestVolDivVol"":2.881848383451679}]", 09:51:28,70735438.92,0,33,002548
002512.SZ,ST达华,4.31,4.866180048661783,9147900,914790000,790141200,1.1577550949121498,4.11,4.11,4.11,4.07,5149/5521,3247480332.0,3.3134837165812896,涨停, 09:30:00,"[{""code"":""002512.SZ"",""time"":1777426200000,""openTime"":1777426212131,""duration"":12131,""updatedTime"":1777426212131,""firstVol"":179100.0,""highestVol"":179100.0,""firstVolDivLTGB"":1.636435729244397E-4,""firstVolDivVol"":0.020724848989793793,""highestVolDivLTGB"":1.636435729244397E-4,""highestVolDivVol"":0.020724848989793793},{""code"":""002512.SZ"",""time"":1777426242131,""openTime"":null,""duration"":14323331,""updatedTime"":1777446000000,""firstVol"":1.04235E7,""highestVol"":1.57217E7,""firstVolDivLTGB"":0.009523946300267434,""firstVolDivVol"":0.5139843588201067,""highestVolDivLTGB"":0.014364908768543629,""highestVolDivVol"":0.7187457140505994}]", 09:30:42,37597869.0,1,33,002512
600243.SH,*ST海华,4.16,3.740648379052378,5980968,598096800,395616125,1.5118109758544347,4.01,4.01,4.01,4.01,5164/5521,1586420661.25,0.9056840137646058,涨停, 09:30:00,"[{""code"":""600243.SH"",""time"":1777426200000,""openTime"":null,""duration"":14365462,""updatedTime"":1777446000000,""firstVol"":2.95035E7,""highestVol"":2.95035E7,""firstVolDivLTGB"":0.06722912156773385,""firstVolDivVol"":570.6673114119923,""highestVolDivLTGB"":0.06722912156773385,""highestVolDivVol"":570.6673114119923}]", 09:30:00,23983681.68,0,22,600243
000820.SZ,*ST节能,3.75,-3.1007751937984525,4771400,477140000,296966877,1.6067111754015584,3.87,3.87,3.87,3.87,5200/5521,1149261813.99,1.0827995473717427,涨停, 09:30:00,"[{""code"":""000820.SZ"",""time"":1777426200000,""openTime"":null,""duration"":14365462,""updatedTime"":1777446000000,""firstVol"":4825300.0,""highestVol"":5977800.0,""firstVolDivLTGB"":0.016248613477522614,""firstVolDivVol"":4.926791913416378,""highestVolDivLTGB"":0.020129517676814847,""highestVolDivVol"":1.9489080794038711}]", 09:30:00,18465318.0,0,33,000820
600654.SH,中安科,3.92,-3.4482758620689578,20563700,2056370000,1779876245,1.15534437058572,3.81,4.06,4.06,3.81,5216/5521,7226297554.7,12.38681310677305,涨停, 09:41:19,"[{""code"":""600654.SH"",""time"":1777426879838,""openTime"":1777426896430,""duration"":16592,""updatedTime"":1777426896430,""firstVol"":827000.0,""highestVol"":827000.0,""firstVolDivLTGB"":3.56860552182035E-4,""firstVolDivVol"":0.004675430960816893,""highestVolDivLTGB"":3.56860552182035E-4,""highestVolDivVol"":0.004675430960816893},{""code"":""600654.SH"",""time"":1777426934376,""openTime"":null,""duration"":13631086,""updatedTime"":1777446000000,""firstVol"":7.5578346E7,""highestVol"":7.5578346E7,""firstVolDivLTGB"":0.032612974953524665,""firstVolDivVol"":0.3963883188445809,""highestVolDivLTGB"":0.032612974953524665,""highestVolDivVol"":0.3963883188445809}]", 09:42:14,83488621.99999999,1,17,600654
600381.SH,*ST春天,3.59,4.970760233918127,4063100,406310000,341682758,1.1891439953783094,3.42,3.42,3.42,3.42,5286/5521,1168555032.36,0.9073036105614671,涨停, 09:30:00,"[{""code"":""600381.SH"",""time"":1777426200000,""openTime"":null,""duration"":14365462,""updatedTime"":1777446000000,""firstVol"":4484900.0,""highestVol"":5752800.0,""firstVolDivLTGB"":0.007639584265778726,""firstVolDivVol"":5.358943720874657,""highestVolDivLTGB"":0.009799326710555833,""highestVolDivVol"":4.498944240243998}]", 09:30:00,13895802.0,0,22,600381
600708.SH,光明地产,3.8,1.6042780748662997,4923118,492311800,1055736866,0.46632055378086984,3.4,3.74,3.74,3.38,5297/5521,3948455878.84,6.364445172268901,涨停, 13:05:46,"[{""code"":""600708.SH"",""time"":1777439146768,""openTime"":null,""duration"":6853232,""updatedTime"":1777446000000,""firstVol"":6.3774873E7,""highestVol"":6.3811073E7,""firstVolDivLTGB"":0.02865928641858527,""firstVolDivVol"":1.0832813405381467,""highestVolDivLTGB"":0.02867555405064081,""highestVolDivVol"":1.0828900830403716}]", 13:05:46,18412461.32,0,17,600708
002210.SZ,飞马国际,2.98,-9.969788519637465,26102734,2610273400,1859594992,1.4036784413968781,3.29,3.31,3.31,3.18,5322/5521,6155259423.52,10.004400087134671,涨停, 09:31:12,"[{""code"":""002210.SZ"",""time"":1777426272131,""openTime"":null,""duration"":14293331,""updatedTime"":1777446000000,""firstVol"":9.7455527E7,""highestVol"":1.11213727E8,""firstVolDivLTGB"":0.03670271043906275,""firstVolDivVol"":0.8292391521972144,""highestVolDivLTGB"":0.0418841839409475,""highestVolDivVol"":0.8886780252655457}]", 09:31:12,86400049.54,0,33,002210
600082.SH,ST海泰,3.34,0.0,1206100,120610000,445666480,0.27062838560351227,3.18,3.34,3.34,3.17,5326/5521,1488526043.2,3.6443189534918576,涨停, 09:59:31,"[{""code"":""600082.SH"",""time"":1777427971771,""openTime"":1777428316290,""duration"":344519,""updatedTime"":1777428316290,""firstVol"":206300.0,""highestVol"":4469300.0,""firstVolDivLTGB"":3.2522226585073575E-4,""firstVolDivVol"":0.0195910698908332,""highestVolDivLTGB"":0.0070456416518017125,""highestVolDivVol"":0.4232368618823373},{""code"":""600082.SH"",""time"":1777429167517,""openTime"":null,""duration"":11397945,""updatedTime"":1777446000000,""firstVol"":3000300.0,""highestVol"":3000300.0,""firstVolDivLTGB"":0.004729832109704133,""firstVolDivVol"":0.20422001608003754,""highestVolDivLTGB"":0.004729832109704133,""highestVolDivVol"":0.20422001608003754}]", 10:19:27,4028374.0,1,22,600082
600423.SH,*ST柳化,3.09,0.6514657980456032,636000,63600000,574416425,0.11072106790818177,2.91,3.07,3.07,2.91,5365/5521,1763458424.75,6.668040698871033,涨停, 09:35:21,"[{""code"":""600423.SH"",""time"":1777426521295,""openTime"":1777429063551,""duration"":2542256,""updatedTime"":1777429063551,""firstVol"":4232000.0,""highestVol"":7628400.0,""firstVolDivLTGB"":0.005298643239578658,""firstVolDivVol"":0.6873175936738197,""highestVolDivLTGB"":0.009551079888658278,""highestVolDivVol"":0.8431528372020023},{""code"":""600423.SH"",""time"":1777429088542,""openTime"":1777429137388,""duration"":48846,""updatedTime"":1777429137388,""firstVol"":3284900.0,""highestVol"":3284900.0,""firstVolDivLTGB"":0.004112833926675787,""firstVolDivVol"":0.19234271186301738,""highestVolDivLTGB"":0.004112833926675787,""highestVolDivVol"":0.19234271186301738},{""code"":""600423.SH"",""time"":1777432796846,""openTime"":1777439817131,""duration"":1585747,""updatedTime"":1777439817131,""firstVol"":2314200.0,""highestVol"":3040700.0,""firstVolDivLTGB"":0.0028974764142327336,""firstVolDivVol"":0.07238892201127468,""highestVolDivLTGB"":0.0038070851839760926,""highestVolDivVol"":0.0949964040891536},{""code"":""600423.SH"",""time"":1777440378713,""openTime"":1777440400869,""duration"":22156,""updatedTime"":1777440400869,""firstVol"":25400.0,""highestVol"":25400.0,""firstVolDivLTGB"":3.1801875776299126E-5,""firstVolDivVol"":7.161752205572966E-4,""highestVolDivLTGB"":3.1801875776299126E-5,""highestVolDivVol"":7.161752205572966E-4},{""code"":""600423.SH"",""time"":1777440478851,""openTime"":1777443027553,""duration"":2548702,""updatedTime"":1777443027553,""firstVol"":46700.0,""highestVol"":1178060.0,""firstVolDivLTGB"":5.8470377903668076E-5,""firstVolDivVol"":0.0013112459613554195,""highestVolDivLTGB"":0.0014749810148435806,""highestVolDivVol"":0.032977521756847615},{""code"":""600423.SH"",""time"":1777443350331,""openTime"":null,""duration"":2649669,""updatedTime"":1777446000000,""firstVol"":289000.0,""highestVol"":636000.0,""firstVolDivLTGB"":3.6184024013190735E-4,""firstVolDivVol"":0.007688885657251134,""highestVolDivLTGB"":7.962989367608758E-4,""highestVolDivVol"":0.016604737869540594}]", 14:15:50,1952520.0,5,22,600423
000402.SZ,金融街,3.17,10.069444444444446,26181128,2618112800,1913531211,1.3682101368139117,2.88,2.88,2.88,2.88,5371/5521,5510969887.68,1.2367068728203776,涨停, 09:30:00,"[{""code"":""000402.SZ"",""time"":1777426200000,""openTime"":null,""duration"":14365462,""updatedTime"":1777446000000,""firstVol"":1.9661279E8,""highestVol"":1.9661279E8,""firstVolDivLTGB"":0.06578640200126187,""firstVolDivVol"":21.481618459267228,""highestVolDivLTGB"":0.06578640200126187,""highestVolDivVol"":21.481618459267228}]", 09:30:00,75401648.64,0,33,000402
000980.SZ,众泰汽车,2.52,10.043668122270741,23880928,2388092800,3703374345,0.644842399803361,2.16,2.29,2.29,2.16,5458/5521,8480727250.05,4.1505292384910115,涨停, 09:31:27,"[{""code"":""000980.SZ"",""time"":1777426287341,""openTime"":1777426317341,""duration"":30000,""updatedTime"":1777426317341,""firstVol"":6.1052193E7,""highestVol"":6.1052193E7,""firstVolDivLTGB"":0.012107522376322538,""firstVolDivVol"":1.0103394474629699,""highestVolDivLTGB"":0.012107522376322538,""highestVolDivVol"":1.0103394474629699},{""code"":""000980.SZ"",""time"":1777426521295,""openTime"":null,""duration"":14044167,""updatedTime"":1777446000000,""firstVol"":1.26875047E8,""highestVol"":1.3585395E8,""firstVolDivLTGB"":0.02516113500705001,""firstVolDivVol"":1.0346199485775116,""highestVolDivLTGB"":0.026941779790560567,""highestVolDivVol"":1.0464389236046772}]", 09:35:21,54687325.12,1,33,000980
600608.SH,*ST沪科,2.07,0.0,486799,48679900,258099759,0.18860885491954296,1.87,2.07,2.07,1.87,5474/5521,534266501.13,4.593803979491511,涨停, 09:32:57,"[{""code"":""600608.SH"",""time"":1777426377341,""openTime"":1777426392341,""duration"":15000,""updatedTime"":1777426392341,""firstVol"":71100.0,""highestVol"":71100.0,""firstVolDivLTGB"":2.2332405122983378E-4,""firstVolDivVol"":0.011526310465306291,""highestVolDivLTGB"":2.2332405122983378E-4,""highestVolDivVol"":0.011526310465306291},{""code"":""600608.SH"",""time"":1777426407341,""openTime"":1777426459677,""duration"":52336,""updatedTime"":1777426459677,""firstVol"":50300.0,""highestVol"":50300.0,""firstVolDivLTGB"":1.5799155804304695E-4,""firstVolDivVol"":0.0074193211512898405,""highestVolDivLTGB"":1.5799155804304695E-4,""highestVolDivVol"":0.0074193211512898405},{""code"":""600608.SH"",""time"":1777426682017,""openTime"":1777426812547,""duration"":130530,""updatedTime"":1777426812547,""firstVol"":247700.0,""highestVol"":316100.0,""firstVolDivLTGB"":7.780220462676487E-4,""firstVolDivVol"":0.03104400603785238,""highestVolDivLTGB"":9.928654373241976E-4,""highestVolDivVol"":0.039379122910701454},{""code"":""600608.SH"",""time"":1777426987580,""openTime"":1777427017580,""duration"":30000,""updatedTime"":1777427017580,""firstVol"":10000.0,""highestVol"":68900.0,""firstVolDivLTGB"":3.140985249364751E-5,""firstVolDivVol"":0.0011366741550760003,""highestVolDivLTGB"":2.1641388368123131E-4,""highestVolDivVol"":0.007830349845029535},{""code"":""600608.SH"",""time"":1777427051854,""openTime"":1777431617970,""duration"":4566116,""updatedTime"":1777431617970,""firstVol"":49500.0,""highestVol"":1330800.0,""firstVolDivLTGB"":1.5547876984355516E-4,""firstVolDivVol"":0.005556805369019025,""highestVolDivLTGB"":0.00418002316985461,""highestVolDivVol"":0.1431368525122518},{""code"":""600608.SH"",""time"":1777431671129,""openTime"":1777431694716,""duration"":23587,""updatedTime"":1777431694716,""firstVol"":27200.0,""highestVol"":27200.0,""firstVolDivLTGB"":8.543479878272122E-5,""firstVolDivVol"":0.0025111023961086774,""highestVolDivLTGB"":8.543479878272122E-5,""highestVolDivVol"":0.0025111023961086774},{""code"":""600608.SH"",""time"":1777431745485,""openTime"":1777432420389,""duration"":674904,""updatedTime"":1777432420389,""firstVol"":58400.0,""highestVol"":254900.0,""firstVolDivLTGB"":1.8343353856290143E-4,""firstVolDivVol"":0.005368438508765447,""highestVolDivLTGB"":8.00637140063075E-4,""highestVolDivVol"":0.02327280881346474},{""code"":""600608.SH"",""time"":1777432436477,""openTime"":1777432456087,""duration"":19610,""updatedTime"":1777432456087,""firstVol"":2000.0,""highestVol"":2000.0,""firstVolDivLTGB"":6.281970498729502E-6,""firstVolDivVol"":1.7950105169666189E-4,""highestVolDivLTGB"":6.281970498729502E-6,""highestVolDivVol"":1.7950105169666189E-4},{""code"":""600608.SH"",""time"":1777432621153,""openTime"":null,""duration"":7944309,""updatedTime"":1777446000000,""firstVol"":4800.0,""highestVol"":972100.0,""firstVolDivLTGB"":1.5076729196950803E-5,""firstVolDivVol"":4.278038262774222E-4,""highestVolDivLTGB"":0.003053351760907474,""highestVolDivVol"":0.08523233417177424}]", 11:17:01,1007673.9299999999,8,22,600608
600881.SH,亚泰集团,1.56,-1.2658227848101276,7075091,707509100,2736054000,0.25858740361118604,1.51,1.58,1.58,1.51,5498/5521,4322965320.0,3.1360607648825645,涨停, 09:42:14,"[{""code"":""600881.SH"",""time"":1777426934376,""openTime"":null,""duration"":13631086,""updatedTime"":1777446000000,""firstVol"":1.658731E7,""highestVol"":2.1404E7,""firstVolDivLTGB"":0.005131972504249854,""firstVolDivVol"":0.2730764958626811,""highestVolDivLTGB"":0.00662221538519289,""highestVolDivVol"":0.3452666982800882}]", 09:42:14,11178643.780000001,0,17,600881
600606.SH,绿地控股,1.57,6.80272108843538,26852809,2685280900,3898852311,0.6887362448749088,1.42,1.47,1.47,1.42,5500/5521,5731312897.17,3.0149454666019535,涨停, 09:30:42,"[{""code"":""600606.SH"",""time"":1777426242131,""openTime"":1777426257131,""duration"":15000,""updatedTime"":1777426257131,""firstVol"":2335700.0,""highestVol"":2335700.0,""firstVolDivLTGB"":1.66192096053703E-4,""firstVolDivVol"":0.06208119381309087,""highestVolDivLTGB"":1.66192096053703E-4,""highestVolDivVol"":0.06208119381309087},{""code"":""600606.SH"",""time"":1777426459677,""openTime"":null,""duration"":14105785,""updatedTime"":1777446000000,""firstVol"":4283900.0,""highestVol"":5.7307666E7,""firstVolDivLTGB"":3.048123989743796E-4,""firstVolDivVol"":0.04986060063616581,""highestVolDivLTGB"":0.004077613191970514,""highestVolDivVol"":0.5151764246817441}]", 09:34:19,39473629.23,1,17,600606
