股票代码,股票简称,p_close,p_open,涨跌幅:前复权[20260430],p_high,p_low,p_low,开盘价:前复权[20260430],最高价:前复权[20260430],最低价:前复权[20260430],收盘价:前复权[20260430],振幅[20260430],成交量[20260430],market_code,code,date
688498.SH,源杰科技,1571.0,1535,3.69636964,1610.31,1497.48,1/5521,1535,1610.31,1497.48,1571.0,7.447524,2796088,17,688498,20260430
688256.SH,寒武纪,1699.96,1475,20.00028236,1699.96,1475,2/5521,1475,1699.96,1475,1699.96,15.87994,1.7884265E7,17,688256,20260430
600519.SH,贵州茅台,1384.79,1400,-1.16902303,1401.17,1380,3/5521,1400,1401.17,1380,1384.79,1.51088,5275267,17,600519,20260430
688808.SH,联讯仪器,1033.33,911,11.35021552,1060,911,4/5521,911,1060,911,1033.33,16.056034,4887190,17,688808,20260430
300308.SZ,中际旭创,857.5,863.66,1.47928994,874.65,845,5/5521,863.66,874.65,845,857.5,3.508875,2.1270964E7,33,300308,20260430
688802.SH,沐曦股份,758.03,713.01,6.26191544,777,713.01,6/5521,713.01,777,713.01,758.03,8.970225,3937690,17,688802,20260430
688795.SH,摩尔线程,715.7,690,3.78480278,732.99,690,7/5521,690,732.99,690,715.7,6.234048,4932764,17,688795,20260430
688027.SH,国盾量子,572.19,557,2.38521275,572.5,555,8/5521,557,572.5,555,572.19,3.131374,2319630,17,688027,20260430
920045.BJ,蘅东光,551.02,561.1,-3.41793452,578,542.52,9/5521,561.1,578,542.52,551.02,6.218888,997321,151,920045,20260430
300502.SZ,新易盛,525.79,549,-2.08752328,549,518,10/5521,549,549,518,525.79,5.772811,3.0209791E7,33,300502,20260430
001309.SZ,德明利,524.81,517.71,0.35951275,535,509.01,11/5521,517.71,535,509.01,524.81,4.970072,1.9354427E7,33,001309,20260430
002371.SZ,北方华创,536.99,519.18,5.14577745,541.16,507.09,12/5521,519.18,541.16,507.09,536.99,6.671104,1.6592589E7,33,002371,20260430
300757.SZ,罗博特科,482.1,489.02,-1.27375491,492.98,460.99,13/5521,489.02,492.98,460.99,482.1,6.551032,8677817,33,300757,20260430
688502.SH,茂莱光学,474.5,451.16,-0.08422826,481.5,448.15,14/5521,451.16,481.5,448.15,474.5,7.022531,2563571,17,688502,20260430
300750.SZ,宁德时代,436.0,446.5,-2.02247191,449.5,436,15/5521,446.5,449.5,436,436.0,3.033707,2.9812094E7,33,300750,20260430
688072.SH,拓荆科技,445.0,426.36,5.0345788,456.5,425,16/5521,426.36,456.5,425,445.0,7.435031,6724544,17,688072,20260430
688809.SH,强一股份,423.25,407.38,3.86503067,425,407.38,17/5521,407.38,425,407.38,423.25,4.323926,2096629,17,688809,20260430
603444.SH,吉比特,406.61,413.2,-2.16313763,414.88,406.6,18/5521,413.2,414.88,406.6,406.61,1.9923,2045213,17,603444,20260430
301308.SZ,江波龙,401.12,410,-3.18126961,414,396,19/5521,410,414,396,401.12,4.344677,1.8901278E7,33,301308,20260430
300870.SZ,欧陆通,404.0,384.11,7.44966621,412.32,381.3,20/5521,384.11,412.32,381.3,404.0,8.250219,5665069,33,300870,20260430
688012.SH,中微公司,376.3,360,4.59750945,379,355.55,21/5521,360,379,355.55,376.3,6.518234,1.9165385E7,17,688012,20260430
688167.SH,炬光科技,357.98,354,2.45563824,361.79,349.02,22/5521,354,361.79,349.02,357.98,3.654836,3808190,17,688167,20260430
688807.SH,优迅股份,355.0,366.2,-2.25770925,369.96,346.43,23/5521,366.2,369.96,346.43,355.0,6.478524,2050962,17,688807,20260430
688048.SH,长光华芯,352.03,372,0.23633257,379.89,344.06,24/5521,372,379.89,344.06,352.03,10.202164,1.546783E7,17,688048,20260430
601869.SH,长飞光纤,353.9,359.1,-4.48558782,365,336.99,25/5521,359.1,365,336.99,353.9,7.559645,2.0776927E7,17,601869,20260430
688025.SH,杰普特,356.01,344,9.87962963,375,333.71,26/5521,344,375,333.71,356.01,12.743827,5890626,17,688025,20260430
688200.SH,华峰测控,349.5,335,4.31590258,362.8,326.3,27/5521,335,362.8,326.3,349.5,10.894221,3963674,17,688200,20260430
300476.SZ,胜宏科技,328.49,333,-1.61140564,336.86,326.06,28/5521,333,336.86,326.06,328.49,3.234791,3.2353363E7,33,300476,20260430
688195.SH,腾景科技,332.0,331.23,2.54509513,338.23,320.07,29/5521,331.23,338.23,320.07,332.0,5.609093,7455886,17,688195,20260430
301396.SZ,宏景科技,316.74,322.99,-3.27072836,332,315,30/5521,322.99,332,315,316.74,5.191632,7953096,33,301396,20260430
002916.SZ,深南电路,312.5,318.68,-0.63908938,322.75,308.21,31/5521,318.68,322.75,308.21,312.5,4.623064,1.0249714E7,33,002916,20260430
688785.SH,恒运昌,325.05,308.18,3.48615091,333,308.18,32/5521,308.18,333,308.18,325.05,7.901942,1136031,17,688785,20260430
603986.SH,兆易创新,312.99,320,1.32733335,321,306.48,33/5521,320,321,306.48,312.99,4.700702,5.8796514E7,17,603986,20260430
300394.SZ,天孚通信,307.5,312.87,-1.15400688,314.9,305,34/5521,312.87,314.9,305,307.5,3.182358,2.3598894E7,33,300394,20260430
301629.SZ,矽电股份,305.13,312,-1.15646259,316.06,304,35/5521,312,316.06,304,305.13,3.906705,2031793,33,301629,20260430
688702.SH,盛科通信,322.16,314,-1.7804878,368.88,304,35/5521,314,368.88,304,322.16,19.780487,1.1224522E7,17,688702,20260430
688041.SH,海光信息,296.25,284.9,6.27040212,302.68,284.88,37/5521,284.9,302.68,284.88,296.25,6.385192,4.8909295E7,17,688041,20260430
301666.SZ,大普微,318.0,285,7.43243243,338.5,282,38/5521,285,338.5,282,318.0,19.087837,9227630,33,301666,20260430
688627.SH,精智达,293.03,285.74,1.75006077,299.38,276.36,39/5521,285.74,299.38,276.36,293.03,7.993333,5619859,17,688627,20260430
603129.SH,春风动力,274.73,274.5,-0.46014493,282,273.5,40/5521,274.5,282,273.5,274.73,3.07971,734096,17,603129,20260430
688506.SH,百利天恒,272.74,268.98,0.64206642,279.5,267.47,41/5521,268.98,279.5,267.47,272.74,4.439114,1994188,17,688506,20260430
301626.SZ,苏州天脉,279.16,271,3.63825364,280,266.29,42/5521,271,280,266.29,279.16,5.089842,2256211,33,301626,20260430
688525.SH,佰维存储,265.08,270,-1.45724907,270.01,263.5,43/5521,270,270.01,263.5,265.08,2.420074,2.5651813E7,17,688525,20260430
301345.SZ,涛涛车业,270.01,263.57,2.23391769,278,263.02,44/5521,263.57,278,263.02,270.01,5.671879,1369664,33,301345,20260430
688766.SH,普冉股份,271.09,272,1.26634292,283.03,260.02,45/5521,272,283.03,260.02,271.09,8.595442,9266984,17,688766,20260430
688521.SH,芯原股份,280.88,260,19.99829111,280.88,260,46/5521,260,280.88,260,280.88,8.920408,4.0905185E7,17,688521,20260430
300857.SZ,协创数据,259.7,267.55,-4.44125547,270,258.79,47/5521,267.55,270,258.79,259.7,4.124811,2.9056454E7,33,300857,20260430
688692.SH,达梦数据,263.73,257,2.55881781,263.84,255.65,48/5521,257,263.84,255.65,263.73,3.184911,1675949,17,688692,20260430
688630.SH,芯碁微装,257.75,266.74,-2.71749387,268.8,251.99,49/5521,266.74,268.8,251.99,257.75,6.344593,5606472,17,688630,20260430
688411.SH,海博思创,257.3,252.94,0.66116349,261.52,250.81,50/5521,252.94,261.52,250.81,257.3,4.189976,6849852,17,688411,20260430
300548.SZ,长芯博创,256.69,254.5,3.71313131,263.22,250.5,51/5521,254.5,263.22,250.5,256.69,5.139393,2.0600563E7,33,300548,20260430
688111.SH,金山办公,251.94,250,1.07518254,254.82,249.4,52/5521,250,254.82,249.4,251.94,2.174436,8709056,17,688111,20260430
603061.SH,金海通,254.85,250.65,0.88674241,263.2,249,53/5521,250.65,263.2,249,254.85,5.621313,2967299,17,603061,20260430
301630.SZ,同宇新材,249.1,252.6,-3.34471519,254.67,247.01,54/5521,252.6,254.67,247.01,249.1,2.972217,1528386,33,301630,20260430
688019.SH,安集科技,250.2,243.5,2.14746469,254.98,241.8,55/5521,243.5,254.98,241.8,250.2,5.380909,6732631,17,688019,20260430
688536.SH,思瑞浦,268.1,240,12.95079205,272.3,239,56/5521,240,272.3,239,268.1,14.029322,1.0109056E7,17,688536,20260430
688205.SH,德科立,240.96,243,2.62350937,255.8,236.66,57/5521,243,255.8,236.66,240.96,8.151618,1.4560935E7,17,688205,20260430
688617.SH,惠泰医疗,237.87,242.76,-2.01433515,243.75,236.01,58/5521,242.76,243.75,236.01,237.87,3.188334,1437622,17,688617,20260430
300620.SZ,光库科技,237.96,239.99,1.15196599,243.5,233.05,59/5521,239.99,243.5,233.05,237.96,4.442082,1.1564446E7,33,300620,20260430
300033.SZ,同花顺,235.0,233.39,0.66395374,246,232.97,60/5521,233.39,246,232.97,235.0,5.581494,2.0840037E7,33,300033,20260430
688235.SH,百济神州,234.8,236,-0.63899116,237.97,232.05,61/5521,236,237.97,232.05,234.8,2.505183,2536115,17,688235,20260430
301205.SZ,联特科技,235.4,245.62,-1.4732965,245.62,229.18,62/5521,245.62,245.62,229.18,235.4,6.880964,7232276,33,301205,20260430
301377.SZ,鼎泰高科,234.66,228.31,2.92105263,235.85,225.01,63/5521,228.31,235.85,225.01,234.66,4.754385,2997941,33,301377,20260430
300751.SZ,迈为股份,238.88,222.22,7.91470907,240.32,219.46,64/5521,222.22,240.32,219.46,238.88,9.423563,1.2275358E7,33,300751,20260430
300972.SZ,万辰集团,226.81,223.88,0.9839715,234.53,219.1,65/5521,223.88,234.53,219.1,226.81,6.869991,2912558,33,300972,20260430
688668.SH,鼎通科技,220.0,219.07,0.43369094,233,219.07,66/5521,219.07,233,219.07,220.0,6.359278,3472596,17,688668,20260430
301489.SZ,思泉新材,229.56,219.8,5.55453375,231.84,215.38,67/5521,219.8,231.84,215.38,229.56,7.568512,3917912,33,301489,20260430
688017.SH,绿的谐波,224.12,214.1,4.23701223,229.62,214.1,68/5521,214.1,229.62,214.1,224.12,7.218268,8344010,17,688017,20260430
301486.SZ,致尚科技,217.3,223.5,-0.18373909,224.6,213.9,69/5521,223.5,224.6,213.9,217.3,4.91502,8407622,33,301486,20260430
688125.SH,安达智能,212.69,212.23,-0.3793911,219,212.21,70/5521,212.23,219,212.21,212.69,3.180327,701755,17,688125,20260430
300953.SZ,震裕科技,220.6,209.38,4.73341879,222.99,209.07,71/5521,209.38,222.99,209.07,220.6,6.608745,8205869,33,300953,20260430
301232.SZ,飞沃科技,217.72,202.02,7.78217822,222.4,198.8,72/5521,202.02,222.4,198.8,217.72,11.683168,8222969,33,301232,20260430
688037.SH,芯源微,232.11,198.5,13.22439024,245,195.69,73/5521,198.5,245,195.69,232.11,24.053658,1.6745055E7,17,688037,20260430
001400.SZ,江顺科技,204.67,201.1,-0.64563107,216.2,195,74/5521,201.1,216.2,195,204.67,10.291262,2162674,33,001400,20260430
605499.SH,东鹏饮料,203.84,204.9,-2.15523448,208,195,74/5521,204.9,208,195,203.84,6.240099,9655781,17,605499,20260430
688279.SH,峰岹科技,197.45,194.3,0.74493597,200.44,193.4,76/5521,194.3,200.44,193.4,197.45,3.59202,1610957,17,688279,20260430
688120.SH,华海清科,197.43,192.14,2.18944099,199.6,192.14,77/5521,192.14,199.6,192.14,197.43,3.861283,8153590,17,688120,20260430
002028.SZ,思源电气,195.0,196.9,-0.94483389,198.86,191.45,78/5521,196.9,198.86,191.45,195.0,3.764096,1.1353597E7,33,002028,20260430
688775.SH,影石创新,192.86,191.34,0.84183007,195.4,189.68,79/5521,191.34,195.4,189.68,192.86,2.990849,1163479,17,688775,20260430
301086.SZ,鸿富瀚,197.06,190.8,3.28092243,198.45,189.51,80/5521,190.8,198.45,189.51,197.06,4.685534,1996162,33,301086,20260430
688052.SH,纳芯微,198.0,190,4.76744801,202,187.2,81/5521,190,202,187.2,198.0,7.831102,6073881,17,688052,20260430
002850.SZ,科达利,190.45,190.68,-0.08394103,192.11,187,82/5521,190.68,192.11,187,190.45,2.680866,5368148,33,002850,20260430
301338.SZ,凯格精机,193.93,184.01,4.66860967,194.8,183.29,83/5521,184.01,194.8,183.29,193.93,6.212219,5096120,33,301338,20260430
688361.SH,中科飞测,196.6,184.22,4.79744136,198.88,183.17,84/5521,184.22,198.88,183.17,196.6,8.3742,8625492,17,688361,20260430
301200.SZ,大族数控,182.59,186.55,-1.36135271,189.8,182.05,85/5521,186.55,189.8,182.05,182.59,4.186699,3696354,33,301200,20260430
002384.SZ,东山精密,186.73,189.78,1.34599729,191.95,181.83,86/5521,189.78,191.95,181.83,186.73,5.492537,8.2041728E7,33,002384,20260430
603929.SH,亚翔集成,188.3,195.26,-2.12080258,195.88,181,87/5521,195.26,195.88,181,188.3,7.734691,4725194,17,603929,20260430
603893.SH,瑞芯微,182.9,180.17,0.29061797,185,179.52,88/5521,180.17,185,179.52,182.9,3.00488,8420000,17,603893,20260430
301183.SZ,东田微,180.99,179.65,2.14459055,185.84,175.5,89/5521,179.65,185.84,175.5,180.99,5.835543,5797869,33,301183,20260430
688268.SH,华特气体,188.3,193.97,-1.01456132,205.19,175.2,90/5521,193.97,205.19,175.2,188.3,15.765126,1.1708767E7,17,688268,20260430
301128.SZ,强瑞技术,178.31,184.88,-3.0923913,187.5,175,91/5521,184.88,187.5,175,178.31,6.793478,6759062,33,301128,20260430
603083.SH,剑桥科技,174.97,179,2.49546014,187.5,174.78,92/5521,179,187.5,174.78,174.97,7.451233,3.8589985E7,17,603083,20260430
301590.SZ,优优绿能,177.19,177.11,0.04516967,179.99,173.01,93/5521,177.11,179.99,173.01,177.19,3.941053,612572,33,301590,20260430
920982.BJ,锦波生物,175.9,172.56,0.45688178,180.98,172.1,94/5521,172.56,180.98,172.1,175.9,5.071387,895205,151,920982,20260430
301662.SZ,宏工科技,182.26,177,5.04899135,182.3,171.88,95/5521,177,182.3,171.88,182.26,6.005763,3595754,33,301662,20260430
300475.SZ,香农芯创,174.7,173.76,0.22948939,178.78,170.41,96/5521,173.76,178.78,170.41,174.7,4.802065,3.9217991E7,33,300475,20260430
688008.SH,澜起科技,173.3,174.28,2.00117716,175.14,169.53,97/5521,174.28,175.14,169.53,173.3,3.301942,5.9128793E7,17,688008,20260430
300666.SZ,江丰电子,179.71,172,2.46308227,191.11,169,98/5521,172,191.11,169,179.71,12.606191,1.4951668E7,33,300666,20260430
301326.SZ,捷邦科技,183.97,170.47,6.34104046,185.44,168,99/5521,170.47,185.44,168,183.97,10.080924,2242287,33,301326,20260430
300604.SZ,长川科技,174.2,176.29,-0.05737235,177.29,167.32,100/5521,176.29,177.29,167.32,174.2,5.720022,3.2691596E7,33,300604,20260430
688519.SH,南亚新材,174.19,174.6,-0.51970303,180.65,167,101/5521,174.6,180.65,167,174.19,7.795545,6350339,17,688519,20260430
301589.SZ,诺瓦星云,171.4,168.23,1.85405277,172.22,166.87,102/5521,168.23,172.22,166.87,171.4,3.179225,542748,33,301589,20260430
300760.SZ,迈瑞医疗,168.4,167.5,0,169.88,166.81,103/5521,167.5,169.88,166.81,168.4,1.82304,9761604,33,300760,20260430
688018.SH,乐鑫科技,172.12,168,2.09989323,174.74,166.5,104/5521,168,174.74,166.5,172.12,4.887887,4950708,17,688018,20260430
301005.SZ,超捷股份,174.6,167,4.3758967,176.25,165.52,105/5521,167,176.25,165.52,174.6,6.414395,8695280,33,301005,20260430
688608.SH,恒玄科技,169.63,167,-2.08946609,172.19,165.5,106/5521,167,172.19,165.5,169.63,3.861471,7823729,17,688608,20260430
001389.SZ,广合科技,163.25,165.02,-0.45731707,169.18,161.6,107/5521,165.02,169.18,161.6,163.25,4.621951,9456134,33,001389,20260430
301369.SZ,联动科技,170.07,163,5.37174721,172.54,161.48,108/5521,163,172.54,161.48,170.07,6.85254,1531079,33,301369,20260430
301563.SZ,云汉芯城,163.9,162.64,0.57065718,165.08,160.1,109/5521,162.64,165.08,160.1,163.9,3.055777,1169849,33,301563,20260430
301031.SZ,中熔电气,160.4,164,-2.7643065,165.44,159.34,110/5521,164,165.44,159.34,160.4,3.697866,3745864,33,301031,20260430
300672.SZ,国科微,178.31,161,11.02739726,180.5,159.29,111/5521,161,180.5,159.29,178.31,13.206724,2.0374663E7,33,300672,20260430
688047.SH,龙芯中科,166.23,158.88,6.61236532,167.88,157.67,112/5521,158.88,167.88,157.67,166.23,6.548229,1.8731477E7,17,688047,20260430
301392.SZ,汇成真空,156.11,155.01,-0.44005102,159.9,154.5,113/5521,155.01,159.9,154.5,156.11,3.443877,3041339,33,301392,20260430
688275.SH,万润新能,154.77,170.14,-5.04907975,180,153.59,114/5521,170.14,180,153.59,154.77,16.202453,1.8214629E7,17,688275,20260430
301550.SZ,斯菱智驱,159.95,155,4.23590746,161.75,153.49,115/5521,155,161.75,153.49,159.95,5.38286,5569377,33,301550,20260430
688515.SH,裕太微,172.6,152,13.41832041,176,152,116/5521,152,176,152,172.6,15.770797,9814807,17,688515,20260430
920493.BJ,并行科技,152.39,155.6,2.11069418,155.98,151.44,117/5521,155.6,155.98,151.44,152.39,3.042079,1986031,151,920493,20260430
301306.SZ,西测测试,165.72,149.21,11.18416639,168.77,149.14,118/5521,149.21,168.77,149.14,165.72,13.170077,8185067,33,301306,20260430
605117.SH,德业股份,150.63,150,2.0321073,155.8,148,119/5521,150,155.8,148,150.63,5.283478,1.5040205E7,17,605117,20260430
688082.SH,盛美上海,154.11,149.05,3.42258909,157,148,119/5521,149.05,157,148,154.11,6.039863,5955683,17,688082,20260430
688368.SH,晶丰明源,154.3,147.02,5.5042735,156.7,147.02,121/5521,147.02,156.7,147.02,154.3,6.618803,4311923,17,688368,20260430
688667.SH,菱电电控,148.26,152.7,-4.03262347,154.25,146.65,122/5521,152.7,154.25,146.65,148.26,4.919412,1883794,17,688667,20260430
605289.SH,罗曼股份,150.05,153.52,-2.26029182,155.49,146.3,123/5521,153.52,155.49,146.3,150.05,5.98619,5541226,17,605289,20260430
688372.SH,伟测科技,151.39,147.69,2.88141352,153.63,146.12,124/5521,147.69,153.63,146.12,151.39,5.103635,8970975,17,688372,20260430
301362.SZ,民爆光电,157.0,146.59,8.1714207,158.5,144.49,125/5521,146.59,158.5,144.49,157.0,9.652749,5184762,33,301362,20260430
603268.SH,松发股份,149.5,144.44,4.0361865,153.8,144.4,126/5521,144.44,153.8,144.4,149.5,6.541405,8879563,17,603268,20260430
603516.SH,淳中科技,142.25,161.2,-9.99683644,167.48,142.25,127/5521,161.2,167.48,142.25,142.25,15.963302,1.4463552E7,17,603516,20260430
688002.SH,睿创微纳,146.01,143.3,0.35051546,150.49,141.62,128/5521,143.3,150.49,141.62,146.01,6.096219,9363787,17,688002,20260430
600809.SH,山西汾酒,143.35,142.3,0.14670952,146.95,141.5,129/5521,142.3,146.95,141.5,143.35,3.807461,9755162,17,600809,20260430
688188.SH,柏楚电子,141.78,140.34,2.36084037,147.68,140.34,130/5521,140.34,147.68,140.34,141.78,5.299256,3660005,17,688188,20260430
600436.SH,片仔癀,143.55,139.6,3.03617571,146.97,139.6,131/5521,139.6,146.97,139.6,143.55,5.289979,7953334,17,600436,20260430
688059.SH,华锐精密,142.24,141.03,0.8865877,144.5,139.59,132/5521,141.03,144.5,139.59,142.24,3.482516,5040267,17,688059,20260430
688790.SH,昂瑞微,142.81,139.01,2.80757325,143.8,139.01,133/5521,139.01,143.8,139.01,142.81,3.448275,941500,17,688790,20260430
301191.SZ,菲菱科思,142.54,148.46,-4.53419061,150.72,137.92,134/5521,148.46,150.72,137.92,142.54,8.572768,4784939,33,301191,20260430
688110.SH,东芯股份,143.77,142.1,6.57524092,145.3,137.11,135/5521,142.1,145.3,137.11,143.77,6.071163,3.5500301E7,17,688110,20260430
603629.SH,利通电子,144.41,142.32,9.99314495,144.42,136.72,136/5521,142.32,144.42,136.72,144.41,5.864879,4.4705508E7,17,603629,20260430
300274.SZ,阳光电源,137.41,138.47,-0.4780184,140.21,136.4,137/5521,138.47,140.21,136.4,137.41,2.759469,6.3872533E7,33,300274,20260430
300567.SZ,精测电子,145.05,137,6.66225458,146.99,136.06,138/5521,137,146.99,136.06,145.05,8.037355,1.5356533E7,33,300567,20260430
300570.SZ,太辰光,135.92,140.71,-1.6995733,144.52,135.6,139/5521,140.71,144.52,135.6,135.92,6.451146,1.8777896E7,33,300570,20260430
688392.SH,骄成超声,139.8,139.86,-0.04290004,141.33,135.38,140/5521,139.86,141.33,135.38,139.8,4.254254,2433461,17,688392,20260430
688020.SH,方邦股份,147.52,135.19,7.13144517,150.53,135.19,141/5521,135.19,150.53,135.19,147.52,11.140159,8105659,17,688020,20260430
688227.SH,品高股份,143.55,140,6.1760355,147,135.11,142/5521,140,147,135.11,143.55,8.794378,1.0041916E7,17,688227,20260430
002281.SZ,光迅科技,144.28,135.52,8.58734101,146.16,135.01,143/5521,135.52,146.16,135.01,144.28,8.391661,8.0211514E7,33,002281,20260430
001270.SZ,*ST铖昌,140.35,133.67,4.99738161,140.35,132,144/5521,133.67,140.35,132,140.35,6.246727,5801760,33,001270,20260430
688031.SH,星环科技,132.0,132.99,0.8942903,138.25,131.98,145/5521,132.99,138.25,131.98,132.0,4.792478,5331215,17,688031,20260430
688313.SH,仕佳光子,131.82,135,0.5032022,135.9,130.5,146/5521,135,135.9,130.5,131.82,4.117108,2.8785862E7,17,688313,20260430
688615.SH,合合信息,137.1,132,5.42909874,138.35,130.5,146/5521,132,138.35,130.5,137.1,6.036604,8214764,17,688615,20260430
688347.SH,华虹公司,141.0,133,6.68886199,142,130,148/5521,133,142,130,141.0,9.079903,3.6790167E7,17,688347,20260430
301592.SZ,六九一二,130.81,128.33,1.87694704,132.6,128.33,149/5521,128.33,132.6,128.33,130.81,3.325545,1022200,33,301592,20260430
688331.SH,荣昌生物,129.31,131.66,-1.29007634,133.5,128.3,150/5521,131.66,133.5,128.3,129.31,3.969465,8390849,17,688331,20260430
688656.SH,浩欧博,130.33,127.34,1.8203125,131.8,127.09,151/5521,127.34,131.8,127.09,130.33,3.679687,425082,17,688656,20260430
301683.SZ,慧谷新材,129.28,129,-0.59207997,130.2,125.99,152/5521,129,130.2,125.99,129.28,3.237216,2597338,33,301683,20260430
688787.SH,海天瑞声,130.1,128.99,1.22150471,130.88,125.68,153/5521,128.99,130.88,125.68,130.1,4.045748,2074932,17,688787,20260430
002821.SZ,凯莱英,125.56,126.73,-0.97791798,128.99,125.17,154/5521,126.73,128.99,125.17,125.56,3.012618,7597472,33,002821,20260430
603124.SH,江南新材,127.1,128.18,-0.84256514,132.5,125.13,155/5521,128.18,132.5,125.13,127.1,5.749726,2729104,17,603124,20260430
601799.SH,星宇股份,124.08,126,-1.28878282,130.73,124.03,156/5521,126,130.73,124.03,124.08,5.330151,5005322,17,601799,20260430
688610.SH,埃科光电,124.7,123.51,1.96238757,128.9,123.51,157/5521,123.51,128.9,123.51,124.7,4.407195,1601065,17,688610,20260430
688629.SH,华丰科技,136.2,129.1,7.10915382,138.85,123.51,157/5521,129.1,138.85,123.51,136.2,12.063541,3.3774756E7,17,688629,20260430
300223.SZ,北京君正,124.18,126,-0.90967124,126.75,123.3,159/5521,126,126.75,123.3,124.18,2.752952,3.1033266E7,33,300223,20260430
002353.SZ,杰瑞股份,137.0,127.6,7.66208251,139.6,123.23,160/5521,127.6,139.6,123.23,137.0,12.86444,2.9337005E7,33,002353,20260430
301488.SZ,豪恩汽电,125.07,124.05,0.87917406,125.76,123.11,161/5521,124.05,125.76,123.11,125.07,2.137441,936264,33,301488,20260430
301682.SZ,宏明电子,125.63,123,2.17974786,127.29,122.34,162/5521,123,127.29,122.34,125.63,4.026026,3889484,33,301682,20260430
301529.SZ,福赛科技,138.11,122.52,11.88431627,139.98,121.41,163/5521,122.52,139.98,121.41,138.11,15.043745,6016496,33,301529,20260430
003031.SZ,中瓷电子,123.52,127.35,-0.33083192,129.97,120.6,164/5521,127.35,129.97,120.6,123.52,7.560719,1.2483736E7,33,003031,20260430
300866.SZ,安克创新,125.44,120.23,4.50720653,130.8,120.23,165/5521,120.23,130.8,120.23,125.44,8.806131,9872163,33,300866,20260430
688270.SH,ST臻镭,130.38,122.48,7.70755886,132,120,166/5521,122.48,132,120,130.38,9.913258,1.4527583E7,22,688270,20260430
688661.SH,和林微纳,121.48,123,-1.85020603,126.83,119.99,167/5521,123,126.83,119.99,121.48,5.526379,6631299,17,688661,20260430
605376.SH,博迁新材,131.58,119.7,9.99832804,131.58,119.7,168/5521,119.7,131.58,119.7,131.58,9.931449,1.6413097E7,17,605376,20260430
300969.SZ,恒帅股份,122.4,119.4,2.64150943,124.59,118.6,169/5521,119.4,124.59,118.6,122.4,5.02306,1944712,33,300969,20260430
688409.SH,富创精密,128.56,122.41,4.94693878,131.18,118.3,170/5521,122.41,131.18,118.3,128.56,10.514285,9463411,17,688409,20260430
688583.SH,思看科技,124.2,119.49,3.32778702,125.2,118.25,171/5521,119.49,125.2,118.25,124.2,5.782029,1633762,17,688583,20260430
002851.SZ,麦格米特,120.21,121.39,3.97889456,124.57,118.22,172/5521,121.39,124.57,118.22,120.21,5.492604,3.8484194E7,33,002851,20260430
600563.SH,法拉电子,118.02,117.16,2.44791667,120.45,117.1,173/5521,117.16,120.45,117.1,118.02,2.907986,6886032,17,600563,20260430
688585.SH,上纬新材,119.92,117.3,3.32586593,123.8,117.07,174/5521,117.3,123.8,117.07,119.92,5.798724,3842420,17,688585,20260430
688258.SH,卓易信息,120.41,118.56,1.35521886,122.12,116.38,175/5521,118.56,122.12,116.38,120.41,4.831649,4652020,17,688258,20260430
688717.SH,艾罗能源,121.66,117,3.98290598,123.95,115.89,176/5521,117,123.95,115.89,121.66,6.888888,1.122144E7,17,688717,20260430
300436.SZ,广生堂,117.3,115.88,0.41948463,120.32,115.5,177/5521,115.88,120.32,115.5,117.3,4.126359,8675811,33,300436,20260430
688123.SH,聚辰股份,123.49,115.6,9.96438112,129.8,115.5,177/5521,115.6,129.8,115.5,123.49,12.733748,1.7471917E7,17,688123,20260430
688169.SH,石头科技,115.8,117.11,-1.74783642,118.68,115.28,179/5521,117.11,118.68,115.28,115.8,2.884778,5663581,17,688169,20260430
688652.SH,京仪装备,120.8,116.95,3.42465753,123.77,115.06,180/5521,116.95,123.77,115.06,120.8,7.457191,6098207,17,688652,20260430
000988.SZ,华工科技,119.53,119.11,0.41162634,120.97,115,181/5521,119.11,120.97,115,119.53,5.01512,9.2020793E7,33,000988,20260430
688325.SH,赛微微电,121.91,117.89,2.12783782,123.88,114.84,182/5521,117.89,123.88,114.84,121.91,7.573092,2021481,17,688325,20260430
300896.SZ,爱美客,115.05,115.53,-0.96410433,116.78,114.5,183/5521,115.53,116.78,114.5,115.05,1.96264,2094760,33,300896,20260430
603026.SH,石大胜华,114.92,120,-3.63102725,122.16,114.5,183/5521,120,122.16,114.5,114.92,6.42348,2.7404313E7,17,603026,20260430
300454.SZ,深信服,117.18,114.63,3.15140845,120.9,114.28,185/5521,114.63,120.9,114.28,117.18,5.827464,1.7017181E7,33,300454,20260430
688981.SH,中芯国际,118.73,113.31,5.56592869,119.88,113.3,186/5521,113.31,119.88,113.3,118.73,5.850449,1.01838285E8,17,688981,20260430
603297.SH,永新光学,114.76,113.8,0.71967702,115.37,113.01,187/5521,113.8,115.37,113.01,114.76,2.071265,1193500,17,603297,20260430
688028.SH,沃尔德,116.8,114,1.38888889,118.84,112.15,188/5521,114,118.84,112.15,116.8,5.807291,6485247,17,688028,20260430
301373.SZ,凌玮科技,115.98,112.01,3.85958628,121.08,112.01,189/5521,112.01,121.08,112.01,115.98,8.122145,5707665,33,301373,20260430
603991.SH,至正股份,112.63,114.02,-0.86260012,115.88,112,190/5521,114.02,115.88,112,112.63,3.415192,1786800,17,603991,20260430
301018.SZ,申菱环境,116.81,116.99,0.24888431,118.79,111.8,191/5521,116.99,118.79,111.8,116.81,5.99897,1.2086896E7,33,301018,20260430
688301.SH,奕瑞科技,114.59,112.51,1.85777778,114.95,111.2,192/5521,112.51,114.95,111.2,114.59,3.333333,2064282,17,688301,20260430
603256.SH,宏和科技,119.1,125,-1.26015586,125.5,111.16,193/5521,125,125.5,111.16,119.1,11.888575,3.7501037E7,17,603256,20260430
688332.SH,中科蓝讯,113.5,113.05,0.39805396,114.17,111.1,194/5521,113.05,114.17,111.1,113.5,2.715612,2566217,17,688332,20260430
301312.SZ,智立方,115.08,111.93,2.89699571,118.63,111.01,195/5521,111.93,118.63,111.01,115.08,6.813304,5925443,33,301312,20260430
688032.SH,禾迈股份,112.61,112.03,-2.95587728,113.9,110.88,196/5521,112.03,113.9,110.88,112.61,2.60255,2753593,17,688032,20260430
603402.SH,陕西旅游,111.17,115.42,-4.20508402,115.99,110.1,197/5521,115.42,115.99,110.1,111.17,5.075398,1829425,17,603402,20260430
301196.SZ,唯科科技,118.5,113.7,5.00664599,120.8,109.92,198/5521,113.7,120.8,109.92,118.5,9.641116,5404113,33,301196,20260430
688271.SH,联影医疗,109.95,112.77,-2.24059749,112.77,109.88,199/5521,112.77,112.77,109.88,109.95,2.569574,8187819,17,688271,20260430
688375.SH,国博电子,122.51,109.8,-0.43075423,127.85,109.8,200/5521,109.8,127.85,109.8,122.51,14.670026,1.0139044E7,17,688375,20260430
688318.SH,财富趋势,111.0,109.11,0.68027211,114.8,109.11,201/5521,109.11,114.8,109.11,111.0,5.160997,3624293,17,688318,20260430
688068.SH,热景生物,112.2,110.89,1.49253731,113.89,109.08,202/5521,110.89,113.89,109.08,112.2,4.350972,1931351,17,688068,20260430
688353.SH,华盛锂电,109.95,110.77,-12.65490944,117,108.8,203/5521,110.77,117,108.8,109.95,6.51414,1.392262E7,17,688353,20260430
688677.SH,海泰新光,110.0,110.05,-0.9009009,115.58,108.7,204/5521,110.05,115.58,108.7,110.0,6.198198,4466124,17,688677,20260430
688183.SH,生益电子,109.6,116,-4.00280284,116,108.04,205/5521,116,116,108.04,109.6,6.972059,2.5810156E7,17,688183,20260430
688691.SH,灿芯股份,122.8,108.36,15.8490566,125,108,206/5521,108.36,125,108,122.8,16.037735,1.7496281E7,17,688691,20260430
002975.SZ,博杰股份,110.38,111.25,0.24520934,112.86,107.9,207/5521,111.25,112.86,107.9,110.38,4.504586,9073200,33,002975,20260430
301631.SZ,壹连科技,107.92,113.84,-0.91810503,113.99,107.71,208/5521,113.84,113.99,107.71,107.92,5.765699,3151372,33,301631,20260430
300390.SZ,天华新能,110.5,109.32,0,112.52,107.52,209/5521,109.32,112.52,107.52,110.5,4.524886,7.0365585E7,33,300390,20260430
300395.SZ,菲利华,108.98,112.51,-2.32141257,113.56,107.38,210/5521,112.51,113.56,107.38,108.98,5.539123,2.670307E7,33,300395,20260430
000596.SZ,古井贡酒,107.23,109.1,-1.75904718,110.9,107.13,211/5521,109.1,110.9,107.13,107.23,3.453962,2353207,33,000596,20260430
603345.SH,安井食品,109.39,110.8,-0.39154981,111.97,107,212/5521,110.8,111.97,107,109.39,4.525587,1.3631855E7,17,603345,20260430
301667.SZ,纳百川,110.2,108.03,1.89551549,111.99,106.97,213/5521,108.03,111.99,106.97,110.2,4.641701,5524991,33,301667,20260430
301557.SZ,常友科技,109.08,106.79,2.13483146,109.97,106.74,214/5521,106.79,109.97,106.74,109.08,3.024344,850200,33,301557,20260430
301600.SZ,慧翰股份,108.98,106.63,1.94574369,109.28,106.63,215/5521,106.63,109.28,106.63,108.98,2.478952,917260,33,301600,20260430
603259.SH,药明康德,109.55,110,-1.46609102,111.01,106.62,216/5521,110,111.01,106.62,109.55,3.948551,5.9682513E7,17,603259,20260430
301603.SZ,乔锋智能,108.85,111.63,-3.45898004,115,106.51,217/5521,111.63,115,106.51,108.85,7.529933,4397965,33,301603,20260430
301479.SZ,弘景光电,113.3,106.21,6.08614232,116.31,106.02,218/5521,106.21,116.31,106.02,113.3,9.634831,3803189,33,301479,20260430
301357.SZ,北方长龙,107.65,107.24,0.71101132,108,106,219/5521,107.24,108,106,107.65,1.871082,1529729,33,301357,20260430
688531.SH,日联科技,120.6,110,20,120.6,105.58,220/5521,110,120.6,105.58,120.6,14.945273,2.4116015E7,17,688531,20260430
688686.SH,奥普特,109.31,108,2.73496241,110.88,104.98,221/5521,108,110.88,104.98,109.31,5.545112,2156227,17,688686,20260430
301042.SZ,安联锐视,108.28,106.66,1.6713615,108.5,104.9,222/5521,106.66,108.5,104.9,108.28,3.380281,2688009,33,301042,20260430
301628.SZ,强达电路,104.92,107.2,-1.18666416,107.88,104.6,223/5521,107.2,107.88,104.6,104.92,3.089093,1512122,33,301628,20260430
301680.SZ,固德电材,105.57,105.49,-0.59322034,107,104.54,224/5521,105.49,107,104.54,105.57,2.316384,1733515,33,301680,20260430
688228.SH,开普云,105.51,104.52,0.9375299,108.8,104.29,225/5521,104.52,108.8,104.29,105.51,4.31455,1979791,17,688228,20260430
605389.SH,长龄液压,116.98,106.2,9.84037559,117.15,104.07,226/5521,106.2,117.15,104.07,116.98,12.28169,4420785,17,605389,20260430
300814.SZ,中富电路,108.1,105.24,5.07387247,111.9,103.56,227/5521,105.24,111.9,103.56,108.1,8.106531,1.1503325E7,33,300814,20260430
601100.SH,恒立液压,104.98,103.7,-0.01904762,106.1,103.52,228/5521,103.7,106.1,103.52,104.98,2.457142,9193732,17,601100,20260430
688099.SH,晶晨股份,105.8,104,3.87825233,106.59,103,229/5521,104,106.59,103,105.8,3.524791,2.7220377E7,17,688099,20260430
300776.SZ,帝尔激光,104.6,109.01,-2.72482098,109.98,102.96,230/5521,109.01,109.98,102.96,104.6,6.52841,1.0394866E7,33,300776,20260430
301611.SZ,珂玛科技,105.18,105.13,0.17142857,107.54,102.49,231/5521,105.13,107.54,102.49,105.18,4.809523,1.2983408E7,33,301611,20260430
002594.SZ,比亚迪,102.98,104.54,-2.29601518,105.45,102.37,232/5521,104.54,105.45,102.37,102.98,2.922201,6.0097853E7,33,002594,20260430
002463.SZ,沪电股份,102.57,103.62,0.57854481,105.66,102.2,233/5521,103.62,105.66,102.2,102.57,3.392822,4.7325267E7,33,002463,20260430
002920.SZ,德赛西威,103.07,103.41,-0.8560985,103.5,102.18,234/5521,103.41,103.5,102.18,103.07,1.269719,6069226,33,002920,20260430
002192.SZ,融捷股份,109.22,103.85,10.00100715,109.22,102.1,235/5521,103.85,109.22,102.1,109.22,7.170913,3.3849554E7,33,002192,20260430
688160.SH,步科股份,107.42,101.93,4.69785575,108.98,101.93,236/5521,101.93,108.98,101.93,107.42,6.871345,2338627,17,688160,20260430
301358.SZ,湖南裕能,102.24,105,-4.44859813,107.83,101.77,237/5521,105,107.83,101.77,102.24,5.663551,4.9391327E7,33,301358,20260430
688016.SH,心脉医疗,102.32,103,3.25966293,103.37,101.61,238/5521,103,103.37,101.61,102.32,1.776163,3165168,17,688016,20260430
301285.SZ,鸿日达,103.5,103.49,-0.0096609,105,101.08,239/5521,103.49,105,101.08,103.5,3.787073,2756473,33,301285,20260430
688503.SH,聚和材料,102.97,101.66,1.2786466,106,100.33,240/5521,101.66,106,100.33,102.97,5.576866,1.3091485E7,17,688503,20260430
603290.SH,斯达半导,103.92,102.41,-5.44131028,104.3,100.25,241/5521,102.41,104.3,100.25,103.92,3.685168,1.3550373E7,17,603290,20260430
688234.SH,天岳先进,101.0,103.98,-4.01064436,104.88,100.16,242/5521,103.98,104.88,100.16,101.0,4.485839,1.2591179E7,17,688234,20260430
688390.SH,固德威,108.2,100.51,6.46462659,109.99,100.1,243/5521,100.51,109.99,100.1,108.2,9.731378,1.8365803E7,17,688390,20260430
000568.SZ,泸州老窖,100.1,101.34,-1.60228055,102.1,100.03,244/5521,101.34,102.1,100.03,100.1,2.034797,8984439,33,000568,20260430
605123.SH,派克新材,106.77,100,10.00412116,106.77,99.91,245/5521,100,106.77,99.91,106.77,7.067793,5314787,17,605123,20260430
301421.SZ,波长光电,103.78,100.9,3.17128939,104.37,99.45,246/5521,100.9,104.37,99.45,103.78,4.891142,7918869,33,301421,20260430
605255.SH,天普股份,102.04,99.59,2.09104552,107.07,99.3,247/5521,99.59,107.07,99.3,102.04,7.773886,2058700,17,605255,20260430
603306.SH,华懋科技,101.45,101.69,0.51520856,103.21,99.2,248/5521,101.69,103.21,99.2,101.45,3.97305,1.8986308E7,17,603306,20260430
688266.SH,泽璟制药,104.0,100.39,3.58565737,108.73,99.13,249/5521,100.39,108.73,99.13,104.0,9.561752,5583467,17,688266,20260430
300782.SZ,卓胜微,99.62,103.4,-2.31417925,103.85,99.12,250/5521,103.4,103.85,99.12,99.62,4.638164,2.1918544E7,33,300782,20260430
688383.SH,新益昌,101.2,101.5,0.7767377,102.58,98.72,251/5521,101.5,102.58,98.72,101.2,3.843855,1783110,17,688383,20260430
002008.SZ,大族激光,100.72,102.31,-2.5353203,104.11,98.33,252/5521,102.31,104.11,98.33,100.72,5.593187,6.3296645E7,33,002008,20260430
603296.SH,华勤技术,103.61,103.23,1.12238923,105.9,97.7,253/5521,103.23,105.9,97.7,103.61,8.003123,2.1079849E7,17,603296,20260430
605318.SH,法狮龙,101.18,98.5,3.07660962,102,97.66,254/5521,98.5,102,97.66,101.18,4.421352,3836200,17,605318,20260430
301413.SZ,安培龙,100.69,98.57,1.88201963,101.86,97.5,255/5521,98.57,101.86,97.5,100.69,4.411615,3123600,33,301413,20260430
603163.SH,圣晖集成,98.0,99,-2.14677983,100,97.18,256/5521,99,100,97.18,98.0,2.815776,1915450,17,603163,20260430
600118.SH,中国卫星,102.8,97.01,4.97293985,103.8,97.01,257/5521,97.01,103.8,97.01,102.8,6.933523,7.2492291E7,17,600118,20260430
000858.SZ,五粮液,97.08,97.74,-1.28126907,97.95,97,258/5521,97.74,97.95,97,97.08,0.966036,2.4820895E7,33,000858,20260430
603501.SH,豪威集团,98.3,97.77,-3.23850773,99.38,97,258/5521,97.77,99.38,97,98.3,2.34275,4.6004681E7,17,603501,20260430
688155.SH,先惠技术,103.57,100,19.99768277,103.57,96.81,260/5521,100,103.57,96.81,103.57,7.832232,7057207,17,688155,20260430
301225.SZ,恒勃股份,103.62,97.02,7.33374767,107.44,96.8,261/5521,97.02,107.44,96.8,103.62,11.021338,2963783,33,301225,20260430
300803.SZ,指南针,98.39,96.88,1.07869324,100.99,96.69,262/5521,96.88,100.99,96.69,98.39,4.417505,1.8839512E7,33,300803,20260430
600941.SH,中国移动,96.63,96.3,0.08285862,97.11,96.3,263/5521,96.3,97.11,96.3,96.63,0.838943,7441002,17,600941,20260430
688356.SH,键凯科技,97.35,99.05,-1.96374622,100.63,96.3,263/5521,99.05,100.63,96.3,97.35,4.360523,954714,17,688356,20260430
920116.BJ,星图测控,100.8,96.41,4.53178471,101.6,95.99,265/5521,96.41,101.6,95.99,100.8,5.817691,2744860,151,920116,20260430
688628.SH,优利德,97.0,98.53,-1.06079151,99.7,95.6,266/5521,98.53,99.7,95.6,97.0,4.181966,4559786,17,688628,20260430
688198.SH,佰仁医疗,96.69,95.54,0.71875,98.44,95.54,267/5521,95.54,98.44,95.54,96.69,3.020833,469223,17,688198,20260430
688220.SH,翱捷科技,101.46,96.22,12.5083167,103.52,95.52,268/5521,96.22,103.52,95.52,101.46,8.871146,2.6879191E7,17,688220,20260430
688359.SH,三孚新科,99.49,97.85,2.48248867,99.88,95.13,269/5521,97.85,99.88,95.13,99.49,4.892871,3885610,17,688359,20260430
688416.SH,恒烁股份,97.23,95.8,1.38686131,98.34,94.93,270/5521,95.8,98.34,94.93,97.23,3.555787,4746893,17,688416,20260430
688800.SH,瑞可达,105.0,94.21,13.61177234,107.49,94.21,271/5521,94.21,107.49,94.21,105.0,14.369184,2.296024E7,17,688800,20260430
688109.SH,品茗科技,95.51,96.52,-0.09414226,96.53,94.14,272/5521,96.52,96.53,94.14,95.51,2.5,750365,17,688109,20260430
688480.SH,赛恩斯,97.81,94.11,2.84963197,99.96,94,273/5521,94.11,99.96,94,97.81,6.267087,3555549,17,688480,20260430
300763.SZ,锦浪科技,95.06,94.65,-0.35639413,96.99,93.54,274/5521,94.65,96.99,93.54,95.06,3.616352,1.6090565E7,33,300763,20260430
301696.SZ,三瑞智能,94.7,94.25,-1.55925156,95.7,93.32,275/5521,94.25,95.7,93.32,94.7,2.474012,5237023,33,301696,20260430
002837.SZ,英维克,94.6,95.02,0.10582011,96.38,93.06,276/5521,95.02,96.38,93.06,94.6,3.513227,2.9212287E7,33,002837,20260430
688308.SH,欧科亿,95.64,93.87,1.88558645,97.84,93.01,277/5521,93.87,97.84,93.01,95.64,5.145413,1.2777301E7,17,688308,20260430
003021.SZ,兆威机电,96.59,93.5,2.86474973,97.28,93,278/5521,93.5,97.28,93,96.59,4.55804,3989180,33,003021,20260430
688796.SH,百奥赛图,96.33,93.4,2.74104096,97.55,93,278/5521,93.4,97.55,93,96.33,4.852815,1710215,17,688796,20260430
300236.SZ,上海新阳,94.77,95.9,-1.17831074,96,92.98,280/5521,95.9,96,92.98,94.77,3.149113,1.3360141E7,33,300236,20260430
688603.SH,天承科技,93.22,94.65,-0.91411565,95.85,92.51,281/5521,94.65,95.85,92.51,93.22,3.55017,3041767,17,688603,20260430
300489.SZ,光智科技,96.8,94.36,2.61846708,99.97,92.18,282/5521,94.36,99.97,92.18,96.8,8.258242,1.196575E7,33,300489,20260430
301608.SZ,博实结,93.3,92.9,-0.21390374,93.5,92.1,283/5521,92.9,93.5,92.1,93.3,1.497326,929054,33,301608,20260430
920119.BJ,美德乐,93.85,93.32,0.18146883,95.52,92.1,283/5521,93.32,95.52,92.1,93.85,3.650725,542135,151,920119,20260430
688578.SH,艾力斯,92.6,93.5,-1.03665705,94.25,91.84,285/5521,93.5,94.25,91.84,92.6,2.575611,4913306,17,688578,20260430
300835.SZ,龙磁科技,99.23,91.83,8.05836872,99.69,91.83,286/5521,91.83,99.69,91.83,99.23,8.559294,6668610,33,300835,20260430
300959.SZ,线上线下,94.37,94.33,-0.66315789,95.21,91.29,287/5521,94.33,95.21,91.29,94.37,4.126315,3147368,33,300959,20260430
688623.SH,双元科技,93.1,92.12,1.97152245,93.63,91.01,288/5521,92.12,93.63,91.01,93.1,2.86966,408431,17,688623,20260430
688820.SH,盛合晶微,103.0,93.79,11.35135135,107,91,289/5521,93.79,107,91,103.0,17.297297,5.9862912E7,17,688820,20260430
300724.SZ,捷佳伟创,93.24,90.8,2.43902439,93.48,90.58,290/5521,90.8,93.48,90.58,93.24,3.186112,1.6763936E7,33,300724,20260430
600259.SH,中稀有色,92.01,92.44,-1.77217893,93.64,90.34,291/5521,92.44,93.64,90.34,92.01,3.523006,1.4705909E7,17,600259,20260430
603019.SH,中科曙光,92.96,90.98,2.80911303,93.38,90.05,292/5521,90.98,93.38,90.05,92.96,3.682813,6.3818423E7,17,603019,20260430
301070.SZ,开勒股份,90.68,94.55,-2.49462366,94.55,89.98,293/5521,94.55,94.55,89.98,90.68,4.913978,3965346,33,301070,20260430
300842.SZ,帝科股份,90.89,90.42,0.89920071,94.11,89.89,294/5521,90.42,94.11,89.89,90.89,4.684724,9538440,33,300842,20260430
002738.SZ,中矿资源,90.79,90.29,-0.55859803,94.5,89.75,295/5521,90.29,94.5,89.75,90.79,5.202628,3.1997103E7,33,002738,20260430
603301.SH,振德医疗,92.3,90.2,2.54416176,92.82,89.49,296/5521,90.2,92.82,89.49,92.3,3.699588,2037858,17,603301,20260430
300811.SZ,铂科新材,96.61,90.18,6.85764849,98.75,89.3,297/5521,90.18,98.75,89.3,96.61,10.452383,1.4954039E7,33,300811,20260430
603175.SH,超颖电子,96.18,89.49,5.85516179,99.3,89.22,298/5521,89.49,99.3,89.22,96.18,11.09399,6127928,17,603175,20260430
301165.SZ,锐捷网络,92.92,92.03,1.49645003,96.33,89.05,299/5521,92.03,96.33,89.05,92.92,7.951938,1.1951253E7,33,301165,20260430
688507.SH,索辰科技,91.65,90.22,0.86946951,92,88.88,300/5521,90.22,92,88.88,91.65,3.433854,1375975,17,688507,20260430
688326.SH,经纬恒润,89.19,90.7,-2.11808604,91.34,88.7,301/5521,90.7,91.34,88.7,89.19,2.897278,2888193,17,688326,20260430
000408.SZ,藏格矿业,89.26,90.79,-1.92286562,92.4,88.66,302/5521,90.79,92.4,88.66,89.26,4.109438,1.421004E7,33,000408,20260430
600309.SH,万华化学,89.54,90,-0.89651356,90.71,88.51,303/5521,90,90.71,88.51,89.54,2.434975,2.3258542E7,17,600309,20260430
601127.SH,赛力斯,88.75,89.51,-1.87949143,90.33,88.2,304/5521,89.51,90.33,88.2,88.75,2.354892,2.2351199E7,17,601127,20260430
688696.SH,极米科技,90.04,90.5,-0.1995123,91.3,88.01,305/5521,90.5,91.3,88.01,90.04,3.646641,595439,17,688696,20260430
688693.SH,锴威特,96.0,90.9,7.52688172,97,87.16,306/5521,90.9,97,87.16,96.0,11.021505,9069103,17,688693,20260430
001339.SZ,智微智能,89.85,89,0.03340013,91.18,87.11,307/5521,89,91.18,87.11,89.85,4.531284,1.427234E7,33,001339,20260430
300442.SZ,润泽科技,89.06,89.98,-1.52587351,91,87.05,308/5521,89.98,91,87.05,89.06,4.367536,3.8905836E7,33,300442,20260430
300661.SZ,圣邦股份,91.94,87.9,4.47727273,92.69,87.02,309/5521,87.9,92.69,87.02,91.94,6.443181,3.7191297E7,33,300661,20260430
002460.SZ,赣锋锂业,88.68,87,2.04833142,91.19,86.9,310/5521,87,91.19,86.9,88.68,4.936708,1.07541923E8,33,002460,20260430
688676.SH,金盘科技,88.1,88.77,-0.75475949,89.53,86.86,311/5521,88.77,89.53,86.86,88.1,3.007772,8478790,17,688676,20260430
688535.SH,华海诚科,90.53,89.99,2.2591212,92.5,86.68,312/5521,89.99,92.5,86.68,90.53,6.574042,8711798,17,688535,20260430
688213.SH,思特威,87.91,88,-1.12473288,90.55,86.52,313/5521,88,90.55,86.52,87.91,4.532673,1.30229E7,17,688213,20260430
301219.SZ,腾远钴业,88.7,86.86,1.87205697,92.5,85.81,314/5521,86.86,92.5,85.81,88.7,7.683473,2.1574579E7,33,301219,20260430
002222.SZ,福晶科技,86.82,89.81,-0.19542476,90.89,85.7,315/5521,89.81,90.89,85.7,86.82,5.966203,3.1510746E7,33,002222,20260430
002595.SZ,豪迈科技,87.45,88,-2.95194762,89.7,85.6,316/5521,88,89.7,85.6,87.45,4.549994,5831978,33,002595,20260430
688168.SH,安博通,86.81,87.4,-0.75454442,88.36,85.6,316/5521,87.4,88.36,85.6,86.81,3.155367,1057609,17,688168,20260430
002756.SZ,永兴材料,87.24,85.75,4.10501193,89.8,85.35,318/5521,85.75,89.8,85.35,87.24,5.310262,3.0396236E7,33,002756,20260430
688307.SH,中润光学,88.88,97,-7.98219277,97,85.3,319/5521,97,97,85.3,88.88,12.113055,7179692,17,688307,20260430
301248.SZ,杰创智能,85.2,85.68,0.02347969,91.57,85.2,320/5521,85.68,91.57,85.2,85.2,7.478281,1.1047403E7,33,301248,20260430
301209.SZ,联合化学,88.57,88.3,0.07909605,88.57,85.17,321/5521,88.3,88.57,85.17,88.57,3.841807,1150308,33,301209,20260430
688386.SH,泛亚微透,87.99,85.25,1.78137652,88.42,85.06,322/5521,85.25,88.42,85.06,87.99,3.886639,2639114,17,688386,20260430
000661.SZ,长春高新,84.93,85.32,-0.62017318,85.4,84.9,323/5521,85.32,85.4,84.9,84.93,0.585069,3387556,33,000661,20260430
688333.SH,铂力特,87.58,86,4.67312059,88.14,84.85,324/5521,86,88.14,84.85,87.58,3.932114,1.3870256E7,17,688333,20260430
301292.SZ,海科新源,84.83,89.56,-6.57488987,91.88,84.66,325/5521,89.56,91.88,84.66,84.83,7.951541,2.180629E7,33,301292,20260430
301269.SZ,华大九天,88.82,86.58,4.92616657,90.5,84.56,326/5521,86.58,90.5,84.56,88.82,7.017129,1.4300451E7,33,301269,20260430
301261.SZ,恒工精密,86.78,87.22,-1.7547832,88.32,84.55,327/5521,87.22,88.32,84.55,86.78,4.268085,6093318,33,301261,20260430
688300.SH,联瑞新材,87.43,85.5,2.64146513,88.26,84.51,328/5521,85.5,88.26,84.51,87.43,4.402441,5057738,17,688300,20260430
301035.SZ,润丰股份,84.75,87.56,-3.20922796,87.85,84.5,329/5521,87.56,87.85,84.5,84.75,3.825947,1372601,33,301035,20260430
688229.SH,博睿数据,86.08,85.93,-0.13921114,87.99,84.5,329/5521,85.93,87.99,84.5,86.08,4.048723,1443241,17,688229,20260430
002409.SZ,雅克科技,84.71,85.54,0.9173219,86.76,84.45,331/5521,85.54,86.76,84.45,84.71,2.751965,1.1864711E7,33,002409,20260430
301556.SZ,托普云农,84.41,84.95,-1.12451681,85.26,84.35,332/5521,84.95,85.26,84.35,84.41,1.065948,847998,33,301556,20260430
301360.SZ,荣旗科技,85.36,84.71,0.70788108,85.7,83.9,333/5521,84.71,85.7,83.9,85.36,2.123643,1312000,33,301360,20260430
002487.SZ,大金重工,84.0,85.13,-1.71990172,85.9,83.3,334/5521,85.13,85.9,83.3,84.0,3.042003,1.6489278E7,33,002487,20260430
001301.SZ,尚太科技,85.65,84,1.57732448,86.2,83.22,335/5521,84,86.2,83.22,85.65,3.534155,8266410,33,001301,20260430
688813.SH,泰金新能,92.4,86.43,6.85786978,93.99,83.2,336/5521,86.43,93.99,83.2,92.4,12.478316,9262583,17,688813,20260430
300136.SZ,信维通信,91.3,84.9,6.77113788,91.98,83.03,337/5521,84.9,91.98,83.03,91.3,10.466612,1.22837778E8,33,300136,20260430
688029.SH,南微医学,85.02,83.44,1.38325781,85.49,82.79,338/5521,83.44,85.49,82.79,85.02,3.219651,2674048,17,688029,20260430
001359.SZ,平安电工,87.75,83.35,5.08982036,87.8,82.77,339/5521,83.35,87.8,82.77,87.75,6.023952,3201038,33,001359,20260430
688343.SH,云天励飞,88.0,82.5,5.08717459,89.9,82.33,340/5521,82.5,89.9,82.33,88.0,9.039885,1.8810219E7,17,688343,20260430
688778.SH,厦钨新能,82.55,84.73,-3.29194002,85.23,82.29,341/5521,84.73,85.23,82.29,82.55,3.444236,6582167,17,688778,20260430
002812.SZ,恩捷股份,82.95,84,-1.79945543,85.66,82.01,342/5521,84,85.66,82.01,82.95,4.32106,4.6953874E7,33,002812,20260430
300408.SZ,三环集团,85.7,82.56,4.49945129,87.3,82,343/5521,82.56,87.3,82,85.7,6.462626,4.233324E7,33,300408,20260430
301095.SZ,广立微,83.7,82.5,1.91160356,84.84,81.85,344/5521,82.5,84.84,81.85,83.7,3.640569,6462409,33,301095,20260430
920002.BJ,万达轴承,83.08,81.99,1.63934426,83.86,81.52,345/5521,81.99,83.86,81.52,83.08,2.862735,442079,151,920002,20260430
001280.SZ,中国铀业,81.84,83.05,-2.38549618,83.45,81.4,346/5521,83.05,83.45,81.4,81.84,2.445133,1.1123444E7,33,001280,20260430
301093.SZ,华兰股份,85.39,84.08,1.55803996,85.9,81.38,347/5521,84.08,85.9,81.38,85.39,5.375832,4127631,33,301093,20260430
603052.SH,可川科技,81.44,86,-5.53300081,87.44,81.37,348/5521,86,87.44,81.37,81.44,7.040946,5983675,17,603052,20260430
301536.SZ,星宸科技,82.45,81.38,0.74535679,83.46,81.33,349/5521,81.38,83.46,81.33,82.45,2.602639,7948106,33,301536,20260430
300438.SZ,鹏辉能源,86.1,83,6.2962963,86.8,81,350/5521,83,86.8,81,86.1,7.160493,7.27791E7,33,300438,20260430
000333.SZ,美的集团,81.1,81,-0.25827082,82.15,80.61,351/5521,81,82.15,80.61,81.1,1.893985,3.5443269E7,33,000333,20260430
688190.SH,云路股份,81.29,83,-1.20320856,83.77,80.53,352/5521,83,83.77,80.53,81.29,3.937773,1462255,17,688190,20260430
301391.SZ,卡莱特,83.24,81.43,3.40372671,85.45,80.5,353/5521,81.43,85.45,80.5,83.24,6.149068,3589393,33,301391,20260430
301075.SZ,多瑞医药,83.45,82.17,2.45549417,83.99,80.3,354/5521,82.17,83.99,80.3,83.45,4.530386,1913624,33,301075,20260430
603091.SH,众鑫股份,81.06,80.9,-0.17241379,81.86,80.3,354/5521,80.9,81.86,80.3,81.06,1.921182,319900,17,603091,20260430
300990.SZ,同飞股份,80.39,83.44,-3.83971292,83.6,79.98,356/5521,83.44,83.6,79.98,80.39,4.330143,5738867,33,300990,20260430
301548.SZ,崇德科技,80.8,81.94,-1.34310134,82.83,79.45,357/5521,81.94,82.83,79.45,80.8,4.126984,1627527,33,301548,20260430
603202.SH,天有为,79.48,79.53,-0.40100251,80.14,79.38,358/5521,79.53,80.14,79.38,79.48,0.95238,816484,17,603202,20260430
605288.SH,凯迪股份,83.0,80.2,3.49127182,83.38,79.27,359/5521,80.2,83.38,79.27,83.0,5.124688,2104200,17,605288,20260430
688486.SH,龙迅股份,79.64,79.72,-0.45,80.86,79,360/5521,79.72,80.86,79,79.64,2.325,2982136,17,688486,20260430
603040.SH,新坐标,79.62,79.16,0.12575453,81.1,78.83,361/5521,79.16,81.1,78.83,79.62,2.854627,1632300,17,603040,20260430
301189.SZ,奥尼电子,81.3,81.21,0.27133695,86.36,78.81,362/5521,81.21,86.36,78.81,81.3,9.31179,8313818,33,301189,20260430
301513.SZ,尚水智能,82.01,81.66,-1.07358263,82.8,78.81,362/5521,81.66,82.8,78.81,82.01,4.813027,4616354,33,301513,20260430
688141.SH,杰华特,92.88,79.53,16.78611845,94.98,78.8,364/5521,79.53,94.98,78.8,92.88,20.344524,3.0776884E7,17,688141,20260430
688146.SH,中船特气,80.35,79.38,5.57088425,87.77,78.34,365/5521,79.38,87.77,78.34,80.35,12.389961,2.69395E7,17,688146,20260430
920181.BJ,赛英电子,84.12,77.98,7.8738138,85.86,77.87,366/5521,77.98,85.86,77.87,84.12,10.246216,2864395,151,920181,20260430
688322.SH,奥比中光,79.58,78.29,2.01256249,80.37,77.54,367/5521,78.29,80.37,77.54,79.58,3.62774,5436107,17,688322,20260430
603186.SH,华正新材,79.18,80.2,-1.91998018,80.99,77.01,368/5521,80.2,80.99,77.01,79.18,4.930013,1.8836721E7,17,603186,20260430
002980.SZ,华盛昌,79.94,81.06,-1.73325138,84.7,77,369/5521,81.06,84.7,77,79.94,9.465273,1.8032057E7,33,002980,20260430
688508.SH,芯朋微,83.9,77.6,7.85448001,85.86,76.99,370/5521,77.6,85.86,76.99,83.9,11.402493,9797146,17,688508,20260430
603822.SH,ST嘉澳,76.98,79.14,-4.99814883,79.67,76.98,371/5521,79.14,79.67,76.98,76.98,3.319758,2175900,22,603822,20260430
688095.SH,福昕软件,78.46,77.81,1.63212435,79.72,76.93,372/5521,77.81,79.72,76.93,78.46,3.613989,3786965,17,688095,20260430
688720.SH,艾森股份,80.13,76.7,3.6878882,81.2,76.69,373/5521,76.7,81.2,76.69,80.13,5.835921,4648324,17,688720,20260430
002290.SZ,禾盛新材,81.28,78.88,5.62703054,82.48,76.6,374/5521,78.88,82.48,76.6,81.28,7.641325,1.6960539E7,33,002290,20260430
688433.SH,华曙高科,79.31,78.61,1.2899106,79.76,76.51,375/5521,78.61,79.76,76.51,79.31,4.150702,4407031,17,688433,20260430
600183.SH,生益科技,76.51,79,-1.91025641,80.45,76.32,376/5521,79,80.45,76.32,76.51,5.294871,4.6891324E7,17,600183,20260430
300843.SZ,胜蓝股份,82.34,76.3,12.77907136,85,76.3,377/5521,76.3,85,76.3,82.34,11.916175,1.4459692E7,33,300843,20260430
920808.BJ,曙光数创,78.73,76.5,2.47299232,78.8,76.25,378/5521,76.5,78.8,76.25,78.73,3.319016,2880344,151,920808,20260430
603119.SH,浙江荣泰,82.51,76.43,9.99866684,82.51,76.2,379/5521,76.43,82.51,76.2,82.51,8.412211,2.2905312E7,17,603119,20260430
688777.SH,中控技术,79.29,77.07,2.36250968,79.7,76.2,379/5521,77.07,79.7,76.2,79.29,4.518461,2.2960874E7,17,688777,20260430
002865.SZ,钧达股份,80.65,76.18,4.93104346,80.92,75.9,381/5521,76.18,80.92,75.9,80.65,6.531355,2.0976567E7,33,002865,20260430
688776.SH,国光电气,80.96,76,3.48970983,82.38,75.88,382/5521,76,82.38,75.88,80.96,8.308832,2948231,17,688776,20260430
688282.SH,理工导航,77.54,78.12,-1.08432198,79.8,75.68,383/5521,78.12,79.8,75.68,77.54,5.255772,1696207,17,688282,20260430
002947.SZ,恒铭达,81.27,77.66,4.05889885,82.7,75.6,384/5521,77.66,82.7,75.6,81.27,9.090909,1.4911552E7,33,002947,20260430
688063.SH,派能科技,76.92,77.51,-1.46041507,77.7,75.51,385/5521,77.51,77.7,75.51,76.92,2.805534,1.1586465E7,17,688063,20260430
688257.SH,新锐股份,75.88,81.01,-4.46934408,81.1,75.44,386/5521,81.01,81.1,75.44,75.88,7.125771,1.1621822E7,17,688257,20260430
002049.SZ,紫光国微,77.32,75.51,1.89773326,77.68,75.24,387/5521,75.51,77.68,75.24,77.32,3.215603,3.4271829E7,33,002049,20260430
002779.SZ,中坚科技,80.05,75.23,5.81625909,82.46,75.23,388/5521,75.23,82.46,75.23,80.05,9.557171,8754246,33,002779,20260430
603308.SH,应流股份,75.58,76.38,-1.08624526,78.99,75.2,389/5521,76.38,78.99,75.2,75.58,4.960083,2.2595136E7,17,603308,20260430
300373.SZ,扬杰科技,75.88,77.71,-2.58056233,78.47,74.9,390/5521,77.71,78.47,74.9,75.88,4.583386,1.9217585E7,33,300373,20260430
920037.BJ,广信科技,75.18,76.12,-0.50291159,76.98,74.75,391/5521,76.12,76.98,74.75,75.18,2.951296,1043979,151,920037,20260430
002466.SZ,天齐锂业,80.03,75,5.97192797,81.19,74.49,392/5521,75,81.19,74.49,80.03,8.871822,1.30678533E8,33,002466,20260430
688516.SH,奥特维,81.7,75.7,7.58493548,82.5,74.2,393/5521,75.7,82.5,74.2,81.7,10.929681,1.5395632E7,17,688516,20260430
301606.SZ,绿联科技,75.78,75.05,1.36436597,76.15,73.84,394/5521,75.05,76.15,73.84,75.78,3.089887,4574337,33,301606,20260430
001283.SZ,豪鹏科技,74.88,73.59,1.76678445,77.99,73.58,395/5521,73.59,77.99,73.58,74.88,5.993476,7308029,33,001283,20260430
301538.SZ,骏鼎达,74.59,73.49,0.66126856,74.99,73,396/5521,73.49,74.99,73,74.59,2.68556,1004796,33,301538,20260430
301528.SZ,多浦乐,75.31,75.07,0.64145396,75.31,72.77,397/5521,75.07,75.31,72.77,75.31,3.39436,1107835,33,301528,20260430
002432.SZ,九安医疗,73.5,75.16,-2.20862161,76.7,72.75,398/5521,75.16,76.7,72.75,73.5,5.255455,2.4823076E7,33,002432,20260430
603092.SH,德力佳,73.0,75.36,-4.2748492,75.73,72.72,399/5521,75.36,75.73,72.72,73.0,3.947023,2246093,17,603092,20260430
688127.SH,蓝特光学,76.8,72.67,8.16901408,78.78,72.67,400/5521,72.67,78.78,72.67,76.8,8.605633,1.4882142E7,17,688127,20260430
688336.SH,三生国健,73.19,73.14,0.02733361,74.86,72.62,401/5521,73.14,74.86,72.62,73.19,3.061363,5570528,17,688336,20260430
688035.SH,德邦科技,73.83,73.9,-0.89932886,75.49,72.6,402/5521,73.9,75.49,72.6,73.83,3.879194,7549796,17,688035,20260430
688147.SH,微导纳米,79.36,72.57,8.62304955,80.81,72.5,403/5521,72.57,80.81,72.5,79.36,11.374212,1.485789E7,17,688147,20260430
688215.SH,瑞晟智能,74.8,74.34,0.53763441,74.97,72.5,403/5521,74.34,74.97,72.5,74.8,3.319892,1093852,17,688215,20260430
600486.SH,扬农化工,72.34,74.01,-2.26965685,74.38,72.31,405/5521,74.01,74.38,72.31,72.34,2.796541,4322682,17,600486,20260430
300014.SZ,亿纬锂能,72.59,73.5,-2.03778677,74.37,72.21,406/5521,73.5,74.37,72.21,72.59,2.914979,7.4690706E7,33,300014,20260430
300806.SZ,斯迪克,74.2,74,0.82891697,74.8,72.15,407/5521,74,74.8,72.15,74.2,3.601032,1.7188382E7,33,300806,20260430
688281.SH,华秦科技,74.86,71.88,3.71293987,75.97,71.88,408/5521,71.88,75.97,71.88,74.86,5.666389,3415957,17,688281,20260430
603236.SH,移远通信,72.3,73.06,-1.45836173,73.35,71.85,409/5521,73.06,73.35,71.85,72.3,2.044432,5975335,17,603236,20260430
301580.SZ,爱迪特,72.19,74,-2.77441077,75.98,71.73,410/5521,74,75.98,71.73,72.19,5.723905,4842947,33,301580,20260430
002938.SZ,鹏鼎控股,72.05,72.82,-1.05740181,74.28,71.54,411/5521,72.82,74.28,71.54,72.05,3.762702,3.6879118E7,33,002938,20260430
688131.SH,皓元医药,74.56,72.11,2.403516,75.38,71.28,412/5521,72.11,75.38,71.28,74.56,5.631094,5401822,17,688131,20260430
688625.SH,呈和科技,73.0,71.39,1.10803324,76.66,71.01,413/5521,71.39,76.66,71.01,73.0,7.825484,4131762,17,688625,20260430
301157.SZ,华塑科技,71.03,73.03,-3.59663409,78.48,70.96,414/5521,73.03,78.48,70.96,71.03,10.206297,3633493,33,301157,20260430
920029.BJ,开发科技,70.9,72.3,-2.3415978,72.47,70.51,415/5521,72.3,72.47,70.51,70.9,2.699724,1565740,151,920029,20260430
301047.SZ,义翘神州,71.05,71.01,0.15506061,71.25,70.27,416/5521,71.01,71.25,70.27,71.05,1.381449,693025,33,301047,20260430
301319.SZ,唯特偶,70.77,71.11,2.10647814,72.81,70.01,417/5521,71.11,72.81,70.01,70.77,4.039821,4669064,33,301319,20260430
301217.SZ,铜冠铜箔,78.34,72.32,10.36911806,82.49,70,418/5521,72.32,82.49,70,78.34,17.596506,7.6374368E7,33,301217,20260430
688577.SH,浙海德曼,74.66,70.5,5.82565556,74.66,70,418/5521,70.5,74.66,70,74.66,6.605244,2073401,17,688577,20260430
688622.SH,*ST禾信,74.97,70,-7.16939079,80,70,418/5521,70,80,70,74.97,12.382367,3319057,22,688622,20260430
920125.BJ,鸿仕达,87.2,70.48,29.99403697,87.2,70,418/5521,70.48,87.2,70,87.2,25.641025,4894638,151,920125,20260430
688576.SH,西山科技,70.69,69.99,1.60988932,71.35,69.95,422/5521,69.99,71.35,69.95,70.69,2.012361,473624,17,688576,20260430
300769.SZ,德方纳米,71.95,69.94,12.91588198,74.98,69.94,423/5521,69.94,74.98,69.94,71.95,7.909604,8.0779686E7,33,300769,20260430
002718.SZ,友邦吊顶,72.38,70.5,2.73953158,75.48,69.84,424/5521,70.5,75.48,69.84,72.38,8.005677,2028800,33,002718,20260430
301085.SZ,亚康股份,70.09,71.08,-1.90342897,72.49,69.8,425/5521,71.08,72.49,69.8,70.09,3.76487,4218434,33,301085,20260430
300964.SZ,本川智能,71.15,70.5,2.08034433,72.25,69.75,426/5521,70.5,72.25,69.75,71.15,3.5868,3375866,33,300964,20260430
603228.SH,景旺电子,70.17,73.54,-3.67879204,73.78,69.75,426/5521,73.54,73.78,69.75,70.17,5.531914,3.5267373E7,17,603228,20260430
002970.SZ,锐明技术,69.78,71.19,-3.28482328,71.91,69.52,428/5521,71.19,71.91,69.52,69.78,3.312543,9072267,33,002970,20260430
301213.SZ,观想科技,71.74,69.51,2.61765127,71.89,69.51,429/5521,69.51,71.89,69.51,71.74,3.404377,1554303,33,301213,20260430
688003.SH,天准科技,72.08,70.7,3.26647564,72.89,69.51,429/5521,70.7,72.89,69.51,72.08,4.842406,4268622,17,688003,20260430
300936.SZ,中英科技,72.93,70,3.7116041,75.44,69.5,431/5521,70,75.44,69.5,72.93,8.447098,3514197,33,300936,20260430
301511.SZ,德福科技,75.2,70,4.44444444,76.34,69.5,431/5521,70,76.34,69.5,75.2,9.5,5.433207E7,33,301511,20260430
920576.BJ,天力复合,72.98,70,3.66477273,75.5,69.5,431/5521,70,75.5,69.5,72.98,8.522727,3884769,151,920576,20260430
688316.SH,青云科技,69.9,71,-0.35637919,72.56,69.39,434/5521,71,72.56,69.39,69.9,4.518888,3013649,17,688316,20260430
300573.SZ,兴齐眼药,69.45,70.01,-1.29334849,70.39,69.35,435/5521,70.01,70.39,69.35,69.45,1.478112,5276672,33,300573,20260430
688233.SH,神工股份,71.28,70.5,1.81402657,71.82,69.28,436/5521,70.5,71.82,69.28,71.28,3.628053,6550198,17,688233,20260430
920186.BJ,中科仪,76.4,69.8,6.14059461,78.67,69.2,437/5521,69.8,78.67,69.2,76.4,13.156432,3.3263641E7,151,920186,20260430
300718.SZ,长盛轴承,70.52,69.07,1.42384582,70.97,69.05,438/5521,69.07,70.97,69.05,70.52,2.761397,4419946,33,300718,20260430
688261.SH,东微半导,73.46,70.95,2.09867964,73.88,69.03,439/5521,70.95,73.88,69.03,73.46,6.740792,5381088,17,688261,20260430
001306.SZ,夏厦精密,69.63,69.44,0.86918731,70.28,69.01,440/5521,69.44,70.28,69.01,69.63,1.839779,732744,33,001306,20260430
300779.SZ,惠城环保,69.82,70,-0.85203067,71.25,69.01,440/5521,70,71.25,69.01,69.82,3.180914,4362009,33,300779,20260430
688090.SH,瑞松科技,74.35,69.99,7.86304947,76.6,69.01,440/5521,69.99,76.6,69.01,74.35,11.01117,5937150,17,688090,20260430
300868.SZ,杰美特,72.49,70.72,2.51732428,75.02,69,443/5521,70.72,75.02,69,72.49,8.513647,4697200,33,300868,20260430
300731.SZ,科创新源,70.56,70.88,0.01417434,70.93,68.91,444/5521,70.88,70.93,68.91,70.56,2.863217,6521225,33,300731,20260430
301571.SZ,国科天成,69.32,69.31,-0.54519369,70.41,68.75,445/5521,69.31,70.41,68.75,69.32,2.381635,2511801,33,301571,20260430
002428.SZ,云南锗业,70.01,68.72,1.14128864,72.12,68.72,446/5521,68.72,72.12,68.72,70.01,4.911875,1.03124032E8,33,002428,20260430
301525.SZ,儒竞科技,69.9,68.74,1.04076323,70.68,68.65,447/5521,68.74,70.68,68.65,69.9,2.934374,1297811,33,301525,20260430
301148.SZ,嘉戎技术,69.01,69.56,-0.28897558,70,68.3,448/5521,69.56,70,68.3,69.01,2.456292,1738694,33,301148,20260430
605178.SH,时空科技,68.84,69.16,-0.05807201,69.59,68.18,449/5521,69.16,69.59,68.18,68.84,2.047038,2142600,17,605178,20260430
002896.SZ,中大力德,70.28,68.19,2.88391158,70.74,68.13,450/5521,68.19,70.74,68.13,70.28,3.820816,5030461,33,002896,20260430
300037.SZ,新宙邦,69.1,70.3,-2.58000846,70.52,68.12,451/5521,70.3,70.52,68.12,69.1,3.383617,3.4374411E7,33,300037,20260430
688376.SH,美埃科技,70.18,69.65,0.70311379,71.37,68.03,452/5521,69.65,71.37,68.03,70.18,4.792653,2339513,17,688376,20260430
002025.SZ,航天电器,73.19,68.7,8.15723363,74.44,67.95,453/5521,68.7,74.44,67.95,73.19,9.59066,4.2814067E7,33,002025,20260430
300816.SZ,艾可蓝,72.35,68.49,6.1940408,72.75,67.75,454/5521,68.49,72.75,67.75,72.35,7.33891,4197950,33,300816,20260430
301449.SZ,天溯计量,68.02,68.55,-0.74419962,68.69,67.7,455/5521,68.55,68.69,67.7,68.02,1.444622,982017,33,301449,20260430
688309.SH,恒誉环保,70.49,68.21,4.25972489,70.98,67.61,456/5521,68.21,70.98,67.61,70.49,4.984469,2072126,17,688309,20260430
688230.SH,芯导科技,70.98,68.39,4.22907489,71.44,67.5,457/5521,68.39,71.44,67.5,70.98,5.785609,2731324,17,688230,20260430
301169.SZ,零点有数,70.02,67.47,3.22865989,71.8,67.47,458/5521,67.47,71.8,67.47,70.02,6.383606,1799673,33,301169,20260430
300124.SZ,汇川技术,68.6,67.67,1.49430389,70.41,67.42,459/5521,67.67,70.41,67.42,68.6,4.423731,5.5779743E7,33,300124,20260430
688312.SH,燕麦科技,70.07,69.5,1.66860128,70.59,67.3,460/5521,69.5,70.59,67.3,70.07,4.77365,7786989,17,688312,20260430
301596.SZ,瑞迪智驱,68.54,67.12,1.27068558,69.14,67.12,461/5521,67.12,69.14,67.12,68.54,2.984633,513931,33,301596,20260430
688662.SH,富信科技,70.25,67.67,3.99703923,71.2,67.12,461/5521,67.67,71.2,67.12,70.25,6.03997,5236149,17,688662,20260430
301110.SZ,青木科技,67.28,68,-1.8096906,69.07,67.07,463/5521,68,69.07,67.07,67.28,2.918855,3725429,33,301110,20260430
302132.SZ,中航成飞,67.09,67.16,-0.34165181,67.64,66.9,464/5521,67.16,67.64,66.9,67.09,1.099227,5251078,33,302132,20260430
002475.SZ,立讯精密,67.0,69.48,-2.38927739,69.48,66.8,465/5521,69.48,69.48,66.8,67.0,3.904428,1.5504749E8,33,002475,20260430
301237.SZ,和顺科技,67.66,68.8,-2.57739381,69.9,66.8,465/5521,68.8,69.9,66.8,67.66,4.463642,1941700,33,301237,20260430
688663.SH,新风光,68.28,67.9,0.85672083,68.76,66.8,465/5521,67.9,68.76,66.8,68.28,2.895125,2369315,17,688663,20260430
603773.SH,沃格光电,69.35,71.83,-0.55921996,72.75,66.5,468/5521,71.83,72.75,66.5,69.35,8.961858,2.7330026E7,17,603773,20260430
688818.SH,电科蓝天,68.6,67.6,1.40428677,69.1,66.37,469/5521,67.6,69.1,66.37,68.6,4.035476,2.1197395E7,17,688818,20260430
301367.SZ,瑞迈特,66.33,67,-1.38269402,67.66,66.21,470/5521,67,67.66,66.21,66.33,2.155813,820742,33,301367,20260430
000977.SZ,浪潮信息,69.75,69.5,-3.5002767,70.5,66.15,471/5521,69.5,70.5,66.15,69.75,6.018262,1.19991057E8,33,000977,20260430
688084.SH,晶品特装,68.73,67.7,0.83626761,70.9,66.09,472/5521,67.7,70.9,66.09,68.73,7.056924,2902567,17,688084,20260430
301182.SZ,凯旺科技,69.16,67.44,2.09625037,69.72,66.08,473/5521,67.44,69.72,66.08,69.16,5.373486,2689500,33,301182,20260430
603799.SH,华友钴业,66.59,67,-1.58143659,68.62,66.04,474/5521,67,68.62,66.04,66.59,3.813183,9.1441671E7,17,603799,20260430
300965.SZ,恒宇信通,66.0,66,,66,66,475/5521,66,66,66,66.0,,,33,300965,20260430
688798.SH,艾为电子,67.61,66.24,1.69975933,67.88,65.87,476/5521,66.24,67.88,65.87,67.61,3.023465,3352471,17,688798,20260430
301387.SZ,光大同创,68.34,66.82,2.38202247,69.99,65.8,477/5521,66.82,69.99,65.8,68.34,6.277153,4093910,33,301387,20260430
688385.SH,复旦微电,68.07,70.53,-2.35260364,71.53,65.7,478/5521,70.53,71.53,65.7,68.07,8.363219,3.2219493E7,17,688385,20260430
300342.SZ,天银机电,68.31,67.1,0.07324934,70.52,65.66,479/5521,67.1,70.52,65.66,68.31,7.119835,5.4858726E7,33,300342,20260430
301323.SZ,新莱福,66.67,65.66,1.01515152,67.74,65.3,480/5521,65.66,67.74,65.3,66.67,3.696969,1623266,33,301323,20260430
688698.SH,伟创电气,68.24,65.88,3.81865206,69,65.3,480/5521,65.88,69,65.3,68.24,5.629088,5349752,17,688698,20260430
603400.SH,华之杰,67.69,65.74,2.96623061,68.65,65.2,482/5521,65.74,68.65,65.2,67.69,5.247946,1640137,17,603400,20260430
688379.SH,华光新材,65.76,69,-0.85933967,70.66,65.01,483/5521,69,70.66,65.01,65.76,8.518015,6860816,17,688379,20260430
601888.SH,中国中免,65.62,66.99,-0.50037908,67,65,484/5521,66.99,67,65,65.62,3.0326,3.3912531E7,17,601888,20260430
688710.SH,益诺思,67.0,69,-1.44160047,70.28,65,484/5521,69,70.28,65,67.0,7.76699,2406133,17,688710,20260430
603379.SH,三美股份,65.27,66.29,-1.62773173,66.35,64.8,486/5521,66.29,66.35,64.8,65.27,2.336096,7835072,17,603379,20260430
603486.SH,科沃斯,65.16,65.65,-1.52637147,66.66,64.77,487/5521,65.65,66.66,64.77,65.16,2.856279,8454147,17,603486,20260430
603325.SH,博隆技术,64.65,64.81,-0.69124424,65.17,64.48,488/5521,64.81,65.17,64.48,64.65,1.059907,552569,17,603325,20260430
301577.SZ,美信科技,67.88,64.5,5.53482587,68.73,64.38,489/5521,64.5,68.73,64.38,67.88,6.763059,1997600,33,301577,20260430
300905.SZ,宝丽迪,68.12,68.78,0.02936858,69.78,64.31,490/5521,68.78,69.78,64.31,68.12,8.032305,1.8805834E7,33,300905,20260430
301150.SZ,中一科技,68.52,65,3.86539336,70.27,64.28,491/5521,65,70.27,64.28,68.52,9.079884,1.8743548E7,33,301150,20260430
688605.SH,先锋精科,66.67,64.89,2.75893958,67.38,64.18,492/5521,64.89,67.38,64.18,66.67,4.932182,5523904,17,688605,20260430
601336.SH,新华保险,64.4,65.1,0.46801872,67.16,64.15,493/5521,65.1,67.16,64.15,64.4,4.695787,3.2424419E7,17,601336,20260430
688286.SH,敏芯股份,65.88,64.66,-10.15955271,66.58,64.06,494/5521,64.66,66.58,64.06,65.88,3.436519,5097242,17,688286,20260430
301186.SZ,超达装备,66.46,65.32,2.24615385,67.5,64.01,495/5521,65.32,67.5,64.01,66.46,5.36923,2339569,33,301186,20260430
603160.SH,汇顶科技,64.89,64.38,0.27816412,65.15,64,496/5521,64.38,65.15,64,64.89,1.777159,4325790,17,603160,20260430
301123.SZ,奕东电子,67.28,66.2,1.57004831,68.16,63.87,497/5521,66.2,68.16,63.87,67.28,6.476449,1.1240159E7,33,301123,20260430
688011.SH,新光光电,63.93,65,-2.87146764,65.7,63.7,498/5521,65,65.7,63.7,63.93,3.03859,1005767,17,688011,20260430
300624.SZ,万兴科技,63.92,65.56,-2.15827338,65.64,63.68,499/5521,65.56,65.64,63.68,63.92,3.000153,7888815,33,300624,20260430
603090.SH,宏盛股份,64.15,66.5,-4.11061286,66.89,63.6,500/5521,66.5,66.89,63.6,64.15,4.917787,5568780,17,603090,20260430
603667.SH,五洲新春,66.38,63.63,3.47622759,67.3,63.6,500/5521,63.63,67.3,63.6,66.38,5.767731,1.6931065E7,17,603667,20260430
301293.SZ,三博脑科,64.12,63.59,0.37570445,64.49,63.55,502/5521,63.59,64.49,63.55,64.12,1.471509,4879853,33,301293,20260430
002943.SZ,宇晶股份,68.81,63.74,8.43050741,69.12,63.48,503/5521,63.74,69.12,63.48,68.81,8.887488,1.5456675E7,33,002943,20260430
300487.SZ,蓝晓科技,63.75,64.98,-1.93816336,65.2,63.32,504/5521,64.98,65.2,63.32,63.75,2.891862,3248482,33,300487,20260430
600487.SH,亨通光电,65.7,67.7,-2.49332146,68,63.3,505/5521,67.7,68,63.3,65.7,6.975363,1.60934768E8,17,600487,20260430
301598.SZ,博科测试,63.75,64.2,-0.70093458,64.2,63.27,506/5521,64.2,64.2,63.27,63.75,1.448598,381000,33,301598,20260430
301299.SZ,卓创资讯,64.29,63.3,0.83124216,64.88,63.2,507/5521,63.3,64.88,63.2,64.29,2.63488,1532990,33,301299,20260430
688513.SH,苑东生物,64.38,63.2,0.97239649,65.8,63.2,507/5521,63.2,65.8,63.2,64.38,4.077791,1577143,17,688513,20260430
688543.SH,国科军工,63.65,63.5,-0.20382565,64.3,63.15,509/5521,63.5,64.3,63.15,63.65,1.803073,4326852,17,688543,20260430
688401.SH,路维光电,65.28,64.33,2.14363949,65.94,63.09,510/5521,64.33,65.94,63.09,65.28,4.459396,8425164,17,688401,20260430
300073.SZ,当升科技,63.44,64.7,-2.35493305,65.2,63.05,511/5521,64.7,65.2,63.05,63.44,3.309219,2.5869662E7,33,300073,20260430
300976.SZ,达瑞电子,63.93,63.15,1.20310274,64.33,63.05,511/5521,63.15,64.33,63.05,63.93,2.026278,2355731,33,300976,20260430
600600.SH,青岛啤酒,63.41,63.21,0.31640563,63.83,62.93,513/5521,63.21,63.83,62.93,63.41,1.423825,7865025,17,600600,20260430
300496.SZ,中科创达,63.91,63.67,-0.03128422,64.1,62.88,514/5521,63.67,64.1,62.88,63.91,1.908337,1.0698933E7,33,300496,20260430
301517.SZ,陕西华达,70.2,63.22,10.62086354,71.55,62.87,515/5521,63.22,71.55,62.87,70.2,13.677907,1.0183727E7,33,301517,20260430
688456.SH,有研粉材,66.06,63.49,3.21875,66.9,62.79,516/5521,63.49,66.9,62.79,66.06,6.421875,5544867,17,688456,20260430
601138.SH,工业富联,62.88,65.9,-5.10111681,66.2,62.71,517/5521,65.9,66.2,62.71,62.88,5.267129,2.92407506E8,17,601138,20260430
688523.SH,航天环宇,65.51,62.62,4.0501906,66.44,62.5,518/5521,62.62,66.44,62.5,65.51,6.257941,7157475,17,688523,20260430
301162.SZ,国能日新,62.88,65.31,-3.70597243,65.5,62.46,519/5521,65.31,65.5,62.46,62.88,4.655436,2909877,33,301162,20260430
301251.SZ,威尔高,62.93,64.58,-0.99118943,66.63,62.44,520/5521,64.58,66.63,62.44,62.93,6.592196,3654472,33,301251,20260430
920009.BJ,丹娜生物,62.98,63.55,-1.59375,63.69,62.33,521/5521,63.55,63.69,62.33,62.98,2.125,225865,151,920009,20260430
688607.SH,康众医疗,66.03,64,5.09310839,66.5,62.3,522/5521,64,66.5,62.3,66.03,6.684704,1924018,17,688607,20260430
300919.SZ,中伟新材,63.73,64.96,-2.49388005,65.33,62.27,523/5521,64.96,65.33,62.27,63.73,4.681762,3.1967335E7,33,300919,20260430
688143.SH,长盈通,62.4,64.52,-2.39324261,65.2,62.18,524/5521,64.52,65.2,62.18,62.4,4.723916,7499336,17,688143,20260430
301053.SZ,远信工业,64.0,63.51,0,65.1,62.1,525/5521,63.51,65.1,62.1,64.0,4.6875,8856615,33,301053,20260430
301333.SZ,诺思格,63.76,63.01,0.45690878,64.6,62.02,526/5521,63.01,64.6,62.02,63.76,4.064912,1090967,33,301333,20260430
001332.SZ,锡装股份,62.8,63.94,-1.82898234,63.95,62,527/5521,63.94,63.95,62,62.8,3.048303,2601940,33,001332,20260430
301061.SZ,匠心家居,62.2,63,-4.27823946,63.25,61.85,528/5521,63,63.25,61.85,62.2,2.154509,3735650,33,301061,20260430
688122.SH,西部超导,64.72,62.2,2.94257993,65.16,61.78,529/5521,62.2,65.16,61.78,64.72,5.376173,2.2316004E7,17,688122,20260430
300474.SZ,景嘉微,65.98,61.9,6.90213869,66.78,61.73,530/5521,61.9,66.78,61.73,65.98,8.182112,2.0739379E7,33,300474,20260430
688611.SH,杭州柯林,63.06,61.73,0.63836578,64.21,61.73,530/5521,61.73,64.21,61.73,63.06,3.957867,836531,17,688611,20260430
301327.SZ,华宝新能,62.5,63.38,-2.11433046,63.7,61.68,532/5521,63.38,63.7,61.68,62.5,3.163664,2504284,33,301327,20260430
605098.SH,行动教育,61.75,62.69,-1.51515152,63.2,61.67,533/5521,62.69,63.2,61.67,61.75,2.440191,1383500,17,605098,20260430
603605.SH,珀莱雅,61.88,62.09,-0.6263048,62.48,61.61,534/5521,62.09,62.48,61.61,61.88,1.397141,2753533,17,603605,20260430
603979.SH,金诚信,62.3,62.56,-0.84354608,63.15,61.6,535/5521,62.56,63.15,61.6,62.3,2.466974,7805301,17,603979,20260430
603699.SH,纽威股份,62.74,62.55,5.03934371,65.6,61.51,536/5521,62.55,65.6,61.51,62.74,6.84748,1.6133146E7,17,603699,20260430
688185.SH,康希诺,61.51,63.06,-2.82780411,63.48,61.45,537/5521,63.06,63.48,61.45,61.51,3.206951,2306650,17,688185,20260430
300503.SZ,昊志机电,62.65,63.8,-2.7173913,64.4,61.36,538/5521,63.8,64.4,61.36,62.65,4.720496,1.7515777E7,33,300503,20260430
603200.SH,上海洗霸,62.03,61.36,0.1291364,62.99,61.36,538/5521,61.36,62.99,61.36,62.03,2.631154,4743626,17,603200,20260430
688448.SH,磁谷科技,63.51,63.1,0.2683928,63.77,61.31,540/5521,63.1,63.77,61.31,63.51,3.883801,1147766,17,688448,20260430
301328.SZ,维峰电子,62.16,61.68,0.64766839,63.11,61.21,541/5521,61.68,63.11,61.21,62.16,3.076424,1336735,33,301328,20260430
603606.SH,东方电缆,62.13,63,-1.98769522,63.12,61.19,542/5521,63,63.12,61.19,62.13,3.044644,1.5160397E7,17,603606,20260430
301389.SZ,隆扬电子,62.49,64,-4.02395945,64.28,61.16,543/5521,64,64.28,61.16,62.49,4.79189,1.2433223E7,33,301389,20260430
603459.SH,红板科技,61.73,62.63,0.0162022,64,61.15,544/5521,62.63,64,61.15,61.73,4.617627,1.4862018E7,17,603459,20260430
688816.SH,易思维,61.38,62.52,-3.64207221,62.52,61.15,544/5521,62.52,62.52,61.15,61.38,2.150706,1833164,17,688816,20260430
688239.SH,航宇科技,68.48,61.31,13.47141674,69.31,61.1,546/5521,61.31,69.31,61.1,68.48,13.603976,1.7325951E7,17,688239,20260430
300720.SZ,海川智能,63.12,62.01,0.76628352,64.1,61.08,547/5521,62.01,64.1,61.08,63.12,4.8212,8827291,33,300720,20260430
688580.SH,伟思医疗,64.26,63.14,1.19685039,68,61.01,548/5521,63.14,68,61.01,64.26,11.007874,6373026,17,688580,20260430
301633.SZ,港迪技术,62.15,61.32,1.35355512,62.29,60.9,549/5521,61.32,62.29,60.9,62.15,2.266797,354500,33,301633,20260430
688202.SH,美迪西,63.26,69.1,-3.78707224,69.99,60.88,550/5521,69.1,69.99,60.88,63.26,13.855513,1.1008656E7,17,688202,20260430
301021.SZ,英诺激光,61.5,62,-1.45809966,62.81,60.86,551/5521,62,62.81,60.86,61.5,3.124499,3607605,33,301021,20260430
301155.SZ,海力风电,62.54,61.61,1.32858069,62.87,60.81,552/5521,61.61,62.87,60.81,62.54,3.337653,4468488,33,301155,20260430
300984.SZ,金沃股份,63.75,60.75,5.0247117,65.3,60.63,553/5521,60.75,65.3,60.63,63.75,7.693574,4467570,33,300984,20260430
688700.SH,东威科技,61.1,62.4,-2.08333333,62.5,60.5,554/5521,62.4,62.5,60.5,61.1,3.205128,1.2115384E7,17,688700,20260430
688193.SH,仁度生物,60.62,62.1,-1.70261067,63.56,60.44,555/5521,62.1,63.56,60.44,60.62,5.059185,1105227,17,688193,20260430
603286.SH,日盈电子,64.52,60.4,6.57416584,65.66,60.4,556/5521,60.4,65.66,60.4,64.52,8.68847,5039600,17,603286,20260430
603150.SH,万朗磁塑,60.63,61.77,-0.86657946,62.79,60.35,557/5521,61.77,62.79,60.35,60.63,3.989535,1722100,17,603150,20260430
301310.SZ,鑫宏业,66.65,60.29,8.5504886,67.3,60.29,558/5521,60.29,67.3,60.29,66.65,11.416938,7582046,33,301310,20260430
300895.SZ,铜牛信息,61.0,63.15,-3.35868188,63.7,60.28,559/5521,63.15,63.7,60.28,61.0,5.41825,1.1171168E7,33,300895,20260430
002335.SZ,科华数据,60.89,62.01,-1.47249191,62.29,60.12,560/5521,62.01,62.29,60.12,60.89,3.511326,2.0096552E7,33,002335,20260430
002338.SZ,奥普光电,61.06,61.08,-0.31020408,61.58,60.11,561/5521,61.08,61.58,60.11,61.06,2.4,6657020,33,002338,20260430
688399.SH,硕世生物,61.75,60.49,1.72981878,63.38,60.11,561/5521,60.49,63.38,60.11,61.75,5.387149,1395358,17,688399,20260430
920227.BJ,美登科技,61.59,60.12,1.68400198,62.3,60.02,563/5521,60.12,62.3,60.02,61.59,3.764239,534353,151,920227,20260430
603530.SH,神马电力,60.95,62.15,-2.07262211,62.21,60.01,564/5521,62.15,62.21,60.01,60.95,3.534704,4974839,17,603530,20260430
688581.SH,安杰思,60.6,62.5,-3.45706548,62.6,60.01,564/5521,62.5,62.6,60.01,60.6,4.126174,1811320,17,688581,20260430
300617.SZ,安靠智电,60.32,62,-2.09381594,62.8,59.97,566/5521,62,62.8,59.97,60.32,4.59341,6801533,33,300617,20260430
301617.SZ,博苑股份,60.03,61.32,-2.45368866,61.54,59.97,566/5521,61.32,61.54,59.97,60.03,2.551186,2009612,33,301617,20260430
603257.SH,中国瑞林,60.01,60.58,-1.97647828,61.12,59.93,568/5521,60.58,61.12,59.93,60.01,1.943809,1847555,17,603257,20260430
688073.SH,毕得医药,63.52,59.9,6.34522016,65.96,59.9,569/5521,59.9,65.96,59.9,63.52,10.145655,4635139,17,688073,20260430
688112.SH,鼎阳科技,61.58,62.81,0,62.94,59.89,570/5521,62.81,62.94,59.89,61.58,4.952906,3487386,17,688112,20260430
688170.SH,德龙激光,60.46,60,3.08610401,62.62,59.69,571/5521,60,62.62,59.69,60.46,4.995737,7761077,17,688170,20260430
688337.SH,普源精电,60.39,60.58,-1.66096727,61.78,59.69,571/5521,60.58,61.78,59.69,60.39,3.403354,5161652,17,688337,20260430
301636.SZ,泽润新能,61.29,60.17,0.77277211,61.46,59.5,573/5521,60.17,61.46,59.5,61.29,3.222624,1366602,33,301636,20260430
300695.SZ,兆丰股份,60.47,60.9,0.28192371,61.68,59.47,574/5521,60.9,61.68,59.47,60.47,3.665008,1251960,33,300695,20260430
688166.SH,博瑞医药,63.1,59.4,6.76818951,65.5,59.4,575/5521,59.4,65.5,59.4,63.1,10.321489,1.6009778E7,17,688166,20260430
300054.SZ,鼎龙股份,62.36,59.8,5.74868577,63.18,59.3,576/5521,59.8,63.18,59.3,62.36,6.579616,4.2779088E7,33,300054,20260430
603538.SH,美诺华,62.46,62.99,-4.34915773,63.45,59.14,577/5521,62.99,63.45,59.14,62.46,6.600306,5.9409794E7,17,603538,20260430
601318.SH,中国平安,59.37,59.12,-0.10095911,60.6,59.12,578/5521,59.12,60.6,59.12,59.37,2.490324,1.06301044E8,17,601318,20260430
688726.SH,拉普拉斯,62.24,60.06,3.61245214,63.22,59.02,579/5521,60.06,63.22,59.02,62.24,6.991842,1.6183367E7,17,688726,20260430
603391.SH,力聚热能,60.59,59,-4.2055336,62.99,59,580/5521,59,62.99,59,60.59,6.3083,1760534,17,603391,20260430
603179.SH,新泉股份,61.4,58.96,7.02457731,63.06,58.96,581/5521,58.96,63.06,58.96,61.4,7.146592,3.2128803E7,17,603179,20260430
688103.SH,国力电子,60.19,58.96,1.21069447,60.57,58.96,581/5521,58.96,60.57,58.96,60.19,2.707247,1505369,17,688103,20260430
603389.SH,*ST亚振,61.82,61.7,4.99320652,61.82,58.81,583/5521,61.7,61.82,58.81,61.82,5.112092,2946914,22,603389,20260430
600660.SH,福耀玻璃,58.87,59.4,-0.89225589,59.49,58.8,584/5521,59.4,59.49,58.8,58.87,1.161616,9965645,17,600660,20260430
688719.SH,爱科赛博,59.96,60,1.0959366,61.2,58.75,585/5521,60,61.2,58.75,59.96,4.130837,2785095,17,688719,20260430
603087.SH,甘李药业,58.85,59.91,-1.60508276,59.97,58.7,586/5521,59.91,59.97,58.7,58.85,2.12339,6081580,17,603087,20260430
688559.SH,海目星,58.61,61.51,-2.88318144,62.99,58.61,587/5521,61.51,62.99,58.61,58.61,7.257663,1.2381636E7,17,688559,20260430
002847.SZ,盐津铺子,58.72,61,-1.50956055,61.2,58.57,588/5521,61,61.2,58.57,58.72,4.411271,5850202,33,002847,20260430
002709.SZ,天赐材料,60.51,59.59,2.00606878,61,58.53,589/5521,59.59,61,58.53,60.51,4.163857,1.82189153E8,33,002709,20260430
688305.SH,科德数控,60.47,58.4,2.11077339,60.85,58.36,590/5521,58.4,60.85,58.36,60.47,4.20466,2771272,17,688305,20260430
688290.SH,景业智能,60.01,58.31,2.40614334,60.39,58.31,591/5521,58.31,60.39,58.31,60.01,3.549488,1805051,17,688290,20260430
301099.SZ,雅创电子,58.47,59.3,-1.11618468,59.76,58.1,592/5521,59.3,59.76,58.1,58.47,2.807373,6985779,33,301099,20260430
605060.SH,联德股份,58.54,58.96,-1.69605374,60.75,58.1,592/5521,58.96,60.75,58.1,58.54,4.450041,8735333,17,605060,20260430
301393.SZ,昊帆生物,58.82,58.87,-0.44008125,59.92,58.09,594/5521,58.87,59.92,58.09,58.82,3.097494,1277044,33,301393,20260430
603728.SH,鸣志电器,59.35,58.16,1.53977759,59.92,58.01,595/5521,58.16,59.92,58.01,59.35,3.26775,6134400,17,603728,20260430
301349.SZ,信德新材,58.73,59.35,-1.1778563,59.87,58,596/5521,59.35,59.87,58,58.73,3.146558,3144000,33,301349,20260430
000628.SZ,高新发展,66.18,59.97,10.00664894,66.18,57.9,597/5521,59.97,66.18,57.9,66.18,13.763297,1.8647407E7,33,000628,20260430
301105.SZ,鸿铭股份,59.1,58.7,0.33955857,60.33,57.9,597/5521,58.7,60.33,57.9,59.1,4.125636,794700,33,301105,20260430
688045.SH,必易微,60.65,58.69,3.19891101,61.98,57.82,599/5521,58.69,61.98,57.82,60.65,7.078441,3336345,17,688045,20260430
003009.SZ,中天火箭,60.06,57.8,2.82485876,60.15,57.8,600/5521,57.8,60.15,57.8,60.06,4.023283,4368974,33,003009,20260430
301317.SZ,鑫磊股份,58.88,58.88,-1.94837635,61.16,57.8,600/5521,58.88,61.16,57.8,58.88,5.595337,4938951,33,301317,20260430
300904.SZ,威力传动,58.7,59.22,-0.50847458,59.22,57.7,602/5521,59.22,59.22,57.7,58.7,2.576271,942335,33,300904,20260430
300613.SZ,富瀚微,59.05,59.44,-0.88956026,60.52,57.66,603/5521,59.44,60.52,57.66,59.05,4.800268,3.0189207E7,33,300613,20260430
688789.SH,宏华数科,60.12,58,-10.33557047,62.5,57.66,603/5521,58,62.5,57.66,60.12,7.218493,9721504,17,688789,20260430
601689.SH,拓普集团,60.14,57.51,4.44598819,60.88,57.5,605/5521,57.51,60.88,57.5,60.14,5.870093,5.0097773E7,17,601689,20260430
300836.SZ,佰奥智能,59.81,57.48,2.80165005,60.82,57.48,606/5521,57.48,60.82,57.48,59.81,5.740804,2646004,33,300836,20260430
002149.SZ,西部材料,63.51,57.46,9.99307239,63.51,57.46,607/5521,57.46,63.51,57.46,63.51,10.478004,7.6425309E7,33,002149,20260430
600549.SH,厦门钨业,57.78,58.5,-2.84176896,60.07,57.4,608/5521,58.5,60.07,57.4,57.78,4.489658,6.9232522E7,17,600549,20260430
301687.SZ,新广益,57.8,58.01,-0.34482759,58.65,57.37,609/5521,58.01,58.65,57.37,57.8,2.206896,2230623,33,301687,20260430
688626.SH,翔宇医疗,58.64,57.35,1.38312586,58.77,57.34,610/5521,57.35,58.77,57.34,58.64,2.472337,1228167,17,688626,20260430
000657.SZ,中钨高新,58.19,58,1.53550864,59.9,57.3,611/5521,58,59.9,57.3,58.19,4.53673,1.24194845E8,33,000657,20260430
301097.SZ,天益医疗,58.63,57.89,1.27828641,59.39,57.27,612/5521,57.89,59.39,57.27,58.63,3.662117,662915,33,301097,20260430
688097.SH,博众精工,57.78,57.73,0.64448702,58.9,57.2,613/5521,57.73,58.9,57.2,57.78,2.961156,7391468,17,688097,20260430
605298.SH,必得科技,58.67,60.06,-0.89527027,60.06,57.13,614/5521,60.06,60.06,57.13,58.67,4.949324,2049900,17,605298,20260430
300863.SZ,卡倍亿,57.19,57.61,-1.31147541,58.25,57.1,615/5521,57.61,58.25,57.1,57.19,1.984469,2545029,33,300863,20260430
688621.SH,阳光诺和,57.68,58.8,-1.50273224,58.8,57.08,616/5521,58.8,58.8,57.08,57.68,2.937158,2090984,17,688621,20260430
688278.SH,特宝生物,58.25,59.22,-1.85341196,59.22,57.01,617/5521,59.22,59.22,57.01,58.25,3.723673,5010413,17,688278,20260430
002931.SZ,锋龙股份,57.38,57.3,0.54319257,58.51,57,618/5521,57.3,58.51,57,57.38,2.645873,8820846,33,002931,20260430
301160.SZ,翔楼新材,59.88,57.65,4.72193075,60.5,57,618/5521,57.65,60.5,57,59.88,6.121021,3868631,33,301160,20260430
688036.SH,传音控股,57.75,58.2,-1.18069815,58.8,56.96,620/5521,58.2,58.8,56.96,57.75,3.148528,1.3792586E7,17,688036,20260430
301678.SZ,新恒汇,58.79,57.5,2.58244634,59.05,56.92,621/5521,57.5,59.05,56.92,58.79,3.716628,2220462,33,301678,20260430
300841.SZ,康华生物,57.08,57.5,-0.90277778,57.94,56.9,622/5521,57.5,57.94,56.9,57.08,1.805555,1170700,33,300841,20260430
603115.SH,海星股份,56.89,58.45,-1.40381282,59.45,56.83,623/5521,58.45,59.45,56.83,56.89,4.540727,5126800,17,603115,20260430
688799.SH,华纳药厂,58.68,57.81,0.80742141,58.85,56.77,624/5521,57.81,58.85,56.77,58.68,3.573269,3203897,17,688799,20260430
688295.SH,中复神鹰,57.15,56.69,-2.49104248,59,56.68,625/5521,56.69,59,56.68,57.15,3.958368,1.6989304E7,17,688295,20260430
002897.SZ,意华股份,57.43,58.49,-1.8122756,59.1,56.64,626/5521,58.49,59.1,56.64,57.43,4.205847,1.2927049E7,33,002897,20260430
603713.SH,密尔克卫,56.87,58,-1.82979458,58,56.63,627/5521,58,58,56.63,56.87,2.364923,1365411,17,603713,20260430
688563.SH,航材股份,57.43,56.7,1.10915493,57.89,56.6,628/5521,56.7,57.89,56.6,57.43,2.271126,2438483,17,688563,20260430
688646.SH,ST逸飞,59.3,57.29,3.96213184,59.3,56.6,628/5521,57.29,59.3,56.6,59.3,4.73352,1158305,22,688646,20260430
301233.SZ,盛帮股份,57.29,57,1.4700673,57.55,56.41,630/5521,57,57.55,56.41,57.29,2.019128,968100,33,301233,20260430
300677.SZ,英科医疗,57.02,58,-1.31533403,59.95,56.35,631/5521,58,59.95,56.35,57.02,6.230529,1.11026E7,33,300677,20260430
688192.SH,迪哲医药,56.7,56.2,2.10696921,59.1,56.2,632/5521,56.2,59.1,56.2,56.7,5.222402,4009424,17,688192,20260430
605588.SH,冠石科技,56.84,56.47,-0.28070175,57.3,56.1,633/5521,56.47,57.3,56.1,56.84,2.105263,1646300,17,605588,20260430
300819.SZ,聚杰微纤,56.94,59.47,-3.06435138,59.74,56.05,634/5521,59.47,59.74,56.05,56.94,6.28192,6056000,33,300819,20260430
300807.SZ,天迈科技,56.02,56.02,,56.02,56.02,635/5521,56.02,56.02,56.02,56.02,,,33,300807,20260430
002929.SZ,润建股份,59.68,56.18,10.00921659,59.68,55.66,636/5521,56.18,59.68,55.66,59.68,7.410138,3.0198011E7,33,002929,20260430
688631.SH,莱斯信息,56.52,56,0.64102564,56.86,55.61,637/5521,56,56.86,55.61,56.52,2.225783,1443835,17,688631,20260430
301096.SZ,百诚医药,58.56,55.8,4.66487936,58.78,55.55,638/5521,55.8,58.78,55.55,58.56,5.773011,4126766,33,301096,20260430
001233.SZ,海安集团,60.63,58.5,1.88203663,62.95,55.5,639/5521,58.5,62.95,55.5,60.63,12.518904,5280482,33,001233,20260430
002653.SZ,海思科,58.53,55.58,5.40248514,58.75,55.3,640/5521,55.58,58.75,55.3,58.53,6.212857,7295299,33,002653,20260430
603950.SH,长源东谷,55.65,56.2,-1.04907539,58.38,55.3,640/5521,56.2,58.38,55.3,55.65,5.476529,8747680,17,603950,20260430
002240.SZ,盛新锂能,60.09,55.26,9.99450851,60.09,55.26,642/5521,55.26,60.09,55.26,60.09,8.841295,8.893605E7,33,002240,20260430
603662.SH,柯力传感,56.2,55.25,1.40743414,57.1,55.23,643/5521,55.25,57.1,55.23,56.2,3.374233,3776874,17,603662,20260430
301568.SZ,思泰克,56.97,55.9,1.93236715,57.58,55.15,644/5521,55.9,57.58,55.15,56.97,4.347826,5142809,33,301568,20260430
920012.BJ,创达新材,59.0,55.16,6.00071865,60.5,55.15,644/5521,55.16,60.5,55.15,59.0,9.611929,3494205,151,920012,20260430
301289.SZ,国缆检测,55.56,55.13,0.59750136,56.77,55.13,646/5521,55.13,56.77,55.13,55.56,2.9694,674400,33,301289,20260430
688396.SH,华润微,56.65,55.5,1.96184305,57,55.11,647/5521,55.5,57,55.11,56.65,3.401727,3.0492921E7,17,688396,20260430
001326.SZ,联域股份,56.19,56.43,-0.47821467,56.82,55.1,648/5521,56.43,56.82,55.1,56.19,3.046404,1092324,33,001326,20260430
003043.SZ,华亚智能,57.84,55.55,4.59312839,58.88,55.06,649/5521,55.55,58.88,55.06,57.84,6.907775,4489561,33,003043,20260430
603338.SH,浙江鼎力,55.12,57.71,-4.96551724,57.91,55.02,650/5521,57.71,57.91,55.02,55.12,4.982758,1.31203E7,17,603338,20260430
301291.SZ,明阳电气,58.94,60.18,-5.02739285,61.18,55.01,651/5521,60.18,61.18,55.01,58.94,9.941991,2.6478756E7,33,301291,20260430
001221.SZ,悍高集团,57.02,55.25,2.73873874,58.84,55,652/5521,55.25,58.84,55,57.02,6.918918,3084973,33,001221,20260430
300450.SZ,先导智能,55.22,55.55,-1.05715822,56.33,55,652/5521,55.55,56.33,55,55.22,2.383085,4.7814975E7,33,300450,20260430
300668.SZ,杰恩股份,55.29,61.3,-9.73061224,66.96,55,652/5521,61.3,66.96,55,55.29,19.52653,1.13684E7,33,300668,20260430
920522.BJ,纳科诺尔,55.24,57.99,-1.18067979,58,54.97,655/5521,57.99,58,54.97,55.24,5.420393,4029291,151,920522,20260430
603171.SH,税友股份,55.29,55.6,-0.55755396,56.06,54.91,656/5521,55.6,56.06,54.91,55.29,2.068345,4926680,17,603171,20260430
688237.SH,超卓航科,56.33,55.55,1.51378627,56.4,54.88,657/5521,55.55,56.4,54.88,56.33,2.739232,1113983,17,688237,20260430
300469.SZ,信息发展,59.67,55.07,6.93548387,62.5,54.87,658/5521,55.07,62.5,54.87,59.67,13.673835,1.5904151E7,33,300469,20260430
920106.BJ,林泰新材,55.88,59.96,-11.28750595,59.97,54.73,659/5521,59.96,59.97,54.73,55.88,8.31878,2561703,151,920106,20260430
002796.SZ,世嘉科技,55.07,55.01,0.56610665,56.86,54.62,660/5521,55.01,56.86,54.62,55.07,4.090577,9812039,33,002796,20260430
301498.SZ,乖宝宠物,54.8,56.11,-2.31729055,56.41,54.58,661/5521,56.11,56.41,54.58,54.8,3.262032,6537638,33,301498,20260430
301033.SZ,迈普医学,55.06,55.81,-1.1844939,56,54.46,662/5521,55.81,56,54.46,55.06,2.763819,1106271,33,301033,20260430
603688.SH,石英股份,55.18,55.67,-0.88018682,55.93,54.3,663/5521,55.67,55.93,54.3,55.18,2.927968,2.0601838E7,17,603688,20260430
301336.SZ,趣睡科技,55.75,54.31,2.63254786,57.2,54.29,664/5521,54.31,57.2,54.29,55.75,5.357142,1349610,33,301336,20260430
600132.SH,重庆啤酒,55.01,55.49,-2.1000178,55.73,54.28,665/5521,55.49,55.73,54.28,55.01,2.58053,5960476,17,600132,20260430
300347.SZ,泰格医药,55.2,55.55,-2.09294076,56.59,54.27,666/5521,55.55,56.59,54.27,55.2,4.114934,1.6359774E7,33,300347,20260430
301622.SZ,英思特,54.48,54.72,-0.76502732,55.18,54.26,667/5521,54.72,55.18,54.26,54.48,1.675774,1248059,33,301622,20260430
688568.SH,中科星图,56.65,54.51,3.37591241,57.18,54.24,668/5521,54.51,57.18,54.24,56.65,5.364963,1.3370594E7,17,688568,20260430
000423.SZ,东阿阿胶,55.0,54.84,0.3649635,55.56,54.15,669/5521,54.84,55.56,54.15,55.0,2.572992,5889737,33,000423,20260430
603016.SH,新宏泰,54.94,58.5,-8.249833,60.86,54.13,670/5521,58.5,60.86,54.13,54.94,11.239144,9623800,17,603016,20260430
688328.SH,深科达,54.18,55.53,-0.47759001,58.49,54.11,671/5521,55.53,58.49,54.11,54.18,8.045554,1.3164197E7,17,688328,20260430
001223.SZ,欧克科技,55.72,54.97,1.30909091,56.93,54.09,672/5521,54.97,56.93,54.09,55.72,5.163636,1582540,33,001223,20260430
001325.SZ,元创股份,54.65,54.88,-0.52784856,55.56,54.04,673/5521,54.88,55.56,54.04,54.65,2.766654,2279900,33,001325,20260430
001212.SZ,中旗新材,55.77,54.14,2.33027523,56.26,54.01,674/5521,54.14,56.26,54.01,55.77,4.12844,6827943,33,001212,20260430
300938.SZ,信测标准,56.85,54.31,4.6961326,57.32,54,675/5521,54.31,57.32,54,56.85,6.11418,1.7176641E7,33,300938,20260430
301178.SZ,天亿马,54.55,54.54,0.05502568,55.5,54,675/5521,54.54,55.5,54,54.55,2.751283,1628090,33,301178,20260430
688091.SH,上海谊众,55.35,54.95,0.72793449,56.89,53.98,677/5521,54.95,56.89,53.98,55.35,5.295723,5036314,17,688091,20260430
003033.SZ,征和工业,56.3,54.3,3.56880059,56.88,53.91,678/5521,54.3,56.88,53.91,56.3,5.463576,1692700,33,003033,20260430
688606.SH,奥泰生物,54.01,55.2,-1.36961286,55.2,53.89,679/5521,55.2,55.2,53.89,54.01,2.392257,432758,17,688606,20260430
600276.SH,恒瑞医药,53.88,55.04,-2.01854883,55.04,53.81,680/5521,55.04,55.04,53.81,53.88,2.23677,7.1248482E7,17,600276,20260430
605287.SH,德才股份,55.32,55.43,-0.55725328,57.29,53.75,681/5521,55.43,57.29,53.75,55.32,6.363472,9366381,17,605287,20260430
000893.SZ,亚钾国际,54.05,55.49,-1.95900599,55.6,53.62,682/5521,55.49,55.6,53.62,54.05,3.59151,1.3072221E7,33,000893,20260430
001267.SZ,汇绿生态,53.96,54.01,0.07418398,56.7,53.58,683/5521,54.01,56.7,53.58,53.96,5.78635,4.9680775E7,33,001267,20260430
002080.SZ,中材科技,55.17,57.01,-3.04042179,57.23,53.51,684/5521,57.01,57.23,53.51,55.17,6.537785,4.8540638E7,33,002080,20260430
000831.SZ,中国稀土,54.44,54.35,0.75883768,55.2,53.5,685/5521,54.35,55.2,53.5,54.44,3.1464,5.7112921E7,33,000831,20260430
601126.SH,四方股份,56.05,53.98,3.81552139,56.36,53.5,685/5521,53.98,56.36,53.5,56.05,5.297277,3.5432059E7,17,601126,20260430
688226.SH,威腾电气,55.72,54.18,3.8583411,56.23,53.5,685/5521,54.18,56.23,53.5,55.72,5.088536,9224885,17,688226,20260430
688083.SH,中望软件,56.71,53.46,5.72334079,57.92,53.46,688/5521,53.46,57.92,53.46,56.71,8.31469,5164080,17,688083,20260430
300684.SZ,中石科技,54.38,55.61,-2.33477011,56.4,53.44,689/5521,55.61,56.4,53.44,54.38,5.316091,1.1516365E7,33,300684,20260430
603283.SH,赛腾股份,53.83,53.98,0.05576208,55.25,53.41,690/5521,53.98,55.25,53.41,53.83,3.420074,1.6728604E7,17,603283,20260430
688765.SH,禾元生物,55.07,53.87,3.2239925,55.29,53.08,691/5521,53.87,55.29,53.08,55.07,4.142455,2664287,17,688765,20260430
000538.SZ,云南白药,53.05,53.78,0,53.78,53.03,692/5521,53.78,53.78,53.03,53.05,1.41376,1.4820252E7,33,000538,20260430
301228.SZ,实朴检测,53.1,53.13,-1.84842884,55.2,53.03,692/5521,53.13,55.2,53.03,53.1,4.01109,3075000,33,301228,20260430
300756.SZ,金马游乐,53.74,53.7,0.09312721,54.6,52.96,694/5521,53.7,54.6,52.96,53.74,3.054572,2916600,33,300756,20260430
603062.SH,麦加芯彩,53.75,53.85,-1.01289134,54.9,52.92,695/5521,53.85,54.9,52.92,53.75,3.646408,1185029,17,603062,20260430
688499.SH,利元亨,54.11,55.45,-2.41659152,56.1,52.88,696/5521,55.45,56.1,52.88,54.11,5.807033,6512249,17,688499,20260430
688788.SH,科思科技,53.88,53,1.08818011,54.34,52.88,696/5521,53,54.34,52.88,53.88,2.739212,1363396,17,688788,20260430
603650.SH,彤程新材,53.96,53.48,-1.53284672,54.38,52.84,698/5521,53.48,54.38,52.84,53.96,2.810218,1.5247831E7,17,603650,20260430
301043.SZ,绿岛风,54.74,54,2.9915334,55.99,52.83,699/5521,54,55.99,52.83,54.74,5.945437,1121500,33,301043,20260430
688248.SH,南网科技,54.91,55.52,-2.71084337,55.99,52.73,700/5521,55.52,55.99,52.73,54.91,5.776045,6885482,17,688248,20260430
688485.SH,九州一轨,55.2,54.3,1.84501845,56.91,52.58,701/5521,54.3,56.91,52.58,55.2,7.988929,1.2694268E7,17,688485,20260430
001317.SZ,三羊马,52.83,52.88,0.24667932,54.03,52.55,702/5521,52.88,54.03,52.55,52.83,2.808349,3282315,33,001317,20260430
301071.SZ,力量钻石,54.01,52.55,3.50709084,54.58,52.51,703/5521,52.55,54.58,52.51,54.01,3.967037,1.3666367E7,33,301071,20260430
300913.SZ,兆龙互连,52.59,52.67,0.43926662,54.3,52.5,704/5521,52.67,54.3,52.5,52.59,3.437738,4745773,33,300913,20260430
603786.SH,科博达,53.75,52.5,2.12806384,53.98,52.48,705/5521,52.5,53.98,52.48,53.75,2.850085,2755440,17,603786,20260430
688345.SH,博力威,52.5,54,-3.01126917,54,52.43,706/5521,54,54,52.43,52.5,2.900424,1574385,17,688345,20260430
300689.SZ,澄天伟业,53.76,53.84,0.03721623,54.44,52.42,707/5521,53.84,54.44,52.42,53.76,3.758838,2905500,33,300689,20260430
688001.SH,华兴源创,52.91,55.8,-3.8,55.99,52.28,708/5521,55.8,55.99,52.28,52.91,6.745454,2.3289056E7,17,688001,20260430
002768.SZ,国恩股份,52.8,54.32,-2.81612369,54.55,52.22,709/5521,54.32,54.55,52.22,52.8,4.288606,5106427,33,002768,20260430
300331.SZ,苏大维格,53.01,52.75,0.77946768,53.9,52.2,710/5521,52.75,53.9,52.2,53.01,3.231939,1.0581885E7,33,300331,20260430
301087.SZ,可孚医疗,53.02,53.9,-0.6185567,54.49,52.18,711/5521,53.9,54.49,52.18,53.02,4.329896,3919238,33,301087,20260430
301141.SZ,中科磁业,52.48,52.31,-0.79395085,53.6,52.14,712/5521,52.31,53.6,52.14,52.48,2.759924,2895700,33,301141,20260430
003018.SZ,金富科技,53.2,54,-3.37813295,54.95,52.1,713/5521,54,54.95,52.1,53.2,5.176171,1.12294E7,33,003018,20260430
688196.SH,卓越新能,52.42,53,-1.76161919,54.12,52.1,713/5521,53,54.12,52.1,52.42,3.785607,1432111,17,688196,20260430
603416.SH,信捷电气,54.36,52,3.78006873,54.5,52,715/5521,52,54.5,52,54.36,4.772814,3151816,17,603416,20260430
688545.SH,兴福电子,54.89,52.18,5.45629203,55.49,52,715/5521,52.18,55.49,52,54.89,6.705091,9998436,17,688545,20260430
300139.SZ,晓程科技,52.88,52.23,0.07570023,53.35,51.9,717/5521,52.23,53.35,51.9,52.88,2.744133,1.9227424E7,33,300139,20260430
001285.SZ,瑞立科密,52.06,52.3,-0.47792009,52.63,51.82,718/5521,52.3,52.63,51.82,52.06,1.548461,1060656,33,001285,20260430
688657.SH,浩辰软件,52.4,52.29,0.01908761,52.86,51.81,719/5521,52.29,52.86,51.81,52.4,2.004199,868372,17,688657,20260430
688805.SH,健信超导,51.98,52.82,-3.22100168,53.99,51.7,720/5521,52.82,53.99,51.7,51.98,4.263638,3908593,17,688805,20260430
603920.SH,世运电路,52.65,54.9,-3.76530799,54.9,51.69,721/5521,54.9,54.9,51.69,52.65,5.8673,3.6695597E7,17,603920,20260430
002913.SZ,奥士康,52.25,52.13,1.02474865,53.26,51.55,722/5521,52.13,53.26,51.55,52.25,3.306264,7293173,33,002913,20260430
003041.SZ,真爱美家,52.4,53.99,-0.28544244,54,51.54,723/5521,53.99,54,51.54,52.4,4.681255,4503727,33,003041,20260430
300804.SZ,广康生化,51.8,52.21,-0.65209053,55.4,51.5,724/5521,52.21,55.4,51.5,51.8,7.479861,4104830,33,300804,20260430
603267.SH,鸿远电子,52.87,51.68,2.30263158,52.97,51.5,724/5521,51.68,52.97,51.5,52.87,2.844427,7641869,17,603267,20260430
688679.SH,通源环境,52.3,51.5,-0.15273005,53.42,51.5,724/5521,51.5,53.42,51.5,52.3,3.665521,2420464,17,688679,20260430
688115.SH,思林杰,55.99,51.7,8.19323671,56.56,51.48,727/5521,51.7,56.56,51.48,55.99,9.816425,2535582,17,688115,20260430
688171.SH,纬德信息,51.79,52,-0.34635367,53,51.4,728/5521,52,53,51.4,51.79,3.078699,1011694,17,688171,20260430
920007.BJ,酉立智能,52.1,52.74,-2.48923826,53.11,51.4,728/5521,52.74,53.11,51.4,52.1,3.200449,466030,151,920007,20260430
300461.SZ,田中精机,52.78,53.04,-0.41509434,56.03,51.37,730/5521,53.04,56.03,51.37,52.78,8.792452,1.153344E7,33,300461,20260430
600111.SH,北方稀土,53.04,51.88,4.10206084,53.35,51.36,731/5521,51.88,53.35,51.36,53.04,3.905789,2.71321021E8,17,600111,20260430
002991.SZ,甘源食品,51.43,51.88,0,52.14,51.22,732/5521,51.88,52.14,51.22,51.43,1.788839,1189922,33,002991,20260430
301257.SZ,普蕊斯,52.4,54.02,-2.9988893,54.18,51.16,733/5521,54.02,54.18,51.16,52.4,5.590522,2560294,33,301257,20260430
001203.SZ,大中矿业,52.31,52,1.96881092,54.65,51.08,734/5521,52,54.65,51.08,52.31,6.959064,4.6065527E7,33,001203,20260430
301468.SZ,博盈特焊,53.96,51.07,5.72100313,55.1,51.07,735/5521,51.07,55.1,51.07,53.96,7.895768,6863237,33,301468,20260430
002294.SZ,信立泰,51.29,51.7,-1.17533719,52.25,51.02,736/5521,51.7,52.25,51.02,51.29,2.369942,1.2242477E7,33,002294,20260430
688081.SH,兴图新科,52.6,51.21,2.5141298,53,50.99,737/5521,51.21,53,50.99,52.6,3.917365,1663812,17,688081,20260430
688699.SH,明微电子,55.43,50.93,20.00432994,55.43,50.93,738/5521,50.93,55.43,50.93,55.43,9.742368,5827561,17,688699,20260430
603418.SH,友升股份,51.65,51.1,1.03677621,52.2,50.91,739/5521,51.1,52.2,50.91,51.65,2.523474,1345395,17,603418,20260430
688601.SH,力芯微,52.85,50.91,4.34353406,55.42,50.91,739/5521,50.91,55.42,50.91,52.85,8.904244,1.650602E7,17,688601,20260430
688708.SH,佳驰科技,52.1,50.9,2.47836349,54,50.9,741/5521,50.9,54,50.9,52.1,6.09756,2138122,17,688708,20260430
300346.SZ,南大光电,51.52,51,1.45726664,52.99,50.83,742/5521,51,52.99,50.83,51.52,4.253643,3.8181356E7,33,300346,20260430
688050.SH,爱博医疗,51.29,51.08,0.76620825,52.69,50.81,743/5521,51.08,52.69,50.81,51.29,3.693516,2108839,17,688050,20260430
603271.SH,永杰新材,52.0,50.98,4,52.12,50.8,744/5521,50.98,52.12,50.8,52.0,2.64,5426687,17,603271,20260430
301314.SZ,科瑞思,51.5,51.35,1.33805588,52.59,50.73,745/5521,51.35,52.59,50.73,51.5,3.659976,1463143,33,301314,20260430
688114.SH,华大智造,51.0,52.46,-2.76453765,52.6,50.66,746/5521,52.46,52.6,50.66,51.0,3.69876,4529254,17,688114,20260430
001316.SZ,润贝航科,51.9,51,10.00423908,51.9,50.58,747/5521,51,51.9,50.58,51.9,2.797795,2762840,33,001316,20260430
001337.SZ,四川黄金,53.73,50.5,5.29100529,55.2,50.5,748/5521,50.5,55.2,50.5,53.73,9.210268,2.4541613E7,33,001337,20260430
301315.SZ,威士顿,51.05,50.5,1.12916006,52.26,50.5,748/5521,50.5,52.26,50.5,51.05,3.486529,1547358,33,301315,20260430
688400.SH,凌云光,59.32,50.91,20.00809225,59.32,50.4,750/5521,50.91,59.32,50.4,59.32,18.045721,4.016277E7,17,688400,20260430
688348.SH,昱能科技,51.66,50.39,-0.44324533,51.78,50.39,751/5521,50.39,51.78,50.39,51.66,2.678743,2817254,17,688348,20260430
300260.SZ,新莱应材,51.78,50.38,3.82995789,51.97,50.28,752/5521,50.38,51.97,50.28,51.78,3.38881,1.7931994E7,33,300260,20260430
002156.SZ,通富微电,51.77,50.98,4.58585859,52.89,50.23,753/5521,50.98,52.89,50.23,51.77,5.373737,1.3203628E8,33,002156,20260430
300516.SZ,久之洋,51.4,50.61,2.9029029,51.7,50.13,754/5521,50.61,51.7,50.13,51.4,3.143143,4146655,33,300516,20260430
002992.SZ,宝明科技,52.44,50.49,3.12684366,53.49,50.1,755/5521,50.49,53.49,50.1,52.44,6.666666,3418153,33,002992,20260430
920091.BJ,大鹏工业,51.15,51,1.95335858,51.99,50,756/5521,51,51.99,50,51.15,3.966513,1106180,151,920091,20260430
603757.SH,大元泵业,50.58,50.89,-1.2109375,51.5,49.95,757/5521,50.89,51.5,49.95,50.58,3.027343,7264201,17,603757,20260430
001314.SZ,亿道信息,50.72,50.17,1.23752495,51.3,49.93,758/5521,50.17,51.3,49.93,50.72,2.73453,5408971,33,001314,20260430
002046.SZ,国机精工,52.21,50.27,4.12844037,52.69,49.9,759/5521,50.27,52.69,49.9,52.21,5.564419,1.5554637E7,33,002046,20260430
688582.SH,芯动联科,50.75,50.96,-0.60712887,51.57,49.9,759/5521,50.96,51.57,49.9,50.75,3.270661,6049070,17,688582,20260430
301607.SZ,富特科技,50.53,51.18,-3.56870229,51.72,49.84,761/5521,51.18,51.72,49.84,50.53,3.587786,6558723,33,301607,20260430
300042.SZ,朗科科技,52.27,51.41,1.692607,53.58,49.8,762/5521,51.41,53.58,49.8,52.27,7.354085,3.9036982E7,33,300042,20260430
301003.SZ,江苏博云,52.88,58.64,-10.31207598,58.88,49.71,763/5521,58.64,58.88,49.71,52.88,15.552917,1.2357262E7,33,301003,20260430
300784.SZ,利安科技,50.47,49.69,1.34538153,50.85,49.69,764/5521,49.69,50.85,49.69,50.47,2.329317,470520,33,300784,20260430
688449.SH,联芸科技,55.05,49.99,14.1405764,56.31,49.54,765/5521,49.99,56.31,49.54,55.05,14.036906,3.4242527E7,17,688449,20260430
688150.SH,莱特光电,52.66,49.45,2.89175459,56,49.45,766/5521,49.45,56,49.45,52.66,12.797967,1.9049546E7,17,688150,20260430
002311.SZ,海大集团,49.98,49.65,0.34129693,51.1,49.41,767/5521,49.65,51.1,49.41,49.98,3.392892,1.1135688E7,33,002311,20260430
688727.SH,恒坤新材,50.46,49.55,2.85364859,50.78,49.4,768/5521,49.55,50.78,49.4,50.46,2.812882,3166381,17,688727,20260430
688293.SH,奥浦迈,50.24,51.76,-2.9366306,52.5,49.39,769/5521,51.76,52.5,49.39,50.24,6.0085,2277927,17,688293,20260430
300492.SZ,华图山鼎,49.78,50.2,-1.07313196,50.58,49.32,770/5521,50.2,50.58,49.32,49.78,2.503974,2420700,33,300492,20260430
300049.SZ,福瑞医科,50.36,50.4,-0.35615354,50.87,49.3,771/5521,50.4,50.87,49.3,50.36,3.10645,7517943,33,300049,20260430
600301.SH,华锡有色,50.53,49.68,1.1206724,52.5,49.28,772/5521,49.68,52.5,49.28,50.53,6.443866,1.2262839E7,17,600301,20260430
002304.SZ,洋河股份,49.23,49.73,-1.10486139,49.83,49.23,773/5521,49.73,49.83,49.23,49.23,1.205303,5280459,33,002304,20260430
688388.SH,嘉元科技,50.18,50.94,-1.80039139,51.29,49.23,773/5521,50.94,51.29,49.23,50.18,4.031311,3.1536001E7,17,688388,20260430
301235.SZ,华康洁净,50.6,49.66,2.180937,50.93,49.21,775/5521,49.66,50.93,49.21,50.6,3.473344,3900574,33,301235,20260430
301512.SZ,智信精密,50.3,49.15,2.79991825,50.64,49.03,776/5521,49.15,50.64,49.03,50.3,3.290414,1317700,33,301512,20260430
001225.SZ,和泰机电,50.54,49.99,1.03958417,51.08,49,777/5521,49.99,51.08,49,50.54,4.158336,1219800,33,001225,20260430
603049.SH,中策橡胶,48.94,49.21,-0.89104901,49.35,48.91,778/5521,49.21,49.35,48.91,48.94,0.891049,2072533,17,603049,20260430
603293.SH,埃泰克,49.73,49.3,0.06036217,49.87,48.9,779/5521,49.3,49.87,48.9,49.73,1.95171,4050448,17,603293,20260430
300726.SZ,宏达电子,49.16,48.98,-0.16246954,50.5,48.78,780/5521,48.98,50.5,48.78,49.16,3.493095,9192057,33,300726,20260430
300881.SZ,盛德鑫泰,50.0,48.71,2.24948875,50.8,48.71,781/5521,48.71,50.8,48.71,50.0,4.274028,3192734,33,300881,20260430
300418.SZ,昆仑万维,48.86,50.21,-2.63053009,50.49,48.7,782/5521,50.21,50.49,48.7,48.86,3.567158,4.0744943E7,33,300418,20260430
301491.SZ,汉桑科技,49.2,48.85,0.96449826,49.71,48.7,782/5521,48.85,49.71,48.7,49.2,2.072645,758464,33,301491,20260430
688253.SH,英诺特,52.05,49.3,7.85329465,52.21,48.62,784/5521,49.3,52.21,48.62,52.05,7.438872,4320104,17,688253,20260430
300648.SZ,星云股份,49.46,49.18,0.36525974,49.5,48.6,785/5521,49.18,49.5,48.6,49.46,1.826298,1694567,33,300648,20260430
300991.SZ,创益通,50.68,49.16,3.80991397,50.98,48.59,786/5521,49.16,50.98,48.59,50.68,4.895534,3379268,33,300991,20260430
300785.SZ,值得买,49.32,49.6,-0.56451613,49.99,48.52,787/5521,49.6,49.99,48.52,49.32,2.963709,6355200,33,300785,20260430
301618.SZ,长联科技,48.82,48.77,0.47334843,49.35,48.52,787/5521,48.77,49.35,48.52,48.82,1.70817,385460,33,301618,20260430
688680.SH,海优新材,49.75,48.7,1.42711519,50.15,48.52,787/5521,48.7,50.15,48.52,49.75,3.323139,2326777,17,688680,20260430
000688.SZ,国城矿业,51.48,48.91,4.33725172,52.73,48.5,790/5521,48.91,52.73,48.5,51.48,8.573165,2.4702151E7,33,000688,20260430
002990.SZ,盛视科技,53.83,49.01,9.99182673,53.83,48.5,790/5521,49.01,53.83,48.5,53.83,10.890886,1.1784104E7,33,002990,20260430
688648.SH,中邮科技,49.63,50.81,-1.91699605,51,48.5,790/5521,50.81,51,48.5,49.63,4.940711,2293379,17,688648,20260430
920394.BJ,民士达,48.6,49.09,-1.1793412,49.82,48.5,790/5521,49.09,49.82,48.5,48.6,2.684017,874376,151,920394,20260430
300903.SZ,科翔股份,49.67,49.54,-1.15422886,50.83,48.44,794/5521,49.54,50.83,48.44,49.67,4.756218,2.9577255E7,33,300903,20260430
603334.SH,丰倍生物,48.55,48.93,-3.49831048,50.22,48.42,795/5521,48.93,50.22,48.42,48.55,3.577817,1695026,17,603334,20260430
301368.SZ,丰立智能,49.4,48.89,1.47904684,50,48.41,796/5521,48.89,50,48.41,49.4,3.266228,1952700,33,301368,20260430
002859.SZ,洁美科技,51.0,49.3,3.03030303,51.09,48.35,797/5521,49.3,51.09,48.35,51.0,5.535353,1.0276207E7,33,002859,20260430
300558.SZ,贝达药业,51.94,48.41,7.826448,53.45,48.27,798/5521,48.41,53.45,48.27,51.94,10.753581,2.5497018E7,33,300558,20260430
001238.SZ,浙江正特,48.9,48.5,0.30769231,49.39,48.12,799/5521,48.5,49.39,48.12,48.9,2.605128,308800,33,001238,20260430
688187.SH,时代电气,48.42,49,-1.32463827,49.26,48.02,800/5521,49,49.26,48.02,48.42,2.527002,5946817,17,688187,20260430
605100.SH,华丰股份,48.97,49.5,0.28670899,49.5,48,801/5521,49.5,49.5,48,48.97,3.071882,2569400,17,605100,20260430
688065.SH,凯赛生物,48.11,48.88,0.77503142,49.96,47.95,802/5521,48.88,49.96,47.95,48.11,4.210305,7969556,17,688065,20260430
605118.SH,力鼎光电,48.32,49.32,-1.94805195,49.4,47.93,803/5521,49.32,49.4,47.93,48.32,2.982954,4460735,17,605118,20260430
688530.SH,欧莱新材,53.2,49.22,7.04225352,56.34,47.88,804/5521,49.22,56.34,47.88,53.2,17.022132,2.2987589E7,17,688530,20260430
688665.SH,四方光电,48.96,48.06,1.76678445,49.28,47.88,804/5521,48.06,49.28,47.88,48.96,2.909997,783100,17,688665,20260430
301502.SZ,华阳智能,49.58,47.8,3.59381529,49.75,47.8,806/5521,47.8,49.75,47.8,49.58,4.074383,1749650,33,301502,20260430
603897.SH,长城科技,52.36,48.5,10,52.36,47.8,806/5521,48.5,52.36,47.8,52.36,9.579831,1.0192215E7,17,603897,20260430
688137.SH,近岸蛋白,48.48,47.85,0.41425021,49.47,47.8,806/5521,47.85,49.47,47.8,48.48,3.458989,582946,17,688137,20260430
920088.BJ,科力股份,48.44,48.8,1.70060886,49.4,47.79,809/5521,48.8,49.4,47.79,48.44,3.380222,5614675,151,920088,20260430
002230.SZ,科大讯飞,47.79,47.98,-0.56179775,48.41,47.69,810/5521,47.98,48.41,47.69,47.79,1.498127,3.8018174E7,33,002230,20260430
300832.SZ,新产业,48.25,48.03,-0.28931597,49.53,47.68,811/5521,48.03,49.53,47.68,48.25,3.823103,4725900,33,300832,20260430
301221.SZ,光庭信息,47.84,48.34,-1.09572049,48.42,47.62,812/5521,48.34,48.42,47.62,47.84,1.653917,1583936,33,301221,20260430
300618.SZ,寒锐钴业,48.18,47.55,0.47966632,49.8,47.52,813/5521,47.55,49.8,47.52,48.18,4.754953,2.0144871E7,33,300618,20260430
600363.SH,联创光电,48.0,48.11,-6.7961165,50.02,47.52,813/5521,48.11,50.02,47.52,48.0,4.854368,2.2053418E7,17,600363,20260430
601088.SH,中国神华,48.0,48.1,0.04168404,48.18,47.52,813/5521,48.1,48.18,47.52,48.0,1.375573,3.052514E7,17,601088,20260430
301599.SZ,理奇智能,62.4,48,348.59813084,62.4,47.5,816/5521,48,62.4,47.5,62.4,107.117181,4.2250787E7,33,301599,20260430
688439.SH,振华风光,48.94,48,-1.88452285,49.04,47.49,817/5521,48,49.04,47.49,48.94,3.107457,5538930,17,688439,20260430
920100.BJ,三协电机,48.83,47.47,2.86496735,50.9,47.47,818/5521,47.47,50.9,47.47,48.83,7.225616,893223,151,920100,20260430
301283.SZ,聚胶股份,48.16,48.15,0.2289282,48.26,47.36,819/5521,48.15,48.26,47.36,48.16,1.873048,981994,33,301283,20260430
001335.SZ,信凯科技,47.9,47.78,0.27213732,48.1,47.35,820/5521,47.78,48.1,47.35,47.9,1.570023,1006232,33,001335,20260430
605305.SH,中际联合,47.8,47.75,-1.23966942,48.2,47.32,821/5521,47.75,48.2,47.32,47.8,1.818181,4842338,17,605305,20260430
002785.SZ,万里石,51.16,48.36,9.99784992,51.16,47.3,822/5521,48.36,51.16,47.3,51.16,8.29929,2.3497092E7,33,002785,20260430
301286.SZ,侨源股份,50.7,47.58,7.21082681,51.95,47.23,823/5521,47.58,51.95,47.23,50.7,9.980968,5824130,33,301286,20260430
301316.SZ,慧博云通,50.95,47.16,7.51213336,51.99,47.1,824/5521,47.16,51.99,47.1,50.95,10.318632,2.2003125E7,33,301316,20260430
001226.SZ,拓山重工,47.84,47.18,1.48493848,48.08,47.08,825/5521,47.18,48.08,47.08,47.84,2.12134,1390100,33,001226,20260430
600345.SH,长江通信,48.66,50,-5.95284113,50.56,47,826/5521,50,50.56,47,48.66,6.880556,2.2872782E7,17,600345,20260430
688362.SH,甬矽电子,49.21,47.3,5.32962329,49.55,47,826/5521,47.3,49.55,47,49.21,5.458047,1.6685031E7,17,688362,20260430
688685.SH,迈信林,48.67,47.07,2.89640592,49.49,47,826/5521,47.07,49.49,47,48.67,5.26427,5291002,17,688685,20260430
603800.SH,洪田股份,51.92,47,6.4807219,52.04,46.99,829/5521,47,52.04,46.99,51.92,10.356849,1.1575845E7,17,603800,20260430
002993.SZ,奥海科技,47.49,47.9,-1.0625,48.2,46.89,830/5521,47.9,48.2,46.89,47.49,2.729166,3989200,33,002993,20260430
002032.SZ,苏泊尔,47.09,47.59,-1.05064089,47.83,46.85,831/5521,47.59,47.83,46.85,47.09,2.059256,1399117,33,002032,20260430
601021.SH,春秋航空,47.18,47.92,-0.04237288,48.2,46.82,832/5521,47.92,48.2,46.82,47.18,2.923728,8522046,17,601021,20260430
600760.SH,中航沈飞,46.97,47.1,-0.44510386,47.47,46.8,833/5521,47.1,47.47,46.8,46.97,1.420093,1.623275E7,17,600760,20260430
001396.SZ,誉帆科技,46.85,47.99,-1.80255712,48,46.79,834/5521,47.99,48,46.79,46.85,2.536155,3707929,33,001396,20260430
600418.SH,江淮汽车,47.34,47.5,-1.66181969,48.29,46.75,835/5521,47.5,48.29,46.75,47.34,3.199002,4.5793329E7,17,600418,20260430
301222.SZ,浙江恒威,48.39,48.96,-2.47883918,49.08,46.7,836/5521,48.96,49.08,46.7,48.39,4.796453,5492426,33,301222,20260430
603045.SH,福达合金,46.68,46.68,9.99057493,46.68,46.68,837/5521,46.68,46.68,46.68,46.68,0,2430700,17,603045,20260430
300946.SZ,恒而达,47.65,46.77,2.18743298,48,46.65,838/5521,46.77,48,46.65,47.65,2.895131,952924,33,300946,20260430
301613.SZ,新铝时代,46.93,46.74,0.40650407,47.09,46.6,839/5521,46.74,47.09,46.6,46.93,1.048352,859800,33,301613,20260430
688049.SH,炬芯科技,48.07,46.78,2.58215962,48.43,46.6,839/5521,46.78,48.43,46.6,48.07,3.905249,7782366,17,688049,20260430
603203.SH,快克智能,46.88,46.8,0.06403415,47.97,46.58,841/5521,46.8,47.97,46.58,46.88,2.966915,4345766,17,603203,20260430
920156.BJ,海昌智能,48.49,47,9.92972115,52.58,46.5,842/5521,47,52.58,46.5,48.49,13.783722,1.0229936E7,151,920156,20260430
301002.SZ,崧盛股份,47.89,47.38,1.11908784,49.45,46.47,843/5521,47.38,49.45,46.47,47.89,6.292229,7541840,33,301002,20260430
603284.SH,林平发展,47.02,47.25,-0.6549757,47.3,46.46,844/5521,47.25,47.3,46.46,47.02,1.774772,1403778,17,603284,20260430
603507.SH,振江股份,47.78,48.23,-3.78574305,49.44,46.39,845/5521,48.23,49.44,46.39,47.78,6.141763,1.7262241E7,17,603507,20260430
301581.SZ,黄山谷捷,46.93,46.49,1.2295082,47.44,46.38,846/5521,46.49,47.44,46.38,46.93,2.286453,507362,33,301581,20260430
600498.SH,烽火通信,46.68,49.2,-9.3592233,49.97,46.35,847/5521,49.2,49.97,46.35,46.68,7.029126,1.52136358E8,17,600498,20260430
603275.SH,众辰科技,46.32,48.92,-4.76973684,48.96,46.32,848/5521,48.92,48.96,46.32,46.32,5.427631,5948226,17,603275,20260430
603663.SH,三祥新材,46.35,47.5,-1.82164796,47.7,46.32,848/5521,47.5,47.7,46.32,46.35,2.923109,6147314,17,603663,20260430
688500.SH,慧辰股份,46.63,47.21,-1.76953866,47.33,46.2,850/5521,47.21,47.33,46.2,46.63,2.38045,1286987,17,688500,20260430
300910.SZ,瑞丰新材,46.54,46.65,-0.06441915,47.08,46.06,851/5521,46.65,47.08,46.06,46.54,2.190251,2707556,33,300910,20260430
603833.SH,欧派家居,47.0,47.9,-3.68852459,48.48,45.99,852/5521,47.9,48.48,45.99,47.0,5.102459,4997618,17,603833,20260430
688273.SH,麦澜德,46.75,46.33,0.10706638,46.97,45.92,853/5521,46.33,46.97,45.92,46.75,2.248394,892316,17,688273,20260430
002518.SZ,科士达,46.55,46.88,-1.12574342,47.1,45.83,854/5521,46.88,47.1,45.83,46.55,2.697536,1.1004985E7,33,002518,20260430
688380.SH,中微半导,47.89,45.92,4.31278589,48.16,45.8,855/5521,45.92,48.16,45.8,47.89,5.140492,1.2016852E7,17,688380,20260430
301307.SZ,美利信,46.95,47.32,0.08526967,47.9,45.78,856/5521,47.32,47.9,45.78,46.95,4.519292,9074829,33,301307,20260430
688159.SH,有方科技,47.99,45.74,9.89237463,49.59,45.74,857/5521,45.74,49.59,45.74,47.99,8.81612,8887564,17,688159,20260430
688060.SH,云涌科技,47.63,45.72,2.21030043,47.8,45.72,858/5521,45.72,47.8,45.72,47.63,4.463519,470904,17,688060,20260430
300693.SZ,盛弘股份,46.47,46.9,-1.16971501,47.35,45.71,859/5521,46.9,47.35,45.71,46.47,3.487877,1.1196389E7,33,300693,20260430
603596.SH,伯特利,45.88,45.89,-0.56350238,46.8,45.7,860/5521,45.89,46.8,45.7,45.88,2.384048,9717691,17,603596,20260430
605168.SH,三人行,47.06,48.76,-2.96907216,49.73,45.66,861/5521,48.76,49.73,45.66,47.06,8.391752,2.7573527E7,17,605168,20260430
301575.SZ,艾芬达,46.57,45.84,2.12719298,47.2,45.62,862/5521,45.84,47.2,45.62,46.57,3.464912,999282,33,301575,20260430
688682.SH,霍莱沃,47.85,46.23,4.70459519,48.3,45.57,863/5521,46.23,48.3,45.57,47.85,5.973741,2228861,17,688682,20260430
002126.SZ,银轮股份,46.02,46.68,-1.51936657,46.96,45.53,864/5521,46.68,46.96,45.53,46.02,3.060132,2.0899352E7,33,002126,20260430
920179.BJ,凯德石英,47.95,46.96,1.48148148,48.71,45.48,865/5521,46.96,48.71,45.48,47.95,6.835978,3428737,151,920179,20260430
300671.SZ,富满微,46.53,45.86,1.48309706,46.99,45.4,866/5521,45.86,46.99,45.4,46.53,3.467829,1.4730022E7,33,300671,20260430
603039.SH,泛微网络,45.55,46.5,0.68523431,47.56,45.25,867/5521,46.5,47.56,45.25,45.55,5.1061,1.0413993E7,17,603039,20260430
600893.SH,航发动力,46.25,45.4,1.73779147,46.75,45.21,868/5521,45.4,46.75,45.21,46.25,3.387593,2.8526168E7,17,600893,20260430
605090.SH,九丰能源,45.56,47.5,-3.39270568,47.88,45.19,869/5521,47.5,47.88,45.19,45.56,5.703986,3.7055197E7,17,605090,20260430
688551.SH,科威尔,46.02,45.8,1.25412541,47.5,45.19,869/5521,45.8,47.5,45.19,46.02,5.082508,2917322,17,688551,20260430
603130.SH,云中马,45.66,46.42,-1.573615,46.98,45.18,871/5521,46.42,46.98,45.18,45.66,3.880146,1836800,17,603130,20260430
688297.SH,中无人机,45.92,45.29,1.30156629,45.98,45.18,871/5521,45.29,45.98,45.18,45.92,1.764835,6957211,17,688297,20260430
688070.SH,纵横股份,45.5,45.41,-2.12949021,46.55,45.11,873/5521,45.41,46.55,45.11,45.5,3.09744,1874260,17,688070,20260430
301203.SZ,国泰环保,45.56,45.49,-0.34995626,46.49,45.1,874/5521,45.49,46.49,45.1,45.56,3.040244,1026800,33,301203,20260430
301045.SZ,天禄科技,48.4,45.8,5.6768559,49.98,45.09,875/5521,45.8,49.98,45.09,48.4,10.676855,5774439,33,301045,20260430
301609.SZ,山大电力,45.17,45.52,-0.94298246,45.82,45.05,876/5521,45.52,45.82,45.05,45.17,1.688596,1334557,33,301609,20260430
301239.SZ,普瑞眼科,46.83,45.24,3.60619469,48.32,45.04,877/5521,45.24,48.32,45.04,46.83,7.256637,5324037,33,301239,20260430
600362.SH,江西铜业,45.46,46.05,-1.98361363,46.15,44.91,878/5521,46.05,46.15,44.91,45.46,2.673566,4.1375103E7,17,600362,20260430
605099.SH,共创草坪,48.42,44.9,9.99545661,48.42,44.9,879/5521,44.9,48.42,44.9,48.42,7.996365,7335833,17,605099,20260430
300456.SZ,赛微电子,45.82,45.08,2.0717309,46.66,44.87,880/5521,45.08,46.66,44.87,45.82,3.987525,4.3114537E7,33,300456,20260430
603009.SH,北特科技,45.94,45.3,1.0558733,46.28,44.8,881/5521,45.3,46.28,44.8,45.94,3.255609,6660900,17,603009,20260430
301616.SZ,浙江华业,45.09,45.6,-1.44262295,45.82,44.79,882/5521,45.6,45.82,44.79,45.09,2.251366,665178,33,301616,20260430
688087.SH,英科再生,46.7,45.2,3.22723254,46.98,44.79,882/5521,45.2,46.98,44.79,46.7,4.840848,4872973,17,688087,20260430
301133.SZ,金钟股份,46.4,45.39,1.75438596,46.65,44.68,884/5521,45.39,46.65,44.68,46.4,4.320175,3401692,33,301133,20260430
300909.SZ,汇创达,46.88,45.15,3.87768668,47.5,44.66,885/5521,45.15,47.5,44.66,46.88,6.292931,3433089,33,300909,20260430
003026.SZ,中晶科技,49.99,47.2,5.41965415,52.16,44.63,886/5521,47.2,52.16,44.63,49.99,15.879375,2.7302172E7,33,003026,20260430
688450.SH,光格科技,46.38,47.23,4.10774411,47.7,44.62,887/5521,47.23,47.7,44.62,46.38,6.91358,2234679,17,688450,20260430
605198.SH,安德利,45.84,45.01,-0.06540222,45.9,44.6,888/5521,45.01,45.9,44.6,45.84,2.834096,2129905,17,605198,20260430
605598.SH,上海港湾,48.3,45,6.92937791,49.58,44.6,888/5521,45,49.58,44.6,48.3,11.025016,7324180,17,605598,20260430
002050.SZ,三花智控,46.92,44.69,4.6854083,47.37,44.58,890/5521,44.69,47.37,44.58,46.92,6.224899,1.64467985E8,33,002050,20260430
688080.SH,映翰通,44.77,45.08,-0.84163898,45.22,44.58,890/5521,45.08,45.22,44.58,44.77,1.417497,1484940,17,688080,20260430
301080.SZ,百普赛斯,44.7,45.21,-1.73664542,45.7,44.46,892/5521,45.21,45.7,44.46,44.7,2.725873,2495410,33,301080,20260430
688023.SH,安恒信息,44.69,45.7,-2.52998909,45.98,44.45,893/5521,45.7,45.98,44.45,44.69,3.336968,4126499,17,688023,20260430
001331.SZ,胜通能源,46.65,44.7,3.41387719,47.88,44.44,894/5521,44.7,47.88,44.44,46.65,7.625803,4786536,33,001331,20260430
301272.SZ,英华特,44.6,44.94,-0.64602361,45.25,44.36,895/5521,44.94,45.25,44.36,44.6,1.982624,1046400,33,301272,20260430
688291.SH,金橙子,46.18,44.35,3.21859633,46.54,44.35,896/5521,44.35,46.54,44.35,46.18,4.894948,2743057,17,688291,20260430
600113.SH,浙江东日,44.68,45.23,-1.15044248,46.18,44.32,897/5521,45.23,46.18,44.32,44.68,4.115044,4078117,17,600113,20260430
603260.SH,合盛硅业,44.6,44.75,-1.87018702,45.75,44.32,897/5521,44.75,45.75,44.32,44.6,3.146314,1.1946882E7,17,603260,20260430
600702.SH,舍得酒业,44.25,44.62,-1.13941019,44.97,44.25,899/5521,44.62,44.97,44.25,44.25,1.608579,4027508,17,600702,20260430
301668.SZ,昊创瑞通,44.39,44.6,-0.47085202,45.13,44.24,900/5521,44.6,45.13,44.24,44.39,1.995515,1080055,33,301668,20260430
300852.SZ,四会富仕,45.57,45.71,-0.19710907,46.38,44.15,901/5521,45.71,46.38,44.15,45.57,4.883924,5436399,33,300852,20260430
301595.SZ,太力科技,44.62,44.84,1.20208664,44.99,44.14,902/5521,44.84,44.99,44.14,44.62,1.927874,1285400,33,301595,20260430
300679.SZ,电连技术,45.0,45,-0.50851205,45.97,44.12,903/5521,45,45.97,44.12,45.0,4.090205,2.1109167E7,33,300679,20260430
600584.SH,长电科技,45.56,44.65,2.70513977,45.86,44.11,904/5521,44.65,45.86,44.11,45.56,3.944995,1.01403022E8,17,600584,20260430
688592.SH,司南导航,45.0,44.65,0.78387458,45.1,44.05,905/5521,44.65,45.1,44.05,45.0,2.351623,1325678,17,688592,20260430
003007.SZ,直真科技,44.72,44.39,0.78882128,45,44.04,906/5521,44.39,45,44.04,44.72,2.163624,3085400,33,003007,20260430
002636.SZ,金安国纪,44.9,45.82,-0.97044552,47.4,44.01,907/5521,45.82,47.4,44.01,44.9,7.476841,4.6261284E7,33,002636,20260430
301181.SZ,标榜股份,44.53,44.85,-0.71348941,45,44.01,907/5521,44.85,45,44.01,44.53,2.207357,1647814,33,301181,20260430
301295.SZ,美硕科技,44.57,44.13,0.99705416,45.1,44,909/5521,44.13,45.1,44,44.57,2.492635,2421080,33,301295,20260430
688158.SH,优刻得,45.03,45.8,-1.702685,46.62,44,909/5521,45.8,46.62,44,45.03,5.719275,3.5132712E7,17,688158,20260430
688721.SH,龙图光罩,45.57,45.4,0.64045936,46.2,44,909/5521,45.4,46.2,44,45.57,4.858657,2186431,17,688721,20260430
301275.SZ,汉朔科技,45.03,44.29,0.91887046,45.85,43.86,912/5521,44.29,45.85,43.86,45.03,4.459883,9551946,33,301275,20260430
300339.SZ,润和软件,45.21,43.85,2.49376559,46.1,43.85,913/5521,43.85,46.1,43.85,45.21,5.100884,4.223261E7,33,300339,20260430
002714.SZ,牧原股份,44.7,44,0.1792918,45.38,43.81,914/5521,44,45.38,43.81,44.7,3.518601,4.332485E7,33,002714,20260430
603655.SH,朗博科技,43.74,45.01,-2.8215952,46.12,43.52,915/5521,45.01,46.12,43.52,43.74,5.776494,3452900,17,603655,20260430
688191.SH,智洋创新,45.78,43.48,2.64573991,46.75,43.45,916/5521,43.48,46.75,43.45,45.78,7.399103,1.1295864E7,17,688191,20260430
002901.SZ,大博医疗,43.4,44.51,2.57622312,45.9,43.4,917/5521,44.51,45.9,43.4,43.4,5.908768,3631265,33,002901,20260430
603195.SH,公牛集团,44.85,43.98,8.49056604,45.3,43.34,918/5521,43.98,45.3,43.34,44.85,4.74117,2.2235773E7,17,603195,20260430
000962.SZ,东方钽业,43.87,44.2,-1.17143501,44.5,43.22,919/5521,44.2,44.5,43.22,43.87,2.883532,1.1674857E7,33,000962,20260430
002957.SZ,科瑞技术,43.62,43.91,-0.93118328,44.72,43.2,920/5521,43.91,44.72,43.2,43.62,3.452191,1.8049537E7,33,002957,20260430
300820.SZ,英杰电气,49.25,43.63,12.88104515,49.49,43.19,921/5521,43.63,49.49,43.19,49.25,14.439605,1.1506931E7,33,300820,20260430
300596.SZ,利安隆,43.41,44.43,-2.27375056,44.87,43.18,922/5521,44.43,44.87,43.18,43.41,3.804592,6207128,33,300596,20260430
301004.SZ,嘉益股份,43.43,43.8,-0.77678775,43.95,43.18,922/5521,43.8,43.95,43.18,43.43,1.759195,697760,33,301004,20260430
688683.SH,莱尔科技,44.0,45.3,-1.89520624,45.3,43.11,924/5521,45.3,45.3,43.11,44.0,4.882943,2148253,17,688683,20260430
920438.BJ,戈碧迦,43.39,45.5,-2.80017921,45.9,43.1,925/5521,45.5,45.9,43.1,43.39,6.272401,3759845,151,920438,20260430
301398.SZ,星源卓镁,43.8,43.3,1.01476015,44.39,43.09,926/5521,43.3,44.39,43.09,43.8,2.998154,1293790,33,301398,20260430
300191.SZ,潜能恒信,43.38,46.69,-5.42838457,46.7,43.01,927/5521,46.69,46.7,43.01,43.38,8.044473,2.1672369E7,33,300191,20260430
002979.SZ,雷赛智能,43.88,43.5,0.9431792,44.31,43,928/5521,43.5,44.31,43,43.88,3.013572,7293725,33,002979,20260430
301287.SZ,康力源,44.48,43.95,2.0417527,45.55,42.99,929/5521,43.95,45.55,42.99,44.48,5.872906,1584700,33,301287,20260430
301297.SZ,富乐德,43.2,44.21,-2.394939,44.57,42.98,930/5521,44.21,44.57,42.98,43.2,3.592408,1.4832576E7,33,301297,20260430
301173.SZ,毓恬冠佳,43.77,43.6,0.89903181,43.92,42.91,931/5521,43.6,43.92,42.91,43.77,2.328261,458399,33,301173,20260430
301325.SZ,曼恩斯特,43.79,43.27,1.22515025,44.23,42.89,932/5521,43.27,44.23,42.89,43.79,3.097549,2287900,33,301325,20260430
688638.SH,誉辰智能,43.6,43.33,0.62312486,43.72,42.74,933/5521,43.33,43.72,42.74,43.6,2.261712,1122005,17,688638,20260430
300553.SZ,集智股份,44.1,42.83,3.18203088,44.4,42.73,934/5521,42.83,44.4,42.73,44.1,3.907346,2926526,33,300553,20260430
688378.SH,奥来德,44.3,43.5,2.66512167,44.47,42.68,935/5521,43.5,44.47,42.68,44.3,4.148319,7802738,17,688378,20260430
603737.SH,三棵树,42.67,42.7,-0.88269454,43.73,42.6,936/5521,42.7,43.73,42.6,42.67,2.624854,4568490,17,603737,20260430
688210.SH,统联精密,44.92,42.6,3.50230415,45.43,42.6,936/5521,42.6,45.43,42.6,44.92,6.520737,3520259,17,688210,20260430
301567.SZ,贝隆精密,43.63,43,1.96307548,43.84,42.58,938/5521,43,43.84,42.58,43.63,2.944613,1057230,33,301567,20260430
605196.SH,华通线缆,42.7,43.5,-1.453958,43.57,42.54,939/5521,43.5,43.57,42.54,42.7,2.377105,5985951,17,605196,20260430
688636.SH,智明达,43.83,42.82,2.02513966,44.15,42.48,940/5521,42.82,44.15,42.48,43.83,3.887337,3986088,17,688636,20260430
689009.SH,九号公司,43.74,44,-3.86813187,44.4,42.44,941/5521,44,44.4,42.44,43.74,4.307692,2.9532039E7,17,689009,20260430
300571.SZ,平治信息,44.35,43.21,4.35294118,44.96,42.42,942/5521,43.21,44.96,42.42,44.35,5.97647,2.2317787E7,33,300571,20260430
301117.SZ,佳缘科技,43.9,42.95,1.83252146,44.49,42.4,943/5521,42.95,44.49,42.4,43.9,4.848063,4154710,33,301117,20260430
301300.SZ,远翔新材,42.79,43,-0.02336449,43.44,42.38,944/5521,43,43.44,42.38,42.79,2.476635,1765174,33,301300,20260430
301137.SZ,哈焊华通,42.91,42.55,1.2505899,43.18,42.27,945/5521,42.55,43.18,42.27,42.91,2.147239,3390547,33,301137,20260430
603063.SH,禾望电气,43.88,42.42,4.15380964,45.05,42.27,945/5521,42.42,45.05,42.27,43.88,6.598623,3.8652894E7,17,603063,20260430
688113.SH,联测科技,43.03,42.78,1.05683419,43.3,42.25,947/5521,42.78,43.3,42.25,43.03,2.465946,1488655,17,688113,20260430
688314.SH,康拓医疗,42.79,43.25,-0.27965509,43.25,42.25,947/5521,43.25,43.25,42.25,42.79,2.330459,1313780,17,688314,20260430
301382.SZ,蜂助手,44.0,43.23,2.97215071,45.32,42.23,949/5521,43.23,45.32,42.23,44.0,7.231453,2.0974811E7,33,301382,20260430
301131.SZ,聚赛龙,43.48,42.42,3.0820294,43.55,42.18,950/5521,42.42,43.55,42.18,43.48,3.247984,1660320,33,301131,20260430
600763.SH,通策医疗,42.18,43.1,-2.49653259,43.12,42.16,951/5521,43.1,43.12,42.16,42.18,2.21914,7459134,17,600763,20260430
603285.SH,键邦股份,43.59,42.63,1.75070028,44.4,42.12,952/5521,42.63,44.4,42.12,43.59,5.322128,4026134,17,603285,20260430
000799.SZ,酒鬼酒,42.7,42.2,0.35252644,43.55,42.08,953/5521,42.2,43.55,42.08,42.7,3.454759,6711858,33,000799,20260430
000426.SZ,兴业银锡,42.38,44,-2.21504384,44.5,42.02,954/5521,44,44.5,42.02,42.38,5.722196,6.6151563E7,33,000426,20260430
301520.SZ,万邦医药,42.46,42.31,0.85510689,42.87,42.02,954/5521,42.31,42.87,42.02,42.46,2.019002,506603,33,301520,20260430
300900.SZ,广联航空,44.45,42.68,4.14714152,45.54,42,956/5521,42.68,45.54,42,44.45,8.294283,4.3082407E7,33,300900,20260430
603409.SH,汇通控股,43.34,42.02,2.45862884,43.96,42,956/5521,42.02,43.96,42,43.34,4.633569,3332267,17,603409,20260430
688418.SH,震有科技,47.03,42.01,10.78916372,47.89,42,956/5521,42.01,47.89,42,47.03,13.875147,1.4252524E7,17,688418,20260430
300660.SZ,江苏雷利,42.53,42.2,0.73424917,42.99,41.95,959/5521,42.2,42.99,41.95,42.53,2.463287,4915788,33,300660,20260430
002792.SZ,通宇通讯,43.66,42.61,2.48826291,44.08,41.9,960/5521,42.61,44.08,41.9,43.66,5.11737,3.3243344E7,33,002792,20260430
000733.SZ,振华科技,42.61,43.1,-2.13596693,43.5,41.88,961/5521,43.1,43.5,41.88,42.61,3.720716,2.3583921E7,33,000733,20260430
001215.SZ,千味央厨,46.86,41.97,10,46.86,41.8,962/5521,41.97,46.86,41.8,46.86,11.877934,9785449,33,001215,20260430
600105.SH,永鼎股份,42.41,43.84,-2.10064635,44.22,41.8,962/5521,43.84,44.22,41.8,42.41,5.586334,1.20223081E8,17,600105,20260430
688116.SH,天奈科技,42.87,42.5,-1.26669737,43.4,41.79,964/5521,42.5,43.4,41.79,42.87,3.707968,1.2780194E7,17,688116,20260430
300007.SZ,汉威科技,42.95,41.88,1.94635652,43.27,41.78,965/5521,41.88,43.27,41.78,42.95,3.536672,9507698,33,300007,20260430
300584.SZ,海辰药业,42.27,43.2,-2.42382271,43.32,41.75,966/5521,43.2,43.32,41.75,42.27,3.624192,3998500,33,300584,20260430
301266.SZ,宇邦新材,42.29,42.23,0.37977688,42.7,41.71,967/5521,42.23,42.7,41.71,42.29,2.349869,2375554,33,301266,20260430
301168.SZ,通灵股份,42.51,42.01,1.16611138,43.1,41.67,968/5521,42.01,43.1,41.67,42.51,3.403141,1293500,33,301168,20260430
301418.SZ,协昌科技,42.59,42.11,1.18793062,42.64,41.5,969/5521,42.11,42.64,41.5,42.59,2.708481,2050686,33,301418,20260430
600150.SH,中国船舶,41.76,43,1.45772595,43.42,41.5,969/5521,43,43.42,41.5,41.76,4.664723,2.53377515E8,17,600150,20260430
920699.BJ,海达尔,41.6,42.43,-2.00235571,42.75,41.35,971/5521,42.43,42.75,41.35,41.6,3.297997,226516,151,920699,20260430
300316.SZ,晶盛机电,42.62,41.82,1.93733557,42.85,41.33,972/5521,41.82,42.85,41.33,42.62,3.635493,2.2483723E7,33,300316,20260430
688265.SH,南模生物,41.4,41.3,-0.04828585,42.06,41.3,973/5521,41.3,42.06,41.3,41.4,1.834862,480914,17,688265,20260430
300850.SZ,新强联,42.84,41.74,2.83245319,43.38,41.26,974/5521,41.74,43.38,41.26,42.84,5.088814,2.4925442E7,33,300850,20260430
301280.SZ,珠城科技,44.32,42.38,4.82497635,44.76,41.23,975/5521,42.38,44.76,41.23,44.32,8.349101,3354010,33,301280,20260430
603307.SH,扬州金泉,42.32,41.22,1.73076923,42.57,41.22,976/5521,41.22,42.57,41.22,42.32,3.245192,909500,17,603307,20260430
688363.SH,华熙生物,41.35,42,-4.61361015,42.08,41.22,976/5521,42,42.08,41.22,41.35,1.983852,5190891,17,688363,20260430
300255.SZ,常山药业,41.36,41.95,0.33964095,43.8,41.12,978/5521,41.95,43.8,41.12,41.36,6.501698,1.8904426E7,33,300255,20260430
603370.SH,华新精科,41.78,41.2,0.9178744,41.95,41.1,979/5521,41.2,41.95,41.1,41.78,2.05314,696113,17,603370,20260430
301230.SZ,泓博医药,41.4,41.8,-1.31108462,42.49,41.06,980/5521,41.8,42.49,41.06,41.4,3.40882,6369530,33,301230,20260430
301586.SZ,佳力奇,42.0,41.33,1.64569216,42.23,41.03,981/5521,41.33,42.23,41.03,42.0,2.904162,1199836,33,301586,20260430
301079.SZ,邵阳液压,43.41,42.39,3.33253987,43.54,41,982/5521,42.39,43.54,41,43.41,6.046179,9213653,33,301079,20260430
300709.SZ,精研科技,41.58,41.7,-0.40718563,42.1,40.99,983/5521,41.7,42.1,40.99,41.58,2.658682,7135912,33,300709,20260430
603375.SH,盛景微,45.25,40.99,9.9902771,45.25,40.99,983/5521,40.99,45.25,40.99,45.25,10.354885,6148207,17,603375,20260430
300619.SZ,金银河,41.03,41.86,-2.30952381,42.16,40.94,985/5521,41.86,42.16,40.94,41.03,2.904761,7180911,33,300619,20260430
301023.SZ,奕帆传动,41.51,41.76,1.99017199,41.9,40.9,986/5521,41.76,41.9,40.9,41.51,2.457002,1401596,33,301023,20260430
688419.SH,耐科装备,42.1,40.98,2.2589264,42.63,40.88,987/5521,40.98,42.63,40.88,42.1,4.250667,1981607,17,688419,20260430
688039.SH,当虹科技,42.13,41.38,2.23246785,42.28,40.83,988/5521,41.38,42.28,40.83,42.13,3.518563,1897868,17,688039,20260430
688768.SH,容知日新,41.04,42.15,-0.67763795,42.15,40.82,989/5521,42.15,42.15,40.82,41.04,3.21878,1585064,17,688768,20260430
688051.SH,佳华科技,42.02,40.83,1.8419777,43,40.79,990/5521,40.83,43,40.79,42.02,5.356277,2881191,17,688051,20260430
301201.SZ,诚达药业,41.24,41,0.02425418,41.89,40.75,991/5521,41,41.89,40.75,41.24,2.764976,5400940,33,301201,20260430
002959.SZ,小熊电器,41.28,41.42,-3.39340042,41.82,40.73,992/5521,41.42,41.82,40.73,41.28,2.550901,2551175,33,002959,20260430
301560.SZ,众捷汽车,42.01,43.21,-4.52272727,43.97,40.68,993/5521,43.21,43.97,40.68,42.01,7.477272,4890102,33,301560,20260430
688302.SH,海创药业,44.0,40.95,7.94896958,44.2,40.61,994/5521,40.95,44.2,40.61,44.0,8.807654,2345220,17,688302,20260430
603102.SH,百合股份,41.08,40.66,1.33201776,41.17,40.6,995/5521,40.66,41.17,40.6,41.08,1.406018,772800,17,603102,20260430
688520.SH,神州细胞,41.18,40.87,-0.38703435,42.24,40.58,996/5521,40.87,42.24,40.58,41.18,4.015481,2563290,17,688520,20260430
688269.SH,凯立新材,40.75,40.55,-0.19593436,41.38,40.53,997/5521,40.55,41.38,40.53,40.75,2.081802,1852009,17,688269,20260430
688712.SH,北芯生命,41.69,41.4,0.82224909,41.95,40.52,998/5521,41.4,41.95,40.52,41.69,3.458282,3088871,17,688712,20260430
001211.SZ,双枪科技,41.73,40.71,3.03703704,42.52,40.5,999/5521,40.71,42.52,40.5,41.73,4.987654,6126240,33,001211,20260430
301234.SZ,五洲医疗,41.42,41,2.27160494,42,40.5,999/5521,41,42,40.5,41.42,3.703703,1088550,33,301234,20260430
688408.SH,中信博,40.53,42.03,-5.17080019,42.46,40.5,999/5521,42.03,42.46,40.5,40.53,4.585868,6901932,17,688408,20260430
301024.SZ,霍普股份,41.25,41.3,2.408143,41.47,40.49,1002/5521,41.3,41.47,40.49,41.25,2.432969,1003388,33,301024,20260430
688272.SH,富吉瑞,42.0,40.83,2.79001468,43.2,40.44,1003/5521,40.83,43.2,40.44,42.0,6.754772,2785087,17,688272,20260430
300957.SZ,贝泰妮,40.88,41.24,-1.04091019,41.69,40.4,1004/5521,41.24,41.69,40.4,40.88,3.12273,7658463,33,300957,20260430
600329.SH,达仁堂,40.6,40.9,1.6016016,41.35,40.39,1005/5521,40.9,41.35,40.39,40.6,2.402402,5178877,17,600329,20260430
603353.SH,和顺石油,43.09,45,-1.66590598,45,40.38,1006/5521,45,45,40.38,43.09,10.54313,1.8314024E7,17,603353,20260430
688088.SH,虹软科技,42.6,40.39,4.97782159,43,40.38,1006/5521,40.39,43,40.38,42.6,6.456382,1.1906216E7,17,688088,20260430
001266.SZ,宏英智能,40.59,41.9,2.70748988,43.45,40.35,1008/5521,41.9,43.45,40.35,40.59,7.844129,1.6806961E7,33,001266,20260430
600211.SH,西藏药业,40.46,41.06,-1.77227482,41.19,40.33,1009/5521,41.06,41.19,40.33,40.46,2.087885,3468390,17,600211,20260430
300609.SZ,汇纳科技,42.99,40.27,6.88712084,43.15,40.26,1010/5521,40.27,43.15,40.26,42.99,7.185479,1.02402E7,33,300609,20260430
688330.SH,宏力达,40.4,42.3,-10.57990261,42.9,40.25,1011/5521,42.3,42.9,40.25,40.4,5.865427,6778461,17,688330,20260430
603698.SH,航天工程,43.97,40.77,10.00750563,43.97,40.24,1012/5521,40.77,43.97,40.24,43.97,9.331998,4.8518525E7,17,603698,20260430
300890.SZ,翔丰华,40.6,41.28,-4.35806832,41.8,40.2,1013/5521,41.28,41.8,40.2,40.6,3.76914,2.3404867E7,33,300890,20260430
603031.SH,安孚科技,41.5,41.12,1.02239533,42.51,40.2,1013/5521,41.12,42.51,40.2,41.5,5.623174,1.9127877E7,17,603031,20260430
920159.BJ,农大科技,40.48,40.33,-0.07405579,41.69,40.2,1013/5521,40.33,41.69,40.2,40.48,3.678104,1411072,151,920159,20260430
300706.SZ,阿石创,42.5,40.71,3.91198044,43,40.16,1016/5521,40.71,43,40.16,42.5,6.943765,1.9425802E7,33,300706,20260430
300949.SZ,奥雅股份,40.63,40.11,1.2964348,40.96,40.11,1017/5521,40.11,40.96,40.11,40.63,2.119172,1088516,33,300949,20260430
301658.SZ,首航新能,42.09,40.6,3.18705565,42.78,40.1,1018/5521,40.6,42.78,40.1,42.09,6.570237,1.1991894E7,33,301658,20260430
688478.SH,晶升股份,41.94,41.56,0.59966419,42.99,40.1,1018/5521,41.56,42.99,40.1,41.94,6.932118,7684004,17,688478,20260430
000651.SZ,格力电器,40.05,40.49,-1.03780578,40.86,40.05,1020/5521,40.49,40.86,40.05,40.05,2.001482,7.6438186E7,33,000651,20260430
688435.SH,英方软件,41.03,40.31,2.575,41.3,40.01,1021/5521,40.31,41.3,40.01,41.03,3.225,1987079,17,688435,20260430
605286.SH,同力天启,40.68,40,-1.57270748,41.78,40,1022/5521,40,41.78,40,40.68,4.306798,2901100,17,605286,20260430
688197.SH,首药控股,40.85,40.11,0.61576355,41.82,39.93,1023/5521,40.11,41.82,39.93,40.85,4.655172,1855412,17,688197,20260430
920036.BJ,觅睿科技,41.02,40,1.91304348,42.2,39.88,1024/5521,40,42.2,39.88,41.02,5.763975,1908750,151,920036,20260430
300676.SZ,华大基因,39.94,40.33,-0.89330025,40.5,39.83,1025/5521,40.33,40.5,39.83,39.94,1.662531,4786384,33,300676,20260430
301552.SZ,科力装备,40.94,39.9,2.22222222,42.7,39.83,1025/5521,39.9,42.7,39.83,40.94,7.166042,1967640,33,301552,20260430
688180.SH,君实生物,40.38,40.29,0.19851117,41.69,39.82,1027/5521,40.29,41.69,39.82,40.38,4.640198,1.4050584E7,17,688180,20260430
688755.SH,汉邦科技,40.4,40,0.62266501,40.59,39.81,1028/5521,40,40.59,39.81,40.4,1.942714,700377,17,688755,20260430
301119.SZ,正强股份,40.9,40.2,1.74129353,40.96,39.8,1029/5521,40.2,40.96,39.8,40.9,2.885572,1034500,33,301119,20260430
002151.SZ,北斗星通,40.9,39.86,2.35235235,41.12,39.73,1030/5521,39.86,41.12,39.73,40.9,3.478478,2.4793751E7,33,002151,20260430
301446.SZ,福事特,42.87,40.11,6.82780962,44.77,39.73,1030/5521,40.11,44.77,39.73,42.87,12.559182,2778550,33,301446,20260430
688367.SH,工大高科,40.6,40.66,0.4950495,41.2,39.73,1030/5521,40.66,41.2,39.73,40.6,3.638613,2367017,17,688367,20260430
600938.SH,中国海油,39.99,40.4,0.10012516,40.52,39.7,1033/5521,40.4,40.52,39.7,39.99,2.052565,4.495445E7,17,600938,20260430
001395.SZ,亚联机械,40.1,39.95,0.60210738,40.26,39.63,1034/5521,39.95,40.26,39.63,40.1,1.580531,562100,33,001395,20260430
301458.SZ,钧崴电子,39.99,39.76,1.1125158,41.77,39.55,1035/5521,39.76,41.77,39.55,39.99,5.613147,8053477,33,301458,20260430
301282.SZ,金禄电子,39.57,41.3,-6.34319527,41.8,39.51,1036/5521,41.3,41.8,39.51,39.57,5.420118,1.4311977E7,33,301282,20260430
300725.SZ,药石科技,39.85,39.77,-0.39990002,40.4,39.5,1037/5521,39.77,40.4,39.5,39.85,2.249437,8911350,33,300725,20260430
688366.SH,昊海生科,39.65,39.49,-0.07560484,40.23,39.49,1038/5521,39.49,40.23,39.49,39.65,1.864919,445762,17,688366,20260430
301419.SZ,阿莱德,40.08,40.3,-0.44709389,40.56,39.46,1039/5521,40.3,40.56,39.46,40.08,2.73224,2705247,33,301419,20260430
301591.SZ,肯特股份,39.89,39.42,0.17579106,40.16,39.42,1040/5521,39.42,40.16,39.42,39.89,1.858362,1193142,33,301591,20260430
603337.SH,杰克科技,39.54,40.02,-0.27742749,40.11,39.41,1041/5521,40.02,40.11,39.41,39.54,1.765447,3090600,17,603337,20260430
600612.SH,老凤祥,39.41,39.76,-0.85534591,39.86,39.3,1042/5521,39.76,39.86,39.3,39.41,1.408805,1222663,17,600612,20260430
688781.SH,视涯科技,40.45,40.28,0.37220844,40.81,39.28,1043/5521,40.28,40.81,39.28,40.45,3.796526,4375721,17,688781,20260430
301202.SZ,朗威股份,40.39,40,0.59775841,40.48,39.27,1044/5521,40,40.48,39.27,40.39,3.013698,1615120,33,301202,20260430
000534.SZ,万泽股份,39.53,40.3,-2.87469287,41.1,39.24,1045/5521,40.3,41.1,39.24,39.53,4.570024,1.4865305E7,33,000534,20260430
300723.SZ,一品红,41.45,39.43,4.09342039,42.5,39.23,1046/5521,39.43,42.5,39.23,41.45,8.211953,2.7236753E7,33,300723,20260430
688655.SH,迅捷兴,45.53,39.2,18.59859338,46.07,39.2,1047/5521,39.2,46.07,39.2,45.53,17.895285,2.4891891E7,17,688655,20260430
688172.SH,燕东微,42.49,40.05,6.46454523,43.15,39.13,1048/5521,40.05,43.15,39.13,42.49,10.072663,2.2821814E7,17,688172,20260430
688550.SH,瑞联新材,39.75,39.75,0.53110774,39.93,39.12,1049/5521,39.75,39.93,39.12,39.75,2.048558,2493038,17,688550,20260430
603312.SH,西典新能,39.49,40.08,-1.39825218,40.08,39.11,1050/5521,40.08,40.08,39.11,39.49,2.421972,994907,17,603312,20260430
605111.SH,新洁能,40.68,39.5,2.2881569,40.89,39.11,1050/5521,39.5,40.89,39.11,40.68,4.475735,2.3408052E7,17,605111,20260430
688283.SH,坤恒顺维,41.15,39.08,5.29682702,41.95,39.08,1052/5521,39.08,41.95,39.08,41.15,7.343909,3187909,17,688283,20260430
605358.SH,立昂微,41.06,39.04,5.22808816,41.47,39.04,1053/5521,39.04,41.47,39.04,41.06,6.227575,3.4999686E7,17,605358,20260430
001220.SZ,世盟股份,39.87,39.66,0.55485498,40.18,39.01,1054/5521,39.66,40.18,39.01,39.87,2.950819,2085986,33,001220,20260430
002922.SZ,伊戈尔,39.54,40.6,-2.63481901,40.78,39,1055/5521,40.6,40.78,39,39.54,4.383156,2.147068E7,33,002922,20260430
301050.SZ,雷电微力,39.74,38.99,1.19684237,39.93,38.97,1056/5521,38.99,39.93,38.97,39.74,2.444614,5351849,33,301050,20260430
688102.SH,斯瑞新材,41.75,39.1,6.75019177,42.12,38.97,1056/5521,39.1,42.12,38.97,41.75,8.054206,2.9741703E7,17,688102,20260430
301236.SZ,软通动力,39.44,39.2,0,39.84,38.95,1058/5521,39.2,39.84,38.95,39.44,2.256592,1.4621856E7,33,301236,20260430
301259.SZ,艾布鲁,40.09,39.38,2.06211813,41.07,38.9,1059/5521,39.38,41.07,38.9,40.09,5.524439,5779654,33,301259,20260430
603373.SH,安邦护卫,39.45,39.3,0.17775521,39.72,38.9,1059/5521,39.3,39.72,38.9,39.45,2.082275,700832,17,603373,20260430
300378.SZ,鼎捷数智,38.92,39.38,-0.8660214,39.99,38.88,1061/5521,39.38,39.99,38.88,38.92,2.827305,8583038,33,300378,20260430
605589.SH,圣泉集团,39.08,40.59,-4.23915707,40.79,38.86,1062/5521,40.59,40.79,38.86,39.08,4.729233,4.7141935E7,17,605589,20260430
002364.SZ,中恒电气,40.79,39.75,2.6163522,41.49,38.85,1063/5521,39.75,41.49,38.85,40.79,6.641509,5.2641749E7,33,002364,20260430
603120.SH,肯特催化,39.12,38.88,0.53970702,39.52,38.85,1063/5521,38.88,39.52,38.85,39.12,1.721922,1045500,17,603120,20260430
688489.SH,三未信安,39.99,39.21,1.70396745,40.08,38.85,1063/5521,39.21,40.08,38.85,39.99,3.128179,603627,17,688489,20260430
000792.SZ,盐湖股份,39.29,39.83,-0.53164557,41.6,38.84,1066/5521,39.83,41.6,38.84,39.29,6.987341,2.41033995E8,33,000792,20260430
603392.SH,万泰生物,39.3,39,0.58868697,39.8,38.83,1067/5521,39,39.8,38.83,39.3,2.482723,3753162,17,603392,20260430
920505.BJ,九菱科技,39.0,39.28,-1.21580547,40.3,38.8,1068/5521,39.28,40.3,38.8,39.0,3.799392,1205789,151,920505,20260430
603859.SH,能科科技,39.2,38.98,0.51282051,39.55,38.74,1069/5521,38.98,39.55,38.74,39.2,2.076923,3743344,17,603859,20260430
603173.SH,福斯达,38.9,39.14,-0.76530612,39.38,38.7,1070/5521,39.14,39.38,38.7,38.9,1.734693,1877838,17,603173,20260430
920174.BJ,五新隧装,38.77,39.35,-1.59898477,39.68,38.68,1071/5521,39.35,39.68,38.68,38.77,2.538071,1122044,151,920174,20260430
688689.SH,银河微电,39.09,38.79,0.46260601,40.11,38.67,1072/5521,38.79,40.11,38.67,39.09,3.700848,4004880,17,688689,20260430
300855.SZ,图南股份,39.28,38.89,1.10682111,40.12,38.64,1073/5521,38.89,40.12,38.64,39.28,3.809523,4468142,33,300855,20260430
603722.SH,阿科力,39.08,38.7,0.20512821,39.38,38.63,1074/5521,38.7,39.38,38.63,39.08,1.923076,1168700,17,603722,20260430
300920.SZ,润阳科技,38.79,39.03,-0.89422586,39.38,38.6,1075/5521,39.03,39.38,38.6,38.79,1.992846,775600,33,300920,20260430
300875.SZ,捷强装备,39.3,38.58,1.89266269,39.48,38.58,1076/5521,38.58,39.48,38.58,39.3,2.333419,2946192,33,300875,20260430
301121.SZ,紫建电子,38.97,39.11,-0.58673469,39.42,38.53,1077/5521,39.11,39.42,38.53,38.97,2.270408,1080286,33,301121,20260430
301278.SZ,快可电子,38.92,38.52,0.67252975,39.22,38.51,1078/5521,38.52,39.22,38.51,38.92,1.836523,2253568,33,301278,20260430
600482.SH,中国动力,38.57,41.97,-3.26059694,42.38,38.51,1078/5521,41.97,42.38,38.51,38.57,9.706546,5.7975925E7,17,600482,20260430
002881.SZ,美格智能,39.07,38.93,0.64399794,39.3,38.5,1080/5521,38.93,39.3,38.5,39.07,2.060793,2902968,33,002881,20260430
300680.SZ,隆盛科技,40.1,38.51,3.99377593,40.87,38.46,1081/5521,38.51,40.87,38.46,40.1,6.25,1.2450171E7,33,300680,20260430
301448.SZ,开创电气,39.35,38.76,1.73216132,39.54,38.44,1082/5521,38.76,39.54,38.44,39.35,2.843846,747570,33,301448,20260430
688552.SH,航天南湖,40.08,40,1.08448928,40.5,38.44,1082/5521,40,40.5,38.44,40.08,5.19546,7218916,17,688552,20260430
603288.SH,海天味业,38.64,39,-1.60427807,39.16,38.41,1084/5521,39,39.16,38.41,38.64,1.909854,1.8464929E7,17,603288,20260430
002625.SZ,光启技术,39.18,38.68,0.90136492,39.55,38.4,1085/5521,38.68,39.55,38.4,39.18,2.961627,2.8615531E7,33,002625,20260430
688053.SH,ST思科瑞,39.5,38.35,3.67454068,39.87,38.35,1086/5521,38.35,39.87,38.35,39.5,3.989501,1153091,22,688053,20260430
920069.BJ,普昂医疗,39.18,38.6,0.79753023,40.47,38.35,1086/5521,38.6,40.47,38.35,39.18,5.454077,1634144,151,920069,20260430
002472.SZ,双环传动,39.27,38.37,2.53263708,39.67,38.34,1088/5521,38.37,39.67,38.34,39.27,3.472584,1.9076075E7,33,002472,20260430
300762.SZ,上海瀚讯,43.42,38.26,13.81389253,44.38,38.26,1089/5521,38.26,44.38,38.26,43.42,16.041939,8.40183E7,33,300762,20260430
603931.SH,格林达,38.82,38.29,-0.9441184,39.54,38.25,1090/5521,38.29,39.54,38.25,38.82,3.291656,1.2746341E7,17,603931,20260430
301159.SZ,三维天地,38.84,38.74,0.5957006,38.87,38.24,1091/5521,38.74,38.87,38.24,38.84,1.631701,2039699,33,301159,20260430
301397.SZ,溯联股份,39.7,38.63,2.84974093,39.86,38.22,1092/5521,38.63,39.86,38.22,39.7,4.248704,5056034,33,301397,20260430
301226.SZ,祥明智能,38.59,38.64,-0.5924781,38.82,38.2,1093/5521,38.64,38.82,38.2,38.59,1.597114,2878595,33,301226,20260430
600875.SH,东方电气,39.01,40.65,-2.37737738,40.79,38.18,1094/5521,40.65,40.79,38.18,39.01,6.531531,9.1147475E7,17,600875,20260430
301210.SZ,金杨精密,39.01,38.17,2.22746331,39.17,38.17,1095/5521,38.17,39.17,38.17,39.01,2.620545,4703816,33,301210,20260430
600426.SH,华鲁恒升,38.5,39.49,-1.76065323,39.7,38.15,1096/5521,39.49,39.7,38.15,38.5,3.95509,2.1117058E7,17,600426,20260430
000762.SZ,西藏矿业,38.7,38.47,-0.51413882,39.87,38.14,1097/5521,38.47,39.87,38.14,38.7,4.4473,4.9146363E7,33,000762,20260430
300652.SZ,雷迪克,39.43,38.49,2.44219278,40.36,38.12,1098/5521,38.49,40.36,38.12,39.43,5.819693,3756916,33,300652,20260430
600036.SH,招商银行,38.27,38.4,-0.5974026,38.51,38.12,1098/5521,38.4,38.51,38.12,38.27,1.012987,1.1695741E8,17,600036,20260430
002868.SZ,*ST绿康,38.82,38.31,1.25195618,39.2,38.07,1100/5521,38.31,39.2,38.07,38.82,2.947313,1013500,33,002868,20260430
301366.SZ,一博科技,38.35,38.23,0.31388962,38.8,38.07,1100/5521,38.23,38.8,38.07,38.35,1.909495,2732040,33,301366,20260430
688651.SH,盛邦安全,39.0,38.07,1.11485611,39.49,38.07,1100/5521,38.07,39.49,38.07,39.0,3.681617,1457752,17,688651,20260430
300979.SZ,华利集团,38.13,38.2,-0.05242464,38.38,38,1103/5521,38.2,38.38,38,38.13,0.996068,1996206,33,300979,20260430
301510.SZ,固高科技,38.66,38.22,1.73684211,39.78,38,1103/5521,38.22,39.78,38,38.66,4.68421,1.6380393E7,33,301510,20260430
603198.SH,迎驾贡酒,38.0,38.4,-2.16271885,39.17,38,1103/5521,38.4,39.17,38,38.0,3.012358,5628912,17,603198,20260430
603226.SH,菲林格尔,39.22,38.49,0.82262211,39.43,38,1103/5521,38.49,39.43,38,39.22,3.676092,3120700,17,603226,20260430
300770.SZ,新媒股份,37.95,38.39,-1.14613181,38.7,37.81,1107/5521,38.39,38.7,37.81,37.95,2.318312,2884946,33,300770,20260430
601231.SH,环旭电子,37.8,41,-6.15690169,41,37.8,1108/5521,41,41,37.8,37.8,7.944389,5.5917322E7,17,601231,20260430
300499.SZ,高澜股份,38.45,39.07,-1.41025641,39.32,37.79,1109/5521,39.07,39.32,37.79,38.45,3.923076,2.2429273E7,33,300499,20260430
601208.SH,东材科技,39.14,39,1.24159338,39.99,37.72,1110/5521,39,39.99,37.72,39.14,5.871702,9.9201671E7,17,601208,20260430
002484.SZ,江海股份,38.35,38.46,0.4452593,38.99,37.7,1111/5521,38.46,38.99,37.7,38.35,3.378732,5.0190935E7,33,002484,20260430
603319.SH,美湖股份,38.21,37.7,1.4873838,38.89,37.7,1111/5521,37.7,38.89,37.7,38.21,3.16069,1.4802059E7,17,603319,20260430
600988.SH,赤峰黄金,38.0,38.31,-2.26337449,38.88,37.61,1113/5521,38.31,38.88,37.61,38.0,3.26646,4.1208539E7,17,600988,20260430
300696.SZ,爱乐达,39.25,37.96,2.85639413,39.79,37.56,1114/5521,37.96,39.79,37.56,39.25,5.843815,1.0592865E7,33,300696,20260430
600298.SH,安琪酵母,37.6,38.43,-2.15977101,38.62,37.53,1115/5521,38.43,38.62,37.53,37.6,2.836325,9522167,17,600298,20260430
300606.SZ,金太阳,37.72,38.53,-2.0768432,38.99,37.49,1116/5521,38.53,38.99,37.49,37.72,3.89408,9825700,33,300606,20260430
301220.SZ,亚香股份,37.52,38.71,-2.11322724,38.71,37.47,1117/5521,38.71,38.71,37.47,37.52,3.235063,2014640,33,301220,20260430
301281.SZ,科源制药,37.69,38,-0.52784376,38.12,37.37,1118/5521,38,38.12,37.37,37.69,1.979414,2150723,33,301281,20260430
301092.SZ,争光股份,41.13,38,8.15145937,41.99,37.35,1119/5521,38,41.99,37.35,41.13,12.200894,8404797,33,301092,20260430
601606.SH,长城军工,37.62,37.45,0.45393858,37.69,37.33,1120/5521,37.45,37.69,37.33,37.62,0.961281,7590653,17,601606,20260430
603738.SH,泰晶科技,38.32,40.3,-3.76695128,40.8,37.31,1121/5521,40.3,40.8,37.31,38.32,8.764439,6.0239285E7,17,603738,20260430
688479.SH,友车科技,40.84,38.86,4.45012788,41,37.31,1121/5521,38.86,41,37.31,40.84,9.43734,3789955,17,688479,20260430
300939.SZ,秋田微,38.64,38.31,0.86139389,38.73,37.23,1123/5521,38.31,38.73,37.23,38.64,3.915426,4134775,33,300939,20260430
920183.BJ,海菲曼,37.98,37.2,1.8776824,38.5,37.2,1124/5521,37.2,38.5,37.2,37.98,3.487124,624270,151,920183,20260430
600580.SH,卧龙电驱,37.85,37.4,1.50174309,38.23,37.1,1125/5521,37.4,38.23,37.1,37.85,3.030303,2.9822674E7,17,600580,20260430
688259.SH,创耀科技,38.32,37.6,1.75252257,38.53,37.08,1126/5521,37.6,38.53,37.08,38.32,3.850238,2928349,17,688259,20260430
601601.SH,中国太保,37.23,37.39,-1.03668262,38.46,37.07,1127/5521,37.39,38.46,37.07,37.23,3.694843,5.4809972E7,17,601601,20260430
300321.SZ,同大股份,37.8,37.19,1.64022587,38.06,37.04,1128/5521,37.19,38.06,37.04,37.8,2.742672,1250500,33,300321,20260430
300698.SZ,万马科技,37.68,37.6,-0.44914135,37.97,37.03,1129/5521,37.6,37.97,37.03,37.68,2.483487,3117600,33,300698,20260430
688262.SH,国芯科技,38.97,37.78,3.86460554,39.16,37.01,1130/5521,37.78,39.16,37.01,38.97,5.730277,1.9101814E7,17,688262,20260430
001388.SZ,信通电子,37.52,37.5,0.40139149,37.63,37,1131/5521,37.5,37.63,37,37.52,1.685844,772266,33,001388,20260430
300576.SZ,容大感光,37.05,37.57,-1.38408304,38.02,37,1131/5521,37.57,38.02,37,37.05,2.714932,1.0070641E7,33,300576,20260430
600536.SH,中国软件,37.78,37,1.86033971,38.1,36.99,1133/5521,37,38.1,36.99,37.78,2.99272,1.6720739E7,17,600536,20260430
300827.SZ,上能电气,37.83,37.49,0.69204152,38.09,36.91,1134/5521,37.49,38.09,36.91,37.83,3.140803,2.8499904E7,33,300827,20260430
002903.SZ,宇环数控,37.37,38.6,1.99235808,39.5,36.9,1135/5521,38.6,39.5,36.9,37.37,7.096069,1.8747742E7,33,002903,20260430
000034.SZ,神州数码,37.67,37.3,0.61431624,38.23,36.89,1136/5521,37.3,38.23,36.89,37.67,3.579059,2.3413676E7,33,000034,20260430
001229.SZ,魅视科技,37.01,36.99,0.08112493,37.46,36.87,1137/5521,36.99,37.46,36.87,37.01,1.595457,1129600,33,001229,20260430
301390.SZ,经纬股份,37.7,37.19,2.36220472,37.8,36.87,1137/5521,37.19,37.8,36.87,37.7,2.525115,1079800,33,301390,20260430
001373.SZ,翔腾新材,37.51,37.05,1.84632093,37.77,36.85,1139/5521,37.05,37.77,36.85,37.51,2.497963,1302300,33,001373,20260430
002831.SZ,裕同科技,37.84,38.7,-2.01967892,39.17,36.85,1139/5521,38.7,39.17,36.85,37.84,6.00725,1.2537871E7,33,002831,20260430
603072.SH,天和磁材,37.54,37.25,0.77852349,37.69,36.85,1139/5521,37.25,37.69,36.85,37.54,2.255033,3647655,17,603072,20260430
688377.SH,迪威尔,37.89,37.2,1.71812081,37.99,36.81,1142/5521,37.2,37.99,36.81,37.89,3.167785,1359696,17,688377,20260430
688117.SH,圣诺生物,37.41,36.8,0.45649839,37.7,36.8,1143/5521,36.8,37.7,36.8,37.41,2.416756,2163590,17,688117,20260430
300467.SZ,迅游科技,37.29,37.92,-1.37529754,37.92,36.78,1144/5521,37.92,37.92,36.78,37.29,3.015075,8691958,33,300467,20260430
300777.SZ,中简科技,37.04,37.38,-1.54173312,37.39,36.75,1145/5521,37.38,37.39,36.75,37.04,1.701222,1.2533617E7,33,300777,20260430
603489.SH,八方股份,37.15,38,1.08843537,39.39,36.7,1146/5521,38,39.39,36.7,37.15,7.319727,1.3593706E7,17,603489,20260430
002074.SZ,国轩高科,36.74,37.5,-2.67549669,37.96,36.69,1147/5521,37.5,37.96,36.69,36.74,3.364238,5.6402831E7,33,002074,20260430
002352.SZ,顺丰控股,37.1,36.77,0.70575461,37.28,36.66,1148/5521,36.77,37.28,36.66,37.1,1.682953,3.0498359E7,33,002352,20260430
601628.SH,中国人寿,36.67,36.79,0.08187773,38.71,36.62,1149/5521,36.79,38.71,36.62,36.67,5.704148,7.3079729E7,17,601628,20260430
301132.SZ,满坤科技,36.68,37.75,-2.83443709,38.43,36.61,1150/5521,37.75,38.43,36.61,36.68,4.821192,5589020,33,301132,20260430
688484.SH,南芯科技,38.41,36.76,0.91960063,38.98,36.6,1151/5521,36.76,38.98,36.6,38.41,6.253284,1.2498342E7,17,688484,20260430
300547.SZ,川环科技,38.92,37,5.33152909,39.63,36.58,1152/5521,37,39.63,36.58,38.92,8.254397,2.077E7,33,300547,20260430
603881.SH,数据港,36.91,37.2,-0.83288555,37.22,36.58,1152/5521,37.2,37.22,36.58,36.91,1.719505,2.8146215E7,17,603881,20260430
002289.SZ,*ST宇顺,36.56,36.56,4.99712809,36.56,36.56,1154/5521,36.56,36.56,36.56,36.56,0,426613,33,002289,20260430
688231.SH,隆达股份,38.48,36.69,4.05624662,38.79,36.56,1154/5521,36.69,38.79,36.56,38.48,6.030286,4993298,17,688231,20260430
002841.SZ,视源股份,36.91,36.92,0,37.16,36.52,1156/5521,36.92,37.16,36.52,36.91,1.733947,4551545,33,002841,20260430
301459.SZ,丰茂股份,36.84,36.9,0.38147139,37.03,36.52,1156/5521,36.9,37.03,36.52,36.84,1.389645,670923,33,301459,20260430
002842.SZ,翔鹭钨业,38.49,36.51,10.00285796,38.49,36.51,1158/5521,36.51,38.49,36.51,38.49,5.658759,8.7961252E7,33,002842,20260430
300834.SZ,星辉环材,37.05,37.3,-1.27897682,37.5,36.51,1158/5521,37.3,37.5,36.51,37.05,2.637889,3505024,33,300834,20260430
600160.SH,巨化股份,36.63,36.68,-0.5160239,37.35,36.48,1160/5521,36.68,37.35,36.48,36.63,2.362846,3.2343517E7,17,600160,20260430
002213.SZ,大为股份,37.3,37,0.78357201,38.41,36.44,1161/5521,37,38.41,36.44,37.3,5.322885,4.187061E7,33,002213,20260430
300628.SZ,亿联网络,36.53,36.65,-0.73369565,36.83,36.43,1162/5521,36.65,36.83,36.43,36.53,1.086956,6498216,33,300628,20260430
300598.SZ,诚迈科技,36.53,36.82,-1.05633803,37.65,36.36,1163/5521,36.82,37.65,36.36,36.53,3.494041,6852364,33,300598,20260430
301176.SZ,逸豪新材,37.35,37.6,-1.37311856,38.45,36.36,1163/5521,37.6,38.45,36.36,37.35,5.51888,1.2524061E7,33,301176,20260430
688056.SH,莱伯泰科,36.73,36.35,0.21828104,36.98,36.35,1165/5521,36.35,36.98,36.35,36.73,1.718963,814807,17,688056,20260430
301518.SZ,长华化学,36.71,36.44,0.35538546,37.2,36.31,1166/5521,36.44,37.2,36.31,36.71,2.433023,2125639,33,301518,20260430
002870.SZ,香山股份,39.58,36.22,10.00555864,39.58,36.22,1167/5521,36.22,39.58,36.22,39.58,9.338521,1.0480274E7,33,002870,20260430
920015.BJ,锦华新材,37.39,37.37,-5.88975585,38.48,36.22,1167/5521,37.37,38.48,36.22,37.39,5.688396,3615008,151,920015,20260430
688100.SH,威胜信息,37.37,36.23,3.11810155,37.56,36.2,1169/5521,36.23,37.56,36.2,37.37,3.752759,3573421,17,688100,20260430
000603.SZ,盛达资源,36.48,37.09,-2.72,37.6,36.17,1170/5521,37.09,37.6,36.17,36.48,3.813333,2.0411292E7,33,000603,20260430
301076.SZ,新瀚新材,36.72,36.68,-0.2173913,37.1,36.16,1171/5521,36.68,37.1,36.16,36.72,2.554347,2197275,33,301076,20260430
301252.SZ,同星科技,36.85,36.8,0.76565491,37.29,36.12,1172/5521,36.8,37.29,36.12,36.85,3.199343,2436863,33,301252,20260430
301469.SZ,恒达新材,36.25,36.6,-1.25306456,37.2,36.11,1173/5521,36.6,37.2,36.11,36.25,2.969218,2259704,33,301469,20260430
300916.SZ,朗特智能,37.37,36.28,2.97602645,37.95,36.02,1174/5521,36.28,37.95,36.02,37.37,5.318269,5301449,33,300916,20260430
603199.SH,九华旅游,36.48,36.95,-1.64464815,36.98,36.01,1175/5521,36.95,36.98,36.01,36.48,2.61526,3571900,17,603199,20260430
002895.SZ,川恒股份,36.48,37,-4.2519685,37.34,36,1176/5521,37,37.34,36,36.48,3.51706,2.0125241E7,33,002895,20260430
300899.SZ,*ST凯鑫,36.65,37.07,-1.07962213,38.07,36,1176/5521,37.07,38.07,36,36.65,5.587044,639900,33,300899,20260430
300955.SZ,嘉亨家化,36.58,36.39,0.41174856,36.98,36,1176/5521,36.39,36.98,36,36.58,2.69009,1601800,33,300955,20260430
603127.SH,昭衍新药,38.87,39.02,0.5952381,39.98,36,1176/5521,39.02,39.98,36,38.87,10.300207,5.0070474E7,17,603127,20260430
688075.SH,安旭生物,37.42,37.21,-0.42575838,37.7,36,1176/5521,37.21,37.7,36,37.42,4.523682,743858,17,688075,20260430
001277.SZ,速达股份,37.22,35.96,3.47511815,37.71,35.96,1181/5521,35.96,37.71,35.96,37.22,4.865165,2759610,33,001277,20260430
600096.SH,云天化,36.18,36.44,-1.36314068,36.86,35.93,1182/5521,36.44,36.86,35.93,36.18,2.535441,5.3132289E7,17,600096,20260430
688157.SH,松井股份,36.05,36.72,-1.07025247,36.83,35.93,1182/5521,36.72,36.83,35.93,36.05,2.469813,1390726,17,688157,20260430
600391.SH,航发科技,37.19,35.9,2.42357477,38.58,35.9,1184/5521,35.9,38.58,35.9,37.19,7.380886,1.4596568E7,17,600391,20260430
603659.SH,璞泰来,36.27,37,-3.58851675,37.54,35.9,1184/5521,37,37.54,35.9,36.27,4.359383,7.337726E7,17,603659,20260430
688013.SH,天臣医疗,36.21,37.07,-2.71359484,37.08,35.9,1184/5521,37.07,37.08,35.9,36.21,3.170338,1567225,17,688013,20260430
002683.SZ,广东宏大,36.32,36.56,-0.62927497,36.78,35.89,1187/5521,36.56,36.78,35.89,36.32,2.43502,9426024,33,002683,20260430
300085.SZ,银之杰,37.28,35.89,3.12586445,38.14,35.88,1188/5521,35.89,38.14,35.88,37.28,6.251728,3.8864379E7,33,300085,20260430
301555.SZ,惠柏新材,36.17,36.99,-1.63176503,36.99,35.88,1188/5521,36.99,36.99,35.88,36.17,3.018765,2169415,33,301555,20260430
688539.SH,高华科技,37.36,36.2,3.09050773,37.65,35.84,1190/5521,36.2,37.65,35.84,37.36,4.994481,4195061,17,688539,20260430
301322.SZ,绿通科技,38.8,35.8,7.89766407,39.74,35.8,1191/5521,35.8,39.74,35.8,38.8,10.956618,6927185,33,301322,20260430
603380.SH,易德龙,36.88,35.9,2.2172949,37.21,35.77,1192/5521,35.9,37.21,35.77,36.88,3.99113,2154350,17,603380,20260430
688633.SH,星球石墨,36.2,35.8,-1.03881903,39.73,35.72,1193/5521,35.8,39.73,35.72,36.2,10.962274,1.3407621E7,17,688633,20260430
600316.SH,洪都航空,36.61,35.95,2.00612984,37.18,35.71,1194/5521,35.95,37.18,35.71,36.61,4.095848,1.159811E7,17,600316,20260430
000063.SZ,中兴通讯,36.7,36.21,0.76880835,36.83,35.7,1195/5521,36.21,36.83,35.7,36.7,3.10269,9.8381385E7,33,000063,20260430
002759.SZ,天际股份,38.09,36.02,5.77617329,38.55,35.7,1195/5521,36.02,38.55,35.7,38.09,7.914468,9.918683E7,33,002759,20260430
688135.SH,利扬芯片,36.89,35.8,1.68136714,37.3,35.7,1195/5521,35.8,37.3,35.7,36.89,4.410143,1.848542E7,17,688135,20260430
603014.SH,威高血净,35.95,35.67,-0.24972253,36.13,35.67,1198/5521,35.67,36.13,35.67,35.95,1.276359,708359,17,603014,20260430
603156.SH,养元饮品,37.55,35.9,4.77120536,37.7,35.66,1199/5521,35.9,37.7,35.66,37.55,5.691964,1.1378098E7,17,603156,20260430
603139.SH,康惠股份,36.3,36.59,-1.3050571,37.2,35.64,1200/5521,36.59,37.2,35.64,36.3,4.241435,6677906,17,603139,20260430
300380.SZ,安硕信息,37.49,36.02,5.69495348,40.95,35.63,1201/5521,36.02,40.95,35.63,37.49,14.99859,1.06151E7,33,300380,20260430
688175.SH,高凌信息,36.67,35.74,3.09249367,36.8,35.63,1201/5521,35.74,36.8,35.63,36.67,3.289288,2225181,17,688175,20260430
002179.SZ,中航光电,36.56,36.23,0.85517241,37.22,35.6,1203/5521,36.23,37.22,35.6,36.56,4.468965,3.3882828E7,33,002179,20260430
002536.SZ,飞龙股份,35.88,36.35,-1.26582278,36.8,35.6,1203/5521,36.35,36.8,35.6,35.88,3.302146,2.2702712E7,33,002536,20260430
603352.SH,至信股份,35.72,35.61,-1.38045279,35.92,35.58,1205/5521,35.61,35.92,35.58,35.72,0.938707,1536779,17,603352,20260430
920121.BJ,江天科技,36.75,35.85,3.37552743,36.75,35.55,1206/5521,35.85,36.75,35.55,36.75,3.375527,353050,151,920121,20260430
300833.SZ,浩洋股份,37.32,35.9,3.95543175,38.41,35.54,1207/5521,35.9,38.41,35.54,37.32,7.994428,4275555,33,300833,20260430
301313.SZ,凡拓数创,35.65,35.74,-0.39117072,36.4,35.54,1207/5521,35.74,36.4,35.54,35.65,2.402905,1787001,33,301313,20260430
301361.SZ,众智科技,35.88,36.14,-1.07526882,36.58,35.52,1209/5521,36.14,36.58,35.52,35.88,2.922525,1669955,33,301361,20260430
301101.SZ,明月镜片,35.54,36.05,-1.27777778,36.14,35.5,1210/5521,36.05,36.14,35.5,35.54,1.777777,1944013,33,301101,20260430
688558.SH,国盛智科,35.6,36.1,-1.38504155,36.68,35.48,1211/5521,36.1,36.68,35.48,35.6,3.324099,2582908,17,688558,20260430
301007.SZ,德迈仕,36.1,35.41,1.40449438,36.33,35.41,1212/5521,35.41,36.33,35.41,36.1,2.584269,2318801,33,301007,20260430
688260.SH,昀冢科技,35.8,35.82,0.22396417,36.45,35.4,1213/5521,35.82,36.45,35.4,35.8,2.939529,4895914,17,688260,20260430
301503.SZ,智迪科技,35.82,35.43,0.73115861,35.89,35.35,1214/5521,35.43,35.89,35.35,35.82,1.51856,1057300,33,301503,20260430
301273.SZ,瑞晨环保,37.59,36.01,3.92590545,37.59,35.28,1215/5521,36.01,37.59,35.28,37.59,6.386508,1459200,33,301273,20260430
600066.SH,宇通客车,35.41,36.08,-1.41982183,36.8,35.28,1215/5521,36.08,36.8,35.28,35.41,4.231625,1.7422887E7,17,600066,20260430
300354.SZ,东华测试,35.74,35.27,1.53409091,35.81,35.25,1217/5521,35.27,35.81,35.25,35.74,1.590909,1596313,33,300354,20260430
002985.SZ,北摩高科,35.63,35.48,0.08426966,35.84,35.22,1218/5521,35.48,35.84,35.22,35.63,1.741573,6987157,33,002985,20260430
300995.SZ,奇德新材,35.47,35.99,-1.44484579,35.99,35.21,1219/5521,35.99,35.99,35.21,35.47,2.167268,839600,33,300995,20260430
000062.SZ,深圳华强,36.92,35.75,3.56241234,37.7,35.2,1220/5521,35.75,37.7,35.2,36.92,7.012622,1.16985447E8,33,000062,20260430
603590.SH,康辰药业,35.4,36.15,-2.37175951,36.45,35.19,1221/5521,36.15,36.45,35.19,35.4,3.474903,3259400,17,603590,20260430
300285.SZ,国瓷材料,35.78,36.98,-3.2449973,37.19,35.16,1222/5521,36.98,37.19,35.16,35.78,5.489453,4.8740766E7,33,300285,20260430
301012.SZ,扬电科技,35.23,36.2,-2.59883882,36.9,35.16,1222/5521,36.2,36.9,35.16,35.23,4.810616,1.1729488E7,33,301012,20260430
301112.SZ,信邦智能,35.7,35.46,0.67681895,35.99,35.13,1224/5521,35.46,35.99,35.13,35.7,2.425267,1478100,33,301112,20260430
600895.SH,张江高科,36.62,35.13,4.41973196,37.04,35.12,1225/5521,35.13,37.04,35.12,36.62,5.474764,4.0232088E7,17,600895,20260430
603813.SH,*ST原尚,37.0,35.5,1.36986301,37.18,35.1,1226/5521,35.5,37.18,35.1,37.0,5.69863,1102200,22,603813,20260430
601698.SH,中国卫通,36.67,35.19,2.97669194,36.97,35.09,1227/5521,35.19,36.97,35.09,36.67,5.279415,6.8198094E7,17,601698,20260430
300602.SZ,飞荣达,35.73,36.01,-2.51023192,36.1,35.08,1228/5521,36.01,36.1,35.08,35.73,2.783083,2.596779E7,33,300602,20260430
300657.SZ,弘信电子,35.76,36.26,1.50439966,36.7,35.08,1228/5521,36.26,36.7,35.08,35.76,4.598353,4.1330081E7,33,300657,20260430
688069.SH,德林海,39.0,35,7.5862069,39.4,35,1230/5521,35,39.4,35,39.0,12.137931,3638080,17,688069,20260430
603341.SH,龙旗科技,36.81,36.08,1.966759,37.8,34.99,1231/5521,36.08,37.8,34.99,36.81,7.783933,1.3218641E7,17,603341,20260430
605088.SH,冠盛股份,35.46,35.27,1.34324093,36.1,34.99,1231/5521,35.27,36.1,34.99,35.46,3.172334,3290800,17,605088,20260430
688181.SH,八亿时空,35.57,35.58,-0.19640853,35.84,34.96,1233/5521,35.58,35.84,34.96,35.57,2.469135,5303599,17,688181,20260430
920187.BJ,通领科技,35.5,35.19,1.37064535,35.77,34.96,1233/5521,35.19,35.77,34.96,35.5,2.312964,705982,151,920187,20260430
600378.SH,昊华科技,36.4,36,2.04653771,36.5,34.93,1235/5521,36,36.5,34.93,36.4,4.401457,2.1064615E7,17,600378,20260430
001268.SZ,联合精密,38.41,34.92,9.99427262,38.41,34.92,1236/5521,34.92,38.41,34.92,38.41,9.994272,4771700,33,001268,20260430
300480.SZ,光力科技,35.87,36.41,-1.29334067,36.58,34.91,1237/5521,36.41,36.58,34.91,35.87,4.595487,2.1838143E7,33,300480,20260430
301068.SZ,大地海洋,34.95,35.76,-2.37430168,36.1,34.91,1237/5521,35.76,36.1,34.91,34.95,3.324022,1360026,33,301068,20260430
000960.SZ,锡业股份,35.25,35.44,-1.56380899,36.18,34.88,1239/5521,35.44,36.18,34.88,35.25,3.63027,4.9968875E7,33,000960,20260430
300747.SZ,锐科激光,36.0,35.58,0.44642857,36.44,34.88,1239/5521,35.58,36.44,34.88,36.0,4.352678,2.3695328E7,33,300747,20260430
603396.SH,金辰股份,35.28,35.1,-0.45146727,35.6,34.85,1241/5521,35.1,35.6,34.85,35.28,2.116252,3562249,17,603396,20260430
300906.SZ,日月明,35.63,35.07,1.8,35.95,34.8,1242/5521,35.07,35.95,34.8,35.63,3.285714,1701299,33,300906,20260430
688106.SH,金宏气体,34.89,39.99,-13.10087173,40.76,34.8,1242/5521,39.99,40.76,34.8,34.89,14.844333,8.5337044E7,17,688106,20260430
300970.SZ,华绿生物,35.3,36.31,-2.75482094,36.75,34.79,1244/5521,36.31,36.75,34.79,35.3,5.399449,1.3989381E7,33,300970,20260430
300788.SZ,中信出版,35.58,35.45,0.93617021,36.65,34.77,1245/5521,35.45,36.65,34.77,35.58,5.333333,3815203,33,300788,20260430
002407.SZ,多氟多,36.31,35.9,1.2266518,36.69,34.75,1246/5521,35.9,36.69,34.75,36.31,5.408419,1.82569461E8,33,002407,20260430
003019.SZ,宸展光电,35.18,35.29,-0.78962211,35.69,34.75,1246/5521,35.29,35.69,34.75,35.18,2.650874,4041952,33,003019,20260430
301509.SZ,金凯生科,34.84,35.18,-1.63749294,35.55,34.72,1248/5521,35.18,35.55,34.72,34.84,2.343308,2726579,33,301509,20260430
688618.SH,三旺通信,35.99,35,-1.55908096,36.58,34.72,1248/5521,35,36.58,34.72,35.99,5.087527,3875729,17,688618,20260430
603194.SH,中力股份,34.87,35.21,-0.68356594,35.25,34.71,1250/5521,35.21,35.25,34.71,34.87,1.538023,1332689,17,603194,20260430
002261.SZ,拓维信息,35.44,34.97,1.51818963,35.79,34.7,1251/5521,34.97,35.79,34.7,35.44,3.122314,9.2643107E7,33,002261,20260430
603067.SH,振华股份,34.98,36.5,-1.60337553,38.13,34.7,1251/5521,36.5,38.13,34.7,34.98,9.648382,5.3470377E7,17,603067,20260430
002380.SZ,科远智慧,34.74,35.23,-2.05807725,35.62,34.62,1253/5521,35.23,35.62,34.62,34.74,2.819283,5522146,33,002380,20260430
688458.SH,美芯晟,36.86,35,0.60043668,37.24,34.62,1253/5521,35,37.24,34.62,36.86,7.150655,3893456,17,688458,20260430
301106.SZ,骏成科技,35.8,34.73,2.402746,37.94,34.6,1255/5521,34.73,37.94,34.6,35.8,9.553775,5633769,33,301106,20260430
688357.SH,建龙微纳,36.56,36.42,-3.48468849,37.88,34.58,1256/5521,36.42,37.88,34.58,36.56,8.711721,4097206,17,688357,20260430
002415.SZ,海康威视,36.29,34.75,4.25165182,36.84,34.57,1257/5521,34.75,36.84,34.57,36.29,6.521114,1.17530949E8,33,002415,20260430
605258.SH,协和电子,34.73,35.28,-2.003386,35.62,34.54,1258/5521,35.28,35.62,34.54,34.73,3.047404,2666900,17,605258,20260430
688767.SH,博拓生物,34.89,35.45,-2.8674833,36.38,34.53,1259/5521,35.45,36.38,34.53,34.89,5.150334,2764584,17,688767,20260430
300683.SZ,海特生物,35.34,35.13,0.25531915,35.5,34.52,1260/5521,35.13,35.5,34.52,35.34,2.780141,4949200,33,300683,20260430
603099.SH,长白山,34.95,34.82,-0.37058153,35.19,34.5,1261/5521,34.82,35.19,34.5,34.95,1.966932,3903826,17,603099,20260430
300557.SZ,理工光科,35.28,35.2,0.68493151,35.32,34.49,1262/5521,35.2,35.32,34.49,35.28,2.368721,2358841,33,300557,20260430
002988.SZ,豪美新材,34.65,34.53,0.5513639,35.2,34.46,1263/5521,34.53,35.2,34.46,34.65,2.147417,3226700,33,002988,20260430
300812.SZ,易天股份,35.02,35.3,-0.39817975,35.53,34.45,1264/5521,35.3,35.53,34.45,35.02,3.071672,6152580,33,300812,20260430
688709.SH,成都华微,37.67,34.45,-7.19389012,38,34.45,1264/5521,34.45,38,34.45,37.67,8.745996,1.7369068E7,17,688709,20260430
920640.BJ,富士达,35.49,34.6,2.24719101,36.1,34.43,1266/5521,34.6,36.1,34.43,35.49,4.811293,4549847,151,920640,20260430
300458.SZ,全志科技,35.8,34.93,3.82830626,36.29,34.38,1267/5521,34.93,36.29,34.38,35.8,5.539443,4.8768778E7,33,300458,20260430
688557.SH,兰剑智能,34.88,34.38,1.98830409,35.4,34.37,1268/5521,34.38,35.4,34.37,34.88,3.011695,1846539,17,688557,20260430
002001.SZ,新和成,34.8,35.3,-0.4576659,35.3,34.36,1269/5521,35.3,35.3,34.36,34.8,2.688787,2.4519401E7,33,002001,20260430
300844.SZ,山水比德,35.14,34.86,0.94800345,35.35,34.34,1270/5521,34.86,35.35,34.34,35.14,2.901465,664600,33,300844,20260430
920005.BJ,鼎佳精密,34.75,34.46,0.84155543,34.88,34.33,1271/5521,34.46,34.88,34.33,34.75,1.596053,224941,151,920005,20260430
300792.SZ,壹网壹创,34.77,34.45,1.10497238,34.9,34.3,1272/5521,34.45,34.9,34.3,34.77,1.744693,3778850,33,300792,20260430
301499.SZ,维科精密,35.78,34.4,3.59004053,36.39,34.28,1273/5521,34.4,36.39,34.28,35.78,6.108859,4232100,33,301499,20260430
605058.SH,澳弘电子,34.48,35.08,-1.6543069,35.38,34.26,1274/5521,35.08,35.38,34.26,34.48,3.194523,2786700,17,605058,20260430
688152.SH,麒麟信安,35.29,34.43,3.217315,35.48,34.23,1275/5521,34.43,35.48,34.23,35.29,3.656039,1266963,17,688152,20260430
688522.SH,纳睿雷达,34.95,34.55,1.51031078,35.1,34.21,1276/5521,34.55,35.1,34.21,34.95,2.584954,3285183,17,688522,20260430
920981.BJ,晶赛科技,34.4,35.39,-2.7974004,35.5,34.18,1277/5521,35.39,35.5,34.18,34.4,3.729867,4528126,151,920981,20260430
601995.SH,中金公司,34.23,34.39,-0.58088876,34.73,34.17,1278/5521,34.39,34.73,34.17,34.23,1.626488,2.2148249E7,17,601995,20260430
603059.SH,倍加洁,34.58,34.81,-2.03966006,35.6,34.17,1278/5521,34.81,35.6,34.17,34.58,4.050991,1686625,17,603059,20260430
688005.SH,容百科技,34.83,36.57,-9.53246753,36.7,34.17,1278/5521,36.57,36.7,34.17,34.83,6.571428,6.4429987E7,17,688005,20260430
920055.BJ,隆源股份,35.13,34.51,1.73761946,35.96,34.17,1278/5521,34.51,35.96,34.17,35.13,5.183898,2162147,151,920055,20260430
603068.SH,博通集成,35.48,34.22,3.71236481,35.5,34.15,1282/5521,34.22,35.5,34.15,35.48,3.946214,5465250,17,603068,20260430
688061.SH,灿瑞科技,35.2,34.49,1.35329686,35.51,34.14,1283/5521,34.49,35.51,34.14,35.2,3.944716,1439158,17,688061,20260430
301372.SZ,科净源,36.4,34.43,3.8220194,37.1,34.12,1284/5521,34.43,37.1,34.12,36.4,8.499714,4763851,33,301372,20260430
603350.SH,安乃达,34.91,35.1,-0.71103527,35.1,34.1,1285/5521,35.1,35.1,34.1,34.91,2.844141,1256726,17,603350,20260430
300520.SZ,科大国创,34.9,34.05,1.7789443,34.92,34.05,1286/5521,34.05,34.92,34.05,34.9,2.537182,9006009,33,300520,20260430
301365.SZ,矩阵股份,35.18,35.6,-1.97826693,36.38,34.04,1287/5521,35.6,36.38,34.04,35.18,6.519921,5396700,33,301365,20260430
300837.SZ,浙矿股份,34.4,34.79,-1.09258194,34.87,34.03,1288/5521,34.79,34.87,34.03,34.4,2.415181,1525200,33,300837,20260430
688062.SH,迈威生物,35.73,34.01,3.71552975,37.15,34.01,1289/5521,34.01,37.15,34.01,35.73,9.114658,9245880,17,688062,20260430
688163.SH,赛伦生物,35.2,34.01,-0.14184397,36.78,34.01,1289/5521,34.01,36.78,34.01,35.2,7.858156,2298130,17,688163,20260430
002422.SZ,科伦药业,34.57,34.93,1.37829912,35.15,34,1291/5521,34.93,35.15,34,34.57,3.372434,1.7379863E7,33,002422,20260430
002667.SZ,威领股份,34.0,34,,34,34,1291/5521,34,34,34,34.0,,,33,002667,20260430
301218.SZ,华是科技,34.76,34.96,-0.68571429,35.11,34,1291/5521,34.96,35.11,34,34.76,3.171428,1987232,33,301218,20260430
301578.SZ,辰奕智能,34.73,34.17,1.6388645,34.86,34,1291/5521,34.17,34.86,34,34.73,2.516827,843957,33,301578,20260430
603867.SH,新化股份,34.28,34.1,0.02918004,34.99,34,1291/5521,34.1,34.99,34,34.28,2.888824,5681600,17,603867,20260430
920799.BJ,艾融软件,34.79,34,1.87408492,35.7,34,1291/5521,34,35.7,34,34.79,4.978038,2276815,151,920799,20260430
301380.SZ,挖金客,34.38,34.05,0.58513751,34.67,33.99,1297/5521,34.05,34.67,33.99,34.38,1.989467,1323035,33,301380,20260430
920101.BJ,志高机械,34.34,34.22,0.29205607,34.58,33.98,1298/5521,34.22,34.58,33.98,34.34,1.752336,272496,151,920101,20260430
300781.SZ,因赛集团,34.22,34.01,-0.32041946,34.79,33.93,1299/5521,34.01,34.79,33.93,34.22,2.505097,4206105,33,300781,20260430
603280.SH,南方路机,34.08,33.91,0.50132704,34.46,33.91,1300/5521,33.91,34.46,33.91,34.08,1.62194,1100500,17,603280,20260430
001255.SZ,博菲电气,34.82,34.24,1.75336061,34.83,33.9,1301/5521,34.24,34.83,33.9,34.82,2.717708,1680600,33,001255,20260430
600547.SH,山东黄金,34.38,34.55,-2.88135593,35.03,33.9,1301/5521,34.55,35.03,33.9,34.38,3.19209,7.7654536E7,17,600547,20260430
002444.SZ,巨星科技,34.19,34.51,-1.29907621,34.65,33.88,1303/5521,34.51,34.65,33.88,34.19,2.222863,1.4613034E7,33,002444,20260430
600593.SH,大连圣亚,34.08,34.51,-0.7860262,34.75,33.8,1304/5521,34.51,34.75,33.8,34.08,2.765647,3370600,17,600593,20260430
688208.SH,道通科技,33.87,34.13,-0.81991215,34.45,33.79,1305/5521,34.13,34.45,33.79,33.87,1.93265,7429509,17,688208,20260430
603082.SH,北自科技,33.96,33.82,0,34.04,33.75,1306/5521,33.82,34.04,33.75,33.96,0.853945,810079,17,603082,20260430
603197.SH,保隆科技,33.84,34.24,-0.76246334,34.24,33.74,1307/5521,34.24,34.24,33.74,33.84,1.466275,1706450,17,603197,20260430
001259.SZ,利仁科技,34.34,34.3,0.8813161,34.67,33.7,1308/5521,34.3,34.67,33.7,34.34,2.849588,1297500,33,001259,20260430
603406.SH,天富龙,33.83,33.81,-0.17704338,33.98,33.68,1309/5521,33.81,33.98,33.68,33.83,0.885216,661082,17,603406,20260430
688591.SH,泰凌微,34.74,33.8,2.72028386,34.99,33.67,1310/5521,33.8,34.99,33.67,34.74,3.903015,5528823,17,688591,20260430
300727.SZ,润禾材料,34.18,34.58,-1.07091172,34.58,33.66,1311/5521,34.58,34.58,33.66,34.18,2.662807,1977200,33,300727,20260430
301208.SZ,中亦科技,34.01,33.67,1.00980101,34.14,33.65,1312/5521,33.67,34.14,33.65,34.01,1.455301,801800,33,301208,20260430
002891.SZ,中宠股份,33.65,34.81,-3.71959943,34.89,33.62,1313/5521,34.81,34.89,33.62,33.65,3.633762,1.2216618E7,33,002891,20260430
300745.SZ,欣锐科技,33.66,34.8,-2.46305419,35.8,33.61,1314/5521,34.8,35.8,33.61,33.66,6.345986,1.4025198E7,33,300745,20260430
603281.SH,江瀚新材,33.82,34.4,-1.62885398,34.58,33.61,1314/5521,34.4,34.58,33.61,33.82,2.821407,2461232,17,603281,20260430
300545.SZ,联得装备,33.92,34,0.35502959,34.34,33.53,1316/5521,34,34.34,33.53,33.92,2.396449,8274711,33,300545,20260430
603868.SH,飞科电器,34.5,33.51,2.07100592,34.58,33.51,1317/5521,33.51,34.58,33.51,34.5,3.16568,2205920,17,603868,20260430
688595.SH,芯海科技,34.26,34,-1.55172414,34.77,33.51,1317/5521,34,34.77,33.51,34.26,3.620689,5481475,17,688595,20260430
603619.SH,中曼石油,33.66,34.6,-2.71676301,35.2,33.5,1319/5521,34.6,35.2,33.5,33.66,4.913294,2.9184441E7,17,603619,20260430
603658.SH,安图生物,33.5,33.86,-1.06320142,33.92,33.48,1320/5521,33.86,33.92,33.48,33.5,1.299468,1823823,17,603658,20260430
688178.SH,万德斯,33.77,34.66,-4.03523728,35.77,33.43,1321/5521,34.66,35.77,33.43,33.77,6.649616,2870497,17,688178,20260430
603826.SH,坤彩科技,33.79,34.75,-2.76258993,34.9,33.41,1322/5521,34.75,34.9,33.41,33.79,4.287769,1.2059779E7,17,603826,20260430
002138.SZ,顺络电子,33.95,34.2,-3.46886551,35.6,33.34,1323/5521,34.2,35.6,33.34,33.95,6.425931,5.5615863E7,33,002138,20260430
301501.SZ,恒鑫生活,33.46,34.05,-1.44329897,34.05,33.31,1324/5521,34.05,34.05,33.31,33.46,2.179675,1073624,33,301501,20260430
301270.SZ,汉仪股份,33.34,33.48,-0.80333234,33.8,33.24,1325/5521,33.48,33.8,33.24,33.34,1.66617,1895900,33,301270,20260430
920748.BJ,路桥信息,33.66,33.24,1.05073551,33.95,33.24,1325/5521,33.24,33.95,33.24,33.66,2.131492,451882,151,920748,20260430
300470.SZ,中密控股,33.96,33.36,1.79856115,34.08,33.21,1327/5521,33.36,34.08,33.21,33.96,2.607913,3969146,33,300470,20260430
000963.SZ,华东医药,33.35,33.52,-0.56648778,33.59,33.2,1328/5521,33.52,33.59,33.2,33.35,1.16279,1.3215462E7,33,000963,20260430
600114.SH,东睦股份,34.08,33.21,4.15647922,34.73,33.18,1329/5521,33.21,34.73,33.18,34.08,4.737163,2.3867494E7,17,600114,20260430
600456.SH,宝钛股份,33.41,33.62,-0.59506099,33.85,33.18,1329/5521,33.62,33.85,33.18,33.41,1.993454,7342751,17,600456,20260430
688311.SH,盟升电子,34.39,33.24,2.35119048,34.74,33.18,1329/5521,33.24,34.74,33.18,34.39,4.642857,5623853,17,688311,20260430
301138.SZ,华研精机,33.33,33.95,-1.62337662,33.98,33.15,1332/5521,33.95,33.98,33.15,33.33,2.449822,1180334,33,301138,20260430
301309.SZ,万得凯,33.53,33.5,0.50959233,33.87,33.13,1333/5521,33.5,33.87,33.13,33.53,2.218225,1194937,33,301309,20260430
605128.SH,上海沿浦,34.2,33.2,2.7027027,34.76,33.1,1334/5521,33.2,34.76,33.1,34.2,4.984984,3565877,17,605128,20260430
000526.SZ,学大教育,34.76,33.1,4.76190476,35.67,33.09,1335/5521,33.1,35.67,33.09,34.76,7.775768,5178355,33,000526,20260430
601899.SH,紫金矿业,33.3,33.7,-2.46045694,34.02,33.08,1336/5521,33.7,34.02,33.08,33.3,2.753368,2.4038993E8,17,601899,20260430
920026.BJ,卓兆点胶,33.61,33.97,-1.7251462,34.4,33.08,1336/5521,33.97,34.4,33.08,33.61,3.859649,1383417,151,920026,20260430
603261.SH,*ST立航,33.79,33.5,1.01644245,33.97,33.07,1338/5521,33.5,33.97,33.07,33.79,2.690582,386600,22,603261,20260430
688211.SH,中科微至,34.7,33.88,2.90628707,34.7,33.06,1339/5521,33.88,34.7,33.06,34.7,4.863582,1552737,17,688211,20260430
300917.SZ,特发服务,33.72,33.04,3.24556032,34.14,33.04,1340/5521,33.04,34.14,33.04,33.72,3.368034,7561301,33,300917,20260430
600343.SH,航天动力,34.52,33.18,3.78833434,35.08,33,1341/5521,33.18,35.08,33,34.52,6.253758,3.5735182E7,17,600343,20260430
300473.SZ,德尔股份,33.15,33.6,-1.33928571,33.9,32.98,1342/5521,33.6,33.9,32.98,33.15,2.738095,3870900,33,300473,20260430
002956.SZ,西麦食品,33.15,34.14,1.96862504,34.93,32.97,1343/5521,34.14,34.93,32.97,33.15,6.028914,1.4475041E7,33,002956,20260430
300980.SZ,祥源新材,33.21,33.64,-1.91966923,34.06,32.96,1344/5521,33.64,34.06,32.96,33.21,3.24867,3615208,33,300980,20260430
688010.SH,福光股份,33.45,33.12,0.78336848,33.62,32.95,1345/5521,33.12,33.62,32.95,33.45,2.01868,3425856,17,688010,20260430
301171.SZ,易点天下,33.47,33.31,0,33.98,32.94,1346/5521,33.31,33.98,32.94,33.47,3.10726,2.244393E7,33,301171,20260430
688212.SH,澳华内镜,34.96,36,-4.3502052,36.02,32.93,1347/5521,36,36.02,32.93,34.96,8.454172,7434579,17,688212,20260430
688320.SH,禾川科技,33.73,33.32,1.2304922,34.07,32.92,1348/5521,33.32,34.07,32.92,33.73,3.45138,3776835,17,688320,20260430
002940.SZ,昂利康,33.08,33.95,-3.18993269,34.28,32.88,1349/5521,33.95,34.28,32.88,33.08,4.097161,1.1604082E7,33,002940,20260430
600673.SH,东阳光,35.4,33.1,6.81955341,35.95,32.88,1349/5521,33.1,35.95,32.88,35.4,9.263729,9.6767724E7,17,600673,20260430
002142.SZ,宁波银行,33.2,33.4,-1.04321908,33.58,32.87,1351/5521,33.4,33.58,32.87,33.2,2.116244,1.884062E7,33,002142,20260430
300540.SZ,蜀道装备,33.49,34.3,-1.67351732,36.12,32.87,1351/5521,34.3,36.12,32.87,33.49,9.541984,3.287446E7,33,300540,20260430
300818.SZ,耐普矿机,33.05,33.67,-0.66125639,34.22,32.82,1353/5521,33.67,34.22,32.82,33.05,4.207995,3217700,33,300818,20260430
301152.SZ,天力锂能,33.94,33,1.52557583,34.9,32.8,1354/5521,33,34.9,32.8,33.94,6.281782,1.3980575E7,33,301152,20260430
920177.BJ,恒道科技,34.41,32.8,4.74885845,35.79,32.8,1354/5521,32.8,35.79,32.8,34.41,9.101978,3283152,151,920177,20260430
605222.SH,起帆电缆,36.37,32.84,10.01209921,36.37,32.76,1356/5521,32.84,36.37,32.76,36.37,10.91954,2.1060276E7,17,605222,20260430
002899.SZ,英派斯,33.78,32.86,2.55009107,34.28,32.7,1357/5521,32.86,34.28,32.7,33.78,4.796599,3588999,33,002899,20260430
301428.SZ,世纪恒通,32.95,33.13,0,33.29,32.7,1357/5521,33.13,33.29,32.7,32.95,1.790591,2883254,33,301428,20260430
600176.SH,中国巨石,34.5,35.65,-3.36134454,35.67,32.7,1357/5521,35.65,35.67,32.7,34.5,8.319327,1.86769445E8,17,600176,20260430
002273.SZ,水晶光电,33.0,34.74,-0.99009901,34.84,32.69,1360/5521,34.74,34.84,32.69,33.0,6.450645,5.592009E7,33,002273,20260430
002558.SZ,巨人网络,32.82,33.39,-2.05908684,33.58,32.68,1361/5521,33.39,33.58,32.68,32.82,2.685765,5.17877E7,33,002558,20260430
605488.SH,福莱新材,33.19,32.81,0.72837633,33.6,32.68,1361/5521,32.81,33.6,32.68,33.19,2.792109,5401620,17,605488,20260430
300748.SZ,金力永磁,32.96,33.09,-1.58256196,33.33,32.66,1363/5521,33.09,33.33,32.66,32.96,2.000597,3.4176838E7,33,300748,20260430
603906.SH,龙蟠科技,33.17,33.5,0.54561988,34.52,32.64,1364/5521,33.5,34.52,32.64,33.17,5.698696,8.302317E7,17,603906,20260430
920050.BJ,爱舍伦,33.08,32.63,1.37909899,33.45,32.63,1365/5521,32.63,33.45,32.63,33.08,2.513024,364063,151,920050,20260430
603685.SH,晨丰科技,32.82,34.47,-4.14719626,34.96,32.59,1366/5521,34.47,34.96,32.59,32.82,6.921728,4626821,17,603685,20260430
002937.SZ,兴瑞科技,33.55,32.8,2.28658537,33.84,32.56,1367/5521,32.8,33.84,32.56,33.55,3.902439,6206864,33,002937,20260430
300699.SZ,光威复材,33.0,32.73,0.57909174,33.13,32.53,1368/5521,32.73,33.13,32.53,33.0,1.82871,1.9098951E7,33,300699,20260430
000513.SZ,丽珠集团,32.65,32.75,-0.54827901,32.88,32.52,1369/5521,32.75,32.88,32.52,32.65,1.096558,5327061,33,000513,20260430
300952.SZ,恒辉安防,33.5,32.66,2.69773145,34,32.51,1370/5521,32.66,34,32.51,33.5,4.567749,4054281,33,300952,20260430
301533.SZ,威马农机,33.13,32.87,0.76034063,33.16,32.51,1370/5521,32.87,33.16,32.51,33.13,1.976885,820900,33,301533,20260430
600522.SH,中天科技,33.12,34.3,-3.38389732,34.35,32.51,1370/5521,34.3,34.35,32.51,33.12,5.367561,2.12348781E8,17,600522,20260430
300810.SZ,中科海讯,32.9,32.5,1.23076923,33.33,32.5,1373/5521,32.5,33.33,32.5,32.9,2.553846,2471050,33,300810,20260430
600779.SH,水井坊,32.51,32.99,0.74372482,33.4,32.5,1373/5521,32.99,33.4,32.5,32.51,2.788968,3633402,17,600779,20260430
301378.SZ,通达海,33.19,33.4,0.9735321,33.44,32.48,1375/5521,33.4,33.44,32.48,33.19,2.920596,4440434,33,301378,20260430
600141.SH,兴发集团,32.64,33.55,-2.74135876,33.69,32.45,1376/5521,33.55,33.69,32.45,32.64,3.694874,2.9080377E7,17,600141,20260430
603383.SH,顶点软件,32.46,32.86,-1.54686078,33.38,32.4,1377/5521,32.86,33.38,32.4,32.46,2.972399,5378704,17,603383,20260430
300651.SZ,金陵体育,36.08,32.67,13.24544884,38.2,32.39,1378/5521,32.67,38.2,32.39,36.08,18.236032,2.9956452E7,33,300651,20260430
002378.SZ,章源钨业,33.86,32.8,2.85540705,34.73,32.35,1379/5521,32.8,34.73,32.35,33.86,7.229647,1.36202639E8,33,002378,20260430
688206.SH,概伦电子,34.01,32.68,1.85684337,34.72,32.3,1380/5521,32.68,34.72,32.3,34.01,7.247678,6924927,17,688206,20260430
605086.SH,龙高股份,32.52,32.46,-0.33711309,32.97,32.28,1381/5521,32.46,32.97,32.28,32.52,2.114618,1351240,17,605086,20260430
603860.SH,中公高科,32.8,32.33,0.18326206,32.99,32.16,1382/5521,32.33,32.99,32.16,32.8,2.535125,1995407,17,603860,20260430
601877.SH,正泰电器,32.73,32.47,0.39877301,32.96,32.15,1383/5521,32.47,32.96,32.15,32.73,2.484662,2.7158072E7,17,601877,20260430
603678.SH,火炬电子,32.51,32.2,0,33.1,32.15,1383/5521,32.2,33.1,32.15,32.51,2.922177,1.1053034E7,17,603678,20260430
688612.SH,威迈斯,32.82,32.62,0.15257858,33.46,32.14,1385/5521,32.62,33.46,32.14,32.82,4.028074,5559896,17,688612,20260430
300935.SZ,盈建科,34.31,32.4,5.99320358,34.33,32.1,1386/5521,32.4,34.33,32.1,34.31,6.889094,2770080,33,300935,20260430
688596.SH,正帆科技,32.66,32.85,0.1533272,32.93,32.1,1386/5521,32.85,32.93,32.1,32.66,2.545231,5523694,17,688596,20260430
688690.SH,纳微科技,32.62,32.94,-0.79075426,33.48,32.1,1386/5521,32.94,33.48,32.1,32.62,4.19708,1.2439312E7,17,688690,20260430
003036.SZ,泰坦股份,32.75,34.3,-6.56205421,35.82,32.08,1389/5521,34.3,35.82,32.08,32.75,10.67047,2.2206764E7,33,003036,20260430
603322.SH,超讯通信,32.5,32.5,1.05721393,32.69,32.07,1390/5521,32.5,32.69,32.07,32.5,1.92786,6264300,17,603322,20260430
300563.SZ,神宇股份,32.32,32.33,-0.0927357,32.6,32.05,1391/5521,32.33,32.6,32.05,32.32,1.700154,2242126,33,300563,20260430
688162.SH,巨一科技,32.35,32.51,-0.58389674,32.64,32.05,1391/5521,32.51,32.64,32.05,32.35,1.813153,1825802,17,688162,20260430
301067.SZ,显盈科技,32.66,33.75,-2.681764,33.75,32,1393/5521,33.75,33.75,32,32.66,5.214541,3279327,33,301067,20260430
600685.SH,中船防务,32.15,32.99,-0.64894932,33.53,32,1393/5521,32.99,33.53,32,32.15,4.728059,3.1265177E7,17,600685,20260430
300508.SZ,维宏股份,32.1,32.1,-0.31055901,32.52,31.99,1395/5521,32.1,32.52,31.99,32.1,1.645962,1502140,33,300508,20260430
688071.SH,华依科技,33.24,31.99,2.05710777,33.43,31.99,1395/5521,31.99,33.43,31.99,33.24,4.421246,1522776,17,688071,20260430
601069.SH,西部黄金,32.59,32.44,1.02293862,32.75,31.98,1397/5521,32.44,32.75,31.98,32.59,2.386856,2.0433665E7,17,601069,20260430
300951.SZ,博硕科技,32.85,32.3,1.79733499,33.07,31.95,1398/5521,32.3,33.07,31.95,32.85,3.470715,2473833,33,300951,20260430
002128.SZ,电投能源,32.36,32.87,-1.31137542,33.12,31.92,1399/5521,32.87,33.12,31.92,32.36,3.659652,1.2521921E7,33,002128,20260430
920112.BJ,巴兰仕,32.47,31.96,0.61977068,32.66,31.9,1400/5521,31.96,32.66,31.9,32.47,2.355128,304883,151,920112,20260430
920779.BJ,武汉蓝电,32.3,33.28,-4.26793124,33.63,31.82,1401/5521,33.28,33.63,31.82,32.3,5.364552,1524136,151,920779,20260430
003004.SZ,*ST声迅,33.1,32.01,3.40518588,33.6,31.8,1402/5521,32.01,33.6,31.8,33.1,5.623242,846900,33,003004,20260430
300669.SZ,沪宁股份,32.28,32.3,0.56074766,32.8,31.8,1402/5521,32.3,32.8,31.8,32.28,3.115264,912799,33,300669,20260430
003017.SZ,大洋生物,32.12,31.94,1.06985525,32.42,31.78,1404/5521,31.94,32.42,31.78,32.12,2.013845,3127848,33,003017,20260430
605133.SH,嵘泰股份,32.63,32.23,1.55617803,32.88,31.78,1404/5521,32.23,32.88,31.78,32.63,3.423591,8294000,17,605133,20260430
300115.SZ,长盈精密,33.25,31.88,4.23197492,33.47,31.77,1406/5521,31.88,33.47,31.77,33.25,5.329153,5.3440741E7,33,300115,20260430
002801.SZ,微光股份,32.47,32.05,1.18416952,32.85,31.76,1407/5521,32.05,32.85,31.76,32.47,3.396696,2302127,33,002801,20260430
920368.BJ,连城数控,32.99,31.9,2.45341615,33.36,31.75,1408/5521,31.9,33.36,31.75,32.99,5,6414328,151,920368,20260430
000933.SZ,神火股份,32.13,32.7,-2.78366112,32.8,31.74,1409/5521,32.7,32.8,31.74,32.13,3.207261,4.6507413E7,33,000933,20260430
605566.SH,福莱蒽特,32.9,31.74,3.81823919,33.12,31.74,1409/5521,31.74,33.12,31.74,32.9,4.354686,3350187,17,605566,20260430
001328.SZ,登康口腔,31.8,32.64,-3.10786106,32.97,31.7,1411/5521,32.64,32.97,31.7,31.8,3.869591,2588963,33,001328,20260430
603992.SH,松霖科技,31.9,33.33,-3.79975875,33.4,31.7,1411/5521,33.33,33.4,31.7,31.9,5.126658,4386850,17,603992,20260430
920110.BJ,雷特科技,32.56,32.66,1.24378109,33.27,31.69,1413/5521,32.66,33.27,31.69,32.56,4.912935,268427,151,920110,20260430
301052.SZ,果麦文化,32.24,32.07,0.53009043,32.49,31.68,1414/5521,32.07,32.49,31.68,32.24,2.525724,2913837,33,301052,20260430
600323.SH,瀚蓝环境,32.01,32.33,-1.41669233,32.33,31.68,1414/5521,32.33,32.33,31.68,32.01,2.001847,6936185,17,600323,20260430
920199.BJ,倍益康,32.93,31.98,4.2748575,33.5,31.67,1416/5521,31.98,33.5,31.67,32.93,5.794806,1073100,151,920199,20260430
688381.SH,帝奥微,31.97,33.02,-2.97420334,33.07,31.66,1417/5521,33.02,33.07,31.66,31.97,4.27921,1.5030614E7,17,688381,20260430
920284.BJ,灵鸽科技,31.7,32.6,-2.58143823,33.59,31.66,1417/5521,32.6,33.59,31.66,31.7,5.931161,2429284,151,920284,20260430
301130.SZ,西点药业,32.12,31.65,1.58127767,32.43,31.65,1419/5521,31.65,32.43,31.65,32.12,2.466793,1456930,33,301130,20260430
000807.SZ,云铝股份,31.8,32.82,-3.98550725,32.95,31.63,1420/5521,32.82,32.95,31.63,31.8,3.985507,6.7636292E7,33,000807,20260430
688510.SH,航亚科技,33.28,31.98,4.68700849,33.68,31.62,1421/5521,31.98,33.68,31.62,33.28,6.480025,9182151,17,688510,20260430
301057.SZ,汇隆新材,32.34,32.52,-0.52291603,32.89,31.61,1422/5521,32.52,32.89,31.61,32.34,3.93725,2548144,33,301057,20260430
301195.SZ,北路智控,31.97,31.61,0.78814628,32.16,31.61,1422/5521,31.61,32.16,31.61,31.97,1.733921,769900,33,301195,20260430
600976.SH,健民集团,31.69,32.2,-1.09238452,32.2,31.61,1422/5521,32.2,32.2,31.61,31.69,1.841448,1026200,17,600976,20260430
688006.SH,杭可科技,31.9,31.94,-0.12523482,32.8,31.61,1422/5521,31.94,32.8,31.61,31.9,3.725735,1.2361133E7,17,688006,20260430
300102.SZ,乾照光电,32.82,32.19,2.21114917,33.35,31.6,1426/5521,32.19,33.35,31.6,32.82,5.450015,5.1126976E7,33,300102,20260430
301388.SZ,欣灵电气,31.94,32.2,-0.0312989,32.2,31.6,1426/5521,32.2,32.2,31.6,31.94,1.877934,1178490,33,301388,20260430
688107.SH,安路科技,33.67,32.4,6.82106599,33.99,31.6,1426/5521,32.4,33.99,31.6,33.67,7.582487,1.5415647E7,17,688107,20260430
688716.SH,中研股份,32.12,31.82,0.75282309,32.43,31.59,1429/5521,31.82,32.43,31.59,32.12,2.63488,1408466,17,688716,20260430
300710.SZ,万隆光电,32.79,31.98,3.04839723,33.3,31.51,1430/5521,31.98,33.3,31.51,32.79,5.625392,5250115,33,300710,20260430
688249.SH,晶合集成,33.8,31.92,6.92818728,34.04,31.51,1430/5521,31.92,34.04,31.51,33.8,8.003796,5.4747117E7,17,688249,20260430
688093.SH,世华科技,32.5,31.5,2.36220472,32.81,31.5,1432/5521,31.5,32.81,31.5,32.5,4.125984,3521819,17,688093,20260430
301161.SZ,唯万密封,32.26,31.8,1.54233554,32.45,31.49,1433/5521,31.8,32.45,31.49,32.26,3.021718,2872543,33,301161,20260430
688218.SH,江苏北人,34.0,31.86,6.25,34.85,31.48,1434/5521,31.86,34.85,31.48,34.0,10.53125,9424790,17,688218,20260430
300627.SZ,华测导航,31.69,31.84,-0.47110553,31.98,31.46,1435/5521,31.84,31.98,31.46,31.69,1.633165,1.3947342E7,33,300627,20260430
300046.SZ,台基股份,32.24,31.4,2.64247055,32.49,31.4,1436/5521,31.4,32.49,31.4,32.24,3.470232,6560238,33,300046,20260430
603393.SH,新天然气,31.54,33.42,-7.39870816,33.42,31.4,1436/5521,33.42,33.42,31.4,31.54,5.93071,2.0157652E7,17,603393,20260430
920111.BJ,聚星科技,31.5,33.15,-5.12048193,33.82,31.4,1436/5521,33.15,33.82,31.4,31.5,7.289156,9611700,151,920111,20260430
002971.SZ,和远气体,31.74,32.32,-1.97652872,33.19,31.35,1439/5521,32.32,33.19,31.35,31.74,5.68252,8403701,33,002971,20260430
300854.SZ,中兰环保,33.85,32.34,5.64918851,34,31.35,1439/5521,32.34,34,31.35,33.85,8.270911,6579129,33,300854,20260430
300983.SZ,尤安设计,31.98,31.65,1.52380952,32.59,31.34,1441/5521,31.65,32.59,31.34,31.98,3.968253,1718797,33,300983,20260430
300930.SZ,屹通新材,31.45,31.39,-1.71875,31.9,31.33,1442/5521,31.39,31.9,31.33,31.45,1.78125,1284399,33,300930,20260430
002730.SZ,电光科技,33.66,31.45,5.9490085,33.91,31.3,1443/5521,31.45,33.91,31.3,33.66,8.215297,3.505628E7,33,002730,20260430
301122.SZ,采纳股份,31.9,31.46,1.20558376,32.68,31.28,1444/5521,31.46,32.68,31.28,31.9,4.441624,2141910,33,301122,20260430
688139.SH,海尔生物,31.4,32.7,-4.00489147,32.89,31.28,1444/5521,32.7,32.89,31.28,31.4,4.922042,4425605,17,688139,20260430
002430.SZ,杭氧股份,31.43,32.46,-2.48215948,32.85,31.25,1446/5521,32.46,32.85,31.25,31.43,4.964318,2.8682016E7,33,002430,20260430
300859.SZ,西域旅游,31.36,31.73,-1.16608887,31.73,31.22,1447/5521,31.73,31.73,31.22,31.36,1.607311,3306207,33,300859,20260430
600605.SH,汇通能源,31.6,32.86,-1.77183712,32.86,31.21,1448/5521,32.86,32.86,31.21,31.6,5.129002,4413615,17,600605,20260430
300888.SZ,稳健医疗,31.34,31.3,0.12779553,31.5,31.19,1449/5521,31.3,31.5,31.19,31.34,0.990415,2541000,33,300888,20260430
600038.SH,中直股份,31.21,31.61,-1.57678966,31.77,31.19,1449/5521,31.61,31.77,31.19,31.21,1.829076,8637130,17,600038,20260430
920839.BJ,万通液压,31.38,31.29,0.35177486,31.85,31.18,1451/5521,31.29,31.85,31.18,31.38,2.142628,509329,151,920839,20260430
301227.SZ,森鹰窗业,31.66,32.66,-1.43212951,32.66,31.16,1452/5521,32.66,32.66,31.16,31.66,4.669987,1052400,33,301227,20260430
300911.SZ,亿田智能,31.26,31.73,-0.79339892,31.96,31.15,1453/5521,31.73,31.96,31.15,31.26,2.570612,5062450,33,300911,20260430
688335.SH,复洁科技,31.87,31.1,2.01664533,31.96,31.1,1454/5521,31.1,31.96,31.1,31.87,2.75288,2191498,17,688335,20260430
920509.BJ,同惠电子,31.78,31.09,2.41701579,32.03,31.09,1455/5521,31.09,32.03,31.09,31.78,3.029326,1607999,151,920509,20260430
301522.SZ,上大股份,31.79,31.15,1.76056338,31.85,31.07,1456/5521,31.15,31.85,31.07,31.79,2.496798,4585705,33,301522,20260430
688669.SH,聚石化学,32.5,31.35,3.93348257,33.04,31.04,1457/5521,31.35,33.04,31.04,32.5,6.395906,7896989,17,688669,20260430
301026.SZ,浩通科技,31.12,31.31,-1.36291601,31.68,31.02,1458/5521,31.31,31.68,31.02,31.12,2.091917,6318370,33,301026,20260430
301456.SZ,盘古智能,31.34,31.16,0.57766367,31.66,31.02,1458/5521,31.16,31.66,31.02,31.34,2.053915,1789451,33,301456,20260430
002978.SZ,安宁股份,31.11,31.5,-1.48828372,31.69,30.96,1460/5521,31.5,31.69,30.96,31.11,2.311589,3154557,33,002978,20260430
603358.SH,华达科技,31.32,30.91,-3.80835381,32.55,30.91,1461/5521,30.91,32.55,30.91,31.32,5.036855,1.3449955E7,17,603358,20260430
002402.SZ,和而泰,31.66,31.16,2.09609803,32.17,30.89,1462/5521,31.16,32.17,30.89,31.66,4.1277,4.2105391E7,33,002402,20260430
300809.SZ,华辰装备,32.05,31.06,2.88924559,32.67,30.89,1462/5521,31.06,32.67,30.89,32.05,5.714285,4918580,33,300809,20260430
920060.BJ,万源通,31.09,31.88,-4.42668306,32.3,30.88,1464/5521,31.88,32.3,30.88,31.09,4.365201,5610795,151,920060,20260430
688593.SH,新相微,32.94,31,5.98455598,33.05,30.85,1465/5521,31,33.05,30.85,32.94,7.078507,1.1065843E7,17,688593,20260430
920725.BJ,惠丰钻石,31.32,31.2,3.53719008,31.9,30.82,1466/5521,31.2,31.9,30.82,31.32,3.570247,2487441,151,920725,20260430
000338.SZ,潍柴动力,31.2,30.9,3.48258706,32.66,30.81,1467/5521,30.9,32.66,30.81,31.2,6.135986,1.69633923E8,33,000338,20260430
603355.SH,莱克电气,32.04,30.81,2.59365994,32.19,30.81,1467/5521,30.81,32.19,30.81,32.04,4.418828,3592460,17,603355,20260430
301077.SZ,星华新材,30.8,33.03,-8.11455847,33.03,30.8,1469/5521,33.03,33.03,30.8,30.8,6.652744,1.0526173E7,33,301077,20260430
301166.SZ,优宁维,31.02,30.8,0.45336788,31.14,30.8,1469/5521,30.8,31.14,30.8,31.02,1.101036,1372685,33,301166,20260430
301330.SZ,熵基科技,30.92,31.12,-1.30864986,31.45,30.8,1469/5521,31.12,31.45,30.8,30.92,2.074688,4730213,33,301330,20260430
300127.SZ,银河磁体,31.35,31.03,0.15974441,31.46,30.79,1472/5521,31.03,31.46,30.79,31.35,2.140575,7247882,33,300127,20260430
301172.SZ,君逸数码,30.95,31.22,-0.89657381,31.76,30.78,1473/5521,31.22,31.76,30.78,30.95,3.138008,4176654,33,301172,20260430
002885.SZ,京泉华,31.26,31.21,1.99021207,32,30.77,1474/5521,31.21,32,30.77,31.26,4.01305,2.3742681E7,33,002885,20260430
000938.SZ,紫光股份,31.99,32.66,-1.32634176,32.76,30.74,1475/5521,32.66,32.76,30.74,31.99,6.230721,2.10809542E8,33,000938,20260430
300928.SZ,华安鑫创,32.27,30.79,4.80675544,32.58,30.73,1476/5521,30.79,32.58,30.73,32.27,6.008444,2901509,33,300928,20260430
301588.SZ,美新科技,34.35,31.17,13.7040715,34.81,30.72,1477/5521,31.17,34.81,30.72,34.35,13.538563,1.36653E7,33,301588,20260430
688153.SH,唯捷创芯,31.99,30.88,3.16027088,32.39,30.71,1478/5521,30.88,32.39,30.71,31.99,5.417607,7698106,17,688153,20260430
920239.BJ,长虹能源,30.93,30.96,-0.92889174,31.59,30.71,1478/5521,30.96,31.59,30.71,30.93,2.818705,1590659,151,920239,20260430
603255.SH,鼎际得,31.19,31.16,-0.31959092,31.49,30.69,1480/5521,31.16,31.49,30.69,31.19,2.556727,1617800,17,603255,20260430
688786.SH,悦安新材,31.05,31.83,-2.41986172,32.28,30.66,1481/5521,31.83,32.28,30.66,31.05,5.091137,4273353,17,688786,20260430
688759.SH,必贝特,31.81,30.9,3.11183144,32.16,30.65,1482/5521,30.9,32.16,30.65,31.81,4.894651,4526054,17,688759,20260430
301040.SZ,中环海陆,32.3,30.99,4.19354839,33.14,30.62,1483/5521,30.99,33.14,30.62,32.3,8.129032,6243708,33,301040,20260430
600989.SH,宝丰能源,30.7,31.5,-1.38130421,31.61,30.62,1483/5521,31.5,31.61,30.62,30.7,3.180212,1.00060274E8,17,600989,20260430
600885.SH,宏发股份,31.14,30.82,7.37931034,31.8,30.59,1485/5521,30.82,31.8,30.59,31.14,4.172413,6.8023221E7,17,600885,20260430
688475.SH,萤石网络,31.18,30.72,1.06969206,31.42,30.55,1486/5521,30.72,31.42,30.55,31.18,2.820097,5785642,17,688475,20260430
920185.BJ,贝特瑞,30.74,31.01,-3.9375,31.6,30.53,1487/5521,31.01,31.6,30.53,30.74,3.34375,1.1382971E7,151,920185,20260430
688138.SH,清溢光电,30.94,30.51,0.91324201,31.54,30.51,1488/5521,30.51,31.54,30.51,30.94,3.359425,7804162,17,688138,20260430
603217.SH,元利科技,30.71,31,-1.09500805,32,30.5,1489/5521,31,32,30.5,30.71,4.830917,5003868,17,603217,20260430
688321.SH,微芯生物,31.32,30.5,5.3481332,31.87,30.5,1489/5521,30.5,31.87,30.5,31.32,4.608139,2.1484967E7,17,688321,20260430
003010.SZ,若羽臣,31.02,32,0.42084817,33,30.47,1491/5521,32,33,30.47,31.02,8.190352,1.7160415E7,33,003010,20260430
301163.SZ,宏德股份,30.9,30.7,1.31147541,31.11,30.46,1492/5521,30.7,31.11,30.46,30.9,2.131147,1891700,33,301163,20260430
688358.SH,祥生医疗,31.36,30.5,2.0501139,31.52,30.45,1493/5521,30.5,31.52,30.45,31.36,3.481939,1574351,17,688358,20260430
603076.SH,乐惠国际,32.2,30.6,5.78186597,33.47,30.44,1494/5521,30.6,33.47,30.44,32.2,9.954007,7873332,17,603076,20260430
301008.SZ,宏昌科技,31.69,30.73,3.2247557,31.85,30.41,1495/5521,30.73,31.85,30.41,31.69,4.690553,6207310,33,301008,20260430
300681.SZ,英搏尔,30.66,31.49,-2.29445507,31.49,30.4,1496/5521,31.49,31.49,30.4,30.66,3.47355,1.1978963E7,33,300681,20260430
688391.SH,钜泉科技,31.13,30.63,2.13254593,31.28,30.33,1497/5521,30.63,31.28,30.33,31.13,3.116797,1580814,17,688391,20260430
300927.SZ,江天化学,30.33,30.84,-1.68557536,31.54,30.3,1498/5521,30.84,31.54,30.3,30.33,4.019448,6425253,33,300927,20260430
300851.SZ,交大思诺,30.68,30.46,1.28755365,31.05,30.29,1499/5521,30.46,31.05,30.29,30.68,2.509078,1431700,33,300851,20260430
301585.SZ,蓝宇股份,30.46,30.75,-1.39203626,31,30.28,1500/5521,30.75,31,30.28,30.46,2.330851,1141404,33,301585,20260430
603005.SH,晶方科技,31.1,30.9,1.46818923,31.35,30.27,1501/5521,30.9,31.35,30.27,31.1,3.523654,3.6701809E7,17,603005,20260430
688819.SH,天能股份,30.48,32.58,-14.78892927,32.99,30.24,1502/5521,32.58,32.99,30.24,30.48,7.688006,1.2003463E7,17,688819,20260430
002315.SZ,焦点科技,30.44,30.47,0.06574622,30.63,30.22,1503/5521,30.47,30.63,30.22,30.44,1.347797,7201038,33,002315,20260430
603376.SH,大明电子,30.27,30.39,-0.42763158,30.53,30.22,1503/5521,30.39,30.53,30.22,30.27,1.019736,685585,17,603376,20260430
001279.SZ,强邦新材,30.46,30.21,0.82754055,30.7,30.21,1505/5521,30.21,30.7,30.21,30.46,1.621979,615890,33,001279,20260430
002876.SZ,三利谱,30.91,30.73,0.71684588,31.42,30.2,1506/5521,30.73,31.42,30.2,30.91,3.975236,6187346,33,002876,20260430
002902.SZ,铭普光磁,30.39,31.3,-1.93610842,31.75,30.18,1507/5521,31.3,31.75,30.18,30.39,5.06615,3.4241529E7,33,002902,20260430
300865.SZ,大宏立,30.44,30.5,-0.49035633,30.68,30.16,1508/5521,30.5,30.68,30.16,30.44,1.699901,3333285,33,300865,20260430
300801.SZ,泰和科技,30.3,30.52,-1.62337662,31.12,30.15,1509/5521,30.52,31.12,30.15,30.3,3.14935,7991000,33,300801,20260430
300907.SZ,康平科技,30.6,30.5,1.52621102,30.96,30.15,1509/5521,30.5,30.96,30.15,30.6,2.687458,1899900,33,300907,20260430
002497.SZ,雅化集团,30.67,30.36,1.28797886,30.96,30.13,1511/5521,30.36,30.96,30.13,30.67,2.741083,8.0868834E7,33,002497,20260430
002864.SZ,盘龙药业,30.24,30.3,-0.23094688,30.5,30.13,1511/5521,30.3,30.5,30.13,30.24,1.220719,1590200,33,002864,20260430
300161.SZ,华中数控,32.48,30.18,4.90956072,33.79,30.13,1511/5521,30.18,33.79,30.13,32.48,11.821705,1.9746516E7,33,300161,20260430
001228.SZ,永泰运,30.27,31.25,-3.01185517,31.25,30.12,1514/5521,31.25,31.25,30.12,30.27,3.620634,2413900,33,001228,20260430
300398.SZ,飞凯材料,30.41,30.96,-1.68121565,31.39,30.12,1514/5521,30.96,31.39,30.12,30.41,4.106045,3.7465598E7,33,300398,20260430
688251.SH,井松智能,31.47,30.61,2.80953937,31.88,30.1,1516/5521,30.61,31.88,30.1,31.47,5.815093,3534079,17,688251,20260430
688267.SH,中触媒,30.53,30.4,0.2956636,30.89,30.06,1517/5521,30.4,30.89,30.06,30.53,2.726675,2474854,17,688267,20260430
000880.SZ,潍柴重机,30.9,30.49,8.15540777,31.35,30.05,1518/5521,30.49,31.35,30.05,30.9,4.550227,4.2001211E7,33,000880,20260430
300488.SZ,恒锋工具,30.46,30.03,0.99469496,30.94,30.02,1519/5521,30.03,30.94,30.02,30.46,3.050397,3764257,33,300488,20260430
002827.SZ,高争民爆,30.2,30.6,-1.40385243,30.78,30.01,1520/5521,30.6,30.78,30.01,30.2,2.513875,3844800,33,002827,20260430
001368.SZ,通达创智,30.57,30.57,0,30.97,30,1521/5521,30.57,30.97,30,30.57,3.173045,2207500,33,001368,20260430
002906.SZ,华阳集团,30.1,31.09,-2.84054229,31.21,30,1521/5521,31.09,31.21,30,30.1,3.905745,8445000,33,002906,20260430
300765.SZ,新诺威,30.37,29.95,1.43620574,31.59,29.95,1523/5521,29.95,31.59,29.95,30.37,5.477621,1.1773308E7,33,300765,20260430
920003.BJ,中诚咨询,30.79,30.1,1.34957209,30.89,29.94,1524/5521,30.1,30.89,29.94,30.79,3.127057,1158843,151,920003,20260430
002318.SZ,久立特材,30.12,30.5,-1.11621799,30.98,29.87,1525/5521,30.5,30.98,29.87,30.12,3.644123,1.4621867E7,33,002318,20260430
300478.SZ,杭州高新,29.91,29.94,0.36912752,30.69,29.85,1526/5521,29.94,30.69,29.85,29.91,2.818791,2289000,33,300478,20260430
301001.SZ,凯淳股份,30.39,29.83,2.01409869,30.49,29.83,1527/5521,29.83,30.49,29.83,30.39,2.215508,1562976,33,301001,20260430
002655.SZ,共达电声,31.52,30.71,2.67100977,32.19,29.8,1528/5521,30.71,32.19,29.8,31.52,7.785016,6.5017231E7,33,002655,20260430
002933.SZ,新兴装备,30.72,30.87,-2.78481013,30.95,29.8,1528/5521,30.87,30.95,29.8,30.72,3.63924,2732307,33,002933,20260430
300853.SZ,申昊科技,29.88,30.92,-2.4167211,31.33,29.8,1528/5521,30.92,31.33,29.8,29.88,4.996734,8432580,33,300853,20260430
688338.SH,赛科希德,30.08,30.25,-0.56198347,30.39,29.79,1531/5521,30.25,30.39,29.79,30.08,1.983471,1066817,17,688338,20260430
301258.SZ,富士莱,30.0,29.8,0.40160643,30.47,29.75,1532/5521,29.8,30.47,29.75,30.0,2.409638,901591,33,301258,20260430
002838.SZ,道恩股份,30.04,30.51,-2.30894309,30.7,29.74,1533/5521,30.51,30.7,29.74,30.04,3.121951,6640953,33,002838,20260430
688733.SH,壹石通,29.9,30.35,2.5728988,31.08,29.71,1534/5521,30.35,31.08,29.71,29.9,4.699828,8591033,17,688733,20260430
300322.SZ,硕贝德,30.21,30.58,-1.01572739,30.74,29.7,1535/5521,30.58,30.74,29.7,30.21,3.407601,1.8861524E7,33,300322,20260430
603661.SH,恒林股份,30.53,31.31,-4.89096573,31.43,29.7,1535/5521,31.31,31.43,29.7,30.53,5.389408,3876480,17,603661,20260430
688255.SH,凯尔达,30.34,29.77,1.91467921,30.92,29.7,1535/5521,29.77,30.92,29.7,30.34,4.098085,2363162,17,688255,20260430
920035.BJ,精创电气,31.92,29.9,6.4,32.3,29.7,1535/5521,29.9,32.3,29.7,31.92,8.666666,1917222,151,920035,20260430
002976.SZ,瑞玛精密,30.12,29.68,1.24369748,31.12,29.68,1539/5521,29.68,31.12,29.68,30.12,4.840336,2950299,33,002976,20260430
688077.SH,大地熊,30.26,29.99,-0.09904259,30.37,29.67,1540/5521,29.99,30.37,29.67,30.26,2.310993,3150081,17,688077,20260430
688319.SH,欧林生物,30.88,30.97,3.13961256,32.18,29.66,1541/5521,30.97,32.18,29.66,30.88,8.416833,1.6800431E7,17,688319,20260430
300443.SZ,金雷股份,30.28,29.8,1.74731183,30.68,29.65,1542/5521,29.8,30.68,29.65,30.28,3.461021,1.2959846E7,33,300443,20260430
300973.SZ,立高食品,29.78,30.4,-2.00723922,30.4,29.65,1542/5521,30.4,30.4,29.65,29.78,2.467917,3556963,33,300973,20260430
688398.SH,赛特新材,31.91,29.63,0.25133522,32.33,29.63,1544/5521,29.63,32.33,29.63,31.91,8.482563,2899820,17,688398,20260430
300992.SZ,泰福泵业,30.59,30.32,1.15740741,30.98,29.61,1545/5521,30.32,30.98,29.61,30.59,4.530423,3556073,33,300992,20260430
688076.SH,ST诺泰,29.73,29.59,1.74537988,29.99,29.58,1546/5521,29.59,29.99,29.58,29.73,1.403148,2061113,22,688076,20260430
688182.SH,灿勤科技,30.36,30.56,-5.24344569,30.99,29.58,1546/5521,30.56,30.99,29.58,30.36,4.400749,1.0618054E7,17,688182,20260430
603496.SH,恒为科技,30.51,30,1.02649007,30.55,29.56,1548/5521,30,30.55,29.56,30.51,3.278145,2.2825915E7,17,603496,20260430
688548.SH,广钢气体,30.06,31.04,-1.34558582,31.8,29.56,1548/5521,31.04,31.8,29.56,30.06,7.351493,3.3047338E7,17,688548,20260430
688561.SH,奇安信,30.11,29.59,1.75735046,30.59,29.53,1550/5521,29.59,30.59,29.53,30.11,3.582291,7125024,17,688561,20260430
300257.SZ,开山股份,30.77,29.84,3.81241565,31.99,29.47,1551/5521,29.84,31.99,29.47,30.77,8.502024,1.6603612E7,33,300257,20260430
301290.SZ,东星医疗,29.8,29.7,0.33670034,30.06,29.44,1552/5521,29.7,30.06,29.44,29.8,2.087542,2067470,33,301290,20260430
300876.SZ,蒙泰高新,30.48,29.75,3.28702135,30.67,29.41,1553/5521,29.75,30.67,29.41,30.48,4.269739,2996568,33,300876,20260430
001234.SZ,泰慕士,31.2,29.86,3.48258706,31.99,29.4,1554/5521,29.86,31.99,29.4,31.2,8.590381,1.7152498E7,33,001234,20260430
300886.SZ,华业香料,29.95,29.37,2.07907294,30.45,29.37,1555/5521,29.37,30.45,29.37,29.95,3.680981,1848278,33,300886,20260430
601168.SH,西部矿业,29.59,30.15,-2.47198418,30.34,29.37,1555/5521,30.15,30.34,29.37,29.59,3.197099,5.7121718E7,17,601168,20260430
301197.SZ,工大科雅,30.35,30.2,0.29742234,30.98,29.35,1557/5521,30.2,30.98,29.35,30.35,5.386649,5539936,33,301197,20260430
301055.SZ,张小泉,29.47,29.92,-1.76666667,30.43,29.33,1558/5521,29.92,30.43,29.33,29.47,3.666666,5357700,33,301055,20260430
002648.SZ,卫星化学,29.6,29.57,1.26582278,30.2,29.3,1559/5521,29.57,30.2,29.3,29.6,3.079028,5.235765E7,33,002648,20260430
301170.SZ,锡南科技,29.55,29.47,0.3736413,29.78,29.3,1559/5521,29.47,29.78,29.3,29.55,1.630434,1294600,33,301170,20260430
688129.SH,东来技术,29.44,30.12,-3.22156476,30.65,29.3,1559/5521,30.12,30.65,29.3,29.44,4.437869,2096768,17,688129,20260430
920592.BJ,华信永道,31.47,30,6.3534978,34.5,29.3,1559/5521,30,34.5,29.3,31.47,17.573504,3419334,151,920592,20260430
002965.SZ,祥鑫科技,29.43,29.58,-0.70850202,29.68,29.28,1563/5521,29.58,29.68,29.28,29.43,1.349527,4267349,33,002965,20260430
600520.SH,三佳科技,29.46,29.61,-1.1409396,30.18,29.27,1564/5521,29.61,30.18,29.27,29.46,3.053691,1.07588E7,17,600520,20260430
301041.SZ,金百泽,29.75,29.5,1.29383725,29.88,29.25,1565/5521,29.5,29.88,29.25,29.75,2.145045,2858145,33,301041,20260430
603216.SH,梦天家居,29.6,29.62,0.06761325,29.95,29.25,1565/5521,29.62,29.95,29.25,29.6,2.366463,1697700,17,603216,20260430
605296.SH,神农集团,29.96,29.47,1.73174873,30.38,29.25,1565/5521,29.47,30.38,29.25,29.96,3.837011,4153710,17,605296,20260430
300001.SZ,特锐德,29.5,30.15,-2.64026403,30.15,29.23,1568/5521,30.15,30.15,29.23,29.5,3.036303,2.7837682E7,33,300001,20260430
688092.SH,爱科科技,29.65,29.3,-0.5033557,29.73,29.23,1568/5521,29.3,29.73,29.23,29.65,1.677852,1128946,17,688092,20260430
301231.SZ,荣信文化,30.0,29.22,2.88065844,30.1,29.22,1570/5521,29.22,30.1,29.22,30.0,3.017832,3099290,33,301231,20260430
002997.SZ,瑞鹄模具,29.98,29.48,2.04220558,30.41,29.21,1571/5521,29.48,30.41,29.21,29.98,4.084411,3845452,33,002997,20260430
003023.SZ,彩虹集团,30.3,29.54,2.57278267,31.18,29.21,1571/5521,29.54,31.18,29.21,30.3,6.668923,4025230,33,003023,20260430
300759.SZ,康龙化成,29.31,29.76,-1.4789916,30.27,29.21,1571/5521,29.76,30.27,29.21,29.31,3.563025,3.656449E7,33,300759,20260430
001311.SZ,多利科技,30.26,29.51,2.36806495,31.36,29.2,1574/5521,29.51,31.36,29.2,30.26,7.307171,5766428,33,001311,20260430
002223.SZ,鱼跃医疗,29.28,29.24,-0.40816327,29.63,29.17,1575/5521,29.24,29.63,29.17,29.28,1.564625,7944070,33,002223,20260430
300775.SZ,三角防务,29.82,29.2,1.87905706,30.23,29.15,1576/5521,29.2,30.23,29.15,29.82,3.689784,2.6434443E7,33,300775,20260430
688350.SH,富淼科技,29.31,29.91,-1.90763052,29.95,29.15,1576/5521,29.91,29.95,29.15,29.31,2.677376,2377673,17,688350,20260430
301022.SZ,海泰科,29.41,29.55,0.7882111,29.59,29.12,1578/5521,29.55,29.59,29.12,29.41,1.610692,2502313,33,301022,20260430
301508.SZ,中机认检,29.39,29.27,0.1362862,29.65,29.12,1578/5521,29.27,29.65,29.12,29.39,1.805792,1306702,33,301508,20260430
002190.SZ,成飞集成,29.52,29.17,0.99213137,29.53,29.1,1580/5521,29.17,29.53,29.1,29.52,1.471091,3082675,33,002190,20260430
300153.SZ,科泰电源,31.66,29.68,6.42016807,33.55,29.08,1581/5521,29.68,33.55,29.08,31.66,15.02521,5.3593514E7,33,300153,20260430
300766.SZ,每日互动,29.22,29.7,-1.74848689,29.94,29.08,1581/5521,29.7,29.94,29.08,29.22,2.891728,2.2925394E7,33,300766,20260430
688443.SH,智翔金泰,29.62,30.49,-3.83116883,30.75,29.05,1583/5521,30.49,30.75,29.05,29.62,5.51948,5476584,17,688443,20260430
301216.SZ,万凯新材,29.99,30.52,-1.76875205,30.9,29.03,1584/5521,30.52,30.9,29.03,29.99,6.125122,1.5283877E7,33,301216,20260430
920099.BJ,瑞华技术,29.7,30.03,-0.80160321,30.03,29,1585/5521,30.03,30.03,29,29.7,3.440213,915489,151,920099,20260430
920693.BJ,阿为特,30.61,29.46,5.00857633,30.99,29,1585/5521,29.46,30.99,29,30.61,6.826758,1779636,151,920693,20260430
920976.BJ,视声智能,30.58,29.19,4.08441116,30.58,29,1585/5521,29.19,30.58,29,30.58,5.377808,1402042,151,920976,20260430
688058.SH,宝兰德,29.72,28.98,2.58888505,29.97,28.98,1588/5521,28.98,29.97,28.98,29.72,3.417328,1332814,17,688058,20260430
000049.SZ,德赛电池,29.04,29.59,-2.32088799,30.06,28.93,1589/5521,29.59,30.06,28.93,29.04,3.800874,1.7680273E7,33,000049,20260430
000833.SZ,粤桂股份,31.72,29.25,9.98613037,31.72,28.93,1589/5521,29.25,31.72,28.93,31.72,9.674063,6.5184165E7,33,000833,20260430
301500.SZ,飞南资源,29.14,29.5,-1.38747885,30.27,28.9,1591/5521,29.5,30.27,28.9,29.14,4.636209,3.1424618E7,33,301500,20260430
301587.SZ,中瑞股份,29.0,30.1,-5.10471204,30.46,28.86,1592/5521,30.1,30.46,28.86,29.0,5.235602,1.1238275E7,33,301587,20260430
301279.SZ,金道科技,29.18,29.3,-0.51142175,29.35,28.83,1593/5521,29.3,29.35,28.83,29.18,1.772928,915632,33,301279,20260430
301371.SZ,敷尔佳,29.04,29.13,-0.61601643,29.64,28.83,1593/5521,29.13,29.64,28.83,29.04,2.772073,5053387,33,301371,20260430
688216.SH,气派科技,30.64,29.29,6.42584231,31.49,28.82,1595/5521,29.29,31.49,28.82,30.64,9.274053,5349561,17,688216,20260430
301353.SZ,普莱得,29.35,29.14,0.68610635,29.38,28.8,1596/5521,29.14,29.38,28.8,29.35,1.989708,1380020,33,301353,20260430
600389.SH,江山股份,28.9,29.34,-1.46607569,29.87,28.8,1596/5521,29.34,29.87,28.8,28.9,3.648141,6261733,17,600389,20260430
000021.SZ,深科技,29.22,29.58,-0.03421143,29.67,28.78,1598/5521,29.58,29.67,28.78,29.22,3.044816,7.3146615E7,33,000021,20260430
002921.SZ,联诚精密,29.74,29.61,0.37124536,30,28.75,1599/5521,29.61,30,28.75,29.74,4.218697,7816570,33,002921,20260430
920086.BJ,科马材料,29.57,28.92,2.21223643,29.99,28.75,1599/5521,28.92,29.99,28.75,29.57,4.286208,1580390,151,920086,20260430
300877.SZ,金春股份,29.77,28.92,3.47584289,30.64,28.72,1601/5521,28.92,30.64,28.72,29.77,6.673618,3388550,33,300877,20260430
688217.SH,睿昂基因,29.52,28.79,2.03940546,29.8,28.72,1601/5521,28.79,29.8,28.72,29.52,3.733148,1146109,17,688217,20260430
301177.SZ,迪阿股份,29.03,29.36,-0.51405072,29.39,28.71,1603/5521,29.36,29.39,28.71,29.03,2.330363,1982600,33,301177,20260430
920207.BJ,众诚科技,28.75,29.8,-2.01090661,30.31,28.71,1603/5521,29.8,30.31,28.71,28.75,5.453306,3738153,151,920207,20260430
300364.SZ,中文在线,28.78,29.26,-2.77027027,29.8,28.7,1605/5521,29.26,29.8,28.7,28.78,3.716216,3.3729745E7,33,300364,20260430
603583.SH,捷昌驱动,28.88,29.33,-1.50068213,29.41,28.67,1606/5521,29.33,29.41,28.67,28.88,2.523874,6240406,17,603583,20260430
605365.SH,立达信,29.47,29,0.20401224,29.61,28.67,1606/5521,29,29.61,28.67,29.47,3.196191,8203844,17,605365,20260430
001358.SZ,兴欣新材,28.71,29.16,-0.82901554,29.2,28.66,1608/5521,29.16,29.2,28.66,28.71,1.865284,3059335,33,001358,20260430
300572.SZ,安车检测,30.58,28.81,5.59392265,30.7,28.65,1609/5521,28.81,30.7,28.65,30.58,7.078729,1.13848E7,33,300572,20260430
300790.SZ,宇瞳光学,29.0,28.7,2.43730131,29.79,28.63,1610/5521,28.7,29.79,28.63,29.0,4.097492,1.494119E7,33,300790,20260430
300908.SZ,仲景食品,28.7,28.79,-0.55440055,29.04,28.61,1611/5521,28.79,29.04,28.61,28.7,1.489951,1403817,33,300908,20260430
603556.SH,海兴电力,28.72,29,-2.61105459,29.56,28.61,1611/5521,29,29.56,28.61,28.72,3.22143,7187115,17,603556,20260430
920570.BJ,坤博精工,29.52,28.8,3.0726257,30.17,28.6,1613/5521,28.8,30.17,28.6,29.52,5.481843,766599,151,920570,20260430
603755.SH,日辰股份,29.09,29,0.20668274,29.22,28.59,1614/5521,29,29.22,28.59,29.09,2.170168,1855500,17,603755,20260430
603816.SH,顾家家居,29.04,29.99,-1.25807548,30.88,28.57,1615/5521,29.99,30.88,28.57,29.04,7.854471,1.1220369E7,17,603816,20260430
605009.SH,豪悦护理,28.82,28.62,0.3132614,28.94,28.57,1615/5521,28.62,28.94,28.57,28.82,1.287852,1115310,17,605009,20260430
000915.SZ,华特达因,28.96,28.65,1.11731844,28.99,28.54,1617/5521,28.65,28.99,28.54,28.96,1.571229,3548701,33,000915,20260430
301383.SZ,天键股份,28.78,28.53,0.27874564,29.06,28.53,1618/5521,28.53,29.06,28.53,28.78,1.846689,1199600,33,301383,20260430
600511.SH,国药股份,28.66,28.66,-0.24364775,28.8,28.53,1618/5521,28.66,28.8,28.53,28.66,0.939784,4062100,17,600511,20260430
300457.SZ,赢合科技,28.99,28.79,0.52011096,29.36,28.51,1620/5521,28.79,29.36,28.51,28.99,2.947295,2.2208018E7,33,300457,20260430
688737.SH,中自科技,29.25,29.49,-1.81268882,30.68,28.51,1620/5521,29.49,30.68,28.51,29.25,7.284323,3293875,17,688737,20260430
300179.SZ,四方达,29.06,29.42,0.37996546,29.85,28.5,1622/5521,29.42,29.85,28.5,29.06,4.663212,3.2392636E7,33,300179,20260430
300623.SZ,捷捷微电,28.95,28.69,1.43658024,29.09,28.5,1622/5521,28.69,29.09,28.5,28.95,2.067274,2.0211215E7,33,300623,20260430
002082.SZ,万邦德,28.49,28.49,,28.49,28.49,1624/5521,28.49,28.49,28.49,28.49,,,33,002082,20260430
301263.SZ,泰恩康,28.85,28.71,0.69808028,29.2,28.48,1625/5521,28.71,29.2,28.48,28.85,2.513089,2883430,33,301263,20260430
301638.SZ,南网数字,28.57,28.99,-1.44877544,29.2,28.43,1626/5521,28.99,29.2,28.43,28.57,2.656088,3.2637962E7,33,301638,20260430
002155.SZ,湖南黄金,29.07,28.8,0.27595723,29.24,28.42,1627/5521,28.8,29.24,28.42,29.07,2.828561,4.3625906E7,33,002155,20260430
300607.SZ,拓斯达,29.18,28.57,2.20665499,29.65,28.42,1627/5521,28.57,29.65,28.42,29.18,4.308231,1.8225432E7,33,300607,20260430
300999.SZ,金龙鱼,28.54,29.06,1.7831669,29.22,28.42,1627/5521,29.06,29.22,28.42,28.54,2.853067,1.9551714E7,33,300999,20260430
600460.SH,士兰微,28.9,28.68,3.80747126,29.17,28.42,1627/5521,28.68,29.17,28.42,28.9,2.693965,6.5421066E7,17,600460,20260430
300690.SZ,双一科技,28.69,28.67,-0.58905059,28.97,28.41,1631/5521,28.67,28.97,28.41,28.69,1.940401,3635079,33,300690,20260430
688600.SH,皖仪科技,28.96,28.5,1.32960112,31,28.41,1631/5521,28.5,31,28.41,28.96,9.062281,3593595,17,688600,20260430
601020.SH,华钰矿业,28.66,29.01,-2.41743275,29.61,28.4,1633/5521,29.01,29.61,28.4,28.66,4.11985,3.185435E7,17,601020,20260430
300521.SZ,爱司凯,28.9,28.4,1.65318326,29,28.35,1634/5521,28.4,29,28.35,28.9,2.286317,2625700,33,300521,20260430
300923.SZ,研奥股份,28.89,28.34,2.01271186,28.95,28.34,1635/5521,28.34,28.95,28.34,28.89,2.153954,1961938,33,300923,20260430
002150.SZ,正泰电源,29.06,28.5,1.39567341,29.36,28.33,1636/5521,28.5,29.36,28.33,29.06,3.593859,1.688741E7,33,002150,20260430
301212.SZ,联盛化学,28.55,28.85,-0.0700035,28.9,28.3,1637/5521,28.85,28.9,28.3,28.55,2.100105,1285581,33,301212,20260430
920396.BJ,常辅股份,28.85,28.38,1.4773127,28.97,28.28,1638/5521,28.38,28.97,28.28,28.85,2.427013,980249,151,920396,20260430
920971.BJ,天马新材,28.59,28.67,-0.24424285,29.1,28.26,1639/5521,28.67,29.1,28.26,28.59,2.930914,1906987,151,920971,20260430
920092.BJ,汉鑫科技,28.92,28.44,2.04657728,29.13,28.22,1640/5521,28.44,29.13,28.22,28.92,3.211009,696791,151,920092,20260430
603938.SH,三孚股份,28.22,29.08,-3.35616438,29.55,28.2,1641/5521,29.08,29.55,28.2,28.22,4.623287,1.3554121E7,17,603938,20260430
300678.SZ,中科信息,28.52,28.23,0.77738516,28.63,28.18,1642/5521,28.23,28.63,28.18,28.52,1.590106,3980420,33,300678,20260430
300468.SZ,四方精创,28.47,28.4,0.24647887,28.72,28.15,1643/5521,28.4,28.72,28.15,28.47,2.007042,1.5759206E7,33,300468,20260430
603683.SH,晶华新材,28.87,28.48,1.36938202,29.1,28.15,1643/5521,28.48,29.1,28.15,28.87,3.335674,1.329766E7,17,603683,20260430
600171.SH,上海贝岭,28.7,28.26,1.6648955,28.89,28.14,1645/5521,28.26,28.89,28.14,28.7,2.656748,1.5128604E7,17,600171,20260430
600699.SH,均胜电子,28.52,28.36,0.17562346,29.07,28.12,1646/5521,28.36,29.07,28.12,28.52,3.336845,4.5473468E7,17,600699,20260430
600745.SH,闻泰科技,28.12,28.12,,28.12,28.12,1646/5521,28.12,28.12,28.12,28.12,,,17,600745,20260430
300580.SZ,贝斯特,28.95,28.4,2.00845666,29.38,28.11,1648/5521,28.4,29.38,28.11,28.95,4.474982,1.0837926E7,33,300580,20260430
603895.SH,天永智能,28.67,28.11,1.52266289,28.89,28.11,1648/5521,28.11,28.89,28.11,28.67,2.762039,1410500,17,603895,20260430
301029.SZ,怡合达,28.34,28.3,-0.83974808,28.59,28.1,1650/5521,28.3,28.59,28.1,28.34,1.714485,1.0868729E7,33,301029,20260430
300943.SZ,春晖智控,28.44,29.51,-2.7027027,29.51,28.07,1651/5521,29.51,29.51,28.07,28.44,4.926445,1.0223715E7,33,300943,20260430
603876.SH,鼎胜新材,29.76,28.45,4.20168067,30.69,28.07,1651/5521,28.45,30.69,28.07,29.76,9.173669,6.3172226E7,17,603876,20260430
300069.SZ,金利华电,30.6,28.38,6.95560993,30.99,28.06,1653/5521,28.38,30.99,28.06,30.6,10.241174,1.4237E7,33,300069,20260430
300539.SZ,横河精密,29.19,28.17,3.5841022,30.1,28.06,1653/5521,28.17,30.1,28.06,29.19,7.239176,1.1506269E7,33,300539,20260430
301036.SZ,双乐股份,28.24,28.35,-0.38800705,28.57,28.05,1655/5521,28.35,28.57,28.05,28.24,1.834215,713100,33,301036,20260430
001336.SZ,楚环科技,28.92,28.29,-0.51599587,29.23,28,1656/5521,28.29,29.23,28,28.92,4.231166,6978006,33,001336,20260430
300892.SZ,品渥食品,28.35,28,0.78208319,28.71,28,1656/5521,28,28.71,28,28.35,2.523995,1588200,33,300892,20260430
603618.SH,杭电股份,28.26,29.1,-4.10587038,29.38,28,1656/5521,29.1,29.38,28,28.26,4.682728,6.9549863E7,17,603618,20260430
603666.SH,亿嘉和,28.3,28.5,-3.31397335,29.55,28,1656/5521,28.5,29.55,28,28.3,5.295524,7278440,17,603666,20260430
920018.BJ,宏远股份,28.31,28.39,-0.31690141,28.51,28,1656/5521,28.39,28.51,28,28.31,1.795774,931027,151,920018,20260430
920953.BJ,国子软件,28.54,28.3,-1.14305507,29.21,28,1656/5521,28.3,29.21,28,28.54,4.191201,1331122,151,920953,20260430
688639.SH,华恒生物,28.0,28.1,-0.8147361,28.65,27.99,1662/5521,28.1,28.65,27.99,28.0,2.337938,3953748,17,688639,20260430
300100.SZ,双林股份,28.51,28,1.45907473,28.7,27.98,1663/5521,28,28.7,27.98,28.51,2.562277,6710168,33,300100,20260430
300593.SZ,新雷能,28.59,29,-1.71880371,29.15,27.97,1664/5521,29,29.15,27.97,28.59,4.056376,1.9959895E7,33,300593,20260430
301255.SZ,通力科技,29.0,28,2.80042538,29.2,27.96,1665/5521,28,29.2,27.96,29.0,4.395604,2396922,33,301255,20260430
300722.SZ,新余国科,28.27,28,0.56919246,28.38,27.93,1666/5521,28,28.38,27.93,28.27,1.600853,2322210,33,300722,20260430
688395.SH,正弦电气,29.18,28.06,4.62531373,29.45,27.89,1667/5521,28.06,29.45,27.89,29.18,5.593402,3146000,17,688395,20260430
603196.SH,璞源材料,28.69,29.03,-0.69228107,29.11,27.86,1668/5521,29.03,29.11,27.86,28.69,4.326756,6600866,17,603196,20260430
300644.SZ,南京聚隆,28.11,27.89,0.78881319,28.38,27.83,1669/5521,27.89,28.38,27.83,28.11,1.972032,2939900,33,300644,20260430
605003.SH,众望布艺,29.75,27.81,4.67980296,31.19,27.81,1670/5521,27.81,31.19,27.81,29.75,11.893033,3315250,17,605003,20260430
688067.SH,爱威科技,28.4,27.77,2.04814948,28.61,27.77,1671/5521,27.77,28.61,27.77,28.4,3.018325,1181808,17,688067,20260430
920689.BJ,克莱特,27.91,27.72,0.68542569,28.33,27.72,1672/5521,27.72,28.33,27.72,27.91,2.200577,658634,151,920689,20260430
301337.SZ,亚华电子,28.1,27.88,0.78909613,28.38,27.71,1673/5521,27.88,28.38,27.71,28.1,2.403156,1261100,33,301337,20260430
920188.BJ,悦龙科技,27.83,28,2.88354898,29.77,27.7,1674/5521,28,29.77,27.7,27.83,7.652495,3607559,151,920188,20260430
300432.SZ,富临精工,28.12,28.17,1.84715683,28.85,27.68,1675/5521,28.17,28.85,27.68,28.12,4.237595,7.801656E7,33,300432,20260430
920651.BJ,天罡股份,27.67,28.8,-3.92361111,29.14,27.67,1676/5521,28.8,29.14,27.67,27.67,5.104166,1083760,151,920651,20260430
001218.SZ,丽臣实业,27.63,27.63,9.99203822,27.63,27.63,1677/5521,27.63,27.63,27.63,27.63,0,2499890,33,001218,20260430
001288.SZ,运机集团,28.11,27.7,1.70043415,28.17,27.61,1678/5521,27.7,28.17,27.61,28.11,2.026049,3117000,33,001288,20260430
603395.SH,红四方,27.64,28.21,0.72886297,28.21,27.6,1679/5521,28.21,28.21,27.6,27.64,2.223032,2484272,17,603395,20260430
688161.SH,威高骨科,27.86,29.2,-5.23809524,29.2,27.6,1679/5521,29.2,29.2,27.6,27.86,5.442176,6078985,17,688161,20260430
920735.BJ,德源药业,28.41,28.01,1.46428571,28.66,27.6,1679/5521,28.01,28.66,27.6,28.41,3.785714,1464142,151,920735,20260430
600455.SH,博通股份,28.09,27.9,1.84916606,28.46,27.58,1682/5521,27.9,28.46,27.58,28.09,3.190717,5391900,17,600455,20260430
000895.SZ,双汇发展,27.73,27.62,0.39826213,28.03,27.55,1683/5521,27.62,28.03,27.55,27.73,1.737871,1.1200617E7,33,000895,20260430
002989.SZ,中天精装,29.21,27.62,10.01883239,29.21,27.55,1683/5521,27.62,29.21,27.55,29.21,6.252354,8993002,33,002989,20260430
301107.SZ,瑜欣电子,28.0,27.66,1.33912414,28.04,27.55,1683/5521,27.66,28.04,27.55,28.0,1.773434,1325360,33,301107,20260430
301118.SZ,恒光股份,28.52,27.65,2.58992806,29.45,27.55,1683/5521,27.65,29.45,27.55,28.52,6.834532,1.0467733E7,33,301118,20260430
688566.SH,吉贝尔,28.0,27.99,0.14306152,28.06,27.54,1687/5521,27.99,28.06,27.54,28.0,1.859799,1762201,17,688566,20260430
300302.SZ,同有科技,27.72,28.48,-3.14465409,28.56,27.51,1688/5521,28.48,28.56,27.51,27.72,3.668763,5.1155885E7,33,300302,20260430
300204.SZ,舒泰神,27.63,27.75,-0.78994614,28.24,27.5,1689/5521,27.75,28.24,27.5,27.63,2.657091,2.0740191E7,33,300204,20260430
300631.SZ,久吾高科,28.25,27.84,1.43626571,28.25,27.5,1689/5521,27.84,28.25,27.5,28.25,2.692998,3217700,33,300631,20260430
603190.SH,亚通精工,28.33,27.61,10.01941748,28.33,27.5,1689/5521,27.61,28.33,27.5,28.33,3.2233,5382993,17,603190,20260430
603220.SH,中贝通信,28.26,28.99,-2.38341969,29.26,27.5,1689/5521,28.99,29.26,27.5,28.26,6.079447,4.4839286E7,17,603220,20260430
600085.SH,同仁堂,27.77,27.5,1.38736765,28.16,27.48,1693/5521,27.5,28.16,27.48,27.77,2.482657,9088782,17,600085,20260430
300937.SZ,药易购,27.77,28.55,-2.73204904,28.55,27.46,1694/5521,28.55,28.55,27.46,27.77,3.817863,3213700,33,300937,20260430
603948.SH,建业股份,27.6,28.14,-1.28755365,28.14,27.44,1695/5521,28.14,28.14,27.44,27.6,2.503576,1419300,17,603948,20260430
603369.SH,今世缘,27.44,27.69,-1.22390209,28.14,27.4,1696/5521,27.69,28.14,27.4,27.44,2.663786,1.233115E7,17,603369,20260430
600562.SH,国睿科技,27.46,27.51,-0.18175209,27.75,27.37,1697/5521,27.51,27.75,27.37,27.46,1.381315,7112100,17,600562,20260430
920058.BJ,华洋赛车,27.56,27.53,-0.10873505,28.38,27.36,1698/5521,27.53,28.38,27.36,27.56,3.696991,358571,151,920058,20260430
688518.SH,联赢激光,28.66,27.35,6.82072307,29.13,27.34,1699/5521,27.35,29.13,27.34,28.66,6.671636,2.7902983E7,17,688518,20260430
603344.SH,星德胜,27.92,27.7,0.72150072,28.05,27.32,1700/5521,27.7,28.05,27.32,27.92,2.633477,1569499,17,603344,20260430
688222.SH,成都先导,28.61,28.1,2.58157046,29,27.32,1700/5521,28.1,29,27.32,28.61,6.023664,2.5582046E7,17,688222,20260430
603665.SH,康隆达,28.4,27.47,2.60115607,28.48,27.31,1702/5521,27.47,28.48,27.31,28.4,4.226878,3356696,17,603665,20260430
301551.SZ,无线传媒,27.42,28.52,-4.05878237,28.52,27.3,1703/5521,28.52,28.52,27.3,27.42,4.268719,8350497,33,301551,20260430
301192.SZ,泰祥股份,27.73,27.44,0.98324836,28.47,27.27,1704/5521,27.44,28.47,27.27,27.73,4.369992,1191232,33,301192,20260430
605028.SH,世茂能源,27.55,28.98,-4.47295423,29.06,27.26,1705/5521,28.98,29.06,27.26,27.55,6.241331,3923000,17,605028,20260430
300878.SZ,维康药业,28.58,27.47,3.92727273,29.17,27.21,1706/5521,27.47,29.17,27.21,28.58,7.127272,2549860,33,300878,20260430
600566.SH,济川药业,27.69,27.45,0.61773256,27.88,27.21,1706/5521,27.45,27.88,27.21,27.69,2.434593,5997100,17,600566,20260430
600641.SH,先导基电,27.62,27.2,2.06947524,28.53,27.2,1708/5521,27.2,28.53,27.2,27.62,4.915003,5.8705138E7,17,600641,20260430
603829.SH,洛凯股份,28.65,27.2,2.79870829,29.77,27.2,1708/5521,27.2,29.77,27.2,28.65,9.221385,9663475,17,603829,20260430
301665.SZ,泰禾股份,27.45,27.42,-0.18181818,27.7,27.17,1710/5521,27.42,27.7,27.17,27.45,1.927272,2755414,33,301665,20260430
600009.SH,上海机场,27.24,27.4,-0.54764513,27.44,27.16,1711/5521,27.4,27.44,27.16,27.24,1.02227,8764668,17,600009,20260430
603882.SH,金域医学,27.3,27.4,-0.7994186,27.64,27.15,1712/5521,27.4,27.64,27.15,27.3,1.780523,4602600,17,603882,20260430
301000.SZ,肇民科技,27.36,27.32,-0.1459854,27.81,27.13,1713/5521,27.32,27.81,27.13,27.36,2.481751,3925035,33,301000,20260430
600887.SH,伊利股份,27.46,27.5,3.34964245,27.99,27.11,1714/5521,27.5,27.99,27.11,27.46,3.312006,2.14409738E8,17,600887,20260430
603057.SH,紫燕食品,27.78,27.29,3.92817059,27.98,27.11,1714/5521,27.29,27.98,27.11,27.78,3.254769,4260200,17,603057,20260430
002733.SZ,雄韬股份,27.66,29.97,-6.68016194,30.02,27.1,1716/5521,29.97,30.02,27.1,27.66,9.851551,5.3732709E7,33,002733,20260430
002952.SZ,亚世光电,27.6,28,-2.19702339,28,27.09,1717/5521,28,28,27.09,27.6,3.224663,7920600,33,002952,20260430
603613.SH,国联股份,27.13,28,-3.55492357,28.13,27.09,1717/5521,28,28.13,27.09,27.13,3.69712,1.4603428E7,17,603613,20260430
600030.SH,中信证券,27.22,27.23,-0.36603221,27.78,27.07,1719/5521,27.23,27.78,27.07,27.22,2.598828,1.73001813E8,17,600030,20260430
603097.SH,江苏华辰,27.08,27.2,-1.70598911,27.5,27.04,1720/5521,27.2,27.5,27.04,27.08,1.669691,3434900,17,603097,20260430
603298.SH,杭叉集团,27.17,27.41,-1.2,27.63,27.02,1721/5521,27.41,27.63,27.02,27.17,2.218181,4038811,17,603298,20260430
002580.SZ,圣阳股份,27.48,28.5,-3.91608392,29.18,27.01,1722/5521,28.5,29.18,27.01,27.48,7.587412,1.13472224E8,33,002580,20260430
920166.BJ,海圣医疗,27.25,27.09,0.40530582,27.65,27.01,1722/5521,27.09,27.65,27.01,27.25,2.358142,419321,151,920166,20260430
003002.SZ,壶化股份,27.61,27.46,0.07249003,27.99,27,1724/5521,27.46,27.99,27,27.61,3.588256,3154500,33,003002,20260430
003028.SZ,振邦智能,27.68,27.2,1.57798165,27.94,27,1724/5521,27.2,27.94,27,27.68,3.449541,1328156,33,003028,20260430
603270.SH,金帝股份,28.13,27,2.96486091,28.5,27,1724/5521,27,28.5,27,28.13,5.490483,6991620,17,603270,20260430
600338.SH,西藏珠峰,27.58,27.93,-0.10865628,28.28,26.94,1727/5521,27.93,28.28,26.94,27.58,4.853314,1.4102874E8,17,600338,20260430
600900.SH,长江电力,27.32,27.09,2.05453866,27.42,26.94,1727/5521,27.09,27.42,26.94,27.32,1.793051,1.91463737E8,17,600900,20260430
002882.SZ,金龙羽,26.94,27.32,-1.53508772,27.57,26.9,1729/5521,27.32,27.57,26.9,26.94,2.44883,3469700,33,002882,20260430
300207.SZ,欣旺达,27.43,27.71,-1.15315315,27.8,26.9,1729/5521,27.71,27.8,26.9,27.43,3.243243,6.8571773E7,33,300207,20260430
300327.SZ,中颖电子,27.34,27.06,1.40949555,27.5,26.9,1729/5521,27.06,27.5,26.9,27.34,2.225519,8945144,33,300327,20260430
301129.SZ,瑞纳智能,27.1,27.05,-0.33100405,27.38,26.9,1729/5521,27.05,27.38,26.9,27.1,1.765354,1557300,33,301129,20260430
603657.SH,春光科技,29.33,27.2,7.83088235,29.5,26.9,1729/5521,27.2,29.5,26.9,29.33,9.558823,7960100,17,603657,20260430
688420.SH,美腾科技,27.25,26.97,0.44231478,27.51,26.9,1729/5521,26.97,27.51,26.9,27.25,2.248433,1676373,17,688420,20260430
688199.SH,久日新材,27.4,27.57,-0.32739178,27.57,26.88,1735/5521,27.57,27.57,26.88,27.4,2.510003,2844366,17,688199,20260430
301206.SZ,三元生物,27.23,26.89,0.81451314,27.29,26.82,1736/5521,26.89,27.29,26.82,27.23,1.740096,1666800,33,301206,20260430
300753.SZ,爱朋医疗,27.28,27.04,1.11193477,27.31,26.81,1737/5521,27.04,27.31,26.81,27.28,1.853224,2716351,33,300753,20260430
301108.SZ,洁雅股份,27.27,27.06,0.77605322,27.43,26.81,1737/5521,27.06,27.43,26.81,27.27,2.291204,1288800,33,301108,20260430
301276.SZ,嘉曼服饰,27.28,27.13,1.18694362,27.45,26.81,1737/5521,27.13,27.45,26.81,27.28,2.373887,2785460,33,301276,20260430
605020.SH,永和股份,26.9,26.9,-0.62800148,27.24,26.81,1737/5521,26.9,27.24,26.81,26.9,1.588474,7866424,17,605020,20260430
603272.SH,*ST联翔,26.8,26.8,5.01567398,26.8,26.8,1741/5521,26.8,26.8,26.8,26.8,0,314280,22,603272,20260430
300921.SZ,南凌科技,26.94,26.92,0.29784066,27.86,26.79,1742/5521,26.92,27.86,26.79,26.94,3.983618,1.1149E7,33,300921,20260430
603978.SH,深圳新星,26.94,27.61,-1.71470266,27.88,26.76,1743/5521,27.61,27.88,26.76,26.94,4.086099,2.0180366E7,17,603978,20260430
001230.SZ,劲旅环境,26.9,26.91,-0.29651594,27.28,26.75,1744/5521,26.91,27.28,26.75,26.9,1.964418,1762000,33,001230,20260430
300409.SZ,道氏技术,26.93,27.26,-1.89435337,27.58,26.75,1744/5521,27.26,27.58,26.75,26.93,3.023679,3.3325553E7,33,300409,20260430
600089.SH,特变电工,26.82,27.22,-1.57798165,27.22,26.75,1744/5521,27.22,27.22,26.75,26.82,1.72477,1.1926119E8,17,600089,20260430
603351.SH,威尔药业,27.14,27.21,0.40695523,27.41,26.75,1744/5521,27.21,27.41,26.75,27.14,2.441731,1340260,17,603351,20260430
920225.BJ,利通科技,26.82,27.9,-1.57798165,28.2,26.71,1748/5521,27.9,28.2,26.71,26.82,5.467889,1885382,151,920225,20260430
300773.SZ,拉卡拉,26.94,26.91,-0.29607698,27.38,26.67,1749/5521,26.91,27.38,26.67,26.94,2.627683,3.5321308E7,33,300773,20260430
301089.SZ,拓新药业,26.92,26.95,1.43180106,27.6,26.67,1749/5521,26.95,27.6,26.67,26.92,3.504144,3034400,33,301089,20260430
301135.SZ,瑞德智能,26.9,26.67,0.90022506,27.18,26.67,1749/5521,26.67,27.18,26.67,26.9,1.912978,2523864,33,301135,20260430
301331.SZ,恩威医药,27.11,27.1,0.51909529,27.22,26.67,1749/5521,27.1,27.22,26.67,27.11,2.039302,1325252,33,301331,20260430
000935.SZ,四川双马,26.72,27.76,-3.71171171,27.95,26.66,1753/5521,27.76,27.95,26.66,26.72,4.648648,9539212,33,000935,20260430
301113.SZ,雅艺科技,27.07,26.66,1.34780981,27.38,26.66,1753/5521,26.66,27.38,26.66,27.07,2.695619,1825080,33,301113,20260430
605089.SH,味知香,26.77,27,-2.79593319,27.72,26.66,1753/5521,27,27.72,26.66,26.77,3.848946,2738086,17,605089,20260430
920169.BJ,七丰精工,27.41,26.77,1.78239881,27.7,26.66,1753/5521,26.77,27.7,26.66,27.41,3.861864,1443611,151,920169,20260430
600206.SH,有研新材,27.37,26.65,2.01267238,27.58,26.65,1757/5521,26.65,27.58,26.65,27.37,3.466269,8.8129368E7,17,600206,20260430
300736.SZ,百邦科技,27.6,27.78,-0.96878364,28.25,26.63,1758/5521,27.78,28.25,26.63,27.6,5.812701,7638159,33,300736,20260430
300739.SZ,明阳电路,27.13,27.52,-1.41715116,27.78,26.61,1759/5521,27.52,27.78,26.61,27.13,4.251453,1.7543749E7,33,300739,20260430
300533.SZ,冰川网络,26.61,27.45,-4.004329,27.48,26.6,1760/5521,27.45,27.48,26.6,26.61,3.174603,1.0268186E7,33,300533,20260430
600773.SH,西藏城投,27.2,27.6,-3.20284698,28.88,26.6,1760/5521,27.6,28.88,26.6,27.2,8.113879,5.4043606E7,17,600773,20260430
688428.SH,诺诚健华,26.65,26.83,-0.55970149,27.28,26.59,1762/5521,26.83,27.28,26.59,26.65,2.574626,8537831,17,688428,20260430
920593.BJ,鼎智科技,27.43,26.59,2.6187804,27.6,26.57,1763/5521,26.59,27.6,26.57,27.43,3.853348,2035985,151,920593,20260430
600570.SH,恒生电子,26.79,26.55,2.48661056,27.44,26.54,1764/5521,26.55,27.44,26.54,26.79,3.442999,4.7833315E7,17,600570,20260430
300712.SZ,永福股份,26.64,26.91,-1.11358575,27.18,26.51,1765/5521,26.91,27.18,26.51,26.64,2.487008,2642057,33,300712,20260430
002810.SZ,山东赫达,26.74,27.3,-2.97532656,27.56,26.5,1766/5521,27.3,27.56,26.5,26.74,3.846153,1.396998E7,33,002810,20260430
605398.SH,新炬网络,26.61,26.83,-0.81997764,27.1,26.5,1766/5521,26.83,27.1,26.5,26.61,2.236302,1865549,17,605398,20260430
605319.SH,无锡振华,26.82,26.61,0.789177,26.98,26.46,1768/5521,26.61,26.98,26.46,26.82,1.954152,4261674,17,605319,20260430
300988.SZ,津荣天宇,27.25,26.6,2.09816411,27.8,26.44,1769/5521,26.6,27.8,26.44,27.25,5.095541,4977896,33,300988,20260430
301363.SZ,美好医疗,26.76,27.15,0.41275797,27.17,26.44,1769/5521,27.15,27.17,26.44,26.76,2.739212,7164896,33,301363,20260430
600961.SH,株冶集团,26.49,27.47,-4.40274269,27.92,26.42,1771/5521,27.47,27.92,26.42,26.49,5.413208,6.2593158E7,17,600961,20260430
688118.SH,普元信息,27.23,26.71,0.2208318,27.29,26.4,1772/5521,26.71,27.29,26.4,27.23,3.275671,3358485,17,688118,20260430
300579.SZ,数字认证,26.53,26.54,-0.26315789,26.86,26.38,1773/5521,26.54,26.86,26.38,26.53,1.804511,2883991,33,300579,20260430
301158.SZ,德石股份,26.45,26.7,-1.41632501,27.68,26.36,1774/5521,26.7,27.68,26.36,26.45,4.919865,9745719,33,301158,20260430
920252.BJ,天宏锂电,26.5,26.87,-2.21402214,27.36,26.33,1775/5521,26.87,27.36,26.33,26.5,3.800738,2184700,151,920252,20260430
603778.SH,国晟科技,26.6,26.6,-2.81329923,27.3,26.31,1776/5521,26.6,27.3,26.31,26.6,3.617099,5.5840795E7,17,603778,20260430
688533.SH,上声电子,26.56,26.34,0.11307953,26.67,26.31,1776/5521,26.34,26.67,26.31,26.56,1.356954,1520280,17,688533,20260430
002436.SZ,兴森科技,27.71,27.47,0.91041515,27.99,26.28,1778/5521,27.47,27.99,26.28,27.71,6.227239,1.3824221E8,33,002436,20260430
300846.SZ,首都在线,26.75,26.92,-0.99925981,27.38,26.28,1778/5521,26.92,27.38,26.28,26.75,4.071058,2.4307999E7,33,300846,20260430
688128.SH,中国电研,26.51,26.35,0.34065102,26.63,26.26,1780/5521,26.35,26.63,26.26,26.51,1.400454,2405739,17,688128,20260430
300552.SZ,万集科技,26.56,26.31,0.9118541,26.68,26.25,1781/5521,26.31,26.68,26.25,26.56,1.633738,3404107,33,300552,20260430
300998.SZ,宁波方正,27.11,26.71,-0.11053795,27.96,26.25,1781/5521,26.71,27.96,26.25,27.11,6.300663,5027400,33,300998,20260430
002202.SZ,金风科技,27.55,26.51,7.07345511,28.18,26.2,1783/5521,26.51,28.18,26.2,27.55,7.695297,3.49362601E8,33,002202,20260430
603207.SH,小方制药,26.25,26.19,0.03810976,26.37,26.19,1784/5521,26.19,26.37,26.19,26.25,0.685975,1266700,17,603207,20260430
001378.SZ,德冠新材,26.79,26.22,2.29095074,26.89,26.18,1785/5521,26.22,26.89,26.18,26.79,2.710958,2570016,33,001378,20260430
002819.SZ,东方中科,26.37,26.17,0.34246575,26.48,26.17,1786/5521,26.17,26.48,26.17,26.37,1.179604,1661326,33,002819,20260430
301305.SZ,朗坤科技,26.68,26.96,-0.74404762,27.04,26.13,1787/5521,26.96,27.04,26.13,26.68,3.385416,4893478,33,301305,20260430
300912.SZ,凯龙高科,26.3,26.27,-0.37878788,26.73,26.12,1788/5521,26.27,26.73,26.12,26.3,2.310606,3072100,33,300912,20260430
301584.SZ,建发致新,26.25,26.1,0,26.42,26.1,1789/5521,26.1,26.42,26.1,26.25,1.219047,1675287,33,301584,20260430
301321.SZ,翰博高新,26.27,27.2,-1.79439252,27.2,26.06,1790/5521,27.2,27.2,26.06,26.27,4.261682,7526649,33,301321,20260430
688021.SH,奥福科技,30.3,26.25,16.31477927,30.35,26.05,1791/5521,26.25,30.35,26.05,30.3,16.506717,6711489,17,688021,20260430
920690.BJ,捷众科技,26.43,26.45,0.45610034,26.6,26.05,1791/5521,26.45,26.6,26.05,26.43,2.090459,703471,151,920690,20260430
605016.SH,百龙创园,27.19,26.16,5.59223301,27.47,26.04,1793/5521,26.16,27.47,26.04,27.19,5.553398,1.0603087E7,17,605016,20260430
920047.BJ,诺思兰德,27.11,26.03,4.06909789,27.68,26.03,1794/5521,26.03,27.68,26.03,27.11,6.333973,4458834,151,920047,20260430
002853.SZ,皮阿诺,26.87,26.41,1.78030303,27.09,26.02,1795/5521,26.41,27.09,26.02,26.87,4.05303,2011484,33,002853,20260430
300871.SZ,回盛生物,26.28,26.43,-1.38836773,26.63,26,1796/5521,26.43,26.63,26,26.28,2.363977,7006884,33,300871,20260430
603985.SH,恒润股份,26.12,26.5,-3.15164998,27.32,26,1796/5521,26.5,27.32,26,26.12,4.894327,4.9997722E7,17,603985,20260430
688078.SH,龙软科技,27.25,26.67,3.1806134,27.77,25.98,1798/5521,26.67,27.77,25.98,27.25,6.777735,999398,17,688078,20260430
600993.SH,马应龙,26.03,26.03,-0.30639602,26.19,25.95,1799/5521,26.03,26.19,25.95,26.03,0.919188,3409512,17,600993,20260430
600406.SH,国电南瑞,25.97,26.59,-2.4417731,26.59,25.91,1800/5521,26.59,26.59,25.91,25.97,2.55447,9.7852463E7,17,600406,20260430
000999.SZ,华润三九,25.91,26.01,-0.57559478,26.3,25.88,1801/5521,26.01,26.3,25.88,25.91,1.611665,1.2649879E7,33,000999,20260430
002048.SZ,宁波华翔,26.03,26.42,-1.73650434,26.67,25.88,1801/5521,26.42,26.67,25.88,26.03,2.982257,1.5027887E7,33,002048,20260430
920022.BJ,世昌股份,26.28,26.19,1.23266564,26.67,25.87,1803/5521,26.19,26.67,25.87,26.28,3.081664,393036,151,920022,20260430
301379.SZ,天山电子,26.51,26.09,1.68776371,26.88,25.85,1804/5521,26.09,26.88,25.85,26.51,3.950901,6114397,33,301379,20260430
603955.SH,大千生态,25.99,26.45,-2.03543159,26.51,25.82,1805/5521,26.45,26.51,25.82,25.99,2.600829,1968680,17,603955,20260430
002396.SZ,星网锐捷,26.5,26.61,-0.26345502,26.83,25.81,1806/5521,26.61,26.83,25.81,26.5,3.838916,1.743621E7,33,002396,20260430
002813.SZ,路畅科技,26.46,26.28,1.49597238,27.12,25.81,1806/5521,26.28,27.12,25.81,26.46,5.024932,3966276,33,002813,20260430
002866.SZ,传艺科技,25.86,25.82,-1.56071565,27.3,25.81,1806/5521,25.82,27.3,25.81,25.86,5.671869,2.72224E7,33,002866,20260430
600392.SH,盛和资源,26.03,26.19,-0.6109202,26.59,25.81,1806/5521,26.19,26.59,25.81,26.03,2.978235,9.5769271E7,17,600392,20260430
300897.SZ,山科智能,26.54,25.87,2.1948402,26.77,25.8,1810/5521,25.87,26.77,25.8,26.54,3.735078,1464467,33,300897,20260430
301335.SZ,天元宠物,26.09,25.99,0.42340262,26.3,25.8,1810/5521,25.99,26.3,25.8,26.09,1.924557,1024400,33,301335,20260430
600645.SH,中源协和,25.87,26.35,-2.19281664,26.46,25.8,1810/5521,26.35,26.46,25.8,25.87,2.495274,9262700,17,600645,20260430
688711.SH,宏微科技,27.03,27.5,-2.59459459,27.65,25.8,1810/5521,27.5,27.65,25.8,27.03,6.666666,1.0018913E7,17,688711,20260430
688757.SH,胜科纳米,28.16,26.11,7.89272031,28.47,25.8,1810/5521,26.11,28.47,25.8,28.16,10.229885,1.0915625E7,17,688757,20260430
002843.SZ,泰嘉股份,26.58,26.49,2.38828968,26.88,25.78,1815/5521,26.49,26.88,25.78,26.58,4.237288,2.221477E7,33,002843,20260430
600330.SH,天通股份,27.89,25.79,8.69056898,28.23,25.78,1815/5521,25.79,28.23,25.78,27.89,9.547934,2.91431865E8,17,600330,20260430
603508.SH,思维列控,26.16,26.18,0,26.51,25.78,1815/5521,26.18,26.51,25.78,26.16,2.790519,1.7259858E7,17,603508,20260430
000786.SZ,北新建材,25.94,26.17,-0.87886893,26.44,25.76,1818/5521,26.17,26.44,25.76,25.94,2.598395,1.707127E7,33,000786,20260430
603211.SH,晋拓股份,26.8,26.16,0.56285178,27.2,25.75,1819/5521,26.16,27.2,25.75,26.8,5.4409,9595800,17,603211,20260430
601225.SH,陕西煤业,26.13,26.12,0,26.5,25.73,1820/5521,26.12,26.5,25.73,26.13,2.946804,3.9477946E7,17,601225,20260430
603382.SH,海阳科技,26.11,25.75,1.39805825,26.27,25.73,1820/5521,25.75,26.27,25.73,26.11,2.097087,952105,17,603382,20260430
920122.BJ,中纺标,26.35,25.71,1.50231125,26.7,25.71,1822/5521,25.71,26.7,25.71,26.35,3.813559,497536,151,920122,20260430
300808.SZ,久量股份,25.79,26.78,-3.22701689,26.79,25.7,1823/5521,26.78,26.79,25.7,25.79,4.090056,2638400,33,300808,20260430
603193.SH,润本股份,25.97,25.84,-0.612323,26.25,25.69,1824/5521,25.84,26.25,25.69,25.97,2.14313,4083141,17,603193,20260430
300626.SZ,华瑞股份,26.78,26.51,2.88129082,26.86,25.66,1825/5521,26.51,26.86,25.66,26.78,4.610065,7618500,33,300626,20260430
603235.SH,天新药业,25.8,26.34,-2.08728653,26.35,25.66,1825/5521,26.34,26.35,25.66,25.8,2.618595,925400,17,603235,20260430
301265.SZ,华新科技,26.06,25.89,0.26933436,26.65,25.62,1827/5521,25.89,26.65,25.62,26.06,3.963062,9790953,33,301265,20260430
000975.SZ,山金国际,26.05,26.95,-4.26313855,27.09,25.61,1828/5521,26.95,27.09,25.61,26.05,5.439176,5.5083267E7,33,000975,20260430
603262.SH,技源集团,25.91,25.8,1.05304212,26.38,25.6,1829/5521,25.8,26.38,25.6,25.91,3.042121,1172939,17,603262,20260430
002977.SZ,*ST天箭,27.11,25.65,4.99612703,27.11,25.56,1830/5521,25.65,27.11,25.56,27.11,6.003098,5782776,33,002977,20260430
920914.BJ,远航精密,25.79,26.02,-1.41437309,26.99,25.56,1830/5521,26.02,26.99,25.56,25.79,5.46636,3213842,151,920914,20260430
002880.SZ,卫光生物,25.71,25.79,-0.11655012,25.88,25.55,1832/5521,25.79,25.88,25.55,25.71,1.282051,1171100,33,002880,20260430
002955.SZ,鸿合科技,25.83,25.66,1.05633803,26.18,25.55,1832/5521,25.66,26.18,25.55,25.83,2.464788,1555050,33,002955,20260430
603159.SH,上海亚虹,25.8,25.96,-0.42454651,26.18,25.54,1834/5521,25.96,26.18,25.54,25.8,2.470088,1280337,17,603159,20260430
603248.SH,锡华科技,25.61,25.98,-1.53787005,25.98,25.51,1835/5521,25.98,25.98,25.51,25.61,1.806997,5409950,17,603248,20260430
301246.SZ,宏源药业,29.97,25.89,15.7589803,30.49,25.5,1836/5521,25.89,30.49,25.5,29.97,19.27385,5.6313715E7,33,301246,20260430
001287.SZ,中电港,26.46,25.7,3.27868852,27.07,25.45,1837/5521,25.7,27.07,25.45,26.46,6.323185,3.4599314E7,33,001287,20260430
300688.SZ,创业黑马,25.99,25.85,0.58049536,26.47,25.37,1838/5521,25.85,26.47,25.37,25.99,4.256965,7861000,33,300688,20260430
603095.SH,越剑智能,25.37,25.37,10.01734605,25.37,25.37,1838/5521,25.37,25.37,25.37,25.37,0,3761220,17,603095,20260430
300740.SZ,水羊股份,25.66,25.5,0.39123631,26.56,25.36,1840/5521,25.5,26.56,25.36,25.66,4.694835,1.5838057E7,33,300740,20260430
300813.SZ,泰林生物,25.63,25.43,0.78647267,26,25.36,1840/5521,25.43,26,25.36,25.63,2.516712,1966630,33,300813,20260430
301386.SZ,未来电器,25.79,25.78,0.9788567,25.89,25.36,1840/5521,25.78,25.89,25.36,25.79,2.075176,1571600,33,301386,20260430
600489.SH,中金黄金,25.96,25.75,-0.42194093,26.25,25.36,1840/5521,25.75,26.25,25.36,25.96,3.413885,6.1439947E7,17,600489,20260430
603205.SH,健尔康,26.03,25.36,-2.36309077,26.32,25.36,1840/5521,25.36,26.32,25.36,26.03,3.6009,2762081,17,603205,20260430
300433.SZ,蓝思科技,25.69,25.72,-0.50348567,25.85,25.34,1845/5521,25.72,25.85,25.34,25.69,1.975213,4.9900425E7,33,300433,20260430
920357.BJ,雅葆轩,25.4,26.1,-2.68199234,26.25,25.33,1846/5521,26.1,26.25,25.33,25.4,3.524904,2010561,151,920357,20260430
688130.SH,晶华微,27.1,25.35,7.32673267,27.16,25.3,1847/5521,25.35,27.16,25.3,27.1,7.366336,5261816,17,688130,20260430
605068.SH,明新旭腾,25.71,25.38,-0.31019775,25.99,25.28,1848/5521,25.38,25.99,25.28,25.71,2.753005,3427000,17,605068,20260430
300357.SZ,我武生物,25.4,25.94,-1.81677619,25.97,25.26,1849/5521,25.94,25.97,25.26,25.4,2.744491,9302493,33,300357,20260430
001231.SZ,农心科技,25.49,25.46,0.671406,25.7,25.2,1850/5521,25.46,25.7,25.2,25.49,1.974723,1957100,33,001231,20260430
300505.SZ,川金诺,25.29,25.71,-1.74825175,25.93,25.18,1851/5521,25.71,25.93,25.18,25.29,2.913752,1.3930896E7,33,300505,20260430
600754.SH,锦江酒店,25.56,26.66,-3.51075878,27.42,25.15,1852/5521,26.66,27.42,25.15,25.56,8.569271,2.1592795E7,17,600754,20260430
300491.SZ,通合科技,25.79,25.71,0.15533981,25.91,25.14,1853/5521,25.71,25.91,25.14,25.79,2.990291,6193072,33,300491,20260430
920008.BJ,成电光信,25.79,25.18,2.54473161,26.01,25.13,1854/5521,25.18,26.01,25.13,25.79,3.499005,989696,151,920008,20260430
002058.SZ,*ST威尔,25.1,25.59,-3.31278891,25.98,25.1,1855/5521,25.59,25.98,25.1,25.1,3.38983,2332500,33,002058,20260430
920978.BJ,开特股份,25.3,26.16,-4.23921272,26.36,25.1,1855/5521,26.16,26.36,25.1,25.3,4.769114,3816228,151,920978,20260430
605080.SH,浙江自然,25.39,25.22,0.6740682,25.78,25.08,1857/5521,25.22,25.78,25.08,25.39,2.775574,1874800,17,605080,20260430
000400.SZ,许继电气,25.19,25.32,-0.70949941,25.35,25.07,1858/5521,25.32,25.35,25.07,25.19,1.103665,1.642284E7,33,000400,20260430
300455.SZ,航天智装,26.29,25.14,4.65764331,26.47,25.07,1858/5521,25.14,26.47,25.07,26.29,5.573248,1.4138393E7,33,300455,20260430
002158.SZ,汉钟精机,27.61,25.15,10,27.61,25.03,1860/5521,25.15,27.61,25.03,27.61,10.278884,1.5399025E7,33,002158,20260430
605056.SH,咸亨国际,25.04,25.82,-2.11102424,26,25,1861/5521,25.82,26,25,25.04,3.909304,7829596,17,605056,20260430
603533.SH,掌阅科技,25.02,25.6,-1.30177515,26.04,24.98,1862/5521,25.6,26.04,24.98,25.02,4.181459,1.41027E7,17,603533,20260430
002544.SZ,普天科技,25.52,25.09,1.43084261,25.8,24.95,1863/5521,25.09,25.8,24.95,25.52,3.378378,1.1230477E7,33,002544,20260430
300400.SZ,劲拓股份,25.02,25.64,-2.15095815,26.05,24.93,1864/5521,25.64,26.05,24.93,25.02,4.380132,9682700,33,300400,20260430
300065.SZ,海兰信,25.88,25.16,2.57629806,26.15,24.92,1865/5521,25.16,26.15,24.92,25.88,4.875148,7.2872597E7,33,300065,20260430
301013.SZ,利和兴,25.25,24.92,1.40562249,25.4,24.92,1865/5521,24.92,25.4,24.92,25.25,1.92771,8200130,33,301013,20260430
300113.SZ,顺网科技,25.26,25.8,-2.50868391,26.13,24.9,1867/5521,25.8,26.13,24.9,25.26,4.747201,3.7090187E7,33,300113,20260430
600196.SH,复星医药,24.89,25.27,-1.54272152,25.27,24.89,1868/5521,25.27,25.27,24.89,24.89,1.503164,2.7640568E7,17,600196,20260430
603612.SH,索通发展,24.91,25.5,-2.77127244,25.58,24.89,1868/5521,25.5,25.58,24.89,24.91,2.693208,1.0935381E7,17,603612,20260430
920078.BJ,族兴新材,27.61,25.3,9.13043478,28.8,24.89,1868/5521,25.3,28.8,24.89,27.61,15.454545,6561635,151,920078,20260430
603324.SH,盛剑科技,26.02,24.88,2.44094488,26.37,24.88,1871/5521,24.88,26.37,24.88,26.02,5.866141,3683580,17,603324,20260430
920061.BJ,西磁科技,25.2,25.11,-2.3255814,26.59,24.88,1871/5521,25.11,26.59,24.88,25.2,6.627906,3513236,151,920061,20260430
301049.SZ,超越科技,27.0,25.12,7.78443114,27.96,24.87,1873/5521,25.12,27.96,24.87,27.0,12.335329,6090434,33,301049,20260430
688136.SH,科兴制药,25.07,25.5,-3.16724604,25.85,24.84,1874/5521,25.5,25.85,24.84,25.07,3.90112,6184966,17,688136,20260430
002134.SZ,天津普林,25.32,25.11,0.79617834,25.77,24.8,1875/5521,25.11,25.77,24.8,25.32,3.861464,1.15193E7,33,002134,20260430
600060.SH,海信视像,25.6,25.05,2.15482841,25.86,24.8,1875/5521,25.05,25.86,24.8,25.6,4.229848,1.8175331E7,17,600060,20260430
920242.BJ,建邦科技,25.2,24.79,0.63897764,25.33,24.79,1877/5521,24.79,25.33,24.79,25.2,2.156549,322242,151,920242,20260430
301318.SZ,维海德,25.06,25.04,0.03992016,25.16,24.76,1878/5521,25.04,25.16,24.76,25.06,1.596806,1096655,33,301318,20260430
002824.SZ,和胜股份,25.09,25.73,-2.5631068,25.74,24.73,1879/5521,25.73,25.74,24.73,25.09,3.92233,1.8572669E7,33,002824,20260430
300554.SZ,三超新材,25.35,25.04,2.59004452,25.75,24.72,1880/5521,25.04,25.75,24.72,25.35,4.168352,7665420,33,300554,20260430
002875.SZ,安奈儿,25.32,25.15,2.80146163,26.8,24.7,1881/5521,25.15,26.8,24.7,25.32,8.526187,1.94533E7,33,002875,20260430
603701.SH,德宏股份,24.99,24.7,1.13314448,25.17,24.7,1881/5521,24.7,25.17,24.7,24.99,1.902063,4271241,17,603701,20260430
603988.SH,中电电机,24.91,25.4,-2.61923378,25.4,24.7,1881/5521,25.4,25.4,24.7,24.91,2.736512,5414048,17,603988,20260430
001256.SZ,炜冈科技,25.11,25.04,0.60096154,25.3,24.69,1884/5521,25.04,25.3,24.69,25.11,2.44391,3733400,33,001256,20260430
300622.SZ,博士眼镜,24.78,24.82,-0.28169014,24.98,24.68,1885/5521,24.82,24.98,24.68,24.78,1.207243,3622590,33,300622,20260430
301073.SZ,君亭酒店,24.76,25.37,-2.51968504,25.5,24.67,1886/5521,25.37,25.5,24.67,24.76,3.267716,4725177,33,301073,20260430
920046.BJ,亿能电力,24.74,25.24,-2.67505901,25.4,24.67,1886/5521,25.24,25.4,24.67,24.74,2.871754,3314623,151,920046,20260430
002645.SZ,华宏科技,25.77,24.88,9.9871959,25.77,24.66,1888/5521,24.88,25.77,24.66,25.77,4.737516,4.5769309E7,33,002645,20260430
300687.SZ,赛意信息,25.24,24.78,1.04083267,26.19,24.66,1888/5521,24.78,26.19,24.66,25.24,6.124899,2.2118032E7,33,300687,20260430
688370.SH,丛麟科技,25.36,24.92,2.25806452,25.44,24.62,1890/5521,24.92,25.44,24.62,25.36,3.306451,854803,17,688370,20260430
688339.SH,亿华通,26.15,25.14,9.46002512,26.61,24.61,1891/5521,25.14,26.61,24.61,26.15,8.371703,1.2889363E7,17,688339,20260430
002961.SZ,瑞达期货,24.76,24.8,0.1618123,25.09,24.6,1892/5521,24.8,25.09,24.6,24.76,1.9822,5830900,33,002961,20260430
300611.SZ,美力科技,24.9,24.71,0.76891947,25.11,24.6,1892/5521,24.71,25.11,24.6,24.9,2.063941,3852566,33,300611,20260430
603983.SH,丸美生物,25.17,24.6,0.92221331,25.3,24.6,1892/5521,24.6,25.3,24.6,25.17,2.806736,2250000,17,603983,20260430
688695.SH,中创股份,25.37,24.7,1.96945338,25.42,24.57,1895/5521,24.7,25.42,24.57,25.37,3.416398,1209281,17,688695,20260430
688288.SH,鸿泉技术,25.01,24.7,1.09135004,25.2,24.55,1896/5521,24.7,25.2,24.55,25.01,2.627324,2503245,17,688288,20260430
000636.SZ,风华高科,25.09,25.51,-0.75158228,25.58,24.54,1897/5521,25.51,25.58,24.54,25.09,4.113924,9.281233E7,33,000636,20260430
002773.SZ,康弘药业,24.63,24.77,-1.00482315,25.07,24.52,1898/5521,24.77,25.07,24.52,24.63,2.21061,5212671,33,002773,20260430
688598.SH,金博股份,24.79,24.7,-0.48173424,24.95,24.51,1899/5521,24.7,24.95,24.51,24.79,1.766358,3998436,17,688598,20260430
301193.SZ,家联科技,27.03,24.71,9.52188006,27.7,24.5,1900/5521,24.71,27.7,24.5,27.03,12.965964,2.0495615E7,33,301193,20260430
603899.SH,晨光股份,24.54,24.9,-1.32689988,24.99,24.5,1900/5521,24.9,24.99,24.5,24.54,1.970245,4714520,17,603899,20260430
688156.SH,路德科技,25.48,24.85,2.41157556,25.54,24.5,1900/5521,24.85,25.54,24.5,25.48,4.180064,4886175,17,688156,20260430
920011.BJ,晨光电机,24.89,24.5,1.17886179,25.46,24.5,1900/5521,24.5,25.46,24.5,24.89,3.902439,2510629,151,920011,20260430
301046.SZ,能辉科技,24.97,24.49,1.54534364,25.28,24.49,1904/5521,24.49,25.28,24.49,24.97,3.212688,2481349,33,301046,20260430
920245.BJ,威博液压,24.84,24.7,0.36363636,25.11,24.47,1905/5521,24.7,25.11,24.47,24.84,2.585858,666120,151,920245,20260430
920942.BJ,恒立钻具,24.65,24.52,0.53017945,24.96,24.46,1906/5521,24.52,24.96,24.46,24.65,2.039151,557629,151,920942,20260430
300738.SZ,奥飞数据,24.94,24.86,-0.6374502,25.53,24.45,1907/5521,24.86,25.53,24.45,24.94,4.302788,7.854624E7,33,300738,20260430
301329.SZ,信音电子,25.24,24.79,2.06227254,25.36,24.45,1907/5521,24.79,25.36,24.45,25.24,3.679741,6867362,33,301329,20260430
301015.SZ,百洋医药,24.65,25,-2.72296764,25.13,24.43,1909/5521,25,25.13,24.43,24.65,2.76243,7185739,33,301015,20260430
601858.SH,中国科传,25.38,24.48,2.79465371,25.45,24.42,1910/5521,24.48,25.45,24.42,25.38,4.171729,1.4300766E7,17,601858,20260430
000028.SZ,国药一致,24.54,24.68,-1.0483871,24.69,24.41,1911/5521,24.68,24.69,24.41,24.54,1.129032,5941486,33,000028,20260430
301027.SZ,华蓝集团,24.69,25.08,-1.71178344,25.19,24.41,1911/5521,25.08,25.19,24.41,24.69,3.105095,5479802,33,301027,20260430
002379.SZ,宏桥控股,24.9,25.09,-1.42517815,25.13,24.4,1913/5521,25.09,25.13,24.4,24.9,2.889944,2.784799E7,33,002379,20260430
603690.SH,至纯科技,24.87,24.45,-1.58290463,25.1,24.4,1913/5521,24.45,25.1,24.4,24.87,2.770083,1.7607876E7,17,603690,20260430
920418.BJ,苏轴股份,24.39,24.88,-1.37484836,24.9,24.39,1915/5521,24.88,24.9,24.39,24.39,2.062272,1062009,151,920418,20260430
300226.SZ,上海钢联,24.81,24.6,1.01791531,25.3,24.38,1916/5521,24.6,25.3,24.38,24.81,3.745928,9075666,33,300226,20260430
300780.SZ,德恩精工,25.08,24.95,0.15974441,25.2,24.38,1916/5521,24.95,25.2,24.38,25.08,3.27476,1.0802982E7,33,300780,20260430
301348.SZ,蓝箭电子,25.08,24.44,2.66066312,25.31,24.37,1918/5521,24.44,25.31,24.37,25.08,3.847728,1.2659888E7,33,301348,20260430
002981.SZ,朝阳科技,24.58,24.8,-4.54368932,25,24.36,1919/5521,24.8,25,24.36,24.58,2.485436,3689073,33,002981,20260430
002270.SZ,华明装备,24.49,25.4,-3.16330565,25.46,24.35,1920/5521,25.4,25.46,24.35,24.49,4.389086,2.1064446E7,33,002270,20260430
300518.SZ,新迅达,24.93,25.34,0.36231884,25.34,24.35,1920/5521,25.34,25.34,24.35,24.93,3.985507,1.1740156E7,33,300518,20260430
300885.SZ,海昌新材,28.64,24.5,19.98324256,28.64,24.33,1922/5521,24.5,28.64,24.33,28.64,18.056137,2.7909813E7,33,300885,20260430
300915.SZ,海融科技,24.76,24.44,1.47540984,24.83,24.33,1922/5521,24.44,24.83,24.33,24.76,2.04918,1645020,33,300915,20260430
920098.BJ,科隆新材,24.66,25.33,-2.45253165,25.33,24.33,1922/5521,25.33,25.33,24.33,24.66,3.955696,1122350,151,920098,20260430
603078.SH,江化微,24.81,24.3,2.81806879,24.93,24.27,1925/5521,24.3,24.93,24.27,24.81,2.735184,2.2460423E7,17,603078,20260430
603790.SH,雅运股份,24.54,24.58,0.61500615,24.86,24.27,1925/5521,24.58,24.86,24.27,24.54,2.419024,2779320,17,603790,20260430
300860.SZ,锋尚文化,25.04,24.26,2.83367556,25.43,24.26,1927/5521,24.26,25.43,24.26,25.04,4.804928,2780422,33,300860,20260430
000547.SZ,航天发展,24.58,24.36,2.16126351,24.74,24.25,1928/5521,24.36,24.74,24.25,24.58,2.036575,9.5169541E7,33,000547,20260430
688349.SH,三一重能,24.8,24.4,0.89503662,24.8,24.25,1928/5521,24.4,24.8,24.25,24.8,2.237591,8214989,17,688349,20260430
300629.SZ,新劲刚,25.13,24.87,1.12676056,25.28,24.24,1930/5521,24.87,25.28,24.24,25.13,4.18511,1.1165232E7,33,300629,20260430
301065.SZ,本立科技,24.33,24.37,-0.65332789,24.59,24.23,1931/5521,24.37,24.59,24.23,24.33,1.469987,1863733,33,301065,20260430
301072.SZ,中捷精工,24.65,24.22,1.6075845,24.86,24.22,1932/5521,24.22,24.86,24.22,24.65,2.638087,1880400,33,301072,20260430
002241.SZ,歌尔股份,24.5,24.68,-0.8097166,24.68,24.21,1933/5521,24.68,24.68,24.21,24.5,1.902834,6.8722037E7,33,002241,20260430
688501.SH,青达环保,24.36,24.2,-0.12300123,25.06,24.2,1934/5521,24.2,25.06,24.2,24.36,3.526035,1809333,17,688501,20260430
300971.SZ,博亚精工,24.36,24.17,0.74441687,24.89,24.17,1935/5521,24.17,24.89,24.17,24.36,2.977667,4124468,33,300971,20260430
000811.SZ,冰轮环境,24.95,24.46,1.29922858,25.37,24.16,1936/5521,24.46,25.37,24.16,24.95,4.912708,4.2911623E7,33,000811,20260430
300662.SZ,科锐国际,24.34,24.33,-0.20500205,24.58,24.16,1936/5521,24.33,24.58,24.16,24.34,1.722017,3836640,33,300662,20260430
605299.SH,舒华体育,25.98,24.16,9.9915326,25.98,24.16,1936/5521,24.16,25.98,24.16,25.98,7.705334,2.3152232E7,17,605299,20260430
301487.SZ,盟固利,24.36,24.31,-1.77419355,25.29,24.15,1939/5521,24.31,25.29,24.15,24.36,4.596774,2.509371E7,33,301487,20260430
603320.SH,迪贝电气,24.24,24.45,-0.85889571,24.79,24.15,1939/5521,24.45,24.79,24.15,24.24,2.617586,3241856,17,603320,20260430
920080.BJ,奥美森,24.66,24.22,3.43959732,25.3,24.11,1941/5521,24.22,25.3,24.11,24.66,4.99161,1348769,151,920080,20260430
920491.BJ,奥迪威,24.93,24.28,2.67710049,24.93,24.11,1941/5521,24.28,24.93,24.11,24.93,3.377265,1661897,151,920491,20260430
002912.SZ,中新赛克,24.3,24.42,-0.49140049,24.59,24.1,1943/5521,24.42,24.59,24.1,24.3,2.006552,3052450,33,002912,20260430
601595.SH,上海电影,24.25,24.29,-0.16467682,24.41,24.08,1944/5521,24.29,24.41,24.08,24.25,1.358583,3049530,17,601595,20260430
300633.SZ,开立医疗,24.35,24.39,0.20576132,24.64,24.07,1945/5521,24.39,24.64,24.07,24.35,2.345679,6730027,33,300633,20260430
600262.SH,北方股份,24.51,24.07,1.03050289,24.8,24.07,1945/5521,24.07,24.8,24.07,24.51,3.009068,6678200,17,600262,20260430
000593.SZ,德龙汇能,25.3,26.13,-5.27892175,26.6,24.04,1947/5521,26.13,26.6,24.04,25.3,9.584425,6.6710154E7,33,000593,20260430
003022.SZ,联泓新科,24.09,24.96,-3.98565165,25,24.04,1947/5521,24.96,25,24.04,24.09,3.826225,3.3298091E7,33,003022,20260430
688393.SH,安必平,24.6,24.27,1.02669405,24.67,24.04,1947/5521,24.27,24.67,24.04,24.6,2.587268,1635648,17,688393,20260430
301188.SZ,力诺药包,26.85,25.08,4.47470817,27.28,24.03,1950/5521,25.08,27.28,24.03,26.85,12.645914,2.8976073E7,33,301188,20260430
002326.SZ,永太科技,24.46,24.41,-0.52867019,25.25,24.01,1951/5521,24.41,25.25,24.01,24.46,5.0427,5.2731825E7,33,002326,20260430
300632.SZ,光莆股份,24.47,24.47,20.00980873,24.47,24,1952/5521,24.47,24.47,24,24.47,2.305051,3.6827802E7,33,300632,20260430
688369.SH,致远互联,24.26,24.2,0.12381345,24.68,24,1952/5521,24.2,24.68,24,24.26,2.806438,2473394,17,688369,20260430
600234.SH,科新发展,24.4,23.99,1.66666667,25,23.99,1954/5521,23.99,25,23.99,24.4,4.208333,5512504,17,600234,20260430
300898.SZ,熊猫乳品,24.04,24.25,-0.45548654,24.51,23.96,1955/5521,24.25,24.51,23.96,24.04,2.277432,3319468,33,300898,20260430
301302.SZ,华如科技,24.3,24.14,0.20618557,24.53,23.95,1956/5521,24.14,24.53,23.95,24.3,2.391752,5142767,33,301302,20260430
301566.SZ,达利凯普,24.16,24.31,-0.82101806,24.6,23.95,1956/5521,24.31,24.6,23.95,24.16,2.668308,1.3860993E7,33,301566,20260430
300879.SZ,大叶股份,24.24,24.07,0.70627337,24.42,23.91,1958/5521,24.07,24.42,23.91,24.24,2.11882,2277000,33,300879,20260430
301063.SZ,海锅股份,24.06,24.12,0,24.52,23.91,1958/5521,24.12,24.52,23.91,24.06,2.535328,2384600,33,301063,20260430
920790.BJ,联迪信息,24.32,24.21,1.2911287,24.94,23.9,1960/5521,24.21,24.94,23.9,24.32,4.331528,1013667,151,920790,20260430
002545.SZ,东方铁塔,23.99,25.1,-2.67748479,25.58,23.88,1961/5521,25.1,25.58,23.88,23.99,6.896551,2.7106048E7,33,002545,20260430
603958.SH,哈森股份,24.26,24.1,-0.24671053,24.7,23.88,1961/5521,24.1,24.7,23.88,24.26,3.37171,5339200,17,603958,20260430
300286.SZ,安科瑞,24.18,24.24,0.20721094,24.36,23.83,1963/5521,24.24,24.36,23.83,24.18,2.196435,3940720,33,300286,20260430
600750.SH,华润江中,23.92,23.96,-0.25020851,24.02,23.81,1964/5521,23.96,24.02,23.81,23.92,0.875729,4423466,17,600750,20260430
300415.SZ,伊之密,24.22,23.9,1.33891213,24.78,23.8,1965/5521,23.9,24.78,23.8,24.22,4.100418,8016836,33,300415,20260430
300656.SZ,民德电子,25.29,23.98,5.15592516,25.58,23.8,1965/5521,23.98,25.58,23.8,25.29,7.401247,6323788,33,300656,20260430
920564.BJ,天润科技,24.24,23.8,1.04210088,24.49,23.8,1965/5521,23.8,24.49,23.8,24.24,2.876198,1335365,151,920564,20260430
603589.SH,口子窖,23.86,24.21,-1.81069959,24.4,23.79,1968/5521,24.21,24.4,23.79,23.86,2.510288,4735429,17,603589,20260430
920128.BJ,胜业电气,24.1,23.87,0.50041701,24.29,23.74,1969/5521,23.87,24.29,23.74,24.1,2.293577,357896,151,920128,20260430
688323.SH,瑞华泰,23.99,28.56,-9.64218456,28.86,23.73,1970/5521,28.56,28.86,23.73,23.99,19.322033,2.2624238E7,17,688323,20260430
000766.SZ,通化金马,24.67,23.93,3.13545151,24.74,23.72,1971/5521,23.93,24.74,23.72,24.67,4.264214,2.2933955E7,33,000766,20260430
001333.SZ,光华股份,23.84,23.72,-0.16750419,23.96,23.72,1971/5521,23.72,23.96,23.72,23.84,1.005025,1368800,33,001333,20260430
603239.SH,浙江仙通,23.81,24.14,-1.32615002,24.33,23.71,1973/5521,24.14,24.33,23.71,23.81,2.569415,3642000,17,603239,20260430
605507.SH,国邦医药,23.92,24.21,-1.23864575,24.24,23.71,1973/5521,24.21,24.24,23.71,23.92,2.188274,2844200,17,605507,20260430
300889.SZ,爱克股份,23.99,24.2,-0.66252588,24.3,23.7,1975/5521,24.2,24.3,23.7,23.99,2.484472,3780496,33,300889,20260430
001323.SZ,慕思股份,23.84,24.42,-1.36532892,24.44,23.68,1976/5521,24.42,24.44,23.68,23.84,3.144393,747900,33,001323,20260430
603908.SH,牧高笛,24.18,23.81,1.63934426,24.37,23.67,1977/5521,23.81,24.37,23.67,24.18,2.942412,2248746,17,603908,20260430
600835.SH,上海机电,24.15,23.71,1.30033557,24.39,23.66,1978/5521,23.71,24.39,23.66,24.15,3.06208,8609213,17,600835,20260430
300588.SZ,熙菱信息,24.11,24.21,0.54211843,24.78,23.65,1979/5521,24.21,24.78,23.65,24.11,4.71226,4539760,33,300588,20260430
300749.SZ,顶固集创,24.29,24.51,0.12366035,24.52,23.64,1980/5521,24.51,24.52,23.64,24.29,3.62737,7803200,33,300749,20260430
301515.SZ,港通医疗,23.93,24.2,-1.11570248,24.75,23.63,1981/5521,24.2,24.75,23.63,23.93,4.628099,2721600,33,301515,20260430
001319.SZ,铭科精技,23.88,23.67,0.84459459,24.03,23.61,1982/5521,23.67,24.03,23.61,23.88,1.773648,2061400,33,001319,20260430
300530.SZ,领湃科技,23.61,24,-1.82952183,24.39,23.6,1983/5521,24,24.39,23.6,23.61,3.284823,2020100,33,300530,20260430
300966.SZ,共同药业,26.66,25,6.59736106,27.9,23.59,1984/5521,25,27.9,23.59,26.66,17.233106,1.7742548E7,33,300966,20260430
301262.SZ,海看股份,23.67,23.8,-0.87939698,23.91,23.58,1985/5521,23.8,23.91,23.58,23.67,1.381909,3184801,33,301262,20260430
920662.BJ,方盛股份,23.64,23.88,-1.25313283,24.34,23.55,1986/5521,23.88,24.34,23.55,23.64,3.299916,1165279,151,920662,20260430
001367.SZ,海森药业,23.7,23.93,-0.0421763,24.03,23.52,1987/5521,23.93,24.03,23.52,23.7,2.150991,2459622,33,001367,20260430
603381.SH,永臻股份,24.14,23.74,1.3434089,24.2,23.51,1988/5521,23.74,24.2,23.51,24.14,2.896725,6144726,17,603381,20260430
003011.SZ,海象新材,23.8,23.53,1.40605028,24.06,23.47,1989/5521,23.53,24.06,23.47,23.8,2.513847,3582358,33,003011,20260430
000921.SZ,海信家电,24.03,23.5,2.12494688,24.29,23.45,1990/5521,23.5,24.29,23.45,24.03,3.56991,1.5191558E7,33,000921,20260430
600764.SH,中国海防,23.62,23.75,-1.58333333,23.8,23.44,1991/5521,23.75,23.8,23.44,23.62,1.5,7540700,17,600764,20260430
000768.SZ,中航西飞,23.5,23.45,0,23.71,23.42,1992/5521,23.45,23.71,23.42,23.5,1.234042,2.142851E7,33,000768,20260430
603075.SH,热威股份,23.54,23.82,-0.88421053,23.83,23.38,1993/5521,23.82,23.83,23.38,23.54,1.894736,1325508,17,603075,20260430
300435.SZ,中泰股份,23.5,24,-1.59128978,24.52,23.37,1994/5521,24,24.52,23.37,23.5,4.815745,1.5205703E7,33,300435,20260430
300862.SZ,蓝盾光电,24.08,23.5,2.20713073,24.2,23.37,1994/5521,23.5,24.2,23.37,24.08,3.52292,3666260,33,300862,20260430
920160.BJ,北矿检测,23.99,23.45,3.1827957,24.35,23.36,1996/5521,23.45,24.35,23.36,23.99,4.258064,1772758,151,920160,20260430
603721.SH,*ST天择,24.63,23.4,3.31375839,24.88,23.34,1997/5521,23.4,24.88,23.34,24.63,6.459731,3797700,22,603721,20260430
301051.SZ,信濠光电,23.46,23.76,-0.59322034,24.09,23.33,1998/5521,23.76,24.09,23.33,23.46,3.220338,3431200,33,301051,20260430
603626.SH,科森科技,25.16,23.8,5.00834725,25.29,23.33,1998/5521,23.8,25.29,23.33,25.16,8.1803,5.4825402E7,17,603626,20260430
603607.SH,京华激光,23.58,23.48,0.21249469,23.68,23.29,2000/5521,23.48,23.68,23.29,23.58,1.657458,2593900,17,603607,20260430
002246.SZ,北化股份,24.36,23.93,1.71189979,24.49,23.28,2001/5521,23.93,24.49,23.28,24.36,5.052192,2.2622647E7,33,002246,20260430
603933.SH,睿能科技,24.44,24.2,5.02793296,24.5,23.28,2001/5521,24.2,24.5,23.28,24.44,5.242801,2.3250432E7,17,603933,20260430
603529.SH,爱玛科技,23.41,23.51,-0.50998725,23.52,23.27,2003/5521,23.51,23.52,23.27,23.41,1.062473,7099423,17,603529,20260430
001312.SZ,福恩股份,23.46,23.76,-1.22105263,23.76,23.25,2004/5521,23.76,23.76,23.25,23.46,2.147368,6774772,33,001312,20260430
002557.SZ,洽洽食品,23.27,23.38,0.51835853,23.68,23.2,2005/5521,23.38,23.68,23.2,23.27,2.073434,1.1002495E7,33,002557,20260430
002919.SZ,名臣健康,23.98,23.21,2.04255319,24.15,23.2,2005/5521,23.21,24.15,23.2,23.98,4.042553,7018778,33,002919,20260430
688329.SH,艾隆科技,24.07,23.42,3.30472103,24.08,23.18,2007/5521,23.42,24.08,23.18,24.07,3.86266,2091536,17,688329,20260430
920190.BJ,雷神科技,23.45,23.3,0.42826552,23.6,23.17,2008/5521,23.3,23.6,23.17,23.45,1.841541,1846202,151,920190,20260430
603726.SH,朗迪集团,24.85,23.22,10.00442674,24.85,23.15,2009/5521,23.22,24.85,23.15,24.85,7.525453,7790100,17,603726,20260430
002009.SZ,天奇股份,23.22,23.18,0.17256255,23.64,23.11,2010/5521,23.18,23.64,23.11,23.22,2.286453,1.4328751E7,33,002009,20260430
920208.BJ,青矩技术,23.37,23.27,0.42973786,23.45,23.11,2010/5521,23.27,23.45,23.11,23.37,1.461108,680575,151,920208,20260430
920906.BJ,舜宇精工,23.26,23.34,0.69264069,23.69,23.11,2010/5521,23.34,23.69,23.11,23.26,2.510822,700987,151,920906,20260430
003027.SZ,同兴科技,23.72,23.19,0.21123785,24.12,23.1,2013/5521,23.19,24.12,23.1,23.72,4.309252,8278708,33,003027,20260430
688355.SH,明志科技,23.37,23.2,0.38659794,23.63,23.1,2013/5521,23.2,23.63,23.1,23.37,2.276632,2089135,17,688355,20260430
301190.SZ,善水科技,23.19,23.18,0.04314064,23.72,23.09,2015/5521,23.18,23.72,23.09,23.19,2.71786,3405219,33,301190,20260430
603939.SH,益丰药房,23.2,23.3,-0.98164746,23.76,23.09,2015/5521,23.3,23.76,23.09,23.2,2.859581,8849642,17,603939,20260430
301179.SZ,泽宇智能,23.14,24.35,-4.06301824,24.37,23.08,2017/5521,24.35,24.37,23.08,23.14,5.348258,1.2856783E7,33,301179,20260430
002816.SZ,*ST和科,23.3,23.35,-2.63267865,23.53,23.05,2018/5521,23.35,23.53,23.05,23.3,2.00585,3621800,33,002816,20260430
300982.SZ,苏文电能,23.15,23.38,-2.60832983,24.21,23.05,2018/5521,23.38,24.21,23.05,23.15,4.8801,1.6475591E7,33,300982,20260430
600367.SH,红星发展,23.47,23.4,1.07665805,23.87,23.05,2018/5521,23.4,23.87,23.05,23.47,3.531438,4.7511035E7,17,600367,20260430
688739.SH,成大生物,23.05,23.22,-0.90283749,23.29,23.04,2021/5521,23.22,23.29,23.04,23.05,1.074806,2666585,17,688739,20260430
301125.SZ,腾亚精工,23.18,23.1,0.56399132,23.42,23.02,2022/5521,23.1,23.42,23.02,23.18,1.735357,2142040,33,301125,20260430
920523.BJ,德瑞锂电,23.15,23.25,-1.11063648,23.38,23.02,2022/5521,23.25,23.38,23.02,23.15,1.537804,986618,151,920523,20260430
300767.SZ,震安科技,23.28,23.23,0.64850843,23.7,23.01,2024/5521,23.23,23.7,23.01,23.28,2.983138,7388705,33,300767,20260430
605338.SH,巴比食品,23.2,23.23,-1.10826939,23.35,23,2025/5521,23.23,23.35,23,23.2,1.491901,2964543,17,605338,20260430
002173.SZ,创新医疗,23.26,23.06,0.30185425,23.32,22.98,2026/5521,23.06,23.32,22.98,23.26,1.466149,1.471919E7,33,002173,20260430
301020.SZ,密封科技,23.26,22.97,1.26251633,23.42,22.97,2027/5521,22.97,23.42,22.97,23.26,1.959077,1620100,33,301020,20260430
300486.SZ,东杰智能,23.16,23.29,0.08643042,23.66,22.95,2028/5521,23.29,23.66,22.95,23.16,3.06828,8371122,33,300486,20260430
002597.SZ,金禾实业,23.33,23.08,1.08318891,23.46,22.93,2029/5521,23.08,23.46,22.93,23.33,2.29636,6394816,33,002597,20260430
003008.SZ,开普检测,23.5,22.94,2.48582643,23.55,22.93,2029/5521,22.94,23.55,22.93,23.5,2.703881,2040490,33,003008,20260430
600879.SH,航天电子,23.97,23.07,3.90117035,24.08,22.91,2031/5521,23.07,24.08,22.91,23.97,5.071521,1.60386206E8,17,600879,20260430
300031.SZ,宝通科技,23.13,23.01,0.47784535,23.39,22.9,2032/5521,23.01,23.39,22.9,23.13,2.128583,1.2830412E7,33,300031,20260430
301505.SZ,苏州规划,23.31,23.04,1.79039301,23.53,22.9,2032/5521,23.04,23.53,22.9,23.31,2.751091,2760073,33,301505,20260430
002757.SZ,南兴股份,23.16,22.94,1.71277997,24.25,22.89,2034/5521,22.94,24.25,22.89,23.16,5.972771,3.2604313E7,33,002757,20260430
603051.SH,鹿山新材,23.42,22.95,4.64700626,23.68,22.89,2034/5521,22.95,23.68,22.89,23.42,3.529937,9467466,17,603051,20260430
000901.SZ,航天科技,24.0,23.1,3.35917313,24.26,22.88,2036/5521,23.1,24.26,22.88,24.0,5.943152,8.0561235E7,33,000901,20260430
688004.SH,博汇科技,23.21,22.88,1.44230769,23.5,22.88,2036/5521,22.88,23.5,22.88,23.21,2.70979,1869907,17,688004,20260430
688209.SH,英集芯,24.27,23.09,5.43006082,24.53,22.88,2036/5521,23.09,24.53,22.88,24.27,7.16768,1.8813167E7,17,688209,20260430
603032.SH,德新科技,23.31,23.02,0.9965338,23.85,22.86,2039/5521,23.02,23.85,22.86,23.31,4.289428,1.4343275E7,17,603032,20260430
688671.SH,碧兴物联,23.7,22.86,2.5974026,24,22.86,2039/5521,22.86,24,22.86,23.7,4.935064,1631755,17,688671,20260430
300421.SZ,力星股份,23.78,22.87,3.7521815,23.95,22.85,2041/5521,22.87,23.95,22.85,23.78,4.799301,9765360,33,300421,20260430
601233.SH,桐昆股份,24.21,22.81,4.98699046,24.45,22.81,2042/5521,22.81,24.45,22.81,24.21,7.111882,6.8426258E7,17,601233,20260430
002983.SZ,芯瑞达,23.3,23.31,-0.29952931,23.39,22.8,2043/5521,23.31,23.39,22.8,23.3,2.524604,2545451,33,002983,20260430
605303.SH,园林股份,23.14,23,1.04803493,23.5,22.8,2043/5521,23,23.5,22.8,23.14,3.056768,5236899,17,605303,20260430
600980.SH,北矿科技,23.06,22.92,0.61082024,23.23,22.77,2045/5521,22.92,23.23,22.77,23.06,2.00698,3086610,17,600980,20260430
600501.SH,航天晨光,23.61,22.78,2.16356556,23.84,22.76,2046/5521,22.78,23.84,22.76,23.61,4.673301,1.000677E7,17,600501,20260430
301019.SZ,宁波色母,22.87,22.78,0.8822232,23.08,22.74,2047/5521,22.78,23.08,22.74,22.87,1.499779,1789609,33,301019,20260430
001298.SZ,好上好,23.16,22.86,1.35667396,23.5,22.7,2048/5521,22.86,23.5,22.7,23.16,3.501094,3.3688933E7,33,001298,20260430
600990.SH,四创电子,23.12,22.85,1.31463628,23.33,22.7,2048/5521,22.85,23.33,22.7,23.12,2.760736,3664817,17,600990,20260430
001296.SZ,长江材料,22.95,22.91,0.2621232,23.34,22.68,2050/5521,22.91,23.34,22.68,22.95,2.883355,3022660,33,001296,20260430
920547.BJ,无锡晶海,23.0,22.88,1.3215859,23.38,22.68,2050/5521,22.88,23.38,22.68,23.0,3.0837,590959,151,920547,20260430
002760.SZ,凤形股份,22.75,22.7,0.22026432,23.07,22.67,2052/5521,22.7,23.07,22.67,22.75,1.762114,4142400,33,002760,20260430
601066.SH,中信建投,23.0,23,4.07239819,23.53,22.67,2052/5521,23,23.53,22.67,23.0,3.891402,4.3118652E7,17,601066,20260430
603638.SH,艾迪精密,23.24,22.72,2.33377367,23.26,22.67,2052/5521,22.72,23.26,22.67,23.24,2.597974,1.025798E7,17,603638,20260430
300985.SZ,致远新能,23.05,22.66,1.67622408,23.48,22.66,2055/5521,22.66,23.48,22.66,23.05,3.617115,3075200,33,300985,20260430
600137.SH,浪莎股份,23.4,23.36,-2.17391304,23.63,22.66,2055/5521,23.36,23.63,22.66,23.4,4.055183,5220500,17,600137,20260430
002287.SZ,奇正藏药,22.74,22.75,-0.26315789,22.95,22.65,2057/5521,22.75,22.95,22.65,22.74,1.315789,1343104,33,002287,20260430
600332.SH,白云山,22.65,22.85,-0.9619589,22.9,22.63,2058/5521,22.85,22.9,22.63,22.65,1.180585,1.1428086E7,17,600332,20260430
688729.SH,屹唐股份,23.61,22.69,4.37665782,23.8,22.61,2059/5521,22.69,23.8,22.61,23.61,5.260831,1.0563807E7,17,688729,20260430
002066.SZ,瑞泰科技,23.33,22.7,2.7753304,23.38,22.6,2060/5521,22.7,23.38,22.6,23.33,3.436123,5639001,33,002066,20260430
002130.SZ,沃尔核材,22.74,22.9,-0.69868996,22.98,22.6,2060/5521,22.9,22.98,22.6,22.74,1.659388,3.9189591E7,33,002130,20260430
300849.SZ,锦盛新材,22.88,22.99,-0.39181541,23.65,22.6,2060/5521,22.99,23.65,22.6,22.88,4.571179,3105050,33,300849,20260430
301359.SZ,东南电子,23.39,22.6,3.13051146,23.81,22.6,2060/5521,22.6,23.81,22.6,23.39,5.335097,3076100,33,301359,20260430
605277.SH,新亚电子,22.83,22.88,-0.30567686,23.12,22.6,2060/5521,22.88,23.12,22.6,22.83,2.270742,5226800,17,605277,20260430
605333.SH,沪光股份,22.75,22.77,-0.08783487,22.92,22.6,2060/5521,22.77,22.92,22.6,22.75,1.405357,1764700,17,605333,20260430
688678.SH,福立旺,23.73,23.26,2.02063629,24.13,22.6,2060/5521,23.26,24.13,22.6,23.73,6.577815,2.6139037E7,17,688678,20260430
003020.SZ,立方制药,22.73,22.89,-0.69899519,22.96,22.56,2067/5521,22.89,22.96,22.56,22.73,1.747487,1675100,33,003020,20260430
300986.SZ,志特新材,22.8,23,-0.52356021,23.1,22.56,2067/5521,23,23.1,22.56,22.8,2.35602,1.4224871E7,33,300986,20260430
605116.SH,奥锐特,22.6,22.99,-1.73913043,23.09,22.56,2067/5521,22.99,23.09,22.56,22.6,2.304347,3967200,17,605116,20260430
920533.BJ,骏创科技,22.78,22.6,0.79646018,23.11,22.56,2067/5521,22.6,23.11,22.56,22.78,2.433628,1134726,151,920533,20260430
300634.SZ,彩讯股份,22.59,23.28,-3.1718817,23.48,22.54,2071/5521,23.28,23.48,22.54,22.59,4.029147,2.1585107E7,33,300634,20260430
300926.SZ,博俊科技,22.77,22.68,-0.13157895,22.96,22.52,2072/5521,22.68,22.96,22.52,22.77,1.929824,4180996,33,300926,20260430
002886.SZ,沃特股份,22.53,22.63,3.15934066,23.28,22.51,2073/5521,22.63,23.28,22.51,22.53,3.525641,1.1583145E7,33,002886,20260430
600188.SH,兖矿能源,22.85,23.17,-1.38109625,23.48,22.51,2073/5521,23.17,23.48,22.51,22.85,4.186447,6.3170931E7,17,600188,20260430
600845.SH,宝信软件,22.68,22.88,-0.70052539,23.03,22.51,2073/5521,22.88,23.03,22.51,22.68,2.276707,1.4817037E7,17,600845,20260430
002297.SZ,博云新材,24.5,23.44,5.55794916,25.4,22.5,2076/5521,23.44,25.4,22.5,24.5,12.494614,1.9477304E8,33,002297,20260430
300483.SZ,首华燃气,22.68,23.3,-0.56992547,23.45,22.5,2076/5521,23.3,23.45,22.5,22.68,4.164839,3.2546249E7,33,300483,20260430
300893.SZ,松原安全,22.58,22.69,-0.39700044,22.8,22.5,2076/5521,22.69,22.8,22.5,22.58,1.323334,1234332,33,300893,20260430
601133.SH,柏诚股份,22.78,23.13,-2.39931448,23.4,22.5,2076/5521,23.13,23.4,22.5,22.78,3.856041,1.9796201E7,17,601133,20260430
920751.BJ,惠同新材,23.77,23.1,2.67818575,23.79,22.5,2076/5521,23.1,23.79,22.5,23.77,5.572354,1046802,151,920751,20260430
688589.SH,力合微,23.03,22.48,2.44661922,23.18,22.48,2081/5521,22.48,23.18,22.48,23.03,3.113879,4121127,17,688589,20260430
002969.SZ,嘉美包装,22.6,22.84,-0.52816901,23.26,22.44,2082/5521,22.84,23.26,22.44,22.6,3.609154,7.4028039E7,33,002969,20260430
300537.SZ,广信材料,22.52,22.75,-1.01098901,23.08,22.4,2083/5521,22.75,23.08,22.4,22.52,2.98901,4895054,33,300537,20260430
600506.SH,统一股份,22.64,22.68,0.26572188,22.8,22.4,2083/5521,22.68,22.8,22.4,22.64,1.771479,6389100,17,600506,20260430
600285.SH,羚锐制药,22.36,22.42,-0.88652482,22.93,22.36,2085/5521,22.42,22.93,22.36,22.36,2.526595,8531239,17,600285,20260430
605033.SH,美邦股份,23.24,22.76,1.26361656,23.31,22.36,2085/5521,22.76,23.31,22.36,23.24,4.139433,5343400,17,605033,20260430
300789.SZ,唐源电气,22.75,22.52,1.69870362,22.83,22.33,2087/5521,22.52,22.83,22.33,22.75,2.235136,2641926,33,300789,20260430
920526.BJ,凯华材料,23.51,22.53,4.62839341,23.9,22.32,2088/5521,22.53,23.9,22.32,23.51,7.031597,3885395,151,920526,20260430
002262.SZ,恩华药业,22.42,22.41,0.04462294,22.62,22.31,2089/5521,22.41,22.62,22.31,22.42,1.383311,9258581,33,002262,20260430
603109.SH,神驰机电,22.4,22.43,0.35842294,23.05,22.31,2089/5521,22.43,23.05,22.31,22.4,3.315412,4402752,17,603109,20260430
603960.SH,克来机电,22.29,22.67,-1.84940555,22.86,22.29,2091/5521,22.67,22.86,22.29,22.29,2.509907,6045251,17,603960,20260430
920425.BJ,乐创技术,25.25,22.3,13.22869955,27.77,22.29,2091/5521,22.3,27.77,22.29,25.25,24.573991,1.1684773E7,151,920425,20260430
300761.SZ,立华股份,22.75,22.29,1.02131439,23.13,22.28,2093/5521,22.29,23.13,22.28,22.75,3.774422,1.1261264E7,33,300761,20260430
920299.BJ,灿能电力,22.29,22.58,-1.28432241,22.72,22.26,2094/5521,22.58,22.72,22.26,22.29,2.037201,1183500,151,920299,20260430
001257.SZ,盛龙股份,22.52,22.44,-0.74922874,22.76,22.23,2095/5521,22.44,22.76,22.23,22.52,2.33583,1.5369114E7,33,001257,20260430
603192.SH,汇得科技,22.72,23.5,-4.25621576,23.56,22.23,2095/5521,23.5,23.56,22.23,22.72,5.604719,3421789,17,603192,20260430
688783.SH,西安奕材,23.7,22.32,5.85082626,24.1,22.23,2095/5521,22.32,24.1,22.23,23.7,8.351942,1.7992969E7,17,688783,20260430
002805.SZ,丰元股份,22.85,22.68,10.01444391,22.85,22.22,2098/5521,22.68,22.85,22.22,22.85,3.03322,1.3042577E7,33,002805,20260430
300638.SZ,广和通,22.45,22.55,-0.22222222,22.62,22.21,2099/5521,22.55,22.62,22.21,22.45,1.822222,1.3109004E7,33,300638,20260430
002935.SZ,天奥电子,22.78,22.33,1.01995565,23,22.2,2100/5521,22.33,23,22.2,22.78,3.547671,1.8953369E7,33,002935,20260430
688252.SH,天德钰,22.63,22.18,1.3434841,22.89,22.18,2101/5521,22.18,22.89,22.18,22.63,3.179579,5731740,17,688252,20260430
688292.SH,浩瀚深度,22.46,22.2,1.17117117,22.67,22.14,2102/5521,22.2,22.67,22.14,22.46,2.387387,2987804,17,688292,20260430
300880.SZ,迦南智能,22.35,22.51,-1.62852113,22.68,22.13,2103/5521,22.51,22.68,22.13,22.35,2.420774,6338057,33,300880,20260430
688298.SH,东方生物,22.33,22.15,0.67628494,22.35,22.13,2103/5521,22.15,22.35,22.13,22.33,0.991884,844336,17,688298,20260430
920403.BJ,康农种业,22.54,22.36,1.03092784,22.79,22.13,2103/5521,22.36,22.79,22.13,22.54,2.958314,1868584,151,920403,20260430
002265.SZ,建设工业,22.51,22.16,1.57942238,22.6,22.11,2106/5521,22.16,22.6,22.11,22.51,2.211191,7064472,33,002265,20260430
002830.SZ,名雕股份,22.27,22.28,1.08942351,22.38,22.09,2107/5521,22.28,22.38,22.09,22.27,1.316386,2809028,33,002830,20260430
603125.SH,常青科技,22.07,22.36,-2.60370697,23.3,22.07,2108/5521,22.36,23.3,22.07,22.07,5.428067,1.0805758E7,17,603125,20260430
688351.SH,微电生理,23.4,22.98,3.12913178,23.73,22.06,2109/5521,22.98,23.73,22.06,23.4,7.36007,1.2259326E7,17,688351,20260430
300864.SZ,南大环境,22.27,22.05,1.5041021,22.4,22.04,2110/5521,22.05,22.4,22.04,22.27,1.640838,2057400,33,300864,20260430
603048.SH,浙江黎明,23.41,22.05,6.02355072,23.58,22.04,2110/5521,22.05,23.58,22.04,23.41,6.974637,5711700,17,603048,20260430
603579.SH,荣泰健康,22.3,22.02,0.6772009,22.72,22.02,2112/5521,22.02,22.72,22.02,22.3,3.16027,7806393,17,603579,20260430
300130.SZ,新国都,22.12,22.22,-0.62893082,22.42,22,2113/5521,22.22,22.42,22,22.12,1.886792,6086757,33,300130,20260430
920876.BJ,慧为智能,22.22,22.26,-0.13483146,22.56,22,2113/5521,22.26,22.56,22,22.22,2.516853,799609,151,920876,20260430
301069.SZ,凯盛新材,22.1,22.22,-0.85240018,22.5,21.99,2115/5521,22.22,22.5,21.99,22.1,2.288021,6941501,33,301069,20260430
600346.SH,恒力石化,22.09,22.15,-0.58505851,22.5,21.99,2115/5521,22.15,22.5,21.99,22.09,2.295229,4.4149812E7,17,600346,20260430
301010.SZ,晶雪节能,22.12,21.98,1.14311843,22.39,21.95,2117/5521,21.98,22.39,21.95,22.12,2.011888,1788700,33,301010,20260430
920056.BJ,能之光,22.13,22,0.18107741,22.46,21.94,2118/5521,22,22.46,21.94,22.13,2.354006,745405,151,920056,20260430
300077.SZ,国民技术,23.05,22.32,4.01624549,23.4,21.9,2119/5521,22.32,23.4,21.9,23.05,6.768953,5.2294388E7,33,300077,20260430
600513.SH,联环药业,22.78,22.51,4.06578346,23.3,21.85,2120/5521,22.51,23.3,21.85,22.78,6.624029,3.4741236E7,17,600513,20260430
603080.SH,新疆火炬,21.94,22.03,0,22.17,21.85,2120/5521,22.03,22.17,21.85,21.94,1.458523,2063400,17,603080,20260430
603733.SH,仙鹤股份,22.03,22.55,-2.82311425,22.63,21.85,2120/5521,22.55,22.63,21.85,22.03,3.44067,4520200,17,603733,20260430
002552.SZ,宝鼎科技,22.07,22.4,-1.56110616,22.54,21.83,2123/5521,22.4,22.54,21.83,22.07,3.166815,1.01658E7,33,002552,20260430
688232.SH,新点软件,22.12,22.04,0.18115942,22.32,21.83,2123/5521,22.04,22.32,21.83,22.12,2.219202,2216315,17,688232,20260430
301238.SZ,瑞泰新材,22.29,21.83,0.08980692,22.8,21.82,2125/5521,21.83,22.8,21.82,22.29,4.400538,2.5310882E7,33,301238,20260430
600312.SH,平高电气,21.96,22,-0.49841414,22.3,21.82,2125/5521,22,22.3,21.82,21.96,2.174898,2.595121E7,17,600312,20260430
920706.BJ,铁拓机械,22.67,21.82,1.16019634,22.75,21.82,2125/5521,21.82,22.75,21.82,22.67,4.149933,1041552,151,920706,20260430
300351.SZ,永贵电器,22.7,22.19,1.97663971,22.88,21.81,2128/5521,22.19,22.88,21.81,22.7,4.806828,1.830661E7,33,300351,20260430
001278.SZ,一彬科技,22.0,22.58,-2.95544773,22.69,21.8,2129/5521,22.58,22.69,21.8,22.0,3.925893,3962794,33,001278,20260430
002553.SZ,南方精工,22.01,21.88,-7.40429112,22.52,21.8,2129/5521,21.88,22.52,21.8,22.01,3.029028,1.7130817E7,33,002553,20260430
003030.SZ,祖名股份,22.16,21.98,1.60476845,22.5,21.8,2129/5521,21.98,22.5,21.8,22.16,3.209536,2875200,33,003030,20260430
688133.SH,泰坦科技,22.45,22,-2.51845419,23.36,21.8,2129/5521,22,23.36,21.8,22.45,6.773773,7255751,17,688133,20260430
920821.BJ,则成电子,22.0,22.48,-0.99009901,22.48,21.8,2129/5521,22.48,22.48,21.8,22.0,3.060306,1590499,151,920821,20260430
002995.SZ,天地在线,22.4,21.8,2.61108566,22.56,21.79,2134/5521,21.8,22.56,21.79,22.4,3.527256,9171800,33,002995,20260430
001209.SZ,洪兴股份,22.02,21.96,1.00917431,22.55,21.76,2135/5521,21.96,22.55,21.76,22.02,3.623853,8108000,33,001209,20260430
920274.BJ,宏裕包材,21.83,22.46,-2.01974865,22.46,21.75,2136/5521,22.46,22.46,21.75,21.83,3.186714,1158385,151,920274,20260430
000951.SZ,中国重汽,21.85,23.35,-3.74449339,23.65,21.7,2137/5521,23.35,23.65,21.7,21.85,8.590308,3.1628672E7,33,000951,20260430
001379.SZ,腾达科技,21.97,21.8,1.66589542,22.07,21.7,2137/5521,21.8,22.07,21.7,21.97,1.71217,2363144,33,001379,20260430
300523.SZ,辰安科技,21.93,22.29,0.87396504,22.38,21.7,2137/5521,22.29,22.38,21.7,21.93,3.127874,4134350,33,300523,20260430
301601.SZ,惠通科技,21.95,22.13,-1.30395683,22.35,21.7,2137/5521,22.13,22.35,21.7,21.95,2.922661,1264614,33,301601,20260430
300717.SZ,华信新材,22.08,21.69,1.89201661,22.1,21.69,2141/5521,21.69,22.1,21.69,22.08,1.892016,2141000,33,300717,20260430
300399.SZ,天利科技,22.03,21.89,1.61439114,22.65,21.68,2142/5521,21.89,22.65,21.68,22.03,4.474169,6093190,33,300399,20260430
600410.SH,华胜天成,21.92,22.31,-2.62105731,22.75,21.68,2142/5521,22.31,22.75,21.68,21.92,4.753442,1.12613687E8,17,600410,20260430
600184.SH,光电股份,21.87,22.32,-2.92942743,22.47,21.66,2144/5521,22.32,22.47,21.66,21.87,3.595206,2.9277782E7,17,600184,20260430
001260.SZ,坤泰股份,21.84,21.92,-0.99728015,22.16,21.63,2145/5521,21.92,22.16,21.63,21.84,2.402538,1988700,33,001260,20260430
600602.SH,云赛智联,21.77,21.88,-0.36613272,22.1,21.62,2146/5521,21.88,22.1,21.62,21.77,2.196796,3.1769108E7,17,600602,20260430
603185.SH,弘元绿能,21.71,21.75,-1.27330605,22.19,21.62,2146/5521,21.75,22.19,21.62,21.71,2.592087,1.3412162E7,17,603185,20260430
920504.BJ,博迅生物,21.72,21.67,0.18450185,22.13,21.59,2148/5521,21.67,22.13,21.59,21.72,2.490774,340908,151,920504,20260430
002741.SZ,光华科技,21.7,21.76,-0.22988506,22.18,21.58,2149/5521,21.76,22.18,21.58,21.7,2.75862,2.495293E7,33,002741,20260430
300950.SZ,德固特,21.76,21.9,0.41532072,22.04,21.57,2150/5521,21.9,22.04,21.57,21.76,2.168897,2178332,33,300950,20260430
301356.SZ,天振股份,23.4,21.65,7.6852278,23.5,21.56,2151/5521,21.65,23.5,21.56,23.4,8.927749,5123544,33,301356,20260430
688303.SH,大全能源,22.25,22.21,-3.09233449,22.49,21.55,2152/5521,22.21,22.49,21.55,22.25,4.094076,2.4715421E7,17,688303,20260430
301565.SZ,中仑新材,22.21,21.83,1.83402109,22.58,21.53,2153/5521,21.83,22.58,21.53,22.21,4.814305,5966109,33,301565,20260430
603365.SH,水星家纺,22.37,21.64,2.99263352,22.79,21.53,2153/5521,21.64,22.79,21.53,22.37,5.801104,5449069,17,603365,20260430
002747.SZ,埃斯顿,21.87,21.51,5.14423077,22.09,21.51,2155/5521,21.51,22.09,21.51,21.87,2.788461,3.3103512E7,33,002747,20260430
000681.SZ,视觉中国,21.82,21.7,5.20732883,22.37,21.5,2156/5521,21.7,22.37,21.5,21.82,4.194792,8.2653133E7,33,000681,20260430
002389.SZ,航天彩虹,21.97,21.58,1.52495379,21.98,21.5,2156/5521,21.58,21.98,21.5,21.97,2.218114,2.1406063E7,33,002389,20260430
688573.SH,信宇人,21.91,22.57,-1.83691756,22.68,21.5,2156/5521,22.57,22.68,21.5,21.91,5.286738,5503764,17,688573,20260430
688811.SH,有研复材,24.08,21.48,12.05211726,24.8,21.46,2159/5521,21.48,24.8,21.46,24.08,15.542112,3.1538541E7,17,688811,20260430
688382.SH,益方生物,23.3,22.22,4.95495495,24.05,21.45,2160/5521,22.22,24.05,21.45,23.3,11.711711,1.8870233E7,17,688382,20260430
300828.SZ,锐新科技,21.62,22.17,-1.99456029,22.37,21.44,2161/5521,22.17,22.37,21.44,21.62,4.215775,5404765,33,300828,20260430
301268.SZ,铭利达,23.01,21.54,6.774942,23.42,21.43,2162/5521,21.54,23.42,21.43,23.01,9.234338,8589841,33,301268,20260430
300045.SZ,华力创通,22.36,21.41,3.9516504,22.5,21.41,2163/5521,21.41,22.5,21.41,22.36,5.06741,2.1827448E7,33,300045,20260430
300093.SZ,*ST金刚,22.08,21.6,2.79329609,22.57,21.41,2163/5521,21.6,22.57,21.41,22.08,5.400372,4091759,33,300093,20260430
600690.SH,海尔智家,21.53,21.5,-0.50831793,21.81,21.4,2165/5521,21.5,21.81,21.4,21.53,1.894639,5.06243E7,17,600690,20260430
603110.SH,东方材料,22.13,21.4,2.40629338,22.65,21.4,2165/5521,21.4,22.65,21.4,22.13,5.784359,2.7579156E7,17,603110,20260430
920066.BJ,科拜尔,21.77,21.35,1.77653109,21.85,21.35,2167/5521,21.35,21.85,21.35,21.77,2.33754,333000,151,920066,20260430
001872.SZ,招商港口,22.15,21.7,1.79227941,22.31,21.34,2168/5521,21.7,22.31,21.34,22.15,4.45772,5839355,33,001872,20260430
002555.SZ,三七互娱,21.43,21.87,-2.5022748,21.87,21.34,2168/5521,21.87,21.87,21.34,21.43,2.411282,4.5559122E7,33,002555,20260430
002967.SZ,广电计量,21.37,21.51,-0.65086007,21.62,21.31,2170/5521,21.51,21.62,21.31,21.37,1.44119,6653154,33,002967,20260430
688517.SH,金冠电气,21.69,22.18,-3.16964286,23.18,21.3,2171/5521,22.18,23.18,21.3,21.69,8.392857,6226614,17,688517,20260430
300445.SZ,康斯特,21.88,21.4,2.24299065,21.94,21.29,2172/5521,21.4,21.94,21.29,21.88,3.037383,4323160,33,300445,20260430
600233.SH,圆通速递,21.5,21.75,-2.00546946,21.94,21.29,2172/5521,21.75,21.94,21.29,21.5,2.962625,2.2852412E7,17,600233,20260430
001269.SZ,欧晶科技,21.56,21.3,0.74766355,21.59,21.23,2174/5521,21.3,21.59,21.23,21.56,1.682242,1597157,33,001269,20260430
603706.SH,东方环宇,21.63,21.34,1.35895033,21.75,21.23,2174/5521,21.34,21.75,21.23,21.63,2.436738,2259100,17,603706,20260430
001390.SZ,古麒绒材,21.33,21.22,-0.14044944,21.51,21.22,2176/5521,21.22,21.51,21.22,21.33,1.357677,805510,33,001390,20260430
301091.SZ,深城交,21.25,21.42,-0.79365079,21.46,21.22,2176/5521,21.42,21.46,21.22,21.25,1.120448,3590701,33,301091,20260430
603580.SH,*ST艾艾,21.21,21.21,5,21.21,21.21,2178/5521,21.21,21.21,21.21,21.21,0,262008,22,603580,20260430
002857.SZ,三晖电气,22.0,21.42,2.23048327,22.74,21.2,2179/5521,21.42,22.74,21.2,22.0,7.156133,5861720,33,002857,20260430
688793.SH,倍轻松,22.0,21.2,3.72465818,22,21.2,2179/5521,21.2,22,21.2,22.0,3.771805,1981379,17,688793,20260430
300658.SZ,延江股份,21.73,21.78,-0.22956841,22.08,21.18,2181/5521,21.78,22.08,21.18,21.73,4.132231,1.3928451E7,33,300658,20260430
000776.SZ,广发证券,21.23,21.25,-0.23496241,21.73,21.13,2182/5521,21.25,21.73,21.13,21.23,2.819548,6.9175153E7,33,000776,20260430
300815.SZ,玉禾田,21.39,21.14,0.37541061,21.44,21.13,2182/5521,21.14,21.44,21.13,21.39,1.454716,4311746,33,300815,20260430
600729.SH,重庆百货,21.35,21.88,-1.97428834,21.88,21.13,2182/5521,21.88,21.88,21.13,21.35,3.443526,3362957,17,600729,20260430
001360.SZ,南矿集团,21.5,21.24,0.93896714,21.7,21.12,2185/5521,21.24,21.7,21.12,21.5,2.723004,1998100,33,001360,20260430
301199.SZ,迈赫股份,21.53,21.11,1.55660377,21.85,21.11,2186/5521,21.11,21.85,21.11,21.53,3.490566,2476640,33,301199,20260430
920118.BJ,太湖远大,21.39,21.11,5.2139695,21.96,21.1,2187/5521,21.11,21.96,21.1,21.39,4.230201,1522080,151,920118,20260430
688015.SH,交控科技,21.66,21.12,2.55681818,22.01,21.09,2188/5521,21.12,22.01,21.09,21.66,4.35606,3106099,17,688015,20260430
688101.SH,三达膜,21.92,21.95,-0.0911577,22.5,21.09,2188/5521,21.95,22.5,21.09,21.92,6.426618,1.2827185E7,17,688101,20260430
002869.SZ,金溢科技,21.09,21.39,-0.93940817,21.4,21.06,2190/5521,21.39,21.4,21.06,21.09,1.596993,1952800,33,002869,20260430
603172.SH,万丰股份,21.58,21.45,0.37209302,21.88,21.06,2190/5521,21.45,21.88,21.06,21.58,3.813953,2183484,17,603172,20260430
002829.SZ,星网宇达,21.89,21.14,3.54777673,21.97,21.04,2192/5521,21.14,21.97,21.04,21.89,4.399243,5322960,33,002829,20260430
603568.SH,伟明环保,21.47,21.26,1.22583687,21.52,21.03,2193/5521,21.26,21.52,21.03,21.47,2.310231,5739074,17,603568,20260430
301429.SZ,森泰股份,21.43,21.03,1.51586926,21.56,21.02,2194/5521,21.03,21.56,21.02,21.43,2.558029,1434200,33,301429,20260430
688511.SH,天微电子,21.17,21.8,-7.47377622,22.12,21.02,2194/5521,21.8,22.12,21.02,21.17,4.807692,5952881,17,688511,20260430
920634.BJ,新威凌,21.02,21.61,-3.66636114,21.69,21.02,2194/5521,21.61,21.69,21.02,21.02,3.070577,1242816,151,920634,20260430
600585.SH,海螺水泥,21.13,21.25,-0.61147695,21.32,21.01,2197/5521,21.25,21.32,21.01,21.13,1.458137,3.1661467E7,17,600585,20260430
920273.BJ,一致魔芋,21.23,21.62,-2.12079299,22.42,21.01,2197/5521,21.62,22.42,21.01,21.23,6.500691,1839599,151,920273,20260430
001210.SZ,金房能源,21.35,21.17,0.56523787,21.45,21,2199/5521,21.17,21.45,21,21.35,2.119642,2640030,33,001210,20260430
300702.SZ,天宇股份,21.09,21.38,-1.03237916,21.47,21,2199/5521,21.38,21.47,21,21.09,2.205537,2214803,33,300702,20260430
300873.SZ,海晨股份,21.07,21.25,-0.66006601,21.33,21,2199/5521,21.25,21.33,21,21.07,1.555869,1775180,33,300873,20260430
600265.SH,*ST景谷,22.02,21.49,-0.13605442,22.68,21,2199/5521,21.49,22.68,21,22.02,7.619047,2626664,22,600265,20260430
600801.SH,华新建材,21.51,22.62,-4.52729694,22.62,21,2199/5521,22.62,22.62,21,21.51,7.190412,2.3505922E7,17,600801,20260430
300578.SZ,会畅科技,21.6,21.18,1.69491525,21.81,20.98,2204/5521,21.18,21.81,20.98,21.6,3.907721,6174392,33,300578,20260430
688246.SH,嘉和美康,21.0,21.35,-0.09514748,21.59,20.98,2204/5521,21.35,21.59,20.98,21.0,2.901998,3643194,17,688246,20260430
000969.SZ,安泰科技,21.37,21.03,1.08798486,21.4,20.95,2206/5521,21.03,21.4,20.95,21.37,2.128666,2.0058396E7,33,000969,20260430
605151.SH,西上海,21.76,21.23,3.96559962,21.97,20.95,2206/5521,21.23,21.97,20.95,21.76,4.873387,4252300,17,605151,20260430
300035.SZ,中科电气,21.0,22.1,-6.20812863,22.23,20.93,2208/5521,22.1,22.23,20.93,21.0,5.806163,7.4167304E7,33,300035,20260430
603976.SH,正川股份,21.15,21.11,-0.09447331,21.37,20.92,2209/5521,21.11,21.37,20.92,21.15,2.125649,1905621,17,603976,20260430
300363.SZ,博腾股份,21.21,21.15,-0.32894737,21.66,20.9,2210/5521,21.15,21.66,20.9,21.21,3.571428,1.4078547E7,33,300363,20260430
600026.SH,中远海能,21.59,21.33,-0.6899724,21.75,20.9,2210/5521,21.33,21.75,20.9,21.59,3.909843,5.4784392E7,17,600026,20260430
600962.SH,国投中鲁,21.75,21.3,0.97493036,21.97,20.89,2212/5521,21.3,21.97,20.89,21.75,5.013927,5515300,17,600962,20260430
300735.SZ,光弘科技,20.81,21.05,-1.04612458,21.22,20.81,2213/5521,21.05,21.22,20.81,20.81,1.949595,1.1048553E7,33,300735,20260430
688108.SH,赛诺医疗,21.44,20.88,2.0952381,21.6,20.81,2213/5521,20.88,21.6,20.81,21.44,3.761904,1.3106053E7,17,688108,20260430
688334.SH,西高院,20.88,21.04,-0.57142857,21.09,20.81,2213/5521,21.04,21.09,20.81,20.88,1.333333,2009104,17,688334,20260430
603716.SH,塞力医疗,21.26,20.93,0.94966762,21.55,20.8,2216/5521,20.93,21.55,20.8,21.26,3.561253,6998415,17,603716,20260430
920076.BJ,国亮新材,21.3,21,1.47689376,21.6,20.8,2216/5521,21,21.6,20.8,21.3,3.811338,1276146,151,920076,20260430
002119.SZ,康强电子,21.01,20.95,1.00961538,21.17,20.77,2218/5521,20.95,21.17,20.77,21.01,1.923076,1.9269237E7,33,002119,20260430
300428.SZ,立中集团,21.34,20.84,1.52235966,21.54,20.77,2218/5521,20.84,21.54,20.77,21.34,3.663177,1.27486E7,33,300428,20260430
605580.SH,恒盛能源,21.47,20.77,0.79812207,21.5,20.77,2218/5521,20.77,21.5,20.77,21.47,3.42723,2963300,17,605580,20260430
600872.SH,中炬高新,20.78,21.15,-2.62417994,21.49,20.75,2221/5521,21.15,21.49,20.75,20.78,3.467666,2.5527206E7,17,600872,20260430
300960.SZ,通业科技,20.99,20.92,0.96200096,21.03,20.72,2222/5521,20.92,21.03,20.72,20.99,1.491101,1416238,33,300960,20260430
600007.SH,中国国贸,21.0,21.57,-2.77777778,21.59,20.71,2223/5521,21.57,21.59,20.71,21.0,4.074074,3390223,17,600007,20260430
300711.SZ,广哈通信,20.87,21.15,-0.9492169,21.15,20.7,2224/5521,21.15,21.15,20.7,20.87,2.135738,7617369,33,300711,20260430
301399.SZ,英特科技,21.0,21.5,-2.3255814,21.63,20.7,2224/5521,21.5,21.63,20.7,21.0,4.325581,4547329,33,301399,20260430
605177.SH,东亚药业,20.92,21.05,-0.80606923,21.34,20.7,2224/5521,21.05,21.34,20.7,20.92,3.034613,2888280,17,605177,20260430
600783.SH,鲁信创投,21.73,20.69,4.72289157,22.2,20.69,2227/5521,20.69,22.2,20.69,21.73,7.277108,3.8181289E7,17,600783,20260430
603004.SH,鼎龙科技,20.73,20.85,-1.19161106,21,20.68,2228/5521,20.85,21,20.68,20.73,1.525262,1411800,17,603004,20260430
003029.SZ,吉大正元,21.01,20.78,0.91258405,21.08,20.67,2229/5521,20.78,21.08,20.67,21.01,1.96926,1866855,33,003029,20260430
688221.SH,前沿生物,20.93,21.06,-0.8056872,21.84,20.67,2229/5521,21.06,21.84,20.67,20.93,5.545023,2.7503892E7,17,688221,20260430
002623.SZ,亚玛顿,21.19,20.83,1.77713737,21.36,20.66,2231/5521,20.83,21.36,20.66,21.19,3.362151,4742741,33,002623,20260430
603093.SH,南华期货,20.95,20.86,1.15886045,21.09,20.65,2232/5521,20.86,21.09,20.65,20.95,2.124577,7315600,17,603093,20260430
301381.SZ,赛维时代,20.72,20.88,-0.67114094,21.29,20.63,2233/5521,20.88,21.29,20.63,20.72,3.16395,4030779,33,301381,20260430
920075.BJ,柏星龙,21.66,21.02,4.08457472,21.86,20.63,2233/5521,21.02,21.86,20.63,21.66,5.910619,1166919,151,920075,20260430
002245.SZ,蔚蓝锂芯,20.66,21.13,-2.91353383,21.18,20.61,2235/5521,21.13,21.18,20.61,20.66,2.678571,4.791497E7,33,002245,20260430
000973.SZ,佛塑科技,20.99,22.1,-1.40911226,22.25,20.6,2236/5521,22.1,22.25,20.6,20.99,7.750117,1.06980582E8,33,000973,20260430
600714.SH,金瑞矿业,22.1,20.95,10.0049776,22.1,20.6,2236/5521,20.95,22.1,20.6,22.1,7.466401,4.7441201E7,17,600714,20260430
688038.SH,中科通达,20.96,21.5,-2.51162791,21.63,20.56,2238/5521,21.5,21.63,20.56,20.96,4.976744,3940672,17,688038,20260430
301153.SZ,中科江南,20.64,20.57,-0.48216008,20.79,20.54,2239/5521,20.57,20.79,20.54,20.64,1.2054,4878923,33,301153,20260430
603112.SH,华翔股份,20.75,20.7,-0.52732502,21.09,20.51,2240/5521,20.7,21.09,20.51,20.75,2.780441,8550686,17,603112,20260430
603926.SH,铁流股份,21.75,20.51,6.0458313,22.39,20.51,2240/5521,20.51,22.39,20.51,21.75,9.16626,1.3904187E7,17,603926,20260430
688371.SH,菲沃泰,24.72,20.82,11.85520362,24.99,20.51,2240/5521,20.82,24.99,20.51,24.72,20.271493,1.6846471E7,17,688371,20260430
688455.SH,科捷智能,21.0,20.78,1.10736639,21.12,20.51,2240/5521,20.78,21.12,20.51,21.0,2.936928,4244544,17,688455,20260430
300867.SZ,圣元环保,20.57,21.08,-2.88007554,21.15,20.5,2244/5521,21.08,21.15,20.5,20.57,3.068932,9374299,33,300867,20260430
605011.SH,杭州热电,20.74,20.55,0.24166264,20.82,20.5,2244/5521,20.55,20.82,20.5,20.74,1.54664,4047617,17,605011,20260430
603360.SH,百傲化学,22.66,20.63,10,22.66,20.49,2246/5521,20.63,22.66,20.49,22.66,10.53398,4.2958614E7,17,603360,20260430
301408.SZ,华人健康,21.37,20.71,1.8103859,21.59,20.46,2247/5521,20.71,21.59,20.46,21.37,5.383515,3.8300721E7,33,301408,20260430
603103.SH,横店影视,20.66,20.45,1.07632094,20.83,20.45,2248/5521,20.45,20.83,20.45,20.66,1.859099,6057669,17,603103,20260430
603598.SH,引力传媒,20.8,20.73,2.11094747,20.92,20.45,2248/5521,20.73,20.92,20.45,20.8,2.307314,1.04945E7,17,603598,20260430
688177.SH,百奥泰,20.6,20.67,-0.43499275,21.01,20.45,2248/5521,20.67,21.01,20.45,20.6,2.706621,2757228,17,688177,20260430
603131.SH,上海沪工,22.52,20.45,10.01465559,22.52,20.43,2251/5521,20.45,22.52,20.43,22.52,10.210063,1.4831435E7,17,603131,20260430
300199.SZ,翰宇药业,20.74,21.08,-1.14394662,21.24,20.4,2252/5521,21.08,21.24,20.4,20.74,4.003813,4.825073E7,33,300199,20260430
301632.SZ,广东建科,20.69,20.51,1.07474353,21.13,20.4,2252/5521,20.51,21.13,20.4,20.69,3.566194,2317446,33,301632,20260430
001282.SZ,三联锻造,20.88,20.39,2.40313879,21.18,20.37,2254/5521,20.39,21.18,20.37,20.88,3.972535,3959576,33,001282,20260430
920346.BJ,威贸电子,20.49,20.62,0.63850688,20.87,20.37,2254/5521,20.62,20.87,20.37,20.49,2.455795,631701,151,920346,20260430
603050.SH,科林电气,21.7,20.91,7.69230769,21.98,20.34,2256/5521,20.91,21.98,20.34,21.7,8.138957,1.2953886E7,17,603050,20260430
001324.SZ,长青科技,20.68,20.61,0.43710539,20.89,20.33,2257/5521,20.61,20.89,20.33,20.68,2.719766,3182900,33,001324,20260430
603073.SH,彩蝶实业,21.0,20.57,1.69491525,21.09,20.33,2257/5521,20.57,21.09,20.33,21.0,3.680387,2619435,17,603073,20260430
002189.SZ,中光学,21.1,20.49,2.87664554,21.14,20.32,2259/5521,20.49,21.14,20.32,21.1,3.998049,3433103,33,002189,20260430
601089.SH,福元医药,20.59,20.48,0.48804295,20.63,20.32,2259/5521,20.48,20.63,20.32,20.59,1.512933,2141000,17,601089,20260430
300977.SZ,深圳瑞捷,21.12,20.38,3.73280943,21.58,20.3,2261/5521,20.38,21.58,20.3,21.12,6.286836,3512182,33,300977,20260430
002833.SZ,弘亚数控,20.41,20.38,-0.24437928,20.66,20.29,2262/5521,20.38,20.66,20.29,20.41,1.808406,8274899,33,002833,20260430
000029.SZ,深深房A,21.26,20.81,1.4797136,21.35,20.25,2263/5521,20.81,21.35,20.25,21.26,5.250596,8575227,33,000029,20260430
600882.SH,妙可蓝多,20.68,20.33,1.57170923,20.83,20.24,2264/5521,20.33,20.83,20.24,20.68,2.897838,5840385,17,600882,20260430
603515.SH,欧普照明,20.26,20.6,-1.07421875,20.62,20.22,2265/5521,20.6,20.62,20.22,20.26,1.953125,2000230,17,603515,20260430
605378.SH,野马电池,20.3,20.58,-1.4084507,20.58,20.22,2265/5521,20.58,20.58,20.22,20.3,1.748421,1890976,17,605378,20260430
002039.SZ,黔源电力,20.28,20.52,-1.40982013,20.68,20.21,2267/5521,20.52,20.68,20.21,20.28,2.28488,9397249,33,002039,20260430
300840.SZ,酷特智能,21.3,20.54,4.87444609,21.5,20.2,2268/5521,20.54,21.5,20.2,21.3,6.400787,1.6697456E7,33,300840,20260430
300059.SZ,东方财富,20.36,20.25,0.49358342,20.95,20.19,2269/5521,20.25,20.95,20.19,20.36,3.751233,3.62636973E8,33,300059,20260430
600803.SH,新奥股份,20.26,20.87,-5.28284245,20.88,20.18,2270/5521,20.87,20.88,20.18,20.26,3.272557,2.6448657E7,17,600803,20260430
000738.SZ,航发控制,20.73,20.3,2.1182266,20.91,20.16,2271/5521,20.3,20.91,20.16,20.73,3.694581,1.9100908E7,33,000738,20260430
002767.SZ,先锋电子,20.72,20.37,1.66830226,20.72,20.15,2272/5521,20.37,20.72,20.15,20.72,2.796859,2189450,33,002767,20260430
603011.SH,合锻智能,20.58,20.22,1.52935372,20.63,20.15,2272/5521,20.22,20.63,20.15,20.58,2.368031,1.1672011E7,17,603011,20260430
300685.SZ,艾德生物,20.21,20.49,-1.46270112,20.6,20.14,2274/5521,20.49,20.6,20.14,20.21,2.242808,7464607,33,300685,20260430
920627.BJ,力王股份,20.31,20.88,-3.74407583,20.88,20.14,2274/5521,20.88,20.88,20.14,20.31,3.507109,2858179,151,920627,20260430
300577.SZ,开润股份,21.2,20.3,3.11284047,21.34,20.13,2276/5521,20.3,21.34,20.13,21.2,5.885214,6614300,33,300577,20260430
688426.SH,康为世纪,20.84,20.36,2.15686275,20.97,20.12,2277/5521,20.36,20.97,20.12,20.84,4.166666,1132749,17,688426,20260430
000985.SZ,大庆华科,20.23,20.48,-0.29571217,20.55,20.1,2278/5521,20.48,20.55,20.1,20.23,2.217841,1331000,33,000985,20260430
001308.SZ,康冠科技,20.34,20.15,1.54767848,20.58,20.09,2279/5521,20.15,20.58,20.09,20.34,2.44633,2268147,33,001308,20260430
600315.SH,上海家化,20.17,20.43,-1.6097561,20.48,20.08,2280/5521,20.43,20.48,20.08,20.17,1.951219,6926750,17,600315,20260430
920924.BJ,广脉科技,20.44,20.49,1.03806228,20.5,20.08,2280/5521,20.49,20.5,20.08,20.44,2.076124,1381810,151,920924,20260430
688046.SH,药康生物,20.6,20.83,-0.29041626,20.83,20.07,2282/5521,20.83,20.83,20.07,20.6,3.678606,7258411,17,688046,20260430
301156.SZ,美农生物,20.47,20.28,1.99302441,20.71,20.06,2283/5521,20.28,20.71,20.06,20.47,3.238664,2756592,33,301156,20260430
603888.SH,新华网,20.09,20.3,-1.32612967,20.42,20.06,2283/5521,20.3,20.42,20.06,20.09,1.768172,8103985,17,603888,20260430
300817.SZ,双飞集团,20.18,20.18,-0.04952947,20.35,20.05,2285/5521,20.18,20.35,20.05,20.18,1.485884,2129639,33,300817,20260430
603615.SH,茶花股份,20.55,20.3,0.04868549,20.7,20.05,2285/5521,20.3,20.7,20.05,20.55,3.164556,4442700,17,603615,20260430
001382.SZ,新亚电缆,20.06,20.3,-0.79129575,20.3,20.03,2287/5521,20.3,20.3,20.03,20.06,1.335311,2660586,33,001382,20260430
688569.SH,铁科轨道,20.24,20.29,0.64644455,20.4,20.03,2287/5521,20.29,20.4,20.03,20.24,1.83988,1118574,17,688569,20260430
002112.SZ,三变科技,20.14,20.38,-1.17762512,20.46,20.01,2289/5521,20.38,20.46,20.01,20.14,2.208047,1.3044938E7,33,002112,20260430
920344.BJ,三元基因,20.38,20.01,1.29224652,20.8,20.01,2289/5521,20.01,20.8,20.01,20.38,3.926441,1034527,151,920344,20260430
002657.SZ,中科金财,20.75,20.1,2.87555776,21.08,20,2291/5521,20.1,21.08,20,20.75,5.354486,1.2565889E7,33,002657,20260430
002778.SZ,中晟高科,20.25,20.31,-0.04935834,20.56,20,2291/5521,20.31,20.56,20,20.25,2.764067,3190440,33,002778,20260430
603499.SH,翔港科技,20.81,20,1.66096727,20.99,20,2291/5521,20,20.99,20,20.81,4.836345,5348920,17,603499,20260430
688584.SH,上海合晶,20.71,20.05,1.56939676,20.97,20,2291/5521,20.05,20.97,20,20.71,4.757233,6321481,17,688584,20260430
002605.SZ,姚记科技,20.49,20.1,5.07692308,20.93,19.99,2295/5521,20.1,20.93,19.99,20.49,4.820512,1.4325175E7,33,002605,20260430
002832.SZ,比音勒芬,20.24,20.06,2.89781393,20.64,19.98,2296/5521,20.06,20.64,19.98,20.24,3.355363,3.8794347E7,33,002832,20260430
600031.SH,三一重工,20.35,20.07,-0.73170732,20.78,19.98,2296/5521,20.07,20.78,19.98,20.35,3.902439,1.22216399E8,17,600031,20260430
601567.SH,三星电气,20.06,20.65,-3.27868852,20.72,19.98,2296/5521,20.65,20.72,19.98,20.06,3.567984,2.7378895E7,17,601567,20260430
301187.SZ,欧圣电气,20.37,20.06,1.54536391,20.79,19.96,2299/5521,20.06,20.79,19.96,20.37,4.137587,1845165,33,301187,20260430
920171.BJ,志晟信息,20.45,19.98,2.35235235,21.7,19.95,2300/5521,19.98,21.7,19.95,20.45,8.758758,4748475,151,920171,20260430
301115.SZ,联检科技,21.07,20.19,4.20375865,21.37,19.93,2301/5521,20.19,21.37,19.93,21.07,7.121661,5960831,33,301115,20260430
600459.SH,贵研铂业,20.09,20.2,-2.04778157,20.53,19.93,2301/5521,20.2,20.53,19.93,20.09,2.925402,1.6408749E7,17,600459,20260430
002942.SZ,新农股份,20.14,19.98,0.64967516,20.5,19.92,2303/5521,19.98,20.5,19.92,20.14,2.89855,2880930,33,002942,20260430
002361.SZ,神剑股份,20.55,20.41,2.49376559,20.82,19.91,2304/5521,20.41,20.82,19.91,20.55,4.538653,2.25712108E8,33,002361,20260430
603922.SH,ST金鸿顺,19.91,19.91,-5.00954198,19.91,19.91,2304/5521,19.91,19.91,19.91,19.91,0,255200,22,603922,20260430
603121.SH,华培动力,20.09,20.2,-0.14910537,20.33,19.9,2306/5521,20.2,20.33,19.9,20.09,2.137176,4493674,17,603121,20260430
920168.BJ,通宝光电,20.52,20.02,-3.79746835,20.58,19.9,2306/5521,20.02,20.58,19.9,20.52,3.187998,2941351,151,920168,20260430
600862.SH,中航高科,20.0,19.97,0.1001001,20.27,19.89,2308/5521,19.97,20.27,19.89,20.0,1.901901,1.9442755E7,17,600862,20260430
300975.SZ,商络电子,20.46,20.17,2.3,21.02,19.88,2309/5521,20.17,21.02,19.88,20.46,5.7,5.2188635E7,33,300975,20260430
600629.SH,华建集团,20.4,20,1.8981019,20.59,19.88,2309/5521,20,20.59,19.88,20.4,3.546453,2.6627563E7,17,600629,20260430
601112.SH,振石股份,20.1,20.25,-1.61527166,20.31,19.88,2309/5521,20.25,20.31,19.88,20.1,2.104747,1.2190468E7,17,601112,20260430
601633.SH,长城汽车,19.89,19.95,-0.30075188,20,19.87,2312/5521,19.95,20,19.87,19.89,0.651629,1.0431437E7,17,601633,20260430
603013.SH,亚普股份,20.41,20.6,1.89715427,20.94,19.87,2312/5521,20.6,20.94,19.87,20.41,5.341987,1.9041213E7,17,603013,20260430
300490.SZ,华自科技,19.9,19.97,-0.3006012,21.1,19.85,2314/5521,19.97,21.1,19.85,19.9,6.262525,2.8442493E7,33,300490,20260430
603266.SH,天龙股份,20.23,19.99,2.63825469,20.45,19.85,2314/5521,19.99,20.45,19.85,20.23,3.04414,2976917,17,603266,20260430
000997.SZ,新大陆,19.89,19.99,-0.84745763,20.15,19.84,2316/5521,19.99,20.15,19.84,19.89,1.545363,1.0863664E7,33,000997,20260430
605259.SH,绿田机械,19.95,20.45,-5,20.45,19.84,2316/5521,20.45,20.45,19.84,19.95,2.904761,4177600,17,605259,20260430
300733.SZ,西菱动力,20.0,21.67,-0.49751244,21.67,19.81,2318/5521,21.67,21.67,19.81,20.0,9.253731,2.7460304E7,33,300733,20260430
300802.SZ,矩子科技,20.09,20.02,0.45,20.25,19.8,2319/5521,20.02,20.25,19.8,20.09,2.25,5883044,33,300802,20260430
603656.SH,泰禾智能,19.96,19.84,0.15052684,20.05,19.78,2320/5521,19.84,20.05,19.78,19.96,1.354741,2091300,17,603656,20260430
301103.SZ,何氏眼科,19.85,19.8,0.20191822,20.09,19.77,2321/5521,19.8,20.09,19.77,19.85,1.615345,1994620,33,301103,20260430
603611.SH,诺力股份,19.98,19.96,-0.74515648,20.13,19.77,2321/5521,19.96,20.13,19.77,19.98,1.788375,4456016,17,603611,20260430
688687.SH,凯因科技,19.76,19.97,-1.54459392,20.28,19.76,2323/5521,19.97,20.28,19.76,19.76,2.590931,3048158,17,688687,20260430
002395.SZ,双象股份,20.17,19.79,2.4898374,20.78,19.75,2324/5521,19.79,20.78,19.75,20.17,5.233739,1.7289381E7,33,002395,20260430
603776.SH,永安行,19.83,19.87,-0.1510574,20.08,19.74,2325/5521,19.87,20.08,19.74,19.83,1.711983,2723901,17,603776,20260430
688105.SH,诺唯赞,19.95,19.74,0.25125628,20.25,19.73,2326/5521,19.74,20.25,19.73,19.95,2.613065,1985579,17,688105,20260430
002664.SZ,信质集团,20.12,19.75,1.41129032,20.32,19.72,2327/5521,19.75,20.32,19.72,20.12,3.024193,5808475,33,002664,20260430
002549.SZ,凯美特气,19.81,20.41,-2.60570305,20.8,19.71,2328/5521,20.41,20.8,19.71,19.81,5.358898,5.1294818E7,33,002549,20260430
300948.SZ,冠中生态,20.8,20,4.78589421,21.06,19.71,2328/5521,20,21.06,19.71,20.8,6.801007,6712984,33,300948,20260430
301223.SZ,中荣股份,20.05,19.71,1.26262626,20.23,19.71,2328/5521,19.71,20.23,19.71,20.05,2.626262,1925500,33,301223,20260430
920237.BJ,力佳科技,19.72,20.16,-2.37623762,20.24,19.71,2328/5521,20.16,20.24,19.71,19.72,2.623762,1375496,151,920237,20260430
301011.SZ,华立科技,19.91,19.94,0.45408678,20.28,19.7,2332/5521,19.94,20.28,19.7,19.91,2.926337,1744939,33,301011,20260430
301516.SZ,中远通,20.56,19.7,3.47257172,20.98,19.7,2332/5521,19.7,20.98,19.7,20.56,6.441872,1.251553E7,33,301516,20260430
603311.SH,金海高科,19.75,20,-1.59441953,20.65,19.7,2332/5521,20,20.65,19.7,19.75,4.733432,9161600,17,603311,20260430
605266.SH,健之佳,20.06,19.85,1.10887097,20.22,19.7,2332/5521,19.85,20.22,19.7,20.06,2.620967,2775922,17,605266,20260430
688681.SH,科汇股份,20.37,20,1.85,20.43,19.7,2332/5521,20,20.43,19.7,20.37,3.65,3265713,17,688681,20260430
300721.SZ,怡达股份,20.0,22.17,-9.04956799,22.4,19.68,2337/5521,22.17,22.4,19.68,20.0,12.369258,3.663407E7,33,300721,20260430
601882.SH,海天精工,20.08,19.63,1.82555781,20.29,19.63,2338/5521,19.63,20.29,19.63,20.08,3.346855,5667282,17,601882,20260430
605186.SH,健麾信息,19.95,19.95,0,20.17,19.63,2338/5521,19.95,20.17,19.63,19.95,2.706766,2351800,17,605186,20260430
300170.SZ,汉得信息,19.82,19.95,-0.999001,20.15,19.62,2340/5521,19.95,20.15,19.62,19.82,2.647352,3.5691268E7,33,300170,20260430
688151.SH,华强科技,19.83,19.64,0.8646999,19.87,19.6,2341/5521,19.64,19.87,19.6,19.83,1.373346,2013997,17,688151,20260430
000777.SZ,中核科技,19.86,19.7,0.60790274,19.87,19.58,2342/5521,19.7,19.87,19.58,19.86,1.469098,6695594,33,000777,20260430
300546.SZ,雄帝科技,19.74,19.68,0.152207,19.83,19.58,2342/5521,19.68,19.83,19.58,19.74,1.268391,1979760,33,300546,20260430
603029.SH,天鹅股份,19.95,19.75,1.68195719,20,19.58,2342/5521,19.75,20,19.58,19.95,2.140672,3215930,17,603029,20260430
300556.SZ,丝路视觉,20.07,19.56,2.60736196,20.2,19.56,2345/5521,19.56,20.2,19.56,20.07,3.271983,6746600,33,300556,20260430
300940.SZ,南极光,19.77,20.1,-2.70669291,20.3,19.54,2346/5521,20.1,20.3,19.54,19.77,3.740157,7440382,33,300940,20260430
300997.SZ,欢乐家,19.72,19.76,-0.20242915,20.35,19.53,2347/5521,19.76,20.35,19.53,19.72,4.149797,8026516,33,300997,20260430
301656.SZ,联合动力,19.57,19.66,-0.91139241,19.84,19.53,2347/5521,19.66,19.84,19.53,19.57,1.56962,6926823,33,301656,20260430
688186.SH,广大特材,19.72,20.43,-3.52250489,20.5,19.53,2347/5521,20.43,20.5,19.53,19.72,4.745596,9985707,17,688186,20260430
688613.SH,奥精医疗,20.6,19.72,4.30379747,20.73,19.53,2347/5521,19.72,20.73,19.53,20.6,6.075949,4695872,17,688613,20260430
301120.SZ,新特电气,19.63,19.98,-1.85,20.15,19.52,2351/5521,19.98,20.15,19.52,19.63,3.15,9378279,33,301120,20260430
600671.SH,天目药业,19.91,19.67,1.37474542,20,19.52,2351/5521,19.67,20,19.52,19.91,2.443991,2019200,17,600671,20260430
300743.SZ,天地数码,19.65,19.55,0.66598361,20.43,19.51,2353/5521,19.55,20.43,19.51,19.65,4.713114,2925953,33,300743,20260430
688126.SH,沪硅产业,20.61,19.51,2.53731343,20.8,19.51,2353/5521,19.51,20.8,19.51,20.61,6.41791,7.3916935E7,17,688126,20260430
300250.SZ,初灵信息,19.65,19.56,0,19.95,19.5,2355/5521,19.56,19.95,19.5,19.65,2.290076,7180319,33,300250,20260430
300831.SZ,派瑞股份,20.22,19.5,3.74551052,20.51,19.5,2355/5521,19.5,20.51,19.5,20.22,5.182144,2.73119E7,33,300831,20260430
603989.SH,艾华集团,19.86,19.65,0.81218274,20.43,19.5,2355/5521,19.65,20.43,19.5,19.86,4.720812,8177637,17,603989,20260430
300535.SZ,达威股份,19.79,19.49,1.5392509,19.9,19.49,2358/5521,19.49,19.9,19.49,19.79,2.103642,3029054,33,300535,20260430
920476.BJ,海能技术,19.66,19.75,0.25497195,19.95,19.49,2358/5521,19.75,19.95,19.49,19.66,2.345741,695230,151,920476,20260430
002946.SZ,新乳业,19.91,19.7,1.11731844,20.07,19.46,2360/5521,19.7,20.07,19.46,19.91,3.098019,9101308,33,002946,20260430
920006.BJ,晟楠科技,19.57,19.45,0.20481311,19.75,19.45,2361/5521,19.45,19.75,19.45,19.57,1.536098,780319,151,920006,20260430
688758.SH,赛分科技,19.47,19.75,-2.30807827,19.93,19.42,2362/5521,19.75,19.93,19.42,19.47,2.558956,2889008,17,688758,20260430
002803.SZ,吉宏股份,19.92,19.55,1.68453292,20,19.41,2363/5521,19.55,20,19.41,19.92,3.01174,1.3885545E7,33,002803,20260430
301111.SZ,粤万年青,19.9,19.8,1.32382892,20.05,19.41,2363/5521,19.8,20.05,19.41,19.9,3.258655,4954318,33,301111,20260430
603132.SH,金徽股份,19.47,19.9,-2.01308505,19.95,19.4,2365/5521,19.9,19.95,19.4,19.47,2.767991,5517521,17,603132,20260430
688317.SH,之江生物,19.5,19.75,-1.96078431,19.87,19.4,2365/5521,19.75,19.87,19.4,19.5,2.362996,2278153,17,688317,20260430
603399.SH,永杉锂业,19.39,19.39,9.98298355,19.39,19.39,2367/5521,19.39,19.39,19.39,19.39,0,8690269,17,603399,20260430
300783.SZ,三只松鼠,19.41,19.6,-1.47208122,19.78,19.38,2368/5521,19.6,19.78,19.38,19.41,2.030456,8868037,33,300783,20260430
300413.SZ,芒果超媒,19.44,19.77,-1.9172553,19.83,19.37,2369/5521,19.77,19.83,19.37,19.44,2.320887,2.0604244E7,33,300413,20260430
300192.SZ,科德教育,19.69,19.36,1.3381369,19.98,19.36,2370/5521,19.36,19.98,19.36,19.69,3.190941,9354547,33,300192,20260430
688244.SH,永信至诚,19.74,19.57,1.33470226,19.97,19.36,2370/5521,19.57,19.97,19.36,19.74,3.131416,2222079,17,688244,20260430
000581.SZ,威孚高科,19.54,19.49,0.1537673,19.64,19.35,2372/5521,19.49,19.64,19.35,19.54,1.486417,1.2770194E7,33,000581,20260430
605369.SH,拱东医疗,19.7,19.5,3.46638655,20.3,19.35,2372/5521,19.5,20.3,19.35,19.7,4.989495,6003201,17,605369,20260430
300791.SZ,仙乐健康,19.5,19.45,0.36026763,19.65,19.33,2374/5521,19.45,19.65,19.33,19.5,1.646937,1430675,33,300791,20260430
600955.SH,维远股份,19.41,19.73,-1.96969697,19.81,19.33,2374/5521,19.73,19.81,19.33,19.41,2.424242,8653500,17,600955,20260430
603709.SH,中源家居,19.52,19.55,-0.76258261,20.04,19.32,2376/5521,19.55,20.04,19.32,19.52,3.660396,6199342,17,603709,20260430
300034.SZ,钢研高纳,19.65,19.34,1.39318885,19.84,19.31,2377/5521,19.34,19.84,19.31,19.65,2.734778,1.4345879E7,33,300034,20260430
002541.SZ,鸿路钢构,19.41,20.31,-4.43131462,20.39,19.3,2378/5521,20.31,20.39,19.3,19.41,5.366814,7929700,33,002541,20260430
300497.SZ,富祥药业,19.32,19.69,-2.57186082,20.19,19.3,2378/5521,19.69,20.19,19.3,19.32,4.488149,5.1158169E7,33,300497,20260430
601958.SH,金钼股份,19.58,19.75,-1.16102978,19.78,19.3,2378/5521,19.75,19.78,19.3,19.58,2.423018,3.08478E7,17,601958,20260430
688529.SH,豪森智能,19.73,19.41,0.66326531,19.98,19.3,2378/5521,19.41,19.98,19.3,19.73,3.469387,1795981,17,688529,20260430
300674.SZ,宇信科技,19.47,19.34,0.7242628,19.58,19.27,2382/5521,19.34,19.58,19.27,19.47,1.603724,7698122,33,300674,20260430
301038.SZ,深水规院,19.48,19.5,-0.1537673,19.64,19.27,2382/5521,19.5,19.64,19.27,19.48,1.896463,2766185,33,301038,20260430
603191.SH,望变电气,19.6,19.92,-2.82597918,20.03,19.27,2382/5521,19.92,20.03,19.27,19.6,3.767972,1.0520141E7,17,603191,20260430
603995.SH,甬金股份,19.38,19.55,-1.27356088,19.69,19.26,2385/5521,19.55,19.69,19.26,19.38,2.190524,4741746,17,603995,20260430
688365.SH,光云科技,19.72,19.59,0.97286226,19.96,19.23,2386/5521,19.59,19.96,19.23,19.72,3.737839,1.3426185E7,17,688365,20260430
920392.BJ,佳合科技,19.33,19.6,0.15544041,19.65,19.21,2387/5521,19.6,19.65,19.21,19.33,2.279792,445072,151,920392,20260430
600071.SH,凤凰光学,19.42,19.7,-3.14214464,19.7,19.2,2388/5521,19.7,19.7,19.2,19.42,2.493765,6212855,17,600071,20260430
603100.SH,川仪股份,19.49,19.4,-0.56122449,19.56,19.2,2388/5521,19.4,19.56,19.2,19.49,1.836734,7314375,17,603100,20260430
688658.SH,悦康药业,19.6,19.18,1.71250649,20.14,19.18,2390/5521,19.18,20.14,19.18,19.6,4.981837,1.113908E7,17,688658,20260430
300101.SZ,振芯科技,19.59,19.46,-0.40671073,19.93,19.17,2391/5521,19.46,19.93,19.17,19.59,3.863751,1.9789416E7,33,300101,20260430
002826.SZ,易明医药,19.5,19.54,-0.10245902,19.79,19.16,2392/5521,19.54,19.79,19.16,19.5,3.227459,7057753,33,002826,20260430
002782.SZ,可立克,19.31,19.64,-1.58002039,19.78,19.15,2393/5521,19.64,19.78,19.15,19.31,3.211009,1.104087E7,33,002782,20260430
603767.SH,中马传动,19.41,19.24,0.88357588,19.69,19.15,2393/5521,19.24,19.69,19.15,19.41,2.806652,7881409,17,603767,20260430
688277.SH,天智航,19.92,19.15,4.34782609,19.99,19.15,2393/5521,19.15,19.99,19.15,19.92,4.400209,8743539,17,688277,20260430
002633.SZ,申科股份,19.73,19.18,3.67840252,20.35,19.13,2396/5521,19.18,20.35,19.13,19.73,6.41093,5440368,33,002633,20260430
601688.SH,华泰证券,19.15,19.4,-0.72576464,19.62,19.13,2396/5521,19.4,19.62,19.13,19.15,2.540176,1.19316167E8,17,601688,20260430
603042.SH,华脉科技,19.3,19.83,-2.81973817,20,19.13,2396/5521,19.83,20,19.13,19.3,4.380664,1.0003714E7,17,603042,20260430
920068.BJ,天工股份,19.36,20,-4.39506173,20,19.13,2396/5521,20,20,19.13,19.36,4.296296,3681740,151,920068,20260430
300649.SZ,杭州园林,19.19,19.6,-1.58974359,20.16,19.12,2400/5521,19.6,20.16,19.12,19.19,5.333333,6170200,33,300649,20260430
603585.SH,苏利股份,19.33,19.41,-0.41215868,19.41,19.12,2400/5521,19.41,19.41,19.12,19.33,1.494075,5672263,17,603585,20260430
000869.SZ,张裕A,19.35,19.27,0.41515309,19.35,19.1,2402/5521,19.27,19.35,19.1,19.35,1.297353,1104552,33,000869,20260430
605599.SH,菜百股份,19.19,20.53,-8.70599429,20.66,19.1,2402/5521,20.53,20.66,19.1,19.19,7.421503,1.6649379E7,17,605599,20260430
301207.SZ,华兰疫苗,19.5,19.16,1.2987013,19.5,19.07,2404/5521,19.16,19.5,19.07,19.5,2.233766,4813700,33,301207,20260430
600499.SH,科达制造,19.25,19.62,-3.99002494,19.91,19.05,2405/5521,19.62,19.91,19.05,19.25,4.289276,5.4036141E7,17,600499,20260430
605005.SH,合兴股份,19.14,19.36,-1.84615385,19.48,19.05,2405/5521,19.36,19.48,19.05,19.14,2.205128,3208600,17,605005,20260430
688553.SH,汇宇制药,19.98,19.65,2.40902101,20.55,19.02,2407/5521,19.65,20.55,19.02,19.98,7.842132,1.2018684E7,17,688553,20260430
300244.SZ,迪安诊断,19.34,19.48,-0.76962545,19.6,19.01,2408/5521,19.48,19.6,19.01,19.34,3.027193,2.121341E7,33,300244,20260430
000815.SZ,美利云,19.02,19.8,-4.22960725,20.11,19,2409/5521,19.8,20.11,19,19.02,5.589123,8.149172E7,33,000815,20260430
002878.SZ,元隆雅图,19.55,18.98,4.60139112,19.99,18.98,2410/5521,18.98,19.99,18.98,19.55,5.403959,2.5721289E7,33,002878,20260430
300529.SZ,健帆生物,19.04,19.06,-0.10493179,19.28,18.98,2410/5521,19.06,19.28,18.98,19.04,1.573976,5594903,33,300529,20260430
300585.SZ,奥联电子,19.51,20.15,-3.17617866,21.6,18.96,2412/5521,20.15,21.6,18.96,19.51,13.101736,1.24647E7,33,300585,20260430
300752.SZ,隆利科技,19.38,19.02,1.94634403,19.58,18.96,2412/5521,19.02,19.58,18.96,19.38,3.261441,5155500,33,300752,20260430
600230.SH,沧州大化,18.97,19.92,-4.14350682,20,18.96,2412/5521,19.92,20,18.96,18.97,5.255179,2.561452E7,17,600230,20260430
920374.BJ,云里物里,19.09,19.13,0.10487677,19.36,18.96,2412/5521,19.13,19.36,18.96,19.09,2.097535,402194,151,920374,20260430
300531.SZ,优博讯,18.93,19.3,-2.22107438,19.58,18.92,2416/5521,19.3,19.58,18.92,18.93,3.40909,1.2354796E7,33,300531,20260430
300566.SZ,激智科技,19.05,18.98,0.58078141,19.18,18.91,2417/5521,18.98,19.18,18.91,19.05,1.425554,6501668,33,300566,20260430
300861.SZ,美畅股份,19.79,19.01,4.26765016,20,18.91,2417/5521,19.01,20,18.91,19.79,5.742887,3.981361E7,33,300861,20260430
000878.SZ,云南铜业,19.1,19.3,-1.64778579,19.54,18.9,2419/5521,19.3,19.54,18.9,19.1,3.295571,4.2579841E7,33,000878,20260430
002787.SZ,华源控股,19.4,19.69,0.98906819,19.98,18.9,2419/5521,19.69,19.98,18.9,19.4,5.622071,3.3737977E7,33,002787,20260430
002888.SZ,惠威科技,19.08,18.94,0.84566596,19.15,18.89,2421/5521,18.94,19.15,18.89,19.08,1.374207,1830100,33,002888,20260430
920508.BJ,殷图网联,19.05,19.16,0.15772871,19.5,18.88,2422/5521,19.16,19.5,18.88,19.05,3.259726,483815,151,920508,20260430
001206.SZ,依依股份,18.94,19.18,-1.14822547,19.26,18.87,2423/5521,19.18,19.26,18.87,18.94,2.03549,2262348,33,001206,20260430
603890.SH,春秋电子,18.87,19.56,-3.18111852,19.62,18.87,2423/5521,19.56,19.62,18.87,18.87,3.848127,2.4220148E7,17,603890,20260430
002342.SZ,巨力索具,19.81,18.93,4.81481481,20.3,18.86,2425/5521,18.93,20.3,18.86,19.81,7.619047,2.13942658E8,33,002342,20260430
601838.SH,成都银行,19.15,18.98,0.78947368,19.22,18.85,2426/5521,18.98,19.22,18.85,19.15,1.947368,2.3216976E7,17,601838,20260430
688179.SH,阿拉丁,19.73,19.32,2.12215321,19.75,18.85,2426/5521,19.32,19.75,18.85,19.73,4.658385,1.2949952E7,17,688179,20260430
600079.SH,ST人福,18.88,19.1,-1.71785528,19.11,18.84,2428/5521,19.1,19.11,18.84,18.88,1.405517,1.30239E7,22,600079,20260430
002056.SZ,横店东磁,18.94,19,-1.14822547,19.15,18.81,2429/5521,19,19.15,18.81,18.94,1.77453,1.69107E7,33,002056,20260430
601001.SH,晋控煤业,19.33,19.21,0.05175983,19.62,18.8,2430/5521,19.21,19.62,18.8,19.33,4.244306,2.3769312E7,17,601001,20260430
000623.SZ,吉林敖东,18.87,18.93,1.07123728,19.2,18.79,2431/5521,18.93,19.2,18.79,18.87,2.196036,2.343332E7,33,000623,20260430
300196.SZ,长海股份,19.55,20.01,-3.21782178,20.12,18.79,2431/5521,20.01,20.12,18.79,19.55,6.584158,2.8210801E7,33,300196,20260430
001222.SZ,源飞宠物,18.84,18.81,0.31948882,19.08,18.76,2433/5521,18.81,19.08,18.76,18.84,1.70394,1391899,33,001222,20260430
001208.SZ,华菱线缆,19.16,18.92,1.32205182,19.25,18.75,2434/5521,18.92,19.25,18.75,19.16,2.644103,1.90854E7,33,001208,20260430
600148.SH,长春一东,19.13,18.75,0.31463031,19.25,18.75,2434/5521,18.75,19.25,18.75,19.13,2.621919,2552039,17,600148,20260430
603686.SH,福龙马,18.96,18.91,0.42372881,19.05,18.75,2434/5521,18.91,19.05,18.75,18.96,1.588983,9605029,17,603686,20260430
300446.SZ,航天智造,18.99,18.95,0.21108179,19.1,18.74,2437/5521,18.95,19.1,18.74,18.99,1.899736,8965500,33,300446,20260430
920599.BJ,同力股份,18.94,18.82,0.47745358,18.98,18.74,2437/5521,18.82,18.98,18.74,18.94,1.273209,3306771,151,920599,20260430
002017.SZ,东信和平,18.93,18.76,0.53106745,18.96,18.71,2439/5521,18.76,18.96,18.71,18.93,1.327668,6729715,33,002017,20260430
001380.SZ,华纬科技,18.92,18.99,-1.91809228,19.05,18.7,2440/5521,18.99,19.05,18.7,18.92,1.814411,1869596,33,001380,20260430
300109.SZ,新开源,18.92,18.9,-0.0528262,19.15,18.7,2440/5521,18.9,19.15,18.7,18.92,2.377179,7989181,33,300109,20260430
300447.SZ,全信股份,19.25,18.78,1.79799048,19.35,18.7,2440/5521,18.78,19.35,18.7,19.25,3.437334,8163000,33,300447,20260430
301535.SZ,浙江华远,18.83,19.03,-0.21197668,19.03,18.7,2440/5521,19.03,19.03,18.7,18.83,1.748807,2018700,33,301535,20260430
603233.SH,大参林,18.72,19.15,-3.25581395,19.33,18.68,2444/5521,19.15,19.33,18.68,18.72,3.359173,6447039,17,603233,20260430
920130.BJ,立方控股,18.9,18.68,1.17773019,19.2,18.68,2444/5521,18.68,19.2,18.68,18.9,2.783725,679821,151,920130,20260430
601717.SH,中创智领,18.67,19.45,-9.9807136,19.45,18.67,2446/5521,19.45,19.45,18.67,18.67,3.760848,6.42386E7,17,601717,20260430
920167.BJ,同享科技,19.3,18.82,0.67814293,19.5,18.66,2447/5521,18.82,19.5,18.66,19.3,4.381846,5087238,151,920167,20260430
002180.SZ,奔图科技,19.16,18.74,1.80658874,19.49,18.63,2448/5521,18.74,19.49,18.63,19.16,4.569606,2.700986E7,33,002180,20260430
301100.SZ,风光股份,18.75,18.89,-0.53050398,18.99,18.63,2448/5521,18.89,18.99,18.63,18.75,1.909814,1953900,33,301100,20260430
600529.SH,山东药玻,18.64,18.81,-0.90377459,18.88,18.63,2448/5521,18.81,18.88,18.63,18.64,1.32908,5721579,17,600529,20260430
002568.SZ,百润股份,19.06,18.99,4.38116101,19.44,18.62,2451/5521,18.99,19.44,18.62,19.06,4.49069,3.9276556E7,33,002568,20260430
600592.SH,龙溪股份,19.09,18.72,1.97649573,19.55,18.62,2451/5521,18.72,19.55,18.62,19.09,4.967948,8354146,17,600592,20260430
600850.SH,电科数字,19.34,19.35,-2.81407035,19.56,18.61,2453/5521,19.35,19.56,18.61,19.34,4.773869,1.6764434E7,17,600850,20260430
603806.SH,福斯特,18.74,18.7,0.26752274,19.09,18.6,2454/5521,18.7,19.09,18.6,18.74,2.621722,4.4190754E7,17,603806,20260430
603855.SH,华荣股份,18.68,18.78,-1.26849894,18.9,18.6,2454/5521,18.78,18.9,18.6,18.68,1.585623,2038600,17,603855,20260430
603348.SH,文灿股份,18.62,18.74,-1.32485427,18.92,18.59,2456/5521,18.74,18.92,18.59,18.62,1.748807,2204624,17,603348,20260430
000550.SZ,江铃汽车,18.75,19.14,-1.98640878,19.14,18.58,2457/5521,19.14,19.14,18.58,18.75,2.927339,4923811,33,000550,20260430
603279.SH,景津装备,18.75,19.25,-2.5974026,19.26,18.58,2457/5521,19.25,19.26,18.58,18.75,3.532467,1.5102545E7,17,603279,20260430
603727.SH,博迈科,18.85,19.4,-0.21175225,19.41,18.56,2459/5521,19.4,19.41,18.56,18.85,4.499735,3666500,17,603727,20260430
600741.SH,华域汽车,18.66,19.19,-2.60960334,19.22,18.55,2460/5521,19.19,19.22,18.55,18.66,3.496868,2.8566583E7,17,600741,20260430
002925.SZ,盈趣科技,19.21,18.91,1.2118019,19.45,18.54,2461/5521,18.91,19.45,18.54,19.21,4.79452,1.4470549E7,33,002925,20260430
300925.SZ,法本信息,18.57,18.74,-0.64205457,18.93,18.54,2461/5521,18.74,18.93,18.54,18.57,2.086677,9665299,33,300925,20260430
001386.SZ,马可波罗,18.63,18.69,-0.48076923,18.8,18.53,2463/5521,18.69,18.8,18.53,18.63,1.442307,3169816,33,001386,20260430
603000.SH,人民网,18.98,19.11,-2.71655561,19.25,18.52,2464/5521,19.11,19.25,18.52,18.98,3.74167,2.9593782E7,17,603000,20260430
600388.SH,龙净环保,18.62,18.77,-1.48148148,18.84,18.51,2465/5521,18.77,18.84,18.51,18.62,1.746031,1.201135E7,17,600388,20260430
002299.SZ,圣农发展,18.6,18.6,-0.05373455,18.77,18.48,2466/5521,18.6,18.77,18.48,18.6,1.558301,6683312,33,002299,20260430
002576.SZ,通达动力,18.53,18.75,-1.43617021,18.82,18.47,2467/5521,18.75,18.82,18.47,18.53,1.861702,4377200,33,002576,20260430
603993.SH,洛阳钼业,18.62,19,-2.97029703,19,18.46,2468/5521,19,19,18.46,18.62,2.813965,2.28758543E8,17,603993,20260430
920753.BJ,天纺标,18.88,18.76,1.07066381,19.1,18.45,2469/5521,18.76,19.1,18.45,18.88,3.479657,376200,151,920753,20260430
002915.SZ,中欣氟材,18.47,18.7,-1.2827365,18.77,18.44,2470/5521,18.7,18.77,18.44,18.47,1.763762,5560140,33,002915,20260430
601898.SH,中煤能源,18.72,18.6,0.05344735,18.96,18.42,2471/5521,18.6,18.96,18.42,18.72,2.886157,2.846089E7,17,601898,20260430
000066.SZ,中国长城,19.82,19,9.98890122,19.82,18.39,2472/5521,19,19.82,18.39,19.82,7.935627,4.31571802E8,33,000066,20260430
920247.BJ,华密新材,18.99,18.73,1.44230769,18.99,18.39,2472/5521,18.73,18.99,18.39,18.99,3.205128,2104884,151,920247,20260430
003006.SZ,百亚股份,18.51,18.68,-1.59489633,18.8,18.36,2474/5521,18.68,18.8,18.36,18.51,2.339181,4875300,33,003006,20260430
603180.SH,金牌家居,18.52,18.94,-2.1141649,19.08,18.36,2474/5521,18.94,19.08,18.36,18.52,3.805496,2182520,17,603180,20260430
603356.SH,华菱精工,19.1,18.4,4.20076378,19.21,18.35,2476/5521,18.4,19.21,18.35,19.1,4.691762,6685500,17,603356,20260430
002862.SZ,实丰文化,18.53,18.34,0.5425936,18.72,18.34,2477/5521,18.34,18.72,18.34,18.53,2.061855,2963620,33,002862,20260430
300922.SZ,天秦装备,18.67,18.4,1.30222463,18.72,18.32,2478/5521,18.4,18.72,18.32,18.67,2.170374,2709116,33,300922,20260430
920726.BJ,朱老六,18.69,18.38,0.42987641,18.92,18.32,2478/5521,18.38,18.92,18.32,18.69,3.224073,2117699,151,920726,20260430
920857.BJ,泓禧科技,18.4,18.46,-0.91545504,19.76,18.32,2478/5521,18.46,19.76,18.32,18.4,7.754442,3418341,151,920857,20260430
603477.SH,巨星农牧,18.81,18.5,1.67567568,19.1,18.31,2481/5521,18.5,19.1,18.31,18.81,4.27027,1.8716562E7,17,603477,20260430
300402.SZ,宝色股份,18.39,18.35,0.27262814,18.49,18.3,2482/5521,18.35,18.49,18.3,18.39,1.035986,2201600,33,300402,20260430
300594.SZ,ST朗进,18.3,18.3,-20.01748252,18.5,18.3,2482/5521,18.3,18.5,18.3,18.3,0.874125,1.4512421E7,33,300594,20260430
301539.SZ,宏鑫科技,18.57,18.3,0.97879282,18.78,18.3,2482/5521,18.3,18.78,18.3,18.57,2.610114,1397700,33,301539,20260430
688750.SH,金天钛业,18.68,18.38,1.35648399,18.69,18.3,2482/5521,18.38,18.69,18.3,18.68,2.116115,2991002,17,688750,20260430
300653.SZ,正海生物,18.35,18.7,-1.45005371,18.71,18.26,2486/5521,18.7,18.71,18.26,18.35,2.416756,1655800,33,300653,20260430
002791.SZ,坚朗五金,18.36,18.45,-0.59556037,18.53,18.24,2487/5521,18.45,18.53,18.24,18.36,1.570113,3461262,33,002791,20260430
920367.BJ,新赣江,18.47,18.24,0.54436581,18.74,18.24,2487/5521,18.24,18.74,18.24,18.47,2.721829,868263,151,920367,20260430
002214.SZ,*ST大立,18.57,18.23,-2.3659306,18.88,18.23,2489/5521,18.23,18.88,18.23,18.57,3.417455,8471100,33,002214,20260430
300482.SZ,万孚生物,18.29,18.6,-1.93029491,18.65,18.23,2489/5521,18.6,18.65,18.23,18.29,2.25201,4853416,33,300482,20260430
603225.SH,新凤鸣,18.52,18.45,0.59750136,18.8,18.23,2489/5521,18.45,18.8,18.23,18.52,3.096143,2.064925E7,17,603225,20260430
300823.SZ,建科智能,18.81,18.61,0.37353255,18.85,18.22,2492/5521,18.61,18.85,18.22,18.81,3.361792,9601035,33,300823,20260430
920961.BJ,创远信科,19.01,19.07,-3.50253807,19.16,18.22,2492/5521,19.07,19.16,18.22,19.01,4.771573,4809167,151,920961,20260430
300293.SZ,蓝英装备,18.62,18.21,2.25151016,18.85,18.21,2494/5521,18.21,18.85,18.21,18.62,3.514552,8824100,33,300293,20260430
601702.SH,华峰铝业,18.52,18.66,-1.4893617,18.79,18.21,2494/5521,18.66,18.79,18.21,18.52,3.085106,6647090,17,601702,20260430
688360.SH,德马科技,18.24,18.21,1.38966092,18.86,18.2,2496/5521,18.21,18.86,18.2,18.24,3.668704,4297598,17,688360,20260430
920027.BJ,交大铁发,18.89,18.21,5.82633053,18.96,18.19,2497/5521,18.21,18.96,18.19,18.89,4.313725,3206957,151,920027,20260430
002317.SZ,众生药业,18.39,18.4,-0.16286645,18.79,18.18,2498/5521,18.4,18.79,18.18,18.39,3.311617,2.5480896E7,33,002317,20260430
002565.SZ,顺灏股份,19.02,18.32,2.69978402,19.19,18.18,2498/5521,18.32,19.19,18.18,19.02,5.453563,1.61046526E8,33,002565,20260430
600694.SH,大商股份,18.2,18.29,-0.2739726,18.38,18.18,2498/5521,18.29,18.38,18.18,18.2,1.09589,3924913,17,600694,20260430
600855.SH,航天长峰,18.62,18.25,1.416122,18.76,18.18,2498/5521,18.25,18.76,18.18,18.62,3.159041,1.435451E7,17,600855,20260430
002362.SZ,汉王科技,18.52,18.25,1.53508772,18.59,18.17,2502/5521,18.25,18.59,18.17,18.52,2.302631,3413701,33,002362,20260430
301602.SZ,超研股份,18.18,18.39,-0.98039216,18.5,18.16,2503/5521,18.39,18.5,18.16,18.18,1.851851,1473500,33,301602,20260430
920885.BJ,星辰科技,18.23,18.25,-0.10958904,18.49,18.13,2504/5521,18.25,18.49,18.13,18.23,1.972602,2254793,151,920885,20260430
300882.SZ,万胜智能,18.24,18.51,-1.45867099,18.51,18.11,2505/5521,18.51,18.51,18.11,18.24,2.160994,5203469,33,300882,20260430
600768.SH,宁波富邦,18.88,18.29,3.22580645,19.25,18.11,2505/5521,18.29,19.25,18.11,18.88,6.232914,1.350779E7,17,600768,20260430
002236.SZ,大华股份,18.49,18.2,1.09349371,18.86,18.1,2507/5521,18.2,18.86,18.1,18.49,4.155276,5.3628741E7,33,002236,20260430
300549.SZ,优德精密,18.21,18.5,0.49668874,18.55,18.1,2507/5521,18.5,18.55,18.1,18.21,2.483443,1742720,33,300549,20260430
301267.SZ,华厦眼科,18.19,18.25,0,18.49,18.1,2507/5521,18.25,18.49,18.1,18.19,2.144035,5144950,33,301267,20260430
001207.SZ,联科科技,18.37,18.17,1.10071547,18.46,18.09,2510/5521,18.17,18.46,18.09,18.37,2.036323,3872874,33,001207,20260430
002729.SZ,好利科技,18.42,18.18,1.32013201,18.64,18.08,2511/5521,18.18,18.64,18.08,18.42,3.080308,6372880,33,002729,20260430
603232.SH,格尔软件,18.65,18.08,2.8681743,19.09,18.08,2511/5521,18.08,19.09,18.08,18.65,5.570876,8877980,17,603232,20260430
920077.BJ,吉林碳谷,18.09,18.65,-3.15845824,18.65,18.08,2511/5521,18.65,18.65,18.08,18.09,3.051391,8619194,151,920077,20260430
920267.BJ,鑫汇科,18.46,18.51,0.27159153,18.66,18.08,2511/5521,18.51,18.66,18.08,18.46,3.150461,396719,151,920267,20260430
603595.SH,ST东尼,18.08,18.48,-2.69106566,18.57,18.04,2515/5521,18.48,18.57,18.04,18.08,2.852529,3502940,22,603595,20260430
000070.SZ,特发信息,18.08,19.36,-6.46663218,19.5,18.03,2516/5521,19.36,19.5,18.03,18.08,7.604759,8.9217561E7,33,000070,20260430
002884.SZ,凌霄泵业,18.82,18.6,1.1827957,18.84,18.03,2516/5521,18.6,18.84,18.03,18.82,4.354838,5702320,33,002884,20260430
603681.SH,永冠新材,18.15,18.1,0.05512679,18.34,18.03,2516/5521,18.1,18.34,18.03,18.15,1.70893,6147276,17,603681,20260430
300424.SZ,航新科技,18.37,18.1,1.10071547,18.42,18.02,2519/5521,18.1,18.42,18.02,18.37,2.20143,9429649,33,300424,20260430
300667.SZ,必创科技,19.24,19.83,-1.02880658,19.83,18,2520/5521,19.83,19.83,18,19.24,9.41358,1.869416E7,33,300667,20260430
603096.SH,新经典,18.44,18.09,1.76600442,18.47,18,2520/5521,18.09,18.47,18,18.44,2.593818,2369420,17,603096,20260430
603215.SH,比依股份,18.29,18,-8.55,19.04,18,2520/5521,18,19.04,18,18.29,5.2,1.4827569E7,17,603215,20260430
300353.SZ,东土科技,18.55,18.05,2.54284135,18.64,17.99,2523/5521,18.05,18.64,17.99,18.55,3.593145,1.3240666E7,33,300353,20260430
600761.SH,安徽合力,18.03,18.12,-1.25958379,18.42,17.98,2524/5521,18.12,18.42,17.98,18.03,2.409638,1.1877577E7,17,600761,20260430
688276.SH,百克生物,18.17,18.1,0.22062879,18.23,17.98,2524/5521,18.1,18.23,17.98,18.17,1.378929,1597443,17,688276,20260430
688562.SH,航天软件,18.59,18.56,-2.05479452,18.65,17.98,2524/5521,18.56,18.65,17.98,18.59,3.530031,9239185,17,688562,20260430
300119.SZ,瑞普生物,18.0,18.21,-0.77177508,18.21,17.95,2527/5521,18.21,18.21,17.95,18.0,1.433296,2865300,33,300119,20260430
300277.SZ,汽轮科技,17.97,17.98,-0.3327787,18.49,17.95,2527/5521,17.98,18.49,17.95,17.97,2.995008,2.4668229E7,33,300277,20260430
603138.SH,海量数据,18.21,18.75,-3.29261816,18.89,17.95,2527/5521,18.75,18.89,17.95,18.21,4.992033,1.3119558E7,17,603138,20260430
000739.SZ,普洛药业,18.27,18.46,-1.08283703,18.51,17.93,2530/5521,18.46,18.51,17.93,18.27,3.140227,1.1073193E7,33,000739,20260430
002734.SZ,利民股份,18.03,18.05,0.16666667,18.2,17.93,2530/5521,18.05,18.2,17.93,18.03,1.5,1.6149676E7,33,002734,20260430
301185.SZ,鸥玛软件,18.09,18.08,0.44419767,18.17,17.93,2530/5521,18.08,18.17,17.93,18.09,1.332593,2520612,33,301185,20260430
003005.SZ,竞业达,17.94,17.98,-0.11135857,18.16,17.92,2533/5521,17.98,18.16,17.92,17.94,1.336302,1817660,33,003005,20260430
002517.SZ,恺英网络,17.98,18.14,-1.20879121,18.32,17.91,2534/5521,18.14,18.32,17.91,17.98,2.252747,5.1386078E7,33,002517,20260430
002879.SZ,长缆科技,17.98,18.51,-3.125,18.73,17.9,2535/5521,18.51,18.73,17.9,17.98,4.471982,8755900,33,002879,20260430
600619.SH,海立股份,17.9,17.98,5.04694836,18.66,17.9,2535/5521,17.98,18.66,17.9,17.9,4.460093,5.40274E7,17,600619,20260430
603863.SH,松炀资源,18.1,18.51,-0.38525041,18.59,17.9,2535/5521,18.51,18.59,17.9,18.1,3.797468,6353800,17,603863,20260430
603798.SH,康普顿,18.21,18.5,-3.85427666,18.94,17.88,2538/5521,18.5,18.94,17.88,18.21,5.59662,9468650,17,603798,20260430
002508.SZ,老板电器,17.93,18.42,-2.66015201,18.45,17.87,2539/5521,18.42,18.45,17.87,17.93,3.148751,1.4916248E7,33,002508,20260430
688466.SH,金科环境,18.36,17.86,2.68456376,18.47,17.86,2540/5521,17.86,18.47,17.86,18.36,3.411633,1906420,17,688466,20260430
601166.SH,兴业银行,17.93,18.03,-1.37513751,18.04,17.84,2541/5521,18.03,18.04,17.84,17.93,1.10011,1.5303867E8,17,601166,20260430
920578.BJ,巨能股份,18.39,18.01,1.99667221,18.76,17.84,2541/5521,18.01,18.76,17.84,18.39,5.102606,731087,151,920578,20260430
300174.SZ,元力股份,17.82,18.26,-2.35616438,18.71,17.82,2543/5521,18.26,18.71,17.82,17.82,4.876712,1.4645501E7,33,300174,20260430
300858.SZ,科拓生物,17.85,18.11,-2.40568617,18.3,17.82,2543/5521,18.11,18.3,17.82,17.85,2.624384,1.61619E7,33,300858,20260430
300902.SZ,国安达,17.9,17.99,-0.33407572,18.18,17.82,2543/5521,17.99,18.18,17.82,17.9,2.004454,2945700,33,300902,20260430
600062.SH,华润双鹤,17.85,17.91,-0.61247216,17.94,17.81,2546/5521,17.91,17.94,17.81,17.85,0.72383,5396580,17,600062,20260430
600331.SH,宏达股份,18.14,18.13,-1.09051254,18.42,17.81,2546/5521,18.13,18.42,17.81,18.14,3.326063,6.6796472E7,17,600331,20260430
603505.SH,金石资源,18.34,17.81,3.61581921,18.8,17.81,2546/5521,17.81,18.8,17.81,18.34,5.59322,2.6227368E7,17,603505,20260430
300229.SZ,拓尔思,17.87,17.91,-0.44568245,18.07,17.76,2549/5521,17.91,18.07,17.76,17.87,1.727019,1.4306096E7,33,300229,20260430
603276.SH,恒兴新材,18.01,17.76,0.89635854,18.15,17.76,2549/5521,17.76,18.15,17.76,18.01,2.184873,3919930,17,603276,20260430
603919.SH,金徽酒,17.76,18.14,-2.14876033,18.14,17.76,2549/5521,18.14,18.14,17.76,17.76,2.093663,3707700,17,603919,20260430
688722.SH,同益中,18.16,17.83,1.85081324,18.26,17.76,2549/5521,17.83,18.26,17.76,18.16,2.804262,3532890,17,688722,20260430
920017.BJ,星昊医药,17.96,17.76,3.04073437,18.35,17.73,2553/5521,17.76,18.35,17.73,17.96,3.557085,2609341,151,920017,20260430
002927.SZ,泰永长征,18.24,17.79,1.61559889,18.3,17.72,2554/5521,17.79,18.3,17.72,18.24,3.231197,5637463,33,002927,20260430
300019.SZ,硅宝科技,17.81,18,-0.55834729,18.06,17.72,2554/5521,18,18.06,17.72,17.81,1.89838,4223365,33,300019,20260430
300643.SZ,万通智控,17.85,17.9,-0.33500838,18.01,17.72,2554/5521,17.9,18.01,17.72,17.85,1.619207,3876500,33,300643,20260430
002871.SZ,伟隆股份,18.44,17.88,3.13199105,18.83,17.71,2557/5521,17.88,18.83,17.71,18.44,6.263982,5112794,33,002871,20260430
601579.SH,会稽山,17.85,17.96,-0.94339623,18.08,17.71,2557/5521,17.96,18.08,17.71,17.85,2.053274,6862286,17,601579,20260430
603282.SH,亚光股份,17.85,18.91,-9.29878049,19.29,17.71,2557/5521,18.91,19.29,17.71,17.85,8.028455,1.120755E7,17,603282,20260430
000026.SZ,飞亚达,18.13,17.93,0.22111664,18.27,17.7,2560/5521,17.93,18.27,17.7,18.13,3.150912,1.3312401E7,33,000026,20260430
300328.SZ,宜安科技,18.06,17.84,1.63196398,18.3,17.7,2560/5521,17.84,18.3,17.7,18.06,3.376477,4.2895118E7,33,300328,20260430
301180.SZ,万祥科技,17.74,18.7,-3.69163952,18.7,17.7,2560/5521,18.7,18.7,17.7,17.74,5.428881,4107031,33,301180,20260430
688387.SH,信科移动,19.58,18.08,8.1170624,19.79,17.69,2563/5521,18.08,19.79,17.69,19.58,11.595803,1.20669532E8,17,688387,20260430
920089.BJ,禾昌聚合,17.86,17.69,0.22446689,17.95,17.69,2563/5521,17.69,17.95,17.69,17.86,1.459034,1515701,151,920089,20260430
603949.SH,雪龙集团,17.81,17.68,0.28153153,17.97,17.68,2565/5521,17.68,17.97,17.68,17.81,1.632882,2719554,17,603949,20260430
301139.SZ,元道通信,18.06,17.68,2.20713073,18.33,17.67,2566/5521,17.68,18.33,17.67,18.06,3.735144,4323500,33,301139,20260430
688670.SH,金迪克,17.92,17.84,1.07163001,18.23,17.67,2566/5521,17.84,18.23,17.67,17.92,3.158488,1448830,17,688670,20260430
300848.SZ,美瑞新材,17.8,17.72,-1.54867257,18.59,17.65,2568/5521,17.72,18.59,17.65,17.8,5.199115,1.5531455E7,33,300848,20260430
688299.SH,长阳科技,17.87,17.83,0.16816143,18.08,17.65,2568/5521,17.83,18.08,17.65,17.87,2.410313,6716322,17,688299,20260430
000099.SZ,中信海直,17.67,17.83,-0.89736399,17.88,17.63,2570/5521,17.83,17.88,17.63,17.67,1.402131,7512842,33,000099,20260430
001216.SZ,华瓷股份,18.27,17.75,3.10383747,18.58,17.63,2570/5521,17.75,18.58,17.63,18.27,5.361173,5556500,33,001216,20260430
300703.SZ,创源股份,17.93,17.66,0.90039392,18.76,17.62,2572/5521,17.66,18.76,17.62,17.93,6.415306,8294300,33,300703,20260430
920679.BJ,前进科技,18.22,17.79,1.84460593,18.78,17.62,2572/5521,17.79,18.78,17.62,18.22,6.484069,863927,151,920679,20260430
002006.SZ,精工科技,17.81,17.6,2.47410817,18.28,17.6,2574/5521,17.6,18.28,17.6,17.81,3.912543,1.0608303E7,33,002006,20260430
002015.SZ,协鑫能科,17.75,18.69,-5.0294275,18.75,17.6,2574/5521,18.69,18.75,17.6,17.75,6.153023,1.41372984E8,33,002015,20260430
688165.SH,埃夫特,18.24,17.7,6.91676436,18.65,17.6,2574/5521,17.7,18.65,17.6,18.24,6.154747,2.0361389E7,17,688165,20260430
920019.BJ,铜冠矿建,18.04,17.8,1.2345679,18.21,17.6,2574/5521,17.8,18.21,17.6,18.04,3.42312,1262437,151,920019,20260430
603273.SH,天元智能,17.91,17.65,1.76136364,17.94,17.58,2578/5521,17.65,17.94,17.58,17.91,2.045454,1686600,17,603273,20260430
920407.BJ,驰诚股份,17.71,17.77,0.625,17.98,17.58,2578/5521,17.77,17.98,17.58,17.71,2.272727,665805,151,920407,20260430
300151.SZ,昌红科技,17.7,17.67,0.16977929,17.93,17.56,2580/5521,17.67,17.93,17.56,17.7,2.093944,1.1192289E7,33,300151,20260430
300243.SZ,瑞丰高材,17.64,18.65,-5.11027434,18.75,17.55,2581/5521,18.65,18.75,17.55,17.64,6.455083,3.1405913E7,33,300243,20260430
300941.SZ,创识科技,17.76,17.76,0,17.89,17.48,2582/5521,17.76,17.89,17.48,17.76,2.308558,3192610,33,300941,20260430
002639.SZ,雪人集团,17.72,17.65,0.33975085,17.8,17.46,2583/5521,17.65,17.8,17.46,17.72,1.925254,2.7784886E7,33,002639,20260430
300440.SZ,运达科技,18.3,17.87,3.2731377,18.4,17.46,2583/5521,17.87,18.4,17.46,18.3,5.30474,1.4391E7,33,300440,20260430
002690.SZ,美亚光电,17.52,17.55,-0.56753689,17.65,17.45,2585/5521,17.55,17.65,17.45,17.52,1.135073,3648230,33,002690,20260430
300294.SZ,博雅生物,17.48,17.71,-1.35440181,17.74,17.42,2586/5521,17.71,17.74,17.42,17.48,1.805869,4173545,33,300294,20260430
300641.SZ,正丹股份,17.5,17.69,-0.90600227,17.75,17.41,2587/5521,17.69,17.75,17.41,17.5,1.925254,9340449,33,300641,20260430
001300.SZ,三柏硕,18.05,17.57,3.43839542,18.29,17.4,2588/5521,17.57,18.29,17.4,18.05,5.100286,5224200,33,001300,20260430
002203.SZ,海亮股份,17.99,17.6,-0.05555556,18.36,17.4,2588/5521,17.6,18.36,17.4,17.99,5.333333,6.1767136E7,33,002203,20260430
300686.SZ,智动力,17.8,18.39,-1.98237885,18.5,17.4,2588/5521,18.39,18.5,17.4,17.8,6.057268,1.324578E7,33,300686,20260430
301151.SZ,冠龙节能,17.65,17.5,1.37851809,17.77,17.4,2588/5521,17.5,17.77,17.4,17.65,2.125215,2145800,33,301151,20260430
301198.SZ,喜悦智行,18.9,17.55,8.37155963,19.36,17.4,2588/5521,17.55,19.36,17.4,18.9,11.238532,1.1298472E7,33,301198,20260430
603178.SH,圣龙股份,19.46,17.52,10.00565291,19.46,17.4,2588/5521,17.52,19.46,17.4,19.46,11.644997,2.4262683E7,17,603178,20260430
002034.SZ,旺能环境,17.49,17.72,-1.13058225,17.98,17.39,2594/5521,17.72,17.98,17.39,17.49,3.335217,1.5143764E7,33,002034,20260430
601026.SH,道生天合,17.57,17.56,-0.45325779,17.65,17.39,2594/5521,17.56,17.65,17.39,17.57,1.473087,2497257,17,601026,20260430
000586.SZ,汇源通信,17.71,18,-1.66574125,18.08,17.38,2596/5521,18,18.08,17.38,17.71,3.886729,1.1158754E7,33,000586,20260430
601677.SH,明泰铝业,17.75,17.7,-1.00390407,17.92,17.36,2597/5521,17.7,17.92,17.36,17.75,3.123257,3.8610815E7,17,601677,20260430
000519.SZ,中兵红箭,17.74,17.35,2.07134638,17.77,17.35,2598/5521,17.35,17.77,17.35,17.74,2.41657,2.4912038E7,33,000519,20260430
300829.SZ,金丹科技,17.39,17.68,-1.64027149,17.78,17.35,2598/5521,17.68,17.78,17.35,17.39,2.432126,4537246,33,300829,20260430
301167.SZ,建研设计,17.72,17.44,1.72215844,17.77,17.34,2600/5521,17.44,17.77,17.34,17.72,2.468427,2729574,33,301167,20260430
603896.SH,寿仙谷,17.48,17.43,0.05724098,17.54,17.34,2600/5521,17.43,17.54,17.34,17.48,1.144819,1723260,17,603896,20260430
000155.SZ,川能动力,17.42,18.3,-9.50649351,18.55,17.33,2602/5521,18.3,18.55,17.33,17.42,6.337662,1.67747187E8,33,000155,20260430
601137.SH,博威合金,17.51,18,-2.50556793,18.25,17.33,2602/5521,18,18.25,17.33,17.51,5.122494,2.3040329E7,17,601137,20260430
002232.SZ,启明信息,17.68,17.48,1.14416476,17.72,17.32,2604/5521,17.48,17.72,17.32,17.68,2.288329,3565230,33,002232,20260430
301006.SZ,迈拓股份,17.96,17.33,3.15910396,18.06,17.32,2604/5521,17.33,18.06,17.32,17.96,4.25043,3738900,33,301006,20260430
603155.SH,新亚强,17.68,17.45,1.26002291,17.81,17.32,2604/5521,17.45,17.81,17.32,17.68,2.806414,5771030,17,603155,20260430
301083.SZ,百胜智能,17.49,17.5,0.28669725,17.51,17.31,2607/5521,17.5,17.51,17.31,17.49,1.146788,1695100,33,301083,20260430
301320.SZ,豪江智能,17.54,17.39,1.32871173,17.61,17.3,2608/5521,17.39,17.61,17.3,17.54,1.790872,1921500,33,301320,20260430
600926.SH,杭州银行,17.4,17.32,0,17.59,17.3,2608/5521,17.32,17.59,17.3,17.4,1.666666,2.6906752E7,17,600926,20260430
688085.SH,三友医疗,17.69,17.48,1.08571429,17.87,17.3,2608/5521,17.48,17.87,17.3,17.69,3.257142,3154901,17,688085,20260430
000887.SZ,中鼎股份,17.4,17.44,-0.57142857,17.65,17.29,2611/5521,17.44,17.65,17.29,17.4,2.057142,1.7953443E7,33,000887,20260430
001696.SZ,宗申动力,17.36,17.32,0.05763689,17.44,17.28,2612/5521,17.32,17.44,17.28,17.36,0.92219,1.4371553E7,33,001696,20260430
002800.SZ,天顺股份,17.65,17.73,0.11344299,17.73,17.28,2612/5521,17.73,17.73,17.28,17.65,2.552467,3818100,33,002800,20260430
002534.SZ,西子洁能,17.6,17.75,-1.01237345,17.78,17.26,2614/5521,17.75,17.78,17.26,17.6,2.924634,9226640,33,002534,20260430
002346.SZ,柘中股份,17.74,17.59,0.85275725,17.74,17.25,2615/5521,17.59,17.74,17.25,17.74,2.785673,3293903,33,002346,20260430
600785.SH,新华百货,17.36,17.69,-1.86546071,17.9,17.25,2615/5521,17.69,17.9,17.25,17.36,3.674392,7381003,17,600785,20260430
000032.SZ,深桑达A,17.34,17.77,-2.52951096,17.83,17.24,2617/5521,17.77,17.83,17.24,17.34,3.316469,1.9817513E7,33,000032,20260430
002368.SZ,太极股份,17.24,17.24,-10.02087683,17.78,17.24,2617/5521,17.24,17.78,17.24,17.24,2.818371,2.8459054E7,33,002368,20260430
603036.SH,如通股份,17.28,17.6,-0.97421203,17.61,17.22,2619/5521,17.6,17.61,17.22,17.28,2.234957,3633900,17,603036,20260430
300947.SZ,德必集团,17.52,17.31,0.97982709,17.82,17.21,2620/5521,17.31,17.82,17.21,17.52,3.51585,4179494,33,300947,20260430
300265.SZ,通光线缆,17.21,18.18,-5.07446222,18.29,17.2,2621/5521,18.18,18.29,17.2,17.21,6.012134,4.0015849E7,33,300265,20260430
688570.SH,天玛智控,17.57,17.15,0.51487414,17.65,17.15,2622/5521,17.15,17.65,17.15,17.57,2.860411,709923,17,688570,20260430
605179.SH,一鸣食品,17.25,17.13,0.29069767,17.37,17.13,2623/5521,17.13,17.37,17.13,17.25,1.395348,2000400,17,605179,20260430
920139.BJ,华岭股份,17.95,17.13,3.75722543,18.49,17.13,2623/5521,17.13,18.49,17.13,17.95,7.861271,6089502,151,920139,20260430
920527.BJ,夜光明,17.5,17.17,1.80337405,17.78,17.13,2623/5521,17.17,17.78,17.13,17.5,3.781268,462049,151,920527,20260430
000158.SZ,常山北明,17.2,17.12,-0.92165899,17.38,17.12,2626/5521,17.12,17.38,17.12,17.2,1.497695,2.3385867E7,33,000158,20260430
920579.BJ,机科股份,17.5,17.34,0.11441648,17.73,17.12,2626/5521,17.34,17.73,17.12,17.5,3.489702,638789,151,920579,20260430
920694.BJ,中裕科技,17.33,17.31,0.2313476,17.66,17.12,2626/5521,17.31,17.66,17.12,17.33,3.123192,695337,151,920694,20260430
300768.SZ,迪普科技,17.22,17.14,0.34965035,17.29,17.1,2629/5521,17.14,17.29,17.1,17.22,1.107226,4285639,33,300768,20260430
301288.SZ,*ST清研,17.35,17.51,-1.64399093,17.78,17.1,2629/5521,17.51,17.78,17.1,17.35,3.854875,891908,33,301288,20260430
600353.SH,旭光电子,17.23,17.59,-2.65536723,17.76,17.1,2629/5521,17.59,17.76,17.1,17.23,3.728813,3.3946291E7,17,600353,20260430
600438.SH,通威股份,17.37,17.1,0.23081362,17.72,17.1,2629/5521,17.1,17.72,17.1,17.37,3.577611,5.9071215E7,17,600438,20260430
603303.SH,得邦照明,18.08,17.22,4.44829578,18.08,17.1,2629/5521,17.22,18.08,17.1,18.08,5.661467,4857500,17,603303,20260430
688132.SH,邦彦技术,17.92,17.1,4.42890443,17.92,17.1,2629/5521,17.1,17.92,17.1,17.92,4.778554,1919719,17,688132,20260430
301229.SZ,纽泰格,17.35,17.27,0.46323104,17.44,17.08,2635/5521,17.27,17.44,17.08,17.35,2.084539,1720335,33,301229,20260430
688289.SH,圣湘生物,17.15,17.25,-1.54994259,17.25,17.08,2635/5521,17.25,17.25,17.08,17.15,0.975889,4056003,17,688289,20260430
300713.SZ,英可瑞,17.31,17.14,0.99183197,17.39,17.07,2637/5521,17.14,17.39,17.07,17.31,1.866977,3103555,33,300713,20260430
002963.SZ,豪尔赛,17.1,17.42,-1.78058587,17.79,17.06,2638/5521,17.42,17.79,17.06,17.1,4.192992,4681800,33,002963,20260430
600444.SH,国机通用,17.31,17.32,0.46430644,17.4,17.06,2638/5521,17.32,17.4,17.06,17.31,1.973302,4138500,17,600444,20260430
603165.SH,荣晟环保,17.4,17.2,1.1627907,17.65,17.06,2638/5521,17.2,17.65,17.06,17.4,3.430232,1.1821631E7,17,603165,20260430
603231.SH,索宝蛋白,17.09,17.68,-4.41834452,17.69,17.06,2638/5521,17.68,17.69,17.06,17.09,3.523489,5003520,17,603231,20260430
605167.SH,利柏特,17.49,17.06,0.69084629,17.6,17.06,2638/5521,17.06,17.6,17.06,17.49,3.108808,3703817,17,605167,20260430
002984.SZ,森麒麟,17.18,17.54,-1.09383995,17.55,17.05,2643/5521,17.54,17.55,17.05,17.18,2.878526,1.5166882E7,33,002984,20260430
300504.SZ,天邑股份,17.26,17.17,0.46565774,17.33,17.05,2643/5521,17.17,17.33,17.05,17.26,1.629802,8661800,33,300504,20260430
002849.SZ,威星智能,17.3,17.11,0.81585082,17.67,17.03,2645/5521,17.11,17.67,17.03,17.3,3.729603,6636490,33,002849,20260430
300561.SZ,*ST汇科,17.06,17.8,-3.56133409,17.84,17.03,2645/5521,17.8,17.84,17.03,17.06,4.578858,9345400,33,300561,20260430
300058.SZ,蓝色光标,17.12,17.22,-1.55261645,17.58,17.02,2647/5521,17.22,17.58,17.02,17.12,3.220241,2.88246421E8,33,300058,20260430
920641.BJ,格利尔,17.23,17.28,-0.6343714,17.6,17.02,2647/5521,17.28,17.6,17.02,17.23,3.344867,1697833,151,920641,20260430
300430.SZ,诚益通,17.01,17.01,,17.01,17.01,2649/5521,17.01,17.01,17.01,17.01,,,33,300430,20260430
603258.SH,电魂网络,17.05,17.39,-2.84900285,17.48,17.01,2649/5521,17.39,17.48,17.01,17.05,2.678062,2514000,17,603258,20260430
300515.SZ,三德科技,17.13,17.12,-0.29103609,17.26,17,2651/5521,17.12,17.26,17,17.13,1.513387,2479800,33,300515,20260430
600131.SH,国网信通,17.14,17.3,-0.92485549,17.33,17,2651/5521,17.3,17.33,17,17.14,1.907514,1.0242514E7,17,600131,20260430
920223.BJ,荣亿精密,17.0,17.18,-1.1627907,17.37,17,2651/5521,17.18,17.37,17,17.0,2.151162,1647911,151,920223,20260430
003042.SZ,中农联合,17.09,17.1,1.18413262,17.24,16.99,2654/5521,17.1,17.24,16.99,17.09,1.480165,5143300,33,003042,20260430
300479.SZ,神思电子,17.31,17.19,1.22807018,17.71,16.99,2654/5521,17.19,17.71,16.99,17.31,4.210526,4497274,33,300479,20260430
600869.SH,远东股份,16.99,17.71,-2.35632184,17.75,16.99,2654/5521,17.71,17.75,16.99,16.99,4.367816,7.544714E7,17,600869,20260430
605218.SH,伟时电子,17.03,17.63,-3.40328985,17.65,16.99,2654/5521,17.63,17.65,16.99,17.03,3.743618,3800900,17,605218,20260430
688599.SH,天合光能,17.36,16.98,7.42574257,17.88,16.98,2658/5521,16.98,17.88,16.98,17.36,5.569306,9.8823533E7,17,688599,20260430
300838.SZ,浙江力诺,17.79,16.98,4.34017595,18.1,16.97,2659/5521,16.98,18.1,16.97,17.79,6.627565,8186818,33,300838,20260430
002772.SZ,众兴菌业,17.24,17.18,-0.51933064,17.45,16.95,2660/5521,17.18,17.45,16.95,17.24,2.88517,8132523,33,002772,20260430
300987.SZ,川网传媒,17.1,17.06,0.11709602,17.18,16.95,2660/5521,17.06,17.18,16.95,17.1,1.346604,3096682,33,300987,20260430
600143.SH,金发科技,17.15,17.03,0.64553991,17.31,16.95,2660/5521,17.03,17.31,16.95,17.15,2.112676,4.4741829E7,17,600143,20260430
605183.SH,确成股份,16.97,17.48,-1.90751445,17.48,16.95,2660/5521,17.48,17.48,16.95,16.97,3.063583,2649500,17,605183,20260430
002715.SZ,登云股份,17.5,17.11,2.10035006,17.88,16.93,2664/5521,17.11,17.88,16.93,17.5,5.54259,1.53705E7,33,002715,20260430
920028.BJ,新恒泰,17.0,17.25,-2.57879656,17.83,16.93,2664/5521,17.25,17.83,16.93,17.0,5.157593,6379845,151,920028,20260430
001202.SZ,炬申股份,16.97,16.95,0.05896226,17.15,16.92,2666/5521,16.95,17.15,16.92,16.97,1.356132,2150830,33,001202,20260430
601607.SH,上海医药,17.09,17,0.94506793,17.12,16.92,2666/5521,17,17.12,16.92,17.09,1.181334,1.1285735E7,17,601607,20260430
000703.SZ,恒逸石化,17.65,17.1,2.6759744,18.17,16.91,2668/5521,17.1,18.17,16.91,17.65,7.329842,7.3735882E7,33,000703,20260430
002272.SZ,川润股份,17.3,17.31,-0.63182079,17.57,16.91,2668/5521,17.31,17.57,16.91,17.3,3.790924,3.930151E7,33,002272,20260430
002703.SZ,浙江世宝,17.03,17.46,-2.07015526,17.57,16.91,2668/5521,17.46,17.57,16.91,17.03,3.795284,3.0753029E7,33,002703,20260430
002603.SZ,以岭药业,17.04,16.92,0.41249263,17.22,16.9,2671/5521,16.92,17.22,16.9,17.04,1.88568,1.6455134E7,33,002603,20260430
300246.SZ,宝莱特,17.7,17,4.05643739,18.1,16.88,2672/5521,17,18.1,16.88,17.7,7.172251,1.7533206E7,33,300246,20260430
601872.SH,招商轮船,17.6,17.2,-0.05678592,17.93,16.88,2672/5521,17.2,17.93,16.88,17.6,5.962521,1.17727798E8,17,601872,20260430
603237.SH,五芳斋,17.08,17.02,-1.95177956,17.3,16.88,2672/5521,17.02,17.3,16.88,17.08,2.411021,1937700,17,603237,20260430
600021.SH,上海电力,17.0,17.22,-1.04772992,17.22,16.84,2675/5521,17.22,17.22,16.84,17.0,2.211874,3.6035808E7,17,600021,20260430
601059.SH,信达证券,16.91,16.88,0.6547619,17.02,16.84,2675/5521,16.88,17.02,16.84,16.91,1.071428,9732499,17,601059,20260430
600475.SH,华光环能,16.89,17,0.11855365,17.37,16.83,2677/5521,17,17.37,16.83,16.89,3.200948,1.1705432E7,17,600475,20260430
920896.BJ,旺成科技,16.91,16.91,0.53507729,17.25,16.83,2677/5521,16.91,17.25,16.83,16.91,2.497027,515957,151,920896,20260430
688236.SH,春立医疗,17.3,19.24,-10.96242923,19.24,16.82,2679/5521,19.24,19.24,16.82,17.3,12.454966,5536624,17,688236,20260430
300118.SZ,东方日升,17.74,17,3.56100409,17.79,16.8,2680/5521,17,17.79,16.8,17.74,5.779334,8.7452442E7,33,300118,20260430
301311.SZ,昆船智能,16.87,16.87,0.05931198,17.13,16.8,2680/5521,16.87,17.13,16.8,16.87,1.957295,2116124,33,301311,20260430
601179.SH,中国西电,16.92,17.15,-1.34110787,17.22,16.8,2680/5521,17.15,17.22,16.8,16.92,2.448979,1.21340871E8,17,601179,20260430
688410.SH,山外山,17.17,16.9,5.27283875,17.79,16.79,2683/5521,16.9,17.79,16.79,17.17,6.131207,1.904519E7,17,688410,20260430
000422.SZ,湖北宜化,16.9,17.01,-1.05386417,17.27,16.78,2684/5521,17.01,17.27,16.78,16.9,2.868852,4.0389026E7,33,000422,20260430
002601.SZ,龙佰集团,16.91,17.15,-1.11111111,17.39,16.78,2684/5521,17.15,17.39,16.78,16.91,3.567251,2.7933184E7,33,002601,20260430
002932.SZ,*ST明德,16.97,16.9,0.41420118,17,16.77,2686/5521,16.9,17,16.77,16.97,1.360946,3229200,33,002932,20260430
605077.SH,华康股份,17.04,17,-0.23419204,17.28,16.77,2686/5521,17,17.28,16.77,17.04,2.985948,1.5805505E7,17,605077,20260430
002890.SZ,弘宇股份,17.0,17.21,-2.01729107,17.23,16.76,2688/5521,17.21,17.23,16.76,17.0,2.708933,4996591,33,002890,20260430
000923.SZ,河钢资源,16.8,17,-2.21187427,17.38,16.75,2689/5521,17,17.38,16.75,16.8,3.667054,1.8290308E7,33,000923,20260430
300826.SZ,测绘股份,17.0,16.78,1.25074449,17.03,16.75,2689/5521,16.78,17.03,16.75,17.0,1.667659,3358691,33,300826,20260430
603315.SH,福鞍股份,16.81,17.02,-4.59704881,17.58,16.75,2689/5521,17.02,17.58,16.75,16.81,4.710556,1.71747E7,17,603315,20260430
920405.BJ,海希通讯,17.19,16.94,0.05820722,17.44,16.74,2692/5521,16.94,17.44,16.74,17.19,4.074505,3902810,151,920405,20260430
000830.SZ,鲁西化工,17.06,17.25,0.41200706,17.35,16.73,2693/5521,17.25,17.35,16.73,17.06,3.649205,3.9854319E7,33,000830,20260430
688718.SH,唯赛勃,17.02,16.93,1.18906064,17.1,16.73,2693/5521,16.93,17.1,16.73,17.02,2.199762,2475835,17,688718,20260430
920943.BJ,优机股份,17.02,18.5,-13.16326531,18.5,16.71,2695/5521,18.5,18.5,16.71,17.02,9.132653,3658405,151,920943,20260430
300053.SZ,航宇微,17.9,16.83,6.73822302,18.12,16.7,2696/5521,16.83,18.12,16.7,17.9,8.467501,4.5052758E7,33,300053,20260430
300700.SZ,岱勒新材,17.36,16.88,3.21046373,17.57,16.7,2696/5521,16.88,17.57,16.7,17.36,5.172413,1.3215888E7,33,300700,20260430
300416.SZ,苏试试验,16.99,16.69,1.25148987,17.04,16.69,2698/5521,16.69,17.04,16.69,16.99,2.085816,1.3349137E7,33,300416,20260430
603038.SH,华立股份,16.84,16.76,0.47732697,17,16.69,2698/5521,16.76,17,16.69,16.84,1.849642,6165130,17,603038,20260430
002611.SZ,东方精工,17.2,16.71,2.56410256,17.55,16.68,2700/5521,16.71,17.55,16.68,17.2,5.187835,2.9625483E7,33,002611,20260430
600771.SH,广誉远,16.76,16.9,-0.82840237,16.94,16.67,2701/5521,16.9,16.94,16.67,16.76,1.597633,5075402,17,600771,20260430
688560.SH,明冠新材,16.87,17.05,0.65632458,17.29,16.66,2702/5521,17.05,17.29,16.66,16.87,3.758949,6382482,17,688560,20260430
300377.SZ,赢时胜,16.99,16.7,1.37231504,17.62,16.65,2703/5521,16.7,17.62,16.65,16.99,5.787589,2.8478316E7,33,300377,20260430
002858.SZ,力盛体育,17.1,16.63,2.82621768,17.45,16.61,2704/5521,16.63,17.45,16.61,17.1,5.051112,1.34818E7,33,002858,20260430
688697.SH,纽威数控,17.4,16.62,3.75670841,17.75,16.61,2704/5521,16.62,17.75,16.61,17.4,6.797853,1.2252105E7,17,688697,20260430
002393.SZ,力生制药,16.7,16.75,-0.6543724,16.88,16.6,2706/5521,16.75,16.88,16.6,16.7,1.665675,2689694,33,002393,20260430
300092.SZ,科新机电,16.74,16.65,0.35971223,16.91,16.6,2706/5521,16.65,16.91,16.6,16.74,1.858513,6498200,33,300092,20260430
603368.SH,柳药集团,16.74,16.6,-1.41342756,16.83,16.6,2706/5521,16.6,16.83,16.6,16.74,1.354534,5106087,17,603368,20260430
605189.SH,富春染织,16.95,17.7,-4.82874789,17.7,16.6,2706/5521,17.7,17.7,16.6,16.95,6.176305,1.02835E7,17,605189,20260430
003001.SZ,中岩大地,17.05,16.77,1.73031026,17.18,16.59,2710/5521,16.77,17.18,16.59,17.05,3.520286,3320899,33,003001,20260430
301559.SZ,中集环科,16.86,16.87,1.44404332,17,16.59,2710/5521,16.87,17,16.59,16.86,2.466907,2118209,33,301559,20260430
600776.SH,东方通信,16.62,17,-2.46478873,17.01,16.58,2712/5521,17,17.01,16.58,16.62,2.523474,2.8857475E7,17,600776,20260430
603206.SH,嘉环科技,16.6,16.72,-0.71770335,16.88,16.57,2713/5521,16.72,16.88,16.57,16.6,1.854066,3440000,17,603206,20260430
300249.SZ,依米康,17.56,17.4,0,17.75,16.56,2714/5521,17.4,17.75,16.56,17.56,6.776765,3.3455288E7,33,300249,20260430
300963.SZ,中洲特材,16.84,16.64,1.26277811,16.88,16.56,2714/5521,16.64,16.88,16.56,16.84,1.924233,7160376,33,300963,20260430
603310.SH,巍华新材,16.59,16.7,-0.42016807,16.77,16.56,2714/5521,16.7,16.77,16.56,16.59,1.260504,1821126,17,603310,20260430
603630.SH,拉芳家化,16.62,16.73,-1.48192057,16.9,16.56,2714/5521,16.73,16.9,16.56,16.62,2.015411,3587400,17,603630,20260430
688488.SH,艾迪药业,17.26,17.32,-0.23121387,17.64,16.56,2714/5521,17.32,17.64,16.56,17.26,6.242774,1.0932207E7,17,688488,20260430
920016.BJ,中草香料,16.82,16.7,0.96038415,16.98,16.56,2714/5521,16.7,16.98,16.56,16.82,2.521008,382014,151,920016,20260430
301260.SZ,格力博,17.13,16.66,2.51346499,17.37,16.55,2720/5521,16.66,17.37,16.55,17.13,4.907241,1.1560812E7,33,301260,20260430
600933.SH,爱柯迪,16.97,16.7,2.84848485,17.48,16.55,2720/5521,16.7,17.48,16.55,16.97,5.636363,3.0858188E7,17,600933,20260430
603069.SH,海汽集团,17.02,16.75,2.90205562,17.28,16.55,2720/5521,16.75,17.28,16.55,17.02,4.413542,6113700,17,603069,20260430
920033.BJ,康普化学,17.55,16.66,5.34213685,17.77,16.55,2720/5521,16.66,17.77,16.55,17.55,7.322929,2639648,151,920033,20260430
300005.SZ,探路者,16.66,16.7,-0.59665871,16.99,16.53,2724/5521,16.7,16.99,16.53,16.66,2.74463,3.4726497E7,33,300005,20260430
300645.SZ,正元智慧,16.6,16.7,-0.65828845,17,16.52,2725/5521,16.7,17,16.52,16.6,2.872531,8804680,33,300645,20260430
301109.SZ,军信股份,16.69,16.61,0.24024024,16.95,16.52,2725/5521,16.61,16.95,16.52,16.69,2.582582,6473833,33,301109,20260430
301376.SZ,致欧科技,16.65,17.58,-5.29010239,17.68,16.52,2725/5521,17.58,17.68,16.52,16.65,6.598407,8215333,33,301376,20260430
600539.SH,狮头股份,17.56,18.36,-4.30517711,18.73,16.52,2725/5521,18.36,18.73,16.52,17.56,12.043596,3.6568308E7,17,600539,20260430
002532.SZ,天山铝业,16.64,17.27,-4.09221902,17.3,16.51,2729/5521,17.27,17.3,16.51,16.64,4.553314,6.9389561E7,33,002532,20260430
002577.SZ,雷柏科技,17.19,16.55,3.3674083,17.49,16.51,2729/5521,16.55,17.49,16.51,17.19,5.892964,4823327,33,002577,20260430
601136.SH,首创证券,16.62,16.6,-0.89445438,16.86,16.51,2729/5521,16.6,16.86,16.51,16.62,2.08706,2.0114732E7,17,601136,20260430
603610.SH,麒盛科技,16.9,16.86,1.19760479,17.05,16.51,2729/5521,16.86,17.05,16.51,16.9,3.233532,6164625,17,603610,20260430
603788.SH,宁波高发,16.88,16.68,0.71599045,16.99,16.51,2729/5521,16.68,16.99,16.51,16.88,2.863961,5317600,17,603788,20260430
300012.SZ,华测检测,16.54,16.63,-0.06042296,16.9,16.5,2734/5521,16.63,16.9,16.5,16.54,2.416918,2.503614E7,33,300012,20260430
300589.SZ,江龙船艇,16.53,16.6,0.18181818,17.15,16.5,2734/5521,16.6,17.15,16.5,16.53,3.939393,2.0962119E7,33,300589,20260430
600884.SH,杉杉股份,16.65,17.18,-1.47928994,17.53,16.5,2734/5521,17.18,17.53,16.5,16.65,6.094674,2.22490094E8,17,600884,20260430
300298.SZ,三诺生物,16.63,16.6,0.30156815,16.73,16.49,2737/5521,16.6,16.73,16.49,16.63,1.447527,5273701,33,300298,20260430
600379.SH,宝光股份,16.78,16.5,10.03278689,16.78,16.48,2738/5521,16.5,16.78,16.48,16.78,1.967213,4.3834368E7,17,600379,20260430
600598.SH,北大荒,16.75,16.55,0.90361446,16.81,16.48,2738/5521,16.55,16.81,16.48,16.75,1.987951,2.8920687E7,17,600598,20260430
688707.SH,振华新材,16.52,17.18,-3.89761489,17.23,16.47,2740/5521,17.18,17.23,16.47,16.52,4.421175,3.0546695E7,17,688707,20260430
300484.SZ,蓝海华腾,16.58,16.66,-0.36057692,16.78,16.46,2741/5521,16.66,16.78,16.46,16.58,1.923076,2721800,33,300484,20260430
300967.SZ,晓鸣股份,16.61,16.5,0.06024096,16.77,16.45,2742/5521,16.5,16.77,16.45,16.61,1.92771,3187578,33,300967,20260430
605336.SH,*ST帅电,16.68,16.82,-1.18483412,17.5,16.45,2742/5521,16.82,17.5,16.45,16.68,6.220379,4920290,22,605336,20260430
920195.BJ,三祥科技,16.5,17.1,-3.11215502,17.1,16.44,2744/5521,17.1,17.1,16.44,16.5,3.875513,2386466,151,920195,20260430
002962.SZ,五方光电,16.47,16.79,-1.02163462,17.22,16.43,2745/5521,16.79,17.22,16.43,16.47,4.747596,1.4213056E7,33,002962,20260430
300741.SZ,华宝股份,16.58,16.49,0.42398546,16.67,16.43,2745/5521,16.49,16.67,16.43,16.58,1.453664,2309800,33,300741,20260430
920608.BJ,丰安股份,16.52,16.48,0.42553191,16.84,16.41,2747/5521,16.48,16.84,16.41,16.52,2.613981,344565,151,920608,20260430
603214.SH,爱婴室,16.69,16.43,1.27427184,16.75,16.4,2748/5521,16.43,16.75,16.4,16.69,2.123786,3318780,17,603214,20260430
920262.BJ,太湖雪,16.75,17,1.51515152,17.45,16.4,2748/5521,17,17.45,16.4,16.75,6.363636,930646,151,920262,20260430
920879.BJ,基康技术,16.4,16.98,-2.95857988,17,16.4,2748/5521,16.98,17,16.4,16.4,3.550295,1812290,151,920879,20260430
002643.SZ,万润股份,16.56,16.53,0.24213075,16.65,16.38,2751/5521,16.53,16.65,16.38,16.56,1.634382,1.0425975E7,33,002643,20260430
002237.SZ,恒邦股份,16.61,16.82,-2.06367925,16.95,16.37,2752/5521,16.82,16.95,16.37,16.61,3.419811,2.8562664E7,33,002237,20260430
300389.SZ,艾比森,16.37,16.77,-2.84866469,16.9,16.37,2752/5521,16.77,16.9,16.37,16.37,3.1454,1.07896E7,33,300389,20260430
601012.SH,隆基绿能,16.46,16.37,-0.54380665,16.68,16.37,2752/5521,16.37,16.68,16.37,16.46,1.873111,1.31505381E8,17,601012,20260430
603729.SH,ST龙韵,16.37,16.37,-4.99129425,16.37,16.37,2752/5521,16.37,16.37,16.37,16.37,0,58400,22,603729,20260430
002250.SZ,联化科技,16.55,16.46,0.24227741,17.01,16.36,2756/5521,16.46,17.01,16.36,16.55,3.937007,1.5537753E7,33,002250,20260430
300209.SZ,行云科技,17.47,16.63,2.58367587,17.5,16.36,2756/5521,16.63,17.5,16.36,17.47,6.694069,1.41942116E8,33,300209,20260430
688022.SH,瀚川智能,16.35,16.35,,16.35,16.35,2758/5521,16.35,16.35,16.35,16.35,,,17,688022,20260430
300568.SZ,星源材质,16.43,16.65,-1.38055222,17.04,16.33,2759/5521,16.65,17.04,16.33,16.43,4.261704,7.8828691E7,33,300568,20260430
000025.SZ,特力A,16.6,16.39,1.28126907,16.73,16.32,2760/5521,16.39,16.73,16.32,16.6,2.501525,6384764,33,000025,20260430
300642.SZ,透景生命,16.51,16.46,0.30376671,16.7,16.31,2761/5521,16.46,16.7,16.31,16.51,2.36938,3211580,33,300642,20260430
920363.BJ,莱赛激光,16.39,16.54,-0.90689238,16.77,16.31,2761/5521,16.54,16.77,16.31,16.39,2.781136,945746,151,920363,20260430
301298.SZ,东利机械,16.59,16.38,1.22025625,16.64,16.3,2763/5521,16.38,16.64,16.3,16.59,2.074435,2376422,33,301298,20260430
603210.SH,泰鸿万立,16.52,16.34,1.59901599,16.79,16.3,2763/5521,16.34,16.79,16.3,16.52,3.01353,5619548,17,603210,20260430
688030.SH,山石网科,16.57,16.51,1.34556575,16.77,16.3,2763/5521,16.51,16.77,16.3,16.57,2.874617,1875363,17,688030,20260430
300538.SZ,同益股份,16.34,16.39,-0.24420024,16.47,16.27,2766/5521,16.39,16.47,16.27,16.34,1.221001,3394300,33,300538,20260430
002780.SZ,三夫户外,16.77,16.29,2.56880734,16.98,16.26,2767/5521,16.29,16.98,16.26,16.77,4.403669,1.7534273E7,33,002780,20260430
603927.SH,中科软,16.44,16.38,0.24390244,16.64,16.26,2767/5521,16.38,16.64,16.26,16.44,2.317073,9025074,17,603927,20260430
000819.SZ,岳阳兴长,16.34,16.41,-0.54777845,16.68,16.25,2769/5521,16.41,16.68,16.25,16.34,2.617163,4670272,33,000819,20260430
300691.SZ,联合光电,16.4,16.5,-0.60606061,16.61,16.25,2769/5521,16.5,16.61,16.25,16.4,2.181818,4708547,33,300691,20260430
603153.SH,上海建科,17.43,16.3,6.34533252,18.03,16.25,2769/5521,16.3,18.03,16.25,17.43,10.86028,9747792,17,603153,20260430
920158.BJ,长江能科,16.48,16.31,1.72839506,16.53,16.23,2772/5521,16.31,16.53,16.23,16.48,1.851851,2525219,151,920158,20260430
920351.BJ,华光源海,16.6,16.38,1.65339865,16.7,16.22,2773/5521,16.38,16.7,16.22,16.6,2.939375,1167286,151,920351,20260430
301037.SZ,保立佳,16.92,16.3,3.80368098,17.05,16.21,2774/5521,16.3,17.05,16.21,16.92,5.153374,3444082,33,301037,20260430
603025.SH,大豪科技,16.36,16.3,0.24509804,16.48,16.21,2774/5521,16.3,16.48,16.21,16.36,1.654411,1.1508756E7,17,603025,20260430
300131.SZ,英唐智控,16.25,16.75,-2.10843373,16.99,16.2,2776/5521,16.75,16.99,16.2,16.25,4.759036,7.8420146E7,33,300131,20260430
600756.SH,浪潮软件,16.51,16.22,1.6,16.55,16.2,2776/5521,16.22,16.55,16.2,16.51,2.153846,8055116,17,600756,20260430
603858.SH,步长制药,16.28,16.48,-1.39309509,16.56,16.2,2776/5521,16.48,16.56,16.2,16.28,2.180496,6004131,17,603858,20260430
002159.SZ,三特索道,16.34,16.89,-3.37078652,16.91,16.19,2779/5521,16.89,16.91,16.19,16.34,4.257835,5648157,33,002159,20260430
002468.SZ,申通快递,16.35,16.58,-1.32770066,16.63,16.17,2780/5521,16.58,16.63,16.17,16.35,2.776101,2.7655169E7,33,002468,20260430
603219.SH,富佳股份,16.63,16.44,1.15571776,16.81,16.17,2780/5521,16.44,16.81,16.17,16.63,3.892944,6661200,17,603219,20260430
603317.SH,天味食品,17.13,16.92,-0.86805556,17.3,16.17,2780/5521,16.92,17.3,16.17,17.13,6.539351,6.2543732E7,17,603317,20260430
002635.SZ,安洁科技,16.5,16.57,-0.42245021,16.74,16.16,2783/5521,16.57,16.74,16.16,16.5,3.500301,1.4176523E7,33,002635,20260430
300519.SZ,新光药业,16.31,16.16,0.74119827,16.44,16.16,2783/5521,16.16,16.44,16.16,16.31,1.729462,2247350,33,300519,20260430
600749.SH,西藏旅游,16.24,16.7,-2.81268701,16.7,16.16,2783/5521,16.7,16.7,16.16,16.24,3.231597,1.3913725E7,17,600749,20260430
300675.SZ,建科院,16.48,16.26,1.35301353,16.58,16.13,2786/5521,16.26,16.58,16.13,16.48,2.767527,3019800,33,300675,20260430
002732.SZ,燕塘乳业,16.42,16.26,-0.4244997,16.49,16.12,2787/5521,16.26,16.49,16.12,16.42,2.243784,2513700,33,002732,20260430
300962.SZ,中金辐照,16.2,16.27,-0.06169031,16.32,16.12,2787/5521,16.27,16.32,16.12,16.2,1.233806,1723400,33,300962,20260430
688310.SH,迈得医疗,17.39,16.56,6.2309102,17.52,16.12,2787/5521,16.56,17.52,16.12,17.39,8.552229,1.0660281E7,17,688310,20260430
002861.SZ,瀛通通讯,16.34,16.27,0.61576355,16.39,16.11,2790/5521,16.27,16.39,16.11,16.34,1.724137,4623960,33,002861,20260430
920656.BJ,海昇药业,16.33,16.11,1.36561142,16.52,16.11,2790/5521,16.11,16.52,16.11,16.33,2.545003,817746,151,920656,20260430
603586.SH,金麒麟,16.36,16.17,0.49140049,16.71,16.1,2792/5521,16.17,16.71,16.1,16.36,3.746928,3563500,17,603586,20260430
002612.SZ,朗姿股份,16.09,16.35,-1.59021407,16.64,16.08,2793/5521,16.35,16.64,16.08,16.09,3.425076,9332586,33,002612,20260430
603823.SH,百合花,16.7,16.08,4.24469413,16.79,16.08,2793/5521,16.08,16.79,16.08,16.7,4.43196,9011959,17,603823,20260430
920895.BJ,花溪科技,16.47,16.12,2.42537313,16.77,16.08,2793/5521,16.12,16.77,16.08,16.47,4.291044,552836,151,920895,20260430
600793.SH,宜宾纸业,16.31,17.04,-8.57623318,17.29,16.06,2796/5521,17.04,17.29,16.06,16.31,6.894618,1.1009611E7,17,600793,20260430
002823.SZ,凯中精密,16.24,16.15,0.37082818,16.38,16.05,2797/5521,16.15,16.38,16.05,16.24,2.039555,5589774,33,002823,20260430
601211.SH,国泰海通,16.12,16.1,0,16.38,16.04,2798/5521,16.1,16.38,16.04,16.12,2.109181,1.35340303E8,17,601211,20260430
002438.SZ,江苏神通,16.12,16.19,-0.43236566,16.26,16.02,2799/5521,16.19,16.26,16.02,16.12,1.482396,4835835,33,002438,20260430
002755.SZ,奥赛康,16.95,16.09,4.56508328,17.09,16.02,2799/5521,16.09,17.09,16.02,16.95,6.600863,2.5216708E7,33,002755,20260430
002077.SZ,大港股份,16.51,16.01,3.05867665,16.57,16.01,2801/5521,16.01,16.57,16.01,16.51,3.49563,3.0909061E7,33,002077,20260430
002602.SZ,世纪华通,16.01,16.96,-8.93060296,17,16.01,2801/5521,16.96,17,16.01,16.01,5.631399,2.97702676E8,33,002602,20260430
301439.SZ,泓淋电力,16.48,16.05,2.67912773,16.54,16.01,2801/5521,16.05,16.54,16.01,16.48,3.30218,8918226,33,301439,20260430
600877.SH,电科芯片,16.45,16.06,2.11049038,16.52,16.01,2801/5521,16.06,16.52,16.01,16.45,3.165735,2.0018317E7,17,600877,20260430
001289.SZ,龙源电力,16.8,16.16,3.83189122,16.96,16,2805/5521,16.16,16.96,16,16.8,5.93325,1.4380803E7,33,001289,20260430
002095.SZ,生意宝,16.17,16.03,0.87336245,16.85,16,2805/5521,16.03,16.85,16,16.17,5.302557,4618608,33,002095,20260430
300137.SZ,先河环保,16.66,16.8,-1.36175252,17.07,16,2805/5521,16.8,17.07,16,16.66,6.335109,2.919801E7,33,300137,20260430
300051.SZ,琏升科技,16.45,16.22,0.42735043,16.7,15.98,2808/5521,16.22,16.7,15.98,16.45,4.395604,1.59513E7,33,300051,20260430
300697.SZ,电工合金,16.13,16.1,-0.18564356,16.28,15.98,2808/5521,16.1,16.28,15.98,16.13,1.856435,4836850,33,300697,20260430
300786.SZ,国林科技,16.38,16.06,2.24719101,16.87,15.98,2808/5521,16.06,16.87,15.98,16.38,5.555555,1.0062295E7,33,300786,20260430
603637.SH,镇海股份,16.88,16.06,5.04044804,17.12,15.98,2808/5521,16.06,17.12,15.98,16.88,7.093963,1.6535473E7,17,603637,20260430
300673.SZ,佩蒂股份,16.12,16.1,-0.18575851,16.3,15.96,2812/5521,16.1,16.3,15.96,16.12,2.105263,2389450,33,300673,20260430
300847.SZ,中船汉光,16.08,15.99,0.56285178,16.3,15.95,2813/5521,15.99,16.3,15.95,16.08,2.188868,3662129,33,300847,20260430
600897.SH,厦门空港,16.12,16.06,0.24875622,16.15,15.95,2813/5521,16.06,16.15,15.95,16.12,1.243781,2161761,17,600897,20260430
601156.SH,东航物流,16.0,16.44,-1.29549661,16.59,15.95,2813/5521,16.44,16.59,15.95,16.0,3.94818,1.0402961E7,17,601156,20260430
002229.SZ,鸿博股份,16.39,16.1,1.86451212,16.67,15.94,2816/5521,16.1,16.67,15.94,16.39,4.536979,4.7919335E7,33,002229,20260430
300437.SZ,清水源,16.04,16.51,-1.47420147,16.6,15.93,2817/5521,16.51,16.6,15.93,16.04,4.115479,1.30655E7,33,300437,20260430
300498.SZ,温氏股份,16.44,16.01,1.98511166,16.64,15.93,2817/5521,16.01,16.64,15.93,16.44,4.404466,6.2800093E7,33,300498,20260430
002725.SZ,跃岭股份,16.9,15.99,5.16490355,17.56,15.92,2819/5521,15.99,17.56,15.92,16.9,10.205351,1.689226E7,33,002725,20260430
603810.SH,丰山集团,16.07,15.99,-0.06218905,16.27,15.9,2820/5521,15.99,16.27,15.9,16.07,2.300995,2477560,17,603810,20260430
601699.SH,潞安环能,16.16,16.15,-0.24691358,16.44,15.89,2821/5521,16.15,16.44,15.89,16.16,3.395061,4.2589948E7,17,601699,20260430
603079.SH,圣达生物,15.96,16.08,-0.80795525,16.16,15.89,2821/5521,16.08,16.16,15.89,15.96,1.67806,3701299,17,603079,20260430
688089.SH,嘉必优,16.03,16.04,-0.1867995,16.41,15.89,2821/5521,16.04,16.41,15.89,16.03,3.237858,4000465,17,688089,20260430
600521.SH,华海药业,16.29,16.01,1.8125,16.6,15.88,2824/5521,16.01,16.6,15.88,16.29,4.5,3.3143729E7,17,600521,20260430
300493.SZ,润欣科技,16.19,15.91,1.56838143,16.23,15.87,2825/5521,15.91,16.23,15.87,16.19,2.258469,1.1800489E7,33,300493,20260430
300774.SZ,倍杰特,16.2,16.01,0.43397396,17.16,15.87,2825/5521,16.01,17.16,15.87,16.2,7.99752,1.3893116E7,33,300774,20260430
600861.SH,北京人力,15.9,15.98,-0.93457944,16.14,15.86,2827/5521,15.98,16.14,15.86,15.9,1.744548,2784894,17,600861,20260430
000020.SZ,深华发A,15.96,15.9,0.18832392,16.22,15.85,2828/5521,15.9,16.22,15.85,15.96,2.322661,4470001,33,000020,20260430
002176.SZ,江特电机,16.05,16.27,-0.24860162,16.97,15.85,2828/5521,16.27,16.97,15.85,16.05,6.960845,3.41734502E8,33,002176,20260430
301081.SZ,严牌股份,15.89,16.23,-2.21538462,16.36,15.84,2830/5521,16.23,16.36,15.84,15.89,3.2,5006084,33,301081,20260430
603861.SH,白云电器,15.92,16.41,-2.98598416,16.58,15.84,2830/5521,16.41,16.58,15.84,15.92,4.509445,1.35079E7,17,603861,20260430
300017.SZ,网宿科技,16.0,16.3,-2.73556231,16.66,15.83,2832/5521,16.3,16.66,15.83,16.0,5.045592,1.59525939E8,33,300017,20260430
601965.SH,中国汽研,16.1,16,0.37406484,16.13,15.82,2833/5521,16,16.13,15.82,16.1,1.932668,6437455,17,601965,20260430
300772.SZ,运达股份,16.22,15.96,1.1852776,16.44,15.81,2834/5521,15.96,16.44,15.81,16.22,3.930131,2.3152083E7,33,300772,20260430
605188.SH,国光连锁,16.12,15.8,1.70347003,16.65,15.8,2835/5521,15.8,16.65,15.8,16.12,5.362776,7488008,17,605188,20260430
300901.SZ,中胤时尚,16.01,15.79,1.00946372,16.29,15.79,2836/5521,15.79,16.29,15.79,16.01,3.154574,4046242,33,300901,20260430
000551.SZ,创元科技,16.28,15.92,3.29949239,16.61,15.78,2837/5521,15.92,16.61,15.78,16.28,5.266497,5.9780467E7,33,000551,20260430
603696.SH,安记食品,15.92,16.02,2.18228498,16.27,15.78,2837/5521,16.02,16.27,15.78,15.92,3.145057,8001666,17,603696,20260430
603848.SH,好太太,16.1,15.9,1.13065327,16.15,15.78,2837/5521,15.9,16.15,15.78,16.1,2.32412,2471987,17,603848,20260430
605339.SH,南侨食品,16.1,15.84,1.70562224,16.12,15.77,2840/5521,15.84,16.12,15.77,16.1,2.210991,1365000,17,605339,20260430
300872.SZ,天阳科技,16.51,15.76,4.69245403,16.78,15.76,2841/5521,15.76,16.78,15.76,16.51,6.467977,1.5438077E7,33,300872,20260430
000559.SZ,万向钱潮,16.09,15.73,1.57828283,16.43,15.72,2842/5521,15.73,16.43,15.72,16.09,4.482323,6.1952657E7,33,000559,20260430
301526.SZ,国际复材,16.08,16.8,-5.63380282,17.1,15.72,2842/5521,16.8,17.1,15.72,16.08,8.098591,2.22173934E8,33,301526,20260430
603677.SH,奇精机械,15.74,15.82,0.51085568,15.94,15.72,2842/5521,15.82,15.94,15.72,15.74,1.404853,1310400,17,603677,20260430
300564.SZ,筑博设计,15.89,16,-0.43859649,16.1,15.71,2845/5521,16,16.1,15.71,15.89,2.443609,3460168,33,300564,20260430
300650.SZ,太龙股份,15.92,15.8,0.75949367,16,15.71,2845/5521,15.8,16,15.71,15.92,1.835443,4693230,33,300650,20260430
601177.SH,杭齿前进,15.93,15.9,-0.06273526,16.28,15.71,2845/5521,15.9,16.28,15.71,15.93,3.575909,1.6668887E7,17,601177,20260430
605108.SH,同庆楼,15.92,16.6,-7.28013978,16.6,15.71,2845/5521,16.6,16.6,15.71,15.92,5.183459,8857630,17,605108,20260430
920020.BJ,泰凯英,16.16,15.8,2.21378874,16.45,15.71,2845/5521,15.8,16.45,15.71,16.16,4.680581,1180713,151,920020,20260430
603928.SH,兴业股份,15.95,15.75,0.31446541,16.08,15.7,2850/5521,15.75,16.08,15.7,15.95,2.389937,4337040,17,603928,20260430
688619.SH,罗普特,16.02,15.75,2.03821656,16.14,15.7,2850/5521,15.75,16.14,15.7,16.02,2.802547,4134603,17,688619,20260430
603201.SH,常润股份,16.05,15.69,1.64661178,16.42,15.69,2852/5521,15.69,16.42,15.69,16.05,4.623179,2595351,17,603201,20260430
688066.SH,航天宏图,15.69,15.69,,15.69,15.69,2852/5521,15.69,15.69,15.69,15.69,,,17,688066,20260430
002777.SZ,久远银海,15.73,15.78,-0.69444444,15.89,15.68,2854/5521,15.78,15.89,15.68,15.73,1.325757,5776626,33,002777,20260430
300290.SZ,荣科科技,15.82,15.73,0.12658228,16.06,15.68,2854/5521,15.73,16.06,15.68,15.82,2.405063,2.2545232E7,33,300290,20260430
300444.SZ,双杰电气,15.77,16.47,-4.25015179,16.48,15.68,2854/5521,16.47,16.48,15.68,15.77,4.857316,8.0665326E7,33,300444,20260430
301016.SZ,雷尔伟,16.29,15.68,3.82409178,16.4,15.68,2854/5521,15.68,16.4,15.68,16.29,4.58891,4156797,33,301016,20260430
301136.SZ,招标股份,16.13,15.7,2.80433397,16.22,15.68,2854/5521,15.7,16.22,15.68,16.13,3.441682,7338677,33,301136,20260430
920000.BJ,安徽凤凰,15.73,15.68,0.25493945,16,15.68,2854/5521,15.68,16,15.68,15.73,2.039515,488127,151,920000,20260430
600765.SH,中航重机,15.95,15.67,1.98209719,16.08,15.67,2860/5521,15.67,16.08,15.67,15.95,2.621483,1.9938928E7,17,600765,20260430
600999.SH,招商证券,15.72,15.85,0.31908105,16,15.66,2861/5521,15.85,16,15.66,15.72,2.169751,7.3653391E7,17,600999,20260430
600590.SH,泰豪科技,15.69,15.85,-1.50659134,16.18,15.65,2862/5521,15.85,16.18,15.65,15.69,3.327055,3.5721471E7,17,600590,20260430
603915.SH,国茂股份,15.71,15.84,-0.56962025,15.9,15.65,2862/5521,15.84,15.9,15.65,15.71,1.582278,6004780,17,603915,20260430
920950.BJ,迅安科技,15.8,15.88,0.19023462,16.05,15.65,2862/5521,15.88,16.05,15.65,15.8,2.536461,277475,151,920950,20260430
300797.SZ,钢研纳克,15.87,15.76,0.50664978,15.92,15.63,2865/5521,15.76,15.92,15.63,15.87,1.836605,2533350,33,300797,20260430
000506.SZ,招金黄金,16.0,15.7,1.13780025,16.29,15.61,2866/5521,15.7,16.29,15.61,16.0,4.298356,2.693895E7,33,000506,20260430
603712.SH,七一二,16.1,15.61,2.28716645,16.44,15.61,2866/5521,15.61,16.44,15.61,16.1,5.273189,9360675,17,603712,20260430
605155.SH,西大门,15.81,15.61,0.70063694,16.07,15.61,2866/5521,15.61,16.07,15.61,15.81,2.929936,2475300,17,605155,20260430
688225.SH,亚信安全,15.85,15.74,0.50729233,16.19,15.61,2866/5521,15.74,16.19,15.61,15.85,3.677869,4123416,17,688225,20260430
603238.SH,诺邦股份,15.94,16.2,0.31466331,16.2,15.6,2870/5521,16.2,16.2,15.6,15.94,3.775959,3195100,17,603238,20260430
603687.SH,大胜达,17.18,15.6,9.9871959,17.18,15.6,2870/5521,15.6,17.18,15.6,17.18,10.115236,6.952505E7,17,603687,20260430
688173.SH,希荻微,16.8,15.7,8.17772054,17.12,15.6,2870/5521,15.7,17.12,15.6,16.8,9.787508,2.4323487E7,17,688173,20260430
300956.SZ,英力股份,15.76,15.56,0.89628681,15.89,15.56,2873/5521,15.56,15.89,15.56,15.76,2.112676,3552531,33,300956,20260430
300383.SZ,光环新网,15.9,16,-1.54798762,16.23,15.55,2874/5521,16,16.23,15.55,15.9,4.210526,1.13785793E8,33,300383,20260430
920478.BJ,峆一药业,15.63,15.67,-0.57251908,16.1,15.54,2875/5521,15.67,16.1,15.54,15.63,3.56234,1053206,151,920478,20260430
600012.SH,皖通高速,15.66,15.85,-0.9487666,15.98,15.53,2876/5521,15.85,15.98,15.53,15.66,2.846299,4301700,17,600012,20260430
605007.SH,五洲特纸,15.86,15.68,1.79717587,16.05,15.53,2876/5521,15.68,16.05,15.53,15.86,3.337612,6172600,17,605007,20260430
603367.SH,辰欣药业,15.55,15.6,-0.70242656,15.73,15.52,2878/5521,15.6,15.73,15.52,15.55,1.340996,4906106,17,603367,20260430
920204.BJ,沪江材料,15.75,15.88,-0.8186398,16.25,15.52,2878/5521,15.88,16.25,15.52,15.75,4.596977,1421065,151,920204,20260430
603151.SH,邦基科技,15.79,15.87,0.06337136,15.95,15.51,2880/5521,15.87,15.95,15.51,15.79,2.788339,2708960,17,603151,20260430
000668.SZ,*ST荣控,15.85,15.5,1.53747598,15.95,15.5,2881/5521,15.5,15.95,15.5,15.85,2.882767,1607700,33,000668,20260430
002268.SZ,电科网安,15.68,15.62,0.38412292,15.77,15.5,2881/5521,15.62,15.77,15.5,15.68,1.728553,6683034,33,002268,20260430
002722.SZ,物产金轮,15.7,15.66,0.89974293,15.86,15.5,2881/5521,15.66,15.86,15.5,15.7,2.313624,4074448,33,002722,20260430
600295.SH,鄂尔多斯,15.67,15.55,1.75324675,16.05,15.5,2881/5521,15.55,16.05,15.5,15.67,3.571428,1.1732733E7,17,600295,20260430
603777.SH,来伊份,16.43,15.6,4.05319823,16.65,15.49,2885/5521,15.6,16.65,15.49,16.43,7.346421,1.5061687E7,17,603777,20260430
000890.SZ,法尔胜,15.66,16.5,-8.95348837,16.53,15.48,2886/5521,16.5,16.53,15.48,15.66,6.104651,8.9846393E7,33,000890,20260430
605180.SH,华生科技,15.85,15.65,1.27795527,15.92,15.48,2886/5521,15.65,15.92,15.48,15.85,2.811501,1989790,17,605180,20260430
603043.SH,广州酒家,15.52,15.81,-1.7721519,15.83,15.47,2888/5521,15.81,15.83,15.47,15.52,2.278481,4228100,17,603043,20260430
600552.SH,凯盛科技,15.54,15.5,0.84360805,15.98,15.45,2889/5521,15.5,15.98,15.45,15.54,3.439325,5.5379573E7,17,600552,20260430
600129.SH,太极集团,15.56,15.45,0,15.85,15.43,2890/5521,15.45,15.85,15.43,15.56,2.699228,8221847,17,600129,20260430
600686.SH,金龙汽车,15.54,16.28,-5.24390244,16.39,15.43,2890/5521,16.28,16.39,15.43,15.54,5.853658,3.2278971E7,17,600686,20260430
603316.SH,诚邦股份,15.59,18.04,-4.93902439,18.04,15.43,2890/5521,18.04,18.04,15.43,15.59,15.914634,5.6115512E7,17,603316,20260430
300528.SZ,幸福蓝海,15.7,15.55,0.96463023,15.75,15.42,2893/5521,15.55,15.75,15.42,15.7,2.122186,7278550,33,300528,20260430
001219.SZ,青岛食品,15.79,15.45,2.20064725,16.14,15.4,2894/5521,15.45,16.14,15.4,15.79,4.789644,9470179,33,001219,20260430
688403.SH,汇成股份,17.01,15.5,4.80591497,17.11,15.39,2895/5521,15.5,17.11,15.39,17.01,10.597658,7.6757585E7,17,688403,20260430
002846.SZ,英联股份,15.4,15.45,-0.96463023,15.65,15.38,2896/5521,15.45,15.65,15.38,15.4,1.736334,1.1603124E7,33,002846,20260430
300233.SZ,金城医药,15.52,15.61,-0.76726343,15.74,15.38,2896/5521,15.61,15.74,15.38,15.52,2.30179,8307503,33,300233,20260430
688772.SH,珠海冠宇,16.6,16.35,-4.10167533,17.1,15.38,2896/5521,16.35,17.1,15.38,16.6,9.936452,9.873269E7,17,688772,20260430
920855.BJ,浙江大农,15.61,15.44,0.77469335,15.78,15.38,2896/5521,15.44,15.78,15.38,15.61,2.582311,243566,151,920855,20260430
601033.SH,永兴股份,15.43,15.5,0.52117264,15.52,15.34,2900/5521,15.5,15.52,15.34,15.43,1.172638,5126844,17,601033,20260430
000695.SZ,滨海能源,15.5,15.71,-1.02171137,15.96,15.33,2901/5521,15.71,15.96,15.33,15.5,4.022988,1.22885E7,33,000695,20260430
002945.SZ,华林证券,15.52,15.33,1.23939987,15.8,15.33,2901/5521,15.33,15.8,15.33,15.52,3.065883,1.29789E7,33,002945,20260430
002539.SZ,云图控股,15.39,15.53,-0.51712993,15.85,15.32,2903/5521,15.53,15.85,15.32,15.39,3.425985,2.1011147E7,33,002539,20260430
600258.SH,首旅酒店,15.65,15.81,-2.37055521,15.89,15.32,2903/5521,15.81,15.89,15.32,15.65,3.555832,2.2411999E7,17,600258,20260430
600292.SH,电投水电,15.32,15.69,-1.35222151,15.8,15.32,2903/5521,15.69,15.8,15.32,15.32,3.090792,1.7524292E7,17,600292,20260430
603936.SH,博敏电子,15.5,15.91,-1.89873418,15.97,15.32,2903/5521,15.91,15.97,15.32,15.5,4.113924,3.2801646E7,17,603936,20260430
920663.BJ,明阳科技,15.45,15.46,0.5859375,15.57,15.31,2907/5521,15.46,15.57,15.31,15.45,1.692708,812995,151,920663,20260430
000818.SZ,航锦科技,15.32,16,-0.64850843,16.41,15.3,2908/5521,16,16.41,15.3,15.32,7.198443,7.5469595E7,33,000818,20260430
002182.SZ,宝武镁业,15.69,15.66,0.38387716,16.05,15.3,2908/5521,15.66,16.05,15.3,15.69,4.798464,1.7984683E7,33,002182,20260430
002835.SZ,同为股份,15.49,15.38,0.3238342,15.56,15.3,2908/5521,15.38,15.56,15.3,15.49,1.683937,2570600,33,002835,20260430
002848.SZ,*ST高斯,15.37,15.79,-1.78913738,15.82,15.3,2908/5521,15.79,15.82,15.3,15.37,3.322683,4727200,33,002848,20260430
300382.SZ,斯莱克,15.6,15.57,1.76125245,16,15.3,2908/5521,15.57,16,15.3,15.6,4.56621,2.4442372E7,33,300382,20260430
603766.SH,隆鑫通用,15.36,15.37,-0.19493177,15.62,15.3,2908/5521,15.37,15.62,15.3,15.36,2.079272,1.690006E7,17,603766,20260430
300945.SZ,曼卡龙,15.44,15.66,-1.40485313,15.84,15.28,2914/5521,15.66,15.84,15.28,15.44,3.575989,7879198,33,300945,20260430
301303.SZ,真兰仪表,15.43,15.28,0.39037085,15.56,15.28,2914/5521,15.28,15.56,15.28,15.43,1.82173,2544349,33,301303,20260430
688432.SH,有研硅,16.24,15.45,5.7980456,16.33,15.28,2914/5521,15.45,16.33,15.28,16.24,6.84039,2.0912805E7,17,688432,20260430
001366.SZ,播恩集团,15.5,15.42,1.17493473,15.65,15.27,2917/5521,15.42,15.65,15.27,15.5,2.480417,6181836,33,001366,20260430
002491.SZ,通鼎互联,15.8,16.95,-4.64695232,16.98,15.27,2917/5521,16.95,16.98,15.27,15.8,10.319855,1.43822917E8,33,002491,20260430
600674.SH,川投能源,15.31,15.3,-0.32552083,15.49,15.27,2917/5521,15.3,15.49,15.27,15.31,1.432291,2.4433613E7,17,600674,20260430
688026.SH,洁特生物,15.94,15.9,-2.3882425,16.07,15.27,2917/5521,15.9,16.07,15.27,15.94,4.898958,3595448,17,688026,20260430
920261.BJ,一诺威,15.54,15.42,0.51746442,16.1,15.27,2917/5521,15.42,16.1,15.27,15.54,5.368693,2912487,151,920261,20260430
301519.SZ,舜禹股份,15.51,15.29,1.83847669,15.53,15.25,2922/5521,15.29,15.53,15.25,15.51,1.838476,2971600,33,301519,20260430
001896.SZ,豫能控股,15.24,16.2,-9.98227998,16.3,15.24,2923/5521,16.2,16.3,15.24,15.24,6.261075,1.54696499E8,33,001896,20260430
002465.SZ,海格通信,16.1,15.28,5.02283105,16.3,15.23,2924/5521,15.28,16.3,15.23,16.1,6.979778,8.7303394E7,33,002465,20260430
300341.SZ,麦克奥迪,15.3,15.41,-0.58479532,15.46,15.23,2924/5521,15.41,15.46,15.23,15.3,1.494476,6503666,33,300341,20260430
000708.SZ,中信特钢,15.25,15.48,-1.48578811,15.51,15.22,2926/5521,15.48,15.51,15.22,15.25,1.873385,1.2100151E7,33,000708,20260430
000902.SZ,新洋丰,15.24,15.7,-2.92993631,15.74,15.21,2927/5521,15.7,15.74,15.21,15.24,3.375796,1.7999898E7,33,000902,20260430
920270.BJ,天铭科技,15.57,15.28,1.89790576,15.77,15.2,2928/5521,15.28,15.77,15.2,15.57,3.730366,999266,151,920270,20260430
300385.SZ,ST雪浪,16.21,15.18,7.4933687,16.5,15.18,2929/5521,15.18,16.5,15.18,16.21,8.753315,2.0239356E7,33,300385,20260430
300181.SZ,佐力药业,15.21,15.39,-1.3618677,15.46,15.17,2930/5521,15.39,15.46,15.17,15.21,1.880674,9016778,33,300181,20260430
603181.SH,皇马科技,15.18,15.74,-3.4965035,15.78,15.15,2931/5521,15.74,15.78,15.15,15.18,4.005085,9112169,17,603181,20260430
001369.SZ,双欣材料,15.21,15.35,-1.1053316,15.48,15.14,2932/5521,15.35,15.48,15.14,15.21,2.210663,8985261,33,001369,20260430
300707.SZ,威唐工业,15.19,15.31,-0.71895425,15.42,15.14,2932/5521,15.31,15.42,15.14,15.19,1.830065,4008300,33,300707,20260430
920184.BJ,国源科技,15.52,15.26,1.4379085,16.15,15.14,2932/5521,15.26,16.15,15.14,15.52,6.601307,1699914,151,920184,20260430
001239.SZ,永达股份,15.19,15.25,-0.19710907,15.29,15.13,2935/5521,15.25,15.29,15.13,15.19,1.051248,1838900,33,001239,20260430
300719.SZ,安达维尔,15.34,15.2,1.05401845,15.42,15.13,2935/5521,15.2,15.42,15.13,15.34,1.910408,3718709,33,300719,20260430
605555.SH,德昌股份,15.37,15.29,0.78688525,15.58,15.13,2935/5521,15.29,15.58,15.13,15.37,2.950819,4345426,17,605555,20260430
002626.SZ,金达威,15.21,15.6,-3.91661402,15.64,15.12,2938/5521,15.6,15.64,15.12,15.21,3.284902,1.0850403E7,33,002626,20260430
600288.SH,大恒科技,15.18,15.32,4.04386566,15.86,15.11,2939/5521,15.32,15.86,15.11,15.18,5.140507,2.0118643E7,17,600288,20260430
600535.SH,天士力,15.13,15.13,-0.39499671,15.31,15.11,2939/5521,15.13,15.31,15.11,15.13,1.316655,1.0434524E7,17,600535,20260430
920124.BJ,南特科技,15.26,15.11,0.99272005,15.35,15.11,2939/5521,15.11,15.35,15.11,15.26,1.588352,1299841,151,920124,20260430
002624.SZ,完美世界,15.21,16.11,-8.59375,16.33,15.1,2942/5521,16.11,16.33,15.1,15.21,7.391826,1.27564971E8,33,002624,20260430
300542.SZ,新晨科技,15.27,15.13,0.92531395,15.36,15.1,2942/5521,15.13,15.36,15.1,15.27,1.71844,3155400,33,300542,20260430
603305.SH,旭升集团,15.41,15.13,1.85062789,15.48,15.1,2942/5521,15.13,15.48,15.1,15.41,2.511566,2.9479161E7,17,603305,20260430
300931.SZ,通用电梯,15.1,15.63,-2.64345583,15.65,15.09,2945/5521,15.63,15.65,15.09,15.1,3.610573,7274800,33,300931,20260430
002181.SZ,粤传媒,16.49,15.2,10.00667111,16.49,15.08,2946/5521,15.2,16.49,15.08,16.49,9.40627,7.5319417E7,33,002181,20260430
300821.SZ,东岳硅材,15.18,15.4,-2.94117647,15.98,15.08,2946/5521,15.4,15.98,15.08,15.18,5.754475,7.2983995E7,33,300821,20260430
603990.SH,麦迪科技,15.82,15.08,4.97677505,15.98,15.08,2946/5521,15.08,15.98,15.08,15.82,5.97213,2.546962E7,17,603990,20260430
002209.SZ,达意隆,15.06,15.5,-9.98206814,15.72,15.06,2949/5521,15.5,15.72,15.06,15.06,3.945008,1.04081E7,33,002209,20260430
001376.SZ,百通能源,15.17,15.26,-0.52459016,15.38,15.05,2950/5521,15.26,15.38,15.05,15.17,2.163934,7737500,33,001376,20260430
920833.BJ,美心翼申,15.11,15.2,-0.39551747,15.38,15.05,2950/5521,15.2,15.38,15.05,15.11,2.175346,753680,151,920833,20260430
002705.SZ,新宝股份,15.13,16.01,-5.4375,16.07,15.02,2952/5521,16.01,16.07,15.02,15.13,6.5625,3.7076816E7,33,002705,20260430
601808.SH,中海油服,15.1,15.25,-0.330033,15.27,15.02,2952/5521,15.25,15.27,15.02,15.1,1.650165,1.871669E7,17,601808,20260430
002448.SZ,中原内配,15.11,15.1,-0.98296199,15.42,15.01,2954/5521,15.1,15.42,15.01,15.11,2.686762,2.02744E7,33,002448,20260430
002439.SZ,启明星辰,15.62,15,3.03430079,16,15,2955/5521,15,16,15,15.62,6.596306,5.8469361E7,33,002439,20260430
300122.SZ,智飞生物,15.15,15.04,0.66445183,15.35,15,2955/5521,15.04,15.35,15,15.15,2.325581,1.5174465E7,33,300122,20260430
600769.SH,祥龙电业,16.0,15.28,5.40184453,16.66,15,2955/5521,15.28,16.66,15,16.0,10.935441,2.6015503E7,17,600769,20260430
603887.SH,城地香江,15.19,15.53,-4.46540881,15.68,15,2955/5521,15.53,15.68,15,15.19,4.276729,3.214816E7,17,603887,20260430
920221.BJ,易实精密,15.1,15.27,0.93582888,15.41,15,2955/5521,15.27,15.41,15,15.1,2.740641,804875,151,920221,20260430
920992.BJ,中科美菱,15.19,15.07,0.66269052,15.6,15,2955/5521,15.07,15.6,15,15.19,3.976143,1419546,151,920992,20260430
603739.SH,蔚蓝生物,15.05,15.12,0.46728972,15.32,14.99,2961/5521,15.12,15.32,14.99,15.05,2.202937,3452380,17,603739,20260430
300218.SZ,安利股份,15.28,14.98,1.59574468,15.64,14.98,2962/5521,14.98,15.64,14.98,15.28,4.388297,6391500,33,300218,20260430
601615.SH,明阳智能,15.84,15.13,4.14201183,16.12,14.98,2962/5521,15.13,16.12,14.98,15.84,7.495069,1.03112456E8,17,601615,20260430
603122.SH,合富中国,15.05,15.3,-1.31147541,15.32,14.98,2962/5521,15.3,15.32,14.98,15.05,2.229508,1.4209698E7,17,603122,20260430
002125.SZ,湘潭电化,15.27,15.05,1.6644474,15.63,14.97,2965/5521,15.05,15.63,14.97,15.27,4.394141,6.4864747E7,33,002125,20260430
601788.SH,光大证券,15.19,14.98,2.91327913,15.68,14.96,2966/5521,14.98,15.68,14.96,15.19,4.878048,7.9397679E7,17,601788,20260430
001205.SZ,盛航股份,15.12,15.12,0,15.18,14.95,2967/5521,15.12,15.18,14.95,15.12,1.521164,3478400,33,001205,20260430
300612.SZ,宣亚国际,15.19,15.13,0.66269052,15.22,14.95,2967/5521,15.13,15.22,14.95,15.19,1.789264,6330375,33,300612,20260430
600268.SH,国电南自,14.97,15.14,-1.25329815,15.2,14.95,2967/5521,15.14,15.2,14.95,14.97,1.649076,1.7243936E7,17,600268,20260430
603017.SH,中衡设计,15.4,15.22,0.71942446,15.87,14.92,2970/5521,15.22,15.87,14.92,15.4,6.213211,4.5374588E7,17,603017,20260430
002136.SZ,安纳达,15.09,15.33,-1.4369693,15.41,14.9,2971/5521,15.33,15.41,14.9,15.09,3.331156,2.48674E7,33,002136,20260430
003015.SZ,日久光电,15.15,15.18,-1.1741683,15.43,14.88,2972/5521,15.18,15.43,14.88,15.15,3.587736,7229574,33,003015,20260430
600550.SH,保变电气,14.95,15.1,-1.32013201,15.13,14.88,2972/5521,15.1,15.13,14.88,14.95,1.650165,3.2058231E7,17,600550,20260430
603209.SH,兴通股份,14.88,15,-0.8,15.05,14.88,2972/5521,15,15.05,14.88,14.88,1.133333,3513620,17,603209,20260430
002987.SZ,京北方,14.98,14.97,-0.19986676,15.12,14.86,2975/5521,14.97,15.12,14.86,14.98,1.732178,7179441,33,002987,20260430
300582.SZ,英飞特,15.06,15.5,-3.21336761,15.5,14.86,2975/5521,15.5,15.5,14.86,15.06,4.11311,1.8817425E7,33,300582,20260430
920770.BJ,艾能聚,14.87,14.88,-3.75404531,15.32,14.86,2975/5521,14.88,15.32,14.86,14.87,2.977346,3550095,151,920770,20260430
300583.SZ,赛托生物,15.12,14.96,1.95549562,15.28,14.82,2978/5521,14.96,15.28,14.82,15.12,3.10182,5293850,33,300583,20260430
002271.SZ,东方雨虹,14.96,15.1,-0.59800664,15.39,14.81,2979/5521,15.1,15.39,14.81,14.96,3.85382,4.432286E7,33,002271,20260430
920892.BJ,广咨国际,14.98,15.13,-1.83486239,15.55,14.81,2979/5521,15.13,15.55,14.81,14.98,4.849279,1439580,151,920892,20260430
603162.SH,海通发展,14.87,15,-1.97758734,15.05,14.8,2981/5521,15,15.05,14.8,14.87,1.647989,1.6897054E7,17,603162,20260430
300036.SZ,超图软件,14.95,14.87,0.53799597,15.08,14.79,2982/5521,14.87,15.08,14.79,14.95,1.950235,8187553,33,300036,20260430
603599.SH,广信股份,14.85,15.1,-1.65562914,15.3,14.79,2982/5521,15.1,15.3,14.79,14.85,3.377483,1.4963756E7,17,603599,20260430
603601.SH,再升科技,15.85,15.2,4.27631579,16.16,14.79,2982/5521,15.2,16.16,14.79,15.85,9.013157,2.64698546E8,17,603601,20260430
920082.BJ,方正阀门,14.87,14.82,-0.0672043,15.06,14.78,2985/5521,14.82,15.06,14.78,14.87,1.88172,619345,151,920082,20260430
920670.BJ,数字人,14.89,15.1,-0.86551265,15.17,14.78,2985/5521,15.1,15.17,14.78,14.89,2.596537,2039161,151,920670,20260430
002951.SZ,金时科技,14.94,14.77,0.13404826,15.2,14.77,2987/5521,14.77,15.2,14.77,14.94,2.882037,3728700,33,002951,20260430
300206.SZ,理邦仪器,14.91,14.85,1.29076087,15.15,14.77,2987/5521,14.85,15.15,14.77,14.91,2.581521,9961267,33,300206,20260430
603182.SH,嘉华股份,15.05,14.95,1.68918919,15.18,14.76,2989/5521,14.95,15.18,14.76,15.05,2.837837,3517900,17,603182,20260430
603269.SH,海鸥股份,14.92,15.03,0.67476383,15.03,14.75,2990/5521,15.03,15.03,14.75,14.92,1.889338,1.1941395E7,17,603269,20260430
002043.SZ,兔宝宝,14.83,14.84,-0.33602151,15.24,14.73,2991/5521,14.84,15.24,14.73,14.83,3.427419,1.1310702E7,33,002043,20260430
600889.SH,*ST京化,15.39,14.78,2.94314381,15.57,14.73,2991/5521,14.78,15.57,14.73,15.39,5.618729,5184608,22,600889,20260430
920180.BJ,爱得科技,14.87,14.76,0.95044128,15.14,14.73,2991/5521,14.76,15.14,14.73,14.87,2.783435,1460693,151,920180,20260430
300989.SZ,蕾奥规划,15.09,14.96,1.07166778,15.15,14.71,2994/5521,14.96,15.15,14.71,15.09,2.947086,4954082,33,300989,20260430
920925.BJ,锦好医疗,14.91,15.7,-8.63970588,15.7,14.71,2994/5521,15.7,15.7,14.71,14.91,6.066176,4346880,151,920925,20260430
300166.SZ,东方国信,15.44,15.41,-0.12936611,16.13,14.7,2996/5521,15.41,16.13,14.7,15.44,9.249676,1.56390099E8,33,300166,20260430
301066.SZ,万事利,14.92,14.75,0.87897228,15.07,14.7,2996/5521,14.75,15.07,14.7,14.92,2.50169,5961869,33,301066,20260430
600531.SH,豫光金铅,14.73,15.03,-3.40983607,15.21,14.69,2998/5521,15.03,15.21,14.69,14.73,3.409836,6.739205E7,17,600531,20260430
000823.SZ,超声电子,14.88,15.22,-2.04081633,15.35,14.68,2999/5521,15.22,15.35,14.68,14.88,4.410796,1.9741944E7,33,000823,20260430
002020.SZ,京新药业,14.78,14.9,-1.07095047,15.09,14.68,2999/5521,14.9,15.09,14.68,14.78,2.74431,1.1180734E7,33,002020,20260430
002771.SZ,真视通,14.76,14.95,-1.79640719,15.05,14.68,2999/5521,14.95,15.05,14.68,14.76,2.461743,1.161763E7,33,002771,20260430
605208.SH,永茂泰,14.73,14.92,-1.40562249,15,14.68,2999/5521,14.92,15,14.68,14.73,2.1419,9128586,17,605208,20260430
002078.SZ,太阳纸业,14.71,15,-2.64725347,15.1,14.67,3003/5521,15,15.1,14.67,14.71,2.845797,1.3197386E7,33,002078,20260430
300252.SZ,金信诺,14.76,15,-2.12201592,15.02,14.67,3003/5521,15,15.02,14.67,14.76,2.320954,2.568223E7,33,300252,20260430
601163.SH,三角轮胎,14.68,14.77,-0.74374577,14.89,14.66,3005/5521,14.77,14.89,14.66,14.68,1.555104,5438099,17,601163,20260430
920510.BJ,丰光精密,15.15,14.74,2.99116247,15.37,14.66,3005/5521,14.74,15.37,14.66,15.15,4.826648,1668651,151,920510,20260430
603679.SH,华体科技,14.95,14.75,2.32717317,15.05,14.65,3007/5521,14.75,15.05,14.65,14.95,2.73785,5585048,17,603679,20260430
003040.SZ,楚天龙,14.79,14.73,0.54384772,14.85,14.62,3008/5521,14.73,14.85,14.62,14.79,1.563562,4669100,33,003040,20260430
300981.SZ,中红医疗,14.64,14.93,-1.8766756,15.28,14.62,3008/5521,14.93,15.28,14.62,14.64,4.423592,8483690,33,300981,20260430
300251.SZ,光线传媒,14.78,14.69,0.68119891,14.88,14.61,3010/5521,14.69,14.88,14.61,14.78,1.839237,4.390983E7,33,300251,20260430
300822.SZ,贝仕达克,15.15,14.72,2.99116247,15.25,14.61,3010/5521,14.72,15.25,14.61,15.15,4.350781,4366197,33,300822,20260430
301507.SZ,民生健康,14.76,14.64,0.75085324,14.86,14.61,3010/5521,14.64,14.86,14.61,14.76,1.706484,3249400,33,301507,20260430
000922.SZ,佳电股份,14.78,14.67,0.74982958,15.07,14.6,3013/5521,14.67,15.07,14.6,14.78,3.203817,1.5219335E7,33,000922,20260430
300024.SZ,机器人,14.98,14.62,2.25255973,15.03,14.6,3013/5521,14.62,15.03,14.6,14.98,2.935153,2.5193268E7,33,300024,20260430
300481.SZ,濮阳惠成,14.6,15.3,-4.88599349,15.3,14.6,3013/5521,15.3,15.3,14.6,14.6,4.56026,1.1547046E7,33,300481,20260430
600737.SH,中粮糖业,15.05,14.82,1.55195682,15.12,14.6,3013/5521,14.82,15.12,14.6,15.05,3.508771,2.9413571E7,17,600737,20260430
603693.SH,江苏新能,14.73,15.03,-2.64375413,15.13,14.6,3013/5521,15.03,15.13,14.6,14.73,3.502974,1.7492694E7,17,603693,20260430
600985.SH,淮北矿业,14.81,14.88,-0.20215633,15.15,14.59,3018/5521,14.88,15.15,14.59,14.81,3.773584,2.323439E7,17,600985,20260430
301088.SZ,戎美股份,14.75,14.68,0.95824778,14.78,14.58,3019/5521,14.68,14.78,14.58,14.75,1.368925,1411300,33,301088,20260430
600732.SH,爱旭股份,15.38,14.6,4.48369565,15.55,14.57,3020/5521,14.6,15.55,14.57,15.38,6.657608,6.0949472E7,17,600732,20260430
688207.SH,格灵深瞳,15.08,14.57,2.51529572,15.18,14.57,3020/5521,14.57,15.18,14.57,15.08,4.146838,4285353,17,688207,20260430
603511.SH,爱慕股份,14.78,14.76,0.68119891,14.9,14.55,3022/5521,14.76,14.9,14.55,14.78,2.384196,2817100,17,603511,20260430
603588.SH,高能环境,14.58,14.8,-1.28639133,14.86,14.55,3022/5521,14.8,14.86,14.55,14.58,2.098849,3.6534991E7,17,603588,20260430
688296.SH,和达科技,15.39,15.13,3.77612947,15.61,14.55,3022/5521,15.13,15.61,14.55,15.39,7.147673,2659288,17,688296,20260430
920802.BJ,保丽洁,15.7,14.99,4.04241219,15.7,14.55,3022/5521,14.99,15.7,14.55,15.7,7.620941,3199475,151,920802,20260430
688079.SH,美迪凯,14.81,15.52,-4.63618802,15.85,14.53,3026/5521,15.52,15.85,14.53,14.81,8.499678,1.4759606E7,17,688079,20260430
603161.SH,科华控股,14.81,14.51,0.74829932,14.94,14.51,3027/5521,14.51,14.94,14.51,14.81,2.92517,4331742,17,603161,20260430
600927.SH,永安期货,14.82,14.69,0.88495575,14.92,14.5,3028/5521,14.69,14.92,14.5,14.82,2.859087,6194800,17,600927,20260430
605399.SH,晨光新材,14.68,14.7,-0.47457627,15.02,14.5,3028/5521,14.7,15.02,14.5,14.68,3.525423,4968964,17,605399,20260430
600182.SH,S佳通,14.54,14.75,-2.67737617,14.82,14.49,3030/5521,14.75,14.82,14.49,14.54,2.208835,2909671,17,600182,20260430
301059.SZ,金三江,14.56,14.48,0.48309179,14.65,14.48,3031/5521,14.48,14.65,14.48,14.56,1.173222,2652599,33,301059,20260430
002324.SZ,普利特,14.63,14.93,-2.40160107,15.25,14.46,3032/5521,14.93,15.25,14.46,14.63,5.27018,3.2842497E7,33,002324,20260430
300590.SZ,移为通信,14.67,14.73,-2.58964143,14.88,14.45,3033/5521,14.73,14.88,14.45,14.67,2.855245,3.910647E7,33,300590,20260430
600216.SH,浙江医药,14.54,14.68,-1.08843537,14.71,14.45,3033/5521,14.68,14.71,14.45,14.54,1.768707,1.576274E7,17,600216,20260430
920489.BJ,佳先股份,14.61,14.48,1.24740125,15.07,14.45,3033/5521,14.48,15.07,14.45,14.61,4.296604,2021266,151,920489,20260430
600055.SH,万东医疗,14.45,14.8,-4.05046481,14.91,14.44,3036/5521,14.8,14.91,14.44,14.45,3.120849,9224992,17,600055,20260430
000948.SZ,南天信息,14.49,14.51,0.48543689,14.68,14.43,3037/5521,14.51,14.68,14.43,14.49,1.733703,4273760,33,000948,20260430
688653.SH,康希通信,15.05,14.48,3.79310345,15.11,14.43,3037/5521,14.48,15.11,14.43,15.05,4.689655,1.6138505E7,17,688653,20260430
000609.SZ,*ST中迪,14.42,14.42,5.02549162,14.42,14.42,3039/5521,14.42,14.42,14.42,14.42,0,2936700,33,000609,20260430
003038.SZ,鑫铂股份,14.6,14.5,-0.47716428,14.78,14.42,3039/5521,14.5,14.78,14.42,14.6,2.453987,4042332,33,003038,20260430
300360.SZ,炬华科技,14.47,14.7,-1.69836957,14.72,14.42,3039/5521,14.7,14.72,14.42,14.47,2.038043,7682385,33,300360,20260430
300595.SZ,欧普康视,14.42,14.71,0.90972708,15.18,14.4,3042/5521,14.71,15.18,14.4,14.42,5.458362,1.8406762E7,33,300595,20260430
688590.SH,新致软件,14.87,14.49,2.62249827,15.06,14.4,3042/5521,14.49,15.06,14.4,14.87,4.554865,1.1807372E7,17,688590,20260430
002007.SZ,华兰生物,14.42,14.51,-0.82530949,14.56,14.39,3044/5521,14.51,14.56,14.39,14.42,1.169188,7299064,33,002007,20260430
300839.SZ,博汇股份,14.66,14.48,2.01809325,14.78,14.39,3044/5521,14.48,14.78,14.39,14.66,2.713987,7792125,33,300839,20260430
920454.BJ,同心传动,14.45,14.39,0.41695622,14.95,14.39,3044/5521,14.39,14.95,14.39,14.45,3.891591,889703,151,920454,20260430
002414.SZ,高德红外,14.83,14.38,3.2729805,15.03,14.38,3047/5521,14.38,15.03,14.38,14.83,4.526462,1.22038409E8,33,002414,20260430
002606.SZ,大连电瓷,14.49,14.7,-0.61728395,15.38,14.38,3047/5521,14.7,15.38,14.38,14.49,6.85871,6.6977882E7,33,002606,20260430
600847.SH,万里股份,14.77,14.68,0.06775068,14.98,14.35,3049/5521,14.68,14.98,14.35,14.77,4.268292,3899800,17,600847,20260430
300560.SZ,中富通,14.41,14.4,1.33614627,14.64,14.33,3050/5521,14.4,14.64,14.33,14.41,2.180028,8676196,33,300560,20260430
300655.SZ,晶瑞电材,14.42,14.77,-2.63335584,15.01,14.33,3050/5521,14.77,15.01,14.33,14.42,4.591492,4.8564259E7,33,300655,20260430
605228.SH,神通科技,14.39,14.53,-1.43835616,14.6,14.33,3050/5521,14.53,14.6,14.33,14.39,1.849315,6166665,17,605228,20260430
688526.SH,科前生物,14.41,14.52,-1.83923706,14.57,14.33,3050/5521,14.52,14.57,14.33,14.41,1.634877,2489229,17,688526,20260430
300220.SZ,金运激光,14.54,14.34,0.97222222,14.77,14.32,3054/5521,14.34,14.77,14.32,14.54,3.125,3246600,33,300220,20260430
000048.SZ,京基智农,14.74,14.5,0.13586957,14.94,14.31,3055/5521,14.5,14.94,14.31,14.74,4.279891,1.1605803E7,33,000048,20260430
002735.SZ,王子新材,14.45,14.42,0.55671538,14.5,14.31,3055/5521,14.42,14.5,14.31,14.45,1.322199,6245461,33,002735,20260430
600397.SH,江钨装备,14.35,14.7,-1.1707989,14.73,14.31,3055/5521,14.7,14.73,14.31,14.35,2.892561,6.155102E7,17,600397,20260430
600560.SH,金自天正,14.53,14.31,0.97289785,14.61,14.31,3055/5521,14.31,14.61,14.31,14.53,2.084781,2139400,17,600560,20260430
000737.SZ,北方铜业,14.34,14.4,3.09130122,14.75,14.3,3059/5521,14.4,14.75,14.3,14.34,3.235082,7.2645852E7,33,000737,20260430
688616.SH,西力科技,14.46,14.36,0.83682008,14.47,14.3,3059/5521,14.36,14.47,14.3,14.46,1.185495,2480201,17,688616,20260430
920870.BJ,恒进感应,14.56,14.4,0.76124567,14.88,14.3,3059/5521,14.4,14.88,14.3,14.56,4.01384,1219129,151,920870,20260430
300003.SZ,乐普医疗,14.35,14.34,-0.6232687,14.45,14.28,3062/5521,14.34,14.45,14.28,14.35,1.177285,1.640644E7,33,300003,20260430
002216.SZ,三全食品,14.38,14.6,-1.37174211,14.72,14.26,3063/5521,14.6,14.72,14.26,14.38,3.155006,1.1719889E7,33,002216,20260430
003039.SZ,顺控发展,14.3,14.59,-1.71821306,14.6,14.26,3063/5521,14.59,14.6,14.26,14.3,2.336769,5305401,33,003039,20260430
300932.SZ,三友联众,14.38,14.29,-0.0694927,14.57,14.26,3063/5521,14.29,14.57,14.26,14.38,2.154273,7716166,33,300932,20260430
603107.SH,上海汽配,14.31,14.25,0.13995801,14.36,14.25,3066/5521,14.25,14.36,14.25,14.31,0.769769,1804700,17,603107,20260430
600995.SH,南网储能,14.38,14.59,-1.37174211,14.65,14.24,3067/5521,14.59,14.65,14.24,14.38,2.812071,2.425678E7,17,600995,20260430
920932.BJ,科达自控,14.58,14.34,2.17238963,14.77,14.24,3067/5521,14.34,14.77,14.24,14.58,3.714085,1648591,151,920932,20260430
600161.SH,天坛生物,14.26,14.35,-1.31487889,14.39,14.23,3069/5521,14.35,14.39,14.23,14.26,1.107266,8824828,17,600161,20260430
603118.SH,共进股份,14.64,14.6,-0.06825939,15.06,14.23,3069/5521,14.6,15.06,14.23,14.64,5.665529,6.5686525E7,17,603118,20260430
688315.SH,诺禾致源,14.23,14.55,-1.99724518,14.59,14.23,3069/5521,14.55,14.59,14.23,14.23,2.479338,2481942,17,688315,20260430
920436.BJ,大地电气,14.52,14.43,0.41493776,15.2,14.23,3069/5521,14.43,15.2,14.23,14.52,6.70816,1326149,151,920436,20260430
002949.SZ,华阳国际,14.39,14.4,0,14.56,14.22,3073/5521,14.4,14.56,14.22,14.39,2.362751,3509800,33,002949,20260430
601155.SH,新城控股,14.78,14.88,0.47586676,14.97,14.22,3073/5521,14.88,14.97,14.22,14.78,5.098572,2.1956807E7,17,601155,20260430
688007.SH,光峰科技,14.88,14.21,1.36239782,15.01,14.21,3075/5521,14.21,15.01,14.21,14.88,5.449591,9317637,17,688007,20260430
688472.SH,阿特斯,14.43,14.22,0.41753653,14.53,14.21,3075/5521,14.22,14.53,14.21,14.43,2.226861,7.6660588E7,17,688472,20260430
920701.BJ,豪声电子,14.44,14.4,0.20818876,14.68,14.21,3075/5521,14.4,14.68,14.21,14.44,3.261623,786007,151,920701,20260430
002560.SZ,通达股份,14.67,15.4,-5.78034682,15.65,14.2,3078/5521,15.4,15.65,14.2,14.67,9.31278,1.13645336E8,33,002560,20260430
002986.SZ,宇新股份,14.39,14.88,-3.8744155,14.98,14.2,3078/5521,14.88,14.98,14.2,14.39,5.21042,1.0273403E7,33,002986,20260430
300635.SZ,中达安,14.74,14.42,2.50347705,14.78,14.2,3078/5521,14.42,14.78,14.2,14.74,4.033379,8581900,33,300635,20260430
603877.SH,太平鸟,14.23,14.34,-0.62849162,14.5,14.2,3078/5521,14.34,14.5,14.2,14.23,2.094972,2086194,17,603877,20260430
300562.SZ,乐心医疗,14.29,14.51,-1.17565698,14.76,14.19,3082/5521,14.51,14.76,14.19,14.29,3.941908,8789740,33,300562,20260430
605069.SH,正和生态,14.19,14.41,-1.93503801,14.7,14.19,3082/5521,14.41,14.7,14.19,14.19,3.524533,1.2986108E7,17,605069,20260430
000722.SZ,湖南发展,14.24,14.39,-1.79310345,14.64,14.18,3084/5521,14.39,14.64,14.18,14.24,3.172413,2.4950249E7,33,000722,20260430
002982.SZ,湘佳股份,14.5,14.28,1.46955913,14.62,14.18,3084/5521,14.28,14.62,14.18,14.5,3.079076,5982040,33,002982,20260430
300238.SZ,冠昊生物,14.21,14.45,-1.52460152,14.58,14.18,3084/5521,14.45,14.58,14.18,14.21,2.772002,3718900,33,300238,20260430
300384.SZ,三联虹普,14.21,14.28,-1.52460152,14.46,14.18,3084/5521,14.28,14.46,14.18,14.21,1.940401,3355273,33,300384,20260430
603819.SH,神力股份,14.8,14.32,3.35195531,15.12,14.17,3088/5521,14.32,15.12,14.17,14.8,6.634078,1.6011961E7,17,603819,20260430
002569.SZ,*ST步森,14.41,14.5,1.47887324,14.7,14.16,3089/5521,14.5,14.7,14.16,14.41,3.802816,4141200,33,002569,20260430
002275.SZ,桂林三金,14.31,14.23,0.56219255,14.41,14.15,3090/5521,14.23,14.41,14.15,14.31,1.827125,2840404,33,002275,20260430
603803.SH,瑞斯康达,14.3,15.2,-3.83322125,15.38,14.13,3091/5521,15.2,15.38,14.13,14.3,8.406186,5.6638622E7,17,603803,20260430
920001.BJ,纬达光电,14.44,14.19,1.40449438,14.5,14.13,3091/5521,14.19,14.5,14.13,14.44,2.598314,1211038,151,920001,20260430
002104.SZ,恒宝股份,14.23,14.22,0.14074595,14.42,14.12,3093/5521,14.22,14.42,14.12,14.23,2.111189,1.3583793E7,33,002104,20260430
600621.SH,华鑫股份,14.14,14.18,-0.77192982,14.44,14.12,3093/5521,14.18,14.44,14.12,14.14,2.245614,1.3706388E7,17,600621,20260430
600435.SH,北方导航,14.45,14.15,1.83227625,14.5,14.11,3095/5521,14.15,14.5,14.11,14.45,2.748414,1.8337222E7,17,600435,20260430
002401.SZ,中远海科,14.19,14.51,-2.60809883,14.57,14.1,3096/5521,14.51,14.57,14.1,14.19,3.225806,6084414,33,002401,20260430
600088.SH,中视传媒,14.61,14.1,2.59831461,14.75,14.1,3096/5521,14.1,14.75,14.1,14.61,4.564606,5026751,17,600088,20260430
601919.SH,中远海控,14.12,14.26,-1.67130919,14.29,14.1,3096/5521,14.26,14.29,14.1,14.12,1.323119,9.7938762E7,17,601919,20260430
603680.SH,今创集团,14.36,14.2,0.77192982,14.39,14.1,3096/5521,14.2,14.39,14.1,14.36,2.035087,9339220,17,603680,20260430
920471.BJ,美邦科技,14.26,14.35,-2.79481936,14.95,14.1,3096/5521,14.35,14.95,14.1,14.26,5.794137,5883541,151,920471,20260430
000007.SZ,全新好,15.51,14.11,10,15.51,14.08,3101/5521,14.11,15.51,14.08,15.51,10.141843,1.1594276E7,33,000007,20260430
300958.SZ,建工修复,14.33,14.12,1.84790334,14.48,14.08,3101/5521,14.12,14.48,14.08,14.33,2.842928,4077284,33,300958,20260430
301056.SZ,森赫股份,14.09,14.18,-0.28308563,14.53,14.08,3101/5521,14.18,14.53,14.08,14.09,3.184713,2880500,33,301056,20260430
920145.BJ,恒合股份,14.21,14.24,-0.14054814,14.36,14.07,3104/5521,14.24,14.36,14.07,14.21,2.037947,708496,151,920145,20260430
000756.SZ,新华制药,14.08,14.21,-1.26227209,14.24,14.06,3105/5521,14.21,14.24,14.06,14.08,1.262272,4746700,33,000756,20260430
300918.SZ,南山智尚,14.23,14.05,0.49435028,14.38,14.05,3106/5521,14.05,14.38,14.05,14.23,2.330508,7433734,33,300918,20260430
301028.SZ,鼎熔岩,14.11,14.08,0.07092199,14.17,14.04,3107/5521,14.08,14.17,14.04,14.11,0.921985,1576900,33,301028,20260430
600201.SH,生物股份,14.59,14.08,3.9914469,14.75,14.04,3107/5521,14.08,14.75,14.04,14.59,5.060584,2.9540169E7,17,600201,20260430
300452.SZ,山河药辅,14.11,14.05,0,14.21,14.03,3109/5521,14.05,14.21,14.03,14.11,1.27569,3767820,33,300452,20260430
300601.SZ,康泰生物,14.1,14.1,-0.49400141,14.26,14.03,3109/5521,14.1,14.26,14.03,14.1,1.623147,1.2848307E7,33,300601,20260430
600967.SH,内蒙一机,14.1,14.12,0.07097232,14.14,14.03,3109/5521,14.12,14.14,14.03,14.1,0.780695,1.1913623E7,17,600967,20260430
603937.SH,丽岛新材,15.25,14.14,10.02886003,15.25,14.03,3109/5521,14.14,15.25,14.03,15.25,8.802308,2.40648E7,17,603937,20260430
000885.SZ,城发环境,14.11,14.08,-0.28268551,14.17,14.01,3113/5521,14.08,14.17,14.01,14.11,1.130742,6655499,33,000885,20260430
300414.SZ,中光防雷,14.21,14.1,1.06685633,14.33,14.01,3113/5521,14.1,14.33,14.01,14.21,2.27596,7514964,33,300414,20260430
603836.SH,海程邦达,14.3,14.11,1.85185185,14.38,14.01,3113/5521,14.11,14.38,14.01,14.3,2.635327,3793243,17,603836,20260430
605122.SH,四方新材,14.72,14.01,6.51230101,15.18,14.01,3113/5521,14.01,15.18,14.01,14.72,8.465991,1.0566678E7,17,605122,20260430
002115.SZ,三维通信,14.41,14.38,-1.83923706,14.63,14,3117/5521,14.38,14.63,14,14.41,4.291553,1.45913189E8,33,002115,20260430
002144.SZ,宏达高科,14.25,14.32,-0.21008403,14.4,14,3117/5521,14.32,14.4,14,14.25,2.80112,2829000,33,002144,20260430
300429.SZ,强力新材,14.11,14.03,0.5702067,14.38,14,3117/5521,14.03,14.38,14,14.11,2.708481,1.1315271E7,33,300429,20260430
600683.SH,京投发展,14.5,14,5.76221736,15.08,14,3117/5521,14,15.08,14,14.5,7.877461,4.2895836E7,17,600683,20260430
300465.SZ,高伟达,14.22,14.11,0.77958894,14.4,13.98,3121/5521,14.11,14.4,13.98,14.22,2.976612,8180299,33,300465,20260430
603187.SH,海容冷链,13.98,14.55,-3.65265334,14.57,13.98,3121/5521,14.55,14.57,13.98,13.98,4.066161,1.2080217E7,17,603187,20260430
300793.SZ,佳禾智能,14.08,14.05,-0.70521862,14.27,13.97,3123/5521,14.05,14.27,13.97,14.08,2.115655,5552700,33,300793,20260430
920926.BJ,鸿智科技,14.17,14.15,1.28663331,14.25,13.95,3124/5521,14.15,14.25,13.95,14.17,2.144388,346651,151,920926,20260430
603331.SH,百达精工,14.08,14.2,0.21352313,14.28,13.94,3125/5521,14.2,14.28,13.94,14.08,2.419928,5909712,17,603331,20260430
300856.SZ,科思股份,13.96,14.03,-0.35688794,14.3,13.93,3126/5521,14.03,14.3,13.93,13.96,2.64097,6601040,33,300856,20260430
001387.SZ,雪祺电气,14.2,13.92,1.50107219,14.28,13.92,3127/5521,13.92,14.28,13.92,14.2,2.573266,3604570,33,001387,20260430
603883.SH,老百姓,14.0,14.02,-0.77958894,14.16,13.92,3127/5521,14.02,14.16,13.92,14.0,1.700921,7377728,17,603883,20260430
920765.BJ,美之高,16.39,14,24.73363775,17.08,13.92,3127/5521,14,17.08,13.92,16.39,24.048706,7983363,151,920765,20260430
603071.SH,物产环能,14.03,14.03,-0.21337127,14.12,13.89,3130/5521,14.03,14.12,13.89,14.03,1.635846,3488552,17,603071,20260430
920475.BJ,三友科技,14.59,14.14,3.03672316,15.16,13.89,3130/5521,14.14,15.16,13.89,14.59,8.968926,2312455,151,920475,20260430
600151.SH,航天机电,14.51,13.9,4.61427541,15.18,13.88,3132/5521,13.9,15.18,13.88,14.51,9.372746,6.0387247E7,17,600151,20260430
688567.SH,孚能科技,13.92,14.06,-1.27659574,14.25,13.88,3132/5521,14.06,14.25,13.88,13.92,2.624113,1.8735024E7,17,688567,20260430
002907.SZ,华森制药,13.95,13.96,0.14357502,14.14,13.86,3134/5521,13.96,14.14,13.86,13.95,2.01005,2601344,33,002907,20260430
603041.SH,美思德,14.12,13.87,1.43678161,14.28,13.86,3134/5521,13.87,14.28,13.86,14.12,3.017241,5891200,17,603041,20260430
600152.SH,维科技术,14.85,14.14,2.4137931,15.42,13.85,3136/5521,14.14,15.42,13.85,14.85,10.827586,1.5872324E8,17,600152,20260430
300374.SZ,中铁装配,13.94,14.03,0.14367816,14.04,13.84,3137/5521,14.03,14.04,13.84,13.94,1.436781,1967100,33,300374,20260430
601058.SH,赛轮轮胎,13.92,14.16,-2.72536688,14.24,13.84,3137/5521,14.16,14.24,13.84,13.92,2.795248,4.5288819E7,17,601058,20260430
002941.SZ,新疆交建,13.9,14.15,-2.04369274,14.15,13.83,3139/5521,14.15,14.15,13.83,13.9,2.255109,1.3262632E7,33,002941,20260430
300329.SZ,海伦钢琴,14.02,13.95,1.15440115,14.07,13.83,3139/5521,13.95,14.07,13.83,14.02,1.731601,1966300,33,300329,20260430
300551.SZ,古鳌科技,14.35,13.96,1.91761364,14.41,13.83,3139/5521,13.96,14.41,13.83,14.35,4.119318,9195050,33,300551,20260430
002600.SZ,领益智造,14.06,14,0.21382751,14.16,13.82,3142/5521,14,14.16,13.82,14.06,2.423378,1.03069617E8,33,002600,20260430
603318.SH,水发燃气,14.26,14.68,-1.99312715,15.1,13.82,3142/5521,14.68,15.1,13.82,14.26,8.79725,1.08847733E8,17,603318,20260430
300771.SZ,智莱科技,14.0,13.97,-0.21382751,14.08,13.81,3144/5521,13.97,14.08,13.81,14.0,1.924447,5788850,33,300771,20260430
000510.SZ,新金路,14.14,13.94,1.43472023,14.28,13.8,3145/5521,13.94,14.28,13.8,14.14,3.443328,3.079161E7,33,000510,20260430
002170.SZ,芭田股份,13.9,14.16,-1.97461213,14.18,13.8,3145/5521,14.16,14.18,13.8,13.9,2.67983,3.3598401E7,33,002170,20260430
002806.SZ,华锋股份,14.08,14.2,-0.42432815,14.28,13.8,3145/5521,14.2,14.28,13.8,14.08,3.394625,7761987,33,002806,20260430
300929.SZ,华骐环保,14.19,14,1.35714286,14.2,13.8,3145/5521,14,14.2,13.8,14.19,2.857142,5444687,33,300929,20260430
603002.SH,宏昌电子,13.82,14.53,-3.62622036,14.66,13.8,3145/5521,14.53,14.66,13.8,13.82,5.99721,8.521386E7,17,603002,20260430
002350.SZ,北京科锐,14.1,14.16,1.07526882,14.16,13.79,3150/5521,14.16,14.16,13.79,14.1,2.652329,1.9753223E7,33,002350,20260430
603519.SH,立霸股份,14.44,13.93,3.66116296,14.69,13.79,3150/5521,13.93,14.69,13.79,14.44,6.460875,7660348,17,603519,20260430
688575.SH,亚辉龙,13.81,14.3,-3.62875087,14.3,13.79,3150/5521,14.3,14.3,13.79,13.81,3.558967,6275844,17,688575,20260430
002856.SZ,*ST美芝,13.78,13.78,5.0304878,13.78,13.78,3153/5521,13.78,13.78,13.78,13.78,0,4856810,33,002856,20260430
600508.SH,上海能源,13.88,13.89,-0.14388489,13.99,13.76,3154/5521,13.89,13.99,13.76,13.88,1.654676,8726727,17,600508,20260430
601061.SH,中信金属,13.86,14.02,-1.28205128,14.23,13.76,3154/5521,14.02,14.23,13.76,13.86,3.347578,2.0791501E7,17,601061,20260430
603137.SH,恒尚节能,13.84,13.89,-0.28818444,14,13.76,3154/5521,13.89,14,13.76,13.84,1.729106,2126235,17,603137,20260430
920152.BJ,昆工科技,13.8,14.29,-3.63128492,14.45,13.76,3154/5521,14.29,14.45,13.76,13.8,4.818435,1980937,151,920152,20260430
300994.SZ,久祺股份,13.87,13.79,0.28922632,14.18,13.75,3158/5521,13.79,14.18,13.75,13.87,3.109182,4878228,33,300994,20260430
600104.SH,上汽集团,13.78,13.94,0.65741417,13.97,13.75,3158/5521,13.94,13.97,13.75,13.78,1.607012,4.0555913E7,17,600104,20260430
603456.SH,九洲药业,13.79,13.91,-1.21776504,14.03,13.75,3158/5521,13.91,14.03,13.75,13.79,2.00573,1.522387E7,17,603456,20260430
002462.SZ,嘉事堂,13.8,13.97,-1.21689334,13.99,13.74,3161/5521,13.97,13.99,13.74,13.8,1.789549,2894900,33,002462,20260430
002737.SZ,葵花药业,13.88,13.92,5.95419847,14.4,13.74,3161/5521,13.92,14.4,13.74,13.88,5.038167,2.2462339E7,33,002737,20260430
002815.SZ,崇达技术,13.9,14.35,-2.52454418,14.4,13.74,3161/5521,14.35,14.4,13.74,13.9,4.62833,3.7394707E7,33,002815,20260430
300614.SZ,百川畅银,13.84,13.8,1.16959064,14,13.74,3161/5521,13.8,14,13.74,13.84,1.900584,2936400,33,300614,20260430
603213.SH,镇洋发展,13.85,13.77,0.2170767,13.88,13.74,3161/5521,13.77,13.88,13.74,13.85,1.013024,2107700,17,603213,20260430
300559.SZ,佳发教育,13.97,13.99,-0.28551035,14.2,13.73,3166/5521,13.99,14.2,13.73,13.97,3.354746,1.4451E7,33,300559,20260430
301256.SZ,华融化学,13.73,13.89,-0.79479769,14.16,13.73,3166/5521,13.89,14.16,13.73,13.73,3.106936,6673326,33,301256,20260430
603098.SH,森特股份,14.19,15.02,-6.95081967,15.09,13.73,3166/5521,15.02,15.09,13.73,14.19,8.918032,1.8357482E7,17,603098,20260430
002802.SZ,洪汇新材,13.9,14.32,-2.93296089,14.41,13.72,3169/5521,14.32,14.41,13.72,13.9,4.818435,1.1972722E7,33,002802,20260430
300235.SZ,方直科技,14.09,13.75,2.77169949,14.18,13.71,3170/5521,13.75,14.18,13.71,14.09,3.428154,8402978,33,300235,20260430
603967.SH,中创物流,13.93,13.8,0.57761733,13.99,13.71,3170/5521,13.8,13.99,13.71,13.93,2.02166,6862359,17,603967,20260430
300417.SZ,南华仪器,14.17,13.81,2.45842372,14.22,13.7,3172/5521,13.81,14.22,13.7,14.17,3.759942,4137240,33,300417,20260430
603711.SH,香飘飘,14.28,14.11,10.01540832,14.28,13.7,3172/5521,14.11,14.28,13.7,14.28,4.468412,1.4058036E7,17,603711,20260430
688429.SH,时创能源,14.16,13.79,2.38611714,14.34,13.7,3172/5521,13.79,14.34,13.7,14.16,4.627621,3224087,17,688429,20260430
603332.SH,苏州龙杰,14.34,14,2.06405694,14.39,13.69,3175/5521,14,14.39,13.69,14.34,4.982206,8164030,17,603332,20260430
002950.SZ,奥美医疗,13.77,13.69,-0.28964518,14.17,13.68,3176/5521,13.69,14.17,13.68,13.77,3.548153,1.4259041E7,33,002950,20260430
603977.SH,国泰集团,13.87,13.73,0.87272727,13.93,13.68,3176/5521,13.73,13.93,13.68,13.87,1.818181,1.1734252E7,17,603977,20260430
003013.SZ,地铁设计,13.75,13.67,0.14566642,13.78,13.67,3178/5521,13.67,13.78,13.67,13.75,0.801165,1705000,33,003013,20260430
002196.SZ,方正电机,13.97,13.66,1.45243282,14.06,13.66,3179/5521,13.66,14.06,13.66,13.97,2.904865,2.24269E7,33,002196,20260430
603070.SH,万控智造,13.85,14.73,-8.46001322,14.78,13.65,3180/5521,14.73,14.78,13.65,13.85,7.468605,1.2328416E7,17,603070,20260430
300715.SZ,凯伦股份,13.8,13.69,0.87719298,14.25,13.64,3181/5521,13.69,14.25,13.64,13.8,4.459064,7352080,33,300715,20260430
300018.SZ,中元股份,13.64,14.03,-2.77975766,14.03,13.62,3182/5521,14.03,14.03,13.62,13.64,2.922309,1.7376625E7,33,300018,20260430
600546.SH,山煤国际,14.06,13.64,2.40349599,14.16,13.62,3182/5521,13.64,14.16,13.62,14.06,3.932993,4.1279779E7,17,600546,20260430
603309.SH,维力医疗,13.67,13.76,-0.36443149,13.84,13.62,3182/5521,13.76,13.84,13.62,13.67,1.603498,3067680,17,603309,20260430
002085.SZ,万丰奥威,13.63,13.75,-0.51094891,13.81,13.61,3185/5521,13.75,13.81,13.61,13.63,1.459854,2.4593185E7,33,002085,20260430
300755.SZ,华致酒行,13.66,13.73,-0.72674419,13.82,13.61,3185/5521,13.73,13.82,13.61,13.66,1.526162,3723100,33,300755,20260430
603170.SH,宝立食品,13.65,13.9,-2.29062276,13.99,13.61,3185/5521,13.9,13.99,13.61,13.65,2.720114,4105577,17,603170,20260430
000555.SZ,神州信息,13.71,13.7,0.21929825,13.82,13.6,3188/5521,13.7,13.82,13.6,13.71,1.608187,1.7710684E7,33,000555,20260430
300268.SZ,*ST佳沃,13.94,13.85,0.72254335,13.99,13.6,3188/5521,13.85,13.99,13.6,13.94,2.817919,1699601,33,300268,20260430
300682.SZ,朗新科技,13.64,13.8,-0.65549891,13.88,13.6,3188/5521,13.8,13.88,13.6,13.64,2.039329,1.2731241E7,33,300682,20260430
301127.SZ,武汉天源,13.72,13.95,-1.64874552,14.07,13.6,3188/5521,13.95,14.07,13.6,13.72,3.369175,1.1680086E7,33,301127,20260430
600587.SH,新华医疗,13.75,13.6,0.3649635,13.88,13.6,3188/5521,13.6,13.88,13.6,13.75,2.043795,7090723,17,600587,20260430
600886.SH,国投电力,13.63,13.8,0.14695077,13.99,13.6,3188/5521,13.8,13.99,13.6,13.63,2.86554,5.9665509E7,17,600886,20260430
603037.SH,凯众股份,13.76,13.91,-0.57803468,13.96,13.6,3188/5521,13.91,13.96,13.6,13.76,2.601156,6360196,17,603037,20260430
600703.SH,三安光电,13.67,13.97,-1.93687231,14.05,13.58,3195/5521,13.97,14.05,13.58,13.67,3.371592,1.63049652E8,17,600703,20260430
600711.SH,盛屯矿业,13.76,13.8,-1.22038765,13.97,13.58,3195/5521,13.8,13.97,13.58,13.76,2.799712,6.7775692E7,17,600711,20260430
002788.SZ,鹭燕医药,13.66,13.72,-0.72674419,13.83,13.57,3197/5521,13.72,13.83,13.57,13.66,1.889534,2.0303428E7,33,002788,20260430
601116.SH,三江购物,13.64,13.71,-0.72780204,13.98,13.57,3197/5521,13.71,13.98,13.57,13.64,2.983988,9775693,17,601116,20260430
600505.SH,西昌电力,13.78,13.57,1.32352941,13.93,13.56,3199/5521,13.57,13.93,13.56,13.78,2.720588,1.1928401E7,17,600505,20260430
688327.SH,云从科技,13.78,13.75,-0.43352601,13.98,13.56,3199/5521,13.75,13.98,13.56,13.78,3.034682,2.7739922E7,17,688327,20260430
300616.SZ,尚品宅配,13.61,14.04,-3.33806818,14.37,13.55,3201/5521,14.04,14.37,13.55,13.61,5.823863,8919811,33,300616,20260430
600523.SH,贵航股份,13.7,13.7,0.29282577,13.84,13.55,3201/5521,13.7,13.84,13.55,13.7,2.122986,2936400,17,600523,20260430
002416.SZ,爱施德,13.77,13.67,0.36443149,13.84,13.54,3203/5521,13.67,13.84,13.54,13.77,2.186588,2.6391287E7,33,002416,20260430
002811.SZ,郑中设计,13.88,13.66,1.98383542,13.9,13.54,3203/5521,13.66,13.9,13.54,13.88,2.645113,5619000,33,002811,20260430
600559.SH,老白干酒,13.57,13.7,-1.30909091,13.75,13.54,3203/5521,13.7,13.75,13.54,13.57,1.527272,1.0259264E7,17,600559,20260430
002845.SZ,同兴达,13.67,13.71,-0.65406977,13.91,13.53,3206/5521,13.71,13.91,13.53,13.67,2.761627,8405420,33,002845,20260430
300615.SZ,欣天科技,13.72,13.62,0.80822924,13.82,13.53,3206/5521,13.62,13.82,13.53,13.72,2.130786,3980200,33,300615,20260430
600977.SH,中国电影,13.78,13.52,1.69741697,13.8,13.52,3208/5521,13.52,13.8,13.52,13.78,2.06642,3.4644351E7,17,600977,20260430
603966.SH,法兰泰克,13.57,13.67,-0.87655223,13.79,13.52,3208/5521,13.67,13.79,13.52,13.57,1.972242,9391667,17,603966,20260430
002493.SZ,荣盛石化,13.95,13.52,2.27272727,14.11,13.51,3210/5521,13.52,14.11,13.51,13.95,4.398826,8.3243392E7,33,002493,20260430
300716.SZ,ST泉为,13.51,13.51,,13.51,13.51,3210/5521,13.51,13.51,13.51,13.51,,,33,300716,20260430
600573.SH,惠泉啤酒,13.74,13.51,1.32743363,14.18,13.51,3210/5521,13.51,14.18,13.51,13.74,4.941002,1.59426E7,17,600573,20260430
601038.SH,一拖股份,13.84,13.54,1.24359912,13.88,13.51,3210/5521,13.54,13.88,13.51,13.84,2.706656,1.16503E7,17,601038,20260430
688728.SH,格科微,13.79,13.55,3.84036145,13.89,13.51,3210/5521,13.55,13.89,13.51,13.79,2.861445,2.9334474E7,17,688728,20260430
002365.SZ,永安药业,13.7,13.5,3.63086233,14.09,13.5,3215/5521,13.5,14.09,13.5,13.7,4.462934,1.7527563E7,33,002365,20260430
300501.SZ,海顺新材,13.74,13.76,-0.93727469,13.96,13.5,3215/5521,13.76,13.96,13.5,13.74,3.31651,9088525,33,300501,20260430
603208.SH,江山欧派,13.66,13.61,0.36737693,13.78,13.5,3215/5521,13.61,13.78,13.5,13.66,2.05731,2098388,17,603208,20260430
300337.SZ,银邦股份,13.96,13.84,1.89781022,14.11,13.48,3218/5521,13.84,14.11,13.48,13.96,4.59854,4.9545539E7,33,300337,20260430
002654.SZ,万润科技,14.52,13.83,5.6768559,14.94,13.47,3219/5521,13.83,14.94,13.47,14.52,10.698689,7.4116668E7,33,002654,20260430
300203.SZ,聚光科技,13.6,13.63,-0.22010271,13.86,13.47,3219/5521,13.63,13.86,13.47,13.6,2.861335,7619193,33,300203,20260430
603035.SH,常熟汽饰,13.47,13.63,-1.75054705,13.67,13.47,3219/5521,13.63,13.67,13.47,13.47,1.458789,4683433,17,603035,20260430
601811.SH,新华文轩,13.59,13.55,-0.36656891,13.66,13.46,3222/5521,13.55,13.66,13.46,13.59,1.466275,3337400,17,601811,20260430
601865.SH,福莱特,13.52,13.64,-1.81554103,13.8,13.46,3222/5521,13.64,13.8,13.46,13.52,2.469135,1.7014499E7,17,601865,20260430
600446.SH,金证股份,13.68,13.48,1.33333333,13.83,13.45,3224/5521,13.48,13.83,13.45,13.68,2.814814,2.4102741E7,17,600446,20260430
920087.BJ,秋乐种业,13.58,13.7,0.96654275,13.7,13.44,3225/5521,13.7,13.7,13.44,13.58,1.933085,3057125,151,920087,20260430
603339.SH,四方科技,13.67,13.5,0.58866814,13.71,13.43,3226/5521,13.5,13.71,13.43,13.67,2.060338,2174806,17,603339,20260430
002674.SZ,兴业科技,13.48,13.84,-1.3899049,13.84,13.42,3227/5521,13.84,13.84,13.42,13.48,3.072421,2799400,33,002674,20260430
003003.SZ,天元股份,13.86,13.58,2.06185567,13.95,13.41,3228/5521,13.58,13.95,13.41,13.86,3.976435,5609700,33,003003,20260430
603578.SH,三星新材,13.71,13.57,1.03168755,13.76,13.41,3228/5521,13.57,13.76,13.41,13.71,2.579218,4024383,17,603578,20260430
000995.SZ,皇台酒业,13.48,13.5,-0.14814815,13.69,13.4,3230/5521,13.5,13.69,13.4,13.48,2.148148,7347299,33,000995,20260430
603166.SH,福达股份,13.66,13.4,1.94029851,13.72,13.4,3230/5521,13.4,13.72,13.4,13.66,2.388059,5879820,17,603166,20260430
688203.SH,海正生材,13.55,13.72,-1.8115942,13.78,13.4,3230/5521,13.72,13.78,13.4,13.55,2.753623,5517575,17,688203,20260430
000913.SZ,钱江摩托,13.5,13.6,-0.95377843,13.65,13.39,3233/5521,13.6,13.65,13.39,13.5,1.907556,7516200,33,000913,20260430
300550.SZ,和仁科技,13.82,13.56,2.67459138,13.94,13.38,3234/5521,13.56,13.94,13.38,13.82,4.160475,1.2857411E7,33,300550,20260430
301149.SZ,隆华新材,13.69,13.58,0.73583517,13.72,13.38,3234/5521,13.58,13.72,13.38,13.69,2.501839,1.3787157E7,33,301149,20260430
600689.SH,上海三毛,13.54,13.54,0.44510386,13.78,13.38,3234/5521,13.54,13.78,13.38,13.54,2.967359,4620200,17,600689,20260430
600722.SH,金牛化工,13.61,13.54,0.51698671,14.18,13.38,3234/5521,13.54,14.18,13.38,13.61,5.908419,6.189971E7,17,600722,20260430
300961.SZ,深水海纳,13.57,13.38,1.26865672,13.66,13.37,3238/5521,13.38,13.66,13.37,13.57,2.164179,6331000,33,300961,20260430
000967.SZ,盈峰环境,13.57,14.23,-3.827073,14.34,13.35,3239/5521,14.23,14.34,13.35,13.57,7.0163,2.0620417E8,33,000967,20260430
003025.SZ,思进智能,13.59,13.41,0.81602374,13.7,13.35,3239/5521,13.41,13.7,13.35,13.59,2.596439,5366173,33,003025,20260430
600791.SH,京能置业,13.45,13.37,0.82458771,13.96,13.35,3239/5521,13.37,13.96,13.35,13.45,4.572713,1.9567E7,17,600791,20260430
920132.BJ,泰鹏智能,13.89,13.48,2.96515938,13.93,13.35,3239/5521,13.48,13.93,13.35,13.89,4.299481,845808,151,920132,20260430
002972.SZ,科安达,13.43,13.41,-0.14869888,13.69,13.34,3243/5521,13.41,13.69,13.34,13.43,2.60223,5684674,33,002972,20260430
300555.SZ,ST路通,13.47,13.46,0.14869888,13.66,13.33,3244/5521,13.46,13.66,13.33,13.47,2.453531,1635650,33,300555,20260430
002669.SZ,康达新材,13.47,13.43,-0.5904059,13.74,13.32,3245/5521,13.43,13.74,13.32,13.47,3.09963,8741500,33,002669,20260430
603006.SH,联明股份,13.46,13.32,0,13.62,13.32,3245/5521,13.32,13.62,13.32,13.46,2.228826,3539400,17,603006,20260430
002394.SZ,联发股份,14.11,13.55,5.14157973,14.17,13.31,3247/5521,13.55,14.17,13.31,14.11,6.408345,1.01406E7,33,002394,20260430
600557.SH,康缘药业,13.48,13.7,-3.36917563,13.77,13.31,3247/5521,13.7,13.77,13.31,13.48,3.297491,1.1081973E7,17,600557,20260430
603918.SH,金桥信息,13.4,13.38,-0.37174721,13.54,13.31,3247/5521,13.38,13.54,13.31,13.4,1.710037,5614807,17,603918,20260430
000719.SZ,中原传媒,13.42,13.67,-1.97224251,13.8,13.3,3250/5521,13.67,13.8,13.3,13.42,3.6523,8231820,33,000719,20260430
603108.SH,润达医疗,13.43,13.36,-0.88560886,13.6,13.3,3250/5521,13.36,13.6,13.3,13.43,2.214022,9693236,17,603108,20260430
603212.SH,赛伍技术,13.7,13.44,3.08502634,13.95,13.3,3250/5521,13.44,13.95,13.3,13.7,4.890895,1.9764455E7,17,603212,20260430
001318.SZ,阳光乳业,13.35,13.32,0.45146727,13.48,13.29,3253/5521,13.32,13.48,13.29,13.35,1.429646,2094320,33,001318,20260430
603390.SH,通达电气,13.35,13.49,-1.98237885,13.8,13.29,3253/5521,13.49,13.8,13.29,13.35,3.744493,2.2661143E7,17,603390,20260430
920580.BJ,科创新材,13.55,13.42,0.96870343,13.71,13.29,3253/5521,13.42,13.71,13.29,13.55,3.129657,1561700,151,920580,20260430
300845.SZ,捷安高科,13.73,13.6,0.65982405,13.82,13.27,3256/5521,13.6,13.82,13.27,13.73,4.032258,8109222,33,300845,20260430
002867.SZ,周大生,13.26,13.54,-0.89686099,13.97,13.26,3257/5521,13.54,13.97,13.26,13.26,5.306427,5.8589926E7,33,002867,20260430
300608.SZ,思特奇,13.44,13.49,0.07446016,13.58,13.26,3257/5521,13.49,13.58,13.26,13.44,2.382725,1.4966821E7,33,300608,20260430
603898.SH,好莱客,13.81,13.3,2.44807122,14.09,13.25,3259/5521,13.3,14.09,13.25,13.81,6.231454,5333308,17,603898,20260430
002284.SZ,亚太股份,13.29,13.94,0.52950076,14.18,13.23,3260/5521,13.94,14.18,13.23,13.29,7.186081,4.03663E7,33,002284,20260430
300075.SZ,数字政通,13.29,13.28,-0.74682599,13.49,13.23,3260/5521,13.28,13.49,13.23,13.29,1.941747,1.0380244E7,33,300075,20260430
300758.SZ,七彩化学,13.32,13.66,-2.7027027,13.81,13.23,3260/5521,13.66,13.81,13.23,13.32,4.236669,1.7600632E7,33,300758,20260430
603703.SH,盛洋科技,13.68,13.33,1.71003717,13.75,13.22,3263/5521,13.33,13.75,13.22,13.68,3.94052,9399840,17,603703,20260430
920123.BJ,芭薇股份,13.48,13.22,1.9667171,13.68,13.22,3263/5521,13.22,13.68,13.22,13.48,3.479576,1067206,151,920123,20260430
002533.SZ,金杯电工,13.3,13.4,-1.26206385,13.44,13.21,3265/5521,13.4,13.44,13.21,13.3,1.707498,1.0413819E7,33,002533,20260430
600415.SH,小商品城,13.25,13.57,-1.85185185,13.59,13.21,3265/5521,13.57,13.59,13.21,13.25,2.814814,1.00409621E8,17,600415,20260430
601966.SH,玲珑轮胎,13.22,13.37,-1.34328358,13.38,13.21,3265/5521,13.37,13.38,13.21,13.22,1.268656,1.406607E7,17,601966,20260430
603970.SH,中农立华,13.21,13.37,-1.12275449,13.45,13.21,3265/5521,13.37,13.45,13.21,13.21,1.796407,2440016,17,603970,20260430
002205.SZ,国统股份,13.38,13.26,0.45045045,13.51,13.2,3269/5521,13.26,13.51,13.2,13.38,2.327327,2629602,33,002205,20260430
002836.SZ,新宏泽,13.45,13.19,1.89393939,13.66,13.19,3270/5521,13.19,13.66,13.19,13.45,3.560606,4227720,33,002836,20260430
603587.SH,地素时尚,13.34,13.22,1.29081245,13.4,13.19,3270/5521,13.22,13.4,13.19,13.34,1.594533,4580620,17,603587,20260430
300522.SZ,世名科技,13.21,13.37,-1.19670905,14.04,13.18,3272/5521,13.37,14.04,13.18,13.21,6.432311,6437897,33,300522,20260430
300730.SZ,科创信息,13.45,13.35,0.82458771,13.48,13.18,3272/5521,13.35,13.48,13.18,13.45,2.248875,3941875,33,300730,20260430
600366.SH,宁波韵升,13.27,13.31,-0.97014925,13.35,13.15,3274/5521,13.31,13.35,13.15,13.27,1.492537,2.7573188E7,17,600366,20260430
000612.SZ,焦作万方,13.29,13.3,-0.96870343,13.65,13.13,3275/5521,13.3,13.65,13.13,13.29,3.874813,4.1125591E7,33,000612,20260430
001201.SZ,东瑞股份,13.23,13.22,0.07564297,13.45,13.13,3275/5521,13.22,13.45,13.13,13.23,2.420574,4458947,33,001201,20260430
002708.SZ,光洋股份,13.34,13.13,1.29081245,13.5,13.13,3275/5521,13.13,13.5,13.13,13.34,2.809415,1.3288114E7,33,002708,20260430
002923.SZ,润都股份,13.22,13.14,-0.45180723,13.45,13.13,3275/5521,13.14,13.45,13.13,13.22,2.409638,1.349623E7,33,002923,20260430
300371.SZ,汇中股份,13.44,13.29,2.20532319,13.68,13.13,3275/5521,13.29,13.68,13.13,13.44,4.182509,3095800,33,300371,20260430
603602.SH,纵横通信,13.18,13.2,1.77606178,13.37,13.13,3275/5521,13.2,13.37,13.13,13.18,1.853281,5775880,17,603602,20260430
000729.SZ,燕京啤酒,13.3,13.24,0.68130204,13.44,13.11,3281/5521,13.24,13.44,13.11,13.3,2.498107,3.360725E7,33,000729,20260430
002889.SZ,东方嘉盛,13.13,13.22,-0.68078669,13.3,13.1,3282/5521,13.22,13.3,13.1,13.13,1.512859,1454929,33,002889,20260430
301395.SZ,仁信新材,13.55,13.19,2.72934041,13.88,13.1,3282/5521,13.19,13.88,13.1,13.55,5.91357,7168996,33,301395,20260430
600072.SH,中船科技,13.68,13.14,6.04651163,14.12,13.1,3282/5521,13.14,14.12,13.1,13.68,7.906976,8.4470659E7,17,600072,20260430
603506.SH,南都物业,13.53,13.11,3.91705069,13.73,13.1,3282/5521,13.11,13.73,13.1,13.53,4.838709,6395866,17,603506,20260430
920837.BJ,华原股份,13.12,13.1,-0.152207,13.45,13.1,3282/5521,13.1,13.45,13.1,13.12,2.663622,1582834,151,920837,20260430
301339.SZ,通行宝,13.13,13.14,0.07621951,13.2,13.09,3287/5521,13.14,13.2,13.09,13.13,0.838414,3186606,33,301339,20260430
300164.SZ,通源石油,13.48,13.5,1.9667171,13.58,13.08,3288/5521,13.5,13.58,13.08,13.48,3.782148,8.40744E7,33,300164,20260430
300224.SZ,正海磁材,13.22,13.24,-0.07558579,13.28,13.08,3288/5521,13.24,13.28,13.08,13.22,1.511715,1.9179222E7,33,300224,20260430
600352.SH,浙江龙盛,13.12,13.29,-1.20481928,13.6,13.08,3288/5521,13.29,13.6,13.08,13.12,3.915662,4.880696E7,17,600352,20260430
600299.SH,安迪苏,13.29,13.89,-7.06293706,13.89,13.07,3291/5521,13.89,13.89,13.07,13.29,5.734265,3.1362059E7,17,600299,20260430
300171.SZ,东富龙,13.12,13.14,-0.53070508,13.26,13.05,3292/5521,13.14,13.26,13.05,13.12,1.592115,8913485,33,300171,20260430
300184.SZ,力源信息,13.35,13.13,1.28983308,13.68,13.05,3292/5521,13.13,13.68,13.05,13.35,4.779969,1.42324023E8,33,300184,20260430
301017.SZ,漱玉平民,13.11,13.43,-2.45535714,13.5,13.05,3292/5521,13.43,13.5,13.05,13.11,3.348214,9150200,33,301017,20260430
603856.SH,东宏股份,13.09,13.18,-0.53191489,13.37,13.05,3292/5521,13.18,13.37,13.05,13.09,2.43161,7281148,17,603856,20260430
300349.SZ,金卡智能,13.08,13.11,-0.90909091,13.35,13.04,3296/5521,13.11,13.35,13.04,13.08,2.348484,5700468,33,300349,20260430
000672.SZ,上峰水泥,14.0,13.4,6.14101592,14.15,13.03,3297/5521,13.4,14.15,13.03,14.0,8.491281,2.9302087E7,33,000672,20260430
002201.SZ,九鼎新材,13.39,13.82,-4.01433692,13.82,13.03,3297/5521,13.82,13.82,13.03,13.39,5.663082,8.2130225E7,33,002201,20260430
600633.SH,浙数文化,13.12,13.3,-2.52600297,13.35,13.03,3297/5521,13.3,13.35,13.03,13.12,2.377414,5.8805054E7,17,600633,20260430
000682.SZ,东方电子,13.05,13.37,-2.32035928,13.39,13.02,3300/5521,13.37,13.39,13.02,13.05,2.769461,2.3259268E7,33,000682,20260430
300401.SZ,花园生物,13.05,13.2,-1.21120363,13.23,13.02,3300/5521,13.2,13.23,13.02,13.05,1.589704,9157315,33,300401,20260430
603668.SH,天马科技,13.52,13.07,3.36391437,13.73,13.02,3300/5521,13.07,13.73,13.02,13.52,5.428134,1.0113316E7,17,603668,20260430
000301.SZ,东方盛虹,13.27,13.15,0.07541478,13.48,13,3303/5521,13.15,13.48,13,13.27,3.619909,3.8074914E7,33,000301,20260430
300004.SZ,南风股份,13.52,13.07,3.36391437,13.6,13,3303/5521,13.07,13.6,13,13.52,4.587155,1.6888378E7,33,300004,20260430
920375.BJ,派诺科技,13.13,13.26,-1.94174757,13.29,13,3303/5521,13.26,13.29,13,13.13,2.165795,2627465,151,920375,20260430
920419.BJ,路斯股份,13.1,13.26,-0.60698027,13.35,13,3303/5521,13.26,13.35,13,13.1,2.655538,710116,151,920419,20260430
603277.SH,银都股份,13.03,13.04,-0.07668712,13.23,12.99,3307/5521,13.04,13.23,12.99,13.03,1.84049,2127610,17,603277,20260430
002675.SZ,东诚药业,12.99,13.3,-2.47747748,13.31,12.97,3308/5521,13.3,13.31,12.97,12.99,2.552552,1.4447922E7,33,002675,20260430
603608.SH,天创时尚,13.17,12.96,1.22982321,13.42,12.96,3309/5521,12.96,13.42,12.96,13.17,3.535741,1.2798056E7,17,603608,20260430
300462.SZ,ST华铭,13.16,13.24,-1.57068063,13.39,12.95,3310/5521,13.24,13.39,12.95,13.16,3.290949,3810200,33,300462,20260430
601198.SH,东兴证券,13.2,13.01,0.84033613,13.27,12.95,3310/5521,13.01,13.27,12.95,13.2,2.444614,2.2788336E7,17,601198,20260430
000014.SZ,沙河股份,13.2,13.4,0,13.4,12.94,3312/5521,13.4,13.4,12.94,13.2,3.484848,7950660,33,000014,20260430
600372.SH,中航机载,13.0,12.95,0.07698229,13.1,12.94,3312/5521,12.95,13.1,12.94,13.0,1.231716,3.7347351E7,17,600372,20260430
601611.SH,中国核建,13.34,13.08,1.83206107,13.4,12.94,3312/5521,13.08,13.4,12.94,13.34,3.51145,4.4346729E7,17,601611,20260430
002887.SZ,绿茵生态,13.3,13.3,1.06382979,13.73,12.93,3315/5521,13.3,13.73,12.93,13.3,6.079027,1.0361786E7,33,002887,20260430
301032.SZ,新柴股份,12.95,13.09,-0.99388379,13.29,12.93,3315/5521,13.09,13.29,12.93,12.95,2.752293,5413300,33,301032,20260430
688389.SH,普门科技,13.05,13.01,0.38461538,13.1,12.93,3315/5521,13.01,13.1,12.93,13.05,1.307692,2164728,17,688389,20260430
603386.SH,骏亚科技,13.37,13.05,2.29533282,13.66,12.92,3318/5521,13.05,13.66,12.92,13.37,5.66182,9628720,17,603386,20260430
688586.SH,江航装备,13.15,12.93,1.54440154,13.78,12.91,3319/5521,12.93,13.78,12.91,13.15,6.718146,9126298,17,688586,20260430
300884.SZ,狄耐克,12.97,12.93,0.23183926,13.06,12.89,3320/5521,12.93,13.06,12.89,12.97,1.313755,3608200,33,300884,20260430
002276.SZ,万马股份,12.9,13.2,-3.94638868,13.3,12.88,3321/5521,13.2,13.3,12.88,12.9,3.127326,3.3884359E7,33,002276,20260430
603558.SH,健盛集团,13.02,13.07,0.30816641,13.29,12.88,3321/5521,13.07,13.29,12.88,13.02,3.158705,5593420,17,603558,20260430
002167.SZ,东方锆业,12.91,13.12,-1.97418375,13.17,12.87,3323/5521,13.12,13.17,12.87,12.91,2.277904,2.2209842E7,33,002167,20260430
300407.SZ,凯发电气,13.18,13.14,0.53394355,13.38,12.87,3323/5521,13.14,13.38,12.87,13.18,3.89016,7535900,33,300407,20260430
600078.SH,澄星股份,13.21,13.24,-1.12275449,13.39,12.87,3323/5521,13.24,13.39,12.87,13.21,3.892215,2.57541E7,17,600078,20260430
605268.SH,王力安防,12.98,13.86,-7.35189151,13.87,12.87,3323/5521,13.86,13.87,12.87,12.98,7.137758,1.9600241E7,17,605268,20260430
002413.SZ,雷科防务,13.14,12.95,3.13971743,13.23,12.86,3327/5521,12.95,13.23,12.86,13.14,2.904238,8.4750094E7,33,002413,20260430
002208.SZ,合肥城建,13.74,13.03,5.85516179,14.26,12.85,3328/5521,13.03,14.26,12.85,13.74,10.862865,6.2280663E7,33,002208,20260430
002258.SZ,利尔化学,12.9,12.96,-0.46296296,13.18,12.85,3328/5521,12.96,13.18,12.85,12.9,2.546296,1.3014287E7,33,002258,20260430
300142.SZ,沃森生物,13.0,12.85,0.85337471,13.14,12.85,3328/5521,12.85,13.14,12.85,13.0,2.249806,7.047043E7,33,300142,20260430
300270.SZ,中威电子,13.36,12.86,3.9688716,13.44,12.85,3328/5521,12.86,13.44,12.85,13.36,4.591439,1.68481E7,33,300270,20260430
688556.SH,高测股份,13.37,13.11,1.6730038,13.5,12.85,3328/5521,13.11,13.5,12.85,13.37,4.942965,3.5497853E7,17,688556,20260430
002026.SZ,山东威达,12.85,12.91,-0.69551777,13.02,12.83,3333/5521,12.91,13.02,12.83,12.85,1.468315,5105333,33,002026,20260430
688620.SH,安凯微,13.44,12.88,4.42890443,13.72,12.83,3333/5521,12.88,13.72,12.83,13.44,6.915306,1.6166603E7,17,688620,20260430
300183.SZ,东软载波,13.02,12.97,0.15384615,13.12,12.82,3335/5521,12.97,13.12,12.82,13.02,2.307692,7885259,33,300183,20260430
300600.SZ,国瑞科技,12.97,13.04,0.69875776,13.39,12.82,3335/5521,13.04,13.39,12.82,12.97,4.425465,7836740,33,300600,20260430
603010.SH,万盛股份,13.02,13.3,-2.25225225,13.35,12.82,3335/5521,13.3,13.35,12.82,13.02,3.978978,2.4041026E7,17,603010,20260430
002169.SZ,智光电气,13.1,12.85,1.31477185,13.19,12.81,3338/5521,12.85,13.19,12.81,13.1,2.938901,2.0738188E7,33,002169,20260430
002917.SZ,金奥博,12.98,12.96,-0.38372985,13.11,12.81,3338/5521,12.96,13.11,12.81,12.98,2.302379,4169250,33,002917,20260430
300659.SZ,中孚信息,13.08,12.85,1.78988327,13.28,12.81,3338/5521,12.85,13.28,12.81,13.08,3.657587,5045028,33,300659,20260430
002248.SZ,华东数控,13.06,12.84,1.08359133,13.25,12.8,3341/5521,12.84,13.25,12.8,13.06,3.482972,2.0964723E7,33,002248,20260430
300705.SZ,九典制药,12.85,12.92,-0.69551777,12.92,12.8,3341/5521,12.92,12.92,12.8,12.85,0.927357,4171360,33,300705,20260430
605018.SH,长华集团,12.82,12.84,0.47021944,13.06,12.8,3341/5521,12.84,13.06,12.8,12.82,2.037617,7205299,17,605018,20260430
301355.SZ,南王科技,12.99,12.81,1.484375,13,12.79,3344/5521,12.81,13,12.79,12.99,1.640625,4106300,33,301355,20260430
600449.SH,宁夏建材,12.91,12.85,0.31080031,12.94,12.78,3345/5521,12.85,12.94,12.78,12.91,1.243201,3700600,17,600449,20260430
603700.SH,宁水集团,12.94,12.93,0.15479876,13.15,12.78,3345/5521,12.93,13.15,12.78,12.94,2.863777,4912400,17,603700,20260430
002185.SZ,华天科技,13.11,12.86,2.66249021,13.16,12.77,3347/5521,12.86,13.16,12.77,13.11,3.054032,1.94773928E8,33,002185,20260430
300254.SZ,仟源医药,13.5,12.86,5.38641686,13.64,12.77,3347/5521,12.86,13.64,12.77,13.5,6.791569,2.4014761E7,33,300254,20260430
688565.SH,力源科技,12.94,12.83,0.7788162,13.12,12.76,3349/5521,12.83,13.12,12.76,12.94,2.803738,3220199,17,688565,20260430
002860.SZ,星帅尔,12.81,12.77,0.078125,12.93,12.74,3350/5521,12.77,12.93,12.74,12.81,1.484375,5818068,33,002860,20260430
002637.SZ,赞宇科技,12.78,12.9,0.31397174,13.2,12.73,3351/5521,12.9,13.2,12.73,12.78,3.689167,2.2102242E7,33,002637,20260430
300869.SZ,康泰医学,12.91,12.74,0.70202808,13.03,12.73,3351/5521,12.74,13.03,12.73,12.91,2.340093,2716386,33,300869,20260430
688184.SH,ST帕瓦,13.02,12.98,-1.43830431,13.55,12.73,3351/5521,12.98,13.55,12.73,13.02,6.207418,5512170,22,688184,20260430
300592.SZ,华凯易佰,13.01,13.06,-0.5351682,13.14,12.72,3354/5521,13.06,13.14,12.72,13.01,3.211009,1.346614E7,33,300592,20260430
688352.SH,颀中科技,12.97,12.8,1.328125,13.03,12.71,3355/5521,12.8,13.03,12.71,12.97,2.5,1.0625528E7,17,688352,20260430
002698.SZ,博实股份,12.78,12.84,-0.46728972,12.9,12.7,3356/5521,12.84,12.9,12.7,12.78,1.557632,8412678,33,002698,20260430
002748.SZ,世龙实业,12.83,12.88,-0.69659443,13.07,12.7,3356/5521,12.88,13.07,12.7,12.83,2.863777,6425600,33,002748,20260430
300663.SZ,科蓝软件,12.82,12.81,-0.07794232,13.02,12.7,3356/5521,12.81,13.02,12.7,12.82,2.494154,9036687,33,300663,20260430
600618.SH,氯碱化工,12.87,12.7,0.78308536,13.08,12.7,3356/5521,12.7,13.08,12.7,12.87,2.975724,1.2460701E7,17,600618,20260430
600753.SH,*ST海钦,13.04,12.72,1.47859922,13.06,12.7,3356/5521,12.72,13.06,12.7,13.04,2.801556,2437376,22,600753,20260430
603871.SH,嘉友国际,12.74,13.25,-4.28249437,13.27,12.7,3356/5521,13.25,13.27,12.7,12.74,4.282494,2.237961E7,17,603871,20260430
605366.SH,宏柏新材,13.34,12.82,3.09119011,13.78,12.7,3356/5521,12.82,13.78,12.7,13.34,8.346213,3.2969204E7,17,605366,20260430
688176.SH,亚虹医药,12.86,12.71,0.78369906,13.08,12.7,3356/5521,12.71,13.08,12.7,12.86,2.978056,9143540,17,688176,20260430
000801.SZ,四川九洲,12.78,12.85,-1.16009281,12.93,12.68,3364/5521,12.85,12.93,12.68,12.78,1.933488,1.60052E7,33,000801,20260430
920871.BJ,派特尔,12.94,12.83,1.25195618,13.07,12.68,3364/5521,12.83,13.07,12.68,12.94,3.051643,744340,151,920871,20260430
000860.SZ,顺鑫农业,12.7,12.75,-0.39215686,12.82,12.67,3366/5521,12.75,12.82,12.67,12.7,1.17647,6879057,33,000860,20260430
001338.SZ,永顺泰,13.27,12.67,4.24194815,13.65,12.67,3366/5521,12.67,13.65,12.67,13.27,7.69835,1.8684337E7,33,001338,20260430
002749.SZ,国光股份,12.74,12.7,-0.39093041,12.8,12.67,3366/5521,12.7,12.8,12.67,12.74,1.016419,1432964,33,002749,20260430
300605.SZ,恒锋信息,13.17,12.7,3.21316614,13.49,12.67,3366/5521,12.7,13.49,12.67,13.17,6.426332,1.0942027E7,33,300605,20260430
600191.SH,华资实业,12.7,13.05,-3.05343511,13.05,12.66,3370/5521,13.05,13.05,12.66,12.7,2.977099,1.44779E7,17,600191,20260430
002527.SZ,新时达,12.92,12.66,1.73228346,13,12.65,3371/5521,12.66,13,12.65,12.92,2.755905,7380933,33,002527,20260430
601881.SH,中国银河,12.78,12.8,-1.16009281,12.98,12.65,3371/5521,12.8,12.98,12.65,12.78,2.552204,5.7664467E7,17,601881,20260430
603639.SH,海利尔,12.75,12.73,-0.93240093,12.98,12.65,3371/5521,12.73,12.98,12.65,12.75,2.564102,5032044,17,603639,20260430
920191.BJ,瑞尔竞达,12.91,12.69,1.65354331,13.22,12.65,3371/5521,12.69,13.22,12.65,12.91,4.488188,7908660,151,920191,20260430
920271.BJ,邦德股份,12.81,12.8,0.078125,12.91,12.65,3371/5521,12.8,12.91,12.65,12.81,2.03125,524249,151,920271,20260430
300141.SZ,和顺电气,12.68,13.01,-1.70542636,13.01,12.63,3376/5521,13.01,13.01,12.63,12.68,2.945736,4282000,33,300141,20260430
603158.SH,腾龙股份,12.76,13.3,-1.39103555,13.45,12.62,3377/5521,13.3,13.45,12.62,12.76,6.414219,2.5800428E7,17,603158,20260430
605050.SH,福然德,12.66,12.7,-1.24804992,12.8,12.62,3377/5521,12.7,12.8,12.62,12.66,1.404056,4373744,17,605050,20260430
603517.SH,ST绝味,12.68,12.85,-0.78247261,12.88,12.6,3379/5521,12.85,12.88,12.6,12.68,2.190923,3482260,22,603517,20260430
002727.SZ,一心堂,12.68,12.8,-0.54901961,12.83,12.59,3380/5521,12.8,12.83,12.59,12.68,1.882352,6832498,33,002727,20260430
300694.SZ,蠡湖股份,12.74,12.59,1.19142176,12.85,12.59,3380/5521,12.59,12.85,12.59,12.74,2.065131,6685500,33,300694,20260430
000532.SZ,华金资本,12.66,12.74,-0.31496063,12.8,12.58,3382/5521,12.74,12.8,12.58,12.66,1.732283,5715201,33,000532,20260430
000810.SZ,创维数字,12.69,12.68,0.07886435,12.76,12.58,3382/5521,12.68,12.76,12.58,12.69,1.419558,1.4244378E7,33,000810,20260430
300800.SZ,力合科技,12.81,12.66,1.50554675,12.95,12.58,3382/5521,12.66,12.95,12.58,12.81,2.931854,5335100,33,300800,20260430
002670.SZ,国盛证券,12.64,12.59,0.31746032,12.84,12.57,3385/5521,12.59,12.84,12.57,12.64,2.142857,1.5608521E7,33,002670,20260430
600846.SH,同济科技,12.76,12.93,-2.29709035,13,12.57,3385/5521,12.93,13,12.57,12.76,3.292496,6438302,17,600846,20260430
300386.SZ,飞天诚信,12.69,12.66,0.63441713,12.78,12.56,3387/5521,12.66,12.78,12.56,12.69,1.744647,2805100,33,300386,20260430
603218.SH,日月股份,12.75,12.88,-1.92307692,12.95,12.56,3387/5521,12.88,12.95,12.56,12.75,3,1.6536615E7,17,603218,20260430
600577.SH,精达股份,13.03,12.72,4.49077787,13.26,12.55,3389/5521,12.72,13.26,12.55,13.03,5.693664,7.2557602E7,17,600577,20260430
603886.SH,元祖股份,12.77,12.55,1.42970612,12.79,12.55,3389/5521,12.55,12.79,12.55,12.77,1.906274,3869732,17,603886,20260430
000065.SZ,北方国际,12.79,12.63,1.10671937,12.82,12.54,3391/5521,12.63,12.82,12.54,12.79,2.213438,2.4893975E7,33,000065,20260430
002507.SZ,涪陵榨菜,12.58,12.69,-0.78864353,12.7,12.53,3392/5521,12.69,12.7,12.53,12.58,1.340694,9826017,33,002507,20260430
300565.SZ,科信技术,12.71,12.65,0.4743083,12.76,12.53,3392/5521,12.65,12.76,12.53,12.71,1.818181,9732100,33,300565,20260430
000533.SZ,顺钠股份,12.63,13,-3.95437262,13.13,12.51,3394/5521,13,13.13,12.51,12.63,4.714828,5.6968774E7,33,000533,20260430
300306.SZ,远方信息,12.65,12.57,1.2,12.68,12.48,3395/5521,12.57,12.68,12.48,12.65,1.6,2401400,33,300306,20260430
300778.SZ,新城市,13.05,12.49,4.1500399,13.58,12.47,3396/5521,12.49,13.58,12.47,13.05,8.858739,1.5787037E7,33,300778,20260430
600571.SH,信雅达,12.68,12.85,-2.53651038,12.95,12.47,3396/5521,12.85,12.95,12.47,12.68,3.689469,1.217534E7,17,600571,20260430
000899.SZ,赣能股份,12.48,12.97,-3.55486862,13.03,12.46,3398/5521,12.97,13.03,12.46,12.48,4.404945,2.2008992E7,33,000899,20260430
000990.SZ,诚志股份,12.6,12.97,-2.62751159,13.07,12.46,3398/5521,12.97,13.07,12.46,12.6,4.714064,6.3998355E7,33,000990,20260430
601900.SH,南方传媒,12.5,12.58,-0.79365079,12.6,12.46,3398/5521,12.58,12.6,12.46,12.5,1.111111,7486800,17,601900,20260430
600596.SH,新安股份,12.49,12.79,-1.73092054,12.8,12.45,3401/5521,12.79,12.8,12.45,12.49,2.753737,2.1388312E7,17,600596,20260430
603398.SH,*ST沐邦,12.45,12.45,4.97470489,12.45,12.45,3401/5521,12.45,12.45,12.45,12.45,0,2403384,22,603398,20260430
002582.SZ,好想你,12.55,12.56,0.88424437,12.94,12.42,3403/5521,12.56,12.94,12.42,12.55,4.180064,5.4222263E7,33,002582,20260430
300188.SZ,国投智能,12.45,12.57,-1.11199365,12.64,12.42,3403/5521,12.57,12.64,12.42,12.45,1.747418,7561116,33,300188,20260430
600650.SH,锦江在线,12.49,12.5,0.40192926,12.65,12.41,3405/5521,12.5,12.65,12.41,12.49,1.92926,2814841,17,600650,20260430
920685.BJ,新芝生物,12.65,12.51,1.03833866,12.74,12.41,3405/5521,12.51,12.74,12.41,12.65,2.635782,528249,151,920685,20260430
002973.SZ,侨银股份,12.59,12.8,-1.9470405,12.8,12.4,3407/5521,12.8,12.8,12.4,12.59,3.115264,4745700,33,002973,20260430
300397.SZ,天和防务,12.69,12.58,0.1578532,12.77,12.4,3407/5521,12.58,12.77,12.4,12.69,2.920284,1.6816486E7,33,300397,20260430
600857.SH,宁波中百,12.71,12.59,2.74858529,12.91,12.4,3407/5521,12.59,12.91,12.4,12.71,4.122877,4358710,17,600857,20260430
920163.BJ,方大新材,12.41,12.48,-0.48115477,12.72,12.4,3407/5521,12.48,12.72,12.4,12.41,2.566158,735933,151,920163,20260430
002164.SZ,宁波东力,12.56,12.44,0.72173216,12.8,12.39,3411/5521,12.44,12.8,12.39,12.56,3.28789,9796384,33,002164,20260430
300300.SZ,海峡创新,12.55,12.5,1.12812248,12.65,12.39,3411/5521,12.5,12.65,12.39,12.55,2.095084,4.33219E7,33,300300,20260430
600251.SH,冠农股份,12.95,12.56,1.88827695,13.14,12.39,3411/5521,12.56,13.14,12.39,12.95,5.900865,3.32428E7,17,600251,20260430
300319.SZ,麦捷科技,12.46,12.55,-0.87509944,12.74,12.37,3414/5521,12.55,12.74,12.37,12.46,2.943516,2.6799093E7,33,300319,20260430
300406.SZ,九强生物,12.7,12.52,2.58481422,12.72,12.37,3414/5521,12.52,12.72,12.37,12.7,2.82714,9131434,33,300406,20260430
600272.SH,开开实业,12.64,12.38,3.0995106,12.85,12.36,3416/5521,12.38,12.85,12.36,12.64,3.996737,5110000,17,600272,20260430
600640.SH,国脉文化,12.4,12.6,-1.58730159,12.64,12.36,3416/5521,12.6,12.64,12.36,12.4,2.222222,6478100,17,600640,20260430
000429.SZ,粤高速A,12.58,12.6,-0.55335968,12.63,12.34,3418/5521,12.6,12.63,12.34,12.58,2.29249,7577225,33,000429,20260430
300288.SZ,朗玛信息,12.45,12.38,0.4842615,12.55,12.34,3418/5521,12.38,12.55,12.34,12.45,1.694915,3699600,33,300288,20260430
300729.SZ,乐歌股份,12.39,12.54,-1.35350318,12.61,12.34,3418/5521,12.54,12.61,12.34,12.39,2.149681,3610158,33,300729,20260430
920768.BJ,拾比佰,12.5,12.35,1.05092967,12.63,12.33,3421/5521,12.35,12.63,12.33,12.5,2.425222,1777742,151,920768,20260430
002140.SZ,东华科技,12.51,12.54,-0.71428571,12.66,12.32,3422/5521,12.54,12.66,12.32,12.51,2.698412,8615260,33,002140,20260430
300047.SZ,天源迪科,12.34,12.4,-0.56406124,12.49,12.32,3422/5521,12.4,12.49,12.32,12.34,1.369863,1.5792561E7,33,300047,20260430
601696.SH,中银证券,12.42,12.33,1.22249389,12.6,12.32,3422/5521,12.33,12.6,12.32,12.42,2.281988,3.7892537E7,17,601696,20260430
002647.SZ,仁东控股,12.41,12.5,-0.95770152,12.74,12.31,3425/5521,12.5,12.74,12.31,12.41,3.431763,4.44812E7,33,002647,20260430
300746.SZ,汉嘉数智,12.48,12.66,-1.10935024,12.72,12.31,3425/5521,12.66,12.72,12.31,12.48,3.248811,4206328,33,300746,20260430
301082.SZ,久盛电气,12.35,12.54,-1.51515152,12.62,12.31,3425/5521,12.54,12.62,12.31,12.35,2.472089,4008109,33,301082,20260430
300610.SZ,晨化股份,12.34,12.44,-0.32310178,12.55,12.3,3428/5521,12.44,12.55,12.3,12.34,2.019386,4069200,33,300610,20260430
600697.SH,欧亚集团,12.55,12.36,2.19869707,12.57,12.3,3428/5521,12.36,12.57,12.3,12.55,2.198697,5287700,17,600697,20260430
300517.SZ,海波重科,12.48,12.3,0.88924818,12.62,12.29,3430/5521,12.3,12.62,12.29,12.48,2.667744,4194160,33,300517,20260430
603628.SH,清源股份,12.4,12.41,-2.36220472,12.55,12.29,3430/5521,12.41,12.55,12.29,12.4,2.047244,7839594,17,603628,20260430
002930.SZ,宏川智慧,12.99,12.45,3.83693046,13.08,12.28,3432/5521,12.45,13.08,12.28,12.99,6.394884,1.6945113E7,33,002930,20260430
002789.SZ,*ST建艺,12.89,12.59,3.70072405,12.99,12.27,3433/5521,12.59,12.99,12.27,12.89,5.792437,3005620,33,002789,20260430
600775.SH,南京熊猫,12.35,12.53,0.40650407,12.53,12.27,3433/5521,12.53,12.53,12.27,12.35,2.113821,1.4144934E7,17,600775,20260430
600859.SH,王府井,12.37,12.41,-0.56270096,12.44,12.27,3433/5521,12.41,12.44,12.27,12.37,1.366559,1.4043243E7,17,600859,20260430
300514.SZ,友讯达,12.47,12.33,1.2997563,12.57,12.26,3436/5521,12.33,12.57,12.26,12.47,2.518277,3318110,33,300514,20260430
603189.SH,网达软件,12.26,12.26,,12.26,12.26,3436/5521,12.26,12.26,12.26,12.26,,,17,603189,20260430
603527.SH,众源新材,12.96,12.36,4.34782609,13.3,12.26,3436/5521,12.36,13.3,12.26,12.96,8.37359,2.9455757E7,17,603527,20260430
002855.SZ,捷荣技术,12.58,12.25,1.86234818,12.65,12.25,3439/5521,12.25,12.65,12.25,12.58,3.238866,4972200,33,002855,20260430
600416.SH,湘电股份,12.37,12.44,-1.04,12.61,12.25,3439/5521,12.44,12.61,12.25,12.37,2.88,2.246916E7,17,600416,20260430
300121.SZ,阳谷华泰,12.33,12.58,-2.52964427,12.66,12.22,3441/5521,12.58,12.66,12.22,12.33,3.47826,1.02179E7,33,300121,20260430
300295.SZ,*ST三六五,12.62,12.66,1.20288693,12.78,12.22,3441/5521,12.66,12.78,12.22,12.62,4.490777,1.0074447E7,33,300295,20260430
600710.SH,苏美达,12.22,12.52,-2.47406225,12.53,12.22,3441/5521,12.52,12.53,12.22,12.22,2.474062,1.1849663E7,17,600710,20260430
300581.SZ,晨曦航空,12.62,12.21,2.68510985,12.68,12.21,3444/5521,12.21,12.68,12.21,12.62,3.824247,1.0424108E7,33,300581,20260430
000993.SZ,闽东电力,12.24,12.36,-1.29032258,12.38,12.2,3445/5521,12.36,12.38,12.2,12.24,1.451612,1.1936793E7,33,000993,20260430
300993.SZ,玉马科技,12.24,12.21,0.08176615,12.45,12.2,3445/5521,12.21,12.45,12.2,12.24,2.044153,3407900,33,300993,20260430
603901.SH,永创智能,12.22,12.7,-4.23197492,12.74,12.2,3445/5521,12.7,12.74,12.2,12.22,4.231974,2.0121327E7,17,603901,20260430
688057.SH,金达莱,12.47,12.25,1.13544201,12.57,12.2,3445/5521,12.25,12.57,12.2,12.47,3.000811,1759320,17,688057,20260430
002023.SZ,海特高新,12.6,12.19,3.19410319,12.77,12.19,3449/5521,12.19,12.77,12.19,12.6,4.750204,3.9595704E7,33,002023,20260430
300996.SZ,普联软件,12.5,12.58,0.64412238,12.58,12.18,3450/5521,12.58,12.58,12.18,12.5,3.220611,1.0192825E7,33,300996,20260430
601969.SH,海南矿业,12.23,12.4,-2.47208931,12.75,12.18,3450/5521,12.4,12.75,12.18,12.23,4.545454,5.297389E7,17,601969,20260430
603758.SH,秦安股份,12.24,12.28,-0.3257329,12.41,12.18,3450/5521,12.28,12.41,12.18,12.24,1.872964,3575300,17,603758,20260430
002163.SZ,海南发展,12.46,12.16,2.38290879,12.6,12.15,3453/5521,12.16,12.6,12.15,12.46,3.697617,2.9880092E7,33,002163,20260430
600197.SH,伊力特,12.26,12.25,0,12.34,12.15,3453/5521,12.25,12.34,12.15,12.26,1.549755,3694663,17,600197,20260430
603221.SH,爱丽家居,12.55,12.15,3.03776683,12.63,12.15,3453/5521,12.15,12.63,12.15,12.55,3.940886,5438440,17,603221,20260430
601857.SH,中国石油,12.22,12.25,-0.24489796,12.34,12.13,3456/5521,12.25,12.34,12.13,12.22,1.714285,1.60727422E8,17,601857,20260430
002818.SZ,富森美,12.15,12.41,-0.65412919,12.53,12.12,3457/5521,12.41,12.53,12.12,12.15,3.352412,2.6543316E7,33,002818,20260430
002911.SZ,佛燃能源,12.22,12.54,0.08190008,12.68,12.12,3457/5521,12.54,12.68,12.12,12.22,4.586404,8746796,33,002911,20260430
605169.SH,洪通燃气,12.14,12.24,-1.22050448,12.43,12.12,3457/5521,12.24,12.43,12.12,12.14,2.522375,3670075,17,605169,20260430
603909.SH,建发合诚,12.15,12.28,-1.05863192,12.5,12.1,3460/5521,12.28,12.5,12.1,12.15,3.257328,4998200,17,603909,20260430
603917.SH,合力科技,12.51,12.25,-5.6561086,12.56,12.09,3461/5521,12.25,12.56,12.09,12.51,3.544494,1.4888738E7,17,603917,20260430
600203.SH,福日电子,12.21,12.1,0.57660626,12.32,12.08,3462/5521,12.1,12.32,12.08,12.21,1.976935,1.597724E7,17,600203,20260430
600377.SH,宁沪高速,12.3,12.18,0.65466448,12.3,12.08,3462/5521,12.18,12.3,12.08,12.3,1.800327,1.159576E7,17,600377,20260430
002695.SZ,煌上煌,12.49,12.08,3.47970174,12.6,12.07,3464/5521,12.08,12.6,12.07,12.49,4.391052,1.8284367E7,33,002695,20260430
920415.BJ,恒拓开源,12.33,12.22,1.81668043,12.67,12.07,3464/5521,12.22,12.67,12.07,12.33,4.954582,1510542,151,920415,20260430
300541.SZ,先进数通,12.11,12.24,-1.54471545,12.34,12.06,3466/5521,12.24,12.34,12.06,12.11,2.276422,1.1009301E7,33,300541,20260430
603997.SH,继峰股份,12.17,12.34,0.08223684,12.37,12.06,3466/5521,12.34,12.37,12.06,12.17,2.549342,1.661034E7,17,603997,20260430
000039.SZ,中集集团,12.39,12.52,-0.32180209,12.6,12.05,3468/5521,12.52,12.6,12.05,12.39,4.424778,7.4519023E7,33,000039,20260430
920429.BJ,康比特,12.16,12.16,0.99667774,12.57,12.05,3468/5521,12.16,12.57,12.05,12.16,4.318936,1178180,151,920429,20260430
603903.SH,中持股份,12.24,12.15,3.55329949,12.8,12.04,3470/5521,12.15,12.8,12.04,12.24,6.42978,1.3273364E7,17,603903,20260430
920541.BJ,铁大科技,12.1,12.15,0,12.23,12.04,3470/5521,12.15,12.23,12.04,12.1,1.570247,784708,151,920541,20260430
002322.SZ,理工能科,12.09,12.11,-0.24752475,12.21,12.03,3472/5521,12.11,12.21,12.03,12.09,1.485148,5407500,33,002322,20260430
002713.SZ,*ST东易,12.78,12.44,3.90243902,12.85,12.02,3473/5521,12.44,12.85,12.02,12.78,6.747967,2.1831194E7,33,002713,20260430
603085.SH,天成自控,12.28,12.02,2.33333333,12.33,12.01,3474/5521,12.02,12.33,12.01,12.28,2.666666,1.3439986E7,17,603085,20260430
920519.BJ,万德股份,12.23,12.3,3.38123415,12.4,12.01,3474/5521,12.3,12.4,12.01,12.23,3.296703,2389628,151,920519,20260430
001217.SZ,华尔泰,12.02,12.08,-0.82508251,12.17,11.98,3476/5521,12.08,12.17,11.98,12.02,1.567656,3795500,33,001217,20260430
000970.SZ,中科三环,12.08,12.16,-0.49423394,12.18,11.97,3477/5521,12.16,12.18,11.97,12.08,1.729818,1.487278E7,33,000970,20260430
300471.SZ,厚普股份,11.98,12.18,-0.74565037,12.34,11.97,3477/5521,12.18,12.34,11.97,11.98,3.065451,7493965,33,300471,20260430
688660.SH,电气风电,12.24,11.98,2.2556391,12.39,11.97,3477/5521,11.98,12.39,11.97,12.24,3.508771,1.6883718E7,17,688660,20260430
603520.SH,司太立,12.08,11.96,1.51260504,12.44,11.96,3480/5521,11.96,12.44,11.96,12.08,4.033613,4.4260898E7,17,603520,20260430
002774.SZ,快意电梯,12.16,12.09,1.33333333,12.45,11.95,3481/5521,12.09,12.45,11.95,12.16,4.166666,1.1548E7,33,002774,20260430
920856.BJ,浩淼科技,12.03,12,-0.1659751,12.36,11.95,3481/5521,12,12.36,11.95,12.03,3.402489,662827,151,920856,20260430
603551.SH,奥普科技,12.2,11.98,2.17755444,12.46,11.94,3483/5521,11.98,12.46,11.94,12.2,4.355108,4185397,17,603551,20260430
920642.BJ,通易航天,12.39,12.13,2.56622517,12.49,11.94,3483/5521,12.13,12.49,11.94,12.39,4.55298,2329847,151,920642,20260430
002488.SZ,金固股份,12.45,12,3.75,12.63,11.93,3485/5521,12,12.63,11.93,12.45,5.833333,2.888797E7,33,002488,20260430
002968.SZ,新大正,12.32,12.1,2.66666667,12.43,11.93,3485/5521,12.1,12.43,11.93,12.32,4.166666,5271935,33,002968,20260430
601083.SH,锦江航运,12.11,12.39,-3.19744205,12.44,11.93,3485/5521,12.39,12.44,11.93,12.11,4.076738,1.3734905E7,17,601083,20260430
603088.SH,宁波精达,11.94,12.3,-2.92682927,12.34,11.93,3485/5521,12.3,12.34,11.93,11.94,3.333333,1.8034994E7,17,603088,20260430
605008.SH,长鸿高科,12.05,12.05,0.24958403,12.12,11.92,3489/5521,12.05,12.12,11.92,12.05,1.663893,1762600,17,605008,20260430
603566.SH,普莱柯,11.97,12.01,-0.33305579,12.07,11.91,3490/5521,12.01,12.07,11.91,11.97,1.332223,4207184,17,603566,20260430
920720.BJ,吉冈精密,12.03,11.91,-0.41390728,12.15,11.91,3490/5521,11.91,12.15,11.91,12.03,1.986754,1121986,151,920720,20260430
600833.SH,第一医药,12.35,11.9,4.21940928,12.65,11.9,3492/5521,11.9,12.65,11.9,12.35,6.329113,1.1281123E7,17,600833,20260430
920718.BJ,合肥高科,12.17,12.25,-4.54901961,12.37,11.9,3492/5521,12.25,12.37,11.9,12.17,3.686274,1453451,151,920718,20260430
000680.SZ,山推股份,11.91,12.18,0.76142132,12.42,11.89,3494/5521,12.18,12.42,11.89,11.91,4.483925,3.9893403E7,33,000680,20260430
688528.SH,秦川物联,12.35,11.89,3.86879731,12.49,11.89,3494/5521,11.89,12.49,11.89,12.35,5.046257,2506287,17,688528,20260430
000403.SZ,派林生物,11.95,12.15,-1.80772391,12.31,11.88,3496/5521,12.15,12.31,11.88,11.95,3.533278,1.0222062E7,33,000403,20260430
000957.SZ,中通客车,11.93,12.01,-0.99585062,12.22,11.88,3496/5521,12.01,12.22,11.88,11.93,2.821576,1.7451629E7,33,000957,20260430
603081.SH,大丰实业,12.46,11.95,4.26778243,12.5,11.88,3496/5521,11.95,12.5,11.88,12.46,5.188284,7974000,17,603081,20260430
002572.SZ,索菲亚,11.99,12.44,-6.47425897,12.58,11.87,3499/5521,12.44,12.58,11.87,11.99,5.538221,2.8367425E7,33,002572,20260430
600739.SH,辽宁成大,11.9,11.94,0,12.2,11.87,3499/5521,11.94,12.2,11.87,11.9,2.773109,1.9642963E7,17,600739,20260430
688512.SH,慧智微,12.68,11.99,5.66666667,12.83,11.87,3499/5521,11.99,12.83,11.87,12.68,8,1.3405222E7,17,688512,20260430
600458.SH,时代新材,12.01,12.12,0.08333333,12.35,11.86,3502/5521,12.12,12.35,11.86,12.01,4.083333,1.6086784E7,17,600458,20260430
002840.SZ,华统股份,12.72,12.23,4.00654129,12.95,11.85,3503/5521,12.23,12.95,11.85,12.72,8.994276,3.6035943E7,33,002840,20260430
300283.SZ,温州宏丰,12.45,12.2,2.38486842,13,11.85,3503/5521,12.2,13,11.85,12.45,9.457236,1.03778349E8,33,300283,20260430
603811.SH,诚意药业,11.86,11.91,-1.00166945,12.07,11.85,3503/5521,11.91,12.07,11.85,11.86,1.836393,4923700,17,603811,20260430
002579.SZ,中京电子,11.85,12.37,-4.12621359,12.58,11.84,3506/5521,12.37,12.58,11.84,11.85,5.987055,4.2874439E7,33,002579,20260430
002960.SZ,青鸟智控,12.1,11.94,1.17056856,12.18,11.84,3506/5521,11.94,12.18,11.84,12.1,2.842809,1.332672E7,33,002960,20260430
603408.SH,建霖家居,11.83,11.92,-0.67170445,12.05,11.81,3508/5521,11.92,12.05,11.81,11.83,2.015113,1710928,17,603408,20260430
603787.SH,新日股份,11.96,11.88,0.67340067,11.99,11.81,3508/5521,11.88,11.99,11.81,11.96,1.515151,3506100,17,603787,20260430
300701.SZ,森霸传感,12.03,11.84,1.00755668,12.09,11.8,3510/5521,11.84,12.09,11.8,12.03,2.434928,4793474,33,300701,20260430
603458.SH,勘设股份,11.96,11.92,0.16750419,12.18,11.8,3510/5521,11.92,12.18,11.8,11.96,3.182579,1.4566939E7,17,603458,20260430
603768.SH,常青股份,11.87,11.88,0.08431703,12.04,11.8,3510/5521,11.88,12.04,11.8,11.87,2.023608,3888800,17,603768,20260430
920014.BJ,特瑞斯,12.02,11.79,2.64730999,12.19,11.79,3513/5521,11.79,12.19,11.79,12.02,3.415883,2144093,151,920014,20260430
600817.SH,宇通重工,11.85,11.9,-0.75376884,11.98,11.78,3514/5521,11.9,11.98,11.78,11.85,1.675041,6634800,17,600817,20260430
002953.SZ,日丰股份,11.84,11.88,-0.50420168,11.98,11.77,3515/5521,11.88,11.98,11.77,11.84,1.764705,3753821,33,002953,20260430
300348.SZ,长亮科技,11.81,11.96,-1.41903172,12.12,11.77,3515/5521,11.96,12.12,11.77,11.81,2.921535,1.4497276E7,33,300348,20260430
301126.SZ,达嘉维康,11.89,11.77,1.27768313,11.96,11.76,3517/5521,11.77,11.96,11.76,11.89,1.703577,4460207,33,301126,20260430
920931.BJ,无锡鼎邦,11.9,12.05,1.01867572,12.05,11.76,3517/5521,12.05,12.05,11.76,11.9,2.461799,598972,151,920931,20260430
000888.SZ,峨眉山A,11.85,11.89,-0.42016807,11.91,11.75,3519/5521,11.89,11.91,11.75,11.85,1.344537,7219165,33,000888,20260430
002590.SZ,万安科技,11.89,11.89,-0.58528428,11.97,11.75,3519/5521,11.89,11.97,11.75,11.89,1.839464,7981061,33,002590,20260430
603600.SH,永艺股份,12.0,11.86,0.84033613,12.05,11.75,3519/5521,11.86,12.05,11.75,12.0,2.521008,7158250,17,603600,20260430
000045.SZ,深纺织A,12.01,11.74,2.56191289,12.06,11.73,3522/5521,11.74,12.06,11.73,12.01,2.818104,8298600,33,000045,20260430
300625.SZ,三雄极光,11.86,11.88,-0.16835017,11.97,11.71,3523/5521,11.88,11.97,11.71,11.86,2.188552,2438756,33,300625,20260430
920010.BJ,凯添燃气,11.83,11.8,0.68085106,11.95,11.7,3524/5521,11.8,11.95,11.7,11.83,2.127659,7995445,151,920010,20260430
920427.BJ,华维设计,12.2,11.85,2.9535865,12.45,11.7,3524/5521,11.85,12.45,11.7,12.2,6.329113,2827063,151,920427,20260430
000151.SZ,中成股份,11.84,11.79,0.16920474,12.07,11.69,3526/5521,11.79,12.07,11.69,11.84,3.21489,8543104,33,000151,20260430
600615.SH,鑫源智造,11.87,11.73,1.19352089,12.03,11.69,3526/5521,11.73,12.03,11.69,11.87,2.89855,2958440,17,600615,20260430
001286.SZ,陕西能源,11.8,11.82,-0.25359256,11.89,11.68,3528/5521,11.82,11.89,11.68,11.8,1.775147,1.6817662E7,33,001286,20260430
002319.SZ,乐通股份,11.74,11.78,0.08525149,11.93,11.68,3528/5521,11.78,11.93,11.68,11.74,2.131287,5968600,33,002319,20260430
002443.SZ,金洲管道,11.84,11.81,0.08453085,11.98,11.67,3530/5521,11.81,11.98,11.67,11.84,2.620456,2.7846611E7,33,002443,20260430
603336.SH,宏辉果蔬,11.75,11.97,-4.08163265,12.2,11.67,3530/5521,11.97,12.2,11.67,11.75,4.32653,3.7277188E7,17,603336,20260430
002011.SZ,盾安环境,11.68,11.85,-1.51770658,11.89,11.66,3532/5521,11.85,11.89,11.66,11.68,1.939291,1.3393913E7,33,002011,20260430
600054.SH,黄山旅游,11.89,11.9,-0.16792611,12.05,11.66,3532/5521,11.9,12.05,11.66,11.89,3.274559,1.0514399E7,17,600054,20260430
603916.SH,苏博特,12.07,11.66,3.07429547,12.18,11.66,3532/5521,11.66,12.18,11.66,12.07,4.440649,2.3134411E7,17,603916,20260430
603968.SH,醋化股份,11.93,11.9,-2.05254516,12.04,11.66,3532/5521,11.9,12.04,11.66,11.93,3.119868,9010000,17,603968,20260430
920212.BJ,智新电子,11.74,11.88,-1.17845118,12.07,11.66,3532/5521,11.88,12.07,11.66,11.74,3.451178,1071363,151,920212,20260430
920703.BJ,广厦环能,11.73,11.88,-0.92905405,11.99,11.66,3532/5521,11.88,11.99,11.66,11.73,2.787162,1339852,151,920703,20260430
000685.SZ,中山公用,11.73,12.11,-0.84530854,12.23,11.65,3538/5521,12.11,12.23,11.65,11.73,4.902789,2.755753E7,33,000685,20260430
605577.SH,龙版传媒,11.7,11.71,-1.0989011,11.95,11.65,3538/5521,11.71,11.95,11.65,11.7,2.535925,5363215,17,605577,20260430
920230.BJ,欧康医药,11.81,11.96,-1.00586756,12.15,11.63,3540/5521,11.96,12.15,11.63,11.81,4.358759,3476844,151,920230,20260430
601009.SH,南京银行,11.75,11.68,0.17050298,11.82,11.62,3541/5521,11.68,11.82,11.62,11.75,1.705029,3.4128525E7,17,601009,20260430
300586.SZ,美联新材,11.65,12.16,-2.83569641,12.26,11.61,3542/5521,12.16,12.26,11.61,11.65,5.421184,3.0479815E7,33,300586,20260430
600601.SH,方正科技,11.67,11.85,-1.18543607,12.07,11.61,3542/5521,11.85,12.07,11.61,11.67,3.895004,1.47500212E8,17,600601,20260430
603015.SH,弘讯科技,11.79,11.68,0.94178082,11.86,11.61,3542/5521,11.68,11.86,11.61,11.79,2.14041,4215000,17,603015,20260430
002152.SZ,广电运通,11.66,11.69,-0.2566296,11.75,11.6,3545/5521,11.69,11.75,11.6,11.66,1.283147,1.6940246E7,33,002152,20260430
605166.SH,聚合顺,11.7,11.7,0,11.8,11.6,3545/5521,11.7,11.8,11.6,11.7,1.709401,7423300,17,605166,20260430
300052.SZ,中青宝,11.73,12.26,-4.63414634,12.38,11.59,3547/5521,12.26,12.38,11.59,11.73,6.422764,2.01122E7,33,300052,20260430
300396.SZ,迪瑞医疗,11.59,11.59,,11.59,11.59,3547/5521,11.59,11.59,11.59,11.59,,,33,300396,20260430
600588.SH,用友网络,11.68,11.8,-1.60067397,11.96,11.59,3547/5521,11.8,11.96,11.59,11.68,3.117101,4.3856143E7,17,600588,20260430
002053.SZ,云南能投,11.57,11.62,-0.85689803,11.78,11.55,3550/5521,11.62,11.78,11.55,11.57,1.970865,9678800,33,002053,20260430
002064.SZ,华峰化学,11.76,11.61,1.29198966,11.85,11.55,3550/5521,11.61,11.85,11.55,11.76,2.583979,3.6663362E7,33,002064,20260430
601600.SH,中国铝业,11.65,11.78,-2.18303946,11.79,11.55,3550/5521,11.78,11.79,11.55,11.65,2.015113,2.04003293E8,17,601600,20260430
600158.SH,中体产业,11.85,11.54,10.02785515,11.85,11.54,3553/5521,11.54,11.85,11.54,11.85,2.878365,6.7439324E7,17,600158,20260430
600452.SH,涪陵电力,11.61,11.88,-2.3549201,11.9,11.54,3553/5521,11.88,11.9,11.54,11.61,3.027754,3.0536301E7,17,600452,20260430
603089.SH,正裕工业,11.59,11.66,-0.25817556,11.75,11.54,3553/5521,11.66,11.75,11.54,11.59,1.807228,2943253,17,603089,20260430
300314.SZ,戴维医疗,11.54,11.61,-0.85910653,11.72,11.53,3556/5521,11.61,11.72,11.53,11.54,1.632302,2638700,33,300314,20260430
600644.SH,乐山电力,11.58,11.75,-1.86440678,11.79,11.52,3557/5521,11.75,11.79,11.52,11.58,2.288135,2.2574865E7,17,600644,20260430
000700.SZ,模塑科技,12.04,11.52,6.17283951,12.27,11.51,3558/5521,11.52,12.27,11.51,12.04,6.70194,6.4838914E7,33,000700,20260430
002457.SZ,青龙管业,11.54,11.79,-2.36886633,11.87,11.51,3558/5521,11.79,11.87,11.51,11.54,3.045685,2.5770837E7,33,002457,20260430
300041.SZ,回天新材,11.52,11.7,-1.62254483,11.74,11.51,3558/5521,11.7,11.74,11.51,11.52,1.964133,1.3176289E7,33,300041,20260430
300968.SZ,格林精密,11.79,11.68,0.94178082,11.92,11.51,3558/5521,11.68,11.92,11.51,11.79,3.510273,3526180,33,300968,20260430
688588.SH,凌志软件,11.75,11.57,1.55574762,11.86,11.51,3558/5521,11.57,11.86,11.51,11.75,3.025064,3344637,17,688588,20260430
920834.BJ,三维装备,11.61,11.51,0.43252595,11.75,11.51,3558/5521,11.51,11.75,11.51,11.61,2.076124,1193973,151,920834,20260430
300304.SZ,云意电气,11.83,11.53,2.15889465,11.86,11.5,3564/5521,11.53,11.86,11.5,11.83,3.108808,1.5539659E7,33,300304,20260430
600099.SH,林海股份,11.7,11.54,1.5625,11.81,11.5,3564/5521,11.54,11.81,11.5,11.7,2.690972,7000238,17,600099,20260430
000920.SZ,沃顿科技,11.52,11.85,-2.37288136,11.86,11.49,3566/5521,11.85,11.86,11.49,11.52,3.135593,5410900,33,000920,20260430
300138.SZ,晨光生物,11.53,11.67,-1.36869119,11.73,11.49,3566/5521,11.67,11.73,11.49,11.53,2.053036,5549637,33,300138,20260430
002079.SZ,苏州固锝,11.7,11.88,0.0855432,11.91,11.47,3568/5521,11.88,11.91,11.47,11.7,3.7639,1.16232305E8,33,002079,20260430
002900.SZ,哈三联,11.56,11.49,0.08658009,11.76,11.47,3568/5521,11.49,11.76,11.47,11.56,2.510822,4878300,33,002900,20260430
603289.SH,泰瑞机器,11.66,11.55,1.6564952,11.89,11.47,3568/5521,11.55,11.89,11.47,11.66,3.661726,7469520,17,603289,20260430
000001.SZ,平安银行,11.49,11.5,-0.26041667,11.6,11.46,3571/5521,11.5,11.6,11.46,11.49,1.215277,1.13924162E8,33,000001,20260430
300082.SZ,奥克股份,11.63,12.2,-5.90614887,12.29,11.43,3572/5521,12.2,12.29,11.43,11.63,6.957928,3.8592362E7,33,300082,20260430
301211.SZ,亨迪药业,11.49,11.5,0.34934498,11.56,11.43,3572/5521,11.5,11.56,11.43,11.49,1.135371,2368560,33,301211,20260430
300532.SZ,今天国际,11.46,11.49,0,11.6,11.42,3574/5521,11.49,11.6,11.42,11.46,1.57068,7513380,33,300532,20260430
603328.SH,依顿电子,11.45,12.05,-4.74209651,12.15,11.42,3574/5521,12.05,12.15,11.42,11.45,6.073211,4.0063739E7,17,603328,20260430
300055.SZ,万邦达,11.62,11.45,1.92982456,11.7,11.4,3576/5521,11.45,11.7,11.4,11.62,2.631578,1.7644813E7,33,300055,20260430
300500.SZ,启迪设计,11.71,11.4,1.82608696,11.85,11.4,3576/5521,11.4,11.85,11.4,11.71,3.913043,9298300,33,300500,20260430
000678.SZ,襄阳轴承,11.64,11.45,1.30548303,11.73,11.39,3578/5521,11.45,11.73,11.39,11.64,2.959094,8388538,33,000678,20260430
300084.SZ,海默科技,11.81,11.43,3.4150613,12.05,11.39,3578/5521,11.43,12.05,11.39,11.81,5.779334,2.396854E7,33,300084,20260430
603177.SH,德创环保,12.09,11.39,2.89361702,12.18,11.39,3578/5521,11.39,12.18,11.39,12.09,6.723404,7972300,17,603177,20260430
920792.BJ,东和新材,11.56,11.54,0.43440487,11.79,11.39,3578/5521,11.54,11.79,11.39,11.56,3.475238,715991,151,920792,20260430
002828.SZ,贝肯能源,11.57,11.51,-4.38016529,11.73,11.38,3582/5521,11.51,11.73,11.38,11.57,2.892561,2.33917E7,33,002828,20260430
603123.SH,翠微股份,11.6,11.49,0.69444444,11.86,11.37,3583/5521,11.49,11.86,11.37,11.6,4.253472,2.4408949E7,17,603123,20260430
603885.SH,吉祥航空,11.44,11.69,-1.29421915,11.89,11.37,3583/5521,11.69,11.89,11.37,11.44,4.486626,2.4316162E7,17,603885,20260430
301277.SZ,新天地,11.4,11.42,0.61782877,11.52,11.36,3585/5521,11.42,11.52,11.36,11.4,1.41218,1858754,33,301277,20260430
920806.BJ,云星宇,11.49,11.42,0.34934498,11.62,11.36,3585/5521,11.42,11.62,11.36,11.49,2.270742,1072463,151,920806,20260430
920422.BJ,润普食品,11.5,11.36,1.14335972,11.76,11.35,3587/5521,11.36,11.76,11.35,11.5,3.60598,2363234,151,920422,20260430
300201.SZ,海伦哲,11.84,11.78,0.08453085,11.84,11.34,3588/5521,11.78,11.84,11.34,11.84,4.226542,3.8783312E7,33,300201,20260430
300275.SZ,梅安森,11.39,11.38,-0.0877193,11.42,11.34,3588/5521,11.38,11.42,11.34,11.39,0.701754,3277289,33,300275,20260430
603066.SH,音飞储存,11.6,11.33,2.38305384,11.88,11.33,3590/5521,11.33,11.88,11.33,11.6,4.854368,1.7508859E7,17,603066,20260430
300509.SZ,新美星,11.39,11.38,-0.43706294,11.52,11.32,3591/5521,11.38,11.52,11.32,11.39,1.748251,5284900,33,300509,20260430
600267.SH,海正药业,11.32,11.44,-1.30775937,11.53,11.32,3591/5521,11.44,11.53,11.32,11.32,1.830863,2.6480314E7,17,600267,20260430
603488.SH,展鹏科技,11.65,11.4,2.19298246,11.78,11.31,3593/5521,11.4,11.78,11.31,11.65,4.122807,1.8367704E7,17,603488,20260430
603660.SH,苏州科达,12.16,11.34,6.47985989,12.38,11.31,3593/5521,11.34,12.38,11.31,12.16,9.369527,6.0802745E7,17,603660,20260430
605006.SH,山东玻纤,11.69,12.08,-3.62737016,12.32,11.31,3593/5521,12.08,12.32,11.31,11.69,8.326463,7.8878584E7,17,605006,20260430
002184.SZ,海得控制,11.69,11.3,4.09617097,12.1,11.3,3596/5521,11.3,12.1,11.3,11.69,7.123775,1.0886412E7,33,002184,20260430
603135.SH,中重科技,11.96,11.38,5.09666081,12.03,11.3,3596/5521,11.38,12.03,11.3,11.96,6.414762,7600120,17,603135,20260430
600865.SH,百大集团,11.51,11.29,2.58467023,11.77,11.29,3598/5521,11.29,11.77,11.29,11.51,4.278074,1.5216E7,17,600865,20260430
600919.SH,江苏银行,11.3,11.35,-0.87719298,11.42,11.29,3598/5521,11.35,11.42,11.29,11.3,1.14035,6.2073358E7,17,600919,20260430
920304.BJ,迪尔化工,11.3,11.58,-2.33362143,11.65,11.29,3598/5521,11.58,11.65,11.29,11.3,3.111495,2014545,151,920304,20260430
002531.SZ,天顺风能,12.02,11.84,1.52027027,12.1,11.28,3601/5521,11.84,12.1,11.28,12.02,6.925675,6.5281403E7,33,002531,20260430
000829.SZ,天音控股,11.7,11.27,2.00523104,12.03,11.27,3602/5521,11.27,12.03,11.27,11.7,6.62598,4.8356935E7,33,000829,20260430
002045.SZ,国光电器,11.28,11.36,-1.05263158,11.48,11.27,3602/5521,11.36,11.48,11.27,11.28,1.842105,1.50666E7,33,002045,20260430
002706.SZ,良信股份,11.57,11.35,2.20848057,11.77,11.27,3602/5521,11.35,11.77,11.27,11.57,4.416961,7.418147E7,33,002706,20260430
300434.SZ,金石亚药,11.44,11.31,1.14942529,11.73,11.27,3602/5521,11.31,11.73,11.27,11.44,4.067197,2.135765E7,33,300434,20260430
600992.SH,贵绳股份,11.4,11.6,-5.23690773,11.7,11.26,3606/5521,11.6,11.7,11.26,11.4,3.657522,1.6016E7,17,600992,20260430
002716.SZ,湖南白银,11.56,11.41,1.22591944,11.68,11.25,3607/5521,11.41,11.68,11.25,11.56,3.765323,1.08418191E8,33,002716,20260430
920807.BJ,奔朗新材,11.33,11.28,0,11.8,11.25,3607/5521,11.28,11.8,11.25,11.33,4.854368,3100257,151,920807,20260430
000582.SZ,北部湾港,11.56,11.35,2.30088496,11.63,11.24,3609/5521,11.35,11.63,11.24,11.56,3.451327,4.6057715E7,33,000582,20260430
002083.SZ,孚日股份,11.3,11.44,-1.48212729,11.6,11.23,3610/5521,11.44,11.6,11.23,11.3,3.225806,3.848715E7,33,002083,20260430
600693.SH,东百集团,11.35,11.5,-1.30434783,11.7,11.23,3610/5521,11.5,11.7,11.23,11.35,4.086956,5.79809E7,17,600693,20260430
920300.BJ,辰光医疗,11.35,11.33,0.17652251,11.58,11.23,3610/5521,11.33,11.58,11.23,11.35,3.089143,1467265,151,920300,20260430
002171.SZ,楚江新材,11.31,11.4,-0.96322242,11.43,11.22,3613/5521,11.4,11.43,11.22,11.31,1.838879,2.5298921E7,33,002171,20260430
003000.SZ,劲仔食品,11.27,11.25,-0.26548673,11.38,11.22,3613/5521,11.25,11.38,11.22,11.27,1.415929,4842610,33,003000,20260430
920957.BJ,汉维科技,11.27,11.51,-2.84482759,11.77,11.22,3613/5521,11.51,11.77,11.22,11.27,4.741379,2433282,151,920957,20260430
002820.SZ,桂发祥,11.49,11.21,2.95698925,11.64,11.21,3616/5521,11.21,11.64,11.21,11.49,3.853046,1.04241E7,33,002820,20260430
300063.SZ,天龙集团,11.43,11.31,0.52770449,11.54,11.21,3616/5521,11.31,11.54,11.21,11.43,2.902374,3.3281582E7,33,300063,20260430
301009.SZ,可靠股份,11.3,11.25,0.26619343,11.38,11.21,3616/5521,11.25,11.38,11.21,11.3,1.508429,2197200,33,301009,20260430
603033.SH,三维股份,11.24,11.36,-1.48992112,11.45,11.21,3616/5521,11.36,11.45,11.21,11.24,2.103418,5020487,17,603033,20260430
688549.SH,中巨芯,12.29,11.21,10.62106211,12.65,11.21,3616/5521,11.21,12.65,11.21,12.29,12.961296,1.03069386E8,17,688549,20260430
002296.SZ,辉煌科技,11.3,11.27,-0.44052863,11.46,11.2,3621/5521,11.27,11.46,11.2,11.3,2.290748,1.0215092E7,33,002296,20260430
002571.SZ,德力股份,11.42,11.21,1.78253119,11.58,11.2,3621/5521,11.21,11.58,11.2,11.42,3.386809,5193600,33,002571,20260430
301030.SZ,仕净科技,11.19,11.19,,11.19,11.19,3623/5521,11.19,11.19,11.19,11.19,,,33,301030,20260430
300143.SZ,盈康生命,11.25,11.26,-0.08880995,11.32,11.18,3624/5521,11.26,11.32,11.18,11.25,1.243339,6554507,33,300143,20260430
002357.SZ,富临运业,11.72,11.26,3.80868025,11.85,11.17,3625/5521,11.26,11.85,11.17,11.72,6.023029,1.67681E7,33,002357,20260430
601098.SH,中南传媒,11.37,11.25,1.51785714,11.45,11.17,3625/5521,11.25,11.45,11.17,11.37,2.5,1.596636E7,17,601098,20260430
688219.SH,会通股份,11.26,11.16,3.68324125,11.41,11.16,3627/5521,11.16,11.41,11.16,11.26,2.302025,1.1456497E7,17,688219,20260430
002019.SZ,亿帆医药,11.18,11.23,-0.53380783,11.29,11.15,3628/5521,11.23,11.29,11.15,11.18,1.245551,9782550,33,002019,20260430
300221.SZ,银禧科技,11.23,11.17,0.62724014,11.42,11.15,3628/5521,11.17,11.42,11.15,11.23,2.419354,1.32087E7,33,300221,20260430
300258.SZ,精锻科技,11.31,11.18,0.89206066,11.42,11.15,3628/5521,11.18,11.42,11.15,11.31,2.408563,1.0743237E7,33,300258,20260430
300599.SZ,雄塑科技,11.95,11.3,3.37370242,12.32,11.15,3628/5521,11.3,12.32,11.15,11.95,10.121107,2.7444631E7,33,300599,20260430
601360.SH,三六零,11.17,11.35,1.91605839,11.42,11.15,3628/5521,11.35,11.42,11.15,11.17,2.463503,1.31771505E8,17,601360,20260430
002014.SZ,永新股份,11.19,11.28,-0.79787234,11.33,11.14,3633/5521,11.28,11.33,11.14,11.19,1.684397,2920944,33,002014,20260430
605567.SH,春雪食品,11.34,11.23,0.88967972,11.37,11.14,3633/5521,11.23,11.37,11.14,11.34,2.046263,4872100,17,605567,20260430
002254.SZ,泰和新材,11.34,11.12,3.56164384,11.76,11.12,3635/5521,11.12,11.76,11.12,11.34,5.844748,4.2877279E7,33,002254,20260430
603439.SH,三力制药,11.25,11.12,0.62611807,11.3,11.11,3636/5521,11.12,11.3,11.11,11.25,1.699463,2291400,17,603439,20260430
688659.SH,元琛科技,11.53,11.11,2.48888889,11.74,11.11,3636/5521,11.11,11.74,11.11,11.53,5.6,6591945,17,688659,20260430
300222.SZ,科大智能,11.2,11.15,0.62893082,11.25,11.1,3638/5521,11.15,11.25,11.1,11.2,1.347708,1.0648395E7,33,300222,20260430
002029.SZ,七匹狼,11.12,11.33,-0.97951915,11.56,11.09,3639/5521,11.33,11.56,11.09,11.12,4.185218,1.7541053E7,33,002029,20260430
603291.SH,联合水务,11.46,11.2,1.68589175,11.59,11.09,3639/5521,11.2,11.59,11.09,11.46,4.436557,5231351,17,603291,20260430
605055.SH,迎丰股份,11.21,11.22,-0.8841733,11.35,11.09,3639/5521,11.22,11.35,11.09,11.21,2.29885,3893700,17,605055,20260430
605162.SH,新中港,11.16,11.36,-2.7027027,11.52,11.09,3639/5521,11.36,11.52,11.09,11.16,3.74891,1.5213599E7,17,605162,20260430
605300.SH,佳禾食品,11.1,11.1,0.09017133,11.23,11.09,3639/5521,11.1,11.23,11.09,11.1,1.262398,3055402,17,605300,20260430
002255.SZ,海陆重工,11.28,11.08,1.34770889,11.31,11.08,3644/5521,11.08,11.31,11.08,11.28,2.066486,2.6006713E7,33,002255,20260430
002283.SZ,天润工业,11.23,11.45,-1.05726872,11.45,11.08,3644/5521,11.45,11.45,11.08,11.23,3.259911,3.5118499E7,33,002283,20260430
300323.SZ,华灿光电,12.1,11.3,5.12597741,12.34,11.08,3644/5521,11.3,12.34,11.08,12.1,10.947002,1.5426703E8,33,300323,20260430
601777.SH,千里科技,11.23,11.16,-0.17777778,11.58,11.08,3644/5521,11.16,11.58,11.08,11.23,4.444444,7.6064536E7,17,601777,20260430
002090.SZ,金智科技,11.23,11.07,0.8984726,11.34,11.07,3648/5521,11.07,11.34,11.07,11.23,2.425876,1.032808E7,33,002090,20260430
002910.SZ,庄园牧场,11.31,11.09,2.16802168,11.42,11.07,3648/5521,11.09,11.42,11.07,11.31,3.161698,5685822,33,002910,20260430
300340.SZ,科恒股份,11.19,11.23,-1.23565755,11.4,11.06,3650/5521,11.23,11.4,11.06,11.19,3.000882,6734200,33,300340,20260430
600058.SH,五矿发展,11.12,11.14,-1.33096717,11.38,11.06,3650/5521,11.14,11.38,11.06,11.12,2.839396,1.1739327E7,17,600058,20260430
920810.BJ,春光智能,11.17,11.12,0.44964029,11.26,11.06,3650/5521,11.12,11.26,11.06,11.17,1.798561,658330,151,920810,20260430
600679.SH,上海凤凰,11.23,11.11,0.80789946,11.3,11.05,3653/5521,11.11,11.3,11.05,11.23,2.244165,2782475,17,600679,20260430
920414.BJ,欧普泰,11.37,11.25,1.7905103,11.49,11.05,3653/5521,11.25,11.49,11.05,11.37,3.939122,1933361,151,920414,20260430
002295.SZ,精艺股份,11.23,11.07,1.35379061,11.25,11.03,3655/5521,11.07,11.25,11.03,11.23,1.985559,3444900,33,002295,20260430
603022.SH,新通联,11.3,11.23,2.44786945,11.41,11.03,3655/5521,11.23,11.41,11.03,11.3,3.445149,8070644,17,603022,20260430
603329.SH,上海雅仕,11.25,11.03,0.17809439,11.44,11.03,3655/5521,11.03,11.44,11.03,11.25,3.650934,1.8702789E7,17,603329,20260430
603719.SH,良品铺子,11.09,11.12,-0.71620412,11.37,11.03,3655/5521,11.12,11.37,11.03,11.09,3.043867,9598000,17,603719,20260430
000590.SZ,古汉医药,11.16,11.13,0.54054054,11.27,11.02,3659/5521,11.13,11.27,11.02,11.16,2.252252,3724736,33,000590,20260430
002351.SZ,漫步者,11.11,11.21,-0.80357143,11.24,11.02,3659/5521,11.21,11.24,11.02,11.11,1.964285,4794000,33,002351,20260430
002632.SZ,道明光学,11.04,11.16,-1.34048257,11.29,11.01,3661/5521,11.16,11.29,11.01,11.04,2.502234,9163469,33,002632,20260430
600081.SH,东风科技,11.29,11.07,3.38827839,11.43,11.01,3661/5521,11.07,11.43,11.01,11.29,3.846153,5746641,17,600081,20260430
002458.SZ,益生股份,11.21,11.08,0.99099099,11.28,11,3663/5521,11.08,11.28,11,11.21,2.522522,1.516458E7,33,002458,20260430
301025.SZ,读客文化,11.25,11.21,0.53619303,11.28,11,3663/5521,11.21,11.28,11,11.25,2.502234,5759995,33,301025,20260430
920108.BJ,宏海科技,11.7,11.28,8.93854749,12.5,11,3663/5521,11.28,12.5,11,11.7,13.96648,4715655,151,920108,20260430
300637.SZ,扬帆新材,11.05,11.26,-2.03900709,11.39,10.99,3666/5521,11.26,11.39,10.99,11.05,3.546099,9076150,33,300637,20260430
603577.SH,汇金通,11.03,11,-0.63063063,11.25,10.98,3667/5521,11,11.25,10.98,11.03,2.432432,5482280,17,603577,20260430
300494.SZ,盛天网络,11.03,11.18,-1.8683274,11.27,10.96,3668/5521,11.18,11.27,10.96,11.03,2.758007,1.026126E7,33,300494,20260430
603998.SH,方盛制药,10.99,10.96,0.09107468,11.11,10.96,3668/5521,10.96,11.11,10.96,10.99,1.36612,8438600,17,603998,20260430
002410.SZ,广联达,10.98,10.99,-0.36297641,11.07,10.93,3670/5521,10.99,11.07,10.93,10.98,1.270417,2.6427072E7,33,002410,20260430
600479.SH,千金药业,11.01,10.93,-0.54200542,11.17,10.93,3670/5521,10.93,11.17,10.93,11.01,2.168021,1.5423156E7,17,600479,20260430
000837.SZ,秦川机床,11.11,10.92,1.46118721,11.2,10.92,3672/5521,10.92,11.2,10.92,11.11,2.557077,1.600588E7,33,000837,20260430
600380.SH,健康元,10.93,11.09,-1.53153153,11.13,10.92,3672/5521,11.09,11.13,10.92,10.93,1.891891,1.325978E7,17,600380,20260430
002429.SZ,兆驰股份,11.05,11.33,-1.86500888,11.39,10.91,3674/5521,11.33,11.39,10.91,11.05,4.262877,1.13876722E8,33,002429,20260430
300106.SZ,西部牧业,11.56,10.97,5.37830447,11.63,10.91,3674/5521,10.97,11.63,10.91,11.56,6.563354,1.6781269E7,33,300106,20260430
300129.SZ,泰胜风能,11.36,10.96,3.93412626,11.48,10.91,3674/5521,10.96,11.48,10.91,11.36,5.215004,3.5169573E7,33,300129,20260430
001299.SZ,美能能源,10.94,11.41,-3.95083406,11.45,10.9,3677/5521,11.41,11.45,10.9,10.94,4.828797,1.2526512E7,33,001299,20260430
002588.SZ,史丹利,10.94,11.28,-3.18584071,11.32,10.9,3677/5521,11.28,11.32,10.9,10.94,3.716814,2.363104E7,33,002588,20260430
600135.SH,乐凯胶片,11.43,10.98,4.09836066,11.58,10.9,3677/5521,10.98,11.58,10.9,11.43,6.193078,4.7413097E7,17,600135,20260430
001356.SZ,富岭股份,10.9,10.92,-0.456621,11.01,10.88,3680/5521,10.92,11.01,10.88,10.9,1.187214,1900069,33,001356,20260430
300654.SZ,世纪天鸿,10.96,11.06,-0.63463282,11.13,10.88,3680/5521,11.06,11.13,10.88,10.96,2.266545,9144707,33,300654,20260430
300978.SZ,东箭科技,10.89,10.88,-0.18331806,10.99,10.88,3680/5521,10.88,10.99,10.88,10.89,1.008249,2153700,33,300978,20260430
002312.SZ,川发龙蟒,10.95,11.18,-2.14477212,11.23,10.87,3683/5521,11.18,11.23,10.87,10.95,3.217158,3.5475335E7,33,002312,20260430
301116.SZ,益客食品,11.03,10.9,0.73059361,11.17,10.87,3683/5521,10.9,11.17,10.87,11.03,2.739726,4764839,33,301116,20260430
601890.SH,亚星锚链,10.93,10.93,0.55197792,11.16,10.87,3683/5521,10.93,11.16,10.87,10.93,2.667893,5.2375133E7,17,601890,20260430
600053.SH,*ST九鼎,10.86,10.86,-4.98687664,10.86,10.86,3686/5521,10.86,10.86,10.86,10.86,0,3524600,22,600053,20260430
600668.SH,尖峰集团,10.96,11.17,-1.88003581,11.49,10.86,3686/5521,11.17,11.49,10.86,10.96,5.640107,1.2019315E7,17,600668,20260430
603101.SH,汇嘉时代,11.06,11,0.27198549,11.28,10.86,3686/5521,11,11.28,10.86,11.06,3.807796,3.1650748E7,17,603101,20260430
002215.SZ,诺普信,10.92,10.95,-0.09149131,11.04,10.85,3689/5521,10.95,11.04,10.85,10.92,1.738334,2.3163674E7,33,002215,20260430
002893.SZ,京能热力,10.98,10.93,1.19815668,11.04,10.85,3689/5521,10.93,11.04,10.85,10.98,1.751152,1.4541153E7,33,002893,20260430
300134.SZ,大富科技,11.0,11.03,-0.45248869,11.1,10.85,3689/5521,11.03,11.1,10.85,11.0,2.262443,9658658,33,300134,20260430
300485.SZ,赛升药业,10.91,10.95,-0.81818182,11.13,10.85,3689/5521,10.95,11.13,10.85,10.91,2.545454,6514000,33,300485,20260430
300227.SZ,光韵达,10.99,11.05,-0.36264733,11.25,10.84,3693/5521,11.05,11.25,10.84,10.99,3.717135,1.597534E7,33,300227,20260430
002293.SZ,罗莱生活,11.26,11.02,2.17785844,11.3,10.83,3694/5521,11.02,11.3,10.83,11.26,4.264972,1.2694507E7,33,002293,20260430
600510.SH,黑牡丹,11.06,11,0.72859745,11.22,10.83,3694/5521,11,11.22,10.83,11.06,3.551912,1.8701631E7,17,600510,20260430
002399.SZ,海普瑞,10.87,10.82,0.92850511,11.04,10.82,3696/5521,10.82,11.04,10.82,10.87,2.042711,4494618,33,002399,20260430
002452.SZ,长高电新,10.96,11.29,0.36630037,11.6,10.82,3696/5521,11.29,11.6,10.82,10.96,7.142857,2.7066457E7,33,002452,20260430
603278.SH,大业股份,11.2,11.1,-3.78006873,11.39,10.82,3696/5521,11.1,11.39,10.82,11.2,4.896907,2.4385549E7,17,603278,20260430
605337.SH,李子园,10.84,10.83,0,10.99,10.82,3696/5521,10.83,10.99,10.82,10.84,1.568265,2785064,17,605337,20260430
601566.SH,九牧王,10.86,10.82,0.36968577,10.94,10.81,3700/5521,10.82,10.94,10.81,10.86,1.201478,6165300,17,601566,20260430
603299.SH,苏盐井神,10.87,10.93,-1.2715713,11.07,10.81,3700/5521,10.93,11.07,10.81,10.87,2.361489,7956654,17,603299,20260430
603808.SH,歌力思,11.1,10.87,4.91493384,11.29,10.81,3700/5521,10.87,11.29,10.81,11.1,4.536862,2.14437E7,17,603808,20260430
920566.BJ,梓橦宫,10.92,10.98,1.2987013,11.16,10.81,3700/5521,10.98,11.16,10.81,10.92,3.246753,2817437,151,920566,20260430
002253.SZ,*ST智胜,10.91,11.12,-0.81818182,11.19,10.8,3704/5521,11.12,11.19,10.8,10.91,3.545454,7060200,33,002253,20260430
603565.SH,中谷物流,10.85,10.95,0.18467221,11.23,10.8,3704/5521,10.95,11.23,10.8,10.85,3.970452,1.5508219E7,17,603565,20260430
002096.SZ,易普力,10.86,11.36,-6.45994832,11.38,10.79,3706/5521,11.36,11.38,10.79,10.86,5.081826,2.12541E7,33,002096,20260430
002372.SZ,伟星新材,11.07,10.85,2.12177122,11.09,10.79,3706/5521,10.85,11.09,10.79,11.07,2.767527,1.249049E7,33,002372,20260430
603020.SH,爱普股份,10.87,10.78,0,10.98,10.78,3708/5521,10.78,10.98,10.78,10.87,1.839926,3247486,17,603020,20260430
603136.SH,天目湖,11.04,11.05,-1.07526882,11.38,10.78,3708/5521,11.05,11.38,10.78,11.04,5.376344,1.484556E7,17,603136,20260430
002440.SZ,闰土股份,10.86,11.43,-3.80868025,11.54,10.77,3710/5521,11.43,11.54,10.77,10.86,6.820194,7.0629968E7,33,002440,20260430
300015.SZ,爱尔眼科,10.78,10.94,-1.55251142,11.03,10.77,3710/5521,10.94,11.03,10.77,10.78,2.374429,1.01500908E8,33,300015,20260430
300795.SZ,米奥会展,10.89,10.89,0.18399264,10.95,10.77,3710/5521,10.89,10.95,10.77,10.89,1.655933,3577722,33,300795,20260430
600476.SH,*ST湘邮,11.56,10.85,4.99545867,11.56,10.77,3710/5521,10.85,11.56,10.77,11.56,7.175295,8168946,22,600476,20260430
603809.SH,豪能股份,11.03,10.78,2.31910946,11.1,10.77,3710/5521,10.78,11.1,10.77,11.03,3.061224,1.1237849E7,17,603809,20260430
002679.SZ,福建金森,10.9,10.79,0.36832413,10.99,10.76,3715/5521,10.79,10.99,10.76,10.9,2.117863,3231960,33,002679,20260430
600623.SH,华谊集团,10.88,10.86,0.18416206,11,10.76,3715/5521,10.86,11,10.76,10.88,2.209944,2.8751989E7,17,600623,20260430
603327.SH,福蓉科技,10.8,10.8,-1.0989011,10.95,10.76,3715/5521,10.8,10.95,10.76,10.8,1.739926,2.8502292E7,17,603327,20260430
300403.SZ,汉宇集团,10.9,10.8,1.01946247,11.12,10.75,3718/5521,10.8,11.12,10.75,10.9,3.429101,9969124,33,300403,20260430
000905.SZ,厦门港务,10.91,10.78,1.11214087,10.94,10.74,3719/5521,10.78,10.94,10.74,10.91,1.853568,1.0978053E7,33,000905,20260430
002918.SZ,蒙娜丽莎,10.84,11.18,-2.95434199,11.23,10.74,3719/5521,11.18,11.23,10.74,10.84,4.38675,7190475,33,002918,20260430
603708.SH,家家悦,10.82,10.78,0,10.93,10.74,3719/5521,10.78,10.93,10.74,10.82,1.756007,4075342,17,603708,20260430
605136.SH,丽人丽妆,10.94,10.75,1.39017609,11.08,10.74,3719/5521,10.75,11.08,10.74,10.94,3.151065,7462200,17,605136,20260430
300427.SZ,红相股份,10.89,10.88,-0.18331806,10.97,10.73,3723/5521,10.88,10.97,10.73,10.89,2.199816,1.7197987E7,33,300427,20260430
688779.SH,五矿新能,10.8,11.17,-4.1703638,11.34,10.73,3723/5521,11.17,11.34,10.73,10.8,5.412599,5.5281906E7,17,688779,20260430
688148.SH,芳源股份,10.85,10.9,-1.00364964,11.29,10.72,3725/5521,10.9,11.29,10.72,10.85,5.200729,3.5993858E7,17,688148,20260430
000037.SZ,深南电A,10.8,10.93,-1.0989011,10.97,10.71,3726/5521,10.93,10.97,10.71,10.8,2.380952,2.454986E7,33,000037,20260430
600110.SH,诺德股份,10.75,10.9,-2.18380346,11.34,10.71,3726/5521,10.9,11.34,10.71,10.75,5.732484,1.70797399E8,17,600110,20260430
601101.SH,昊华能源,11.69,10.75,6.85557587,11.72,10.71,3726/5521,10.75,11.72,10.71,11.69,9.232175,6.9490849E7,17,601101,20260430
002242.SZ,九阳股份,10.88,10.84,1.87265918,11.35,10.7,3729/5521,10.84,11.35,10.7,10.88,6.086142,2.9905041E7,33,002242,20260430
002348.SZ,高乐股份,11.13,11,5.09915014,11.18,10.7,3729/5521,11,11.18,10.7,11.13,4.532577,4.5162764E7,33,002348,20260430
301048.SZ,金鹰重工,10.93,10.7,2.054155,11,10.7,3729/5521,10.7,11,10.7,10.93,2.80112,8969110,33,301048,20260430
600250.SH,南京商旅,10.91,10.77,1.11214087,11.14,10.7,3729/5521,10.77,11.14,10.7,10.91,4.077849,1.64833E7,17,600250,20260430
300097.SZ,智云股份,10.73,11.08,-2.27686703,11.15,10.69,3733/5521,11.08,11.15,10.69,10.73,4.189435,1.4444153E7,33,300097,20260430
002111.SZ,威海广泰,11.02,10.7,4.5540797,11.25,10.68,3734/5521,10.7,11.25,10.68,11.02,5.407969,5.3306288E7,33,002111,20260430
600156.SH,华升股份,10.8,11.82,-3.31244405,12.29,10.68,3734/5521,11.82,12.29,10.68,10.8,14.413607,9.7634587E7,17,600156,20260430
603230.SH,内蒙新华,10.76,10.67,0.46685341,10.8,10.67,3736/5521,10.67,10.8,10.67,10.76,1.213818,2347300,17,603230,20260430
002139.SZ,拓邦股份,10.71,10.84,-1.38121547,10.95,10.65,3737/5521,10.84,10.95,10.65,10.71,2.76243,1.9039696E7,33,002139,20260430
002194.SZ,武汉凡谷,11.03,10.86,1.09990834,11.08,10.65,3737/5521,10.86,11.08,10.65,11.03,3.941338,2.3181014E7,33,002194,20260430
300056.SZ,中创环保,11.1,10.75,2.77777778,11.26,10.65,3737/5521,10.75,11.26,10.65,11.1,5.648148,3.5447611E7,33,300056,20260430
002186.SZ,全聚德,10.69,10.78,-1.20147874,10.82,10.64,3740/5521,10.78,10.82,10.64,10.69,1.663585,4546565,33,002186,20260430
002459.SZ,晶澳科技,10.87,10.68,1.11627907,10.95,10.64,3740/5521,10.68,10.95,10.64,10.87,2.88372,4.6528558E7,33,002459,20260430
002736.SZ,国信证券,10.72,10.82,-3.5971223,10.83,10.63,3742/5521,10.82,10.83,10.63,10.72,1.798561,7.4480064E7,33,002736,20260430
000592.SZ,平潭发展,10.76,10.75,1.12781955,10.85,10.62,3743/5521,10.75,10.85,10.62,10.76,2.161654,1.18873405E8,33,000592,20260430
300787.SZ,海能实业,10.91,10.7,2.05799813,11.07,10.62,3743/5521,10.7,11.07,10.62,10.91,4.209541,6281283,33,300787,20260430
002403.SZ,爱仕达,11.04,10.6,3.7593985,11.35,10.6,3745/5521,10.6,11.35,10.6,11.04,7.048872,1.13124E7,33,002403,20260430
600463.SH,空港股份,10.79,10.65,0.65298507,10.85,10.6,3745/5521,10.65,10.85,10.6,10.79,2.332089,5524800,17,600463,20260430
603500.SH,祥和实业,10.71,10.65,1.32450331,10.78,10.59,3747/5521,10.65,10.78,10.59,10.71,1.79754,4234673,17,603500,20260430
603676.SH,卫信康,10.6,10.67,0,10.8,10.58,3748/5521,10.67,10.8,10.58,10.6,2.075471,1972100,17,603676,20260430
000411.SZ,英特集团,10.6,10.56,-0.18832392,10.66,10.56,3749/5521,10.56,10.66,10.56,10.6,0.941619,2459602,33,000411,20260430
002345.SZ,潮宏基,10.57,11.25,-6.04444444,11.66,10.56,3749/5521,11.25,11.66,10.56,10.57,9.777777,4.3429306E7,33,002345,20260430
301102.SZ,兆讯传媒,10.74,10.6,1.1299435,10.77,10.56,3749/5521,10.6,10.77,10.56,10.74,1.977401,2207943,33,301102,20260430
600860.SH,京城股份,10.79,10.56,0.27881041,10.83,10.56,3749/5521,10.56,10.83,10.56,10.79,2.509293,6836916,17,600860,20260430
920665.BJ,科强股份,10.72,10.6,1.13207547,10.81,10.55,3753/5521,10.6,10.81,10.55,10.72,2.45283,1088459,151,920665,20260430
600128.SH,苏豪弘业,10.61,10.69,0,10.81,10.54,3754/5521,10.69,10.81,10.54,10.61,2.544769,5757100,17,600128,20260430
300404.SZ,博济医药,10.74,10.61,1.41643059,10.83,10.53,3755/5521,10.61,10.83,10.53,10.74,2.832861,1.4487203E7,33,300404,20260430
603058.SH,永吉股份,11.05,10.55,4.73933649,11.3,10.53,3755/5521,10.55,11.3,10.53,11.05,7.298578,1.7534565E7,17,603058,20260430
002723.SZ,小崧股份,11.17,10.54,4.98120301,11.26,10.5,3757/5521,10.54,11.26,10.5,11.17,7.142857,1.938204E7,33,002723,20260430
002809.SZ,红墙股份,10.66,10.61,0.56603774,10.71,10.5,3757/5521,10.61,10.71,10.5,10.66,1.981132,6520104,33,002809,20260430
300231.SZ,银信科技,10.57,10.82,-2.49077491,10.92,10.5,3757/5521,10.82,10.92,10.5,10.57,3.874538,1.59659E7,33,300231,20260430
600350.SH,山东高速,10.7,10.78,-0.37243948,10.93,10.5,3757/5521,10.78,10.93,10.5,10.7,4.003724,9068292,17,600350,20260430
920719.BJ,宁新新材,10.84,11,-4.66138962,11.1,10.48,3761/5521,11,11.1,10.48,10.84,5.452946,6495175,151,920719,20260430
300146.SZ,汤臣倍健,10.5,10.56,-0.47393365,10.56,10.47,3762/5521,10.56,10.56,10.47,10.5,0.85308,1.1230962E7,33,300146,20260430
300263.SZ,隆华科技,10.57,10.52,0.09469697,10.67,10.45,3763/5521,10.52,10.67,10.45,10.57,2.083333,3.2712206E7,33,300263,20260430
601963.SH,重庆银行,10.5,10.62,-1.03675778,10.62,10.45,3763/5521,10.62,10.62,10.45,10.5,1.602262,9831100,17,601963,20260430
920571.BJ,国航远洋,10.56,10.65,-1.30841121,10.75,10.45,3763/5521,10.65,10.75,10.45,10.56,2.803738,1.2411895E7,151,920571,20260430
002199.SZ,*ST东晶,10.56,10.5,3.22580645,10.74,10.44,3766/5521,10.5,10.74,10.44,10.56,2.932551,1.2254594E7,33,002199,20260430
300463.SZ,迈克生物,10.49,10.64,-0.94428706,10.64,10.44,3766/5521,10.64,10.64,10.44,10.49,1.888574,5589200,33,300463,20260430
600186.SH,莲花控股,10.72,11.33,-0.92421442,11.55,10.42,3768/5521,11.33,11.55,10.42,10.72,10.443622,4.80905226E8,17,600186,20260430
603730.SH,岱美股份,10.94,10.41,3.20754717,10.98,10.41,3769/5521,10.41,10.98,10.41,10.94,5.377358,2.9963226E7,17,603730,20260430
002649.SZ,博彦科技,10.47,10.51,-1.13314448,10.63,10.4,3770/5521,10.51,10.63,10.4,10.47,2.17186,1.33555E7,33,002649,20260430
603697.SH,有友食品,10.56,10.46,0.38022814,10.7,10.4,3770/5521,10.46,10.7,10.4,10.56,2.851711,6799141,17,603697,20260430
002106.SZ,莱宝高科,10.48,10.59,-1.5037594,10.64,10.38,3772/5521,10.59,10.64,10.38,10.48,2.443609,1.1073502E7,33,002106,20260430
002278.SZ,神开股份,10.39,10.4,0.19286403,10.48,10.38,3772/5521,10.4,10.48,10.38,10.39,0.96432,8157131,33,002278,20260430
600678.SH,ST金顶,10.38,10.38,-5.03202196,10.38,10.38,3772/5521,10.38,10.38,10.38,10.38,0,210800,22,600678,20260430
603536.SH,惠发食品,10.53,10.4,0.86206897,10.73,10.38,3772/5521,10.4,10.73,10.38,10.53,3.35249,7820160,17,603536,20260430
603912.SH,佳力图,10.58,10.4,1.24401914,10.85,10.36,3776/5521,10.4,10.85,10.36,10.58,4.688995,3.6739404E7,17,603912,20260430
300894.SZ,火星人,10.46,10.36,0.57692308,10.56,10.33,3777/5521,10.36,10.56,10.33,10.46,2.211538,3245066,33,300894,20260430
300805.SZ,电声股份,10.4,10.48,-0.85795996,10.59,10.32,3778/5521,10.48,10.59,10.32,10.4,2.573879,5431900,33,300805,20260430
301370.SZ,国科恒泰,10.47,10.41,0.57636888,10.51,10.32,3778/5521,10.41,10.51,10.32,10.47,1.825168,3397400,33,301370,20260430
600056.SH,中国医药,10.36,10.38,-0.38461538,10.41,10.32,3778/5521,10.38,10.41,10.32,10.36,0.865384,1.1806149E7,17,600056,20260430
603008.SH,ST喜临门,10.32,10.32,-4.97237569,10.32,10.32,3778/5521,10.32,10.32,10.32,10.32,0,359500,22,603008,20260430
002455.SZ,百川股份,10.36,10.88,-3.8961039,10.9,10.31,3782/5521,10.88,10.9,10.31,10.36,5.473098,7.3889562E7,33,002455,20260430
600246.SH,万通发展,11.28,10.32,10.04878049,11.28,10.31,3782/5521,10.32,11.28,10.31,11.28,9.463414,1.63952744E8,17,600246,20260430
301060.SZ,兰卫医学,10.33,10.52,-1.80608365,10.7,10.3,3784/5521,10.52,10.7,10.3,10.33,3.802281,1.9794015E7,33,301060,20260430
600348.SH,华阳股份,10.45,10.4,0.86872587,10.56,10.3,3784/5521,10.4,10.56,10.3,10.45,2.509652,5.2900356E7,17,600348,20260430
603869.SH,ST智知,10.44,10.44,0.96711799,10.58,10.3,3784/5521,10.44,10.58,10.3,10.44,2.70793,1758650,22,603869,20260430
000828.SZ,东莞控股,10.38,10.42,-0.38387716,10.44,10.28,3787/5521,10.42,10.44,10.28,10.38,1.535508,5619587,33,000828,20260430
300830.SZ,金现代,10.46,10.3,0.86788814,10.51,10.28,3787/5521,10.3,10.51,10.28,10.46,2.217936,9803000,33,300830,20260430
600097.SH,开创国际,10.46,10.28,1.25847047,10.59,10.28,3787/5521,10.28,10.59,10.28,10.46,3.000968,5090101,17,600097,20260430
002559.SZ,亚威股份,10.32,10.4,-1.52671756,10.45,10.26,3790/5521,10.4,10.45,10.26,10.32,1.812977,1.3808112E7,33,002559,20260430
002892.SZ,科力尔,10.39,10.3,0.87378641,10.44,10.25,3791/5521,10.3,10.44,10.25,10.39,1.84466,6836630,33,002892,20260430
600639.SH,浦东金桥,10.32,10.88,-5.83941606,10.89,10.25,3791/5521,10.88,10.89,10.25,10.32,5.839416,2.916605E7,17,600639,20260430
000821.SZ,ST京机,10.3,10.41,-0.86621752,10.46,10.24,3793/5521,10.41,10.46,10.24,10.3,2.11742,9220400,33,000821,20260430
001914.SZ,招商积余,10.25,10.35,-1.25240848,10.38,10.21,3794/5521,10.35,10.38,10.21,10.25,1.637764,7667567,33,001914,20260430
002235.SZ,安妮股份,11.2,10.21,10.01964637,11.2,10.21,3794/5521,10.21,11.2,10.21,11.2,9.72495,1.05983611E8,33,002235,20260430
002461.SZ,珠江啤酒,10.38,10.29,0.58139535,10.43,10.2,3796/5521,10.29,10.43,10.2,10.38,2.228682,1.2839935E7,33,002461,20260430
300603.SZ,立昂技术,10.2,10.44,-2.57879656,10.55,10.2,3796/5521,10.44,10.55,10.2,10.2,3.342884,2.09707E7,33,300603,20260430
002423.SZ,中粮资本,10.24,10.24,-0.19493177,10.36,10.19,3798/5521,10.24,10.36,10.19,10.24,1.65692,1.20097E7,33,002423,20260430
600178.SH,东安动力,10.2,10.29,-1.1627907,10.35,10.19,3798/5521,10.29,10.35,10.19,10.2,1.550387,4144641,17,600178,20260430
920826.BJ,盖世食品,10.23,10.3,-1.44508671,10.48,10.18,3800/5521,10.3,10.48,10.18,10.23,2.890173,1813206,151,920826,20260430
000697.SZ,ST炼石,10.17,10.17,,10.17,10.17,3801/5521,10.17,10.17,10.17,10.17,,,33,000697,20260430
300411.SZ,金盾股份,10.29,10.22,0.48828125,10.33,10.16,3802/5521,10.22,10.33,10.16,10.29,1.660156,3123400,33,300411,20260430
000712.SZ,锦龙股份,10.42,10.15,2.25711482,10.5,10.15,3803/5521,10.15,10.5,10.15,10.42,3.434739,1.9429225E7,33,000712,20260430
000929.SZ,*ST兰黄,10.33,10.19,0.48638132,10.34,10.15,3803/5521,10.19,10.34,10.15,10.33,1.848249,1930100,33,000929,20260430
002328.SZ,新朋股份,10.35,10.77,-2.99906279,10.78,10.15,3803/5521,10.77,10.78,10.15,10.35,5.904404,6.5976982E7,33,002328,20260430
601519.SH,大智慧,10.24,10.2,0.09775171,10.45,10.15,3803/5521,10.2,10.45,10.15,10.24,2.932551,2.1270387E7,17,601519,20260430
002286.SZ,保龄宝,10.28,10.15,1.08161259,10.37,10.14,3807/5521,10.15,10.37,10.14,10.28,2.261553,9867700,33,002286,20260430
300368.SZ,汇金股份,10.2,10.19,0.49261084,10.39,10.13,3808/5521,10.19,10.39,10.13,10.2,2.561576,1.2082101E7,33,300368,20260430
600461.SH,洪城环境,10.28,10.27,-0.3875969,10.32,10.13,3808/5521,10.27,10.32,10.13,10.28,1.841085,8691000,17,600461,20260430
000524.SZ,岭南控股,10.16,10.36,-1.83574879,10.41,10.12,3810/5521,10.36,10.41,10.12,10.16,2.801932,9258400,33,000524,20260430
920062.BJ,科润智控,10.19,10.16,0.19665683,10.29,10.12,3810/5521,10.16,10.29,10.12,10.19,1.671583,2428714,151,920062,20260430
002174.SZ,游族网络,10.24,10.17,0.58939096,10.35,10.11,3812/5521,10.17,10.35,10.11,10.24,2.357563,7.0075895E7,33,002174,20260430
300798.SZ,锦鸡股份,10.19,10.66,-4.04896422,10.7,10.11,3812/5521,10.66,10.7,10.11,10.19,5.555555,2.7341494E7,33,300798,20260430
000409.SZ,云鼎科技,10.16,10.1,0.29615005,10.19,10.1,3814/5521,10.1,10.19,10.1,10.16,0.88845,3261637,33,000409,20260430
002883.SZ,中设股份,10.1,10.1,,10.1,10.1,3814/5521,10.1,10.1,10.1,10.1,,,33,002883,20260430
601609.SH,金田股份,10.14,10.3,-2.40615977,10.42,10.08,3816/5521,10.3,10.42,10.08,10.14,3.272377,2.1239672E7,17,601609,20260430
600661.SH,昂立教育,10.2,10.08,1.19047619,10.28,10.07,3817/5521,10.08,10.28,10.07,10.2,2.083333,5015500,17,600661,20260430
603429.SH,*ST集友,10.3,10.07,0.38986355,10.41,10.07,3817/5521,10.07,10.41,10.07,10.3,3.31384,5668054,22,603429,20260430
002117.SZ,东港股份,10.2,10.07,1.19047619,10.2,10.05,3819/5521,10.07,10.2,10.05,10.2,1.488095,6205100,33,002117,20260430
603648.SH,畅联股份,10.16,10.11,0.19723866,10.28,10.04,3820/5521,10.11,10.28,10.04,10.16,2.366863,3165400,17,603648,20260430
920946.BJ,森萱医药,10.25,10.03,3.74493927,10.3,10.03,3821/5521,10.03,10.3,10.03,10.25,2.732793,3591816,151,920946,20260430
002041.SZ,登海种业,10.24,10.15,1.38613861,10.29,10.02,3822/5521,10.15,10.29,10.02,10.24,2.673267,1.229405E7,33,002041,20260430
688579.SH,地纬智能,10.11,10.36,-6.1281337,10.39,10.02,3822/5521,10.36,10.39,10.02,10.11,3.435468,9860952,17,688579,20260430
000856.SZ,冀东装备,10.3,10.08,2.48756219,10.35,10.01,3824/5521,10.08,10.35,10.01,10.3,3.383084,1.1540355E7,33,000856,20260430
300439.SZ,美康生物,10.09,10.02,0,10.17,10.01,3824/5521,10.02,10.17,10.01,10.09,1.585728,4720700,33,300439,20260430
301301.SZ,川宁生物,10.03,10.53,2.76639344,10.73,10,3826/5521,10.53,10.73,10,10.03,7.479508,2.0043684E7,33,301301,20260430
600480.SH,凌云股份,10.11,10.08,0,10.2,10,3826/5521,10.08,10.2,10,10.11,1.978239,2.0074762E7,17,600480,20260430
601512.SH,中新集团,10.06,10.05,-4.19047619,10.3,10,3826/5521,10.05,10.3,10,10.06,2.857142,2.16158E7,17,601512,20260430
002620.SZ,*ST瑞和,9.98,9.98,-4.95238095,10.4,9.98,3829/5521,9.98,10.4,9.98,9.98,4,2.40978E7,33,002620,20260430
300525.SZ,博思软件,10.05,10,0.6006006,10.14,9.98,3829/5521,10,10.14,9.98,10.05,1.601601,1.1175956E7,33,300525,20260430
300824.SZ,北鼎股份,10.09,9.98,0.9,10.17,9.98,3829/5521,9.98,10.17,9.98,10.09,1.9,3471294,33,300824,20260430
920149.BJ,旭杰科技,10.19,10.03,1.69660679,10.28,9.98,3829/5521,10.03,10.28,9.98,10.19,2.994011,1194322,151,920149,20260430
002003.SZ,伟星股份,10.0,10.15,-1.47783251,10.15,9.97,3833/5521,10.15,10.15,9.97,10.0,1.773399,1.0418486E7,33,002003,20260430
002825.SZ,纳尔股份,9.99,10.05,-1.18694362,10.21,9.97,3833/5521,10.05,10.21,9.97,9.99,2.373887,4277148,33,002825,20260430
300200.SZ,高盟新材,10.01,10.07,-1.37931034,10.21,9.97,3833/5521,10.07,10.21,9.97,10.01,2.364532,1.57544E7,33,300200,20260430
300453.SZ,三鑫医疗,10.08,10.24,-2.04081633,10.28,9.97,3833/5521,10.24,10.28,9.97,10.08,3.012633,1.8925892E7,33,300453,20260430
300393.SZ,中来股份,10.12,9.98,1.6064257,10.55,9.96,3837/5521,9.98,10.55,9.96,10.12,5.923694,3.9376507E7,33,300393,20260430
002101.SZ,广东鸿图,10.01,9.96,0.3006012,10.05,9.95,3838/5521,9.96,10.05,9.95,10.01,1.002004,4434771,33,002101,20260430
688609.SH,九联科技,10.15,9.94,1.3986014,10.24,9.94,3839/5521,9.94,10.24,9.94,10.15,2.997002,1.7758671E7,17,688609,20260430
002097.SZ,山河智能,9.92,9.96,-0.8,10.06,9.92,3840/5521,9.96,10.06,9.92,9.92,1.4,1.67714E7,33,002097,20260430
920263.BJ,中航泰达,10.29,10.35,-1.53110048,10.55,9.92,3840/5521,10.35,10.55,9.92,10.29,6.028708,1141912,151,920263,20260430
600986.SH,浙文互联,9.99,10.27,-6.89655172,10.39,9.91,3842/5521,10.27,10.39,9.91,9.99,4.473438,1.88365936E8,17,600986,20260430
601311.SH,骆驼股份,9.95,10.17,-2.64187867,10.24,9.91,3842/5521,10.17,10.24,9.91,9.95,3.228962,3.5821718E7,17,601311,20260430
002051.SZ,中工国际,10.12,10.05,0.09891197,10.13,9.9,3844/5521,10.05,10.13,9.9,10.12,2.274975,4.1957454E7,33,002051,20260430
002153.SZ,石基信息,10.08,9.91,1.20481928,10.24,9.9,3844/5521,9.91,10.24,9.9,10.08,3.413654,2.9010536E7,33,002153,20260430
600830.SH,香溢融通,9.9,10.1,-2.36686391,10.35,9.9,3844/5521,10.1,10.35,9.9,9.9,4.437869,1.9228151E7,17,600830,20260430
600873.SH,梅花生物,9.92,9.98,-0.99800399,10.06,9.9,3844/5521,9.98,10.06,9.9,9.92,1.596806,3.1925634E7,17,600873,20260430
688701.SH,卓锦股份,10.2,9.94,2.71903323,10.39,9.9,3844/5521,9.94,10.39,9.9,10.2,4.934541,2798101,17,688701,20260430
002441.SZ,众业达,10.15,9.93,1.80541625,10.24,9.89,3849/5521,9.93,10.24,9.89,10.15,3.510531,1.4402162E7,33,002441,20260430
300149.SZ,睿智医药,9.99,10,-0.1,10.12,9.89,3849/5521,10,10.12,9.89,9.99,2.3,1.2163892E7,33,300149,20260430
600969.SH,郴电国际,9.93,10.07,-0.501002,10.12,9.89,3849/5521,10.07,10.12,9.89,9.93,2.304609,7423520,17,600969,20260430
002728.SZ,特一药业,9.93,9.91,0,9.99,9.88,3852/5521,9.91,9.99,9.88,9.93,1.107754,7190923,33,002728,20260430
600648.SH,外高桥,10.03,10.53,-5.37735849,10.53,9.88,3852/5521,10.53,10.53,9.88,10.03,6.132075,1.1126817E7,17,600648,20260430
000425.SZ,徐工机械,9.95,10.3,-3.39805825,10.5,9.86,3854/5521,10.3,10.5,9.86,9.95,6.213592,1.57272674E8,33,000425,20260430
000537.SZ,绿发电力,9.89,10.25,-3.51219512,10.29,9.86,3854/5521,10.25,10.29,9.86,9.89,4.195121,5.9599523E7,33,000537,20260430
002040.SZ,南京港,9.95,9.98,-0.3006012,10.05,9.86,3854/5521,9.98,10.05,9.86,9.95,1.903807,7845400,33,002040,20260430
002088.SZ,鲁阳节能,9.87,10.08,-2.85433071,10.13,9.86,3854/5521,10.08,10.13,9.86,9.87,2.65748,5405800,33,002088,20260430
002583.SZ,海能达,9.94,10.03,-2.83479961,10.19,9.85,3858/5521,10.03,10.19,9.85,9.94,3.323558,3.4320522E7,33,002583,20260430
002769.SZ,普路通,9.88,10.14,-1.2,10.14,9.84,3859/5521,10.14,10.14,9.84,9.88,3,5644650,33,002769,20260430
600032.SH,浙江新能,9.87,10.4,-4.17475728,10.47,9.84,3859/5521,10.4,10.47,9.84,9.87,6.116504,6.5981198E7,17,600032,20260430
600637.SH,东方明珠,9.98,9.91,-1.38339921,10.11,9.84,3859/5521,9.91,10.11,9.84,9.98,2.667984,6.9962547E7,17,600637,20260430
600822.SH,上海物贸,9.93,9.92,0.3030303,10,9.84,3859/5521,9.92,10,9.84,9.93,1.616161,3531600,17,600822,20260430
601577.SH,长沙银行,9.97,9.84,0.80889788,10,9.84,3859/5521,9.84,10,9.84,9.97,1.617795,2.4837125E7,17,601577,20260430
002339.SZ,积成电子,9.89,10.07,-0.40281974,10.1,9.83,3864/5521,10.07,10.1,9.83,9.89,2.719033,1.3626383E7,33,002339,20260430
300410.SZ,正业科技,9.92,9.96,-0.8991009,10.06,9.83,3864/5521,9.96,10.06,9.83,9.92,2.297702,1.5730126E7,33,300410,20260430
000710.SZ,贝瑞基因,9.99,9.9,0.70564516,10.04,9.82,3866/5521,9.9,10.04,9.82,9.99,2.217741,4885631,33,000710,20260430
002873.SZ,新天药业,10.1,9.85,2.85132383,10.13,9.82,3866/5521,9.85,10.13,9.82,10.1,3.156822,1.336679E7,33,002873,20260430
600236.SH,桂冠电力,10.09,10.01,0.7992008,10.2,9.82,3866/5521,10.01,10.2,9.82,10.09,3.796203,2.3514182E7,17,600236,20260430
002490.SZ,山东墨龙,10.06,10.2,1.00401606,10.36,9.81,3869/5521,10.2,10.36,9.81,10.06,5.522088,7.1944952E7,33,002490,20260430
000752.SZ,*ST西发,10.0,9.8,-1.18577075,10.06,9.8,3870/5521,9.8,10.06,9.8,10.0,2.569169,5588201,33,000752,20260430
002739.SZ,儒意电影,10.11,9.86,2.63959391,10.21,9.8,3870/5521,9.86,10.21,9.8,10.11,4.162436,5.274821E7,33,002739,20260430
600360.SH,*ST华微,10.18,9.85,3.24543611,10.18,9.8,3870/5521,9.85,10.18,9.8,10.18,3.853955,2.0679496E7,22,600360,20260430
601878.SH,浙商证券,9.85,9.81,0,10.01,9.8,3870/5521,9.81,10.01,9.8,9.85,2.131979,3.8484342E7,17,601878,20260430
601939.SH,建设银行,9.95,9.8,1.42711519,10,9.79,3874/5521,9.8,10,9.79,9.95,2.140672,1.56844295E8,17,601939,20260430
920175.BJ,东方碳素,9.83,9.87,-0.60667341,9.93,9.76,3875/5521,9.87,9.93,9.76,9.83,1.718907,1127641,151,920175,20260430
300825.SZ,阿尔特,9.83,9.87,-0.40526849,10.03,9.75,3876/5521,9.87,10.03,9.75,9.83,2.836879,1.5787843E7,33,300825,20260430
600101.SH,明星电力,9.82,9.81,-0.70778564,9.89,9.75,3876/5521,9.81,9.89,9.75,9.82,1.415571,1.8625767E7,17,600101,20260430
600356.SH,恒丰纸业,9.93,10,1.017294,10.04,9.75,3876/5521,10,10.04,9.75,9.93,2.950152,1.66636E7,17,600356,20260430
600483.SH,福能股份,10.01,9.87,1.52129817,10.05,9.75,3876/5521,9.87,10.05,9.75,10.01,3.042596,2.3430875E7,17,600483,20260430
002446.SZ,盛路通信,10.0,9.78,1.83299389,10.09,9.73,3880/5521,9.78,10.09,9.73,10.0,3.665987,3.2166832E7,33,002446,20260430
002298.SZ,中电鑫龙,9.8,9.78,0.30706244,9.91,9.72,3881/5521,9.78,9.91,9.72,9.8,1.944728,2.0477922E7,33,002298,20260430
300022.SZ,吉峰科技,9.75,9.84,-0.91463415,9.88,9.72,3881/5521,9.84,9.88,9.72,9.75,1.626016,9860200,33,300022,20260430
000096.SZ,广聚能源,9.73,9.79,-0.20512821,9.83,9.7,3883/5521,9.79,9.83,9.7,9.73,1.333333,6337962,33,000096,20260430
300210.SZ,森远股份,10.8,9.79,10.99691675,10.95,9.7,3883/5521,9.79,10.95,9.7,10.8,12.846865,4.11547E7,33,300210,20260430
002116.SZ,中国海诚,9.73,9.77,-0.51124744,9.81,9.69,3885/5521,9.77,9.81,9.69,9.73,1.226993,4520560,33,002116,20260430
603518.SH,锦泓集团,9.95,9.72,2.2610483,9.97,9.69,3885/5521,9.72,9.97,9.69,9.95,2.877697,1.3060838E7,17,603518,20260430
300597.SZ,吉大通信,9.83,9.74,0.71721311,9.88,9.68,3887/5521,9.74,9.88,9.68,9.83,2.04918,6145200,33,300597,20260430
301058.SZ,中粮科工,9.74,9.74,-0.30706244,9.81,9.68,3887/5521,9.74,9.81,9.68,9.74,1.330603,4445900,33,301058,20260430
603725.SH,天安新材,9.81,9.81,0,9.9,9.66,3889/5521,9.81,9.9,9.66,9.81,2.446483,4140020,17,603725,20260430
600396.SH,华电辽能,9.92,10.34,-4.88974113,10.86,9.65,3890/5521,10.34,10.86,9.65,9.92,11.60115,2.5554982E8,17,600396,20260430
600829.SH,人民同泰,9.72,9.63,0.41322314,9.75,9.63,3891/5521,9.63,9.75,9.63,9.72,1.239669,4960180,17,600829,20260430
603053.SH,成都燃气,9.69,9.69,-0.30864198,9.75,9.63,3891/5521,9.69,9.75,9.63,9.69,1.234567,2467698,17,603053,20260430
603105.SH,芯能科技,9.73,9.99,-2.6026026,10,9.63,3891/5521,9.99,10,9.63,9.73,3.703703,2.5961289E7,17,603105,20260430
002057.SZ,中钢天源,9.65,9.66,-0.4127967,9.77,9.62,3894/5521,9.66,9.77,9.62,9.65,1.547987,8236200,33,002057,20260430
920249.BJ,利尔达,9.98,9.87,2.04498978,10.08,9.62,3894/5521,9.87,10.08,9.62,9.98,4.703476,8832884,151,920249,20260430
002454.SZ,松芝股份,9.91,10.1,-4.15860735,10.18,9.61,3896/5521,10.1,10.18,9.61,9.91,5.512572,2.4928777E7,33,002454,20260430
601952.SH,苏垦农发,9.96,9.9,-1.38613861,10.03,9.61,3896/5521,9.9,10.03,9.61,9.96,4.158415,3.4373202E7,17,601952,20260430
920021.BJ,流金科技,10.03,9.72,5.80168776,10.12,9.61,3896/5521,9.72,10.12,9.61,10.03,5.379746,2.0705406E7,151,920021,20260430
300248.SZ,新开普,9.62,9.65,-0.31088083,9.76,9.6,3899/5521,9.65,9.76,9.6,9.62,1.658031,5920507,33,300248,20260430
300358.SZ,楚天科技,9.79,9.63,1.4507772,9.85,9.6,3899/5521,9.63,9.85,9.6,9.79,2.590673,1.7749888E7,33,300358,20260430
920395.BJ,朗鸿科技,9.67,9.65,0.10351967,9.78,9.6,3899/5521,9.65,9.78,9.6,9.67,1.863354,565267,151,920395,20260430
000528.SZ,柳工,9.66,9.88,-2.62096774,9.94,9.59,3902/5521,9.88,9.94,9.59,9.66,3.528225,5.2972485E7,33,000528,20260430
300543.SZ,朗科智能,9.73,9.66,1.45985401,9.74,9.59,3902/5521,9.66,9.74,9.59,9.73,1.564129,4774621,33,300543,20260430
600218.SH,全柴动力,9.66,9.6,2.43902439,9.85,9.59,3902/5521,9.6,9.85,9.59,9.66,2.757158,1.0511143E7,17,600218,20260430
600419.SH,天润乳业,9.62,9.62,0,9.7,9.57,3905/5521,9.62,9.7,9.57,9.62,1.351351,4035800,17,600419,20260430
600826.SH,兰生股份,9.57,9.93,-3.722334,9.97,9.57,3905/5521,9.93,9.97,9.57,9.57,4.024144,1.6960281E7,17,600826,20260430
300002.SZ,神州泰岳,9.73,9.63,1.0384216,9.74,9.56,3907/5521,9.63,9.74,9.56,9.73,1.869158,3.5318858E7,33,300002,20260430
300095.SZ,华伍股份,9.84,9.6,1.96891192,9.9,9.56,3907/5521,9.6,9.9,9.56,9.84,3.523316,1.20877E7,33,300095,20260430
600241.SH,时代万恒,9.76,9.58,0.72239422,9.9,9.56,3907/5521,9.58,9.9,9.56,9.76,3.508771,6842500,17,600241,20260430
601456.SH,国联民生,9.63,9.59,0.3125,9.74,9.56,3907/5521,9.59,9.74,9.56,9.63,1.875,3.6998513E7,17,601456,20260430
920445.BJ,龙竹科技,9.61,9.64,-0.92783505,9.94,9.56,3907/5521,9.64,9.94,9.56,9.61,3.917525,1558018,151,920445,20260430
000989.SZ,九芝堂,9.65,9.72,-0.92402464,9.75,9.55,3912/5521,9.72,9.75,9.55,9.65,2.053388,1.534083E7,33,000989,20260430
603222.SH,济民健康,9.8,9.64,2.51046025,10.24,9.55,3912/5521,9.64,10.24,9.55,9.8,7.217573,2.4071978E7,17,603222,20260430
600302.SH,标准股份,9.54,9.54,,9.54,9.54,3914/5521,9.54,9.54,9.54,9.54,,,17,600302,20260430
000625.SZ,长安汽车,9.53,9.68,-1.65118679,9.68,9.52,3915/5521,9.68,9.68,9.52,9.53,1.651186,8.0847609E7,33,000625,20260430
603466.SH,风语筑,9.72,9.69,0.30959752,9.81,9.52,3915/5521,9.69,9.81,9.52,9.72,2.992776,1.8704171E7,17,603466,20260430
300061.SZ,旗天科技,9.59,9.6,-0.62176166,9.69,9.51,3917/5521,9.6,9.69,9.51,9.59,1.865284,2.0575371E7,33,300061,20260430
600667.SH,太极实业,9.59,9.69,-0.41536864,9.79,9.51,3917/5521,9.69,9.79,9.51,9.59,2.90758,8.2437669E7,17,600667,20260430
000600.SZ,建投能源,9.52,9.72,-2.65848671,9.76,9.5,3919/5521,9.72,9.76,9.5,9.52,2.658486,5.673747E7,33,000600,20260430
002451.SZ,摩恩电气,9.53,9.67,-1.44777663,9.71,9.5,3919/5521,9.67,9.71,9.5,9.53,2.171664,1.0683036E7,33,002451,20260430
600025.SH,华能水电,9.51,9.6,-0.9375,9.65,9.5,3919/5521,9.6,9.65,9.5,9.51,1.5625,3.1095854E7,17,600025,20260430
600838.SH,上海九百,9.59,9.56,-0.10416667,9.75,9.5,3919/5521,9.56,9.75,9.5,9.59,2.604166,6245108,17,600838,20260430
002651.SZ,利君股份,9.58,9.48,1.16156283,9.62,9.47,3923/5521,9.48,9.62,9.47,9.58,1.583949,6081100,33,002651,20260430
002033.SZ,丽江股份,9.47,9.7,-2.672148,9.73,9.46,3924/5521,9.7,9.73,9.46,9.47,2.774922,4.0107946E7,33,002033,20260430
600422.SH,昆药集团,9.5,9.49,0,9.56,9.46,3924/5521,9.49,9.56,9.46,9.5,1.052631,8033147,17,600422,20260430
600420.SH,国药现代,9.59,9.59,-0.10416667,9.6,9.45,3926/5521,9.59,9.6,9.45,9.59,1.5625,8811293,17,600420,20260430
603229.SH,奥翔药业,9.83,9.58,1.97095436,9.93,9.45,3926/5521,9.58,9.93,9.45,9.83,4.979253,1.1523007E7,17,603229,20260430
002668.SZ,TCL智家,9.55,9.52,-0.10460251,9.59,9.44,3928/5521,9.52,9.59,9.44,9.55,1.569037,9680410,33,002668,20260430
300132.SZ,青松股份,9.44,9.5,-0.21141649,9.71,9.44,3928/5521,9.5,9.71,9.44,9.44,2.854122,2.46157E7,33,300132,20260430
300016.SZ,北陆药业,9.47,9.54,-1.66147456,9.66,9.43,3930/5521,9.54,9.66,9.43,9.47,2.388369,1.7372079E7,33,300016,20260430
300125.SZ,*ST聆达,9.82,9.59,2.93501048,9.99,9.43,3930/5521,9.59,9.99,9.43,9.82,5.87002,9456549,33,300125,20260430
920675.BJ,秉扬科技,9.56,9.44,0.95036959,9.65,9.43,3930/5521,9.44,9.65,9.43,9.56,2.323125,1505698,151,920675,20260430
300147.SZ,*ST香雪,10.02,9.42,6.48246546,10.37,9.42,3933/5521,9.42,10.37,9.42,10.02,10.095642,2.7501729E7,33,300147,20260430
600589.SH,大位科技,10.07,9.45,3.49434738,10.16,9.42,3933/5521,9.45,10.16,9.42,10.07,7.605344,1.63713462E8,17,600589,20260430
600706.SH,曲江文旅,9.54,9.46,0.52687039,9.58,9.42,3933/5521,9.46,9.58,9.42,9.54,1.685985,7288371,17,600706,20260430
920260.BJ,中寰股份,9.56,9.49,0.73761855,9.63,9.42,3933/5521,9.49,9.63,9.42,9.56,2.212855,1107594,151,920260,20260430
300320.SZ,海达股份,9.51,9.52,-0.52301255,9.6,9.41,3937/5521,9.52,9.6,9.41,9.51,1.987447,9668700,33,300320,20260430
300534.SZ,陇神戎发,9.47,9.45,0,9.59,9.41,3937/5521,9.45,9.59,9.41,9.47,1.900739,6830850,33,300534,20260430
000006.SZ,深振业A,9.7,9.67,1.99789695,9.71,9.39,3939/5521,9.67,9.71,9.39,9.7,3.364879,2.8485782E7,33,000006,20260430
000617.SZ,中油资本,9.44,9.49,-0.52687039,9.54,9.39,3939/5521,9.49,9.54,9.39,9.44,1.580611,1.32678958E8,33,000617,20260430
002123.SZ,梦网科技,9.48,9.51,0,9.58,9.39,3939/5521,9.51,9.58,9.39,9.48,2.004219,1.037398E7,33,002123,20260430
002313.SZ,日海智能,9.61,9.68,-3.70741483,9.8,9.39,3939/5521,9.68,9.8,9.39,9.61,4.108216,3.2709652E7,33,002313,20260430
300887.SZ,谱尼测试,9.65,9.4,2.33297985,9.69,9.39,3939/5521,9.4,9.69,9.39,9.65,3.181336,9852185,33,300887,20260430
600153.SH,建发股份,9.51,9.41,0.95541401,9.64,9.38,3944/5521,9.41,9.64,9.38,9.51,2.760084,2.5773667E7,17,600153,20260430
601928.SH,凤凰传媒,9.43,9.4,-0.94537815,9.45,9.38,3944/5521,9.4,9.45,9.38,9.43,0.735294,7589400,17,601928,20260430
002745.SZ,木林森,9.49,9.45,0.42328042,9.6,9.37,3946/5521,9.45,9.6,9.37,9.49,2.433862,4.4803238E7,33,002745,20260430
002998.SZ,优彩资源,9.52,9.42,0.5279831,9.68,9.37,3946/5521,9.42,9.68,9.37,9.52,3.273495,8813473,33,002998,20260430
600983.SH,惠而浦,9.4,9.47,-0.84388186,9.51,9.37,3946/5521,9.47,9.51,9.37,9.4,1.476793,4534800,17,600983,20260430
301098.SZ,金埔园林,9.45,9.38,0.53191489,9.85,9.36,3949/5521,9.38,9.85,9.36,9.45,5.212765,7624400,33,301098,20260430
600742.SH,富维股份,9.42,9.41,0.10626993,9.45,9.36,3949/5521,9.41,9.45,9.36,9.42,0.956429,7954317,17,600742,20260430
002300.SZ,太阳电缆,9.37,9.66,-3.30237358,9.72,9.35,3951/5521,9.66,9.72,9.35,9.37,3.818369,3.7744812E7,33,002300,20260430
603387.SH,基蛋生物,9.65,9.35,5.46448087,9.86,9.35,3951/5521,9.35,9.86,9.35,9.65,5.57377,3.1178638E7,17,603387,20260430
301332.SZ,德尔玛,9.36,9.39,-0.53134963,9.44,9.34,3953/5521,9.39,9.44,9.34,9.36,1.062699,2522688,33,301332,20260430
600958.SH,东方证券,9.34,9.34,,9.34,9.34,3953/5521,9.34,9.34,9.34,9.34,,,17,600958,20260430
001236.SZ,弘业期货,9.55,9.37,2.02991453,9.83,9.33,3955/5521,9.37,9.83,9.33,9.55,5.34188,2.0405152E7,33,001236,20260430
002905.SZ,金逸影视,9.53,9.62,-3.73737374,9.79,9.33,3955/5521,9.62,9.79,9.33,9.53,4.646464,7512820,33,002905,20260430
601229.SH,上海银行,9.38,9.51,-1.67714885,9.54,9.32,3957/5521,9.51,9.54,9.32,9.38,2.306079,6.6555702E7,17,601229,20260430
002765.SZ,蓝黛科技,9.42,9.45,-0.5279831,9.46,9.31,3958/5521,9.45,9.46,9.31,9.42,1.583949,1.337026E7,33,002765,20260430
600894.SH,广日股份,9.48,9.52,-0.52465897,9.58,9.31,3958/5521,9.52,9.58,9.31,9.48,2.833158,1.1877069E7,17,600894,20260430
300460.SZ,ST惠伦,9.39,9.42,-0.21253985,9.49,9.3,3960/5521,9.42,9.49,9.3,9.39,2.019128,4092600,33,300460,20260430
605377.SH,华旺科技,9.83,9.44,3.91120507,10,9.3,3960/5521,9.44,10,9.3,9.83,7.399577,1.4615169E7,17,605377,20260430
600326.SH,西藏天路,9.37,9.31,0.42872454,9.42,9.28,3962/5521,9.31,9.42,9.28,9.37,1.500535,2.2243185E7,17,600326,20260430
600876.SH,凯盛新能,9.43,9.74,-5.03524673,9.85,9.27,3963/5521,9.74,9.85,9.27,9.43,5.840886,9154101,17,600876,20260430
000561.SZ,烽火电子,9.51,9.25,2.36813778,9.52,9.25,3964/5521,9.25,9.52,9.25,9.51,2.90635,1.3478432E7,33,000561,20260430
600000.SH,浦发银行,9.27,9.36,-1.17270789,9.37,9.25,3964/5521,9.36,9.37,9.25,9.27,1.279317,7.8438804E7,17,600000,20260430
601886.SH,江河集团,9.58,9.32,2.78969957,9.6,9.25,3964/5521,9.32,9.6,9.25,9.58,3.755364,9870760,17,601886,20260430
002249.SZ,大洋电机,9.38,9.26,2.96377607,9.53,9.24,3967/5521,9.26,9.53,9.24,9.38,3.183315,6.8490354E7,33,002249,20260430
000798.SZ,中水渔业,9.31,9.25,0.5399568,9.45,9.23,3968/5521,9.25,9.45,9.23,9.31,2.375809,7304600,33,000798,20260430
300057.SZ,万顺新材,9.76,9.81,0.30832477,10.07,9.22,3969/5521,9.81,10.07,9.22,9.76,8.735868,1.8515859E8,33,300057,20260430
920039.BJ,国义招标,9.39,9.26,1.51351351,9.46,9.21,3970/5521,9.26,9.46,9.21,9.39,2.702702,837073,151,920039,20260430
002331.SZ,皖通科技,9.27,9.26,-0.21528525,9.41,9.2,3971/5521,9.26,9.41,9.2,9.27,2.260495,1.9475652E7,33,002331,20260430
600970.SH,中材国际,9.33,9.45,-1.78947368,9.45,9.2,3971/5521,9.45,9.45,9.2,9.33,2.631578,3.7109651E7,17,600970,20260430
001965.SZ,招商公路,9.4,9.31,0.96670247,9.45,9.19,3973/5521,9.31,9.45,9.19,9.4,2.792696,1.484649E7,33,001965,20260430
002392.SZ,北京利尔,9.21,9.24,-0.32467532,9.38,9.19,3973/5521,9.24,9.38,9.19,9.21,2.056277,2.675832E7,33,002392,20260430
600867.SH,通化东宝,9.23,9.5,-3.45188285,9.53,9.19,3973/5521,9.5,9.53,9.19,9.23,3.556485,5.8599382E7,17,600867,20260430
002244.SZ,滨江集团,9.55,9.42,1.59574468,9.77,9.18,3976/5521,9.42,9.77,9.18,9.55,6.276595,4.3676804E7,33,002244,20260430
688285.SH,高铁电气,9.45,9.28,2.94117647,9.53,9.18,3976/5521,9.28,9.53,9.18,9.45,3.812636,5829844,17,688285,20260430
300083.SZ,创世纪,10.19,9.17,20.02355713,10.19,9.17,3978/5521,9.17,10.19,9.17,10.19,12.014134,4.00320977E8,33,300083,20260430
600610.SH,中毅达,9.29,9.28,0.10775862,9.38,9.17,3978/5521,9.28,9.38,9.17,9.29,2.262931,1.73554E7,17,600610,20260430
000626.SZ,远大控股,9.35,9.19,1.63043478,9.6,9.16,3980/5521,9.19,9.6,9.16,9.35,4.782608,2.618437E7,33,000626,20260430
600283.SH,钱江水利,9.16,9.26,-1.07991361,9.27,9.16,3980/5521,9.26,9.27,9.16,9.16,1.187904,4682420,17,600283,20260430
000795.SZ,英洛华,9.23,9.19,0,9.27,9.15,3982/5521,9.19,9.27,9.15,9.23,1.300108,1.1561071E7,33,000795,20260430
688247.SH,宣泰医药,9.3,9.23,1.52838428,9.38,9.15,3982/5521,9.23,9.38,9.15,9.3,2.510917,2567592,17,688247,20260430
920873.BJ,中设咨询,9.3,9.18,-1.378579,10.39,9.15,3982/5521,9.18,10.39,9.15,9.3,13.149522,2.0013868E7,151,920873,20260430
000504.SZ,*ST生物,9.18,9.47,-3.26659642,9.47,9.14,3985/5521,9.47,9.47,9.14,9.18,3.477344,6717401,33,000504,20260430
601369.SH,陕鼓动力,9.18,9.25,-1.60771704,9.33,9.14,3985/5521,9.25,9.33,9.14,9.18,2.036441,1.19168E7,17,601369,20260430
603707.SH,健友股份,9.18,9.42,-2.75423729,9.42,9.14,3985/5521,9.42,9.42,9.14,9.18,2.966101,2.0650994E7,17,603707,20260430
002383.SZ,合众思壮,9.31,9.18,1.30576714,9.33,9.13,3988/5521,9.18,9.33,9.13,9.31,2.176278,1.1231344E7,33,002383,20260430
002758.SZ,浙农股份,9.16,9.31,-1.7167382,9.42,9.12,3989/5521,9.31,9.42,9.12,9.16,3.218884,1.2025121E7,33,002758,20260430
300228.SZ,富瑞特装,9.31,9.4,-0.53418803,9.44,9.12,3989/5521,9.4,9.44,9.12,9.31,3.418803,2.908862E7,33,300228,20260430
300512.SZ,中亚股份,9.29,9.12,1.30861505,9.32,9.12,3989/5521,9.12,9.32,9.12,9.29,2.181025,3696600,33,300512,20260430
920371.BJ,欧福蛋业,9.16,9.18,0.10928962,9.32,9.12,3989/5521,9.18,9.32,9.12,9.16,2.185792,1026390,151,920371,20260430
000925.SZ,众合科技,9.19,9.85,-5.84016393,10.08,9.11,3993/5521,9.85,10.08,9.11,9.19,9.938524,1.85952792E8,33,000925,20260430
000998.SZ,隆平高科,9.14,9.18,-0.76004343,9.21,9.11,3993/5521,9.18,9.21,9.11,9.14,1.085776,2.1886486E7,33,000998,20260430
300333.SZ,兆日科技,9.27,9.2,1.31147541,9.35,9.11,3993/5521,9.2,9.35,9.11,9.27,2.62295,7495800,33,300333,20260430
300387.SZ,富邦科技,9.19,9.17,0.21810251,9.27,9.11,3993/5521,9.17,9.27,9.11,9.19,1.74482,8748800,33,300387,20260430
000968.SZ,蓝焰控股,9.15,9.32,0.32894737,9.36,9.09,3997/5521,9.32,9.36,9.09,9.15,2.960526,4.3825647E7,33,000968,20260430
603027.SH,千禾味业,9.15,9.56,-9.40594059,9.56,9.09,3997/5521,9.56,9.56,9.09,9.15,4.653465,7.0783763E7,17,603027,20260430
605500.SH,森林包装,9.18,9.11,0.65789474,9.27,9.09,3997/5521,9.11,9.27,9.09,9.18,1.973684,3725511,17,605500,20260430
000042.SZ,中洲控股,9.63,9.19,8.56820744,9.76,9.08,4000/5521,9.19,9.76,9.08,9.63,7.66629,3.6469732E7,33,000042,20260430
002852.SZ,道道全,9.09,9.23,-1.40997831,9.28,9.06,4001/5521,9.23,9.28,9.06,9.09,2.386117,7190950,33,002852,20260430
002877.SZ,智能自控,9.13,9.07,0.77262693,9.14,9.03,4002/5521,9.07,9.14,9.03,9.13,1.214128,5631759,33,002877,20260430
603055.SH,台华新材,9.07,9.21,-2.47311828,9.25,9.03,4002/5521,9.21,9.25,9.03,9.07,2.365591,7755793,17,603055,20260430
600548.SH,深高速,9.07,9.03,0,9.09,9.02,4004/5521,9.03,9.09,9.02,9.07,0.771775,2279300,17,600548,20260430
603167.SH,渤海轮渡,9.07,9.17,-2.89079229,9.19,9.02,4004/5521,9.17,9.19,9.02,9.07,1.820128,1.4433984E7,17,603167,20260430
603759.SH,海天股份,9.03,9.26,-3.11158798,9.3,9.02,4004/5521,9.26,9.3,9.02,9.03,3.004291,7289915,17,603759,20260430
002795.SZ,永和智控,9.19,9.02,1.99778024,9.41,9.01,4007/5521,9.02,9.41,9.01,9.19,4.439511,4.3474392E7,33,002795,20260430
688459.SH,哈铁科技,9.06,9.01,0.11049724,9.12,9.01,4007/5521,9.01,9.12,9.01,9.06,1.215469,1372023,17,688459,20260430
300536.SZ,农尚环境,10.16,9.05,13.2664437,10.45,9,4009/5521,9.05,10.45,9,10.16,16.164994,3.6773725E7,33,300536,20260430
600138.SH,中青旅,9.01,9.01,-1.09769484,9.07,8.99,4010/5521,9.01,9.07,8.99,9.01,0.878155,9795547,17,600138,20260430
603223.SH,恒通股份,9.03,9.11,-0.66006601,9.12,8.99,4010/5521,9.11,9.12,8.99,9.03,1.430143,5118184,17,603223,20260430
002114.SZ,罗平锌电,9.0,9.09,-1.74672489,9.26,8.97,4012/5521,9.09,9.26,8.97,9.0,3.165938,8666800,33,002114,20260430
300621.SZ,维业股份,9.09,9.02,1.33779264,9.3,8.97,4012/5521,9.02,9.3,8.97,9.09,3.678929,6057350,33,300621,20260430
600730.SH,*ST高科,8.97,8.97,5.03512881,8.97,8.97,4012/5521,8.97,8.97,8.97,8.97,0,1784800,22,600730,20260430
603843.SH,*ST正平,8.97,8.97,5.03512881,8.97,8.97,4012/5521,8.97,8.97,8.97,8.97,0,1402640,22,603843,20260430
920556.BJ,雅达股份,9.04,8.99,0.44444444,9.09,8.97,4012/5521,8.99,9.09,8.97,9.04,1.333333,1859628,151,920556,20260430
001258.SZ,立新能源,9.01,9.16,-1.63755459,9.16,8.96,4017/5521,9.16,9.16,8.96,9.01,2.183406,2.47114E7,33,001258,20260430
301090.SZ,华润材料,9.18,9.34,-0.97087379,9.43,8.96,4017/5521,9.34,9.43,8.96,9.18,5.070118,2.2045478E7,33,301090,20260430
600848.SH,上海临港,8.98,9,-0.66371681,9.11,8.94,4019/5521,9,9.11,8.94,8.98,1.88053,1.0582849E7,17,600848,20260430
002530.SZ,金财互联,9.1,8.99,0.99889012,9.16,8.93,4020/5521,8.99,9.16,8.93,9.1,2.552719,1.9086362E7,33,002530,20260430
000859.SZ,国风新材,9.04,8.92,1.57303371,9.28,8.92,4021/5521,8.92,9.28,8.92,9.04,4.044943,2.9100064E7,33,000859,20260430
002068.SZ,黑猫股份,9.51,8.92,6.13839286,9.6,8.92,4021/5521,8.92,9.6,8.92,9.51,7.589285,4.1701329E7,33,002068,20260430
300466.SZ,赛摩智能,9.12,8.95,1.55902004,9.14,8.92,4021/5521,8.95,9.14,8.92,9.12,2.449888,8419380,33,300466,20260430
600109.SH,国金证券,8.97,8.94,-0.22246941,9.12,8.92,4021/5521,8.94,9.12,8.92,8.97,2.224694,4.0004958E7,17,600109,20260430
000987.SZ,越秀资本,9.0,9.23,-3.22580645,9.25,8.9,4025/5521,9.23,9.25,8.9,9.0,3.76344,7.2658668E7,33,000987,20260430
002052.SZ,同洲电子,10.09,9.09,6.21052632,10.17,8.9,4025/5521,9.09,10.17,8.9,10.09,13.368421,4.6862084E7,33,002052,20260430
002091.SZ,江苏国泰,8.95,9.46,-9.32117528,9.5,8.9,4025/5521,9.46,9.5,8.9,8.95,6.079027,9.4362927E7,33,002091,20260430
002373.SZ,千方科技,8.95,9.01,-0.66592675,9.08,8.9,4025/5521,9.01,9.08,8.9,8.95,1.99778,2.109621E7,33,002373,20260430
600059.SH,古越龙山,8.91,8.96,-0.66889632,9.02,8.9,4025/5521,8.96,9.02,8.9,8.91,1.337792,7419701,17,600059,20260430
920717.BJ,瑞星股份,9.13,8.9,2.58426966,9.25,8.9,4025/5521,8.9,9.25,8.9,9.13,3.932584,1436346,151,920717,20260430
000683.SZ,博源化工,8.96,9.1,-1.53846154,9.29,8.88,4031/5521,9.1,9.29,8.88,8.96,4.505494,3.988226E7,33,000683,20260430
002660.SZ,茂硕电源,8.94,8.89,0.11198208,9.03,8.88,4031/5521,8.89,9.03,8.88,8.94,1.679731,6148200,33,002660,20260430
002783.SZ,凯龙股份,8.92,9.08,-1.76211454,9.11,8.88,4031/5521,9.08,9.11,8.88,8.92,2.533039,1.256284E7,33,002783,20260430
300513.SZ,恒实科技,9.08,8.92,1.67973124,9.1,8.88,4031/5521,8.92,9.1,8.88,9.08,2.463605,9318028,33,300513,20260430
600237.SH,铜峰电子,8.88,9.09,-2.41758242,9.15,8.88,4031/5521,9.09,9.15,8.88,8.88,2.967032,1.6889501E7,17,600237,20260430
601798.SH,蓝科高新,9.11,8.9,2.47469066,9.25,8.88,4031/5521,8.9,9.25,8.88,9.11,4.161979,8121128,17,601798,20260430
688306.SH,均普智能,9.28,9.12,-0.10764263,9.35,8.88,4031/5521,9.12,9.35,8.88,9.28,5.059203,1.2332218E7,17,688306,20260430
920402.BJ,硅烷科技,9.07,9.24,-4.12262156,9.3,8.88,4031/5521,9.24,9.3,8.88,9.07,4.439746,8133073,151,920402,20260430
002661.SZ,克明食品,8.92,9.1,-1.76211454,9.11,8.87,4039/5521,9.1,9.11,8.87,8.92,2.643171,5276700,33,002661,20260430
002340.SZ,格林美,9.14,9.14,-5.18672199,9.19,8.86,4040/5521,9.14,9.19,8.86,9.14,3.423236,4.8904902E8,33,002340,20260430
002478.SZ,常宝股份,8.95,9.09,-1.97152245,9.25,8.86,4040/5521,9.09,9.25,8.86,8.95,4.271631,4.0286997E7,33,002478,20260430
002763.SZ,汇洁股份,9.41,8.86,10.05847953,9.41,8.86,4040/5521,8.86,9.41,8.86,9.41,6.432748,2.328103E7,33,002763,20260430
600497.SH,驰宏锌锗,8.98,8.99,-0.99228225,9.1,8.86,4040/5521,8.99,9.1,8.86,8.98,2.646085,9.5751232E7,17,600497,20260430
600642.SH,申能股份,9.06,9.06,-0.43956044,9.09,8.86,4040/5521,9.06,9.09,8.86,9.06,2.527472,3.22998E7,17,600642,20260430
300068.SZ,ST南都,8.85,8.85,-19.98191682,8.85,8.85,4045/5521,8.85,8.85,8.85,8.85,0,2191900,33,300068,20260430
600133.SH,东湖高新,8.98,8.85,1.01237345,9.13,8.85,4045/5521,8.85,9.13,8.85,8.98,3.149606,3.2715835E7,17,600133,20260430
601918.SH,新集能源,8.95,8.99,-0.55555556,9.11,8.85,4045/5521,8.99,9.11,8.85,8.95,2.888888,5.6368684E7,17,601918,20260430
603838.SH,*ST四通,8.97,8.95,0.78651685,9.03,8.85,4045/5521,8.95,9.03,8.85,8.97,2.022471,1311000,22,603838,20260430
300796.SZ,贝斯美,9.0,8.88,2.3890785,9.23,8.84,4049/5521,8.88,9.23,8.84,9.0,4.43686,8881790,33,300796,20260430
600916.SH,中国黄金,8.94,8.92,0.11198208,8.98,8.84,4049/5521,8.92,8.98,8.84,8.94,1.567749,2.2475665E7,17,600916,20260430
300009.SZ,安科生物,8.84,8.91,-1.22905028,8.95,8.83,4051/5521,8.91,8.95,8.83,8.84,1.340782,1.3722226E7,33,300009,20260430
600095.SH,湘财股份,8.88,8.85,0.33898305,9.04,8.83,4051/5521,8.85,9.04,8.83,8.88,2.372881,1.82504E7,17,600095,20260430
600718.SH,东软集团,8.84,8.84,-0.22573363,8.95,8.83,4051/5521,8.84,8.95,8.83,8.84,1.354401,1.4431011E7,17,600718,20260430
603636.SH,南威软件,8.96,8.83,0.78740157,9.21,8.83,4051/5521,8.83,9.21,8.83,8.96,4.274465,9180000,17,603636,20260430
000848.SZ,承德露露,8.9,8.92,-0.22421525,8.95,8.82,4055/5521,8.92,8.95,8.82,8.9,1.457399,2.8258737E7,33,000848,20260430
301039.SZ,中集车辆,8.93,8.9,0,9.01,8.82,4055/5521,8.9,9.01,8.82,8.93,2.127659,9183154,33,301039,20260430
301078.SZ,孩子王,8.84,8.84,-0.22573363,9.11,8.82,4055/5521,8.84,9.11,8.82,8.84,3.273137,2.026845E7,33,301078,20260430
601825.SH,沪农商行,8.98,8.92,0.44742729,9,8.82,4055/5521,8.92,9,8.82,8.98,2.013422,1.9485516E7,17,601825,20260430
688098.SH,申联生物,8.84,8.96,-1.00783875,8.99,8.82,4055/5521,8.96,8.99,8.82,8.84,1.903695,2235066,17,688098,20260430
002939.SZ,长城证券,8.89,8.9,-1.11234705,9,8.81,4060/5521,8.9,9,8.81,8.89,2.113459,3.1604435E7,33,002939,20260430
300303.SZ,聚飞光电,8.89,9.18,-2.94759825,9.28,8.81,4060/5521,9.18,9.28,8.81,8.89,5.131004,1.00874716E8,33,300303,20260430
002405.SZ,四维图新,9.03,8.9,1.46067416,9.05,8.8,4062/5521,8.9,9.05,8.8,9.03,2.808988,5.2873623E7,33,002405,20260430
300096.SZ,ST易联众,9.18,9.01,1.43646409,9.19,8.8,4062/5521,9.01,9.19,8.8,9.18,4.309392,6125400,33,300096,20260430
920809.BJ,安达科技,8.96,9.02,-0.44444444,9.26,8.8,4062/5521,9.02,9.26,8.8,8.96,5.111111,4.1727486E7,151,920809,20260430
300193.SZ,佳士科技,8.84,8.94,-1.11856823,8.94,8.78,4065/5521,8.94,8.94,8.78,8.84,1.789709,7673520,33,300193,20260430
300264.SZ,佳创视讯,9.36,8.88,5.28683915,9.4,8.78,4065/5521,8.88,9.4,8.78,9.36,6.974128,2.418186E7,33,300264,20260430
600883.SH,博闻科技,9.01,8.78,4.28240741,9.1,8.78,4065/5521,8.78,9.1,8.78,9.01,3.703703,1.3817622E7,17,600883,20260430
601226.SH,华电科工,8.86,9.05,-2.53025303,9.14,8.76,4068/5521,9.05,9.14,8.76,8.86,4.180418,1.9091727E7,17,601226,20260430
000779.SZ,甘咨询,8.86,8.76,0.56753689,8.88,8.75,4069/5521,8.76,8.88,8.75,8.86,1.475595,5654200,33,000779,20260430
002332.SZ,仙琚制药,8.77,8.81,-0.45402951,8.82,8.75,4069/5521,8.81,8.82,8.75,8.77,0.794551,6382200,33,002332,20260430
300211.SZ,*ST亿通,8.9,8.77,1.71428571,8.93,8.75,4069/5521,8.77,8.93,8.75,8.9,2.057142,4195490,33,300211,20260430
603825.SH,ST华扬,8.77,8.9,-0.7918552,8.94,8.75,4069/5521,8.9,8.94,8.75,8.77,2.149321,2230500,22,603825,20260430
000576.SZ,甘化科工,8.82,9.19,-5.76923077,9.23,8.73,4073/5521,9.19,9.23,8.73,8.82,5.34188,1.93316E7,33,000576,20260430
603969.SH,银龙股份,8.91,8.93,0.11235955,9,8.73,4073/5521,8.93,9,8.73,8.91,3.033707,1.5758421E7,17,603969,20260430
002227.SZ,*ST特迅,8.78,9.2,-3.93873085,9.2,8.72,4075/5521,9.2,9.2,8.72,8.78,5.251641,1.2985128E7,33,002227,20260430
300692.SZ,中赋科技,9.11,8.72,3.75854214,9.18,8.72,4075/5521,8.72,9.18,8.72,9.11,5.239179,2.1074898E7,33,300692,20260430
300708.SZ,聚灿光电,8.85,8.81,0.22650057,8.87,8.72,4075/5521,8.81,8.87,8.72,8.85,1.698754,1.9448943E7,33,300708,20260430
601985.SH,中国核电,8.99,8.89,0,9.02,8.72,4075/5521,8.89,9.02,8.72,8.99,3.337041,1.76275479E8,17,601985,20260430
600126.SH,杭钢股份,8.74,9,-3.63836825,9.11,8.71,4079/5521,9,9.11,8.71,8.74,4.410143,1.53656001E8,17,600126,20260430
601298.SH,青岛港,8.85,8.97,-1.88470067,8.99,8.71,4079/5521,8.97,8.99,8.71,8.85,3.104212,1.78121E7,17,601298,20260430
601339.SH,百隆东方,9.29,8.82,5.68828214,9.32,8.71,4079/5521,8.82,9.32,8.71,9.29,6.939704,1.6327665E7,17,601339,20260430
002498.SZ,汉缆股份,8.72,9.02,-3.32594235,9.07,8.7,4082/5521,9.02,9.07,8.7,8.72,4.101995,2.08936312E8,33,002498,20260430
300099.SZ,尤洛卡,9.12,8.89,3.05084746,9.15,8.7,4082/5521,8.89,9.15,8.7,9.12,5.084745,2.5893206E7,33,300099,20260430
600774.SH,汉商集团,8.78,8.88,0.2283105,8.88,8.7,4082/5521,8.88,8.88,8.7,8.78,2.054794,4506900,17,600774,20260430
920553.BJ,凯腾精工,8.88,8.87,3.25581395,9.34,8.7,4082/5521,8.87,9.34,8.7,8.88,7.44186,2365486,151,920553,20260430
002166.SZ,莱茵生物,8.78,8.76,2.21187427,8.8,8.69,4086/5521,8.76,8.8,8.69,8.78,1.280558,1.0414205E7,33,002166,20260430
000917.SZ,电广传媒,8.74,8.86,-1.46561443,8.94,8.68,4087/5521,8.86,8.94,8.68,8.74,2.931228,4.112536E7,33,000917,20260430
002926.SZ,华西证券,8.72,8.71,-0.11454754,8.84,8.68,4087/5521,8.71,8.84,8.68,8.72,1.83276,2.07234E7,33,002926,20260430
600004.SH,白云机场,8.73,8.83,-3,8.84,8.68,4087/5521,8.83,8.84,8.68,8.73,1.777777,2.6582043E7,17,600004,20260430
600797.SH,浙大网新,8.76,8.76,-0.68027211,8.9,8.68,4087/5521,8.76,8.9,8.68,8.76,2.494331,2.2755768E7,17,600797,20260430
603106.SH,恒银科技,8.9,8.68,2.41657077,9.1,8.67,4091/5521,8.68,9.1,8.67,8.9,4.948216,7913522,17,603106,20260430
600371.SH,万向德农,8.79,8.69,1.15074799,8.81,8.65,4092/5521,8.69,8.81,8.65,8.79,1.841196,4730489,17,600371,20260430
688571.SH,杭华股份,9.12,8.65,4.82758621,9.18,8.65,4092/5521,8.65,9.18,8.65,9.12,6.091954,1.9073275E7,17,688571,20260430
600839.SH,四川长虹,8.74,8.68,0.80738178,8.85,8.64,4094/5521,8.68,8.85,8.64,8.74,2.422145,7.4480421E7,17,600839,20260430
603889.SH,新澳股份,8.71,8.78,-0.79726651,8.89,8.63,4095/5521,8.78,8.89,8.63,8.71,2.961275,1.441615E7,17,603889,20260430
000876.SZ,新希望,8.73,8.65,0.1146789,8.79,8.62,4096/5521,8.65,8.79,8.62,8.73,1.949541,2.9839926E7,33,000876,20260430
002234.SZ,民和股份,8.65,8.7,0,8.76,8.62,4096/5521,8.7,8.76,8.62,8.65,1.618497,3782000,33,002234,20260430
002456.SZ,欧菲光,8.71,8.72,-0.22909507,8.76,8.62,4096/5521,8.72,8.76,8.62,8.71,1.603665,4.2197723E7,33,002456,20260430
002062.SZ,宏润建设,8.85,8.82,-1.11731844,9.13,8.61,4099/5521,8.82,9.13,8.61,8.85,5.810055,3.7884419E7,33,002062,20260430
601022.SH,宁波远洋,8.66,8.69,-0.80183276,8.72,8.61,4099/5521,8.69,8.72,8.61,8.66,1.260022,5419600,17,601022,20260430
920496.BJ,许昌智能,8.65,8.8,-3.45982143,8.83,8.61,4099/5521,8.8,8.83,8.61,8.65,2.455357,3204412,151,920496,20260430
300162.SZ,雷曼光电,9.06,8.78,3.07167235,9.37,8.6,4102/5521,8.78,9.37,8.6,9.06,8.759954,3.62503E7,33,300162,20260430
000686.SZ,东北证券,8.67,8.59,0.5800464,8.8,8.58,4103/5521,8.59,8.8,8.58,8.67,2.552204,3.1489004E7,33,000686,20260430
001979.SZ,招商蛇口,8.7,8.87,-1.47225368,8.92,8.58,4103/5521,8.87,8.92,8.58,8.7,3.850509,5.669356E7,33,001979,20260430
600757.SH,长江传媒,8.61,8.66,-1.03448276,8.73,8.58,4103/5521,8.66,8.73,8.58,8.61,1.724137,9277075,17,600757,20260430
600843.SH,上工申贝,8.72,8.63,2.34741784,8.79,8.58,4103/5521,8.63,8.79,8.58,8.72,2.464788,9804611,17,600843,20260430
603012.SH,创力集团,8.66,8.76,-0.91533181,8.85,8.58,4103/5521,8.76,8.85,8.58,8.66,3.089244,1.0397703E7,17,603012,20260430
002195.SZ,岩山科技,8.61,8.73,-1.82440137,8.8,8.57,4108/5521,8.73,8.8,8.57,8.61,2.622576,1.67669966E8,33,002195,20260430
000009.SZ,中国宝安,8.65,9,-6.7887931,9.01,8.56,4109/5521,9,9.01,8.56,8.65,4.849137,8.0651456E7,33,000009,20260430
002098.SZ,浔兴股份,8.62,8.6,0.58343057,8.72,8.56,4109/5521,8.6,8.72,8.56,8.62,1.866977,3122300,33,002098,20260430
300891.SZ,惠云钛业,8.6,8.66,-1.82648402,8.79,8.56,4109/5521,8.66,8.79,8.56,8.6,2.62557,6439800,33,300891,20260430
002129.SZ,TCL中环,8.66,8.56,0.46403712,8.73,8.55,4112/5521,8.56,8.73,8.55,8.66,2.088167,5.7601207E7,33,002129,20260430
603227.SH,雪峰科技,8.61,8.66,-0.57736721,8.69,8.55,4112/5521,8.66,8.69,8.55,8.61,1.616628,1.16383E7,17,603227,20260430
920198.BJ,微创光电,8.7,8.57,1.1627907,8.8,8.55,4112/5521,8.57,8.8,8.55,8.7,2.906976,1544377,151,920198,20260430
601117.SH,中国化学,8.6,8.62,-0.69284065,8.68,8.54,4115/5521,8.62,8.68,8.54,8.6,1.616628,8.8114403E7,17,601117,20260430
603801.SH,志邦家居,8.74,8.7,-1.90796857,8.83,8.54,4115/5521,8.7,8.83,8.54,8.74,3.254769,5750667,17,603801,20260430
002165.SZ,红宝丽,8.58,8.8,-1.26582278,8.81,8.53,4117/5521,8.8,8.81,8.53,8.58,3.222094,3.1706896E7,33,002165,20260430
300215.SZ,电科院,8.56,8.61,-0.46511628,8.77,8.53,4117/5521,8.61,8.77,8.53,8.56,2.790697,2.5523908E7,33,300215,20260430
600888.SH,新疆众和,8.62,8.73,-1.71037628,8.74,8.53,4117/5521,8.73,8.74,8.53,8.62,2.394526,2.8403643E7,17,600888,20260430
601330.SH,绿色动力,8.57,8.92,-4.88346282,8.92,8.52,4120/5521,8.92,8.92,8.52,8.57,4.439511,4.4631417E7,17,601330,20260430
300133.SZ,华策影视,8.74,8.68,-0.68181818,8.84,8.51,4121/5521,8.68,8.84,8.51,8.74,3.75,1.20635507E8,33,300133,20260430
600744.SH,华银电力,8.54,8.86,-4.15263749,8.91,8.51,4121/5521,8.86,8.91,8.51,8.54,4.489337,2.11731966E8,17,600744,20260430
603028.SH,赛福天,8.68,8.59,1.04772992,8.71,8.51,4121/5521,8.59,8.71,8.51,8.68,2.328288,6671150,17,603028,20260430
002233.SZ,塔牌集团,8.56,8.93,-5.62293275,8.96,8.5,4124/5521,8.93,8.96,8.5,8.56,5.071664,2.0821544E7,33,002233,20260430
300154.SZ,瑞凌股份,8.91,8.56,4.33255269,9,8.5,4124/5521,8.56,9,8.5,8.91,5.8548,9855042,33,300154,20260430
601086.SH,国芳集团,8.93,8.5,9.97536946,8.93,8.5,4124/5521,8.5,8.93,8.5,8.93,5.295566,2.473348E7,17,601086,20260430
920682.BJ,球冠电缆,8.51,8.75,-4.48933782,8.78,8.5,4124/5521,8.75,8.78,8.5,8.51,3.142536,5128588,151,920682,20260430
002243.SZ,力合科创,8.53,8.62,-1.15874855,8.72,8.49,4128/5521,8.62,8.72,8.49,8.53,2.665121,1.0526362E7,33,002243,20260430
600232.SH,金鹰股份,8.58,8.58,0.35087719,8.83,8.49,4128/5521,8.58,8.83,8.49,8.58,3.976608,8688200,17,600232,20260430
002511.SZ,中顺洁柔,8.53,8.81,-3.28798186,8.84,8.48,4130/5521,8.81,8.84,8.48,8.53,4.081632,2.305E7,33,002511,20260430
002799.SZ,环球印务,8.64,8.48,1.4084507,8.71,8.47,4131/5521,8.48,8.71,8.47,8.64,2.816901,5162160,33,002799,20260430
300253.SZ,卫宁健康,8.64,8.55,1.17096019,8.7,8.47,4131/5521,8.55,8.7,8.47,8.64,2.693208,5.9221726E7,33,300253,20260430
603682.SH,锦和商管,8.65,8.59,2.12514758,8.82,8.47,4131/5521,8.59,8.82,8.47,8.65,4.132231,1.8938949E7,17,603682,20260430
002037.SZ,保利联合,8.55,8.84,-1.27020785,8.85,8.46,4134/5521,8.84,8.85,8.46,8.55,4.503464,1.796384E7,33,002037,20260430
300313.SZ,*ST天山,8.51,8.66,-1.39049826,8.67,8.46,4134/5521,8.66,8.67,8.46,8.51,2.433371,3378277,33,300313,20260430
002966.SZ,苏州银行,8.52,8.59,-0.35087719,8.62,8.44,4136/5521,8.59,8.62,8.44,8.52,2.105263,2.7797217E7,33,002966,20260430
601666.SH,平煤股份,8.62,8.46,0.46620047,8.7,8.44,4136/5521,8.46,8.7,8.44,8.62,3.030303,4.9199014E7,17,601666,20260430
002658.SZ,雪迪龙,8.51,8.7,-2.18390805,8.7,8.43,4138/5521,8.7,8.7,8.43,8.51,3.103448,1.337223E7,33,002658,20260430
002693.SZ,*ST双成,8.58,8.53,-0.34843206,8.74,8.43,4138/5521,8.53,8.74,8.43,8.58,3.600464,1.31824E7,33,002693,20260430
003016.SZ,欣贺股份,8.55,8.52,0.8254717,8.61,8.43,4138/5521,8.52,8.61,8.43,8.55,2.122641,4828700,33,003016,20260430
600996.SH,贵广网络,8.45,8.45,0.8353222,8.78,8.43,4138/5521,8.45,8.78,8.43,8.45,4.17661,2.7191447E7,17,600996,20260430
002908.SZ,德生科技,8.43,8.48,-0.58962264,8.57,8.42,4142/5521,8.48,8.57,8.42,8.43,1.768867,4729524,33,002908,20260430
002400.SZ,省广集团,8.96,8.49,5.66037736,9.18,8.41,4143/5521,8.49,9.18,8.41,8.96,9.080188,1.55352736E8,33,002400,20260430
600428.SH,中远海特,8.56,8.55,-0.23310023,8.69,8.41,4143/5521,8.55,8.69,8.41,8.56,3.263403,3.6787038E7,17,600428,20260430
001313.SZ,粤海饲料,8.47,8.53,-0.93567251,8.63,8.4,4145/5521,8.53,8.63,8.4,8.47,2.690058,1.26268E7,33,001313,20260430
600721.SH,百花医药,8.43,8.48,-1.05633803,8.51,8.4,4145/5521,8.48,8.51,8.4,8.43,1.291079,7393600,17,600721,20260430
603326.SH,我乐家居,8.7,8.4,-3.22580645,8.82,8.4,4145/5521,8.4,8.82,8.4,8.7,4.671857,1.02707E7,17,603326,20260430
000544.SZ,中原环保,8.45,8.43,-0.35377358,8.5,8.39,4148/5521,8.43,8.5,8.39,8.45,1.297169,7336756,33,000544,20260430
002762.SZ,*ST金比,8.71,8.39,3.44418052,8.75,8.39,4148/5521,8.39,8.75,8.39,8.71,4.275534,4786826,33,002762,20260430
603689.SH,皖天然气,8.43,8.45,0.83732057,8.5,8.39,4148/5521,8.45,8.5,8.39,8.43,1.315789,6293984,17,603689,20260430
603987.SH,康德莱,8.4,8.41,-0.23752969,8.46,8.38,4151/5521,8.41,8.46,8.38,8.4,0.950118,6124590,17,603987,20260430
000803.SZ,山高环能,8.79,8.47,3.90070922,8.82,8.35,4152/5521,8.47,8.82,8.35,8.79,5.555555,2.4087883E7,33,000803,20260430
002609.SZ,捷顺科技,8.6,8.35,3.99032648,8.77,8.35,4152/5521,8.35,8.77,8.35,8.6,5.078597,2.07927E7,33,002609,20260430
688096.SH,京源环保,8.38,8.37,-0.47505938,8.58,8.35,4152/5521,8.37,8.58,8.35,8.38,2.731591,4663447,17,688096,20260430
002054.SZ,德美化工,8.63,8.34,5.88957055,8.8,8.34,4155/5521,8.34,8.8,8.34,8.63,5.644171,3.9010264E7,33,002054,20260430
000501.SZ,武商集团,8.38,8.38,-0.11918951,8.43,8.33,4156/5521,8.38,8.43,8.33,8.38,1.191895,5733531,33,000501,20260430
002320.SZ,海峡股份,8.5,8.37,1.79640719,8.56,8.32,4157/5521,8.37,8.56,8.32,8.5,2.874251,1.8123089E7,33,002320,20260430
603333.SH,尚纬股份,8.44,8.5,5.23690773,8.82,8.32,4157/5521,8.5,8.82,8.32,8.44,6.234413,4.3592001E7,17,603333,20260430
603366.SH,日出东方,8.36,8.4,-0.23866348,8.44,8.32,4157/5521,8.4,8.44,8.32,8.36,1.43198,7703981,17,603366,20260430
600382.SH,广东明珠,8.37,8.43,-2.33372229,8.6,8.31,4160/5521,8.43,8.6,8.31,8.37,3.383897,1.6516808E7,17,600382,20260430
002093.SZ,国脉科技,8.32,8.4,-1.07015458,8.46,8.3,4161/5521,8.4,8.46,8.3,8.32,1.902497,1.5407026E7,33,002093,20260430
002264.SZ,新华都,8.35,8.35,0.60240964,8.44,8.3,4161/5521,8.35,8.44,8.3,8.35,1.686746,1.6295E7,33,002264,20260430
002471.SZ,中超控股,8.46,8.39,0.95465394,8.5,8.3,4161/5521,8.39,8.5,8.3,8.46,2.386634,9.1016521E7,33,002471,20260430
002521.SZ,齐峰新材,8.35,8.33,0.24009604,8.4,8.3,4161/5521,8.33,8.4,8.3,8.35,1.20048,4852208,33,002521,20260430
002898.SZ,*ST赛隆,8.3,8.3,-5.03432494,8.3,8.3,4161/5521,8.3,8.3,8.3,8.3,0,53800,33,002898,20260430
300665.SZ,飞鹿股份,8.49,8.3,2.53623188,8.64,8.3,4161/5521,8.3,8.64,8.3,8.49,4.10628,9369000,33,300665,20260430
002685.SZ,华东重机,9.15,8.35,9.97596154,9.15,8.29,4167/5521,8.35,9.15,8.29,9.15,10.336538,1.38650494E8,33,002685,20260430
002644.SZ,佛慈制药,8.39,8.3,2.06812652,8.47,8.28,4168/5521,8.3,8.47,8.28,8.39,2.311435,5726469,33,002644,20260430
002761.SZ,浙江建投,8.37,8.31,0.35971223,8.44,8.28,4168/5521,8.31,8.44,8.28,8.37,1.918465,1.2276142E7,33,002761,20260430
601998.SH,中信银行,8.41,8.38,0.11904762,8.43,8.28,4168/5521,8.38,8.43,8.28,8.41,1.785714,7.6159138E7,17,601998,20260430
603169.SH,兰石重装,8.43,8.34,1.07913669,8.47,8.27,4171/5521,8.34,8.47,8.27,8.43,2.398081,1.7314026E7,17,603169,20260430
002566.SZ,益盛药业,8.33,8.31,0.48250905,8.43,8.26,4172/5521,8.31,8.43,8.26,8.33,2.050663,7439500,33,002566,20260430
300112.SZ,万讯自控,8.4,8.29,1.32689988,8.41,8.26,4172/5521,8.29,8.41,8.26,8.4,1.809408,6271716,33,300112,20260430
600172.SH,黄河旋风,8.43,8.56,1.32211538,8.88,8.26,4172/5521,8.56,8.88,8.26,8.43,7.451923,1.2169618E8,17,600172,20260430
600373.SH,中文传媒,8.3,8.27,-0.12033694,8.35,8.26,4172/5521,8.27,8.35,8.26,8.3,1.083032,8655254,17,600373,20260430
601065.SH,江盐集团,8.29,8.26,0.12077295,8.39,8.26,4172/5521,8.26,8.39,8.26,8.29,1.570048,4473535,17,601065,20260430
688597.SH,煜邦电力,8.36,8.44,-0.83036773,8.48,8.26,4172/5521,8.44,8.48,8.26,8.36,2.609727,6228715,17,688597,20260430
002363.SZ,隆基机械,8.4,8.28,1.32689988,8.4,8.25,4178/5521,8.28,8.4,8.25,8.4,1.809408,7271400,33,002363,20260430
600189.SH,泉阳泉,8.29,8.45,-1.89349112,8.52,8.25,4178/5521,8.45,8.52,8.25,8.29,3.195266,1.535636E7,17,600189,20260430
600827.SH,百联股份,8.27,8.37,0.36407767,8.39,8.25,4178/5521,8.37,8.39,8.25,8.27,1.699029,2.440656E7,17,600827,20260430
300087.SZ,荃银高科,8.48,8.3,1.67865707,8.53,8.24,4181/5521,8.3,8.53,8.24,8.48,3.477218,1.5622109E7,33,300087,20260430
600746.SH,江苏索普,8.28,8.56,-3.27102804,8.6,8.24,4181/5521,8.56,8.6,8.24,8.28,4.205607,1.8798765E7,17,600746,20260430
600851.SH,海欣股份,8.33,8.35,-0.59665871,8.45,8.24,4181/5521,8.35,8.45,8.24,8.33,2.505966,8756871,17,600851,20260430
002543.SZ,万和电气,8.25,8.3,-0.60240964,8.32,8.23,4184/5521,8.3,8.32,8.23,8.25,1.084337,3499654,33,002543,20260430
600271.SH,航天信息,8.41,8.24,1.81598063,8.51,8.23,4184/5521,8.24,8.51,8.23,8.41,3.38983,2.3042549E7,17,600271,20260430
603065.SH,宿迁联盛,8.27,8.28,-0.24125452,8.4,8.23,4184/5521,8.28,8.4,8.23,8.27,2.050663,4423300,17,603065,20260430
688033.SH,天宜新材,8.23,8.23,,8.23,8.23,4184/5521,8.23,8.23,8.23,8.23,,,17,688033,20260430
920378.BJ,泰德股份,8.66,8.31,4.08653846,8.66,8.23,4184/5521,8.31,8.66,8.23,8.66,5.168269,1085741,151,920378,20260430
000655.SZ,金岭矿业,8.3,8.38,-1.42517815,8.42,8.22,4189/5521,8.38,8.42,8.22,8.3,2.375296,6170600,33,000655,20260430
002137.SZ,实益达,8.26,8.29,-0.12091898,8.33,8.22,4189/5521,8.29,8.33,8.22,8.26,1.330108,7810729,33,002137,20260430
600630.SH,龙头股份,8.33,8.25,0.84745763,8.43,8.22,4189/5521,8.25,8.43,8.22,8.33,2.542372,9397667,17,600630,20260430
920786.BJ,骑士乳业,8.3,8.28,0.36275695,8.47,8.22,4189/5521,8.28,8.47,8.22,8.3,3.022974,5320634,151,920786,20260430
000705.SZ,浙江震元,8.26,8.24,0.24271845,8.49,8.21,4193/5521,8.24,8.49,8.21,8.26,3.398058,1.2101566E7,33,000705,20260430
600198.SH,大唐电信,8.4,8.28,-0.82644628,8.48,8.21,4193/5521,8.28,8.48,8.21,8.4,3.187721,3.3294829E7,17,600198,20260430
600841.SH,动力新科,8.3,8.25,0.60606061,8.46,8.21,4193/5521,8.25,8.46,8.21,8.3,3.030303,1.772348E7,17,600841,20260430
301558.SZ,三态股份,8.27,8.24,0.60827251,8.35,8.2,4196/5521,8.24,8.35,8.2,8.27,1.824817,7671271,33,301558,20260430
603001.SH,奥康国际,8.23,8.52,-2.94811321,8.52,8.2,4196/5521,8.52,8.52,8.2,8.23,3.773584,1.3654194E7,17,603001,20260430
002292.SZ,奥飞娱乐,8.32,8.18,0.97087379,8.35,8.18,4198/5521,8.18,8.35,8.18,8.32,2.063106,2.5441376E7,33,002292,20260430
601108.SH,财通证券,8.27,8.24,0.60827251,8.47,8.18,4198/5521,8.24,8.47,8.18,8.27,3.52798,5.7784441E7,17,601108,20260430
002065.SZ,东华软件,8.23,8.22,0,8.3,8.17,4200/5521,8.22,8.3,8.17,8.23,1.579586,3.3490931E7,33,002065,20260430
000635.SZ,英力特,8.16,8.24,-1.09090909,8.34,8.16,4201/5521,8.24,8.34,8.16,8.16,2.181818,5065467,33,000635,20260430
002546.SZ,新联电子,8.22,8.23,-0.12150668,8.28,8.16,4201/5521,8.23,8.28,8.16,8.22,1.45808,1.07117E7,33,002546,20260430
600273.SH,嘉化能源,8.17,8.4,-2.27272727,8.41,8.16,4201/5521,8.4,8.41,8.16,8.17,2.99043,2.1589156E7,17,600273,20260430
600956.SH,新天绿能,8.2,8.37,-2.49702735,8.38,8.16,4201/5521,8.37,8.38,8.16,8.2,2.615933,2.040435E7,17,600956,20260430
000404.SZ,长虹华意,8.28,8.18,-0.12062726,8.48,8.15,4205/5521,8.18,8.48,8.15,8.28,3.980699,3.0526575E7,33,000404,20260430
600192.SH,长城电工,8.26,8.15,0.36452005,8.28,8.15,4205/5521,8.15,8.28,8.15,8.26,1.579586,5420810,17,600192,20260430
601827.SH,三峰环境,8.24,8.18,2.23325062,8.28,8.15,4205/5521,8.18,8.28,8.15,8.24,1.612903,1.6000885E7,17,601827,20260430
300388.SZ,节能国祯,8.19,8.14,0.24479804,8.3,8.14,4208/5521,8.14,8.3,8.14,8.19,1.958384,6827628,33,300388,20260430
603421.SH,鼎信通讯,8.19,8.34,-1.79856115,8.34,8.14,4208/5521,8.34,8.34,8.14,8.19,2.398081,1.178134E7,17,603421,20260430
603633.SH,徕木股份,8.28,8.17,1.34638923,8.33,8.14,4208/5521,8.17,8.33,8.14,8.28,2.325581,9089544,17,603633,20260430
600736.SH,苏州高新,8.15,8.15,-2.97619048,8.65,8.13,4211/5521,8.15,8.65,8.13,8.15,6.190476,1.99219602E8,17,600736,20260430
920266.BJ,生物谷,8.19,8.16,0.49079755,8.3,8.13,4211/5521,8.16,8.3,8.13,8.19,2.085889,712978,151,920266,20260430
000554.SZ,泰山石油,8.19,8.25,1.23609394,8.31,8.12,4213/5521,8.25,8.31,8.12,8.19,2.348578,3.0784723E7,33,000554,20260430
300507.SZ,苏奥传感,8.16,8.24,-0.85054678,8.25,8.12,4213/5521,8.24,8.25,8.12,8.16,1.579586,1.049856E7,33,300507,20260430
300527.SZ,ST应急,8.15,8.13,-0.12254902,8.22,8.12,4213/5521,8.13,8.22,8.12,8.15,1.22549,8923781,33,300527,20260430
600789.SH,鲁抗医药,8.14,8.16,-0.24509804,8.19,8.12,4213/5521,8.16,8.19,8.12,8.14,0.857843,7347093,17,600789,20260430
002561.SZ,徐家汇,8.14,8.12,0.24630542,8.21,8.11,4217/5521,8.12,8.21,8.11,8.14,1.231527,3652224,33,002561,20260430
002817.SZ,黄山胶囊,8.27,8.15,1.47239264,8.45,8.11,4217/5521,8.15,8.45,8.11,8.27,4.171779,7531657,33,002817,20260430
600490.SH,鹏欣资源,8.19,8.28,-1.44404332,8.4,8.11,4217/5521,8.28,8.4,8.11,8.19,3.489771,3.8077355E7,17,600490,20260430
300030.SZ,阳普医疗,8.32,8.14,1.83598531,8.39,8.1,4220/5521,8.14,8.39,8.1,8.32,3.549571,1.36248E7,33,300030,20260430
600039.SH,四川路桥,8.19,8.65,-6.29290618,8.69,8.1,4220/5521,8.65,8.69,8.1,8.19,6.750572,6.7351519E7,17,600039,20260430
601200.SH,上海环境,8.19,8.18,-0.24360536,8.21,8.1,4220/5521,8.18,8.21,8.1,8.19,1.339829,1.1252327E7,17,601200,20260430
000058.SZ,深赛格,8.2,8.12,0.86100861,8.21,8.09,4223/5521,8.12,8.21,8.09,8.2,1.476014,6990564,33,000058,20260430
300177.SZ,中海达,8.34,8.15,2.33128834,8.35,8.09,4223/5521,8.15,8.35,8.09,8.34,3.190184,1.5681245E7,33,300177,20260430
920974.BJ,凯大催化,8.12,8.2,-0.97560976,8.3,8.09,4223/5521,8.2,8.3,8.09,8.12,2.560975,3576155,151,920974,20260430
002615.SZ,哈尔斯,8.16,8.2,-0.48780488,8.28,8.08,4226/5521,8.2,8.28,8.08,8.16,2.439024,9579325,33,002615,20260430
002646.SZ,天佑德酒,8.09,8.12,-0.61425061,8.19,8.08,4226/5521,8.12,8.19,8.08,8.09,1.351351,4109098,33,002646,20260430
920339.BJ,恒太照明,8.14,8.11,0.12300123,8.18,8.08,4226/5521,8.11,8.18,8.08,8.14,1.230012,423662,151,920339,20260430
002598.SZ,ST章鼓,8.09,8.14,-0.73619632,8.18,8.07,4229/5521,8.14,8.18,8.07,8.09,1.349693,7453887,33,002598,20260430
300213.SZ,佳讯飞鸿,8.36,8.12,3.08261406,8.45,8.07,4229/5521,8.12,8.45,8.07,8.36,4.685573,1.57649E7,33,300213,20260430
300933.SZ,中辰股份,8.16,8.11,0.36900369,8.28,8.07,4229/5521,8.11,8.28,8.07,8.16,2.583025,1.5958196E7,33,300933,20260430
600971.SH,恒源煤电,8.29,8.22,0.36319613,8.36,8.07,4229/5521,8.22,8.36,8.07,8.29,3.510895,2.3927651E7,17,600971,20260430
002591.SZ,恒大高新,8.36,8.36,10,8.36,8.06,4233/5521,8.36,8.36,8.06,8.36,3.947368,2.14979E7,33,002591,20260430
300472.SZ,*ST新元,8.12,8.15,0.37082818,8.2,8.06,4233/5521,8.15,8.2,8.06,8.12,1.730531,3477160,33,300472,20260430
300214.SZ,日科化学,8.23,8.24,-0.48367594,8.32,8.05,4235/5521,8.24,8.32,8.05,8.23,3.264812,1.97973E7,33,300214,20260430
600328.SH,中盐化工,8.1,8.3,-7.53424658,8.46,8.05,4235/5521,8.3,8.46,8.05,8.1,4.680365,7.178604E7,17,600328,20260430
600676.SH,交运股份,8.18,8.13,0,8.39,8.05,4235/5521,8.13,8.39,8.05,8.18,4.156479,1.589458E7,17,600676,20260430
300008.SZ,天海防务,8.17,8.05,1.87032419,8.35,8.04,4238/5521,8.05,8.35,8.04,8.17,3.865336,1.07485402E8,33,300008,20260430
301062.SZ,上海艾录,8.08,8.32,-0.85889571,8.33,8.04,4238/5521,8.32,8.33,8.04,8.08,3.558282,6626620,33,301062,20260430
600319.SH,亚星化学,8.08,8.03,0.74812968,8.19,8.03,4240/5521,8.03,8.19,8.03,8.08,1.995012,4842100,17,600319,20260430
600727.SH,鲁北化工,8.07,8.08,-0.12376238,8.25,8.03,4240/5521,8.08,8.25,8.03,8.07,2.722772,2.8065669E7,17,600727,20260430
601555.SH,东吴证券,8.04,8.09,-0.74074074,8.19,8.03,4240/5521,8.09,8.19,8.03,8.04,1.975308,6.2013309E7,17,601555,20260430
000543.SZ,皖能电力,8.08,8.09,-0.12360939,8.1,8.02,4243/5521,8.09,8.1,8.02,8.08,0.988875,3.0706608E7,33,000543,20260430
000791.SZ,甘肃能源,8.06,8.32,-3.58851675,8.34,8.02,4243/5521,8.32,8.34,8.02,8.06,3.827751,6.1837733E7,33,000791,20260430
600707.SH,彩虹股份,8.09,8.28,-8.06818182,8.45,8.01,4245/5521,8.28,8.45,8.01,8.09,5,1.55779808E8,17,600707,20260430
603126.SH,中材节能,8.18,8.16,-0.486618,8.26,8.01,4245/5521,8.16,8.26,8.01,8.18,3.041362,9183300,17,603126,20260430
688189.SH,南新制药,8.95,8.01,11.45703611,9.58,8.01,4245/5521,8.01,9.58,8.01,8.95,19.551681,3.7011759E7,17,688189,20260430
002492.SZ,恒基达鑫,8.04,8.1,-0.74074074,8.32,8,4248/5521,8.1,8.32,8,8.04,3.950617,8780450,33,002492,20260430
300103.SZ,达刚控股,8.25,8.02,2.1039604,8.25,8,4248/5521,8.02,8.25,8,8.25,3.094059,1.224595E7,33,300103,20260430
600064.SH,南京高科,8.03,8.09,-0.74165637,8.13,8,4248/5521,8.09,8.13,8,8.03,1.606922,1.7928273E7,17,600064,20260430
601727.SH,上海电气,8.08,8.03,1.76322418,8.09,7.99,4251/5521,8.03,8.09,7.99,8.08,1.259445,1.325151E8,17,601727,20260430
002387.SZ,维信诺,8.08,8.11,0,8.11,7.98,4252/5521,8.11,8.11,7.98,8.08,1.60891,8392567,33,002387,20260430
300334.SZ,津膜科技,8.08,7.98,1.50753769,8.27,7.98,4252/5521,7.98,8.27,7.98,8.08,3.643216,9571000,33,300334,20260430
600551.SH,时代出版,8.12,8.14,-0.6119951,8.17,7.97,4254/5521,8.14,8.17,7.97,8.12,2.44798,4767280,17,600551,20260430
600663.SH,陆家嘴,8.23,7.98,3.3919598,8.27,7.97,4254/5521,7.98,8.27,7.97,8.23,3.768844,2.6747874E7,17,600663,20260430
600834.SH,申通地铁,8.02,8.16,-2.19512195,8.2,7.97,4254/5521,8.16,8.2,7.97,8.02,2.804878,5896510,17,600834,20260430
002584.SZ,西陇科学,8.05,8,0.625,8.09,7.96,4257/5521,8,8.09,7.96,8.05,1.625,1.5518703E7,33,002584,20260430
002103.SZ,广博股份,7.99,8.03,-1.23609394,8.07,7.95,4258/5521,8.03,8.07,7.95,7.99,1.483312,6297980,33,002103,20260430
002221.SZ,东华能源,8.05,8.26,-2.54237288,8.4,7.95,4258/5521,8.26,8.4,7.95,8.05,5.447941,2.6332152E7,33,002221,20260430
002406.SZ,远东传动,7.96,8,-0.99502488,8.1,7.95,4258/5521,8,8.1,7.95,7.96,1.865671,4.2018811E7,33,002406,20260430
600199.SH,金种子酒,7.94,7.96,-0.37641154,8.02,7.94,4261/5521,7.96,8.02,7.94,7.94,1.003764,6027300,17,600199,20260430
603900.SH,莱绅通灵,7.98,8.13,3.23415265,8.45,7.94,4261/5521,8.13,8.45,7.94,7.98,6.597671,2.276068E7,17,603900,20260430
000157.SZ,中联重科,7.95,8.06,-1.972873,8.18,7.93,4263/5521,8.06,8.18,7.93,7.95,3.082614,1.2146555E8,33,000157,20260430
603878.SH,武进不锈,7.95,8.09,-1.73053152,8.23,7.93,4263/5521,8.09,8.23,7.93,7.95,3.708281,1.32411E7,17,603878,20260430
000011.SZ,深物业A,8.07,8.13,0,8.15,7.92,4265/5521,8.13,8.15,7.92,8.07,2.850061,8823011,33,000011,20260430
001330.SZ,博纳影业,8.27,8.15,2.73291925,8.38,7.92,4265/5521,8.15,8.38,7.92,8.27,5.714285,1.30999376E8,33,001330,20260430
002197.SZ,证通电子,8.05,7.98,0.75093867,8.07,7.92,4265/5521,7.98,8.07,7.92,8.05,1.877346,1.339487E7,33,002197,20260430
688602.SH,康鹏科技,7.98,8,-0.25,8.08,7.92,4265/5521,8,8.08,7.92,7.98,2,4351848,17,688602,20260430
600509.SH,天富能源,8.1,8.06,0.62111801,8.19,7.91,4269/5521,8.06,8.19,7.91,8.1,3.47826,2.6700601E7,17,600509,20260430
300126.SZ,锐奇股份,8.14,8.02,2.13299875,8.19,7.9,4270/5521,8.02,8.19,7.9,8.14,3.638644,4507310,33,300126,20260430
300511.SZ,雪榕生物,8.03,8.19,-2.54854369,8.23,7.9,4270/5521,8.19,8.23,7.9,8.03,4.004854,5.3235569E7,33,300511,20260430
600100.SH,同方股份,7.98,7.95,-0.12515645,8.02,7.89,4272/5521,7.95,8.02,7.89,7.98,1.627033,4.8226085E7,17,600100,20260430
002798.SZ,帝欧水华,7.93,7.97,0.50697085,8.17,7.88,4273/5521,7.97,8.17,7.88,7.93,3.675538,2.714594E7,33,002798,20260430
002267.SZ,陕天然气,7.93,7.98,-1.3681592,8.08,7.87,4274/5521,7.98,8.08,7.87,7.93,2.61194,1.1719701E7,33,002267,20260430
600037.SH,歌华有线,7.99,7.9,1.13924051,8.1,7.87,4274/5521,7.9,8.1,7.87,7.99,2.911392,2.5361858E7,17,600037,20260430
000565.SZ,渝三峡A,7.87,8.04,-2.11442786,8.07,7.85,4276/5521,8.04,8.07,7.85,7.87,2.736318,1.7503605E7,33,000565,20260430
000949.SZ,新乡化纤,8.08,7.92,3.06122449,8.25,7.85,4276/5521,7.92,8.25,7.85,8.08,5.10204,7.2666289E7,33,000949,20260430
300464.SZ,星徽股份,7.91,7.93,0,8.09,7.85,4276/5521,7.93,8.09,7.85,7.91,3.034134,1.1797934E7,33,300464,20260430
002148.SZ,北纬科技,7.89,7.85,0.6377551,7.95,7.83,4279/5521,7.85,7.95,7.83,7.89,1.530612,1.2926966E7,33,002148,20260430
002347.SZ,泰尔股份,8.13,7.84,3.4351145,8.16,7.83,4279/5521,7.84,8.16,7.83,8.13,4.198473,1.83642E7,33,002347,20260430
002592.SZ,ST八菱,7.94,7.85,-0.37641154,8.04,7.83,4279/5521,7.85,8.04,7.83,7.94,2.63488,2987800,33,002592,20260430
002928.SZ,华夏航空,7.92,7.95,-1.24688279,8.06,7.83,4279/5521,7.95,8.06,7.83,7.92,2.86783,2.2091472E7,33,002928,20260430
688201.SH,ST信安,7.87,8.03,-13.42134213,8.31,7.82,4283/5521,8.03,8.31,7.82,7.87,5.390539,4.9856284E7,22,688201,20260430
920455.BJ,汇隆活塞,7.98,7.89,1.26903553,8.11,7.82,4283/5521,7.89,8.11,7.82,7.98,3.680203,1196774,151,920455,20260430
002642.SZ,荣联科技,7.81,7.96,-1.38888889,8.03,7.81,4285/5521,7.96,8.03,7.81,7.81,2.777777,1.210065E7,33,002642,20260430
300245.SZ,ST天玑,8.22,8.33,-15.43209877,8.82,7.81,4285/5521,8.33,8.82,7.81,8.22,10.390946,6.313077E7,33,300245,20260430
603839.SH,安正时尚,8.09,7.83,3.05732484,8.1,7.81,4285/5521,7.83,8.1,7.81,8.09,3.694267,7593380,17,603839,20260430
000783.SZ,长江证券,7.99,7.85,10.05509642,7.99,7.8,4288/5521,7.85,7.99,7.8,7.99,2.617079,2.96142649E8,33,000783,20260430
002135.SZ,东南网架,8.51,7.87,8.1321474,8.6,7.8,4288/5521,7.87,8.6,7.8,8.51,10.165184,6.3117111E7,33,002135,20260430
002519.SZ,银河电子,8.13,7.88,3.17258883,8.18,7.8,4288/5521,7.88,8.18,7.8,8.13,4.822335,6.6387215E7,33,002519,20260430
600579.SH,中化装备,7.84,7.83,0.25575448,7.94,7.8,4288/5521,7.83,7.94,7.8,7.84,1.790281,5017000,17,600579,20260430
600821.SH,金开新能,7.8,8.35,-10.03460208,8.47,7.8,4288/5521,8.35,8.47,7.8,7.8,7.727797,2.64786381E8,17,600821,20260430
688505.SH,复旦张江,8.05,7.82,3.87096774,8.19,7.8,4288/5521,7.82,8.19,7.8,8.05,5.032258,9508952,17,688505,20260430
002449.SZ,国星光电,7.93,7.86,0.76238882,7.94,7.79,4294/5521,7.86,7.94,7.79,7.93,1.905972,9263030,33,002449,20260430
002677.SZ,浙江美大,7.99,7.92,1.011378,8.06,7.79,4294/5521,7.92,8.06,7.79,7.99,3.4134,8368600,33,002677,20260430
002120.SZ,韵达股份,7.86,7.86,-0.1270648,7.9,7.78,4296/5521,7.86,7.9,7.78,7.86,1.524777,6.2028809E7,33,002120,20260430
600318.SH,新力金融,7.85,7.86,-0.25412961,7.94,7.78,4296/5521,7.86,7.94,7.78,7.85,2.033036,1.2425979E7,17,600318,20260430
300423.SZ,昇辉科技,7.83,7.93,-0.88607595,7.93,7.77,4298/5521,7.93,7.93,7.77,7.83,2.025316,8198396,33,300423,20260430
300942.SZ,易瑞生物,7.89,7.88,0,7.96,7.77,4298/5521,7.88,7.96,7.77,7.89,2.408111,5707384,33,300942,20260430
600528.SH,中铁工业,7.79,7.82,0,7.87,7.77,4298/5521,7.82,7.87,7.77,7.79,1.283697,1.6530902E7,17,600528,20260430
600818.SH,ST中路,7.77,7.77,-5.01222494,7.77,7.77,4298/5521,7.77,7.77,7.77,7.77,0,167100,22,600818,20260430
920278.BJ,鹿得医疗,7.92,7.81,1.4084507,8.03,7.76,4302/5521,7.81,8.03,7.76,7.92,3.457106,1282672,151,920278,20260430
002334.SZ,英威腾,7.8,7.75,0.38610039,7.83,7.75,4303/5521,7.75,7.83,7.75,7.8,1.029601,1.26456E7,33,002334,20260430
920729.BJ,永顺生物,7.91,7.79,1.41025641,7.96,7.74,4304/5521,7.79,7.96,7.74,7.91,2.820512,951856,151,920729,20260430
000430.SZ,ST张家界,7.73,7.88,-1.77890724,7.91,7.73,4305/5521,7.88,7.91,7.73,7.73,2.287166,4530790,33,000430,20260430
300279.SZ,和晶科技,7.87,7.84,-0.12690355,8.01,7.73,4305/5521,7.84,8.01,7.73,7.87,3.553299,1.615786E7,33,300279,20260430
000610.SZ,*ST西旅,7.75,7.81,-0.76824584,7.86,7.72,4307/5521,7.81,7.86,7.72,7.75,1.792573,1.0977519E7,33,000610,20260430
000881.SZ,中广核技,7.8,7.74,0.7751938,7.83,7.72,4307/5521,7.74,7.83,7.72,7.8,1.421188,8119363,33,000881,20260430
300636.SZ,同和药业,7.82,7.77,0.64350064,7.87,7.72,4307/5521,7.77,7.87,7.72,7.82,1.930501,6567093,33,300636,20260430
600409.SH,三友化工,7.76,7.9,-1.7721519,7.99,7.72,4307/5521,7.9,7.99,7.72,7.76,3.417721,3.3152756E7,17,600409,20260430
300448.SZ,浩云科技,8.11,7.81,3.84122919,8.27,7.71,4311/5521,7.81,8.27,7.71,8.11,7.170294,3.7352057E7,33,300448,20260430
605368.SH,蓝天燃气,7.77,7.76,-0.25673941,7.79,7.71,4311/5521,7.76,7.79,7.71,7.77,1.026957,4667941,17,605368,20260430
002100.SZ,天康生物,7.95,7.78,1.40306122,8.06,7.7,4313/5521,7.78,8.06,7.7,7.95,4.591836,3.4866835E7,33,002100,20260430
002786.SZ,银宝山新,7.84,7.88,0.9009009,8.18,7.7,4313/5521,7.88,8.18,7.7,7.84,6.177606,4.4344947E7,33,002786,20260430
600051.SH,宁波联合,7.77,7.72,0.51746442,7.83,7.69,4315/5521,7.72,7.83,7.69,7.77,1.811125,7735600,17,600051,20260430
002650.SZ,ST加加,7.86,7.69,2.2106632,7.93,7.68,4316/5521,7.69,7.93,7.68,7.86,3.250975,8851050,33,002650,20260430
601121.SH,宝地矿业,7.78,7.92,-2.26130653,7.96,7.67,4317/5521,7.92,7.96,7.67,7.78,3.643216,1.38691E7,17,601121,20260430
605066.SH,天正电气,8.06,7.7,4.53955901,8.18,7.67,4317/5521,7.7,8.18,7.67,8.06,6.614785,2.89495E7,17,605066,20260430
920639.BJ,晨光电缆,7.75,7.7,0.64935065,7.81,7.67,4317/5521,7.7,7.81,7.67,7.75,1.818181,1473472,151,920639,20260430
300144.SZ,宋城演艺,7.7,7.73,-0.64516129,7.78,7.66,4320/5521,7.73,7.78,7.66,7.7,1.548387,2.4978501E7,33,300144,20260430
300591.SZ,万里马,7.92,7.74,3.125,7.98,7.66,4320/5521,7.74,7.98,7.66,7.92,4.166666,2.8381622E7,33,300591,20260430
600814.SH,杭州解百,7.77,7.7,1.30378096,7.83,7.66,4320/5521,7.7,7.83,7.66,7.77,2.216427,8431647,17,600814,20260430
603535.SH,嘉诚国际,7.93,7.97,-2.33990148,7.98,7.66,4320/5521,7.97,7.98,7.66,7.93,3.940886,9283515,17,603535,20260430
000503.SZ,国新健康,7.91,7.71,2.19638243,8.05,7.65,4324/5521,7.71,8.05,7.65,7.91,5.167958,2.1699843E7,33,000503,20260430
002617.SZ,露笑科技,7.69,7.67,0.52287582,7.75,7.65,4324/5521,7.67,7.75,7.65,7.69,1.307189,4.168838E7,33,002617,20260430
002719.SZ,ST麦趣,7.66,7.65,-4.8447205,7.73,7.65,4324/5521,7.65,7.73,7.65,7.66,0.993788,5.2978274E7,33,002719,20260430
600595.SH,中孚实业,7.73,7.9,-2.7672956,7.92,7.65,4324/5521,7.9,7.92,7.65,7.73,3.396226,6.0427408E7,17,600595,20260430
601007.SH,金陵饭店,7.67,7.96,-3.52201258,8,7.65,4324/5521,7.96,8,7.65,7.67,4.402515,2.489675E7,17,601007,20260430
603357.SH,设计总院,7.72,7.91,-5.27607362,7.91,7.65,4324/5521,7.91,7.91,7.65,7.72,3.190184,1.6837652E7,17,603357,20260430
002585.SZ,双星新材,7.75,7.74,-0.38560411,8.04,7.62,4330/5521,7.74,8.04,7.62,7.75,5.398457,4.8740245E7,33,002585,20260430
002631.SZ,德尔未来,7.89,7.65,3.67936925,8.26,7.62,4330/5521,7.65,8.26,7.62,7.89,8.409986,3.4378004E7,33,002631,20260430
600080.SH,ST金花,7.62,7.62,-4.98753117,7.62,7.62,4330/5521,7.62,7.62,7.62,7.62,0,164000,22,600080,20260430
002036.SZ,联创电子,7.68,7.85,-2.78481013,7.93,7.61,4333/5521,7.85,7.93,7.61,7.68,4.050632,4.3847176E7,33,002036,20260430
002608.SZ,江苏国信,7.62,7.74,-1.80412371,7.76,7.6,4334/5521,7.74,7.76,7.6,7.62,2.061855,1.78986E7,33,002608,20260430
301296.SZ,新巨丰,7.65,7.63,0.13089005,7.77,7.6,4334/5521,7.63,7.77,7.6,7.65,2.22513,3499600,33,301296,20260430
603528.SH,多伦科技,7.72,8.04,-4.92610837,8.06,7.6,4334/5521,8.04,8.06,7.6,7.72,5.665024,2.1204234E7,17,603528,20260430
000019.SZ,深粮控股,7.69,7.77,-0.77419355,7.86,7.59,4337/5521,7.77,7.86,7.59,7.69,3.48387,1.7758304E7,33,000019,20260430
600177.SH,雅戈尔,7.69,7.67,1.98938992,7.73,7.59,4337/5521,7.67,7.73,7.59,7.69,1.856763,3.5534451E7,17,600177,20260430
601187.SH,厦门银行,7.72,7.61,0.91503268,7.88,7.59,4337/5521,7.61,7.88,7.59,7.72,3.790849,1.918978E7,17,601187,20260430
300062.SZ,中能电气,7.67,7.58,0.5242464,7.7,7.58,4340/5521,7.58,7.7,7.58,7.67,1.572739,1.0580761E7,33,300062,20260430
600478.SH,科力远,7.59,7.86,-5.125,7.86,7.58,4340/5521,7.86,7.86,7.58,7.59,3.5,9.5826518E7,17,600478,20260430
600692.SH,亚通股份,7.85,7.69,2.61437908,7.94,7.58,4340/5521,7.69,7.94,7.58,7.85,4.705882,1.3520089E7,17,600692,20260430
601921.SH,浙版传媒,7.6,7.68,-1.42671855,7.7,7.58,4340/5521,7.68,7.7,7.58,7.6,1.55642,9936700,17,601921,20260430
002529.SZ,*ST海源,7.74,7.65,1.44167759,7.83,7.57,4344/5521,7.65,7.83,7.57,7.74,3.407601,5870695,33,002529,20260430
000721.SZ,西安饮食,7.59,7.63,-0.5242464,7.67,7.56,4345/5521,7.63,7.67,7.56,7.59,1.441677,5613400,33,000721,20260430
600719.SH,大连热电,7.75,7.66,0.64935065,7.84,7.56,4345/5521,7.66,7.84,7.56,7.75,3.636363,2.7464329E7,17,600719,20260430
603617.SH,君禾股份,7.59,7.67,-0.13157895,7.67,7.56,4345/5521,7.67,7.67,7.56,7.59,1.447368,4681200,17,603617,20260430
920866.BJ,绿亨科技,7.65,7.55,1.19047619,7.7,7.55,4348/5521,7.55,7.7,7.55,7.65,1.984126,1236764,151,920866,20260430
000050.SZ,深天马A,7.62,7.85,-6.84596577,7.88,7.54,4349/5521,7.85,7.88,7.54,7.62,4.156479,5.1274002E7,33,000050,20260430
000691.SZ,*ST亚太,7.65,7.58,1.7287234,7.74,7.53,4350/5521,7.58,7.74,7.53,7.65,2.792553,8107000,33,000691,20260430
002200.SZ,*ST交投,7.58,7.63,-0.39421813,7.63,7.53,4350/5521,7.63,7.63,7.53,7.58,1.31406,1425900,33,002200,20260430
300219.SZ,鸿利智汇,7.66,7.55,1.05540897,7.67,7.53,4350/5521,7.55,7.67,7.53,7.66,1.846965,1.662873E7,33,300219,20260430
605158.SH,华达新材,8.01,7.83,2.29885057,8.19,7.53,4350/5521,7.83,8.19,7.53,8.01,8.429118,2.3348692E7,17,605158,20260430
603321.SH,梅轮电梯,7.74,7.6,3.06258322,7.79,7.52,4354/5521,7.6,7.79,7.52,7.74,3.595206,6984400,17,603321,20260430
601236.SH,红塔证券,7.5,7.56,-2.84974093,7.65,7.5,4355/5521,7.56,7.65,7.5,7.5,1.943005,2.8011963E7,17,601236,20260430
603021.SH,ST华鹏,7.5,7.5,,7.5,7.5,4355/5521,7.5,7.5,7.5,7.5,,,22,603021,20260430
600305.SH,恒顺醋业,7.53,7.64,0.4,7.64,7.49,4357/5521,7.64,7.64,7.49,7.53,2,8379365,17,600305,20260430
600784.SH,鲁银投资,7.5,7.55,-0.92470277,7.62,7.49,4357/5521,7.55,7.62,7.49,7.5,1.717305,9653722,17,600784,20260430
605138.SH,盛泰集团,7.7,7.49,2.39361702,7.78,7.49,4357/5521,7.49,7.78,7.49,7.7,3.856382,1.63129E7,17,605138,20260430
300120.SZ,经纬辉开,7.55,7.48,0.66666667,7.65,7.48,4360/5521,7.48,7.65,7.48,7.55,2.266666,1.1150965E7,33,300120,20260430
600493.SH,凤竹纺织,7.56,7.53,1.34048257,7.65,7.48,4360/5521,7.53,7.65,7.48,7.56,2.27882,6962400,17,600493,20260430
601212.SH,白银有色,7.63,7.6,-0.39164491,7.73,7.48,4360/5521,7.6,7.73,7.48,7.63,3.263707,7.9729817E7,17,601212,20260430
300272.SZ,开能健康,7.49,7.72,-3.10478655,7.73,7.47,4363/5521,7.72,7.73,7.47,7.49,3.363518,1.924935E7,33,300272,20260430
603982.SH,泉峰汽车,7.6,7.54,0.39630119,7.63,7.47,4363/5521,7.54,7.63,7.47,7.6,2.113606,7296370,17,603982,20260430
002797.SZ,第一创业,7.63,7.51,1.46276596,7.85,7.46,4365/5521,7.51,7.85,7.46,7.63,5.18617,1.93673442E8,33,002797,20260430
002279.SZ,久其软件,7.52,7.9,-5.40880503,7.9,7.44,4366/5521,7.9,7.9,7.44,7.52,5.786163,5.4515318E7,33,002279,20260430
002996.SZ,顺博合金,7.53,7.51,0.26631158,7.55,7.44,4366/5521,7.51,7.55,7.44,7.53,1.464713,1.156782E7,33,002996,20260430
601019.SH,山东出版,7.46,7.58,0.40376851,7.59,7.43,4368/5521,7.58,7.59,7.43,7.46,2.153432,1.4038297E7,17,601019,20260430
601398.SH,工商银行,7.45,7.46,-0.26773762,7.51,7.42,4369/5521,7.46,7.51,7.42,7.45,1.204819,3.02237113E8,17,601398,20260430
600468.SH,百利电气,7.44,7.61,-1.58730159,7.69,7.41,4370/5521,7.61,7.69,7.41,7.44,3.703703,2.784965E7,17,600468,20260430
600770.SH,综艺股份,7.62,7.89,-3.42205323,8.07,7.41,4370/5521,7.89,8.07,7.41,7.62,8.365019,2.09410908E8,17,600770,20260430
605001.SH,威奥股份,7.51,7.41,1.34952767,7.56,7.41,4370/5521,7.41,7.56,7.41,7.51,2.024291,5357990,17,605001,20260430
600597.SH,光明乳业,7.4,7.46,-0.80428954,7.5,7.4,4373/5521,7.46,7.5,7.4,7.4,1.340482,7101300,17,600597,20260430
600735.SH,ST新华锦,7.4,8.18,-5.00641849,8.18,7.4,4373/5521,8.18,8.18,7.4,7.4,10.012836,6.7389671E7,22,600735,20260430
002627.SZ,三峡旅游,7.49,7.57,-0.92592593,7.7,7.39,4375/5521,7.57,7.7,7.39,7.49,4.100529,5.1300541E7,33,002627,20260430
002686.SZ,亿利达,7.42,7.51,-1.59151194,7.68,7.39,4375/5521,7.51,7.68,7.39,7.42,3.846153,2.13881E7,33,002686,20260430
603018.SH,华设集团,7.52,7.4,2.59208731,7.53,7.39,4375/5521,7.4,7.53,7.39,7.52,1.909959,1.073663E7,17,603018,20260430
000670.SZ,盈方微,7.57,7.5,2.2972973,7.63,7.38,4378/5521,7.5,7.63,7.38,7.57,3.378378,3.4397005E7,33,000670,20260430
002177.SZ,御银股份,7.47,7.45,0.40322581,7.53,7.38,4378/5521,7.45,7.53,7.38,7.47,2.016129,2.9974592E7,33,002177,20260430
002366.SZ,融发核电,7.49,7.4,0.53691275,7.55,7.38,4378/5521,7.4,7.55,7.38,7.49,2.281879,5.167413E7,33,002366,20260430
003035.SZ,南网能源,7.4,7.75,-4.76190476,7.75,7.38,4378/5521,7.75,7.75,7.38,7.4,4.761904,9.0601332E7,33,003035,20260430
300426.SZ,华智数媒,7.5,7.43,0.94212651,7.52,7.38,4378/5521,7.43,7.52,7.38,7.5,1.884253,5440050,33,300426,20260430
600336.SH,澳柯玛,7.55,7.38,1.34228188,7.67,7.38,4378/5521,7.38,7.67,7.38,7.55,3.892617,1.1975537E7,17,600336,20260430
000156.SZ,华数传媒,7.41,7.45,-0.93582888,7.51,7.37,4384/5521,7.45,7.51,7.37,7.41,1.871657,7513800,33,000156,20260430
002790.SZ,瑞尔特,7.57,7.37,2.57452575,7.62,7.37,4384/5521,7.37,7.62,7.37,7.57,3.387533,6140424,33,002790,20260430
000061.SZ,农产品,7.38,7.42,-0.93959732,7.49,7.36,4386/5521,7.42,7.49,7.36,7.38,1.744966,1.2169084E7,33,000061,20260430
300449.SZ,汉邦高科,7.54,7.44,2.02976996,7.55,7.36,4386/5521,7.44,7.55,7.36,7.54,2.571041,9609198,33,300449,20260430
600195.SH,中牧股份,7.52,7.5,-0.92226614,7.53,7.35,4388/5521,7.5,7.53,7.35,7.52,2.371541,1.207485E7,17,600195,20260430
688468.SH,科美诊断,7.49,7.36,1.07962213,7.51,7.35,4388/5521,7.36,7.51,7.35,7.49,2.159244,4081588,17,688468,20260430
000728.SZ,国元证券,7.35,7.35,-0.13586957,7.46,7.34,4390/5521,7.35,7.46,7.34,7.35,1.630434,2.7132544E7,33,000728,20260430
002349.SZ,精华制药,7.52,7.36,2.87277702,7.59,7.34,4390/5521,7.36,7.59,7.34,7.52,3.419972,1.9758643E7,33,002349,20260430
002358.SZ,森源电气,7.41,7.48,-1.33155792,7.54,7.34,4390/5521,7.48,7.54,7.34,7.41,2.663115,2.47922E7,33,002358,20260430
000546.SZ,金圆股份,7.72,7.38,4.74898236,8.03,7.33,4393/5521,7.38,8.03,7.33,7.72,9.497964,1.293753E8,33,000546,20260430
002752.SZ,昇兴股份,7.4,7.36,0.27100271,7.64,7.33,4393/5521,7.36,7.64,7.33,7.4,4.200542,4.0331785E7,33,002752,20260430
002382.SZ,蓝帆医疗,7.43,7.35,1.92043896,7.65,7.32,4395/5521,7.35,7.65,7.32,7.43,4.526748,2.9492426E7,33,002382,20260430
002474.SZ,榕基软件,7.37,7.37,0,7.41,7.32,4395/5521,7.37,7.41,7.32,7.37,1.221166,1.3086159E7,33,002474,20260430
300107.SZ,建新股份,7.33,7.43,-1.34589502,7.52,7.32,4395/5521,7.43,7.52,7.32,7.33,2.69179,1.5059957E7,33,300107,20260430
603330.SH,天洋新材,7.4,7.4,0,7.52,7.32,4395/5521,7.4,7.52,7.32,7.4,2.702702,7193920,17,603330,20260430
300281.SZ,金明精机,7.41,7.38,0.27063599,7.46,7.31,4399/5521,7.38,7.46,7.31,7.41,2.029769,6570000,33,300281,20260430
601128.SH,常熟银行,7.32,7.36,-0.81300813,7.39,7.31,4399/5521,7.36,7.39,7.31,7.32,1.08401,2.9038298E7,17,601128,20260430
603086.SH,先达股份,7.35,7.36,-0.27137042,7.4,7.31,4399/5521,7.36,7.4,7.31,7.35,1.221166,3765140,17,603086,20260430
002538.SZ,ST司特,7.33,7.3,0.13661202,7.45,7.3,4402/5521,7.3,7.45,7.3,7.33,2.04918,1.17538E7,33,002538,20260430
300011.SZ,鼎汉技术,7.36,7.3,0.54644809,7.42,7.3,4402/5521,7.3,7.42,7.3,7.36,1.639344,5980800,33,300011,20260430
601999.SH,出版传媒,7.31,7.41,-1.87919463,7.5,7.3,4402/5521,7.41,7.5,7.3,7.31,2.684563,7689600,17,601999,20260430
920275.BJ,驱动力,7.46,7.31,1.77353342,7.6,7.3,4402/5521,7.31,7.6,7.3,7.46,4.092769,1002041,151,920275,20260430
002327.SZ,富安娜,7.37,7.34,0.40871935,7.47,7.29,4406/5521,7.34,7.47,7.29,7.37,2.452316,6371600,33,002327,20260430
603817.SH,海峡环保,7.36,7.29,0.27247956,7.5,7.29,4406/5521,7.29,7.5,7.29,7.36,2.861035,1.66767E7,17,603817,20260430
002420.SZ,毅昌科技,7.32,7.3,-0.54347826,7.4,7.28,4408/5521,7.3,7.4,7.28,7.32,1.630434,9382501,33,002420,20260430
300369.SZ,绿盟科技,7.34,7.4,-1.60857909,7.47,7.28,4408/5521,7.4,7.47,7.28,7.34,2.546916,3.0173904E7,33,300369,20260430
601077.SH,渝农商行,7.28,7.37,-0.95238095,7.4,7.28,4408/5521,7.37,7.4,7.28,7.28,1.632653,3.124773E7,17,601077,20260430
601990.SH,南京证券,7.35,7.3,0.54719562,7.39,7.28,4408/5521,7.3,7.39,7.28,7.35,1.504787,1.9139748E7,17,601990,20260430
920781.BJ,瑞奇智造,7.33,7.36,-0.4076087,7.45,7.28,4408/5521,7.36,7.45,7.28,7.33,2.309782,1477144,151,920781,20260430
002107.SZ,沃华医药,7.31,7.6,-3.05039788,7.6,7.27,4413/5521,7.6,7.6,7.27,7.31,4.376657,2.5644703E7,33,002107,20260430
002753.SZ,永东股份,7.41,7.39,0.27063599,7.47,7.27,4413/5521,7.39,7.47,7.27,7.41,2.706359,7479154,33,002753,20260430
000676.SZ,智度股份,7.38,7.26,0.13568521,7.54,7.26,4415/5521,7.26,7.54,7.26,7.38,3.799185,2.4455778E7,33,000676,20260430
000952.SZ,广济药业,7.39,7.3,1.65061898,7.48,7.26,4415/5521,7.3,7.48,7.26,7.39,3.026134,1.385542E7,33,000952,20260430
300732.SZ,设研院,7.49,7.26,2.4623803,7.53,7.26,4415/5521,7.26,7.53,7.26,7.49,3.69357,1.2776925E7,33,300732,20260430
600173.SH,卧龙新能,7.28,7.35,-1.48849797,7.39,7.26,4415/5521,7.35,7.39,7.26,7.28,1.759133,8242300,17,600173,20260430
000919.SZ,金陵药业,7.39,7.29,0.95628415,7.44,7.25,4419/5521,7.29,7.44,7.25,7.39,2.595628,2.3506E7,33,000919,20260430
002369.SZ,卓翼科技,7.34,7.29,0.54794521,7.36,7.25,4419/5521,7.29,7.36,7.25,7.34,1.506849,8784835,33,002369,20260430
002376.SZ,新北洋,7.36,7.25,1.23796424,7.44,7.25,4419/5521,7.25,7.44,7.25,7.36,2.61348,1.6431663E7,33,002376,20260430
600359.SH,新农开发,7.62,7.38,4.67032967,7.67,7.25,4419/5521,7.38,7.67,7.25,7.62,5.76923,1.899838E7,17,600359,20260430
600973.SH,宝胜股份,7.28,7.45,-2.15053763,7.5,7.25,4419/5521,7.45,7.5,7.25,7.28,3.360215,3.294307E7,17,600973,20260430
002537.SZ,海联金汇,7.28,7.35,-1.35501355,7.38,7.22,4424/5521,7.35,7.38,7.22,7.28,2.168021,2.6845225E7,33,002537,20260430
600698.SH,湖南天雁,7.31,7.25,0.68870523,7.34,7.22,4424/5521,7.25,7.34,7.22,7.31,1.652892,7163913,17,600698,20260430
000731.SZ,四川美丰,7.24,7.33,-0.68587106,7.43,7.21,4426/5521,7.33,7.43,7.21,7.24,3.017832,1.1709006E7,33,000731,20260430
300040.SZ,九洲集团,7.22,7.38,-3.08724832,7.42,7.21,4426/5521,7.38,7.42,7.21,7.22,2.818791,5.3488441E7,33,300040,20260430
300086.SZ,康芝药业,7.4,7.23,2.49307479,7.49,7.21,4426/5521,7.23,7.49,7.21,7.4,3.878116,2.40737E7,33,300086,20260430
603559.SH,ST通脉,7.64,7.35,4.94505495,7.64,7.21,4426/5521,7.35,7.64,7.21,7.64,5.906593,8703653,22,603559,20260430
000852.SZ,石化机械,7.27,7.22,0.83217753,7.32,7.2,4430/5521,7.22,7.32,7.2,7.27,1.664355,1.2757372E7,33,000852,20260430
300640.SZ,德艺文创,7.4,7.28,2.35131397,7.43,7.2,4430/5521,7.28,7.43,7.2,7.4,3.181189,8863530,33,300640,20260430
600810.SH,神马股份,7.64,7.57,0.92470277,7.68,7.2,4430/5521,7.57,7.68,7.2,7.64,6.340819,2.9503287E7,17,600810,20260430
300352.SZ,北信源,7.19,7.19,,7.19,7.19,4433/5521,7.19,7.19,7.19,7.19,,,33,300352,20260430
001322.SZ,箭牌家居,7.19,7.24,-0.27739251,7.29,7.18,4434/5521,7.24,7.29,7.18,7.19,1.525658,4348400,33,001322,20260430
002238.SZ,天威视讯,7.31,7.26,0.68870523,7.4,7.18,4434/5521,7.26,7.4,7.18,7.31,3.030303,8007309,33,002238,20260430
002212.SZ,天融信,7.28,7.4,-6.06451613,7.4,7.17,4436/5521,7.4,7.4,7.17,7.28,2.967741,6.0359248E7,33,002212,20260430
601901.SH,方正证券,7.18,7.21,0.41958042,7.3,7.15,4437/5521,7.21,7.3,7.15,7.18,2.097902,7.5835336E7,17,601901,20260430
000936.SZ,华西股份,7.18,7.22,-2.04638472,7.31,7.14,4438/5521,7.22,7.31,7.14,7.18,2.319236,3.7544977E7,33,000936,20260430
002469.SZ,三维化学,7.19,7.28,-1.10041265,7.29,7.14,4438/5521,7.28,7.29,7.14,7.19,2.063273,1.0663971E7,33,002469,20260430
002072.SZ,凯瑞德,7.28,7.42,-1.88679245,7.48,7.12,4440/5521,7.42,7.48,7.12,7.28,4.851752,1.03688E7,33,002072,20260430
002673.SZ,西部证券,7.18,7.15,0.41958042,7.24,7.12,4440/5521,7.15,7.24,7.12,7.18,1.678321,3.0187193E7,33,002673,20260430
000605.SZ,渤海股份,7.2,7.13,0.98176718,7.25,7.11,4442/5521,7.13,7.25,7.11,7.2,1.963534,6952858,33,000605,20260430
600628.SH,新世界,7.2,7.13,1.4084507,7.28,7.11,4442/5521,7.13,7.28,7.11,7.2,2.394366,1.6107975E7,17,600628,20260430
601319.SH,中国人保,7.18,7.14,-0.27777778,7.32,7.11,4442/5521,7.14,7.32,7.11,7.18,2.916666,7.32895E7,17,601319,20260430
300670.SZ,大烨智能,7.24,7.19,0.69541029,7.42,7.1,4445/5521,7.19,7.42,7.1,7.24,4.450625,1.251205E7,33,300670,20260430
000679.SZ,大连友谊,7.24,7.09,1.97183099,7.3,7.09,4446/5521,7.09,7.3,7.09,7.24,2.957746,5528360,33,000679,20260430
003037.SZ,三和管桩,7.2,7.15,0.27855153,7.24,7.09,4446/5521,7.15,7.24,7.09,7.2,2.089136,5219535,33,003037,20260430
600098.SH,广州发展,7.11,7.24,-1.79558011,7.24,7.09,4446/5521,7.24,7.24,7.09,7.11,2.071823,3.0156925E7,17,600098,20260430
000782.SZ,恒申新材,7.38,7.11,3.94366197,7.52,7.08,4449/5521,7.11,7.52,7.08,7.38,6.197183,3.7133157E7,33,000782,20260430
600987.SH,航民股份,7.12,7.17,-0.55865922,7.2,7.07,4450/5521,7.17,7.2,7.07,7.12,1.815642,7027293,17,600987,20260430
603335.SH,迪生力,7.07,7.4,-2.48275862,7.42,7.07,4450/5521,7.4,7.42,7.07,7.07,4.827586,2.8768071E7,17,603335,20260430
688280.SH,精进电动,7.28,7.86,-11.86440678,7.99,7.07,4450/5521,7.86,7.99,7.07,7.28,11.138014,8.806831E7,17,688280,20260430
000908.SZ,ST景峰,7.12,7.26,-3.39213026,7.31,7.06,4453/5521,7.26,7.31,7.06,7.12,3.39213,2.027565E7,33,000908,20260430
002434.SZ,万里扬,7.1,7.17,-1.38888889,7.19,7.06,4453/5521,7.17,7.19,7.06,7.1,1.805555,1.67447E7,33,002434,20260430
002676.SZ,顺威股份,7.12,7.06,0.14064698,7.18,7.05,4455/5521,7.06,7.18,7.05,7.12,1.82841,1.56625E7,33,002676,20260430
002999.SZ,天禾股份,7.27,7.11,-0.81855389,7.44,7.05,4455/5521,7.11,7.44,7.05,7.27,5.3206,3.1715952E7,33,002999,20260430
300050.SZ,世纪鼎利,7.3,7.1,3.25318246,7.33,7.05,4455/5521,7.1,7.33,7.05,7.3,3.960396,3.9128702E7,33,300050,20260430
600212.SH,绿能慧充,7.06,7.32,-5.74098798,7.35,7.05,4455/5521,7.32,7.35,7.05,7.06,4.00534,2.5050817E7,17,600212,20260430
600733.SH,北汽蓝谷,7.11,7.11,-0.55944056,7.14,7.05,4455/5521,7.11,7.14,7.05,7.11,1.258741,6.1547078E7,17,600733,20260430
603880.SH,南卫股份,7.45,7.05,4.78199719,7.48,7.05,4455/5521,7.05,7.48,7.05,7.45,6.047819,1.124212E7,17,603880,20260430
000089.SZ,深圳机场,7.13,7.1,0.28129395,7.19,7.04,4461/5521,7.1,7.19,7.04,7.13,2.109704,1.6784682E7,33,000089,20260430
920970.BJ,大禹生物,7.24,7.07,1.542777,7.4,7.03,4462/5521,7.07,7.4,7.03,7.24,5.18934,3631345,151,920970,20260430
000531.SZ,穗恒运A,7.05,7.27,-3.15934066,7.31,7.02,4463/5521,7.27,7.31,7.02,7.05,3.983516,3.0682341E7,33,000531,20260430
600057.SH,厦门象屿,7.23,7.6,-0.82304527,7.6,7.02,4463/5521,7.6,7.6,7.02,7.23,7.956104,5.766798E7,17,600057,20260430
600284.SH,浦东建设,7.05,7.16,-2.08333333,7.32,7.02,4463/5521,7.16,7.32,7.02,7.05,4.166666,2.1279462E7,17,600284,20260430
601238.SH,广汽集团,7.03,7.03,0,7.12,7.02,4463/5521,7.03,7.12,7.02,7.03,1.422475,1.939507E7,17,601238,20260430
603815.SH,交建股份,7.28,7.04,3.55618777,7.42,7.02,4463/5521,7.04,7.42,7.02,7.28,5.6899,3.24843E7,17,603815,20260430
600063.SH,皖维高新,7.04,7.16,-1.81311018,7.22,7.01,4468/5521,7.16,7.22,7.01,7.04,2.92887,4.2170928E7,17,600063,20260430
600313.SH,农发种业,7.12,7.1,-0.8356546,7.16,7.01,4468/5521,7.1,7.16,7.01,7.12,2.089136,3.336824E7,17,600313,20260430
601118.SH,海南橡胶,7.19,7.02,1.69731259,7.23,7.01,4468/5521,7.02,7.23,7.01,7.19,3.111739,4.8804212E7,17,601118,20260430
601800.SH,中国交建,7.01,7.04,-0.84865629,7.06,6.99,4471/5521,7.04,7.06,6.99,7.01,0.990099,2.7975645E7,17,601800,20260430
300647.SZ,超频三,7.07,6.99,0.85592011,7.12,6.98,4472/5521,6.99,7.12,6.98,7.07,1.997146,1.681845E7,33,300647,20260430
600123.SH,兰花科创,7.08,6.99,2.60869565,7.13,6.98,4472/5521,6.99,7.13,6.98,7.08,2.173913,5.8679636E7,17,600123,20260430
600278.SH,东方创业,7.06,7.03,-0.56338028,7.15,6.98,4472/5521,7.03,7.15,6.98,7.06,2.394366,5613232,17,600278,20260430
603779.SH,威龙股份,7.45,7.09,7.1942446,7.49,6.98,4472/5521,7.09,7.49,6.98,7.45,7.338129,3.7968949E7,17,603779,20260430
000758.SZ,中色股份,7.01,7.02,-0.84865629,7.11,6.96,4476/5521,7.02,7.11,6.96,7.01,2.12164,3.2998174E7,33,000758,20260430
002550.SZ,千红制药,7.0,7.1,-1.26939351,7.11,6.96,4476/5521,7.1,7.11,6.96,7.0,2.115655,1.62903E7,33,002550,20260430
600011.SH,华能国际,6.99,7,-0.42735043,7.04,6.96,4476/5521,7,7.04,6.96,6.99,1.139601,8.1555635E7,17,600011,20260430
603609.SH,禾丰股份,7.01,7.02,0.57388809,7.07,6.96,4476/5521,7.02,7.07,6.96,7.01,1.578192,5092250,17,603609,20260430
300441.SZ,鲍斯股份,7.0,7.02,0.14306152,7.06,6.95,4480/5521,7.02,7.06,6.95,7.0,1.573676,4755612,33,300441,20260430
600470.SH,六国化工,6.98,7.19,-2.37762238,7.19,6.95,4480/5521,7.19,7.19,6.95,6.98,3.356643,3.0267241E7,17,600470,20260430
000983.SZ,山西焦煤,7.02,7,0.28571429,7.06,6.94,4482/5521,7,7.06,6.94,7.02,1.714285,1.01221439E8,33,000983,20260430
002386.SZ,天原股份,6.99,7.21,-3.98351648,7.44,6.94,4482/5521,7.21,7.44,6.94,6.99,6.868131,1.110591E8,33,002386,20260430
600210.SH,紫江企业,6.98,7.08,-2.24089636,7.09,6.94,4482/5521,7.08,7.09,6.94,6.98,2.10084,4.450343E7,17,600210,20260430
600724.SH,宁波富达,6.97,6.96,0.14367816,7.1,6.94,4482/5521,6.96,7.1,6.94,6.97,2.29885,6297100,17,600724,20260430
000702.SZ,正虹科技,7.13,7,1.85714286,7.18,6.93,4486/5521,7,7.18,6.93,7.13,3.571428,1.00612E7,33,000702,20260430
002412.SZ,汉森制药,6.99,6.99,-0.2853067,7.11,6.92,4487/5521,6.99,7.11,6.92,6.99,2.710413,3.042824E7,33,002412,20260430
002404.SZ,嘉欣丝绸,7.04,6.92,1.73410405,7.11,6.91,4488/5521,6.92,7.11,6.91,7.04,2.890173,1.0953412E7,33,002404,20260430
600561.SH,江西长运,6.94,7,-0.85714286,7.05,6.91,4488/5521,7,7.05,6.91,6.94,2,8584900,17,600561,20260430
002700.SZ,万憬能源,6.94,6.92,-0.14388489,6.98,6.9,4490/5521,6.92,6.98,6.9,6.94,1.151079,5193700,33,002700,20260430
300419.SZ,ST浩丰,7.05,6.95,0.8583691,7.11,6.9,4490/5521,6.95,7.11,6.9,7.05,3.004291,1.22158E7,33,300419,20260430
920575.BJ,康乐卫士,6.9,6.9,,6.9,6.9,4490/5521,6.9,6.9,6.9,6.9,,,151,920575,20260430
000953.SZ,河化股份,6.99,6.92,1.01156069,7.04,6.89,4493/5521,6.92,7.04,6.89,6.99,2.16763,7167300,33,000953,20260430
300165.SZ,天瑞仪器,7.39,6.95,7.4127907,7.6,6.89,4493/5521,6.95,7.6,6.89,7.39,10.319767,5.26008E7,33,300165,20260430
300195.SZ,长荣股份,6.98,7.06,-0.85227273,7.09,6.89,4493/5521,7.06,7.09,6.89,6.98,2.840909,1.2210953E7,33,300195,20260430
600015.SH,华夏银行,6.89,7.11,-4.70262794,7.13,6.89,4493/5521,7.11,7.13,6.89,6.89,3.319502,1.68884063E8,17,600015,20260430
603717.SH,天域生物,7.54,6.9,10.0729927,7.54,6.89,4493/5521,6.9,7.54,6.89,7.54,9.489051,1.89688E7,17,603717,20260430
002282.SZ,博深股份,6.95,6.88,0.5788712,6.97,6.88,4498/5521,6.88,6.97,6.88,6.95,1.30246,4874800,33,002282,20260430
300381.SZ,溢多利,6.92,7.03,-0.57471264,7.1,6.88,4498/5521,7.03,7.1,6.88,6.92,3.160919,1.9807595E7,33,300381,20260430
300307.SZ,慈星股份,7.04,6.91,2.02898551,7.09,6.87,4500/5521,6.91,7.09,6.87,7.04,3.188405,2.1613889E7,33,300307,20260430
300326.SZ,ST凯利,7.1,6.9,3.19767442,7.11,6.87,4500/5521,6.9,7.11,6.87,7.1,3.488372,1.42401E7,33,300326,20260430
002121.SZ,科陆电子,6.95,7.01,-1.41843972,7.05,6.86,4502/5521,7.01,7.05,6.86,6.95,2.695035,2.22874E7,33,002121,20260430
002193.SZ,如意集团,6.86,6.86,,6.86,6.86,4502/5521,6.86,6.86,6.86,6.86,,,33,002193,20260430
300240.SZ,飞力达,6.94,6.93,0.14430014,7.01,6.86,4502/5521,6.93,7.01,6.86,6.94,2.164502,6188000,33,300240,20260430
601288.SH,农业银行,6.92,6.92,-0.28818444,7,6.86,4502/5521,6.92,7,6.86,6.92,2.017291,3.60743784E8,17,601288,20260430
002301.SZ,齐心集团,6.9,6.91,0.72992701,7.03,6.85,4506/5521,6.91,7.03,6.85,6.9,2.627737,2.0444412E7,33,002301,20260430
300176.SZ,鸿特科技,6.93,6.93,0.43478261,7.08,6.85,4506/5521,6.93,7.08,6.85,6.93,3.333333,1.9460114E7,33,300176,20260430
300883.SZ,龙利得,7.12,6.89,2.89017341,7.14,6.85,4506/5521,6.89,7.14,6.85,7.12,4.190751,2.85731E7,33,300883,20260430
600235.SH,民丰特纸,6.95,6.88,1.01744186,7.02,6.85,4506/5521,6.88,7.02,6.85,6.95,2.47093,6487300,17,600235,20260430
600351.SH,亚宝药业,7.08,6.88,2.31213873,7.1,6.85,4506/5521,6.88,7.1,6.85,7.08,3.612716,3.5375634E7,17,600351,20260430
601139.SH,深圳燃气,6.93,7.01,-1.70212766,7.04,6.85,4506/5521,7.01,7.04,6.85,6.93,2.695035,2.8874097E7,17,601139,20260430
600929.SH,雪天盐业,6.93,6.92,-0.8583691,7.03,6.84,4512/5521,6.92,7.03,6.84,6.93,2.718168,2.26686E7,17,600929,20260430
000598.SZ,兴蓉环境,6.9,6.95,-1.00430416,6.96,6.83,4513/5521,6.95,6.96,6.83,6.9,1.865136,2.778896E7,33,000598,20260430
002188.SZ,中天服务,7.22,6.84,4.94186047,7.33,6.83,4513/5521,6.84,7.33,6.83,7.22,7.267441,2.0138977E7,33,002188,20260430
000027.SZ,深圳能源,6.84,6.93,-1.72413793,6.95,6.82,4515/5521,6.93,6.95,6.82,6.84,1.867816,3.6556718E7,33,000027,20260430
000553.SZ,安道麦A,6.82,6.82,10,6.82,6.82,4515/5521,6.82,6.82,6.82,6.82,0,1.2056187E7,33,000553,20260430
002204.SZ,大连重工,6.85,6.85,-0.29112082,6.92,6.82,4515/5521,6.85,6.92,6.82,6.85,1.455604,2.4266085E7,33,002204,20260430
300067.SZ,安诺其,6.85,7.04,-3.79213483,7.45,6.81,4518/5521,7.04,7.45,6.81,6.85,8.988764,2.10797667E8,33,300067,20260430
300105.SZ,龙源技术,6.91,6.87,0.29027576,6.93,6.81,4518/5521,6.87,6.93,6.81,6.91,1.741654,8665600,33,300105,20260430
600731.SH,湖南海利,6.84,6.85,-0.86956522,6.92,6.81,4518/5521,6.85,6.92,6.81,6.84,1.594202,7475840,17,600731,20260430
002092.SZ,中泰化学,6.92,6.9,-0.14430014,6.99,6.8,4521/5521,6.9,6.99,6.8,6.92,2.741702,4.40919E7,33,002092,20260430
002587.SZ,奥拓电子,7.0,6.79,2.79001468,7.06,6.79,4522/5521,6.79,7.06,6.79,7.0,3.964757,3.01522E7,33,002587,20260430
600901.SH,江苏金租,6.9,6.94,-0.57636888,6.96,6.78,4523/5521,6.94,6.96,6.78,6.9,2.593659,3.22378E7,17,600901,20260430
601328.SH,交通银行,6.8,6.92,-2.15827338,6.93,6.78,4523/5521,6.92,6.93,6.78,6.8,2.158273,2.48444294E8,17,601328,20260430
603111.SH,康尼机电,6.92,6.8,1.02189781,6.96,6.78,4523/5521,6.8,6.96,6.78,6.92,2.627737,6593900,17,603111,20260430
000633.SZ,合金投资,6.83,6.79,0.14662757,6.95,6.77,4526/5521,6.79,6.95,6.77,6.83,2.639296,7587900,33,000633,20260430
920146.BJ,华阳变速,6.95,6.83,1.60818713,7.02,6.77,4526/5521,6.83,7.02,6.77,6.95,3.65497,2220928,151,920146,20260430
000910.SZ,大亚圣象,6.79,6.9,-1.45137881,6.93,6.76,4528/5521,6.9,6.93,6.76,6.79,2.467343,7426157,33,000910,20260430
002599.SZ,盛通股份,6.85,6.81,0,6.89,6.76,4528/5521,6.81,6.89,6.76,6.85,1.89781,7715000,33,002599,20260430
300241.SZ,瑞丰光电,6.82,6.88,-1.01596517,6.93,6.76,4528/5521,6.88,6.93,6.76,6.82,2.467343,2.92925E7,33,300241,20260430
300276.SZ,三丰智能,6.85,6.76,1.33136095,6.92,6.76,4528/5521,6.76,6.92,6.76,6.85,2.366863,1.8014553E7,33,300276,20260430
300737.SZ,科顺股份,6.81,6.77,-0.14662757,6.96,6.76,4528/5521,6.77,6.96,6.76,6.81,2.932551,1.9063389E7,33,300737,20260430
000663.SZ,永安林业,6.88,6.82,1.62481536,6.92,6.75,4533/5521,6.82,6.92,6.75,6.88,2.511078,8991601,33,000663,20260430
002581.SZ,*ST未名,6.75,6.75,-5.06329114,6.75,6.75,4533/5521,6.75,6.75,6.75,6.75,0,1134700,33,002581,20260430
600075.SH,新疆天业,6.86,6.77,0,7,6.75,4533/5521,6.77,7,6.75,6.86,3.644314,2.2073149E7,17,600075,20260430
600819.SH,耀皮玻璃,6.83,6.85,-0.72674419,6.89,6.75,4533/5521,6.85,6.89,6.75,6.83,2.034883,5247400,17,600819,20260430
600127.SH,金健米业,6.81,6.83,-0.72886297,6.85,6.74,4537/5521,6.83,6.85,6.74,6.81,1.603498,1.8777446E7,17,600127,20260430
601186.SH,中国铁建,6.75,6.76,-0.58910162,6.77,6.73,4538/5521,6.76,6.77,6.73,6.75,0.589101,5.4590072E7,17,601186,20260430
688238.SH,和元生物,6.79,6.84,-0.58565154,6.86,6.73,4538/5521,6.84,6.86,6.73,6.79,1.903367,5885785,17,688238,20260430
600222.SH,太龙药业,6.8,7,-3.27169275,7.02,6.72,4540/5521,7,7.02,6.72,6.8,4.267425,2.5409743E7,17,600222,20260430
600780.SH,通宝能源,6.82,6.92,-1.44508671,6.93,6.72,4540/5521,6.92,6.93,6.72,6.82,3.034682,2.1999095E7,17,600780,20260430
688469.SH,芯联集成,6.89,6.79,2.07407407,6.93,6.72,4540/5521,6.79,6.93,6.72,6.89,3.111111,1.3475545E8,17,688469,20260430
000800.SZ,一汽解放,6.73,7.03,-4.26742532,7.05,6.71,4543/5521,7.03,7.05,6.71,6.73,4.836415,3.3437022E7,33,000800,20260430
002161.SZ,远望谷,6.74,6.96,-4.12517781,7.12,6.71,4543/5521,6.96,7.12,6.71,6.74,5.832147,3.4966696E7,33,002161,20260430
603113.SH,金能科技,6.71,6.71,-9.93288591,6.81,6.71,4543/5521,6.71,6.81,6.71,6.71,1.342281,1.5269034E7,17,603113,20260430
605388.SH,均瑶健康,7.01,6.71,2.63543192,7.08,6.71,4543/5521,6.71,7.08,6.71,7.01,5.417276,3.010896E7,17,605388,20260430
002073.SZ,软控股份,6.77,6.9,-4.78199719,6.91,6.7,4547/5521,6.9,6.91,6.7,6.77,2.953586,4.3971024E7,33,002073,20260430
002207.SZ,*ST准油,6.87,6.76,5.04587156,6.87,6.7,4547/5521,6.76,6.87,6.7,6.87,2.599388,3.8718219E7,33,002207,20260430
002274.SZ,华昌化工,6.75,6.8,-0.14792899,6.84,6.7,4547/5521,6.8,6.84,6.7,6.75,2.071005,2.4723656E7,33,002274,20260430
002696.SZ,百洋股份,6.82,6.71,1.18694362,6.85,6.7,4547/5521,6.71,6.85,6.7,6.82,2.225519,1.319045E7,33,002696,20260430
300284.SZ,苏交科,6.76,6.72,0.5952381,6.82,6.7,4547/5521,6.72,6.82,6.7,6.76,1.785714,1.1084034E7,33,300284,20260430
600583.SH,海油工程,6.77,6.91,-1.16788321,6.94,6.7,4547/5521,6.91,6.94,6.7,6.77,3.503649,4.3917102E7,17,600583,20260430
600682.SH,南京新百,6.77,6.71,-1.02339181,6.84,6.7,4547/5521,6.71,6.84,6.7,6.77,2.046783,1.4357179E7,17,600682,20260430
002105.SZ,信隆健康,6.79,6.69,1.64670659,6.84,6.69,4554/5521,6.69,6.84,6.69,6.79,2.245508,9688369,33,002105,20260430
300305.SZ,裕兴股份,6.76,6.69,1.19760479,6.81,6.69,4554/5521,6.69,6.81,6.69,6.76,1.796407,7999700,33,300305,20260430
600256.SH,广汇能源,6.75,6.71,1.65662651,6.83,6.69,4554/5521,6.71,6.83,6.69,6.75,2.108433,1.90885837E8,17,600256,20260430
601111.SH,中国国航,6.73,6.75,0.14880952,6.82,6.69,4554/5521,6.75,6.82,6.69,6.73,1.934523,8.2917654E7,17,601111,20260430
300405.SZ,科隆股份,6.89,6.75,3.14371257,6.98,6.68,4558/5521,6.75,6.98,6.68,6.89,4.491017,2.1094925E7,33,300405,20260430
605199.SH,ST葫芦娃,6.79,6.68,-0.29368576,6.87,6.68,4558/5521,6.68,6.87,6.68,6.79,2.790014,2426067,22,605199,20260430
000060.SZ,中金岭南,6.75,6.68,1.5037594,6.88,6.67,4560/5521,6.68,6.88,6.67,6.75,3.157894,1.53457104E8,33,000060,20260430
002510.SZ,天汽模,6.79,6.7,1.04166667,6.83,6.67,4560/5521,6.7,6.83,6.67,6.79,2.380952,1.6170773E7,33,002510,20260430
002909.SZ,集泰股份,6.69,6.67,-0.14925373,6.77,6.67,4560/5521,6.67,6.77,6.67,6.69,1.492537,6731100,33,002909,20260430
002012.SZ,凯恩股份,6.69,6.76,-0.88888889,6.79,6.66,4563/5521,6.76,6.79,6.66,6.69,1.925925,8032700,33,002012,20260430
002467.SZ,二六三,6.82,6.74,1.03703704,6.91,6.66,4563/5521,6.74,6.91,6.66,6.82,3.703703,8.8202905E7,33,002467,20260430
002575.SZ,群兴玩具,6.81,6.84,-0.58394161,6.92,6.66,4563/5521,6.84,6.92,6.66,6.81,3.79562,6.3277678E7,33,002575,20260430
600006.SH,东风股份,6.71,6.7,-0.29717682,6.75,6.66,4563/5521,6.7,6.75,6.66,6.71,1.337295,1.737386E7,17,600006,20260430
600778.SH,友好集团,6.83,6.71,1.78837556,6.87,6.66,4563/5521,6.71,6.87,6.66,6.83,3.129657,1.2154459E7,17,600778,20260430
603060.SH,国检集团,6.68,6.8,-1.76470588,6.8,6.66,4563/5521,6.8,6.8,6.66,6.68,2.058823,2.5308391E7,17,603060,20260430
920832.BJ,齐鲁华信,6.89,6.7,2.37741456,7,6.66,4563/5521,6.7,7,6.66,6.89,5.052005,2019880,151,920832,20260430
000978.SZ,桂林旅游,6.67,6.77,-1.91176471,6.8,6.65,4570/5521,6.77,6.8,6.65,6.67,2.205882,1.7563472E7,33,000978,20260430
002381.SZ,双箭股份,6.72,6.74,-0.14858841,6.79,6.65,4570/5521,6.74,6.79,6.65,6.72,2.080237,5349660,33,002381,20260430
300289.SZ,利德曼,6.71,6.79,-0.73964497,6.81,6.65,4570/5521,6.79,6.81,6.65,6.71,2.366863,5065800,33,300289,20260430
600538.SH,国发股份,6.72,6.87,-1.89781022,6.87,6.65,4570/5521,6.87,6.87,6.65,6.72,3.211678,1.42387E7,17,600538,20260430
603385.SH,惠达卫浴,6.76,6.69,0.5952381,6.87,6.65,4570/5521,6.69,6.87,6.65,6.76,3.273809,5918640,17,603385,20260430
300575.SZ,中旗股份,6.68,6.69,-0.29850746,6.83,6.64,4575/5521,6.69,6.83,6.64,6.68,2.83582,1.1531637E7,33,300575,20260430
600720.SH,中交设计,6.66,6.76,-2.05882353,6.77,6.64,4575/5521,6.76,6.77,6.64,6.66,1.911764,9668573,17,600720,20260430
603569.SH,长久物流,6.69,6.66,-0.44642857,6.74,6.64,4575/5521,6.66,6.74,6.64,6.69,1.488095,4205300,17,603569,20260430
600651.SH,飞乐音响,6.89,6.64,4.23600605,6.99,6.63,4578/5521,6.64,6.99,6.63,6.89,5.446293,3.8903882E7,17,600651,20260430
600167.SH,联美控股,6.67,6.68,-0.59612519,6.71,6.62,4579/5521,6.68,6.71,6.62,6.67,1.341281,8860263,17,600167,20260430
603999.SH,读者传媒,6.71,6.72,-0.14880952,6.78,6.62,4579/5521,6.72,6.78,6.62,6.71,2.380952,6608100,17,603999,20260430
600061.SH,国投资本,6.71,6.63,2.59938838,6.79,6.61,4581/5521,6.63,6.79,6.61,6.71,2.752293,9.0717803E7,17,600061,20260430
603168.SH,莎普爱思,6.74,6.68,0,6.8,6.61,4581/5521,6.68,6.8,6.61,6.74,2.818991,8458600,17,603168,20260430
002370.SZ,亚太药业,6.73,6.63,1.66163142,6.81,6.58,4583/5521,6.63,6.81,6.58,6.73,3.47432,2.4345048E7,33,002370,20260430
002291.SZ,遥望科技,6.7,6.6,0.7518797,6.76,6.57,4584/5521,6.6,6.76,6.57,6.7,2.857142,5.0261098E7,33,002291,20260430
002391.SZ,长青股份,6.64,6.62,0.60606061,6.7,6.57,4584/5521,6.62,6.7,6.57,6.64,1.969696,1.0367802E7,33,002391,20260430
603300.SH,海南华铁,6.58,6.72,-2.66272189,6.78,6.57,4584/5521,6.72,6.78,6.57,6.58,3.106508,6.6232479E7,17,603300,20260430
300140.SZ,节能环境,6.62,6.66,-0.74962519,6.7,6.56,4587/5521,6.66,6.7,6.56,6.62,2.09895,1.9884098E7,33,300140,20260430
600116.SH,三峡水利,6.58,6.67,-0.3030303,6.67,6.56,4587/5521,6.67,6.67,6.56,6.58,1.666666,2.06969E7,17,600116,20260430
300212.SZ,*ST易录,6.55,6.71,-20.02442002,7,6.55,4589/5521,6.71,7,6.55,6.55,5.494505,5.5124045E7,33,300212,20260430
600398.SH,海澜之家,6.61,6.55,2.32198142,6.67,6.55,4589/5521,6.55,6.67,6.55,6.61,1.857585,4.6823815E7,17,600398,20260430
600726.SH,华电能源,6.59,7.08,-7.18309859,7.17,6.55,4589/5521,7.08,7.17,6.55,6.59,8.732394,4.17451472E8,17,600726,20260430
603567.SH,珍宝岛,7.08,6.58,6.14692654,7.28,6.55,4589/5521,6.58,7.28,6.55,7.08,10.944527,4.5723751E7,17,603567,20260430
002408.SZ,齐翔腾达,6.58,6.66,-1.64424514,6.79,6.54,4593/5521,6.66,6.79,6.54,6.58,3.73692,3.75558E7,33,002408,20260430
002480.SZ,新筑股份,6.6,6.58,0.30395137,6.71,6.54,4593/5521,6.58,6.71,6.54,6.6,2.583586,1.23385E7,33,002480,20260430
300335.SZ,迪森股份,6.6,6.59,-0.7518797,6.68,6.54,4593/5521,6.59,6.68,6.54,6.6,2.105263,1.6760767E7,33,300335,20260430
000601.SZ,韶能股份,6.57,6.79,-2.23214286,6.8,6.53,4596/5521,6.79,6.8,6.53,6.57,4.017857,7.6783621E7,33,000601,20260430
000726.SZ,鲁泰A,6.55,6.65,-1.35542169,6.65,6.53,4596/5521,6.65,6.65,6.53,6.55,1.807228,9901800,33,000726,20260430
300088.SZ,长信科技,6.55,6.67,-2.5297619,6.75,6.53,4596/5521,6.67,6.75,6.53,6.55,3.273809,9.7403035E7,33,300088,20260430
000539.SZ,粤电力A,6.53,6.96,-6.71428571,6.98,6.52,4599/5521,6.96,6.98,6.52,6.53,6.571428,1.60673083E8,33,000539,20260430
000417.SZ,合百集团,6.69,6.54,2.13740458,6.81,6.51,4600/5521,6.54,6.81,6.51,6.69,4.580152,1.7622991E7,33,000417,20260430
600223.SH,福瑞达,6.55,6.54,-0.45592705,6.6,6.51,4600/5521,6.54,6.6,6.51,6.55,1.367781,4557745,17,600223,20260430
002483.SZ,润邦股份,6.54,6.55,-0.15267176,6.58,6.5,4602/5521,6.55,6.58,6.5,6.54,1.221374,7910080,33,002483,20260430
003032.SZ,*ST传智,6.54,6.59,-0.60790274,6.61,6.5,4602/5521,6.59,6.61,6.5,6.54,1.671732,4257100,33,003032,20260430
600215.SH,派斯林,6.84,6.57,5.7187017,7.06,6.5,4602/5521,6.57,7.06,6.5,6.84,8.655332,2.7755139E7,17,600215,20260430
000505.SZ,京粮控股,6.61,6.56,2.95950156,6.69,6.49,4605/5521,6.56,6.69,6.49,6.61,3.115264,1.59536E7,33,000505,20260430
300343.SZ,ST联创,6.56,6.5,0.92307692,6.63,6.49,4605/5521,6.5,6.63,6.49,6.56,2.153846,8998600,33,300343,20260430
002513.SZ,蓝丰生化,6.51,6.5,1.08695652,6.59,6.46,4607/5521,6.5,6.59,6.46,6.51,2.018633,8659400,33,002513,20260430
000153.SZ,丰原药业,6.45,6.48,-0.30911901,6.54,6.45,4608/5521,6.48,6.54,6.45,6.45,1.391035,8763740,33,000153,20260430
000159.SZ,国际实业,6.5,6.49,0,6.67,6.45,4608/5521,6.49,6.67,6.45,6.5,3.384615,1.4924178E7,33,000159,20260430
002038.SZ,双鹭药业,6.49,6.75,-3.85185185,6.8,6.45,4608/5521,6.75,6.8,6.45,6.49,5.185185,5.1087662E7,33,002038,20260430
000753.SZ,漳州发展,6.67,6.47,2.143951,6.88,6.44,4611/5521,6.47,6.88,6.44,6.67,6.738131,4.0104003E7,33,000753,20260430
000928.SZ,中钢国际,6.5,6.53,-0.6116208,6.55,6.44,4611/5521,6.53,6.55,6.44,6.5,1.681957,2.6804774E7,33,000928,20260430
600903.SH,贵州燃气,6.47,6.46,-0.46153846,6.49,6.44,4611/5521,6.46,6.49,6.44,6.47,0.76923,9069009,17,600903,20260430
601218.SH,吉鑫科技,6.47,6.7,-4.14814815,6.77,6.44,4611/5521,6.7,6.77,6.44,6.47,4.888888,8.7370689E7,17,601218,20260430
000862.SZ,银星能源,6.47,6.65,-3.14371257,6.67,6.43,4615/5521,6.65,6.67,6.43,6.47,3.592814,3.6179259E7,33,000862,20260430
000875.SZ,电投绿能,6.53,6.57,-0.60882801,6.58,6.43,4615/5521,6.57,6.58,6.43,6.53,2.283105,3.9062759E7,33,000875,20260430
000035.SZ,中国天楹,6.53,6.67,-2.53731343,6.69,6.42,4617/5521,6.67,6.69,6.42,6.53,4.02985,5.4173717E7,33,000035,20260430
002629.SZ,仁智股份,6.47,6.53,-1.37195122,6.6,6.42,4617/5521,6.53,6.6,6.42,6.47,2.743902,1.41898E7,33,002629,20260430
688223.SH,晶科能源,6.65,6.42,3.58255452,6.72,6.42,4617/5521,6.42,6.72,6.42,6.65,4.672897,1.79572416E8,17,688223,20260430
920469.BJ,富恒新材,6.95,7.2,-19.0919674,7.4,6.42,4617/5521,7.2,7.4,6.42,6.95,11.408614,1.4333543E7,151,920469,20260430
300234.SZ,开尔新材,6.66,6.47,3.09597523,6.74,6.41,4621/5521,6.47,6.74,6.41,6.66,5.108359,2.2087805E7,33,300234,20260430
000570.SZ,苏常柴A,6.42,6.49,-1.38248848,6.55,6.4,4622/5521,6.49,6.55,6.4,6.42,2.304147,2.03505E7,33,000570,20260430
920985.BJ,海泰新能,6.41,6.47,-0.92735703,6.67,6.4,4622/5521,6.47,6.67,6.4,6.41,4.173106,3271084,151,920985,20260430
000735.SZ,罗牛山,6.58,6.38,2.65210608,6.76,6.38,4624/5521,6.38,6.76,6.38,6.58,5.928237,2.8554909E7,33,000735,20260430
600469.SH,风神股份,6.39,6.49,0.15673981,6.67,6.38,4624/5521,6.49,6.67,6.38,6.39,4.545454,2.19481E7,17,600469,20260430
000713.SZ,国投丰乐,6.5,6.57,-2.69461078,6.57,6.37,4626/5521,6.57,6.57,6.37,6.5,2.994011,1.6266424E7,33,000713,20260430
601665.SH,齐鲁银行,6.39,6.44,-1.08359133,6.5,6.37,4626/5521,6.44,6.5,6.37,6.39,2.012383,4.1750055E7,17,601665,20260430
002131.SZ,利欧股份,6.45,6.62,-1.82648402,6.7,6.36,4628/5521,6.62,6.7,6.36,6.45,5.175038,3.84719922E8,33,002131,20260430
300225.SZ,*ST金泰,6.54,6.35,1.86915888,6.8,6.35,4629/5521,6.35,6.8,6.35,6.54,7.009345,2.1542688E7,33,300225,20260430
000017.SZ,深中华A,6.41,6.39,0,6.46,6.34,4630/5521,6.39,6.46,6.34,6.41,1.872074,6131500,33,000017,20260430
300048.SZ,合康新能,6.44,6.44,0.46801872,6.44,6.34,4630/5521,6.44,6.44,6.34,6.44,1.560062,1.20217E7,33,300048,20260430
300169.SZ,天晟新材,6.46,6.35,1.89274448,6.52,6.34,4630/5521,6.35,6.52,6.34,6.46,2.839116,1.1566141E7,33,300169,20260430
601778.SH,晶科科技,6.5,6.8,-6.6091954,6.88,6.34,4630/5521,6.8,6.88,6.34,6.5,7.75862,5.87322605E8,17,601778,20260430
300345.SZ,华民股份,6.44,6.35,0.625,6.45,6.33,4634/5521,6.35,6.45,6.33,6.44,1.875,1.34127E7,33,300345,20260430
603313.SH,梦百合,6.42,6.8,-8.02292264,6.98,6.33,4634/5521,6.8,6.98,6.33,6.42,9.31232,4.2714339E7,17,603313,20260430
000595.SZ,*ST宝实,6.36,6.34,-0.625,6.41,6.32,4636/5521,6.34,6.41,6.32,6.36,1.40625,1.18531E7,33,000595,20260430
300006.SZ,莱美药业,6.39,6.43,-0.77639752,6.54,6.32,4636/5521,6.43,6.54,6.32,6.39,3.416149,2.4144767E7,33,300006,20260430
000421.SZ,南京公用,6.33,6.38,-1.09375,6.43,6.31,4638/5521,6.38,6.43,6.31,6.33,1.875,9813000,33,000421,20260430
002724.SZ,海洋王,6.34,6.34,-1.55279503,6.47,6.31,4638/5521,6.34,6.47,6.31,6.34,2.484472,1.972772E7,33,002724,20260430
300271.SZ,华宇软件,6.34,6.31,-0.31446541,6.44,6.31,4638/5521,6.31,6.44,6.31,6.34,2.044025,9121849,33,300271,20260430
300296.SZ,利亚德,6.36,6.5,-0.625,6.53,6.31,4638/5521,6.5,6.53,6.31,6.36,3.4375,9.7978255E7,33,300296,20260430
300232.SZ,洲明科技,6.35,6.37,-0.31397174,6.41,6.3,4642/5521,6.37,6.41,6.3,6.35,1.726844,1.7693351E7,33,300232,20260430
600149.SH,廊坊发展,6.43,6.34,2.22575517,6.51,6.3,4642/5521,6.34,6.51,6.3,6.43,3.338632,2.76757E7,17,600149,20260430
600796.SH,钱江生化,6.34,6.39,-0.31446541,6.43,6.3,4642/5521,6.39,6.43,6.3,6.34,2.044025,6655834,17,600796,20260430
603116.SH,红蜻蜓,6.52,6.36,2.51572327,6.6,6.3,4642/5521,6.36,6.6,6.3,6.52,4.716981,1.64926E7,17,603116,20260430
600019.SH,宝钢股份,6.31,6.48,-2.62345679,6.5,6.29,4646/5521,6.48,6.5,6.29,6.31,3.24074,1.61588881E8,17,600019,20260430
002099.SZ,海翔药业,6.34,6.48,-3.64741641,6.55,6.28,4647/5521,6.48,6.55,6.28,6.34,4.103343,4.8161152E7,33,002099,20260430
002522.SZ,浙江众成,6.35,6.47,-1.39751553,6.51,6.28,4647/5521,6.47,6.51,6.28,6.35,3.571428,6.8130408E7,33,002522,20260430
002746.SZ,仙坛股份,6.4,6.31,1.42630745,6.47,6.28,4647/5521,6.31,6.47,6.28,6.4,3.011093,1.7363645E7,33,002746,20260430
603980.SH,吉华集团,6.35,6.31,2.58481422,6.45,6.28,4647/5521,6.31,6.45,6.28,6.35,2.746365,2.487968E7,17,603980,20260430
002027.SZ,分众传媒,6.29,6.38,-2.02492212,6.43,6.27,4651/5521,6.38,6.43,6.27,6.29,2.492211,1.41959693E8,33,002027,20260430
600155.SH,华创云信,6.27,6.29,1.45631068,6.44,6.27,4651/5521,6.29,6.44,6.27,6.27,2.750809,4.4821337E7,17,600155,20260430
000906.SZ,浙商中拓,6.34,6.26,0.47543582,6.42,6.26,4653/5521,6.26,6.42,6.26,6.34,2.535657,2.2709687E7,33,000906,20260430
002707.SZ,众信旅游,6.29,6.29,-0.47468354,6.35,6.26,4653/5521,6.29,6.35,6.26,6.29,1.42405,1.1437799E7,33,002707,20260430
600202.SH,哈空调,6.36,6.28,1.4354067,6.41,6.26,4653/5521,6.28,6.41,6.26,6.36,2.392344,1.06141E7,17,600202,20260430
002063.SZ,远光软件,6.28,6.35,-1.41287284,6.38,6.25,4656/5521,6.35,6.38,6.25,6.28,2.040816,3.9135019E7,33,002063,20260430
600906.SH,财达证券,6.42,6.24,5.7660626,6.68,6.24,4657/5521,6.24,6.68,6.24,6.42,7.248764,1.02578556E8,17,600906,20260430
601636.SH,旗滨集团,6.33,6.46,-2.76497696,6.49,6.24,4657/5521,6.46,6.49,6.24,6.33,3.840245,8.5370836E7,17,601636,20260430
600289.SH,ST信通,6.21,6.64,-4.90045942,6.76,6.2,4659/5521,6.64,6.76,6.2,6.21,8.575803,1.6536684E7,22,600289,20260430
600874.SH,创业环保,6.21,6.32,-1.74050633,6.32,6.2,4659/5521,6.32,6.32,6.2,6.21,1.898734,1.0860101E7,17,600874,20260430
600966.SH,博汇纸业,6.35,6.31,1.6,6.38,6.2,4659/5521,6.31,6.38,6.2,6.35,2.88,1.2152E7,17,600966,20260430
000567.SZ,海德股份,6.67,6.26,10.0660066,6.67,6.19,4662/5521,6.26,6.67,6.19,6.67,7.920792,1.5603989E8,33,000567,20260430
301215.SZ,中汽股份,6.25,6.21,0.16025641,6.28,6.19,4662/5521,6.21,6.28,6.19,6.25,1.442307,1.2343716E7,33,301215,20260430
002337.SZ,赛象科技,6.24,6.21,0.48309179,6.3,6.18,4664/5521,6.21,6.3,6.18,6.24,1.932367,7064993,33,002337,20260430
002442.SZ,龙星科技,6.24,6.24,-2.04081633,6.4,6.18,4664/5521,6.24,6.4,6.18,6.24,3.453689,2.3213152E7,33,002442,20260430
300044.SZ,*ST赛为,6.44,6.32,2.87539936,6.57,6.18,4664/5521,6.32,6.57,6.18,6.44,6.230031,2.8651086E7,33,300044,20260430
300066.SZ,三川智慧,6.24,6.28,-0.31948882,6.3,6.18,4664/5521,6.28,6.3,6.18,6.24,1.916932,1.5925769E7,33,300066,20260430
300269.SZ,联建光电,6.3,6.26,0.63897764,6.33,6.18,4664/5521,6.26,6.33,6.18,6.3,2.396166,1.80102E7,33,300269,20260430
600712.SH,南宁百货,6.31,6.18,1.61030596,6.33,6.18,4664/5521,6.18,6.33,6.18,6.31,2.415458,1.02742E7,17,600712,20260430
688121.SH,卓然股份,6.48,6.18,-16.06217617,6.63,6.18,4664/5521,6.18,6.63,6.18,6.48,5.829015,4.4728921E7,17,688121,20260430
002343.SZ,慈文传媒,6.2,6.26,-1.74326466,6.31,6.16,4671/5521,6.26,6.31,6.16,6.2,2.377179,1.372056E7,33,002343,20260430
002556.SZ,辉隆股份,6.33,6.29,0.31695721,6.44,6.16,4671/5521,6.29,6.44,6.16,6.33,4.4374,2.5977494E7,33,002556,20260430
600930.SH,华电新能,6.17,6.26,-1.90779014,6.26,6.16,4671/5521,6.26,6.26,6.16,6.17,1.589825,1.4055978E8,17,600930,20260430
600229.SH,城市传媒,6.32,6.2,2.93159609,6.42,6.15,4674/5521,6.2,6.42,6.15,6.32,4.397394,9358563,17,600229,20260430
600354.SH,敦煌种业,6.26,6.15,1.78861789,6.27,6.15,4674/5521,6.15,6.27,6.15,6.26,1.951219,2.3280639E7,17,600354,20260430
920057.BJ,百甲科技,6.18,6.17,1.47783251,6.29,6.15,4674/5521,6.17,6.29,6.15,6.18,2.29885,1709352,151,920057,20260430
002206.SZ,海利得,6.18,6.2,-0.16155089,6.25,6.14,4677/5521,6.2,6.25,6.14,6.18,1.777059,1.5333954E7,33,002206,20260430
300128.SZ,锦富技术,6.45,6.14,4.70779221,6.56,6.14,4677/5521,6.14,6.56,6.14,6.45,6.818181,4.7344459E7,33,300128,20260430
600163.SH,中闽能源,6.17,6.18,0,6.22,6.14,4677/5521,6.18,6.22,6.14,6.17,1.296596,2.905016E7,17,600163,20260430
000410.SZ,沈阳机床,6.16,6.15,-0.16207455,6.39,6.13,4680/5521,6.15,6.39,6.13,6.16,4.213938,2.2010614E7,33,000410,20260430
002187.SZ,广百股份,6.19,6.17,0.32414911,6.23,6.13,4680/5521,6.17,6.23,6.13,6.19,1.620745,7956200,33,002187,20260430
002367.SZ,康力电梯,6.16,6.22,-1.12359551,6.24,6.13,4680/5521,6.22,6.24,6.13,6.16,1.76565,8530600,33,002367,20260430
300569.SZ,天能重工,6.18,6.25,-1.59235669,6.28,6.13,4680/5521,6.25,6.28,6.13,6.18,2.388535,2.6900725E7,33,300569,20260430
301175.SZ,中科环保,6.16,6.21,-0.96463023,6.24,6.13,4680/5521,6.21,6.24,6.13,6.16,1.768488,1.9052E7,33,301175,20260430
000788.SZ,北大医药,6.12,6.21,-2.08,6.25,6.12,4685/5521,6.21,6.25,6.12,6.12,2.08,2.5246E7,33,000788,20260430
600755.SH,厦门国贸,6.19,6.15,1.64203612,6.21,6.11,4686/5521,6.15,6.21,6.11,6.19,1.642036,2.1793391E7,17,600755,20260430
000630.SZ,铜陵有色,6.15,6.29,-2.8436019,6.33,6.1,4687/5521,6.29,6.33,6.1,6.15,3.633491,2.63964473E8,33,000630,20260430
002564.SZ,天沃科技,6.17,6.3,-3.59375,6.48,6.1,4687/5521,6.3,6.48,6.1,6.17,5.9375,2.32531E7,33,002564,20260430
600638.SH,新黄浦,6.25,6.1,1.95758564,6.28,6.1,4687/5521,6.1,6.28,6.1,6.25,2.936378,1.3162367E7,17,600638,20260430
600864.SH,哈投股份,6.11,6.19,-2.24,6.29,6.1,4687/5521,6.19,6.29,6.1,6.11,3.04,7.2888463E7,17,600864,20260430
300291.SZ,百纳千成,6.33,6.14,2.92682927,6.35,6.09,4691/5521,6.14,6.35,6.09,6.33,4.227642,2.78702E7,33,300291,20260430
600125.SH,铁龙物流,6.14,6.1,1.32013201,6.2,6.09,4691/5521,6.1,6.2,6.09,6.14,1.815181,2.5729868E7,17,600125,20260430
601002.SH,晋亿实业,6.22,6.22,-0.79744817,6.33,6.09,4691/5521,6.22,6.33,6.09,6.22,3.827751,3.0921772E7,17,601002,20260430
000619.SZ,海螺新材,6.18,6.08,0.81566069,6.24,6.08,4694/5521,6.08,6.24,6.08,6.18,2.610114,7515857,33,000619,20260430
300175.SZ,ST朗源,6.13,6.25,-1.92,6.26,6.08,4694/5521,6.25,6.26,6.08,6.13,2.88,7105210,33,300175,20260430
300205.SZ,*ST天喻,6.11,6.16,0.16393443,6.25,6.08,4694/5521,6.16,6.25,6.08,6.11,2.786885,3120304,33,300205,20260430
601068.SH,中铝国际,6.22,6.19,0,6.26,6.08,4694/5521,6.19,6.26,6.08,6.22,2.89389,1.70361E7,17,601068,20260430
002515.SZ,金字火腿,6.52,6.25,3.16455696,6.54,6.07,4698/5521,6.25,6.54,6.07,6.52,7.436708,9.8273216E7,33,002515,20260430
002354.SZ,天娱数科,6.2,6.16,4.20168067,6.43,6.06,4699/5521,6.16,6.43,6.06,6.2,6.218487,2.29271952E8,33,002354,20260430
300587.SZ,天铁科技,6.16,6.13,0.65359477,6.19,6.06,4699/5521,6.13,6.19,6.06,6.16,2.124183,2.4288368E7,33,300587,20260430
300299.SZ,富春股份,6.16,6.1,0.48939641,6.22,6.04,4701/5521,6.1,6.22,6.04,6.16,2.936378,2.198375E7,33,300299,20260430
600048.SH,保利发展,6.14,6.11,0,6.2,6.04,4701/5521,6.11,6.2,6.04,6.14,2.605863,1.17567446E8,17,600048,20260430
600982.SH,宁波能源,6.06,6.04,2.36486486,6.32,6.04,4701/5521,6.04,6.32,6.04,6.06,4.729729,8.65997E7,17,600982,20260430
600228.SH,*ST返利,6.17,6.05,1.81518152,6.17,6.03,4704/5521,6.05,6.17,6.03,6.17,2.310231,6330200,22,600228,20260430
601801.SH,皖新传媒,6.04,6.08,-0.98360656,6.1,6.03,4704/5521,6.08,6.1,6.03,6.04,1.14754,8230361,17,601801,20260430
300639.SZ,凯普生物,6.06,6.08,-1.14192496,6.15,6.02,4706/5521,6.08,6.15,6.02,6.06,2.120717,1.329435E7,33,300639,20260430
601728.SH,中国电信,6.03,6.03,-0.16556291,6.08,6.02,4706/5521,6.03,6.08,6.02,6.03,0.993377,1.05580765E8,17,601728,20260430
603616.SH,韩建河山,6.17,6.09,1.14754098,6.19,6.02,4706/5521,6.09,6.19,6.02,6.17,2.786885,1.77173E7,17,603616,20260430
300189.SZ,神农种业,6.11,6.06,1.49501661,6.18,6.01,4709/5521,6.06,6.18,6.01,6.11,2.82392,5.1561944E7,33,300189,20260430
600107.SH,ST尔雅,6.01,6.01,,6.01,6.01,4709/5521,6.01,6.01,6.01,6.01,,,22,600107,20260430
600481.SH,双良节能,6.08,6.1,-0.9771987,6.15,6.01,4709/5521,6.1,6.15,6.01,6.08,2.28013,4.711668E7,17,600481,20260430
601107.SH,四川成渝,6.13,6.1,-0.48701299,6.17,6.01,4709/5521,6.1,6.17,6.01,6.13,2.597402,1.583064E7,17,601107,20260430
000930.SZ,中粮科技,6.08,6.01,0.8291874,6.09,6,4713/5521,6.01,6.09,6,6.08,1.492537,1.7249711E7,33,000930,20260430
002540.SZ,亚太科技,6.04,6.09,-0.82101806,6.1,6,4713/5521,6.09,6.1,6,6.04,1.642036,9427200,33,002540,20260430
002563.SZ,森马服饰,6.06,6.08,0,6.13,6,4713/5521,6.08,6.13,6,6.06,2.145214,4.9349892E7,33,002563,20260430
601377.SH,兴业证券,6.07,6.05,1.84563758,6.15,6,4713/5521,6.05,6.15,6,6.07,2.516778,1.37072596E8,17,601377,20260430
920964.BJ,润农节水,6.07,6.06,0.1650165,6.14,6,4713/5521,6.06,6.14,6,6.07,2.310231,1223480,151,920964,20260430
600257.SH,大湖股份,6.1,6.13,-0.48939641,6.18,5.99,4718/5521,6.13,6.18,5.99,6.1,3.09951,1.5521101E7,17,600257,20260430
600918.SH,中泰证券,6.02,6.01,0.33333333,6.08,5.99,4718/5521,6.01,6.08,5.99,6.02,1.5,3.0643808E7,17,600918,20260430
601997.SH,贵阳银行,6.01,6.01,-0.33167496,6.05,5.99,4718/5521,6.01,6.05,5.99,6.01,0.995024,4.2349147E7,17,601997,20260430
002616.SZ,长青集团,6.09,6.01,2.52525253,6.11,5.98,4721/5521,6.01,6.11,5.98,6.09,2.188552,2.3032498E7,33,002616,20260430
000715.SZ,中兴商业,5.99,6.17,-4.00641026,6.29,5.97,4722/5521,6.17,6.29,5.97,5.99,5.128205,4.2819998E7,33,000715,20260430
002277.SZ,友阿股份,6.17,5.98,5.65068493,6.3,5.97,4722/5521,5.98,6.3,5.97,6.17,5.650684,4.8205289E7,33,002277,20260430
002688.SZ,金河生物,6.02,6,0,6.04,5.97,4722/5521,6,6.04,5.97,6.02,1.16279,1.0513348E7,33,002688,20260430
600335.SH,国机汽车,6.07,6,1.16666667,6.08,5.97,4722/5521,6,6.08,5.97,6.07,1.833333,1.0595293E7,17,600335,20260430
000751.SZ,锌业股份,6.11,6.03,0,6.21,5.96,4726/5521,6.03,6.21,5.96,6.11,4.091653,7.6465247E7,33,000751,20260430
688373.SH,盟科药业,6.02,5.97,0.83752094,6.12,5.96,4726/5521,5.97,6.12,5.96,6.02,2.680067,7521176,17,688373,20260430
002516.SZ,旷达科技,6.06,5.98,1.50753769,6.1,5.95,4728/5521,5.98,6.1,5.95,6.06,2.512562,1.7746974E7,33,002516,20260430
002948.SZ,青岛银行,6.08,6.08,0.49586777,6.18,5.95,4728/5521,6.08,6.18,5.95,6.08,3.801652,8.1349957E7,33,002948,20260430
002094.SZ,青岛金王,5.96,5.96,0.33670034,6.08,5.94,4730/5521,5.96,6.08,5.94,5.96,2.356902,1.557741E7,33,002094,20260430
600249.SH,两面针,5.99,6,0.33500838,6.08,5.94,4730/5521,6,6.08,5.94,5.99,2.345058,1.37432E7,17,600249,20260430
601598.SH,中国外运,6.0,6.05,-0.99009901,6.05,5.94,4730/5521,6.05,6.05,5.94,6.0,1.815181,1.4752963E7,17,601598,20260430
601766.SH,中国中车,5.97,6.06,1.01522843,6.19,5.94,4730/5521,6.06,6.19,5.94,5.97,4.230118,4.68737381E8,17,601766,20260430
002022.SZ,科华生物,5.97,5.93,0.67453626,6.03,5.93,4734/5521,5.93,6.03,5.93,5.97,1.68634,5547288,33,002022,20260430
600820.SH,隧道股份,5.94,6.02,-1.49253731,6.03,5.93,4734/5521,6.02,6.03,5.93,5.94,1.658374,2.1856212E7,17,600820,20260430
000707.SZ,双环科技,5.95,6.05,-0.99833611,6.07,5.92,4736/5521,6.05,6.07,5.92,5.95,2.49584,1.4069091E7,33,000707,20260430
002494.SZ,华斯股份,6.21,6.02,4.72175379,6.25,5.92,4736/5521,6.02,6.25,5.92,6.21,5.564924,2.3634399E7,33,002494,20260430
600119.SH,*ST长投,6.15,5.92,3.88513514,6.22,5.92,4736/5521,5.92,6.22,5.92,6.15,5.067567,1.4415395E7,22,600119,20260430
601608.SH,中信重工,6.05,5.93,1.85185185,6.09,5.92,4736/5521,5.93,6.09,5.92,6.05,2.861952,3.7124474E7,17,601608,20260430
000958.SZ,电投产融,5.92,5.99,-1.16861436,6.02,5.91,4740/5521,5.99,6.02,5.91,5.92,1.836393,2.2036691E7,33,000958,20260430
002055.SZ,ST得润,5.93,6.02,-0.67001675,6.11,5.91,4740/5521,6.02,6.11,5.91,5.93,3.350083,1.66788E7,33,002055,20260430
300261.SZ,雅本化学,5.96,5.97,0,6.01,5.91,4740/5521,5.97,6.01,5.91,5.96,1.677852,9631320,33,300261,20260430
601956.SH,东贝集团,5.93,5.92,-0.5033557,5.99,5.91,4740/5521,5.92,5.99,5.91,5.93,1.342281,5661940,17,601956,20260430
000701.SZ,厦门信达,5.93,5.91,0.33840948,6,5.9,4744/5521,5.91,6,5.9,5.93,1.692047,1.243096E7,33,000701,20260430
000822.SZ,山东海化,5.95,6.1,-2.45901639,6.14,5.9,4744/5521,6.1,6.14,5.9,5.95,3.934426,2.5926349E7,33,000822,20260430
002702.SZ,海欣食品,6.01,5.95,1.00840336,6.08,5.9,4744/5521,5.95,6.08,5.9,6.01,3.02521,2.648546E7,33,002702,20260430
600185.SH,珠免集团,5.94,5.94,0,6.03,5.9,4744/5521,5.94,6.03,5.9,5.94,2.188552,2.7898048E7,17,600185,20260430
600556.SH,天下秀,5.95,5.98,-0.50167224,6.03,5.9,4744/5521,5.98,6.03,5.9,5.95,2.173913,3.29137E7,17,600556,20260430
002652.SZ,扬子新材,5.93,6.41,-4.04530744,6.6,5.89,4749/5521,6.41,6.6,5.89,5.93,11.488673,1.32065567E8,33,002652,20260430
600287.SH,苏豪时尚,5.92,5.94,-0.16863406,5.98,5.89,4749/5521,5.94,5.98,5.89,5.92,1.517706,6492100,17,600287,20260430
600777.SH,*ST新潮,6.01,6.01,0.83892617,6.04,5.89,4749/5521,6.01,6.04,5.89,6.01,2.516778,3.463992E7,22,600777,20260430
000599.SZ,青岛双星,5.96,5.92,3.47222222,6.22,5.88,4752/5521,5.92,6.22,5.88,5.96,5.902777,4.1496804E7,33,000599,20260430
002355.SZ,兴民智通,6.0,5.93,1.01010101,6.06,5.88,4752/5521,5.93,6.06,5.88,6.0,3.030303,1.5526202E7,33,002355,20260430
600517.SH,国网英大,5.92,6.18,-7.78816199,6.28,5.88,4752/5521,6.18,6.28,5.88,5.92,6.230529,9.0504437E7,17,600517,20260430
002035.SZ,华帝股份,5.89,5.94,-0.84175084,5.95,5.87,4755/5521,5.94,5.95,5.87,5.89,1.346801,1.1946007E7,33,002035,20260430
003012.SZ,东鹏控股,5.88,5.94,-1.50753769,5.96,5.87,4755/5521,5.94,5.96,5.87,5.88,1.507537,1.2231016E7,33,003012,20260430
002682.SZ,龙洲股份,6.01,5.88,1.69204738,6.03,5.86,4757/5521,5.88,6.03,5.86,6.01,2.87648,1.8646E7,33,002682,20260430
600073.SH,光明肉业,5.88,5.92,-0.67567568,5.92,5.86,4757/5521,5.92,5.92,5.86,5.88,1.013513,5979102,17,600073,20260430
601789.SH,宁波建工,5.89,5.98,-2.32172471,6.07,5.86,4757/5521,5.98,6.07,5.86,5.89,3.482587,1.7274349E8,17,601789,20260430
000530.SZ,冰山冷热,5.91,5.9,0.33955857,5.94,5.85,4760/5521,5.9,5.94,5.85,5.91,1.528013,1.0721075E7,33,000530,20260430
600106.SH,重庆路桥,5.94,6.01,-1.16472546,6.05,5.85,4760/5521,6.01,6.05,5.85,5.94,3.327787,3.2186505E7,17,600106,20260430
600613.SH,神奇制药,5.88,5.87,0.17035775,6,5.85,4760/5521,5.87,6,5.85,5.88,2.555366,1.1039E7,17,600613,20260430
002198.SZ,嘉应制药,5.84,5.84,,5.84,5.84,4763/5521,5.84,5.84,5.84,5.84,,,33,002198,20260430
600358.SH,国旅联合,5.89,5.93,-0.84175084,5.99,5.84,4763/5521,5.93,5.99,5.84,5.89,2.525252,7560995,17,600358,20260430
600997.SH,开滦股份,5.89,5.98,-0.84175084,5.99,5.84,4763/5521,5.98,5.99,5.84,5.89,2.525252,1.2806303E7,17,600997,20260430
603007.SH,花王股份,5.86,6.12,-3.93442623,6.2,5.84,4763/5521,6.12,6.2,5.84,5.86,5.901639,3.385932E7,17,603007,20260430
002678.SZ,珠江钢琴,5.99,5.85,3.45423143,6.12,5.83,4767/5521,5.85,6.12,5.83,5.99,5.008635,1.770376E7,33,002678,20260430
300365.SZ,恒华科技,5.95,5.91,0.67681895,5.98,5.83,4767/5521,5.91,5.98,5.83,5.95,2.538071,1.42445E7,33,300365,20260430
002476.SZ,宝莫股份,5.84,5.86,-0.51107325,5.91,5.82,4769/5521,5.86,5.91,5.82,5.84,1.533219,8420380,33,002476,20260430
002562.SZ,兄弟科技,5.87,5.85,0.17064846,5.9,5.82,4769/5521,5.85,5.9,5.82,5.87,1.365187,2.1533171E7,33,002562,20260430
300043.SZ,星辉娱乐,5.85,5.92,-2.01005025,5.99,5.82,4769/5521,5.92,5.99,5.82,5.85,2.847571,4.1213354E7,33,300043,20260430
601949.SH,中国出版,5.87,5.87,0,5.89,5.82,4769/5521,5.87,5.89,5.82,5.87,1.192504,8773900,17,601949,20260430
603956.SH,威派格,5.9,5.85,0.51107325,5.92,5.82,4769/5521,5.85,5.92,5.82,5.9,1.703577,7325800,17,603956,20260430
600603.SH,广汇物流,5.86,5.88,0.34246575,5.95,5.81,4774/5521,5.88,5.95,5.81,5.86,2.39726,1.1997658E7,17,600603,20260430
601222.SH,林洋能源,6.08,6,-0.9771987,6.1,5.81,4774/5521,6,6.1,5.81,6.08,4.723127,3.8068725E7,17,601222,20260430
000419.SZ,通程控股,5.83,5.9,1.21527778,5.96,5.8,4776/5521,5.9,5.96,5.8,5.83,2.777777,1.1723119E7,33,000419,20260430
002178.SZ,延华智能,5.83,5.98,-3.79537954,6.02,5.8,4776/5521,5.98,6.02,5.8,5.83,3.630363,2.393358E7,33,002178,20260430
600576.SH,祥源文旅,5.96,5.93,-0.16750419,6.01,5.8,4776/5521,5.93,6.01,5.8,5.96,3.517587,1.83455E7,17,600576,20260430
600825.SH,新华传媒,5.86,5.8,0.34246575,5.89,5.8,4776/5521,5.8,5.89,5.8,5.86,1.541095,7064626,17,600825,20260430
603879.SH,永悦科技,5.9,5.84,0.85470085,5.94,5.8,4776/5521,5.84,5.94,5.8,5.9,2.393162,9659010,17,603879,20260430
002010.SZ,传化智联,5.83,5.8,1.21527778,5.91,5.79,4781/5521,5.8,5.91,5.79,5.83,2.083333,2.074808E7,33,002010,20260430
600429.SH,三元股份,6.09,5.84,4.45969125,6.11,5.78,4782/5521,5.84,6.11,5.78,6.09,5.660377,3.0722103E7,17,600429,20260430
600866.SH,星湖科技,5.82,5.89,-7.32484076,5.94,5.78,4782/5521,5.89,5.94,5.78,5.82,2.54777,6.958329E7,17,600866,20260430
600333.SH,长春燃气,5.77,5.87,-1.36752137,5.91,5.77,4784/5521,5.87,5.91,5.77,5.77,2.393162,1.5637815E7,17,600333,20260430
600507.SH,方大特钢,5.82,5.89,-1.68918919,5.92,5.76,4785/5521,5.89,5.92,5.76,5.82,2.702702,2.5682549E7,17,600507,20260430
002030.SZ,达安基因,5.78,5.78,-0.17271157,5.81,5.75,4786/5521,5.78,5.81,5.75,5.78,1.036269,6908769,33,002030,20260430
300039.SZ,上海凯宝,5.78,5.79,-0.68728522,5.81,5.75,4786/5521,5.79,5.81,5.75,5.78,1.030927,8145779,33,300039,20260430
600858.SH,银座股份,5.79,5.81,-0.17241379,5.85,5.75,4786/5521,5.81,5.85,5.75,5.79,1.724137,7880100,17,600858,20260430
300376.SZ,易事特,5.82,5.93,-1.8549747,5.99,5.74,4789/5521,5.93,5.99,5.74,5.82,4.215851,3.0083725E7,33,300376,20260430
600403.SH,大有能源,5.79,5.85,-2.03045685,5.9,5.74,4789/5521,5.85,5.9,5.74,5.79,2.707275,2.0194765E7,17,600403,20260430
000911.SZ,*ST广糖,5.73,5.73,-4.97512438,5.73,5.73,4791/5521,5.73,5.73,5.73,5.73,0,6288700,33,000911,20260430
000950.SZ,重药控股,5.8,5.91,-1.69491525,5.92,5.73,4791/5521,5.91,5.92,5.73,5.8,3.220338,3.7321094E7,33,000950,20260430
002360.SZ,ST同德,6.22,6,4.01337793,6.28,5.73,4791/5521,6,6.28,5.73,6.22,9.197324,4.241444E7,33,002360,20260430
002427.SZ,尤夫股份,5.79,5.82,-0.34423408,5.88,5.73,4791/5521,5.82,5.88,5.73,5.79,2.581755,1.4767337E7,33,002427,20260430
601988.SH,中国银行,5.75,5.8,-0.69084629,5.85,5.73,4791/5521,5.8,5.85,5.73,5.75,2.072538,2.52823333E8,17,601988,20260430
002520.SZ,日发精机,5.93,5.95,3.13043478,5.98,5.71,4796/5521,5.95,5.98,5.71,5.93,4.695652,8.33941E7,33,002520,20260430
600908.SH,无锡银行,5.73,5.76,-0.52083333,5.83,5.71,4796/5521,5.76,5.83,5.71,5.73,2.083333,2.0257994E7,17,600908,20260430
300158.SZ,振东制药,5.72,5.76,-0.34843206,5.81,5.7,4798/5521,5.76,5.81,5.7,5.72,1.916376,1.28489E7,33,300158,20260430
300332.SZ,天壕能源,5.75,5.85,-1.37221269,5.88,5.7,4798/5521,5.85,5.88,5.7,5.75,3.087478,2.97438E7,33,300332,20260430
300310.SZ,宜通世纪,5.72,5.8,-1.03806228,5.82,5.69,4800/5521,5.8,5.82,5.69,5.72,2.249134,2.1352519E7,33,300310,20260430
000650.SZ,仁和药业,5.69,5.7,-0.1754386,5.74,5.68,4801/5521,5.7,5.74,5.68,5.69,1.052631,1.0875758E7,33,000650,20260430
002614.SZ,奥佳华,5.76,5.76,0.17391304,5.83,5.67,4802/5521,5.76,5.83,5.67,5.76,2.782608,1.7079913E7,33,002614,20260430
300157.SZ,新锦动力,5.73,5.75,0.17482517,5.83,5.67,4802/5521,5.75,5.83,5.67,5.73,2.797202,3.3063218E7,33,300157,20260430
300025.SZ,华星创业,5.75,5.69,1.41093474,5.81,5.66,4804/5521,5.69,5.81,5.66,5.75,2.645502,1.243912E7,33,300025,20260430
600488.SH,津药药业,5.7,5.87,-2.73037543,5.94,5.66,4804/5521,5.87,5.94,5.66,5.7,4.778156,8.7644619E7,17,600488,20260430
920030.BJ,德众汽车,5.68,5.67,0.17636684,5.78,5.65,4806/5521,5.67,5.78,5.65,5.68,2.292768,2029296,151,920030,20260430
000521.SZ,长虹美菱,5.66,5.66,-0.35211268,5.69,5.64,4807/5521,5.66,5.69,5.64,5.66,0.880281,6738925,33,000521,20260430
002574.SZ,明牌珠宝,5.71,5.66,0.52816901,5.77,5.64,4807/5521,5.66,5.77,5.64,5.71,2.288732,1.0427154E7,33,002574,20260430
000541.SZ,佛山照明,5.66,5.67,0,5.69,5.63,4809/5521,5.67,5.69,5.63,5.66,1.06007,3998765,33,000541,20260430
000529.SZ,广弘控股,5.66,5.66,-0.52724077,5.74,5.62,4810/5521,5.66,5.74,5.62,5.66,2.108963,5473311,33,000529,20260430
600023.SH,浙能电力,5.7,5.69,-0.34965035,5.75,5.62,4810/5521,5.69,5.75,5.62,5.7,2.272727,5.8360406E7,17,600023,20260430
600558.SH,大西洋,5.75,5.64,1.95035461,5.77,5.62,4810/5521,5.64,5.77,5.62,5.75,2.659574,2.5511514E7,17,600558,20260430
603789.SH,*ST星农,5.67,5.73,-1.2195122,5.76,5.62,4810/5521,5.73,5.76,5.62,5.67,2.439024,4549560,22,603789,20260430
002031.SZ,巨轮智能,5.71,5.62,1.24113475,5.82,5.61,4814/5521,5.62,5.82,5.61,5.71,3.723404,6.0286399E7,33,002031,20260430
300187.SZ,永清环保,5.62,5.83,-3.43642612,5.84,5.61,4814/5521,5.83,5.84,5.61,5.62,3.95189,4.3840155E7,33,300187,20260430
600582.SH,天地科技,5.69,5.7,-0.87108014,5.71,5.61,4814/5521,5.7,5.71,5.61,5.69,1.74216,4.6228545E7,17,600582,20260430
002500.SZ,山西证券,5.65,5.61,0.53380783,5.69,5.6,4817/5521,5.61,5.69,5.6,5.65,1.601423,2.3145753E7,33,002500,20260430
000059.SZ,华锦股份,5.69,5.61,1.42602496,5.75,5.59,4818/5521,5.61,5.75,5.59,5.69,2.852049,3.5669E7,33,000059,20260430
002108.SZ,沧州明珠,5.62,5.78,-3.10344828,5.89,5.59,4818/5521,5.78,5.89,5.59,5.62,5.172413,1.11671662E8,33,002108,20260430
603176.SH,汇通集团,5.71,5.64,1.96428571,5.73,5.59,4818/5521,5.64,5.73,5.59,5.71,2.5,6116500,17,603176,20260430
300168.SZ,万达信息,5.78,5.59,3.77019749,5.95,5.58,4821/5521,5.59,5.95,5.58,5.78,6.642728,4.1253769E7,33,300168,20260430
300318.SZ,博晖创新,5.6,5.61,-0.53285968,5.65,5.58,4821/5521,5.61,5.65,5.58,5.6,1.243339,4324546,33,300318,20260430
601669.SH,中国电建,5.59,5.63,-1.58450704,5.64,5.58,4821/5521,5.63,5.64,5.58,5.59,1.056338,2.04232398E8,17,601669,20260430
000937.SZ,冀中能源,5.62,5.68,-1.23022847,5.69,5.57,4824/5521,5.68,5.69,5.57,5.62,2.108963,2.7750679E7,33,000937,20260430
002418.SZ,康盛股份,5.64,5.87,-3.75426621,5.89,5.57,4824/5521,5.87,5.89,5.57,5.64,5.46075,1.344191E8,33,002418,20260430
002863.SZ,今飞凯达,5.58,5.62,-0.71174377,5.66,5.57,4824/5521,5.62,5.66,5.57,5.58,1.601423,1.0952098E7,33,002863,20260430
300182.SZ,捷成股份,5.6,5.63,-0.88495575,5.68,5.57,4824/5521,5.63,5.68,5.57,5.6,1.946902,7.6271636E7,33,300182,20260430
601216.SH,君正集团,5.59,5.63,-1.0619469,5.68,5.57,4824/5521,5.63,5.68,5.57,5.59,1.946902,6.285039E7,17,601216,20260430
300422.SZ,博世科,5.6,5.72,-2.0979021,5.77,5.56,4829/5521,5.72,5.77,5.56,5.6,3.671328,3.8439672E7,33,300422,20260430
600120.SH,浙江东方,5.59,5.66,-1.75746924,5.69,5.56,4829/5521,5.66,5.69,5.56,5.59,2.28471,5.6486562E7,17,600120,20260430
600238.SH,*ST椰岛,5.64,5.78,2.54545455,5.78,5.56,4829/5521,5.78,5.78,5.56,5.64,4,2.4439953E7,22,600238,20260430
600281.SH,华阳新材,5.6,5.6,-0.88495575,5.7,5.56,4829/5521,5.6,5.7,5.56,5.6,2.477876,9656500,17,600281,20260430
600802.SH,福建水泥,5.66,5.64,0.8912656,5.67,5.56,4829/5521,5.64,5.67,5.56,5.66,1.960784,6145240,17,600802,20260430
600975.SH,新五丰,5.62,5.59,0.17825312,5.69,5.56,4829/5521,5.59,5.69,5.56,5.62,2.31729,1.4096315E7,17,600975,20260430
603128.SH,华贸物流,5.58,5.61,0.35971223,5.63,5.56,4829/5521,5.61,5.63,5.56,5.58,1.258992,9214832,17,603128,20260430
002302.SZ,西部建设,5.55,5.64,-1.2455516,5.64,5.55,4836/5521,5.64,5.64,5.55,5.55,1.601423,7146700,33,002302,20260430
300664.SZ,鹏鹞环保,5.6,5.62,-0.53285968,5.68,5.55,4836/5521,5.62,5.68,5.55,5.6,2.309058,1.38627E7,33,300664,20260430
002252.SZ,上海莱士,5.56,5.56,0.18018018,5.61,5.54,4838/5521,5.56,5.61,5.54,5.56,1.261261,2.4411353E7,33,002252,20260430
600586.SH,金晶科技,5.86,5.56,3.16901408,6.01,5.54,4838/5521,5.56,6.01,5.54,5.86,8.274647,8.6996099E7,17,600586,20260430
000525.SZ,红太阳,5.55,5.56,-0.35906643,5.65,5.53,4840/5521,5.56,5.65,5.53,5.55,2.154398,2.0424596E7,33,000525,20260430
000571.SZ,新大洲A,5.56,5.57,0,5.9,5.53,4840/5521,5.57,5.9,5.53,5.56,6.654676,2.0759601E7,33,000571,20260430
002712.SZ,思美传媒,5.58,5.63,-0.53475936,5.68,5.53,4840/5521,5.63,5.68,5.53,5.58,2.673796,1.491036E7,33,002712,20260430
601686.SH,友发集团,5.57,5.6,-0.53571429,5.61,5.53,4840/5521,5.6,5.61,5.53,5.57,1.428571,5894555,17,601686,20260430
002183.SZ,怡亚通,5.59,5.75,-2.95138889,5.78,5.52,4844/5521,5.75,5.78,5.52,5.59,4.513888,9.4163612E7,33,002183,20260430
600620.SH,天宸股份,5.52,6.14,-9.95106036,6.14,5.52,4844/5521,6.14,6.14,5.52,5.52,10.114192,1.8850761E7,17,600620,20260430
601096.SH,宏盛华源,5.56,5.67,-1.59292035,5.68,5.52,4844/5521,5.67,5.68,5.52,5.56,2.831858,2.7909845E7,17,601096,20260430
000498.SZ,山东路桥,5.54,5.61,-4.64716007,5.64,5.51,4847/5521,5.61,5.64,5.51,5.54,2.237521,3.3839563E7,33,000498,20260430
300079.SZ,数码视讯,5.56,5.52,0.54249548,5.58,5.51,4847/5521,5.52,5.58,5.51,5.56,1.265822,2.6236128E7,33,300079,20260430
300239.SZ,东宝生物,5.56,5.54,0.36101083,5.61,5.51,4847/5521,5.54,5.61,5.51,5.56,1.805054,8665200,33,300239,20260430
600207.SH,安彩高科,5.59,5.74,-2.10157618,5.76,5.51,4847/5521,5.74,5.76,5.51,5.59,4.378283,2.0194702E7,17,600207,20260430
600909.SH,华安证券,5.56,5.52,0.36101083,5.63,5.51,4847/5521,5.52,5.63,5.51,5.56,2.166064,4.7297274E7,17,600909,20260430
000572.SZ,海马汽车,5.59,5.52,1.82149362,5.61,5.5,4852/5521,5.52,5.61,5.5,5.59,2.003642,3.4042445E7,33,000572,20260430
600516.SH,方大炭素,5.66,5.52,2.16606498,5.7,5.49,4853/5521,5.52,5.7,5.49,5.66,3.790613,8.8377436E7,17,600516,20260430
002419.SZ,天虹股份,5.51,5.5,0.18181818,5.6,5.48,4854/5521,5.5,5.6,5.48,5.51,2.181818,1.6119944E7,33,002419,20260430
002692.SZ,远程股份,5.61,5.77,-3.44234079,5.83,5.48,4854/5521,5.77,5.83,5.48,5.61,6.024096,3.5050044E7,33,002692,20260430
300098.SZ,高新兴,5.51,5.5,-0.89928058,5.64,5.48,4854/5521,5.5,5.64,5.48,5.51,2.877697,9.0167341E7,33,300098,20260430
601619.SH,嘉泽新能,5.64,5.72,-2.08333333,5.73,5.48,4854/5521,5.72,5.73,5.48,5.64,4.340277,7.5309E7,17,601619,20260430
002479.SZ,富春环保,5.52,5.49,0.36363636,5.64,5.47,4858/5521,5.49,5.64,5.47,5.52,3.090909,1.5938101E7,33,002479,20260430
600399.SH,抚顺特钢,5.47,5.58,-2.14669052,5.6,5.47,4858/5521,5.58,5.6,5.47,5.47,2.325581,3.9232154E7,17,600399,20260430
002333.SZ,罗普斯金,5.5,5.57,-1.07913669,5.59,5.46,4860/5521,5.57,5.59,5.46,5.5,2.338129,1.10728E7,33,002333,20260430
002691.SZ,*ST冀凯,5.46,5.5,-5.04347826,5.63,5.46,4860/5521,5.5,5.63,5.46,5.46,2.956521,1.5181E7,33,002691,20260430
600395.SH,盘江股份,5.53,5.62,-1.25,5.65,5.46,4860/5521,5.62,5.65,5.46,5.53,3.392857,3.8489928E7,17,600395,20260430
000736.SZ,*ST中地,5.5,5.51,0.3649635,5.56,5.45,4863/5521,5.51,5.56,5.45,5.5,2.007299,5777030,33,000736,20260430
000759.SZ,中百集团,5.49,5.47,0,5.6,5.45,4863/5521,5.47,5.6,5.45,5.49,2.73224,1.55719E7,33,000759,20260430
000036.SZ,华联控股,5.59,5.45,2.75735294,5.75,5.44,4865/5521,5.45,5.75,5.44,5.59,5.698529,7.1413416E7,33,000036,20260430
002701.SZ,奥瑞金,5.5,5.45,0.91743119,5.53,5.42,4866/5521,5.45,5.53,5.42,5.5,2.018348,3.6052351E7,33,002701,20260430
600526.SH,菲达环保,5.43,5.58,-2.3381295,5.59,5.42,4866/5521,5.58,5.59,5.42,5.43,3.057553,1.983812E7,17,600526,20260430
601700.SH,风范股份,5.43,5.43,5.02901354,5.65,5.41,4868/5521,5.43,5.65,5.41,5.43,4.642166,5.1646671E7,17,601700,20260430
002218.SZ,拓日新能,5.46,5.55,-2.67379679,5.6,5.4,4869/5521,5.55,5.6,5.4,5.46,3.565062,8.2864433E7,33,002218,20260430
002872.SZ,ST天圣,5.42,5.49,-0.36764706,5.58,5.4,4869/5521,5.49,5.58,5.4,5.42,3.308823,8492368,33,002872,20260430
300366.SZ,ST创意,5.61,5.4,3.88888889,5.63,5.4,4869/5521,5.4,5.63,5.4,5.61,4.259259,1.43983E7,33,300366,20260430
002316.SZ,亚联发展,5.54,5.39,2.21402214,5.58,5.39,4872/5521,5.39,5.58,5.39,5.54,3.505535,1.82162E7,33,002316,20260430
002628.SZ,成都路桥,5.51,5.58,0.18181818,5.69,5.39,4872/5521,5.58,5.69,5.39,5.51,5.454545,3.6296554E7,33,002628,20260430
300311.SZ,ST任子行,5.42,5.47,0,5.47,5.38,4874/5521,5.47,5.47,5.38,5.42,1.660516,8267717,33,300311,20260430
600029.SH,南方航空,5.41,5.45,-1.63636364,5.53,5.38,4874/5521,5.45,5.53,5.38,5.41,2.727272,1.78828398E8,17,600029,20260430
300172.SZ,中电环保,5.43,5.4,0.55555556,5.44,5.37,4876/5521,5.4,5.44,5.37,5.43,1.296296,1.5803217E7,33,300172,20260430
600028.SH,中国石化,5.39,5.4,-0.55350554,5.43,5.37,4876/5521,5.4,5.43,5.37,5.39,1.107011,3.24654878E8,17,600028,20260430
002388.SZ,新亚制程,5.42,5.36,0.74349442,5.48,5.36,4878/5521,5.36,5.48,5.36,5.42,2.230483,1.67024E7,33,002388,20260430
600084.SH,*ST尼雅,5.35,5.35,-4.97335702,5.35,5.35,4879/5521,5.35,5.35,5.35,5.35,0,1651200,22,600084,20260430
600282.SH,南钢股份,5.39,5.41,-0.55350554,5.45,5.35,4879/5521,5.41,5.45,5.35,5.39,1.845018,2.78792E7,17,600282,20260430
600502.SH,安徽建工,5.39,5.47,-1.46252285,5.47,5.34,4881/5521,5.47,5.47,5.34,5.39,2.376599,3.0337042E7,17,600502,20260430
601678.SH,滨化股份,5.35,5.4,0.94339623,5.49,5.34,4881/5521,5.4,5.49,5.34,5.35,2.830188,9.4909287E7,17,601678,20260430
000886.SZ,海南高速,5.53,5.32,2.78810409,5.57,5.32,4883/5521,5.32,5.57,5.32,5.53,4.64684,2.8823599E7,33,000886,20260430
002226.SZ,江南化工,5.37,5.4,-1.10497238,5.45,5.32,4883/5521,5.4,5.45,5.32,5.37,2.394106,1.7139728E7,33,002226,20260430
002793.SZ,罗欣药业,5.53,5.38,2.5974026,5.62,5.32,4883/5521,5.38,5.62,5.32,5.53,5.565862,5.889829E7,33,002793,20260430
000548.SZ,湖南投资,5.33,5.35,-0.55970149,5.42,5.31,4886/5521,5.35,5.42,5.31,5.33,2.052238,6431801,33,000548,20260430
002259.SZ,升达林业,5.42,5.46,-0.36764706,5.62,5.31,4886/5521,5.46,5.62,5.31,5.42,5.698529,5.8980323E7,33,002259,20260430
002593.SZ,日上集团,5.38,5.31,0.9380863,5.43,5.31,4886/5521,5.31,5.43,5.31,5.38,2.251407,1.34443E7,33,002593,20260430
600728.SH,佳都科技,5.34,5.49,-3.78378378,5.51,5.31,4886/5521,5.49,5.51,5.31,5.34,3.603603,5.7985501E7,17,600728,20260430
600854.SH,春兰股份,5.42,5.35,1.30841121,5.44,5.31,4886/5521,5.35,5.44,5.31,5.42,2.429906,1.1256713E7,17,600854,20260430
600219.SH,南山铝业,5.37,5.38,-0.73937153,5.4,5.3,4891/5521,5.38,5.4,5.3,5.37,1.848428,2.03510118E8,17,600219,20260430
600320.SH,振华重工,5.42,5.33,0.9310987,5.45,5.3,4891/5521,5.33,5.45,5.3,5.42,2.793296,9.4302564E7,17,600320,20260430
300350.SZ,华鹏飞,5.35,5.34,0.18726592,5.39,5.29,4893/5521,5.34,5.39,5.29,5.35,1.872659,1.0277E7,33,300350,20260430
601169.SH,北京银行,5.3,5.31,0,5.32,5.29,4893/5521,5.31,5.32,5.29,5.3,0.566037,1.22887594E8,17,601169,20260430
600805.SH,悦达投资,5.3,5.35,-1.11940299,5.38,5.28,4895/5521,5.35,5.38,5.28,5.3,1.865671,1.40417E7,17,600805,20260430
600635.SH,大众公用,5.29,5.4,-3.64298725,5.4,5.27,4896/5521,5.4,5.4,5.27,5.29,2.367941,6.8209603E7,17,600635,20260430
601199.SH,江南水务,5.31,5.35,-0.74766355,5.36,5.27,4896/5521,5.35,5.36,5.27,5.31,1.682242,6840100,17,601199,20260430
002016.SZ,世荣兆业,5.38,5.29,1.70132325,5.41,5.25,4898/5521,5.29,5.41,5.25,5.38,3.024574,1.63512E7,33,002016,20260430
300180.SZ,华峰超纤,5.28,5.33,-0.9380863,5.37,5.25,4898/5521,5.33,5.37,5.25,5.28,2.251407,1.848424E7,33,300180,20260430
600713.SH,南京医药,5.28,5.39,-2.94117647,5.4,5.25,4898/5521,5.39,5.4,5.25,5.28,2.757352,3.1485784E7,17,600713,20260430
600787.SH,中储股份,5.27,5.32,-1.4953271,5.34,5.25,4898/5521,5.32,5.34,5.25,5.27,1.682242,2.5216008E7,17,600787,20260430
600917.SH,重庆燃气,5.27,5.28,-0.37807183,5.29,5.25,4898/5521,5.28,5.29,5.25,5.27,0.756143,4945401,17,600917,20260430
002659.SZ,凯文教育,5.34,5.25,1.71428571,5.36,5.24,4903/5521,5.25,5.36,5.24,5.34,2.285714,1.27684E7,33,002659,20260430
600375.SH,汉马科技,5.37,5.3,1.70454545,5.4,5.24,4903/5521,5.3,5.4,5.24,5.37,3.030303,3.0274058E7,17,600375,20260430
300412.SZ,迦南科技,5.33,5.25,1.52380952,5.34,5.23,4905/5521,5.25,5.34,5.23,5.33,2.095238,8879990,33,300412,20260430
600226.SH,亨通股份,5.4,5.24,2.85714286,5.46,5.23,4905/5521,5.24,5.46,5.23,5.4,4.380952,8.5120185E7,17,600226,20260430
600390.SH,五矿资本,5.24,5.26,0,5.34,5.23,4905/5521,5.26,5.34,5.23,5.24,2.099236,3.1143165E7,17,600390,20260430
601006.SH,大秦铁路,5.27,5.31,-2.40740741,5.32,5.23,4905/5521,5.31,5.32,5.23,5.27,1.666666,2.30257831E8,17,601006,20260430
000690.SZ,宝新能源,5.28,5.38,-1.12359551,5.38,5.22,4909/5521,5.38,5.38,5.22,5.28,2.996254,1.04718699E8,33,000690,20260430
300160.SZ,秀强股份,5.26,5.24,0.38167939,5.28,5.22,4909/5521,5.24,5.28,5.22,5.26,1.145038,6935400,33,300160,20260430
600540.SH,新赛股份,5.58,5.32,10.0591716,5.58,5.21,4911/5521,5.32,5.58,5.21,5.58,7.29783,4.7109176E7,17,600540,20260430
603378.SH,亚士创能,5.21,5.21,,5.21,5.21,4911/5521,5.21,5.21,5.21,5.21,,,17,603378,20260430
600666.SH,奥瑞德,5.24,5.58,-5.58558559,5.63,5.2,4913/5521,5.58,5.63,5.2,5.24,7.747747,3.0743448E8,17,600666,20260430
600812.SH,华北制药,5.21,5.24,-1.13851992,5.26,5.2,4913/5521,5.24,5.26,5.2,5.21,1.138519,1.0234482E7,17,600812,20260430
601528.SH,瑞丰银行,5.23,5.27,-1.87617261,5.27,5.2,4913/5521,5.27,5.27,5.2,5.23,1.31332,3.2643169E7,17,601528,20260430
001391.SZ,国货航,5.2,5.18,0.19267823,5.22,5.18,4916/5521,5.18,5.22,5.18,5.2,0.770712,1.1268163E7,33,001391,20260430
300032.SZ,金龙机电,5.23,5.25,-0.9469697,5.33,5.18,4916/5521,5.25,5.33,5.18,5.23,2.840909,3.26222E7,33,300032,20260430
600405.SH,动力源,5.24,5.2,0.76923077,5.3,5.18,4916/5521,5.2,5.3,5.18,5.24,2.307692,1.1713351E7,17,600405,20260430
002044.SZ,美年健康,5.43,5.58,3.23193916,5.68,5.17,4919/5521,5.58,5.68,5.17,5.43,9.695817,4.07443598E8,33,002044,20260430
002697.SZ,红旗连锁,5.2,5.18,0.38610039,5.23,5.17,4919/5521,5.18,5.23,5.17,5.2,1.158301,1.63814E7,33,002697,20260430
000507.SZ,珠海港,5.19,5.18,-0.38387716,5.21,5.16,4921/5521,5.18,5.21,5.16,5.19,0.959692,1.160901E7,33,000507,20260430
600525.SH,ST长园,5.19,5.25,-2.25988701,5.29,5.16,4921/5521,5.25,5.29,5.16,5.19,2.44821,1.428942E7,22,600525,20260430
600748.SH,上实发展,5.3,5.48,-3.10786106,5.5,5.16,4921/5521,5.48,5.5,5.16,5.3,6.215722,2.77301E7,17,600748,20260430
000955.SZ,欣龙控股,5.2,5.21,0.38610039,5.28,5.15,4924/5521,5.21,5.28,5.15,5.2,2.509652,9562500,33,000955,20260430
002047.SZ,*ST宝鹰,5.25,5.31,-2.05223881,5.35,5.15,4924/5521,5.31,5.35,5.15,5.25,3.731343,3.0865232E7,33,002047,20260430
002453.SZ,华软科技,5.61,5.15,10,5.61,5.15,4924/5521,5.15,5.61,5.15,5.61,9.019607,1.94931E7,33,002453,20260430
002666.SZ,德联集团,5.19,5.15,1.56555773,5.29,5.13,4927/5521,5.15,5.29,5.13,5.19,3.131115,1.5106E7,33,002666,20260430
600530.SH,交大昂立,5.43,5.15,5.02901354,5.52,5.13,4927/5521,5.15,5.52,5.13,5.43,7.54352,1.89401E7,17,600530,20260430
688009.SH,中国通号,5.13,5.25,-2.84090909,5.26,5.13,4927/5521,5.25,5.26,5.13,5.13,2.462121,5.8619599E7,17,688009,20260430
300167.SZ,ST迪威迅,5.71,5.8,-9.93690852,5.97,5.12,4930/5521,5.8,5.97,5.12,5.71,13.40694,2.1088887E7,33,300167,20260430
600998.SH,九州通,5.17,5.16,-0.38535645,5.21,5.12,4930/5521,5.16,5.21,5.12,5.17,1.734104,2.7716882E7,17,600998,20260430
601968.SH,宝钢包装,5.15,5.14,0,5.21,5.12,4930/5521,5.14,5.21,5.12,5.15,1.747572,1.070799E7,17,601968,20260430
000796.SZ,凯撒旅业,5.21,5.14,1.3618677,5.3,5.11,4933/5521,5.14,5.3,5.11,5.21,3.696498,5.4448524E7,33,000796,20260430
300010.SZ,豆神教育,5.11,5.11,,5.11,5.11,4933/5521,5.11,5.11,5.11,5.11,,,33,300010,20260430
300317.SZ,珈伟新能,5.13,5.29,-2.84090909,5.35,5.11,4933/5521,5.29,5.35,5.11,5.13,4.545454,7.7458761E7,33,300317,20260430
600880.SH,博瑞传播,5.13,5.11,0.39138943,5.17,5.1,4936/5521,5.11,5.17,5.1,5.13,1.369863,1.65131E7,17,600880,20260430
688119.SH,中钢洛耐,5.22,5.14,1.1627907,5.27,5.1,4936/5521,5.14,5.27,5.1,5.22,3.294573,1.6699917E7,17,688119,20260430
920433.BJ,大唐药业,5.15,5.12,1.77865613,5.24,5.1,4936/5521,5.12,5.24,5.1,5.15,2.766798,1984332,151,920433,20260430
002743.SZ,富煌钢构,5.13,5.29,-3.57142857,5.33,5.09,4939/5521,5.29,5.33,5.09,5.13,4.511278,1.8917702E7,33,002743,20260430
000716.SZ,黑芝麻,5.14,5.2,-0.77220077,5.28,5.08,4940/5521,5.2,5.28,5.08,5.14,3.861003,4.7752144E7,33,000716,20260430
300217.SZ,东方电热,5.12,5.13,-0.19493177,5.16,5.08,4940/5521,5.13,5.16,5.08,5.12,1.559454,2.16022E7,33,300217,20260430
300292.SZ,吴通控股,5.11,5.2,-2.10727969,5.22,5.08,4940/5521,5.2,5.22,5.08,5.11,2.681992,6.2192715E7,33,300292,20260430
000030.SZ,富奥股份,5.09,5.1,-0.19607843,5.14,5.07,4943/5521,5.1,5.14,5.07,5.09,1.372549,1.365035E7,33,000030,20260430
002081.SZ,金螳螂,5.9,5.17,10.07462687,5.9,5.07,4943/5521,5.17,5.9,5.07,5.9,15.485074,5.75692507E8,33,002081,20260430
002681.SZ,奋达科技,5.22,5.12,1.75438596,5.23,5.07,4943/5521,5.12,5.23,5.07,5.22,3.118908,3.3667837E7,33,002681,20260430
600704.SH,物产中大,5.12,5.11,0,5.15,5.07,4943/5521,5.11,5.15,5.07,5.12,1.5625,4.7708384E7,17,600704,20260430
002634.SZ,*ST棒杰,5.31,5.16,4.94071146,5.31,5.06,4947/5521,5.16,5.31,5.06,5.31,4.940711,2.3171672E7,33,002634,20260430
300150.SZ,世纪瑞尔,5.09,5.12,-0.39138943,5.14,5.06,4947/5521,5.12,5.14,5.06,5.09,1.565557,7894100,33,300150,20260430
603188.SH,亚邦股份,5.32,5.1,6.4,5.41,5.06,4947/5521,5.1,5.41,5.06,5.32,7,3.59909E7,17,603188,20260430
000420.SZ,吉林化纤,5.11,5.2,-0.77669903,5.23,5.05,4950/5521,5.2,5.23,5.05,5.11,3.495145,8.1461619E7,33,000420,20260430
601390.SH,中国中铁,5.08,5.15,-3.05343511,5.15,5.05,4950/5521,5.15,5.15,5.05,5.08,1.908396,3.48301686E8,17,601390,20260430
600168.SH,武汉控股,5.07,5.09,-0.39292731,5.12,5.04,4952/5521,5.09,5.12,5.04,5.07,1.571709,6211360,17,600168,20260430
601658.SH,邮储银行,5.07,5.12,-1.55339806,5.13,5.04,4952/5521,5.12,5.13,5.04,5.07,1.747572,1.8467202E8,17,601658,20260430
600662.SH,外服控股,5.07,5.06,0,5.1,5.03,4954/5521,5.06,5.1,5.03,5.07,1.38067,1.2172475E7,17,600662,20260430
605081.SH,*ST太和,5.03,5.03,,5.03,5.03,4954/5521,5.03,5.03,5.03,5.03,,,22,605081,20260430
300076.SZ,GQY视讯,5.02,5.02,,5.02,5.02,4956/5521,5.02,5.02,5.02,5.02,,,33,300076,20260430
002398.SZ,垒知集团,5.06,5.09,-0.39370079,5.1,5.01,4957/5521,5.09,5.1,5.01,5.06,1.771653,1.1667301E7,33,002398,20260430
600266.SH,城建发展,5.14,5.06,5.54414784,5.24,5.01,4957/5521,5.06,5.24,5.01,5.14,4.722792,8.1426991E7,17,600266,20260430
000589.SZ,贵州轮胎,5.03,5.11,-1.37254902,5.16,5,4959/5521,5.11,5.16,5,5.03,3.137254,6.3170278E7,33,000589,20260430
002548.SZ,金新农,5.39,5.1,6.1023622,5.48,5,4959/5521,5.1,5.48,5,5.39,9.448818,8.889368E7,33,002548,20260430
000755.SZ,山西高速,5.03,5.03,-0.1984127,5.07,4.99,4961/5521,5.03,5.07,4.99,5.03,1.587301,3928900,33,000755,20260430
002687.SZ,乔治白,5.04,5.09,1.00200401,5.1,4.98,4962/5521,5.09,5.1,4.98,5.04,2.404809,1.8037852E7,33,002687,20260430
600828.SH,茂业商业,5.0,5.05,-0.39840637,5.09,4.98,4962/5521,5.05,5.09,4.98,5.0,2.191235,1.35527E7,17,600828,20260430
002004.SZ,华邦健康,4.97,5.03,-0.20080321,5.13,4.97,4964/5521,5.03,5.13,4.97,4.97,3.212851,3.287455E7,33,002004,20260430
300425.SZ,中建环能,4.98,5,-0.79681275,5.04,4.97,4964/5521,5,5.04,4.97,4.98,1.394422,7857098,33,300425,20260430
600027.SH,华电国际,4.99,5,-0.59760956,5.05,4.97,4964/5521,5,5.05,4.97,4.99,1.593625,9.5517561E7,17,600027,20260430
603323.SH,苏农银行,4.97,5.01,0.60728745,5.05,4.97,4964/5521,5.01,5.05,4.97,4.97,1.619433,5.0325555E7,17,603323,20260430
000591.SZ,太阳能,4.99,5.13,-2.91828794,5.13,4.96,4968/5521,5.13,5.13,4.96,4.99,3.307392,1.12769824E8,33,000591,20260430
002424.SZ,ST百灵,5.03,5.03,-0.98425197,5.08,4.96,4968/5521,5.03,5.08,4.96,5.03,2.362204,1.20821E7,33,002424,20260430
600960.SH,渤海汽车,4.97,5.17,-4.78927203,5.19,4.96,4968/5521,5.17,5.19,4.96,4.97,4.40613,3.26307E7,17,600960,20260430
603866.SH,桃李面包,4.98,5.05,-1.38613861,5.05,4.96,4968/5521,5.05,5.05,4.96,4.98,1.782178,1.297476E7,17,603866,20260430
300359.SZ,全通教育,5.0,4.98,0.60362173,5.05,4.95,4972/5521,4.98,5.05,4.95,5.0,2.012072,7695850,33,300359,20260430
600018.SH,上港集团,5.0,4.95,1.4198783,5.02,4.95,4972/5521,4.95,5.02,4.95,5.0,1.419878,8.3400864E7,17,600018,20260430
600616.SH,金枫酒业,5.0,5.06,-0.79365079,5.06,4.95,4972/5521,5.06,5.06,4.95,5.0,2.182539,1.033573E7,17,600616,20260430
600979.SH,广安爱众,4.99,5.14,-2.91828794,5.14,4.95,4972/5521,5.14,5.14,4.95,4.99,3.696498,7.2567196E7,17,600979,20260430
000789.SZ,万年青,4.96,4.97,-0.6012024,5,4.94,4976/5521,4.97,5,4.94,4.96,1.202404,3735660,33,000789,20260430
601368.SH,绿城水务,4.97,4.98,-0.79840319,5.04,4.94,4976/5521,4.98,5.04,4.94,4.97,1.996007,1.01432E7,17,601368,20260430
000573.SZ,粤宏远A,5.03,5.02,1.41129032,5.06,4.93,4978/5521,5.02,5.06,4.93,5.03,2.620967,2.8006556E7,33,000573,20260430
002266.SZ,浙富控股,5.28,4.97,4.76190476,5.36,4.93,4978/5521,4.97,5.36,4.93,5.28,8.531746,2.64001437E8,33,002266,20260430
002570.SZ,贝因美,5.03,4.94,1.61616162,5.03,4.93,4978/5521,4.94,5.03,4.93,5.03,2.020202,2.3395893E7,33,002570,20260430
000597.SZ,东北制药,4.93,4.98,-0.60483871,4.98,4.92,4981/5521,4.98,4.98,4.92,4.93,1.209677,1.1499786E7,33,000597,20260430
300155.SZ,安居宝,5.0,4.99,0.80645161,5.02,4.92,4981/5521,4.99,5.02,4.92,5.0,2.016129,7665300,33,300155,20260430
300230.SZ,永利股份,5.03,4.94,1.82186235,5.06,4.92,4981/5521,4.94,5.06,4.92,5.03,2.834008,1.7016388E7,33,300230,20260430
600658.SH,电子城,5.1,4.95,2.40963855,5.12,4.92,4981/5521,4.95,5.12,4.92,5.1,4.016064,1.76939E7,17,600658,20260430
000566.SZ,海南海药,5.0,4.97,0.80645161,5.04,4.91,4985/5521,4.97,5.04,4.91,5.0,2.620967,2.11271E7,33,000566,20260430
300315.SZ,掌趣科技,5.01,4.94,1.00806452,5.02,4.91,4985/5521,4.94,5.02,4.91,5.01,2.217741,7.0717711E7,33,300315,20260430
600543.SH,*ST莫高,4.96,5.03,-2.74509804,5.11,4.91,4985/5521,5.03,5.11,4.91,4.96,3.921568,1.3338591E7,22,600543,20260430
002059.SZ,云南旅游,4.9,4.96,-1.01010101,4.96,4.9,4988/5521,4.96,4.96,4.9,4.9,1.212121,8510300,33,002059,20260430
601816.SH,京沪高铁,4.9,4.93,-0.8097166,4.94,4.9,4988/5521,4.93,4.94,4.9,4.9,0.809716,1.46385905E8,17,601816,20260430
002042.SZ,华孚时尚,4.93,5.01,-0.80482897,5.1,4.89,4990/5521,5.01,5.1,4.89,4.93,4.225352,5.6380214E7,33,002042,20260430
600310.SH,广西能源,4.94,5.01,-2.3715415,5.1,4.89,4990/5521,5.01,5.1,4.89,4.94,4.150197,1.16903869E8,17,600310,20260430
600545.SH,卓郎智能,4.89,5.24,-9.94475138,5.5,4.89,4990/5521,5.24,5.5,4.89,4.89,11.233885,2.09843796E8,17,600545,20260430
002067.SZ,景兴纸业,4.89,4.92,-0.40733198,4.95,4.87,4993/5521,4.92,4.95,4.87,4.89,1.629327,3.6142E7,33,002067,20260430
600655.SH,豫园股份,4.93,4.93,-0.4040404,4.98,4.87,4993/5521,4.93,4.98,4.87,4.93,2.222222,1.3413196E7,17,600655,20260430
000912.SZ,泸天化,4.87,5.08,-7.41444867,5.15,4.86,4995/5521,5.08,5.15,4.86,4.87,5.513307,1.06539946E8,33,000912,20260430
601668.SH,中国建筑,4.91,4.9,0.20408163,4.92,4.86,4995/5521,4.9,4.92,4.86,4.91,1.224489,2.4694688E8,17,601668,20260430
600279.SH,重庆港,4.88,4.89,-0.40816327,4.91,4.85,4997/5521,4.89,4.91,4.85,4.88,1.224489,6406900,17,600279,20260430
000514.SZ,渝开发,4.93,4.86,1.23203285,5.01,4.84,4998/5521,4.86,5.01,4.84,4.93,3.490759,1.3341396E7,33,000514,20260430
002671.SZ,龙泉股份,4.95,4.89,1.43442623,5.02,4.84,4998/5521,4.89,5.02,4.84,4.95,3.688524,2.0332302E7,33,002671,20260430
603797.SH,联泰环保,4.91,4.86,0.20408163,4.94,4.84,4998/5521,4.86,4.94,4.84,4.91,2.040816,9834234,17,603797,20260430
000892.SZ,欢瑞世纪,4.96,4.99,1.43149284,5.04,4.83,5001/5521,4.99,5.04,4.83,4.96,4.294478,4.0282456E7,33,000892,20260430
002160.SZ,常铝股份,4.88,4.9,-1.2145749,4.95,4.83,5001/5521,4.9,4.95,4.83,4.88,2.429149,1.57233E7,33,002160,20260430
600578.SH,京能电力,4.88,4.92,-1.01419878,4.93,4.83,5001/5521,4.92,4.93,4.83,4.88,2.028397,4.0343865E7,17,600578,20260430
000407.SZ,胜利股份,4.84,5,-0.20618557,5.07,4.82,5004/5521,5,5.07,4.82,4.84,5.154639,5.2480473E7,33,000407,20260430
000883.SZ,湖北能源,4.86,4.85,-0.20533881,4.89,4.82,5004/5521,4.85,4.89,4.82,4.86,1.437371,3.9574021E7,33,000883,20260430
000757.SZ,浩物股份,4.89,4.88,0.41067762,4.98,4.81,5006/5521,4.88,4.98,4.81,4.89,3.490759,1.14469E7,33,000757,20260430
000692.SZ,惠天热电,5.0,5.16,0.80645161,5.16,4.8,5007/5521,5.16,5.16,4.8,5.0,7.258064,6.7720983E7,33,000692,20260430
603183.SH,建研院,4.9,4.8,1.65975104,4.94,4.8,5007/5521,4.8,4.94,4.8,4.9,2.904564,1.602351E7,17,603183,20260430
300242.SZ,佳云科技,4.91,4.86,0.82135524,4.94,4.79,5009/5521,4.86,4.94,4.79,4.91,3.080082,1.76418E7,33,300242,20260430
600604.SH,市北高新,4.83,4.84,-0.41237113,4.86,4.79,5009/5521,4.84,4.86,4.79,4.83,1.443298,8372200,17,600604,20260430
300145.SZ,南方泵业,4.84,4.9,-1.82555781,4.93,4.78,5011/5521,4.9,4.93,4.78,4.84,3.042596,5.4739601E7,33,300145,20260430
600738.SH,丽尚国潮,4.8,4.81,-0.41493776,4.86,4.78,5011/5521,4.81,4.86,4.78,4.8,1.659751,1.19527E7,17,600738,20260430
300375.SZ,鹏翎股份,4.81,4.79,-0.20746888,4.84,4.77,5013/5521,4.79,4.84,4.77,4.81,1.452282,1.0776821E7,33,300375,20260430
601008.SH,连云港,4.79,4.78,-0.20833333,4.82,4.77,5013/5521,4.78,4.82,4.77,4.79,1.041666,5993902,17,601008,20260430
300071.SZ,福石控股,4.86,4.83,0.41322314,4.91,4.75,5015/5521,4.83,4.91,4.75,4.86,3.305785,3.0453471E7,33,300071,20260430
600643.SH,爱建集团,4.82,4.79,0.41666667,4.89,4.75,5015/5521,4.79,4.89,4.75,4.82,2.916666,2.6335383E7,17,600643,20260430
002485.SZ,ST雪发,4.91,4.83,1.44628099,4.96,4.74,5017/5521,4.83,4.96,4.74,4.91,4.545454,3871437,33,002485,20260430
920090.BJ,*ST同辉,4.85,4.73,0,5.07,4.73,5018/5521,4.73,5.07,4.73,4.85,7.010309,6861149,151,920090,20260430
000931.SZ,中关村,4.75,4.74,0.21097046,4.81,4.72,5019/5521,4.74,4.81,4.72,4.75,1.898734,1.02379E7,33,000931,20260430
002330.SZ,得利斯,4.75,4.76,-0.41928721,4.82,4.72,5019/5521,4.76,4.82,4.72,4.75,2.096436,9943359,33,002330,20260430
600795.SH,国电电力,4.74,4.85,-2.4691358,4.85,4.72,5019/5521,4.85,4.85,4.72,4.74,2.674897,2.46784113E8,17,600795,20260430
688425.SH,铁建重工,4.73,4.76,-0.83857442,4.77,4.72,5019/5521,4.76,4.77,4.72,4.73,1.048218,1.9100389E7,17,688425,20260430
000166.SZ,申万宏源,4.74,4.72,0,4.8,4.71,5023/5521,4.72,4.8,4.71,4.74,1.898734,1.051583E8,33,000166,20260430
000637.SZ,茂化实华,4.82,4.73,1.90274841,4.84,4.71,5023/5521,4.73,4.84,4.71,4.82,2.748414,1.19756E7,33,000637,20260430
000665.SZ,湖北广电,4.79,4.72,0.84210526,4.84,4.71,5023/5521,4.72,4.84,4.71,4.79,2.736842,1.759546E7,33,000665,20260430
300324.SZ,旋极信息,4.92,4.76,3.36134454,4.96,4.71,5023/5521,4.76,4.96,4.71,4.92,5.2521,6.5068068E7,33,300324,20260430
002397.SZ,梦洁股份,4.83,4.74,2.5477707,4.83,4.7,5027/5521,4.74,4.83,4.7,4.83,2.760084,2.9911399E7,33,002397,20260430
300278.SZ,华昌达,4.83,4.7,2.33050847,4.86,4.7,5027/5521,4.7,4.86,4.7,4.83,3.38983,2.1810332E7,33,300278,20260430
600717.SH,天津港,4.74,4.75,0.42372881,4.78,4.69,5029/5521,4.75,4.78,4.69,4.74,1.906779,4.2260847E7,17,600717,20260430
002132.SZ,恒星科技,4.83,4.81,-0.41237113,4.86,4.68,5030/5521,4.81,4.86,4.68,4.83,3.71134,8.3963269E7,33,002132,20260430
002586.SZ,ST围海,4.71,4.79,-1.05042017,4.79,4.67,5031/5521,4.79,4.79,4.67,4.71,2.521008,6791400,33,002586,20260430
002742.SZ,*ST三圣,4.67,4.67,,4.67,4.67,5031/5521,4.67,4.67,4.67,4.67,,,33,002742,20260430
600759.SH,ST洲际,4.67,4.67,-5.08130081,4.67,4.67,5031/5521,4.67,4.67,4.67,4.67,0,6797300,22,600759,20260430
000909.SZ,*ST数源,4.66,4.66,-5.09164969,4.66,4.66,5034/5521,4.66,4.66,4.66,4.66,0,4167400,33,000909,20260430
600094.SH,大名城,4.71,4.71,-0.42283298,4.78,4.66,5034/5521,4.71,4.78,4.66,4.71,2.536997,1.728194E7,17,600094,20260430
600925.SH,苏能股份,4.69,4.68,0.21367521,4.72,4.66,5034/5521,4.68,4.72,4.66,4.69,1.282051,1.1754986E7,17,600925,20260430
000415.SZ,渤海租赁,4.68,4.78,-1.88679245,4.82,4.65,5037/5521,4.78,4.82,4.65,4.68,3.563941,8.4486015E7,33,000415,20260430
000557.SZ,西部创业,4.7,4.68,0.21321962,4.75,4.65,5037/5521,4.68,4.75,4.65,4.7,2.132196,9240668,33,000557,20260430
002766.SZ,索菱股份,4.69,4.69,-0.21276596,4.72,4.65,5037/5521,4.69,4.72,4.65,4.69,1.489361,1.00053E7,33,002766,20260430
000711.SZ,ST京蓝,4.92,4.66,2.92887029,4.96,4.63,5040/5521,4.66,4.96,4.63,4.92,6.903765,1.15523534E8,33,000711,20260430
000877.SZ,天山股份,4.64,4.67,-1.06609808,4.69,4.61,5041/5521,4.67,4.69,4.61,4.64,1.705756,1.0794429E7,33,000877,20260430
600863.SH,华能蒙电,4.64,4.68,-1.06609808,4.7,4.61,5041/5521,4.68,4.7,4.61,4.64,1.918976,4.2589038E7,17,600863,20260430
601616.SH,广电电气,4.64,4.67,-1.06609808,4.72,4.61,5041/5521,4.67,4.72,4.61,4.64,2.345415,1.7448E7,17,601616,20260430
000516.SZ,国际医学,4.6,4.62,-0.86206897,4.65,4.59,5044/5521,4.62,4.65,4.59,4.6,1.293103,2.1860568E7,33,000516,20260430
601000.SH,唐山港,4.65,4.74,-1.69133192,4.78,4.59,5044/5521,4.74,4.78,4.59,4.65,4.016913,5.6642336E7,17,601000,20260430
300506.SZ,ST名家汇,4.64,4.86,-3.93374741,4.86,4.58,5046/5521,4.86,4.86,4.58,4.64,5.797101,1.456507E7,33,300506,20260430
000778.SZ,新兴铸管,4.6,4.65,-2.12765957,4.68,4.57,5047/5521,4.65,4.68,4.57,4.6,2.340425,7.424272E7,33,000778,20260430
000932.SZ,华菱钢铁,4.64,4.8,-5.88235294,4.8,4.57,5047/5521,4.8,4.8,4.57,4.64,4.665314,1.57750714E8,33,000932,20260430
002807.SZ,江阴银行,4.58,4.63,-1.07991361,4.65,4.57,5047/5521,4.63,4.65,4.57,4.58,1.727861,3.361312E7,33,002807,20260430
601003.SH,柳钢股份,4.57,4.57,,4.57,4.57,5047/5521,4.57,4.57,4.57,4.57,,,17,601003,20260430
601113.SH,华鼎股份,4.6,4.57,0.21786492,4.68,4.57,5047/5521,4.57,4.68,4.57,4.6,2.396514,1.43803E7,17,601113,20260430
002145.SZ,钛能化学,4.58,4.72,-3.17124736,4.75,4.56,5052/5521,4.72,4.75,4.56,4.58,4.016913,5.7100934E7,33,002145,20260430
600963.SH,岳阳林纸,4.64,4.66,-0.85470085,4.68,4.56,5052/5521,4.66,4.68,4.56,4.64,2.564102,2.1431626E7,17,600963,20260430
002839.SZ,张家港行,4.56,4.6,-1.51187905,4.64,4.55,5054/5521,4.6,4.64,4.55,4.56,1.943844,2.6152741E7,33,002839,20260430
300072.SZ,海新能科,4.58,4.67,-1.29310345,4.69,4.55,5054/5521,4.67,4.69,4.55,4.58,3.017241,3.5254417E7,33,300072,20260430
603117.SH,万林物流,4.68,4.75,-2.7027027,4.75,4.55,5054/5521,4.75,4.75,4.55,4.68,4.158004,2.2172284E7,17,603117,20260430
603959.SH,ST百利,4.55,4.55,-5.01043841,4.55,4.55,5054/5521,4.55,4.55,4.55,4.55,0,1791500,22,603959,20260430
000966.SZ,长源电力,4.56,4.63,-1.93548387,4.65,4.54,5058/5521,4.63,4.65,4.54,4.56,2.365591,7.1757024E7,33,000966,20260430
000850.SZ,华茂股份,4.54,4.59,-1.08932462,4.65,4.52,5059/5521,4.59,4.65,4.52,4.54,2.832244,9185780,33,000850,20260430
000863.SZ,三湘印象,4.85,4.6,6.35964912,4.9,4.52,5059/5521,4.6,4.9,4.52,4.85,8.333333,4.0559736E7,33,000863,20260430
000959.SZ,首钢股份,4.56,4.69,-2.77185501,4.69,4.52,5059/5521,4.69,4.69,4.52,4.56,3.624733,3.8873706E7,33,000959,20260430
600050.SH,中国联通,4.52,4.53,-0.44052863,4.57,4.52,5059/5521,4.53,4.57,4.52,4.52,1.101321,1.38403543E8,17,600050,20260430
002481.SZ,双塔食品,4.56,4.56,0,4.6,4.51,5063/5521,4.56,4.6,4.51,4.56,1.973684,1.0192744E7,33,002481,20260430
600130.SH,波导股份,4.62,4.65,0.43478261,4.78,4.51,5063/5521,4.65,4.78,4.51,4.62,5.869565,6.10959E7,17,600130,20260430
600611.SH,大众交通,4.53,4.64,-3.41151386,4.65,4.51,5063/5521,4.64,4.65,4.51,4.53,2.985074,3.2547665E7,17,600611,20260430
600636.SH,*ST国化,4.51,4.51,,4.51,4.51,5063/5521,4.51,4.51,4.51,4.51,,,22,600636,20260430
000088.SZ,盐田港,4.53,4.52,0,4.54,4.49,5067/5521,4.52,4.54,4.49,4.53,1.103752,2.0180838E7,33,000088,20260430
600800.SH,渤海化学,4.59,4.56,1.32450331,4.66,4.49,5067/5521,4.56,4.66,4.49,4.59,3.752759,3.1814641E7,17,600800,20260430
000720.SZ,新能泰山,4.54,4.65,-1.51843818,4.67,4.48,5069/5521,4.65,4.67,4.48,4.54,4.121475,5.22962E7,33,000720,20260430
600792.SH,云煤能源,4.51,4.49,0.22222222,4.6,4.48,5069/5521,4.49,4.6,4.48,4.51,2.666666,2.641464E7,17,600792,20260430
300080.SZ,易成新能,4.5,4.53,-0.66225166,4.57,4.47,5071/5521,4.53,4.57,4.47,4.5,2.207505,1.9057879E7,33,300080,20260430
000868.SZ,安凯客车,4.46,4.46,-0.66815145,4.52,4.46,5072/5521,4.46,4.52,4.46,4.46,1.336302,6827800,33,000868,20260430
002256.SZ,兆新股份,4.59,4.53,0.43763676,4.61,4.46,5072/5521,4.53,4.61,4.46,4.59,3.282275,1.43087135E8,33,002256,20260430
601500.SH,通用股份,4.66,4.46,6.39269406,4.79,4.46,5072/5521,4.46,4.79,4.46,4.66,7.534246,7.7070416E7,17,601500,20260430
603669.SH,灵康药业,4.48,4.51,-1.53846154,4.6,4.46,5072/5521,4.51,4.6,4.46,4.48,3.076923,1.31768E7,17,603669,20260430
688496.SH,ST清越,4.46,4.46,-19.92818671,4.73,4.46,5072/5521,4.46,4.73,4.46,4.46,4.847396,2.0665081E7,22,688496,20260430
000723.SZ,美锦能源,4.46,4.51,-0.66815145,4.54,4.45,5077/5521,4.51,4.54,4.45,4.46,2.004454,5.5323523E7,33,000723,20260430
002162.SZ,悦心健康,4.47,4.47,-0.4454343,4.55,4.45,5077/5521,4.47,4.55,4.45,4.47,2.227171,1.2985673E7,33,002162,20260430
002344.SZ,海宁皮城,4.48,4.48,0,4.54,4.45,5077/5521,4.48,4.54,4.45,4.48,2.008928,1.36098E7,33,002344,20260430
003816.SZ,中国广核,4.58,4.51,0.88105727,4.59,4.45,5077/5521,4.51,4.59,4.45,4.58,3.0837,1.4240818E8,33,003816,20260430
300021.SZ,大禹节水,4.51,4.47,0.4454343,4.54,4.45,5077/5521,4.47,4.54,4.45,4.51,2.004454,1.6461445E7,33,300021,20260430
601515.SH,衢州东峰,4.54,4.56,-0.43859649,4.59,4.45,5077/5521,4.56,4.59,4.45,4.54,3.070175,2.8715341E7,17,601515,20260430
600361.SH,创新新材,4.47,4.46,-0.66666667,4.56,4.44,5083/5521,4.46,4.56,4.44,4.47,2.666666,4.55531E7,17,600361,20260430
600684.SH,珠江股份,4.47,4.56,-2.82608696,4.59,4.44,5083/5521,4.56,4.59,4.44,4.47,3.260869,2.243724E7,17,600684,20260430
688509.SH,正元地信,4.51,4.5,0.22222222,4.53,4.44,5083/5521,4.5,4.53,4.44,4.51,2,8900073,17,688509,20260430
002225.SZ,濮耐股份,4.5,4.62,-2.17391304,4.72,4.43,5086/5521,4.62,4.72,4.43,4.5,6.304347,1.094175E8,33,002225,20260430
600103.SH,青山纸业,4.46,4.61,-4.08602151,4.64,4.43,5086/5521,4.61,4.64,4.43,4.46,4.516129,2.1173467E8,17,600103,20260430
600572.SH,康恩贝,4.48,4.45,0.22371365,4.51,4.43,5086/5521,4.45,4.51,4.43,4.48,1.789709,5.0244537E7,17,600572,20260430
300259.SZ,新天科技,4.46,4.47,-0.88888889,4.5,4.42,5089/5521,4.47,4.5,4.42,4.46,1.777777,1.00725E7,33,300259,20260430
600624.SH,ST复华,4.62,4.44,5,4.62,4.42,5089/5521,4.44,4.62,4.42,4.62,4.545454,9921924,22,600624,20260430
601975.SH,招商南油,4.48,4.56,-1.96936543,4.62,4.42,5089/5521,4.56,4.62,4.42,4.48,4.376367,2.13194347E8,17,601975,20260430
002075.SZ,沙钢股份,4.44,4.47,-0.67114094,4.49,4.41,5092/5521,4.47,4.49,4.41,4.44,1.789709,1.9747535E7,33,002075,20260430
002638.SZ,勤上股份,4.68,4.45,5.40540541,4.75,4.41,5092/5521,4.45,4.75,4.41,4.68,7.657657,6.6473753E7,33,002638,20260430
002672.SZ,东江环保,4.42,4.46,-0.89686099,4.48,4.41,5092/5521,4.46,4.48,4.41,4.42,1.569506,7102600,33,002672,20260430
601158.SH,重庆水务,4.43,4.42,0,4.43,4.41,5092/5521,4.42,4.43,4.41,4.43,0.451467,6157000,17,601158,20260430
600269.SH,赣粤高速,4.43,4.46,-0.67264574,4.47,4.4,5096/5521,4.46,4.47,4.4,4.43,1.569506,1.373347E7,17,600269,20260430
002528.SZ,*ST英飞,4.81,4.4,4.33839479,4.84,4.39,5097/5521,4.4,4.84,4.39,4.81,9.761388,3.9795689E7,33,002528,20260430
600376.SH,首开股份,4.53,4.41,2.72108844,4.6,4.38,5098/5521,4.41,4.6,4.38,4.53,4.988662,5.5170313E7,17,600376,20260430
600500.SH,中化国际,4.6,4.45,3.83747178,4.72,4.38,5098/5521,4.45,4.72,4.38,4.6,7.674943,7.2963184E7,17,600500,20260430
600716.SH,凤凰股份,4.43,4.38,1.37299771,4.53,4.38,5098/5521,4.38,4.53,4.38,4.43,3.432494,1.18835E7,17,600716,20260430
600968.SH,海油发展,4.43,4.43,0.22624434,4.47,4.38,5098/5521,4.43,4.47,4.38,4.43,2.036199,6.9399934E7,17,600968,20260430
000889.SZ,中嘉博创,4.42,4.69,-8.10810811,4.75,4.37,5102/5521,4.69,4.75,4.37,4.42,7.900207,1.75445594E8,33,000889,20260430
300451.SZ,创业慧康,4.41,4.4,0,4.45,4.36,5103/5521,4.4,4.45,4.36,4.41,2.040816,2.0099645E7,33,300451,20260430
002731.SZ,ST萃华,4.35,4.35,-5.02183406,4.35,4.35,5104/5521,4.35,4.35,4.35,4.35,0,2373700,33,002731,20260430
603023.SH,威帝股份,4.55,4.51,0.88691796,4.59,4.35,5104/5521,4.51,4.59,4.35,4.55,5.321507,1.9716684E7,17,603023,20260430
300074.SZ,华平股份,4.41,4.34,0.91533181,4.45,4.34,5106/5521,4.34,4.45,4.34,4.41,2.517162,2.7534539E7,33,300074,20260430
002524.SZ,光正眼科,4.41,4.38,1.61290323,4.44,4.33,5107/5521,4.38,4.44,4.33,4.41,2.534562,1.43967E7,33,002524,20260430
600433.SH,冠豪高新,4.84,4.34,10,4.84,4.33,5107/5521,4.34,4.84,4.33,4.84,11.590909,1.71943317E8,17,600433,20260430
603828.SH,*ST利达,4.79,4.33,5.04385965,4.79,4.33,5107/5521,4.33,4.79,4.33,4.79,10.087719,1.252938E7,22,603828,20260430
603359.SH,*ST东珠,4.32,4.32,-5.05494505,4.32,4.32,5110/5521,4.32,4.32,4.32,4.32,0,371000,22,603359,20260430
002307.SZ,北新路桥,4.32,4.34,-0.68965517,4.35,4.31,5111/5521,4.34,4.35,4.31,4.32,0.91954,1.3444381E7,33,002307,20260430
300163.SZ,先锋新材,4.36,4.35,1.16009281,4.47,4.31,5111/5521,4.35,4.47,4.31,4.36,3.712296,1.83333E7,33,300163,20260430
600815.SH,厦工股份,4.41,4.48,-0.45146727,4.49,4.3,5113/5521,4.48,4.49,4.3,4.41,4.288939,8.1064409E7,17,600815,20260430
000652.SZ,泰达股份,4.29,4.32,-0.69444444,4.4,4.28,5114/5521,4.32,4.4,4.28,4.29,2.777777,2.1860325E7,33,000652,20260430
002224.SZ,三力士,4.37,4.31,1.15740741,4.4,4.28,5114/5521,4.31,4.4,4.28,4.37,2.777777,1.8421929E7,33,002224,20260430
300287.SZ,飞利信,4.32,4.35,-0.46082949,4.36,4.28,5114/5521,4.35,4.36,4.28,4.32,1.843317,1.9843525E7,33,300287,20260430
002309.SZ,中利集团,4.29,4.47,-4.87804878,4.54,4.27,5117/5521,4.47,4.54,4.27,4.29,5.986696,3.56066915E8,33,002309,20260430
600108.SH,亚盛集团,4.34,4.29,0.93023256,4.38,4.27,5117/5521,4.29,4.38,4.27,4.34,2.558139,6.1096265E7,17,600108,20260430
000100.SZ,TCL科技,4.27,4.41,-1.15740741,4.47,4.26,5119/5521,4.41,4.47,4.26,4.27,4.861111,6.95794389E8,33,000100,20260430
300247.SZ,融捷健康,4.28,4.28,-0.46511628,4.34,4.26,5119/5521,4.28,4.34,4.26,4.28,1.860465,9645800,33,300247,20260430
600115.SH,中国东航,4.32,4.35,-0.91743119,4.4,4.26,5119/5521,4.35,4.4,4.26,4.32,3.211009,2.54731197E8,17,600115,20260430
603557.SH,ST起步,4.26,4.26,,4.26,4.26,5119/5521,4.26,4.26,4.26,4.26,,,22,603557,20260430
000790.SZ,华神科技,4.57,4.25,10.12048193,4.57,4.25,5123/5521,4.25,4.57,4.25,4.57,7.710843,4.6629403E7,33,000790,20260430
000802.SZ,北京文化,4.31,4.28,0.46620047,4.33,4.25,5123/5521,4.28,4.33,4.25,4.31,1.864801,1.7729415E7,33,000802,20260430
300173.SZ,ST福能,4.28,4.26,0,4.32,4.25,5123/5521,4.26,4.32,4.25,4.28,1.635514,7943500,33,300173,20260430
600495.SH,晋西车轴,4.29,4.25,0.23364486,4.32,4.25,5123/5521,4.25,4.32,4.25,4.29,1.635514,1.238544E7,17,600495,20260430
600740.SH,山西焦化,4.3,4.4,-2.0501139,4.47,4.25,5123/5521,4.4,4.47,4.25,4.3,5.011389,4.9800297E7,17,600740,20260430
601016.SH,节能风电,4.26,4.5,-6.57894737,4.54,4.25,5123/5521,4.5,4.54,4.25,4.26,6.359649,5.29527044E8,17,601016,20260430
000401.SZ,金隅冀东,4.28,4.55,-7.35930736,4.55,4.23,5129/5521,4.55,4.55,4.23,4.28,6.926406,5.5621834E7,33,000401,20260430
000825.SZ,太钢不锈,4.25,4.3,-1.1627907,4.32,4.23,5129/5521,4.3,4.32,4.23,4.25,2.093023,3.168029E7,33,000825,20260430
300267.SZ,尔康制药,4.36,4.26,3.80952381,4.58,4.23,5129/5521,4.26,4.58,4.23,4.36,8.333333,1.374155E8,33,300267,20260430
002641.SZ,公元股份,4.26,4.23,0.23529412,4.28,4.22,5132/5521,4.23,4.28,4.22,4.26,1.411764,1.315554E7,33,002641,20260430
002168.SZ,*ST惠程,4.27,4.23,1.66666667,4.32,4.21,5133/5521,4.23,4.32,4.21,4.27,2.619047,8876400,33,002168,20260430
600208.SH,衢州发展,4.55,4.21,9.90338164,4.55,4.21,5133/5521,4.21,4.55,4.21,4.55,8.21256,1.98625123E8,17,600208,20260430
002506.SZ,协鑫集成,4.23,4.28,-1.3986014,4.34,4.2,5135/5521,4.28,4.34,4.2,4.23,3.263403,2.93032803E8,33,002506,20260430
600121.SH,郑州煤电,4.25,4.3,-0.93240093,4.35,4.2,5135/5521,4.3,4.35,4.2,4.25,3.496503,3.9659231E7,17,600121,20260430
600649.SH,城投控股,4.27,4.24,0,4.31,4.19,5137/5521,4.24,4.31,4.19,4.27,2.810304,2.98544E7,17,600649,20260430
600179.SH,安通控股,4.21,4.26,-1.40515222,4.27,4.18,5138/5521,4.26,4.27,4.18,4.21,2.107728,2.9857349E7,17,600179,20260430
600369.SH,西南证券,4.24,4.2,0.47393365,4.27,4.18,5138/5521,4.2,4.27,4.18,4.24,2.132701,4.0174802E7,17,600369,20260430
000669.SZ,ST金鸿,4.19,4.28,-2.78422274,4.33,4.17,5140/5521,4.28,4.33,4.17,4.19,3.712296,1.392658E7,33,000669,20260430
000900.SZ,现代投资,4.22,4.19,0.47619048,4.23,4.16,5141/5521,4.19,4.23,4.16,4.22,1.666666,1.6121567E7,33,000900,20260430
000558.SZ,天府文旅,4.25,4.17,1.91846523,4.29,4.15,5142/5521,4.17,4.29,4.15,4.25,3.357314,3.861395E7,33,000558,20260430
300510.SZ,金冠股份,4.18,4.17,0,4.21,4.15,5142/5521,4.17,4.21,4.15,4.18,1.435406,1.5480563E7,33,300510,20260430
601991.SH,大唐发电,4.16,4.24,-3.03030303,4.25,4.15,5142/5521,4.24,4.25,4.15,4.16,2.331002,2.04029265E8,17,601991,20260430
300148.SZ,天舟文化,4.16,4.18,-0.71599045,4.22,4.14,5145/5521,4.18,4.22,4.14,4.16,1.909307,2.0550698E7,33,300148,20260430
002154.SZ,报喜鸟,4.16,4.23,1.21654501,4.35,4.13,5146/5521,4.23,4.35,4.13,4.16,5.352798,9.0752053E7,33,002154,20260430
002578.SZ,闽发铝业,4.16,4.15,-0.71599045,4.22,4.13,5146/5521,4.15,4.22,4.13,4.16,2.147971,2.9284199E7,33,002578,20260430
002329.SZ,皇氏集团,4.4,4.15,6.7961165,4.45,4.12,5148/5521,4.15,4.45,4.12,4.4,8.009708,7.8232634E7,33,002329,20260430
002567.SZ,唐人神,4.16,4.15,0.24096386,4.21,4.12,5148/5521,4.15,4.21,4.12,4.16,2.168674,2.0550894E7,33,002567,20260430
300194.SZ,福安药业,4.13,4.13,-0.24154589,4.17,4.12,5148/5521,4.13,4.17,4.12,4.13,1.207729,9214000,33,300194,20260430
300459.SZ,汤姆猫,4.22,4.15,1.19904077,4.28,4.12,5148/5521,4.15,4.28,4.12,4.22,3.83693,1.55526395E8,33,300459,20260430
600386.SH,北巴传媒,4.15,4.15,0,4.23,4.12,5148/5521,4.15,4.23,4.12,4.15,2.650602,1.07512E7,17,600386,20260430
600725.SH,云维股份,4.23,4.18,0.71428571,4.23,4.12,5148/5521,4.18,4.23,4.12,4.23,2.619047,1.5037831E7,17,600725,20260430
601399.SH,国机重装,4.29,4.13,3.37349398,4.31,4.12,5148/5521,4.13,4.31,4.12,4.29,4.578313,1.46609921E8,17,601399,20260430
002251.SZ,步步高,4.15,4.14,0.24154589,4.19,4.11,5155/5521,4.14,4.19,4.11,4.15,1.932367,4.6396103E7,33,002251,20260430
002512.SZ,ST达华,4.31,4.2,4.86618005,4.31,4.1,5156/5521,4.2,4.31,4.1,4.31,5.109489,7.9113269E7,33,002512,20260430
300190.SZ,维尔利,4.2,4.15,1.20481928,4.25,4.1,5156/5521,4.15,4.25,4.1,4.2,3.614457,3.2266674E7,33,300190,20260430
000725.SZ,京东方A,4.08,4.13,-2.15827338,4.18,4.08,5158/5521,4.13,4.18,4.08,4.08,2.398081,7.45404905E8,33,000725,20260430
002375.SZ,亚厦股份,4.18,4.15,0.48076923,4.21,4.08,5158/5521,4.15,4.21,4.08,4.18,3.125,1.7656855E7,33,002375,20260430
300013.SZ,新宁物流,4.14,4.08,1.47058824,4.19,4.08,5158/5521,4.08,4.19,4.08,4.14,2.696078,2.01625E7,33,300013,20260430
600421.SH,*ST华嵘,4.08,4.08,,4.08,4.08,5158/5521,4.08,4.08,4.08,4.08,,,22,600421,20260430
600425.SH,青松建化,4.1,4.1,0,4.16,4.08,5158/5521,4.1,4.16,4.08,4.1,1.951219,2.094009E7,17,600425,20260430
600790.SH,轻纺城,4.2,4.11,2.18978102,4.29,4.08,5158/5521,4.11,4.29,4.08,4.2,5.109489,5.1145668E7,17,600790,20260430
601106.SH,中国一重,4.54,4.16,9.92736077,4.54,4.08,5158/5521,4.16,4.54,4.08,4.54,11.138014,1.64851167E8,17,601106,20260430
600496.SH,精工钢构,4.15,4.12,0,4.19,4.07,5165/5521,4.12,4.19,4.07,4.15,2.891566,6.3725159E7,17,600496,20260430
600824.SH,益民集团,4.1,4.08,0.49019608,4.15,4.07,5165/5521,4.08,4.15,4.07,4.1,1.960784,1.3416788E7,17,600824,20260430
600905.SH,三峡能源,4.09,4.08,-0.24390244,4.1,4.07,5165/5521,4.08,4.1,4.07,4.09,0.731707,1.37961995E8,17,600905,20260430
600936.SH,北投科技,4.13,4.08,0.97799511,4.15,4.07,5165/5521,4.08,4.15,4.07,4.13,1.95599,1.91699E7,17,600936,20260430
000812.SZ,陕西金叶,4.1,4.09,0.24449878,4.12,4.06,5169/5521,4.09,4.12,4.06,4.1,1.466992,1.0838997E7,33,000812,20260430
300081.SZ,ST恒信,4.14,4.14,0.24213075,4.16,4.06,5169/5521,4.14,4.16,4.06,4.14,2.421307,1.3075E7,33,300081,20260430
000607.SZ,华媒控股,4.14,4.06,1.97044335,4.18,4.05,5171/5521,4.06,4.18,4.05,4.14,3.20197,1.7211644E7,33,000607,20260430
002109.SZ,兴化股份,4.04,4.04,,4.04,4.04,5172/5521,4.04,4.04,4.04,4.04,,,33,002109,20260430
600052.SH,东望时代,4.44,4.06,9.9009901,4.44,4.04,5172/5521,4.06,4.44,4.04,4.44,9.90099,5.3877231E7,17,600052,20260430
600594.SH,益佰制药,4.05,4.09,-1.69902913,4.15,4.04,5172/5521,4.09,4.15,4.04,4.05,2.669902,3.7857559E7,17,600594,20260430
600681.SH,百川能源,4.06,4.09,-0.49019608,4.1,4.03,5175/5521,4.09,4.1,4.03,4.06,1.715686,1.98035E7,17,600681,20260430
601388.SH,怡球资源,4.08,4.08,-0.97087379,4.19,4.03,5175/5521,4.08,4.19,4.03,4.08,3.883495,9.3763344E7,17,601388,20260430
000012.SZ,南玻A,4.03,4.06,-0.73891626,4.08,4.02,5177/5521,4.06,4.08,4.02,4.03,1.477832,2.0782179E7,33,000012,20260430
000659.SZ,珠海中富,4.03,4.12,-1.94647202,4.15,4.02,5177/5521,4.12,4.15,4.02,4.03,3.163017,2.2689858E7,33,000659,20260430
600339.SH,中油工程,4.07,4.12,0.24630542,4.16,4.02,5177/5521,4.12,4.16,4.02,4.07,3.448275,9.2290334E7,17,600339,20260430
601375.SH,中原证券,4.06,4.05,0.74441687,4.12,4.02,5177/5521,4.05,4.12,4.02,4.06,2.481389,3.9860208E7,17,601375,20260430
002263.SZ,大东南,4.03,4.18,-3.81861575,4.22,4.01,5181/5521,4.18,4.22,4.01,4.03,5.011933,1.66425115E8,33,002263,20260430
600984.SH,建设机械,4.16,4.04,2.71604938,4.17,4.01,5181/5521,4.04,4.17,4.01,4.16,3.950617,2.276877E7,17,600984,20260430
600227.SH,赤天化,4.09,4.17,-2.85035629,4.22,4,5183/5521,4.17,4.22,4,4.09,5.225653,2.15251992E8,17,600227,20260430
601366.SH,利群股份,4.04,4.06,-0.73710074,4.08,4,5183/5521,4.06,4.08,4,4.04,1.965601,1.37872E7,17,601366,20260430
001213.SZ,中铁特货,3.98,3.99,-0.5,4.01,3.98,5185/5521,3.99,4.01,3.98,3.98,0.75,1.09015E7,33,001213,20260430
600609.SH,金杯汽车,4.02,3.99,0.5,4.09,3.98,5185/5521,3.99,4.09,3.98,4.02,2.75,2.0249709E7,17,600609,20260430
300135.SZ,宝利国际,4.11,3.99,3.52644836,4.15,3.97,5187/5521,3.99,4.15,3.97,4.11,4.534005,3.8312924E7,33,300135,20260430
601015.SH,陕西黑猫,4.02,4.1,-1.71149144,4.11,3.97,5187/5521,4.1,4.11,3.97,4.02,3.422982,5.1606119E7,17,601015,20260430
600758.SH,辽宁能源,3.98,4.1,-2.21130221,4.1,3.96,5189/5521,4.1,4.1,3.96,3.98,3.439803,6.3394861E7,17,600758,20260430
688055.SH,龙腾光电,4.04,4.1,-1.94174757,4.13,3.96,5189/5521,4.1,4.13,3.96,4.04,4.126213,1.7268021E7,17,688055,20260430
600599.SH,*ST熊猫,3.95,3.95,,3.95,3.95,5191/5521,3.95,3.95,3.95,3.95,,,22,600599,20260430
002613.SZ,北玻股份,3.99,3.95,0.75757576,4.01,3.94,5192/5521,3.95,4.01,3.94,3.99,1.767676,2.2688636E7,33,002613,20260430
600853.SH,龙建股份,3.96,3.96,-0.25188917,4,3.94,5192/5521,3.96,4,3.94,3.96,1.511335,8580490,17,600853,20260430
000536.SZ,华映科技,3.94,4,-1.25313283,4.02,3.93,5194/5521,4,4.02,3.93,3.94,2.255639,2.4993153E7,33,000536,20260430
002775.SZ,文科股份,4.0,3.93,0.75566751,4.02,3.93,5194/5521,3.93,4.02,3.93,4.0,2.267002,1.239128E7,33,002775,20260430
601279.SH,英利汽车,3.98,3.94,1.01522843,4.03,3.93,5194/5521,3.94,4.03,3.93,3.98,2.538071,1.0837706E7,17,601279,20260430
000520.SZ,凤凰航运,3.95,3.97,-1.00250627,4,3.92,5197/5521,3.97,4,3.92,3.95,2.005012,1.32808E7,33,000520,20260430
600243.SH,*ST海华,4.16,4.06,3.74064838,4.2,3.91,5198/5521,4.06,4.2,3.91,4.16,7.23192,3.4708336E7,22,600243,20260430
000632.SZ,ST三木,3.9,3.9,-4.87804878,3.9,3.9,5199/5521,3.9,3.9,3.9,3.9,0,1.11101E7,33,000632,20260430
002662.SZ,峰璟股份,3.93,4.02,-3.67647059,4.03,3.9,5199/5521,4.02,4.03,3.9,3.93,3.186274,3.5196153E7,33,002662,20260430
300070.SZ,碧水源,3.92,3.95,-1.01010101,3.96,3.9,5199/5521,3.95,3.96,3.9,3.92,1.515151,3.4429568E7,33,300070,20260430
601568.SH,北元集团,3.91,3.97,-1.75879397,3.98,3.9,5199/5521,3.97,3.98,3.9,3.91,2.01005,2.8896328E7,17,601568,20260430
601908.SH,京运通,3.93,3.97,-1.5037594,3.99,3.9,5199/5521,3.97,3.99,3.9,3.93,2.255639,5.6423354E7,17,601908,20260430
603718.SH,海利生物,3.9,3.9,,3.9,3.9,5199/5521,3.9,3.9,3.9,3.9,,,17,603718,20260430
300078.SZ,思创智联,3.9,3.91,-0.51020408,3.95,3.89,5205/5521,3.91,3.95,3.89,3.9,1.530612,1.6833716E7,33,300078,20260430
600020.SH,中原高速,4.04,3.89,5.48302872,4.07,3.89,5205/5521,3.89,4.07,3.89,4.04,4.699738,5.3768274E7,17,600020,20260430
600327.SH,大东方,3.97,3.89,2.05655527,4.01,3.89,5205/5521,3.89,4.01,3.89,3.97,3.084832,2.1325156E7,17,600327,20260430
600654.SH,中安科,3.92,4.06,-3.44827586,4.06,3.89,5205/5521,4.06,4.06,3.89,3.92,4.187192,2.32837937E8,17,600654,20260430
002385.SZ,大北农,3.89,3.9,-0.51150895,3.91,3.87,5209/5521,3.9,3.91,3.87,3.89,1.023017,6.0979705E7,33,002385,20260430
000750.SZ,国海证券,3.91,3.89,1.03359173,3.94,3.86,5210/5521,3.89,3.94,3.86,3.91,2.067183,6.480349E7,33,000750,20260430
002069.SZ,獐子岛,3.89,3.91,-0.25641026,3.93,3.86,5210/5521,3.91,3.93,3.86,3.89,1.794871,1.09764E7,33,002069,20260430
600368.SH,五洲交通,3.89,3.9,-0.25641026,3.91,3.86,5210/5521,3.9,3.91,3.86,3.89,1.282051,8321977,17,600368,20260430
000428.SZ,华天酒店,3.86,3.89,-0.77120823,3.93,3.85,5213/5521,3.89,3.93,3.85,3.86,2.056555,1.1596423E7,33,000428,20260430
000698.SZ,ST沈化,3.86,3.86,-0.51546392,3.89,3.85,5213/5521,3.86,3.89,3.85,3.86,1.030927,6480100,33,000698,20260430
002061.SZ,浙江交科,3.89,3.88,0,3.91,3.85,5213/5521,3.88,3.91,3.85,3.89,1.542416,2.1344004E7,33,002061,20260430
002228.SZ,合兴包装,3.9,3.86,1.03626943,3.91,3.85,5213/5521,3.86,3.91,3.85,3.9,1.554404,2.4565279E7,33,002228,20260430
600308.SH,华泰股份,3.89,3.95,-2.75,3.96,3.85,5213/5521,3.95,3.96,3.85,3.89,2.75,2.5944123E7,17,600308,20260430
600626.SH,申达股份,3.92,3.95,-0.25445293,3.96,3.84,5218/5521,3.95,3.96,3.84,3.92,3.053435,1.4872623E7,17,600626,20260430
000002.SZ,万科A,3.91,3.87,1.03359173,3.95,3.83,5219/5521,3.87,3.95,3.83,3.91,3.100775,1.65954127E8,33,000002,20260430
000981.SZ,山子高科,3.84,3.94,2.4,4,3.83,5219/5521,3.94,4,3.83,3.84,4.533333,4.099875E8,33,000981,20260430
002084.SZ,海鸥住工,3.86,3.89,0,3.92,3.83,5219/5521,3.89,3.92,3.83,3.86,2.331606,1.1995289E7,33,002084,20260430
002523.SZ,天桥起重,3.88,3.83,1.04166667,3.89,3.83,5219/5521,3.83,3.89,3.83,3.88,1.5625,1.4641905E7,33,002523,20260430
600959.SH,江苏有线,3.88,3.83,-0.25706941,3.89,3.83,5219/5521,3.83,3.89,3.83,3.88,1.542416,3.8682357E7,17,600959,20260430
000677.SZ,恒天海龙,3.82,3.82,,3.82,3.82,5224/5521,3.82,3.82,3.82,3.82,,,33,000677,20260430
300111.SZ,向日葵,3.88,3.85,0.51813472,3.89,3.81,5225/5521,3.85,3.89,3.81,3.88,2.072538,2.4003801E7,33,300111,20260430
600035.SH,楚天高速,3.84,3.83,0.52356021,3.86,3.81,5225/5521,3.83,3.86,3.81,3.84,1.3089,1.6532657E7,17,600035,20260430
600808.SH,马钢股份,3.87,3.89,-0.76923077,3.9,3.81,5225/5521,3.89,3.9,3.81,3.87,2.307692,4.0528268E7,17,600808,20260430
600831.SH,广电网络,3.86,3.9,-0.51546392,3.95,3.81,5225/5521,3.9,3.95,3.81,3.86,3.608247,1.4497005E7,17,600831,20260430
600965.SH,福成股份,3.81,3.81,,3.81,3.81,5225/5521,3.81,3.81,3.81,3.81,,,17,600965,20260430
601933.SH,永辉超市,3.84,3.81,0.52356021,3.89,3.8,5230/5521,3.81,3.89,3.8,3.84,2.35602,9.9943584E7,17,601933,20260430
000767.SZ,晋控电力,3.78,3.92,-3.57142857,3.96,3.77,5231/5521,3.92,3.96,3.77,3.78,4.846938,1.37942441E8,33,000767,20260430
000809.SZ,和展能源,3.77,3.83,-0.78947368,3.84,3.76,5232/5521,3.83,3.84,3.76,3.77,2.105263,1.33498E7,33,000809,20260430
300123.SZ,ST亚光,3.99,3.78,4.45026178,4.03,3.76,5232/5521,3.78,4.03,3.76,3.99,7.068062,7.3765566E7,33,300123,20260430
600217.SH,中再资环,3.78,3.83,-1.30548303,3.84,3.76,5232/5521,3.83,3.84,3.76,3.78,2.088772,1.3450568E7,17,600217,20260430
002060.SZ,广东建工,3.76,3.83,-2.84237726,3.84,3.75,5235/5521,3.83,3.84,3.75,3.76,2.325581,5.0803093E7,33,002060,20260430
002172.SZ,澳洋健康,3.81,3.83,-0.52219321,3.85,3.73,5236/5521,3.83,3.85,3.73,3.81,3.133159,2.0856827E7,33,002172,20260430
000972.SZ,*ST中基,3.86,3.75,2.93333333,3.87,3.71,5237/5521,3.75,3.87,3.71,3.86,4.266666,1.2183502E7,33,000972,20260430
600016.SH,民生银行,3.7,3.72,-1.06951872,3.73,3.7,5238/5521,3.72,3.73,3.7,3.7,0.802139,2.0663227E8,17,600016,20260430
002191.SZ,劲嘉股份,3.79,3.7,1.88172043,3.81,3.69,5239/5521,3.7,3.81,3.69,3.79,3.225806,3.0355E7,33,002191,20260430
002426.SZ,胜利精密,3.72,3.72,0,3.77,3.69,5239/5521,3.72,3.77,3.69,3.72,2.150537,9.4281317E7,33,002426,20260430
601018.SH,宁波港,3.7,3.78,-2.37467018,3.79,3.69,5239/5521,3.78,3.79,3.69,3.7,2.638522,8.7334978E7,17,601018,20260430
601599.SH,浙文影业,3.71,3.69,0,3.74,3.69,5239/5521,3.69,3.74,3.69,3.71,1.347708,1.69122E7,17,601599,20260430
000820.SZ,*ST节能,3.75,4.06,-3.10077519,4.06,3.68,5243/5521,4.06,4.06,3.68,3.75,9.819121,3.0007466E7,33,000820,20260430
600708.SH,光明地产,3.8,3.74,1.60427807,3.9,3.68,5243/5521,3.74,3.9,3.68,3.8,5.882352,6.4484545E7,17,600708,20260430
600928.SH,西安银行,3.69,3.71,-0.80645161,3.74,3.68,5243/5521,3.71,3.74,3.68,3.69,1.612903,2.4835468E7,17,600928,20260430
002596.SZ,海南瑞泽,3.76,3.69,2.73224044,3.83,3.66,5246/5521,3.69,3.83,3.66,3.76,4.644808,5.02008E7,33,002596,20260430
600751.SH,海航科技,3.68,3.76,-2.64550265,3.8,3.66,5246/5521,3.76,3.8,3.66,3.68,3.703703,4.9498704E7,17,600751,20260430
601099.SH,太平洋,3.68,3.67,-0.54054054,3.74,3.66,5246/5521,3.67,3.74,3.66,3.68,2.162162,1.11298288E8,17,601099,20260430
002211.SZ,ST宏达,3.66,3.68,-0.27247956,3.72,3.64,5249/5521,3.68,3.72,3.64,3.66,2.179836,9078950,33,002211,20260430
002640.SZ,跨境通,3.65,3.65,9.93975904,3.65,3.64,5249/5521,3.65,3.65,3.64,3.65,0.301204,7.0481E7,33,002640,20260430
000055.SZ,方大集团,3.65,3.64,0.27472527,3.71,3.63,5251/5521,3.64,3.71,3.63,3.65,2.197802,1.0949491E7,33,000055,20260430
000608.SZ,*ST阳光,3.78,3.65,2.7173913,3.84,3.63,5251/5521,3.65,3.84,3.63,3.78,5.706521,1.8341961E7,33,000608,20260430
000965.SZ,天保基建,3.73,3.66,2.47252747,3.75,3.63,5251/5521,3.66,3.75,3.63,3.73,3.296703,3.4820095E7,33,000965,20260430
002141.SZ,贤丰控股,3.64,3.67,-1.35501355,3.72,3.63,5251/5521,3.67,3.72,3.63,3.64,2.439024,1.7306E7,33,002141,20260430
002573.SZ,清新环境,3.74,3.66,3.31491713,3.79,3.63,5251/5521,3.66,3.79,3.63,3.74,4.419889,2.1907223E7,33,002573,20260430
300338.SZ,*ST开元,3.68,3.67,0.54644809,3.71,3.63,5251/5521,3.67,3.71,3.63,3.68,2.185792,7948350,33,300338,20260430
300420.SZ,五洋自控,3.65,3.65,0,3.69,3.63,5251/5521,3.65,3.69,3.63,3.65,1.643835,1.508491E7,33,300420,20260430
600067.SH,冠城新材,3.64,3.9,-9.67741935,3.9,3.63,5251/5521,3.9,3.9,3.63,3.64,6.699751,7.6003626E7,17,600067,20260430
600300.SH,维维股份,3.74,3.63,5.35211268,3.8,3.63,5251/5521,3.63,3.8,3.63,3.74,4.788732,1.08872911E8,17,600300,20260430
600892.SH,*ST大晟,3.65,3.8,-4.45026178,3.85,3.63,5251/5521,3.8,3.85,3.63,3.65,5.759162,1.5351E7,22,600892,20260430
002445.SZ,中南文化,3.64,3.81,-4.71204188,3.85,3.62,5261/5521,3.81,3.85,3.62,3.64,6.020942,1.72717052E8,33,002445,20260430
300355.SZ,蒙草生态,3.64,3.64,-0.54644809,3.66,3.62,5261/5521,3.64,3.66,3.62,3.64,1.092896,2.0562984E7,33,300355,20260430
600033.SH,福建高速,3.64,3.65,-0.2739726,3.67,3.62,5261/5521,3.65,3.67,3.62,3.64,1.369863,2.1056346E7,17,600033,20260430
600255.SH,鑫科材料,3.65,3.63,0.55096419,3.68,3.62,5261/5521,3.63,3.68,3.62,3.65,1.652892,3.3469836E7,17,600255,20260430
000629.SZ,钒钛股份,3.64,3.69,-1.35501355,3.71,3.61,5265/5521,3.69,3.71,3.61,3.64,2.710027,1.27272701E8,33,000629,20260430
600798.SH,宁波海运,3.63,3.63,0,3.67,3.61,5265/5521,3.63,3.67,3.61,3.63,1.652892,1.67463E7,17,600798,20260430
603377.SH,ST东时,3.67,3.63,0.27322404,3.68,3.61,5265/5521,3.63,3.68,3.61,3.67,1.912568,5666878,22,603377,20260430
600844.SH,金煤科技,3.73,3.62,4.18994413,3.84,3.6,5268/5521,3.62,3.84,3.6,3.73,6.70391,8.6626876E7,17,600844,20260430
000813.SZ,德展健康,3.64,3.6,0.55248619,3.72,3.59,5269/5521,3.6,3.72,3.59,3.64,3.59116,3.6524428E7,33,000813,20260430
600381.SH,*ST春天,3.59,3.59,4.97076023,3.59,3.59,5269/5521,3.59,3.59,3.59,3.59,0,1092696,22,600381,20260430
600575.SH,淮河能源,3.61,3.69,-2.69541779,3.7,3.59,5269/5521,3.69,3.7,3.59,3.61,2.964959,7.2465992E7,17,600575,20260430
002377.SZ,国创高新,3.59,3.7,-2.7100271,3.74,3.58,5272/5521,3.7,3.74,3.58,3.59,4.336043,4.90429E7,33,002377,20260430
600664.SH,哈药股份,3.58,3.66,-2.7173913,3.67,3.58,5272/5521,3.66,3.67,3.58,3.58,2.445652,1.00205316E8,17,600664,20260430
002689.SZ,ST远智,3.58,3.65,-1.91780822,3.66,3.57,5274/5521,3.65,3.66,3.57,3.58,2.465753,1.14251E7,33,002689,20260430
603818.SH,曲美家居,3.7,3.59,4.81586402,3.75,3.57,5274/5521,3.59,3.75,3.57,3.7,5.09915,2.7457045E7,17,603818,20260430
920305.BJ,*ST云创,3.57,3.57,,3.57,3.57,5274/5521,3.57,3.57,3.57,3.57,,,151,920305,20260430
002551.SZ,尚荣医疗,3.58,3.6,0.28011204,3.62,3.56,5277/5521,3.6,3.62,3.56,3.58,1.680672,1.2346352E7,33,002551,20260430
600794.SH,保税科技,3.58,3.6,0,3.6,3.56,5277/5521,3.6,3.6,3.56,3.58,1.117318,9542400,17,600794,20260430
601162.SH,天风证券,3.58,3.64,-3.50404313,3.65,3.56,5277/5521,3.64,3.65,3.56,3.58,2.425876,2.58023958E8,17,601162,20260430
300301.SZ,ST长方,3.69,3.55,2.5,3.69,3.55,5280/5521,3.55,3.69,3.55,3.69,3.888888,1.681152E7,33,300301,20260430
600261.SH,阳光照明,3.56,3.81,-9.64467005,3.82,3.55,5280/5521,3.81,3.82,3.55,3.56,6.852791,7.8952096E7,17,600261,20260430
002425.SZ,凯撒文化,3.56,3.56,-0.28011204,3.62,3.54,5282/5521,3.56,3.62,3.54,3.56,2.240896,3.02625E7,33,002425,20260430
000509.SZ,华塑控股,3.59,3.58,1.12676056,3.62,3.53,5283/5521,3.58,3.62,3.53,3.59,2.535211,1.8482402E7,33,000509,20260430
600515.SH,海南机场,3.61,3.54,1.69014085,3.64,3.53,5283/5521,3.54,3.64,3.53,3.61,3.098591,1.22097462E8,17,600515,20260430
002535.SZ,林州重机,3.53,3.56,-0.84269663,3.58,3.51,5285/5521,3.56,3.58,3.51,3.53,1.966292,1.142349E7,33,002535,20260430
600166.SH,福田汽车,3.53,3.7,-4.59459459,3.72,3.51,5285/5521,3.7,3.72,3.51,3.53,5.675675,3.03059304E8,17,600166,20260430
600665.SH,天地源,3.6,3.51,1.69491525,3.62,3.51,5285/5521,3.51,3.62,3.51,3.6,3.107344,1.523936E7,17,600665,20260430
002437.SZ,誉衡药业,3.52,3.6,-2.76243094,3.61,3.5,5288/5521,3.6,3.61,3.5,3.52,3.038674,7.7130299E7,33,002437,20260430
000090.SZ,天健集团,3.52,3.54,0.57142857,3.55,3.49,5289/5521,3.54,3.55,3.49,3.52,1.714285,2.3231601E7,33,000090,20260430
600448.SH,华纺股份,3.59,3.52,2.57142857,3.66,3.49,5289/5521,3.52,3.66,3.49,3.59,4.857142,2.8304721E7,17,600448,20260430
600617.SH,国新能源,3.59,3.49,2.86532951,3.65,3.49,5289/5521,3.49,3.65,3.49,3.59,4.584527,6.9157169E7,17,600617,20260430
601326.SH,秦港股份,3.5,3.54,-1.1299435,3.54,3.48,5292/5521,3.54,3.54,3.48,3.5,1.694915,2.28608E7,17,601326,20260430
300020.SZ,ST银江,3.52,3.49,0.28490028,3.53,3.47,5293/5521,3.49,3.53,3.47,3.52,1.709401,8638373,33,300020,20260430
600248.SH,陕建股份,3.48,3.54,-1.41643059,3.54,3.46,5294/5521,3.54,3.54,3.46,3.48,2.266288,4.913774E7,17,600248,20260430
002554.SZ,惠博普,3.49,3.47,0.86705202,3.5,3.45,5295/5521,3.47,3.5,3.45,3.49,1.445086,2.4463463E7,33,002554,20260430
002514.SZ,宝馨科技,3.4,3.4,,3.4,3.4,5296/5521,3.4,3.4,3.4,3.4,,,33,002514,20260430
300026.SZ,红日药业,3.42,3.44,-0.29154519,3.45,3.4,5296/5521,3.44,3.45,3.4,3.42,1.457725,2.5062703E7,33,300026,20260430
920819.BJ,颖泰生物,3.43,3.4,0.58651026,3.47,3.4,5296/5521,3.4,3.47,3.4,3.43,2.052785,4220994,151,920819,20260430
000523.SZ,红棉股份,3.45,3.4,0.58309038,3.46,3.39,5299/5521,3.4,3.46,3.39,3.45,2.040816,2.6820779E7,33,000523,20260430
002110.SZ,三钢闽光,3.42,3.48,-2.00573066,3.5,3.39,5299/5521,3.48,3.5,3.39,3.42,3.151862,2.2517877E7,33,002110,20260430
002133.SZ,广宇集团,3.47,3.4,2.05882353,3.51,3.39,5299/5521,3.4,3.51,3.39,3.47,3.529411,2.0123301E7,33,002133,20260430
920370.BJ,新安洁,3.43,3.4,0.58651026,3.48,3.39,5299/5521,3.4,3.48,3.39,3.43,2.639296,1912457,151,920370,20260430
600325.SH,华发股份,3.46,3.52,-3.35195531,3.52,3.37,5303/5521,3.52,3.52,3.37,3.46,4.189944,7.8538204E7,17,600325,20260430
600868.SH,梅雁吉祥,3.41,3.39,1.18694362,3.43,3.37,5303/5521,3.39,3.43,3.37,3.41,1.780415,4.8746007E7,17,600868,20260430
002303.SZ,美盈森,3.4,3.38,0.29498525,3.43,3.36,5305/5521,3.38,3.43,3.36,3.4,2.064896,2.2596413E7,33,002303,20260430
300159.SZ,*ST新研,3.37,3.37,-1.17302053,3.44,3.35,5306/5521,3.37,3.44,3.35,3.37,2.639296,3.44427E7,33,300159,20260430
603363.SH,傲农生物,3.39,3.4,-0.87719298,3.44,3.35,5306/5521,3.4,3.44,3.35,3.39,2.631578,4.7424445E7,17,603363,20260430
600082.SH,ST海泰,3.34,3.43,0,3.47,3.33,5308/5521,3.43,3.47,3.33,3.34,4.191616,2.4354602E7,22,600082,20260430
600165.SH,ST宁科,3.38,3.42,-2.31213873,3.43,3.33,5308/5521,3.42,3.43,3.33,3.38,2.890173,8489203,22,600165,20260430
600691.SH,潞化科技,3.35,3.45,-0.88757396,3.48,3.33,5308/5521,3.45,3.48,3.33,3.35,4.437869,5.5758179E7,17,600691,20260430
601188.SH,龙江交通,3.36,3.34,0.29850746,3.38,3.33,5308/5521,3.34,3.38,3.33,3.36,1.492537,1.8111866E7,17,601188,20260430
000615.SZ,*ST美谷,3.33,3.34,-0.89285714,3.39,3.32,5312/5521,3.34,3.39,3.32,3.33,2.083333,8562316,33,000615,20260430
300256.SZ,星星科技,3.36,3.37,0.29850746,3.41,3.32,5312/5521,3.37,3.41,3.32,3.36,2.686567,1.7149073E7,33,300256,20260430
002526.SZ,山东矿机,3.31,3.34,-1.19402985,3.36,3.3,5314/5521,3.34,3.36,3.3,3.31,1.791044,1.9770994E7,33,002526,20260430
600408.SH,安泰集团,3.3,3.34,-1.19760479,3.37,3.28,5315/5521,3.34,3.37,3.28,3.3,2.69461,3.9073011E7,17,600408,20260430
002390.SZ,信邦制药,3.37,3.31,2.12121212,3.4,3.26,5316/5521,3.31,3.4,3.26,3.37,4.242424,5.6322208E7,33,002390,20260430
600303.SH,曙光股份,3.31,3.29,0.60790274,3.36,3.26,5316/5521,3.29,3.36,3.26,3.31,3.039513,2.2127357E7,17,600303,20260430
000068.SZ,华控赛格,3.28,3.31,0,3.32,3.25,5318/5521,3.31,3.32,3.25,3.28,2.134146,1.1687E7,33,000068,20260430
000563.SZ,陕国投A,3.26,3.26,-0.3058104,3.3,3.25,5318/5521,3.26,3.3,3.25,3.26,1.529051,4.2041302E7,33,000563,20260430
002356.SZ,赫美集团,3.3,3.33,-0.3021148,3.38,3.25,5318/5521,3.33,3.38,3.25,3.3,3.927492,3.49673E7,33,002356,20260430
600076.SH,康欣新材,3.33,3.34,-5.39772727,3.47,3.25,5318/5521,3.34,3.47,3.25,3.33,6.25,3.9455298E7,17,600076,20260430
000016.SZ,*ST康佳A,3.24,3.24,-4.98533724,3.24,3.24,5322/5521,3.24,3.24,3.24,3.24,0,2.20945E7,33,000016,20260430
002157.SZ,正邦科技,3.47,3.27,5.15151515,3.5,3.24,5322/5521,3.27,3.5,3.24,3.47,7.878787,5.78866393E8,33,002157,20260430
002489.SZ,浙江永强,3.25,3.32,-2.69461078,3.34,3.24,5322/5521,3.32,3.34,3.24,3.25,2.994011,3.543116E7,33,002489,20260430
601228.SH,广州港,3.24,3.25,-0.61349693,3.27,3.22,5325/5521,3.25,3.27,3.22,3.24,1.533742,3.25047E7,17,601228,20260430
600159.SH,大龙地产,3.33,3.22,2.46153846,3.39,3.2,5326/5521,3.22,3.39,3.2,3.33,5.846153,3.354541E7,17,600159,20260430
600537.SH,*ST亿晶,3.2,3.2,-5.04451039,3.2,3.2,5326/5521,3.2,3.2,3.2,3.2,0,6513400,22,600537,20260430
000816.SZ,智慧农业,3.23,3.21,0.62305296,3.24,3.19,5328/5521,3.21,3.24,3.19,3.23,1.557632,2.4163819E7,33,000816,20260430
000078.SZ,海王生物,3.18,3.18,,3.18,3.18,5329/5521,3.18,3.18,3.18,3.18,,,33,000078,20260430
000631.SZ,顺发恒能,3.21,3.23,-0.31055901,3.24,3.18,5329/5521,3.23,3.24,3.18,3.21,1.863354,1.6518E7,33,000631,20260430
002374.SZ,中锐股份,3.22,3.22,-0.30959752,3.26,3.17,5331/5521,3.22,3.26,3.17,3.22,2.786377,1.75509E7,33,002374,20260430
002822.SZ,ST中装,3.2,3.26,-1.53846154,3.27,3.17,5331/5521,3.26,3.27,3.17,3.2,3.076923,1.012501E7,33,002822,20260430
002589.SZ,瑞康医药,3.18,3.24,-2.15384615,3.25,3.16,5333/5521,3.24,3.25,3.16,3.18,2.76923,4.9333109E7,33,002589,20260430
002656.SZ,*ST摩登,3.22,3.24,-0.30959752,3.31,3.15,5334/5521,3.24,3.31,3.15,3.22,4.95356,1.38575E7,33,002656,20260430
300110.SZ,华仁药业,3.15,3.15,0,3.2,3.13,5335/5521,3.15,3.2,3.13,3.15,2.222222,2.258332E7,33,300110,20260430
300091.SZ,*ST金灵,3.26,3.16,2.83911672,3.31,3.12,5336/5521,3.16,3.31,3.12,3.26,5.99369,2.4903475E7,33,300091,20260430
300185.SZ,通裕重工,3.17,3.15,0.3164557,3.18,3.12,5336/5521,3.15,3.18,3.12,3.17,1.898734,1.17140744E8,33,300185,20260430
601818.SH,光大银行,3.12,3.13,-1.26582278,3.14,3.12,5336/5521,3.13,3.14,3.12,3.12,0.632911,2.16338044E8,17,601818,20260430
300094.SZ,国联水产,3.17,3.11,4.96688742,3.24,3.11,5339/5521,3.11,3.24,3.11,3.17,4.304635,7.7748758E7,33,300094,20260430
600293.SH,三峡新材,3.16,3.17,-0.31545741,3.19,3.11,5339/5521,3.17,3.19,3.11,3.16,2.523659,1.958065E7,17,600293,20260430
601333.SH,广深铁路,3.22,3.11,5.22875817,3.27,3.11,5339/5521,3.11,3.27,3.11,3.22,5.228758,1.89661704E8,17,601333,20260430
601011.SH,宝泰隆,3.14,3.17,-0.94637224,3.2,3.1,5342/5521,3.17,3.2,3.1,3.14,3.154574,3.3889979E7,17,601011,20260430
600280.SH,中央商场,3.18,3.11,2.25080386,3.2,3.09,5343/5521,3.11,3.2,3.09,3.18,3.536977,3.23904E7,17,600280,20260430
600782.SH,新钢股份,3.09,3.17,-2.52365931,3.17,3.07,5344/5521,3.17,3.17,3.07,3.09,3.154574,6.1619444E7,17,600782,20260430
600365.SH,ST通葡,3.09,3.09,0.32467532,3.11,3.06,5345/5521,3.09,3.11,3.06,3.09,1.623376,5016800,22,600365,20260430
002310.SZ,东方新能,3.06,3.22,-4.07523511,3.29,3.05,5346/5521,3.22,3.29,3.05,3.06,7.52351,2.98793246E8,33,002310,20260430
600008.SH,首创环保,3.06,3.06,0.32786885,3.11,3.05,5346/5521,3.06,3.11,3.05,3.06,1.967213,8.0859597E7,17,600008,20260430
600807.SH,济高发展,3.13,3.05,2.2875817,3.15,3.05,5346/5521,3.05,3.15,3.05,3.13,3.267973,2.2901004E7,17,600807,20260430
600423.SH,*ST柳化,3.09,3.08,0.6514658,3.18,3.04,5349/5521,3.08,3.18,3.04,3.09,4.56026,2.848765E7,22,600423,20260430
002958.SZ,青农商行,3.04,3.06,-0.9771987,3.08,3.03,5350/5521,3.06,3.08,3.03,3.04,1.628664,5.41967E7,33,002958,20260430
000402.SZ,金融街,3.17,3.11,10.06944444,3.17,3.02,5351/5521,3.11,3.17,3.02,3.17,5.208333,1.2253602E8,33,000402,20260430
002547.SZ,*ST春兴,3.02,3.02,-5.03144654,3.02,3.02,5351/5521,3.02,3.02,3.02,3.02,0,9044800,33,002547,20260430
002021.SZ,中捷资源,3.18,3.04,6,3.22,3.01,5353/5521,3.04,3.22,3.01,3.18,7,7.1687526E7,33,002021,20260430
002127.SZ,南极电商,3.03,3.05,0,3.1,3.01,5353/5521,3.05,3.1,3.01,3.03,2.970297,4.56209E7,33,002127,20260430
002285.SZ,世联行,3.12,3.03,3.65448505,3.13,3.01,5353/5521,3.03,3.13,3.01,3.12,3.98671,5.924656E7,33,002285,20260430
600657.SH,信达地产,3.11,3.06,1.3029316,3.14,3.01,5353/5521,3.06,3.14,3.01,3.11,4.234527,3.3231003E7,17,600657,20260430
600688.SH,上海石化,3.11,3.02,6.87285223,3.17,3.01,5353/5521,3.02,3.17,3.01,3.11,5.498281,1.82669261E8,17,600688,20260430
000545.SZ,金浦钛业,3.02,3.04,-0.330033,3.07,2.99,5358/5521,3.04,3.07,2.99,3.02,2.640264,4.0945273E7,33,000545,20260430
002721.SZ,金一文化,3.07,2.99,4.42176871,3.2,2.99,5358/5521,2.99,3.2,2.99,3.07,7.142857,9.1177603E7,33,002721,20260430
002210.SZ,飞马国际,2.98,3.36,-9.96978852,3.36,2.98,5360/5521,3.36,3.36,2.98,2.98,11.480362,4.23524155E8,33,002210,20260430
600477.SH,杭萧钢构,3.02,3.02,-0.330033,3.04,2.98,5360/5521,3.02,3.04,2.98,3.02,1.980198,3.4097661E7,17,600477,20260430
600939.SH,重庆建工,3.05,2.98,2.69360269,3.08,2.97,5362/5521,2.98,3.08,2.97,3.05,3.703703,2.6027579E7,17,600939,20260430
002122.SZ,ST汇洲,2.98,2.99,-0.33444816,3,2.96,5363/5521,2.99,3,2.96,2.98,1.337792,1.6380897E7,33,002122,20260430
601916.SH,浙商银行,2.97,2.97,0.33783784,2.98,2.96,5363/5521,2.97,2.98,2.96,2.97,0.675675,8.4134766E7,17,601916,20260430
000031.SZ,大悦城,3.06,2.98,3.03030303,3.13,2.95,5365/5521,2.98,3.13,2.95,3.06,6.060606,4.1025682E7,33,000031,20260430
600017.SH,日照港,2.96,2.98,-1.00334448,3,2.95,5365/5521,2.98,3,2.95,2.96,1.67224,4.0205451E7,17,600017,20260430
603077.SH,和邦生物,2.96,3.02,-2.63157895,3.07,2.94,5367/5521,3.02,3.07,2.94,2.96,4.276315,2.66024569E8,17,603077,20260430
000839.SZ,国安股份,2.97,2.95,0,2.99,2.93,5368/5521,2.95,2.99,2.93,2.97,2.020202,4.782365E7,33,000839,20260430
601618.SH,中国中冶,2.93,2.96,-1.01351351,2.97,2.93,5368/5521,2.96,2.97,2.93,2.93,1.351351,9.2889986E7,17,601618,20260430
601718.SH,际华集团,2.93,2.93,,2.93,2.93,5368/5521,2.93,2.93,2.93,2.93,,,17,601718,20260430
000560.SZ,我爱我家,2.97,2.94,1.02040816,2.98,2.92,5371/5521,2.94,2.98,2.92,2.97,2.040816,8.8994986E7,33,000560,20260430
000761.SZ,本钢板材,2.95,3.01,-2.64026403,3.05,2.92,5371/5521,3.01,3.05,2.92,2.95,4.290429,2.0928399E7,33,000761,20260430
601518.SH,吉林高速,2.93,2.95,-1.01351351,2.96,2.92,5371/5521,2.95,2.96,2.92,2.93,1.351351,1.5748352E7,17,601518,20260430
600180.SH,*ST瑞茂,2.91,2.91,-4.90196078,2.91,2.91,5374/5521,2.91,2.91,2.91,2.91,0,360200,22,600180,20260430
000010.SZ,*ST美丽,2.89,2.89,-4.93421053,2.89,2.89,5375/5521,2.89,2.89,2.89,2.89,0,2173300,33,000010,20260430
600337.SH,美克家居,2.89,2.89,,2.89,2.89,5375/5521,2.89,2.89,2.89,2.89,,,17,600337,20260430
002217.SZ,合力泰,2.89,3.02,-5.86319218,3.05,2.88,5377/5521,3.02,3.05,2.88,2.89,5.537459,7.30143114E8,33,002217,20260430
002694.SZ,*ST顾地,2.88,2.88,-4.95049505,2.98,2.88,5377/5521,2.88,2.98,2.88,2.88,3.30033,4.2807157E7,33,002694,20260430
601929.SH,吉视传媒,2.91,2.91,0.69204152,2.92,2.88,5377/5521,2.91,2.92,2.88,2.91,1.384083,7.16587E7,17,601929,20260430
002239.SZ,奥特佳,2.89,2.89,-0.34482759,2.91,2.87,5380/5521,2.89,2.91,2.87,2.89,1.37931,4.9831636E7,33,002239,20260430
000518.SZ,*ST四环,2.91,2.89,1.04166667,2.92,2.86,5381/5521,2.89,2.92,2.86,2.91,2.083333,7356701,33,000518,20260430
002005.SZ,ST德豪,2.89,2.9,-1.02739726,2.94,2.86,5381/5521,2.9,2.94,2.86,2.89,2.739726,9955700,33,002005,20260430
002247.SZ,聚力文化,2.88,2.89,-0.34602076,2.92,2.86,5381/5521,2.89,2.92,2.86,2.88,2.076124,2.77711E7,33,002247,20260430
002726.SZ,ST龙大,2.86,2.86,-4.9833887,2.86,2.86,5381/5521,2.86,2.86,2.86,2.86,0,1267100,33,002726,20260430
000552.SZ,甘肃能化,2.88,2.92,-1.70648464,2.94,2.85,5385/5521,2.92,2.94,2.85,2.88,3.071672,1.20156086E8,33,000552,20260430
600527.SH,江南高纤,2.95,2.87,4.60992908,3.09,2.85,5385/5521,2.87,3.09,2.85,2.95,8.510638,2.25276797E8,17,600527,20260430
002808.SZ,*ST恒久,2.83,2.83,-5.03355705,2.83,2.83,5387/5521,2.83,2.83,2.83,2.83,0,623000,33,002808,20260430
600383.SH,金地集团,2.9,2.86,1.04529617,2.92,2.82,5388/5521,2.86,2.92,2.82,2.9,3.48432,1.14185681E8,17,600383,20260430
600981.SH,苏豪汇鸿,2.85,2.85,-0.34965035,2.89,2.82,5388/5521,2.85,2.89,2.82,2.85,2.447552,1.45429E7,17,600981,20260430
002470.SZ,金正大,2.83,2.97,-3.7414966,3.04,2.81,5390/5521,2.97,3.04,2.81,2.83,7.823129,2.6765757E8,33,002470,20260430
002421.SZ,达实智能,2.9,2.82,3.94265233,2.94,2.8,5391/5521,2.82,2.94,2.8,2.9,5.017921,1.15506078E8,33,002421,20260430
601868.SH,中国能建,2.83,2.83,-0.70175439,2.84,2.8,5391/5521,2.83,2.84,2.8,2.83,1.403508,4.07851334E8,17,601868,20260430
002486.SZ,嘉麟杰,2.91,2.94,-1.68918919,2.95,2.79,5393/5521,2.94,2.95,2.79,2.91,5.405405,4.5356004E7,33,002486,20260430
000797.SZ,中国武夷,2.9,2.79,3.94265233,2.91,2.78,5394/5521,2.79,2.91,2.78,2.9,4.659498,4.8324401E7,33,000797,20260430
000927.SZ,中国铁物,2.81,2.85,-1.05633803,2.85,2.78,5394/5521,2.85,2.85,2.78,2.81,2.464788,6.6582631E7,33,000927,20260430
600581.SH,*ST八钢,2.82,2.78,1.07526882,2.84,2.78,5394/5521,2.78,2.84,2.78,2.82,2.150537,2.2226568E7,22,600581,20260430
000620.SZ,盈新发展,2.8,2.8,-0.35587189,2.85,2.77,5397/5521,2.8,2.85,2.77,2.8,2.846975,1.02396251E8,33,000620,20260430
300029.SZ,*ST天龙,2.77,2.77,,2.77,2.77,5397/5521,2.77,2.77,2.77,2.77,,,33,300029,20260430
600816.SH,建元信托,2.94,2.78,6.52173913,3.04,2.77,5397/5521,2.78,3.04,2.77,2.94,9.782608,3.10471592E8,17,600816,20260430
000004.SZ,*ST国华,2.76,2.76,,2.76,2.76,5400/5521,2.76,2.76,2.76,2.76,,,33,000004,20260430
002175.SZ,*ST东智,2.75,2.75,-4.84429066,2.75,2.75,5401/5521,2.75,2.75,2.75,2.75,0,6109500,33,002175,20260430
000793.SZ,*ST华闻,2.73,2.75,-0.72727273,2.77,2.72,5402/5521,2.75,2.77,2.72,2.73,1.818181,2.523082E7,33,000793,20260430
002495.SZ,佳隆股份,2.72,2.73,-0.36630037,2.75,2.7,5403/5521,2.73,2.75,2.7,2.72,1.831501,2.31621E7,33,002495,20260430
002622.SZ,皓宸医疗,2.8,2.78,1.44927536,2.84,2.7,5403/5521,2.78,2.84,2.7,2.8,5.072463,3.386762E7,33,002622,20260430
600010.SH,包钢股份,2.7,2.74,-2.17391304,2.76,2.69,5405/5521,2.74,2.76,2.69,2.7,2.536231,8.7021622E8,17,600010,20260430
000008.SZ,神州高铁,2.69,2.7,-0.37037037,2.73,2.68,5406/5521,2.7,2.73,2.68,2.69,1.851851,4.1757945E7,33,000008,20260430
600871.SH,石化油服,2.72,2.73,0.74074074,2.78,2.68,5406/5521,2.73,2.78,2.68,2.72,3.703703,1.53345667E8,17,600871,20260430
601996.SH,丰林集团,2.72,2.71,0,2.75,2.68,5406/5521,2.71,2.75,2.68,2.72,2.573529,3.76593E7,17,601996,20260430
600170.SH,上海建工,2.7,2.69,1.12359551,2.72,2.67,5409/5521,2.69,2.72,2.67,2.7,1.872659,1.71053632E8,17,600170,20260430
601860.SH,紫金银行,2.69,2.69,-0.37037037,2.71,2.67,5409/5521,2.69,2.71,2.67,2.69,1.481481,4.21684E7,17,601860,20260430
002102.SZ,ST能特,2.65,2.65,-5.01792115,2.65,2.65,5411/5521,2.65,2.65,2.65,2.65,0,3770900,33,002102,20260430
601866.SH,中远海发,2.66,2.69,-1.48148148,2.69,2.65,5411/5521,2.69,2.69,2.65,2.66,1.481481,8.0863748E7,17,601866,20260430
600568.SH,ST中珠,2.66,2.7,-2.20588235,2.72,2.64,5413/5521,2.7,2.72,2.64,2.66,2.941176,1.4927299E7,22,600568,20260430
600935.SH,华塑股份,2.67,2.68,-0.37313433,2.71,2.64,5413/5521,2.68,2.71,2.64,2.67,2.61194,3.0541093E7,17,600935,20260430
000727.SZ,冠捷科技,2.65,2.66,-0.37593985,2.68,2.62,5415/5521,2.66,2.68,2.62,2.65,2.255639,7.0520068E7,33,000727,20260430
603030.SH,全筑股份,2.65,2.62,9.95850622,2.65,2.62,5415/5521,2.62,2.65,2.62,2.65,1.244813,4.31286E7,17,603030,20260430
600622.SH,光大嘉宝,2.67,2.62,2.29885057,2.7,2.61,5417/5521,2.62,2.7,2.61,2.67,3.448275,3.5736275E7,17,600622,20260430
601828.SH,美凯龙,2.67,2.61,2.69230769,2.76,2.61,5417/5521,2.61,2.76,2.61,2.67,5.76923,9.7384837E7,17,601828,20260430
600439.SH,瑞贝卡,2.62,2.62,0,2.65,2.6,5419/5521,2.62,2.65,2.6,2.62,1.908396,1.5883121E7,17,600439,20260430
002124.SZ,天邦食品,2.61,2.61,-1.50943396,2.68,2.59,5420/5521,2.61,2.68,2.59,2.61,3.396226,1.3166701E8,33,002124,20260430
600117.SH,西宁特钢,2.61,2.58,0.77220077,2.64,2.58,5421/5521,2.58,2.64,2.58,2.61,2.316602,1.8622061E7,17,600117,20260430
000785.SZ,居然智家,2.58,2.6,-1.52671756,2.62,2.57,5422/5521,2.6,2.62,2.57,2.58,1.908396,4.8397707E7,33,000785,20260430
300370.SZ,安控科技,2.58,2.59,0,2.6,2.57,5422/5521,2.59,2.6,2.57,2.58,1.16279,1.71697E7,33,300370,20260430
002607.SZ,中公教育,2.65,2.56,3.11284047,2.65,2.55,5424/5521,2.56,2.65,2.55,2.65,3.89105,1.70982181E8,33,002607,20260430
600675.SH,中华企业,2.58,2.57,0.78125,2.61,2.55,5424/5521,2.57,2.61,2.55,2.58,2.34375,3.1450586E7,17,600675,20260430
600322.SH,津投城开,2.73,2.55,10.08064516,2.73,2.54,5426/5521,2.55,2.73,2.54,2.73,7.66129,6.8310708E7,17,600322,20260430
600370.SH,*ST三房,2.54,2.54,-4.86891386,2.54,2.54,5426/5521,2.54,2.54,2.54,2.54,0,1540000,22,600370,20260430
000488.SZ,ST晨鸣,2.57,2.57,-1.90839695,2.64,2.5,5428/5521,2.57,2.64,2.5,2.57,5.343511,3.35696E7,33,000488,20260430
600503.SH,华丽家族,2.57,2.51,1.98412698,2.59,2.5,5428/5521,2.51,2.59,2.5,2.57,3.571428,4.073586E7,17,600503,20260430
600400.SH,红豆股份,2.76,2.5,9.96015936,2.76,2.49,5430/5521,2.5,2.76,2.49,2.76,10.756972,1.91230129E8,17,600400,20260430
600533.SH,栖霞建设,2.58,2.49,3.61445783,2.61,2.47,5431/5521,2.49,2.61,2.47,2.58,5.622489,3.2674258E7,17,600533,20260430
000717.SZ,中南股份,2.48,2.49,-0.40160643,2.51,2.46,5432/5521,2.49,2.51,2.46,2.48,2.008032,2.06391E7,33,000717,20260430
300198.SZ,*ST纳川,2.55,2.48,1.5936255,2.56,2.46,5432/5521,2.48,2.56,2.46,2.55,3.984063,1.673072E7,33,300198,20260430
002314.SZ,南山控股,2.52,2.5,2.0242915,2.55,2.45,5434/5521,2.5,2.55,2.45,2.52,4.048582,4.7977499E7,33,002314,20260430
600252.SH,中恒集团,2.46,2.48,-1.6,2.5,2.45,5434/5521,2.48,2.5,2.45,2.46,2,3.6266301E7,17,600252,20260430
300266.SZ,兴源环境,2.43,2.48,-2.01612903,2.5,2.42,5436/5521,2.48,2.5,2.42,2.43,3.225806,2.2556129E7,33,300266,20260430
300477.SZ,ST合纵,2.76,2.46,12.65306122,2.78,2.42,5436/5521,2.46,2.78,2.42,2.76,14.693877,1.0513337E8,33,300477,20260430
600467.SH,好当家,2.45,2.39,2.51046025,2.47,2.39,5438/5521,2.39,2.47,2.39,2.45,3.34728,4.9739821E7,17,600467,20260430
600512.SH,腾达建设,2.4,2.42,-1.2345679,2.44,2.39,5438/5521,2.42,2.44,2.39,2.4,2.057613,4.616595E7,17,600512,20260430
600169.SH,ST太重,2.39,2.39,-0.41666667,2.4,2.38,5440/5521,2.39,2.4,2.38,2.39,0.833333,1.229811E7,22,600169,20260430
920023.BJ,*ST田野,2.65,2.51,2.31660232,2.79,2.38,5440/5521,2.51,2.79,2.38,2.65,15.830115,3.2823176E7,151,920023,20260430
002306.SZ,*ST云网,2.39,2.42,-1.23966942,2.45,2.37,5442/5521,2.42,2.45,2.37,2.39,3.305785,1.14126E7,33,002306,20260430
600743.SH,华远控股,2.47,2.38,2.91666667,2.53,2.36,5443/5521,2.38,2.53,2.36,2.47,7.083333,1.25279075E8,17,600743,20260430
000709.SZ,河钢股份,2.33,2.37,-4.11522634,2.39,2.31,5444/5521,2.37,2.39,2.31,2.33,3.292181,2.83135763E8,33,000709,20260430
000980.SZ,众泰汽车,2.52,2.32,10.04366812,2.52,2.3,5445/5521,2.32,2.52,2.3,2.52,9.606986,3.06775849E8,33,000980,20260430
002219.SZ,新里程,2.31,2.33,-1.28205128,2.35,2.3,5445/5521,2.33,2.35,2.3,2.31,2.136752,7.665968E7,33,002219,20260430
300237.SZ,ST美晨,2.29,2.3,-0.43478261,2.3,2.28,5447/5521,2.3,2.3,2.28,2.29,0.869565,1.607838E7,33,300237,20260430
000898.SZ,鞍钢股份,2.29,2.32,-1.7167382,2.33,2.27,5448/5521,2.32,2.33,2.27,2.29,2.575107,4.4502677E7,33,000898,20260430
688538.SH,和辉光电,2.26,2.26,0,2.28,2.24,5449/5521,2.26,2.28,2.24,2.26,1.769911,7.5452289E7,17,688538,20260430
600734.SH,*ST实达,2.23,2.23,-5.10638298,2.26,2.23,5450/5521,2.23,2.26,2.23,2.23,1.276595,6.08706E7,22,600734,20260430
001227.SZ,兰州银行,2.23,2.24,-0.88888889,2.25,2.22,5451/5521,2.24,2.25,2.22,2.23,1.333333,6.5113966E7,33,001227,20260430
000069.SZ,华侨城A,2.26,2.25,0.44444444,2.28,2.21,5452/5521,2.25,2.28,2.21,2.26,3.111111,6.8197872E7,33,000069,20260430
002305.SZ,*ST南置,2.23,2.24,-0.44642857,2.24,2.21,5452/5521,2.24,2.24,2.21,2.23,1.339285,1.96978E7,33,002305,20260430
601010.SH,ST文峰,2.21,2.21,-5.15021459,2.21,2.21,5452/5521,2.21,2.21,2.21,2.21,0,1395900,22,601010,20260430
002076.SZ,*ST星光,2.19,2.23,-4.36681223,2.23,2.18,5455/5521,2.23,2.23,2.18,2.19,2.183406,5.54048E7,33,002076,20260430
600193.SH,*ST创兴,2.17,2.17,,2.17,2.17,5456/5521,2.17,2.17,2.17,2.17,,,22,600193,20260430
000903.SZ,ST云动,2.19,2.16,-3.52422907,2.25,2.16,5457/5521,2.16,2.25,2.16,2.19,3.964757,8.6680013E7,33,000903,20260430
000718.SZ,苏宁环球,2.19,2.15,1.86046512,2.2,2.13,5458/5521,2.15,2.2,2.13,2.19,3.255813,5.1659609E7,33,000718,20260430
000897.SZ,津滨发展,2.18,2.16,1.39534884,2.19,2.13,5458/5521,2.16,2.19,2.13,2.18,2.790697,3.6522294E7,33,000897,20260430
002663.SZ,普邦股份,2.21,2.12,4.73933649,2.28,2.11,5460/5521,2.12,2.28,2.11,2.21,8.056872,8.0664433E7,33,002663,20260430
600231.SH,凌钢股份,2.17,2.18,-3.55555556,2.22,2.11,5460/5521,2.18,2.22,2.11,2.17,4.888888,3.6695231E7,17,600231,20260430
002321.SZ,华英农业,2.13,2.11,0.47169811,2.14,2.09,5462/5521,2.11,2.14,2.09,2.13,2.35849,3.324682E7,33,002321,20260430
002431.SZ,ST棕榈,2.08,2.08,-5.02283105,2.08,2.08,5463/5521,2.08,2.08,2.08,2.08,0,2027700,33,002431,20260430
600569.SH,安阳钢铁,2.09,2.14,-3.68663594,2.15,2.08,5463/5521,2.14,2.15,2.08,2.09,3.225806,3.6108687E7,17,600569,20260430
600608.SH,*ST沪科,2.07,2.07,,2.07,2.07,5465/5521,2.07,2.07,2.07,2.07,,,22,600608,20260430
002496.SZ,*ST辉丰,2.12,2.14,-1.39534884,2.16,2.06,5466/5521,2.14,2.16,2.06,2.12,4.651162,2.9952836E7,33,002496,20260430
000926.SZ,福星股份,2.13,2.08,2.89855072,2.14,2.05,5467/5521,2.08,2.14,2.05,2.13,4.347826,4.4464887E7,33,000926,20260430
000639.SZ,ST西王,2.03,2.03,-5.14018692,2.03,2.03,5468/5521,2.03,2.03,2.03,2.03,0,5051600,33,000639,20260430
600715.SH,文投控股,2.04,2.03,-0.48780488,2.06,2.02,5469/5521,2.03,2.06,2.02,2.04,1.951219,5.13512E7,17,600715,20260430
002086.SZ,东方海洋,2.05,2.02,0.98522167,2.1,2.01,5470/5521,2.02,2.1,2.01,2.05,4.433497,7.8351397E7,33,002086,20260430
002630.SZ,*ST华西,1.99,1.99,-4.784689,1.99,1.99,5471/5521,1.99,1.99,1.99,1.99,0,1.76307E7,33,002630,20260430
600491.SH,龙元建设,1.99,1.99,,1.99,1.99,5471/5521,1.99,1.99,1.99,1.99,,,17,600491,20260430
600239.SH,ST云城,1.93,1.93,-4.92610837,1.93,1.93,5473/5521,1.93,1.93,1.93,1.93,0,2770000,22,600239,20260430
000517.SZ,荣安地产,2.02,1.99,1,2.03,1.92,5474/5521,1.99,2.03,1.92,2.02,5.5,3.824694E7,33,000517,20260430
000838.SZ,*ST发展,1.95,1.92,4.83870968,1.95,1.92,5474/5521,1.92,1.95,1.92,1.95,1.612903,1.7008701E7,33,000838,20260430
600187.SH,国中水务,1.84,1.84,,1.84,1.84,5476/5521,1.84,1.84,1.84,1.84,,,17,600187,20260430
000826.SZ,*ST启环,1.96,1.83,1.55440415,2.01,1.83,5477/5521,1.83,2.01,1.83,1.96,9.326424,1.52249207E8,33,000826,20260430
002936.SZ,郑州银行,1.83,1.85,-1.08108108,1.85,1.83,5477/5521,1.85,1.85,1.83,1.83,1.081081,8.6721809E7,33,002936,20260430
600653.SH,申华控股,1.84,1.84,0.54644809,1.88,1.81,5479/5521,1.84,1.88,1.81,1.84,3.825136,3.1772926E7,17,600653,20260430
601588.SH,北辰实业,2.0,1.81,9.89010989,2,1.81,5479/5521,1.81,2,1.81,2.0,10.43956,1.24199761E8,17,601588,20260430
600162.SH,香江控股,1.89,1.8,5,1.9,1.79,5481/5521,1.8,1.9,1.79,1.89,6.111111,8.0445737E7,17,600162,20260430
600136.SH,ST明诚,1.79,1.78,0,1.79,1.77,5482/5521,1.78,1.79,1.77,1.79,1.117318,1.6496759E7,22,600136,20260430
300152.SZ,*ST动力,2.0,1.78,12.35955056,2.06,1.76,5483/5521,1.78,2.06,1.76,2.0,16.853932,6.5530203E7,33,300152,20260430
600307.SH,酒钢宏兴,1.77,1.79,-1.11731844,1.79,1.76,5483/5521,1.79,1.79,1.76,1.77,1.675977,5.64131E7,17,600307,20260430
300027.SZ,ST华谊,1.82,1.75,4.59770115,1.88,1.75,5485/5521,1.75,1.88,1.75,1.82,7.471264,1.90321761E8,33,300027,20260430
600157.SH,永泰能源,1.77,1.79,-1.11731844,1.8,1.75,5485/5521,1.79,1.8,1.75,1.77,2.793296,6.75819375E8,17,600157,20260430
000056.SZ,*ST皇庭,1.74,1.81,-4.91803279,1.84,1.74,5487/5521,1.81,1.84,1.74,1.74,5.46448,1.06272212E8,33,000056,20260430
000564.SZ,供销大集,1.75,1.73,0.57471264,1.78,1.73,5488/5521,1.73,1.78,1.73,1.75,2.873563,2.34052813E8,33,000564,20260430
002542.SZ,*ST中岩,1.75,1.78,-2.77777778,1.79,1.73,5488/5521,1.78,1.79,1.73,1.75,3.333333,8.0816774E7,33,002542,20260430
600518.SH,康美药业,1.71,1.72,-1.15606936,1.72,1.7,5490/5521,1.72,1.72,1.7,1.71,1.156069,1.57677102E8,17,600518,20260430
002482.SZ,广田集团,1.71,1.7,0.58823529,1.73,1.69,5491/5521,1.7,1.73,1.69,1.71,2.352941,7.7244082E7,33,002482,20260430
002323.SZ,*ST雅博,1.67,1.67,-5.11363636,1.67,1.67,5492/5521,1.67,1.67,1.67,1.67,0,2986700,33,002323,20260430
002269.SZ,美邦服饰,1.7,1.65,6.91823899,1.74,1.65,5493/5521,1.65,1.74,1.65,1.7,5.660377,1.64354484E8,33,002269,20260430
601880.SH,辽港股份,1.64,1.66,-1.79640719,1.67,1.63,5494/5521,1.66,1.67,1.63,1.64,2.395209,1.56924808E8,17,601880,20260430
601992.SH,金隅集团,1.66,1.68,-2.35294118,1.69,1.63,5494/5521,1.68,1.69,1.63,1.66,3.529411,1.08671795E8,17,601992,20260430
300197.SZ,节能铁汉,1.69,1.65,1.80722892,1.69,1.62,5496/5521,1.65,1.69,1.62,1.69,4.216867,7.4121743E7,33,300197,20260430
000882.SZ,华联股份,1.65,1.63,1.22699387,1.67,1.61,5497/5521,1.63,1.67,1.61,1.65,3.680981,7.699094E7,33,000882,20260430
600881.SH,亚泰集团,1.56,1.61,-1.26582278,1.64,1.56,5498/5521,1.61,1.64,1.56,1.56,5.063291,1.22317074E8,17,600881,20260430
600221.SH,海航控股,1.51,1.5,4.86111111,1.57,1.5,5499/5521,1.5,1.57,1.5,1.51,4.861111,1.13523726E9,17,600221,20260430
002501.SZ,*ST利源,1.48,1.48,-5.12820513,1.48,1.48,5500/5521,1.48,1.48,1.48,1.48,0,2.07046E7,33,002501,20260430
600022.SH,山东钢铁,1.44,1.46,-1.36986301,1.47,1.44,5501/5521,1.46,1.47,1.44,1.44,2.054794,9.966444E7,17,600022,20260430
600606.SH,绿地控股,1.57,1.47,6.80272109,1.62,1.44,5501/5521,1.47,1.62,1.44,1.57,12.244897,3.98549681E8,17,600606,20260430
600567.SH,山鹰国际,1.45,1.43,-1.36054422,1.46,1.42,5503/5521,1.43,1.46,1.42,1.45,2.721088,1.25407143E8,17,600567,20260430
000656.SZ,*ST金科,1.4,1.4,0,1.41,1.39,5504/5521,1.4,1.41,1.39,1.4,1.428571,6.6908087E7,33,000656,20260430
601005.SH,重庆钢铁,1.4,1.4,-0.70921986,1.41,1.39,5504/5521,1.4,1.41,1.39,1.4,1.418439,6.09845E7,17,601005,20260430
002717.SZ,*ST岭南,1.37,1.4,-3.52112676,1.43,1.35,5506/5521,1.4,1.43,1.35,1.37,5.633802,1.31214068E8,33,002717,20260430
002024.SZ,ST易购,1.34,1.33,1.51515152,1.36,1.31,5507/5521,1.33,1.36,1.31,1.34,3.787878,4.7450836E7,33,002024,20260430
002146.SZ,荣盛发展,1.35,1.33,1.5037594,1.38,1.31,5507/5521,1.33,1.38,1.31,1.35,5.263157,1.41354097E8,33,002146,20260430
600696.SH,*ST岩石,1.31,1.31,,1.31,1.31,5507/5521,1.31,1.31,1.31,1.31,,,22,600696,20260430
600340.SH,华夏幸福,1.28,1.28,,1.28,1.28,5510/5521,1.28,1.28,1.28,1.28,,,17,600340,20260430
688287.SH,*ST观典,0.93,0.93,,0.93,0.93,5511/5521,0.93,0.93,0.93,0.93,,,22,688287,20260430
000638.SZ,*ST万方,0.89,0.89,,0.89,0.89,5512/5521,0.89,0.89,0.89,0.89,,,33,000638,20260430
