股票代码,股票简称,最新价,chg_pct,p_close,p_open,涨跌幅:前复权[20260401],p_high,区间最低价:前复权[20000104-20001229],区间最低价:前复权日[20000104-20001229],区间最低价:前复权排名[20000104-20001229],p_low,区间最高价:前复权[20000104-20001229],区间最高价:前复权日[20000104-20001229],开盘价:前复权[20260401],最高价:前复权[20260401],最低价:前复权[20260401],收盘价:前复权[20260401],振幅[20260401],成交量[20260401],market_code,code,date
600345.SH,长江通信,48.66,-5.952841128720537,42.56,44.48,-1.3215859,44.6,22.20880952,20001222,1/870,42.1,25.95880952,20001222,44.48,44.6,42.1,42.56,5.796429,1.6355863E7,17,600345,20260401
000633.SZ,合金投资,6.83,0.14662756598240156,6.74,6.85,0.74738416,6.88,16.86616162,20000104,2/870,6.67,23.84848485,20001229,6.85,6.88,6.67,6.74,3.139013,7897300,33,000633,20260401
000931.SZ,中关村,4.75,0.21097046413501658,5.29,5.2,2.51937984,5.29,15.68965517,20000119,3/870,5.15,22.4137931,20001221,5.2,5.29,5.15,5.29,2.713178,1.7905976E7,33,000931,20260401
600198.SH,大唐电信,8.4,-0.8264462809917388,8.29,8.38,0.7290401,8.42,14.82061402,20000114,4/870,8.23,23.73134328,20001221,8.38,8.42,8.23,8.29,2.308626,1.10712E7,17,600198,20260401
600243.SH,*ST海华,4.16,3.740648379052378,3.01,3.03,0.66889632,3.04,13.47725806,20001218,5/870,2.92,15.5933871,20001201,3.03,3.04,2.92,3.01,4.013377,4065700,22,600243,20260401
000985.SZ,大庆华科,20.23,-0.2957121734844688,19.53,19.71,0.61823802,19.79,13.45506452,20001204,6/870,19.25,15.92146237,20001221,19.71,19.79,19.25,19.53,2.782071,2018147,33,000985,20260401
600259.SH,中稀有色,92.01,-1.772178926016864,80.55,80.22,2.53309572,81.71,13.25952381,20001212,7/870,79.2,14.65952381,20001225,80.07,81.56,79.05,80.4,3.19501,1.2611436E7,17,600259,20260401
600265.SH,*ST景谷,22.02,-0.13605442176871263,21.38,20.86,2.44369909,21.69,11.61777778,20001212,8/870,20.78,13.03753086,20001227,20.86,21.69,20.78,21.38,4.360325,553300,22,600265,20260401
600727.SH,鲁北化工,8.07,-0.12376237623762112,7.47,7.72,-2.35294118,7.8,11.58571429,20001218,9/870,7.43,13.83956044,20000107,7.72,7.8,7.43,7.47,4.836601,2.2225544E7,17,600727,20260401
000156.SZ,华数传媒,7.41,-0.9358288770053513,7.53,7.51,1.89445196,7.56,11.51323928,20001212,10/870,7.45,13.26578047,20001205,7.51,7.56,7.45,7.53,1.488497,1.16319E7,33,000156,20260401
000990.SZ,诚志股份,12.6,-2.6275115919629046,9.83,9.84,0.30612245,10.13,11.26912106,20001208,11/870,9.7,12.78008476,20001226,9.84,10.13,9.7,9.83,4.387755,5.1845E7,33,000990,20260401
000697.SZ,ST炼石,,,9.38,9.39,0.32085561,9.49,11.25851641,20000104,12/870,9.28,15.17259323,20000128,9.39,9.49,9.28,9.38,2.245989,4828301,33,000697,20260401
000948.SZ,南天信息,14.49,0.48543689320388544,15.21,15.25,1.13031915,15.29,10.47909775,20001211,13/870,15.11,14.44735759,20000128,15.25,15.29,15.11,15.21,1.196808,2272745,33,000948,20260401
000409.SZ,云鼎科技,10.16,0.2961500493583352,10.4,10.4,1.5625,10.44,9.95525526,20000124,14/870,10.27,19.04796133,20001227,10.4,10.44,10.27,10.4,1.660156,5026753,33,000409,20260401
600661.SH,昂立教育,10.2,1.1904761904761827,9.77,9.75,1.66493236,9.81,9.84925926,20000114,15/870,9.64,19.98506173,20001221,9.75,9.81,9.64,9.77,1.76899,3218700,17,600661,20260401
600262.SH,北方股份,24.51,1.030502885408079,24.81,25.23,1.88911704,25.23,9.22633333,20001218,16/870,24.63,10.643,20001205,25.23,25.23,24.63,24.81,2.464065,2922566,17,600262,20260401
600671.SH,天目药业,19.91,1.3747454175152727,21.96,21.98,0.91911765,22.17,9.07407407,20000119,17/870,21.72,14.41666667,20001206,21.98,22.17,21.72,21.96,2.068014,2008800,17,600671,20260401
600135.SH,乐凯胶片,11.43,4.098360655737698,10.92,11.34,-1.79856115,11.39,8.97388889,20000104,18/870,10.81,13.57858974,20001201,11.34,11.39,10.81,10.92,5.215827,3.8654449E7,17,600135,20260401
600722.SH,金牛化工,13.61,0.5169867060561321,14.35,14.81,-3.49697377,14.95,8.93656716,20001212,19/870,13.97,12.47485399,20000110,14.81,14.95,13.97,14.35,6.59045,1.00011422E8,17,600722,20260401
600640.SH,国脉文化,12.4,-1.5873015873015817,12.0,12,1.35135135,12.05,8.91125926,20000104,20/870,11.89,18.68230303,20001207,12,12.05,11.89,12.0,1.351351,5250100,17,600640,20260401
000995.SZ,皇台酒业,13.48,-0.148148148148145,13.99,15,-6.73333333,15.02,8.90102065,20001215,21/870,13.75,10.44386423,20001226,15,15.02,13.75,13.99,8.466666,4.1479289E7,33,000995,20260401
000925.SZ,众合科技,9.19,-5.840163934426233,7.19,7.38,-1.50684932,7.43,8.72891101,20000104,22/870,7.11,13.88113583,20001221,7.38,7.43,7.11,7.19,4.383561,2.4802261E7,33,000925,20260401
600854.SH,春兰股份,5.42,1.3084112149532765,5.12,5.21,-0.58252427,5.24,8.72833175,20000104,23/870,5.05,12.70484803,20001201,5.21,5.24,5.05,5.12,3.68932,9543400,17,600854,20260401
600258.SH,首旅酒店,15.65,-2.3705552089831614,16.22,15.13,8.2777036,16.34,8.70342308,20001218,24/870,15.13,10.34338034,20001201,15.13,16.34,15.13,16.22,8.077436,2.765748E7,17,600258,20260401
600180.SH,*ST瑞茂,2.91,-4.901960784313722,3.47,3.51,0,3.55,8.63033945,20000104,25/870,3.44,11.33744004,20000128,3.51,3.55,3.44,3.47,3.170028,1.14333E7,22,600180,20260401
600234.SH,科新发展,24.4,1.6666666666666607,15.1,15.23,0.66666667,15.55,8.53741497,20001212,26/870,14.88,9.375,20001205,15.23,15.55,14.88,15.1,4.466666,4372600,17,600234,20260401
600241.SH,时代万恒,9.76,0.7223942208462362,9.65,9.89,-2.03045685,9.99,8.50759516,20001215,27/870,9.51,9.2082872,20001206,9.89,9.99,9.51,9.65,4.873096,1.28866E7,17,600241,20260401
000663.SZ,永安林业,6.88,1.624815361890699,6.79,7.07,-2.86123033,7.12,8.275,20001229,28/870,6.72,10.63125,20000110,7.07,7.12,6.72,6.79,5.72246,9393400,33,000663,20260401
000701.SZ,厦门信达,5.93,0.3384094754653058,5.98,6.04,0.67340067,6.09,8.12566667,20000119,29/870,5.92,10.75233333,20000128,6.04,6.09,5.92,5.98,2.861952,1.6562314E7,33,000701,20260401
000962.SZ,东方钽业,43.87,-1.1714350078846658,44.36,45.63,-0.11258726,45.65,8.0963361,20000120,30/870,43.6,25.97914428,20001206,45.63,45.65,43.6,44.36,4.616077,1.4397881E7,33,000962,20260401
000978.SZ,桂林旅游,6.67,-1.9117647058823515,7.67,7.76,-0.38961039,7.82,8.02863636,20001211,31/870,7.46,10.08768842,20001213,7.76,7.82,7.46,7.67,4.675324,3.4029105E7,33,000978,20260401
000682.SZ,东方电子,13.05,-2.320359281437116,12.33,12.34,1.98511166,12.38,8.01247154,20000104,32/870,12.23,17.20962602,20000128,12.34,12.38,12.23,12.33,1.240694,1.1051774E7,33,000682,20260401
000058.SZ,深赛格,8.2,0.8610086100860824,8.1,8.1,1.63111669,8.17,8.01010231,20000114,33/870,8.04,12.4730939,20000128,8.1,8.17,8.04,8.1,1.631116,6606583,33,000058,20260401
600278.SH,东方创业,7.06,-0.5633802816901414,7.51,7.42,2.59562842,7.51,8.00883034,20001218,34/870,7.32,8.5672349,20001229,7.42,7.51,7.32,7.51,2.595628,8775600,17,600278,20260401
600768.SH,宁波富邦,18.88,3.2258064516129026,17.47,17.8,0.28702641,17.8,7.99885389,20000104,35/870,17.26,14.1340245,20000128,17.8,17.8,17.26,17.47,3.099885,4213600,17,600768,20260401
600288.SH,大恒科技,15.18,4.043865661411925,14.26,14.3,1.3503909,14.35,7.75457406,20001211,36/870,14.06,8.7256092,20001204,14.3,14.35,14.06,14.26,2.061122,4134824,17,600288,20260401
600338.SH,西藏珠峰,27.58,-0.10865628395509286,16.95,17.32,-0.41128085,17.38,7.74785714,20001227,37/870,16.79,9.15357143,20001229,17.32,17.38,16.79,16.95,3.466509,3.9457021E7,17,600338,20260401
600171.SH,上海贝岭,28.7,1.6648955012398117,27.27,27.45,0.96260644,27.5,7.73419254,20000117,38/870,27.19,11.06479946,20001221,27.45,27.5,27.19,27.27,1.147723,5931190,17,600171,20260401
600207.SH,安彩高科,5.59,-2.101576182136604,7.15,6.7,6.71641791,7.32,7.65671642,20000104,39/870,6.45,20.20895522,20001226,6.7,7.32,6.45,7.15,12.985074,1.17098731E8,17,600207,20260401
600232.SH,金鹰股份,8.58,0.3508771929824486,8.13,8.19,0.37037037,8.24,7.62474628,20001213,40/870,8.07,9.84368119,20001205,8.19,8.24,8.07,8.13,2.098765,5442330,17,600232,20260401
000921.SZ,海信家电,24.03,2.124946876328092,22.35,21.69,3.76044568,22.75,7.5908686,20001226,41/870,21.68,13.47122574,20000110,21.69,22.75,21.68,22.35,4.967502,1.9911556E7,33,000921,20260401
000938.SZ,紫光股份,31.99,-1.3263417643430082,25.29,25.5,1.56626506,25.96,7.56762877,20000104,42/870,25.13,12.37508746,20001201,25.5,25.96,25.13,25.29,3.333333,7.9711938E7,33,000938,20260401
600289.SH,ST信通,6.21,-4.900459418070448,7.33,7.42,-0.94594595,7.55,7.5433309,20001212,43/870,7.26,8.03652677,20001221,7.42,7.55,7.26,7.33,3.918918,5234800,22,600289,20260401
600800.SH,渤海化学,4.59,1.3245033112582694,4.75,4.82,1.4957265,4.88,7.51028807,20000104,44/870,4.59,12.48148148,20001201,4.82,4.88,4.59,4.75,6.196581,5.9245673E7,17,600800,20260401
000628.SZ,高新发展,66.18,10.00664893617023,51.5,51.67,1.45784082,51.93,7.45869231,20000117,45/870,51.23,11.48176923,20001225,51.67,51.93,51.23,51.5,1.379038,5192276,33,000628,20260401
000722.SZ,湖南发展,14.24,-1.7931034482758605,14.03,14.38,-3.96988364,14.55,7.33431953,20000106,46/870,13.91,11.04733728,20000124,14.38,14.55,13.91,14.03,4.380561,5.2646363E7,33,000722,20260401
000070.SZ,特发信息,18.08,-6.466632177961718,18.45,18,3.65168539,19.05,7.2516401,20001212,47/870,17.83,8.00647101,20001221,18,19.05,17.83,18.45,6.853932,1.97739809E8,33,000070,20260401
600706.SH,曲江文旅,9.54,0.5268703898840773,9.8,10.05,-0.8097166,10.05,7.24678205,20000126,48/870,9.71,13.33011538,20001205,10.05,10.05,9.71,9.8,3.441295,6754300,17,600706,20260401
600052.SH,东望时代,4.44,9.90099009900991,4.01,4.06,0.25,4.07,7.24521718,20000104,49/870,3.97,9.7131659,20001201,4.06,4.07,3.97,4.01,2.5,8591800,17,600052,20260401
000993.SZ,闽东电力,12.24,-1.2903225806451624,15.15,16,-7.1122011,16,7.23930058,20001226,50/870,15,7.69594798,20001221,16,16,15,15.15,6.131207,6.9993032E7,33,000993,20260401
600648.SH,外高桥,10.03,-5.37735849056604,10.43,10.46,0.48169557,10.47,7.1888556,20000119,51/870,10.28,13.21652358,20001227,10.46,10.47,10.28,10.43,1.830443,2731600,17,600648,20260401
000586.SZ,汇源通信,17.71,-1.6657412548584158,15.59,15.85,0.77569489,15.93,7.16666667,20000117,52/870,15.37,10.95652174,20001225,15.85,15.93,15.37,15.59,3.619909,7291389,33,000586,20260401
000151.SZ,中成股份,11.84,0.1692047377326529,11.8,12.05,0.85470085,12.39,7.0639599,20001218,53/870,11.72,8.53764411,20001226,12.05,12.39,11.72,11.8,5.726495,6489700,33,000151,20260401
600613.SH,神奇制药,5.88,0.1703577512776795,6.32,6.09,4.46280992,6.38,7.02110656,20000124,54/870,6.02,17.12356557,20001208,6.09,6.38,6.02,6.32,5.950413,1.70903E7,17,600613,20260401
600301.SH,华锡有色,50.53,1.1206724034420699,49.55,50.32,2.58799172,50.79,7.01142857,20001211,55/870,49.05,7.56142857,20001204,50.32,50.79,49.05,49.55,3.602484,7933900,17,600301,20260401
600215.SH,派斯林,6.84,5.718701700154562,6.74,6.84,0.14858841,6.88,6.9619053,20000117,56/870,6.67,9.01773901,20001204,6.84,6.88,6.67,6.74,3.120356,4467830,17,600215,20260401
600707.SH,彩虹股份,8.09,-8.068181818181827,5.66,5.69,1.25223614,5.72,6.94490791,20000104,57/870,5.61,9.57112676,20001204,5.69,5.72,5.61,5.66,1.967799,1.30673E7,17,600707,20260401
600721.SH,百花医药,8.43,-1.0563380281690125,10.18,10.18,,10.18,6.80630173,20000128,58/870,10.18,13.42202701,20001205,10.18,10.18,10.18,10.18,,,17,600721,20260401
000681.SZ,视觉中国,21.82,5.207328833172623,20.53,20.5,2.29197808,20.56,6.78343342,20000104,59/870,20.16,11.48566667,20001201,20.5,20.56,20.16,20.53,1.993024,2.2388485E7,33,000681,20260401
600857.SH,宁波中百,12.71,2.7485852869846537,11.92,12.08,0.67567568,12.13,6.74935185,20000104,60/870,11.8,12.3187963,20000126,12.08,12.13,11.8,11.92,2.787162,2424700,17,600857,20260401
600775.SH,南京熊猫,12.35,0.40650406504064174,13.63,13.6,2.02095808,13.68,6.74812963,20000120,61/870,13.39,13.65183333,20001222,13.6,13.68,13.39,13.63,2.170658,2.3951315E7,17,600775,20260401
000980.SZ,众泰汽车,2.52,10.043668122270741,2.35,2.42,-1.2605042,2.43,6.73197531,20001218,62/870,2.32,7.46777778,20001206,2.42,2.43,2.32,2.35,4.621848,1.03330149E8,33,000980,20260401
000909.SZ,*ST数源,4.66,-5.091649694501018,5.98,6.18,-1.64473684,6.25,6.7316326,20001212,63/870,5.89,10.6586399,20000128,6.18,6.25,5.89,5.98,5.921052,9742743,33,000909,20260401
600148.SH,长春一东,19.13,0.3146303093864642,18.38,18.55,0.93355299,18.66,6.72332274,20000106,64/870,18.18,9.54887752,20001226,18.55,18.66,18.18,18.38,2.635914,1464704,17,600148,20260401
600847.SH,万里股份,14.77,0.06775067750677362,12.9,13.64,-2.19863533,13.66,6.688,20000105,65/870,12.7,16.0,20001204,13.64,13.66,12.7,12.9,7.278241,5648300,17,600847,20260401
600281.SH,华阳新材,5.6,-0.8849557522124019,5.34,5.44,-0.55865922,5.48,6.66180021,20001218,66/870,5.28,7.49165818,20001206,5.44,5.48,5.28,5.34,3.724394,7848500,17,600281,20260401
600137.SH,浪莎股份,23.4,-2.1739130434782736,22.76,23.2,-0.91423596,23.2,6.646,20000118,67/870,22.57,17.182,20001205,23.2,23.2,22.57,22.76,2.742707,5305900,17,600137,20260401
000004.SZ,*ST国华,,,4.34,4.34,-5.03282276,4.45,6.624,20000104,68/870,4.34,27.328,20001225,4.34,4.45,4.34,4.34,2.407002,4577900,33,000004,20260401
000969.SZ,安泰科技,21.37,1.0879848628193018,20.93,21.08,1.50339476,21.16,6.60243363,20001205,69/870,20.64,7.55227962,20001220,21.08,21.16,20.64,20.93,2.521823,1.8805175E7,33,000969,20260401
600095.SH,湘财股份,8.88,0.3389830508474705,9.39,9.39,1.29449838,9.42,6.57028181,20001214,70/870,9.29,8.61847458,20000128,9.39,9.42,9.29,9.39,1.402373,1.68125E7,17,600095,20260401
600235.SH,民丰特纸,6.95,1.0174418604651205,6.73,6.85,0.89955022,6.85,6.55940212,20001211,71/870,6.65,7.09908466,20001229,6.85,6.85,6.65,6.73,2.9985,6565588,17,600235,20260401
000636.SZ,风华高科,25.09,-0.7515822784810177,19.52,19.39,3.11674591,19.61,6.54474519,20000104,72/870,19.23,14.08178222,20001204,19.39,19.61,19.23,19.52,2.007395,3.6039393E7,33,000636,20260401
000668.SZ,*ST荣控,15.85,1.5374759769378619,14.82,14.7,0.81632653,15.06,6.51079772,20000104,73/870,14.49,10.4937037,20001201,14.7,15.06,14.49,14.82,3.877551,1659600,33,000668,20260401
600237.SH,铜峰电子,8.88,-2.417582417582405,8.96,8.9,3.46420323,9,6.45181818,20001211,74/870,8.74,7.41141414,20001221,8.9,9,8.74,8.96,3.002309,2.38687E7,17,600237,20260401
600718.SH,东软集团,8.84,-0.2257336343115076,9.11,9.17,0.88593577,9.19,6.43132281,20000104,75/870,9.04,10.89259829,20001221,9.17,9.19,9.04,9.11,1.661129,9433505,17,600718,20260401
600248.SH,陕建股份,3.48,-1.4164305949008449,3.48,3.5,0,3.54,6.37952948,20001201,76/870,3.47,7.04086744,20001208,3.5,3.54,3.47,3.48,2.011494,1.36491E7,17,600248,20260401
000733.SZ,振华科技,42.61,-2.135966926963711,45.99,46.11,1.32187707,46.28,6.31858755,20000104,77/870,45.65,15.10457977,20000128,46.11,46.28,45.65,45.99,1.38797,8117589,33,000733,20260401
600638.SH,新黄浦,6.25,1.957585644371943,5.99,6.01,0.5033557,6.09,6.28206706,20000104,78/870,5.93,7.9240789,20001205,6.01,6.09,5.93,5.99,2.684563,5739014,17,600638,20260401
000159.SZ,国际实业,6.5,0.0,6.53,6.64,0.46153846,6.64,6.25084469,20001211,79/870,6.48,6.87754768,20001204,6.64,6.64,6.48,6.53,2.461538,1.10535E7,33,000159,20260401
600751.SH,海航科技,3.68,-2.6455026455026363,4.05,4.02,2.53164557,4.1,6.2460324,20000124,80/870,3.98,9.18274406,20001229,4.02,4.1,3.98,4.05,3.037974,5.59923E7,17,600751,20260401
000972.SZ,*ST中基,3.86,2.93333333333333,3.89,3.94,-0.76530612,3.95,6.22979886,20001218,81/870,3.86,7.04272862,20001204,3.94,3.95,3.86,3.89,2.295918,1.25835E7,33,000972,20260401
000035.SZ,中国天楹,6.53,-2.53731343283582,6.94,6.9,2.51107829,6.99,6.2188,20000104,82/870,6.83,10.01046667,20000124,6.9,6.99,6.83,6.94,2.363367,5.4724386E7,33,000035,20260401
000155.SZ,川能动力,17.42,-9.506493506493497,15.43,15.91,-2.77252678,16.08,6.16848485,20001218,83/870,15.24,7.14575758,20001225,15.91,16.08,15.24,15.43,5.293005,9.4235658E7,33,000155,20260401
000862.SZ,银星能源,6.47,-3.143712574850299,6.71,6.87,-1.32352941,6.92,6.16814241,20000104,84/870,6.65,8.84292566,20000128,6.87,6.92,6.65,6.71,3.970588,5.2092741E7,33,000862,20260401
600229.SH,城市传媒,6.32,2.931596091205222,6.02,6.08,0.16638935,6.1,6.168,20001218,85/870,5.98,7.184,20001208,6.08,6.1,5.98,6.02,1.996672,2902002,17,600229,20260401
600192.SH,长城电工,8.26,0.36452004860266535,8.63,8.78,-0.11574074,8.83,6.16766999,20000104,86/870,8.55,8.29822392,20001227,8.78,8.83,8.55,8.63,3.24074,7146990,17,600192,20260401
600121.SH,郑州煤电,4.25,-0.9324009324009332,4.58,4.72,-4.97925311,4.82,6.14019055,20000114,87/870,4.56,15.03176329,20001215,4.72,4.82,4.56,4.58,5.39419,1.1706831E8,17,600121,20260401
000752.SZ,*ST西发,10.0,-1.1857707509881346,10.18,10.66,-5.03731343,10.79,6.11017309,20000104,88/870,10.18,9.08444444,20001227,10.66,10.79,10.18,10.18,5.690298,1.293821E7,33,000752,20260401
600080.SH,ST金花,7.62,-4.9875311720698186,8.81,8.59,3.16159251,8.96,6.09953673,20000104,89/870,8.5,8.41894948,20001205,8.59,8.96,8.5,8.81,5.386416,1.1593812E7,22,600080,20260401
000020.SZ,深华发A,15.96,0.1883239171374836,16.18,16.1,1.56936598,16.2,6.08695652,20000128,90/870,15.86,20.86956522,20001207,16.1,16.2,15.86,16.18,2.134337,1.1211031E7,33,000020,20260401
600218.SH,全柴动力,9.66,2.439024390243907,9.21,9.26,1.09769484,9.27,6.07659544,20000118,91/870,9.13,7.31306268,20001214,9.26,9.27,9.13,9.21,1.536772,6354742,17,600218,20260401
600615.SH,鑫源智造,11.87,1.1935208866155054,11.52,11.64,0.61135371,11.78,6.07136345,20000124,92/870,11.35,10.87570682,20001208,11.64,11.78,11.35,11.52,3.755458,2235541,17,600615,20260401
000021.SZ,深科技,29.22,-0.034211426616495254,26.67,26.86,3.41217526,27.21,6.06042735,20001219,93/870,26.4,10.74846154,20000128,26.86,27.21,26.4,26.67,3.140752,7.3413696E7,33,000021,20260401
600136.SH,ST明诚,1.79,0.0,1.88,1.9,-1.05263158,1.92,6.03462238,20000104,94/870,1.83,9.77972727,20001229,1.9,1.92,1.83,1.88,4.736842,6.7339969E7,22,600136,20260401
600107.SH,ST尔雅,6.01,0.0,6.5,6.3,5.00807754,6.5,6.0,20000104,95/870,6.3,8.12857143,20001205,6.3,6.5,6.3,6.5,3.231017,1.023282E7,22,600107,20260401
000048.SZ,京基智农,14.74,0.1358695652173884,21.29,23.32,-10.01690617,23.37,5.99985305,20001229,96/870,21.29,15.88827837,20001204,23.32,23.37,21.29,21.29,8.791208,1.54018E7,33,000048,20260401
600689.SH,上海三毛,13.54,0.4451038575667561,13.17,13.35,0.4576659,13.4,5.99700549,20000104,97/870,13.08,10.63871795,20001208,13.35,13.4,13.08,13.17,2.440884,1919300,17,600689,20260401
000590.SZ,古汉医药,11.16,0.540540540540545,11.96,11.88,2.39726027,12,5.96423494,20000106,98/870,11.77,20.24107744,20001201,11.88,12,11.77,11.96,1.969178,4489010,33,000590,20260401
000977.SZ,浪潮信息,69.75,-3.5002767017155523,58.48,57.43,4.27960057,58.86,5.95745345,20001211,99/870,57.12,6.23501893,20001221,57.43,58.86,57.12,58.48,3.10271,4.6409594E7,33,000977,20260401
600302.SH,标准股份,9.54,0.0,11.08,11.03,3.16573557,11.45,5.93076923,20001218,100/870,11.01,6.67975709,20001214,11.03,11.45,11.01,11.08,4.096834,1.26133E7,17,600302,20260401
600292.SH,电投水电,15.32,-1.3522215067611016,14.27,13.55,6.25465376,14.5,5.8951655,20001211,101/870,13.55,6.55075991,20001205,13.55,14.5,13.55,14.27,7.073715,1.8317769E7,17,600292,20260401
600076.SH,康欣新材,3.33,-5.397727272727271,3.55,3.65,0.56657224,3.69,5.88825911,20000104,102/870,3.53,11.34574899,20001219,3.65,3.69,3.53,3.55,4.532577,2.13211E7,17,600076,20260401
001896.SZ,豫能控股,15.24,-9.982279976373299,13.85,13.36,0.94752187,14.25,5.87,20000104,103/870,13,11.81,20001221,13.36,14.25,13,13.85,9.110787,1.58951396E8,33,001896,20260401
000988.SZ,华工科技,119.53,0.41162634408601717,104.74,106.61,1.19806763,106.8,5.81089464,20001215,104/870,103.19,6.46948263,20001201,106.61,106.8,103.19,104.74,3.487922,5.1706384E7,33,000988,20260401
600058.SH,五矿发展,11.12,-1.3309671694764895,11.11,11.25,0.18034265,11.3,5.78185177,20000104,105/870,11.05,11.77183811,20001204,11.25,11.3,11.05,11.11,2.254283,7457558,17,600058,20260401
000526.SZ,学大教育,34.76,4.7619047619047565,31.7,31.08,3.29097426,31.74,5.77455504,20000104,106/870,30.82,12.42584047,20001227,31.08,31.74,30.82,31.7,2.997719,3115900,33,000526,20260401
600819.SH,耀皮玻璃,6.83,-0.726744186046509,7.25,7.29,1.11576011,7.48,5.75151235,20000104,107/870,7.21,8.19595679,20000124,7.29,7.48,7.21,7.25,3.76569,7044100,17,600819,20260401
000062.SZ,深圳华强,36.92,3.562412342215998,26.08,25.18,5.54431404,27.18,5.73271141,20001225,108/870,25.18,9.03244615,20000128,25.08,27.08,25.08,25.98,8.093889,5.0316075E7,33,000062,20260401
600630.SH,龙头股份,8.33,0.8474576271186476,7.96,8.05,0.37831021,8.08,5.71667091,20000104,109/870,7.9,9.70163331,20001208,8.05,8.08,7.9,7.96,2.269861,4633065,17,600630,20260401
600156.SH,华升股份,10.8,-3.3124440465532605,7.52,7.93,-4.68948035,7.98,5.69315618,20000124,110/870,7.28,8.54624088,20001213,7.93,7.98,7.28,7.52,8.871989,2.5711537E7,17,600156,20260401
000885.SZ,城发环境,14.11,-0.28268551236749767,13.77,13.75,1.10132159,13.83,5.66863595,20000112,111/870,13.7,10.45438275,20001205,13.75,13.83,13.7,13.77,0.954478,4880390,33,000885,20260401
000301.SZ,东方盛虹,13.27,0.07541478129713264,10.89,10.8,2.25352113,10.95,5.66647059,20001212,112/870,10.66,6.24294118,20001201,10.8,10.95,10.66,10.89,2.723004,2.2516266E7,33,000301,20260401
000881.SZ,中广核技,7.8,0.7751937984496073,7.78,7.81,1.43415906,7.84,5.64836999,20000119,113/870,7.62,12.88848047,20001201,7.81,7.84,7.62,7.78,2.868318,1.6833449E7,33,000881,20260401
600793.SH,宜宾纸业,16.31,-8.576233183856509,18.39,18.34,0.98846787,18.45,5.60687433,20000104,114/870,18.13,9.47905478,20001214,18.34,18.45,18.13,18.39,1.757276,1644200,17,600793,20260401
000032.SZ,深桑达A,17.34,-2.5295109612141613,18.3,18.43,1.32890365,18.56,5.58602435,20000112,115/870,18,7.72277648,20000128,18.43,18.56,18,18.3,3.100775,2.3894287E7,33,000032,20260401
600279.SH,重庆港,4.88,-0.40816326530613184,5.23,5.22,0.77071291,5.29,5.58434343,20001201,116/870,5.19,6.32676768,20001229,5.22,5.29,5.19,5.23,1.926782,5433500,17,600279,20260401
600129.SH,太极集团,15.56,0.0,16.85,16.73,1.01918465,16.86,5.54529317,20000114,117/870,16.45,11.71707011,20001229,16.73,16.86,16.45,16.85,2.458033,9246049,17,600129,20260401
000929.SZ,*ST兰黄,10.33,0.4863813229572054,9.49,9.6,0.52966102,9.6,5.53353995,20000118,118/870,9.39,7.50690557,20001221,9.6,9.6,9.39,9.49,2.224576,1823300,33,000929,20260401
600155.SH,华创云信,6.27,1.4563106796116483,6.33,6.36,0.63593005,6.36,5.52986373,20000117,119/870,6.3,7.4969005,20001222,6.36,6.36,6.3,6.33,0.953895,1.59043E7,17,600155,20260401
600776.SH,东方通信,16.62,-2.4647887323943554,15.16,15.38,0.19828156,15.45,5.5023985,20000117,120/870,14.98,9.83322556,20001221,15.38,15.45,14.98,15.16,3.106411,1.6288601E7,17,600776,20260401
600333.SH,长春燃气,5.77,-1.3675213675213689,5.52,5.64,-1.07526882,5.65,5.49014925,20001212,121/870,5.47,6.71929763,20001211,5.64,5.65,5.47,5.52,3.225806,1.2059106E7,17,600333,20260401
600152.SH,维科技术,14.85,2.4137931034482736,10.4,10.66,-0.57361377,11.23,5.47889632,20000120,122/870,10.06,7.77153846,20001208,10.66,11.23,10.06,10.4,11.185468,9.253145E7,17,600152,20260401
600745.SH,闻泰科技,28.12,0.0,31.65,31.9,0.9247449,31.93,5.45133934,20000124,123/870,31.48,11.12968301,20001204,31.9,31.93,31.48,31.65,1.434948,1.2003493E7,17,600745,20260401
600749.SH,西藏旅游,16.24,-2.8126870137642275,16.3,16.16,1.62094763,16.35,5.43141026,20000117,124/870,15.97,10.59038462,20001201,16.16,16.35,15.97,16.3,2.369077,4141101,17,600749,20260401
600753.SH,*ST海钦,13.04,1.4785992217898793,12.15,12.02,1.25,12.27,5.41125541,20000117,125/870,11.82,8.93759019,20001221,12.02,12.27,11.82,12.15,3.75,3381700,22,600753,20260401
600359.SH,新农开发,7.62,4.670329670329668,7.21,7.36,-1.36798906,7.43,5.35940171,20000124,126/870,7.16,8.9491453,20001226,7.36,7.43,7.16,7.21,3.69357,1.5977268E7,17,600359,20260401
000892.SZ,欢瑞世纪,4.96,1.4314928425357931,6.11,6.15,0.65897858,6.19,5.35666667,20000119,127/870,6.01,16.75,20001206,6.15,6.19,6.01,6.11,2.965403,1.7679619E7,33,000892,20260401
600637.SH,东方明珠,9.98,-1.3833992094861542,9.6,9.59,1.91082803,9.64,5.35617548,20000104,128/870,9.47,8.14554512,20001207,9.59,9.64,9.47,9.6,1.80467,2.9013298E7,17,600637,20260401
600230.SH,沧州大化,18.97,-4.143506821627086,19.0,19,2.15053763,19.4,5.30845972,20001207,129/870,18.5,6.20534479,20001220,19,19.4,18.5,19.0,4.838709,1.5172342E7,17,600230,20260401
000766.SZ,通化金马,24.67,3.135451505016722,19.83,19.62,2.42768595,20.01,5.3,20000104,130/870,19.31,11.8,20001201,19.62,20.01,19.31,19.83,3.615702,1.9739028E7,33,000766,20260401
600088.SH,中视传媒,14.61,2.5983146067415674,14.34,14.5,0,14.58,5.29473598,20000104,131/870,14.27,8.8555982,20001208,14.5,14.58,14.27,14.34,2.161785,2398508,17,600088,20260401
000756.SZ,新华制药,14.08,-1.262272089761569,15.14,15,1.74731183,15.14,5.2544302,20000104,132/870,14.75,7.71027066,20000111,15,15.14,14.75,15.14,2.620967,7662295,33,000756,20260401
000821.SZ,ST京机,10.3,-0.866217516843117,12.12,11.88,3.85604113,12.25,5.22012121,20000104,133/870,11.74,9.88678788,20001229,11.88,12.25,11.74,12.12,4.370179,2.4424925E7,33,000821,20260401
600191.SH,华资实业,12.7,-3.0534351145038197,12.18,12.3,0.57803468,12.38,5.18112306,20000104,134/870,12.09,6.65700225,20000110,12.3,12.38,12.09,12.18,2.394715,4048601,17,600191,20260401
600094.SH,大名城,4.71,-0.4228329809725256,4.12,4.13,0.73349633,4.16,5.17416544,20000104,135/870,4.09,6.67218616,20001206,4.13,4.16,4.09,4.12,1.711491,1.4481559E7,17,600094,20260401
600744.SH,华银电力,8.54,-4.15263748597083,7.57,7.75,0.13227513,7.78,5.13445911,20000113,136/870,7.47,7.35945021,20001201,7.75,7.78,7.47,7.57,4.100529,8.8009457E7,17,600744,20260401
600206.SH,有研新材,27.37,2.0126723816623286,20.64,20.89,0.78125,20.95,5.13190247,20000117,137/870,20.5,6.87758148,20001221,20.89,20.95,20.5,20.64,2.197265,1.7979345E7,17,600206,20260401
000688.SZ,国城矿业,51.48,4.337251722740157,39.05,38.85,0.46308207,40.25,5.12159953,20000114,138/870,36.8,9.24716485,20001204,38.72,40.12,36.67,38.92,8.875739,3.0284383E7,33,000688,20260401
000635.SZ,英力特,8.16,-1.0909090909090893,8.57,8.73,0.23391813,8.75,5.11541237,20000104,139/870,8.47,8.21059829,20001226,8.73,8.75,8.47,8.57,3.274853,5036101,33,000635,20260401
000813.SZ,德展健康,3.64,0.5524861878453043,3.6,3.55,2.27272727,3.6,5.10297134,20000106,140/870,3.46,6.16254902,20000128,3.55,3.6,3.46,3.6,3.977272,3.4984269E7,33,000813,20260401
600855.SH,航天长峰,18.62,1.416122004357307,17.19,17.5,-0.05813953,17.6,5.07757585,20000120,141/870,16.96,6.54068018,20000104,17.5,17.6,16.96,17.19,3.72093,8115300,17,600855,20260401
600130.SH,波导股份,4.62,0.43478260869566226,4.36,4.36,1.16009281,4.38,5.0615942,20001211,142/870,4.33,5.59782609,20001212,4.36,4.38,4.33,4.36,1.160092,1.10212E7,17,600130,20260401
600223.SH,福瑞达,6.55,-0.4559270516717363,7.04,6.94,2.3255814,7.05,5.04,20000113,143/870,6.87,9.32,20001227,6.94,7.05,6.87,7.04,2.616279,9610300,17,600223,20260401
600293.SH,三峡新材,3.16,-0.3154574132492046,3.28,3.33,0.3058104,3.36,5.0352432,20001212,144/870,3.23,5.38644755,20001227,3.33,3.36,3.23,3.28,3.975535,2.6946762E7,17,600293,20260401
000537.SZ,绿发电力,9.89,-3.5121951219512137,10.16,10.25,0.49455984,10.3,5.0330192,20000104,145/870,10,11.11432173,20001228,10.25,10.3,10,10.16,2.967359,4.8854254E7,33,000537,20260401
000889.SZ,中嘉博创,4.42,-8.108108108108103,3.4,3.49,1.19047619,3.5,4.99799938,20000104,146/870,3.37,9.08488239,20000128,3.49,3.5,3.37,3.4,3.869047,2.6562673E7,33,000889,20260401
600358.SH,国旅联合,5.89,-0.8417508417508537,6.2,6.25,0.3236246,6.27,4.96275499,20001212,147/870,6.17,5.53540456,20001226,6.25,6.27,6.17,6.2,1.618122,6427000,17,600358,20260401
000695.SZ,滨海能源,15.5,-1.0217113665389537,13.01,13.71,-1.95930671,13.76,4.94161903,20000124,148/870,12.74,13.83283432,20001228,13.71,13.76,12.74,13.01,7.68651,2.77347E7,33,000695,20260401
600822.SH,上海物贸,9.93,0.30303030303029654,10.16,10.19,0.59405941,10.28,4.93076923,20000104,149/870,10.09,10.48974359,20001226,10.19,10.28,10.09,10.16,1.881188,2813904,17,600822,20260401
600339.SH,中油工程,4.07,0.24630541871922848,4.05,4,2.01511335,4.12,4.90911389,20001225,150/870,3.97,5.79433977,20001226,4,4.12,3.97,4.05,3.778337,8.7165659E7,17,600339,20260401
000702.SZ,正虹科技,7.13,1.8571428571428557,6.69,6.85,-0.14925373,6.9,4.90264423,20000124,151/870,6.63,12.99826389,20001213,6.85,6.9,6.63,6.69,4.02985,6794800,33,000702,20260401
600769.SH,祥龙电业,16.0,5.401844532279317,13.93,14,-0.85409253,14.12,4.89102564,20000104,152/870,13.66,7.37179487,20001206,14,14.12,13.66,13.93,3.274021,9211800,17,600769,20260401
600283.SH,钱江水利,9.16,-1.0799136069114432,9.25,9.24,0.21668472,9.29,4.88015873,20001211,153/870,9.19,6.07063492,20001226,9.24,9.29,9.19,9.25,1.083423,4504200,17,600283,20260401
000557.SZ,西部创业,4.7,0.21321961620468627,4.7,4.77,-0.42372881,4.79,4.86460234,20000104,154/870,4.67,27.7208189,20001229,4.77,4.79,4.67,4.7,2.542372,9304352,33,000557,20260401
000610.SZ,*ST西旅,7.75,-0.7682458386683689,8.93,9.23,-2.08333333,9.25,4.83249672,20000104,155/870,8.56,9.9380735,20001204,9.23,9.25,8.56,8.93,7.565789,1.701151E7,33,000610,20260401
600770.SH,综艺股份,7.62,-3.422053231939158,5.59,5.62,1.45190563,5.64,4.80423868,20001228,156/870,5.54,7.96034294,20000111,5.62,5.64,5.54,5.59,1.814882,1.33109E7,17,600770,20260401
600603.SH,广汇物流,5.86,0.34246575342466545,6.91,6.7,4.22322775,6.99,4.80136054,20000104,157/870,6.58,7.66530612,20001227,6.7,6.99,6.58,6.91,6.184012,2.589308E7,17,600603,20260401
000796.SZ,凯撒旅业,5.21,1.3618677042801612,5.37,5.38,1.1299435,5.4,4.77000818,20000104,158/870,5.24,7.25596747,20001221,5.38,5.4,5.24,5.37,3.013182,3.7888283E7,33,000796,20260401
000665.SZ,湖北广电,4.79,0.8421052631578955,4.96,5.01,0.81300813,5.04,4.75179487,20000104,159/870,4.94,7.04666667,20001227,5.01,5.04,4.94,4.96,2.03252,1.0723539E7,33,000665,20260401
600602.SH,云赛智联,21.77,-0.36613272311213657,23.32,23.8,0.38743005,23.97,4.74727544,20000104,160/870,23.12,8.08084027,20001201,23.8,23.97,23.12,23.32,3.659061,1.07321826E8,17,600602,20260401
600771.SH,广誉远,16.76,-0.8284023668638877,17.14,17.01,1.36014193,17.15,4.7303207,20000105,161/870,16.94,7.92921931,20001205,17.01,17.15,16.94,17.14,1.241868,5672679,17,600771,20260401
000514.SZ,渝开发,4.93,1.2320328542094376,4.77,4.83,0,4.85,4.72706326,20000104,162/870,4.73,6.45701375,20000128,4.83,4.85,4.73,4.77,2.515723,8131566,33,000514,20260401
000755.SZ,山西高速,5.03,-0.19841269841269418,5.21,5.25,-0.19157088,5.3,4.7076966,20000119,163/870,5.19,5.84821785,20001208,5.25,5.3,5.19,5.21,2.107279,4816952,33,000755,20260401
000968.SZ,蓝焰控股,9.15,0.32894736842106514,9.92,10.15,-3.50194553,10.31,4.70662722,20001218,164/870,9.92,5.40485207,20001201,10.15,10.31,9.92,9.92,3.793774,6.824013E7,33,000968,20260401
000505.SZ,京粮控股,6.61,2.959501557632405,6.85,7,-1.15440115,7.05,4.66593782,20000117,165/870,6.8,10.14508925,20001205,7,7.05,6.8,6.85,3.607503,1.27338E7,33,000505,20260401
600097.SH,开创国际,10.46,1.2584704743465709,10.98,10.9,1.85528757,10.99,4.64869173,20000125,166/870,10.84,8.76147368,20001205,10.9,10.99,10.84,10.98,1.391465,4620800,17,600097,20260401
600758.SH,辽宁能源,3.98,-2.2113022113022187,4.36,4.46,-4.38596491,4.52,4.626,20000124,167/870,4.28,8.61061538,20001227,4.46,4.52,4.28,4.36,5.263157,1.92936391E8,17,600758,20260401
000620.SZ,盈新发展,2.8,-0.3558718861210047,2.84,2.91,0.35335689,2.92,4.61666667,20000104,168/870,2.83,10.30714286,20001201,2.91,2.92,2.83,2.84,3.180212,1.04141E8,33,000620,20260401
000710.SZ,贝瑞基因,9.99,0.7056451612903254,10.72,10.55,3.87596899,10.73,4.60662526,20000114,169/870,10.31,16.22670807,20001229,10.55,10.73,10.31,10.72,4.069767,8683200,33,000710,20260401
600119.SH,*ST长投,6.15,3.885135135135142,6.21,6.18,1.97044335,6.22,4.60617189,20000124,170/870,6.11,6.69975732,20001201,6.18,6.22,6.11,6.21,1.806239,7209400,22,600119,20260401
600287.SH,苏豪时尚,5.92,-0.16863406408094075,5.85,5.89,0,5.93,4.57125211,20001212,171/870,5.8,5.08169057,20001229,5.89,5.93,5.8,5.85,2.222222,4528900,17,600287,20260401
600299.SH,安迪苏,13.29,-7.062937062937073,13.2,13.26,1.3046815,13.46,4.57049704,20001215,172/870,12.9,5.13459961,20001201,13.26,13.46,12.9,13.2,4.297774,2.6475859E7,17,600299,20260401
000099.SZ,中信海直,17.67,-0.897363993269751,17.3,17.43,0.87463557,17.47,4.55559526,20001201,173/870,17.21,5.50256496,20001221,17.43,17.47,17.21,17.3,1.516034,6030662,33,000099,20260401
000799.SZ,酒鬼酒,42.7,0.35252643948297463,43.46,43.63,1.58952782,44.17,4.54833333,20000104,174/870,42.48,6.79,20001228,43.63,44.17,42.48,43.46,3.950444,7208777,33,000799,20260401
000533.SZ,顺钠股份,12.63,-3.954372623574141,14.7,14.55,3.30288124,14.99,4.54731884,20000107,175/870,14.36,7.07630435,20001229,14.55,14.99,14.36,14.7,4.427266,7.6062513E7,33,000533,20260401
600203.SH,福日电子,12.21,0.5766062602965427,11.08,11.11,1.46520147,11.14,4.51659381,20000104,176/870,10.99,8.59066788,20001201,11.11,11.14,10.99,11.08,1.373626,7154048,17,600203,20260401
000529.SZ,广弘控股,5.66,-0.5272407732864718,5.79,5.81,0.69565217,5.84,4.49154545,20000104,177/870,5.71,6.70063636,20001205,5.81,5.84,5.71,5.79,2.260869,6024000,33,000529,20260401
000955.SZ,欣龙控股,5.2,0.38610038610039504,4.99,4.99,1.42276423,5.04,4.49084715,20000104,178/870,4.92,6.21464782,20001205,4.99,5.04,4.92,4.99,2.439024,1.11696E7,33,000955,20260401
000820.SZ,*ST节能,3.75,-3.1007751937984525,3.4,3.36,2.40963855,3.4,4.4875,20000128,179/870,3.34,8.1,20001204,3.36,3.4,3.34,3.4,1.807228,4588397,33,000820,20260401
000045.SZ,深纺织A,12.01,2.561912894961562,13.69,14.1,-2.00429492,14.13,4.47541844,20000104,180/870,13.41,8.23428369,20001211,14.1,14.13,13.41,13.69,5.153901,2.1498648E7,33,000045,20260401
000669.SZ,ST金鸿,4.19,-2.7842227378190074,5.03,5.11,-1.94931774,5.22,4.4582133,20000104,181/870,5.01,6.39573801,20001220,5.11,5.22,5.01,5.03,4.093567,2.40318E7,33,000669,20260401
600839.SH,四川长虹,8.74,0.807381776239911,8.78,8.8,1.26874279,8.83,4.44913433,20001228,182/870,8.73,5.76654726,20000110,8.8,8.83,8.73,8.78,1.153402,4.6536139E7,17,600839,20260401
600178.SH,东安动力,10.2,-1.1627906976744282,11.2,11.22,0.9009009,11.28,4.40734558,20000104,183/870,11.14,6.56119174,20001205,11.22,11.28,11.14,11.2,1.261261,3280400,17,600178,20260401
000922.SZ,佳电股份,14.78,0.7498295841854086,13.78,13.76,2.37741456,14.07,4.38021078,20000117,184/870,13.67,6.04994118,20001226,13.76,14.07,13.67,13.78,2.971768,9696159,33,000922,20260401
600117.SH,西宁特钢,2.61,0.7722007722007729,2.66,2.68,0.37735849,2.69,4.36112751,20000124,185/870,2.62,5.61532168,20001205,2.68,2.69,2.62,2.66,2.641509,1.31203E7,17,600117,20260401
000593.SZ,德龙汇能,25.3,-5.278921752152751,15.7,15.88,-0.31746032,16.26,4.35980392,20000113,186/870,15.49,8.61411171,20001218,15.88,16.26,15.49,15.7,4.888888,2.0932412E7,33,000593,20260401
000605.SZ,渤海股份,7.2,0.9817671809256702,6.89,7,-0.57720058,7.09,4.3543609,20000104,187/870,6.82,9.65981203,20001201,7,7.09,6.82,6.89,3.896103,5831700,33,000605,20260401
000856.SZ,冀东装备,10.3,2.487562189054726,11.47,11.61,1.05726872,11.8,4.34401709,20000124,188/870,11.39,6.90555556,20001226,11.61,11.8,11.39,11.47,3.612334,1.9107047E7,33,000856,20260401
000886.SZ,海南高速,5.53,2.7881040892193374,5.72,5.73,1.59857904,5.75,4.32014388,20000104,189/870,5.66,6.35611511,20001201,5.73,5.75,5.66,5.72,1.598579,1.1450801E7,33,000886,20260401
600728.SH,佳都科技,5.34,-3.7837837837837833,5.68,5.72,1.24777184,5.74,4.29692463,20000104,190/870,5.63,6.67451587,20001229,5.72,5.74,5.63,5.68,1.960784,2.04087E7,17,600728,20260401
000965.SZ,天保基建,3.73,2.4725274725274686,3.72,3.81,-1.8469657,3.84,4.29151607,20001215,191/870,3.68,4.75432599,20001204,3.81,3.84,3.68,3.72,4.221635,4.5442748E7,33,000965,20260401
600843.SH,上工申贝,8.72,2.3474178403755994,9.48,9.51,0.85106383,9.58,4.28289225,20000104,192/870,9.43,10.00595463,20001222,9.51,9.58,9.43,9.48,1.595744,5316327,17,600843,20260401
000890.SZ,法尔胜,15.66,-8.953488372093018,15.3,15.08,-0.84251458,15.56,4.2781574,20000104,193/870,14.5,9.57305872,20001221,15.08,15.56,14.5,15.3,6.869734,8.9026044E7,33,000890,20260401
000908.SZ,ST景峰,7.12,-3.3921302578018997,7.9,7.62,1.93548387,8.13,4.25080995,20000104,194/870,7.37,7.29515949,20000128,7.62,8.13,7.37,7.9,9.806451,5.1419158E7,33,000908,20260401
600778.SH,友好集团,6.83,1.7883755588673638,6.5,6.6,0,6.64,4.23641827,20000106,195/870,6.42,8.92391827,20001222,6.6,6.64,6.42,6.5,3.384615,7095300,17,600778,20260401
600838.SH,上海九百,9.59,-0.10416666666666445,10.22,10.33,0.19607843,10.41,4.2189783,20000104,196/870,10.14,6.00596055,20001227,10.33,10.41,10.14,10.22,2.647058,6253200,17,600838,20260401
000570.SZ,苏常柴A,6.42,-1.3824884792626706,5.7,5.77,-0.17513135,5.83,4.2024188,20000117,197/870,5.66,6.82324242,20001205,5.77,5.83,5.66,5.7,2.977232,1.1271077E7,33,000570,20260401
600726.SH,华电能源,6.59,-7.183098591549293,5.91,6.27,-7.80031201,6.27,4.17295455,20000117,198/870,5.77,7.65306818,20001218,6.27,6.27,5.77,5.91,7.800312,4.32277272E8,17,600726,20260401
600336.SH,澳柯玛,7.55,1.342281879194626,7.16,6.92,3.61794501,7.21,4.14971831,20001229,199/870,6.92,4.57225352,20001229,6.92,7.21,6.92,7.16,4.196816,1.1858541E7,17,600336,20260401
600605.SH,汇通能源,31.6,-1.7718371153248376,27.97,28.47,-0.14280614,28.55,4.14948848,20000124,200/870,27.74,7.70248387,20001208,28.43,28.51,27.7,27.93,2.891824,1870200,17,600605,20260401
000901.SZ,航天科技,24.0,3.359173126614992,22.3,22.87,-0.97690941,22.92,4.14195862,20000117,201/870,22.1,5.4648117,20001221,22.87,22.92,22.1,22.3,3.641207,2.3213345E7,33,000901,20260401
600222.SH,太龙药业,6.8,-3.2716927453769618,7.46,7.15,5.51626591,7.69,4.1383982,20000104,202/870,7.03,5.75667864,20000119,7.15,7.69,7.03,7.46,9.335219,5.4104569E7,17,600222,20260401
000034.SZ,神州数码,37.67,0.61431623931625,34.11,34,2.21756068,34.37,4.13348998,20000104,203/870,33.79,8.74973633,20001204,34,34.37,33.79,34.11,1.738088,1.4893696E7,33,000034,20260401
600163.SH,中闽能源,6.17,0.0,6.87,7.3,-9.84251969,7.34,4.12525333,20000104,204/870,6.86,6.23822807,20001206,7.3,7.34,6.86,6.87,6.299212,1.50389382E8,17,600163,20260401
600316.SH,洪都航空,36.61,2.006129841181384,39.15,40.3,-1.08640728,40.3,4.12231548,20001225,205/870,38.92,5.33759325,20001215,40.3,40.3,38.92,39.15,3.486609,1.0119031E7,17,600316,20260401
000430.SZ,ST张家界,7.73,-1.7789072426937698,7.44,7.45,0.94979647,7.48,4.11345682,20000124,206/870,7.38,6.66910926,20001205,7.45,7.48,7.38,7.44,1.356852,2395400,33,000430,20260401
000952.SZ,广济药业,7.39,1.650618982118296,7.44,7.3,2.62068966,7.46,4.10862935,20000104,207/870,7.23,6.88063886,20001228,7.3,7.46,7.23,7.44,3.172413,7873052,33,000952,20260401
600860.SH,京城股份,10.79,0.27881040892192716,11.5,11.35,3.32434861,11.79,4.10753623,20000128,208/870,11.15,9.81405797,20001204,11.35,11.79,11.15,11.5,5.750224,2.1346889E7,17,600860,20260401
600841.SH,动力新科,8.3,0.6060606060606146,8.78,8.77,2.21187427,8.92,4.084625,20000104,209/870,8.53,8.272125,20001208,8.77,8.92,8.53,8.78,4.540162,2.21302E7,17,600841,20260401
600212.SH,绿能慧充,7.06,-5.740987983978646,7.29,7.29,1.53203343,7.57,4.06893491,20000128,210/870,7.2,5.68136095,20001205,7.29,7.57,7.2,7.29,5.153203,1.4233632E7,17,600212,20260401
000153.SZ,丰原药业,6.45,-0.3091190108191588,6.71,6.61,2.28658537,6.73,4.06534392,20001211,211/870,6.56,4.56798942,20001229,6.61,6.73,6.56,6.71,2.591463,1.1404E7,33,000153,20260401
000504.SZ,*ST生物,9.18,-3.2665964172813537,10.08,10.26,0.19880716,10.26,4.06153846,20000124,212/870,10.04,16.00769231,20001212,10.26,10.26,10.04,10.08,2.186878,2282260,33,000504,20260401
000548.SZ,湖南投资,5.33,-0.559701492537318,5.51,5.56,0,5.58,4.05631579,20000104,213/870,5.44,5.71421053,20001214,5.56,5.58,5.44,5.51,2.540834,6833017,33,000548,20260401
600657.SH,信达地产,3.11,1.3029315960912065,3.09,3.06,2.65780731,3.12,4.05349742,20000104,214/870,2.97,6.57284836,20000128,3.06,3.12,2.97,3.09,4.983388,2.5701561E7,17,600657,20260401
000096.SZ,广聚能源,9.73,-0.20512820512820076,10.12,10.13,0.79681275,10.18,4.04658088,20001218,215/870,10.07,4.59805147,20001204,10.13,10.18,10.07,10.12,1.095617,6680800,33,000096,20260401
600861.SH,北京人力,15.9,-0.9345794392523387,16.29,16.4,0.30788177,16.4,4.042,20000104,216/870,16.2,8.862,20000128,16.4,16.4,16.2,16.29,1.231527,2797600,17,600861,20260401
000692.SZ,惠天热电,5.0,0.8064516129032265,4.47,4.75,-10.06036217,4.85,4.01641528,20000128,217/870,4.47,4.92509728,20001225,4.75,4.85,4.47,4.47,7.645875,6.44041E7,33,000692,20260401
600654.SH,中安科,3.92,-3.4482758620689578,3.37,3.4,0.59701493,3.42,4.00559023,20000104,218/870,3.35,6.15889038,20001225,3.4,3.42,3.35,3.37,2.089552,3.28888E7,17,600654,20260401
600882.SH,妙可蓝多,20.68,1.57170923379175,18.6,18.43,1.36239782,18.65,3.99832016,20000104,219/870,18.36,6.62677866,20001208,18.43,18.65,18.36,18.6,1.580381,4548450,17,600882,20260401
000917.SZ,电广传媒,8.74,-1.4656144306651524,9.8,9.6,4.81283422,10.07,3.9940812,20000117,220/870,9.51,6.02005003,20000128,9.6,10.07,9.51,9.8,5.989304,7.7703813E7,33,000917,20260401
000008.SZ,神州高铁,2.69,-0.3703703703703789,3.27,3.6,0,3.6,3.97651341,20000104,221/870,3.24,8.66808429,20000128,3.6,3.6,3.24,3.27,11.009174,6.60634632E8,33,000008,20260401
600133.SH,东湖高新,8.98,1.0123734533183335,8.83,8.88,1.02974828,8.94,3.9347265,20000117,222/870,8.8,6.81677778,20001222,8.88,8.94,8.8,8.83,1.60183,1.1908958E7,17,600133,20260401
600618.SH,氯碱化工,12.87,0.7830853563038344,12.68,12.69,1.52121697,12.76,3.92640178,20000124,223/870,12.58,9.62888112,20001225,12.69,12.76,12.58,12.68,1.441152,8841976,17,600618,20260401
600844.SH,金煤科技,3.73,4.1899441340782095,4.38,4.8,-10.06160164,4.86,3.92307692,20000124,224/870,4.38,6.76923077,20001208,4.8,4.86,4.38,4.38,9.856262,1.66123751E8,17,600844,20260401
600679.SH,上海凤凰,11.23,0.8078994614003577,12.02,12.07,-0.33167496,12.17,3.91484505,20000124,225/870,11.86,12.49259823,20001225,12.07,12.17,11.86,12.02,2.57048,4008400,17,600679,20260401
000716.SZ,黑芝麻,5.14,-0.7722007722007729,5.29,5.32,0.57034221,5.33,3.90929371,20000107,226/870,5.24,5.05265035,20001225,5.32,5.33,5.24,5.29,1.711026,6690178,33,000716,20260401
000561.SZ,烽火电子,9.51,2.3681377825619014,9.67,9.84,-0.20639835,9.86,3.90666667,20000128,227/870,9.57,7.77333333,20001205,9.84,9.86,9.57,9.67,2.992776,8283000,33,000561,20260401
000066.SZ,中国长城,19.82,9.988901220865708,14.85,15,0.95173351,15.07,3.8911696,20000104,228/870,14.79,6.19189838,20001221,15,15.07,14.79,14.85,1.903467,4.091474E7,33,000066,20260401
600645.SH,中源协和,25.87,-2.192816635160674,32.94,31.39,6.60194175,32.94,3.88991933,20000112,229/870,31.1,8.58947182,20001201,31.39,32.94,31.1,32.94,5.954692,3.1872833E7,17,600645,20260401
600624.SH,ST复华,4.62,4.999999999999994,4.72,4.68,1.72413793,4.76,3.87053103,20000114,230/870,4.67,6.09645977,20001220,4.68,4.76,4.67,4.72,1.939655,4620544,22,600624,20260401
000609.SZ,*ST中迪,14.42,5.0254916241806225,8.65,8.79,-0.80275229,8.82,3.83916873,20000119,231/870,8.55,6.02457737,20001204,8.79,8.82,8.55,8.65,3.09633,7678110,33,000609,20260401
600100.SH,同方股份,7.98,-0.12515644555694352,8.05,8.06,1.89873418,8.09,3.80145784,20000104,232/870,7.97,7.32798365,20001201,8.06,8.09,7.97,8.05,1.518987,3.2616101E7,17,600100,20260401
000158.SZ,常山北明,17.2,-0.9216589861751161,17.55,17.65,0.86206897,17.74,3.79712763,20001201,233/870,17.46,4.22930557,20001227,17.65,17.74,17.46,17.55,1.609195,2.0075922E7,33,000158,20260401
600099.SH,林海股份,11.7,1.5624999999999976,11.31,11.5,-0.08833922,11.75,3.78259596,20000128,234/870,11.25,8.83941414,20001211,11.5,11.75,11.25,11.31,4.416961,8201600,17,600099,20260401
000785.SZ,居然智家,2.58,-1.5267175572519096,2.46,2.49,0.40816327,2.51,3.7787852,20000104,235/870,2.44,11.12205344,20001229,2.49,2.51,2.44,2.46,2.857142,4.3703709E7,33,000785,20260401
600698.SH,湖南天雁,7.31,0.6887052341597771,7.65,8.13,-5.90405904,8.25,3.77692308,20000128,236/870,7.54,5.5,20001204,8.13,8.25,7.54,7.65,8.733087,4.7841615E7,17,600698,20260401
000798.SZ,中水渔业,9.31,0.5399568034557313,10.24,10.24,1.28585559,10.27,3.76929952,20000105,237/870,10.1,6.6292029,20001226,10.24,10.27,10.1,10.24,1.681503,8986600,33,000798,20260401
600876.SH,凯盛新能,9.43,-5.0352467270896275,10.08,10.12,1.71543895,10.51,3.76760563,20000128,238/870,9.93,7.74647887,20001205,10.12,10.51,9.93,10.08,5.852674,1.2315634E7,17,600876,20260401
600796.SH,钱江生化,6.34,-0.3144654088050387,6.64,6.65,0.75872534,6.78,3.73092516,20000117,239/870,6.56,5.69941375,20001211,6.65,6.78,6.56,6.64,3.338391,9017700,17,600796,20260401
000736.SZ,*ST中地,5.5,0.3649635036496272,5.06,5.16,0.59642147,5.17,3.71314351,20000113,240/870,5.02,8.04631107,20001205,5.16,5.17,5.02,5.06,2.982107,4592687,33,000736,20260401
600081.SH,东风科技,11.29,3.388278388278381,11.32,11.3,0.35460993,11.43,3.6873459,20000104,241/870,11.29,10.15747833,20001204,11.3,11.43,11.29,11.32,1.241134,1662728,17,600081,20260401
600151.SH,航天机电,14.51,4.614275414563811,13.23,13.85,-3.21872714,13.89,3.67780292,20000104,242/870,13.11,5.99339598,20001222,13.85,13.89,13.11,13.23,5.705925,5.0730686E7,17,600151,20260401
600714.SH,金瑞矿业,22.1,10.004977600796424,17.56,17.78,0.7458405,18.04,3.64782131,20000104,243/870,17.52,10.57567606,20001215,17.78,18.04,17.52,17.56,2.983362,1.7805901E7,17,600714,20260401
000678.SZ,襄阳轴承,11.64,1.3054830287206296,12.97,12.8,2.61075949,13.4,3.64126528,20000117,244/870,12.55,6.93925234,20001207,12.8,13.4,12.55,12.97,6.724683,4.8348148E7,33,000678,20260401
000737.SZ,北方铜业,14.34,3.0913012221423415,13.58,13.69,2.1820918,13.78,3.62190883,20000104,245/870,13.43,4.96901235,20001204,13.69,13.78,13.43,13.58,2.633559,3.609603E7,33,000737,20260401
000553.SZ,安道麦A,6.82,10.000000000000002,6.41,6.44,1.42405063,6.48,3.62085246,20000104,246/870,6.29,5.1167541,20000125,6.44,6.48,6.29,6.41,3.006329,1.5305893E7,33,000553,20260401
000920.SZ,沃顿科技,11.52,-2.372881355932213,11.51,11.61,0.52401747,11.69,3.61554309,20000104,247/870,11.38,5.37667669,20001225,11.61,11.69,11.38,11.51,2.707423,7795361,33,000920,20260401
000509.SZ,华塑控股,3.59,1.1267605633802829,3.84,4.17,-6.11246944,4.22,3.61428571,20000119,248/870,3.82,4.57692308,20000128,4.17,4.22,3.82,3.84,9.779951,8.4686069E7,33,000509,20260401
000519.SZ,中兵红箭,17.74,2.0713463751438406,16.96,17.27,0.65281899,17.33,3.59338836,20000118,249/870,16.86,6.38801948,20001204,17.27,17.33,16.86,16.96,2.789317,2.1169424E7,33,000519,20260401
000506.SZ,招金黄金,16.0,1.1378002528444988,17.64,17.47,4.00943396,17.8,3.57530864,20000104,250/870,17.06,8.35308642,20001201,17.47,17.8,17.06,17.64,4.363207,4.1086033E7,33,000506,20260401
000546.SZ,金圆股份,7.72,4.748982360922654,6.37,6.65,-3.48484848,6.71,3.57050847,20000124,251/870,6.32,8.32474576,20001212,6.65,6.71,6.32,6.37,5.90909,5.48447E7,33,000546,20260401
600318.SH,新力金融,7.85,-0.2541296060991164,7.52,7.65,0,7.68,3.55344262,20001211,252/870,7.48,4.48786885,20001208,7.65,7.68,7.48,7.52,2.659574,1.8004918E7,17,600318,20260401
600621.SH,华鑫股份,14.14,-0.7719298245613995,14.18,14.21,1.57593123,14.24,3.55123077,20000117,253/870,14.03,7.1776044,20001227,14.21,14.24,14.03,14.18,1.504297,8038180,17,600621,20260401
000555.SZ,神州信息,13.71,0.2192982456140434,14.89,15.72,-2.99674267,15.8,3.53650524,20000120,254/870,14.79,9.2436481,20001227,15.72,15.8,14.79,14.89,6.579804,4.0603012E7,33,000555,20260401
600128.SH,苏豪弘业,10.61,0.0,10.86,11,0.27700831,11.08,3.52681999,20000104,255/870,10.77,13.27481481,20001211,11,11.08,10.77,10.86,2.862419,4372700,17,600128,20260401
600168.SH,武汉控股,5.07,-0.3929273084479288,5.16,5.2,0.19417476,5.22,3.51804329,20000104,256/870,5.12,5.35354113,20001204,5.2,5.22,5.12,5.16,1.941747,8548760,17,600168,20260401
600817.SH,宇通重工,11.85,-0.7537688442211044,11.1,11.12,0.72595281,11.18,3.5125641,20000113,257/870,10.93,14.34589744,20001221,11.12,11.18,10.93,11.1,2.268602,6078900,17,600817,20260401
600053.SH,*ST九鼎,10.86,-4.9868766404199505,15.26,15.18,1.46276596,15.3,3.49608974,20000104,258/870,15.11,8.19694444,20001227,15.18,15.3,15.11,15.26,1.263297,2200300,22,600053,20260401
000981.SZ,山子高科,3.84,2.3999999999999964,4.28,4.36,-0.23310023,4.38,3.49546614,20001211,259/870,4.26,4.03058532,20001221,4.36,4.38,4.26,4.28,2.797202,2.40191116E8,33,000981,20260401
000571.SZ,新大洲A,5.56,0.0,5.75,5.85,-0.17361111,5.89,3.48796748,20000117,260/870,5.66,6.79691057,20001212,5.85,5.89,5.66,5.75,3.993055,1.5038222E7,33,000571,20260401
600608.SH,*ST沪科,2.07,0.0,2.86,2.9,-0.69444444,2.91,3.4848428,20000104,261/870,2.84,8.4116566,20001206,2.9,2.91,2.84,2.86,2.430555,2439700,22,600608,20260401
000503.SZ,国新健康,7.91,2.1963824289405673,8.07,7.98,2.67175573,8.09,3.48397436,20000104,262/870,7.91,9.25320513,20001201,7.98,8.09,7.91,8.07,2.290076,9839737,33,000503,20260401
600883.SH,博闻科技,9.01,4.282407407407398,8.14,8.18,1.11801242,8.22,3.48092949,20000113,263/870,8.01,5.56426282,20001226,8.18,8.22,8.01,8.14,2.608695,4663500,17,600883,20260401
600731.SH,湖南海利,6.84,-0.8695652173913115,7.29,7.07,4.29184549,7.33,3.47335365,20000104,264/870,7.07,7.5845353,20001212,7.07,7.33,7.07,7.29,3.719599,1.7241832E7,17,600731,20260401
000966.SZ,长源电力,4.56,-1.9354838709677578,4.65,4.77,-1.48305085,4.79,3.46333333,20001218,265/870,4.62,3.8337037,20001205,4.77,4.79,4.62,4.65,3.601694,1.11760346E8,33,000966,20260401
000007.SZ,全新好,15.51,10.0,13.11,13.15,1.23552124,13.45,3.45614035,20000104,266/870,13.01,7.5877193,20001205,13.15,13.45,13.01,13.11,3.397683,5621600,33,000007,20260401
000025.SZ,特力A,16.6,1.281269066503971,16.12,16.24,0.56144729,16.29,3.40917241,20000128,267/870,16,6.43872906,20001213,16.24,16.29,16,16.12,1.809107,3538065,33,000025,20260401
600267.SH,海正药业,11.32,-1.3077593722755043,10.77,10.55,2.86532951,10.79,3.40195958,20001218,268/870,10.4,3.80948185,20001229,10.55,10.79,10.4,10.77,3.724928,1.7596791E7,17,600267,20260401
600609.SH,金杯汽车,4.02,0.49999999999998934,4.14,4.13,1.22249389,4.15,3.37843908,20000104,269/870,4.09,5.1459854,20001201,4.13,4.15,4.09,4.14,1.466992,9650286,17,600609,20260401
600848.SH,上海临港,8.98,-0.663716814159278,10.25,10.08,2.70541082,10.28,3.37528736,20000128,270/870,10.06,7.6454023,20001208,10.08,10.28,10.06,10.25,2.204408,1.040286E7,17,600848,20260401
000973.SZ,佛塑科技,20.99,-1.4091122592766592,17.96,18.61,-1.8579235,18.67,3.36998209,20001212,271/870,17.88,3.64698004,20001204,18.61,18.67,17.88,17.96,4.316939,5.9537465E7,33,000973,20260401
000779.SZ,甘咨询,8.86,0.5675368898978312,8.93,8.95,1.47727273,9.1,3.36221692,20000124,272/870,8.88,7.05666667,20001227,8.95,9.1,8.88,8.93,2.5,6323300,33,000779,20260401
600617.SH,国新能源,3.59,2.8653295128939726,3.7,3.85,-3.39425587,3.91,3.35896897,20000104,273/870,3.67,8.07777957,20001208,3.85,3.91,3.67,3.7,6.266318,1.12635363E8,17,600617,20260401
600228.SH,*ST返利,6.17,1.8151815181518205,5.56,5.61,0.90744102,5.65,3.34814815,20000128,274/870,5.47,9.48703704,20001201,5.61,5.65,5.47,5.56,3.266787,4702000,22,600228,20260401
600138.SH,中青旅,9.01,-1.0976948408342442,9.3,9.25,1.30718954,9.31,3.33502276,20000104,275/870,9.18,6.90807692,20001229,9.25,9.31,9.18,9.3,1.416122,8352272,17,600138,20260401
000551.SZ,创元科技,16.28,3.299492385786811,13.45,13.55,1.58610272,13.64,3.32222222,20000104,276/870,13.33,4.49111111,20001205,13.55,13.64,13.33,13.45,2.341389,8110908,33,000551,20260401
600692.SH,亚通股份,7.85,2.614379084967311,8.32,8.44,0.84848485,8.46,3.32122775,20000104,277/870,8.24,4.94893662,20001204,8.44,8.46,8.24,8.32,2.666666,7297900,17,600692,20260401
000950.SZ,重药控股,5.8,-1.6949152542372972,5.9,5.79,3.50877193,6.09,3.31876812,20000104,278/870,5.66,6.2776087,20001226,5.79,6.09,5.66,5.9,7.543859,6.3340749E7,33,000950,20260401
000878.SZ,云南铜业,19.1,-1.6477857878475812,18.52,18.66,2.71769273,18.8,3.31431953,20000124,279/870,18.31,4.75810651,20001204,18.66,18.8,18.31,18.52,2.717692,4.3806952E7,33,000878,20260401
000049.SZ,德赛电池,29.04,-2.3208879919273504,26.25,26.48,0.80645161,26.74,3.30135279,20000104,280/870,25.98,6.63910698,20001211,26.48,26.74,25.98,26.25,2.918586,1.062172E7,33,000049,20260401
000638.SZ,*ST万方,,,1.27,1.27,-5.2238806,1.34,3.29,20000124,281/870,1.27,6.06,20001205,1.27,1.34,1.27,1.27,5.22388,2.00333E7,33,000638,20260401
000823.SZ,超声电子,14.88,-2.040816326530604,13.24,13.15,4.66403162,13.65,3.2878509,20000104,282/870,13.07,7.61886283,20001221,13.15,13.65,13.07,13.24,4.58498,2.7085E7,33,000823,20260401
000960.SZ,锡业股份,35.25,-1.5638089919017097,32.53,32.51,3.07351077,32.7,3.27556325,20001218,283/870,31.98,3.541874,20001204,32.26,32.45,31.73,32.28,2.281368,4.6543263E7,33,000960,20260401
600862.SH,中航高科,20.0,0.10010010010009797,21.54,21.64,0.98452883,21.69,3.27124242,20000117,284/870,21.35,6.48336364,20001229,21.64,21.69,21.35,21.54,1.593999,1.1652185E7,17,600862,20260401
000400.SZ,许继电气,25.19,-0.7094994087504916,27.72,27.65,2.0242915,27.75,3.25098912,20000104,285/870,27.44,5.66066278,20001229,27.65,27.75,27.44,27.72,1.140964,1.6018136E7,33,000400,20260401
000670.SZ,盈方微,7.57,2.297297297297296,8.64,8.98,-1.36986301,9.03,3.24825641,20000104,286/870,8.57,4.30466667,20001204,8.98,9.03,8.57,8.64,5.251141,7.96589E7,33,000670,20260401
000068.SZ,华控赛格,3.28,0.0,3.35,3.43,-1.179941,3.47,3.23225683,20000104,287/870,3.33,7.92998603,20001208,3.43,3.47,3.33,3.35,4.129793,1.66445E7,33,000068,20260401
000893.SZ,亚钾国际,54.05,-1.959005985851633,61.64,62,0.88379705,62.7,3.18261578,20000124,288/870,60.67,5.67116539,20001201,62,62.7,60.67,61.64,3.322422,1.1450502E7,33,000893,20260401
000802.SZ,北京文化,4.31,0.46620046620045624,3.98,4.02,1.01522843,4.03,3.17502761,20000104,289/870,3.94,6.42178085,20001206,4.02,4.03,3.94,3.98,2.284263,1.0050401E7,33,000802,20260401
000017.SZ,深中华A,6.41,0.0,6.9,7,0,7.06,3.16852598,20000124,290/870,6.83,7.52524919,20001215,7,7.06,6.83,6.9,3.333333,6049516,33,000017,20260401
000905.SZ,厦门港务,10.91,1.112140871177025,11.44,11.94,-3.13293819,11.96,3.15320292,20000104,291/870,11.4,4.53349802,20001219,11.94,11.96,11.4,11.44,4.741744,2.5916089E7,33,000905,20260401
000037.SZ,深南电A,10.8,-1.0989010989010917,11.85,12.6,-8.98617512,12.8,3.15313767,20000114,292/870,11.72,6.58584468,20001201,12.6,12.8,11.72,11.85,8.29493,7.9299812E7,33,000037,20260401
600127.SH,金健米业,6.81,-0.7288629737609432,7.37,7.47,-1.86418109,7.54,3.13960669,20000104,293/870,7.28,6.0255489,20001222,7.47,7.54,7.28,7.37,3.46205,5.9936412E7,17,600127,20260401
000655.SZ,金岭矿业,8.3,-1.4251781472683993,8.9,8.92,1.48232611,9.01,3.10300638,20000117,294/870,8.83,5.10055027,20001227,8.92,9.01,8.83,8.9,2.052451,8766201,33,000655,20260401
000657.SZ,中钨高新,58.19,1.5355086372360764,48.87,48.73,2.43135611,49.33,3.09505845,20000119,295/870,48.03,5.67822337,20001229,48.73,49.33,48.03,48.87,2.724795,4.7849472E7,33,000657,20260401
000404.SZ,长虹华意,8.28,-0.12062726176115546,7.14,7.12,1.27659574,7.17,3.09269913,20000124,296/870,7.09,4.72029068,20001205,7.12,7.17,7.09,7.14,1.134751,8104647,33,000404,20260401
000863.SZ,三湘印象,4.85,6.359649122807019,5.43,5.97,-4.90367776,5.97,3.09098,20000104,297/870,5.3,10.46098,20001215,5.97,5.97,5.3,5.43,11.7338,7.1963149E7,33,000863,20260401
000707.SZ,双环科技,5.95,-0.9983361064891783,6.1,6.11,1.49750416,6.14,3.09055329,20000124,298/870,6.01,5.96318817,20001204,6.11,6.14,6.01,6.1,2.163061,1.0885701E7,33,000707,20260401
000967.SZ,盈峰环境,13.57,-3.8270729978738425,9.12,8.98,7.1680376,9.36,3.08719422,20001207,299/870,8.76,3.6427444,20001226,8.98,9.36,8.76,9.12,7.050528,2.00497371E8,33,000967,20260401
000720.SZ,新能泰山,4.54,-1.5184381778741927,4.91,5.3,-10.07326007,5.39,3.08159722,20000104,300/870,4.91,4.84664352,20001204,5.3,5.39,4.91,4.91,8.791208,2.18104415E8,33,000720,20260401
000782.SZ,恒申新材,7.38,3.9436619718309895,5.46,5.56,-0.18281536,5.6,3.07142562,20000124,301/870,5.4,6.02049628,20001205,5.56,5.6,5.4,5.46,3.656307,1.2683E7,33,000782,20260401
600830.SH,香溢融通,9.9,-2.3668639053254457,8.82,8.85,0.57012543,8.92,3.07075368,20000104,302/870,8.77,4.51185141,20001229,8.85,8.92,8.77,8.82,1.710376,3365300,17,600830,20260401
000524.SZ,岭南控股,10.16,-1.8357487922705267,11.4,10.91,6.04651163,11.53,3.06415152,20000124,303/870,10.86,6.45809091,20001206,10.91,11.53,10.86,11.4,6.232558,2.348915E7,33,000524,20260401
600641.SH,先导基电,27.62,2.069475240206956,18.66,18.78,1.52339499,19,3.05061692,20000114,304/870,18.56,6.45698913,20001229,18.78,19,18.56,18.66,2.393906,2.6139908E7,17,600641,20260401
000626.SZ,远大控股,9.35,1.6304347826086996,8.26,8.18,2.35439901,8.34,3.04102137,20000104,305/870,8.07,4.93845726,20000128,8.18,8.34,8.07,8.26,3.345724,1.04619E7,33,000626,20260401
000751.SZ,锌业股份,6.11,0.0,5.34,5.4,1.32827324,5.44,3.04074452,20000104,306/870,5.29,5.87963855,20001204,5.4,5.44,5.29,5.34,2.846299,3.276671E7,33,000751,20260401
000691.SZ,*ST亚太,7.65,1.7287234042553297,7.93,8.07,-0.37688442,8.1,3.03687034,20000128,307/870,7.84,6.9724064,20001227,8.07,8.1,7.84,7.93,3.266331,6129020,33,000691,20260401
600774.SH,汉商集团,8.78,0.22831050228310015,9.12,8.96,3.40136054,9.15,3.03162293,20000117,308/870,8.81,5.28474311,20001226,8.96,9.15,8.81,9.12,3.854875,5998311,17,600774,20260401
600187.SH,国中水务,1.84,0.0,1.9,1.92,1.06382979,1.92,3.02276923,20000105,309/870,1.88,6.87733333,20001226,1.92,1.92,1.88,1.9,2.127659,2.363215E7,17,600187,20260401
000899.SZ,赣能股份,12.48,-3.554868624420395,12.84,13.14,-0.69605568,13.3,3.01889295,20000104,310/870,12.74,5.04514502,20001201,13.14,13.3,12.74,12.84,4.331013,3.339343E7,33,000899,20260401
600736.SH,苏州高新,8.15,-2.9761904761904763,6.14,6.18,0.6557377,6.23,3.01260426,20000104,311/870,6.08,3.70093611,20001227,6.18,6.23,6.08,6.14,2.459016,9632000,17,600736,20260401
000927.SZ,中国铁物,2.81,-1.0563380281690073,3.17,3.32,-5.08982036,3.32,3.01190374,20000128,312/870,3.15,4.50254545,20001204,3.32,3.32,3.15,3.17,5.08982,3.96199737E8,33,000927,20260401
600756.SH,浪潮软件,16.51,1.6000000000000096,18.03,18.5,-1.52921901,18.79,3.00496388,20000104,313/870,17.88,12.18610532,20001228,18.5,18.79,17.88,18.03,4.969961,2.5232169E7,17,600756,20260401
600821.SH,金开新能,7.8,-10.03460207612457,9.04,9,2.96127563,9.28,2.98716216,20000104,314/870,8.68,5.01959459,20001205,9,9.28,8.68,9.04,6.833712,3.28582869E8,17,600821,20260401
600653.SH,申华控股,1.84,0.5464480874316945,1.79,1.82,0,1.83,2.98270267,20000104,315/870,1.77,4.35235371,20000125,1.82,1.83,1.77,1.79,3.351955,2.2817872E7,17,600653,20260401
600773.SH,西藏城投,27.2,-3.2028469750889754,17.65,18.18,-3.18156884,18.45,2.98098848,20000117,316/870,17.58,5.93636644,20001226,18.18,18.45,17.58,17.65,4.772353,3.0732E7,17,600773,20260401
600189.SH,泉阳泉,8.29,-1.893491124260357,7.49,7.61,0,7.63,2.97642569,20000124,317/870,7.37,4.89264214,20001229,7.61,7.63,7.37,7.49,3.471295,1.2143115E7,17,600189,20260401
600746.SH,江苏索普,8.28,-3.2710280373831906,9.9,9,9.75609756,9.92,2.95743788,20000121,318/870,8.98,12.50895286,20001220,9,9.92,8.98,9.9,10.421286,5.3852254E7,17,600746,20260401
600071.SH,凤凰光学,19.42,-3.142144638403985,19.38,19,3.6918138,19.89,2.9526493,20000124,319/870,18.91,8.71756243,20001205,19,19.89,18.91,19.38,5.243445,5483182,17,600071,20260401
000042.SZ,中洲控股,9.63,8.568207440811744,8.86,8.95,0,9.01,2.94820422,20000117,320/870,8.83,4.61788674,20001205,8.95,9.01,8.83,8.86,2.031602,4089500,33,000042,20260401
600807.SH,济高发展,3.13,2.2875816993463998,3.24,3.26,0.62111801,3.28,2.94087912,20000104,321/870,3.18,8.39875458,20001206,3.26,3.28,3.18,3.24,3.10559,1.8025202E7,17,600807,20260401
000525.SZ,红太阳,5.55,-0.35906642728905674,5.95,5.91,2.05831904,5.98,2.93818033,20000104,322/870,5.87,5.76921027,20001207,5.91,5.98,5.87,5.95,1.886792,1.7390234E7,33,000525,20260401
000738.SZ,航发控制,20.73,2.11822660098522,21.59,22.1,-0.55274067,22.16,2.91685185,20000117,323/870,21.4,5.59092593,20001204,22.1,22.16,21.4,21.59,3.50069,1.79972E7,33,000738,20260401
000757.SZ,浩物股份,4.89,0.4106776180698064,4.78,4.88,-0.20876827,4.9,2.91666667,20000104,324/870,4.73,4.75490196,20001226,4.88,4.9,4.73,4.78,3.54906,9000100,33,000757,20260401
600303.SH,曙光股份,3.31,0.6079027355623106,3.27,3.35,-1.5060241,3.46,2.9155812,20001226,325/870,3.21,3.3224188,20001229,3.35,3.46,3.21,3.27,7.53012,7.4264103E7,17,600303,20260401
600818.SH,ST中路,7.77,-5.012224938875308,8.87,9.05,-0.11261261,9.09,2.91074931,20000125,326/870,8.76,9.89697521,20001227,9.05,9.09,8.76,8.87,3.716216,4054200,22,600818,20260401
600665.SH,天地源,3.6,1.6949152542372896,3.36,3.41,-0.88495575,3.46,2.90829574,20000104,327/870,3.31,4.86318296,20001204,3.41,3.46,3.31,3.36,4.424778,1.137584E7,17,600665,20260401
000819.SZ,岳阳兴长,16.34,-0.5477784540474733,14.55,14.45,1.2526096,14.69,2.90663671,20000124,328/870,14.38,5.48467881,20001201,14.45,14.69,14.38,14.55,2.157272,3114149,33,000819,20260401
000923.SZ,河钢资源,16.8,-2.211874272409773,18.42,18.21,3.02013423,18.57,2.88,20000124,329/870,18.21,6.708125,20001226,18.21,18.57,18.21,18.42,2.013422,1.346982E7,33,000923,20260401
600730.SH,*ST高科,8.97,5.0351288056206265,9.23,9.01,4.29378531,9.42,2.8779375,20000117,330/870,9.01,4.18059318,20001225,9.01,9.42,9.01,9.23,4.632768,1.4613686E7,22,600730,20260401
000705.SZ,浙江震元,8.26,0.24271844660193656,9.07,8.93,3.06818182,9.13,2.87391026,20000104,331/870,8.78,6.98288462,20001208,8.93,9.13,8.78,9.07,3.977272,1.06979E7,33,000705,20260401
600733.SH,北汽蓝谷,7.11,-0.5594405594405599,7.3,7.24,2.0979021,7.3,2.86666667,20000121,332/870,7.18,5.59809524,20001208,7.24,7.3,7.18,7.3,1.678321,5.8241519E7,17,600733,20260401
000880.SZ,潍柴重机,30.9,8.155407770388514,27.19,26.99,2.75888133,27.27,2.85778123,20000106,333/870,26.86,5.17834714,20001201,26.99,27.27,26.86,27.19,1.549508,1.4129657E7,33,000880,20260401
000953.SZ,河化股份,6.99,1.0115606936416226,7.1,7.11,1.42857143,7.15,2.85275835,20000104,334/870,6.94,8.16270396,20001205,7.11,7.15,6.94,7.1,3,7552060,33,000953,20260401
600719.SH,大连热电,7.75,0.649350649350647,6.84,7.01,-1.72413793,7.05,2.84674615,20000117,335/870,6.7,4.75059231,20001226,7.01,7.05,6.7,6.84,5.028735,2.4837381E7,17,600719,20260401
000919.SZ,金陵药业,7.39,0.9562841530054562,7.33,7.23,2.08913649,7.34,2.83831276,20000104,336/870,7.12,7.5572428,20001205,7.23,7.34,7.12,7.33,3.064066,1.1116501E7,33,000919,20260401
600059.SH,古越龙山,8.91,-0.6688963210702397,9.1,8.93,2.47747748,9.18,2.83653315,20000104,337/870,8.92,3.48704142,20001226,8.93,9.18,8.92,9.1,2.927927,1.1801183E7,17,600059,20260401
000911.SZ,*ST广糖,5.73,-4.97512437810945,6.54,6.69,-1.20845921,6.69,2.83517351,20000124,338/870,6.47,5.72701851,20001227,6.69,6.69,6.47,6.54,3.323262,8667200,33,000911,20260401
000809.SZ,和展能源,3.77,-0.7894736842105212,3.63,3.89,-5.95854922,3.92,2.83280423,20000124,339/870,3.56,5.71816578,20001201,3.89,3.92,3.56,3.63,9.326424,6.6533798E7,33,000809,20260401
000520.SZ,凤凰航运,3.95,-1.0025062656641612,4.19,4.16,1.94647202,4.23,2.82655562,20000104,340/870,4.15,4.25863921,20001204,4.16,4.23,4.15,4.19,1.946472,1.2069611E7,33,000520,20260401
600038.SH,中直股份,31.21,-1.576789656259855,33.84,34.05,0.23696682,34.22,2.81472799,20001218,341/870,33.58,4.19769528,20001221,34.05,34.22,33.58,33.84,1.895734,7717412,17,600038,20260401
600149.SH,廊坊发展,6.43,2.2257551669316324,6.59,6.81,-6.39204545,7.08,2.80208333,20000117,342/870,6.46,5.11458333,20001226,6.81,7.08,6.46,6.59,8.806818,6.494116E7,17,600149,20260401
600858.SH,银座股份,5.79,-0.1724137931034446,5.82,5.92,-0.68259386,5.94,2.79695912,20000124,343/870,5.78,4.85815075,20001206,5.92,5.94,5.78,5.82,2.730375,8979652,17,600858,20260401
600797.SH,浙大网新,8.76,-0.680272108843543,9.12,9.1,2.01342282,9.23,2.79645874,20000104,344/870,9.04,4.53521741,20001201,9.1,9.23,9.04,9.12,2.125279,2.5587601E7,17,600797,20260401
000608.SZ,*ST阳光,3.78,2.7173913043478164,4.12,4.1,-0.48309179,4.19,2.79051343,20000104,345/870,3.94,6.0416693,20000128,4.1,4.19,3.94,4.12,6.038647,2.3365197E7,33,000608,20260401
000576.SZ,甘化科工,8.82,-5.76923076923076,9.23,9.27,0.76419214,9.3,2.78656157,20000124,346/870,9.14,4.87285599,20001206,9.27,9.3,9.14,9.23,1.746724,6027500,33,000576,20260401
600696.SH,*ST岩石,1.31,0.0,1.62,1.58,0.62111801,1.66,2.78619019,20000128,347/870,1.58,6.66868565,20001213,1.58,1.66,1.58,1.62,4.968944,3222831,22,600696,20260401
600101.SH,明星电力,9.82,-0.7077856420626925,9.57,9.7,-0.3125,9.78,2.75852798,20000104,348/870,9.48,3.30706153,20000110,9.7,9.78,9.48,9.57,3.125,2.445917E7,17,600101,20260401
600678.SH,ST金顶,10.38,-5.032021957913988,10.58,10.71,0.76190476,10.83,2.75215897,20000118,349/870,10.46,5.23421026,20001205,10.71,10.83,10.46,10.58,3.523809,1.10539E7,22,600678,20260401
600784.SH,鲁银投资,7.5,-0.924702774108326,7.06,7.1,0.71326676,7.16,2.74591985,20000104,350/870,7.01,5.74295712,20001201,7.1,7.16,7.01,7.06,2.1398,6562802,17,600784,20260401
000910.SZ,大亚圣象,6.79,-1.4513788098693707,7.13,7.11,1.42247511,7.19,2.74272727,20000117,351/870,7.05,5.04272727,20001227,7.11,7.19,7.05,7.13,1.991465,4905600,33,000910,20260401
600257.SH,大湖股份,6.1,-0.48939641109298937,6.96,6.57,6.09756098,6.98,2.74200817,20001201,352/870,6.57,3.12637969,20001227,6.57,6.98,6.57,6.96,6.25,2.7308001E7,17,600257,20260401
000762.SZ,西藏矿业,38.7,-0.5141388174807089,28.42,29.44,-2.13498623,29.5,2.73762084,20000104,353/870,28.3,5.92694349,20001213,29.44,29.5,28.3,28.42,4.132231,2.5724031E7,33,000762,20260401
000936.SZ,华西股份,7.18,-2.0463847203274264,7.46,7.28,4.18994413,7.54,2.73520371,20000104,354/870,7.27,3.64853201,20001225,7.28,7.54,7.27,7.46,3.770949,2.4998692E7,33,000936,20260401
000421.SZ,南京公用,6.33,-1.0937500000000044,6.69,6.76,0,6.79,2.71772524,20000117,355/870,6.66,4.56329747,20001204,6.76,6.79,6.66,6.69,1.943198,7932550,33,000421,20260401
000698.SZ,ST沈化,3.86,-0.5154639175257737,3.85,3.87,0.52219321,3.88,2.71105413,20000128,356/870,3.83,5.13270655,20001204,3.87,3.88,3.83,3.85,1.305483,5083210,33,000698,20260401
600072.SH,中船科技,13.68,6.046511627906972,12.78,12.98,0.15673981,13.09,2.70795462,20000124,357/870,12.66,4.03840791,20001204,12.98,13.09,12.66,12.78,3.369905,2.0215385E7,17,600072,20260401
000582.SZ,北部湾港,11.56,2.30088495575221,10.65,10.96,-1.29749768,11.18,2.70624568,20000124,358/870,10.56,6.41836689,20001227,10.96,11.18,10.56,10.65,5.746061,4.3155418E7,33,000582,20260401
600834.SH,申通地铁,8.02,-2.195121951219509,8.43,8.58,-2.5433526,8.67,2.70541743,20000104,359/870,8.37,13.75145195,20001207,8.58,8.67,8.37,8.43,3.468208,8081300,17,600834,20260401
600159.SH,大龙地产,3.33,2.461538461538464,3.05,3.19,-2.55591054,3.19,2.69503859,20000125,360/870,3,5.05348592,20001201,3.19,3.19,3,3.05,6.070287,2.24447E7,17,600159,20260401
000882.SZ,华联股份,1.65,1.226993865030676,1.65,1.67,0.6097561,1.69,2.69093956,20000104,361/870,1.64,8.16255128,20001207,1.67,1.69,1.64,1.65,3.04878,4.40918E7,33,000882,20260401
600115.SH,中国东航,4.32,-0.9174311926605512,4.54,4.45,6.82352941,4.6,2.67021212,20000104,362/870,4.37,4.23839394,20001205,4.45,4.6,4.37,4.54,5.411764,3.08851391E8,17,600115,20260401
000801.SZ,四川九洲,12.78,-1.1600928074245966,14.04,13.94,3.23529412,14.1,2.65963818,20000104,363/870,13.88,6.85479487,20000126,13.94,14.1,13.88,14.04,1.617647,1.8761675E7,33,000801,20260401
000859.SZ,国风新材,9.04,1.5730337078651548,9.84,10.01,-2.38095238,10.15,2.6498109,20000117,364/870,9.73,3.68999287,20001211,10.01,10.15,9.73,9.84,4.166666,4.5702579E7,33,000859,20260401
600051.SH,宁波联合,7.77,0.5174644243208169,7.72,7.84,0,7.87,2.64575758,20000124,365/870,7.66,8.40333333,20001227,7.84,7.87,7.66,7.72,2.720207,6561300,17,600051,20260401
600734.SH,*ST实达,2.23,-5.106382978723409,3.84,3.88,0.26109661,3.9,2.597003,20000104,366/870,3.79,3.72765696,20000128,3.88,3.9,3.79,3.84,2.872062,5.1260054E7,22,600734,20260401
000815.SZ,美利云,19.02,-4.229607250755286,20.7,19.33,9.98937301,20.7,2.5917803,20000104,367/870,19.18,4.46993687,20001219,19.33,20.7,19.18,20.7,8.076514,7.0060144E7,33,000815,20260401
000632.SZ,ST三木,3.9,-4.8780487804877986,4.74,5.06,-5.2,5.08,2.57189281,20000124,368/870,4.71,4.15665064,20001227,5.06,5.08,4.71,4.74,7.4,3.8570701E7,33,000632,20260401
000498.SZ,山东路桥,5.54,-4.647160068846809,5.86,5.94,0.34246575,5.98,2.56712985,20000124,369/870,5.82,5.31339851,20001211,5.94,5.98,5.82,5.86,2.739726,1.9417702E7,33,000498,20260401
600255.SH,鑫科材料,3.65,0.5509641873278242,3.35,3.4,0,3.41,2.56511243,20001211,370/870,3.32,2.75840631,20001204,3.4,3.41,3.32,3.35,2.686567,3.4693916E7,17,600255,20260401
000791.SZ,甘肃能源,8.06,-3.5885167464114707,7.47,7.78,-2.48041775,7.84,2.56457573,20000104,371/870,7.4,6.64620838,20001204,7.78,7.84,7.4,7.47,5.744125,7.5074308E7,33,000791,20260401
600651.SH,飞乐音响,6.89,4.236006051437206,7.04,7.05,1.44092219,7.07,2.5576121,20000124,372/870,6.95,8.57649152,20001229,7.05,7.07,6.95,7.04,1.729106,1.54359E7,17,600651,20260401
000837.SZ,秦川机床,11.11,1.4611872146118736,10.67,10.7,1.32953466,10.74,2.54113618,20000104,373/870,10.56,5.15591067,20001229,10.7,10.74,10.56,10.67,1.709401,1.16822E7,33,000837,20260401
000573.SZ,粤宏远A,5.03,1.4112903225806508,4.19,4.3,-0.94562648,4.31,2.51958209,20000104,374/870,4.15,4.4540984,20001205,4.3,4.31,4.15,4.19,3.782505,1.2936887E7,33,000573,20260401
000029.SZ,深深房A,21.26,1.4797136038186267,19.42,19.35,1.56903766,19.5,2.519,20000124,375/870,19.2,7.10683784,20001204,19.35,19.5,19.2,19.42,1.569037,2590309,33,000029,20260401
600179.SH,安通控股,4.21,-1.4051522248243469,4.46,4.48,0.90497738,4.5,2.51786385,20000128,376/870,4.42,4.04701577,20001204,4.48,4.5,4.42,4.46,1.809954,3.4082836E7,17,600179,20260401
000410.SZ,沈阳机床,6.16,-0.16207455429497222,6.74,6.65,2.74390244,6.8,2.51093045,20000127,377/870,6.58,5.0250282,20001204,6.65,6.8,6.58,6.74,3.353658,2.2274462E7,33,000410,20260401
000822.SZ,山东海化,5.95,-2.4590163934426146,6.07,6.23,-1.62074554,6.25,2.50977045,20000104,378/870,6,5.72748871,20001204,6.23,6.25,6,6.07,4.051863,3.7418753E7,33,000822,20260401
600802.SH,福建水泥,5.66,0.8912655971479468,6.11,6.4,-4.53125,6.53,2.508875,20000124,379/870,6.08,4.37345833,20001222,6.4,6.53,6.08,6.11,7.03125,2.5406022E7,17,600802,20260401
000727.SZ,冠捷科技,2.65,-0.3759398496240688,2.65,2.67,1.92307692,2.77,2.50029138,20000104,380/870,2.62,6.11742424,20001220,2.67,2.77,2.62,2.65,5.76923,1.13790702E8,33,000727,20260401
600185.SH,珠免集团,5.94,0.0,5.75,5.78,1.23239437,5.81,2.4747847,20000114,381/870,5.69,3.27046338,20001221,5.78,5.81,5.69,5.75,2.112676,2.0934286E7,17,600185,20260401
000544.SZ,中原环保,8.45,-0.3537735849056738,8.54,8.56,1.18483412,8.6,2.46933333,20000124,382/870,8.49,4.98996825,20001204,8.56,8.6,8.49,8.54,1.303317,4784200,33,000544,20260401
600233.SH,圆通速递,21.5,-2.0054694621695592,20.3,20.65,0.74441687,20.81,2.4539899,20001211,383/870,20.2,3.02217172,20001228,20.65,20.81,20.2,20.3,3.027295,1.4832786E7,17,600233,20260401
600877.SH,电科芯片,16.45,2.1104903786468023,16.16,16.23,1.50753769,16.29,2.44953849,20000128,384/870,15.96,3.95577645,20001214,16.23,16.29,15.96,16.16,2.072864,1.43095E7,17,600877,20260401
600238.SH,*ST椰岛,5.64,2.5454545454545396,4.74,4.76,-0.21052632,4.8,2.42671895,20000120,385/870,4.51,4.03347277,20001229,4.76,4.8,4.51,4.74,6.105263,1.499846E7,22,600238,20260401
000676.SZ,智度股份,7.38,0.1356852103120731,7.67,7.72,0.92105263,7.75,2.4256537,20000105,386/870,7.62,10.06549893,20001201,7.72,7.75,7.62,7.67,1.710526,1.1048086E7,33,000676,20260401
600805.SH,悦达投资,5.3,-1.119402985074636,5.21,5.28,0,5.32,2.40824786,20000112,387/870,5.16,4.01615385,20001205,5.28,5.32,5.16,5.21,3.071017,1.89789E7,17,600805,20260401
600227.SH,赤天化,4.09,-2.8503562945368195,3.84,3.97,-2.53807107,4,2.38515039,20001201,388/870,3.79,2.65280515,20001206,3.97,4,3.79,3.84,5.329949,2.14432581E8,17,600227,20260401
600629.SH,华建集团,20.4,1.8981018981018931,20.53,20.58,1.88585608,20.75,2.38060802,20000128,389/870,20.25,4.7050679,20001212,20.58,20.75,20.25,20.53,2.481389,1.53171E7,17,600629,20260401
000599.SZ,青岛双星,5.96,3.4722222222222254,5.8,5.9,0,5.91,2.37970149,20000124,390/870,5.77,3.53465079,20001205,5.9,5.91,5.77,5.8,2.413793,1.5188334E7,33,000599,20260401
000523.SZ,红棉股份,3.45,0.5830903790087468,3.37,3.46,-1.4619883,3.48,2.36833333,20000128,391/870,3.34,4.91,20001207,3.46,3.48,3.34,3.37,4.093567,2.75749E7,33,000523,20260401
000572.SZ,海马汽车,5.59,1.8214936247723068,6.01,6.2,-2.11726384,6.22,2.35913462,20000118,392/870,5.92,5.73413462,20001205,6.2,6.22,5.92,6.01,4.885993,9.676867E7,33,000572,20260401
600328.SH,中盐化工,8.1,-7.5342465753424674,8.79,8.82,1.38408304,8.89,2.35768965,20001225,393/870,8.63,2.93763855,20001222,8.82,8.89,8.63,8.79,2.998846,3.087964E7,17,600328,20260401
000926.SZ,福星股份,2.13,2.898550724637684,2.1,2.14,0,2.15,2.34289044,20000104,394/870,2.06,4.75714286,20001206,2.14,2.15,2.06,2.1,4.285714,2.2793557E7,33,000926,20260401
000419.SZ,通程控股,5.83,1.2152777777777828,5.93,5.98,0.16891892,6.1,2.33108215,20000104,395/870,5.9,3.25320887,20001229,5.98,6.1,5.9,5.93,3.378378,8859273,33,000419,20260401
000534.SZ,万泽股份,39.53,-2.8746928746928786,38.98,36.42,9.98871332,38.98,2.32976486,20000105,396/870,36.25,7.19586545,20001229,36.42,38.98,36.25,38.98,7.70316,1.1836886E7,33,000534,20260401
000812.SZ,陕西金叶,4.1,0.24449877750610727,4.23,4.28,0,4.32,2.32959664,20000104,397/870,4.18,3.89699582,20001204,4.28,4.32,4.18,4.23,3.309692,1.3793626E7,33,000812,20260401
000833.SZ,粤桂股份,31.72,9.986130374479885,25.05,25.3,-2.90697674,25.88,2.32725926,20000128,398/870,24.5,5.72425,20001205,25.3,25.88,24.5,25.05,5.348837,3.8910181E7,33,000833,20260401
000767.SZ,晋控电力,3.78,-3.5714285714285747,3.9,4.19,-7.80141844,4.25,2.32221158,20000104,399/870,3.86,4.37528671,20001206,4.19,4.25,3.86,3.9,9.219858,4.10957745E8,33,000767,20260401
600073.SH,光明肉业,5.88,-0.6756756756756763,5.9,5.93,0,5.97,2.31726784,20000104,400/870,5.86,8.47315342,20000128,5.93,5.97,5.86,5.9,1.864406,7864600,17,600073,20260401
600186.SH,莲花控股,10.72,-0.9242144177449135,7.33,7.2,3.23943662,7.6,2.31725962,20000104,401/870,7.19,3.79153572,20001226,7.2,7.6,7.19,7.33,5.774647,2.5165073E8,17,600186,20260401
000518.SZ,*ST四环,2.91,1.0416666666666754,2.95,2.97,0,2.98,2.31222029,20001201,402/870,2.92,2.62729231,20001214,2.97,2.98,2.92,2.95,2.033898,8360801,33,000518,20260401
600604.SH,市北高新,4.83,-0.4123711340206098,5.2,5.22,0.58027079,5.25,2.31074944,20000104,403/870,5.13,4.70704574,20001204,5.22,5.25,5.13,5.2,2.321083,1.23748E7,17,600604,20260401
000089.SZ,深圳机场,7.13,0.2812939521800221,7.0,6.8,4.3219076,7.01,2.29529659,20000117,404/870,6.74,3.59967637,20001201,6.8,7.01,6.74,7.0,4.023845,2.5036917E7,33,000089,20260401
000595.SZ,*ST宝实,6.36,-0.6250000000000006,6.49,6.5,1.24804992,6.54,2.29217604,20000104,405/870,6.42,4.85330073,20001205,6.5,6.54,6.42,6.49,1.872074,1.09747E7,33,000595,20260401
600735.SH,ST新华锦,7.4,-5.0064184852374805,6.73,6.73,,6.73,2.29086123,20000104,406/870,6.73,6.28667996,20001222,6.73,6.73,6.73,6.73,,,22,600735,20260401
600601.SH,方正科技,11.67,-1.185436071126169,10.06,10.08,1.82186235,10.2,2.25987881,20000118,407/870,9.95,2.95161499,20001229,10.08,10.2,9.95,10.06,2.530364,5.4772968E7,17,600601,20260401
000420.SZ,吉林化纤,5.11,-0.7766990291262142,4.8,4.85,1.47991543,4.89,2.24554779,20000104,408/870,4.75,3.15318182,20001205,4.85,4.89,4.75,4.8,2.95983,1.09085774E8,33,000420,20260401
600791.SH,京能置业,13.45,0.8245877061469223,10.02,9.8,3.29896907,10.05,2.2449497,20000105,409/870,9.6,4.88055128,20001205,9.8,10.05,9.6,10.02,4.639175,1.7227637E7,17,600791,20260401
000759.SZ,中百集团,5.49,0.0,5.63,5.71,-0.17730496,5.73,2.23563994,20000104,410/870,5.56,3.46373031,20001205,5.71,5.73,5.56,5.63,3.014184,1.3350002E7,33,000759,20260401
000056.SZ,*ST皇庭,1.74,-4.91803278688525,2.03,2.03,0.99502488,2.08,2.2308542,20000104,411/870,1.97,4.3882616,20001213,2.03,2.08,1.97,2.03,5.472636,5.84916E7,33,000056,20260401
600623.SH,华谊集团,10.88,0.18416206261511373,9.66,9.64,0.20746888,9.8,2.22864706,20000128,412/870,9.44,8.33452941,20001208,9.64,9.8,9.44,9.66,3.734439,2.0039062E7,17,600623,20260401
600113.SH,浙江东日,44.68,-1.150442477876113,48.69,49.42,-1.19724026,50.68,2.22255646,20000125,413/870,48.5,3.45712437,20001226,49.29,50.55,48.37,48.56,4.423701,3536101,17,600113,20260401
000016.SZ,*ST康佳A,3.24,-4.985337243401757,3.47,3.33,5.79268293,3.6,2.20981818,20000104,414/870,3.31,2.95527273,20000110,3.33,3.6,3.31,3.47,8.841463,1.04687346E8,33,000016,20260401
600892.SH,*ST大晟,3.65,-4.45026178010471,3.69,3.68,2.5,3.75,2.20918464,20000110,415/870,3.64,3.84116642,20001205,3.68,3.75,3.64,3.69,3.055555,5746000,22,600892,20260401
000816.SZ,智慧农业,3.23,0.6230529595015581,3.3,3.34,0.30395137,3.36,2.20072039,20000104,416/870,3.28,2.85192104,20001227,3.34,3.36,3.28,3.3,2.43161,2.160265E7,33,000816,20260401
600812.SH,华北制药,5.21,-1.1385199240986643,5.62,5.47,3.30882353,5.64,2.1989698,20000104,417/870,5.4,4.08034735,20001201,5.47,5.64,5.4,5.62,4.411764,4.0380617E7,17,600812,20260401
600846.SH,同济科技,12.76,-2.297090352220526,12.31,11.9,4.05748098,12.41,2.18764957,20000119,418/870,11.9,3.86179487,20001220,11.9,12.41,11.9,12.31,4.311073,3159568,17,600846,20260401
000803.SZ,山高环能,8.79,3.9007092198581357,8.51,8.48,1.06888361,8.7,2.18516998,20000104,419/870,8.4,6.2830004,20001228,8.48,8.7,8.4,8.51,3.562945,1.201526E7,33,000803,20260401
600173.SH,卧龙新能,7.28,-1.488497970230033,7.1,7.33,-2.20385675,7.4,2.18126984,20000104,420/870,7.03,4.35058201,20001229,7.33,7.4,7.03,7.1,5.096418,1.658485E7,17,600173,20260401
600658.SH,电子城,5.1,2.4096385542168517,4.68,4.7,0.64516129,4.73,2.17851082,20000124,421/870,4.64,7.79539394,20001211,4.7,4.73,4.64,4.68,1.935483,7067400,17,600658,20260401
600199.SH,金种子酒,7.94,-0.37641154328731946,8.26,8.2,0.36452005,8.43,2.17763909,20000104,422/870,8.11,4.11720598,20001201,8.2,8.43,8.11,8.26,3.888213,1.2341137E7,17,600199,20260401
600743.SH,华远控股,2.47,2.9166666666666785,1.9,1.94,-1.55440415,1.95,2.17330075,20000124,423/870,1.89,3.62881914,20001205,1.94,1.95,1.89,1.9,3.108808,1.54811E7,17,600743,20260401
600643.SH,爱建集团,4.82,0.4166666666666763,5.15,4.75,10.04273504,5.15,2.16993724,20000124,424/870,4.71,3.93360947,20001205,4.75,5.15,4.71,5.15,9.401709,6.636595E7,17,600643,20260401
600082.SH,ST海泰,3.34,0.0,3.52,3.59,0,3.62,2.15771767,20000104,425/870,3.47,3.72420219,20000128,3.59,3.62,3.47,3.52,4.261363,1.6852057E7,22,600082,20260401
600172.SH,黄河旋风,8.43,1.3221153846153777,7.89,8.17,0,8.19,2.15574313,20000104,426/870,7.83,2.98337201,20001227,8.17,8.19,7.83,7.89,4.562737,7.6113064E7,17,600172,20260401
000795.SZ,英洛华,9.23,0.0,8.86,8.85,1.25714286,8.88,2.15061771,20000104,427/870,8.76,4.1556473,20001206,8.85,8.88,8.76,8.86,1.371428,9179600,33,000795,20260401
000793.SZ,*ST华闻,2.73,-0.727272727272728,2.63,2.63,0.38167939,2.66,2.1410355,20001218,428/870,2.61,3.36668411,20000128,2.63,2.66,2.61,2.63,1.908396,1.1507602E7,33,000793,20260401
600619.SH,海立股份,17.9,5.046948356807508,16.43,16.3,2.94486216,16.5,2.13860494,20000125,429/870,16.15,6.97399588,20001222,16.3,16.5,16.15,16.43,2.192982,1.7810819E7,17,600619,20260401
600798.SH,宁波海运,3.63,0.0,3.92,3.84,2.88713911,3.94,2.13747917,20000104,430/870,3.83,4.08279167,20001211,3.84,3.94,3.83,3.92,2.887139,2.353446E7,17,600798,20260401
000989.SZ,九芝堂,9.65,-0.9240246406570827,9.62,9.4,2.88770053,9.63,2.12961554,20001207,431/870,9.37,2.9038011,20001221,9.4,9.63,9.37,9.62,2.780748,3.1668852E7,33,000989,20260401
000407.SZ,胜利股份,4.84,-0.2061855670103049,4.71,4.76,-0.21186441,4.78,2.11798168,20000104,432/870,4.7,3.382045,20001206,4.76,4.78,4.7,4.71,1.694915,1.67658E7,33,000407,20260401
000721.SZ,西安饮食,7.59,-0.5242463958060293,7.91,7.95,0.89285714,7.97,2.10467816,20000119,433/870,7.75,3.59433333,20001206,7.95,7.97,7.75,7.91,2.806122,8558600,33,000721,20260401
000615.SZ,*ST美谷,3.33,-0.892857142857137,3.43,3.49,-2,3.52,2.09722514,20000117,434/870,3.39,2.91424058,20001229,3.49,3.52,3.39,3.43,3.714285,1.73831E7,33,000615,20260401
600620.SH,天宸股份,5.52,-9.951060358890706,6.34,6.46,0.15797788,6.48,2.09599956,20000124,435/870,6.31,3.78729072,20001222,6.46,6.48,6.31,6.34,2.685624,4635905,17,600620,20260401
000415.SZ,渤海租赁,4.68,-1.8867924528301858,4.45,4.42,3.24825986,4.47,2.09531674,20000104,436/870,4.37,3.13604072,20001201,4.42,4.47,4.37,4.45,2.320185,6.9944668E7,33,000415,20260401
000713.SZ,国投丰乐,6.5,-2.6946107784431095,6.51,6.57,-0.15337423,6.62,2.08986575,20000104,437/870,6.47,6.83922388,20001214,6.57,6.62,6.47,6.51,2.300613,7893177,33,000713,20260401
000521.SZ,长虹美菱,5.66,-0.35211267605633056,6.3,6.23,2.10696921,6.34,2.0856401,20000104,438/870,6.19,4.25955314,20001221,6.23,6.34,6.19,6.3,2.431118,1.2327775E7,33,000521,20260401
000930.SZ,中粮科技,6.08,0.8291873963515725,6.78,6.76,0.44444444,6.81,2.07257301,20000124,439/870,6.66,3.64102937,20001204,6.76,6.81,6.66,6.78,2.222222,2.7508642E7,33,000930,20260401
000958.SZ,电投产融,5.92,-1.1686143572621082,6.27,6.33,0.15974441,6.34,2.07138164,20000104,440/870,6.24,3.36123671,20001205,6.33,6.34,6.24,6.27,1.597444,2.53941E7,33,000958,20260401
600084.SH,*ST尼雅,5.35,-4.973357015985795,7.03,7.1,0.86083214,7.1,2.0489988,20000104,441/870,6.98,6.17600334,20001226,7.1,7.1,6.98,7.03,1.721664,4595200,22,600084,20260401
600078.SH,澄星股份,13.21,-1.1227544910179534,11.4,11.59,0.35211268,11.67,2.04154154,20000104,442/870,11.32,3.4488842,20001211,11.59,11.67,11.32,11.4,3.080985,1.3570331E7,17,600078,20260401
000565.SZ,渝三峡A,7.87,-2.1144278606965057,7.4,7.51,0.40705563,7.52,2.03855932,20000104,443/870,7.32,4.53008475,20001229,7.51,7.52,7.32,7.4,2.713704,6486650,33,000565,20260401
000607.SZ,华媒控股,4.14,1.9704433497536966,4.22,4.28,0.23752969,4.29,2.03123864,20000105,444/870,4.18,6.144875,20001225,4.28,4.29,4.18,4.22,2.612826,1.07659E7,33,000607,20260401
000050.SZ,深天马A,7.62,-6.845965770171144,8.04,8.05,1.64348925,8.08,2.01815354,20000104,445/870,7.95,4.46259798,20001220,8.05,8.08,7.95,8.04,1.643489,2.10269E7,33,000050,20260401
600871.SH,石化油服,2.72,0.7407407407407414,2.85,2.83,0.35211268,2.89,2.01555556,20000113,446/870,2.83,2.90888889,20001201,2.83,2.89,2.83,2.85,2.112676,1.23788091E8,17,600871,20260401
600193.SH,*ST创兴,2.17,0.0,3.99,4.15,-2.91970803,4.17,2.01538462,20000124,447/870,3.92,3.99839175,20001228,4.15,4.17,3.92,3.99,6.082725,1.10624E7,22,600193,20260401
600165.SH,ST宁科,3.38,-2.3121387283237014,3.37,3.35,0.59701493,3.47,2.0142805,20000104,448/870,3.34,3.60349906,20001221,3.35,3.47,3.34,3.37,3.880597,7869553,22,600165,20260401
000403.SZ,派林生物,11.95,-1.807723911257195,13.23,13.1,2.24111283,13.24,2.01081557,20000104,449/870,12.96,5.59228864,20001211,13.1,13.24,12.96,13.23,2.163833,8434900,33,000403,20260401
000860.SZ,顺鑫农业,12.7,-0.3921568627451036,12.93,12.96,0.38819876,13.01,1.99557576,20000104,450/870,12.86,3.98482035,20001204,12.96,13.01,12.86,12.93,1.164596,4762393,33,000860,20260401
600158.SH,中体产业,11.85,10.027855153203342,11.44,11.78,-4.58715596,11.97,1.99183575,20000104,451/870,11.3,3.50538519,20001227,11.78,11.97,11.3,11.44,5.587989,1.24323215E8,17,600158,20260401
600118.SH,中国卫星,102.8,4.972939854998458,79.94,83,-2.34546787,83.28,1.97490287,20000104,452/870,79.08,4.11388199,20001204,83,83.28,79.08,79.94,5.13071,3.91989E7,17,600118,20260401
000839.SZ,国安股份,2.97,0.0,3.4,3.41,2.1021021,3.48,1.97358113,20000104,453/870,3.36,3.76148148,20001221,3.41,3.48,3.36,3.4,3.603603,9.728026E7,33,000839,20260401
000619.SZ,海螺新材,6.18,0.8156606851549727,5.95,6.1,-0.16778523,6.15,1.95653846,20000104,454/870,5.9,9.20076923,20001226,6.1,6.15,5.9,5.95,4.19463,8383701,33,000619,20260401
000547.SZ,航天发展,24.58,2.1612635078969227,27.84,28.46,-2.17849613,28.8,1.95348339,20001228,455/870,27.16,3.03896919,20000128,28.46,28.8,27.16,27.84,5.762473,2.0034116E8,33,000547,20260401
600644.SH,乐山电力,11.58,-1.8644067796610222,11.49,11.82,-0.94827586,11.9,1.948097,20000104,456/870,11.42,7.45392252,20001206,11.82,11.9,11.42,11.49,4.137931,2.7385094E7,17,600644,20260401
000935.SZ,四川双马,26.72,-3.711711711711716,25.38,25.52,1.64197036,26.15,1.94651696,20000118,457/870,25.32,6.81403833,20001214,25.52,26.15,25.32,25.38,3.323988,4699734,33,000935,20260401
000735.SZ,罗牛山,6.58,2.6521060842433686,6.72,6.75,0.5988024,6.78,1.94526316,20000128,458/870,6.68,4.62421053,20001207,6.75,6.78,6.68,6.72,1.497005,1.1212138E7,33,000735,20260401
600300.SH,维维股份,3.74,5.3521126760563495,3.57,3.55,1.42045455,3.63,1.94004895,20001218,459/870,3.51,2.19004895,20001205,3.55,3.63,3.51,3.57,3.40909,3.8611359E7,17,600300,20260401
000790.SZ,华神科技,4.57,10.120481927710841,4.21,4.18,1.937046,4.23,1.93619573,20000104,460/870,4.1,3.10804443,20001229,4.18,4.23,4.1,4.21,3.147699,2.0652852E7,33,000790,20260401
000510.SZ,新金路,14.14,1.4347202295552444,15.02,15.25,1.83050847,15.68,1.93070513,20000124,461/870,14.88,7.49961538,20001205,15.25,15.68,14.88,15.02,5.423728,4.243995E7,33,000510,20260401
600825.SH,新华传媒,5.86,0.34246575342466545,5.89,5.98,0,5.99,1.92978395,20000124,462/870,5.85,5.36394033,20001229,5.98,5.99,5.85,5.89,2.37691,1.4272692E7,17,600825,20260401
600649.SH,城投控股,4.27,0.0,4.48,4.48,1.12866817,4.52,1.91988628,20000124,463/870,4.42,3.87678184,20001206,4.48,4.52,4.42,4.48,2.257336,2.6818517E7,17,600649,20260401
000753.SZ,漳州发展,6.67,2.1439509954058145,7.07,7.36,-3.94021739,7.41,1.91579985,20000104,464/870,7.01,2.62805056,20000128,7.36,7.41,7.01,7.07,5.434782,7.2488246E7,33,000753,20260401
600202.SH,哈空调,6.36,1.4354066985646052,5.96,6.09,-0.16750419,6.13,1.91302564,20000124,465/870,5.87,6.90450852,20001212,6.09,6.13,5.87,5.96,4.355108,8318400,17,600202,20260401
000826.SZ,*ST启环,1.96,1.5544041450777217,2.08,2.05,2.46305419,2.1,1.90686371,20000117,466/870,2.04,3.36124978,20001205,2.05,2.1,2.04,2.08,2.955665,4.046428E7,33,000826,20260401
600699.SH,均胜电子,28.52,0.17562346329469866,25.2,25.3,1.69491525,25.36,1.90118928,20000124,467/870,24.89,4.48827387,20001204,25.3,25.36,24.89,25.2,1.89669,2.9310851E7,17,600699,20260401
600712.SH,南宁百货,6.31,1.6103059581320394,6.26,6.29,0.80515298,6.32,1.88330273,20000104,468/870,6.21,2.81239345,20001220,6.29,6.32,6.21,6.26,1.771336,4158700,17,600712,20260401
600759.SH,ST洲际,4.67,-5.08130081300813,5.61,5.64,-1.4059754,5.75,1.87863511,20000125,469/870,5.55,4.12715582,20001215,5.64,5.75,5.55,5.61,3.514938,4.11938078E8,22,600759,20260401
000928.SZ,中钢国际,6.5,-0.6116207951070342,6.77,7.3,-1.02339181,7.48,1.87674674,20000104,470/870,6.75,3.79263459,20001204,7.3,7.48,6.75,6.77,10.672514,6.7335059E7,33,000928,20260401
600268.SH,国电南自,14.97,-1.2532981530342975,15.67,15.33,1.22739018,15.75,1.87671577,20001207,471/870,15.02,2.98385195,20000128,15.33,15.75,15.02,15.67,4.715762,7.220325E7,17,600268,20260401
600399.SH,抚顺特钢,5.47,-2.146690518783544,6.02,6.11,0.16638935,6.12,1.8708806,20001229,472/870,5.97,2.047,20001229,6.11,6.12,5.97,6.02,2.49584,3.7474368E7,17,600399,20260401
600889.SH,*ST京化,15.39,2.943143812709039,14.48,14.4,1.97183099,14.48,1.86381739,20000104,473/870,14.26,4.29776987,20001227,14.4,14.48,14.26,14.48,1.549295,3089100,22,600889,20260401
000659.SZ,珠海中富,4.03,-1.9464720194647218,4.57,4.58,0.88300221,4.59,1.86233749,20000104,474/870,4.46,2.75548054,20001205,4.58,4.59,4.46,4.57,2.869757,3.190481E7,33,000659,20260401
000970.SZ,中科三环,12.08,-0.4942339373970387,11.74,11.72,1.73310225,11.84,1.83393183,20001208,475/870,11.62,2.09288077,20001225,11.72,11.84,11.62,11.74,1.906412,1.6327339E7,33,000970,20260401
600763.SH,通策医疗,42.18,-2.4965325936199685,42.48,42.56,0.9745662,42.7,1.81999954,20000113,476/870,41.83,5.00079056,20001221,42.56,42.7,41.83,42.48,2.067981,7076434,17,600763,20260401
600691.SH,潞化科技,3.35,-0.8875739644970356,3.28,3.35,-0.90634441,3.38,1.81818182,20000104,477/870,3.26,3.08080808,20001204,3.35,3.38,3.26,3.28,3.625377,7.548211E7,17,600691,20260401
600075.SH,新疆天业,6.86,0.0,7.0,7.2,-3.84615385,7.29,1.81252232,20000104,478/870,6.98,3.6121875,20001228,7.2,7.29,6.98,7.0,4.258241,3.6229072E7,17,600075,20260401
600054.SH,黄山旅游,11.89,-0.1679261125104918,13.48,13.13,3.69230769,13.56,1.80050474,20000124,479/870,12.97,3.31506115,20001205,13.13,13.56,12.97,13.48,4.538461,1.2903324E7,17,600054,20260401
600368.SH,五洲交通,3.89,-0.25641025641025095,3.92,3.94,0,3.96,1.78787874,20001221,480/870,3.9,2.19600036,20001229,3.94,3.96,3.9,3.92,1.530612,8344722,17,600368,20260401
000679.SZ,大连友谊,7.24,1.971830985915501,6.66,6.8,-0.89285714,6.87,1.77186935,20000104,481/870,6.58,5.35133858,20001205,6.8,6.87,6.58,6.66,4.315476,4874600,33,000679,20260401
000998.SZ,隆平高科,9.14,-0.760043431053206,9.92,10.03,0.2020202,10.05,1.76280138,20001211,482/870,9.84,4.70787714,20001218,10.03,10.05,9.84,9.92,2.121212,2.1504292E7,33,000998,20260401
000055.SZ,方大集团,3.65,0.27472527472526886,3.66,3.7,0.82644628,3.73,1.75911041,20000128,483/870,3.62,3.06024724,20001229,3.7,3.73,3.62,3.66,3.030303,8301359,33,000055,20260401
000603.SZ,盛达资源,36.48,-2.720000000000008,39.95,40.2,2.96391753,40.75,1.7548605,20000124,484/870,39.35,6.5498605,20001226,40.2,40.75,39.35,39.95,3.608247,2.1486741E7,33,000603,20260401
000507.SZ,珠海港,5.19,-0.38387715930901295,5.6,5.6,1.26582278,5.76,1.75108622,20000125,485/870,5.55,3.06518879,20001201,5.6,5.76,5.55,5.6,3.797468,2.599846E7,33,000507,20260401
600715.SH,文投控股,2.04,-0.48780487804877015,2.03,2,2.52525253,2.03,1.74988145,20000125,486/870,1.97,4.42272419,20001206,2,2.03,1.97,2.03,3.030303,3.42516E7,17,600715,20260401
000564.SZ,供销大集,1.75,0.5747126436781614,1.88,1.89,1.62162162,1.89,1.7366392,20000117,487/870,1.85,2.75028542,20001204,1.89,1.89,1.85,1.88,2.162162,2.64018152E8,33,000564,20260401
000797.SZ,中国武夷,2.9,3.9426523297490994,2.9,3.04,-4.29042904,3.09,1.7335113,20000104,488/870,2.88,2.58165675,20001211,3.04,3.09,2.88,2.9,6.930693,7.2361953E7,33,000797,20260401
000758.SZ,中色股份,7.01,-0.8486562942008556,6.65,6.75,1.52671756,6.8,1.72812137,20000104,489/870,6.58,2.37066011,20000128,6.75,6.8,6.58,6.65,3.358778,3.3689809E7,33,000758,20260401
000078.SZ,海王生物,,,3.45,3.17,9.87261146,3.45,1.72686544,20000117,490/870,3.08,2.30971345,20001205,3.17,3.45,3.08,3.45,11.783439,1.23533905E8,33,000078,20260401
600008.SH,首创环保,3.06,0.327868852459024,3.13,3.16,0,3.17,1.71091716,20001215,491/870,3.11,2.14434911,20001225,3.16,3.17,3.11,3.13,1.916932,6.641252E7,17,600008,20260401
000428.SZ,华天酒店,3.86,-0.7712082262210861,4.04,4.07,0.49751244,4.1,1.71007629,20000119,492/870,3.95,2.63624043,20001201,4.07,4.1,3.95,4.04,3.731343,2.1529401E7,33,000428,20260401
000750.SZ,国海证券,3.91,1.0335917312661507,3.84,3.88,0.26109661,3.89,1.70195726,20000104,493/870,3.83,2.58164168,20001201,3.88,3.89,3.83,3.84,1.566579,4.2520075E7,33,000750,20260401
000897.SZ,津滨发展,2.18,1.395348837209314,2.1,2.14,-0.47393365,2.15,1.70178401,20000104,494/870,2.08,2.39154482,20001229,2.14,2.15,2.08,2.1,3.317535,3.0657243E7,33,000897,20260401
600874.SH,创业环保,6.21,-1.740506329113929,6.12,6.14,0.65789474,6.18,1.69570803,20000120,495/870,6.08,7.19935766,20001212,6.14,6.18,6.08,6.12,1.644736,1.2654301E7,17,600874,20260401
000019.SZ,深粮控股,7.69,-0.7741935483870918,7.68,7.76,-1.41206675,7.87,1.69484646,20000104,496/870,7.63,4.30737081,20001222,7.76,7.87,7.63,7.68,3.080872,1.908155E7,33,000019,20260401
000810.SZ,创维数字,12.69,0.07886435331230116,10.91,11.11,-0.18298262,11.12,1.68709809,20000118,497/870,10.84,6.76096866,20001214,11.11,11.12,10.84,10.91,2.561756,9795900,33,000810,20260401
600716.SH,凤凰股份,4.43,1.3729977116704715,4.55,4.56,0.66371681,4.63,1.66553571,20000124,498/870,4.52,4.43785714,20001201,4.56,4.63,4.52,4.55,2.433628,6769300,17,600716,20260401
000711.SZ,ST京蓝,4.92,2.9288702928870225,3.74,3.62,0.80862534,3.88,1.66303419,20000104,499/870,3.52,3.56047009,20001206,3.62,3.88,3.52,3.74,9.703504,2.1873558E8,33,000711,20260401
600757.SH,长江传媒,8.61,-1.0344827586206882,8.88,8.9,0.56625142,8.92,1.64506269,20000104,500/870,8.82,4.18866355,20001221,8.9,8.92,8.82,8.88,1.132502,8551671,17,600757,20260401
600337.SH,美克家居,2.89,0.0,2.55,2.63,-0.77821012,2.63,1.64008839,20001211,501/870,2.53,1.84853355,20001201,2.63,2.63,2.53,2.55,3.89105,2.6054206E7,17,600337,20260401
000059.SZ,华锦股份,5.69,1.4260249554367213,5.41,5.39,1.12149533,5.5,1.63747826,20000124,502/870,5.36,4.04327536,20001213,5.39,5.5,5.36,5.41,2.616822,2.8770124E7,33,000059,20260401
000010.SZ,*ST美丽,2.89,-4.934210526315787,3.8,3.99,-2.06185567,4,1.625,20000124,503/870,3.74,3.76,20001215,3.99,4,3.74,3.8,6.70103,4.5369748E7,33,000010,20260401
600103.SH,青山纸业,4.46,-4.086021505376352,3.51,3.5,2.33236152,3.55,1.62002795,20000125,504/870,3.42,3.19511952,20001227,3.5,3.55,3.42,3.51,3.790087,5.7224273E7,17,600103,20260401
600131.SH,国网信通,17.14,-0.9248554913294805,18.58,18.78,1.08813928,18.92,1.6155401,20000104,505/870,18.45,3.22667407,20001208,18.78,18.92,18.45,18.58,2.557127,1.2568478E7,17,600131,20260401
000788.SZ,北大医药,6.12,-2.0799999999999983,6.56,6,10.06711409,6.56,1.6045168,20000117,506/870,6,4.01362501,20001205,6,6.56,6,6.56,9.395973,6.6242269E7,33,000788,20260401
600208.SH,衢州发展,4.55,9.903381642512082,3.19,3.19,1.26984127,3.21,1.57786448,20000124,507/870,3.15,2.66293392,20001205,3.19,3.21,3.15,3.19,1.904761,4.9358694E7,17,600208,20260401
600792.SH,云煤能源,4.51,0.2222222222222175,4.27,4.55,-6.97167756,4.59,1.57777074,20000104,508/870,4.24,3.68520875,20001222,4.55,4.59,4.24,4.27,7.625272,6.89764E7,17,600792,20260401
600105.SH,永鼎股份,42.41,-2.1006463527239236,30.51,28.5,9.98558039,30.51,1.57570611,20000104,509/870,28.5,2.29578376,20001206,28.5,30.51,28.5,30.51,7.245854,2.35413212E8,17,600105,20260401
000831.SZ,中国稀土,54.44,0.7588376827688258,48.28,48.84,0.60429256,48.86,1.56568142,20000104,510/870,47.71,2.45440022,20001228,48.84,48.86,47.71,48.28,2.396332,2.3931094E7,33,000831,20260401
600764.SH,中国海防,23.62,-1.5833333333333293,24.19,24.06,1.85263158,24.26,1.5608547,20000124,511/870,23.91,4.13777778,20001204,24.06,24.26,23.91,24.19,1.473684,4657763,17,600764,20260401
000532.SZ,华金资本,12.66,-0.3149606299212531,13.41,13.5,1.0550113,13.57,1.55543541,20000124,512/870,13.3,8.45916062,20001206,13.5,13.57,13.3,13.41,2.034664,3905200,33,000532,20260401
000600.SZ,建投能源,9.52,-2.65848670756646,9.22,9.39,0.2173913,9.48,1.55471993,20000128,513/870,9.1,4.19475666,20001225,9.39,9.48,9.1,9.22,4.130434,3.5320389E7,33,000600,20260401
000065.SZ,北方国际,12.79,1.1067193675889233,14.57,16.01,0.13745704,16.01,1.55007065,20000113,514/870,14.55,2.55953667,20001226,16.01,16.01,14.55,14.57,10.034364,1.11904612E8,33,000065,20260401
600831.SH,广电网络,3.86,-0.5154639175257737,3.89,4,-0.51150895,4.03,1.53656287,20000104,515/870,3.85,3.40435319,20001204,4,4.03,3.85,3.89,4.60358,2.00158E7,17,600831,20260401
000723.SZ,美锦能源,4.46,-0.6681514476614755,4.76,4.75,1.06157113,4.82,1.53312757,20000104,516/870,4.68,3.08662551,20001201,4.75,4.82,4.68,4.76,2.972399,8.2672868E7,33,000723,20260401
600636.SH,*ST国化,4.51,0.0,7.65,7.7,0,7.73,1.5315578,20000104,517/870,7.5,3.0530802,20001226,7.7,7.73,7.5,7.65,3.006535,5710702,22,600636,20260401
000712.SZ,锦龙股份,10.42,2.2571148184494647,10.33,10.35,1.37389598,10.36,1.53154135,20000104,518/870,10.22,2.86612782,20001206,10.35,10.36,10.22,10.33,1.373895,7608112,33,000712,20260401
000912.SZ,泸天化,4.87,-7.414448669201516,5.16,5.29,-1.33843212,5.34,1.5086633,20000104,519/870,5.13,3.13539723,20001204,5.29,5.34,5.13,5.16,4.015296,5.5984048E7,33,000912,20260401
600833.SH,第一医药,12.35,4.219409282700422,12.15,12.17,0.99750623,12.18,1.50071429,20000128,520/870,12.01,2.51785714,20000110,12.17,12.18,12.01,12.15,1.413133,2657000,17,600833,20260401
600217.SH,中再资环,3.78,-1.3054830287206336,3.82,3.84,0.26246719,3.87,1.49036322,20000104,521/870,3.79,3.81373279,20001214,3.84,3.87,3.79,3.82,2.099737,1.1064799E7,17,600217,20260401
600851.SH,海欣股份,8.33,-0.5966587112171922,8.62,7.89,9.94897959,8.62,1.48878451,20000106,522/870,7.89,2.86294276,20001208,7.89,8.62,7.89,8.62,9.311224,1.7513233E7,17,600851,20260401
000949.SZ,新乡化纤,8.08,3.0612244897959213,6.69,6.66,2.13740458,6.83,1.48048986,20000118,523/870,6.63,4.11156525,20001206,6.66,6.83,6.63,6.69,3.053435,5.5988828E7,33,000949,20260401
600783.SH,鲁信创投,21.73,4.722891566265062,20.7,21.27,-1.75605126,21.55,1.45637405,20000117,524/870,20.48,2.88385496,20001205,21.27,21.55,20.48,20.7,5.07831,1.43941E7,17,600783,20260401
000597.SZ,东北制药,4.93,-0.6048387096774244,5.51,5.37,3.37711069,5.52,1.45507946,20000104,525/870,5.3,2.96865728,20001204,5.37,5.52,5.3,5.51,4.127579,3.8024872E7,33,000597,20260401
000652.SZ,泰达股份,4.29,-0.6944444444444502,3.99,4.02,0,4.06,1.43106926,20000117,526/870,3.96,1.85733595,20001229,4.02,4.06,3.96,3.99,2.506265,1.014708E7,33,000652,20260401
000589.SZ,贵州轮胎,5.03,-1.3725490196078314,4.71,4.73,0.64102564,4.77,1.42771242,20000124,527/870,4.68,4.27147813,20001222,4.73,4.77,4.68,4.71,1.923076,2.359856E7,33,000589,20260401
000545.SZ,金浦钛业,3.02,-0.33003300330032304,3.2,3.25,1.26582278,3.3,1.40348806,20000121,528/870,3.17,3.42327144,20001204,3.25,3.3,3.17,3.2,4.113924,5.4178056E7,33,000545,20260401
000729.SZ,燕京啤酒,13.3,0.6813020439061306,12.92,13.26,-1.3740458,13.28,1.40313123,20001225,529/870,12.86,2.05526126,20000127,13.26,13.28,12.86,12.92,3.206106,2.2412967E7,33,000729,20260401
000868.SZ,安凯客车,4.46,-0.6681514476614755,4.61,4.63,0,4.68,1.39561956,20000128,530/870,4.56,2.57803714,20001205,4.63,4.68,4.56,4.61,2.603036,1.1501902E7,33,000868,20260401
600221.SH,海航控股,1.51,4.861111111111116,1.47,1.47,1.37931034,1.49,1.38830237,20000125,531/870,1.45,3.04007068,20001205,1.47,1.49,1.45,1.47,2.75862,3.64420102E8,17,600221,20260401
000558.SZ,天府文旅,4.25,1.9184652278177476,4.63,4.65,0.21645022,4.67,1.37589107,20000126,532/870,4.51,3.88133769,20001201,4.65,4.67,4.51,4.63,3.463203,2.9313147E7,33,000558,20260401
000592.SZ,平潭发展,10.76,1.127819548872173,12.02,12.72,-5.94679186,12.72,1.36686391,20000125,533/870,11.9,3.23964497,20001204,12.72,12.72,11.9,12.02,6.416275,4.92211336E8,33,000592,20260401
000959.SZ,首钢股份,4.56,-2.7718550106609974,4.67,4.67,,4.67,1.35987419,20000117,534/870,4.67,6.75503548,20001229,4.67,4.67,4.67,4.67,,,33,000959,20260401
000715.SZ,中兴商业,5.99,-4.006410256410256,5.86,5.91,0.34246575,5.95,1.35282921,20000104,535/870,5.78,2.96576692,20001204,5.91,5.95,5.78,5.86,2.910958,8183139,33,000715,20260401
600815.SH,厦工股份,4.41,-0.4514672686230152,3.79,4.07,-5.25,4.19,1.34129831,20000128,536/870,3.72,2.99866029,20001229,4.07,4.19,3.72,3.79,11.75,1.65199634E8,17,600815,20260401
000818.SZ,航锦科技,15.32,-0.6485084306095956,21.23,21.43,0.90304183,21.68,1.33873529,20000128,537/870,21.01,3.19535294,20001226,21.43,21.68,21.01,21.23,3.18441,2.3324326E7,33,000818,20260401
000768.SZ,中航西飞,23.5,0.0,24.71,24.98,0.2027575,25.06,1.31886364,20001225,538/870,24.58,2.26431818,20000128,24.98,25.06,24.58,24.71,1.946472,1.9712148E7,33,000768,20260401
600869.SH,远东股份,16.99,-2.356321839080461,13.9,13.8,3.115727,14.16,1.30825,20000117,539/870,13.65,2.94991667,20001226,13.8,14.16,13.65,13.9,3.783382,6.3598183E7,17,600869,20260401
000563.SZ,陕国投A,3.26,-0.3058103975535239,3.43,3.43,1.179941,3.46,1.30541446,20000118,540/870,3.42,1.76532492,20001206,3.37,3.4,3.36,3.37,1.179941,4.837027E7,33,000563,20260401
000554.SZ,泰山石油,8.19,1.2360939431396742,8.16,8.24,-0.97087379,8.34,1.30234146,20000117,541/870,8.13,8.61941463,20001214,8.24,8.34,8.13,8.16,2.548543,2.7946496E7,33,000554,20260401
000411.SZ,英特集团,10.6,-0.18832391713747246,11.14,10.95,2.67281106,11.16,1.29833556,20000124,542/870,10.84,4.77417468,20001206,10.95,11.16,10.84,11.14,2.949308,4592741,33,000411,20260401
600895.SH,张江高科,36.62,4.4197319646421365,35.54,34.9,4.37591777,35.66,1.29255357,20000104,543/870,34.6,2.51033107,20001221,34.9,35.66,34.6,35.54,3.113069,2.6166912E7,17,600895,20260401
600057.SH,厦门象屿,7.23,-0.8230452674897065,8.08,8.12,0,8.25,1.29118452,20001229,544/870,8,3.41997998,20000111,8.12,8.25,8,8.08,3.094059,1.9648081E7,17,600057,20260401
600785.SH,新华百货,17.36,-1.8654607122668276,17.27,17.17,1.8879056,17.4,1.28743895,20000104,545/870,17,4.96570513,20001226,17.17,17.4,17,17.27,2.359882,4006900,17,600785,20260401
000677.SZ,恒天海龙,,,5.08,5.08,-1.74081238,5.17,1.2858871,20000124,546/870,4.98,2.16252926,20001228,5.08,5.17,4.98,5.08,3.675048,8.5898901E7,33,000677,20260401
600626.SH,申达股份,3.92,-0.2544529262086573,4.0,4.02,0.75566751,4.04,1.28132452,20000104,547/870,3.95,2.50635205,20001208,4.02,4.04,3.95,4.0,2.267002,1.17515E7,17,600626,20260401
600868.SH,梅雁吉祥,3.41,1.1869436201780426,3.69,3.83,-0.80645161,3.84,1.27248648,20000104,548/870,3.67,1.7418118,20001205,3.83,3.84,3.67,3.69,4.569892,8.4571626E7,17,600868,20260401
000426.SZ,兴业银锡,42.38,-2.2150438394093235,41.55,41.9,3.30681253,41.9,1.26816772,20000124,549/870,40.57,2.16627877,20001228,41.9,41.9,40.57,41.55,3.306812,6.6822194E7,33,000426,20260401
600826.SH,兰生股份,9.57,-3.722334004024137,9.92,9.77,2.58531541,9.93,1.24904762,20000104,550/870,9.73,3.17761905,20001227,9.77,9.93,9.73,9.92,2.068252,4897900,17,600826,20260401
600879.SH,航天电子,23.97,3.9011703511053253,21.75,22.65,-2.20323741,22.66,1.24837701,20000106,551/870,21.52,1.9888636,20001201,22.65,22.66,21.52,21.75,5.125899,1.53834594E8,17,600879,20260401
000560.SZ,我爱我家,2.97,1.0204081632653146,2.94,2.95,1.03092784,2.97,1.24057287,20000114,552/870,2.9,2.77027229,20001204,2.95,2.97,2.9,2.94,2.405498,8.1641353E7,33,000560,20260401
600866.SH,星湖科技,5.82,-7.32484076433121,7.3,7.22,2.38429173,7.32,1.23299474,20000104,553/870,7.21,4.7832906,20001229,7.22,7.32,7.21,7.3,1.542776,2.0165124E7,17,600866,20260401
000852.SZ,石化机械,7.27,0.832177531206652,6.98,6.99,1.15942029,7.03,1.22341245,20000117,554/870,6.92,2.84445868,20001225,6.99,7.03,6.92,6.98,1.594202,1.2708078E7,33,000852,20260401
600676.SH,交运股份,8.18,0.0,7.6,7.6,1.60427807,7.68,1.21835129,20000124,555/870,7.48,2.32326892,20001229,7.6,7.68,7.48,7.6,2.673796,9901100,17,600676,20260401
600307.SH,酒钢宏兴,1.77,-1.117318435754191,1.98,2.04,-1.49253731,2.05,1.21709596,20001225,556/870,1.95,1.4980303,20001220,2.04,2.05,1.95,1.98,4.975124,1.69856989E8,17,600307,20260401
600108.SH,亚盛集团,4.34,0.9302325581395358,4.64,4.67,1.97802198,4.69,1.2020456,20000104,557/870,4.5,2.4040297,20001205,4.67,4.69,4.5,4.64,4.175824,1.22275116E8,17,600108,20260401
600732.SH,爱旭股份,15.38,4.483695652173914,14.47,14.28,3.28336902,14.61,1.19597406,20000104,558/870,13.93,5.80333083,20001227,14.28,14.61,13.93,14.47,4.853675,5.9052166E7,17,600732,20260401
600787.SH,中储股份,5.27,-1.4953271028037398,5.57,5.61,1.08892922,5.63,1.19535929,20000106,559/870,5.51,1.66879805,20000125,5.61,5.63,5.51,5.57,2.177858,2.89292E7,17,600787,20260401
600682.SH,南京新百,6.77,-1.0233918128655013,7.1,6.99,2.45310245,7.1,1.188697,20000104,560/870,6.85,1.85413602,20001205,6.99,7.1,6.85,7.1,3.607503,2.6176732E7,17,600682,20260401
000601.SZ,韶能股份,6.57,-2.232142857142849,6.86,6.93,0.1459854,7.05,1.18324519,20000104,561/870,6.73,3.22302843,20001226,6.93,7.05,6.73,6.86,4.671532,1.37695686E8,33,000601,20260401
600366.SH,宁波韵升,13.27,-0.9701492537313491,12.02,11.94,2.29787234,12.09,1.17436588,20001212,562/870,11.79,1.44000717,20001229,11.94,12.09,11.79,12.02,2.553191,1.9960425E7,17,600366,20260401
000932.SZ,华菱钢铁,4.64,-5.882352941176472,5.11,5.14,0.78895464,5.18,1.16571429,20000117,563/870,5.08,3.30857143,20001204,5.14,5.18,5.08,5.11,1.972386,6.0688238E7,33,000932,20260401
600610.SH,中毅达,9.29,0.10775862068965289,9.13,9.1,1.3318535,9.18,1.16538462,20000125,564/870,9.05,2.88461538,20001226,9.1,9.18,9.05,9.13,1.442841,1.4969346E7,17,600610,20260401
000530.SZ,冰山冷热,5.91,0.3395585738539977,6.06,6.09,1.16861436,6.12,1.1610689,20000104,565/870,5.98,2.91564766,20001228,6.09,6.12,5.98,6.06,2.337228,1.0146195E7,33,000530,20260401
600611.SH,大众交通,4.53,-3.4115138592750562,4.85,4.84,1.67714885,4.86,1.15232816,20000126,566/870,4.79,2.01336014,20001226,4.84,4.86,4.79,4.85,1.467505,1.56726E7,17,600611,20260401
600760.SH,中航沈飞,46.97,-0.4451038575667674,49.02,49.62,-0.16293279,49.7,1.15136578,20000124,567/870,48.6,2.39940345,20001221,49.62,49.7,48.6,49.02,2.240325,1.4644616E7,17,600760,20260401
600685.SH,中船防务,32.15,-0.648949320148334,28.68,28.99,0.34989503,29.2,1.14856875,20000104,568/870,28.57,3.08678801,20001227,28.99,29.2,28.57,28.68,2.204338,1.0840067E7,17,600685,20260401
600697.SH,欧亚集团,12.55,2.19869706840392,12.08,12.22,0.16583748,12.25,1.14159763,20000114,569/870,11.97,2.94633136,20001225,12.22,12.25,11.97,12.08,2.321724,3833900,17,600697,20260401
600110.SH,诺德股份,10.75,-2.18380345768881,9.08,9.25,-1.51843818,9.83,1.12075318,20000119,570/870,9.01,2.31676071,20001226,9.25,9.83,9.01,9.08,8.893709,3.36772089E8,17,600110,20260401
600748.SH,上实发展,5.3,-3.1078610603290664,5.1,5.22,0,5.23,1.11102531,20000104,571/870,5.05,2.93906202,20001205,5.22,5.23,5.05,5.1,3.529411,2.3067391E7,17,600748,20260401
600098.SH,广州发展,7.11,-1.795580110497236,7.11,7.19,-0.42016807,7.23,1.10887019,20000104,572/870,7.01,4.2915625,20001229,7.19,7.23,7.01,7.11,3.081232,5.1139833E7,17,600098,20260401
000061.SZ,农产品,7.38,-0.9395973154362454,7.43,7.48,0.67750678,7.52,1.10324358,20000104,573/870,7.38,1.93513379,20001205,7.48,7.52,7.38,7.43,1.897018,1.524035E7,33,000061,20260401
000883.SZ,湖北能源,4.86,-0.2053388090349032,4.76,4.85,-0.41841004,4.85,1.10078772,20000124,574/870,4.73,2.59729759,20001225,4.85,4.85,4.73,4.76,2.51046,4.7112195E7,33,000883,20260401
600666.SH,奥瑞德,5.24,-5.585585585585579,6.27,5.92,10,6.27,1.0986015,20000124,575/870,5.8,2.14130124,20001229,5.92,6.27,5.8,6.27,8.245614,2.64323623E8,17,600666,20260401
600853.SH,龙建股份,3.96,-0.25188916876574885,3.99,4.02,-0.25,4.05,1.0868109,20000128,576/870,3.95,3.32639423,20001205,4.02,4.05,3.95,3.99,2.5,1.4788972E7,17,600853,20260401
600280.SH,中央商场,3.18,2.2508038585209094,3.23,3.26,0,3.28,1.08680962,20001201,577/870,3.17,1.37876464,20001221,3.26,3.28,3.17,3.23,3.405572,1.49433E7,17,600280,20260401
000686.SZ,东北证券,8.67,0.5800464037123053,8.14,8.15,0.99255583,8.17,1.06218803,20000104,578/870,8.1,1.71808829,20001225,8.15,8.17,8.1,8.14,0.868486,1.1007053E7,33,000686,20260401
600789.SH,鲁抗医药,8.14,-0.24509803921568105,8.5,8.38,2.40963855,8.52,1.05878653,20000104,579/870,8.3,2.32043146,20001211,8.38,8.52,8.3,8.5,2.650602,1.8935412E7,17,600789,20260401
600667.SH,太极实业,9.59,-0.41536863966771465,9.17,9.3,2.57270694,9.44,1.05245,20000124,580/870,9.1,2.20937308,20001204,9.3,9.44,9.1,9.17,3.803131,1.51622688E8,17,600667,20260401
600711.SH,盛屯矿业,13.76,-1.220387652548456,13.54,13.89,6.86661405,13.89,1.04037882,20000117,581/870,13.3,2.63202175,20001205,13.89,13.89,13.3,13.54,4.656669,2.07638151E8,17,600711,20260401
000898.SZ,鞍钢股份,2.29,-1.716738197424894,2.38,2.4,0.42194093,2.42,1.03824918,20000124,582/870,2.37,1.91088474,20001204,2.4,2.42,2.37,2.38,2.109704,3.9821479E7,33,000898,20260401
600622.SH,光大嘉宝,2.67,2.2988505747126458,2.56,2.59,0,2.59,1.00937033,20000104,583/870,2.55,2.57234081,20001225,2.59,2.59,2.55,2.56,1.5625,1.5840926E7,17,600622,20260401
000014.SZ,沙河股份,13.2,0.0,13.99,14.5,-1.61744023,14.62,0.99802231,20000124,584/870,13.83,5.13042243,20001201,14.5,14.62,13.83,13.99,5.555555,1.5909381E7,33,000014,20260401
600740.SH,山西焦化,4.3,-2.050113895216398,4.35,4.34,0.23041475,4.39,0.99437625,20000124,585/870,4.25,2.29825216,20001229,4.34,4.39,4.25,4.35,3.225806,5.413502E7,17,600740,20260401
600668.SH,尖峰集团,10.96,-1.8800358102059005,10.55,10.45,1.93236715,10.56,0.98943279,20000104,586/870,10.32,3.17474747,20001227,10.45,10.56,10.32,10.55,2.31884,3757060,17,600668,20260401
000838.SZ,*ST发展,1.95,4.838709677419347,2.19,2.2,2.3364486,2.2,0.98653846,20000113,587/870,2.15,1.96456044,20001205,2.2,2.2,2.15,2.19,2.336448,2.06081E7,33,000838,20260401
600713.SH,南京医药,5.28,-2.9411764705882377,5.41,5.3,2.46212121,5.42,0.97311508,20000104,588/870,5.26,2.56537698,20001214,5.3,5.42,5.26,5.41,3.030303,1.7947575E7,17,600713,20260401
000913.SZ,钱江摩托,13.5,-0.9537784299339749,15.85,16.51,-4.9190162,16.51,0.97007576,20000104,589/870,15.61,3.7090035,20001204,16.51,16.51,15.61,15.85,5.39892,3.5433545E7,33,000913,20260401
600246.SH,万通发展,11.28,10.048780487804873,9.5,10.07,-3.84615385,10.07,0.96796992,20001211,590/870,9.36,1.25827903,20001226,10.07,10.07,9.36,9.5,7.186234,7.1228625E7,17,600246,20260401
600606.SH,绿地控股,1.57,6.80272108843538,1.52,1.54,0,1.54,0.96560206,20000105,591/870,1.51,3.91347754,20001205,1.54,1.54,1.51,1.52,1.973684,5.6207587E7,17,600606,20260401
600683.SH,京投发展,14.5,5.762217359591532,9.62,9.74,-1.43442623,9.85,0.9621746,20000128,592/870,9.36,3.54153968,20001214,9.74,9.85,9.36,9.62,5.020491,2.9498959E7,17,600683,20260401
600881.SH,亚泰集团,1.56,-1.2658227848101276,1.66,1.67,0.60606061,1.68,0.95518832,20000117,593/870,1.63,1.55253968,20001208,1.67,1.68,1.63,1.66,3.030303,3.4378455E7,17,600881,20260401
000957.SZ,中通客车,11.93,-0.9958506224066472,11.28,11.56,-2.08333333,11.65,0.94121368,20000114,594/870,11.21,4.34292308,20001201,11.56,11.65,11.21,11.28,3.819444,3.2048836E7,33,000957,20260401
000031.SZ,大悦城,3.06,3.0303030303030254,2.95,2.96,1.37457045,2.96,0.93289581,20000124,595/870,2.9,2.10912698,20001215,2.96,2.96,2.9,2.95,2.061855,1.22146E7,33,000031,20260401
600880.SH,博瑞传播,5.13,0.39138943248531455,4.88,4.9,1.03519669,4.94,0.92568122,20000104,596/870,4.83,1.9757106,20001201,4.9,4.94,4.83,4.88,2.277432,1.51774E7,17,600880,20260401
600169.SH,ST太重,2.39,-0.4166666666666578,2.45,2.45,0,2.47,0.91895259,20000124,597/870,2.43,1.39932018,20001229,2.45,2.47,2.43,2.45,1.632653,2.3599805E7,22,600169,20260401
600628.SH,新世界,7.2,1.4084507042253598,7.3,7.29,1.38888889,7.34,0.91396505,20000104,598/870,7.2,2.45097533,20001208,7.29,7.34,7.2,7.3,1.944444,8953700,17,600628,20260401
600893.SH,航发动力,46.25,1.7377914650241952,49.04,48.92,2.03911777,49.29,0.90902381,20000128,599/870,48.22,3.41378571,20001204,48.92,49.29,48.22,49.04,2.226383,2.9089338E7,17,600893,20260401
000422.SZ,湖北宜化,16.9,-1.0538641686182655,16.3,16.62,-0.85158151,16.73,0.88849469,20000104,600/870,16.26,1.30599616,20001205,16.62,16.73,16.26,16.3,2.85888,4.1025213E7,33,000422,20260401
000999.SZ,华润三九,25.91,-0.5755947812739777,28.41,28.12,1.68217609,28.43,0.87494457,20001225,601/870,27.96,1.76426918,20001201,28.12,28.43,27.96,28.41,1.682176,1.5228823E7,33,000999,20260401
000997.SZ,新大陆,19.89,-0.8474576271186349,20.3,20.4,0.99502488,20.49,0.8638527,20001211,602/870,20.22,1.22777642,20001221,20.4,20.49,20.22,20.3,1.343283,1.1550699E7,33,000997,20260401
000517.SZ,荣安地产,2.02,1.0000000000000009,1.93,1.98,-1.02564103,1.99,0.86022386,20000104,603/870,1.9,3.33161316,20001201,1.98,1.99,1.9,1.93,4.615384,3.2118674E7,33,000517,20260401
600884.SH,杉杉股份,16.65,-1.4792899408284026,13.41,13.48,1.0550113,13.58,0.85913753,20000104,604/870,13.21,1.25138896,20001205,13.48,13.58,13.21,13.41,2.788244,4.3877611E7,17,600884,20260401
600211.SH,西藏药业,40.46,-1.772274823986397,42.65,40.58,5.10103499,42.67,0.84994381,20000106,605/870,40.58,3.43940148,20001205,40.58,42.67,40.58,42.65,5.15032,6337259,17,600211,20260401
600814.SH,杭州解百,7.77,1.3037809647979093,7.77,7.75,1.04031209,7.78,0.84653488,20000104,606/870,7.68,3.91630233,20001227,7.75,7.78,7.68,7.77,1.30039,6948600,17,600814,20260401
000902.SZ,新洋丰,15.24,-2.9299363057324785,15.85,15.89,1.08418367,15.94,0.84642857,20000104,607/870,15.75,3.1744709,20000128,15.89,15.94,15.75,15.85,1.211734,7682581,33,000902,20260401
600810.SH,神马股份,7.64,0.9247027741083144,8.03,7.8,4.28571429,8.1,0.83213182,20000124,608/870,7.77,3.46283445,20001227,7.8,8.1,7.77,8.03,4.285714,2.1084121E7,17,600810,20260401
600639.SH,浦东金桥,10.32,-5.839416058394165,11.04,11.02,0.54644809,11.07,0.830771,20000124,609/870,10.9,3.50565406,20001205,11.02,11.07,10.9,11.04,1.548269,8898100,17,600639,20260401
600777.SH,*ST新潮,6.01,0.8389261744966413,5.19,5.16,-1.33079848,5.34,0.82569947,20000104,610/870,5.13,1.4618662,20001201,5.16,5.34,5.13,5.19,3.992395,3.9995557E7,22,600777,20260401
600157.SH,永泰能源,1.77,-1.117318435754191,1.81,1.82,0.55555556,1.84,0.81555592,20001218,611/870,1.79,1.15842725,20000126,1.82,1.84,1.79,1.81,2.777777,5.89003788E8,17,600157,20260401
000728.SZ,国元证券,7.35,-0.13586956521740046,7.73,7.75,0.78226858,7.8,0.81145299,20000104,612/870,7.69,3.84564103,20001204,7.75,7.8,7.69,7.73,1.434159,1.9498101E7,33,000728,20260401
600219.SH,南山铝业,5.37,-0.739371534195934,6.17,6.23,0.65252855,6.26,0.80744615,20000104,613/870,6.06,1.75206154,20001213,6.23,6.26,6.06,6.17,3.262642,2.23033224E8,17,600219,20260401
000639.SZ,ST西王,2.03,-5.140186915887865,2.5,2.75,-7.06319703,2.79,0.79814233,20000104,614/870,2.47,2.2881999,20001222,2.75,2.79,2.47,2.5,11.89591,1.60929839E8,33,000639,20260401
600308.SH,华泰股份,3.89,-2.749999999999997,3.83,3.84,1.32275132,3.86,0.79439877,20001201,615/870,3.79,1.00107866,20001227,3.84,3.86,3.79,3.83,1.851851,1.2702732E7,17,600308,20260401
600231.SH,凌钢股份,2.17,-3.555555555555559,2.07,2.08,0.48543689,2.1,0.79413916,20001218,616/870,2.05,0.9678871,20001208,2.08,2.1,2.05,2.07,2.427184,1.7165697E7,17,600231,20260401
000009.SZ,中国宝安,8.65,-6.788793103448266,8.82,8.93,0.11350738,8.96,0.78161132,20000125,617/870,8.76,2.08224912,20001206,8.93,8.96,8.76,8.82,2.270147,1.9988945E7,33,000009,20260401
600737.SH,中粮糖业,15.05,1.5519568151147127,14.2,14.16,0.56657224,14.3,0.77568498,20000114,618/870,14.06,8.3237619,20001201,14.16,14.3,14.06,14.2,1.699716,1.5783505E7,17,600737,20260401
600865.SH,百大集团,11.51,2.5846702317290475,11.3,11.21,0.80285459,11.43,0.77398305,20000104,619/870,11.12,4.71437764,20001225,11.21,11.43,11.12,11.3,2.765388,5290100,17,600865,20260401
000829.SZ,天音控股,11.7,2.0052310374890903,10.35,10.55,-0.28901734,10.58,0.76558591,20000117,620/870,10.26,1.71969577,20001206,10.55,10.58,10.26,10.35,3.082851,1.8100537E7,33,000829,20260401
000539.SZ,粤电力A,6.53,-6.71428571428571,5.85,5.98,-0.67911715,6.06,0.76532774,20000117,621/870,5.77,5.87347023,20001201,5.98,6.06,5.77,5.85,4.923599,1.33439061E8,33,000539,20260401
600725.SH,云维股份,4.23,0.7142857142857202,4.52,4.48,2.03160271,4.67,0.75983196,20000124,622/870,4.47,1.72691015,20001205,4.48,4.67,4.47,4.52,4.514672,2.2952959E7,17,600725,20260401
600226.SH,亨通股份,5.4,2.857142857142864,4.77,4.71,2.80172414,4.79,0.75005492,20000104,623/870,4.68,1.91044443,20001229,4.71,4.79,4.68,4.77,2.370689,4.1514994E7,17,600226,20260401
000680.SZ,山推股份,11.91,0.761421319796953,11.68,11.99,0.51635112,12.16,0.74357731,20000104,624/870,11.58,2.30162574,20001201,11.99,12.16,11.58,11.68,4.991394,2.5570725E7,33,000680,20260401
600693.SH,东百集团,11.35,-1.3043478260869596,11.13,11.52,-1.59151194,11.56,0.74101399,20000124,625/870,10.98,1.91234266,20001208,11.52,11.56,10.98,11.13,5.128205,3.24109E7,17,600693,20260401
600635.SH,大众公用,5.29,-3.6429872495446296,5.57,5.59,0.17985612,5.63,0.73113097,20000104,626/870,5.55,1.81742096,20001213,5.59,5.63,5.55,5.57,1.438848,3.1855327E7,17,600635,20260401
600236.SH,桂冠电力,10.09,0.7992007992007999,9.69,9.45,2.53968254,9.83,0.72686813,20001211,627/870,9.36,0.95983516,20001225,9.45,9.83,9.36,9.69,4.973544,2.800261E7,17,600236,20260401
600239.SH,ST云城,1.93,-4.9261083743842295,2.14,2.19,-0.46511628,2.19,0.71959863,20000104,628/870,2.12,1.80584909,20001227,2.19,2.19,2.12,2.14,3.255813,1.9508956E7,22,600239,20260401
000536.SZ,华映科技,3.94,-1.253132832080207,4.26,4.31,1.42857143,4.33,0.71451149,20000128,629/870,4.22,2.3466954,20001206,4.31,4.33,4.22,4.26,2.619047,2.9220815E7,33,000536,20260401
000552.SZ,甘肃能化,2.88,-1.7064846416382342,2.75,2.66,4.16666667,2.85,0.7095001,20000113,630/870,2.63,3.1470001,20001228,2.66,2.85,2.63,2.75,8.333333,1.39636001E8,33,000552,20260401
600126.SH,杭钢股份,8.74,-3.638368246968027,8.78,8.72,2.57009346,8.98,0.69603309,20000105,631/870,8.62,3.00566655,20001205,8.72,8.98,8.62,8.78,4.205607,1.03597347E8,17,600126,20260401
600684.SH,珠江股份,4.47,-2.826086956521737,5.15,5.08,2.58964143,5.17,0.68775891,20000124,632/870,5.01,1.2963329,20001225,5.08,5.17,5.01,5.15,3.18725,3.0543496E7,17,600684,20260401
600681.SH,百川能源,4.06,-0.49019607843138385,4.38,4.41,-0.90497738,4.44,0.68721088,20000104,633/870,4.35,5.69401361,20000127,4.41,4.44,4.35,4.38,2.036199,4.9613478E7,17,600681,20260401
000629.SZ,钒钛股份,3.64,-1.3550135501354965,3.39,3.4,1.8018018,3.42,0.68555556,20000125,634/870,3.36,1.40160494,20001206,3.4,3.42,3.36,3.39,1.801801,9.1833692E7,33,000629,20260401
000026.SZ,飞亚达,18.13,0.2211166390270821,14.07,14.1,1.07758621,14.15,0.68089086,20000119,635/870,13.9,5.21742303,20001206,14.1,14.15,13.9,14.07,1.795977,2417700,33,000026,20260401
600724.SH,宁波富达,6.97,0.14367816091953717,6.66,6.23,10.08264463,6.66,0.65919525,20000104,636/870,6.23,5.73447205,20001214,6.23,6.66,6.23,6.66,7.107438,4.0510812E7,17,600724,20260401
000030.SZ,富奥股份,5.09,-0.19607843137254485,5.2,5.44,-6.47482014,5.46,0.64666667,20000104,637/870,5.17,5.90857143,20001213,5.44,5.46,5.17,5.2,5.215827,8.5746826E7,33,000030,20260401
000717.SZ,中南股份,2.48,-0.40160642570282046,2.49,2.52,0,2.54,0.64108262,20000112,638/870,2.48,1.84407407,20001204,2.52,2.54,2.48,2.49,2.409638,2.62062E7,33,000717,20260401
600161.SH,天坛生物,14.26,-1.3148788927335606,15.37,15.17,1.72071476,15.38,0.63442385,20000114,639/870,15.09,1.40513125,20001229,15.17,15.38,15.09,15.37,1.919258,9228057,17,600161,20260401
600738.SH,丽尚国潮,4.8,-0.41493775933610916,4.8,4.87,-0.41493776,4.88,0.63423561,20000104,640/870,4.77,5.54399075,20001221,4.87,4.88,4.77,4.8,2.282157,8628900,17,600738,20260401
000683.SZ,博源化工,8.96,-1.5384615384615252,8.5,8.51,1.07015458,8.64,0.61917379,20000128,641/870,8.42,1.51660969,20001225,8.51,8.64,8.42,8.5,2.615933,2.178918E7,33,000683,20260401
000488.SZ,ST晨鸣,2.57,-1.9083969465648956,2.79,2.79,0.35971223,2.83,0.6173748,20001225,642/870,2.76,0.98792332,20001205,2.79,2.83,2.76,2.79,2.517985,2.48082E7,33,000488,20260401
600803.SH,新奥股份,20.26,-5.282842449742866,21.92,22.1,-1.17222723,22.4,0.6121,20000117,643/870,21.85,2.5641,20001205,22.1,22.4,21.85,21.92,2.479711,1.3585151E7,17,600803,20260401
000888.SZ,峨眉山A,11.85,-0.4201680672268967,13.09,12.9,3.15208826,13.15,0.61124281,20000104,644/870,12.73,1.64724385,20001225,12.9,13.15,12.73,13.09,3.309692,1.2282514E7,33,000888,20260401
000906.SZ,浙商中拓,6.34,0.4754358161648217,5.82,5.84,0.69204152,5.85,0.60971224,20000124,645/870,5.76,2.85861333,20001220,5.84,5.85,5.76,5.82,1.557093,4823797,33,000906,20260401
600116.SH,三峡水利,6.58,-0.3030303030302966,6.81,6.8,1.64179104,6.88,0.60268939,20000125,646/870,6.7,2.04,20001206,6.8,6.88,6.7,6.81,2.686567,2.8782169E7,17,600116,20260401
600422.SH,昆药集团,9.5,0.0,11.62,11.47,1.92982456,11.66,0.59391827,20001211,647/870,11.39,1.10713942,20001206,11.47,11.66,11.39,11.62,2.368421,7587600,17,600422,20260401
000566.SZ,海南海药,5.0,0.8064516129032265,5.61,5.49,3.125,5.63,0.59076923,20000125,648/870,5.38,1.78692308,20001208,5.49,5.63,5.38,5.61,4.595588,5.0174191E7,33,000566,20260401
000516.SZ,国际医学,4.6,-0.8620689655172422,5.18,5.12,1.96850394,5.22,0.58586628,20000105,649/870,5.07,0.90368302,20001208,5.12,5.22,5.07,5.18,2.952755,7.4737072E7,33,000516,20260401
600106.SH,重庆路桥,5.94,-1.1647254575707056,5.5,5.46,1.66358595,5.51,0.57117758,20000104,650/870,5.45,1.31150451,20001201,5.46,5.51,5.45,5.5,1.109057,7795872,17,600106,20260401
600794.SH,保税科技,3.58,0.0,3.71,3.74,0.54200542,3.76,0.54815801,20000104,651/870,3.68,1.1988237,20001225,3.74,3.76,3.68,3.71,2.168021,1.0764E7,17,600794,20260401
600824.SH,益民集团,4.1,0.4901960784313621,4.04,4.04,0.74812968,4.07,0.52830209,20000104,652/870,4,1.1424315,20001208,4.04,4.07,4,4.04,1.745635,7718956,17,600824,20260401
000501.SZ,武商集团,8.38,-0.11918951132300103,8.6,8.67,0.35005834,8.68,0.52076923,20000104,653/870,8.5,3.17603989,20001205,8.67,8.68,8.5,8.6,2.10035,4891400,33,000501,20260401
000631.SZ,顺发恒能,3.21,-0.31055900621118726,3.95,4.54,-7.4941452,4.54,0.51996952,20000127,654/870,3.84,3.57068629,20001205,4.54,4.54,3.84,3.95,16.393442,2.12648329E8,33,000631,20260401
000591.SZ,太阳能,4.99,-2.9182879377431803,5.56,5.6,1.45985401,5.63,0.51882624,20000117,655/870,5.5,1.38780275,20001227,5.6,5.63,5.5,5.56,2.372262,8.4445044E7,33,000591,20260401
000761.SZ,本钢板材,2.95,-2.6402640264026283,3.27,3.28,0.61538462,3.32,0.51060284,20000124,656/870,3.26,3.57776701,20001205,3.28,3.32,3.26,3.27,1.846153,1.05509E7,33,000761,20260401
600827.SH,百联股份,8.27,0.36407766990290485,8.55,8.55,0.70671378,8.56,0.49870208,20000104,657/870,8.47,5.03309245,20001208,8.55,8.56,8.47,8.55,1.06007,7244525,17,600827,20260401
600662.SH,外服控股,5.07,0.0,5.14,5.11,2.18687873,5.16,0.49305793,20000104,658/870,5.09,2.73358284,20001207,5.11,5.16,5.09,5.14,1.39165,1.4526549E7,17,600662,20260401
600323.SH,瀚蓝环境,32.01,-1.4166923313828175,29.5,29.69,0.54533061,29.79,0.4814477,20001225,659/870,29.18,1.55927842,20001228,29.69,29.79,29.18,29.5,2.079072,5106500,17,600323,20260401
600790.SH,轻纺城,4.2,2.1897810218978067,3.82,3.78,1.86666667,3.89,0.46255552,20000117,660/870,3.75,1.52138512,20001222,3.78,3.89,3.75,3.82,3.733333,1.18092E7,17,600790,20260401
000011.SZ,深物业A,8.07,0.0,8.58,8.66,-0.11641444,8.75,0.4609516,20000124,661/870,8.51,4.74479725,20001205,8.66,8.75,8.51,8.58,2.793946,4913792,33,000011,20260401
600055.SH,万东医疗,14.45,-4.050464807436927,14.9,14.89,1.08548168,14.95,0.44885455,20000104,662/870,14.77,2.61546813,20001222,14.89,14.95,14.77,14.9,1.221166,2752400,17,600055,20260401
000637.SZ,茂化实华,4.82,1.9027484143763183,4.6,4.66,0.21786492,4.67,0.44715615,20000104,663/870,4.56,3.65798888,20001229,4.66,4.67,4.56,4.6,2.396514,1.2304153E7,33,000637,20260401
000887.SZ,中鼎股份,17.4,-0.5714285714285795,18.39,18.3,2.39420935,18.44,0.44312308,20000104,664/870,18.2,1.43203374,20001201,18.3,18.44,18.2,18.39,1.336302,1.5180424E7,33,000887,20260401
600888.SH,新疆众和,8.62,-1.7103762827822162,8.06,8.13,0.87609512,8.16,0.43163643,20000104,665/870,8,1.85402561,20001227,8.13,8.16,8,8.06,2.002503,3.1035066E7,17,600888,20260401
000598.SZ,兴蓉环境,6.9,-1.0043041606886571,6.84,6.87,0.29325513,6.88,0.41673771,20000104,666/870,6.79,0.64816688,20001204,6.87,6.88,6.79,6.84,1.319648,1.7141365E7,33,000598,20260401
600739.SH,辽宁成大,11.9,0.0,11.47,11.38,2.04626335,11.49,0.4136978,20000104,667/870,11.2,2.10064298,20001205,11.38,11.49,11.2,11.47,2.580071,1.3669288E7,17,600739,20260401
600063.SH,皖维高新,7.04,-1.8131101813110166,6.84,6.86,1.48367953,6.93,0.40954906,20000104,668/870,6.79,1.10122475,20001221,6.86,6.93,6.79,6.84,2.077151,2.8177173E7,17,600063,20260401
000719.SZ,中原传媒,13.42,-1.9722425127830503,13.19,13.4,-0.90157776,13.53,0.4075484,20000104,669/870,12.98,4.37040522,20001201,13.4,13.53,12.98,13.19,4.132231,1.1038677E7,33,000719,20260401
600388.SH,龙净环保,18.62,-1.4814814814814687,17.99,18.1,1.12422709,18.15,0.407,20001229,670/870,17.89,0.641375,20001229,18.1,18.15,17.89,17.99,1.461495,1.11373E7,17,600388,20260401
000777.SZ,中核科技,19.86,0.6079027355623151,22.65,22.6,1.70633139,22.72,0.40340316,20000124,671/870,22.4,3.03713131,20001204,22.6,22.72,22.4,22.65,1.43691,6914169,33,000777,20260401
600500.SH,中化国际,4.6,3.8374717832957095,4.41,4.38,1.61290323,4.45,0.38839728,20001201,672/870,4.36,0.66966054,20001215,4.38,4.45,4.36,4.41,2.073732,2.748165E7,17,600500,20260401
600780.SH,通宝能源,6.82,-1.445086705202307,6.74,7.02,-3.85164051,7.06,0.38289617,20000104,673/870,6.68,1.43480874,20001229,7.02,7.06,6.68,6.74,5.420827,6.729935E7,17,600780,20260401
600061.SH,国投资本,6.71,2.5993883792048917,7.01,7.01,1.15440115,7.04,0.37915192,20000104,674/870,6.97,2.45176086,20001225,7.01,7.04,6.97,7.01,1.010101,2.2815806E7,17,600061,20260401
600162.SH,香江控股,1.89,4.999999999999992,1.78,1.8,0,1.83,0.36719838,20000104,675/870,1.77,1.58569996,20001205,1.8,1.83,1.77,1.78,3.370786,3.219246E7,17,600162,20260401
600166.SH,福田汽车,3.53,-4.594594594594604,3.01,2.98,2.38095238,3.04,0.3520423,20001218,676/870,2.94,0.62134618,20000118,2.98,3.04,2.94,3.01,3.40136,1.54212141E8,17,600166,20260401
000850.SZ,华茂股份,4.54,-1.0893246187363796,4.97,5.06,0.60728745,5.1,0.33925555,20000104,677/870,4.94,1.64891911,20001219,5.06,5.1,4.94,4.97,3.238866,7729000,33,000850,20260401
600708.SH,光明地产,3.8,1.6042780748662997,3.43,3.45,2.08333333,3.49,0.3286711,20000128,678/870,3.36,1.6037493,20001219,3.45,3.49,3.36,3.43,3.869047,3.5059894E7,17,600708,20260401
600686.SH,金龙汽车,15.54,-5.243902439024387,18.14,18.05,1.05849582,18.43,0.32243332,20000124,679/870,17.6,2.18558003,20001227,18.05,18.43,17.6,18.14,4.623955,2.7597226E7,17,600686,20260401
600828.SH,茂业商业,5.0,-0.3984063745019836,5.28,5.42,-0.9380863,5.43,0.31353735,20000105,680/870,5.21,2.53684774,20001204,5.42,5.43,5.21,5.28,4.127579,2.3352179E7,17,600828,20260401
600320.SH,振华重工,5.42,0.9310986964618216,5.19,5.08,3.18091451,5.21,0.30555556,20001221,681/870,5,0.45512821,20001229,5.08,5.21,5,5.19,4.17495,1.47842478E8,17,600320,20260401
600616.SH,金枫酒业,5.0,-0.7936507936507944,5.16,5.1,1.97628458,5.16,0.28055746,20000104,682/870,5.07,1.72002427,20001208,5.1,5.16,5.07,5.16,1.778656,8020803,17,600616,20260401
000567.SZ,海德股份,6.67,10.06600660066007,5.23,5.26,1.16054159,5.28,0.2796508,20000124,683/870,5.18,1.88127731,20001213,5.26,5.28,5.18,5.23,1.934235,6452628,33,000567,20260401
600125.SH,铁龙物流,6.14,1.3201320132013215,6.81,6.95,-1.73160173,7,0.26561557,20000113,684/870,6.8,0.73245263,20000107,6.95,7,6.8,6.81,2.886002,3.2613809E7,17,600125,20260401
600782.SH,新钢股份,3.09,-2.5236593059936934,3.61,3.62,1.12044818,3.63,0.26393985,20000124,685/870,3.6,2.25877068,20001201,3.62,3.63,3.6,3.61,0.840336,4.12258E7,17,600782,20260401
600109.SH,国金证券,8.97,-0.22246941045605753,8.47,8.46,1.07398568,8.49,0.25875,20000118,686/870,8.4,1.5175,20001204,8.46,8.49,8.4,8.47,1.073985,1.7722166E7,17,600109,20260401
000543.SZ,皖能电力,8.08,-0.12360939431396523,8.39,8.47,-0.35629454,8.47,0.25115126,20000124,687/870,8.3,2.32987749,20001226,8.47,8.47,8.3,8.39,2.019002,4.9306195E7,33,000543,20260401
600663.SH,陆家嘴,8.23,3.391959798994981,7.79,7.8,0.64599483,7.82,0.24880856,20000124,688/870,7.71,1.26046837,20001205,7.8,7.82,7.71,7.79,1.421188,5130026,17,600663,20260401
000903.SZ,ST云动,2.19,-3.524229074889871,2.63,2.62,0.76628352,2.66,0.24650786,20000117,689/870,2.59,0.8954474,20001206,2.62,2.66,2.59,2.63,2.681992,2.2902326E7,33,000903,20260401
000401.SZ,金隅冀东,4.28,-7.359307359307356,4.86,4.9,0.41322314,4.95,0.22073875,20000124,690/870,4.83,1.90354312,20001207,4.9,4.95,4.83,4.86,2.479338,1.9026965E7,33,000401,20260401
600702.SH,舍得酒业,44.25,-1.139410187667556,45.68,45.75,1.017249,46.4,0.21455066,20000128,691/870,44.95,5.21067683,20001225,45.75,46.4,44.95,45.68,3.206545,4267963,17,600702,20260401
000090.SZ,天健集团,3.52,0.571428571428572,3.62,3.65,0.55555556,3.67,0.21418026,20000106,692/870,3.6,1.80979998,20001204,3.65,3.67,3.6,3.62,1.944444,1.7928985E7,33,000090,20260401
600120.SH,浙江东方,5.59,-1.7574692442882343,5.68,5.69,1.61001789,5.74,0.20986051,20000104,693/870,5.65,1.10550939,20001226,5.69,5.74,5.65,5.68,1.610017,3.0534034E7,17,600120,20260401
000612.SZ,焦作万方,13.29,-0.968703427719827,11.96,12.05,0.58873003,12.12,0.19825323,20000104,694/870,11.83,1.45154055,20001225,12.05,12.12,11.83,11.96,2.439024,3.1636308E7,33,000612,20260401
600167.SH,联美控股,6.67,-0.5961251862891213,6.68,6.78,-0.89020772,6.83,0.19449704,20000117,695/870,6.63,1.87497041,20001221,6.78,6.83,6.63,6.68,2.967359,1.9006976E7,17,600167,20260401
600765.SH,中航重机,15.95,1.982097186700759,16.44,16.61,0.48899756,16.67,0.17894106,20000124,696/870,16.32,1.83645022,20001222,16.61,16.67,16.32,16.44,2.139364,2.0622911E7,17,600765,20260401
000001.SZ,平安银行,11.49,-0.26041666666666113,11.15,11.09,0.63176895,11.23,0.17784015,20001226,697/870,11.08,1.01250896,20000110,11.09,11.23,11.08,11.15,1.35379,9.1892539E7,33,000001,20260401
600673.SH,东阳光,35.4,6.819553409776699,31.4,31.3,3.63036304,31.8,0.15404274,20000118,698/870,30.8,1.416151,20001214,31.3,31.8,30.8,31.4,3.30033,4.9961184E7,17,600673,20260401
000617.SZ,中油资本,9.44,-0.526870389884096,9.89,10.1,-3.03921569,10.26,0.1148564,20000117,699/870,9.86,2.29064669,20001205,10.1,10.26,9.86,9.89,3.921568,2.44438187E8,33,000617,20260401
600006.SH,东风股份,6.71,-0.2971768202080306,6.39,6.43,0.31397174,6.45,0.11414511,20000124,700/870,6.37,1.38106241,20001201,6.43,6.45,6.37,6.39,1.255886,7978534,17,600006,20260401
600650.SH,锦江在线,12.49,0.4019292604501665,13.27,13.17,2.07692308,13.29,0.11003704,20000127,701/870,13.06,5.93495286,20001208,13.17,13.29,13.06,13.27,1.76923,3538501,17,600650,20260401
600850.SH,电科数字,19.34,-2.814070351758788,22.97,23.06,1.72719221,23.11,0.08828782,20000118,702/870,22.81,4.816455,20001221,23.06,23.11,22.81,22.97,1.328609,6804743,17,600850,20260401
600675.SH,中华企业,2.58,0.7812500000000007,2.63,2.65,0,2.67,0.08108144,20000104,703/870,2.62,1.20521451,20001211,2.65,2.67,2.62,2.63,1.90114,2.7378395E7,17,600675,20260401
000531.SZ,穗恒运A,7.05,-3.159340659340665,6.86,7,-1.43678161,7.05,0.063,20000104,704/870,6.78,2.26375758,20000128,7,7.05,6.78,6.86,3.87931,3.5559124E7,33,000531,20260401
600816.SH,建元信托,2.94,6.5217391304347885,2.58,2.59,0.78125,2.6,0.03991841,20000106,705/870,2.56,0.68094406,20001218,2.59,2.6,2.56,2.58,1.5625,2.78847E7,17,600816,20260401
000088.SZ,盐田港,4.53,0.0,4.59,4.63,0,4.65,0.02839903,20000124,706/870,4.57,1.13463586,20001205,4.63,4.65,4.57,4.59,1.742919,2.218546E7,33,000088,20260401
601607.SH,上海医药,17.09,0.9450679267572365,17.2,17.11,0.8797654,17.23,0.0159416,20000104,707/870,16.93,3.43118376,20001205,17.11,17.23,16.93,17.2,1.75953,1.7146048E7,17,601607,20260401
600182.SH,S佳通,14.54,-2.6773761713520776,13.75,13.71,0.95447871,13.82,0.008,20000125,708/870,13.63,4.528,20001206,13.71,13.82,13.63,13.75,1.395007,1223800,17,600182,20260401
000731.SZ,四川美丰,7.24,-0.6858710562414242,7.28,7.38,0.69156293,7.45,-0.01065389,20000104,709/870,7.22,1.89287369,20001204,7.38,7.45,7.22,7.28,3.181189,1.8838432E7,33,000731,20260401
000630.SZ,铜陵有色,6.15,-2.8436018957345928,5.98,6.01,2.92598967,6.07,-0.05207186,20000104,710/870,5.89,0.24932073,20001206,6.01,6.07,5.89,5.98,3.098106,2.57598373E8,33,000630,20260401
600195.SH,中牧股份,7.52,-0.9222661396574477,7.58,7.5,2.29419703,7.59,-0.07544515,20000104,711/870,7.41,1.72768407,20001204,7.5,7.59,7.41,7.58,2.429149,7792460,17,600195,20260401
000800.SZ,一汽解放,6.73,-4.267425320056896,6.7,6.67,0.90361446,6.71,-0.07907519,20000128,712/870,6.6,1.56002256,20001205,6.67,6.71,6.6,6.7,1.656626,1.7592331E7,33,000800,20260401
600808.SH,马钢股份,3.87,-0.7692307692307643,3.8,3.81,1.33333333,3.89,-0.09634328,20000104,713/870,3.79,1.19470149,20001205,3.81,3.89,3.79,3.8,2.666666,4.6346404E7,17,600808,20260401
000700.SZ,模塑科技,12.04,6.172839506172833,12.13,11.99,3.85273973,12.32,-0.11113333,20000117,714/870,11.88,1.85553333,20001225,11.99,12.32,11.88,12.13,3.767123,3.4203326E7,33,000700,20260401
000828.SZ,东莞控股,10.38,-0.38387715930901295,10.0,10.08,0.1001001,10.1,-0.11646111,20000104,715/870,9.99,5.92173333,20001221,10.08,10.1,9.99,10.0,1.101101,6450833,33,000828,20260401
600688.SH,上海石化,3.11,6.872852233676966,2.91,2.9,1.04166667,2.94,-0.12333333,20000104,716/870,2.89,0.54333333,20001201,2.9,2.94,2.89,2.91,1.736111,3.8740425E7,17,600688,20260401
000811.SZ,冰轮环境,24.95,1.299228583028828,17.74,17.7,3.01974448,17.98,-0.14082984,20000117,717/870,17.5,0.717492,20001218,17.7,17.98,17.5,17.74,2.787456,1.6221054E7,33,000811,20260401
001914.SZ,招商积余,10.25,-1.2524084778420113,9.93,9.9,1.84615385,9.96,-0.14676407,20000124,718/870,9.75,2.10708209,20001221,9.9,9.96,9.75,9.93,2.153846,7066200,33,001914,20260401
600266.SH,城建发展,5.14,5.544147843942496,5.09,5.16,-0.19607843,5.19,-0.17308061,20000114,719/870,5.05,2.15607458,20001205,5.16,5.19,5.05,5.09,2.745098,2.3951969E7,17,600266,20260401
600864.SH,哈投股份,6.11,-2.239999999999995,6.72,6.81,0,6.83,-0.176,20000105,720/870,6.67,3.96438462,20001204,6.81,6.83,6.67,6.72,2.380952,4.8232275E7,17,600864,20260401
600067.SH,冠城新材,3.64,-9.677419354838712,4.0,4.04,0,4.07,-0.20150868,20000104,721/870,3.97,0.50535894,20001204,4.04,4.07,3.97,4.0,2.5,2.30401E7,17,600067,20260401
000718.SZ,苏宁环球,2.19,1.8604651162790715,2.11,2.14,0,2.16,-0.21755632,20000104,722/870,2.09,0.55020381,20001201,2.14,2.16,2.09,2.11,3.317535,3.5379E7,33,000718,20260401
000703.SZ,恒逸石化,17.65,2.675974403723079,12.68,12.3,4.01968827,12.87,-0.25964335,20000124,723/870,12.25,1.03506661,20001201,12.3,12.87,12.25,12.68,5.086136,2.9818666E7,33,000703,20260401
000987.SZ,越秀资本,9.0,-3.2258064516129106,8.63,8.8,2.25118483,9,-0.27364262,20001201,724/870,8.57,0.33226877,20001227,8.8,9,8.57,8.63,5.094786,1.08621494E8,33,000987,20260401
600872.SH,中炬高新,20.78,-2.6241799437675666,19.48,19.16,2.20356768,19.55,-0.33095671,20000104,725/870,19.09,1.07164069,20001204,19.16,19.55,19.09,19.48,2.413431,1.510174E7,17,600872,20260401
600252.SH,中恒集团,2.46,-1.6000000000000014,2.57,2.56,0.78431373,2.58,-0.33439581,20001211,726/870,2.49,-0.28286133,20001205,2.56,2.58,2.49,2.57,3.529411,5.4460343E7,17,600252,20260401
600160.SH,巨化股份,36.63,-0.5160239000543121,34.88,34.82,2.13762811,35.03,-0.35136868,20000104,727/870,34.19,-0.02815867,20000128,34.82,35.03,34.19,34.88,2.459736,1.5729351E7,17,600160,20260401
600885.SH,宏发股份,31.14,7.379310344827588,28.15,28.14,1.40489914,28.3,-0.35920613,20000104,728/870,27.9,1.12806832,20001206,28.14,28.3,27.9,28.15,1.440922,1.6734584E7,17,600885,20260401
000825.SZ,太钢不锈,4.25,-1.1627906976744145,4.44,4.41,2.30414747,4.46,-0.38570456,20000104,729/870,4.37,0.04115523,20000126,4.41,4.46,4.37,4.44,2.073732,3.4512521E7,33,000825,20260401
600820.SH,隧道股份,5.94,-1.4925373134328335,6.21,6.4,-2.35849057,6.4,-0.40351589,20000117,730/870,6.18,0.31499762,20001221,6.4,6.4,6.18,6.21,3.459119,4.0418226E7,17,600820,20260401
000709.SZ,河钢股份,2.33,-4.115226337448563,2.35,2.37,0.8583691,2.39,-0.41117378,20000104,731/870,2.34,0.52322448,20001211,2.37,2.39,2.34,2.35,2.145922,1.04319169E8,33,000709,20260401
600710.SH,苏美达,12.22,-2.4740622505985534,12.89,12.59,4.11954766,12.97,-0.47874204,20000104,732/870,12.59,2.98133955,20001211,12.59,12.97,12.59,12.89,3.069466,1.9257521E7,17,600710,20260401
000876.SZ,新希望,8.73,0.11467889908256636,8.23,8.26,0.36585366,8.29,-0.47891584,20000104,733/870,8.18,0.12477625,20001215,8.26,8.29,8.18,8.23,1.341463,1.5914E7,33,000876,20260401
600269.SH,赣粤高速,4.43,-0.6726457399103195,4.67,4.73,-0.63829787,4.74,-0.52141263,20001214,734/870,4.66,-0.42660547,20001205,4.73,4.74,4.66,4.67,1.702127,2.33669E7,17,600269,20260401
000027.SZ,深圳能源,6.84,-1.7241379310344842,6.9,7.02,-0.71942446,7.05,-0.54232909,20000104,735/870,6.86,0.67048431,20001201,7.02,7.05,6.86,6.9,2.733812,6.527786E7,33,000027,20260401
000425.SZ,徐工机械,9.95,-3.398058252427198,10.52,10.31,4.36507937,10.55,-0.54461156,20000104,736/870,10.25,0.66417939,20001214,10.31,10.55,10.25,10.52,2.97619,1.04415663E8,33,000425,20260401
000650.SZ,仁和药业,5.69,-0.1754385964912243,5.86,5.79,2.09059233,5.87,-0.54619593,20000104,737/870,5.74,1.14507874,20001229,5.79,5.87,5.74,5.86,2.264808,2.02762E7,33,000650,20260401
600079.SH,ST人福,18.88,-1.7178552837064125,19.07,19.01,1.27456187,19.18,-0.54765641,20000104,738/870,18.82,1.15395957,20001222,19.01,19.18,18.82,19.07,1.911842,1.2753954E7,22,600079,20260401
000006.SZ,深振业A,9.7,1.9978969505783335,8.87,8.72,3.13953488,8.93,-0.55804064,20000124,739/870,8.71,0.21995629,20001225,8.72,8.93,8.71,8.87,2.558139,1.9580902E7,33,000006,20260401
000783.SZ,长江证券,7.99,10.055096418732788,6.99,6.97,1.89504373,7,-0.55931319,20000128,740/870,6.93,0.28203297,20001204,6.97,7,6.93,6.99,1.020408,3.855707E7,33,000783,20260401
000060.SZ,中金岭南,6.75,1.5037593984962352,6.23,6.28,1.79738562,6.31,-0.5771904,20000104,741/870,6.16,-0.09923774,20001204,6.28,6.31,6.16,6.23,2.45098,7.6746619E7,33,000060,20260401
000036.SZ,华联控股,5.59,2.757352941176461,4.84,4.93,0,4.94,-0.5861806,20000104,742/870,4.8,0.86666221,20001206,4.93,4.94,4.8,4.84,2.892561,3.352008E7,33,000036,20260401
600009.SH,上海机场,27.24,-0.5476451259583868,28.12,27.9,1.8102824,28.12,-0.60244084,20000121,743/870,27.76,0.43181902,20000111,27.9,28.12,27.76,28.12,1.303403,7036638,17,600009,20260401
600210.SH,紫江企业,6.98,-2.240896358543407,6.95,6.96,0.87082729,6.98,-0.66512976,20000104,744/870,6.87,0.81860286,20001219,6.96,6.98,6.87,6.95,1.596516,1.70239E7,17,600210,20260401
600170.SH,上海建工,2.7,1.123595505617987,2.77,2.77,1.09489051,2.8,-0.71607763,20000118,745/870,2.75,-0.35844894,20001229,2.77,2.8,2.75,2.77,1.824817,1.43782089E8,17,600170,20260401
600111.SH,北方稀土,53.04,4.102060843964664,48.48,48.49,1.67785235,48.78,-0.7175382,20000104,746/870,47.79,0.19122896,20001225,48.49,48.78,47.79,48.48,2.076342,6.701894E7,17,600111,20260401
000900.SZ,现代投资,4.22,0.476190476190466,4.15,4.16,0.4842615,4.21,-0.73146046,20000104,747/870,4.13,0.35127354,20001225,4.16,4.21,4.13,4.15,1.937046,1.0297153E7,33,000900,20260401
000656.SZ,*ST金科,1.4,0.0,1.37,1.38,0.73529412,1.39,-0.73333333,20000128,748/870,1.36,0.6625,20001205,1.38,1.39,1.36,1.37,2.205882,6.35091E7,33,000656,20260401
600201.SH,生物股份,14.59,3.991446899501073,14.74,14.54,2.36111111,14.79,-0.74312775,20000117,749/870,14.45,-0.21109212,20001221,14.54,14.79,14.45,14.74,2.361111,1.84198E7,17,600201,20260401
600664.SH,哈药股份,3.58,-2.7173913043478284,3.59,3.53,1.98863636,3.59,-0.74532552,20000104,750/870,3.49,0.50540877,20001205,3.53,3.59,3.49,3.59,2.840909,5.0851545E7,17,600664,20260401
000417.SZ,合百集团,6.69,2.1374045801526806,6.66,6.79,-0.59701493,6.83,-0.74735127,20000104,751/870,6.62,0.23402662,20001220,6.79,6.83,6.62,6.66,3.134328,1.7790345E7,33,000417,20260401
600282.SH,南钢股份,5.39,-0.5535055350553552,5.52,5.53,0.36363636,5.66,-0.75224198,20001218,752/870,5.49,-0.51458765,20001205,5.53,5.66,5.49,5.52,3.090909,4.9006938E7,17,600282,20260401
600261.SH,阳光照明,3.56,-9.644670050761418,3.7,3.7,1.09289617,3.74,-0.75607797,20001207,753/870,3.67,-0.5402955,20001226,3.7,3.74,3.67,3.7,1.912568,1.0775912E7,17,600261,20260401
600717.SH,天津港,4.74,0.42372881355933184,4.6,4.64,0,4.67,-0.76606506,20000128,754/870,4.59,-0.01683274,20001229,4.64,4.67,4.59,4.6,1.73913,1.8975692E7,17,600717,20260401
600089.SH,特变电工,26.82,-1.5779816513761458,26.78,26.98,1.05660377,27.08,-0.77763861,20000117,755/870,26.5,-0.63202909,20001201,26.98,27.08,26.5,26.78,2.188679,1.28957679E8,17,600089,20260401
600150.SH,中国船舶,41.76,1.4577259475218696,31.05,31.3,0.68093385,31.44,-0.79019347,20000124,756/870,30.88,0.84879254,20001219,31.3,31.44,30.88,31.05,1.815823,5.738982E7,17,600150,20260401
600704.SH,物产中大,5.12,0.0,5.23,5.23,0.96525097,5.25,-0.79403588,20000104,757/870,5.2,-0.46561697,20000107,5.23,5.25,5.2,5.23,0.96525,3.8874361E7,17,600704,20260401
600875.SH,东方电气,39.01,-2.3773773773773845,38.28,36.79,9.21540656,38.56,-0.80280315,20000128,758/870,36.55,0.87829921,20001204,36.79,38.56,36.55,38.28,5.734664,1.58456636E8,17,600875,20260401
600779.SH,水井坊,32.51,0.7437248218159122,33.13,32.86,1.03690149,33.38,-0.85743182,20001218,759/870,32.62,1.22590152,20000125,32.86,33.38,32.62,33.13,2.317779,2599308,17,600779,20260401
600863.SH,华能蒙电,4.64,-1.0660980810234693,5.08,5.14,-0.78125,5.16,-0.85797088,20000124,760/870,5.05,-0.35401393,20001204,5.14,5.16,5.05,5.08,2.148437,6.5240627E7,17,600863,20260401
000778.SZ,新兴铸管,4.6,-2.127659574468096,4.66,4.68,0.86580087,4.75,-0.87151107,20000104,761/870,4.62,0.07822531,20001229,4.68,4.75,4.62,4.66,2.813852,5.2689697E7,33,000778,20260401
600298.SH,安琪酵母,37.6,-2.159771012230024,40.15,40.49,-0.6434051,40.55,-0.89648758,20001204,762/870,39.89,-0.49951788,20001221,40.49,40.55,39.89,40.15,1.633259,8325381,17,600298,20260401
600642.SH,申能股份,9.06,-0.4395604395604302,8.93,8.95,0.22446689,8.99,-0.90892256,20000124,763/870,8.86,2.27289562,20001201,8.95,8.99,8.86,8.93,1.459034,2.0248554E7,17,600642,20260401
600056.SH,中国医药,10.36,-0.38461538461539346,10.46,10.36,1.85004869,10.47,-0.94102293,20000104,764/870,10.2,0.29667942,20001229,10.36,10.47,10.2,10.46,2.629016,1.562496E7,17,600056,20260401
600018.SH,上港集团,5.0,1.4198782961460505,5.04,5.11,-0.98231827,5.13,-0.95800372,20001211,765/870,5.03,-0.70026237,20001226,5.11,5.13,5.03,5.04,1.964636,7.5084837E7,17,600018,20260401
600141.SH,兴发集团,32.64,-2.741358760429087,33.65,33.99,0.80886759,34.18,-0.96454643,20000105,766/870,33.33,1.27198962,20001208,33.99,34.18,33.33,33.65,2.546434,1.4500357E7,17,600141,20260401
600064.SH,南京高科,8.03,-0.7416563658838133,8.4,8.42,0.5988024,8.54,-0.96631494,20000104,767/870,8.38,-0.44623316,20000125,8.42,8.54,8.38,8.4,1.916167,1.6141181E7,17,600064,20260401
600795.SH,国电电力,4.74,-2.469135802469138,4.86,4.87,0.41322314,4.92,-0.97639034,20000104,768/870,4.83,-0.2510817,20001201,4.87,4.92,4.83,4.86,1.859504,1.29748627E8,17,600795,20260401
600276.SH,恒瑞医药,53.88,-2.018548827059464,57.73,56.03,4.54545455,57.78,-0.98064045,20001228,769/870,55.6,-0.94410331,20001229,56.03,57.78,55.6,57.73,3.947844,1.00551656E8,17,600276,20260401
000429.SZ,粤高速A,12.58,-0.5533596837944686,13.0,13.08,-0.38314176,13.1,-0.98406635,20000104,770/870,12.95,2.13278626,20001215,13.08,13.1,12.95,13.0,1.149425,6131099,33,000429,20260401
000739.SZ,普洛药业,18.27,-1.0828370330265258,18.41,18.05,3.25294448,18.54,-1.05895653,20000104,771/870,17.88,0.29078706,20001225,17.812,18.302,17.642,18.17,3.701626,9879482,33,000739,20260401
000063.SZ,中兴通讯,36.7,0.7688083470620569,32.99,33.06,1.69543773,33.16,-1.08308166,20000117,772/870,32.71,0.91286121,20001201,33.06,33.16,32.71,32.99,1.387176,4.8471315E7,33,000063,20260401
000975.SZ,山金国际,26.05,-4.263138552002941,30.62,30.27,3.1671159,31.18,-1.08455166,20001212,773/870,30.2,-0.98314002,20001204,29.7895979,30.6995979,29.7195979,30.14,3.301886,3.7407753E7,33,000975,20260401
600720.SH,中交设计,6.66,-2.05882352941176,7.09,7.1,0.71022727,7.14,-1.1138212,20000104,774/870,7,0.926971,20001204,7.1,7.14,7,7.09,1.988636,9184801,17,600720,20260401
000807.SZ,云铝股份,31.8,-3.9855072463768018,31.82,31.46,2.64516129,32.1,-1.11559451,20000104,775/870,31.15,0.02668109,20001205,31.46,32.1,31.15,31.82,3.064516,6.3872185E7,33,000807,20260401
000877.SZ,天山股份,4.64,-1.0660980810234693,5.04,5.06,0.39840637,5.12,-1.16273187,20000117,776/870,4.99,2.10995224,20001206,5.06,5.12,4.99,5.04,2.589641,9615931,33,000877,20260401
000672.SZ,上峰水泥,14.0,6.141015921152393,13.1,13.14,1.6291699,13.23,-1.2158112,20000104,777/870,12.94,1.91638894,20001201,13.14,13.23,12.94,13.1,2.249806,1.1722618E7,33,000672,20260401
600256.SH,广汇能源,6.75,1.6566265060241012,6.48,6.56,-2.84857571,6.69,-1.25252744,20001201,778/870,6.46,-1.00945697,20001221,6.56,6.69,6.46,6.48,3.448275,2.14668153E8,17,600256,20260401
600703.SH,三安光电,13.67,-1.9368723098995666,11.85,11.89,1.54241645,12.02,-1.25703914,20000128,779/870,11.71,-0.77250631,20001201,11.89,12.02,11.71,11.85,2.656383,1.49576424E8,17,600703,20260401
600285.SH,羚锐制药,22.36,-0.8865248226950324,22.49,22.6,0.62639821,22.78,-1.27965812,20001211,780/870,22.41,-1.0574359,20001226,22.6,22.78,22.41,22.49,1.65548,6565298,17,600285,20260401
000685.SZ,中山公用,11.73,-0.8453085376162269,11.12,11.27,0.090009,11.36,-1.27976009,20000118,781/870,11.02,-0.06215365,20001205,11.27,11.36,11.02,11.12,3.060306,1.686562E7,33,000685,20260401
600060.SH,海信视像,25.6,2.1548284118116627,23.08,22.4,3.22003578,23.15,-1.36741111,20000104,782/870,22.36,-0.38518889,20001201,22.4,23.15,22.36,23.08,3.533094,2.2803612E7,17,600060,20260401
600655.SH,豫园股份,4.93,-0.40404040404041336,4.64,4.63,1.08932462,4.67,-1.48440141,20000104,783/870,4.6,0.17215881,20001225,4.63,4.67,4.6,4.64,1.525054,1.1415834E7,17,600655,20260401
600897.SH,厦门空港,16.12,0.24875621890548946,16.29,16.46,-0.24494795,16.57,-1.52855322,20000128,784/870,16.16,1.10196074,20001227,16.46,16.57,16.16,16.29,2.510716,3357848,17,600897,20260401
600755.SH,厦门国贸,6.19,1.6420361247947544,6.36,6.41,-0.625,6.45,-1.5291991,20000104,785/870,6.31,-1.12182759,20001204,6.41,6.45,6.31,6.36,2.1875,2.8019292E7,17,600755,20260401
000028.SZ,国药一致,24.54,-1.0483870967741997,26.42,26.41,1.07115532,26.43,-1.55458646,20000104,786/870,25.94,9.5052426,20001222,26.41,26.43,25.94,26.42,1.874521,5359322,33,000028,20260401
000690.SZ,宝新能源,5.28,-1.1235955056179703,4.9,5.02,-0.60851927,5.05,-1.58047206,20000114,787/870,4.86,-0.73335731,20001207,5.02,5.05,4.86,4.9,3.853955,1.21188036E8,33,000690,20260401
600197.SH,伊力特,12.26,0.0,12.12,12.05,0.66445183,12.19,-1.58953846,20000124,788/870,12.01,0.77315385,20001225,12.05,12.19,12.01,12.12,1.495016,3131700,17,600197,20260401
600754.SH,锦江酒店,25.56,-3.5107587768969415,29.2,27.07,8.67138072,29.47,-1.59710687,20000124,789/870,26.9,3.87617557,20001208,27.07,29.47,26.9,29.2,9.56457,2.1524225E7,17,600754,20260401
000069.SZ,华侨城A,2.26,0.444444444444435,2.21,2.2,1.84331797,2.22,-1.62864246,20000104,790/870,2.16,-1.19717741,20001227,2.2,2.22,2.16,2.21,2.764976,4.1135334E7,33,000069,20260401
600742.SH,富维股份,9.42,0.10626992561104981,10.26,10.29,0.68694799,10.35,-1.69035798,20000105,791/870,10.18,-0.17682522,20001201,10.29,10.35,10.18,10.26,1.668302,1.1367832E7,17,600742,20260401
600062.SH,华润双鹤,17.85,-0.6124721603563442,18.79,18.69,1.18470652,18.84,-1.70496964,20000104,792/870,18.48,0.87521508,20001205,18.69,18.84,18.48,18.79,1.93861,1.4539749E7,17,600062,20260401
000559.SZ,万向钱潮,16.09,1.5782828282828283,15.69,15.79,1.68502916,15.95,-1.76408774,20000104,793/870,15.43,-1.17921549,20001226,15.79,15.95,15.43,15.69,3.370058,7.0350525E7,33,000559,20260401
600398.SH,海澜之家,6.61,2.3219814241486123,6.52,6.56,-0.15313936,6.65,-1.77600067,20001229,794/870,6.48,-1.49603029,20001228,6.56,6.65,6.48,6.52,2.603369,4.2720414E7,17,600398,20260401
600867.SH,通化东宝,9.23,-3.451882845188285,9.59,9.52,1.05374078,9.77,-1.78950907,20000104,795/870,9.29,-1.07793662,20001206,9.52,9.77,9.29,9.59,5.057955,9.4174698E7,17,600867,20260401
000776.SZ,广发证券,21.23,-0.23496240601504093,18.43,18.31,2.6169265,18.58,-1.85166667,20000104,796/870,18.17,-0.625,20001205,18.31,18.58,18.17,18.43,2.28285,4.1220758E7,33,000776,20260401
000541.SZ,佛山照明,5.66,0.0,5.66,5.68,0.71174377,5.71,-1.85985794,20000105,797/870,5.62,-0.7583953,20001201,5.68,5.71,5.62,5.66,1.601423,5913694,33,000541,20260401
000012.SZ,南玻A,4.03,-0.7389162561576198,4.5,4.53,1.12359551,4.54,-1.92285552,20000128,798/870,4.47,2.3325695,20001201,4.53,4.54,4.47,4.5,1.573033,1.7116073E7,33,000012,20260401
000528.SZ,柳工,9.66,-2.6209677419354818,9.57,9.56,2.68240343,9.64,-1.93431081,20000124,799/870,9.45,-1.02397853,20001205,9.56,9.64,9.45,9.57,2.038626,3.4433693E7,33,000528,20260401
000623.SZ,吉林敖东,18.87,1.0712372790573073,17.95,17.84,1.98863636,18.01,-1.95187377,20000104,800/870,17.73,-1.22209073,20001227,17.84,18.01,17.73,17.95,1.590909,9582566,33,000623,20260401
600873.SH,梅花生物,9.92,-0.9980039920159646,11.57,11.55,1.04803493,11.64,-2.06856434,20000117,801/870,11.51,0.77303221,20001207,11.55,11.64,11.51,11.57,1.135371,2.6381955E7,17,600873,20260401
600835.SH,上海机电,24.15,1.3003355704697932,22.23,22.28,1.55322065,22.49,-2.11185325,20000104,802/870,22.01,3.67079966,20001205,22.28,22.49,22.01,22.23,2.192782,4753300,17,600835,20260401
000625.SZ,长安汽车,9.53,-1.6511867905056774,10.03,10.1,0.3,10.11,-2.1384169,20000125,803/870,9.99,-1.63657178,20001201,10.1,10.11,9.99,10.03,1.2,4.320662E7,33,000625,20260401
000039.SZ,中集集团,12.39,-0.3218020917135893,10.9,11.08,0.64635272,11.18,-2.14607379,20000104,804/870,10.75,-1.16140067,20001229,11.08,11.18,10.75,10.9,3.970452,7.9939134E7,33,000039,20260401
000726.SZ,鲁泰A,6.55,-1.355421686746986,7.1,7.08,1.13960114,7.12,-2.16359849,20001228,805/870,7.05,-1.87557475,20001225,7.08,7.12,7.05,7.1,0.99715,6785800,33,000726,20260401
000789.SZ,万年青,4.96,-0.6012024048096242,5.31,5.37,0.18867925,5.4,-2.18698225,20000124,806/870,5.28,0.65325444,20001220,5.37,5.4,5.28,5.31,2.26415,9924746,33,000789,20260401
000848.SZ,承德露露,8.9,-0.22421524663676654,7.95,8.05,-0.37593985,8.06,-2.27272814,20000117,807/870,7.89,-1.8948685,20001204,8.05,8.06,7.89,7.95,2.130325,9592891,33,000848,20260401
600886.SH,国投电力,13.63,0.14695077149156024,14.01,14.15,-1.05932203,14.21,-2.2870842,20000128,808/870,14,-1.79868371,20001204,14.15,14.21,14,14.01,1.48305,1.7664806E7,17,600886,20260401
600894.SH,广日股份,9.48,-0.5246589716684044,10.01,9.58,4.37956204,10.49,-2.32666667,20000128,809/870,9.44,1.30666667,20001205,9.58,10.49,9.44,10.01,10.948905,4.9357016E7,17,600894,20260401
600007.SH,中国国贸,21.0,-2.7777777777777843,21.1,20.91,1.49110149,21.16,-2.3356,20000104,810/870,20.72,1.1404,20001205,20.91,21.16,20.72,21.1,2.116402,3336690,17,600007,20260401
600019.SH,宝钢股份,6.31,-2.6234567901234693,6.48,6.46,1.09204368,6.52,-2.41291016,20001212,811/870,6.45,-0.38012328,20001212,6.46,6.52,6.45,6.48,1.092043,7.8726411E7,17,600019,20260401
600216.SH,浙江医药,14.54,-1.0884353741496609,16.23,16.33,0.99564406,16.43,-2.41994098,20000104,812/870,15.97,0.62292258,20001207,16.33,16.43,15.97,16.23,2.862476,3.158377E7,17,600216,20260401
001696.SZ,宗申动力,17.36,0.05763688760805769,19.55,19.84,-1.75879397,19.84,-2.42556378,20000125,813/870,19.4,-1.68591881,20001207,19.84,19.84,19.4,19.55,2.211055,3.6857413E7,33,001696,20260401
600176.SH,中国巨石,34.5,-3.3613445378151336,25.71,25.85,5.75894694,26.68,-2.45036787,20000104,814/870,25.44,-1.87601927,20001229,25.85,26.68,25.44,25.71,5.100781,8.4992842E7,17,600176,20260401
000792.SZ,盐湖股份,39.29,-0.5316455696202553,36.23,37.15,-2.08108108,37.45,-2.47480952,20000104,815/870,36.17,-0.8212381,20001226,37.15,37.45,36.17,36.23,3.459459,9.2038631E7,33,000792,20260401
600196.SH,复星医药,24.89,-1.542721518987344,27.07,26.94,1.65227187,27.15,-2.4848359,20000104,816/870,26.51,-1.00949073,20001229,26.94,27.15,26.51,27.07,2.403304,2.8836287E7,17,600196,20260401
600016.SH,民生银行,3.7,-1.069518716577541,3.78,3.81,-0.26385224,3.82,-2.51767274,20001225,817/870,3.76,-2.29229039,20001219,3.81,3.82,3.76,3.78,1.583113,2.69083583E8,17,600016,20260401
000951.SZ,中国重汽,21.85,-3.7444933920704755,23.89,22.65,7.37078652,23.99,-2.71574863,20000104,818/870,22.46,-1.44943681,20001204,22.65,23.99,22.46,23.89,6.876404,3.2511127E7,33,000951,20260401
600845.SH,宝信软件,22.68,-0.7005253940455348,23.18,23.43,0.7826087,23.48,-2.72021687,20000128,819/870,23.05,-1.28584693,20001219,23.43,23.48,23.05,23.18,1.869565,1.5304225E7,17,600845,20260401
600829.SH,人民同泰,9.72,0.41322314049587733,10.33,10.3,1.37389598,10.36,-2.73896581,20000124,820/870,9.99,-0.56916524,20001222,10.3,10.36,9.99,10.33,3.63101,9002758,17,600829,20260401
600085.SH,同仁堂,27.77,1.3873676524278897,28.66,27.93,3.16774658,28.8,-2.80685629,20000104,821/870,27.92,-2.18807561,20000124,27.93,28.8,27.92,28.66,3.167746,1.2123619E7,17,600085,20260401
000402.SZ,金融街,3.17,10.069444444444446,2.57,2.58,0.390625,2.59,-2.88723937,20000113,822/870,2.54,-2.30963074,20001201,2.58,2.59,2.54,2.57,1.953125,1.3061617E7,33,000402,20260401
600123.SH,兰花科创,7.08,2.6086956521739086,6.47,6.53,-1.37195122,6.62,-3.06755424,20000104,823/870,6.43,-1.76437025,20000128,6.53,6.62,6.43,6.47,2.896341,3.8178E7,17,600123,20260401
600000.SH,浦发银行,9.27,-1.1727078891258123,10.24,10.2,0.58939096,10.37,-3.09733457,20001225,824/870,10.18,-2.25786733,20000110,10.2,10.37,10.18,10.24,1.866404,5.7416463E7,17,600000,20260401
000933.SZ,神火股份,32.13,-2.783661119515869,31.07,31.35,0.87662338,31.63,-3.10439951,20000124,825/870,30.76,-2.57872327,20001225,31.35,31.63,30.76,31.07,2.824675,5.3811721E7,33,000933,20260401
600674.SH,川投能源,15.31,-0.32552083333332643,14.75,14.92,-0.94022834,14.95,-3.11812763,20000119,826/870,14.65,-1.68598546,20001228,14.92,14.95,14.65,14.75,2.014775,3.1094361E7,17,600674,20260401
000983.SZ,山西焦煤,7.02,0.28571428571427965,6.63,6.61,-0.74850299,6.69,-3.25098028,20001207,827/870,6.57,-3.14311538,20001226,6.61,6.69,6.57,6.63,1.796407,8.1742843E7,33,000983,20260401
000708.SZ,中信特钢,15.25,-1.4857881136950932,16.55,16.44,1.28518972,16.82,-3.25718472,20000128,828/870,16.38,-1.86894942,20001204,16.44,16.82,16.38,16.55,2.692778,1.441661E7,33,000708,20260401
000915.SZ,华特达因,28.96,1.117318435754191,32.11,31.5,2.94966335,32.11,-3.28818392,20000104,829/870,31.21,-0.00813492,20001208,31.5,32.11,31.21,32.11,2.88554,3684795,33,000915,20260401
000830.SZ,鲁西化工,17.06,0.4120070629782242,15.76,16.31,-1.80685358,16.31,-3.28837207,20000117,830/870,15.67,-2.70838828,20001204,16.31,16.31,15.67,15.76,3.987538,3.4120965E7,33,000830,20260401
000157.SZ,中联重科,7.95,-1.972872996300854,8.89,8.83,3.37209302,8.94,-3.32714389,20001218,831/870,8.74,-3.28785498,20001229,8.83,8.94,8.74,8.89,2.325581,9.5806253E7,33,000157,20260401
600096.SH,云天化,36.18,-1.3631406761177753,33.5,33.8,0.32943995,33.96,-3.33489011,20000117,832/870,33.24,0.14725275,20001201,33.8,33.96,33.24,33.5,2.156334,3.9323652E7,17,600096,20260401
000963.SZ,华东医药,33.35,-0.5664877757900946,36.34,35.8,2.88788222,36.5,-3.56879698,20000127,833/870,35.36,-2.93748385,20000127,35.8,36.5,35.36,36.34,3.227633,1.8591862E7,33,000963,20260401
600153.SH,建发股份,9.51,0.955414012738852,8.86,8.95,-0.22522523,9.07,-3.67775121,20000104,834/870,8.83,-2.96911702,20001229,8.95,9.07,8.83,8.86,2.702702,1.6842251E7,17,600153,20260401
600761.SH,安徽合力,18.03,-1.2595837897042739,18.32,18.27,1.66481687,18.39,-3.71884734,20000125,835/870,18.14,-2.39790177,20001229,18.27,18.39,18.14,18.32,1.387347,1.1133232E7,17,600761,20260401
000937.SZ,冀中能源,5.62,-1.2302284710017624,5.71,5.75,-0.52264808,5.78,-3.755,20000104,836/870,5.68,-2.34538462,20001220,5.75,5.78,5.68,5.71,1.74216,2.254195E7,33,000937,20260401
000661.SZ,长春高新,84.93,-0.6201731804352761,88.18,87.1,2.69011296,88.25,-3.78976589,20000117,837/870,86.03,-1.29143813,20001225,87.1,88.25,86.03,88.18,2.585303,5940040,33,000661,20260401
600859.SH,王府井,12.37,-0.5627009646302273,12.33,12.3,1.23152709,12.35,-3.97909091,20000104,838/870,12.21,-1.09307692,20001201,12.3,12.35,12.21,12.33,1.149425,8091014,17,600859,20260401
000408.SZ,藏格矿业,89.26,-1.9228656191627294,82.18,81.8,3.67099786,82.85,-4.02450888,20000104,839/870,81,-1.01596187,20001225,80.3,81.35,79.5,80.68,2.333795,1.7922927E7,33,000408,20260401
000786.SZ,北新建材,25.94,-0.8788689338937731,26.04,26.46,-0.15337423,26.64,-4.07661923,20000106,840/870,25.94,-2.52293333,20001219,26.46,26.64,25.94,26.04,2.684049,1.045155E7,33,000786,20260401
600183.SH,生益科技,76.51,-1.9102564102564037,55.1,55.55,1.71681743,55.98,-4.08024169,20000104,841/870,54.55,-0.32263302,20001213,55.55,55.98,54.55,55.1,2.639837,3.3170513E7,17,600183,20260401
600690.SH,海尔智家,21.53,-0.5083179297597016,21.79,21.66,1.91768007,21.88,-4.46119532,20000104,842/870,21.53,-3.29852697,20001205,21.66,21.88,21.53,21.79,1.637043,6.90783E7,17,600690,20260401
600177.SH,雅戈尔,7.69,1.9893899204244079,7.67,7.71,0,7.73,-5.25462585,20000117,843/870,7.6,-4.03813926,20001226,7.71,7.73,7.6,7.67,1.694915,2.5521655E7,17,600177,20260401
600750.SH,华润江中,23.92,-0.2502085070892357,26.79,26.7,0.26197605,26.92,-5.55190435,20000120,844/870,26.41,-4.4919218,20001227,26.7,26.92,26.41,26.79,1.908682,5714590,17,600750,20260401
600801.SH,华新建材,21.51,-4.527296937416775,22.76,23.03,7.35849057,23.32,-5.83054945,20000125,845/870,22.06,-4.70760989,20001204,23.03,23.32,22.06,22.76,5.943396,3.7267E7,17,600801,20260401
000869.SZ,张裕A,19.35,0.4151530877010994,19.49,19.4,1.19418484,19.53,-6.28552882,20001207,846/870,19.23,-5.9743801,20001205,19.4,19.53,19.23,19.49,1.557632,772723,33,000869,20260401
600694.SH,大商股份,18.2,-0.2739726027397299,16.61,16.59,0.97264438,16.66,-6.4828384,20000104,847/870,16.5,-4.24158036,20001201,16.59,16.66,16.5,16.61,0.972644,2095551,17,600694,20260401
600600.SH,青岛啤酒,63.41,0.3164056320202432,63.3,62.15,2.32783705,63.3,-6.92919069,20000117,848/870,62.11,-4.15513616,20001205,62.15,63.3,62.11,63.3,1.923698,7417020,17,600600,20260401
600188.SH,兖矿能源,22.85,-1.3810962451445847,19.01,19,-1.75710594,19.67,-7.10615385,20000104,849/870,18.74,-5.65512821,20001218,19,19.67,18.74,19.01,4.806201,8.6486493E7,17,600188,20260401
600729.SH,重庆百货,21.35,-1.9742883379247,22.08,22.35,-0.49571879,22.44,-7.4868975,20000121,850/870,22.01,-3.7212725,20001215,22.35,22.44,22.01,22.08,1.937809,4198000,17,600729,20260401
000002.SZ,万科A,3.91,1.0335917312661507,4.04,4.04,1.25313283,4.07,-8.27663302,20000104,851/870,3.99,-7.74885852,20001205,4.04,4.07,3.99,4.04,2.005012,1.0684699E8,33,000002,20260401
001872.SZ,招商港口,22.15,1.792279411764692,22.05,22,1.14678899,22.21,-8.27980366,20000117,852/870,21.83,-4.65097095,20001207,22,22.21,21.83,22.05,1.743119,3033855,33,001872,20260401
600887.SH,伊利股份,27.46,3.3496424538953726,26.33,26.58,-0.07590133,26.58,-9.02644506,20000104,853/870,26.18,-8.6809119,20001226,26.58,26.58,26.18,26.33,1.518026,2.9163243E7,17,600887,20260401
000581.SZ,威孚高科,19.54,0.153767298821105,20.73,20.65,1.86732187,20.9,-9.21324697,20000106,854/870,20.61,-6.30674556,20001208,20.65,20.9,20.61,20.73,1.425061,1.1036876E7,33,000581,20260401
600741.SH,华域汽车,18.66,-2.6096033402922756,19.82,19.48,3.17542946,19.89,-9.24107976,20000104,855/870,19.25,-8.67492017,20001201,19.48,19.89,19.25,19.82,3.331598,4.6477546E7,17,600741,20260401
000513.SZ,丽珠集团,32.65,-0.5482790130977756,34.9,34.19,2.61687739,34.99,-9.46028787,20000104,856/870,33.92,-7.09215077,20001229,34.19,34.99,33.92,34.9,3.146133,8375798,33,000513,20260401
600066.SH,宇通客车,35.41,-1.4198218262806377,37.24,36.89,3.84829894,38.12,-10.3742617,20000104,857/870,36.12,-10.08151384,20001225,36.89,38.12,36.12,37.24,5.577244,9.1215301E7,17,600066,20260401
600104.SH,上汽集团,13.78,0.6574141709276834,14.82,14.76,1.57642221,14.84,-10.83159612,20000104,858/870,14.62,-9.99995828,20001226,14.76,14.84,14.62,14.82,1.507882,7.1431154E7,17,600104,20260401
600612.SH,老凤祥,39.41,-0.8553459119496941,41.78,41.85,0.505172,41.86,-12.13016835,20000121,859/870,41.35,-8.33581456,20001208,41.85,41.86,41.35,41.78,1.226846,1190969,17,600612,20260401
000423.SZ,东阿阿胶,55.0,0.36496350364964025,56.34,57.19,-1.45181039,57.39,-12.35588972,20000117,860/870,56.22,-9.8442902,20001229,57.19,57.39,56.22,56.34,2.046527,7314322,33,000423,20260401
600132.SH,重庆啤酒,55.01,-2.100017796760989,57.22,57.11,0.95271701,57.64,-12.45316215,20001207,861/870,56.84,-10.0614587,20000128,57.11,57.64,56.84,57.22,1.411432,3861091,17,600132,20260401
600660.SH,福耀玻璃,58.87,-0.8922558922558942,57.97,57.9,1.70175439,58.18,-13.50893325,20000104,862/870,57.55,-11.48702498,20001221,57.9,58.18,57.55,57.97,1.105263,1.2855426E7,17,600660,20260401
000550.SZ,江铃汽车,18.75,-1.986408782017768,18.65,18.4,2.30389468,18.67,-13.69514,20000125,863/870,18.4,-10.17514,20001204,18.4,18.67,18.4,18.65,1.481075,8377595,33,000550,20260401
600809.SH,山西汾酒,143.35,0.1467095151599888,144.38,143.6,0.92268978,145.89,-18.20534372,20000104,864/870,142.06,-17.05335661,20001229,143.6,145.89,142.06,144.38,2.677198,6972614,17,600809,20260401
000538.SZ,云南白药,53.05,0.0,55.57,55.73,1.29420343,56.08,-18.31895499,20000105,865/870,55.31,-17.32311973,20001206,54.147,54.497,53.727,53.99,1.403572,9303790,33,000538,20260401
000895.SZ,双汇发展,27.73,0.3982621288921051,28.1,28.4,-1.05633803,28.63,-19.03052002,20000117,866/870,28,-18.03278281,20001219,27.6,27.83,27.2,27.3,2.218309,1.1327912E7,33,000895,20260401
000596.SZ,古井贡酒,107.23,-1.7590471827759977,107.08,104.1,4.11278561,108.8,-19.76785714,20000126,867/870,103.18,-14.04285714,20001214,104.1,108.8,103.18,107.08,5.464268,4710123,33,000596,20260401
000651.SZ,格力电器,40.05,-1.03780578206079,38.02,38.07,0.52882073,38.13,-24.8372434,20000106,868/870,37.83,-24.71879666,20000110,38.07,38.13,37.83,38.02,0.793231,1.9276933E7,33,000651,20260401
000858.SZ,五粮液,97.08,-1.281269066503971,104.39,103.97,1.08453568,105.18,-29.27974111,20000104,869/870,103.39,-28.24574215,20001201,103.97,105.18,103.39,104.39,1.73332,1.2266665E7,33,000858,20260401
000568.SZ,泸州老窖,100.1,-1.602280546544785,106.26,105.81,1.50936186,107.3,-34.25681321,20000104,870/870,104,-33.28371779,20001221,105.81,107.3,104,106.26,3.152464,6659368,33,000568,20260401
