股票代码,股票简称,最新价,chg_pct,p_close,p_open,涨跌幅:前复权[20260417],p_high,p_low,p_low,开盘价:前复权[20260417],最高价:前复权[20260417],最低价:前复权[20260417],收盘价:前复权[20260417],振幅[20260417],成交量[20260417],market_code,code,date
600519.SH,贵州茅台,1384.79,-1.1690230307528786,1407.24,1400,-3.80082579,1421,1399.87,1/5521,1400,1421,1399.87,1407.24,1.44445,9682499,17,600519,20260417
688498.SH,源杰科技,1571.0,3.6963696369636962,1445.0,1339.26,10.05331302,1460.08,1320,2/5521,1339.26,1460.08,1320,1445.0,10.668697,3520831,17,688498,20260417
688256.SH,寒武纪,1699.96,20.00028236024932,1334.0,1299.87,2.06579954,1349.47,1290,3/5521,1299.87,1349.47,1290,1334.0,4.550114,7210520,17,688256,20260417
300308.SZ,中际旭创,857.5,1.4792899408284024,851.0,841,5.11233804,865,820.24,4/5521,840,864,819.24,850.0,5.528587,3.9857161E7,33,300308,20260417
688802.SH,沐曦股份,758.03,6.261915442413362,721.0,725,-2.13643891,751,713.33,5/5521,725,751,713.33,721.0,5.113065,3301200,17,688802,20260417
688795.SH,摩尔线程,715.7,3.784802784222741,656.62,640.06,1.37248545,678.83,633,6/5521,640.06,678.83,633,656.62,7.075478,4218437,17,688795,20260417
688027.SH,国盾量子,572.19,2.385212754536027,601.46,607.55,-2.85557386,607.55,595.01,7/5521,607.55,607.55,595.01,601.46,2.02539,2691735,17,688027,20260417
300502.SZ,新易盛,525.79,-2.0875232774674184,589.0,550,9.58139535,589.98,542.03,8/5521,550,589.98,542.03,589.0,8.92093,4.161947E7,33,300502,20260417
300757.SZ,罗博特科,482.1,-1.2737549148099547,524.0,504.82,5.5472747,528.88,498.51,9/5521,504.82,528.88,498.51,524.0,6.11731,8937248,33,300757,20260417
001309.SZ,德明利,524.81,0.3595127454917476,513.69,510,-0.60178019,519.24,490,10/5521,510,519.24,490,513.69,5.657894,1.5479344E7,33,001309,20260417
002371.SZ,北方华创,536.99,5.145777447083478,469.91,470,-0.77075767,476.5,464.8,11/5521,470,476.5,464.8,469.91,2.470647,9546522,33,002371,20260417
920045.BJ,蘅东光,551.02,-3.41793451588025,520.0,460,16.70968466,556,457,12/5521,460,556,457,520.0,22.219728,2207220,151,920045,20260417
300750.SZ,宁德时代,436.0,-2.0224719101123596,444.2,455.96,-2.15427992,457.64,441.01,13/5521,449.003,450.683,434.053,437.24,3.663156,3.6535848E7,33,300750,20260417
688072.SH,拓荆科技,445.0,5.034578799537371,390.34,395.64,-3.11499417,400,385.5,14/5521,395.64,400,385.5,390.34,3.598997,6155303,17,688072,20260417
603444.SH,吉比特,406.61,-2.163137632338789,382.98,384.75,-0.89278783,388.8,381.26,15/5521,384.75,388.8,381.26,382.98,1.951194,2167322,17,603444,20260417
688167.SH,炬光科技,357.98,2.4556382369776877,388.93,400,-1.78535354,418,376.94,16/5521,400,418,376.94,388.93,10.368686,8135334,17,688167,20260417
688809.SH,强一股份,423.25,3.8650306748466257,417.0,369.98,11.09631011,422.62,366.8,17/5521,369.98,422.62,366.8,417.0,14.871453,3809278,17,688809,20260417
601869.SH,长飞光纤,353.9,-4.485587822519704,365.89,367.44,-0.71366547,372.64,360.35,18/5521,367.44,372.64,360.35,365.89,3.334961,1.5223111E7,17,601869,20260417
300394.SZ,天孚通信,307.5,-1.1540068790382125,379.28,361.89,6.66816661,383.66,360.14,19/5521,361.89,383.66,360.14,379.28,6.614731,4.5606946E7,33,300394,20260417
301308.SZ,江波龙,401.12,-3.1812696113927124,370.52,366,-0.41391173,373.73,358,20/5521,366,373.73,358,370.52,4.227812,1.4009134E7,33,301308,20260417
688502.SH,茂莱光学,474.5,-0.08422825858074906,411.11,353.45,16.32993775,424,347.9,21/5521,353.45,424,347.9,411.11,21.533672,3261020,17,688502,20260417
300870.SZ,欧陆通,404.0,7.44966621452698,358.88,353.56,1.23839883,374.56,347.06,22/5521,353.56,374.56,347.06,358.88,7.757623,5661991,33,300870,20260417
688195.SH,腾景科技,332.0,2.5450951321966917,358.0,347,4.59884298,362,342.01,23/5521,347,362,342.01,358.0,5.840589,8915726,17,688195,20260417
688807.SH,优迅股份,355.0,-2.2577092511013186,363.19,319.51,19.99933919,363.19,315.48,24/5521,319.51,363.19,315.48,363.19,15.763563,3082685,17,688807,20260417
688012.SH,中微公司,376.3,4.597509450744947,314.0,316.5,-1.41287284,320.3,309.2,25/5521,316.5,320.3,309.2,314.0,3.485086,1.386023E7,17,688012,20260417
688048.SH,长光华芯,352.03,0.23633257403188615,328.01,307,10.0704698,344.04,306.94,26/5521,307,344.04,306.94,328.01,12.449664,1.7760382E7,17,688048,20260417
300857.SZ,协创数据,259.7,-4.441255473378222,316.9,309.74,-0.65830721,322,305.08,27/5521,221,229.75714286,217.67142857,226.11,5.304075,2.6179322E7,33,300857,20260417
300476.SZ,胜宏科技,328.49,-1.6114056369245502,326.42,305.04,7.55189456,335,301.36,28/5521,305.04,335,301.36,326.42,11.084019,6.665121E7,33,300476,20260417
688785.SH,恒运昌,325.05,3.4861509073543417,304.04,305.38,-0.92544317,310.5,300.28,29/5521,305.38,310.5,300.28,304.04,3.330291,658150,17,688785,20260417
688200.SH,华峰测控,349.5,4.315902578796555,305.98,295,2.30707503,306,290.2,30/5521,295,306,290.2,305.98,5.282867,2515149,17,688200,20260417
688506.SH,百利天恒,272.74,0.64206642066421,298.39,310.01,-4.57627119,313.23,290.08,31/5521,310.01,313.23,290.08,298.39,7.403261,3100961,17,688506,20260417
603986.SH,兆易创新,312.99,1.327333354915997,288.96,284,0.77773515,295.66,282.9,32/5521,284,295.66,282.9,288.96,4.450179,4.0632112E7,17,603986,20260417
688025.SH,杰普特,356.01,9.879629629629626,284.25,286,0.55539833,299.99,279.81,33/5521,286,299.99,279.81,284.25,7.138814,4326777,17,688025,20260417
301629.SZ,矽电股份,305.13,-1.1564625850340113,289.28,278.73,3.03829029,294.88,276.01,34/5521,278.73,294.88,276.01,289.28,6.721282,2422628,33,301629,20260417
301396.SZ,宏景科技,316.74,-3.270728355474112,282.68,285.02,-2.32879552,287.98,273.88,35/5521,285.02,287.98,273.88,282.68,4.871812,1.3537111E7,33,301396,20260417
688627.SH,精智达,293.03,1.7500607659988068,280.51,278,-0.110391,284.98,272,36/5521,278,284.98,272,280.51,4.622177,2899587,17,688627,20260417
603129.SH,春风动力,274.73,-0.46014492753622527,278.01,275.53,1.02474654,283.99,270.36,37/5521,275.53,283.99,270.36,278.01,4.952941,2524036,17,603129,20260417
688525.SH,佰维存储,265.08,-1.4572490706319763,270.67,273.08,-5.62412831,278,268.74,38/5521,273.08,278,268.74,270.67,3.22873,4.9745553E7,17,688525,20260417
002916.SZ,深南电路,312.5,-0.6390893771263206,283.06,269.45,4.78270526,288.88,266.03,39/5521,269.45,288.88,266.03,283.06,8.458577,1.3350661E7,33,002916,20260417
301626.SZ,苏州天脉,279.16,3.638253638253642,266.8,275.18,-3.50115741,289.88,265.61,40/5521,275.18,289.88,265.61,266.8,8.778211,3796499,33,301626,20260417
301205.SZ,联特科技,235.4,-1.4732965009208028,285.55,266.66,7.80760373,292.88,262.65,41/5521,266.66,292.88,262.65,285.55,11.413146,1.1315509E7,33,301205,20260417
688766.SH,普冉股份,271.09,1.266342921180421,264.5,261.03,-0.25642959,270,258,42/5521,261.03,270,258,264.5,4.525228,4787710,17,688766,20260417
688041.SH,海光信息,296.25,6.270402123614456,260.0,258,2.76679842,268.5,257.1,43/5521,258,268.5,257.1,260.0,4.505928,3.2751487E7,17,688041,20260417
688125.SH,安达智能,212.69,-0.3793911007025772,256.2,259.7,-1.68086576,264.74,252.8,44/5521,259.7,264.74,252.8,256.2,4.582086,860396,17,688125,20260417
688617.SH,惠泰医疗,237.87,-2.0143351458230296,256.02,258.44,-0.46265697,258.46,251.43,45/5521,258.44,258.46,251.43,256.02,2.733175,929661,17,688617,20260417
688111.SH,金山办公,251.94,1.075182540319348,247.55,251,-1.94486255,251.26,246.68,46/5521,251,251.26,246.68,247.55,1.814148,8078923,17,688111,20260417
688235.SH,百济神州,234.8,-0.6389911556853247,246.5,255,-4.08187089,255,245.2,47/5521,255,255,245.2,246.5,3.813377,4529363,17,688235,20260417
300548.SZ,长芯博创,256.69,3.713131313131312,260.05,246.09,7.78827821,261.88,245,48/5521,246.09,261.88,245,260.05,6.996601,2.3450791E7,33,300548,20260417
688019.SH,安集科技,250.2,2.147464685229032,245.0,254,-3.33399093,254.6,244.1,49/5521,254,254.6,244.1,245.0,4.142828,3514775,17,688019,20260417
688692.SH,达梦数据,263.73,2.5588178106163877,244.17,250.73,-1.44500505,250.73,243.3,50/5521,250.73,250.73,243.3,244.17,2.99899,1050638,17,688692,20260417
688205.SH,德科立,240.96,2.6235093696763188,255.9,246.32,6.26635107,257,240.21,51/5521,246.32,257,240.21,255.9,6.972301,1.7424293E7,17,688205,20260417
603061.SH,金海通,254.85,0.8867424092474488,243.9,250.9,-0.8455972,251.89,239.01,52/5521,250.9,251.89,239.01,243.9,5.236198,4154005,17,603061,20260417
301345.SZ,涛涛车业,270.01,2.2339176858127208,239.59,242.59,-0.86067778,243.99,237,53/5521,241.09,242.49,235.5,238.09,2.892373,1311327,33,301345,20260417
300620.SZ,光库科技,237.96,1.1519659936238078,251.83,238.16,8.98900718,260.55,235.8,54/5521,238.16,260.55,235.8,251.83,10.711503,2.7286995E7,33,300620,20260417
300033.SZ,同花顺,235.0,0.6639537374170107,240.88,237.4,0.46294365,242.5,234.03,55/5521,237.4,242.5,234.03,240.88,3.532552,1.2434564E7,33,300033,20260417
688521.SH,芯原股份,280.88,19.99829110949716,241.08,237,-1.47936248,242.79,231.7,56/5521,237,242.79,231.7,241.08,4.53208,2.8937567E7,17,688521,20260417
688630.SH,芯碁微装,257.75,-2.7174938667673105,240.95,234.8,1.74394055,245,230.78,57/5521,234.1,244.3,230.08,240.25,6.00456,7841784,17,688630,20260417
301666.SZ,大普微,318.0,7.4324324324324325,231.5,262,-5.33633204,266,229.8,58/5521,262,266,229.8,231.5,14.802698,1.7790766E7,33,301666,20260417
688411.SH,海博思创,257.3,0.6611634912562097,230.35,232,-1.70265426,236.49,228,59/5521,232,236.49,228,230.35,3.622941,4282187,17,688411,20260417
300751.SZ,迈为股份,238.88,7.914709071196233,231.02,231,-0.37517789,234.37,225.17,60/5521,231,234.37,225.17,231.02,3.967398,9179732,33,300751,20260417
688702.SH,盛科通信,322.16,-1.7804878048780413,227.19,227.46,0.74944568,235.35,225,61/5521,227.46,235.35,225,227.19,4.5898,5822250,17,688702,20260417
301630.SZ,同宇新材,249.1,-3.3447151947850506,221.9,222.23,-0.15748031,228.5,219.39,62/5521,222.23,228.5,219.39,221.9,4.098987,1718659,33,301630,20260417
002028.SZ,思源电气,195.0,-0.944833892106072,213.8,215.97,-0.96349824,218.87,212.11,63/5521,215.97,218.87,212.11,213.8,3.131369,1.0277276E7,33,002028,20260417
301232.SZ,飞沃科技,217.72,7.782178217821782,221.5,212,1.75954426,223.08,210.2,64/5521,212,223.08,210.2,221.5,5.917214,7177245,33,301232,20260417
301377.SZ,鼎泰高科,234.66,2.921052631578946,225.22,217.17,3.96048744,227.94,209.43,65/5521,216.67,227.44,208.93,224.72,8.544128,5780650,33,301377,20260417
688668.SH,鼎通科技,220.0,0.4336909381419715,212.0,215,2.30179028,218.58,204,66/5521,215,218.58,204,212.0,7.03566,1.0535785E7,17,688668,20260417
300953.SZ,震裕科技,220.6,4.733418791245311,208.47,206.44,0.29346676,211.44,202.62,67/5521,206.44,211.44,202.62,208.47,4.24324,8109050,33,300953,20260417
688017.SH,绿的谐波,224.12,4.237012231989216,213.0,206,2.41369362,213.74,202.28,68/5521,206,213.74,202.28,213.0,5.510145,5815086,17,688017,20260417
301489.SZ,思泉新材,229.56,5.554533750229913,219.2,202.02,5.00598802,223.67,202.02,69/5521,202.02,223.67,202.02,219.2,10.371257,5217520,33,301489,20260417
300972.SZ,万辰集团,226.81,0.9839715048975993,203.65,208.7,-3.25415677,209.55,201.67,70/5521,208.7,209.55,201.67,203.65,3.743467,1357934,33,300972,20260417
002850.SZ,科达利,190.45,-0.08394103142543675,198.16,202.11,-3.61398901,205.38,196.29,71/5521,202.11,205.38,196.29,198.16,4.421421,7575605,33,002850,20260417
688536.SH,思瑞浦,268.1,12.950792045837549,201.66,196.7,2.99284985,204.86,196.26,72/5521,196.7,204.86,196.26,201.66,4.392236,4985240,17,688536,20260417
605499.SH,东鹏饮料,203.84,-2.155234483751744,199.8,194,2.85184804,201.31,192.33,73/5521,194,201.31,192.33,199.8,4.62267,6155834,17,605499,20260417
688775.SH,影石创新,192.86,0.8418300653594842,196.09,194.98,0.46623629,196.4,192.23,74/5521,194.98,196.4,192.23,196.09,2.136489,769742,17,688775,20260417
301200.SZ,大族数控,182.59,-1.3613527091999407,202.79,194.29,3.327219,203.41,190.3,75/5521,194.29,203.41,190.3,202.79,6.679914,5422547,33,301200,20260417
301183.SZ,东田微,180.99,2.1445905525142566,199.12,189,6.83549737,202,186,76/5521,189,202,186,199.12,8.584612,1.0996862E7,33,301183,20260417
688615.SH,合合信息,137.1,5.429098738849587,185.95,184,-0.67304097,188.65,183.68,77/5521,130.25,133.57142857,130.02142857,131.64,2.654772,4903068,17,688615,20260417
688120.SH,华海清科,197.43,2.1894409937888293,189.12,189,-0.2005277,190.12,183,78/5521,189,190.12,183,189.12,3.757255,4179386,17,688120,20260417
603929.SH,亚翔集成,188.3,-2.120802578230577,186.63,186,-0.23520607,187.44,182.36,79/5521,186,187.44,182.36,186.63,2.715561,5111289,17,603929,20260417
301590.SZ,优优绿能,177.19,0.045169668567547894,185.39,184.02,0.65696601,186.38,181.56,80/5521,184.02,186.38,181.56,185.39,2.617005,544494,33,301590,20260417
301128.SZ,强瑞技术,178.31,-3.092391304347825,183.59,187.13,-3.40927027,189,180.02,81/5521,187.13,189,180.02,183.59,4.724575,7219716,33,301128,20260417
688037.SH,芯源微,232.11,13.224390243902446,182.0,181,-1.21044347,185.31,178.9,82/5521,181,185.31,178.9,182.0,3.479346,4762062,17,688037,20260417
920982.BJ,锦波生物,175.9,0.45688178183895567,184.45,179.95,2.98140807,185.86,178.01,83/5521,179.95,185.86,178.01,184.45,4.382781,1301732,151,920982,20260417
688279.SH,峰岹科技,197.45,0.74493596612071,178.42,179,-1.53421634,179.89,176.2,84/5521,179,179.89,176.2,178.42,2.036423,1449538,17,688279,20260417
001400.SZ,江顺科技,204.67,-0.6456310679611711,193.6,177.6,10,193.6,174.24,85/5521,177.6,193.6,174.24,193.6,11,2721511,33,001400,20260417
688361.SH,中科飞测,196.6,4.797441364605544,177.2,175.5,0.40228908,177.9,173.55,86/5521,175.5,177.9,173.55,177.2,2.464728,4221004,17,688361,20260417
301589.SZ,诺瓦星云,171.4,1.8540527691942028,173.37,174.61,-0.92576719,174.99,172.45,87/5521,174.61,174.99,172.45,173.37,1.451511,494700,33,301589,20260417
688270.SH,ST臻镭,130.38,7.707558859975215,175.16,173,-0.53378762,177.6,172,88/5521,173,177.6,172,175.16,3.180011,1.4641915E7,22,688270,20260417
603893.SH,瑞芯微,182.9,0.2906179744475523,170.93,170.39,-0.02924319,171.99,169.39,89/5521,170.39,171.99,169.39,170.93,1.520645,5509121,17,603893,20260417
301306.SZ,西测测试,165.72,11.184166387118406,173.94,172,0.5433526,174.77,168,90/5521,172,174.77,168,173.94,3.913294,6929306,33,301306,20260417
301338.SZ,凯格精机,193.93,4.668609671848017,180.91,167.8,10.92648231,190,167.02,91/5521,167.8,190,167.02,180.91,14.090379,8268345,33,301338,20260417
301486.SZ,致尚科技,217.3,-0.18373909049149162,169.69,168.59,0.33110625,175.9,167.01,92/5521,168.59,175.9,167.01,169.69,5.256311,8076140,33,301486,20260417
301369.SZ,联动科技,170.07,5.371747211895903,168.88,176.6,-2.84202048,177.65,166.48,93/5521,176.6,177.65,166.48,168.88,6.426188,2124004,33,301369,20260417
688608.SH,恒玄科技,169.63,-2.089466089466092,167.1,168,-1.30529797,168.89,165.82,94/5521,168,168.89,165.82,167.1,1.813241,3846109,17,688608,20260417
301005.SZ,超捷股份,174.6,4.375896700143468,168.0,168.5,-0.86741016,169.8,165.01,95/5521,168.5,169.8,165.01,168.0,2.826458,8760912,33,301005,20260417
301563.SZ,云汉芯城,163.9,0.570657176167397,168.52,163.63,2.03439089,169.3,163.38,96/5521,163.63,169.3,163.38,168.52,3.584403,1935630,33,301563,20260417
688052.SH,纳芯微,198.0,4.767448013122382,169.7,163.61,4.57878844,171.2,162.27,97/5521,163.61,171.2,162.27,169.7,5.503173,4187220,17,688052,20260417
301086.SZ,鸿富瀚,197.06,3.280922431865823,168.35,162.01,2.27203694,171.01,162.01,98/5521,162.01,171.01,162.01,168.35,5.467468,3492266,33,301086,20260417
300672.SZ,国科微,178.31,11.027397260273979,166.9,164.06,2.62559183,168.99,160.26,99/5521,164.06,168.99,160.26,166.9,5.368013,1.1162329E7,33,300672,20260417
301326.SZ,捷邦科技,183.97,6.341040462427745,165.67,162.8,2.48051466,168.54,160.11,100/5521,162.8,168.54,160.11,165.67,5.214648,1760772,33,301326,20260417
920493.BJ,并行科技,152.39,2.1106941838649003,174.73,160.3,8.5346916,180.04,157.51,101/5521,160.3,180.04,157.51,174.73,13.994658,5930253,151,920493,20260417
300760.SZ,迈瑞医疗,168.4,0.0,156.75,159.92,-2.3121027,159.92,156.71,102/5521,159.92,159.92,156.71,156.75,2.000498,8917087,33,300760,20260417
301550.SZ,斯菱智驱,159.95,4.235907461713913,162.79,157.04,0.90497738,164.24,154.5,103/5521,157.04,164.24,154.5,162.79,6.037314,5567603,33,301550,20260417
300475.SZ,香农芯创,174.7,0.22948938611587907,159.12,156,1.47959184,160.58,153.33,104/5521,156,160.58,153.33,159.12,4.623724,3.5158941E7,33,300475,20260417
688082.SH,盛美上海,154.11,3.422589087980688,157.4,154.53,0.98806621,158.5,152.8,105/5521,154.53,158.5,152.8,157.4,3.657128,3608583,17,688082,20260417
002384.SZ,东山精密,186.73,1.3459972862957883,162.1,155,8.39184219,164.45,152.16,106/5521,155,164.45,152.16,162.1,8.217987,1.1954188E8,33,002384,20260417
688372.SH,伟测科技,151.39,2.881413523615345,152.42,155.83,-2.29487179,157.95,151.81,107/5521,155.83,157.95,151.81,152.42,3.935897,8345810,17,688372,20260417
688018.SH,乐鑫科技,172.12,2.0998932257681764,152.7,152.41,0.46052632,154.33,151,108/5521,152.41,154.33,151,152.7,2.190789,2488322,17,688018,20260417
688008.SH,澜起科技,173.3,2.001177163037084,150.78,150.52,-0.14569536,155,150.03,109/5521,150.52,155,150.03,150.78,3.29139,4.5525375E7,17,688008,20260417
301362.SZ,民爆光电,157.0,8.17142069725783,150.73,152.12,-3.25417202,157.32,149.78,110/5521,152.12,157.32,149.78,150.73,4.839537,3677641,33,301362,20260417
300666.SZ,江丰电子,179.71,2.463082273789852,159.42,151.76,3.48588121,161.73,149.69,111/5521,151.76,161.73,149.69,159.42,7.815644,1.2999721E7,33,300666,20260417
301392.SZ,汇成真空,156.11,-0.4400510204081618,162.14,154.46,5.04016585,171.86,149.35,112/5521,154.46,171.86,149.35,162.14,14.582793,9163438,33,301392,20260417
300604.SZ,长川科技,174.2,-0.057372346528986075,150.7,153.7,-2.20001298,153.7,148.75,113/5521,153.7,153.7,148.75,150.7,3.212408,2.1362973E7,33,300604,20260417
688519.SH,南亚新材,174.19,-0.5197030268418028,148.5,153.77,-3.79008746,154.33,147.9,114/5521,153.77,154.33,147.9,148.5,4.165856,8210631,17,688519,20260417
600436.SH,片仔癀,143.55,3.0361757105943283,146.31,147.47,-1.188627,147.5,146.23,115/5521,147.47,147.5,146.23,146.31,0.857702,2259268,17,600436,20260417
688331.SH,荣昌生物,129.31,-1.2900763358778609,150.11,153.76,-2.05533081,154.64,146,116/5521,153.76,154.64,146,150.11,5.637478,9542494,17,688331,20260417
688368.SH,晶丰明源,154.3,5.504273504273512,153.41,147.26,4.94595704,156.8,146,116/5521,147.26,156.8,146,153.41,7.388151,2461842,17,688368,20260417
301191.SZ,菲菱科思,142.54,-4.534190610139984,146.0,149,-2.51719303,150.95,145.77,118/5521,149,150.95,145.77,146.0,3.458636,3844140,33,301191,20260417
301031.SZ,中熔电气,160.4,-2.764306498545103,146.95,148.96,-1.41553737,148.99,145.18,119/5521,148.96,148.99,145.18,146.95,2.556017,2115662,33,301031,20260417
688047.SH,龙芯中科,166.23,6.612365315546436,144.77,146.5,2.2531431,149.68,144.6,120/5521,146.5,149.68,144.6,144.77,3.588077,9678891,17,688047,20260417
688188.SH,柏楚电子,141.78,2.3608403725362863,144.84,144.8,0.2283579,145.86,143.36,121/5521,144.8,145.86,143.36,144.84,1.729984,1371434,17,688188,20260417
301662.SZ,宏工科技,182.26,5.048991354466853,165.0,145.43,13.26194399,169,143.2,122/5521,145.43,169,143.2,165.0,17.710049,4439606,33,301662,20260417
603516.SH,淳中科技,142.25,-9.996836444163247,147.3,142,3.07186341,148.55,141,123/5521,142,148.55,141,147.3,5.283045,7317947,17,603516,20260417
688790.SH,昂瑞微,142.81,2.8075732488661767,146.8,141.2,3.54069685,147.88,140.22,124/5521,141.2,147.88,140.22,146.8,5.402736,1191418,17,688790,20260417
603083.SH,剑桥科技,174.97,2.4954601370745655,145.29,139,10.00151423,145.29,139,125/5521,139,145.29,139,145.29,4.762265,2.3555444E7,17,603083,20260417
600809.SH,山西汾酒,143.35,0.1467095151599888,139.5,139.2,-1.17597053,139.88,138.6,126/5521,139.2,139.88,138.6,139.5,0.906772,4113902,17,600809,20260417
605117.SH,德业股份,150.63,2.03210729526519,143.99,139,2.85734695,144.72,138.2,127/5521,139,144.72,138.2,143.99,4.657475,1.8584726E7,17,605117,20260417
001389.SZ,广合科技,163.25,-0.4573170731707317,149.22,137.02,10.00368596,149.22,137.02,128/5521,137.02,149.22,137.02,149.22,8.993733,1.0593862E7,33,001389,20260417
603402.SH,陕西旅游,111.17,-4.205084015510552,136.9,138.88,-2.14438885,138.88,136.88,129/5521,138.88,138.88,136.88,136.9,1.429592,1556130,17,603402,20260417
688031.SH,星环科技,132.0,0.8942903003898092,139.65,138,0.10752688,143.32,136.5,130/5521,138,143.32,136.5,139.65,4.888888,5397245,17,688031,20260417
001270.SZ,*ST铖昌,140.35,4.997381611431142,136.0,140.88,-3.57345434,146,135,131/5521,140.88,146,135,136.0,7.799205,1.1844431E7,33,001270,20260417
688667.SH,菱电电控,148.26,-4.032623470774819,145.22,136.75,6.19378428,149.88,134.85,132/5521,136.75,149.88,134.85,145.22,10.990859,2604875,17,688667,20260417
688656.SH,浩欧博,130.33,1.8203125000000098,136.67,138.45,-1.32129964,138.45,133.9,133/5521,138.45,138.45,133.9,136.67,3.285198,534940,17,688656,20260417
300570.SZ,太辰光,135.92,-1.699573298618661,141.22,133.97,4.98067202,142.86,133.6,134/5521,133.97,142.86,133.6,141.22,6.883734,3.4123327E7,33,300570,20260417
301488.SZ,豪恩汽电,125.07,0.8791740603323029,136.89,134.16,1.52784989,137.5,132.5,135/5521,134.16,137.5,132.5,136.89,3.708373,1331814,33,301488,20260417
688787.SH,海天瑞声,130.1,1.2215047070722735,134.33,133,0.09687034,136.3,132.23,136/5521,133,136.3,132.23,134.33,3.032786,1773235,17,688787,20260417
300274.SZ,阳光电源,137.41,-0.4780183964655585,132.75,133.08,-0.85884989,135.78,132.06,137/5521,133.08,135.78,132.06,132.75,2.778192,6.5205391E7,33,300274,20260417
688275.SH,万润新能,154.77,-5.0490797546012205,136.76,130.8,4.55657492,139.79,130.18,138/5521,130.8,139.79,130.18,136.76,7.347094,5905639,17,688275,20260417
688585.SH,上纬新材,119.92,3.3258659314147847,137.26,129,6.14801639,142.98,129,139/5521,129,142.98,129,137.26,10.811228,7281900,17,688585,20260417
688629.SH,华丰科技,136.2,7.109153821956584,136.4,129,3.4273582,138.48,129,139/5521,129,138.48,129,136.4,7.188353,2.1563424E7,17,688629,20260417
688515.SH,裕太微,172.6,13.418320410040732,132.42,128.87,2.67504071,133.48,127.88,141/5521,128.87,133.48,127.88,132.42,4.342095,2299451,17,688515,20260417
601799.SH,星宇股份,124.08,-1.2887828162291206,133.1,130.23,2.38461538,134.86,127.8,142/5521,130.23,134.86,127.8,133.1,5.430769,4491492,17,601799,20260417
688392.SH,骄成超声,139.8,-0.042900042900044524,131.84,127.78,2.41590927,134.26,127.7,143/5521,127.78,134.26,127.7,131.84,5.095937,2007622,17,688392,20260417
688332.SH,中科蓝讯,113.5,0.39805395842547797,128.76,128,0.62519537,130.4,127.3,144/5521,128,130.4,127.3,128.76,2.422632,1959604,17,688332,20260417
300969.SZ,恒帅股份,122.4,2.641509433962269,132.47,129.33,1.39303483,134.96,126.34,145/5521,129.33,134.96,126.34,132.47,6.59778,2292768,33,300969,20260417
300567.SZ,精测电子,145.05,6.662254577542468,127.58,129.5,-2.16257669,130.1,125.05,146/5521,129.5,130.1,125.05,127.58,3.872699,8895161,33,300567,20260417
688002.SH,睿创微纳,146.01,0.35051546391751953,129.7,125.55,3.26433121,131,124.88,147/5521,125.55,131,124.88,129.7,4.872611,8800775,17,688002,20260417
605289.SH,罗曼股份,150.05,-2.2602918186555487,129.91,130.85,-1.27669276,133,124.7,148/5521,130.85,133,124.7,129.91,6.30747,5843100,17,605289,20260417
688375.SH,国博电子,122.51,-0.4307542262678813,135.05,124.97,6.43076681,137.99,124.01,149/5521,124.97,137.99,124.01,135.05,11.017416,8412813,17,688375,20260417
301592.SZ,六九一二,130.81,1.8769470404984396,126.52,124.01,1.2565026,127.4,123.5,150/5521,124.01,127.4,123.5,126.52,3.121248,1677493,33,301592,20260417
688059.SH,华锐精密,142.24,0.8865877012554081,128.61,125.85,2.15250199,130.88,123.2,151/5521,125.85,130.88,123.2,128.61,6.100079,3586903,17,688059,20260417
688353.SH,华盛锂电,109.95,-12.654909437559576,124.83,123.5,0.16851228,127.99,123.1,152/5521,123.5,127.99,123.1,124.83,3.923928,6871511,17,688353,20260417
600563.SH,法拉电子,118.02,2.4479166666666607,127.34,123.02,2.94260307,127.89,123.02,153/5521,123.02,127.89,123.02,127.34,3.936944,8390094,17,600563,20260417
301682.SZ,宏明电子,125.63,2.1797478649857607,127.25,123.8,2.00400802,128.47,123,154/5521,123.8,128.47,123,127.25,4.384769,6114832,33,301682,20260417
603124.SH,江南新材,127.1,-0.8425651427679922,124.02,124.88,-0.43352601,126.12,122.56,155/5521,124.88,126.12,122.56,124.02,2.85806,1647828,17,603124,20260417
688347.SH,华虹公司,141.0,6.688861985472157,124.61,123.55,-0.41556781,127.99,122.55,156/5521,123.55,127.99,122.55,124.61,4.347478,1.2543435E7,17,688347,20260417
301413.SZ,安培龙,100.69,1.8820196296671046,123.78,123.66,-1.49610059,124.56,122.3,157/5521,123.66,124.56,122.3,123.78,1.798503,3194434,33,301413,20260417
688535.SH,华海诚科,90.53,2.2591212018524796,125.65,124.37,0.27932961,125.85,122.02,158/5521,83.96621622,84.96621622,82.37837838,84.83,3.056664,3137143,17,688535,20260417
301683.SZ,慧谷新材,129.28,-0.5920799692426069,124.3,125.08,-0.9561753,126,121.22,159/5521,125.08,126,121.22,124.3,3.808764,3374147,33,301683,20260417
603268.SH,松发股份,149.5,4.036186499652061,121.22,121.22,,121.22,121.22,159/5521,121.22,121.22,121.22,121.22,,,17,603268,20260417
688109.SH,品茗科技,95.51,-0.09414225941421465,121.79,123.73,-3.34894056,126.8,121.02,161/5521,123.73,126.8,121.02,121.79,4.586937,1109828,17,688109,20260417
688068.SH,热景生物,112.2,1.492537313432841,122.88,125.96,-2.00956938,125.96,121,162/5521,125.96,125.96,121,122.88,3.955342,2532695,17,688068,20260417
688123.SH,聚辰股份,123.49,9.964381121994656,121.22,122.16,-1.60714286,122.18,119.57,163/5521,121.46,121.48,118.87,120.52,2.118506,9160478,17,688123,20260417
688326.SH,经纬恒润,89.19,-2.118086040386311,124.18,120.7,2.12171053,125,119.4,164/5521,120.7,125,119.4,124.18,4.605263,1731408,17,688326,20260417
688110.SH,东芯股份,143.77,6.57524091919941,121.24,120,0.4057971,121.66,118.77,165/5521,120,121.66,118.77,121.24,2.393374,1.2174771E7,17,688110,20260417
688313.SH,仕佳光子,131.82,0.5032021957913972,125.79,118,9.48733571,132.71,117.39,166/5521,118,132.71,117.39,125.79,13.334493,5.1867814E7,17,688313,20260417
301018.SZ,申菱环境,116.81,0.24888431170615025,120.45,119.9,-1.93763739,124.49,117.33,167/5521,119.9,124.49,117.33,120.45,5.829194,1.3962591E7,33,301018,20260417
300866.SZ,安克创新,125.44,4.5072065317004055,117.35,119.73,-2.75936361,120.4,116.77,168/5521,119.73,120.4,116.77,117.35,3.007954,7154297,33,300866,20260417
688325.SH,赛微微电,121.91,2.1278378151964414,121.72,118,3.80351356,122.87,116.7,169/5521,118,122.87,116.7,121.72,5.261811,1398499,17,688325,20260417
688583.SH,思看科技,124.2,3.3277870216306153,119.29,124.53,-4.79648843,125.5,116.66,170/5521,124.53,125.5,116.66,119.29,7.055067,2951899,17,688583,20260417
301196.SZ,唯科科技,118.5,5.006645990252553,117.11,118.21,-1.91792295,121.68,116.01,171/5521,118.21,121.68,116.01,117.11,4.748743,5462576,33,301196,20260417
301312.SZ,智立方,115.08,2.8969957081545017,120.8,121.69,-0.28889806,124.78,115.61,172/5521,121.69,124.78,115.61,120.8,7.569129,9664533,33,301312,20260417
002353.SZ,杰瑞股份,137.0,7.662082514734774,121.18,115.13,4.19604471,123.83,114.88,173/5521,115.13,123.83,114.88,121.18,7.695614,2.8063801E7,33,002353,20260417
300223.SZ,北京君正,124.18,-0.9096712416214383,116.79,115,0.59431525,117.45,114.5,174/5521,115,117.45,114.5,116.79,2.540913,1.8906895E7,33,300223,20260417
300436.SZ,广生堂,117.3,0.41948463316496437,116.5,116,-0.43586018,117.79,114.2,175/5521,116,117.79,114.2,116.5,3.068113,8392273,33,300436,20260417
002821.SZ,凯莱英,125.56,-0.9779179810725512,114.41,117.22,-2.55514862,117.98,114.15,176/5521,117.22,117.98,114.15,114.41,3.262073,8128919,33,002821,20260417
300896.SZ,爱美客,115.05,-0.9641043298614139,114.55,115.7,-1.06235965,115.7,113.53,177/5521,114.9,114.9,112.73,113.75,1.874244,1943153,33,300896,20260417
000988.SZ,华工科技,119.53,0.41162634408601717,116.68,113,3.88176638,117.58,112.79,178/5521,113,117.58,112.79,116.68,4.264601,9.5400783E7,33,000988,20260417
301357.SZ,北方长龙,107.65,0.711011320048653,115.1,114.6,-0.00868734,115.94,112.78,179/5521,114.6,115.94,112.78,115.1,2.7452,2628049,33,301357,20260417
688271.SH,联影医疗,109.95,-2.240597492664707,112.98,114.46,-1.33612785,114.46,112.74,180/5521,114.46,114.46,112.74,112.98,1.502052,4470163,17,688271,20260417
301557.SZ,常友科技,109.08,2.1348314606741585,113.05,114,-1.38695045,115.96,112.5,181/5521,114,115.96,112.5,113.05,3.018143,1210173,33,301557,20260417
688032.SH,禾迈股份,112.61,-2.9558772836952834,113.99,113.81,-0.05260851,114.45,112.02,182/5521,113.81,114.45,112.02,113.99,2.130644,1639653,17,688032,20260417
605255.SH,天普股份,102.04,2.0910455227613842,119.88,115,6.08849558,122.93,112,183/5521,115,122.93,112,119.88,9.672566,3191561,17,605255,20260417
688258.SH,卓易信息,120.41,1.3552188552188549,113.52,115.19,-0.50832603,115.3,111.78,184/5521,115.19,115.3,111.78,113.52,3.085013,3710306,17,688258,20260417
688318.SH,财富趋势,111.0,0.6802721088435374,114.43,113.4,0.35078488,115.25,111.78,184/5521,113.4,115.25,111.78,114.43,3.043058,2840579,17,688318,20260417
300454.SZ,深信服,117.18,3.1514084507042366,113.02,114,-0.10606328,116.98,111.2,186/5521,114,116.98,111.2,113.02,5.108714,1.4301905E7,33,300454,20260417
688610.SH,埃科光电,124.7,1.962387571545385,118.17,113.38,4.87220447,121,111,187/5521,113.38,121,111,118.17,8.874689,2707571,17,688610,20260417
301225.SZ,恒勃股份,103.62,7.333747669359848,115.8,113.48,-1.44680851,117.78,110.7,188/5521,113.48,117.78,110.7,115.8,6.025531,2551602,33,301225,20260417
688169.SH,石头科技,115.8,-1.7478364160868847,111.27,111.33,-0.60741402,113.49,110.3,189/5521,111.33,113.49,110.3,111.27,2.849486,4598478,17,688169,20260417
002281.SZ,光迅科技,144.28,8.58734101000978,116.83,110.99,9.99905847,116.83,110.11,190/5521,110.99,116.83,110.11,116.83,6.327087,6.2361124E7,33,002281,20260417
688301.SH,奕瑞科技,114.59,1.8577777777777809,113.2,110.96,1.81687354,114.27,110.03,191/5521,110.96,114.27,110.03,113.2,3.813635,2621062,17,688301,20260417
603991.SH,至正股份,112.63,-0.8626001232285926,115.72,111.88,3.32142857,116.39,110.01,192/5521,111.88,116.39,110.01,115.72,5.696428,2815698,17,603991,20260417
603297.SH,永新光学,114.76,0.719677022994565,112.69,110.2,1.77926301,112.95,109.51,193/5521,110.2,112.95,109.51,112.69,3.106936,1235347,17,603297,20260417
301529.SZ,福赛科技,138.11,11.884316267012327,113.2,115,-2.26213089,115.26,109.26,194/5521,115,115.26,109.26,113.2,5.180452,3704433,33,301529,20260417
605376.SH,博迁新材,131.58,9.998328038789507,114.36,109.6,3.82206083,116.03,108.8,195/5521,109.6,116.03,108.8,114.36,6.563776,7633375,17,605376,20260417
300724.SZ,捷佳伟创,93.24,2.4390243902439015,110.23,109.2,-0.14494066,110.5,108.67,196/5521,109.2,110.5,108.67,110.23,1.657758,1.2262436E7,33,300724,20260417
688228.SH,开普云,105.51,0.9375298957237195,109.91,110.9,-0.91056617,111.6,108.3,197/5521,110.9,111.6,108.3,109.91,2.975117,2188004,17,688228,20260417
603163.SH,圣晖集成,98.0,-2.1467798302546237,113.5,112.3,2.17861001,114.51,107.8,198/5521,112.3,114.51,107.8,113.5,6.040691,3832600,17,603163,20260417
301628.SZ,强达电路,104.92,-1.1866641552081418,110.68,107.96,2.19759926,111.64,107.65,199/5521,107.96,111.64,107.65,110.68,3.68421,2671535,33,301628,20260417
300395.SZ,菲利华,108.98,-2.3214125661019893,112.2,107.55,2.99247292,114.94,107.1,200/5521,107.55,114.94,107.1,112.2,7.196621,3.8476577E7,33,300395,20260417
688356.SH,键凯科技,97.35,-1.9637462235649576,107.77,108.5,-0.76427256,109.96,106.66,201/5521,108.5,109.96,106.66,107.77,3.038674,1065638,17,688356,20260417
002920.SZ,德赛西威,103.07,-0.8560984994228555,107.81,107.5,-0.53510471,108.15,106.51,202/5521,107.5,108.15,106.51,107.81,1.513054,6275445,33,002920,20260417
688160.SH,步科股份,107.42,4.697855750487337,110.1,108,1.00917431,110.98,106.14,203/5521,108,110.98,106.14,110.1,4.440366,2104264,17,688160,20260417
688652.SH,京仪装备,120.8,3.4246575342465753,107.9,106.91,0.45619588,108.75,105.31,204/5521,106.91,108.75,105.31,107.9,3.202681,4580405,17,688652,20260417
688686.SH,奥普特,109.31,2.7349624060150344,108.89,106.02,4.39075832,113.3,105.01,205/5521,106.02,113.3,105.01,108.89,7.947464,3188900,17,688686,20260417
301600.SZ,慧翰股份,108.98,1.9457436856875567,108.0,105.2,2.17596973,108.8,104.7,206/5521,105.2,108.8,104.7,108.0,3.878902,1234870,33,301600,20260417
688183.SH,生益电子,109.6,-4.002802837873353,110.38,104.73,4.82431149,111.97,104.69,207/5521,104.73,111.97,104.69,110.38,6.91358,2.3343702E7,17,688183,20260417
688717.SH,艾罗能源,121.66,3.98290598290598,105.6,105,-0.15128593,108.06,104.5,208/5521,105,108.06,104.5,105.6,3.366111,5136403,17,688717,20260417
688691.SH,灿芯股份,122.8,15.849056603773583,105.48,105.96,-1.73281163,108.05,104.43,209/5521,105.96,108.05,104.43,105.48,3.372461,5224880,17,688691,20260417
002837.SZ,英维克,94.6,0.1058201058200998,110.67,105.68,4.2286683,112.63,104.41,210/5521,105.68,112.63,104.41,110.67,7.74157,5.7543019E7,33,002837,20260417
601100.SH,恒立液压,104.98,-0.019047619047615257,105.39,106.75,-1.5046729,106.75,104.26,211/5521,106.75,106.75,104.26,105.39,2.327102,7697183,17,601100,20260417
000596.SZ,古井贡酒,107.23,-1.7590471827759977,105.3,105.46,-1.40449438,106.16,104.25,212/5521,105.46,106.16,104.25,105.3,1.788389,2240835,33,000596,20260417
603306.SH,华懋科技,101.45,0.515208560388384,108.27,107.8,4.0157556,109.2,104,213/5521,107.8,109.2,104,108.27,4.995676,1.4627196E7,17,603306,20260417
301696.SZ,三瑞智能,94.7,-1.5592515592515592,105.28,112.99,-8.44421254,112.99,103.7,214/5521,112.99,112.99,103.7,105.28,8.078963,1.394329E7,33,301696,20260417
300782.SZ,卓胜微,99.62,-2.314179250833496,106.0,105.8,2.44515318,111.74,103.68,215/5521,105.8,111.74,103.68,106.0,7.789697,3.0307481E7,33,300782,20260417
301680.SZ,固德电材,105.57,-0.5932203389830599,104.48,106.39,-1.80451128,106.39,103.44,216/5521,106.39,106.39,103.44,104.48,2.772556,2304368,33,301680,20260417
688981.SH,中芯国际,118.73,5.565928692095674,105.23,103.82,1.00787099,107.3,103.27,217/5521,103.82,107.3,103.27,105.23,3.868304,5.0375527E7,17,688981,20260417
002594.SZ,比亚迪,102.98,-2.2960151802656563,103.78,104.99,-1.66761417,105.46,103.12,218/5521,104.99,105.46,103.12,103.78,2.217168,4.4204763E7,33,002594,20260417
003031.SZ,中瓷电子,123.52,-0.3308319212458733,112.48,102.93,10.00488998,112.48,102.93,219/5521,102.93,112.48,102.93,112.48,9.339853,1.4526452E7,33,003031,20260417
002851.SZ,麦格米特,120.21,3.978894559294174,106.13,104.53,1.53066105,108,102.73,220/5521,104.53,108,102.73,106.13,5.041614,2.0424715E7,33,002851,20260417
301479.SZ,弘景光电,113.3,6.086142322097379,108.88,103.48,6.17259873,110.8,102.18,221/5521,103.48,110.8,102.18,108.88,8.405655,6116579,33,301479,20260417
688308.SH,欧科亿,95.64,1.8855864493448342,114.0,101.91,9.61538462,116.99,101.86,222/5521,101.91,116.99,101.86,114.0,14.548076,1.2873515E7,17,688308,20260417
000858.SZ,五粮液,97.08,-1.281269066503971,101.86,101.5,-1.52745553,102.25,101.2,223/5521,101.5,102.25,101.2,101.86,1.015081,1.6743174E7,33,000858,20260417
000568.SZ,泸州老窖,100.1,-1.602280546544785,101.2,101,-1.79524503,101.5,100.56,224/5521,101,101.5,100.56,101.2,0.912178,9256034,33,000568,20260417
003021.SZ,兆威机电,96.59,2.8647497337593157,101.71,101.4,-0.17666111,102.23,100,225/5521,101.4,102.23,100,101.71,2.188634,3357245,33,003021,20260417
301631.SZ,壹连科技,107.92,-0.9181050312155711,104.03,101.93,0.70667957,104.85,99.65,226/5521,101.93,104.85,99.65,104.03,5.033881,3946487,33,301631,20260417
301513.SZ,尚水智能,82.01,-1.073582629674307,103.1,99.99,286.72168042,116.78,99.5,227/5521,99.99,116.78,99.5,103.1,64.816204,1.5434006E7,33,301513,20260417
605123.SH,派克新材,106.77,10.004121162167724,101.26,99.74,0.59606596,101.69,99.45,228/5521,99.46,101.41,99.17,100.98,2.225312,2490691,17,605123,20260417
603259.SH,药明康德,109.55,-1.466091023565398,99.39,105,-5.93412834,105.07,99.27,229/5521,105,105.07,99.27,99.39,5.489305,7.77282E7,17,603259,20260417
301667.SZ,纳百川,110.2,1.8955154877484948,99.67,98.99,-2.83681029,102,98.99,230/5521,98.99,102,98.99,99.67,2.934295,4928986,33,301667,20260417
603290.SH,斯达半导,103.92,-5.4413102820746175,99.46,99.66,-0.20068232,100.28,98.88,231/5521,99.66,100.28,98.88,99.46,1.404776,2968005,17,603290,20260417
688016.SH,心脉医疗,102.32,3.2596629326874456,98.69,102.1,-1.83029941,102.2,98.53,232/5521,102.1,102.2,98.53,98.69,3.650651,2481255,17,688016,20260417
688796.SH,百奥赛图,96.33,2.7410409556313917,98.66,100.11,-2.20063442,101,98,233/5521,100.11,101,98,98.66,2.97383,1711947,17,688796,20260417
300803.SZ,指南针,98.39,1.0786932401890252,99.54,99.17,-0.28050491,100.28,97.69,234/5521,99.17,100.28,97.69,99.54,2.59467,1.9071396E7,33,300803,20260417
603256.SH,宏和科技,119.1,-1.2601558613828636,105.3,97.69,3.74384236,109.57,97.69,234/5521,97.69,109.57,97.69,105.3,11.704433,3.3342308E7,17,603256,20260417
603202.SH,天有为,79.48,-0.40100250626565564,97.59,98.96,-1.30461165,99.37,97.59,236/5521,98.96,99.37,97.59,97.59,1.800161,1131000,17,603202,20260417
688266.SH,泽璟制药,104.0,3.5856573705179224,98.8,100.33,-2.66009852,101.61,97.52,237/5521,100.33,101.61,97.52,98.8,4.029556,2650400,17,688266,20260417
603026.SH,石大胜华,114.92,-3.6310272536687616,98.05,97.98,0.59505489,103.66,97.5,238/5521,97.98,103.66,97.5,98.05,6.319893,2.1641073E7,17,603026,20260417
688028.SH,沃尔德,116.8,1.388888888888884,105.4,98.22,7.32104674,109.4,97.5,238/5521,98.22,109.4,97.5,105.4,12.116892,1.0318842E7,17,688028,20260417
688409.SH,富创精密,128.56,4.946938775510206,99.13,99.06,0.01008878,99.99,97.06,240/5521,99.06,99.99,97.06,99.13,2.956012,4629417,17,688409,20260417
603629.SH,利通电子,144.41,9.993144946302083,105.44,96.61,10.00521648,105.44,96.61,241/5521,96.61,105.44,96.61,105.44,9.21231,3.7240304E7,17,603629,20260417
688578.SH,艾力斯,92.6,-1.036657048199208,97.58,98.71,-1.74201994,99.36,96.48,242/5521,98.71,99.36,96.48,97.58,2.90001,4522098,17,688578,20260417
301611.SZ,珂玛科技,105.18,0.17142857142857792,103.0,101,4.04040404,105.57,96.46,243/5521,101,105.57,96.46,103.0,9.20202,1.8858256E7,33,301611,20260417
300814.SZ,中富电路,108.1,5.073872472783825,98.31,97,0.39828431,99.58,96.06,244/5521,97,99.58,96.06,98.31,3.594771,7565142,33,300814,20260417
688227.SH,品高股份,143.55,6.176035502958597,101.36,96.03,19.99526459,101.36,96.03,245/5521,96.03,101.36,96.03,101.36,6.309932,4920838,17,688227,20260417
603296.SH,华勤技术,103.61,1.122389225063445,97.4,96.81,-0.17423388,98.28,95.85,246/5521,96.81,98.28,95.85,97.4,2.490519,9482396,17,603296,20260417
301285.SZ,鸿日达,103.5,-0.009660902328282404,101.0,95.8,4.13444685,101.52,95.73,247/5521,95.8,101.52,95.73,101.0,5.969687,4759888,33,301285,20260417
688800.SH,瑞可达,105.0,13.611772343648559,98.0,96.5,1.35484538,99.5,95,248/5521,96.5,99.5,95,98.0,4.654049,1.002604E7,17,688800,20260417
688333.SH,铂力特,87.58,4.673120592805064,96.32,95.48,0.56379202,96.88,94.5,249/5521,95.48,96.88,94.5,96.32,2.484861,6537440,17,688333,20260417
688503.SH,聚和材料,102.97,1.2786466017507594,97.7,94.29,1.98329854,99.7,94.22,250/5521,94.29,99.7,94.22,97.7,5.72025,9108085,17,688503,20260417
688383.SH,新益昌,101.2,0.7767377016530583,96.51,94.06,2.39787798,97.9,94.06,251/5521,94.06,97.9,94.06,96.51,4.07427,1507589,17,688383,20260417
300442.SZ,润泽科技,89.06,-1.5258735072976508,94.29,94,-1.55564836,95.76,94,252/5521,94,95.76,94,94.29,1.837544,5.5246594E7,33,300442,20260417
605318.SH,法狮龙,101.18,3.076609616951926,95.02,96.37,-1.7271693,98.21,94,252/5521,96.37,98.21,94,95.02,4.354121,2750769,17,605318,20260417
688693.SH,锴威特,96.0,7.526881720430106,101.86,93.99,8.38476272,105,93.99,254/5521,93.99,105,93.99,101.86,11.715258,7516169,17,688693,20260417
301165.SZ,锐捷网络,92.92,1.4964500273074872,95.97,94.33,0.43956044,98,93.98,255/5521,94.33,98,93.98,95.97,4.207221,9291182,33,301165,20260417
301042.SZ,安联锐视,108.28,1.6713615023474189,95.31,95.4,-0.09433962,96.42,93.9,256/5521,95.4,96.42,93.9,95.31,2.641509,1028100,33,301042,20260417
300835.SZ,龙磁科技,99.23,8.058368724817605,95.9,95,0.94736842,96.51,93.89,257/5521,95,96.51,93.89,95.9,2.757894,3079660,33,300835,20260417
002779.SZ,中坚科技,80.05,5.816259087904813,94.18,96.81,-3.08705495,97,93.83,258/5521,96.81,97,93.83,94.18,3.261988,2919604,33,002779,20260417
688213.SH,思特威,87.91,-1.124732875941964,95.32,95.23,0.08399832,95.91,93.68,259/5521,95.23,95.91,93.68,95.32,2.341453,5772914,17,688213,20260417
688622.SH,*ST禾信,74.97,-7.169390787518582,94.0,98.47,-4.53945364,99.97,93.63,260/5521,98.47,99.97,93.63,94.0,6.438509,2096317,22,688622,20260417
002463.SZ,沪电股份,102.57,0.5785448127083636,97.66,93.68,3.45338983,99.38,93.6,261/5521,93.68,99.38,93.6,97.66,6.122881,9.3020751E7,33,002463,20260417
600259.SH,中稀有色,92.01,-1.772178926016864,97.33,94.11,1.91623037,101,93.6,261/5521,93.96,100.85,93.45,97.18,7.748691,1.6518483E7,17,600259,20260417
688359.SH,三孚新科,99.49,2.482488669138851,100.5,96.5,4.15587107,103.79,93.6,261/5521,96.5,103.79,93.6,100.5,10.560679,8278221,17,688359,20260417
600941.SH,中国移动,96.63,0.08285862247539959,93.47,93.66,-0.20286141,93.66,93.31,264/5521,93.66,93.66,93.31,93.47,0.373692,6039433,17,600941,20260417
301421.SZ,波长光电,103.78,3.1712893925837533,98.53,94.45,4.38605785,100,93.03,265/5521,94.45,100,93.03,98.53,7.384256,7366944,33,301421,20260417
920116.BJ,星图测控,100.8,4.531784714300518,100.48,93.94,7.11011619,101.66,93.03,265/5521,93.94,101.66,93.03,100.48,9.199445,5558704,151,920116,20260417
301209.SZ,联合化学,88.57,0.0790960451977324,95.13,93.35,1.90680236,96.48,92.73,267/5521,93.35,96.48,92.73,95.13,4.017139,824122,33,301209,20260417
688198.SH,佰仁医疗,96.69,0.7187499999999977,93.74,95.46,-1.8018018,95.5,92.57,268/5521,95.46,95.5,92.57,93.74,3.069348,499669,17,688198,20260417
688234.SH,天岳先进,101.0,-4.010644364189317,95.2,93,3.80547378,101.69,92.5,269/5521,93,101.69,92.5,95.2,10.020717,1.694542E7,17,688234,20260417
301070.SZ,开勒股份,90.68,-2.494623655913971,95.58,92.25,3.6659436,102.5,92.25,270/5521,92.25,102.5,92.25,95.58,11.117136,9068350,33,301070,20260417
603501.SH,豪威集团,98.3,-3.238507727138504,93.04,93.63,-0.71497172,93.9,92.18,271/5521,93.63,93.9,92.18,93.04,1.835449,1.6628276E7,17,603501,20260417
300763.SZ,锦浪科技,95.06,-0.3563941299790392,93.76,92.58,0.40693939,93.99,92.15,272/5521,92.58,93.99,92.15,93.76,1.970443,1.2811474E7,33,300763,20260417
688300.SH,联瑞新材,87.43,2.6414651326602487,95.05,92.31,3.38264085,96.69,91.94,273/5521,92.31,96.69,91.94,95.05,5.166412,7357771,17,688300,20260417
688603.SH,天承科技,93.22,-0.9141156462585028,97.35,92.86,3.38785047,100.56,91.88,274/5521,92.86,100.56,91.88,97.35,9.218351,6676426,17,688603,20260417
603345.SH,安井食品,109.39,-0.39154980877799367,92.79,94.95,-2.21308884,95.33,91.8,275/5521,94.95,95.33,91.8,92.79,3.720096,3973658,17,603345,20260417
688696.SH,极米科技,90.04,-0.19951230325869276,92.21,94.9,-2.85503582,97.17,91.8,275/5521,94.9,97.17,91.8,92.21,5.657395,1770784,17,688696,20260417
301373.SZ,凌玮科技,115.98,3.859586281006539,100.51,91.19,8.14503981,107.77,91.19,277/5521,91.19,107.77,91.19,100.51,17.839466,1.0177815E7,33,301373,20260417
002975.SZ,博杰股份,110.38,0.2452093361184234,99.97,96,10.0022007,99.97,91,278/5521,96,99.97,91,99.97,9.870158,1.3693416E7,33,002975,20260417
603301.SH,振德医疗,92.3,2.544161759804457,95.36,91.47,3.30408406,96.5,91,278/5521,91.47,96.5,91,95.36,5.958184,4507073,17,603301,20260417
688507.SH,索辰科技,91.65,0.869469513537317,91.32,92.25,-1.63722533,92.8,90.8,280/5521,92.25,92.8,90.8,91.32,2.154243,1482828,17,688507,20260417
688020.SH,方邦股份,147.52,7.131445170660873,95.19,90.64,5.03144654,98.76,90.36,281/5521,90.64,98.76,90.36,95.19,9.268454,3489094,17,688020,20260417
301292.SZ,海科新源,84.83,-6.574889867841408,92.6,90.62,-0.37654653,95.76,90.04,282/5521,90.62,95.76,90.04,92.6,6.153846,1.8753022E7,33,301292,20260417
603175.SH,超颖电子,96.18,5.8551617873651844,91.63,91.2,0.67018238,93.87,90,283/5521,91.2,93.87,90,91.63,4.251812,4443236,17,603175,20260417
688343.SH,云天励飞,88.0,5.087174588010515,92.3,90.99,1.13960114,94.43,89.96,284/5521,90.99,94.43,89.96,92.3,4.898093,1.2975751E7,17,688343,20260417
002595.SZ,豪迈科技,87.45,-2.95194761957607,90.5,91.49,1.66254774,93.55,89.88,285/5521,91.49,93.55,89.88,90.5,4.122669,7264357,33,002595,20260417
688268.SH,华特气体,188.3,-1.0145613205067436,90.86,93,-3.39181287,93.05,89.41,286/5521,93,93.05,89.41,90.86,3.870281,9492857,17,688268,20260417
300779.SZ,惠城环保,69.82,-0.8520306731042439,90.5,90.11,-0.1213994,91.5,89.14,287/5521,90.11,91.5,89.14,90.5,2.604569,4229808,33,300779,20260417
603019.SH,中科曙光,92.96,2.8091130280911214,89.92,89.01,1.04506124,91.5,89.01,288/5521,89.01,91.5,89.01,89.92,2.798067,5.7903565E7,17,603019,20260417
688229.SH,博睿数据,86.08,-0.13921113689095654,89.58,90.8,-2.42892931,91.5,88.54,289/5521,90.8,91.5,88.54,89.58,3.224049,2228578,17,688229,20260417
601127.SH,赛力斯,88.75,-1.8794914317302407,89.47,89.47,-0.48937827,89.77,88.44,290/5521,89.47,89.77,88.44,89.47,1.479257,1.2937841E7,17,601127,20260417
688623.SH,双元科技,93.1,1.9715224534501612,89.7,89.98,-0.39973351,90.31,88.06,291/5521,89.98,90.31,88.06,89.7,2.498334,576183,17,688623,20260417
920119.BJ,美德乐,93.85,0.1814688300597646,97.55,90.28,8.50945495,101.5,88.06,291/5521,90.28,101.5,88.06,97.55,14.949944,2869871,151,920119,20260417
600309.SH,万华化学,89.54,-0.8965135583840488,87.77,89.5,-2.58601554,90.2,87.5,293/5521,89.5,90.2,87.5,87.77,2.99667,3.433294E7,17,600309,20260417
688282.SH,理工导航,77.54,-1.0843219798443606,90.01,87.2,1.98277816,93.8,87.2,294/5521,87.2,93.8,87.2,90.01,7.477906,2567314,17,688282,20260417
688190.SH,云路股份,81.29,-1.2032085561497263,89.45,87.99,1.74021838,90.43,87.12,295/5521,87.99,90.43,87.12,89.45,3.764786,977264,17,688190,20260417
301603.SZ,乔锋智能,108.85,-3.458980044345903,94.5,90,4.52383586,97.34,86.86,296/5521,90,97.34,86.86,94.5,11.591638,1.2550256E7,33,301603,20260417
002222.SZ,福晶科技,86.82,-0.19542476146683724,90.68,86.85,5.95933629,91.98,86.85,297/5521,86.85,91.98,86.85,90.68,5.994391,3.2854736E7,33,002222,20260417
000661.SZ,长春高新,84.93,-0.6201731804352761,86.62,87.27,-0.77892325,88,86.43,298/5521,87.27,88,86.43,86.62,1.798396,4050331,33,000661,20260417
688390.SH,固德威,108.2,6.464626586637811,87.34,86.47,0.4947647,87.66,86.4,299/5521,86.47,87.66,86.4,87.34,1.449775,4979711,17,688390,20260417
002008.SZ,大族激光,100.72,-2.5353203019160095,87.56,88.4,1.02688358,89.71,86.27,300/5521,88.4,89.71,86.27,87.56,3.969078,5.0734466E7,33,002008,20260417
920029.BJ,开发科技,70.9,-2.341597796143235,87.9,85.51,2.74693162,89,85.26,301/5521,85.51,89,85.26,87.9,4.371712,1325778,151,920029,20260417
301608.SZ,博实结,93.3,-0.21390374331551107,86.54,85.98,0.65131426,86.84,85.18,302/5521,85.98,86.84,85.18,86.54,1.930681,952484,33,301608,20260417
688676.SH,金盘科技,88.1,-0.7547594908189723,87.44,86.5,0.99330099,88.58,85.02,303/5521,86.5,88.58,85.02,87.44,4.111804,1.3333169E7,17,688676,20260417
605178.SH,时空科技,68.84,-0.058072009291509935,86.85,87,1.34189032,89.39,85.01,304/5521,87,89.39,85.01,86.85,5.110851,4037890,17,605178,20260417
300776.SZ,帝尔激光,104.6,-2.7248209801915806,99.36,84.78,20,99.36,84.78,305/5521,84.78,99.36,84.78,99.36,17.608695,1.9578946E7,33,300776,20260417
600118.SH,中国卫星,102.8,4.972939854998458,85.93,84.9,0.51468008,86.49,84.74,306/5521,84.9,86.49,84.74,85.93,2.047023,3.2097969E7,17,600118,20260417
688480.SH,赛恩斯,97.81,2.8496319663512177,85.24,86.86,-2.8825339,88.36,84.72,307/5521,86.86,88.36,84.72,85.24,4.147202,3005075,17,688480,20260417
002409.SZ,雅克科技,84.71,0.9173218965927997,85.9,85.42,-0.2554575,86.59,84.43,308/5521,85.42,86.59,84.43,85.9,2.508128,9073908,33,002409,20260417
002738.SZ,中矿资源,90.79,-0.5585980284775366,84.63,85.53,-1.00596561,87.58,84.29,309/5521,85.53,87.58,84.29,84.63,3.848403,2.2935252E7,33,002738,20260417
000408.SZ,藏格矿业,89.26,-1.9228656191627294,84.85,86.4,-1.83942619,86.4,84.1,310/5521,86.4,86.4,84.1,84.85,2.660805,1.3669179E7,33,000408,20260417
688336.SH,三生国健,73.19,0.027333606669394588,85.76,85.8,-0.935659,87.3,84.01,311/5521,85.8,87.3,84.01,85.76,3.800392,9512046,17,688336,20260417
688661.SH,和林微纳,121.48,-1.8502060273087113,88.77,84.34,4.03140748,89.89,84.01,311/5521,84.34,89.89,84.01,88.77,6.890894,4827125,17,688661,20260417
300959.SZ,线上线下,94.37,-0.6631578947368373,87.4,84.87,3.19990554,87.84,84,313/5521,84.87,87.84,84,87.4,4.534183,4613032,33,300959,20260417
920002.BJ,万达轴承,83.08,1.6393442622950862,88.46,84.45,4.61210974,89.47,83.97,314/5521,84.45,89.47,83.97,88.46,6.504257,1362701,151,920002,20260417
300990.SZ,同飞股份,80.39,-3.83971291866028,87.77,85.2,2.36762305,90,83.91,315/5521,85.2,90,83.91,87.77,7.102869,6488759,33,300990,20260417
603822.SH,ST嘉澳,76.98,-4.998148833765269,84.43,85.79,-1.07791447,85.8,83.91,315/5521,85.79,85.8,83.91,84.43,2.214411,899300,22,603822,20260417
688776.SH,国光电气,80.96,3.4897098299884823,85.45,85.51,0.09370973,86.16,83.9,317/5521,85.51,86.16,83.9,85.45,2.647299,1744519,17,688776,20260417
603040.SH,新坐标,79.62,0.1257545271629886,85.65,86.13,-0.43013253,86.98,83.88,318/5521,86.13,86.98,83.88,85.65,3.603813,2134445,17,603040,20260417
002487.SZ,大金重工,84.0,-1.7199017199017186,85.47,85.46,10,85.47,83.76,319/5521,85.46,85.47,83.76,85.47,2.200772,1.3117732E7,33,002487,20260417
688531.SH,日联科技,120.6,19.999999999999996,83.75,83.75,,83.75,83.75,320/5521,83.75,83.75,83.75,83.75,,,17,688531,20260417
301556.SZ,托普云农,84.41,-1.1245168091835631,84.8,84.13,0.08261537,85.19,83.72,321/5521,84.13,85.19,83.72,84.8,1.734922,1085667,33,301556,20260417
300390.SZ,天华新能,110.5,0.0,87.79,85,2.46265173,91,83.7,322/5521,85,91,83.7,87.79,8.520074,8.2154623E7,33,300390,20260417
301269.SZ,华大九天,88.82,4.926166568222076,85.85,84.8,0.85761278,86.5,83.59,323/5521,84.8,86.5,83.59,85.85,3.418703,4737333,33,301269,20260417
300842.SZ,帝科股份,90.89,0.8992007104795763,84.86,84.35,-0.7369283,85.9,83.38,324/5521,84.35,85.9,83.38,84.86,2.947713,5574809,33,300842,20260417
300236.SZ,上海新阳,94.77,-1.178310740354546,87.86,83.7,4.98267415,89.98,83.26,325/5521,83.7,89.98,83.26,87.86,8.029633,1.5657923E7,33,300236,20260417
002460.SZ,赣锋锂业,88.68,2.0483314154200243,84.06,85.46,-1.79906542,87.98,83.25,326/5521,85.46,87.98,83.25,84.06,5.5257,9.2080855E7,33,002460,20260417
300811.SZ,铂科新材,96.61,6.857648490211263,86.7,84.1,3.14061385,88.1,83.2,327/5521,84.1,88.1,83.2,86.7,5.829169,6688101,33,300811,20260417
688416.SH,恒烁股份,97.23,1.3868613138686112,90.09,84.02,6.41389086,91.46,83,328/5521,84.02,91.46,83,90.09,9.992912,7424230,17,688416,20260417
688322.SH,奥比中光,79.58,2.0125624919881977,84.74,83,1.43643763,85.51,82.87,329/5521,83,85.51,82.87,84.74,3.160162,6797832,17,688322,20260417
605288.SH,凯迪股份,83.0,3.491271820448874,85.6,84.44,1.14616566,87,82.5,330/5521,84.44,87,82.5,85.6,5.317263,863350,17,605288,20260417
301358.SZ,湖南裕能,102.24,-4.448598130841126,83.38,85.2,-2.15911758,86.74,82.41,331/5521,85.2,86.74,82.41,83.38,5.080966,2.5820485E7,33,301358,20260417
301538.SZ,骏鼎达,74.59,0.6612685560054105,84.75,82.5,4.24354244,88.37,82.24,332/5521,82.5,88.37,82.24,84.75,7.539975,2458304,33,301538,20260417
001280.SZ,中国铀业,81.84,-2.3854961832061066,82.45,83,-0.86569677,83.99,82.08,333/5521,83,83.99,82.08,82.45,2.296501,8504611,33,001280,20260417
688155.SH,先惠技术,103.57,19.997682771405387,89.04,82.4,7.91419222,91.66,82.01,334/5521,82.4,91.66,82.01,89.04,11.695552,5738937,17,688155,20260417
688168.SH,安博通,86.81,-0.7545444152280744,81.93,82.4,0.18341893,83.36,81.25,335/5521,82.4,83.36,81.25,81.93,2.580092,1213966,17,688168,20260417
688307.SH,中润光学,88.88,-7.982192773579054,81.93,83.99,-0.14625229,85.4,80.77,336/5521,83.99,85.4,80.77,81.93,5.6429,6838972,17,688307,20260417
688433.SH,华曙高科,79.31,1.2899106002554344,81.25,82.58,-1.50321251,82.77,80.53,337/5521,82.58,82.77,80.53,81.25,2.71548,3620328,17,688433,20260417
301219.SZ,腾远钴业,88.7,1.8720569656598252,83.06,80.35,3.86394898,86.47,80.35,338/5521,80.35,86.47,80.35,83.06,7.652869,2.4072958E7,33,301219,20260417
301360.SZ,荣旗科技,85.36,0.7078810759792288,82.13,86.79,1.39506173,87.59,80.29,339/5521,86.79,87.59,80.29,82.13,9.012345,3006578,33,301360,20260417
688099.SH,晶晨股份,105.8,3.8782523318605824,83.3,80.9,2.62412221,84.18,80.22,340/5521,80.9,84.18,80.22,83.3,4.878649,1.5201752E7,17,688099,20260417
002192.SZ,融捷股份,109.22,10.001007150770462,84.55,80.06,5.66108473,88.02,80.06,341/5521,80.06,88.02,80.06,84.55,9.947513,4.0922591E7,33,002192,20260417
301095.SZ,广立微,83.7,1.9116035553391058,86.33,80.43,7.37562189,88.39,79.79,342/5521,80.43,88.39,79.79,86.33,10.696517,1.2328906E7,33,301095,20260417
001359.SZ,平安电工,87.75,5.089820359281437,81.49,79.4,2.55474453,83.13,79.39,343/5521,79.4,83.13,79.39,81.49,4.70677,2367756,33,001359,20260417
301449.SZ,天溯计量,68.02,-0.7441996206041225,80.0,79.88,0.23806541,80.55,79.06,344/5521,79.88,80.55,79.06,80.0,1.866933,1332414,33,301449,20260417
301391.SZ,卡莱特,83.24,3.4037267080745277,80.2,80.65,-0.65650935,81.7,79.01,345/5521,80.65,81.7,79.01,80.2,3.332094,1938920,33,301391,20260417
688220.SH,翱捷科技,101.46,12.50831669993345,82.8,79,2.46256651,83.77,78.96,346/5521,79,83.77,78.96,82.8,5.952233,1.2636884E7,17,688220,20260417
920808.BJ,曙光数创,78.73,2.472992320708064,82.2,79.11,3.13676286,83.96,78.72,347/5521,79.11,83.96,78.72,82.2,6.574654,6308864,151,920808,20260417
603091.SH,众鑫股份,81.06,-0.17241379310344898,79.42,80.11,-0.86131569,80.57,78.69,348/5521,80.11,80.57,78.69,79.42,2.346773,498400,17,603091,20260417
603052.SH,可川科技,81.44,-5.533000811970765,83.35,79,10.00395935,83.35,78.08,349/5521,79,83.35,78.08,83.35,6.955259,1.1251839E7,17,603052,20260417
688516.SH,奥特维,81.7,7.584935475375302,80.5,79,4.42340122,82.35,78.02,350/5521,79,82.35,78.02,80.5,5.616811,1.6493512E7,17,688516,20260417
688257.SH,新锐股份,75.88,-4.4693440765454,81.55,78.79,2.81139687,82.84,77.91,351/5521,78.79,82.84,77.91,81.55,6.21533,1.121644E7,17,688257,20260417
688386.SH,泛亚微透,87.99,1.7813765182186143,79.5,78,0.31545741,80.4,77.88,352/5521,78,80.4,77.88,79.5,3.17981,1274905,17,688386,20260417
000333.SZ,美的集团,81.1,-0.25827081539786984,78.65,78.18,0.96277279,79.25,77.84,353/5521,78.18,79.25,77.84,78.65,1.810012,2.7735236E7,33,000333,20260417
301189.SZ,奥尼电子,81.3,0.2713369511593474,82.0,77.58,0.19550342,85.71,77.58,354/5521,77.58,85.71,77.58,82.0,9.934017,1.2647926E7,33,301189,20260417
300373.SZ,扬杰科技,75.88,-2.580562331493138,78.69,77.55,1.19598765,78.93,76.97,355/5521,77.55,78.93,76.97,78.69,2.520576,1.0098383E7,33,300373,20260417
300661.SZ,圣邦股份,91.94,4.477272727272725,77.53,77.35,-0.23163042,79.66,76.9,356/5521,77.35,79.66,76.9,77.53,3.551666,2.0779717E7,33,300661,20260417
603236.SH,移远通信,72.3,-1.4583617282268058,77.0,77.54,-0.92640247,77.54,76.54,357/5521,77.54,77.54,76.54,77.0,1.28667,4417531,17,603236,20260417
002025.SZ,航天电器,73.19,8.157233633811135,79.76,76.9,4.53473132,80.86,76.4,358/5521,76.9,80.86,76.4,79.76,5.845347,3.8302485E7,33,002025,20260417
603119.SH,浙江荣泰,82.51,9.998666844420743,78.73,78.03,-1.27899687,79.18,76.4,358/5521,78.03,79.18,76.4,78.73,3.485893,1.5104944E7,17,603119,20260417
301261.SZ,恒工精密,86.78,-1.7547831993660106,77.9,77.49,0.38659794,78.2,76.26,360/5521,77.49,78.2,76.26,77.9,2.5,1546900,33,301261,20260417
301548.SZ,崇德科技,80.8,-1.3431013431013534,79.05,78.98,-0.18939394,80.8,76.2,361/5521,78.98,80.8,76.2,79.05,5.80808,4041826,33,301548,20260417
688215.SH,瑞晟智能,74.8,0.5376344086021391,78.01,76.64,1.82743767,78.3,76.12,362/5521,76.64,78.3,76.12,78.01,2.845581,642164,17,688215,20260417
301035.SZ,润丰股份,84.75,-3.209227957971679,76.44,78.28,-2.3006135,78.28,76,363/5521,78.28,78.28,76,76.44,2.91411,1143200,33,301035,20260417
688677.SH,海泰新光,110.0,-0.9009009009009009,82.23,77.06,8.62615588,85.48,76,363/5521,77.06,85.48,76,82.23,12.523117,1.1276174E7,17,688677,20260417
688778.SH,厦钨新能,82.55,-3.291940018744145,82.78,76.2,7.9833029,82.78,76,363/5521,76.2,82.78,76,82.78,8.844247,1.2658611E7,17,688778,20260417
301157.SZ,华塑科技,71.03,-3.596634093376772,85.74,76.1,7.8490566,90.25,75.8,366/5521,76.1,90.25,75.8,85.74,18.1761,8508481,33,301157,20260417
688316.SH,青云科技,69.9,-0.35637918745545255,76.72,77.91,-1.52740341,78.31,75.8,366/5521,77.91,78.31,75.8,76.72,3.221666,3612393,17,688316,20260417
002718.SZ,友邦吊顶,72.38,2.7395315826827433,75.66,75.67,0.49143313,78.58,75.66,368/5521,75.67,78.58,75.66,75.66,3.878337,1912800,33,002718,20260417
688095.SH,福昕软件,78.46,1.6321243523315945,76.3,76,-0.50854088,76.78,75.24,369/5521,76,76.78,75.24,76.3,2.008084,2200356,17,688095,20260417
688720.SH,艾森股份,80.13,3.6878881987577565,77.61,75.07,1.38471587,78.99,75.07,370/5521,75.07,78.99,75.07,77.61,5.120836,2905276,17,688720,20260417
688281.SH,华秦科技,74.86,3.7129398725408596,76.59,75.3,0.80284285,76.98,74.92,371/5521,75.3,76.98,74.92,76.59,2.711239,2026512,17,688281,20260417
301093.SZ,华兰股份,85.39,1.5580399619410112,75.62,76.01,0.14567607,76.6,74.88,372/5521,76.01,76.6,74.88,75.62,2.277843,2066580,33,301093,20260417
301536.SZ,星宸科技,82.45,0.7453567937438897,76.38,75.3,0.65893516,76.95,74.82,373/5521,75.3,76.95,74.82,76.38,2.807063,4172700,33,301536,20260417
301047.SZ,义翘神州,71.05,0.1550606146038898,75.25,74.96,0.02658514,75.5,74.6,374/5521,74.96,75.5,74.6,75.25,1.196331,888882,33,301047,20260417
603325.SH,博隆技术,64.65,-0.691244239631319,76.42,75.02,1.68995343,76.77,74.51,375/5521,75.02,76.77,74.51,76.42,3.007318,674191,17,603325,20260417
688063.SH,派能科技,76.92,-1.4604150653343588,77.52,74.5,2.94820717,77.95,74.37,376/5521,74.5,77.95,74.37,77.52,4.754316,1.168868E7,17,688063,20260417
300868.SZ,杰美特,72.49,2.517324282279736,76.62,76.59,-0.36410923,78.19,74.22,377/5521,76.59,78.19,74.22,76.62,5.162548,5103001,33,300868,20260417
688131.SH,皓元医药,74.56,2.403516000549375,75.5,76.27,-0.91863517,76.66,74.2,378/5521,76.27,76.66,74.2,75.5,3.228346,3999468,17,688131,20260417
001301.SZ,尚太科技,85.65,1.577324478178383,74.67,74.74,-0.08028904,76.2,74.01,379/5521,74.74,76.2,74.01,74.67,2.930549,4352725,33,001301,20260417
920576.BJ,天力复合,72.98,3.6647727272727244,79.89,76.59,4.22700587,82,74.01,379/5521,76.59,82,74.01,79.89,10.424005,6298329,151,920576,20260417
002756.SZ,永兴材料,87.24,4.105011933174222,74.83,79,-5.15842839,81.65,73.9,381/5521,79,81.65,73.9,74.83,9.82256,2.6246512E7,33,002756,20260417
301636.SZ,泽润新能,61.29,0.7727721144360389,73.99,75.3,-4.36861833,76.73,73.83,382/5521,75.3,76.73,73.83,73.99,3.748222,4735429,33,301636,20260417
301606.SZ,绿联科技,75.78,1.3643659711075387,75.15,75.02,0.09323388,75.7,73.61,383/5521,75.02,75.7,73.61,75.15,2.783697,3656543,33,301606,20260417
688233.SH,神工股份,71.28,1.8140265676331895,75.48,74.37,1.49253731,76.1,73.5,384/5521,74.37,76.1,73.5,75.48,3.496033,4704684,17,688233,20260417
688261.SH,东微半导,73.46,2.0986796386379303,74.96,73.7,1.06512067,75.79,73.4,385/5521,73.7,75.79,73.4,74.96,3.222327,3328656,17,688261,20260417
688029.SH,南微医学,85.02,1.3832578106367714,73.54,75.09,-2.67337215,75.28,73.19,386/5521,75.09,75.28,73.19,73.54,2.766013,1283760,17,688029,20260417
688122.SH,西部超导,64.72,2.94257992683315,73.53,73.3,-0.31182213,74.18,72.89,387/5521,73.3,74.18,72.89,73.53,1.748915,1.1050482E7,17,688122,20260417
920037.BJ,广信科技,75.18,-0.5029115934356743,77.15,73.37,4.99455634,78.4,72.88,388/5521,73.37,78.4,72.88,77.15,7.512248,1957018,151,920037,20260417
002896.SZ,中大力德,70.28,2.8839115795637515,74.59,74,1.02939185,74.69,72.83,389/5521,74,74.69,72.83,74.59,2.519301,4854684,33,002896,20260417
002432.SZ,九安医疗,73.5,-2.208621607237888,75.35,74.2,0.09298618,77.67,72.7,390/5521,74.2,77.67,72.7,75.35,6.602019,3.3407393E7,33,002432,20260417
002865.SZ,钧达股份,80.65,4.931043455633628,74.29,74.41,-1.09173213,75.18,72.7,390/5521,74.41,75.18,72.7,74.29,3.301823,1.6486834E7,33,002865,20260417
688376.SH,美埃科技,70.18,0.7031137896398466,74.37,73.66,-0.37508372,76.9,72.55,392/5521,73.66,76.9,72.55,74.37,5.827193,1846472,17,688376,20260417
301525.SZ,儒竞科技,69.9,1.040763226366,73.65,72.99,0.72483589,73.9,72.44,393/5521,72.99,73.9,72.44,73.65,1.996717,906300,33,301525,20260417
301580.SZ,爱迪特,72.19,-2.7744107744107773,78.77,74.77,3.18312811,80.5,72.21,394/5521,74.77,80.5,72.21,78.77,10.859313,9001443,33,301580,20260417
605389.SH,长龄液压,116.98,9.840375586854464,73.48,71.9,1.58993502,74,71.88,395/5521,71.9,74,71.88,73.48,2.93101,823624,17,605389,20260417
300731.SZ,科创新源,70.56,0.014174344436577061,76.98,74.84,2.28541058,77,71.8,396/5521,74.84,77,71.8,76.98,6.90938,9379074,33,300731,20260417
301061.SZ,匠心家居,62.2,-4.278239458294862,73.67,73.41,-0.28424472,75.2,71.69,397/5521,73.41,75.2,71.69,73.67,4.750947,1706932,33,301061,20260417
600486.SH,扬农化工,72.34,-2.2696568495001253,71.6,77.94,-8.34613415,78.11,71.6,398/5521,77.94,78.11,71.6,71.6,8.333333,1.2361277E7,17,600486,20260417
603186.SH,华正新材,79.18,-1.9199801808497425,75.35,71.9,4.63824469,77.5,71.42,399/5521,71.9,77.5,71.42,75.35,8.443271,1.3542105E7,17,603186,20260417
301571.SZ,国科天成,69.32,-0.5451936872310038,74.6,72.23,1.84300341,75.06,71.4,400/5521,72.23,75.06,71.4,74.6,4.996587,3699174,33,301571,20260417
300718.SZ,长盛轴承,70.52,1.4238458219473535,72.45,72.13,0.73692992,72.58,71.25,401/5521,72.13,72.58,71.25,72.45,1.849276,4289821,33,300718,20260417
300487.SZ,蓝晓科技,63.75,-1.9381633594831642,73.29,71.4,2.33175091,73.5,70.98,402/5521,71.4,73.5,70.98,73.29,3.51857,3129863,33,300487,20260417
300936.SZ,中英科技,72.93,3.7116040955631595,74.25,73.32,0.20242915,76.96,70.88,403/5521,73.32,76.96,70.88,74.25,8.205128,7043066,33,300936,20260417
688185.SH,康希诺,61.51,-2.827804107424959,71.66,71.15,-0.19498607,72.65,70.8,404/5521,71.15,72.65,70.8,71.66,2.576601,1646878,17,688185,20260417
688003.SH,天准科技,72.08,3.2664756446991423,73.87,71.92,2.69706659,75.33,70.69,405/5521,71.92,75.33,70.69,73.87,6.450715,3508712,17,688003,20260417
002049.SZ,紫光国微,77.32,1.8977332630469133,72.89,70.9,2.6764333,73.71,70.61,406/5521,70.9,73.71,70.61,72.89,4.366812,2.1277009E7,33,002049,20260417
002812.SZ,恩捷股份,82.95,-1.7994554279625856,71.67,70.94,0.40627627,73.66,70.6,407/5521,70.94,73.66,70.6,71.67,4.286915,3.3165626E7,33,002812,20260417
300964.SZ,本川智能,71.15,2.0803443328550975,77.5,72.14,4.02684564,78.18,70.59,408/5521,72.14,78.18,70.59,77.5,10.187919,1.0061869E7,33,300964,20260417
001283.SZ,豪鹏科技,74.88,1.766784452296816,72.37,70.6,2.13096246,72.98,70.4,409/5521,70.6,72.98,70.4,72.37,3.640982,6256451,33,001283,20260417
002290.SZ,禾盛新材,81.28,5.627030539311239,74.5,71.6,5.62881044,75,70.31,410/5521,71.6,75,70.31,74.5,6.649652,1.2537763E7,33,002290,20260417
300624.SZ,万兴科技,63.92,-2.158273381294959,70.85,70.31,-0.47759517,71.32,70.21,411/5521,70.31,71.32,70.21,70.85,1.559207,6440976,33,300624,20260417
688789.SH,宏华数科,60.12,-10.335570469798657,72.08,71.09,1.36408381,72.3,70.2,412/5521,71.09,72.3,70.2,72.08,2.953171,1160105,17,688789,20260417
688309.SH,恒誉环保,70.49,4.259724892767335,71.86,72.55,-0.19444444,73,70,413/5521,72.55,73,70,71.86,4.166666,2375649,17,688309,20260417
688286.SH,敏芯股份,65.88,-10.159552706941229,71.2,70.3,0.82129708,71.36,69.94,414/5521,70.3,71.36,69.94,71.2,2.010761,1076115,17,688286,20260417
688543.SH,国科军工,63.65,-0.20382565067419656,71.38,71,-0.0699986,71.93,69.92,415/5521,71,71.93,69.92,71.38,2.813943,5336037,17,688543,20260417
301075.SZ,多瑞医药,83.45,2.4554941682013505,76.53,70,8.50701829,76.81,69.9,416/5521,70,76.81,69.9,76.53,9.797249,4037046,33,301075,20260417
300695.SZ,兆丰股份,60.47,0.2819237147595385,70.97,72.17,-1.71721368,72.24,69.81,417/5521,72.17,72.24,69.81,70.97,3.365184,1338479,33,300695,20260417
002947.SZ,恒铭达,81.27,4.058898847631244,71.32,72,-1.02692201,72.3,69.7,418/5521,71.5,71.8,69.2,70.82,3.608104,1.494968E7,33,002947,20260417
603090.SH,宏盛股份,64.15,-4.110612855007473,74.25,69.99,6.0865838,75.91,69.64,419/5521,69.99,75.91,69.64,74.25,8.958422,7489284,17,603090,20260417
300014.SZ,亿纬锂能,72.59,-2.037786774628868,69.85,70.48,-1.59199775,71.46,69.35,420/5521,70.48,71.46,69.35,69.85,2.972668,6.493091E7,33,300014,20260417
001339.SZ,智微智能,89.85,0.03340013360053567,71.57,71.82,-1.48657949,72.65,69.34,421/5521,71.82,72.65,69.34,71.57,4.55609,1.1367039E7,33,001339,20260417
301213.SZ,观想科技,71.74,2.617651265913315,70.13,70.35,-0.3127221,70.56,69.3,422/5521,70.35,70.56,69.3,70.13,1.791044,1230259,33,301213,20260417
301596.SZ,瑞迪智驱,68.54,1.2706855791962166,69.91,69.63,-0.48398577,70.17,69.22,423/5521,69.63,70.17,69.22,69.91,1.352313,587780,33,301596,20260417
002931.SZ,锋龙股份,57.38,0.5431925705274264,70.5,69.43,0.48460661,72.01,69.12,424/5521,69.43,72.01,69.12,70.5,4.119156,1.0064928E7,33,002931,20260417
688385.SH,复旦微电,68.07,-2.35260364366662,71.91,69.8,3.02292264,74.48,69.05,425/5521,69.8,74.48,69.05,71.91,7.779369,1.3316143E7,17,688385,20260417
603667.SH,五洲新春,66.38,3.4762275915822127,70.55,69.87,-0.56377731,71.58,69.01,426/5521,69.87,71.58,69.01,70.55,3.622269,1.9170559E7,17,603667,20260417
603400.SH,华之杰,67.69,2.966230605415277,69.88,70,-0.19994287,70.68,68.96,427/5521,70,70.68,68.96,69.88,2.456441,1177963,17,603400,20260417
688576.SH,西山科技,70.69,1.6098893201092492,69.95,69.74,0.24362281,70.73,68.95,428/5521,69.74,70.73,68.95,69.95,2.550874,538141,17,688576,20260417
603092.SH,德力佳,73.0,-4.274849200104911,68.8,69.39,-0.85026661,70.68,68.8,429/5521,69.39,70.68,68.8,68.8,2.709324,1502637,17,603092,20260417
688202.SH,美迪西,63.26,-3.7870722433460107,69.45,71.52,-3.62198168,72.13,68.73,430/5521,71.52,72.13,68.73,69.45,4.71829,4015480,17,688202,20260417
300136.SZ,信维通信,91.3,6.771137878610679,74.91,69.01,7.32091691,75.29,68.7,431/5521,69.01,75.29,68.7,74.91,9.44126,1.21073824E8,33,300136,20260417
301367.SZ,瑞迈特,66.33,-1.3826940231935871,69.12,69.38,-0.43215212,69.42,68.69,432/5521,69.38,69.42,68.69,69.12,1.05157,622244,33,301367,20260417
688127.SH,蓝特光学,76.8,8.169014084507038,69.68,69.58,0.46136101,70.77,68.63,433/5521,69.58,70.77,68.63,69.68,3.085351,7095260,17,688127,20260417
301293.SZ,三博脑科,64.12,0.3757044458359455,68.8,69,-1.19201494,69.32,68.44,434/5521,69,69.32,68.44,68.8,1.263823,5582123,33,301293,20260417
688698.SH,伟创电气,68.24,3.818652061463549,69.13,69.5,-2.09602039,69.99,68.38,435/5521,69.5,69.99,68.38,69.13,2.28013,5210169,17,688698,20260417
301528.SZ,多浦乐,75.31,0.6414539623145851,72.0,68.49,4.3780806,72.99,68.29,436/5521,68.49,72.99,68.29,72.0,6.813569,2088893,33,301528,20260417
603160.SH,汇顶科技,64.89,0.27816411682893966,69.3,68.5,0.77068489,69.49,68.26,437/5521,68.5,69.49,68.26,69.3,1.78857,5369005,17,603160,20260417
688147.SH,微导纳米,79.36,8.623049548316448,69.18,69.06,-1.17142857,70.46,68.11,438/5521,69.06,70.46,68.11,69.18,3.357142,7314384,17,688147,20260417
302132.SZ,中航成飞,67.09,-0.3416518122400324,68.93,68.89,0,69.19,68.07,439/5521,68.89,69.19,68.07,68.93,1.624836,5036307,33,302132,20260417
603308.SH,应流股份,75.58,-1.0862452558565612,71.1,68.14,3.04347826,73.18,68.01,440/5521,68.14,73.18,68.01,71.1,7.492753,2.4804295E7,17,603308,20260417
688486.SH,龙迅股份,79.64,-0.4499999999999993,70.5,67.93,3.75275938,71.18,67.88,441/5521,67.93,71.18,67.88,70.5,4.856512,4252278,17,688486,20260417
000977.SZ,浪潮信息,69.75,-3.5002767017155523,68.23,68.98,-0.07322789,69.68,67.85,442/5521,68.98,69.68,67.85,68.23,2.68014,6.1797175E7,33,000977,20260417
301162.SZ,国能日新,62.88,-3.7059724349157652,68.97,67.6,1.26266334,69.36,67.55,443/5521,67.6,69.36,67.55,68.97,2.657465,1892249,33,301162,20260417
301299.SZ,卓创资讯,64.29,0.8312421580928612,68.51,68.55,-0.86818116,70.16,67.55,443/5521,68.55,70.16,67.55,68.51,3.776588,2132225,33,301299,20260417
301251.SZ,威尔高,62.93,-0.9911894273127794,68.41,68.51,-0.07303535,69.25,67.5,445/5521,68.51,69.25,67.5,68.41,2.556237,4270174,33,301251,20260417
688090.SH,瑞松科技,74.35,7.863049470477277,68.86,68.15,1.30940121,69.69,67.5,445/5521,68.15,69.69,67.5,68.86,3.222009,3589894,17,688090,20260417
001233.SZ,海安集团,60.63,1.8820366324987474,67.65,69.37,-2.50756593,69.4,67.48,447/5521,69.37,69.4,67.48,67.65,2.766969,2176153,33,001233,20260417
688798.SH,艾为电子,67.61,1.6997593261131099,68.04,67.6,0.1471887,68.49,67.4,448/5521,67.6,68.49,67.4,68.04,1.604356,2140400,17,688798,20260417
301517.SZ,陕西华达,70.2,10.620863536085727,72.29,68.08,4.37481952,74.6,67.37,449/5521,68.08,74.6,67.37,72.29,10.438925,1.3628572E7,33,301517,20260417
688625.SH,呈和科技,73.0,1.108033240997226,70.27,70.83,-1.77523064,71.4,67.31,450/5521,70.83,71.4,67.31,70.27,5.717081,3914406,17,688625,20260417
688710.SH,益诺思,67.0,-1.44160047072669,67.94,70.7,-4.32333474,71.47,67.3,451/5521,70.7,71.47,67.3,67.94,5.872412,1366730,17,688710,20260417
688523.SH,航天环宇,65.51,4.050190597204581,69.9,69.5,0.83669937,70.55,67.28,452/5521,69.5,70.55,67.28,69.9,4.717253,7855329,17,688523,20260417
301333.SZ,诺思格,63.76,0.456908775799589,67.73,69.26,-2.51871042,69.69,67.2,453/5521,69.26,69.69,67.2,67.73,3.583765,1535700,33,301333,20260417
300816.SZ,艾可蓝,72.35,6.194040804344634,68.68,68.21,-0.02911208,69.68,67.1,454/5521,68.21,69.68,67.1,68.68,3.755458,2346300,33,300816,20260417
688577.SH,浙海德曼,74.66,5.825655563430191,68.8,67,2.27441653,68.98,66.9,455/5521,67,68.98,66.9,68.8,3.092017,1040210,17,688577,20260417
688816.SH,易思维,61.38,-3.6420722135007852,67.49,67,0.67124105,67.96,66.76,456/5521,67,67.96,66.76,67.49,1.789976,1441414,17,688816,20260417
300573.SZ,兴齐眼药,69.45,-1.2933484934621895,67.19,67.73,-0.91431942,67.8,66.75,457/5521,67.73,67.8,66.75,67.19,1.548444,4288208,33,300573,20260417
301123.SZ,奕东电子,67.28,1.5700483091787536,68.53,68.41,-1.55150122,70.84,66.7,458/5521,68.41,70.84,66.7,68.53,5.947421,1.4213395E7,33,301123,20260417
600183.SH,生益科技,76.51,-1.9102564102564037,69.25,67.05,2.50148017,70.37,66.7,458/5521,67.05,70.37,66.7,69.25,5.432208,5.6873953E7,17,600183,20260417
603459.SH,红板科技,61.73,0.016202203499672732,67.29,66.7,-2.03814238,70.73,66.61,460/5521,66.7,70.73,66.61,67.29,5.997961,3.5601566E7,17,603459,20260417
300843.SZ,胜蓝股份,82.34,12.779071360087656,69.17,68.5,1.75051486,71.71,66.6,461/5521,68.5,71.71,66.6,69.17,7.516916,1.1251634E7,33,300843,20260417
002897.SZ,意华股份,57.43,-1.8122756026671265,67.19,66.51,1.28127826,68.76,66.51,462/5521,66.51,68.76,66.51,67.19,3.391618,1.312277E7,33,002897,20260417
688777.SH,中控技术,79.29,2.3625096824167477,68.44,67.45,1.57316711,69.22,66.5,463/5521,67.45,69.22,66.5,68.44,4.036806,1.4877555E7,17,688777,20260417
601888.SH,中国中免,65.62,-0.5003790750568586,66.79,68.34,-2.48211418,68.34,66.12,464/5521,68.34,68.34,66.12,66.79,3.241349,3.8710742E7,17,601888,20260417
603799.SH,华友钴业,66.59,-1.581436594738388,66.21,67.22,0.45516614,68.8,66.11,465/5521,67.22,68.8,66.11,66.21,4.081323,1.29382063E8,17,603799,20260417
301182.SZ,凯旺科技,69.16,2.096250369058166,68.26,69.2,-0.81371694,69.59,66.1,466/5521,69.2,69.59,66.1,68.26,5.0712,4486100,33,301182,20260417
001306.SZ,夏厦精密,69.63,0.8691873098652677,67.33,67,0.25312686,67.65,66.04,467/5521,67,67.65,66.04,67.33,2.39726,732400,33,001306,20260417
300438.SZ,鹏辉能源,86.1,6.29629629629629,68.98,67.3,0.58326043,69.28,66.02,468/5521,67.3,69.28,66.02,68.98,4.753572,4.6951987E7,33,300438,20260417
688818.SH,电科蓝天,68.6,1.4042867701404118,67.73,67,1.08955224,70.35,66.01,469/5521,67,70.35,66.01,67.73,6.477611,2.3213998E7,17,688818,20260417
002980.SZ,华盛昌,79.94,-1.7332513829133334,73.12,66.4,10.00451331,73.12,66,470/5521,66.4,73.12,66,73.12,10.711599,1.93449E7,33,002980,20260417
688011.SH,新光光电,63.93,-2.871467639015487,68.35,67.94,0.60347365,69.86,65.82,471/5521,67.94,69.86,65.82,68.35,5.946423,2370006,17,688011,20260417
300489.SZ,光智科技,96.8,2.6184670836425306,70.92,68.35,5.83495001,74.9,65.8,472/5521,68.35,74.9,65.8,70.92,13.580062,2.2199602E7,33,300489,20260417
002466.SZ,天齐锂业,80.03,5.971927966101702,66.65,65.78,2.03612982,68.4,65.74,473/5521,65.78,68.4,65.74,66.65,4.072259,8.5287765E7,33,002466,20260417
688141.SH,杰华特,92.88,16.786118445869477,66.7,67.44,-1.52074413,68.3,65.7,474/5521,67.44,68.3,65.7,66.7,3.838771,1.1481722E7,17,688141,20260417
301155.SZ,海力风电,62.54,1.328580686973429,66.72,65.68,1.22894857,67.25,65.68,475/5521,65.68,67.25,65.68,66.72,2.382036,5270436,33,301155,20260417
300124.SZ,汇川技术,68.6,1.4943038911081385,65.66,66.71,-1.76540993,66.72,65.51,476/5521,66.71,66.72,65.51,65.66,1.810293,3.8990739E7,33,300124,20260417
603179.SH,新泉股份,61.4,7.0245773052117855,66.66,67.06,-0.921522,67.15,65.35,477/5521,67.06,67.15,65.35,66.66,2.675386,1.2574961E7,17,603179,20260417
688143.SH,长盈通,62.4,-2.393242609103709,69.56,65.48,8.24774354,73.5,65.26,478/5521,65.48,73.5,65.26,69.56,12.822906,1.8994016E7,17,688143,20260417
920009.BJ,丹娜生物,62.98,-1.5937500000000049,67.8,66.09,2.75841164,68.36,65.26,478/5521,66.09,68.36,65.26,67.8,4.698393,386738,151,920009,20260417
688513.SH,苑东生物,64.38,0.972396486825592,66.86,66.88,1.42597087,67.65,65.19,480/5521,66.88,67.65,65.19,66.86,3.731796,3380354,17,688513,20260417
688726.SH,拉普拉斯,62.24,3.61245213917097,66.38,66.01,0.40841023,68.36,65.03,481/5521,66.01,68.36,65.03,66.38,5.037059,2.0923894E7,17,688726,20260417
688084.SH,晶品特装,68.73,0.8362676056338137,68.76,67.03,2.7495517,70.68,65.02,482/5521,67.03,70.68,65.02,68.76,8.45786,4435491,17,688084,20260417
688662.SH,富信科技,70.25,3.9970392301998565,70.4,66.29,8.69229582,72,65.01,483/5521,66.29,72,65.01,70.4,10.792033,9724761,17,688662,20260417
688508.SH,芯朋微,83.9,7.854480010284098,66.37,65.23,1.3437166,66.85,65,484/5521,65.23,66.85,65,66.37,2.824858,3634458,17,688508,20260417
688628.SH,优利德,97.0,-1.060791513667897,77.8,65,20.00616998,77.8,65,484/5521,65,77.8,65,77.8,19.743945,6887169,17,688628,20260417
688607.SH,康众医疗,66.03,5.09310838771288,65.66,65,0.09146341,68.7,64.94,486/5521,65,68.7,64.94,65.66,5.731707,2424340,17,688607,20260417
688230.SH,芯导科技,70.98,4.229074889867856,65.48,65.46,0.04583652,65.84,64.85,487/5521,65.46,65.84,64.85,65.48,1.512605,816494,17,688230,20260417
688765.SH,禾元生物,55.07,3.2239925023430156,65.7,65.88,-1.0691161,66.02,64.8,488/5521,65.88,66.02,64.8,65.7,1.837072,1001104,17,688765,20260417
301186.SZ,超达装备,66.46,2.2461538461538364,67.18,66.8,0.56886228,67.96,64.77,489/5521,66.8,67.96,64.77,67.18,4.775449,3936113,33,301186,20260417
688097.SH,博众精工,57.78,0.6444870231667037,65.6,65.22,2.77299076,69.26,64.72,490/5521,65.22,69.26,64.72,65.6,7.112642,1.5668768E7,17,688097,20260417
688813.SH,泰金新能,92.4,6.857869781427093,76.36,66,15.7145022,78.99,64.51,491/5521,66,78.99,64.51,76.36,21.942718,1.3821059E7,17,688813,20260417
603087.SH,甘李药业,58.85,-1.605082762079921,65.15,65.67,-1.24298924,65.83,64.35,492/5521,65.67,65.83,64.35,65.15,2.243443,5611489,17,603087,20260417
603391.SH,力聚热能,60.59,-4.205533596837939,65.15,66.23,-1.09306209,66.23,64.33,493/5521,66.23,66.23,64.33,65.15,2.884469,923500,17,603391,20260417
300408.SZ,三环集团,85.7,4.4994512864284815,65.17,64.91,0.15368065,65.96,64.32,494/5521,64.91,65.96,64.32,65.17,2.520362,2.1565749E7,33,300408,20260417
603200.SH,上海洗霸,62.03,0.12913640032283824,67.0,64.46,2.29007634,67.88,64.1,495/5521,64.46,67.88,64.1,67.0,5.770992,1.4924924E7,17,603200,20260417
301327.SZ,华宝新能,62.5,-2.1143304620203622,64.28,64.07,-0.51075685,65.59,64.05,496/5521,64.07,65.59,64.05,64.28,2.383531,3451500,33,301327,20260417
001325.SZ,元创股份,54.65,-0.5278485620677087,64.64,64.64,-0.40061633,65.56,64.01,497/5521,64.64,65.56,64.01,64.64,2.388289,4079393,33,001325,20260417
688605.SH,先锋精科,66.67,2.758939580764498,64.87,64.68,0.41795666,65.96,63.9,498/5521,64.68,65.96,63.9,64.87,3.188854,2912234,17,688605,20260417
688278.SH,特宝生物,58.25,-1.8534119629317631,64.6,65.3,-0.61538462,65.32,63.88,499/5521,65.3,65.32,63.88,64.6,2.215384,2171584,17,688278,20260417
603293.SH,埃泰克,49.73,0.060362173038217365,64.71,66.07,-8.88482118,68.42,63.5,500/5521,66.07,68.42,63.5,64.71,6.927626,1.6354844E7,17,603293,20260417
688621.SH,阳光诺和,57.68,-1.5027322404371628,64.35,67.12,-4.15549598,67.12,63.27,501/5521,67.12,67.12,63.27,64.35,5.734286,2891566,17,688621,20260417
688146.SH,中船特气,80.35,5.570884246485344,64.31,64.06,1.25964415,66.52,63.25,502/5521,64.06,66.52,63.25,64.31,5.148795,1.6205813E7,17,688146,20260417
301085.SZ,亚康股份,70.09,-1.9034289713086066,67.3,65.63,0.05947071,71.3,63.1,503/5521,65.63,71.3,63.1,67.3,12.191495,1.2134321E7,33,301085,20260417
301323.SZ,新莱福,66.67,1.0151515151515178,65.71,63.83,2.54369538,65.9,63,504/5521,63.83,65.9,63,65.71,4.525593,2551200,33,301323,20260417
603228.SH,景旺电子,70.17,-3.6787920384351307,66.2,63.16,4.4988161,67.5,62.98,505/5521,63.16,67.5,62.98,66.2,7.134964,5.075643E7,17,603228,20260417
920181.BJ,赛英电子,84.12,7.873813798409849,73.97,64,14.69995348,79.88,62.8,506/5521,64,79.88,62.8,73.97,26.484726,4966324,151,920181,20260417
601336.SH,新华保险,64.4,0.4680187207488477,64.27,63.26,0.59477226,65.16,62.73,507/5521,63.26,65.16,62.73,64.27,3.803412,3.1237513E7,17,601336,20260417
301622.SZ,英思特,54.48,-0.7650273224043748,63.93,63,1.23515439,64.47,62.63,508/5521,63,64.47,62.63,63.93,2.913697,1891408,33,301622,20260417
301678.SZ,新恒汇,58.79,2.5824463444425003,63.96,62.7,1.60444797,64.36,62.62,509/5521,62.7,64.36,62.62,63.96,2.764098,2072401,33,301678,20260417
605098.SH,行动教育,61.75,-1.5151515151515196,63.83,63.25,0.88509562,65.35,62.62,509/5521,63.25,65.35,62.62,63.83,4.314841,3200817,17,605098,20260417
301633.SZ,港迪技术,62.15,1.3535551206784056,63.08,62.9,0.11109348,63.38,62.61,511/5521,62.9,63.38,62.61,63.08,1.222028,300000,33,301633,20260417
920106.BJ,林泰新材,55.88,-11.287505953325924,66.19,63.3,4.71444392,66.96,62.57,512/5521,63.3,66.96,62.57,66.19,6.945103,1435520,151,920106,20260417
001221.SZ,悍高集团,57.02,2.7387387387387445,64.1,63.22,1.12005048,64.87,62.31,513/5521,63.22,64.87,62.31,64.1,4.038491,917540,33,001221,20260417
300037.SZ,新宙邦,69.1,-2.580008459044145,62.77,63.47,-1.16517084,64.24,62.31,513/5521,62.97,63.74,61.81,62.27,3.038891,2.1585349E7,33,300037,20260417
603979.SH,金诚信,62.3,-0.843546076714947,62.88,63.23,-1.30277821,64.12,62.22,515/5521,63.23,64.12,62.22,62.88,2.982263,7584917,17,603979,20260417
301577.SZ,美信科技,67.88,5.53482587064677,63.59,62.99,0.64893954,64.28,62.11,516/5521,62.99,64.28,62.11,63.59,3.434631,1013437,33,301577,20260417
603486.SH,科沃斯,65.16,-1.526371467432379,62.45,62.8,-0.74698029,62.82,62.05,517/5521,62.8,62.82,62.05,62.45,1.223776,3781300,17,603486,20260417
301280.SZ,珠城科技,44.32,4.824976348155154,62.18,62.76,-0.87677347,63.95,62,518/5521,44.68571429,45.53571429,44.14285714,44.27,3.10856,2388088,33,301280,20260417
603530.SH,神马电力,60.95,-2.07262210796915,62.15,62,-1.66139241,63.7,62,518/5521,62,63.7,62,62.15,2.689873,6079146,17,603530,20260417
688312.SH,燕麦科技,70.07,1.6686012768427039,63.84,61.99,4.05867971,68.58,61.99,520/5521,61.99,68.58,61.99,63.84,10.741646,1.1298183E7,17,688312,20260417
688663.SH,新风光,68.28,0.8567208271787271,63.07,62.56,1.30099582,65.18,61.82,521/5521,62.56,65.18,61.82,63.07,5.396723,5671760,17,688663,20260417
300836.SZ,佰奥智能,59.81,2.8016500515641156,62.32,62.21,-0.288,63,61.8,522/5521,62.21,63,61.8,62.32,1.92,1424798,33,300836,20260417
600600.SH,青岛啤酒,63.41,0.3164056320202432,61.95,61.88,-0.17724782,62.05,61.75,523/5521,61.88,62.05,61.75,61.95,0.483403,3015493,17,600600,20260417
688239.SH,航宇科技,68.48,13.471416735708372,62.73,62.5,0.368,63.14,61.7,524/5521,62.5,63.14,61.7,62.73,2.304,4143058,17,688239,20260417
688035.SH,德邦科技,73.83,-0.8993288590604049,64.2,62.89,2.11547638,64.99,61.65,525/5521,62.89,64.99,61.65,64.2,5.312549,5723948,17,688035,20260417
600549.SH,厦门钨业,57.78,-2.841768959139058,62.85,62.17,1.5675501,63.82,61.61,526/5521,62.17,63.82,61.61,62.85,3.571428,1.05426751E8,17,600549,20260417
301598.SZ,博科测试,63.75,-0.7009345794392567,62.98,61.68,2.1076524,63.23,61.4,527/5521,61.68,63.23,61.4,62.98,2.966926,596334,33,301598,20260417
301317.SZ,鑫磊股份,58.88,-1.9483763530391252,63.05,62.77,1.10647851,64.6,61.31,528/5521,62.77,64.6,61.31,63.05,5.275817,5481756,33,301317,20260417
603379.SH,三美股份,65.27,-1.6277317256970587,62.55,62.29,0.35296005,62.75,61.3,529/5521,62.29,62.75,61.3,62.55,2.326327,6365669,17,603379,20260417
002929.SZ,润建股份,59.68,10.009216589861751,61.34,64.5,-6.04993108,64.64,61.28,530/5521,64.5,64.64,61.28,61.34,5.14627,2.7075666E7,33,002929,20260417
688448.SH,磁谷科技,63.51,0.2683928007578064,62.91,61.66,1.97763009,63.43,61.27,531/5521,61.66,63.43,61.27,62.91,3.501377,1197934,17,688448,20260417
603286.SH,日盈电子,64.52,6.57416584076643,62.93,62.28,1.07613235,64.16,61.1,532/5521,62.28,64.16,61.1,62.93,4.914873,3225316,17,603286,20260417
688582.SH,芯动联科,50.75,-0.6071288679984377,63.98,61.58,3.57778857,64.86,61.05,533/5521,61.432,64.712,60.902,63.83,6.168042,7629619,17,688582,20260417
300895.SZ,铜牛信息,61.0,-3.358681875792138,61.95,62.61,-2.28706625,63.5,60.9,534/5521,62.61,63.5,60.9,61.95,4.100946,1.1155089E7,33,300895,20260417
301349.SZ,信德新材,58.73,-1.177856301531218,62.4,61.12,1.33160117,64.88,60.89,535/5521,61.12,64.88,60.89,62.4,6.479376,6361064,33,301349,20260417
002335.SZ,科华数据,60.89,-1.4724919093851079,61.4,61.59,-1.06348695,62,60.79,536/5521,61.59,62,60.79,61.4,1.949726,1.9483199E7,33,002335,20260417
688606.SH,奥泰生物,54.01,-1.3696128560993426,61.2,61.25,-0.09794319,61.38,60.75,537/5521,61.25,61.38,60.75,61.2,1.028403,189420,17,688606,20260417
301387.SZ,光大同创,68.34,2.3820224719101173,64.39,62,4.20780061,65.48,60.7,538/5521,62,65.48,60.7,64.39,7.735879,3884988,33,301387,20260417
300496.SZ,中科创达,63.91,-0.03128421711247165,61.34,61.27,-0.32499188,61.56,60.66,539/5521,61.27,61.56,60.66,61.34,1.462463,8556016,33,300496,20260417
301110.SZ,青木科技,67.28,-1.8096906012842893,61.41,61.09,0.50736498,61.56,60.42,540/5521,61.09,61.56,60.42,61.41,1.865793,1909241,33,301110,20260417
300474.SZ,景嘉微,65.98,6.902138690861966,61.64,60.6,1.19848957,62.36,60.41,541/5521,60.6,62.36,60.41,61.64,3.201444,7712101,33,300474,20260417
688568.SH,中科星图,56.65,3.375912408759127,62.05,60.95,1.72131148,62.78,60.3,542/5521,60.95,62.78,60.3,62.05,4.065573,1.2358327E7,17,688568,20260417
002938.SZ,鹏鼎控股,72.05,-1.0574018126888163,62.12,60.95,1.83606557,62.18,60.24,543/5521,60.95,62.18,60.24,62.12,3.180327,3.9226002E7,33,002938,20260417
301148.SZ,嘉戎技术,69.01,-0.2889755815633415,64.28,62,6.72422381,67.88,60.23,544/5521,62,67.88,60.23,64.28,12.701311,9391146,33,301148,20260417
603950.SH,长源东谷,55.65,-1.0490753911806603,65.21,60.21,5.77453366,65.8,60.21,545/5521,60.21,65.8,60.21,65.21,9.067315,2.2448802E7,17,603950,20260417
300516.SZ,久之洋,51.4,2.9029029029028943,62.14,60.75,1.85215538,62.66,60.08,546/5521,60.75,62.66,60.08,62.14,4.228814,4503814,33,300516,20260417
920227.BJ,美登科技,61.59,1.6840019811788065,63.37,61.12,3.71522095,63.98,60.06,547/5521,61.12,63.98,60.06,63.37,6.415711,919191,151,920227,20260417
301053.SZ,远信工业,64.0,0.0,64.5,62.59,5.11734029,64.87,60.03,548/5521,62.59,64.87,60.03,64.5,7.887874,7533460,33,301053,20260417
300617.SZ,安靠智电,60.32,-2.0938159389709448,60.78,60.76,2.03122377,61.79,60,549/5521,60.76,61.79,60,60.78,3.004868,9353013,33,300617,20260417
605060.SH,联德股份,58.54,-1.6960537363560002,60.22,60,2.15436811,62.35,60,549/5521,60,62.35,60,60.22,3.986429,1.4714094E7,17,605060,20260417
688073.SH,毕得医药,63.52,6.3452201573748646,60.29,61.94,-3.41236783,62.16,59.71,551/5521,61.94,62.16,59.71,60.29,3.925024,1347475,17,688073,20260417
688563.SH,航材股份,57.43,1.1091549295774694,60.27,60.85,-1.22910521,60.95,59.71,551/5521,60.85,60.95,59.71,60.27,2.03212,3390351,17,688563,20260417
603606.SH,东方电缆,62.13,-1.9876952200662534,60.05,59.79,0.68745808,61.2,59.66,553/5521,59.79,61.2,59.66,60.05,2.582159,9990383,17,603606,20260417
601689.SH,拓普集团,60.14,4.445988190343874,60.97,60.09,-0.31066056,61.07,59.6,554/5521,60.09,61.07,59.6,60.97,2.403531,2.7725E7,17,601689,20260417
603713.SH,密尔克卫,56.87,-1.829794579665117,59.76,60.71,-1.30470685,60.73,59.55,555/5521,60.71,60.73,59.55,59.76,1.948802,1119265,17,603713,20260417
003033.SZ,征和工业,56.3,3.568800588668134,61.68,60.13,1.78217822,62.66,59.49,556/5521,59.63,62.16,58.99,61.18,5.231023,2147539,33,003033,20260417
300976.SZ,达瑞电子,63.93,1.2031027386417572,59.96,59.79,0.43551089,60.38,59.45,557/5521,59.79,60.38,59.45,59.96,1.557788,1208178,33,300976,20260417
300904.SZ,威力传动,58.7,-0.5084745762711816,60.0,59.54,0.9930988,61,59.31,558/5521,59.54,61,59.31,60.0,2.844638,863393,33,300904,20260417
002475.SZ,立讯精密,67.0,-2.38927738927739,59.75,59.85,-1.1579818,60.88,59.25,559/5521,59.85,60.88,59.25,59.75,2.696443,1.343424E8,33,002475,20260417
301150.SZ,中一科技,68.52,3.8653933606184587,61.15,59.69,0.39402397,63.16,59.22,560/5521,59.69,63.16,59.22,61.15,6.46856,1.5152085E7,33,301150,20260417
688196.SH,卓越新能,52.42,-1.7616191904047933,59.96,60.68,-0.89256198,60.9,59.12,561/5521,60.68,60.9,59.12,59.96,2.942148,1531525,17,688196,20260417
300720.SZ,海川智能,63.12,0.7662835249042096,60.43,60.8,4.36960276,63.63,59.11,562/5521,60.8,63.63,59.11,60.43,7.806563,1.127971E7,33,300720,20260417
002428.SZ,云南锗业,70.01,1.1412886449003268,62.0,60.53,10.00709723,62,59.07,563/5521,60.53,62,59.07,62.0,5.198722,1.00529253E8,33,002428,20260417
603605.SH,珀莱雅,61.88,-0.626304801670147,59.24,59.8,-1.23374458,59.8,59.02,564/5521,59.8,59.8,59.02,59.24,1.300433,2583682,17,603605,20260417
601138.SH,工业富联,62.88,-5.101116812556598,60.97,59.6,2.78152394,61.2,58.98,565/5521,59.6,61.2,58.98,60.97,3.742414,1.878179E8,17,601138,20260417
300684.SZ,中石科技,54.38,-2.3347701149425237,59.64,59.17,0,60.98,58.8,566/5521,59.17,60.98,58.8,59.64,3.655264,1.5739514E7,33,300684,20260417
688626.SH,翔宇医疗,58.64,1.3831258644536604,59.5,59.84,-0.03360215,60.01,58.76,567/5521,59.84,60.01,58.76,59.5,2.100134,1282169,17,688626,20260417
688248.SH,南网科技,54.91,-2.710843373493978,59.31,59,-0.33607797,60.8,58.72,568/5521,59,60.8,58.72,59.31,3.49521,5179063,17,688248,20260417
301097.SZ,天益医疗,58.63,1.278286405251342,59.26,60.19,-1.72470978,60.72,58.66,569/5521,60.19,60.72,58.66,59.26,3.416252,974110,33,301097,20260417
002970.SZ,锐明技术,69.78,-3.284823284823291,60.28,59.53,0.4834139,60.83,58.63,570/5521,58.93,60.23,58.03,59.68,3.667277,6379500,33,002970,20260417
300841.SZ,康华生物,57.08,-0.9027777777777832,59.76,59.09,0.8097166,59.87,58.62,571/5521,59.09,59.87,58.62,59.76,2.108636,1416800,33,300841,20260417
301237.SZ,和顺科技,67.66,-2.577393808495329,71.17,59.35,19.99662789,71.17,58.57,572/5521,59.35,71.17,58.57,71.17,21.244309,4481079,33,301237,20260417
603728.SH,鸣志电器,59.35,1.5397775876817767,59.66,59.07,0.60708263,59.77,58.51,573/5521,59.07,59.77,58.51,59.66,2.124789,4301300,17,603728,20260417
600660.SH,福耀玻璃,58.87,-0.8922558922558942,58.79,59.05,-0.60862215,59.06,58.5,574/5521,59.05,59.06,58.5,58.79,0.946745,8382812,17,600660,20260417
688192.SH,迪哲医药,56.7,2.106969205834687,59.06,61.06,-3.25962326,61.22,58.27,575/5521,61.06,61.22,58.27,59.06,4.832104,4897645,17,688192,20260417
301021.SZ,英诺激光,61.5,-1.4580996635154568,60.83,58.3,4.17879774,62.99,58.23,576/5521,58.3,62.99,58.23,60.83,8.15208,6669278,33,301021,20260417
300863.SZ,卡倍亿,57.19,-1.3114754098360744,59.72,59.44,0.50488051,61.2,58.22,577/5521,59.44,61.2,58.22,59.72,5.015146,5419119,33,300863,20260417
688700.SH,东威科技,61.1,-2.083333333333329,61.56,58.5,5.48320768,63.33,58.13,578/5521,58.5,63.33,58.13,61.56,8.910212,1.5255238E7,17,688700,20260417
002294.SZ,信立泰,51.29,-1.1753371868978795,58.75,58.88,-2.95672283,60.2,58.12,579/5521,58.88,60.2,58.12,58.75,3.435744,2.0023022E7,33,002294,20260417
300461.SZ,田中精机,52.78,-0.41509433962263936,59.02,58.6,-3.43586387,60.91,58,580/5521,58.6,60.91,58,59.02,4.761125,9714240,33,300461,20260417
301033.SZ,迈普医学,55.06,-1.1844938980617312,58.63,59.69,-1.84162063,59.71,57.98,581/5521,59.69,59.71,57.98,58.63,2.896366,923864,33,301033,20260417
688170.SH,德龙激光,60.46,3.0861040068201233,60.95,57.96,6.35142209,65,57.96,582/5521,57.96,65,57.96,60.95,12.284069,1.0363466E7,17,688170,20260417
688580.SH,伟思医疗,64.26,1.1968503937007955,59.39,58.79,1.90459849,59.9,57.88,583/5521,58.79,59.9,57.88,59.39,3.466026,1560814,17,688580,20260417
301105.SZ,鸿铭股份,59.1,0.3395585738539946,58.43,58.43,0,59.19,57.87,584/5521,58.43,59.19,57.87,58.43,2.259113,679400,33,301105,20260417
000628.SZ,高新发展,66.18,10.00664893617023,61.19,58.45,4.66985973,64.31,57.83,585/5521,58.45,64.31,57.83,61.19,11.084502,2.5742154E7,33,000628,20260417
003009.SZ,中天火箭,60.06,2.824858757062157,58.41,58.91,-0.86558045,58.92,57.8,586/5521,58.91,58.92,57.8,58.41,1.900882,3032917,33,003009,20260417
301617.SZ,博苑股份,60.03,-2.453688657783552,61.37,57.9,6.06636709,62.58,57.7,587/5521,57.9,62.58,57.7,61.37,8.434151,4082914,33,301617,20260417
688611.SH,杭州柯林,63.06,0.6383657835940084,62.38,57.83,6.79678137,63.38,57.68,588/5521,57.83,63.38,57.68,62.38,9.758602,2516296,17,688611,20260417
601318.SH,中国平安,59.37,-0.1009591115598221,57.92,58.4,-1.0252905,58.4,57.61,589/5521,58.4,58.4,57.61,57.92,1.349965,6.1232384E7,17,601318,20260417
603150.SH,万朗磁塑,60.63,-0.8665794637017562,59.09,59.2,0.45902754,59.43,57.6,590/5521,59.2,59.43,57.6,59.09,3.111186,2452600,17,603150,20260417
301160.SZ,翔楼新材,59.88,4.721930745015745,60.19,58.68,2.53833049,60.27,57.56,591/5521,58.68,60.27,57.56,60.19,4.616695,2755049,33,301160,20260417
603920.SH,世运电路,52.65,-3.765307987570832,59.1,62.28,0.4077472,62.4,57.55,592/5521,62.28,62.4,57.55,59.1,8.239891,8.8211443E7,17,603920,20260417
301319.SZ,唯特偶,70.77,2.1064781416822878,68.39,58.88,20.00350939,68.39,57.5,593/5521,58.88,68.39,57.5,68.39,19.108615,1.4277945E7,33,301319,20260417
003041.SZ,真爱美家,52.4,-0.28544243577544925,57.78,57.9,-0.32775574,59.97,57.39,594/5521,57.9,59.97,57.39,57.78,4.450577,7106449,33,003041,20260417
301248.SZ,杰创智能,85.2,0.023479690068086426,58.92,60.17,-3.89822215,61.95,57.36,595/5521,60.17,61.95,57.36,58.92,7.486543,1.4869285E7,33,301248,20260417
688788.SH,科思科技,53.88,1.0881801125703667,57.55,58,-0.99776363,58.85,57.22,596/5521,58,58.85,57.22,57.55,2.804059,1269081,17,688788,20260417
688103.SH,国力电子,60.19,1.2106944677988882,59.32,57.99,3.59762487,59.56,57.11,597/5521,57.99,59.56,57.11,59.32,4.278728,1179878,17,688103,20260417
688305.SH,科德数控,60.47,2.110773387369132,59.36,57.44,2.91262136,59.66,57.08,598/5521,57.44,59.66,57.08,59.36,4.472954,2846474,17,688305,20260417
300984.SZ,金沃股份,63.75,5.024711696869847,59.02,57.96,1.7761683,59.56,57,599/5521,57.96,59.56,57,59.02,4.414554,2285928,33,300984,20260417
301257.SZ,普蕊斯,52.4,-2.9988893002591714,57.86,58.96,-1.8490246,58.96,57,599/5521,58.96,58.96,57,57.86,3.324851,1897615,33,301257,20260417
688337.SH,普源精电,60.39,-1.660967269174395,62.9,59.06,9.84980789,64.5,57,599/5521,59.06,64.5,57,62.9,13.098148,8545543,17,688337,20260417
920091.BJ,大鹏工业,51.15,1.953358580825188,61.42,58.88,4.74079127,63,56.95,602/5521,58.88,63,56.95,61.42,10.317189,1987077,151,920091,20260417
300073.SZ,当升科技,63.44,-2.3549330460212423,57.84,57.56,1.7414248,58.39,56.89,603/5521,57.56,58.39,56.89,57.84,2.638522,1.8280466E7,33,300073,20260417
688799.SH,华纳药厂,58.68,0.8074214052568267,57.48,57.98,-1.74358974,59.19,56.88,604/5521,57.98,59.19,56.88,57.48,3.948717,4989024,17,688799,20260417
301393.SZ,昊帆生物,58.82,-0.4400812457684462,57.63,57.8,-1.70561146,59.5,56.78,605/5521,57.8,59.5,56.78,57.63,4.639263,2994052,33,301393,20260417
300347.SZ,泰格医药,55.2,-2.092940759134444,57.6,58.63,-1.74002047,58.63,56.69,606/5521,58.63,58.63,56.69,57.6,3.30945,1.173929E7,33,300347,20260417
688456.SH,有研粉材,66.06,3.2187500000000036,58.03,56.72,1.96801968,58.88,56.69,606/5521,56.72,58.88,56.69,58.03,3.848181,2877145,17,688456,20260417
301389.SZ,隆扬电子,62.49,-4.023959453232987,58.0,57.13,0.90466249,59.2,56.66,608/5521,57.13,59.2,56.66,58.0,4.418928,6422625,33,301389,20260417
603257.SH,中国瑞林,60.01,-1.9764782750735068,59.5,57.82,3.930131,61.9,56.66,608/5521,57.82,61.9,56.66,59.5,9.152838,3260024,17,603257,20260417
603786.SH,科博达,53.75,2.1280638419152527,57.15,57.12,0.05252101,58,56.66,608/5521,57.12,58,56.66,57.15,2.345938,3231857,17,603786,20260417
301687.SZ,新广益,57.8,-0.34482758620690146,58.51,57.4,1.29847645,58.9,56.59,611/5521,57.4,58.9,56.59,58.51,3.999307,3335091,33,301687,20260417
002943.SZ,宇晶股份,68.81,8.430507406240153,58.79,58.01,2.51089799,60,56.54,612/5521,58.01,60,56.54,58.79,6.033129,2.5854869E7,33,002943,20260417
301096.SZ,百诚医药,58.56,4.664879356568363,57.94,57.55,-0.42962708,58.48,56.5,613/5521,57.55,58.48,56.5,57.94,3.402646,2777010,33,301096,20260417
301328.SZ,维峰电子,62.16,0.6476683937823812,58.97,59,-0.32116295,60.09,56.5,613/5521,59,60.09,56.5,58.97,6.068289,3408548,33,301328,20260417
300919.SZ,中伟新材,63.73,-2.4938800489596122,57.94,56.49,2.56682599,59.04,56.49,615/5521,56.49,59.04,56.49,57.94,4.514073,2.3001556E7,33,300919,20260417
603662.SH,柯力传感,56.2,1.4074341392998937,57.33,56.61,0.75571178,57.58,56.33,616/5521,56.61,57.58,56.33,57.33,2.196836,3142071,17,603662,20260417
688080.SH,映翰通,44.77,-0.8416389811738548,57.68,57,1.31740734,57.95,56.33,616/5521,57,57.95,56.33,57.68,2.845599,1473372,17,688080,20260417
688237.SH,超卓航科,56.33,1.5137862677959926,57.27,57.81,-0.27860003,57.81,56.33,616/5521,57.81,57.81,56.33,57.27,2.57705,1432162,17,688237,20260417
688091.SH,上海谊众,55.35,0.7279344858962667,56.95,56.67,-0.0877193,59.95,56.32,619/5521,56.67,59.95,56.32,56.95,6.368421,6611527,17,688091,20260417
300503.SZ,昊志机电,62.65,-2.717391304347837,59.29,56.51,5.18006032,59.9,56.23,620/5521,56.51,59.9,56.23,59.29,6.510555,2.619365E7,33,300503,20260417
301169.SZ,零点有数,70.02,3.228659885006631,58.73,57.97,1.31102294,59.7,56.14,621/5521,57.97,59.7,56.14,58.73,6.141107,1287100,33,301169,20260417
600276.SH,恒瑞医药,53.88,-2.018548827059464,56.33,57.2,-1.98364364,57.2,56.01,622/5521,57.2,57.2,56.01,56.33,2.070645,6.3252368E7,17,600276,20260417
301087.SZ,可孚医疗,53.02,-0.6185567010309246,57.5,56.88,0.52447552,57.81,55.95,623/5521,56.88,57.81,55.95,57.5,3.251748,2570100,33,301087,20260417
002653.SZ,海思科,58.53,5.4024851431658565,56.02,56.31,-1.45998241,57.69,55.86,624/5521,56.31,57.69,55.86,56.02,3.218997,6466783,33,002653,20260417
688559.SH,海目星,58.61,-2.883181441590724,59.56,56.3,5.79040853,60.19,55.7,625/5521,56.3,60.19,55.7,59.56,7.975133,1.1050683E7,17,688559,20260417
603284.SH,林平发展,47.02,-0.6549757025142514,56.0,56.63,-1.6335851,57.17,55.69,626/5521,56.63,57.17,55.69,56.0,2.599683,2533414,17,603284,20260417
688166.SH,博瑞医药,63.1,6.768189509306261,57.35,57.8,-1.49433184,57.8,55.66,627/5521,57.8,57.8,55.66,57.35,3.675712,1.3641932E7,17,688166,20260417
300139.SZ,晓程科技,52.88,0.07570022710067968,56.56,55.81,-1.08429521,56.82,55.62,628/5521,55.81,56.82,55.62,56.56,2.098635,2.1916675E7,33,300139,20260417
688581.SH,安杰思,60.6,-3.457065477138763,55.88,56.16,-0.53399786,56.31,55.61,629/5521,56.16,56.31,55.61,55.88,1.245995,256428,17,688581,20260417
688631.SH,莱斯信息,56.52,0.6410256410256527,57.82,56.08,1.68835737,58.15,55.52,630/5521,56.08,58.15,55.52,57.82,4.625395,2823300,17,688631,20260417
300049.SZ,福瑞医科,50.36,-0.35615354174910907,56.98,56.57,0.29924309,58.07,55.5,631/5521,56.57,58.07,55.5,56.98,4.523851,4576352,33,300049,20260417
603171.SH,税友股份,55.29,-0.5575539568345365,56.93,55.52,0.9576166,57.2,55.5,631/5521,55.52,57.2,55.5,56.93,3.014718,1.1132572E7,17,603171,20260417
301289.SZ,国缆检测,55.56,0.5975013579576416,56.06,55.75,0.71864894,56.12,55.45,633/5521,55.75,56.12,55.45,56.06,1.203736,563690,33,301289,20260417
301568.SZ,思泰克,56.97,1.9323671497584511,57.11,55.44,3.0866426,57.47,55.4,634/5521,55.44,57.47,55.4,57.11,3.736462,4987651,33,301568,20260417
001326.SZ,联域股份,56.19,-0.4782146652497399,56.85,56.5,1.60857909,56.85,55.34,635/5521,56.5,56.85,55.34,56.85,2.698838,1446062,33,001326,20260417
300668.SZ,杰恩股份,55.29,-9.73061224489796,57.18,57.19,0.66901408,57.48,55.24,636/5521,57.19,57.48,55.24,57.18,3.943661,5527900,33,300668,20260417
605588.SH,冠石科技,56.84,-0.2807017543859589,56.72,56.1,1.53956319,57.3,55.18,637/5521,56.1,57.3,55.18,56.72,3.795202,1847000,17,605588,20260417
000538.SZ,云南白药,53.05,0.0,55.29,55.4,-0.41426513,55.68,55.12,638/5521,53.817,54.097,53.537,53.71,1.008645,6686578,33,000538,20260417
300965.SZ,恒宇信通,,,56.0,55.51,0.71942446,56.3,55.02,639/5521,55.51,56.3,55.02,56.0,2.302158,550970,33,300965,20260417
002338.SZ,奥普光电,61.06,-0.31020408163264934,56.13,55.14,4.07936214,58,55.01,640/5521,55.14,58,55.01,56.13,5.544223,1.3812587E7,33,002338,20260417
001223.SZ,欧克科技,55.72,1.309090909090907,60.02,55.66,7.83327345,60.68,55,641/5521,55.66,60.68,55,60.02,10.204814,2626142,33,001223,20260417
603757.SH,大元泵业,50.58,-1.2109375000000089,55.86,56.27,-0.74626866,57.01,55,641/5521,56.27,57.01,55,55.86,3.571428,1.6803664E7,17,603757,20260417
300806.SZ,斯迪克,74.2,0.8289169724147295,65.27,55.63,20.00367715,65.27,54.76,643/5521,55.63,65.27,54.76,65.27,19.323405,3.5509069E7,33,300806,20260417
688679.SH,通源环境,52.3,-0.15273004963727643,54.86,55.77,-0.50779833,58.84,54.7,644/5521,55.77,58.84,54.7,54.86,7.508161,4206079,17,688679,20260417
688293.SH,奥浦迈,50.24,-2.9366306027820634,55.81,55.58,0.54044316,56.37,54.5,645/5521,55.58,56.37,54.5,55.81,3.368762,1591005,17,688293,20260417
301178.SZ,天亿马,54.55,0.055025678650025736,55.2,56.18,-1.44617033,56.55,54.45,646/5521,56.18,56.55,54.45,55.2,3.74933,2964681,33,301178,20260417
920007.BJ,酉立智能,52.1,-2.48923825566161,56.67,54.6,3.22404372,57.6,54.3,647/5521,54.6,57.6,54.3,56.67,6.010928,510828,151,920007,20260417
001332.SZ,锡装股份,62.8,-1.828982335469754,55.68,54.8,1.42076503,55.77,54.15,648/5521,54.8,55.77,54.15,55.68,2.950819,1329570,33,001332,20260417
300342.SZ,天银机电,68.31,0.07324934075592902,57.11,55.03,2.34767025,57.75,54.08,649/5521,55.03,57.75,54.08,57.11,6.57706,5.1839678E7,33,300342,20260417
301291.SZ,明阳电气,58.94,-5.0273928456332655,55.19,55.46,-0.82659479,56.09,54,650/5521,55.46,56.09,54,55.19,3.755615,1.3121181E7,33,301291,20260417
000423.SZ,东阿阿胶,55.0,0.36496350364964025,54.03,55.45,-2.87614596,55.88,53.94,651/5521,55.45,55.88,53.94,54.03,3.487326,1.1656451E7,33,000423,20260417
000893.SZ,亚钾国际,54.05,-1.959005985851633,54.38,56.28,-3.58156028,56.65,53.85,652/5521,56.28,56.65,53.85,54.38,4.964539,1.659355E7,33,000893,20260417
600132.SH,重庆啤酒,55.01,-2.100017796760989,53.97,54.11,-0.73569983,54.33,53.85,652/5521,54.11,54.33,53.85,53.97,0.882839,2775070,17,600132,20260417
300913.SZ,兆龙互连,52.59,0.4392666157372116,55.06,53.82,1.19463334,55.98,53.82,654/5521,53.82,55.98,53.82,55.06,3.969858,8309183,33,300913,20260417
300807.SZ,天迈科技,,,56.02,54.54,2.50686185,57.3,53.73,655/5521,54.54,57.3,53.73,56.02,6.532479,2855000,33,300807,20260417
002847.SZ,盐津铺子,58.72,-1.5095605501509537,54.05,54.69,-1.4764856,54.99,53.63,656/5521,54.69,54.99,53.63,54.05,2.479037,2569574,33,002847,20260417
301233.SZ,盛帮股份,57.29,1.4700673042862173,54.76,54.2,1.40740741,54.96,53.63,656/5521,54.2,54.96,53.63,54.76,2.462962,842430,33,301233,20260417
688226.SH,威腾电气,55.72,3.858341099720411,57.36,54.7,6.45879733,58.68,53.63,656/5521,54.7,58.68,53.63,57.36,9.37268,1.7159941E7,17,688226,20260417
688401.SH,路维光电,65.28,2.1436394930370906,57.09,54.57,4.56043956,57.24,53.53,659/5521,54.57,57.24,53.53,57.09,6.794871,6024037,17,688401,20260417
300450.SZ,先导智能,55.22,-1.057158215373595,56.0,53.6,4.36079016,56.8,53.5,660/5521,53.6,56.8,53.5,56.0,6.149832,9.7306564E7,33,300450,20260417
000657.SZ,中钨高新,58.19,1.5355086372360764,56.12,53.5,8.13102119,57.09,53.37,661/5521,53.5,57.09,53.37,56.12,7.16763,1.9457765E8,33,000657,20260417
688290.SH,景业智能,60.01,2.406143344709892,54.5,54.03,1.20705664,55.6,53.35,662/5521,54.03,55.6,53.35,54.5,4.178272,1287540,17,688290,20260417
301228.SZ,实朴检测,53.1,-1.8484288354898335,57.91,53.26,8.73075479,58.78,53.26,663/5521,53.26,58.78,53.26,57.91,10.36425,7457583,33,301228,20260417
001285.SZ,瑞立科密,52.06,-0.4779200917606576,54.76,53.43,2.48923826,55.43,53.25,664/5521,53.43,55.43,53.25,54.76,4.080104,2433230,33,001285,20260417
003043.SZ,华亚智能,57.84,4.593128390596757,55.91,54.25,3.05990783,56.46,53.2,665/5521,54.25,56.46,53.2,55.91,6.009216,3823860,33,003043,20260417
301099.SZ,雅创电子,58.47,-1.1161846778285196,53.88,53.3,0.54114574,54.67,53.13,666/5521,53.3,54.67,53.13,53.88,2.87367,5281579,33,301099,20260417
301221.SZ,光庭信息,47.84,-1.0957204879057143,53.35,53.75,-0.83643123,53.94,53.11,667/5521,53.75,53.94,53.11,53.35,1.54275,1531326,33,301221,20260417
301468.SZ,博盈特焊,53.96,5.721003134796241,53.22,53.17,-1.31652142,54.5,53.11,667/5521,53.17,54.5,53.11,53.22,2.577415,4805481,33,301468,20260417
002149.SZ,西部材料,63.51,9.993072393488042,54.8,53.11,2.16256525,55.47,53.09,669/5521,53.11,55.47,53.09,54.8,4.436987,8.3809035E7,33,002149,20260417
300469.SZ,信息发展,59.67,6.935483870967751,56.12,54.4,2.67105745,57.21,53.05,670/5521,54.4,57.21,53.05,56.12,7.610684,8923325,33,300469,20260417
603031.SH,安孚科技,41.5,1.0223953261927987,57.46,53.27,9.99234303,57.46,53,671/5521,36.65517241,39.54482759,36.46896552,39.54,8.537519,1.5930483E7,17,603031,20260417
688083.SH,中望软件,56.71,5.723340790454884,54.0,55.2,-3.22580645,55.6,53,671/5521,55.2,55.6,53,54.0,4.659498,4774813,17,688083,20260417
300991.SZ,创益通,50.68,3.8099139696845543,55.61,53.61,2.82914201,58.2,52.99,673/5521,53.61,58.2,52.99,55.61,9.633875,7440124,33,300991,20260417
301368.SZ,丰立智能,49.4,1.479046836483153,53.48,53.21,-0.65019506,53.8,52.93,674/5521,53.21,53.8,52.93,53.48,1.616199,1565900,33,301368,20260417
688379.SH,华光新材,65.76,-0.8593396653098043,55.53,54.33,5.19037697,57.51,52.8,675/5521,54.33,57.51,52.8,55.53,8.922144,7283465,17,688379,20260417
688805.SH,健信超导,51.98,-3.221001675665619,53.97,53.28,1.200075,54.59,52.78,676/5521,53.28,54.59,52.78,53.97,3.393962,5961653,17,688805,20260417
688719.SH,爱科赛博,59.96,1.0959366042825807,52.99,53.58,-1.61529892,56,52.75,677/5521,53.58,56,52.75,52.99,6.034162,7355638,17,688719,20260417
301043.SZ,绿岛风,54.74,2.9915333960489248,54.81,54.04,1.01363804,56.5,52.68,678/5521,54.04,56.5,52.68,54.81,7.040176,1826703,33,301043,20260417
688348.SH,昱能科技,51.66,-0.44324532665254185,53.22,52.72,0.03759398,53.57,52.66,679/5521,52.72,53.57,52.66,53.22,1.710526,2065340,17,688348,20260417
600487.SH,亨通光电,65.7,-2.4933214603739873,55.65,52.59,4.72337222,56.1,52.59,680/5521,52.59,56.1,52.59,55.65,6.605193,2.13417354E8,17,600487,20260417
300456.SZ,赛微电子,45.82,2.071730897750055,55.9,52.88,6.37488107,56.94,52.58,681/5521,52.51,56.57,52.21,55.53,8.29686,1.02931635E8,33,300456,20260417
688399.SH,硕世生物,61.75,1.7298187808896164,57.0,53,7.06235913,57.61,52.58,681/5521,53,57.61,52.58,57.0,9.447783,2928749,17,688399,20260417
688708.SH,佳驰科技,52.1,2.4783634933123486,53.39,52.98,0.45155221,53.66,52.56,683/5521,52.98,53.66,52.56,53.39,2.069614,994290,17,688708,20260417
300677.SZ,英科医疗,57.02,-1.315334025614396,53.53,53.06,0.82878131,54.14,52.53,684/5521,53.06,54.14,52.53,53.53,3.032586,1.1309957E7,33,300677,20260417
002993.SZ,奥海科技,47.49,-1.0624999999999958,53.1,52.68,1.14285714,53.88,52.38,685/5521,52.68,53.88,52.38,53.1,2.857142,3471130,33,002993,20260417
603538.SH,美诺华,62.46,-4.349157733537514,52.5,56,-6.25,56.19,52.3,686/5521,56,56.19,52.3,52.5,6.946428,5.8975566E7,17,603538,20260417
605598.SH,上海港湾,48.3,6.9293779056896065,54.09,54.18,0.0554939,55.58,52.3,686/5521,54.18,55.58,52.3,54.09,6.067332,7742912,17,605598,20260417
688036.SH,传音控股,57.75,-1.180698151950715,52.53,53.6,-2.16055131,53.6,52.25,688/5521,53.6,53.6,52.25,52.53,2.514434,1.0043381E7,17,688036,20260417
600363.SH,联创光电,48.0,-6.796116504854369,53.85,52.6,2.61051829,54.74,52.22,689/5521,52.6,54.74,52.22,53.85,4.801829,1.1295351E7,17,600363,20260417
920522.BJ,纳科诺尔,55.24,-1.180679785330942,60.07,52.38,15.09867791,62,52.21,690/5521,52.38,62,52.21,60.07,18.758382,9357601,151,920522,20260417
301141.SZ,中科磁业,52.48,-0.793950850661629,53.53,52.19,1.78741206,53.97,52.16,691/5521,52.19,53.97,52.16,53.53,3.441718,3569404,33,301141,20260417
603650.SH,彤程新材,53.96,-1.5328467153284604,54.01,52.77,2.34981997,54.12,52.11,692/5521,52.77,54.12,52.11,54.01,3.808982,1.4028111E7,17,603650,20260417
688648.SH,中邮科技,49.63,-1.9169960474308276,52.83,53.27,0.05681818,53.27,52.11,692/5521,53.27,53.27,52.11,52.83,2.196969,1421699,17,688648,20260417
300648.SZ,星云股份,49.46,0.3652597402597397,52.61,53.02,-1.9202088,53.49,52.06,694/5521,53.02,53.49,52.06,52.61,2.66592,2901845,33,300648,20260417
301498.SZ,乖宝宠物,54.8,-2.317290552584678,55.09,53.2,3.72811147,55.9,52.03,695/5521,53.2,55.9,52.03,55.09,7.286763,1.1482132E7,33,301498,20260417
301310.SZ,鑫宏业,66.65,8.550488599348546,56.53,54.3,3.53479853,57.55,52,696/5521,54.3,57.55,52,56.53,10.164835,8047344,33,301310,20260417
300905.SZ,宝丽迪,68.12,0.029368575624097257,55.58,55.58,19.99136442,55.58,51.88,697/5521,55.58,55.58,51.88,55.58,7.98791,1.6158398E7,33,300905,20260417
688500.SH,慧辰股份,46.63,-1.769538655993251,52.27,53.23,-2.5903839,53.59,51.77,698/5521,53.23,53.59,51.77,52.27,3.391725,2160287,17,688500,20260417
688345.SH,博力威,52.5,-3.0112691668206217,53.95,52.24,3.27335375,54.47,51.65,699/5521,52.24,54.47,51.65,53.95,5.398162,3617713,17,688345,20260417
603334.SH,丰倍生物,48.55,-3.498310475054671,54.0,55.39,-1.53172867,55.4,51.5,700/5521,55.39,55.4,51.5,54.0,7.111597,3452502,17,603334,20260417
603688.SH,石英股份,55.18,-0.8801868151607724,51.8,52.8,-0.38461538,53.04,51.5,700/5521,52.8,53.04,51.5,51.8,2.961538,1.9685405E7,17,603688,20260417
301003.SZ,江苏博云,52.88,-10.31207598371777,52.4,53.01,-1.96445276,53.57,51.44,702/5521,53.01,53.57,51.44,52.4,3.985032,4195901,33,301003,20260417
688295.SH,中复神鹰,57.15,-2.491042484217712,52.1,51.85,-0.47755492,52.83,51.4,703/5521,51.85,52.83,51.4,52.1,2.731614,1.3106338E7,17,688295,20260417
688646.SH,ST逸飞,59.3,3.9621318373071492,53.75,52,4.57198444,54.2,51.37,704/5521,52,54.2,51.37,53.75,5.505836,2081084,22,688646,20260417
300418.SZ,昆仑万维,48.86,-2.6305300916699887,52.62,51.45,1.15340254,53.15,51.33,705/5521,51.45,53.15,51.33,52.62,3.498654,4.8834223E7,33,300418,20260417
688545.SH,兴福电子,54.89,5.456292026897221,51.8,51.92,-0.86124402,52.68,51.33,705/5521,51.92,52.68,51.33,51.8,2.583732,4135284,17,688545,20260417
301616.SZ,浙江华业,45.09,-1.4426229508196646,51.96,51.53,0.56125411,52.1,51.28,707/5521,51.53,52.1,51.28,51.96,1.586994,681300,33,301616,20260417
301668.SZ,昊创瑞通,44.39,-0.47085201793722165,51.65,51.82,-0.32805866,52.18,51.27,708/5521,51.82,52.18,51.27,51.65,1.756078,1577961,33,301668,20260417
000831.SZ,中国稀土,54.44,0.7588376827688258,52.11,51.36,0.81253627,52.75,51.26,709/5521,51.36,52.75,51.26,52.11,2.882569,2.2700853E7,33,000831,20260417
688499.SH,利元亨,54.11,-2.4165915238954074,53.89,51.95,5.39800509,54.6,51.2,710/5521,51.95,54.6,51.2,53.89,6.649716,8239251,17,688499,20260417
688601.SH,力芯微,52.85,4.343534057255682,51.38,52.39,-1.98397558,52.71,51.2,710/5521,52.39,52.71,51.2,51.38,2.880579,4723493,17,688601,20260417
603416.SH,信捷电气,54.36,3.7800687285223304,52.19,51.75,3.90205057,52.24,50.99,712/5521,51.75,52.24,50.99,52.19,2.488552,3016276,17,603416,20260417
603418.SH,友升股份,51.65,1.036776212832553,51.27,51.39,-0.36921881,51.39,50.95,713/5521,51.39,51.39,50.95,51.27,0.855033,596622,17,603418,20260417
603267.SH,鸿远电子,52.87,2.302631578947364,52.3,51.38,1.69161968,52.67,50.93,714/5521,51.38,52.67,50.93,52.3,3.383239,5964443,17,603267,20260417
688187.SH,时代电气,48.42,-1.3246382718565286,51.28,51.9,-1.59278449,52.15,50.88,715/5521,51.9,52.15,50.88,51.28,2.437152,4478019,17,688187,20260417
301235.SZ,华康洁净,50.6,2.18093699515347,51.73,51.66,-0.67204301,53.33,50.85,716/5521,51.66,53.33,50.85,51.73,4.761904,4411069,33,301235,20260417
301336.SZ,趣睡科技,55.75,2.632547864506627,51.35,51.75,-0.32996894,51.82,50.71,717/5521,51.75,51.82,50.71,51.35,2.154503,861002,33,301336,20260417
300689.SZ,澄天伟业,53.76,0.037216226274648344,52.08,51.33,0.75449797,53,50.67,718/5521,51.33,53,50.67,52.08,4.507641,4101550,33,300689,20260417
300054.SZ,鼎龙股份,62.36,5.748685772426659,53.0,51.32,2.35612205,53.87,50.61,719/5521,51.32,53.87,50.61,53.0,6.295867,3.0742805E7,33,300054,20260417
688023.SH,安恒信息,44.69,-2.529989094874599,50.87,51.7,-1.01187001,51.7,50.61,719/5521,51.7,51.7,50.61,50.87,2.121035,2468386,17,688023,20260417
603338.SH,浙江鼎力,55.12,-4.965517241379314,50.89,51.6,-1.03072734,51.9,50.55,721/5521,51.6,51.9,50.55,50.89,2.625437,4235400,17,603338,20260417
688439.SH,振华风光,48.94,-1.8845228548516535,51.14,50.91,0.23520188,51.18,50.55,721/5521,50.91,51.18,50.55,51.14,1.234809,2564873,17,688439,20260417
301315.SZ,威士顿,51.05,1.1291600633914427,50.76,51.14,-1.07191581,51.48,50.53,723/5521,51.14,51.48,50.53,50.76,1.85149,955800,33,301315,20260417
603009.SH,北特科技,45.94,1.0558732952045686,51.12,51,-0.15625,51.38,50.5,724/5521,51,51.38,50.5,51.12,1.71875,5683001,17,603009,20260417
688112.SH,鼎阳科技,61.58,0.0,54.16,50.46,7.39639104,55.4,50.46,725/5521,50.46,55.4,50.46,54.16,9.795756,4978699,17,688112,20260417
301491.SZ,汉桑科技,49.2,0.9644982556946563,50.95,50.9,0,50.97,50.45,726/5521,50.9,50.97,50.45,50.95,1.020608,498118,33,301491,20260417
603833.SH,欧派家居,47.0,-3.688524590163929,50.6,50.94,-0.33484341,50.98,50.4,727/5521,50.94,50.98,50.4,50.6,1.142406,1789330,17,603833,20260417
300785.SZ,值得买,49.32,-0.5645161290322603,51.22,50.91,-0.3695779,51.62,50.39,728/5521,50.91,51.62,50.39,51.22,2.39253,9035985,33,300785,20260417
301004.SZ,嘉益股份,43.43,-0.7767877541695303,50.48,51.6,-2.82964389,51.6,50.39,728/5521,51.6,51.6,50.39,50.48,2.329162,1050778,33,301004,20260417
300492.SZ,华图山鼎,49.78,-1.073131955484895,53.02,50.95,4.06280667,53.65,50.35,730/5521,50.95,53.65,50.35,53.02,6.476938,3925010,33,300492,20260417
002913.SZ,奥士康,52.25,1.0247486465583935,51.75,50.65,1.63000786,52.7,50.31,731/5521,50.65,52.7,50.31,51.75,4.693637,8554251,33,002913,20260417
001331.SZ,胜通能源,46.65,3.4138771890933257,50.96,51.21,-0.46875,51.36,50.28,732/5521,51.21,51.36,50.28,50.96,2.109375,4018580,33,001331,20260417
688680.SH,海优新材,49.75,1.4271151885830844,51.12,50.91,-0.11723329,51.66,50.25,733/5521,50.91,51.66,50.25,51.12,2.754982,2266406,17,688680,20260417
600760.SH,中航沈飞,46.97,-0.4451038575667674,50.93,50.51,0.85148515,51.4,50.21,734/5521,50.51,51.4,50.21,50.93,2.356435,2.0292476E7,17,600760,20260417
688193.SH,仁度生物,60.62,-1.702610669693537,51.38,51.29,0.48894974,51.85,50.11,735/5521,51.29,51.85,50.11,51.38,3.40309,352209,17,688193,20260417
300819.SZ,聚杰微纤,56.94,-3.064351378958128,52.01,50.78,2.60406392,53.47,50.07,736/5521,50.78,53.47,50.07,52.01,6.707437,6719850,33,300819,20260417
002992.SZ,宝明科技,52.44,3.1268436578171017,51.68,50.35,2.64150943,52.4,50.04,737/5521,50.35,52.4,50.04,51.68,4.687189,2619100,33,002992,20260417
300784.SZ,利安科技,50.47,1.345381526104421,50.33,50.8,-0.49426651,50.8,50,738/5521,50.8,50.8,50,50.33,1.581652,494551,33,300784,20260417
920088.BJ,科力股份,48.44,1.7006088599621985,51.16,51.1,0.80788177,51.79,50,738/5521,51.1,51.79,50,51.16,3.527093,5351136,151,920088,20260417
688727.SH,恒坤新材,50.46,2.8536485935589044,50.69,50.07,0.73529412,51.15,49.97,740/5521,50.07,51.15,49.97,50.69,2.344992,2616031,17,688727,20260417
688050.SH,爱博医疗,51.29,0.7662082514734786,50.25,51.11,-1.95121951,51.19,49.96,741/5521,51.11,51.19,49.96,50.25,2.4,2074579,17,688050,20260417
600301.SH,华锡有色,50.53,1.1206724034420699,50.51,50,-0.88304553,52.18,49.79,742/5521,50,52.18,49.79,50.51,4.689952,1.05382E7,17,600301,20260417
603699.SH,纽威股份,62.74,5.039343713376871,51.2,52,-1.61414297,52.23,49.78,743/5521,52,52.23,49.78,51.2,4.707916,7343881,17,603699,20260417
688081.SH,兴图新科,52.6,2.514129799259402,51.32,50.25,0.96399764,51.88,49.77,744/5521,50.25,51.88,49.77,51.32,4.151091,2777555,17,688081,20260417
603062.SH,麦加芯彩,53.75,-1.0128913443830518,50.13,50.44,-0.61459159,50.67,49.75,745/5521,50.44,50.67,49.75,50.13,1.823949,907800,17,603062,20260417
600345.SH,长江通信,48.66,-5.952841128720537,50.64,51.3,-0.84198159,51.39,49.7,746/5521,51.3,51.39,49.7,50.64,3.309183,2.1615911E7,17,600345,20260417
002304.SZ,洋河股份,49.23,-1.1048613901165212,49.74,49.9,-1.30952381,49.92,49.62,747/5521,49.9,49.92,49.62,49.74,0.595238,4489876,33,002304,20260417
001225.SZ,和泰机电,50.54,1.0395841663334586,50.6,50.23,0.93756234,50.7,49.6,748/5521,50.23,50.7,49.6,50.6,2.194294,856200,33,001225,20260417
688114.SH,华大智造,51.0,-2.764537654909443,49.56,50.9,-3.39181287,51.19,49.56,749/5521,50.9,51.19,49.56,49.56,3.177387,4189080,17,688114,20260417
688330.SH,宏力达,40.4,-10.579902611775124,50.07,50.15,-0.23909145,50.74,49.53,750/5521,50.15,50.74,49.53,50.07,2.410838,2637779,17,688330,20260417
603897.SH,长城科技,52.36,9.999999999999995,51.67,52,2.11462451,52.96,49.5,751/5521,52,52.96,49.5,51.67,6.837944,2.4000628E7,17,603897,20260417
688137.SH,近岸蛋白,48.48,0.41425020712509475,50.07,50.13,-0.79255003,51.37,49.5,751/5521,50.13,51.37,49.5,50.07,3.705171,1166812,17,688137,20260417
603737.SH,三棵树,42.67,-0.8826945412311161,49.49,49.99,-0.46259051,50.15,49.4,753/5521,49.99,50.15,49.4,49.49,1.508447,3053496,17,603737,20260417
300693.SZ,盛弘股份,46.47,-1.169715014887291,51.28,50.93,0.62794349,51.97,49.34,754/5521,50.93,51.97,49.34,51.28,5.16091,1.885633E7,33,300693,20260417
688045.SH,必易微,60.65,3.1989110090181985,51.83,49.7,4.70707071,52.09,49.31,755/5521,49.7,52.09,49.31,51.83,5.616161,2520301,17,688045,20260417
002240.SZ,盛新锂能,60.09,9.994508511806702,50.3,49.58,1.00401606,51.47,49.3,756/5521,49.58,51.47,49.3,50.3,4.357429,7.6055489E7,33,002240,20260417
002768.SZ,国恩股份,52.8,-2.8161236885698533,50.44,50.45,-0.11881188,51.29,49.3,756/5521,50.45,51.29,49.3,50.44,3.940594,3176904,33,002768,20260417
600893.SH,航发动力,46.25,1.7377914650241952,49.77,50.31,-1.69859767,50.48,49.28,758/5521,50.31,50.48,49.28,49.77,2.370136,2.4436195E7,17,600893,20260417
605298.SH,必得科技,58.67,-0.8952702702702722,54.75,50,10.00602773,54.75,49.21,759/5521,50,54.75,49.21,54.75,11.131203,3514481,17,605298,20260417
603271.SH,永杰新材,52.0,4.0,50.55,50.14,0.79760718,50.95,49.2,760/5521,50.14,50.95,49.2,50.55,3.489531,3826374,17,603271,20260417
688150.SH,莱特光电,52.66,2.891754591637352,49.68,49.2,0.24213075,51.8,49.2,760/5521,49.2,51.8,49.2,49.68,5.246166,9694170,17,688150,20260417
002991.SZ,甘源食品,51.43,0.0,49.75,50.46,-1.38751239,50.46,49.15,762/5521,50.46,50.46,49.15,49.75,2.59663,776800,33,002991,20260417
300938.SZ,信测标准,56.85,4.696132596685091,49.24,52.98,-3.80933776,54.2,49.1,763/5521,52.98,54.2,49.1,49.24,9.962883,2.9722721E7,33,300938,20260417
605196.SH,华通线缆,42.7,-1.4539579967689717,51.4,49.58,2.8,51.83,49.1,763/5521,49.58,51.83,49.1,51.4,5.46,1.04157E7,17,605196,20260417
603049.SH,中策橡胶,48.94,-0.8910490076954329,49.23,50.2,-2.89940828,50.2,49.05,765/5521,50.2,50.2,49.05,49.23,2.268244,3764390,17,603049,20260417
301314.SZ,科瑞思,51.5,1.3380558835104284,51.3,49.52,3.61543123,53.48,49.01,766/5521,49.52,53.48,49.01,51.3,9.028479,3175669,33,301314,20260417
603389.SH,*ST亚振,61.82,4.993206521739126,51.08,49.22,4.71504715,51.2,48.93,767/5521,49.22,51.2,48.93,51.08,4.653546,1945440,22,603389,20260417
002046.SZ,国机精工,52.21,4.128440366972478,50.1,49.21,1.10998991,50.4,48.9,768/5521,49.21,50.4,48.9,50.1,3.027245,1.3000391E7,33,002046,20260417
600111.SH,北方稀土,53.04,4.102060843964664,49.22,49,-0.34419923,50.2,48.9,768/5521,49,50.2,48.9,49.22,2.632111,1.04893048E8,17,600111,20260417
301050.SZ,雷电微力,39.74,1.1968423733129585,49.81,49,1.13705584,49.98,48.82,770/5521,49,49.98,48.82,49.81,2.355329,5302025,33,301050,20260417
300042.SZ,朗科科技,52.27,1.6926070038910594,49.12,49.26,-0.56680162,50.2,48.71,771/5521,49.26,50.2,48.71,49.12,3.016194,2.1712315E7,33,300042,20260417
688070.SH,纵横股份,45.5,-2.1294902129490256,49.59,48.74,1.51484135,50.11,48.7,772/5521,48.74,50.11,48.7,49.59,2.886386,1336810,17,688070,20260417
002709.SZ,天赐材料,60.51,2.0060687795010077,48.79,49,-0.75264443,50.66,48.65,773/5521,48.7,50.36,48.35,48.49,4.088689,1.13753408E8,33,002709,20260417
688388.SH,嘉元科技,50.18,-1.8003913894324886,50.06,49.2,1.74796748,50.5,48.65,773/5521,49.2,50.5,48.65,50.06,3.760162,2.5995609E7,17,688388,20260417
688171.SH,纬德信息,51.79,-0.3463536655762935,54.28,49.4,9.43548387,55,48.62,775/5521,49.4,55,48.62,54.28,12.862903,4008696,17,688171,20260417
688297.SH,中无人机,45.92,1.3015662916390986,50.04,49.56,0.74491645,50.09,48.61,776/5521,49.56,50.09,48.61,50.04,2.979665,9141033,17,688297,20260417
603283.SH,赛腾股份,53.83,0.05576208178438873,50.67,49,2.79975654,51.4,48.55,777/5521,49,51.4,48.55,50.67,5.782105,1.6112383E7,17,603283,20260417
301283.SZ,聚胶股份,48.16,0.22892819979188228,48.9,49.98,-2.00400802,50.43,48.41,778/5521,49.98,50.43,48.41,48.9,4.048096,2674885,33,301283,20260417
002792.SZ,通宇通讯,43.66,2.4882629107981105,51.02,48.52,3.32118267,53.06,48.4,779/5521,48.52,53.06,48.4,51.02,9.437019,7.7837238E7,33,002792,20260417
301618.SZ,长联科技,48.82,0.47334842560196927,48.58,48.94,-0.6340765,48.99,48.37,780/5521,48.94,48.99,48.37,48.58,1.268152,301800,33,301618,20260417
688657.SH,浩辰软件,52.4,0.019087612139717523,49.57,48.96,0.95723014,49.66,48.37,780/5521,48.96,49.66,48.37,49.57,2.627291,1297380,17,688657,20260417
688396.SH,华润微,56.65,1.9618430525557888,49.25,49.1,0.34637327,49.7,48.34,782/5521,49.1,49.7,48.34,49.25,2.770986,1.6170272E7,17,688396,20260417
001316.SZ,润贝航科,51.9,10.004239084357776,49.23,48.37,0.94320279,49.92,48.32,783/5521,48.37,49.92,48.32,49.23,3.280705,2263760,33,001316,20260417
001317.SZ,三羊马,52.83,0.2466793168880369,49.93,48.49,2.84243048,51.5,48.22,784/5521,48.49,51.5,48.22,49.93,6.755921,5721462,33,001317,20260417
300804.SZ,广康生化,51.8,-0.6520905255082535,50.4,50.5,-1.33124511,52.17,48.21,785/5521,50.5,52.17,48.21,50.4,7.752545,5132636,33,300804,20260417
301607.SZ,富特科技,50.53,-3.568702290076331,48.97,48.5,0.71986837,49.29,48.2,786/5521,48.5,49.29,48.2,48.97,2.241875,2470408,33,301607,20260417
920012.BJ,创达新材,59.0,6.0007186489399995,63.83,49.5,30,63.83,48.2,786/5521,49.5,63.83,48.2,63.83,31.832993,6841475,151,920012,20260417
300260.SZ,新莱应材,51.78,3.8299578905153475,49.87,48.78,1.83785991,50.75,48.18,788/5521,48.78,50.75,48.18,49.87,5.248111,1.259836E7,33,300260,20260417
300756.SZ,金马游乐,53.74,0.09312721177128751,50.89,49.5,2.76655897,51.29,48.13,789/5521,49.5,51.29,48.13,50.89,6.38126,5233349,33,300756,20260417
600498.SH,烽火通信,46.68,-9.359223300970873,49.27,48.2,1.31606005,49.97,48.11,790/5521,48.2,49.97,48.11,49.27,3.824799,6.9379532E7,17,600498,20260417
002990.SZ,盛视科技,53.83,9.991826726604007,50.95,48.07,9.99568221,50.95,48.07,791/5521,48.07,50.95,48.07,50.95,6.217616,1.8014774E7,33,002990,20260417
603773.SH,沃格光电,69.35,-0.5592199598508756,52.9,48,10.00207943,52.9,48,792/5521,48,52.9,48,52.9,10.189228,2.1874843E7,17,603773,20260417
688419.SH,耐科装备,42.1,2.2589264027204266,49.3,48.5,0.79738295,50.47,48,792/5521,48.5,50.47,48,49.3,5.050092,1862722,17,688419,20260417
688449.SH,联芸科技,55.05,14.14057640472735,48.62,48,1.56674326,50.11,48,792/5521,48,50.11,48,48.62,4.407771,9337413,17,688449,20260417
920100.BJ,三协电机,48.83,2.8649673477986086,51.09,48.89,4.45716622,51.88,48,792/5521,48.89,51.88,48,51.09,7.932938,1271547,151,920100,20260417
301080.SZ,百普赛斯,44.7,-1.7366454165750695,48.06,48.74,-2.37659963,49.3,47.96,796/5521,48.74,49.3,47.96,48.06,2.721917,3841037,33,301080,20260417
002796.SZ,世嘉科技,55.07,0.5661066471877324,53.35,48.66,10,53.35,47.9,797/5521,48.66,53.35,47.9,53.35,11.237113,3.1589837E7,33,002796,20260417
002156.SZ,通富微电,51.77,4.585858585858592,48.18,48.31,0.3331945,49.17,47.89,798/5521,48.31,49.17,47.89,48.18,2.665556,9.5030758E7,33,002156,20260417
688400.SH,凌云光,59.32,20.008092251669026,48.94,47.85,1.47211279,50.56,47.81,799/5521,47.85,50.56,47.81,48.94,5.701845,1.5366712E7,17,688400,20260417
688682.SH,霍莱沃,47.85,4.70459518599562,48.55,48,0.30991736,49.11,47.78,800/5521,48,49.11,47.78,48.55,2.747933,1850344,17,688682,20260417
002311.SZ,海大集团,49.98,0.3412969283276342,48.09,49.18,-2.29581471,49.23,47.76,801/5521,49.18,49.23,47.76,48.09,2.98659,7414510,33,002311,20260417
002126.SZ,银轮股份,46.02,-1.5193665739353601,49.08,48.85,-0.76829761,49.56,47.74,802/5521,48.85,49.56,47.74,49.08,3.679741,1.9239914E7,33,002126,20260417
002080.SZ,中材科技,55.17,-3.040421792618624,49.3,48.24,0.92118731,50.38,47.73,803/5521,48.24,50.38,47.73,49.3,5.424769,5.5782061E7,33,002080,20260417
301595.SZ,太力科技,44.62,1.2020866409616557,49.54,48.5,1.45402417,49.73,47.69,804/5521,48.5,49.73,47.69,49.54,4.177759,1750358,33,301595,20260417
301079.SZ,邵阳液压,43.41,3.332539871459173,50.53,48.54,3.05935142,51,47.67,805/5521,48.54,51,47.67,50.53,6.79176,2.0228118E7,33,301079,20260417
002230.SZ,科大讯飞,47.79,-0.5617977528089952,48.24,47.86,0.29106029,48.45,47.64,806/5521,47.86,48.45,47.64,48.24,1.683991,2.909965E7,33,002230,20260417
300769.SZ,德方纳米,71.95,12.9158819836786,47.91,47.64,-0.02086811,49.5,47.64,806/5521,47.64,49.5,47.64,47.91,3.881469,1.9880078E7,33,300769,20260417
688065.SH,凯赛生物,48.11,0.7750314201927051,48.01,48.75,-1.53814602,48.75,47.59,808/5521,48.75,48.75,47.59,48.01,2.378999,4332640,17,688065,20260417
605100.SH,华丰股份,48.97,0.28670899037477077,48.06,48.32,0.6281407,48.72,47.5,809/5521,48.32,48.72,47.5,48.06,2.554438,4539438,17,605100,20260417
688362.SH,甬矽电子,49.21,5.329623287671237,48.2,48.38,-0.92497431,49.73,47.5,809/5521,48.38,49.73,47.5,48.2,4.583761,1.1283856E7,17,688362,20260417
002859.SZ,洁美科技,51.0,3.0303030303030303,50.22,48.65,8.3962875,50.9,47.47,811/5521,48.65,50.9,47.47,50.22,7.40341,2.6166716E7,33,002859,20260417
001212.SZ,中旗新材,55.77,2.3302752293578037,48.81,47.8,0.63917526,49.14,47.44,812/5521,47.8,49.14,47.44,48.81,3.505154,4498648,33,001212,20260417
300346.SZ,南大光电,51.52,1.457266640409614,49.5,48.07,3.03913405,49.74,47.4,813/5521,48.07,49.74,47.4,49.5,4.87094,4.3168582E7,33,300346,20260417
301511.SZ,德福科技,75.2,4.444444444444448,50.28,47.9,4.92487479,51.47,47.4,813/5521,47.9,51.47,47.4,50.28,8.493322,4.0613417E7,33,301511,20260417
688210.SH,统联精密,44.92,3.5023041474654453,47.46,48.19,-2.60619741,48.6,47.36,815/5521,48.19,48.6,47.36,47.46,2.544633,2588848,17,688210,20260417
301609.SZ,山大电力,45.17,-0.9429824561403503,47.52,47.94,-0.87609512,48.4,47.31,816/5521,47.94,48.4,47.31,47.52,2.273675,2341376,33,301609,20260417
603016.SH,新宏泰,54.94,-8.249832999332005,49.81,47.24,4.79697033,51.21,47.2,817/5521,47.24,51.21,47.2,49.81,8.436776,7041700,17,603016,20260417
601021.SH,春秋航空,47.18,-0.04237288135593882,47.43,47.51,-0.60771165,47.68,47.18,818/5521,47.51,47.68,47.18,47.43,1.047778,3165886,17,601021,20260417
001337.SZ,四川黄金,53.73,5.291005291005282,47.82,47.92,-1.23915737,48.28,47.01,819/5521,47.92,48.28,47.01,47.82,2.622883,6739218,33,001337,20260417
002518.SZ,科士达,46.55,-1.1257434154630441,48.09,47.85,0.31289111,48.31,47,820/5521,47.85,48.31,47,48.09,2.732582,1.0783182E7,33,002518,20260417
301613.SZ,新铝时代,46.93,0.4065040650406455,47.48,47.21,0.57191273,47.91,47,820/5521,47.21,47.91,47,47.48,1.927557,963964,33,301613,20260417
688273.SH,麦澜德,46.75,0.10706638115631083,48.9,47.26,3.05584826,49.74,47,820/5521,47.26,49.74,47,48.9,5.774499,2714358,17,688273,20260417
688418.SH,震有科技,47.03,10.789163722025908,47.67,47.01,0.14705882,48.25,47,820/5521,47.01,48.25,47,47.67,2.62605,7813491,17,688418,20260417
603275.SH,众辰科技,46.32,-4.769736842105264,47.65,47.72,0.52742616,47.96,46.87,824/5521,47.72,47.96,46.87,47.65,2.299578,1618208,17,603275,20260417
688665.SH,四方光电,48.96,1.7667844522968228,47.89,47.05,1.78533475,48,46.81,825/5521,47.05,48,46.81,47.89,2.529224,711966,17,688665,20260417
301398.SZ,星源卓镁,43.8,1.0147601476014707,48.36,48,0.08278146,48.69,46.66,826/5521,48,48.69,46.66,48.36,4.201158,2567478,33,301398,20260417
301286.SZ,侨源股份,50.7,7.210826813279771,50.99,46.98,9.09285409,51.78,46.62,827/5521,46.98,51.78,46.62,50.99,11.039794,4679958,33,301286,20260417
688158.SH,优刻得,45.03,-1.7026850032743965,47.75,46.66,0.88738644,48.26,46.62,827/5521,46.66,48.26,46.62,47.75,3.465032,3.9891288E7,17,688158,20260417
000733.SZ,振华科技,42.61,-2.135966926963711,46.96,46.75,-0.02129019,47.17,46.61,829/5521,46.75,47.17,46.61,46.96,1.19225,7041732,33,000733,20260417
300910.SZ,瑞丰新材,46.54,-0.06441915396178041,46.67,48.57,-3.79303236,48.8,46.52,830/5521,48.57,48.8,46.52,46.67,4.700061,7868100,33,300910,20260417
600362.SH,江西铜业,45.46,-1.9836136265631774,46.75,46.79,-0.99534096,47.24,46.51,831/5521,46.79,47.24,46.51,46.75,1.545955,2.9933233E7,17,600362,20260417
688049.SH,炬芯科技,48.07,2.5821596244131473,47.12,46.56,0.51194539,47.4,46.51,831/5521,46.56,47.4,46.51,47.12,1.898464,3998016,17,688049,20260417
301171.SZ,易点天下,33.47,0.0,48.94,46.82,2.85834384,49.16,46.5,833/5521,35.98846154,37.78846154,35.74230769,37.62,5.590584,4.9260005E7,33,301171,20260417
605198.SH,安德利,45.84,-0.06540222367559197,47.9,47.47,1.54759381,48.15,46.5,833/5521,47.47,48.15,46.5,47.9,3.497986,3672200,17,605198,20260417
301512.SZ,智信精密,50.3,2.799918250562022,46.81,46.6,0.3214745,47.2,46.49,835/5521,46.6,47.2,46.49,46.81,1.521645,515400,33,301512,20260417
300820.SZ,英杰电气,49.25,12.881045152418055,46.84,46.92,-0.48863395,47.17,46.43,836/5521,46.92,47.17,46.43,46.84,1.572126,2469800,33,300820,20260417
688380.SH,中微半导,47.89,4.3127858854280205,46.87,46.5,0.06404782,47.29,46.4,837/5521,46.5,47.29,46.4,46.87,1.900085,6540531,17,688380,20260417
688768.SH,容知日新,41.04,-0.6776379477250754,47.28,46.74,0.7457916,47.68,46.4,837/5521,46.74,47.68,46.4,47.28,2.727466,1244571,17,688768,20260417
688552.SH,航天南湖,40.08,1.084489281210592,48.7,46.53,4.01537804,49.55,46.32,839/5521,46.53,49.55,46.32,48.7,6.898761,9538061,17,688552,20260417
300881.SZ,盛德鑫泰,50.0,2.2494887525562404,48.12,46.41,2.82051282,48.76,46.31,840/5521,46.41,48.76,46.31,48.12,5.235042,3215935,33,300881,20260417
688302.SH,海创药业,44.0,7.94896957801767,46.43,47.5,-2.43748687,47.59,46.3,841/5521,47.5,47.59,46.3,46.43,2.710653,1781371,17,688302,20260417
688314.SH,康拓医疗,42.79,-0.27965509205312855,46.55,48.14,-3.70293753,48.6,46.3,841/5521,48.14,48.6,46.3,46.55,4.757964,2919421,17,688314,20260417
001238.SZ,浙江正特,48.9,0.30769230769230477,46.6,47.01,-1.54236214,47.01,46.26,843/5521,47.01,47.01,46.26,46.6,1.584618,376800,33,001238,20260417
603800.SH,洪田股份,51.92,6.480721903199351,47.49,46.59,2.10707375,48.49,46.15,844/5521,46.59,48.49,46.15,47.49,5.031176,5675566,17,603800,20260417
601126.SH,四方股份,56.05,3.8155213928505187,48.13,46.45,3.50537634,49,46.13,845/5521,46.45,49,46.13,48.13,6.172043,3.4665205E7,17,601126,20260417
688060.SH,云涌科技,47.63,2.2103004291845516,46.82,46.54,0.601633,47.39,46.11,846/5521,46.54,47.39,46.11,46.82,2.750322,366695,17,688060,20260417
001396.SZ,誉帆科技,46.85,-1.8025571159086133,46.79,46.4,1.54079861,47.99,46.09,847/5521,46.4,47.99,46.09,46.79,4.123263,2355729,33,001396,20260417
600113.SH,浙江东日,44.68,-1.150442477876113,47.19,46.22,1.76838473,48.69,46.08,848/5521,46.22,48.69,46.08,47.19,5.628639,5281297,17,600113,20260417
920394.BJ,民士达,48.6,-1.1793411956079674,49.73,45.91,7.24606427,49.94,45.91,849/5521,45.71,49.74,45.71,49.53,8.690963,2501953,151,920394,20260417
300946.SZ,恒而达,47.65,2.1874329830581085,46.67,46.08,1.39039757,46.99,45.88,850/5521,46.08,46.99,45.88,46.67,2.41147,1159263,33,300946,20260417
300618.SZ,寒锐钴业,48.18,0.47966631908237095,46.78,45.95,1.98386745,47.9,45.86,851/5521,45.95,47.9,45.86,46.78,4.447351,1.7924248E7,33,300618,20260417
688551.SH,科威尔,46.02,1.2541254125412546,47.03,47.54,0.62045357,47.75,45.86,851/5521,47.54,47.75,45.86,47.03,4.043645,2507101,17,688551,20260417
301581.SZ,黄山谷捷,46.93,1.2295081967213122,47.04,46.44,1.79614802,47.08,45.85,853/5521,46.44,47.08,45.85,47.04,2.661761,574083,33,301581,20260417
000962.SZ,东方钽业,43.87,-1.1714350078846658,46.73,45.83,0.95052927,48.3,45.71,854/5521,45.83,48.3,45.71,46.73,5.59516,2.1830213E7,33,000962,20260417
600702.SH,舍得酒业,44.25,-1.139410187667556,45.96,46.47,-2.15030871,46.5,45.68,855/5521,46.47,46.5,45.68,45.96,1.745795,5398300,17,600702,20260417
603115.SH,海星股份,56.89,-1.4038128249566764,47.32,46.47,0.76660988,48.95,45.67,856/5521,46.47,48.95,45.67,47.32,6.984667,1.053052E7,17,603115,20260417
301316.SZ,慧博云通,50.95,7.512133361468669,47.31,45.71,2.69155633,48.75,45.66,857/5521,45.71,48.75,45.66,47.31,6.707184,1.5198967E7,33,301316,20260417
688699.SH,明微电子,55.43,20.004329941545794,45.88,46.07,-0.99266293,46.68,45.64,858/5521,46.07,46.68,45.64,45.88,2.244281,1654251,17,688699,20260417
001203.SZ,大中矿业,52.31,1.9688109161793472,46.52,48.66,0.28023281,49.38,45.6,859/5521,48.66,49.38,45.6,46.52,8.148307,4.2877401E7,33,001203,20260417
603596.SH,伯特利,45.88,-0.5635023840485436,45.96,46.11,-1.09748225,46.27,45.57,860/5521,46.11,46.27,45.57,45.96,1.506348,8992537,17,603596,20260417
920179.BJ,凯德石英,47.95,1.4814814814814874,54.2,46.08,20.73958565,58,45.56,861/5521,46.08,58,45.56,54.2,27.712185,9126954,151,920179,20260417
301575.SZ,艾芬达,46.57,2.1271929824561377,45.89,45.9,-0.10883761,45.97,45.52,862/5521,45.9,45.97,45.52,45.89,0.979538,416783,33,301575,20260417
002032.SZ,苏泊尔,47.09,-1.0506408909434755,46.5,45.5,1.86199343,46.57,45.48,863/5521,45.5,46.57,45.48,46.5,2.387732,3057566,33,002032,20260417
688159.SH,有方科技,47.99,9.892374627891,45.78,47,-4.30602007,47.58,45.46,864/5521,47,47.58,45.46,45.78,4.431438,6939384,17,688159,20260417
002714.SZ,牧原股份,44.7,0.17929179740028106,45.53,46.16,-1.95951766,46.23,45.34,865/5521,46.16,46.23,45.34,45.53,1.916451,3.899817E7,33,002714,20260417
601088.SH,中国神华,48.0,0.04168403501459593,45.55,45.55,0.04392708,45.69,45.33,866/5521,45.55,45.69,45.33,45.55,0.790687,2.1478305E7,17,601088,20260417
301325.SZ,曼恩斯特,43.79,1.2251502542764705,46.4,45.36,2.29276896,46.78,45.16,867/5521,45.36,46.78,45.16,46.4,3.571428,2021789,33,301325,20260417
301217.SZ,铜冠铜箔,78.34,10.369118061425754,47.54,45.11,3.30291178,48.87,45.11,868/5521,45.11,48.87,45.11,47.54,8.17036,4.5855954E7,33,301217,20260417
002050.SZ,三花智控,46.92,4.685408299866134,45.54,45.4,-0.5242464,45.93,45.03,869/5521,45.4,45.93,45.03,45.54,1.965923,7.1852332E7,33,002050,20260417
605287.SH,德才股份,55.32,-0.5572532806039947,45.17,46.88,-3.85270328,47,45.02,870/5521,46.88,47,45.02,45.17,4.214559,9203240,17,605287,20260417
301119.SZ,正强股份,40.9,1.7412935323382976,45.98,45.1,1.83831672,46.85,44.99,871/5521,45.1,46.85,44.99,45.98,4.119601,1345183,33,301119,20260417
300832.SZ,新产业,48.25,-0.289315974374872,45.45,46.16,-1.92058697,46.26,44.98,872/5521,46.16,46.26,44.98,45.45,2.762192,5249043,33,300832,20260417
688636.SH,智明达,43.83,2.0251396648044633,45.31,45.67,-0.50505051,46.2,44.94,873/5521,45.57,46.1,44.84,45.21,2.766798,5199457,17,688636,20260417
301181.SZ,标榜股份,44.53,-0.7134894091415837,45.72,47.52,-4.75,47.52,44.92,874/5521,47.52,47.52,44.92,45.72,5.416666,6326846,33,301181,20260417
600418.SH,江淮汽车,47.34,-1.661819692563351,46.51,46,2.21978022,46.65,44.91,875/5521,46,46.65,44.91,46.51,3.824175,4.2918843E7,17,600418,20260417
001226.SZ,拓山重工,47.84,1.4849384811200739,44.98,45.5,-1.14285714,46.17,44.9,876/5521,45.5,46.17,44.9,44.98,2.791208,846182,33,001226,20260417
301419.SZ,阿莱德,40.08,-0.44709388971683983,45.36,45,-0.63526835,46.79,44.88,877/5521,45,46.79,44.88,45.36,4.184008,7990310,33,301419,20260417
689009.SH,九号公司,43.74,-3.8681318681318637,45.1,45.7,-1.54987994,46.26,44.88,877/5521,45.7,46.26,44.88,45.1,3.012442,8660865,17,689009,20260417
000688.SZ,国城矿业,51.48,4.337251722740157,45.4,47,-2.84613738,48.39,44.83,879/5521,46.87,48.26,44.7,45.27,7.618232,2.5816267E7,33,000688,20260417
301502.SZ,华阳智能,49.58,3.5938152946092745,45.92,45.78,0.26200873,46.1,44.81,880/5521,45.78,46.1,44.81,45.92,2.816593,1502272,33,301502,20260417
301117.SZ,佳缘科技,43.9,1.8325214567385737,45.9,45.45,0.21834061,46.19,44.71,881/5521,45.45,46.19,44.71,45.9,3.231441,4562882,33,301117,20260417
301071.SZ,力量钻石,54.01,3.5070908394020663,46.63,44.75,3.66829702,46.98,44.58,882/5521,44.75,46.98,44.58,46.63,5.335704,1.3045083E7,33,301071,20260417
603507.SH,振江股份,47.78,-3.785743052758751,45.07,45.93,-1.7440593,46.32,44.52,883/5521,45.93,46.32,44.52,45.07,3.924133,1.381364E7,17,603507,20260417
301133.SZ,金钟股份,46.4,1.7543859649122744,45.93,44.96,2.65981225,46.58,44.5,884/5521,44.96,46.58,44.5,45.93,4.649083,3461465,33,301133,20260417
688592.SH,司南导航,45.0,0.7838745800671925,45.32,44.44,1.27374302,45.32,44.42,885/5521,44.44,45.32,44.42,45.32,2.011173,1099385,17,688592,20260417
300316.SZ,晶盛机电,42.62,1.937335565654138,46.18,44.66,1.27192982,46.47,44.37,886/5521,44.66,46.47,44.37,46.18,4.605263,4.3015406E7,33,300316,20260417
301137.SZ,哈焊华通,42.91,1.2505899008966352,45.18,45,0.71333036,45.55,44.3,887/5521,45,45.55,44.3,45.18,2.786446,4416336,33,301137,20260417
603663.SH,三祥新材,46.35,-1.8216479559415366,45.61,44.49,2.47135475,45.93,44.28,888/5521,44.49,45.93,44.28,45.61,3.707032,9793113,17,603663,20260417
301509.SZ,金凯生科,34.84,-1.637492941840763,44.53,46.33,-4.85042735,46.5,44.27,889/5521,46.33,46.5,44.27,44.53,4.764957,9420321,33,301509,20260417
300671.SZ,富满微,46.53,1.483097055616139,44.5,44.1,-0.2689377,45.29,44.06,890/5521,44.1,45.29,44.06,44.5,2.756611,9028769,33,300671,20260417
688685.SH,迈信林,48.67,2.8964059196617433,45.1,44.63,-0.22123894,45.59,44.05,891/5521,44.63,45.59,44.05,45.1,3.407079,6174090,17,688685,20260417
603203.SH,快克智能,46.88,0.06403415154749442,48.25,44.11,10.00911993,48.25,44.03,892/5521,44.11,48.25,44.03,48.25,9.621523,8097001,17,603203,20260417
688272.SH,富吉瑞,42.0,2.7900146842878133,44.4,48,-9.82940699,48.24,44.02,893/5521,48,48.24,44.02,44.4,8.570268,5305399,17,688272,20260417
920036.BJ,觅睿科技,41.02,1.9130434782608774,48.2,45,7.34966592,49.37,44.01,894/5521,45,49.37,44.01,48.2,11.937639,3664303,151,920036,20260417
605286.SH,同力天启,40.68,-1.5727074764093845,47.27,44.7,6.29637958,48.82,44,895/5521,44.7,48.82,44,47.27,10.838767,6739100,17,605286,20260417
300726.SZ,宏达电子,49.16,-0.1624695369618306,45.68,44.12,3.30167345,46,43.98,896/5521,44.12,46,43.98,45.68,4.568068,7296194,33,300726,20260417
301300.SZ,远翔新材,42.79,-0.023364485981303765,44.32,44.23,0.2034818,44.51,43.98,896/5521,44.23,44.51,43.98,44.32,1.198281,645300,33,301300,20260417
688520.SH,神州细胞,41.18,-0.38703434929850916,44.25,44.5,-1.68851366,45.6,43.91,898/5521,44.5,45.6,43.91,44.25,3.754721,4036221,17,688520,20260417
300855.SZ,图南股份,39.28,1.106821106821106,45.74,44.19,2.74034142,46.1,43.9,899/5521,44.19,46.1,43.9,45.74,4.941599,8149343,33,300855,20260417
603370.SH,华新精科,41.78,0.9178743961352719,44.29,44.13,0.430839,44.78,43.9,899/5521,44.13,44.78,43.9,44.29,1.995464,544707,17,603370,20260417
300613.SZ,富瀚微,59.05,-0.8895602551191695,44.69,43.92,1.20018116,44.81,43.83,901/5521,43.92,44.81,43.83,44.69,2.219202,4023911,33,300613,20260417
688180.SH,君实生物,40.38,0.19851116625311516,45.04,44.35,1.48715638,45.48,43.82,902/5521,44.35,45.48,43.82,45.04,3.740423,2.4241538E7,17,688180,20260417
300331.SZ,苏大维格,53.01,0.7794676806083585,46.68,43.88,5.77838205,47.1,43.8,903/5521,43.88,47.1,43.8,46.68,7.477906,1.5154515E7,33,300331,20260417
688709.SH,成都华微,37.67,-7.193890120719392,44.5,43.8,0.95281307,44.78,43.8,903/5521,43.8,44.78,43.8,44.5,2.22323,5335141,17,688709,20260417
300007.SZ,汉威科技,42.95,1.9463565155471165,44.29,44.02,0.11301989,44.6,43.75,905/5521,44.02,44.6,43.75,44.29,1.921338,8367698,33,300007,20260417
300558.SZ,贝达药业,51.94,7.826447996678422,44.07,44.91,-2.26214238,44.91,43.71,906/5521,44.91,44.91,43.71,44.07,2.661343,7228480,33,300558,20260417
301520.SZ,万邦医药,42.46,0.8551068883610438,44.28,44.79,-1.16071429,44.79,43.71,906/5521,44.79,44.79,43.71,44.28,2.410714,1213952,33,301520,20260417
003007.SZ,直真科技,44.72,0.7888212756366947,43.85,45,-3.71102328,45.35,43.65,908/5521,45,45.35,43.65,43.85,3.732981,5782900,33,003007,20260417
301173.SZ,毓恬冠佳,43.77,0.8990318118948837,43.75,43.76,0.06861848,43.9,43.54,909/5521,43.76,43.9,43.54,43.75,0.823421,566522,33,301173,20260417
000426.SZ,兴业银锡,42.38,-2.2150438394093235,44.28,43.63,-1.05027933,44.56,43.53,910/5521,43.63,44.56,43.53,44.28,2.301675,4.2253343E7,33,000426,20260417
300596.SZ,利安隆,43.41,-2.273750562809557,43.85,44.06,0.09130336,44.19,43.51,911/5521,44.06,44.19,43.51,43.85,1.552157,1961020,33,300596,20260417
001314.SZ,亿道信息,50.72,1.2375249500997954,43.56,43.5,-0.09174312,44.05,43.46,912/5521,43.5,44.05,43.46,43.56,1.353211,1180200,33,001314,20260417
301168.SZ,通灵股份,42.51,1.166111375535447,45.1,44.18,3.08571429,45.2,43.46,912/5521,44.18,45.2,43.46,45.1,3.977142,2369573,33,301168,20260417
688039.SH,当虹科技,42.13,2.2324678476098074,43.58,43.88,-0.68368277,44.25,43.4,914/5521,43.88,44.25,43.4,43.58,1.937101,1587146,17,688039,20260417
300255.SZ,常山药业,41.36,0.3396409509946642,43.67,44.6,-2.6309922,44.76,43.39,915/5521,44.6,44.76,43.39,43.67,3.054626,2.1220193E7,33,300255,20260417
301586.SZ,佳力奇,42.0,1.64569215876089,44.01,44.01,-0.06811989,44.21,43.37,916/5521,44.01,44.21,43.37,44.01,1.907356,744917,33,301586,20260417
001220.SZ,世盟股份,39.87,0.5548549810844864,45.66,43.68,4.55690405,46.28,43.32,917/5521,43.68,46.28,43.32,45.66,6.778108,6136604,33,001220,20260417
002901.SZ,大博医疗,43.4,2.576223115102804,43.78,43.92,-0.77062557,44.04,43.28,918/5521,43.92,44.04,43.28,43.78,1.722574,1299200,33,002901,20260417
605305.SH,中际联合,47.8,-1.2396694214876063,44.22,43.3,2.57480863,44.64,43.26,919/5521,43.3,44.64,43.26,44.22,3.201113,9749259,17,605305,20260417
600584.SH,长电科技,45.56,2.70513976555456,43.98,43.68,0.57168992,44.6,43.25,920/5521,43.68,44.6,43.25,43.98,3.087125,6.1394169E7,17,600584,20260417
600988.SH,赤峰黄金,38.0,-2.263374485596714,43.42,43.36,-1.54195011,43.95,43.15,921/5521,43.36,43.95,43.15,43.42,1.814058,3.2240781E7,17,600988,20260417
688485.SH,九州一轨,55.2,1.8450184501845017,43.5,44.03,0.41551247,49.58,43.15,921/5521,44.03,49.58,43.15,43.5,14.843028,1.5145298E7,17,688485,20260417
300660.SZ,江苏雷利,42.53,0.7342491710090059,44.0,43.5,0.52547407,44.4,43.14,923/5521,43.5,44.4,43.14,44.0,2.878684,5489625,33,300660,20260417
603039.SH,泛微网络,45.55,0.6852343059239504,43.82,44.02,-1.12815884,44.17,43.14,923/5521,44.02,44.17,43.14,43.82,2.324007,6211970,17,603039,20260417
603260.SH,合盛硅业,44.6,-1.8701870187018732,43.81,43.11,-0.25045537,44.69,43.03,925/5521,43.11,44.69,43.03,43.81,3.779599,9496654,17,603260,20260417
300652.SZ,雷迪克,39.43,2.4421927773447587,43.54,43.32,0.09195402,43.73,42.95,926/5521,43.32,43.73,42.95,43.54,1.793103,1430860,33,300652,20260417
000534.SZ,万泽股份,39.53,-2.8746928746928786,43.47,44.37,-0.97949886,44.88,42.92,927/5521,44.37,44.88,42.92,43.47,4.464692,2.62714E7,33,000534,20260417
688638.SH,誉辰智能,43.6,0.6231248557581425,45.01,42.88,4.96735075,47.18,42.88,928/5521,42.88,47.18,42.88,45.01,10.027985,1721450,17,688638,20260417
920438.BJ,戈碧迦,43.39,-2.800179211469534,48.16,43.09,11.63653222,50,42.85,929/5521,43.09,50,42.85,48.16,16.573945,8707519,151,920438,20260417
301567.SZ,贝隆精密,43.63,1.9630754849263927,43.2,43.44,-0.73529412,43.44,42.78,930/5521,43.44,43.44,42.78,43.2,1.516544,738642,33,301567,20260417
301282.SZ,金禄电子,39.57,-6.34319526627219,46.4,44.97,2.09020902,47.34,42.77,931/5521,44.97,47.34,42.77,46.4,10.055005,2.6617059E7,33,301282,20260417
301287.SZ,康力源,44.48,2.041752695572364,42.95,43.11,-0.80831409,43.36,42.73,932/5521,43.11,43.36,42.73,42.95,1.454965,686400,33,301287,20260417
300679.SZ,电连技术,45.0,-0.5085120495246449,43.14,43.88,-0.20818876,44.25,42.72,933/5521,43.88,44.25,42.72,43.14,3.539208,2.116265E7,33,300679,20260417
300584.SZ,海辰药业,42.27,-2.423822714681434,43.83,43.6,0.13708019,44.28,42.7,934/5521,43.6,44.28,42.7,43.83,3.609778,5551670,33,300584,20260417
000799.SZ,酒鬼酒,42.7,0.35252643948297463,43.11,43.09,-1.7771702,43.32,42.69,935/5521,43.09,43.32,42.69,43.11,1.435406,5388680,33,000799,20260417
688265.SH,南模生物,41.4,-0.048285852245299674,43.18,43.85,-1.34795522,43.85,42.69,935/5521,43.85,43.85,42.69,43.18,2.650217,699965,17,688265,20260417
688363.SH,华熙生物,41.35,-4.61361014994233,43.2,43.19,0.02315351,43.44,42.68,937/5521,43.19,43.44,42.68,43.2,1.759666,1861735,17,688363,20260417
605118.SH,力鼎光电,48.32,-1.9480519480519498,42.66,43.13,-1.25,43.6,42.6,938/5521,43.13,43.6,42.6,42.66,2.314814,3435465,17,605118,20260417
300619.SZ,金银河,41.03,-2.3095238095238066,42.61,42.68,-0.49042504,43.69,42.58,939/5521,42.68,43.69,42.58,42.61,2.592246,6113329,33,300619,20260417
300852.SZ,四会富仕,45.57,-0.1971090670170747,44.07,42.7,2.17945745,44.39,42.57,940/5521,42.56,44.25,42.43,43.93,4.2198,4561057,33,300852,20260417
300979.SZ,华利集团,38.13,-0.05242463958059246,42.88,43.3,-0.85549133,43.3,42.55,941/5521,43.3,43.3,42.55,42.88,1.734104,1296525,33,300979,20260417
001335.SZ,信凯科技,47.9,0.27213732468075247,43.09,43.09,-0.30078667,43.53,42.51,942/5521,43.09,43.53,42.51,43.09,2.360018,770213,33,001335,20260417
301591.SZ,肯特股份,39.89,0.17579105976896103,42.94,42.95,0.28024288,43.07,42.45,943/5521,42.95,43.07,42.45,42.94,1.447921,948179,33,301591,20260417
603698.SH,航天工程,43.97,10.007505629221917,46.19,43,8.47815876,46.84,42.41,944/5521,43,46.84,42.41,46.19,10.403945,6.6216891E7,17,603698,20260417
688291.SH,金橙子,46.18,3.2185963343763917,43.29,42.56,1.31055465,43.68,42.35,945/5521,42.56,43.68,42.35,43.29,3.112567,2163196,17,688291,20260417
002959.SZ,小熊电器,41.28,-3.3934004212496975,42.68,42.88,-0.85946574,42.97,42.34,946/5521,42.88,42.97,42.34,42.68,1.463414,1532550,33,002959,20260417
300553.SZ,集智股份,44.1,3.182030884417406,43.25,42.32,2.31842915,43.83,42.32,947/5521,42.32,43.83,42.32,43.25,3.572273,2830287,33,300553,20260417
001267.SZ,汇绿生态,53.96,0.07418397626112601,44.71,42.63,7.63119884,45.2,42.2,948/5521,42.63,45.2,42.2,44.71,7.221954,8.7065221E7,33,001267,20260417
603173.SH,福斯达,38.9,-0.7653061224489904,42.83,42.32,0.5399061,43.05,42.18,949/5521,42.32,43.05,42.18,42.83,2.042253,1206850,17,603173,20260417
002957.SZ,科瑞技术,43.62,-0.9311832841244689,45.97,43,10.00239292,45.97,42.1,950/5521,43,45.97,42.1,45.97,9.260588,2.358237E7,33,002957,20260417
300850.SZ,新强联,42.84,2.8324531925108185,42.57,42.2,0.56697378,43.33,42.06,951/5521,41.905,43.035,41.765,42.28,3.000236,1.6290737E7,33,300850,20260417
605090.SH,九丰能源,45.56,-3.392705682782007,42.36,42.6,-0.81948022,43.7,42.01,952/5521,42.6,43.7,42.01,42.36,3.956918,2.4866561E7,17,605090,20260417
300709.SZ,精研科技,41.58,-0.40718562874251907,42.06,42.14,-0.66131318,42.73,42,953/5521,42.14,42.73,42,42.06,1.724137,4863246,33,300709,20260417
301552.SZ,科力装备,40.94,2.2222222222222237,44.49,42.01,5.22705771,44.58,42,953/5521,42.01,44.58,42,44.49,6.102175,4334174,33,301552,20260417
301131.SZ,聚赛龙,43.48,3.082029397818865,42.5,42.14,0.90218424,42.58,41.95,955/5521,42.14,42.58,41.95,42.5,1.495726,790224,33,301131,20260417
301132.SZ,满坤科技,36.68,-2.834437086092716,42.45,42.61,-0.72497661,43.05,41.89,956/5521,42.61,43.05,41.89,42.45,2.712815,5984611,33,301132,20260417
603409.SH,汇通控股,43.34,2.45862884160758,43.54,42.03,3.54340071,44.47,41.86,957/5521,42.03,44.47,41.86,43.54,6.206896,4789942,17,603409,20260417
002785.SZ,万里石,51.16,9.997849924747364,42.75,42.44,0.11709602,42.92,41.8,958/5521,42.44,42.92,41.8,42.75,2.62295,4703300,33,002785,20260417
300900.SZ,广联航空,44.45,4.1471415182755464,45.01,42.87,5.13898622,45.5,41.8,958/5521,42.87,45.5,41.8,45.01,8.64284,5.9950326E7,33,300900,20260417
301518.SZ,长华化学,36.71,0.35538545653363196,42.0,42.46,-1.10666353,43.31,41.7,960/5521,42.46,43.31,41.7,42.0,3.790911,2263323,33,301518,20260417
688435.SH,英方软件,41.03,2.575000000000003,42.41,43.2,-1.55524605,43.2,41.66,961/5521,43.2,43.2,41.66,42.41,3.574744,2872953,17,688435,20260417
002315.SZ,焦点科技,30.44,0.06574621959237203,42.33,42.09,0.5702067,42.4,41.64,962/5521,31.83846154,32.07692308,31.49230769,32.02,1.805654,7755782,33,002315,20260417
600211.SH,西藏药业,40.46,-1.772274823986397,41.89,42.29,-0.85207101,42.29,41.64,962/5521,42.29,42.29,41.64,41.89,1.538461,2271853,17,600211,20260417
300909.SZ,汇创达,46.88,3.8776866829160204,42.15,41.8,-0.18943879,43.28,41.6,964/5521,41.8,43.28,41.6,42.15,3.978214,3471351,33,300909,20260417
688115.SH,思林杰,55.99,8.19323671497585,44.9,42.13,6.1465721,45.15,41.6,964/5521,42.13,45.15,41.6,44.9,8.392434,2264439,17,688115,20260417
301201.SZ,诚达药业,41.24,0.02425418384672597,41.85,43,-2.6744186,43,41.58,966/5521,43,43,41.58,41.85,3.302325,9040452,33,301201,20260417
688550.SH,瑞联新材,39.75,0.5311077389984847,42.7,41.91,1.69087878,43.3,41.51,967/5521,41.91,43.3,41.51,42.7,4.262919,3259005,17,688550,20260417
688088.SH,虹软科技,42.6,4.977821586988672,41.57,41.75,-1.16500238,41.97,41.5,968/5521,41.75,41.97,41.5,41.57,1.117451,4777445,17,688088,20260417
688712.SH,北芯生命,41.69,0.822249093107609,42.0,41.8,-0.35587189,42.39,41.5,968/5521,41.8,42.39,41.5,42.0,2.111506,2887496,17,688712,20260417
300499.SZ,高澜股份,38.45,-1.410256410256403,42.6,41.9,1.54946365,43.98,41.49,970/5521,41.9,43.98,41.49,42.6,5.935637,4.1187338E7,33,300499,20260417
600612.SH,老凤祥,39.41,-0.8553459119496941,41.57,41.83,-0.83492366,41.83,41.41,971/5521,41.83,41.83,41.41,41.57,1.001908,649400,17,600612,20260417
301307.SZ,美利信,46.95,0.08526966531657697,45.4,41.55,8.0952381,45.87,41.31,972/5521,41.55,45.87,41.31,45.4,10.857142,1.7712025E7,33,301307,20260417
301202.SZ,朗威股份,40.39,0.597758405977589,41.53,41.29,-0.35988484,42.1,41.29,973/5521,41.29,42.1,41.29,41.53,1.943378,1492900,33,301202,20260417
002683.SZ,广东宏大,36.32,-0.6292749658002651,42.53,42.25,0.25931165,42.9,41.28,974/5521,41.8,42.45,40.83,42.08,3.818953,8717919,33,002683,20260417
301275.SZ,汉朔科技,45.03,0.9188704616763866,41.65,42,-0.47789725,42,41.28,974/5521,42,42,41.28,41.65,1.72043,3747100,33,301275,20260417
603312.SH,西典新能,39.49,-1.3982521847690268,42.0,41.38,1.01010101,42.13,41.25,976/5521,41.38,42.13,41.25,42.0,2.116402,1363100,17,603312,20260417
301159.SZ,三维天地,38.84,0.595700595700606,41.68,42.1,-1.41911069,42.21,41.17,977/5521,42.1,42.21,41.17,41.68,2.459791,1334800,33,301159,20260417
688283.SH,坤恒顺维,41.15,5.296827021494371,43.52,41.23,5.47746001,43.66,41.08,978/5521,41.23,43.66,41.08,43.52,6.253029,2199295,17,688283,20260417
600875.SH,东方电气,39.01,-2.3773773773773845,41.72,42.5,-0.76117983,42.98,41,979/5521,42.5,42.98,41,41.72,4.7098,1.15955698E8,17,600875,20260417
301272.SZ,英华特,44.6,-0.6460236132768972,41.35,41.26,0.70628349,41.48,40.94,980/5521,41.26,41.48,40.94,41.35,1.315148,537000,33,301272,20260417
603195.SH,公牛集团,44.85,8.490566037735842,41.04,41.01,-0.33997086,41.14,40.93,981/5521,41.01,41.14,40.93,41.04,0.509956,1421063,17,603195,20260417
688408.SH,中信博,40.53,-5.170800187178289,41.0,42.73,0.1710237,43.49,40.93,981/5521,42.73,43.49,40.93,41.0,6.25458,7785276,17,688408,20260417
301203.SZ,国泰环保,45.56,-0.34995625546805903,41.14,41.52,-0.86746988,41.53,40.88,983/5521,41.52,41.53,40.88,41.14,1.566265,621200,33,301203,20260417
688253.SH,英诺特,52.05,7.853294653957727,43.38,41.1,4.93468795,44.06,40.81,984/5521,41.1,44.06,40.81,43.38,7.861635,3392031,17,688253,20260417
600763.SH,通策医疗,42.18,-2.4965325936199685,41.21,41.49,-1.00888782,41.5,40.8,985/5521,41.49,41.5,40.8,41.21,1.681479,6584157,17,600763,20260417
301658.SZ,首航新能,42.09,3.1870556508948376,41.72,41.46,0.53012048,42.17,40.73,986/5521,41.46,42.17,40.73,41.72,3.469879,9039444,33,301658,20260417
002891.SZ,中宠股份,33.65,-3.719599427753946,41.81,42,-0.45238095,42.39,40.7,987/5521,42,42.39,40.7,41.81,4.023809,1.5038514E7,33,002891,20260417
603881.SH,数据港,36.91,-0.832885545405702,40.91,41.25,-2.78041825,41.7,40.69,988/5521,41.25,41.7,40.69,40.91,2.40019,6.4419121E7,17,603881,20260417
688197.SH,首药控股,40.85,0.6157635467980296,41.3,41.73,-1.80694246,41.94,40.67,989/5521,41.73,41.94,40.67,41.3,3.019495,1474785,17,688197,20260417
300378.SZ,鼎捷数智,38.92,-0.866021395822711,40.97,40.94,-0.72692028,41.13,40.63,990/5521,40.94,41.13,40.63,40.97,1.211533,8268450,33,300378,20260417
603373.SH,安邦护卫,39.45,0.1777552056881673,41.17,41.07,0.21908471,41.86,40.61,991/5521,41.07,41.86,40.61,41.17,3.042843,1356400,17,603373,20260417
600329.SH,达仁堂,40.6,1.601601601601603,40.7,41.15,-1.09356015,41.2,40.55,992/5521,41.15,41.2,40.55,40.7,1.579586,3084684,17,600329,20260417
000603.SZ,盛达资源,36.48,-2.720000000000008,41.04,40.71,-0.31576391,41.6,40.54,993/5521,40.71,41.6,40.54,41.04,2.57469,1.6051942E7,33,000603,20260417
688001.SH,华兴源创,52.91,-3.800000000000006,44.5,40.86,8.96180215,45.79,40.53,994/5521,40.86,45.79,40.53,44.5,12.879529,1.3748301E7,17,688001,20260417
301023.SZ,奕帆传动,41.51,1.990171990171978,41.17,40.87,0.34121375,41.22,40.52,995/5521,40.87,41.22,40.52,41.17,1.706068,1247749,33,301023,20260417
300339.SZ,润和软件,45.21,2.493765586034916,40.77,40.51,0.0736377,40.94,40.4,996/5521,40.51,40.94,40.4,40.77,1.325478,1.41636E7,33,300339,20260417
002364.SZ,中恒电气,40.79,2.6163522012578593,40.91,43.03,-4.41588785,43.66,40.36,997/5521,43.03,43.66,40.36,40.91,7.71028,1.04006317E8,33,002364,20260417
688450.SH,光格科技,46.38,4.10774410774412,41.26,40.3,2.4075453,42.46,40.22,998/5521,40.3,42.46,40.22,41.26,5.559692,2139331,17,688450,20260417
688116.SH,天奈科技,42.87,-1.2666973744818153,41.01,40.15,1.7365418,41.41,40.15,999/5521,40.15,41.41,40.15,41.01,3.125775,8421314,17,688116,20260417
300875.SZ,捷强装备,39.3,1.8926626912107776,40.5,41.12,-2.12663122,41.2,40.1,1000/5521,41.12,41.2,40.1,40.5,2.658289,4551443,33,300875,20260417
605099.SH,共创草坪,48.42,9.995456610631528,40.21,41.14,-2.26057365,41.77,40.1,1000/5521,41.14,41.77,40.1,40.21,4.059309,3605700,17,605099,20260417
301560.SZ,众捷汽车,42.01,-4.522727272727277,40.16,41.8,-3.46153846,42.4,40.04,1002/5521,41.8,42.4,40.04,40.16,5.673076,2531894,33,301560,20260417
301045.SZ,天禄科技,48.4,5.67685589519651,41.37,40.48,3.37331334,42.78,40.02,1003/5521,40.48,42.78,40.02,41.37,6.896551,3651900,33,301045,20260417
300939.SZ,秋田微,38.64,0.8613938919342163,40.41,40.47,-0.76129666,41.26,40.01,1004/5521,40.47,41.26,40.01,40.41,3.069744,5305273,33,300939,20260417
603226.SH,菲林格尔,39.22,0.8226221079691525,40.15,41,-2.00146449,41.58,40,1005/5521,41,41.58,40,40.15,3.85648,3264970,17,603226,20260417
300770.SZ,新媒股份,37.95,-1.1461318051575873,40.25,40.78,-1.34803922,40.78,39.98,1006/5521,40.78,40.78,39.98,40.25,1.960784,2202647,33,300770,20260417
920505.BJ,九菱科技,39.0,-1.2158054711246122,41.18,39.97,2.3868722,41.8,39.94,1007/5521,39.97,41.8,39.94,41.18,4.624564,1640940,151,920505,20260417
688328.SH,深科达,54.18,-0.47759000734753493,42.33,40.29,4.03047432,43.1,39.9,1008/5521,40.29,43.1,39.9,42.33,7.86434,6943052,17,688328,20260417
688191.SH,智洋创新,45.78,2.6457399103139005,41.23,40.59,1.45177165,41.94,39.88,1009/5521,40.59,41.94,39.88,41.23,5.068897,4111613,17,688191,20260417
300680.SZ,隆盛科技,40.1,3.993775933609956,40.56,40.3,-0.07390983,40.6,39.87,1010/5521,40.3,40.6,39.87,40.56,1.798472,6453400,33,300680,20260417
603102.SH,百合股份,41.08,1.332017760236801,39.96,40.73,-1.86640472,40.85,39.83,1011/5521,40.73,40.85,39.83,39.96,2.504911,749100,17,603102,20260417
300812.SZ,易天股份,35.02,-0.39817974971556735,39.85,41.42,-5.05122707,43.98,39.8,1012/5521,41.42,43.98,39.8,39.85,9.959494,2.374594E7,33,300812,20260417
920015.BJ,锦华新材,37.39,-5.889755852000998,43.07,40.12,7.35294118,43.33,39.73,1013/5521,40.12,43.33,39.73,43.07,8.97308,3167454,151,920015,20260417
603655.SH,朗博科技,43.74,-2.821595201066421,41.91,39.9,4.85364023,42.5,39.68,1014/5521,39.9,42.5,39.68,41.91,7.055291,2600529,17,603655,20260417
688721.SH,龙图光罩,45.57,0.6404593639575953,41.85,39.72,4.83466934,42.2,39.67,1015/5521,39.72,42.2,39.67,41.85,6.337675,2126467,17,688721,20260417
301226.SZ,祥明智能,38.59,-0.592478104070059,40.37,40.41,-1.44042969,41.22,39.63,1016/5521,40.41,41.22,39.63,40.37,3.881835,6010241,33,301226,20260417
300676.SZ,华大基因,39.94,-0.8933002481389565,39.87,40.28,-1.21407334,40.28,39.62,1017/5521,40.28,40.28,39.62,39.87,1.635282,3773794,33,300676,20260417
603288.SH,海天味业,38.64,-1.6042780748663166,39.94,40.5,-1.96367207,40.72,39.61,1018/5521,40.5,40.72,39.61,39.94,2.724594,1.815954E7,17,603288,20260417
002881.SZ,美格智能,39.07,0.6439979392065945,40.0,39.87,-0.373599,40.07,39.6,1019/5521,39.87,40.07,39.6,40.0,1.17061,3984960,33,002881,20260417
301230.SZ,泓博医药,41.4,-1.3110846245530494,40.06,40.74,-2.36412381,41.2,39.6,1019/5521,40.74,41.2,39.6,40.06,3.899585,6988781,33,301230,20260417
301236.SZ,软通动力,39.44,0.0,40.27,39.74,0.9273183,40.49,39.6,1019/5521,39.74,40.49,39.6,40.27,2.230576,1.6993578E7,33,301236,20260417
301266.SZ,宇邦新材,42.29,0.37977688108235597,40.31,40.77,-2.23138491,40.96,39.56,1022/5521,40.77,40.96,39.56,40.31,3.395585,3943093,33,301266,20260417
600298.SH,安琪酵母,37.6,-2.159771012230024,39.76,40.38,-1.43777888,40.48,39.55,1023/5521,40.38,40.48,39.55,39.76,2.305404,4466421,17,600298,20260417
301002.SZ,崧盛股份,47.89,1.1190878378378402,43.45,40.48,7.23099704,44.99,39.52,1024/5521,40.48,44.99,39.52,43.45,13.499506,1.0033403E7,33,301002,20260417
002074.SZ,国轩高科,36.74,-2.6754966887417164,40.23,39.66,1.13122172,40.45,39.5,1025/5521,39.66,40.45,39.5,40.23,2.388134,7.3450144E7,33,002074,20260417
300920.SZ,润阳科技,38.79,-0.8942258559018943,39.98,39.63,0.88316932,40.28,39.5,1025/5521,39.63,40.28,39.5,39.98,1.968205,1117000,33,300920,20260417
600036.SH,招商银行,38.27,-0.5974025974025893,39.52,39.85,-0.9771987,39.9,39.5,1025/5521,39.85,39.9,39.5,39.52,1.002255,5.8792518E7,17,600036,20260417
603375.SH,盛景微,45.25,9.990277102576567,42.79,39.73,7.70198842,43.7,39.5,1025/5521,39.73,43.7,39.5,42.79,10.571356,8761618,17,603375,20260417
600105.SH,永鼎股份,42.41,-2.1006463527239236,41.3,39.47,4.63643273,42.5,39.47,1029/5521,39.47,42.5,39.47,41.3,7.676716,1.67391048E8,17,600105,20260417
301210.SZ,金杨精密,39.01,2.2274633123689767,40.19,39.7,0.95453404,40.2,39.45,1030/5521,39.7,40.2,39.45,40.19,1.883948,7345744,33,301210,20260417
301220.SZ,亚香股份,37.52,-2.113227237151044,39.71,41,-3.59310512,41.26,39.45,1030/5521,41,41.26,39.45,39.71,4.39427,2996564,33,301220,20260417
002625.SZ,光启技术,39.18,0.9013649240278172,39.87,39.96,-0.22522523,40.08,39.44,1032/5521,39.96,40.08,39.44,39.87,1.601601,1.6873445E7,33,002625,20260417
002979.SZ,雷赛智能,43.88,0.9431792040487778,39.89,39.57,0.60529634,40,39.4,1033/5521,39.57,40,39.4,39.89,1.51324,4489383,33,002979,20260417
688489.SH,三未信安,39.99,1.7039674465920693,39.84,39.63,0.32737346,39.97,39.38,1034/5521,39.63,39.97,39.38,39.84,1.485771,422258,17,688489,20260417
001388.SZ,信通电子,37.52,0.4013914905004166,39.56,39.92,-0.90180361,40.08,39.36,1035/5521,39.92,40.08,39.36,39.56,1.803607,938195,33,001388,20260417
002922.SZ,伊戈尔,39.54,-2.6348190100960363,39.74,39.61,-0.20090407,40.58,39.27,1036/5521,39.61,40.58,39.27,39.74,3.289804,1.8079759E7,33,002922,20260417
301418.SZ,协昌科技,42.59,1.1879306248515085,39.8,39.44,0.9127789,39.84,39.23,1037/5521,39.44,39.84,39.23,39.8,1.546653,908900,33,301418,20260417
688618.SH,三旺通信,35.99,-1.559080962800876,41.95,40.42,1.79568066,42.35,39.21,1038/5521,40.42,42.35,39.21,41.95,7.619509,7701797,17,688618,20260417
601606.SH,长城军工,37.62,0.45393858477969184,39.55,39.66,-0.6281407,39.7,39.2,1039/5521,39.66,39.7,39.2,39.55,1.256281,1.04605E7,17,601606,20260417
603859.SH,能科科技,39.2,0.5128205128205201,39.69,39.66,0.07564297,39.97,39.18,1040/5521,39.66,39.97,39.18,39.69,1.991931,4368596,17,603859,20260417
002868.SZ,*ST绿康,38.82,1.251956181533638,40.6,39.65,2.75879524,41.29,39.15,1041/5521,39.65,41.29,39.15,40.6,5.41635,937550,33,002868,20260417
600391.SH,航发科技,37.19,2.4235747727898524,40.18,39.73,1.08176101,41.11,39.15,1041/5521,39.73,41.11,39.15,40.18,4.930817,1.24981E7,17,600391,20260417
301295.SZ,美硕科技,44.57,0.9970541581690407,40.99,40.05,1.73740382,41.79,39.13,1043/5521,40.05,41.79,39.13,40.99,6.602134,3311029,33,301295,20260417
603307.SH,扬州金泉,42.32,1.730769230769228,39.4,39.8,-1.10441767,39.95,39.13,1043/5521,39.8,39.95,39.13,39.4,2.058232,303100,17,603307,20260417
688377.SH,迪威尔,37.89,1.718120805369129,40.3,39.7,1.51133501,40.46,39.11,1045/5521,39.7,40.46,39.11,40.3,3.400503,1420006,17,688377,20260417
300899.SZ,*ST凯鑫,36.65,-1.0796221322537074,39.85,39.73,0.50441362,39.98,39.1,1046/5521,39.73,39.98,39.1,39.85,2.219419,485704,33,300899,20260417
301382.SZ,蜂助手,44.0,2.972150713784234,40.34,39.41,-0.37046184,41.9,39.05,1047/5521,39.41,41.9,39.05,40.34,7.038775,3.2397893E7,33,301382,20260417
001395.SZ,亚联机械,40.1,0.6021073758153588,39.5,39.29,0.53448715,39.7,39.04,1048/5521,39.29,39.7,39.04,39.5,1.679816,532600,33,001395,20260417
603392.SH,万泰生物,39.3,0.5886869721013486,39.66,39.3,0.78780178,40.4,39.03,1049/5521,39.3,40.4,39.03,39.66,3.481575,4633699,17,603392,20260417
300834.SZ,星辉环材,37.05,-1.2789768185451744,42.75,40.94,4.11592791,43.04,39,1050/5521,40.94,43.04,39,42.75,9.839259,1.3935941E7,33,300834,20260417
603337.SH,杰克科技,39.54,-0.2774274905422432,39.8,39.61,0.47967685,40,39,1050/5521,39.61,40,39,39.8,2.524614,1490746,17,603337,20260417
688157.SH,松井股份,36.05,-1.0702524698133935,39.73,39.95,-0.1758794,40.39,39,1050/5521,39.95,40.39,39,39.73,3.492462,3078338,17,688157,20260417
301278.SZ,快可电子,38.92,0.6725297465080319,39.9,39.1,1.70787663,39.93,38.91,1053/5521,39.1,39.93,38.91,39.9,2.60005,2690934,33,301278,20260417
688053.SH,ST思科瑞,39.5,3.6745406824146944,39.02,39,0.07694281,39.49,38.89,1054/5521,39,39.49,38.89,39.02,1.538856,845299,22,688053,20260417
688683.SH,莱尔科技,44.0,-1.895206243032333,40.05,38.9,2.29885057,40.44,38.81,1055/5521,38.9,40.44,38.81,40.05,4.163473,2369789,17,688683,20260417
688366.SH,昊海生科,39.65,-0.07560483870968028,39.1,38.94,-0.25510204,39.23,38.78,1056/5521,38.94,39.23,38.78,39.1,1.147959,391928,17,688366,20260417
688311.SH,盟升电子,34.39,2.3511904761904736,39.27,39,0,39.48,38.7,1057/5521,39,39.48,38.7,39.27,1.986249,4359297,17,688311,20260417
300762.SZ,上海瀚讯,43.42,13.81389252948887,39.73,39.08,1.09414758,39.98,38.68,1058/5521,39.08,39.98,38.68,39.73,3.307888,3.267088E7,33,300762,20260417
301234.SZ,五洲医疗,41.42,2.2716049382716093,39.21,39.2,0.0255102,39.35,38.67,1059/5521,39.2,39.35,38.67,39.21,1.734693,739000,33,301234,20260417
300508.SZ,维宏股份,32.1,-0.3105590062111845,39.05,39.14,-0.22994379,39.53,38.66,1060/5521,39.14,39.53,38.66,39.05,2.222789,1442800,33,300508,20260417
688269.SH,凯立新材,40.75,-0.1959343619887296,39.08,38.76,0.72164948,39.23,38.66,1060/5521,38.76,39.23,38.66,39.08,1.469072,1116015,17,688269,20260417
920699.BJ,海达尔,41.6,-2.0023557126030656,41.0,39.35,4.35225248,41.62,38.6,1062/5521,39.35,41.62,38.6,41.0,7.686434,526727,151,920699,20260417
002472.SZ,双环传动,39.27,2.5326370757180316,39.19,38.83,1.03119361,39.28,38.57,1063/5521,38.83,39.28,38.57,39.19,1.830368,1.1429382E7,33,002472,20260417
603120.SH,肯特催化,39.12,0.5397070161912128,39.45,38.58,1.62287481,39.8,38.55,1064/5521,38.58,39.8,38.55,39.45,3.219989,1111100,17,603120,20260417
301024.SZ,霍普股份,41.25,2.4081429990069485,39.03,39.49,-0.93908629,39.71,38.5,1065/5521,39.49,39.71,38.5,39.03,3.071065,1214350,33,301024,20260417
603341.SH,龙旗科技,36.81,1.9667590027700854,38.95,38.9,-0.20497054,39.07,38.5,1065/5521,38.9,39.07,38.5,38.95,1.460415,5029688,17,603341,20260417
920183.BJ,海菲曼,37.98,1.877682403433465,40.85,39.43,4.74358974,41,38.47,1067/5521,39.43,41,38.47,40.85,6.487179,1585997,151,920183,20260417
001215.SZ,千味央厨,46.86,9.999999999999995,39.49,39,1.90967742,39.5,38.44,1068/5521,39,39.5,38.44,39.49,2.735483,2842520,33,001215,20260417
301361.SZ,众智科技,35.88,-1.0752688172043026,38.55,39.24,-1.40664962,39.5,38.44,1068/5521,39.24,39.5,38.44,38.55,2.710997,2189300,33,301361,20260417
688755.SH,汉邦科技,40.4,0.6226650062266501,38.53,38.6,-0.15548069,38.8,38.38,1070/5521,38.6,38.8,38.38,38.53,1.088364,230290,17,688755,20260417
688113.SH,联测科技,43.03,1.0568341944574986,38.56,39.05,-1.25480154,39.05,38.32,1071/5521,39.05,39.05,38.32,38.56,1.869398,647817,17,688113,20260417
601231.SH,环旭电子,37.8,-6.156901688182731,40.18,38.31,5.87615283,40.42,38.31,1072/5521,38.31,40.42,38.31,40.18,5.559947,6.7810254E7,17,601231,20260417
301448.SZ,开创电气,39.35,1.7321613236814937,38.67,39.1,-1.40234574,39.29,38.3,1073/5521,39.1,39.29,38.3,38.67,2.524222,1051029,33,301448,20260417
600547.SH,山东黄金,34.38,-2.8813559322033786,38.44,38.5,-2.06369427,38.9,38.3,1073/5521,38.5,38.9,38.3,38.44,1.528662,4.476079E7,17,600547,20260417
300949.SZ,奥雅股份,40.63,1.2964348042882152,39.05,39.4,-0.81280163,39.58,38.29,1075/5521,39.4,39.58,38.29,39.05,3.276606,1232100,33,300949,20260417
688172.SH,燕东微,42.49,6.464545226760225,39.05,39.01,-0.86316324,39.68,38.28,1076/5521,39.01,39.68,38.28,39.05,3.554201,9125479,17,688172,20260417
688075.SH,安旭生物,37.42,-0.4257583821181389,38.51,38.8,-0.95164609,39.12,38.27,1077/5521,38.8,39.12,38.27,38.51,2.186213,519903,17,688075,20260417
301459.SZ,丰茂股份,36.84,0.3814713896457781,38.31,38.59,-1.10996386,38.78,38.25,1078/5521,38.59,38.78,38.25,38.31,1.368094,913269,33,301459,20260417
603590.SH,康辰药业,35.4,-2.371759514616656,38.61,38.8,-0.84745763,39.08,38.23,1079/5521,38.8,39.08,38.23,38.61,2.182845,1886500,17,603590,20260417
688651.SH,盛邦安全,39.0,1.1148561057816948,38.66,39.49,-1.87817259,39.51,38.21,1080/5521,39.49,39.51,38.21,38.66,3.299492,1540360,17,688651,20260417
002636.SZ,金安国纪,44.9,-0.970445522717258,38.9,38.72,0.41300981,39.92,38.15,1081/5521,38.72,39.92,38.15,38.9,4.568921,4.3921532E7,33,002636,20260417
688100.SH,威胜信息,37.37,3.1181015452538503,38.69,38.4,0.75520833,39.07,38.15,1081/5521,38.4,39.07,38.15,38.69,2.395833,2538429,17,688100,20260417
688367.SH,工大高科,40.6,0.4950495049505021,39.3,38.5,2.96044014,39.8,38.09,1083/5521,38.5,39.8,38.09,39.3,4.479958,3948310,17,688367,20260417
002151.SZ,北斗星通,40.9,2.3523523523523466,38.48,38.27,0.26055237,38.76,38.06,1084/5521,38.27,38.76,38.06,38.48,1.823866,1.1109683E7,33,002151,20260417
688062.SH,迈威生物,35.73,3.7155297532655847,38.77,40,-3.43711083,40,38.04,1085/5521,40,40,38.04,38.77,4.881693,1.1130344E7,17,688062,20260417
301252.SZ,同星科技,36.85,0.7656549083948623,39.3,38.62,1.36703637,39.49,38.03,1086/5521,38.62,39.49,38.03,39.3,3.765798,3055237,33,301252,20260417
603353.SH,和顺石油,43.09,-1.6659059790050135,39.01,38.64,1.4300572,39.62,38.03,1086/5521,38.64,39.62,38.03,39.01,4.134165,6687800,17,603353,20260417
920159.BJ,农大科技,40.48,-0.0740557886941524,39.95,38.59,3.25665547,39.96,38.03,1086/5521,38.59,39.96,38.03,39.95,4.988369,1905886,151,920159,20260417
300903.SZ,科翔股份,49.67,-1.1542288557213896,39.3,39.24,0.48580926,39.75,38,1089/5521,39.24,39.75,38,39.3,4.474558,2.6022625E7,33,300903,20260417
688087.SH,英科再生,46.7,3.227232537577367,38.17,38.2,0.18372703,39.13,37.99,1090/5521,38.2,39.13,37.99,38.17,2.992125,1834581,17,688087,20260417
603352.SH,至信股份,35.72,-1.380452788514633,38.32,38.6,-0.5708355,38.6,37.97,1091/5521,38.6,38.6,37.97,38.32,1.634665,1671339,17,603352,20260417
301446.SZ,福事特,42.87,6.827809618739085,40.0,38.62,3.8691249,40.43,37.94,1092/5521,38.62,40.43,37.94,40.0,6.465853,1769308,33,301446,20260417
301076.SZ,新瀚新材,36.72,-0.21739130434782147,38.88,38.6,1.01325019,39.2,37.91,1093/5521,38.6,39.2,37.91,38.88,3.351519,3246364,33,301076,20260417
600580.SH,卧龙电驱,37.85,1.5017430946634547,38.81,38.1,1.19947849,38.98,37.9,1094/5521,37.92,38.8,37.72,38.63,2.816166,3.34642E7,17,600580,20260417
301281.SZ,科源制药,37.69,-0.5278437582475662,38.24,38.51,-1.46869364,38.76,37.89,1095/5521,38.51,38.76,37.89,38.24,2.24169,2686700,33,301281,20260417
688539.SH,高华科技,37.36,3.0905077262693084,38.96,38,1.90949516,39.02,37.85,1096/5521,38,39.02,37.85,38.96,3.060423,3939466,17,688539,20260417
600316.SH,洪都航空,36.61,2.006129841181384,40.21,38.9,2.8125799,40.51,37.83,1097/5521,38.9,40.51,37.83,40.21,6.852467,1.55158E7,17,600316,20260417
300547.SZ,川环科技,38.92,5.331529093369415,38.35,38.8,-1.21071613,39.62,37.81,1098/5521,38.8,39.62,37.81,38.35,4.662545,2.3024127E7,33,300547,20260417
600482.SH,中国动力,38.57,-3.2605969400551724,38.21,38.6,-2.02564103,39.59,37.81,1098/5521,38.6,39.59,37.81,38.21,4.564102,3.3309265E7,17,600482,20260417
920174.BJ,五新隧装,38.77,-1.5989847715735925,39.39,38.3,3.16919853,39.47,37.81,1098/5521,38.3,39.47,37.81,39.39,4.347826,2069484,151,920174,20260417
688759.SH,必贝特,31.81,3.1118314424635245,38.59,39.61,-2.5751073,39.61,37.8,1101/5521,39.61,39.61,37.8,38.59,4.569553,2569082,17,688759,20260417
301222.SZ,浙江恒威,48.39,-2.478839177750901,38.98,38.01,-0.40878896,39.05,37.76,1102/5521,38.01,39.05,37.76,38.98,3.295861,4648716,33,301222,20260417
300725.SZ,药石科技,39.85,-0.39990002499374305,38.06,38.38,-1.2966805,38.56,37.75,1103/5521,38.38,38.56,37.75,38.06,2.100622,5344173,33,300725,20260417
300955.SZ,嘉亨家化,36.58,0.41174855888004,38.39,37.74,1.48030663,38.53,37.74,1104/5521,37.74,38.53,37.74,38.39,2.088289,2409600,33,300955,20260417
688478.SH,晶升股份,41.94,0.5996641880546895,38.67,37.99,1.4694306,41.87,37.73,1105/5521,37.99,41.87,37.73,38.67,10.86329,9873686,17,688478,20260417
688013.SH,天臣医疗,36.21,-2.713594841483068,38.04,38.52,-0.67885117,38.52,37.72,1106/5521,38.52,38.52,37.72,38.04,2.088772,997616,17,688013,20260417
301138.SZ,华研精机,33.33,-1.6233766233766358,38.34,38.25,0.47169811,38.45,37.7,1107/5521,38.25,38.45,37.7,38.34,1.965408,741200,33,301138,20260417
300458.SZ,全志科技,35.8,3.8283062645011614,38.36,37.78,0.6824147,38.48,37.61,1108/5521,31.31666667,31.9,31.175,31.8,2.283464,1.9764689E7,33,300458,20260417
000792.SZ,盐湖股份,39.29,-0.5316455696202553,37.89,38.8,-1.60997144,39.88,37.59,1109/5521,38.8,39.88,37.59,37.89,5.946507,1.01758612E8,33,000792,20260417
301501.SZ,恒鑫生活,33.46,-1.4432989690721707,38.23,37.87,1.13756614,38.29,37.55,1110/5521,37.87,38.29,37.55,38.23,1.957671,980478,33,301501,20260417
688781.SH,视涯科技,40.45,0.37220843672457987,37.91,37.7,0.02638522,38.38,37.5,1111/5521,37.7,38.38,37.5,37.91,2.321899,4293711,17,688781,20260417
300606.SZ,金太阳,37.72,-2.0768431983385365,38.6,37.71,1.4721346,38.94,37.45,1112/5521,37.71,38.94,37.45,38.6,3.916929,1.1237385E7,33,300606,20260417
600536.SH,中国软件,37.78,1.8603397142086753,37.69,37.7,-0.1589404,37.89,37.44,1113/5521,37.7,37.89,37.44,37.69,1.192052,7981399,17,600536,20260417
605111.SH,新洁能,40.68,2.28815690218757,37.71,37.66,-0.47505938,38.29,37.43,1114/5521,37.66,38.29,37.43,37.71,2.269728,1.2657027E7,17,605111,20260417
603199.SH,九华旅游,36.48,-1.6446481531410257,37.92,38.35,-1.35275754,38.35,37.42,1115/5521,38.35,38.35,37.42,37.92,2.419354,2422200,17,603199,20260417
301121.SZ,紫建电子,38.97,-0.5867346938775612,38.1,37.42,1.68134508,38.25,37.4,1116/5521,37.42,38.25,37.4,38.1,2.268481,1322620,33,301121,20260417
688259.SH,创耀科技,38.32,1.7525225703664464,37.87,37.72,0.85219707,38,37.39,1117/5521,37.72,38,37.39,37.87,1.6245,1733031,17,688259,20260417
300827.SZ,上能电气,37.83,0.6920415224913442,37.65,37.8,-1.2588513,38.25,37.38,1118/5521,37.8,38.25,37.38,37.65,2.281667,2.1688604E7,33,300827,20260417
601628.SH,中国人寿,36.67,0.08187772925764503,37.52,37.78,-0.92421442,37.8,37.34,1119/5521,37.78,37.8,37.34,37.52,1.214681,1.6055948E7,17,601628,20260417
603014.SH,威高血净,35.95,-0.24972253052163237,37.81,37.62,0.50505051,37.99,37.34,1119/5521,37.62,37.99,37.34,37.81,1.727804,1035429,17,603014,20260417
300598.SZ,诚迈科技,36.53,-1.0563380281690156,37.58,37.77,-0.94886663,37.94,37.27,1121/5521,37.77,37.94,37.27,37.58,1.765946,2855068,33,300598,20260417
002213.SZ,大为股份,37.3,0.7835720075655206,37.73,39.06,-1.59102765,39.45,37.19,1122/5521,39.06,39.45,37.19,37.73,5.894627,5.4784662E7,33,002213,20260417
002870.SZ,香山股份,39.58,10.005558643690943,38.16,37.24,2.41545894,38.9,37.19,1122/5521,37.24,38.9,37.19,38.16,4.589371,4285400,33,002870,20260417
688378.SH,奥来德,44.3,2.665121668597911,37.84,37.18,0.74547391,38.54,37.18,1124/5521,37.18,38.54,37.18,37.84,3.620873,4226305,17,688378,20260417
601601.SH,中国太保,37.23,-1.0366826156299855,37.34,37.7,-1.39952469,37.72,37.17,1125/5521,37.7,37.72,37.17,37.34,1.452336,2.9302499E7,17,601601,20260417
300085.SZ,银之杰,37.28,3.1258644536652906,37.88,37.65,-0.31578947,38.26,37.16,1126/5521,37.65,38.26,37.16,37.88,2.894736,2.3663603E7,33,300085,20260417
688484.SH,南芯科技,38.41,0.9196006305832746,37.26,37.53,-0.90425532,37.66,37.13,1127/5521,37.53,37.66,37.13,37.26,1.409574,4173566,17,688484,20260417
300766.SZ,每日互动,29.22,-1.7484868863483511,38.81,37.11,3.54855923,38.98,37.11,1128/5521,37.11,38.98,37.11,38.81,4.989327,3.596399E7,33,300766,20260417
300952.SZ,恒辉安防,33.5,2.697731453096268,39.23,38,2.32133542,39.5,37.04,1129/5521,38,39.5,37.04,39.23,6.416275,8212905,33,300952,20260417
300191.SZ,潜能恒信,43.38,-5.428384565075202,38.58,37.11,3.96119644,39.5,37.03,1130/5521,37.11,39.5,37.03,38.58,6.655887,1.6979296E7,33,300191,20260417
001255.SZ,博菲电气,34.82,1.7533606078316817,37.27,38,-0.56029883,38,37.01,1131/5521,38,38,37.01,37.27,2.641408,1023700,33,001255,20260417
603130.SH,云中马,45.66,-1.5736150032334641,40.44,37.92,6.75818374,41.1,36.99,1132/5521,37.69,40.87,36.76,40.21,10.850052,5122150,17,603130,20260417
300520.SZ,科大国创,34.9,1.7789442986293365,37.2,37.63,-3.125,37.79,36.96,1133/5521,37.63,37.79,36.96,37.2,2.161458,1.9468032E7,33,300520,20260417
301239.SZ,普瑞眼科,46.83,3.6061946902654762,37.24,37.94,-1.84501845,38.03,36.95,1134/5521,37.94,38.03,36.95,37.24,2.846599,1977500,33,301239,20260417
000651.SZ,格力电器,40.05,-1.03780578206079,36.95,37.25,-0.99142551,37.25,36.93,1135/5521,37.25,37.25,36.93,36.95,0.857449,3.895035E7,33,000651,20260417
603082.SH,北自科技,33.96,0.0,37.46,37,1.40768814,37.59,36.93,1135/5521,37,37.59,36.93,37.46,1.786681,1258289,17,603082,20260417
300951.SZ,博硕科技,32.85,1.7973349860551542,37.21,38.01,-1.94993412,38.06,36.85,1137/5521,38.01,38.06,36.85,37.21,3.188405,2860759,33,300951,20260417
300775.SZ,三角防务,29.82,1.879057055005127,36.99,37.39,-1.93531283,37.57,36.83,1138/5521,37.39,37.57,36.83,36.99,1.961823,2.3226573E7,33,300775,20260417
300609.SZ,汇纳科技,42.99,6.8871208354052795,37.23,37.23,-0.98404255,37.82,36.82,1139/5521,37.23,37.82,36.82,37.23,2.659574,3127900,33,300609,20260417
301008.SZ,宏昌科技,31.69,3.2247557003257397,37.36,38,-3.03659486,38.44,36.82,1139/5521,38,38.44,36.82,37.36,4.204515,1.266028E7,33,301008,20260417
605258.SH,协和电子,34.73,-2.003386004514675,37.58,37.07,1.34843581,37.75,36.81,1141/5521,37.07,37.75,36.81,37.58,2.535059,4493100,17,605258,20260417
603127.SH,昭衍新药,38.87,0.5952380952380871,36.93,37.9,-4.15260836,38.09,36.8,1142/5521,37.9,38.09,36.8,36.93,3.34804,3.2064618E7,17,603127,20260417
000762.SZ,西藏矿业,38.7,-0.5141388174807089,36.84,37.85,-0.72756669,39.06,36.78,1143/5521,37.85,39.06,36.78,36.84,6.143896,6.8225414E7,33,000762,20260417
600938.SH,中国海油,39.99,0.10012515644555481,37.34,36.98,1.02813853,37.45,36.76,1144/5521,36.98,37.45,36.76,37.34,1.866883,4.0717495E7,17,600938,20260417
002261.SZ,拓维信息,35.44,1.5181896304783764,37.66,36.85,1.45474138,37.95,36.71,1145/5521,36.85,37.95,36.71,37.66,3.340517,1.12008427E8,33,002261,20260417
002895.SZ,川恒股份,36.48,-4.25196850393702,37.06,38.38,-3.81520893,38.73,36.71,1145/5521,38.38,38.73,36.71,37.06,5.242668,1.080092E7,33,002895,20260417
605168.SH,三人行,47.06,-2.969072164948449,37.99,37.32,1.768015,38.5,36.71,1145/5521,37.32,38.5,36.71,37.99,4.79507,6452750,17,605168,20260417
300354.SZ,东华测试,35.74,1.5340909090909065,37.06,37.1,0.16216216,37.17,36.7,1148/5521,37.1,37.17,36.7,37.06,1.27027,1642839,33,300354,20260417
002352.SZ,顺丰控股,37.1,0.7057546145493974,36.7,37.36,-2.28966986,37.36,36.65,1149/5521,37.36,37.36,36.65,36.7,1.890308,2.8987793E7,33,002352,20260417
603072.SH,天和磁材,37.54,0.7785234899328837,37.15,36.8,-0.1344086,37.36,36.6,1150/5521,36.8,37.36,36.6,37.15,2.04301,2080223,17,603072,20260417
000034.SZ,神州数码,37.67,0.61431623931625,36.69,36.61,2.11522405,37.82,36.58,1151/5521,36.61,37.82,36.58,36.69,3.451155,3.1093585E7,33,000034,20260417
920640.BJ,富士达,35.49,2.2471910112359583,39.73,37.01,6.80107527,40.35,36.56,1152/5521,37.01,40.35,36.56,39.73,10.188172,1.0481266E7,151,920640,20260417
300470.SZ,中密控股,33.96,1.798561151079141,36.7,37.11,-1.47651007,37.66,36.54,1153/5521,37.11,37.66,36.54,36.7,3.006711,4998380,33,300470,20260417
688117.SH,圣诺生物,37.41,0.45649838882920135,36.86,37,-1.44385027,37.27,36.54,1153/5521,37,37.27,36.54,36.86,1.951871,2618573,17,688117,20260417
003026.SZ,中晶科技,49.99,5.419654154365246,36.66,37.03,-1.87366167,37.25,36.5,1155/5521,37.03,37.25,36.5,36.66,2.007494,5348347,33,003026,20260417
002985.SZ,北摩高科,35.63,0.0842696629213515,36.98,36.85,0.32555616,37.1,36.49,1156/5521,36.72,36.97,36.36,36.85,1.65491,6454697,33,002985,20260417
688102.SH,斯瑞新材,41.75,6.750191766811558,38.43,37.18,3.83680086,38.56,36.34,1157/5521,37.18,38.56,36.34,38.43,5.998378,2.4625603E7,17,688102,20260417
300698.SZ,万马科技,37.68,-0.44914134742404677,36.64,36.52,-0.46183102,36.98,36.33,1158/5521,36.52,36.98,36.33,36.64,1.765824,2401600,33,300698,20260417
605589.SH,圣泉集团,39.08,-4.239157069345758,38.62,36.33,5.34642662,39.03,36.33,1158/5521,36.33,39.03,36.33,38.62,7.364975,4.7724411E7,17,605589,20260417
920748.BJ,路桥信息,33.66,1.0507355148603852,37.97,37.01,1.98764437,38.43,36.33,1158/5521,37.01,38.43,36.33,37.97,5.640612,1414337,151,920748,20260417
603350.SH,安乃达,34.91,-0.7110352673492606,36.92,36.81,-0.35087719,36.93,36.31,1161/5521,36.81,36.93,36.31,36.92,1.673414,1747990,17,603350,20260417
600895.SH,张江高科,36.62,4.4197319646421365,37.04,36.45,1.56292843,37.2,36.3,1162/5521,36.45,37.2,36.3,37.04,2.467781,2.307184E7,17,600895,20260417
688689.SH,银河微电,39.09,0.462606013878198,37.4,36.6,2.40963855,37.68,36.27,1163/5521,36.6,37.68,36.27,37.4,3.860898,3468433,17,688689,20260417
603322.SH,超讯通信,32.5,1.0572139303482695,38.09,36.8,5.04688362,39.7,36.24,1164/5521,36.8,39.7,36.24,38.09,9.542195,3.2843884E7,17,603322,20260417
603380.SH,易德龙,36.88,2.2172949002217415,36.78,36.33,1.51807894,36.89,36.22,1165/5521,36.33,36.89,36.22,36.78,1.849296,1698600,17,603380,20260417
300706.SZ,阿石创,42.5,3.9119804400978033,37.71,36.5,3.03278689,39.15,36.21,1166/5521,36.5,39.15,36.21,37.71,8.032786,1.25315E7,33,300706,20260417
300837.SZ,浙矿股份,34.4,-1.0925819436457807,36.97,37.35,-0.77831455,37.35,36.21,1166/5521,37.35,37.35,36.21,36.97,3.059581,1646500,33,300837,20260417
603063.SH,禾望电气,43.88,4.153809636838357,40.63,37,9.98917163,40.63,36.12,1168/5521,37,40.63,36.12,40.63,12.208987,6.6969553E7,17,603063,20260417
920799.BJ,艾融软件,34.79,1.8740849194729154,37.96,36.18,4.86187845,38.97,36.09,1169/5521,36.18,38.97,36.09,37.96,7.955801,6486781,151,920799,20260417
002831.SZ,裕同科技,37.84,-2.0196789228378926,36.64,36.28,0.8255366,38.35,36.06,1170/5521,36.28,38.35,36.06,36.64,6.301596,1.2512006E7,33,002831,20260417
300957.SZ,贝泰妮,40.88,-1.0409101912369878,36.78,36.89,-0.37919827,36.96,36.06,1170/5521,36.89,36.96,36.06,36.78,2.437703,6577526,33,300957,20260417
688208.SH,道通科技,33.87,-0.8199121522694031,36.37,36.1,0.19283747,36.87,36.05,1172/5521,36.1,36.87,36.05,36.37,2.258953,8230560,17,688208,20260417
600593.SH,大连圣亚,34.08,-0.7860262008733715,36.34,37.35,-2.6520225,37.35,36.04,1173/5521,37.35,37.35,36.04,36.34,3.509241,4143100,17,600593,20260417
001229.SZ,魅视科技,37.01,0.08112493239589275,36.43,36.89,-1.27371274,36.99,36.01,1174/5521,36.89,36.99,36.01,36.43,2.655826,1240168,33,001229,20260417
300723.SZ,一品红,41.45,4.0934203917629395,36.58,37.11,-1.26855601,37.41,36,1175/5521,37.11,37.41,36,36.58,3.805668,1.3307915E7,33,300723,20260417
603722.SH,阿科力,39.08,0.20512820512820076,37.12,36.29,2.48481502,37.14,35.92,1176/5521,36.29,37.14,35.92,37.12,3.368304,1050900,17,603722,20260417
002001.SZ,新和成,34.8,-0.45766590389017076,36.19,37.64,-3.80116959,37.84,35.9,1177/5521,37.64,37.84,35.9,36.19,5.156831,4.651549E7,33,002001,20260417
002940.SZ,昂利康,33.08,-3.189932689493718,39.16,35.96,10,39.16,35.87,1178/5521,35.96,39.16,35.87,39.16,9.241573,3.968345E7,33,002940,20260417
301555.SZ,惠柏新材,36.17,-1.6317650258362832,36.88,36.05,2.07583725,37.16,35.86,1179/5521,36.05,37.16,35.86,36.88,3.598117,2371261,33,301555,20260417
920177.BJ,恒道科技,34.41,4.74885844748857,40.0,35.99,9.34937124,43.07,35.86,1179/5521,35.99,43.07,35.86,40.0,19.710224,8600830,151,920177,20260417
301397.SZ,溯联股份,39.7,2.8497409326424905,36.09,36.83,-2.3010287,37.3,35.85,1181/5521,36.83,37.3,35.85,36.09,3.925284,5356285,33,301397,20260417
301503.SZ,智迪科技,35.82,0.7311586051743476,36.12,36.35,-0.27609056,36.35,35.85,1181/5521,36.35,36.35,35.85,36.12,1.380452,582000,33,301503,20260417
920121.BJ,江天科技,36.75,3.3755274261603456,37.32,36.25,2.80991736,37.97,35.81,1183/5521,36.25,37.97,35.81,37.32,5.950413,579196,151,920121,20260417
000807.SZ,云铝股份,31.8,-3.9855072463768018,36.67,35.85,0.68643602,36.83,35.77,1184/5521,35.85,36.83,35.77,36.67,2.910488,4.4728748E7,33,000807,20260417
603281.SH,江瀚新材,33.82,-1.6288539848749337,37.72,35.94,4.2564953,37.98,35.75,1185/5521,35.94,37.98,35.75,37.72,6.163626,4215780,17,603281,20260417
605088.SH,冠盛股份,35.46,1.3432409259788478,36.93,36.42,1.40032949,37.18,35.75,1185/5521,36.42,37.18,35.75,36.93,3.926414,5287100,17,605088,20260417
600066.SH,宇通客车,35.41,-1.4198218262806377,36.04,36.33,-1.12482853,36.5,35.74,1187/5521,36.33,36.5,35.74,36.04,2.085048,1.8002518E7,17,600066,20260417
603099.SH,长白山,34.95,-0.370581527936133,36.04,36.62,-1.55695165,36.62,35.72,1188/5521,36.62,36.62,35.72,36.04,2.458344,6961557,17,603099,20260417
920026.BJ,卓兆点胶,33.61,-1.725146198830419,37.3,35.95,3.75521558,37.87,35.7,1189/5521,35.95,37.87,35.7,37.3,6.036161,1700416,151,920026,20260417
300995.SZ,奇德新材,35.47,-1.444845790497369,36.14,36.37,-0.60506051,36.46,35.69,1190/5521,36.25,36.34,35.57,36.02,2.117711,1048231,33,300995,20260417
300980.SZ,祥源新材,33.21,-1.9196692262256307,36.44,36.75,-1.05891936,37.34,35.66,1191/5521,36.75,37.34,35.66,36.44,4.561498,5161190,33,300980,20260417
605358.SH,立昂微,41.06,5.228088159917988,36.6,35.76,2.09205021,36.99,35.61,1192/5521,35.76,36.99,35.61,36.6,3.849372,1.4732555E7,17,605358,20260417
920187.BJ,通领科技,35.5,1.3706453455168384,37.38,35.98,3.83333333,37.8,35.61,1192/5521,35.98,37.8,35.61,37.38,6.083333,1623899,151,920187,20260417
688357.SH,建龙微纳,36.56,-3.4846884899683217,35.85,35.8,0.1396648,36.1,35.6,1194/5521,35.8,36.1,35.6,35.85,1.396648,916681,17,688357,20260417
300781.SZ,因赛集团,34.22,-0.3204194581998236,36.13,35.99,-0.19337017,36.35,35.58,1195/5521,35.99,36.35,35.58,36.13,2.127071,3875291,33,300781,20260417
688458.SH,美芯晟,36.86,0.6004366812227043,36.45,35.53,1.8725545,36.45,35.53,1196/5521,35.53,36.45,35.53,36.45,2.571268,1181538,17,688458,20260417
688262.SH,国芯科技,38.97,3.8646055437100095,36.08,35.75,0.89485459,36.27,35.47,1197/5521,35.75,36.27,35.47,36.08,2.237136,1.0526277E7,17,688262,20260417
605058.SH,澳弘电子,34.48,-1.654306902452953,37.74,35.79,5.12534819,37.99,35.41,1198/5521,35.79,37.99,35.41,37.74,7.186629,9191386,17,605058,20260417
301322.SZ,绿通科技,38.8,7.897664071190202,35.9,35.69,0.19536701,36.3,35.35,1199/5521,35.69,36.3,35.35,35.9,2.651409,3179610,33,301322,20260417
688056.SH,莱伯泰科,36.73,0.2182810368349203,35.81,35.63,0.47699214,35.86,35.35,1199/5521,35.63,35.86,35.35,35.81,1.430976,604192,17,688056,20260417
603659.SH,璞泰来,36.27,-3.5885167464114684,35.91,35.89,0.84245998,36.74,35.32,1201/5521,35.89,36.74,35.32,35.91,3.987643,4.9511609E7,17,603659,20260417
603285.SH,键邦股份,43.59,1.7507002801120446,37.42,36,4.37935844,37.5,35.31,1202/5521,36,37.5,35.31,37.42,6.108786,7239441,17,603285,20260417
603396.SH,金辰股份,35.28,-0.4514672686230152,35.83,35.3,0.75928009,35.91,35.3,1203/5521,35.3,35.91,35.3,35.83,1.71541,3534210,17,603396,20260417
920005.BJ,鼎佳精密,34.75,0.8415554265815414,37.0,36.3,2.6067665,37.36,35.3,1203/5521,36.3,37.36,35.3,37.0,5.712701,764267,151,920005,20260417
603067.SH,振华股份,34.98,-1.6033755274261612,35.69,36.55,-5.83113456,36.76,35.29,1205/5521,36.55,36.76,35.29,35.69,3.878627,3.839079E7,17,603067,20260417
300792.SZ,壹网壹创,34.77,1.1049723756906151,35.7,35.77,-0.27932961,35.95,35.26,1206/5521,35.77,35.95,35.26,35.7,1.927374,5326170,33,300792,20260417
300628.SZ,亿联网络,36.53,-0.7336956521739023,35.67,35.58,0,35.78,35.25,1207/5521,35.58,35.78,35.25,35.67,1.485842,6173804,33,300628,20260417
300285.SZ,国瓷材料,35.78,-3.2449972958355757,36.6,35.19,2.57847534,37,35.19,1208/5521,35.19,37,35.19,36.6,5.072869,4.2101838E7,33,300285,20260417
002138.SZ,顺络电子,33.95,-3.46886551037816,35.45,35.6,-0.81141578,35.76,35.18,1209/5521,35.6,35.76,35.18,35.45,1.622831,1.7064712E7,33,002138,20260417
000063.SZ,中兴通讯,36.7,0.7688083470620569,35.33,35.2,-0.19774011,35.86,35.16,1210/5521,35.2,35.86,35.16,35.33,1.977401,6.1008831E7,33,000063,20260417
002179.SZ,中航光电,36.56,0.8551724137931097,35.66,35.55,0.11229646,36.1,35.1,1211/5521,35.55,36.1,35.1,35.66,2.807411,2.7618257E7,33,002179,20260417
688162.SH,巨一科技,32.35,-0.5838967424707981,36.26,35.23,2.6032824,36.55,35.1,1211/5521,35.23,36.55,35.1,36.26,4.102999,4095124,17,688162,20260417
920069.BJ,普昂医疗,39.18,0.797530228968362,37.3,36,4.54035874,37.99,35.09,1213/5521,36,37.99,35.09,37.3,8.127802,2208796,151,920069,20260417
605128.SH,上海沿浦,34.2,2.70270270270272,35.47,35.54,0.70982396,35.94,35.06,1214/5521,35.54,35.94,35.06,35.47,2.49858,2721505,17,605128,20260417
300576.SZ,容大感光,37.05,-1.3840830449827073,36.06,35.28,1.97963801,36.18,35.05,1215/5521,35.28,36.18,35.05,36.06,3.195701,9805390,33,300576,20260417
688479.SH,友车科技,40.84,4.450127877237857,35.13,35.29,-0.42517007,36.5,35.02,1216/5521,35.29,36.5,35.02,35.13,4.195011,3427459,17,688479,20260417
920368.BJ,连城数控,32.99,2.45341614906832,37.7,35.35,7.3156846,38.8,35.01,1217/5521,35.35,38.8,35.01,37.7,10.788499,1.6529608E7,151,920368,20260417
002536.SZ,飞龙股份,35.88,-1.2658227848101289,37.24,35.67,3.41571786,38,35,1218/5521,35.67,38,35,37.24,8.331019,5.568178E7,33,002536,20260417
001277.SZ,速达股份,37.22,3.475118154017237,35.4,35.4,0.11312217,35.46,34.98,1219/5521,35.4,35.46,34.98,35.4,1.357466,594847,33,001277,20260417
301218.SZ,华是科技,34.76,-0.6857142857142914,35.19,35.79,-1.42857143,36,34.96,1220/5521,35.79,36,34.96,35.19,2.913165,2171300,33,301218,20260417
301390.SZ,经纬股份,37.7,2.362204724409461,35.29,35.97,-1.91773207,35.97,34.96,1220/5521,35.97,35.97,34.96,35.29,2.807115,1409100,33,301390,20260417
000960.SZ,锡业股份,35.25,-1.5638089919017097,35.58,35.11,0.48009037,36.15,34.94,1222/5521,34.86,35.9,34.69,35.33,3.417113,5.3843424E7,33,000960,20260417
688819.SH,天能股份,30.48,-14.788929270338278,35.52,35.01,1.13895216,35.69,34.93,1223/5521,35.01,35.69,34.93,35.52,2.164009,3514735,17,688819,20260417
300571.SZ,平治信息,44.35,4.352941176470591,35.71,36.3,-1.48965517,36.3,34.91,1224/5521,36.3,36.3,34.91,35.71,3.834482,1.46945E7,33,300571,20260417
603261.SH,*ST立航,33.79,1.0164424514200188,34.96,35.52,-1.82532996,35.74,34.91,1224/5521,35.52,35.74,34.91,34.96,2.330805,546300,22,603261,20260417
688135.SH,利扬芯片,36.89,1.6813671444321925,37.33,35.45,5.54141928,37.33,34.9,1226/5521,35.45,37.33,34.9,37.33,6.870229,2.6192773E7,17,688135,20260417
688251.SH,井松智能,31.47,2.8095393662201875,35.6,36.05,-1.11111111,36.05,34.9,1226/5521,36.05,36.05,34.9,35.6,3.194444,2088199,17,688251,20260417
002759.SZ,天际股份,38.09,5.776173285198571,35.17,35.6,-2.84530387,36.25,34.89,1228/5521,35.6,36.25,34.89,35.17,3.756906,4.9033834E7,33,002759,20260417
688175.SH,高凌信息,36.67,3.0924936744447606,36.5,35.74,2.12646894,37,34.82,1229/5521,35.74,37,34.82,36.5,6.099608,3341977,17,688175,20260417
002841.SZ,视源股份,36.91,0.0,35.12,34.98,-0.08534851,35.2,34.8,1230/5521,34.26,34.48,34.08,34.4,1.13798,2915100,33,002841,20260417
603406.SH,天富龙,33.83,-0.17704337562703532,34.89,34.8,0.75079411,35.25,34.8,1230/5521,34.8,35.25,34.8,34.89,1.299451,1516482,17,603406,20260417
301458.SZ,钧崴电子,39.99,1.1125158027813018,35.81,34.75,2.78415614,36.2,34.72,1232/5521,34.75,36.2,34.72,35.81,4.24799,7830206,33,301458,20260417
688522.SH,纳睿雷达,34.95,1.5103107754865035,36.91,35.42,3.94255139,37.15,34.72,1232/5521,35.42,37.15,34.72,36.91,6.843142,5947148,17,688522,20260417
301208.SZ,中亦科技,34.01,1.0098010098009988,35.01,35,-0.45493318,35.56,34.7,1234/5521,35,35.56,34.7,35.01,2.445265,1001666,33,301208,20260417
688767.SH,博拓生物,34.89,-2.8674832962138117,35.28,35.1,-0.31082227,36.18,34.7,1234/5521,35.1,36.18,34.7,35.28,4.181972,1724994,17,688767,20260417
688212.SH,澳华内镜,34.96,-4.350205198358403,35.37,34.64,1.31767402,35.58,34.64,1236/5521,34.64,35.58,34.64,35.37,2.692638,1825752,17,688212,20260417
603280.SH,南方路机,34.08,0.5013270421704563,34.81,35.44,-1.33219955,35.44,34.62,1237/5521,35.44,35.44,34.62,34.81,2.324263,1639400,17,603280,20260417
301101.SZ,明月镜片,35.54,-1.2777777777777801,34.86,34.98,-0.5988024,35.02,34.61,1238/5521,34.98,35.02,34.61,34.86,1.16909,1631219,33,301101,20260417
600426.SH,华鲁恒升,38.5,-1.7606532278642453,35.34,35.76,-1.06382979,35.79,34.61,1238/5521,35.76,35.79,34.61,35.34,3.303471,2.6943879E7,17,600426,20260417
300602.SZ,飞荣达,35.73,-2.510231923601642,34.97,34.8,-0.2567028,35.42,34.6,1240/5521,34.8,35.42,34.6,34.97,2.338847,1.9457718E7,33,300602,20260417
301428.SZ,世纪恒通,32.95,0.0,34.73,35.54,-2.74432932,35.61,34.55,1241/5521,35.54,35.61,34.55,34.73,2.968356,5325810,33,301428,20260417
300557.SZ,理工光科,35.28,0.6849315068493208,35.6,34.6,2.18140069,35.9,34.54,1242/5521,34.6,35.9,34.54,35.6,3.903559,6533542,33,300557,20260417
600343.SH,航天动力,34.52,3.7883343355381998,35.67,35.28,1.10544218,35.85,34.52,1243/5521,35.28,35.85,34.52,35.67,3.769841,4.8428484E7,17,600343,20260417
300699.SZ,光威复材,33.0,0.5790917403230653,35.31,34.62,1.03004292,35.55,34.51,1244/5521,34.62,35.55,34.51,35.31,2.975679,1.8245488E7,33,300699,20260417
601899.SH,紫金矿业,33.3,-2.4604569420035247,34.73,35,-1.61473088,35.1,34.5,1245/5521,35,35.1,34.5,34.73,1.699716,2.15582788E8,17,601899,20260417
688069.SH,德林海,39.0,7.586206896551724,35.1,35.75,0.14265335,35.75,34.5,1245/5521,35.75,35.75,34.5,35.1,3.566333,1916200,17,688069,20260417
688591.SH,泰凌微,34.74,2.7202838557066875,34.96,35.1,-0.9351091,35.38,34.48,1247/5521,35.1,35.38,34.48,34.96,2.550297,5481326,17,688591,20260417
300380.SZ,安硕信息,37.49,5.694953481815628,34.76,35,-1.08138873,35.03,34.46,1248/5521,35,35.03,34.46,34.76,1.622083,1945500,33,300380,20260417
600456.SH,宝钛股份,33.41,-0.595060993751868,34.78,34.5,0.4621606,34.96,34.43,1249/5521,34.5,34.96,34.43,34.78,1.530906,5810703,17,600456,20260417
688152.SH,麒麟信安,35.29,3.217315004387252,34.71,35,-1.27986348,35,34.43,1249/5521,35,35,34.43,34.71,1.62116,1173160,17,688152,20260417
300657.SZ,弘信电子,35.76,1.5043996593812126,35.07,35,-0.5106383,35.77,34.42,1251/5521,35,35.77,34.42,35.07,3.829787,4.2841892E7,33,300657,20260417
603319.SH,美湖股份,38.21,1.4873837981407763,34.97,34.68,0.83621684,35.33,34.42,1251/5521,34.68,35.33,34.42,34.97,2.62399,8586929,17,603319,20260417
000963.SZ,华东医药,33.35,-0.5664877757900946,34.45,35.13,-2.3802777,35.21,34.4,1253/5521,35.13,35.21,34.4,34.45,2.295267,1.1154453E7,33,000963,20260417
600673.SH,东阳光,35.4,6.819553409776699,35.05,35.3,-1.37872819,35.46,34.37,1254/5521,35.3,35.46,34.37,35.05,3.066966,7.0266754E7,17,600673,20260417
301259.SZ,艾布鲁,40.09,2.0621181262729182,38.71,34.55,11.58835399,39.3,34.36,1255/5521,34.55,39.3,34.36,38.71,14.240415,1.1470192E7,33,301259,20260417
301309.SZ,万得凯,33.53,0.5095923261390939,35.2,35.1,-0.56497175,36.19,34.34,1256/5521,35.1,36.19,34.34,35.2,5.225988,5166065,33,301309,20260417
003018.SZ,金富科技,53.2,-3.3781329458772236,39.22,35.51,10.01402525,39.22,34.33,1257/5521,35.51,39.22,34.33,39.22,13.71669,1.5566098E7,33,003018,20260417
300818.SZ,耐普矿机,33.05,-0.6612563871355754,35.47,35.06,1.05413105,36.65,34.32,1258/5521,35.06,36.65,34.32,35.47,6.638176,5802682,33,300818,20260417
000933.SZ,神火股份,32.13,-2.783661119515869,34.75,34.54,-1.86388026,34.88,34.3,1259/5521,34.54,34.88,34.3,34.75,1.637955,4.4598109E7,33,000933,20260417
001373.SZ,翔腾新材,37.51,1.8463209340211777,34.63,34.69,0.11564036,35.04,34.3,1259/5521,34.69,35.04,34.3,34.63,2.139346,1251900,33,001373,20260417
002422.SZ,科伦药业,34.57,1.3782991202346007,35.23,35.92,-1.92093541,36.08,34.3,1259/5521,35.92,36.08,34.3,35.23,4.955456,2.3837399E7,33,002422,20260417
301007.SZ,德迈仕,36.1,1.4044943820224718,35.23,35.01,0.22759602,35.4,34.3,1259/5521,35.01,35.4,34.3,35.23,3.129445,3301707,33,301007,20260417
920779.BJ,武汉蓝电,32.3,-4.26793123888561,36.53,35.08,5.15256189,37.5,34.29,1263/5521,34.38,36.8,33.59,35.83,9.240069,3102554,151,920779,20260417
301366.SZ,一博科技,38.35,0.313889615485233,35.97,34.3,4.41219158,36.5,34.26,1264/5521,34.3,36.5,34.26,35.97,6.502177,5335201,33,301366,20260417
603489.SH,八方股份,37.15,1.088435374149656,34.86,34.18,1.27832655,35.02,34.18,1265/5521,34.18,35.02,34.18,34.86,2.440441,3417907,17,603489,20260417
301297.SZ,富乐德,43.2,-2.394938996836862,37.34,34.54,7.60806916,39.18,34.15,1266/5521,34.54,39.18,34.15,37.34,14.495677,2.0463266E7,33,301297,20260417
688010.SH,福光股份,33.45,0.7833684844832935,34.81,34.3,1.398194,35.35,34.15,1266/5521,34.3,35.35,34.15,34.81,3.495484,4216074,17,688010,20260417
603556.SH,海兴电力,28.72,-2.6110545947778894,34.56,35.6,-3.27455919,35.84,34.14,1268/5521,35.6,35.84,34.14,34.56,4.757906,5425430,17,603556,20260417
301092.SZ,争光股份,41.13,8.151459374178284,34.34,34.23,0.32135554,34.65,34.13,1269/5521,34.23,34.65,34.13,34.34,1.519135,1633121,33,301092,20260417
603358.SH,华达科技,31.32,-3.808353808353814,35.37,34.48,2.5812065,35.63,34.12,1270/5521,34.48,35.63,34.12,35.37,4.37935,1.2896331E7,17,603358,20260417
688153.SH,唯捷创芯,31.99,3.1602708803611637,34.81,34.17,0.57786767,35.03,34.1,1271/5521,34.17,35.03,34.1,34.81,2.687084,4393366,17,688153,20260417
301330.SZ,熵基科技,30.92,-1.3086498563676878,34.46,34.18,0.49577136,34.71,34.06,1272/5521,34.18,34.71,34.06,34.46,1.895596,2588547,33,301330,20260417
920101.BJ,志高机械,34.34,0.29205607476635925,36.19,34.99,3.96437805,36.71,34.05,1273/5521,34.99,36.71,34.05,36.19,7.641482,1874049,151,920101,20260417
300727.SZ,润禾材料,34.18,-1.070911722141816,34.76,34.41,1.07589416,35.4,34.04,1274/5521,34.41,35.4,34.04,34.76,3.954637,4495796,33,300727,20260417
603198.SH,迎驾贡酒,38.0,-2.162718846549957,34.57,35.3,-3.27364298,35.48,34.01,1275/5521,35.3,35.48,34.01,34.57,4.113038,6076450,17,603198,20260417
301055.SZ,张小泉,29.47,-1.7666666666666704,34.94,34.48,3.37278107,35.88,34,1276/5521,34.48,35.88,34,34.94,5.56213,1.1246767E7,33,301055,20260417
601208.SH,东材科技,39.14,1.2415933781686601,36.73,34.18,7.99764775,37.41,34,1276/5521,34.18,37.41,34,36.73,10.026462,9.5743736E7,17,601208,20260417
603992.SH,松霖科技,31.9,-3.799758745476472,34.14,34.55,-1.072153,35.44,34,1276/5521,34.55,35.44,34,34.14,4.172703,5107458,17,603992,20260417
603658.SH,安图生物,33.5,-1.0632014176018885,34.15,34.33,-0.43731778,34.35,33.98,1279/5521,34.33,34.35,33.98,34.15,1.078717,1266660,17,603658,20260417
300844.SZ,山水比德,35.14,0.9480034472852579,34.48,34.38,0.14522219,34.74,33.93,1280/5521,34.38,34.74,33.93,34.48,2.352599,637860,33,300844,20260417
300683.SZ,海特生物,35.34,0.2553191489361799,34.2,35,-2.92364462,35.36,33.92,1281/5521,35,35.36,33.92,34.2,4.087425,8715747,33,300683,20260417
688163.SH,赛伦生物,35.2,-0.1418439716311976,35.3,34,3.85407473,37.28,33.92,1281/5521,34,37.28,33.92,35.3,9.88526,5581237,17,688163,20260417
300627.SZ,华测导航,31.69,-0.47110552763818647,34.23,34,-0.14585764,34.37,33.85,1283/5521,34,34.37,33.85,34.23,1.516919,8961691,33,300627,20260417
002978.SZ,安宁股份,31.11,-1.4882837238758673,34.23,33.9,0.7357269,34.65,33.84,1284/5521,33.9,34.65,33.84,34.23,2.383755,3202500,33,002978,20260417
301469.SZ,恒达新材,36.25,-1.2530645600653796,34.25,34.16,0.26346604,34.49,33.83,1285/5521,34.16,34.49,33.83,34.25,1.932084,953100,33,301469,20260417
920110.BJ,雷特科技,32.56,1.243781094527381,35.36,34.22,3.75586854,35.58,33.83,1285/5521,34.22,35.58,33.83,35.36,5.134976,295471,151,920110,20260417
600038.SH,中直股份,31.21,-1.576789656259855,34.06,34.13,-0.17584994,34.16,33.78,1287/5521,34.13,34.16,33.78,34.06,1.113716,4345593,17,600038,20260417
603059.SH,倍加洁,34.58,-2.0396600566572207,34.6,34.5,-0.46029919,34.75,33.78,1287/5521,34.5,34.75,33.78,34.6,2.790563,1650700,17,603059,20260417
688231.SH,隆达股份,38.48,4.056246619794484,35.18,33.81,3.1974186,35.48,33.72,1289/5521,33.81,35.48,33.72,35.18,5.162804,5167157,17,688231,20260417
603194.SH,中力股份,34.87,-0.6835659356308801,33.96,34.05,-0.41055718,34.05,33.7,1290/5521,34.05,34.05,33.7,33.96,1.026392,1067900,17,603194,20260417
300696.SZ,爱乐达,39.25,2.8563941299790447,34.91,34.66,1.89725628,36.15,33.69,1291/5521,34.66,36.15,33.69,34.91,7.180385,1.4648124E7,33,300696,20260417
300833.SZ,浩洋股份,37.32,3.955431754874657,34.26,33.94,1.00235849,34.65,33.69,1291/5521,33.94,34.65,33.69,34.26,2.830188,2196450,33,300833,20260417
601995.SH,中金公司,34.23,-0.5808887598025061,33.87,33.86,-0.14740566,34.11,33.68,1293/5521,33.86,34.11,33.68,33.87,1.267688,1.2617704E7,17,601995,20260417
603826.SH,坤彩科技,33.79,-2.7625899280575563,34.37,35.5,0.6147541,36.61,33.66,1294/5521,35.5,36.61,33.66,34.37,8.635831,2.3802057E7,17,603826,20260417
000513.SZ,丽珠集团,32.65,-0.5482790130977756,33.79,34.2,-1.51559312,34.2,33.65,1295/5521,34.2,34.2,33.65,33.79,1.603031,6589937,33,000513,20260417
301499.SZ,维科精密,35.78,3.590040532715698,34.34,34.55,-1.37851809,34.98,33.65,1295/5521,34.55,34.98,33.65,34.34,3.819643,4386550,33,301499,20260417
605086.SH,龙高股份,32.52,-0.3371130861170684,34.52,34.47,0.93567251,34.6,33.65,1295/5521,34.47,34.6,33.65,34.52,2.777777,1222260,17,605086,20260417
301040.SZ,中环海陆,32.3,4.193548387096765,33.96,34.88,-2.63761468,34.88,33.61,1298/5521,34.88,34.88,33.61,33.96,3.641055,7185972,33,301040,20260417
301067.SZ,显盈科技,32.66,-2.6817640047675972,34.23,34.16,-0.34934498,34.5,33.61,1298/5521,34.16,34.5,33.61,34.23,2.590975,1296332,33,301067,20260417
688595.SH,芯海科技,34.26,-1.5517241379310323,34.22,34.01,0.23432923,34.68,33.6,1300/5521,34.01,34.68,33.6,34.22,3.163444,3078770,17,688595,20260417
300321.SZ,同大股份,37.8,1.6402258671685923,35.63,34.46,3.54548096,36,33.58,1301/5521,34.46,36,33.58,35.63,7.032839,2488600,33,300321,20260417
688093.SH,世华科技,32.5,2.3622047244094486,33.95,34.2,-0.4398827,34.23,33.58,1301/5521,34.2,34.23,33.58,33.95,1.906158,2259771,17,688093,20260417
301380.SZ,挖金客,34.38,0.5851375073142272,33.74,34,-1.14268972,34,33.52,1303/5521,34,34,33.52,33.74,1.406387,1179925,33,301380,20260417
603376.SH,大明电子,30.27,-0.42763157894736514,33.71,33.77,-0.32525133,33.8,33.51,1304/5521,33.77,33.8,33.51,33.71,0.85748,871657,17,603376,20260417
300859.SZ,西域旅游,31.36,-1.1660888748818183,33.88,34.8,-3.33808845,34.85,33.5,1305/5521,34.5,34.55,33.2,33.58,3.85164,8004206,33,300859,20260417
301068.SZ,大地海洋,34.95,-2.374301675977638,38.7,35.31,12.66375546,40.28,33.5,1305/5521,35.31,40.28,33.5,38.7,19.737991,5048294,33,301068,20260417
605488.SH,福莱新材,33.19,0.7283763277693319,34.2,33.7,0.64743967,34.5,33.5,1305/5521,33.7,34.5,33.5,34.2,2.942907,5503930,17,605488,20260417
688655.SH,迅捷兴,45.53,18.59859338369367,36.42,34.75,5.96450393,37.74,33.5,1305/5521,34.75,37.74,33.5,36.42,12.336339,1.7833114E7,17,688655,20260417
601698.SH,中国卫通,36.67,2.976691940466168,33.98,33.9,0.2359882,34.03,33.49,1309/5521,33.9,34.03,33.49,33.98,1.59292,3.5501128E7,17,601698,20260417
603045.SH,福达合金,46.68,9.990574929311975,36.22,33.7,7.41399763,36.96,33.49,1309/5521,33.7,36.96,33.49,36.22,10.290628,8952040,17,603045,20260417
002988.SZ,豪美新材,34.65,0.5513639001741083,34.1,34.13,-0.66996796,34.58,33.45,1311/5521,34.13,34.58,33.45,34.1,3.291581,5254164,33,002988,20260417
300888.SZ,稳健医疗,31.34,0.1277955271565468,33.47,33.88,-1.23930363,33.88,33.43,1312/5521,33.88,33.88,33.43,33.47,1.327825,3296311,33,300888,20260417
301578.SZ,辰奕智能,34.73,1.6388645010242762,33.53,33.84,-1.09144543,33.94,33.4,1313/5521,33.84,33.94,33.4,33.53,1.59292,474025,33,301578,20260417
001228.SZ,永泰运,30.27,-3.011855174623522,33.88,33.53,1.04384134,34.28,33.39,1314/5521,33.53,34.28,33.39,33.88,2.654339,1659300,33,001228,20260417
688139.SH,海尔生物,31.4,-4.004891470498325,33.54,33.8,-1.43990597,33.92,33.36,1315/5521,33.8,33.92,33.36,33.54,1.645606,3531798,17,688139,20260417
600160.SH,巨化股份,36.63,-0.5160239000543121,33.79,34.1,-0.90909091,34.12,33.35,1316/5521,34.1,34.12,33.35,33.79,2.258064,2.923328E7,17,600160,20260417
920199.BJ,倍益康,32.93,4.274857504749846,35.39,34.35,3.02765648,35.51,33.33,1317/5521,34.35,35.51,33.33,35.39,6.346433,2163544,151,920199,20260417
300480.SZ,光力科技,35.87,-1.29334067143645,34.69,34.22,1.58125915,35.28,33.31,1318/5521,34.22,35.28,33.31,34.69,5.768667,1.7214006E7,33,300480,20260417
301112.SZ,信邦智能,35.7,0.6768189509306316,33.9,33.68,0.56363097,34.06,33.3,1319/5521,33.68,34.06,33.3,33.9,2.254523,884400,33,301112,20260417
002380.SZ,科远智慧,34.74,-2.058077248378903,33.72,33.64,-0.11848341,34.11,33.29,1320/5521,33.64,34.11,33.29,33.72,2.428909,6021300,33,002380,20260417
603619.SH,中曼石油,33.66,-2.716763005780361,33.55,34.68,-2.75362319,34.84,33.25,1321/5521,34.68,34.84,33.25,33.55,4.608695,2.3226619E7,17,603619,20260417
600096.SH,云天化,36.18,-1.3631406761177753,33.36,34.3,-1.33096717,34.3,33.24,1322/5521,34.3,34.3,33.24,33.36,3.135167,5.73929E7,17,600096,20260417
002842.SZ,翔鹭钨业,38.49,10.002857959416975,33.64,33.86,-0.62038405,35.49,33.2,1323/5521,33.86,35.49,33.2,33.64,6.76514,6.647568E7,33,002842,20260417
300809.SZ,华辰装备,32.05,2.8892455858747947,35.71,33.3,6.75635277,35.95,33.2,1323/5521,33.3,35.95,33.2,35.71,8.221225,8842565,33,300809,20260417
002128.SZ,电投能源,32.36,-1.3113754193351623,33.68,33.54,-0.35502959,34.03,33.17,1325/5521,33.54,34.03,33.17,33.68,2.544378,1.8309401E7,33,002128,20260417
003019.SZ,宸展光电,35.18,-0.789622109419067,33.24,33.56,-0.95351609,34.1,33.16,1326/5521,33.56,34.1,33.16,33.24,2.800953,3905580,33,003019,20260417
688178.SH,万德斯,33.77,-4.03523728331911,35.16,33.87,4.95522388,35.5,33.1,1327/5521,33.87,35.5,33.1,35.16,7.164179,3283075,17,688178,20260417
300115.SZ,长盈精密,33.25,4.231974921630099,33.89,33.35,0.53396618,34.16,33.09,1328/5521,33.35,34.16,33.09,33.89,3.174132,3.7319267E7,33,300115,20260417
301313.SZ,凡拓数创,35.65,-0.39117071807767695,34.0,33.19,1.70505534,34.38,33.09,1328/5521,33.19,34.38,33.09,34.0,3.858809,4867400,33,301313,20260417
600976.SH,健民集团,31.69,-1.0923845193508048,33.37,33.64,-0.92042755,33.64,33.05,1330/5521,32.74,32.74,32.15,32.47,1.751781,2421853,17,600976,20260417
300911.SZ,亿田智能,31.26,-0.7933989209774674,33.89,35.87,-6.27765487,35.87,33,1331/5521,35.87,35.87,33,33.89,7.936946,1.1490964E7,33,300911,20260417
300917.SZ,特发服务,33.72,3.2455603184323403,33.62,33.1,1.20409392,34.35,33,1331/5521,33.1,34.35,33,33.62,4.063816,6895792,33,300917,20260417
603678.SH,火炬电子,32.51,0.0,34.82,33.16,4.87951807,35.17,33,1331/5521,33.16,35.17,33,34.82,6.536144,1.7456845E7,17,603678,20260417
603583.SH,捷昌驱动,28.88,-1.5006821282401135,33.42,33.18,0.36036036,33.53,32.95,1334/5521,33.18,33.53,32.95,33.42,1.741741,2993141,17,603583,20260417
301052.SZ,果麦文化,32.24,0.530090427190526,33.68,33.51,-0.17783047,33.82,32.92,1335/5521,33.492,33.802,32.902,33.66,2.667457,3348001,33,301052,20260417
688335.SH,复洁科技,31.87,2.0166453265044897,34.15,34,-0.6689936,34.39,32.9,1336/5521,34,34.39,32.9,34.15,4.333915,3933513,17,688335,20260417
301270.SZ,汉仪股份,33.34,-0.8033323415649986,35.77,33.32,7.06375337,35.88,32.87,1337/5521,33.32,35.88,32.87,35.77,9.009278,8206978,33,301270,20260417
300973.SZ,立高食品,29.78,-2.0072392234287575,33.6,33.43,0.11918951,33.75,32.81,1338/5521,33.43,33.75,32.81,33.6,2.800953,2055000,33,300973,20260417
002899.SZ,英派斯,33.78,2.5500910746812493,33.45,33.24,0.26978417,33.8,32.8,1339/5521,33.24,33.8,32.8,33.45,2.997601,4138600,33,002899,20260417
603097.SH,江苏华辰,27.08,-1.7059891107078127,33.19,33.4,-1.71750074,33.88,32.8,1339/5521,33.4,33.88,32.8,33.19,3.198104,4254300,17,603097,20260417
688211.SH,中科微至,34.7,2.9062870699881493,33.08,33.04,0.57768319,33.2,32.8,1339/5521,33.04,33.2,32.8,33.08,1.216175,394667,17,688211,20260417
920055.BJ,隆源股份,35.13,1.737619461337971,35.14,33.28,5.97104946,35.47,32.8,1339/5521,33.28,35.47,32.8,35.14,8.051869,3705986,151,920055,20260417
688181.SH,八亿时空,35.57,-0.19640852974186387,33.28,33.27,-1.0113028,33.72,32.77,1343/5521,33.27,33.72,32.77,33.28,2.825698,4051517,17,688181,20260417
001266.SZ,宏英智能,40.59,2.7074898785425106,32.98,33.06,-0.6626506,33.29,32.76,1344/5521,33.06,33.29,32.76,32.98,1.596385,1402000,33,001266,20260417
601069.SH,西部黄金,32.59,1.022938623682596,33.07,32.76,-2.56334708,33.44,32.76,1344/5521,32.76,33.44,32.76,33.07,2.003535,1.903142E7,17,601069,20260417
688716.SH,中研股份,32.12,0.75282308657465,33.31,33.26,0.0600781,33.58,32.76,1344/5521,33.26,33.58,32.76,33.31,2.463202,1849354,17,688716,20260417
002415.SZ,海康威视,36.29,4.251651824188443,33.13,33.49,-1.22242099,33.75,32.75,1347/5521,33.49,33.75,32.75,33.13,2.981514,7.9890112E7,33,002415,20260417
002484.SZ,江海股份,38.35,0.4452592980618169,33.03,34.02,-2.39361702,34.09,32.75,1347/5521,34.02,34.09,32.75,33.03,3.95981,4.6118564E7,33,002484,20260417
603197.SH,保隆科技,33.84,-0.7624633431084985,33.37,33.06,0.78526125,33.46,32.73,1349/5521,33.06,33.46,32.73,33.37,2.204771,2301500,17,603197,20260417
920035.BJ,精创电气,31.92,6.400000000000006,34.92,33.3,4.5508982,35.13,32.73,1349/5521,27.33333333,28.85833333,26.85833333,28.68,7.185628,1231176,151,920035,20260417
300906.SZ,日月明,35.63,1.8000000000000074,33.26,33.18,0.33182504,33.77,32.72,1351/5521,33.18,33.77,32.72,33.26,3.16742,1388706,33,300906,20260417
920112.BJ,巴兰仕,32.47,0.6197706848465935,34.09,33.3,2.43389423,34.15,32.72,1351/5521,33.3,34.15,32.72,34.09,4.296875,697041,151,920112,20260417
300563.SZ,神宇股份,32.32,-0.09273570324575313,33.16,32.96,0.60679612,33.38,32.71,1353/5521,32.96,33.38,32.71,33.16,2.032766,3670750,33,300563,20260417
688786.SH,悦安新材,31.05,-2.419861722187302,33.2,32.91,0.45385779,33.59,32.61,1354/5521,32.91,33.59,32.61,33.2,2.965204,1843513,17,688786,20260417
002223.SZ,鱼跃医疗,29.28,-0.40816326530611374,32.8,32.9,-0.3947768,32.9,32.55,1355/5521,32.9,32.9,32.55,32.8,1.06286,5292643,33,002223,20260417
688061.SH,灿瑞科技,35.2,1.3532968615030407,33.7,32.55,3.18432333,33.8,32.55,1355/5521,32.55,33.8,32.55,33.7,3.827311,1581613,17,688061,20260417
300747.SZ,锐科激光,36.0,0.44642857142856185,34.85,32.6,6.90184049,35.48,32.53,1357/5521,32.6,35.48,32.53,34.85,9.049079,4.1872992E7,33,300747,20260417
300765.SZ,新诺威,30.37,1.4362057448229784,32.87,33.64,-3.32352941,34,32.52,1358/5521,33.64,34,32.52,32.87,4.352941,1.261414E7,33,300765,20260417
603068.SH,博通集成,35.48,3.712364805612382,32.97,32.7,0.3652968,33.06,32.52,1358/5521,32.7,33.06,32.52,32.97,1.643835,1671900,17,603068,20260417
920839.BJ,万通液压,31.38,0.3517748640869825,35.54,32.63,8.81812615,36.09,32.52,1358/5521,32.63,36.09,32.52,35.54,10.930802,2200918,151,920839,20260417
301227.SZ,森鹰窗业,31.66,-1.4321295143212869,35.79,32.76,8.15956482,37.68,32.51,1361/5521,32.76,37.68,32.51,35.79,15.624055,4099500,33,301227,20260417
300788.SZ,中信出版,35.58,0.9361702127659526,32.8,33.02,-1.82580066,33.41,32.5,1362/5521,33.02,33.41,32.5,32.8,2.723735,5767570,33,300788,20260417
600378.SH,昊华科技,36.4,2.0465377067563693,32.8,32.88,-0.90634441,33.37,32.5,1362/5521,32.88,33.37,32.5,32.8,2.628398,1.0050997E7,17,600378,20260417
300748.SZ,金力永磁,32.96,-1.582561958793673,33.0,32.46,1.01010101,33.19,32.46,1364/5521,32.46,33.19,32.46,33.0,2.234465,2.6803131E7,33,300748,20260417
603867.SH,新化股份,34.28,0.029180040852051385,33.38,33.2,1.61339422,33.62,32.43,1365/5521,33.2,33.62,32.43,33.38,3.622526,5448622,17,603867,20260417
600779.SH,水井坊,32.51,0.7437248218159122,32.7,32.73,-1.05900151,32.94,32.42,1366/5521,32.73,32.94,32.42,32.7,1.573373,2661900,17,600779,20260417
603393.SH,新天然气,31.54,-7.398708162066949,32.6,33.45,-2.97619048,33.53,32.42,1366/5521,33.45,33.53,32.42,32.6,3.303571,8959935,17,603393,20260417
002827.SZ,高争民爆,30.2,-1.4038524322559573,32.66,32.61,-0.24434942,32.84,32.4,1368/5521,32.61,32.84,32.4,32.66,1.343921,2001249,33,002827,20260417
600176.SH,中国巨石,34.5,-3.3613445378151336,33.5,32.65,1.51515152,34.5,32.37,1369/5521,32.65,34.5,32.37,33.5,6.454545,1.55206051E8,17,600176,20260417
300810.SZ,中科海讯,32.9,1.2307692307692264,33.5,32.34,2.9818629,34.11,32.33,1370/5521,32.34,34.11,32.33,33.5,5.471872,4048608,33,300810,20260417
601877.SH,正泰电器,32.73,0.39877300613495537,32.52,33.39,-2.78026906,33.39,32.31,1371/5521,33.39,33.39,32.31,32.52,3.228699,4.691159E7,17,601877,20260417
301372.SZ,科净源,36.4,3.8220193953222936,33.26,33.01,0.84899939,33.8,32.3,1372/5521,33.01,33.8,32.3,33.26,4.548211,4063757,33,301372,20260417
920060.BJ,万源通,31.09,-4.426683061789121,34.53,32.34,6.77179963,34.86,32.29,1373/5521,32.34,34.86,32.29,34.53,7.946815,9546841,151,920060,20260417
301533.SZ,威马农机,33.13,0.7603406326034062,32.63,32.62,0,32.65,32.28,1374/5521,32.62,32.65,32.28,32.63,1.133925,727168,33,301533,20260417
600150.SH,中国船舶,41.76,1.4577259475218696,33.03,32.61,0.94743276,33.12,32.24,1375/5521,32.61,33.12,32.24,33.03,2.689486,6.3535182E7,17,600150,20260417
002933.SZ,新兴装备,30.72,-2.7848101265822867,32.66,32.8,-0.54811206,32.8,32.21,1376/5521,32.8,32.8,32.21,32.66,1.796589,1971531,33,002933,20260417
688206.SH,概伦电子,34.01,1.856843366277321,33.46,32.65,2.48085758,33.97,32.2,1377/5521,32.65,33.97,32.2,33.46,5.421133,4433317,17,688206,20260417
300545.SZ,联得装备,33.92,0.35502958579883004,32.72,32.25,0.46054652,33.15,32.16,1378/5521,32.25,33.15,32.16,32.72,3.039607,6144000,33,300545,20260417
301522.SZ,上大股份,31.79,1.7605633802816925,32.35,32.3,0.15479876,32.49,32.11,1379/5521,32.3,32.49,32.11,32.35,1.17647,4574040,33,301522,20260417
300102.SZ,乾照光电,32.82,2.2111491747119305,32.9,32.15,1.44927536,33.15,32.1,1380/5521,32.15,33.15,32.1,32.9,3.237742,5.3646255E7,33,300102,20260417
688596.SH,正帆科技,32.66,0.15332720024531482,32.6,32.2,0.9913259,33.08,32.09,1381/5521,32.2,33.08,32.09,32.6,3.066914,7476942,17,688596,20260417
300473.SZ,德尔股份,33.15,-1.3392857142857226,34.44,32.24,6.75759454,34.86,32.08,1382/5521,32.24,34.86,32.08,34.44,8.617482,7143800,33,300473,20260417
300935.SZ,盈建科,34.31,5.993203583565045,33.27,32.56,1.93014706,33.73,32.04,1383/5521,32.56,33.73,32.04,33.27,5.177696,2731791,33,300935,20260417
002801.SZ,微光股份,32.47,1.1841695232159408,32.9,32.18,1.73160173,33.27,32.03,1384/5521,32.18,33.27,32.03,32.9,3.83426,2410000,33,002801,20260417
301012.SZ,扬电科技,35.23,-2.598838816698935,33.98,32.19,3.53443023,36.85,32.03,1384/5521,32.19,36.85,32.03,33.98,14.686166,3.4586023E7,33,301012,20260417
688557.SH,兰剑智能,34.88,1.9883040935672505,32.53,32.23,1.08763207,32.64,32.03,1384/5521,32.23,32.64,32.03,32.53,1.895587,1170942,17,688557,20260417
603383.SH,顶点软件,32.46,-1.5468607825295664,32.18,32.36,-1.97989644,32.5,32.01,1387/5521,32.36,32.5,32.01,32.18,1.492537,5885296,17,603383,20260417
002558.SZ,巨人网络,32.82,-2.059086839749322,32.34,33,-2.79531109,33,32,1388/5521,33,33,32,32.34,3.00571,4.6486894E7,33,002558,20260417
002997.SZ,瑞鹄模具,29.98,2.0422055820285956,32.67,32.4,0.77112893,32.76,31.96,1389/5521,32.4,32.76,31.96,32.67,2.467612,2324854,33,002997,20260417
002378.SZ,章源钨业,33.86,2.855407047387599,32.55,32.39,0.49397962,33.8,31.95,1390/5521,32.39,33.8,31.95,32.55,5.711639,1.07116454E8,33,002378,20260417
300467.SZ,迅游科技,37.29,-1.3752975403332535,32.05,32.22,-0.92735703,32.92,31.93,1391/5521,32.22,32.92,31.93,32.05,3.060278,4074900,33,300467,20260417
300890.SZ,翔丰华,40.6,-4.358068315665492,33.01,32.05,2.99531981,33.12,31.93,1391/5521,32.05,33.12,31.93,33.01,3.712948,6788653,33,300890,20260417
301195.SZ,北路智控,31.97,0.7881462799495587,32.29,32.2,0.27950311,32.39,31.93,1391/5521,32.2,32.39,31.93,32.29,1.428571,894110,33,301195,20260417
300669.SZ,沪宁股份,32.28,0.5607476635514009,32.95,31.93,3.323926,33.68,31.88,1394/5521,31.93,33.68,31.88,32.95,5.644402,1933500,33,300669,20260417
688051.SH,佳华科技,42.02,1.8419777023751942,31.95,32.42,-0.83798883,33.06,31.83,1395/5521,32.42,33.06,31.83,31.95,3.817504,927125,17,688051,20260417
301258.SZ,富士莱,30.0,0.4016064257028146,31.97,32.47,-1.53988297,32.47,31.82,1396/5521,32.47,32.47,31.82,31.97,2.001847,884300,33,301258,20260417
688071.SH,华依科技,33.24,2.0571077678845615,32.82,32.31,2.4024961,33.32,31.82,1396/5521,32.31,33.32,31.82,32.82,4.680187,1802872,17,688071,20260417
301378.SZ,通达海,33.19,0.9735320961362954,32.16,32.53,-1.13741162,32.53,31.8,1398/5521,32.53,32.53,31.8,32.16,2.244082,1772800,33,301378,20260417
301388.SZ,欣灵电气,31.94,-0.031298904538334935,32.19,32.66,-1.40888208,33,31.8,1398/5521,32.66,33,31.8,32.19,3.675344,1831392,33,301388,20260417
688530.SH,欧莱新材,53.2,7.04225352112676,35.75,31.78,13.0256086,37.96,31.78,1400/5521,31.78,37.96,31.78,35.75,19.538412,2.1553897E7,17,688530,20260417
001328.SZ,登康口腔,31.8,-3.1078610603290664,32.19,32.25,-0.83179298,32.42,31.76,1401/5521,32.25,32.42,31.76,32.19,2.033271,1103676,33,001328,20260417
000526.SZ,学大教育,34.76,4.7619047619047565,31.81,32.23,-1.45600991,32.61,31.7,1402/5521,32.23,32.61,31.7,31.81,2.819083,1550850,33,000526,20260417
300992.SZ,泰福泵业,30.59,1.157407407407412,31.77,32.6,-3.34651658,32.8,31.68,1403/5521,32.6,32.8,31.68,31.77,3.407362,5200993,33,300992,20260417
002864.SZ,盘龙药业,30.24,-0.230946882217091,31.81,32.32,-1.8815546,32.34,31.65,1404/5521,32.32,32.34,31.65,31.81,2.128315,2688400,33,002864,20260417
603220.SH,中贝通信,28.26,-2.383419689119163,32.24,32.56,0.97087379,33.23,31.61,1405/5521,32.56,33.23,31.61,32.24,5.073598,9.5125499E7,17,603220,20260417
001311.SZ,多利科技,30.26,2.3680649526387105,31.74,32.49,-2.99511002,32.99,31.6,1406/5521,32.49,32.99,31.6,31.74,4.248166,4129575,33,001311,20260417
920592.BJ,华信永道,31.47,6.353497803311926,33.14,31.75,3.98493881,33.98,31.6,1406/5521,31.75,33.98,31.6,33.14,7.467838,2545912,151,920592,20260417
300322.SZ,硕贝德,30.21,-1.0157273918741767,32.08,31.92,2.62316059,33.28,31.58,1408/5521,31.92,33.28,31.58,32.08,5.438259,7.0077513E7,33,300322,20260417
600141.SH,兴发集团,32.64,-2.741358760429087,31.65,32.4,-2.52540807,32.55,31.58,1408/5521,32.4,32.55,31.58,31.65,2.987372,2.3911649E7,17,600141,20260417
688510.SH,航亚科技,33.28,4.687008493236873,33.35,32,1.21396055,34.26,31.56,1410/5521,32,34.26,31.56,33.35,8.194233,9142370,17,688510,20260417
300046.SZ,台基股份,32.24,2.642470550780012,31.84,31.51,0.40996531,32.02,31.51,1411/5521,31.51,32.02,31.51,31.84,1.608325,4224567,33,300046,20260417
001211.SZ,双枪科技,41.73,3.037037037037029,31.8,31.98,0.12594458,33.22,31.5,1412/5521,31.98,33.22,31.5,31.8,5.415617,6425003,33,001211,20260417
920725.BJ,惠丰钻石,31.32,3.537190082644629,32.83,32,2.40174672,33.45,31.5,1412/5521,32,33.45,31.5,32.83,6.082345,4805842,151,920725,20260417
002733.SZ,雄韬股份,27.66,-6.68016194331984,31.62,32.21,-1.74021131,32.81,31.47,1414/5521,32.21,32.81,31.47,31.62,4.164077,2.7362039E7,33,002733,20260417
002402.SZ,和而泰,31.66,2.0960980328926104,31.71,31.72,-0.62676277,31.87,31.45,1415/5521,31.72,31.87,31.45,31.71,1.316201,1.97391E7,33,002402,20260417
920050.BJ,爱舍伦,33.08,1.3790989886607286,32.54,31.76,2.4559194,32.98,31.43,1416/5521,31.76,32.98,31.43,32.54,4.880352,751506,151,920050,20260417
603868.SH,飞科电器,34.5,2.071005917159772,31.64,31.62,-0.53442314,31.86,31.42,1417/5521,31.62,31.86,31.42,31.64,1.383212,1105702,17,603868,20260417
603196.SH,璞源材料,28.69,-0.6922810661128393,32.0,31.9,0.18785222,32.07,31.4,1418/5521,31.9,32.07,31.4,32.0,2.097683,3685900,17,603196,20260417
688136.SH,科兴制药,25.07,-3.16724604094245,31.66,32.14,-2.37434474,32.26,31.33,1419/5521,32.14,32.26,31.33,31.66,2.867715,4373148,17,688136,20260417
603860.SH,中公高科,32.8,0.18326206475258144,31.47,31.97,-1.13100848,31.97,31.32,1420/5521,31.97,31.97,31.32,31.47,2.042098,961200,17,603860,20260417
002190.SZ,成飞集成,29.52,0.9921313718782044,31.72,31.68,0.22116904,31.78,31.31,1421/5521,31.68,31.78,31.31,31.72,1.484992,3444514,33,002190,20260417
300468.SZ,四方精创,28.47,0.24647887323943762,31.58,31.44,-0.06329114,32.22,31.3,1422/5521,31.44,32.22,31.3,31.58,2.911392,3.4135304E7,33,300468,20260417
000915.SZ,华特达因,28.96,1.117318435754191,31.35,31.6,-0.82252452,31.6,31.25,1423/5521,31.6,31.6,31.25,31.35,1.107244,1852523,33,000915,20260417
002444.SZ,巨星科技,34.19,-1.29907621247114,32.2,31.57,1.96326789,32.6,31.2,1424/5521,31.57,32.6,31.2,32.2,4.433185,1.54674E7,33,002444,20260417
001279.SZ,强邦新材,30.46,0.8275405494869248,31.22,31.3,-0.25559105,31.37,31.12,1425/5521,31.3,31.37,31.12,31.22,0.798722,383319,33,001279,20260417
002906.SZ,华阳集团,30.1,-2.840542285345381,31.89,31.3,1.88498403,32.1,31.12,1425/5521,31.3,32.1,31.12,31.89,3.13099,9607947,33,002906,20260417
603156.SH,养元饮品,37.55,4.771205357142839,32.08,31.48,1.48687124,32.96,31.1,1427/5521,31.48,32.96,31.1,32.08,5.884213,9118309,17,603156,20260417
688566.SH,吉贝尔,28.0,0.14306151645207132,31.3,31.88,-2.7648338,32.14,31.09,1428/5521,31.88,32.14,31.09,31.3,3.261882,2864167,17,688566,20260417
001259.SZ,利仁科技,34.34,0.8813160987074156,31.54,31.46,-0.15827794,31.73,31.08,1429/5521,31.46,31.73,31.08,31.54,2.057613,851728,33,001259,20260417
003004.SZ,*ST声迅,33.1,3.4051858794126946,31.94,31.08,1.46124524,32.4,31.08,1429/5521,31.08,32.4,31.08,31.94,4.193138,678600,33,003004,20260417
002142.SZ,宁波银行,33.2,-1.0432190760059443,31.14,31.31,-0.51118211,31.45,31,1431/5521,31.31,31.45,31,31.14,1.437699,1.4443556E7,33,002142,20260417
301057.SZ,汇隆新材,32.34,-0.5229160258381871,32.13,31.97,0,32.37,31,1431/5521,31.97,32.37,31,32.13,4.263927,1658300,33,301057,20260417
600114.SH,东睦股份,34.08,4.15647921760391,31.75,31.28,1.21134842,31.98,31,1431/5521,31.28,31.98,31,31.75,3.124003,1.2187491E7,17,600114,20260417
688320.SH,禾川科技,33.73,1.2304921968787412,31.44,31.41,-0.34865293,31.66,31,1431/5521,31.41,31.66,31,31.44,2.091917,1599821,17,688320,20260417
688593.SH,新相微,32.94,5.984555984555983,31.07,32.34,-3.95672334,32.48,30.99,1435/5521,32.34,32.48,30.99,31.07,4.605873,7596974,17,688593,20260417
688005.SH,容百科技,34.83,-9.532467532467537,32.95,30.97,5.81245986,33.59,30.96,1436/5521,30.97,33.59,30.96,32.95,8.445728,4.0218142E7,17,688005,20260417
600745.SH,闻泰科技,28.12,0.0,31.18,31.09,0.03208213,31.33,30.92,1437/5521,31.09,31.33,30.92,31.18,1.315367,1.7970155E7,17,600745,20260417
605566.SH,福莱蒽特,32.9,3.818239192174179,31.74,31.14,2.12355212,31.82,30.92,1437/5521,31.14,31.82,30.92,31.74,2.895752,1903800,17,605566,20260417
301231.SZ,荣信文化,30.0,2.880658436213991,31.5,31.51,-0.59955822,31.67,30.9,1439/5521,31.51,31.67,30.9,31.5,2.429788,2609223,33,301231,20260417
002937.SZ,兴瑞科技,33.55,2.2865853658536586,31.64,31.3,1.63829104,32.18,30.88,1440/5521,31.3,32.18,30.88,31.64,4.176035,5061763,33,002937,20260417
688612.SH,威迈斯,32.82,0.15257857796764465,31.24,31.71,-2.03825651,31.85,30.87,1441/5521,31.71,31.85,30.87,31.24,3.073063,4736530,17,688612,20260417
603661.SH,恒林股份,30.53,-4.890965732087228,31.3,31.75,-1.41732283,31.8,30.85,1442/5521,31.75,31.8,30.85,31.3,2.992125,849480,17,603661,20260417
300777.SZ,中简科技,37.04,-1.5417331206804847,32.15,31.35,1.45156201,32.96,30.83,1443/5521,31.35,32.96,30.83,32.15,6.721363,3.6014248E7,33,300777,20260417
003017.SZ,大洋生物,32.12,1.0698552548772697,30.86,30.91,-0.22631749,31.3,30.8,1444/5521,30.91,31.3,30.8,30.86,1.616553,1336600,33,003017,20260417
300722.SZ,新余国科,28.27,0.5691924581999294,30.98,31.25,-0.28966849,31.25,30.8,1444/5521,31.25,31.25,30.8,30.98,1.448342,2413315,33,300722,20260417
688267.SH,中触媒,30.53,0.2956636005256237,31.17,31.02,0.19286403,31.19,30.8,1444/5521,31.02,31.19,30.8,31.17,1.253616,1319844,17,688267,20260417
920092.BJ,汉鑫科技,28.92,2.0465772759350807,32.8,31.4,3.37220296,33.37,30.8,1444/5521,31.4,33.37,30.8,32.8,8.09959,2431035,151,920092,20260417
002903.SZ,宇环数控,37.37,1.9923580786026116,32.0,31.1,1.81355393,32.55,30.78,1448/5521,31.1,32.55,30.78,32.0,5.631562,8739612,33,002903,20260417
002965.SZ,祥鑫科技,29.43,-0.7085020242915009,31.02,31.07,-0.16092694,31.17,30.75,1449/5521,31.07,31.17,30.75,31.02,1.351786,3247986,33,002965,20260417
001268.SZ,联合精密,38.41,9.994272623138587,33.0,31.9,5.29674537,33.4,30.7,1450/5521,31.9,33.4,30.7,33.0,8.615188,5438911,33,001268,20260417
301510.SZ,固高科技,38.66,1.7368421052631489,31.68,30.78,2.42483026,31.85,30.7,1450/5521,30.78,31.85,30.7,31.68,3.718073,7170077,33,301510,20260417
300916.SZ,朗特智能,37.37,2.9760264535684717,31.28,31.15,0.41733547,31.75,30.68,1452/5521,31.15,31.75,30.68,31.28,3.434991,3016111,33,300916,20260417
300970.SZ,华绿生物,35.3,-2.7548209366391188,32.64,31.11,6.14634146,32.69,30.67,1453/5521,31.11,32.69,30.67,32.64,6.569105,5773397,33,300970,20260417
688321.SH,微芯生物,31.32,5.348133198789101,30.9,31.36,-2.3079355,31.78,30.63,1454/5521,31.36,31.78,30.63,30.9,3.635788,1.0855375E7,17,688321,20260417
003010.SZ,若羽臣,31.02,0.42084817092910004,31.54,31.27,0.86344739,31.75,30.6,1455/5521,31.27,31.75,30.6,31.54,3.677646,7781322,33,003010,20260417
300943.SZ,春晖智控,28.44,-2.7027027027027,30.78,30.72,-1.504,31.08,30.6,1455/5521,30.72,31.08,30.6,30.78,1.536,7952376,33,300943,20260417
301130.SZ,西点药业,32.12,1.581277672359255,30.88,31.44,-1.96825397,31.55,30.54,1457/5521,31.44,31.55,30.54,30.88,3.206349,1713781,33,301130,20260417
603685.SH,晨丰科技,32.82,-4.1471962616822475,31.56,31.1,1.8721756,31.91,30.52,1458/5521,31.1,31.91,30.52,31.56,4.486765,5276755,17,603685,20260417
688428.SH,诺诚健华,26.65,-0.5597014925373214,30.8,31.3,-1.59744409,31.51,30.51,1459/5521,31.3,31.51,30.51,30.8,3.194888,9987061,17,688428,20260417
600605.SH,汇通能源,31.6,-1.7718371153248376,30.84,30.93,-1.312,31.62,30.5,1460/5521,30.89,31.58,30.46,30.8,3.584,7005309,17,600605,20260417
688690.SH,纳微科技,32.62,-0.790754257907558,31.88,30.72,2.73928456,32,30.5,1460/5521,30.72,32,30.5,31.88,4.834031,2.1565354E7,17,688690,20260417
603816.SH,顾家家居,29.04,-1.2580754845290751,31.35,30.86,2.41751062,31.46,30.47,1462/5521,30.86,31.46,30.47,31.35,3.234237,5948750,17,603816,20260417
688391.SH,钜泉科技,31.13,2.1325459317585254,30.85,30.99,-0.03240441,30.99,30.46,1463/5521,30.99,30.99,30.46,30.85,1.717433,758211,17,688391,20260417
688443.SH,智翔金泰,29.62,-3.83116883116883,31.13,32.29,-3.59244348,32.29,30.44,1464/5521,32.29,32.29,30.44,31.13,5.729327,7995885,17,688443,20260417
002150.SZ,正泰电源,29.06,1.3956734124214885,30.55,31.66,-1.98909208,32.2,30.41,1465/5521,31.66,32.2,30.41,30.55,5.742701,2.0826375E7,33,002150,20260417
300690.SZ,双一科技,28.69,-0.5890505890505826,32.17,30.91,4.0090527,32.65,30.4,1466/5521,30.91,32.65,30.4,32.17,7.27449,1.6111967E7,33,300690,20260417
920185.BJ,贝特瑞,30.74,-3.937500000000005,31.66,30.59,3.97372742,32.25,30.4,1466/5521,30.59,32.25,30.4,31.66,6.075533,1.7702195E7,151,920185,20260417
688182.SH,灿勤科技,30.36,-5.243445692883895,32.09,30.98,3.34943639,32.5,30.39,1468/5521,30.98,32.5,30.39,32.09,6.795491,8392226,17,688182,20260417
300100.SZ,双林股份,28.51,1.4590747330960858,30.92,30.6,0.38961039,30.97,30.33,1469/5521,30.5,30.87,30.23,30.82,2.077922,6558224,33,300100,20260417
301161.SZ,唯万密封,32.26,1.5423355366698095,31.15,30.59,1.63132137,31.41,30.3,1470/5521,30.59,31.41,30.3,31.15,3.621533,2032500,33,301161,20260417
301166.SZ,优宁维,31.02,0.4533678756476702,30.52,30.92,-1.29366106,31.17,30.3,1470/5521,30.92,31.17,30.3,30.52,2.813712,1364353,33,301166,20260417
920735.BJ,德源药业,28.41,1.4642857142857149,32.06,31.28,3.05368049,32.3,30.29,1472/5521,28.07272727,29,27.17272727,28.78,6.460945,3325024,151,920735,20260417
920099.BJ,瑞华技术,29.7,-0.8016032064128322,31.91,30.99,3.36896663,32.6,30.24,1473/5521,30.99,32.6,30.24,31.91,7.644962,1979049,151,920099,20260417
300930.SZ,屹通新材,31.45,-1.7187500000000022,30.39,30.45,-0.32797639,30.55,30.2,1474/5521,30.45,30.55,30.2,30.39,1.147917,786600,33,300930,20260417
301273.SZ,瑞晨环保,37.59,3.925905446502631,31.06,30.88,1.80268764,31.74,30.2,1474/5521,30.88,31.74,30.2,31.06,5.047525,1673600,33,301273,20260417
300759.SZ,康龙化成,29.31,-1.4789915966386598,30.47,31.24,-2.9308697,31.37,30.18,1476/5521,31.24,31.37,30.18,30.47,3.791016,3.7760346E7,33,300759,20260417
300644.SZ,南京聚隆,28.11,0.7888131946934344,30.34,30.54,-0.9467842,30.56,30.12,1477/5521,30.54,30.56,30.12,30.34,1.4365,3051120,33,300644,20260417
688006.SH,杭可科技,31.9,-0.1252348152786559,31.87,30.77,5.14681623,32.41,30.11,1478/5521,30.77,32.41,30.11,31.87,7.588254,2.2077509E7,17,688006,20260417
603272.SH,*ST联翔,26.8,5.015673981191227,30.6,31.41,-2.5477707,31.42,30.1,1479/5521,31.41,31.42,30.1,30.6,4.203821,5524800,22,603272,20260417
688161.SH,威高骨科,27.86,-5.2380952380952355,30.43,30.51,-0.65295462,30.57,30.05,1480/5521,30.51,30.57,30.05,30.43,1.697682,1990443,17,688161,20260417
688558.SH,国盛智科,35.6,-1.3850415512465373,30.81,30.25,1.85123967,30.99,30.03,1481/5521,30.25,30.99,30.03,30.81,3.173553,1906372,17,688558,20260417
300204.SZ,舒泰神,27.63,-0.7899461400359152,30.33,30.94,-3.74484291,31.36,30.01,1482/5521,30.94,31.36,30.01,30.33,4.284354,4.5878144E7,33,300204,20260417
300846.SZ,首都在线,26.75,-0.9992598075499615,30.8,30.79,-1.34529148,31.25,30.01,1482/5521,30.79,31.25,30.01,30.8,3.971812,4.1303032E7,33,300846,20260417
688076.SH,ST诺泰,29.73,1.74537987679672,30.6,30.7,-0.3257329,30.8,30.01,1482/5521,30.7,30.8,30.01,30.6,2.573289,2547120,22,688076,20260417
301163.SZ,宏德股份,30.9,1.3114754098360608,31.08,30,3.08457711,31.22,30,1485/5521,30,31.22,30,31.08,4.046434,2618800,33,301163,20260417
603139.SH,康惠股份,36.3,-1.3050570962479717,30.12,30.84,-2.83870968,31.3,30,1485/5521,30.84,31.3,30,30.12,4.193548,5620150,17,603139,20260417
688107.SH,安路科技,33.67,6.821065989847723,30.67,30.1,1.28797886,30.94,30,1485/5521,30.1,30.94,30,30.67,3.104359,5282909,17,688107,20260417
920207.BJ,众诚科技,28.75,-2.0109066121336054,31.75,30.34,5.27188329,32.29,30,1485/5521,30.34,32.29,30,31.75,7.592838,6616408,151,920207,20260417
688561.SH,奇安信,30.11,1.7573504562352131,30.24,30.63,-1.24101894,30.7,29.99,1489/5521,30.63,30.7,29.99,30.24,2.318745,5376132,17,688561,20260417
605296.SH,神农集团,29.96,1.7317487266553533,30.06,30.5,-2.2756827,30.65,29.96,1490/5521,30.5,30.65,29.96,30.06,2.243172,3047644,17,605296,20260417
301122.SZ,采纳股份,31.9,1.2055837563451746,30.44,30.68,-0.78226858,30.78,29.95,1491/5521,30.68,30.78,29.95,30.44,2.705345,1482329,33,301122,20260417
301365.SZ,矩阵股份,35.18,-1.9782669267205373,30.15,30.62,-1.56709109,30.62,29.93,1492/5521,30.62,30.62,29.93,30.15,2.252693,3434990,33,301365,20260417
300937.SZ,药易购,27.77,-2.732049036777587,30.18,30.5,-1.98116272,30.7,29.9,1493/5521,30.5,30.7,29.9,30.18,2.598246,2624400,33,300937,20260417
605133.SH,嵘泰股份,32.63,1.556178026766262,32.32,29.96,7.87716956,32.88,29.86,1494/5521,29.96,32.88,29.86,32.32,10.080106,2.1705586E7,17,605133,20260417
920284.BJ,灵鸽科技,31.7,-2.5814382298709275,33.68,30,11.67108753,34.52,29.86,1494/5521,30,34.52,29.86,33.68,15.450928,7478959,151,920284,20260417
300443.SZ,金雷股份,30.28,1.7473118279569877,30.96,29.82,3.44136318,31.37,29.82,1496/5521,29.82,31.37,29.82,30.96,5.17875,1.7368426E7,33,300443,20260417
002902.SZ,铭普光磁,30.39,-1.9361084220716291,30.38,30.07,-0.78380144,31.71,29.81,1497/5521,30.07,31.71,29.81,30.38,6.205094,5.3178127E7,33,002902,20260417
300928.SZ,华安鑫创,32.27,4.806755440077961,30.3,30.97,-1.07737512,30.97,29.8,1498/5521,30.97,30.97,29.8,30.3,3.819784,2199880,33,300928,20260417
603005.SH,晶方科技,31.1,1.4681892332789652,31.24,30,5.14978122,31.93,29.8,1498/5521,30,31.93,29.8,31.24,7.169303,6.3349543E7,17,603005,20260417
603216.SH,梦天家居,29.6,0.06761325219744127,30.3,30.8,-1.84645287,30.8,29.8,1498/5521,30.8,30.8,29.8,30.3,3.23939,6585300,17,603216,20260417
920396.BJ,常辅股份,28.85,1.4773126978543851,31.21,30.2,3.68770764,31.64,29.8,1498/5521,30.2,31.64,29.8,31.21,6.112956,2610244,151,920396,20260417
920981.BJ,晶赛科技,34.4,-2.7974003955919806,32.3,29.77,8.49848841,32.55,29.77,1502/5521,29.77,32.55,29.77,32.3,9.338259,3360522,151,920981,20260417
300127.SZ,银河磁体,31.35,0.15974440894568917,30.43,29.8,-0.55555556,30.73,29.75,1503/5521,29.8,30.73,29.75,30.43,3.202614,6146735,33,300127,20260417
920976.BJ,视声智能,30.58,4.08441116405718,31.16,29.88,2.83828383,31.28,29.75,1503/5521,29.88,31.28,29.75,31.16,5.049504,1388658,151,920976,20260417
920953.BJ,国子软件,28.54,-1.1430550744717765,31.34,30.11,4.08502159,31.94,29.72,1505/5521,30.11,31.94,29.72,31.34,7.372965,2644692,151,920953,20260417
603496.SH,恒为科技,30.51,1.026490066225173,29.9,30,-0.59840426,30.28,29.71,1506/5521,30,30.28,29.71,29.9,1.894946,1.405065E7,17,603496,20260417
920239.BJ,长虹能源,30.93,-0.9288917360666212,31.39,29.98,4.52880453,31.84,29.71,1506/5521,29.98,31.84,29.71,31.39,7.092907,3370468,151,920239,20260417
300710.SZ,万隆光电,32.79,3.0483972344437427,30.27,30.3,0.49800797,30.82,29.7,1508/5521,30.3,30.82,29.7,30.27,3.718459,2804595,33,300710,20260417
301152.SZ,天力锂能,33.94,1.5255758300927251,30.13,29.96,0.83668005,31.11,29.7,1508/5521,29.96,31.11,29.7,30.13,4.718875,6149306,33,301152,20260417
301000.SZ,肇民科技,27.36,-0.14598540145985092,30.49,29.91,1.49800266,30.69,29.66,1510/5521,29.91,30.69,29.66,30.49,3.428761,3826907,33,301000,20260417
300927.SZ,江天化学,30.33,-1.6855753646677571,29.67,29.88,-1.29740519,30.26,29.6,1511/5521,29.88,30.26,29.6,29.67,2.195608,4746065,33,300927,20260417
688255.SH,凯尔达,30.34,1.9146792072556273,30.15,29.88,0.8361204,30.41,29.6,1511/5521,29.88,30.41,29.6,30.15,2.70903,2327571,17,688255,20260417
688077.SH,大地熊,30.26,-0.09904258831296661,30.09,29.58,0.87160577,30.15,29.56,1513/5521,29.58,30.15,29.56,30.09,1.977874,1801567,17,688077,20260417
000975.SZ,山金国际,26.05,-4.263138552002941,29.73,29.77,-1.36031851,29.95,29.55,1514/5521,29.2895979,29.4695979,29.0695979,29.25,1.32714,1.9379478E7,33,000975,20260417
300651.SZ,金陵体育,36.08,13.245448838669175,29.68,30.1,-2.43261012,31.61,29.55,1514/5521,30.1,31.61,29.55,29.68,6.77186,1.8389938E7,33,300651,20260417
002407.SZ,多氟多,36.31,1.2266517981600358,30.01,30.35,-0.29900332,30.59,29.53,1516/5521,30.35,30.59,29.53,30.01,3.521594,7.0586873E7,33,002407,20260417
002971.SZ,和远气体,31.74,-1.9765287214329958,29.8,29.98,-0.76590077,30.02,29.5,1517/5521,29.98,30.02,29.5,29.8,1.731601,2184240,33,002971,20260417
301026.SZ,浩通科技,31.12,-1.3629160063391432,30.35,29.79,1.16666667,30.71,29.5,1517/5521,29.79,30.71,29.5,30.35,4.033333,4007238,33,301026,20260417
301106.SZ,骏成科技,35.8,2.4027459954233303,30.18,29.88,0.6,30.4,29.5,1517/5521,29.88,30.4,29.5,30.18,3,2382525,33,301106,20260417
688358.SH,祥生医疗,31.36,2.0501138952163975,29.59,29.9,-1.69435216,29.94,29.5,1517/5521,29.9,29.94,29.5,29.59,1.461794,860295,17,688358,20260417
920047.BJ,诺思兰德,27.11,4.069097888675619,30.08,35.05,-13.38900086,35.1,29.49,1521/5521,35.05,35.1,29.49,30.08,16.153181,1.6061326E7,151,920047,20260417
000062.SZ,深圳华强,36.92,3.562412342215998,29.76,29.5,3.98322851,31.48,29.48,1522/5521,29.4,31.38,29.38,29.66,6.98812,8.5258234E7,33,000062,20260417
300790.SZ,宇瞳光学,29.0,2.4373013069586764,30.03,29.97,-0.49701789,30.39,29.47,1523/5521,29.97,30.39,29.47,30.03,3.048376,1.837655E7,33,300790,20260417
301508.SZ,中机认检,29.39,0.1362862010221436,29.75,29.76,-0.06718173,29.85,29.47,1523/5521,29.76,29.85,29.47,29.75,1.276452,975700,33,301508,20260417
920509.BJ,同惠电子,31.78,2.4170157911698356,32.29,29.76,8.46489755,32.75,29.43,1525/5521,29.76,32.75,29.43,32.29,11.152166,4570465,151,920509,20260417
300594.SZ,ST朗进,18.3,-20.01748251748251,30.07,29.52,0.93991272,31.1,29.41,1526/5521,29.52,31.1,29.41,30.07,5.673044,3952830,33,300594,20260417
688249.SH,晶合集成,33.8,6.9281872825055295,29.83,29.69,-0.06700168,30.4,29.4,1527/5521,29.69,30.4,29.4,29.83,3.350083,2.3358544E7,17,688249,20260417
301456.SZ,盘古智能,31.34,0.5776636713735549,29.86,29.57,0.84430935,30,29.38,1528/5521,29.57,30,29.38,29.86,2.093887,1608216,33,301456,20260417
688338.SH,赛科希德,30.08,-0.5619834710743858,30.35,29.54,2.60311021,30.98,29.38,1528/5521,29.54,30.98,29.38,30.35,5.40906,1782287,17,688338,20260417
603255.SH,鼎际得,31.19,-0.3195909236177625,29.9,29.65,0.74123989,30.02,29.33,1530/5521,29.65,30.02,29.33,29.9,2.324797,1796200,17,603255,20260417
688678.SH,福立旺,23.73,2.0206362854686106,31.2,29.5,6.84931507,31.89,29.33,1530/5521,21,22.70714286,20.87857143,22.21,8.767123,3.7523398E7,17,688678,20260417
301216.SZ,万凯新材,29.99,-1.76875204716673,29.48,29.8,-1.0738255,30.5,29.3,1532/5521,29.8,30.5,29.3,29.48,4.026845,1.1927096E7,33,301216,20260417
301551.SZ,无线传媒,27.42,-4.058782365290401,29.87,29.72,0.13409319,30.13,29.27,1533/5521,29.72,30.13,29.27,29.87,2.883003,4208451,33,301551,20260417
688216.SH,气派科技,30.64,6.425842306356379,29.33,29.97,-0.5425568,29.97,29.27,1533/5521,29.97,29.97,29.27,29.33,2.373685,1713929,17,688216,20260417
002876.SZ,三利谱,30.91,0.7168458781361969,29.34,29.45,-0.74424899,30.5,29.26,1535/5521,29.45,30.5,29.26,29.34,4.194857,8973324,33,002876,20260417
002155.SZ,湖南黄金,29.07,0.27595722662987876,30.15,29.25,1.37861466,30.38,29.21,1536/5521,29.25,30.38,29.21,30.15,3.934095,6.665262E7,33,002155,20260417
300983.SZ,尤安设计,31.98,1.523809523809525,30.09,29.81,0.93928212,30.14,29.2,1537/5521,29.81,30.14,29.2,30.09,3.153304,823718,33,300983,20260417
002977.SZ,*ST天箭,27.11,4.99612703330751,29.54,29.88,-0.87248322,30.45,29.17,1538/5521,29.88,30.45,29.17,29.54,4.295302,2527900,33,002977,20260417
300257.SZ,开山股份,30.77,3.8124156545209145,29.38,30.88,-4.79585224,30.89,29.15,1539/5521,30.88,30.89,29.15,29.38,5.638366,1.6163795E7,33,300257,20260417
688092.SH,爱科科技,29.65,-0.5033557046979937,29.38,29.22,-0.13596193,29.48,29.13,1540/5521,29.22,29.48,29.13,29.38,1.189666,675739,17,688092,20260417
300113.SZ,顺网科技,25.26,-2.5086839058278603,29.37,29.79,-2.39282154,30.16,29.11,1541/5521,29.79,30.16,29.11,29.37,3.489531,6.8196939E7,33,300113,20260417
301172.SZ,君逸数码,30.95,-0.896573807236635,30.27,29.45,2.26351351,30.66,29.1,1542/5521,29.45,30.66,29.1,30.27,5.27027,6320744,33,301172,20260417
688733.SH,壹石通,29.9,2.5728987993138936,29.6,29.3,-0.16863406,29.8,29.1,1542/5521,29.3,29.8,29.1,29.6,2.360876,4094446,17,688733,20260417
688475.SH,萤石网络,31.18,1.069692058346834,29.57,29.21,0.71525886,29.7,29.08,1544/5521,29.21,29.7,29.08,29.57,2.111716,5545396,17,688475,20260417
002580.SZ,圣阳股份,27.48,-3.9160839160839194,30.58,29.13,10,30.58,29.07,1545/5521,29.13,30.58,29.07,30.58,5.431654,8.2237602E7,33,002580,20260417
600685.SH,中船防务,32.15,-0.648949320148334,29.63,29.3,0.88525707,29.72,29.01,1546/5521,29.3,29.72,29.01,29.63,2.417432,1.5488766E7,17,600685,20260417
601020.SH,华钰矿业,28.66,-2.417432754511409,31.49,29.1,7.47440273,31.88,29.01,1546/5521,29.1,31.88,29.01,31.49,9.795221,5.4996095E7,17,601020,20260417
603076.SH,乐惠国际,32.2,5.781865965834434,29.31,29.28,-0.37389531,29.42,29,1548/5521,29.28,29.42,29,29.31,1.4276,2928789,17,603076,20260417
301383.SZ,天键股份,28.78,0.27874564459930956,29.34,29.2,0.41067762,29.45,28.98,1549/5521,29.2,29.45,28.98,29.34,1.608487,1135043,33,301383,20260417
300207.SZ,欣旺达,27.43,-1.1531531531531543,29.39,29.17,0.2045687,29.53,28.97,1550/5521,29.17,29.53,28.97,29.39,1.909307,9.4113349E7,33,300207,20260417
688118.SH,普元信息,27.23,0.22083179977916348,29.22,29.5,-1.31712259,29.51,28.96,1551/5521,29.5,29.51,28.96,29.22,1.85748,2355273,17,688118,20260417
002396.SZ,星网锐捷,26.5,-0.2634550244636819,29.4,29.02,1.0656583,29.95,28.95,1552/5521,29.02,29.95,28.95,29.4,3.437607,1.4999171E7,33,002396,20260417
688455.SH,科捷智能,21.0,1.1073663938372673,29.55,29.5,1.54639175,29.94,28.95,1552/5521,29.5,29.94,28.95,29.55,3.402061,4737251,17,688455,20260417
920169.BJ,七丰精工,27.41,1.7823988117341272,30.8,29.75,4.51306413,31.49,28.95,1552/5521,29.75,31.49,28.95,30.8,8.618934,3469099,151,920169,20260417
300739.SZ,明阳电路,27.13,-1.4171511627906999,30.13,29.02,4.54545455,30.28,28.88,1555/5521,29.02,30.28,28.88,30.13,4.857737,3.7285408E7,33,300739,20260417
301170.SZ,锡南科技,29.55,0.37364130434782417,28.98,29.15,-0.41237113,29.18,28.85,1556/5521,29.15,29.18,28.85,28.98,1.13402,979900,33,301170,20260417
301255.SZ,通力科技,29.0,2.8004253810705393,30.1,28.97,3.79310345,30.58,28.85,1556/5521,28.97,30.58,28.85,30.1,5.965517,6273204,33,301255,20260417
300907.SZ,康平科技,30.6,1.526211015262113,29.1,29.32,-0.78418002,29.32,28.84,1558/5521,29.32,29.32,28.84,29.1,1.636549,1336279,33,300907,20260417
300851.SZ,交大思诺,30.68,1.2875536480686713,29.05,29.45,-0.68376068,29.45,28.82,1559/5521,29.45,29.45,28.82,29.05,2.153846,850400,33,300851,20260417
002379.SZ,宏桥控股,24.9,-1.4251781472684202,29.12,29.2,-0.61433447,29.44,28.8,1560/5521,28.95,29.19,28.55,28.87,2.1843,1.1251932E7,33,002379,20260417
300398.SZ,飞凯材料,30.41,-1.6812156482379552,29.25,28.93,0.17123288,29.96,28.77,1561/5521,28.93,29.96,28.77,29.25,4.075342,4.1427792E7,33,300398,20260417
300908.SZ,仲景食品,28.7,-0.5544005544005549,29.13,29.29,-0.37619699,29.5,28.75,1562/5521,29.29,29.5,28.75,29.13,2.564979,1832035,33,300908,20260417
688058.SH,宝兰德,29.72,2.5888850535036245,28.98,28.75,-0.68540096,29.28,28.75,1562/5521,28.75,29.28,28.75,28.98,1.816312,724952,17,688058,20260417
002318.SZ,久立特材,30.12,-1.116217990807616,29.34,29.76,-1.51057402,29.77,28.72,1564/5521,29.76,29.77,28.72,29.34,3.524672,1.33432E7,33,002318,20260417
688260.SH,昀冢科技,35.8,0.22396416573347788,29.48,29.17,1.13207547,29.68,28.7,1565/5521,29.17,29.68,28.7,29.48,3.361921,2886609,17,688260,20260417
002273.SZ,水晶光电,33.0,-0.990099009900985,29.04,29.7,-1.39219015,29.74,28.68,1566/5521,29.7,29.74,28.68,29.04,3.59932,6.0136236E7,33,002273,20260417
301177.SZ,迪阿股份,29.03,-0.5140507196710027,29.02,28.96,0.20718232,29.16,28.67,1567/5521,28.96,29.16,28.67,29.02,1.691988,758800,33,301177,20260417
300678.SZ,中科信息,28.52,0.7773851590105967,28.93,29,-0.51581843,29.08,28.65,1568/5521,29,29.08,28.65,28.93,1.478679,4127157,33,300678,20260417
301585.SZ,蓝宇股份,30.46,-1.3920362576885714,29.27,29.08,2.34265734,29.96,28.63,1569/5521,29.08,29.96,28.63,29.27,4.650349,1484627,33,301585,20260417
600511.SH,国药股份,28.66,-0.24364775495997315,28.68,28.9,-1.06933425,28.9,28.63,1569/5521,28.9,28.9,28.63,28.68,0.931355,5188300,17,600511,20260417
300488.SZ,恒锋工具,30.46,0.9946949602122039,30.07,28.77,3.94054615,30.62,28.62,1571/5521,28.77,30.62,28.62,30.07,6.913238,6926870,33,300488,20260417
301176.SZ,逸豪新材,37.35,-1.3731185635067231,29.24,29.2,-1.01557211,29.67,28.6,1572/5521,29.2,29.67,28.6,29.24,3.622207,5966200,33,301176,20260417
603529.SH,爱玛科技,23.41,-0.5099872503187463,28.84,29.29,-1.60354828,29.29,28.6,1572/5521,29.29,29.29,28.6,28.84,2.354145,1.1036251E7,17,603529,20260417
002976.SZ,瑞玛精密,30.12,1.2436974789916,29.02,28.77,1.46853147,29.32,28.56,1574/5521,28.77,29.32,28.56,29.02,2.657342,2815700,33,002976,20260417
301001.SZ,凯淳股份,30.39,2.014098690835856,28.72,28.82,-0.13908206,29.19,28.56,1574/5521,28.82,29.19,28.56,28.72,2.190542,1266000,33,301001,20260417
301041.SZ,金百泽,29.75,1.2938372488934253,29.98,28.7,4.2057699,30.7,28.53,1576/5521,28.7,30.7,28.53,29.98,7.542579,9047714,33,301041,20260417
301279.SZ,金道科技,29.18,-0.5114217524718669,29.64,28.8,2.84524636,29.97,28.53,1576/5521,28.8,29.97,28.53,29.64,4.99653,2623646,33,301279,20260417
601168.SH,西部矿业,29.59,-2.4719841793012525,28.67,28.57,-0.79584775,29.03,28.53,1576/5521,28.57,29.03,28.53,28.67,1.730103,3.9371697E7,17,601168,20260417
603895.SH,天永智能,28.67,1.5226628895184253,29.59,28.7,3.24494068,29.78,28.53,1576/5521,28.7,29.78,28.53,29.59,4.361479,2436800,17,603895,20260417
002082.SZ,万邦德,,,29.28,28.6,0.93071355,29.79,28.52,1580/5521,28.6,29.79,28.52,29.28,4.3778,4.51279E7,33,002082,20260417
002882.SZ,金龙羽,26.94,-1.5350877192982388,30.66,29.02,3.47620655,30.99,28.51,1581/5521,29.02,30.99,28.51,30.66,8.369895,1.9900943E7,33,002882,20260417
301263.SZ,泰恩康,28.85,0.6980802792321217,28.95,29.1,-0.24121296,29.28,28.5,1582/5521,29.1,29.28,28.5,28.95,2.687801,4640400,33,301263,20260417
301638.SZ,南网数字,28.57,-1.4487754398068236,28.6,29.19,-2.18878249,29.93,28.5,1582/5521,29.19,29.93,28.5,28.6,4.89056,4.0621138E7,33,301638,20260417
603755.SH,日辰股份,29.09,0.20668274199103934,28.71,28.9,-0.10438413,28.95,28.5,1582/5521,28.9,28.95,28.5,28.71,1.565762,810000,17,603755,20260417
920570.BJ,坤博精工,29.52,3.072625698324019,29.95,29.07,3.09810671,30.43,28.5,1582/5521,29.07,30.43,28.5,29.95,6.643717,963845,151,920570,20260417
300001.SZ,特锐德,29.5,-2.6402640264026425,28.91,28.85,0.06922811,29.1,28.49,1586/5521,28.85,29.1,28.49,28.91,2.111457,2.3063924E7,33,300001,20260417
603683.SH,晶华新材,28.87,1.369382022471912,29.0,28.78,1.1863224,29.15,28.48,1587/5521,28.78,29.15,28.48,29.0,2.337752,1.3258716E7,17,603683,20260417
300161.SZ,华中数控,32.48,4.909560723514199,29.38,28.66,2.40501917,29.45,28.45,1588/5521,28.66,29.45,28.45,29.38,3.485535,4152400,33,300161,20260417
300539.SZ,横河精密,29.19,3.5841022001419502,30.61,28.95,5.69751381,31.49,28.45,1588/5521,28.95,31.49,28.45,30.61,10.497237,1.9276867E7,33,300539,20260417
605003.SH,众望布艺,29.75,4.679802955665019,29.17,28.89,1.00415512,29.23,28.45,1588/5521,28.89,29.23,28.45,29.17,2.700831,777125,17,605003,20260417
301036.SZ,双乐股份,28.24,-0.38800705467373187,28.67,28.6,0.24475524,28.84,28.43,1591/5521,28.6,28.84,28.43,28.67,1.433566,1085878,33,301036,20260417
300572.SZ,安车检测,30.58,5.593922651933693,28.63,28.98,-1.5474553,29.05,28.41,1592/5521,28.98,29.05,28.41,28.63,2.200825,4483700,33,300572,20260417
300623.SZ,捷捷微电,28.95,1.436580238262089,28.58,28.54,-0.10485844,28.91,28.41,1592/5521,28.54,28.91,28.41,28.58,1.74764,1.482318E7,33,300623,20260417
688319.SH,欧林生物,30.88,3.139612558450226,29.12,28.76,0.48309179,29.5,28.39,1594/5521,28.76,29.5,28.39,29.12,3.830227,7048447,17,688319,20260417
000021.SZ,深科技,29.22,-0.034211426616495254,29.0,28.46,0.79944387,29.21,28.38,1595/5521,28.46,29.21,28.38,29.0,2.884949,6.1891671E7,33,000021,20260417
688350.SH,富淼科技,29.31,-1.9076305220883545,29.08,28.83,0.86715227,29.11,28.38,1595/5521,28.83,29.11,28.38,29.08,2.532084,2240806,17,688350,20260417
600323.SH,瀚蓝环境,32.01,-1.4166923313828175,28.5,28.5,-0.24501225,28.59,28.32,1597/5521,28.5,28.59,28.32,28.5,0.945047,2968650,17,600323,20260417
301135.SZ,瑞德智能,26.9,0.9002250562640601,28.58,28.33,0.42164441,28.79,28.31,1598/5521,28.33,28.79,28.31,28.58,1.686577,1133000,33,301135,20260417
920225.BJ,利通科技,26.82,-1.5779816513761458,32.1,28.62,12.31630511,33.39,28.3,1599/5521,28.62,33.39,28.3,32.1,17.809657,1.0724292E7,151,920225,20260417
000895.SZ,双汇发展,27.73,0.3982621288921051,28.4,28.61,-1.07976315,28.78,28.28,1600/5521,27.81,27.98,27.48,27.6,1.741553,7767225,33,000895,20260417
300999.SZ,金龙鱼,28.54,1.783166904422254,28.36,28.43,-0.73503675,28.48,28.25,1601/5521,28.43,28.48,28.25,28.36,0.80504,6860778,33,300999,20260417
603931.SH,格林达,38.82,-0.9441183975503891,29.35,28.4,3.38147235,29.84,28.19,1602/5521,28.4,29.84,28.19,29.35,5.811905,3542732,17,603931,20260417
300886.SZ,华业香料,29.95,2.0790729379686415,29.01,28.38,2.47262451,29.28,28.18,1603/5521,28.38,29.28,28.18,29.01,3.885552,1770187,33,300886,20260417
605009.SH,豪悦护理,28.82,0.3132613992342494,28.52,28.69,0.28129395,28.69,28.16,1604/5521,28.69,28.69,28.16,28.52,1.863572,1162956,17,605009,20260417
002667.SZ,威领股份,,,28.79,28.36,0.13913043,29.97,28.13,1605/5521,28.36,29.97,28.13,28.79,6.4,2.3582888E7,33,002667,20260417
301353.SZ,普莱得,29.35,0.6861063464837147,28.17,28.28,0.03551136,28.45,28.11,1606/5521,28.28,28.45,28.11,28.17,1.207386,774973,33,301353,20260417
003002.SZ,壶化股份,27.61,0.07249003262051314,28.36,28.41,0,28.58,28.08,1607/5521,28.41,28.58,28.08,28.36,1.763046,2121100,33,003002,20260417
300633.SZ,开立医疗,24.35,0.2057613168724309,28.19,28.65,3.29791132,29.49,28.06,1608/5521,28.65,29.49,28.06,28.19,5.240014,2.4652474E7,33,300633,20260417
920086.BJ,科马材料,29.57,2.212236432768754,29.94,28.3,5.2742616,30.34,28.05,1609/5521,28.3,30.34,28.05,29.94,8.052039,3095313,151,920086,20260417
920166.BJ,海圣医疗,27.25,0.4053058216654364,29.58,28.62,2.42382271,29.88,28.05,1609/5521,28.62,29.88,28.05,29.58,6.336565,2065631,151,920166,20260417
300364.SZ,中文在线,28.78,-2.770270270270271,28.58,28.02,0.59838085,28.8,28.02,1611/5521,28.02,28.8,28.02,28.58,2.745512,4.5862721E7,33,300364,20260417
920018.BJ,宏远股份,28.31,-0.31690140845070375,29.71,28.24,4.90819209,29.98,28.01,1612/5521,28.24,29.98,28.01,29.71,6.956214,3689106,151,920018,20260417
300892.SZ,品渥食品,28.35,0.7820831852115265,28.47,28.39,0.14069645,28.68,28,1613/5521,28.39,28.68,28,28.47,2.391839,1371100,33,300892,20260417
920252.BJ,天宏锂电,26.5,-2.2140221402214073,28.8,28.15,4.3100326,29.28,28,1613/5521,28.15,29.28,28,28.8,4.636001,5991696,151,920252,20260417
600645.SH,中源协和,25.87,-2.192816635160674,28.32,28.5,-1.1863224,28.59,27.97,1615/5521,28.5,28.59,27.97,28.32,2.163293,9602616,17,600645,20260417
003028.SZ,振邦智能,27.68,1.5779816513761458,28.48,27.91,1.56918688,28.65,27.91,1616/5521,27.91,28.65,27.91,28.48,2.639087,1406450,33,003028,20260417
688639.SH,华恒生物,28.0,-0.8147360963514008,28.06,28.56,-1.85379503,28.56,27.91,1616/5521,28.56,28.56,27.91,28.06,2.273522,3341826,17,688639,20260417
001368.SZ,通达创智,30.57,0.0,27.98,28.34,-0.81531372,28.34,27.9,1618/5521,28.34,28.34,27.9,27.98,1.55973,1766969,33,001368,20260417
300712.SZ,永福股份,26.64,-1.1135857461024525,27.98,28.53,-1.9277953,28.61,27.88,1619/5521,28.53,28.61,27.88,27.98,2.55871,3300996,33,300712,20260417
600389.SH,江山股份,28.9,-1.466075690419365,28.27,28.93,-2.24757953,29,27.88,1619/5521,28.93,29,27.88,28.27,3.872752,1.4195819E7,17,600389,20260417
688138.SH,清溢光电,30.94,0.9132420091324238,28.56,27.99,1.70940171,28.65,27.88,1619/5521,27.99,28.65,27.88,28.56,2.742165,2485884,17,688138,20260417
688711.SH,宏微科技,27.03,-2.5945945945945903,28.53,28.26,1.85647983,28.82,27.87,1622/5521,28.26,28.82,27.87,28.53,3.391645,4323110,17,688711,20260417
301337.SZ,亚华电子,28.1,0.7890961262553889,28.29,28.28,0.03536068,28.7,27.86,1623/5521,28.28,28.7,27.86,28.29,2.970297,1977400,33,301337,20260417
300457.SZ,赢合科技,28.99,0.520110957004156,28.78,27.88,2.71234832,29.1,27.85,1624/5521,27.88,29.1,27.85,28.78,4.461099,2.1423367E7,33,300457,20260417
300753.SZ,爱朋医疗,27.28,1.1119347664937016,28.18,28.34,-1.05337079,28.4,27.85,1624/5521,28.34,28.4,27.85,28.18,1.931179,3346701,33,300753,20260417
301022.SZ,海泰科,29.41,0.7882111034955464,27.83,27.83,,27.83,27.83,1626/5521,27.83,27.83,27.83,27.83,,,33,301022,20260417
301584.SZ,建发致新,26.25,0.0,27.99,28.02,-1.02545969,28.26,27.82,1627/5521,28.02,28.26,27.82,27.99,1.555869,3279806,33,301584,20260417
300153.SZ,科泰电源,31.66,6.420168067226891,28.52,28.5,-0.90340514,28.88,27.81,1628/5521,28.5,28.88,27.81,28.52,3.717859,1.9407564E7,33,300153,20260417
605028.SH,世茂能源,27.55,-4.47295423023578,27.84,28.28,-1.41643059,28.29,27.81,1628/5521,27.68,27.69,27.21,27.24,1.699716,1397800,17,605028,20260417
002838.SZ,道恩股份,30.04,-2.308943089430897,28.26,27.89,0.67687923,28.55,27.8,1630/5521,27.89,28.55,27.8,28.26,2.671891,4806200,33,002838,20260417
300681.SZ,英搏尔,30.66,-2.2944550669216026,29.58,27.85,7.48546512,30.16,27.8,1630/5521,27.85,30.16,27.8,29.58,8.575581,3.5481181E7,33,300681,20260417
605056.SH,咸亨国际,25.04,-2.111024237685689,28.57,28.66,1.13274336,28.69,27.8,1630/5521,28.66,28.69,27.8,28.57,3.150442,8968901,17,605056,20260417
301107.SZ,瑜欣电子,28.0,1.3391241404270757,28.03,28.19,-0.60283688,28.2,27.79,1633/5521,28.19,28.2,27.79,28.03,1.4539,988920,33,301107,20260417
300593.SZ,新雷能,28.59,-1.7188037126160192,29.41,28.07,5.56353195,29.73,27.78,1634/5521,28.07,29.73,27.78,29.41,6.999282,3.6147363E7,33,300593,20260417
300988.SZ,津荣天宇,27.25,2.098164106406889,28.07,28,0.14270425,28.37,27.78,1634/5521,28,28.37,27.78,28.07,2.104887,2782600,33,300988,20260417
603395.SH,红四方,27.64,0.7288629737609303,27.86,28.07,-0.53552303,28.2,27.77,1636/5521,28.07,28.2,27.77,27.86,1.535166,2014446,17,603395,20260417
000880.SZ,潍柴重机,30.9,8.155407770388514,28.31,28.11,0.07069636,28.47,27.74,1637/5521,28.11,28.47,27.74,28.31,2.580417,1.4821257E7,33,000880,20260417
002430.SZ,杭氧股份,31.43,-2.482159478746501,27.9,28.25,-1.20396601,28.27,27.71,1638/5521,28.25,28.27,27.71,27.9,1.983002,1.1325777E7,33,002430,20260417
002824.SZ,和胜股份,25.09,-2.5631067961165055,30.18,28,4.86448923,31.12,27.69,1639/5521,28,31.12,27.69,30.18,11.917998,5.6108283E7,33,002824,20260417
600085.SH,同仁堂,27.77,1.3873676524278897,27.73,27.87,-0.75161059,27.87,27.68,1640/5521,27.87,27.87,27.68,27.73,0.680028,3926237,17,600085,20260417
600989.SH,宝丰能源,30.7,-1.381304208159331,27.75,28.3,-1.45596591,28.36,27.67,1641/5521,27.88,27.94,27.25,27.33,2.450284,8.1444627E7,17,600989,20260417
000938.SZ,紫光股份,31.99,-1.3263417643430082,27.7,27.93,-1.38839445,28.38,27.66,1642/5521,27.93,28.38,27.66,27.7,2.563189,1.03392759E8,33,000938,20260417
603344.SH,星德胜,27.92,0.7215007215007317,27.96,28,-0.39187745,28.06,27.66,1642/5521,28,28.06,27.66,27.96,1.425008,1263546,17,603344,20260417
600522.SH,中天科技,33.12,-3.3838973162193806,28.14,28.01,0.5,28.5,27.62,1644/5521,28.01,28.5,27.62,28.14,3.142857,1.60528176E8,17,600522,20260417
605319.SH,无锡振华,26.82,0.789177001127399,27.9,28.99,-3.79310345,29.14,27.61,1645/5521,28.99,29.14,27.61,27.9,5.275862,1.4266187E7,17,605319,20260417
600410.SH,华胜天成,21.92,-2.621057307863171,28.94,27.78,3.39406931,29.97,27.6,1646/5521,27.78,29.97,27.6,28.94,8.467309,2.51484948E8,17,600410,20260417
603207.SH,小方制药,26.25,0.038109756097566935,27.88,28.18,-0.92395167,28.18,27.6,1646/5521,28.18,28.18,27.6,27.88,2.061122,810000,17,603207,20260417
603613.SH,国联股份,27.13,-3.5549235691432637,27.8,27.77,0.5788712,28.16,27.6,1646/5521,27.77,28.16,27.6,27.8,2.026049,1.1180367E7,17,603613,20260417
300877.SZ,金春股份,29.77,3.4758428919012863,27.81,28.31,-1.31298793,28.32,27.56,1649/5521,28.31,28.32,27.56,27.81,2.696948,1660750,33,300877,20260417
300631.SZ,久吾高科,28.25,1.4362657091561888,27.56,27.54,-0.32549729,27.98,27.53,1650/5521,27.54,27.98,27.53,27.56,1.627486,2341800,33,300631,20260417
003036.SZ,泰坦股份,32.75,-6.562054208273887,28.35,28.36,-2.03870076,28.89,27.52,1651/5521,28.36,28.89,27.52,28.35,4.733932,1.1608296E7,33,003036,20260417
688398.SH,赛特新材,31.91,0.25133521834747674,28.0,27.88,1.44927536,28.1,27.52,1651/5521,27.88,28.1,27.52,28.0,2.101449,2396900,17,688398,20260417
300634.SZ,彩讯股份,22.59,-3.1718816973853343,27.66,27.7,-0.43196544,27.93,27.51,1653/5521,27.7,27.93,27.51,27.66,1.511879,1.457375E7,33,300634,20260417
603738.SH,泰晶科技,38.32,-3.7669512807634353,30.17,28.11,9.98906307,30.17,27.5,1654/5521,28.11,30.17,27.5,30.17,9.733868,6.2835647E7,17,603738,20260417
600171.SH,上海贝岭,28.7,1.6648955012398117,27.87,27.55,0.94168779,27.98,27.48,1655/5521,27.55,27.98,27.48,27.87,1.810938,1.0674942E7,17,600171,20260417
920003.BJ,中诚咨询,30.79,1.3495720868992764,28.23,27.99,2.13458755,28.53,27.47,1656/5521,27.99,28.53,27.47,28.23,3.835021,808698,151,920003,20260417
688217.SH,睿昂基因,29.52,2.039405461458693,27.77,28.61,-2.93603635,28.61,27.45,1657/5521,28.61,28.61,27.45,27.77,4.054526,1018952,17,688217,20260417
301089.SZ,拓新药业,26.92,1.4318010550113134,27.73,28.33,-2.35915493,28.35,27.44,1658/5521,28.33,28.35,27.44,27.73,3.204225,2529830,33,301089,20260417
920058.BJ,华洋赛车,27.56,-0.10873504893077614,28.85,27.78,3.73966199,29.4,27.43,1659/5521,27.78,29.4,27.43,28.85,7.083782,743680,151,920058,20260417
001230.SZ,劲旅环境,26.9,-0.2965159377316599,27.99,28.02,0.97402597,28.33,27.41,1660/5521,28.02,28.33,27.41,27.99,3.318903,7341930,33,001230,20260417
603665.SH,康隆达,28.4,2.6011560693641576,28.31,28.19,0.42568287,28.7,27.41,1660/5521,28.19,28.7,27.41,28.31,4.57609,4225400,17,603665,20260417
000999.SZ,华润三九,25.91,-0.5755947812739777,27.48,27.71,-1.15107914,27.75,27.4,1662/5521,27.71,27.75,27.4,27.48,1.258992,1.3178305E7,33,000999,20260417
300435.SZ,中泰股份,23.5,-1.591289782244552,27.87,27.61,0.43243243,28.08,27.4,1662/5521,27.61,28.08,27.4,27.87,2.45045,1.1549211E7,33,300435,20260417
301290.SZ,东星医疗,29.8,0.3367003367003415,27.61,27.8,-0.18076645,27.8,27.4,1662/5521,27.8,27.8,27.4,27.61,1.446131,1031700,33,301290,20260417
001288.SZ,运机集团,28.11,1.7004341534008642,28.18,27.67,2.17548949,28.58,27.37,1665/5521,27.67,28.58,27.37,28.18,4.387237,5611451,33,001288,20260417
300400.SZ,劲拓股份,25.02,-2.1509581540868234,28.57,27.9,1.63642832,28.88,27.36,1666/5521,27.9,28.88,27.36,28.57,5.407328,2.19739E7,33,300400,20260417
300923.SZ,研奥股份,28.89,2.0127118644067807,27.61,27.57,0.14508524,27.85,27.34,1667/5521,27.57,27.85,27.34,27.61,1.849836,1045000,33,300923,20260417
600885.SH,宏发股份,31.14,7.379310344827588,28.55,27.4,4.19708029,28.56,27.34,1667/5521,27.4,28.56,27.34,28.55,4.452554,2.8114259E7,17,600885,20260417
002048.SZ,宁波华翔,26.03,-1.736504341260843,28.0,27.78,0.53859964,28.12,27.3,1669/5521,27.78,28.12,27.3,28.0,2.944344,1.4674479E7,33,002048,20260417
600089.SH,特变电工,26.82,-1.5779816513761458,27.32,27.8,-2.25402504,27.8,27.3,1669/5521,27.8,27.8,27.3,27.32,1.788908,1.58467215E8,17,600089,20260417
002497.SZ,雅化集团,30.67,1.2879788639365937,28.09,27.59,3.04475422,28.58,27.27,1671/5521,27.59,28.58,27.27,28.09,4.805575,6.9470326E7,33,002497,20260417
003023.SZ,彩虹集团,30.3,2.572782667569403,28.85,27.8,3.55348169,28.9,27.26,1672/5521,27.8,28.9,27.26,28.85,5.886575,6309250,33,003023,20260417
300871.SZ,回盛生物,26.28,-1.388367729831135,28.16,27.44,0.93189964,28.52,27.25,1673/5521,27.44,28.52,27.25,28.16,4.551971,1.8692074E7,33,300871,20260417
600562.SH,国睿科技,27.46,-0.18175209014903929,28.5,27.45,4.05257393,28.76,27.25,1673/5521,27.45,28.76,27.25,28.5,5.51296,1.9754689E7,17,600562,20260417
002648.SZ,卫星化学,29.6,1.26582278481013,27.39,28.22,-2.87234043,28.28,27.23,1675/5521,28.22,28.28,27.23,27.39,3.723404,4.9941512E7,33,002648,20260417
301108.SZ,洁雅股份,27.27,0.7760532150776085,27.45,27.49,-0.83092486,27.74,27.23,1675/5521,27.49,27.74,27.23,27.45,1.842485,1183049,33,301108,20260417
920689.BJ,克莱特,27.91,0.68542568542569,29.03,27.85,4.23698384,29.3,27.23,1675/5521,27.85,29.3,27.23,29.03,7.432675,1864530,151,920689,20260417
603813.SH,*ST原尚,37.0,1.36986301369863,27.4,28.2,-3.89337075,28.59,27.22,1678/5521,28.2,28.59,27.22,27.4,4.805331,1304000,22,603813,20260417
000935.SZ,四川双马,26.72,-3.711711711711716,27.38,27.21,0.29304029,28.2,27.2,1679/5521,27.21,28.2,27.2,27.38,3.663003,4806146,33,000935,20260417
600009.SH,上海机场,27.24,-0.5476451259583868,27.25,27.4,-0.65621582,27.41,27.19,1680/5521,27.4,27.41,27.19,27.25,0.802041,6693700,17,600009,20260417
301587.SZ,中瑞股份,29.0,-5.104712041884813,27.7,27.2,0.4350979,28.05,27.18,1681/5521,27.2,28.05,27.18,27.7,3.154459,8430641,33,301587,20260417
603612.SH,索通发展,24.91,-2.771272443403594,27.5,27.55,-0.32620515,27.7,27.18,1681/5521,27.55,27.7,27.18,27.5,1.88474,1.1866887E7,17,603612,20260417
300865.SZ,大宏立,30.44,-0.49035632559659553,27.77,27.27,1.83351669,27.99,27.16,1683/5521,27.27,27.99,27.16,27.77,3.043637,1578562,33,300865,20260417
603882.SH,金域医学,27.3,-0.7994186046511587,27.22,27.31,-0.83788707,27.53,27.16,1683/5521,27.31,27.53,27.16,27.22,1.347905,3070068,17,603882,20260417
000049.SZ,德赛电池,29.04,-2.3208879919273504,27.82,27.24,1.9047619,28,27.15,1685/5521,27.24,28,27.15,27.82,3.113553,1.2611427E7,33,000049,20260417
301077.SZ,星华新材,30.8,-8.114558472553705,28.83,27.43,5.06559767,29.49,27.15,1685/5521,27.43,29.49,27.15,28.83,8.527696,5830675,33,301077,20260417
001234.SZ,泰慕士,31.2,3.4825870646766193,27.79,28.49,-1.97530864,28.49,27.12,1687/5521,28.49,28.49,27.12,27.79,4.832451,3947100,33,001234,20260417
301212.SZ,联盛化学,28.55,-0.07000350017500725,27.35,27.62,-0.9775525,27.67,27.12,1687/5521,27.62,27.67,27.12,27.35,1.99131,833855,33,301212,20260417
002270.SZ,华明装备,24.49,-3.1633056544088602,27.58,27.57,-0.28922632,27.7,27.11,1689/5521,27.36,27.49,26.9,27.37,2.133044,1.0486481E7,33,002270,20260417
605398.SH,新炬网络,26.61,-0.8199776369735329,27.45,27.35,-0.21810251,27.45,27.11,1689/5521,27.35,27.45,27.11,27.45,1.235914,1904681,17,605398,20260417
002956.SZ,西麦食品,33.15,1.9686250384497097,27.47,27.86,-1.00900901,27.89,27.07,1691/5521,27.86,27.89,27.07,27.47,2.954954,1774095,33,002956,20260417
002730.SZ,电光科技,33.66,5.94900849858356,27.1,27.61,-2.44780418,28.25,27.05,1692/5521,27.61,28.25,27.05,27.1,4.319654,1.910922E7,33,002730,20260417
301029.SZ,怡合达,28.34,-0.8397480755773213,27.85,27.25,2.12687935,28.06,27.03,1693/5521,27.25,28.06,27.03,27.85,3.777044,1.0047941E7,33,301029,20260417
301318.SZ,维海德,25.06,0.03992015968063078,27.25,27.4,-0.54744526,27.5,27.03,1693/5521,27.4,27.5,27.03,27.25,1.715328,1304200,33,301318,20260417
605116.SH,奥锐特,22.6,-1.7391304347826024,27.56,27.85,-1.92170819,28.09,27.03,1693/5521,27.85,28.09,27.03,27.56,3.772241,8280648,17,605116,20260417
300580.SZ,贝斯特,28.95,2.0084566596194513,27.7,27.18,1.83823529,28.1,27.02,1696/5521,27.18,28.1,27.02,27.7,3.970588,1.2903955E7,33,300580,20260417
603948.SH,建业股份,27.6,-1.2875536480686673,27.6,27.28,1.3215859,27.66,27,1697/5521,27.28,27.66,27,27.6,2.422907,1426500,17,603948,20260417
300491.SZ,通合科技,25.79,0.1553398058252394,27.13,27.46,-2.23423423,28,26.95,1698/5521,27.38,27.92,26.87,27.05,3.783783,1.05512E7,33,300491,20260417
688600.SH,皖仪科技,28.96,1.3296011196641098,27.75,27.15,2.24760501,28.14,26.94,1699/5521,27.15,28.14,26.94,27.75,4.421518,2820373,17,688600,20260417
300611.SZ,美力科技,24.9,0.7689194658033093,27.74,27.3,0.94614265,28.12,26.92,1700/5521,27.3,28.12,26.92,27.74,4.366812,6698410,33,300611,20260417
688199.SH,久日新材,27.4,-0.3273917788286645,27.18,27,0.29520295,27.38,26.92,1700/5521,27,27.38,26.92,27.18,1.697416,2248488,17,688199,20260417
603159.SH,上海亚虹,25.8,-0.4245465071400982,26.96,27.5,-1.56991603,27.5,26.9,1702/5521,27.5,27.5,26.9,26.96,2.19058,1562800,17,603159,20260417
605068.SH,明新旭腾,25.71,-0.31019775106629816,27.81,27.08,2.6957164,28.17,26.9,1702/5521,27.08,28.17,26.9,27.81,4.689807,4764400,17,605068,20260417
300745.SZ,欣锐科技,33.66,-2.4630541871921223,27.16,27.21,-0.47636497,27.57,26.89,1704/5521,27.21,27.57,26.89,27.16,2.491755,3314950,33,300745,20260417
603829.SH,洛凯股份,28.65,2.79870828848223,29.22,27.53,6.13875772,29.5,26.88,1705/5521,27.53,29.5,26.88,29.22,9.51689,1.0332287E7,17,603829,20260417
001287.SZ,中电港,26.46,3.278688524590163,26.97,27.47,-2.24719101,27.56,26.87,1706/5521,27.47,27.56,26.87,26.97,2.500906,2.5658051E7,33,001287,20260417
300579.SZ,数字认证,26.53,-0.26315789473684315,26.95,27.31,-1.9286754,27.42,26.87,1706/5521,27.31,27.42,26.87,26.95,2.001455,2900520,33,300579,20260417
600754.SH,锦江酒店,25.56,-3.5107587768969415,27.06,27.75,-2.97597705,27.75,26.86,1708/5521,27.75,27.75,26.86,27.06,3.191107,1.4038313E7,17,600754,20260417
000547.SZ,航天发展,24.58,2.1612635078969227,26.98,27.12,-1.53284672,27.9,26.85,1709/5521,27.12,27.9,26.85,26.98,3.832116,2.05683987E8,33,000547,20260417
688518.SH,联赢激光,28.66,6.820723071188975,28.61,26.83,6.71391272,28.8,26.83,1710/5521,26.83,28.8,26.83,28.61,7.348004,1.7812901E7,17,688518,20260417
301305.SZ,朗坤科技,26.68,-0.7440476190476164,27.37,27.19,0.99630996,27.37,26.82,1711/5521,27.19,27.37,26.82,27.37,2.02952,4665926,33,301305,20260417
002880.SZ,卫光生物,25.71,-0.11655011655010718,27.37,27.15,0.32991202,27.5,26.81,1712/5521,27.15,27.5,26.81,27.37,2.529325,2125310,33,002880,20260417
300854.SZ,中兰环保,33.85,5.649188514357061,28.0,28.81,-3.04709141,29.24,26.8,1713/5521,28.81,29.24,26.8,28.0,8.448753,7470907,33,300854,20260417
600750.SH,华润江中,23.92,-0.2502085070892357,26.96,27.27,-1.17302053,27.45,26.8,1713/5521,27.27,27.45,26.8,26.96,2.382697,4249183,17,600750,20260417
603382.SH,海阳科技,26.11,1.3980582524271823,27.22,27.16,0.25782689,27.29,26.79,1715/5521,27.16,27.29,26.79,27.22,1.84162,770310,17,603382,20260417
603355.SH,莱克电气,32.04,2.593659942363108,26.99,27.5,-2.38698011,27.5,26.67,1716/5521,27.5,27.5,26.67,26.99,3.001808,3124945,17,603355,20260417
002544.SZ,普天科技,25.52,1.4308426073131932,27.08,26.91,0.51967335,27.4,26.65,1717/5521,26.91,27.4,26.65,27.08,2.783964,1.007461E7,33,002544,20260417
920693.BJ,阿为特,30.61,5.008576329331049,29.16,26.89,8.84658455,29.9,26.65,1717/5521,26.89,29.9,26.65,29.16,12.131392,2573895,151,920693,20260417
300813.SZ,泰林生物,25.63,0.7864726700747121,26.86,28,-4.51475293,28,26.63,1719/5521,28,28,26.63,26.86,4.870245,5185260,33,300813,20260417
600406.SH,国电南瑞,25.97,-2.4417731029301355,26.81,26.94,-0.22329736,27.08,26.63,1719/5521,26.94,27.08,26.63,26.81,1.67473,7.1154137E7,17,600406,20260417
688222.SH,成都先导,28.61,2.5815704553603402,26.91,27.2,-1.8957346,27.33,26.61,1721/5521,27.2,27.33,26.61,26.91,2.624863,1.4172964E7,17,688222,20260417
600489.SH,中金黄金,25.96,-0.42194092827004,26.9,26.61,-0.62800148,27.25,26.6,1722/5521,26.61,27.25,26.6,26.9,2.401182,4.6263325E7,17,600489,20260417
603248.SH,锡华科技,25.61,-1.5378700499807847,26.72,26.8,-1.43858355,27.22,26.59,1723/5521,26.8,27.22,26.59,26.72,2.323865,7089609,17,603248,20260417
300065.SZ,海兰信,25.88,2.5762980578676125,27.46,26.62,1.62842339,27.5,26.56,1724/5521,26.62,27.5,26.56,27.46,3.478904,7.4583954E7,33,300065,20260417
300409.SZ,道氏技术,26.93,-1.8943533697632042,26.65,26.8,-0.44826298,27.08,26.55,1725/5521,26.8,27.08,26.55,26.65,1.979828,2.7868764E7,33,300409,20260417
920790.BJ,联迪信息,24.32,1.2911286963765043,27.89,26.9,3.0291836,28.42,26.55,1725/5521,26.9,28.42,26.55,27.89,6.908016,1765751,151,920790,20260417
300912.SZ,凯龙高科,26.3,-0.37878787878787074,27.87,26.68,4.42113151,28.27,26.54,1727/5521,26.68,28.27,26.54,27.87,6.481828,1.4629906E7,33,300912,20260417
603235.SH,天新药业,25.8,-2.0872865275142343,26.75,26.78,-0.4095309,26.81,26.53,1728/5521,26.78,26.81,26.53,26.75,1.042442,459700,17,603235,20260417
688395.SH,正弦电气,29.18,4.625313732520613,26.76,26.75,0.45045045,26.92,26.52,1729/5521,26.75,26.92,26.52,26.76,1.501501,836681,17,688395,20260417
301129.SZ,瑞纳智能,27.1,-0.3310040456050013,27.26,26.67,2.09737828,27.63,26.51,1730/5521,26.67,27.63,26.51,27.26,4.194756,2740009,33,301129,20260417
002989.SZ,中天精装,29.21,10.018832391713747,27.2,26.6,2.14044311,28.17,26.5,1731/5521,26.6,28.17,26.5,27.2,6.271122,5305659,33,002989,20260417
300357.SZ,我武生物,25.4,-1.8167761886354943,26.76,26.95,-1.25461255,26.95,26.5,1731/5521,26.95,26.95,26.5,26.76,1.660516,1.0194959E7,33,300357,20260417
920022.BJ,世昌股份,26.28,1.2326656394453015,27.31,26.99,2.82379518,27.48,26.49,1733/5521,26.99,27.48,26.49,27.31,3.727409,642577,151,920022,20260417
688533.SH,上声电子,26.56,0.11307953260458946,26.59,26.93,-1.18914902,26.96,26.48,1734/5521,26.93,26.96,26.48,26.59,1.783723,1110510,17,688533,20260417
301073.SZ,君亭酒店,24.76,-2.519685039370067,26.64,27.95,-5.39772727,27.95,26.46,1735/5521,27.95,27.95,26.46,26.64,5.291193,1.0544583E7,33,301073,20260417
600460.SH,士兰微,28.9,3.8074712643678117,26.94,26.61,0.97451274,27.07,26.46,1735/5521,26.61,27.07,26.46,26.94,2.286356,2.6002359E7,17,600460,20260417
688067.SH,爱威科技,28.4,2.0481494789795196,26.93,27.01,-0.2961866,27.17,26.45,1737/5521,27.01,27.17,26.45,26.93,2.665679,923727,17,688067,20260417
002819.SZ,东方中科,26.37,0.34246575342465696,26.63,26.6,-0.44859813,26.78,26.41,1738/5521,26.6,26.78,26.41,26.63,1.383177,2185950,33,002819,20260417
920651.BJ,天罡股份,27.67,-3.9236111111111076,29.28,27.15,8.24399261,29.66,26.41,1738/5521,27.15,29.66,26.41,29.28,12.014787,2506642,151,920651,20260417
001358.SZ,兴欣新材,28.71,-0.8290155440414454,27.09,26.93,0.44493882,27.32,26.4,1740/5521,26.68,27.07,26.15,26.84,3.411197,1171980,33,001358,20260417
301665.SZ,泰禾股份,27.45,-0.1818181818181844,26.92,26.89,0.03716091,26.95,26.38,1741/5521,26.89,26.95,26.38,26.92,2.118171,2087352,33,301665,20260417
600900.SH,长江电力,27.32,2.0545386626821096,26.38,26.55,-0.64030132,26.58,26.38,1741/5521,26.55,26.58,26.38,26.38,0.753295,8.3606671E7,17,600900,20260417
300521.SZ,爱司凯,28.9,1.6531832571227536,27.15,26.41,2.18291306,27.5,26.37,1743/5521,26.41,27.5,26.37,27.15,4.252916,2632300,33,300521,20260417
000338.SZ,潍柴动力,31.2,3.4825870646766193,26.5,27.13,-3.28467153,27.13,26.35,1744/5521,27.13,27.13,26.35,26.5,2.846715,9.4608966E7,33,000338,20260417
002773.SZ,康弘药业,24.63,-1.004823151125402,26.62,27.19,-2.41935484,27.25,26.34,1745/5521,27.19,27.25,26.34,26.62,3.335777,1.0875416E7,33,002773,20260417
300773.SZ,拉卡拉,26.94,-0.29607698001479754,26.99,26.76,6.84877276,27.57,26.34,1745/5521,26.76,27.57,26.34,26.99,4.869358,1.09516397E8,33,300773,20260417
300801.SZ,泰和科技,30.3,-1.6233766233766234,26.8,26.53,0.6006006,26.9,26.33,1747/5521,26.53,26.9,26.33,26.8,2.139639,4203200,33,300801,20260417
688106.SH,金宏气体,34.89,-13.100871731008713,27.33,27.49,-0.58202983,27.94,26.32,1748/5521,27.49,27.94,26.32,27.33,5.893052,3.8634104E7,17,688106,20260417
301197.SZ,工大科雅,30.35,0.29742233972240534,27.48,27.11,0.36523009,28.73,26.31,1749/5521,27.11,28.73,26.31,27.48,8.838568,8656355,33,301197,20260417
301206.SZ,三元生物,27.23,0.8145131432802624,26.28,26.68,-1.31430717,26.71,26.28,1750/5521,26.68,26.71,26.28,26.28,1.61472,976750,33,301206,20260417
920593.BJ,鼎智科技,27.43,2.6187803965581717,27.86,26.6,4.89457831,28.25,26.28,1750/5521,26.6,28.25,26.28,27.86,7.417168,3866339,151,920593,20260417
600570.SH,恒生电子,26.79,2.4866105585309817,26.63,26.55,-0.33682635,26.77,26.27,1752/5521,26.55,26.77,26.27,26.63,1.871257,2.0380371E7,17,600570,20260417
300552.SZ,万集科技,26.56,0.9118541033434591,26.8,26.62,-0.1490313,26.95,26.26,1753/5521,26.62,26.95,26.26,26.8,2.570789,5274526,33,300552,20260417
301046.SZ,能辉科技,24.97,1.5453436356242334,26.84,26.5,1.28301887,27.05,26.26,1753/5521,26.5,27.05,26.26,26.84,2.981132,3378378,33,301046,20260417
300478.SZ,杭州高新,29.91,0.36912751677852157,26.7,26.81,-0.0748503,27.25,26.25,1755/5521,26.81,27.25,26.25,26.7,3.742514,3107070,33,300478,20260417
001367.SZ,海森药业,23.7,-0.04217629692113692,26.49,27.45,-3.32116788,27.48,26.24,1756/5521,27.45,27.48,26.24,26.49,4.525547,7034088,33,001367,20260417
002912.SZ,中新赛克,24.3,-0.49140049140049546,26.56,26.6,-0.26286143,26.78,26.24,1756/5521,26.6,26.78,26.24,26.56,2.027788,3709687,33,002912,20260417
300878.SZ,维康药业,28.58,3.927272727272721,26.71,26.83,-1.43911439,27.1,26.2,1758/5521,26.83,27.1,26.2,26.71,3.321033,1720580,33,300878,20260417
301179.SZ,泽宇智能,23.14,-4.0630182421227214,26.4,27.2,-4.2437432,27.21,26.18,1759/5521,27.2,27.21,26.18,26.4,3.735944,2.0982287E7,33,301179,20260417
301331.SZ,恩威医药,27.11,0.5190952910641474,26.39,26.77,-1.27197905,26.77,26.18,1759/5521,26.77,26.77,26.18,26.39,2.207257,948609,33,301331,20260417
605016.SH,百龙创园,27.19,5.5922330097087425,26.29,26.88,-1.57244478,26.89,26.18,1759/5521,26.88,26.89,26.18,26.29,2.65818,3698704,17,605016,20260417
688633.SH,星球石墨,36.2,-1.0388190267905835,27.11,26.21,2.41783151,27.29,26.18,1759/5521,26.21,27.29,26.18,27.11,4.193426,1785659,17,688633,20260417
603360.SH,百傲化学,22.66,9.999999999999995,26.69,26.54,0.67898906,27.12,26.16,1763/5521,26.54,27.12,26.16,26.69,3.621274,7156430,17,603360,20260417
688737.SH,中自科技,29.25,-1.812688821752263,26.59,26.2,1.33384146,26.88,26.14,1764/5521,26.2,26.88,26.14,26.59,2.820121,1794981,17,688737,20260417
605222.SH,起帆电缆,36.37,10.012099213551105,28.4,26.1,6.72679444,28.99,26.1,1765/5521,26.1,28.99,26.1,28.4,10.860578,2.6833826E7,17,605222,20260417
300505.SZ,川金诺,25.29,-1.7482517482517457,26.39,27.05,-4.07124682,27.18,26.08,1766/5521,27.05,27.18,26.08,26.39,3.998545,2.2825933E7,33,300505,20260417
600030.SH,中信证券,27.22,-0.3660322108345586,26.26,26.2,-0.19004181,26.34,26.08,1766/5521,26.2,26.34,26.08,26.26,0.988217,1.06035471E8,17,600030,20260417
002921.SZ,联诚精密,29.74,0.3712453594330052,26.57,27.54,-3.41693929,27.79,26.07,1768/5521,27.54,27.79,26.07,26.57,6.252271,8668617,33,002921,20260417
600196.SH,复星医药,24.89,-1.542721518987344,26.15,26.6,-2.05992509,26.6,26.07,1768/5521,26.6,26.6,26.07,26.15,1.985018,2.031994E7,17,600196,20260417
002289.SZ,*ST宇顺,36.56,4.997128087306152,26.58,26.23,1.33434998,26.58,26.06,1770/5521,26.23,26.58,26.06,26.58,1.982462,1138000,33,002289,20260417
603324.SH,盛剑科技,26.02,2.440944881889768,26.16,26.29,-0.98410295,26.53,26.06,1770/5521,26.29,26.53,26.06,26.16,1.778955,2177000,17,603324,20260417
603217.SH,元利科技,30.71,-1.0950080515297902,26.45,26.32,0.41761579,26.59,26.04,1772/5521,26.32,26.59,26.04,26.45,2.088078,2842256,17,603217,20260417
920978.BJ,开特股份,25.3,-4.239212717638156,28.53,26.47,8.23216995,28.59,26.02,1773/5521,26.47,28.59,26.02,28.53,9.74962,4705345,151,920978,20260417
300921.SZ,南凌科技,26.94,0.2978406552494484,26.3,26.51,-1.82904069,26.65,26.01,1774/5521,26.51,26.65,26.01,26.3,2.388951,9329823,33,300921,20260417
600262.SH,北方股份,24.51,1.030502885408079,27.3,26.14,3.44827586,27.7,26.01,1774/5521,26.14,27.7,26.01,27.3,6.40394,7047219,17,600262,20260417
603938.SH,三孚股份,28.22,-3.3561643835616453,26.81,26.09,1.43776012,28.11,26.01,1774/5521,26.09,28.11,26.01,26.81,7.945516,1.5294423E7,17,603938,20260417
300876.SZ,蒙泰高新,30.48,3.2870213486953537,26.77,26.1,2.21458572,26.8,25.98,1777/5521,26.1,26.8,25.98,26.77,3.130966,1923837,33,300876,20260417
301335.SZ,天元宠物,26.09,0.4234026173979963,26.59,26.04,1.6048911,26.73,25.95,1778/5521,26.04,26.73,25.95,26.59,2.980512,2769155,33,301335,20260417
605333.SH,沪光股份,22.75,-0.08783487044356422,26.31,26.24,0.19040366,26.5,25.95,1778/5521,26.24,26.5,25.95,26.31,2.09444,1825684,17,605333,20260417
603351.SH,威尔药业,27.14,0.4069552349241562,26.2,26.52,-1.46671681,26.73,25.94,1780/5521,26.52,26.73,25.94,26.2,2.971041,1334800,17,603351,20260417
603955.SH,大千生态,25.99,-2.035431586882784,26.18,26.18,-0.72051574,26.79,25.93,1781/5521,26.18,26.79,25.93,26.18,3.261281,1159400,17,603955,20260417
300607.SZ,拓斯达,29.18,2.206654991243429,26.61,26.23,1.44872284,26.75,25.92,1782/5521,26.23,26.75,25.92,26.61,3.164315,9477220,33,300607,20260417
000028.SZ,国药一致,24.54,-1.0483870967741997,26.05,26.51,-1.73519427,26.51,25.91,1783/5521,26.51,26.51,25.91,26.05,2.263296,4603770,33,000028,20260417
301386.SZ,未来电器,25.79,0.9788566953797965,26.54,26.14,1.1047619,26.75,25.91,1783/5521,26.14,26.75,25.91,26.54,3.2,1843700,33,301386,20260417
002885.SZ,京泉华,31.26,1.9902120717781502,26.64,26.27,1.29277567,26.66,25.9,1785/5521,26.27,26.66,25.9,26.64,2.889733,1.9852096E7,33,002885,20260417
300286.SZ,安科瑞,24.18,0.2072109407376739,26.15,26.26,-0.3429878,26.58,25.86,1786/5521,26.26,26.58,25.86,26.15,2.743902,5513600,33,300286,20260417
603270.SH,金帝股份,28.13,2.964860907759878,26.19,25.87,0.80831409,26.22,25.86,1786/5521,25.87,26.22,25.86,26.19,1.385681,2293993,17,603270,20260417
688501.SH,青达环保,24.36,-0.12300123001230479,26.19,26.55,0.53742802,26.55,25.86,1786/5521,26.55,26.55,25.86,26.19,2.648752,1809235,17,688501,20260417
920564.BJ,天润科技,24.24,1.0421008753647354,27.91,26.92,2.68579838,28.28,25.86,1786/5521,26.92,28.28,25.86,27.91,8.903605,4140580,151,920564,20260417
301363.SZ,美好医疗,26.76,0.4127579737335947,26.2,26.08,-0.03815338,26.35,25.81,1790/5521,26.08,26.35,25.81,26.2,2.060282,5962082,33,301363,20260417
601567.SH,三星电气,20.06,-3.2786885245901627,26.25,26.09,0.45924225,26.38,25.8,1791/5521,26.09,26.38,25.8,26.25,2.21967,1.6866558E7,17,601567,20260417
603988.SH,中电电机,24.91,-2.6192337763877958,26.55,26.33,0.41603631,26.88,25.8,1791/5521,26.33,26.88,25.8,26.55,4.08472,8708100,17,603988,20260417
603666.SH,亿嘉和,28.3,-3.313973351554489,27.3,26.01,4.23825888,27.58,25.79,1793/5521,26.01,27.58,25.79,27.3,6.834669,6672672,17,603666,20260417
301015.SZ,百洋医药,24.65,-2.722967640094717,26.53,25.96,1.18230359,26.99,25.77,1794/5521,25.96,26.99,25.77,26.53,4.652936,1.372286E7,33,301015,20260417
920098.BJ,科隆新材,24.66,-2.452531645569624,27.23,26.2,4.01069519,27.33,25.76,1795/5521,26.2,27.33,25.76,27.23,5.996944,1406644,151,920098,20260417
300889.SZ,爱克股份,23.99,-0.6625258799171849,26.31,25.83,1.81888545,26.84,25.73,1796/5521,25.83,26.84,25.73,26.31,4.295665,5946958,33,300889,20260417
603205.SH,健尔康,26.03,-2.3630907726931696,25.8,26.08,-0.69284065,26.08,25.73,1796/5521,26.08,26.08,25.73,25.8,1.34719,485538,17,603205,20260417
603211.SH,晋拓股份,26.8,0.5628517823639855,26.2,26.22,-1.09475274,26.66,25.7,1798/5521,26.22,26.66,25.7,26.2,3.624009,1.39283E7,17,603211,20260417
301192.SZ,泰祥股份,27.73,0.9832483612527296,26.05,26.66,-1.95709447,26.81,25.66,1799/5521,26.66,26.81,25.66,26.05,4.328189,1436600,33,301192,20260417
603657.SH,春光科技,29.33,7.830882352941172,25.95,25.98,-0.49846626,26.06,25.61,1800/5521,25.98,26.06,25.61,25.95,1.72546,1368800,17,603657,20260417
688128.SH,中国电研,26.51,0.3406510219530653,25.97,25.79,0.42536736,26.03,25.61,1800/5521,25.79,26.03,25.61,25.97,1.624129,2074470,17,688128,20260417
300432.SZ,富临精工,28.12,1.8471568272365142,26.76,25.98,3.04197151,26.95,25.6,1802/5521,25.98,26.95,25.6,26.76,5.198305,7.5134659E7,33,300432,20260417
688669.SH,聚石化学,32.5,3.9334825711544625,26.38,25.96,1.85328185,26.48,25.6,1802/5521,25.96,26.48,25.6,26.38,3.397683,2181121,17,688669,20260417
920662.BJ,方盛股份,23.64,-1.2531328320802033,27.08,25.71,4.63678516,27.39,25.6,1802/5521,25.71,27.39,25.6,27.08,6.916537,3009897,151,920662,20260417
920122.BJ,中纺标,26.35,1.502311248073962,27.35,26.15,4.58891013,28.06,25.59,1805/5521,26.15,28.06,25.59,27.35,9.445506,1717222,151,920122,20260417
301379.SZ,天山电子,26.51,1.6877637130801737,26.03,25.76,0.57959815,26.21,25.57,1806/5521,25.76,26.21,25.57,26.03,2.472952,4560024,33,301379,20260417
920971.BJ,天马新材,28.59,-0.24424284717376232,29.95,25.8,16.67315933,31.37,25.57,1806/5521,25.6,31.17,25.37,29.75,22.594468,7369473,151,920971,20260417
603369.SH,今世缘,27.44,-1.2239020878329727,25.71,26.12,-2.46585736,26.12,25.55,1808/5521,26.12,26.12,25.55,25.71,2.162367,1.2842097E7,17,603369,20260417
000400.SZ,许继电气,25.19,-0.7094994087504916,25.66,26.05,-1.45929339,26.05,25.5,1809/5521,26.05,26.05,25.5,25.66,2.112135,3.0587235E7,33,000400,20260417
002130.SZ,沃尔核材,22.74,-0.6986899563318784,25.62,25.75,0.19554165,25.79,25.48,1810/5521,25.75,25.79,25.48,25.62,1.212358,3.4534153E7,33,002130,20260417
002853.SZ,皮阿诺,26.87,1.7803030303030396,25.95,25.81,0.65942591,26.33,25.48,1810/5521,25.81,26.33,25.48,25.95,3.297129,2059350,33,002853,20260417
920046.BJ,亿能电力,24.74,-2.6750590086546153,26.32,25.49,2.77235455,26.68,25.48,1810/5521,25.49,26.68,25.48,26.32,4.685669,7557492,151,920046,20260417
600699.SH,均胜电子,28.52,0.17562346329469866,26.5,25.8,2.00153965,26.68,25.47,1813/5521,25.8,26.68,25.47,26.5,4.657428,4.6570055E7,17,600699,20260417
688288.SH,鸿泉技术,25.01,1.0913500404203846,26.08,25.9,-0.22953328,26.2,25.47,1813/5521,25.9,26.2,25.47,26.08,2.792654,2616648,17,688288,20260417
300638.SZ,广和通,22.45,-0.22222222222222537,25.79,25.59,0.42834891,25.9,25.46,1815/5521,25.59,25.9,25.46,25.79,1.713395,1.3567417E7,33,300638,20260417
001336.SZ,楚环科技,28.92,-0.5159958720330189,25.79,25.93,-0.53991516,26.08,25.41,1816/5521,25.93,26.08,25.41,25.79,2.583879,1209700,33,001336,20260417
300926.SZ,博俊科技,22.77,-0.13157894736842604,25.7,25.75,-0.73387408,25.89,25.41,1816/5521,25.75,25.89,25.41,25.7,1.853997,3603265,33,300926,20260417
603190.SH,亚通精工,28.33,10.01941747572815,25.5,25.79,-0.62353858,25.79,25.38,1818/5521,25.79,25.79,25.38,25.5,1.597817,844200,17,603190,20260417
001378.SZ,德冠新材,26.79,2.290950744558984,26.1,25.39,1.75438596,26.17,25.37,1819/5521,25.39,26.17,25.37,26.1,3.118908,2765974,33,001378,20260417
002816.SZ,*ST和科,23.3,-2.632678646050978,26.08,25.37,2.798581,26.5,25.37,1819/5521,25.37,26.5,25.37,26.08,4.454079,3716300,33,002816,20260417
002173.SZ,创新医疗,23.26,0.3018542475204842,25.55,25.5,-1.00736149,25.72,25.36,1821/5521,25.5,25.72,25.36,25.55,1.394808,1.4186053E7,33,002173,20260417
603899.SH,晨光股份,24.54,-1.3268998793727456,25.37,25.76,-1.47572816,25.8,25.35,1822/5521,25.76,25.8,25.35,25.37,1.747572,2550300,17,603899,20260417
688757.SH,胜科纳米,28.16,7.8927203065134055,25.91,26.09,0.42635659,26.57,25.35,1822/5521,26.09,26.57,25.35,25.91,4.728682,3770558,17,688757,20260417
001319.SZ,铭科精技,23.88,0.8445945945945916,25.66,25.65,0,25.73,25.34,1824/5521,25.65,25.73,25.34,25.66,1.519875,1663600,33,001319,20260417
600887.SH,伊利股份,27.46,3.3496424538953726,25.39,25.59,-0.8203125,25.6,25.32,1825/5521,25.59,25.6,25.32,25.39,1.09375,5.0340376E7,17,600887,20260417
300433.SZ,蓝思科技,25.69,-0.503485670023234,25.99,25.46,1.3650546,26.5,25.31,1826/5521,25.46,26.5,25.31,25.99,4.641185,1.40754053E8,33,300433,20260417
603262.SH,技源集团,25.91,1.0530421216848658,25.82,25.52,1.17554859,25.88,25.29,1827/5521,25.52,25.88,25.29,25.82,2.311912,1124956,17,603262,20260417
600455.SH,博通股份,28.09,1.8491660623640378,25.62,25.74,-0.50485437,25.88,25.26,1828/5521,25.74,25.88,25.26,25.62,2.407766,1459900,17,600455,20260417
300626.SZ,华瑞股份,26.78,2.881290818286592,28.2,26,7.83938815,28.38,25.25,1829/5521,26,28.38,25.25,28.2,11.969407,1.525014E7,33,300626,20260417
001218.SZ,丽臣实业,27.63,9.992038216560502,25.51,25.42,0.03921569,25.6,25.22,1830/5521,25.42,25.6,25.22,25.51,1.490196,1017600,33,001218,20260417
002246.SZ,北化股份,24.36,1.7118997912317335,26.16,25.88,1.003861,26.29,25.19,1831/5521,25.88,26.29,25.19,26.16,4.247104,2.2825146E7,33,002246,20260417
920491.BJ,奥迪威,24.93,2.6771004942339314,26.52,25.46,4.6566693,26.74,25.19,1831/5521,25.16,26.44,24.89,26.22,6.116811,5693971,151,920491,20260417
300327.SZ,中颖电子,27.34,1.4094955489614207,25.8,25.18,1.77514793,25.92,25.18,1833/5521,25.18,25.92,25.18,25.8,2.919132,8612627,33,300327,20260417
603533.SH,掌阅科技,25.02,-1.3017751479290014,25.48,25.51,-1.08695652,25.7,25.16,1834/5521,25.51,25.7,25.16,25.48,2.096273,1.51363E7,17,603533,20260417
000786.SZ,北新建材,25.94,-0.8788689338937731,25.67,25.68,0.3910833,26,25.15,1835/5521,25.68,26,25.15,25.67,3.324208,1.6144985E7,33,000786,20260417
600392.SH,盛和资源,26.03,-0.6109201985490651,26.18,25.2,3.03030303,26.65,25.15,1835/5521,25.2,26.65,25.15,26.18,5.903187,9.1342663E7,17,600392,20260417
603978.SH,深圳新星,26.94,-1.7147026632615792,25.2,25.5,-0.63091483,26,25.15,1835/5521,25.5,26,25.15,25.2,3.351735,7157283,17,603978,20260417
603690.SH,至纯科技,24.87,-1.5829046299960372,25.61,25.19,0.98580442,25.65,25.12,1838/5521,25.19,25.65,25.12,25.61,2.089905,9021106,17,603690,20260417
605089.SH,味知香,26.77,-2.7959331880900495,25.36,25.43,-0.15748031,25.8,25.12,1838/5521,25.43,25.8,25.12,25.36,2.677165,1315832,17,605089,20260417
002553.SZ,南方精工,22.01,-7.404291123264611,25.24,25.4,-0.98077678,25.4,25.11,1840/5521,25.4,25.4,25.11,25.24,1.137701,6971263,33,002553,20260417
688339.SH,亿华通,26.15,9.460025115110916,25.48,25.48,-0.50761421,25.55,25.11,1840/5521,25.48,25.55,25.11,25.48,1.718078,3585672,17,688339,20260417
920008.BJ,成电光信,25.79,2.5447316103379745,26.38,25.36,3.65422397,26.58,25.11,1840/5521,25.36,26.58,25.11,26.38,5.776031,1677026,151,920008,20260417
301113.SZ,雅艺科技,27.07,1.3478098090602748,25.3,25.71,-1.55642023,25.86,25.1,1843/5521,25.71,25.86,25.1,25.3,2.957198,1193736,33,301113,20260417
600520.SH,三佳科技,29.46,-1.1409395973154357,27.81,25.12,10.00791139,27.81,25.1,1843/5521,25.12,27.81,25.1,27.81,10.719936,1.223095E7,17,600520,20260417
920942.BJ,恒立钻具,24.65,0.53017944535073,25.97,25.23,2.93301625,26.3,25.1,1843/5521,25.23,26.3,25.1,25.97,4.756242,1834373,151,920942,20260417
300588.SZ,熙菱信息,24.11,0.5421184320266847,25.24,25.3,-0.1977066,25.67,25.09,1846/5521,25.3,25.67,25.09,25.24,2.293396,3029600,33,300588,20260417
300455.SZ,航天智装,26.29,4.657643312101904,25.51,25.17,1.14988105,25.7,25.08,1847/5521,25.17,25.7,25.08,25.51,2.458366,1.3278051E7,33,300455,20260417
603906.SH,龙蟠科技,33.17,0.5456198848135789,25.99,25.8,3.75249501,27.2,25.07,1848/5521,25.8,27.2,25.07,25.99,8.502994,1.21325586E8,17,603906,20260417
688548.SH,广钢气体,30.06,-1.3455858221201187,25.32,25.51,-2.65282584,25.7,25.06,1849/5521,25.51,25.7,25.06,25.32,2.460592,1.9409294E7,17,688548,20260417
001296.SZ,长江材料,22.95,0.2621231979030088,25.34,25.25,0.11853023,25.47,25.05,1850/5521,25.25,25.47,25.05,25.34,1.659423,1381310,33,001296,20260417
002955.SZ,鸿合科技,25.83,1.0563380281690125,25.33,25.51,-0.19700552,25.51,25.05,1850/5521,25.51,25.51,25.05,25.33,1.81245,1791220,33,002955,20260417
688381.SH,帝奥微,31.97,-2.974203338391514,25.19,25.35,1.04292018,25.78,25.05,1850/5521,25.35,25.78,25.05,25.19,2.928198,5392517,17,688381,20260417
300533.SZ,冰川网络,26.61,-4.004329004329002,25.33,25.7,-2.08735988,25.7,25.04,1853/5521,25.7,25.7,25.04,25.33,2.551217,7528000,33,300533,20260417
603298.SH,杭叉集团,27.17,-1.1999999999999937,25.33,25.84,-0.47151277,25.85,25.02,1854/5521,25.84,25.85,25.02,25.33,3.261296,5248441,17,603298,20260417
605365.SH,立达信,29.47,0.20401224073443971,25.53,25.18,2.07916833,27.06,25.02,1854/5521,25.18,27.06,25.02,25.53,8.156737,2.5566046E7,17,605365,20260417
688156.SH,路德科技,25.48,2.4115755627009703,25.6,25.55,-0.23382697,25.87,25.01,1856/5521,25.55,25.87,25.01,25.6,3.351519,4287629,17,688156,20260417
300998.SZ,宁波方正,27.11,-0.11053795136330559,25.45,25.3,0.95200317,25.81,25,1857/5521,25.3,25.81,25,25.45,3.21301,3613400,33,300998,20260417
603958.SH,哈森股份,24.26,-0.24671052631578422,25.43,25.82,-1.51045701,26.3,25,1857/5521,25.82,26.3,25,25.43,5.034856,1.24788E7,17,603958,20260417
605020.SH,永和股份,26.9,-0.6280014776505419,25.58,25.22,1.02685624,25.62,25,1857/5521,25.22,25.62,25,25.58,2.448657,7337368,17,605020,20260417
920857.BJ,泓禧科技,18.4,-0.9154550350027016,25.5,25.26,0.95011876,26.18,25,1857/5521,25.26,26.18,25,25.5,4.671417,1027639,151,920857,20260417
605338.SH,巴比食品,23.2,-1.1082693947144142,25.26,25.6,-2.09302326,25.68,24.97,1861/5521,25.6,25.68,24.97,25.26,2.751937,2765100,17,605338,20260417
688369.SH,致远互联,24.26,0.12381345439538233,25.17,25,0.31885213,25.58,24.91,1862/5521,25,25.58,24.91,25.17,2.670386,2890626,17,688369,20260417
920011.BJ,晨光电机,24.89,1.1788617886178827,26.77,25.23,6.48369133,27.38,24.9,1863/5521,25.23,27.38,24.9,26.77,9.864757,7024935,151,920011,20260417
300711.SZ,广哈通信,20.87,-0.9492168960607466,25.19,25.26,-0.4741209,25.35,24.89,1864/5521,25.26,25.35,24.89,25.19,1.817463,3747753,33,300711,20260417
300226.SZ,上海钢联,24.81,1.017915309446254,25.05,25.4,-1.30023641,25.42,24.85,1865/5521,25.4,25.42,24.85,25.05,2.245862,6122368,33,300226,20260417
002843.SZ,泰嘉股份,26.58,2.3882896764252597,25.44,24.84,2.66343826,25.88,24.84,1866/5521,24.84,25.88,24.84,25.44,4.196933,3.7087615E7,33,002843,20260417
600566.SH,济川药业,27.69,0.6177325581395411,24.9,25.19,-1.34706815,25.24,24.84,1866/5521,25.19,25.24,24.84,24.9,1.584786,3041855,17,600566,20260417
002436.SZ,兴森科技,27.71,0.9104151493080844,26.15,24.98,4.89370237,26.38,24.83,1868/5521,24.98,26.38,24.83,26.15,6.217408,1.43358611E8,33,002436,20260417
688370.SH,丛麟科技,25.36,2.258064516129027,25.2,25.48,-1.71606864,25.64,24.81,1869/5521,25.48,25.64,24.81,25.2,3.237129,887692,17,688370,20260417
002202.SZ,金风科技,27.55,7.073455110765644,25.39,24.99,1.60064026,25.6,24.8,1870/5521,24.99,25.6,24.8,25.39,3.20128,1.76384611E8,33,002202,20260417
300738.SZ,奥飞数据,24.94,-0.6374501992031878,24.99,25.97,-3.66229761,26.1,24.77,1871/5521,25.97,26.1,24.77,24.99,5.127216,1.04370245E8,33,300738,20260417
300897.SZ,山科智能,26.54,2.194840200231037,25.91,24.77,4.68686869,26.12,24.77,1871/5521,24.77,26.12,24.77,25.91,5.454545,2661794,33,300897,20260417
300622.SZ,博士眼镜,24.78,-0.28169014084507155,25.0,24.89,-0.23942538,25.13,24.76,1873/5521,24.89,25.13,24.76,25.0,1.476456,3800230,33,300622,20260417
601225.SH,陕西煤业,26.13,0.0,24.8,25.08,-0.76030412,25.24,24.75,1874/5521,25.08,25.24,24.75,24.8,1.960784,2.3059289E7,17,601225,20260417
603057.SH,紫燕食品,27.78,3.928170594837264,25.95,25.6,1.56555773,26.77,24.73,1875/5521,25.6,26.77,24.73,25.95,7.984344,6633750,17,603057,20260417
300421.SZ,力星股份,23.78,3.7521815008725974,25.13,24.9,0.03980892,25.26,24.7,1876/5521,24.9,25.26,24.7,25.13,2.229299,1.0334128E7,33,300421,20260417
601595.SH,上海电影,24.25,-0.16467682173733697,25.34,25,1.8488746,25.52,24.68,1877/5521,25,25.52,24.68,25.34,3.376205,6700450,17,601595,20260417
301153.SZ,中科江南,20.64,-0.4821600771456021,24.95,24.99,-0.51834131,25.15,24.64,1878/5521,24.8312659,24.9912659,24.4812659,24.79,2.033492,5479157,33,301153,20260417
600993.SH,马应龙,26.03,-0.3063960168517744,24.76,25.05,-1.31526505,25.07,24.64,1878/5521,25.05,25.07,24.64,24.76,1.71383,5176240,17,600993,20260417
300749.SZ,顶固集创,24.29,0.12366034624895954,25.13,25.01,-0.51464766,25.48,24.63,1880/5521,25.01,25.48,24.63,25.13,3.365003,1.028782E7,33,300749,20260417
001333.SZ,光华股份,23.84,-0.16750418760468655,24.86,24.75,0.36334275,24.9,24.61,1881/5521,24.75,24.9,24.61,24.86,1.170771,2027500,33,001333,20260417
300688.SZ,创业黑马,25.99,0.5804953560371462,24.89,25.16,-1.5037594,25.2,24.6,1882/5521,25.16,25.2,24.6,24.89,2.374356,4814429,33,300688,20260417
601133.SH,柏诚股份,22.78,-2.399314481576687,24.87,25.38,-2.47058824,26.15,24.6,1882/5521,25.38,26.15,24.6,24.87,6.078431,2.203297E7,17,601133,20260417
603589.SH,口子窖,23.86,-1.8106995884773716,24.73,24.95,-1.27744511,24.95,24.6,1882/5521,24.95,24.95,24.6,24.73,1.397205,2979800,17,603589,20260417
300879.SZ,大叶股份,24.24,0.706273369339419,25.43,24.83,2.00561572,25.82,24.58,1885/5521,24.83,25.82,24.58,25.43,4.973926,5785305,33,300879,20260417
301013.SZ,利和兴,25.25,1.405622489959845,25.28,24.6,1.97660347,26.05,24.53,1886/5521,24.6,26.05,24.53,25.28,6.131504,2.0763898E7,33,301013,20260417
688420.SH,美腾科技,27.25,0.4423147806855916,24.71,24.86,-0.96192385,25.07,24.53,1886/5521,24.86,25.07,24.53,24.71,2.164328,728073,17,688420,20260417
301063.SZ,海锅股份,24.06,0.0,25.16,24.69,1.77993528,25.33,24.52,1888/5521,24.69,25.33,24.52,25.16,3.276699,2648323,33,301063,20260417
301276.SZ,嘉曼服饰,27.28,1.1869436201780426,24.93,24.9,-0.31987205,25.06,24.52,1888/5521,24.9,25.06,24.52,24.93,2.159136,1455100,33,301276,20260417
300530.SZ,领湃科技,23.61,-1.8295218295218347,25.15,24.66,1.90437601,25.44,24.5,1890/5521,24.66,25.44,24.5,25.15,3.808752,3169100,33,300530,20260417
002158.SZ,汉钟精机,27.61,9.999999999999991,24.66,24.64,-0.28305702,24.83,24.47,1891/5521,24.64,24.83,24.47,24.66,1.455721,3116792,33,002158,20260417
300986.SZ,志特新材,22.8,-0.5235602094240881,24.76,24.99,-1.47234381,25.1,24.46,1892/5521,24.99,25.1,24.46,24.76,2.546756,3.0307474E7,33,300986,20260417
300808.SZ,久量股份,25.79,-3.227016885553469,24.81,24.93,-0.87894527,25.08,24.44,1893/5521,24.93,25.08,24.44,24.81,2.556931,2273609,33,300808,20260417
001256.SZ,炜冈科技,25.11,0.6009615384615328,24.5,24.68,0.32760033,24.99,24.42,1894/5521,24.68,24.99,24.42,24.5,2.334152,2303600,33,001256,20260417
002326.SZ,永太科技,24.46,-0.5286701911346036,24.67,24.55,-0.20226537,25.2,24.42,1894/5521,24.55,25.2,24.42,24.67,3.155339,3.2902532E7,33,002326,20260417
301348.SZ,蓝箭电子,25.08,2.6606631191158354,24.73,24.5,0.20259319,25.08,24.4,1896/5521,24.5,25.08,24.4,24.73,2.755267,8754060,33,301348,20260417
603876.SH,鼎胜新材,29.76,4.2016806722689175,25.1,25.09,-0.94711918,25.4,24.4,1896/5521,25.09,25.4,24.4,25.1,3.946329,2.8713691E7,17,603876,20260417
920128.BJ,胜业电气,24.1,0.5004170141784862,25.21,24.6,2.27180527,25.7,24.4,1896/5521,24.6,25.7,24.4,25.21,5.273833,1045926,151,920128,20260417
920188.BJ,悦龙科技,27.83,2.8835489833641317,26.18,24.43,8.04787454,26.48,24.4,1896/5521,24.43,26.48,24.4,26.18,8.584399,6720843,151,920188,20260417
920418.BJ,苏轴股份,24.39,-1.3748483623129797,25.9,24.5,5.62805873,26.29,24.4,1896/5521,24.5,26.29,24.4,25.9,7.707993,3707489,151,920418,20260417
920690.BJ,捷众科技,26.43,0.45610034207526035,26.45,24.7,6.52436569,26.8,24.4,1896/5521,24.7,26.8,24.4,26.45,9.665726,1930916,151,920690,20260417
603983.SH,丸美生物,25.17,0.9222133119486785,24.59,24.6,-1.00644122,24.68,24.35,1902/5521,24.6,24.68,24.35,24.59,1.328502,1456860,17,603983,20260417
920706.BJ,铁拓机械,22.67,1.1601963409192395,25.38,24.98,2.50403877,25.76,24.35,1902/5521,24.98,25.76,24.35,25.38,5.694668,3370316,151,920706,20260417
000768.SZ,中航西飞,23.5,0.0,24.67,24.67,-0.20226537,24.75,24.32,1904/5521,24.67,24.75,24.32,24.67,1.739482,1.9037867E7,33,000768,20260417
002981.SZ,朝阳科技,24.58,-4.543689320388356,24.41,24.4,-0.20441537,24.54,24.3,1905/5521,24.4,24.54,24.3,24.41,0.981193,1244120,33,002981,20260417
603193.SH,润本股份,25.97,-0.6123230003827025,24.38,24.55,-0.93457944,24.78,24.3,1905/5521,24.55,24.78,24.3,24.38,1.950426,3284664,17,603193,20260417
603185.SH,弘元绿能,21.71,-1.2733060482037182,24.7,24.6,-0.44336961,25.05,24.26,1907/5521,24.6,25.05,24.26,24.7,3.184199,1.356394E7,17,603185,20260417
688739.SH,成大生物,23.05,-0.9028374892519383,24.38,24.79,-1.6538927,24.79,24.26,1907/5521,24.79,24.79,24.26,24.38,2.137958,1751836,17,688739,20260417
002952.SZ,亚世光电,27.6,-2.1970233876683114,24.92,25.72,-3.8951022,26.09,24.24,1909/5521,25.72,26.09,24.24,24.92,7.134593,1.0482E7,33,002952,20260417
920914.BJ,远航精密,25.79,-1.414373088685019,26.26,24.3,7.18367347,26.62,24.23,1910/5521,24.3,26.62,24.23,26.26,9.755102,4186558,151,920914,20260417
920245.BJ,威博液压,24.84,0.36363636363636304,25.3,24.47,3.05498982,25.68,24.22,1911/5521,24.47,25.68,24.22,25.3,5.947046,874422,151,920245,20260417
603933.SH,睿能科技,24.44,5.027932960893862,24.5,25,-1.80360721,25,24.21,1912/5521,25,25,24.21,24.5,3.166332,2.2638795E7,17,603933,20260417
603701.SH,德宏股份,24.99,1.1331444759206701,24.86,24.76,0.322841,25.34,24.2,1913/5521,24.76,25.34,24.2,24.86,4.600484,6421038,17,603701,20260417
688292.SH,浩瀚深度,22.46,1.1711711711711783,24.42,24.78,-1.53225806,24.87,24.2,1913/5521,24.78,24.87,24.2,24.42,2.701612,3421328,17,688292,20260417
000833.SZ,粤桂股份,31.72,9.986130374479885,25.2,24.5,3.06748466,25.65,24.19,1915/5521,24.5,25.65,24.19,25.2,5.97137,4.5592038E7,33,000833,20260417
920111.BJ,聚星科技,31.5,-5.120481927710851,25.17,24.44,3.36755647,25.49,24.19,1915/5521,24.44,25.49,24.19,25.17,5.338809,2947318,151,920111,20260417
603508.SH,思维列控,26.16,0.0,24.48,24.28,0.57518488,24.54,24.17,1917/5521,24.28,24.54,24.17,24.48,1.520131,3427436,17,603508,20260417
002009.SZ,天奇股份,23.22,0.17256255392579442,24.59,24.56,0.44934641,24.7,24.15,1918/5521,24.56,24.7,24.15,24.59,2.246732,1.6212908E7,33,002009,20260417
002810.SZ,山东赫达,26.74,-2.975326560232222,25.78,24.47,5.31045752,25.96,24.15,1918/5521,24.47,25.96,24.15,25.78,7.39379,2.0004967E7,33,002810,20260417
688078.SH,龙软科技,27.25,3.1806134040136307,24.27,25,-3.22966507,25,24.15,1918/5521,25,25,24.15,24.27,3.389154,1041014,17,688078,20260417
920242.BJ,建邦科技,25.2,0.6389776357827482,27.3,24.15,16.36828645,28.16,24.15,1918/5521,24.15,28.16,24.15,27.3,17.092924,3467616,151,920242,20260417
300662.SZ,科锐国际,24.34,-0.20500205002050312,24.28,24.41,-1.01916021,24.61,24.14,1922/5521,24.41,24.61,24.14,24.28,1.916021,3179100,33,300662,20260417
301371.SZ,敷尔佳,29.04,-0.6160164271047218,24.23,24.15,0.12396694,24.58,24.11,1923/5521,24.15,24.58,24.11,24.23,1.942148,1855813,33,301371,20260417
603778.SH,国晟科技,26.6,-2.813299232736571,24.25,24.8,-8.14393939,25.27,24.1,1924/5521,24.8,25.27,24.1,24.25,4.431818,1.29469107E8,17,603778,20260417
301118.SZ,恒光股份,28.52,2.5899280575539527,24.39,24.4,-0.04098361,24.8,24.06,1925/5521,24.4,24.8,24.06,24.39,3.032786,1585100,33,301118,20260417
605277.SH,新亚电子,22.83,-0.3056768558951978,24.38,24.18,0.86884568,24.45,24.06,1925/5521,24.18,24.45,24.06,24.38,1.61357,5749983,17,605277,20260417
300780.SZ,德恩精工,25.08,0.1597444089456835,24.81,24.08,1.972873,25.45,24.05,1927/5521,24.08,25.45,24.05,24.81,5.754212,1.43617E7,33,300780,20260417
001231.SZ,农心科技,25.49,0.6714060031595503,24.93,24.48,1.63065634,25.15,24.04,1928/5521,24.48,25.15,24.04,24.93,4.525071,3817145,33,001231,20260417
300415.SZ,伊之密,24.22,1.3389121338912147,24.46,24.87,-4.15360502,25.07,24.03,1929/5521,24.87,25.07,24.03,24.46,4.075235,1.8219625E7,33,300415,20260417
300656.SZ,民德电子,25.29,5.155925155925149,24.99,24.22,3.13660751,25.15,24.02,1930/5521,24.22,25.15,24.02,24.99,4.66364,6311982,33,300656,20260417
920876.BJ,慧为智能,22.22,-0.1348314606741624,25.23,24.3,3.91268534,25.66,24.02,1930/5521,24.3,25.66,24.02,25.23,6.75453,1782463,151,920876,20260417
002241.SZ,歌尔股份,24.5,-0.8097165991902805,24.19,24.01,-0.12386457,24.53,24.01,1932/5521,24.01,24.53,24.01,24.19,2.146985,5.6977837E7,33,002241,20260417
003020.SZ,立方制药,22.73,-0.698995194408039,24.2,24.5,-1.2244898,24.55,24.01,1932/5521,24.5,24.55,24.01,24.2,2.204081,1605360,33,003020,20260417
920357.BJ,雅葆轩,25.4,-2.6819923371647616,26.08,24.28,7.54639175,26.38,24.01,1932/5521,24.28,26.38,24.01,26.08,9.773195,4927468,151,920357,20260417
603585.SH,苏利股份,19.33,-0.41215868109223003,24.06,24.6,-4.06698565,25,24,1935/5521,24.6,25,24,24.06,3.98724,1.4151135E7,17,603585,20260417
300179.SZ,四方达,29.06,0.379965457685663,25.35,24.33,3.5116374,25.6,23.98,1936/5521,24.33,25.6,23.98,25.35,6.614944,4.6674672E7,33,300179,20260417
688351.SH,微电生理,23.4,3.129131776112813,24.36,23.98,0.95317033,24.97,23.98,1936/5521,23.98,24.97,23.98,24.36,4.102776,5353724,17,688351,20260417
603239.SH,浙江仙通,23.81,-1.3261500207210952,24.17,24.31,-0.86136177,24.73,23.96,1938/5521,24.31,24.73,23.96,24.17,3.158326,3565000,17,603239,20260417
688186.SH,广大特材,19.72,-3.522504892367918,24.5,24.04,1.91347754,24.64,23.95,1939/5521,24.04,24.64,23.95,24.5,2.870216,1.0626863E7,17,688186,20260417
301500.SZ,飞南资源,29.14,-1.3874788494077839,24.04,24.1,-1.23253903,24.66,23.94,1940/5521,24.1,24.66,23.94,24.04,2.958093,1.0959039E7,33,301500,20260417
605080.SH,浙江自然,25.39,0.6740681998414025,24.7,24.1,2.48962656,24.95,23.93,1941/5521,24.1,24.95,23.93,24.7,4.232365,2677610,17,605080,20260417
301399.SZ,英特科技,21.0,-2.3255813953488373,24.02,24.13,-1.79885527,24.49,23.92,1942/5521,24.13,24.49,23.92,24.02,2.330335,6389703,33,301399,20260417
600602.SH,云赛智联,21.77,-0.36613272311213657,24.08,24.26,-2.23304913,24.52,23.92,1942/5521,24.26,24.52,23.92,24.08,2.436053,8.5763281E7,17,600602,20260417
300885.SZ,海昌新材,28.64,19.98324256388772,24.99,24.2,3.09405941,25.25,23.9,1944/5521,24.2,25.25,23.9,24.99,5.569306,1.0057345E7,33,300885,20260417
300898.SZ,熊猫乳品,24.04,-0.45548654244306186,24.32,23.95,1.2068248,24.5,23.9,1944/5521,23.95,24.5,23.9,24.32,2.496878,6615404,33,300898,20260417
603960.SH,克来机电,22.29,-1.849405548216652,24.31,24.41,-0.93724531,24.48,23.89,1946/5521,24.41,24.48,23.89,24.31,2.404237,1.3393001E7,17,603960,20260417
688021.SH,奥福科技,30.3,16.314779270633398,24.31,24.5,-0.40966817,24.52,23.89,1946/5521,24.5,24.52,23.89,24.31,2.580909,1687067,17,688021,20260417
301246.SZ,宏源药业,29.97,15.758980301274617,24.3,24.25,-0.40983607,24.76,23.88,1948/5521,24.25,24.76,23.88,24.3,3.606557,2.0358055E7,33,301246,20260417
002813.SZ,路畅科技,26.46,1.4959723820483335,24.25,24.33,-0.85854456,24.42,23.84,1949/5521,24.33,24.42,23.84,24.25,2.371218,1710600,33,002813,20260417
301016.SZ,雷尔伟,16.29,3.824091778202675,23.94,24.35,-1.92544039,24.6,23.84,1949/5521,17.28571429,17.46428571,16.92142857,16.99,3.113478,3417539,33,301016,20260417
688329.SH,艾隆科技,24.07,3.3047210300429164,24.14,24.49,-1.02501025,24.49,23.83,1951/5521,24.49,24.49,23.83,24.14,2.706027,1409978,17,688329,20260417
002983.SZ,芯瑞达,23.3,-0.29952931108258574,24.66,23.85,2.75,24.75,23.81,1952/5521,23.85,24.75,23.81,24.66,3.916666,2933830,33,002983,20260417
603192.SH,汇得科技,22.72,-4.256215760640546,23.88,24.25,-1.1589404,24.25,23.81,1952/5521,24.25,24.25,23.81,23.88,1.821192,854200,17,603192,20260417
002866.SZ,传艺科技,25.86,-1.560715645222688,26.39,24.23,10.0041684,26.39,23.8,1954/5521,24.23,26.39,23.8,26.39,10.796165,4.4118416E7,33,002866,20260417
300629.SZ,新劲刚,25.13,1.126760563380272,25.51,23.81,6.24739692,25.59,23.8,1954/5521,23.81,25.59,23.8,25.51,7.455226,2.5478149E7,33,300629,20260417
300960.SZ,通业科技,20.99,0.9620009620009586,23.98,24.21,-1.27624537,24.44,23.8,1954/5521,24.21,24.44,23.8,23.98,2.634829,1742800,33,300960,20260417
920523.BJ,德瑞锂电,23.15,-1.1106364801367004,25.1,24.14,4.4093178,25.3,23.8,1954/5521,24.14,25.3,23.8,25.1,6.2396,3942498,151,920523,20260417
600990.SH,四创电子,23.12,1.3146362839614405,24.29,24.15,0.95594347,24.35,23.78,1958/5521,24.15,24.35,23.78,24.29,2.369077,4223356,17,600990,20260417
003011.SZ,海象新材,23.8,1.4060502769493048,23.95,23.99,-0.58115401,24.26,23.73,1959/5521,23.99,24.26,23.73,23.95,2.200083,2011100,33,003011,20260417
605303.SH,园林股份,23.14,1.0480349344978253,24.44,24,1.83333333,25.33,23.73,1959/5521,24,25.33,23.73,24.44,6.666666,1.0512403E7,17,605303,20260417
688695.SH,中创股份,25.37,1.9694533762057957,24.04,24.26,-1.47540984,24.47,23.72,1961/5521,24.26,24.47,23.72,24.04,3.07377,1500797,17,688695,20260417
600764.SH,中国海防,23.62,-1.5833333333333293,24.32,24.24,0.16474465,24.35,23.71,1962/5521,24.24,24.35,23.71,24.32,2.635914,6558300,17,600764,20260417
920299.BJ,灿能电力,22.29,-1.284322409211688,24.91,24.09,3.53283458,25.12,23.68,1963/5521,24.09,25.12,23.68,24.91,5.985037,4506508,151,920299,20260417
688218.SH,江苏北人,34.0,6.25,24.33,24,0.95435685,24.49,23.67,1964/5521,24,24.49,23.67,24.33,3.402489,3451603,17,688218,20260417
300736.SZ,百邦科技,27.6,-0.9687836383207734,24.61,24.74,3.49032801,25.66,23.66,1965/5521,24.74,25.66,23.66,24.61,8.410428,3.1567877E7,33,300736,20260417
300486.SZ,东杰智能,23.16,0.08643042350907335,24.06,24,-0.08305648,24.19,23.63,1966/5521,24,24.19,23.63,24.06,2.325581,1.02784E7,33,300486,20260417
603985.SH,恒润股份,26.12,-3.1516499814608747,24.6,25.1,0.24449878,25.7,23.61,1967/5521,25.1,25.7,23.61,24.6,8.516707,8.5021942E7,17,603985,20260417
300940.SZ,南极光,19.77,-2.7066929133858304,23.7,23.91,-1.00250627,23.91,23.6,1968/5521,23.91,23.91,23.6,23.7,1.294903,3695360,33,300940,20260417
688349.SH,三一重能,24.8,0.8950366151342654,24.26,23.6,2.49260668,24.45,23.6,1968/5521,23.6,24.45,23.6,24.26,3.591043,6578361,17,688349,20260417
300860.SZ,锋尚文化,25.04,2.8336755646817156,24.06,23.78,0.66945607,24.17,23.54,1970/5521,23.78,24.17,23.54,24.06,2.635983,1889639,33,300860,20260417
002961.SZ,瑞达期货,24.76,0.16181229773463876,23.96,23.8,0.46121593,24.18,23.52,1971/5521,23.8,24.18,23.52,23.96,2.767295,7952815,33,002961,20260417
605507.SH,国邦医药,23.92,-1.2386457473162558,24.03,24.27,-0.90721649,24.27,23.52,1971/5521,24.27,24.27,23.52,24.03,3.092783,6888767,17,605507,20260417
300302.SZ,同有科技,27.72,-3.1446540880503218,24.39,23.99,3.74308805,24.68,23.5,1973/5521,23.99,24.68,23.5,24.39,5.01914,3.9658033E7,33,300302,20260417
920906.BJ,舜宇精工,23.26,0.6926406926406932,24.64,23.72,4.36255824,24.95,23.46,1974/5521,23.72,24.95,23.46,24.64,6.310885,1331344,151,920906,20260417
300130.SZ,新国都,22.12,-0.6289308176100654,23.84,23.6,1.66311301,23.95,23.45,1975/5521,23.6,23.95,23.45,23.84,2.132196,1.2173538E7,33,300130,20260417
688038.SH,中科通达,20.96,-2.51162790697674,23.72,24.1,-0.67001675,24.3,23.45,1975/5521,24.1,24.3,23.45,23.72,3.559463,3392424,17,688038,20260417
603726.SH,朗迪集团,24.85,10.004426737494475,23.86,23.68,0.46315789,23.89,23.42,1977/5521,23.68,23.89,23.42,23.86,1.978947,2092600,17,603726,20260417
688393.SH,安必平,24.6,1.0266940451745379,23.6,23.6,-0.7986549,23.83,23.41,1978/5521,23.6,23.83,23.41,23.6,1.765447,1088942,17,688393,20260417
003008.SZ,开普检测,23.5,2.485826428259923,23.52,23.75,-0.12738854,23.75,23.38,1979/5521,23.75,23.75,23.38,23.52,1.571125,1518460,33,003008,20260417
300971.SZ,博亚精工,24.36,0.7444168734491303,23.79,23.69,0.42211904,23.8,23.38,1979/5521,23.69,23.8,23.38,23.79,1.772899,2216529,33,300971,20260417
002995.SZ,天地在线,22.4,2.611085661933121,23.89,24.05,-1.40321915,24.09,23.33,1981/5521,24.05,24.09,23.33,23.89,3.136607,1.2558189E7,33,002995,20260417
688598.SH,金博股份,24.79,-0.48173424327579684,23.85,23.42,1.14503817,24.08,23.33,1981/5521,23.42,24.08,23.33,23.85,3.180661,3172461,17,688598,20260417
688129.SH,东来技术,29.44,-3.2215647600262995,24.3,23.7,1.71619925,25.1,23.27,1983/5521,23.7,25.1,23.27,24.3,7.660108,2057227,17,688129,20260417
600346.SH,恒力石化,22.09,-0.5850585058505806,23.33,24.11,-3.99176955,24.42,23.26,1984/5521,24.11,24.42,23.26,23.33,4.773662,2.9995823E7,17,600346,20260417
001323.SZ,慕思股份,23.84,-1.3653289201489525,23.59,23.61,-0.46413502,23.76,23.25,1985/5521,23.61,23.76,23.25,23.59,2.151898,1243243,33,001323,20260417
920078.BJ,族兴新材,27.61,9.13043478260869,26.18,23.66,10.32448378,27.98,23.2,1986/5521,23.66,27.98,23.2,26.18,20.143278,7606240,151,920078,20260417
000951.SZ,中国重汽,21.85,-3.7444933920704755,23.82,24.04,-2.894415,24.1,23.13,1987/5521,24.04,24.1,23.13,23.82,3.954341,2.2401777E7,33,000951,20260417
301262.SZ,海看股份,23.67,-0.8793969849246118,23.48,23.34,-0.08510638,23.55,23.12,1988/5521,23.34,23.55,23.12,23.48,1.829787,3517646,33,301262,20260417
002287.SZ,奇正藏药,22.74,-0.2631578947368521,23.3,23.44,-0.59726962,23.44,23.1,1989/5521,23.44,23.44,23.1,23.3,1.450511,1701542,33,002287,20260417
920061.BJ,西磁科技,25.2,-2.3255813953488427,24.1,23.34,3.07955518,24.3,23.08,1990/5521,23.34,24.3,23.08,24.1,5.218135,1110037,151,920061,20260417
603109.SH,神驰机电,22.4,0.3584229390680927,24.18,23.79,3.82138257,24.37,23.06,1991/5521,23.79,24.37,23.06,24.18,5.624731,7749504,17,603109,20260417
301065.SZ,本立科技,24.33,-0.6533278889342595,23.02,23.23,-0.86132644,23.65,23.02,1992/5521,23.23,23.65,23.02,23.02,2.713178,1423850,33,301065,20260417
301601.SZ,惠通科技,21.95,-1.3039568345323704,23.95,23.34,3.14384152,24.28,23.01,1993/5521,23.34,24.28,23.01,23.95,5.469422,2988403,33,301601,20260417
603381.SH,永臻股份,24.14,1.3434089000839642,23.26,23.26,-0.08591065,23.86,23.01,1993/5521,23.26,23.86,23.01,23.26,3.651202,5109731,17,603381,20260417
301120.SZ,新特电气,19.63,-1.850000000000005,23.0,23.8,-3.92648287,23.88,23,1995/5521,23.8,23.88,23,23.0,3.675856,1.9572556E7,33,301120,20260417
301321.SZ,翰博高新,26.27,-1.7943925233644875,23.89,23.49,1.87633262,24.09,23,1995/5521,23.49,24.09,23,23.89,4.648187,5846630,33,301321,20260417
600501.SH,航天晨光,23.61,2.163565556036348,23.57,23.14,1.15879828,23.65,23,1995/5521,23.14,23.65,23,23.57,2.789699,8947126,17,600501,20260417
300858.SZ,科拓生物,17.85,-2.4056861673045256,25.45,22.98,8.29787234,27.08,22.98,1998/5521,22.98,27.08,22.98,25.45,17.446808,4.3939755E7,33,300858,20260417
301091.SZ,深城交,21.25,-0.7936507936508016,23.29,23.5,-1.854193,23.69,22.97,1999/5521,23.5,23.69,22.97,23.29,3.034134,1.2728062E7,33,301091,20260417
301329.SZ,信音电子,25.24,2.062272543469462,23.46,23.2,1.12068966,23.6,22.97,1999/5521,23.2,23.6,22.97,23.46,2.715517,2454708,33,301329,20260417
688729.SH,屹唐股份,23.61,4.37665782493368,23.37,23.19,0.95032397,23.54,22.97,1999/5521,23.19,23.54,22.97,23.37,2.462203,6058645,17,688729,20260417
600879.SH,航天电子,23.97,3.9011703511053253,23.42,23.02,1.12262522,23.57,22.95,2002/5521,23.02,23.57,22.95,23.42,2.677029,1.28242468E8,17,600879,20260417
001257.SZ,盛龙股份,22.52,-0.7492287351256135,23.12,23.25,-1.32309006,23.96,22.93,2003/5521,23.25,23.96,22.93,23.12,4.396073,2.5548794E7,33,001257,20260417
002829.SZ,星网宇达,21.89,3.5477767265846736,23.13,23.15,-0.34467902,23.27,22.91,2004/5521,23.15,23.27,22.91,23.13,1.551055,3863820,33,002829,20260417
603078.SH,江化微,24.81,2.8180687940323237,23.28,23.2,0.51813472,23.39,22.91,2004/5521,23.2,23.39,22.91,23.28,2.072538,9174795,17,603078,20260417
603626.SH,科森科技,25.16,5.008347245409012,24.45,23.2,2.94736842,24.67,22.9,2006/5521,23.2,24.67,22.9,24.45,7.452631,4.1753791E7,17,603626,20260417
301265.SZ,华新科技,26.06,0.2693343593689892,23.5,24.46,-4.08163265,25.58,22.88,2007/5521,24.46,25.58,22.88,23.5,11.020408,2.0830197E7,33,301265,20260417
600845.SH,宝信软件,22.68,-0.7005253940455348,22.92,23.32,-2.26012793,23.55,22.88,2007/5521,23.32,23.55,22.88,22.92,2.857142,1.7318459E7,17,600845,20260417
688355.SH,明志科技,23.37,0.38659793814432925,23.35,23.43,0.0428449,23.7,22.88,2007/5521,23.43,23.7,22.88,23.35,3.513281,2735683,17,688355,20260417
920533.BJ,骏创科技,22.78,0.7964601769911491,24.52,22.9,5.37172325,24.68,22.86,2010/5521,22.9,24.68,22.86,24.52,7.821229,3942840,151,920533,20260417
002393.SZ,力生制药,16.7,-0.6543723973825071,23.1,23.49,-2.44932432,23.66,22.85,2011/5521,19.075,19.21666667,18.54166667,18.75,3.420608,5374064,33,002393,20260417
600801.SH,华新建材,21.51,-4.527296937416775,23.01,22.96,-0.56179775,23.19,22.85,2011/5521,22.96,23.19,22.85,23.01,1.469317,7640540,17,600801,20260417
300685.SZ,艾德生物,20.21,-1.4627011214041965,22.94,23.41,-2.46598639,23.45,22.84,2013/5521,23.41,23.45,22.84,22.94,2.593537,1.1605768E7,33,300685,20260417
603568.SH,伟明环保,21.47,1.2258368694012165,23.3,23.18,0.47434239,23.5,22.84,2013/5521,23.18,23.5,22.84,23.3,2.846054,1.1077583E7,17,603568,20260417
300045.SZ,华力创通,22.36,3.9516503951650295,23.1,23,0.21691974,23.2,22.82,2015/5521,23,23.2,22.82,23.1,1.64859,1.7229833E7,33,300045,20260417
300853.SZ,申昊科技,29.88,-2.4167210973220183,24.47,23.65,3.90658174,24.54,22.81,2016/5521,23.65,24.54,22.81,24.47,7.346072,1.2561501E7,33,300853,20260417
301188.SZ,力诺药包,26.85,4.474708171206234,25.06,23.16,7.50750751,26,22.78,2017/5521,23.16,26,22.78,25.06,13.813813,3.135353E7,33,301188,20260417
300880.SZ,迦南智能,22.35,-1.6285211267605522,22.77,23.16,-1.68393782,23.43,22.77,2018/5521,23.16,23.43,22.77,22.77,2.84974,8369615,33,300880,20260417
301505.SZ,苏州规划,23.31,1.7903930131004373,22.8,22.9,0.52910053,23.63,22.77,2018/5521,22.9,23.63,22.77,22.8,3.791887,3354474,33,301505,20260417
600060.SH,海信视像,25.6,2.1548284118116627,22.92,23.1,-0.6932409,23.2,22.76,2020/5521,23.1,23.2,22.76,22.92,1.906412,5828000,17,600060,20260417
300035.SZ,中科电气,21.0,-6.208128628852169,22.86,22.93,-0.60869565,23.25,22.75,2021/5521,22.93,23.25,22.75,22.86,2.173913,3.4064715E7,33,300035,20260417
600332.SH,白云山,22.65,-0.9619588981198182,22.78,22.88,-0.61082024,22.88,22.72,2022/5521,22.88,22.88,22.72,22.78,0.69808,7931513,17,600332,20260417
603716.SH,塞力医疗,21.26,0.9496676163342965,23.0,23.29,-1.2451696,23.57,22.72,2022/5521,23.29,23.57,22.72,23.0,3.649635,1.4961784E7,17,603716,20260417
688177.SH,百奥泰,20.6,-0.4349927501208306,23.03,23.25,-1.79104478,23.4,22.72,2022/5521,23.25,23.4,22.72,23.03,2.899786,3795706,17,688177,20260417
000766.SZ,通化金马,24.67,3.135451505016722,23.65,22.71,3.13999128,23.8,22.71,2025/5521,22.71,23.8,22.71,23.65,4.753597,2.2787905E7,33,000766,20260417
000901.SZ,航天科技,24.0,3.359173126614992,23.12,22.83,0.96069869,23.34,22.7,2026/5521,22.83,23.34,22.7,23.12,2.794759,2.4859861E7,33,000901,20260417
603103.SH,横店影视,20.66,1.0763209393346322,24.09,23.15,4.06047516,24.23,22.7,2026/5521,23.15,24.23,22.7,24.09,6.609071,2.4408652E7,17,603103,20260417
920208.BJ,青矩技术,23.37,0.42973785990546376,23.6,22.9,3.05676856,23.75,22.7,2026/5521,22.9,23.75,22.7,23.6,4.585152,1952677,151,920208,20260417
300069.SZ,金利华电,30.6,6.955609926599099,22.85,23.53,-3.1779661,23.53,22.68,2029/5521,23.53,23.53,22.68,22.85,3.601694,1.12137E7,33,300069,20260417
300915.SZ,海融科技,24.76,1.475409836065586,22.88,23.03,-0.08733624,23.05,22.66,2030/5521,23.03,23.05,22.66,22.88,1.703056,703970,33,300915,20260417
603075.SH,热威股份,23.54,-0.8842105263157931,22.75,22.69,-0.17551558,22.87,22.66,2030/5521,22.69,22.87,22.66,22.75,0.921456,1252431,17,603075,20260417
002066.SZ,瑞泰科技,23.33,2.7753303964757667,23.41,22.91,2.49562172,23.45,22.64,2032/5521,22.91,23.45,22.64,23.41,3.546409,6368224,33,002066,20260417
300554.SZ,三超新材,25.35,2.590044516390128,23.29,22.8,1.83646699,23.52,22.64,2032/5521,22.8,23.52,22.64,23.29,3.847835,2679369,33,300554,20260417
300873.SZ,海晨股份,21.07,-0.6600660066006627,23.24,22.85,1.8851381,23.68,22.63,2034/5521,22.85,23.68,22.63,23.24,4.603244,3145700,33,300873,20260417
301199.SZ,迈赫股份,21.53,1.5566037735849145,22.92,22.75,0.43821209,22.95,22.63,2034/5521,22.75,22.95,22.63,22.92,1.402278,1378180,33,301199,20260417
600980.SH,北矿科技,23.06,0.6108202443280847,22.93,22.7,1.10229277,23.06,22.63,2034/5521,22.7,23.06,22.63,22.93,1.895943,3144900,17,600980,20260417
920160.BJ,北矿检测,23.99,3.1827956989247244,23.66,22.9,3.00391815,23.8,22.63,2034/5521,22.9,23.8,22.63,23.66,5.0936,1219905,151,920160,20260417
688015.SH,交控科技,21.66,2.5568181818181777,22.91,23.06,-0.65047702,23.06,22.61,2038/5521,23.06,23.06,22.61,22.91,1.951431,1561436,17,688015,20260417
300893.SZ,松原安全,22.58,-0.39700044111161625,23.28,22.79,1.65938865,23.3,22.6,2039/5521,22.79,23.3,22.6,23.28,3.056768,2914078,33,300893,20260417
301515.SZ,港通医疗,23.93,-1.1157024793388413,22.81,22.96,-0.6533101,23.11,22.6,2039/5521,22.96,23.11,22.6,22.81,2.221254,1889429,33,301515,20260417
605580.SH,恒盛能源,21.47,0.7981220657276908,22.65,23.13,-2.11754538,23.52,22.6,2039/5521,23.13,23.52,22.6,22.65,3.975799,6250177,17,605580,20260417
600835.SH,上海机电,24.15,1.3003355704697932,22.88,22.87,0.0437254,23.05,22.59,2042/5521,22.87,23.05,22.59,22.88,2.011368,6718420,17,600835,20260417
002597.SZ,金禾实业,23.33,1.0831889081455808,22.72,22.96,-1.00217865,23.1,22.56,2043/5521,22.96,23.1,22.56,22.72,2.352941,6068300,33,002597,20260417
002557.SZ,洽洽食品,23.27,0.518358531317499,23.3,22.68,3.09734513,23.45,22.55,2044/5521,22.68,23.45,22.55,23.3,3.9823,1.0161997E7,33,002557,20260417
920080.BJ,奥美森,24.66,3.439597315436243,23.69,22.77,4.36123348,23.88,22.55,2044/5521,22.77,23.88,22.55,23.69,5.85903,930939,151,920080,20260417
605033.SH,美邦股份,23.24,1.2636165577342011,22.68,22.6,-0.39525692,22.76,22.51,2046/5521,22.6,22.76,22.51,22.68,1.097935,1548600,17,605033,20260417
688298.SH,东方生物,22.33,0.676284941388632,22.63,22.9,-1.1790393,22.9,22.5,2047/5521,22.9,22.9,22.5,22.63,1.746724,1078239,17,688298,20260417
603908.SH,牧高笛,24.18,1.6393442622950845,22.67,22.85,-0.78774617,23,22.46,2048/5521,22.85,23,22.46,22.67,2.363238,1067580,17,603908,20260417
603939.SH,益丰药房,23.2,-0.9816474605207018,22.45,22.95,-2.17864924,22.95,22.41,2049/5521,22.95,22.95,22.41,22.45,2.352941,5101757,17,603939,20260417
920273.BJ,一致魔芋,21.23,-2.120792992162291,23.79,23.2,2.54310345,24.1,22.41,2049/5521,22.7,23.6,21.91,23.29,7.284482,3798912,151,920273,20260417
301125.SZ,腾亚精工,23.18,0.5639913232104078,22.88,22.52,1.59857904,23.17,22.4,2051/5521,22.52,23.17,22.4,22.88,3.419182,3947516,33,301125,20260417
605599.SH,菜百股份,19.19,-8.705994291151276,22.76,22.55,0.22016733,22.93,22.4,2051/5521,22.55,22.93,22.4,22.76,2.333773,2905403,17,605599,20260417
688589.SH,力合微,23.03,2.4466192170818535,22.65,22.68,0.13262599,22.72,22.4,2051/5521,22.68,22.72,22.4,22.65,1.414677,2164888,17,688589,20260417
000921.SZ,海信家电,24.03,2.124946876328092,22.46,22.82,-1.79274158,22.82,22.38,2054/5521,22.82,22.82,22.38,22.46,1.923917,6556087,33,000921,20260417
301268.SZ,铭利达,23.01,6.774941995359632,22.73,22.52,0.44189129,23.26,22.38,2054/5521,22.52,23.26,22.38,22.73,3.888643,3126400,33,301268,20260417
603607.SH,京华激光,23.58,0.21249468763279708,23.22,22.56,2.97117517,23.85,22.38,2054/5521,22.56,23.85,22.38,23.22,6.518847,6100440,17,603607,20260417
688783.SH,西安奕材,23.7,5.850826261723979,22.65,22.38,0.53262317,22.92,22.38,2054/5521,22.38,22.92,22.38,22.65,2.396804,5138938,17,688783,20260417
002119.SZ,康强电子,21.01,1.0096153846153886,23.45,22.5,3.85296723,23.6,22.36,2058/5521,22.5,23.6,22.36,23.45,5.491585,6.4269422E7,33,002119,20260417
002969.SZ,嘉美包装,22.6,-0.5281690140844958,22.57,22.8,-1.56999564,22.99,22.36,2058/5521,22.8,22.99,22.36,22.57,2.747492,4.6884952E7,33,002969,20260417
300702.SZ,天宇股份,21.09,-1.0323791647113978,22.53,22.8,-1.7444396,22.9,22.36,2058/5521,22.8,22.9,22.36,22.53,2.354993,2586900,33,300702,20260417
603618.SH,杭电股份,28.26,-4.105870376654216,24.12,22.5,5.69675723,24.91,22.36,2058/5521,22.5,24.91,22.36,24.12,11.174408,1.029926E8,17,603618,20260417
301027.SZ,华蓝集团,24.69,-1.7117834394904448,22.97,22.9,-0.13043478,23.37,22.33,2062/5521,22.9,23.37,22.33,22.97,4.521739,5315546,33,301027,20260417
301072.SZ,中捷精工,24.65,1.607584501236591,22.64,22.72,0.04418913,22.86,22.33,2062/5521,22.72,22.86,22.33,22.64,2.342023,1042387,33,301072,20260417
300882.SZ,万胜智能,18.24,-1.458670988654798,22.39,23.01,-3.15743945,23.09,22.32,2064/5521,23.01,23.09,22.32,22.39,3.330449,5947353,33,300882,20260417
002262.SZ,恩华药业,22.42,0.04462293618920823,22.34,22.76,-2.57304841,22.88,22.3,2065/5521,22.76,22.88,22.3,22.34,2.529437,8446846,33,002262,20260417
300767.SZ,震安科技,23.28,0.6485084306096072,23.35,23.01,1.74291939,23.58,22.29,2066/5521,23.01,23.58,22.29,23.35,5.620915,1.550183E7,33,300767,20260417
000777.SZ,中核科技,19.86,0.6079027355623151,22.84,22.68,0.74988972,23.02,22.28,2067/5521,22.68,23.02,22.28,22.84,3.264225,1.0014391E7,33,000777,20260417
920961.BJ,创远信科,19.01,-3.5025380710659784,23.99,22.45,6.8596882,24.5,22.27,2068/5521,22.45,24.5,22.27,23.99,9.933184,4489711,151,920961,20260417
600206.SH,有研新材,27.37,2.0126723816623286,23.29,22.32,4.29914913,24.1,22.25,2069/5521,22.32,24.1,22.25,23.29,8.284818,5.7824574E7,17,600206,20260417
688232.SH,新点软件,22.12,0.1811594202898673,22.44,22.45,-0.66401062,22.56,22.25,2069/5521,22.45,22.56,22.25,22.44,1.372288,1702090,17,688232,20260417
001269.SZ,欧晶科技,21.56,0.7476635514018699,22.61,22.54,0,22.71,22.23,2071/5521,22.54,22.71,22.23,22.61,2.122954,2999900,33,001269,20260417
603320.SH,迪贝电气,24.24,-0.8588957055214759,22.29,22.74,-2.27970189,22.95,22.23,2071/5521,22.74,22.95,22.23,22.29,3.15651,3742680,17,603320,20260417
301049.SZ,超越科技,27.0,7.784431137724549,22.34,22.86,-2.27471566,22.86,22.22,2073/5521,22.86,22.86,22.22,22.34,2.79965,1466601,33,301049,20260417
002657.SZ,中科金财,20.75,2.8755577590480823,22.5,22.55,-0.22172949,22.63,22.21,2074/5521,22.55,22.63,22.21,22.5,1.862527,7492791,33,002657,20260417
002757.SZ,南兴股份,23.16,1.7127799736495415,22.36,22.79,-1.88679245,23.17,22.21,2074/5521,22.79,23.17,22.21,22.36,4.212373,3.87452E7,33,002757,20260417
300982.SZ,苏文电能,23.15,-2.608329827513677,22.54,22.7,-0.61728395,22.78,22.21,2074/5521,22.7,22.78,22.21,22.54,2.513227,3172903,33,300982,20260417
920056.BJ,能之光,22.13,0.18107741059302465,23.42,22.6,3.44522968,23.61,22.21,2074/5521,22.6,23.61,22.21,23.42,6.183745,1635067,151,920056,20260417
301051.SZ,信濠光电,23.46,-0.5932203389830533,22.35,22.48,-0.62249889,22.6,22.2,2078/5521,22.48,22.6,22.2,22.35,1.778568,2355311,33,301051,20260417
600641.SH,先导基电,27.62,2.069475240206956,24.29,22.2,10.00905797,24.29,22.2,2078/5521,22.2,24.29,22.2,24.29,9.465579,5.6482396E7,17,600641,20260417
301487.SZ,盟固利,24.36,-1.7741935483871019,22.63,22.22,1.38888889,22.75,22.19,2080/5521,22.22,22.75,22.19,22.63,2.50896,1.0526733E7,33,301487,20260417
600729.SH,重庆百货,21.35,-1.9742883379247,22.32,22.32,-0.40160643,22.4,22.18,2081/5521,22.32,22.4,22.18,22.32,0.981704,1650900,17,600729,20260417
300862.SZ,蓝盾光电,24.08,2.207130730050932,22.78,22.57,0.66283694,22.93,22.15,2082/5521,22.57,22.93,22.15,22.78,3.446752,3910762,33,300862,20260417
300537.SZ,广信材料,22.52,-1.010989010989013,22.5,22.13,1.30571814,22.75,22.13,2083/5521,22.13,22.75,22.13,22.5,2.791535,5074700,33,300537,20260417
300735.SZ,光弘科技,20.81,-1.0461245839277338,23.84,22.24,7.14606742,24.13,22.1,2084/5521,22.24,24.13,22.1,23.84,9.123595,2.6936463E7,33,300735,20260417
603051.SH,鹿山新材,23.42,4.647006255585357,23.06,22.22,3.73369321,23.33,22.1,2084/5521,22.22,23.33,22.1,23.06,5.533063,8520597,17,603051,20260417
600961.SH,株冶集团,26.49,-4.402742692168901,22.09,22.09,10.00996016,22.09,22.09,2086/5521,22.09,22.09,22.09,22.09,0,4664681,17,600961,20260417
688511.SH,天微电子,21.17,-7.473776223776212,22.45,22.44,-0.31083481,22.7,22.08,2087/5521,22.44,22.7,22.08,22.45,2.753108,1614595,17,688511,20260417
688303.SH,大全能源,22.25,-3.0923344947735227,22.24,22.35,-1.54935812,22.5,22.07,2088/5521,22.35,22.5,22.07,22.24,1.903497,1.3541298E7,17,688303,20260417
301190.SZ,善水科技,23.19,0.04314063848145627,22.21,22.45,-0.26942075,22.66,22.04,2089/5521,22.45,22.66,22.04,22.21,2.784014,1601180,33,301190,20260417
002782.SZ,可立克,19.31,-1.5800203873598484,23.06,22.17,4.01443392,23.72,22.03,2090/5521,22.17,23.72,22.03,23.06,7.622913,1.7459587E7,33,002782,20260417
301158.SZ,德石股份,26.45,-1.416325009317924,22.96,23.65,-6.01719198,23.7,22.03,2090/5521,23.65,23.7,22.03,22.96,6.835857,1.5081873E7,33,301158,20260417
600585.SH,海螺水泥,21.13,-0.6114769520225896,22.22,22.2,-0.13483146,22.32,22.03,2090/5521,22.2,22.32,22.03,22.22,1.30337,2.9125113E7,17,600585,20260417
002623.SZ,亚玛顿,21.19,1.7771373679154707,22.34,22.34,0.1793722,22.5,22.01,2093/5521,22.34,22.5,22.01,22.34,2.197309,3724100,33,002623,20260417
920547.BJ,无锡晶海,23.0,1.3215859030837036,23.3,22.46,4.48430493,23.63,22.01,2093/5521,22.46,23.63,22.01,23.3,7.264573,1123630,151,920547,20260417
002134.SZ,天津普林,25.32,0.7961783439490417,22.7,22.1,2.06834532,22.77,22,2095/5521,22.1,22.77,22,22.7,3.46223,1.0243671E7,33,002134,20260417
002645.SZ,华宏科技,25.77,9.98719590268886,22.31,22.43,-1.84777827,23.18,22,2095/5521,22.43,23.18,22,22.31,5.191377,4.5613512E7,33,002645,20260417
920190.BJ,雷神科技,23.45,0.4282655246252585,23.14,22.27,3.7203048,23.44,21.99,2097/5521,22.27,23.44,21.99,23.14,6.499327,2880028,151,920190,20260417
002886.SZ,沃特股份,22.53,3.1593406593406654,22.42,22.16,1.12764998,22.46,21.98,2098/5521,22.16,22.46,21.98,22.42,2.165087,3874275,33,002886,20260417
603048.SH,浙江黎明,23.41,6.02355072463769,22.13,22.4,-1.20535714,22.4,21.98,2098/5521,22.4,22.4,21.98,22.13,1.875,1889600,17,603048,20260417
002389.SZ,航天彩虹,21.97,1.5249537892791047,22.36,22.27,0.2690583,22.4,21.96,2100/5521,22.27,22.4,21.96,22.36,1.973094,1.9106806E7,33,002389,20260417
603790.SH,雅运股份,24.54,0.6150061500614947,22.17,22.31,-0.18009905,22.4,21.96,2100/5521,22.31,22.4,21.96,22.17,1.981089,1642100,17,603790,20260417
002265.SZ,建设工业,22.51,1.5794223826714866,22.26,22.4,-0.84632517,22.41,21.93,2102/5521,22.4,22.41,21.93,22.26,2.138084,9736785,33,002265,20260417
002555.SZ,三七互娱,21.43,-2.502274795268429,22.21,22.4,-4.63718334,22.5,21.91,2103/5521,22.4,22.5,21.91,22.21,2.533276,7.6852586E7,33,002555,20260417
920274.BJ,宏裕包材,21.83,-2.01974865350091,23.37,21.91,6.22727273,23.5,21.9,2104/5521,21.91,23.5,21.9,23.37,7.272727,2966944,151,920274,20260417
002655.SZ,共达电声,31.52,2.671009771986972,22.91,21.88,0.61484409,23.97,21.88,2105/5521,21.88,23.97,21.88,22.91,9.178743,5.224742E7,33,002655,20260417
003027.SZ,同兴科技,23.72,0.21123785382339313,22.94,22.22,2.77777778,23.15,21.87,2106/5521,22.22,23.15,21.87,22.94,5.734767,6712800,33,003027,20260417
300985.SZ,致远新能,23.05,1.6762240846934229,22.13,22.06,-0.13537906,22.25,21.87,2106/5521,22.06,22.25,21.87,22.13,1.714801,1962925,33,300985,20260417
601089.SH,福元医药,20.59,0.48804294777941154,22.39,23.04,-3.3664221,23.06,21.87,2106/5521,23.04,23.06,21.87,22.39,5.135951,6999200,17,601089,20260417
002058.SZ,*ST威尔,25.1,-3.3127889060092426,21.88,22.05,-0.36429872,22.2,21.85,2109/5521,22.05,22.2,21.85,21.88,1.593806,1377100,33,002058,20260417
300523.SZ,辰安科技,21.93,0.87396504139835,21.9,22.02,-0.54495913,22.3,21.84,2110/5521,22.02,22.3,21.84,21.9,2.089009,1413600,33,300523,20260417
000636.SZ,风华高科,25.09,-0.7515822784810177,21.99,22,-1.03510351,22.29,21.83,2111/5521,22,22.29,21.83,21.99,2.070207,5.6534406E7,33,000636,20260417
603721.SH,*ST天择,24.63,3.3137583892617415,22.2,21.83,0.45248869,22.45,21.83,2111/5521,21.83,22.45,21.83,22.2,2.805429,2805790,22,603721,20260417
688004.SH,博汇科技,23.21,1.4423076923077005,22.15,22.47,-2.33686067,22.62,21.82,2113/5521,22.47,22.62,21.82,22.15,3.527336,2853774,17,688004,20260417
301011.SZ,华立科技,19.91,0.45408678102926264,22.13,22.11,-0.27039207,22.31,21.81,2114/5521,22.11,22.31,21.81,22.13,2.253267,1579880,33,301011,20260417
688334.SH,西高院,20.88,-0.5714285714285762,21.92,22.27,-1.08303249,22.27,21.81,2114/5521,22.27,22.27,21.81,21.92,2.075812,3068598,17,688334,20260417
688382.SH,益方生物,23.3,4.954954954954961,22.07,22.53,-2.47459125,22.88,21.8,2116/5521,22.53,22.88,21.8,22.07,4.772425,1.6843501E7,17,688382,20260417
920006.BJ,晟楠科技,19.57,0.20481310803891012,23.0,22.28,3.23159785,23.12,21.79,2117/5521,22.28,23.12,21.79,23.0,5.969479,2338146,151,920006,20260417
603032.SH,德新科技,23.31,0.9965337954939361,22.76,22.04,2.75395034,23.43,21.78,2118/5521,22.04,23.43,21.78,22.76,7.449209,2.7320907E7,17,603032,20260417
600330.SH,天通股份,27.89,8.690568978955575,21.73,21.73,10.02531646,21.73,21.73,2119/5521,21.73,21.73,21.73,21.73,0,3.7758389E7,17,600330,20260417
601066.SH,中信建投,23.0,4.072398190045242,21.84,21.94,-0.3649635,21.94,21.73,2119/5521,21.94,21.94,21.73,21.84,0.958029,6546460,17,601066,20260417
603499.SH,翔港科技,20.81,1.6609672691744009,21.96,22.34,-0.76818798,22.34,21.72,2121/5521,22.34,22.34,21.72,21.96,2.801626,3290894,17,603499,20260417
301302.SZ,华如科技,24.3,0.2061855670103122,22.09,22.03,0.59198543,22.2,21.68,2122/5521,22.03,22.2,21.68,22.09,2.367941,4989409,33,301302,20260417
603121.SH,华培动力,20.09,-0.1491053677932462,22.44,22,2,23.1,21.68,2122/5521,22,23.1,21.68,22.44,6.454545,1.0384708E7,17,603121,20260417
301020.SZ,密封科技,23.26,1.2625163256421537,21.77,21.98,-0.50274223,21.99,21.67,2124/5521,21.98,21.99,21.67,21.77,1.462522,937900,33,301020,20260417
300363.SZ,博腾股份,21.21,-0.32894736842105393,21.79,22.4,-3.28450954,22.55,21.66,2125/5521,22.4,22.55,21.66,21.79,3.950288,1.4320949E7,33,300363,20260417
300761.SZ,立华股份,22.75,1.0213143872113697,21.89,21.97,-1.039783,22.15,21.65,2126/5521,21.97,22.15,21.65,21.89,2.260397,7757140,33,300761,20260417
300578.SZ,会畅科技,21.6,1.6949152542373023,21.84,21.88,-1.04213865,22.03,21.63,2127/5521,21.88,22.03,21.63,21.84,1.812415,6818200,33,300578,20260417
300250.SZ,初灵信息,19.65,0.0,21.86,21.78,-0.45537341,21.94,21.62,2128/5521,21.78,21.94,21.62,21.86,1.457194,4570200,33,300250,20260417
301565.SZ,中仑新材,22.21,1.8340210912425592,21.82,21.71,0.22967386,22,21.62,2128/5521,21.71,22,21.62,21.82,1.745521,2238900,33,301565,20260417
603042.SH,华脉科技,19.3,-2.819738167170185,21.69,22.01,-0.04608295,22.75,21.62,2128/5521,22.01,22.75,21.62,21.69,5.207373,2.4639777E7,17,603042,20260417
920344.BJ,三元基因,20.38,1.2922465208747416,22.34,21.91,1.04025328,22.59,21.61,2131/5521,21.91,22.59,21.61,22.34,4.432383,1443076,151,920344,20260417
300546.SZ,雄帝科技,19.74,0.15220700152205774,21.8,21.84,-0.18315018,21.94,21.6,2132/5521,21.84,21.94,21.6,21.8,1.556776,2831970,33,300546,20260417
600184.SH,光电股份,21.87,-2.9294274300932095,22.22,21.75,1.6003658,22.57,21.6,2132/5521,21.75,22.57,21.6,22.22,4.435299,4.3089892E7,17,600184,20260417
300950.SZ,德固特,21.76,0.4153207198892471,21.71,21.81,-0.13799448,21.88,21.59,2134/5521,21.81,21.88,21.59,21.71,1.333946,1546350,33,300950,20260417
920504.BJ,博迅生物,21.72,0.18450184501844624,22.58,21.89,3.10502283,22.85,21.58,2135/5521,21.89,22.85,21.58,22.58,5.799086,583874,151,920504,20260417
301656.SZ,联合动力,19.57,-0.9113924050632897,21.77,21.8,0,21.84,21.57,2136/5521,21.8,21.84,21.57,21.77,1.240238,5075540,33,301656,20260417
001379.SZ,腾达科技,21.97,1.6658954187875958,21.66,21.72,-0.23030861,21.78,21.54,2137/5521,21.72,21.78,21.54,21.66,1.105481,1649500,33,001379,20260417
300740.SZ,水羊股份,25.66,0.39123630672927007,22.77,21.6,5.36788524,23.4,21.53,2138/5521,21.6,23.4,21.53,22.77,8.653401,2.0916594E7,33,300740,20260417
001390.SZ,古麒绒材,21.33,-0.14044943820225253,21.74,21.99,-0.59442158,21.99,21.52,2139/5521,21.99,21.99,21.52,21.74,2.149062,1890178,33,001390,20260417
003022.SZ,联泓新科,24.09,-3.9856516540454363,22.52,21.64,4.01847575,22.87,21.52,2139/5521,21.57,22.8,21.45,22.45,6.235565,2.2896859E7,33,003022,20260417
920821.BJ,则成电子,22.0,-0.990099009900985,25.1,21.76,15.13761468,25.68,21.51,2141/5521,21.76,25.68,21.51,25.1,19.12844,8059487,151,920821,20260417
002869.SZ,金溢科技,21.09,-0.9394081728511005,21.56,22.26,-3.14465409,22.26,21.5,2142/5521,22.26,22.26,21.5,21.56,3.414195,6767700,33,002869,20260417
300077.SZ,国民技术,23.05,4.016245487364624,21.97,21.73,0.13673655,22.23,21.5,2142/5521,21.73,22.23,21.5,21.97,3.327256,3.5649854E7,33,300077,20260417
301356.SZ,天振股份,23.4,7.685227795674175,21.52,21.85,-1.69026953,22.1,21.5,2142/5521,21.85,22.1,21.5,21.52,2.740977,1015400,33,301356,20260417
301069.SZ,凯盛新材,22.1,-0.8524001794526592,21.88,21.48,1.06235566,22.05,21.48,2145/5521,21.48,22.05,21.48,21.88,2.632794,6683036,33,301069,20260417
300828.SZ,锐新科技,21.62,-1.9945602901178503,21.62,21.59,-0.32272937,21.99,21.46,2146/5521,21.59,21.99,21.46,21.62,2.443522,4688200,33,300828,20260417
920168.BJ,通宝光电,20.52,-3.7974683544303742,22.41,21.64,3.2718894,22.84,21.46,2146/5521,21.64,22.84,21.46,22.41,6.359447,2463049,151,920168,20260417
301566.SZ,达利凯普,24.16,-0.8210180623973699,22.44,21.45,3.98517146,22.68,21.45,2148/5521,21.45,22.68,21.45,22.44,5.699721,1.6666825E7,33,301566,20260417
603733.SH,仙鹤股份,22.03,-2.823114247904722,21.47,21.68,-0.46360686,21.73,21.45,2148/5521,21.68,21.73,21.45,21.47,1.298099,2413568,17,603733,20260417
688108.SH,赛诺医疗,21.44,2.095238095238101,21.44,21.9,-1.3799448,22.37,21.43,2150/5521,21.9,22.37,21.43,21.44,4.323827,1.1872826E7,17,688108,20260417
002767.SZ,先锋电子,20.72,1.6683022571148178,21.98,21.59,1.38376384,22.89,21.42,2151/5521,21.59,22.89,21.42,21.98,6.780442,7918500,33,002767,20260417
000738.SZ,航发控制,20.73,2.11822660098522,21.65,21.73,-0.45977011,21.75,21.4,2152/5521,21.73,21.75,21.4,21.65,1.609195,1.7915616E7,33,000738,20260417
000815.SZ,美利云,19.02,-4.229607250755286,21.6,23,-2.74651058,23.1,21.4,2152/5521,23,23.1,21.4,21.6,7.654209,1.78300165E8,33,000815,20260417
688209.SH,英集芯,24.27,5.430060816681147,21.59,21.65,-0.41512915,21.69,21.4,2152/5521,21.65,21.69,21.4,21.59,1.337638,4537634,17,688209,20260417
688671.SH,碧兴物联,23.7,2.597402597402588,21.48,21.7,-1.01382488,21.83,21.4,2152/5521,21.7,21.83,21.4,21.48,1.981566,967523,17,688671,20260417
001360.SZ,南矿集团,21.5,0.9389671361502314,21.88,21.74,1.01569714,22.16,21.39,2156/5521,21.74,22.16,21.39,21.88,3.554939,2562400,33,001360,20260417
002760.SZ,凤形股份,22.75,0.22026431718061987,21.9,21.65,1.15473441,22.12,21.39,2156/5521,21.65,22.12,21.39,21.9,3.371824,3094800,33,002760,20260417
688252.SH,天德钰,22.63,1.343484102104795,21.53,21.77,-0.69188192,21.78,21.39,2156/5521,21.77,21.78,21.39,21.53,1.798892,2798828,17,688252,20260417
003029.SZ,吉大正元,21.01,0.9125840537944345,21.55,21.7,-1.19211371,21.74,21.38,2159/5521,21.7,21.74,21.38,21.55,1.650618,3516041,33,003029,20260417
300966.SZ,共同药业,26.66,6.597361055577763,21.7,21.92,-1.00364964,22.12,21.38,2159/5521,21.92,22.12,21.38,21.7,3.375912,1819800,33,300966,20260417
001872.SZ,招商港口,22.15,1.792279411764692,21.43,21.52,-0.74108384,21.65,21.36,2161/5521,21.52,21.65,21.36,21.43,1.343214,1787517,33,001872,20260417
603004.SH,鼎龙科技,20.73,-1.1916110581506196,21.63,22.41,-5.50458716,22.49,21.36,2161/5521,22.41,22.49,21.36,21.63,4.936653,6474187,17,603004,20260417
688133.SH,泰坦科技,22.45,-2.518454190186721,21.76,21.47,1.44522145,22.02,21.36,2161/5521,21.47,22.02,21.36,21.76,3.076923,3332750,17,688133,20260417
300428.SZ,立中集团,21.34,1.5223596574690785,21.51,21.43,-0.09289364,21.59,21.35,2164/5521,21.43,21.59,21.35,21.51,1.114723,6243529,33,300428,20260417
600137.SH,浪莎股份,23.4,-2.1739130434782736,22.36,21.48,3.56646596,22.63,21.35,2164/5521,21.48,22.63,21.35,22.36,5.92867,5870400,17,600137,20260417
301588.SZ,美新科技,34.35,13.704071499503478,21.52,21.48,-0.78377132,21.8,21.33,2166/5521,21.48,21.8,21.33,21.52,2.166897,3477300,33,301588,20260417
300445.SZ,康斯特,21.88,2.2429906542056095,21.78,21.49,1.49114632,21.88,21.32,2167/5521,21.49,21.88,21.32,21.78,2.609506,3943260,33,300445,20260417
301359.SZ,东南电子,23.39,3.130511463844801,21.42,21.44,-1.19926199,21.69,21.31,2168/5521,21.44,21.69,21.31,21.42,1.752767,1278960,33,301359,20260417
002664.SZ,信质集团,20.12,1.4112903225806508,22.07,21.45,2.65116279,22.09,21.3,2169/5521,21.45,22.09,21.3,22.07,3.674418,1.0278945E7,33,002664,20260417
002830.SZ,名雕股份,22.27,1.0894235133908234,21.45,21.74,-1.33394664,21.74,21.3,2169/5521,21.74,21.74,21.3,21.45,2.023919,2025200,33,002830,20260417
600862.SH,中航高科,20.0,0.10010010010009797,21.66,21.71,-0.73327223,21.75,21.3,2169/5521,21.71,21.75,21.3,21.66,2.062328,1.9702213E7,17,600862,20260417
688277.SH,天智航,19.92,4.347826086956531,21.51,22.02,-2.66968326,22.1,21.3,2169/5521,22.02,22.1,21.3,21.51,3.619909,8351429,17,688277,20260417
920403.BJ,康农种业,22.54,1.0309278350515483,22.0,21.72,1.38248848,22.15,21.3,2169/5521,21.72,22.15,21.3,22.0,3.91705,1832786,151,920403,20260417
301238.SZ,瑞泰新材,22.29,0.08980691513246329,21.6,21.45,0.55865922,21.91,21.29,2174/5521,21.45,21.91,21.29,21.6,2.886405,1.4242854E7,33,301238,20260417
603011.SH,合锻智能,20.58,1.5293537247163234,21.84,21.5,1.58139535,21.98,21.29,2174/5521,21.5,21.98,21.29,21.84,3.209302,1.8729493E7,17,603011,20260417
688573.SH,信宇人,21.91,-1.8369175627240149,22.4,21.55,4.72183263,22.75,21.29,2174/5521,21.55,22.75,21.29,22.4,6.825619,6652636,17,688573,20260417
601858.SH,中国科传,25.38,2.794653705953818,21.77,21.48,1.25581395,22.35,21.28,2177/5521,21.48,22.35,21.28,21.77,4.976744,1.1620355E7,17,601858,20260417
688323.SH,瑞华泰,23.99,-9.642184557438803,21.7,21.4,1.21268657,22.28,21.27,2178/5521,21.4,22.28,21.27,21.7,4.71082,4976526,17,688323,20260417
002112.SZ,三变科技,20.14,-1.177625122669276,21.42,21.8,-3.29571106,22.01,21.25,2179/5521,21.8,22.01,21.25,21.42,3.431151,2.8714655E7,33,002112,20260417
920066.BJ,科拜尔,21.77,1.776531089294058,22.32,21.38,4.44548432,22.53,21.25,2179/5521,21.38,22.53,21.25,22.32,5.989705,819308,151,920066,20260417
001208.SZ,华菱线缆,19.16,1.3220518244315178,21.84,21.84,-1.62162162,22,21.24,2181/5521,21.84,22,21.24,21.84,3.423423,4.8212094E7,33,001208,20260417
300658.SZ,延江股份,21.73,-0.22956841138659645,21.84,22.18,-2.15053763,22.3,21.24,2181/5521,22.18,22.3,21.24,21.84,4.749103,2.416816E7,33,300658,20260417
920924.BJ,广脉科技,20.44,1.0380622837370284,22.33,21.6,3.57142857,22.69,21.22,2183/5521,21.6,22.69,21.22,22.33,6.818181,5653307,151,920924,20260417
300815.SZ,玉禾田,21.39,0.3754106053496098,21.46,21.3,0.46816479,21.64,21.21,2184/5521,21.3,21.64,21.21,21.46,2.013108,4323375,33,300815,20260417
600026.SH,中远海能,21.59,-0.6899724011039493,21.95,21.88,-0.18190086,22.02,21.2,2185/5521,21.88,22.02,21.2,21.95,3.728967,8.6552346E7,17,600026,20260417
300101.SZ,振芯科技,19.59,-0.40671072699543387,21.64,21.26,1.59624413,21.73,21.18,2186/5521,21.26,21.73,21.18,21.64,2.582159,1.46087E7,33,300101,20260417
688130.SH,晶华微,27.1,7.326732673267332,21.35,21.28,0.09376465,21.52,21.15,2187/5521,21.28,21.52,21.15,21.35,1.734646,1347170,17,688130,20260417
001210.SZ,金房能源,21.35,0.5652378709373574,21.29,21.6,-1.38953219,21.67,21.14,2188/5521,21.6,21.67,21.14,21.29,2.45484,2151320,33,001210,20260417
600367.SH,红星发展,23.47,1.0766580534022394,21.36,21.28,0.37593985,21.66,21.14,2188/5521,21.28,21.66,21.14,21.36,2.443609,2.3000566E7,17,600367,20260417
002915.SZ,中欣氟材,18.47,-1.2827365045430357,21.28,21.27,0,21.38,21.13,2190/5521,21.27,21.38,21.13,21.28,1.174812,3518300,33,002915,20260417
603080.SH,新疆火炬,21.94,0.0,21.24,21.33,-0.65481759,21.4,21.13,2190/5521,21.33,21.4,21.13,21.24,1.262862,1578000,17,603080,20260417
002967.SZ,广电计量,21.37,-0.6508600650860091,22.15,21.23,3.69850187,22.75,21.12,2192/5521,21.23,22.75,21.12,22.15,7.631086,1.9407842E7,33,002967,20260417
688793.SH,倍轻松,22.0,3.7246581801037206,21.39,21.41,-0.78849722,21.58,21.12,2192/5521,21.41,21.58,21.12,21.39,2.13358,1576427,17,688793,20260417
000969.SZ,安泰科技,21.37,1.0879848628193018,21.55,21.2,1.69891458,21.68,21.1,2194/5521,21.2,21.68,21.1,21.55,2.73714,2.5711816E7,33,000969,20260417
002879.SZ,长缆科技,17.98,-3.124999999999991,21.41,21.47,-0.60352832,21.83,21.1,2194/5521,20.97,21.33,20.6,20.91,3.389043,5119800,33,002879,20260417
300791.SZ,仙乐健康,19.5,0.3602676273803411,21.25,21.4,-0.88619403,21.86,21.1,2194/5521,21.4,21.86,21.1,21.25,3.544776,2858414,33,300791,20260417
301019.SZ,宁波色母,22.87,0.8822232024702218,21.54,21.13,1.60377358,21.71,21.1,2194/5521,21.13,21.71,21.1,21.54,2.877358,2113364,33,301019,20260417
300031.SZ,宝通科技,23.13,0.4778453518679385,21.46,21.29,0.37418148,21.53,21.09,2198/5521,21.29,21.53,21.09,21.46,2.057998,6027884,33,300031,20260417
920634.BJ,新威凌,21.02,-3.6663611365719557,22.29,21.4,5.14150943,22.5,21.08,2199/5521,21.4,22.5,21.08,22.29,6.698113,3973307,151,920634,20260417
600007.SH,中国国贸,21.0,-2.7777777777777843,21.5,21.05,0.79699953,21.61,21.05,2200/5521,21.05,21.61,21.05,21.5,2.62541,1919123,17,600007,20260417
600629.SH,华建集团,20.4,1.8981018981018931,21.33,21.08,1.18595825,21.61,21.03,2201/5521,21.08,21.61,21.03,21.33,2.751423,2.2201573E7,17,600629,20260417
600285.SH,羚锐制药,22.36,-0.8865248226950324,21.08,21.3,-0.75329567,21.3,21.02,2202/5521,21.3,21.3,21.02,21.08,1.318267,6949301,17,600285,20260417
603282.SH,亚光股份,17.85,-9.29878048780487,21.16,21.25,-0.42352941,21.45,21.02,2202/5521,21.25,21.45,21.02,21.16,2.023529,1244300,17,603282,20260417
688371.SH,菲沃泰,24.72,11.85520361990949,21.25,21.05,0.47281324,21.3,21.02,2202/5521,21.05,21.3,21.02,21.25,1.323877,1808551,17,688371,20260417
688687.SH,凯因科技,19.76,-1.5445939212755293,21.22,21.31,-1.07226107,21.47,21.01,2205/5521,21.31,21.47,21.01,21.22,2.144522,2893462,17,688687,20260417
301632.SZ,广东建科,20.69,1.07474352711286,21.22,21.15,0.61640588,21.33,21,2206/5521,21.15,21.33,21,21.22,1.564722,1877147,33,301632,20260417
600773.SH,西藏城投,27.2,-3.2028469750889754,22.47,21.55,6.39204545,23.23,21,2206/5521,21.55,23.23,21,22.47,10.558712,6.1027283E7,17,600773,20260417
600233.SH,圆通速递,21.5,-2.0054694621695592,21.04,21.34,-1.81987867,21.72,20.96,2208/5521,21.34,21.72,20.96,21.04,3.54643,2.1315868E7,17,600233,20260417
300170.SZ,汉得信息,19.82,-0.9990009990009955,21.36,21.01,0.51764706,21.47,20.95,2209/5521,21.01,21.47,20.95,21.36,2.447058,5.3555781E7,33,300170,20260417
301010.SZ,晶雪节能,22.12,1.1431184270690442,21.48,21.56,-0.37105751,21.69,20.95,2209/5521,21.56,21.69,20.95,21.48,3.432282,1649700,33,301010,20260417
300789.SZ,唐源电气,22.75,1.6987036209208717,21.13,21.5,-1.39990667,21.5,20.94,2211/5521,21.5,21.5,20.94,21.13,2.613159,1441415,33,300789,20260417
603131.SH,上海沪工,22.52,10.014655593551542,21.19,21.04,0.37896731,21.33,20.94,2211/5521,21.04,21.33,20.94,21.19,1.847465,6086660,17,603131,20260417
001278.SZ,一彬科技,22.0,-2.955447728275261,21.11,21.56,-1.76826431,21.56,20.92,2213/5521,21.56,21.56,20.92,21.11,2.978129,1810800,33,001278,20260417
600506.SH,统一股份,22.64,0.2657218777679463,21.02,21.44,-1.77570093,21.44,20.9,2214/5521,21.44,21.44,20.9,21.02,2.523364,4416900,17,600506,20260417
688517.SH,金冠电气,21.69,-3.169642857142845,21.28,21.4,-0.79254079,21.56,20.9,2214/5521,21.4,21.56,20.9,21.28,3.076923,3854993,17,688517,20260417
001282.SZ,三联锻造,20.88,2.4031387935262307,21.05,21.5,-2.99539171,21.63,20.88,2216/5521,21.5,21.63,20.88,21.05,3.456221,4793162,33,001282,20260417
603191.SH,望变电气,19.6,-2.825979176995539,21.28,21.04,0.99667774,21.5,20.87,2217/5521,21.04,21.5,20.87,21.28,2.990033,1.14415E7,17,603191,20260417
300413.SZ,芒果超媒,19.44,-1.9172552976791069,21.05,21.1,-0.56683987,21.15,20.86,2218/5521,21.1,21.15,20.86,21.05,1.369863,1.4146961E7,33,300413,20260417
002857.SZ,三晖电气,22.0,2.2304832713754665,21.36,21.42,-0.28011204,21.54,20.85,2219/5521,21.42,21.54,20.85,21.36,3.221288,3243900,33,002857,20260417
603598.SH,引力传媒,20.8,2.1109474717722128,21.23,21.03,-0.37541061,21.32,20.84,2220/5521,21.03,21.32,20.84,21.23,2.252463,1.24489E7,17,603598,20260417
001298.SZ,好上好,23.16,1.3566739606126859,21.98,21.18,4.81640439,22.33,20.83,2221/5521,21.18,22.33,20.83,21.98,7.153075,2.5713723E7,33,001298,20260417
688613.SH,奥精医疗,20.6,4.303797468354437,21.09,21.4,-1.07879925,21.4,20.83,2221/5521,21.4,21.4,20.83,21.09,2.673545,2404814,17,688613,20260417
002826.SZ,易明医药,19.5,-0.10245901639344045,21.13,21.37,-1.12306972,21.45,20.82,2223/5521,21.37,21.45,20.82,21.13,2.948058,4643800,33,002826,20260417
002747.SZ,埃斯顿,21.87,5.14423076923077,21.37,21,1.90748689,21.42,20.81,2224/5521,21,21.42,20.81,21.37,2.908917,1.5047509E7,33,002747,20260417
300199.SZ,翰宇药业,20.74,-1.1439466158246043,21.25,20.88,1.43198091,21.38,20.81,2224/5521,20.88,21.38,20.81,21.25,2.720763,4.5368006E7,33,300199,20260417
600459.SH,贵研铂业,20.09,-2.0477815699658786,21.18,20.81,0.6175772,21.29,20.81,2224/5521,20.81,21.29,20.81,21.18,2.280285,1.4510797E7,17,600459,20260417
001260.SZ,坤泰股份,21.84,-0.9972801450589251,21.03,21.15,-0.61436673,21.15,20.8,2227/5521,21.15,21.15,20.8,21.03,1.654064,1248900,33,001260,20260417
002875.SZ,安奈儿,25.32,2.8014616321559127,22.06,21.41,5.09766556,22.16,20.8,2227/5521,21.41,22.16,20.8,22.06,6.479275,2.2975099E7,33,002875,20260417
300399.SZ,天利科技,22.03,1.6143911439114458,21.2,21.18,-0.42273368,21.42,20.8,2227/5521,21.18,21.42,20.8,21.2,2.912165,3683440,33,300399,20260417
605259.SH,绿田机械,19.95,-5.0000000000000036,21.12,21.25,-0.3303445,21.25,20.8,2227/5521,21.25,21.25,20.8,21.12,2.123643,1685572,17,605259,20260417
301115.SZ,联检科技,21.07,4.203758654797237,21.4,20.89,2.73643783,21.85,20.77,2231/5521,20.89,21.85,20.77,21.4,5.184829,4591300,33,301115,20260417
002605.SZ,姚记科技,20.49,5.076923076923069,20.88,21.03,-1.22989593,21.07,20.76,2232/5521,21.03,21.07,20.76,20.88,1.466414,6226200,33,002605,20260417
002545.SZ,东方铁塔,23.99,-2.677484787018256,21.65,22.41,-3.52049911,22.45,20.75,2233/5521,22.41,22.45,20.75,21.65,7.575757,3.058029E7,33,002545,20260417
600690.SH,海尔智家,21.53,-0.5083179297597016,20.85,21,-0.997151,21.02,20.74,2234/5521,21,21.02,20.74,20.85,1.329534,4.4512804E7,17,600690,20260417
002368.SZ,太极股份,17.24,-10.020876826722347,20.98,20.9,-0.14278915,21.24,20.71,2235/5521,20.9,21.24,20.71,20.98,2.522608,9857394,33,002368,20260417
301193.SZ,家联科技,27.03,9.521880064829828,21.88,20.99,4.14088529,22.18,20.71,2235/5521,20.99,22.18,20.71,21.88,6.996668,6089745,33,301193,20260417
605005.SH,合兴股份,19.14,-1.8461538461538431,20.84,20.89,-0.57251908,21.09,20.71,2235/5521,20.89,21.09,20.71,20.84,1.812977,3454903,17,605005,20260417
920237.BJ,力佳科技,19.72,-2.3762376237623783,22.12,20.73,4.63576159,22.15,20.7,2238/5521,20.73,22.15,20.7,22.12,6.859035,4626882,151,920237,20260417
301038.SZ,深水规院,19.48,-0.1537672988211232,20.94,20.97,-0.14306152,21.03,20.68,2239/5521,20.97,21.03,20.68,20.94,1.669051,2158800,33,301038,20260417
600803.SH,新奥股份,20.26,-5.282842449742866,20.71,20.81,-1.14558473,21.07,20.67,2240/5521,20.81,21.07,20.67,20.71,1.909307,1.2822175E7,17,600803,20260417
000681.SZ,视觉中国,21.82,5.207328833172623,21.02,20.73,0.81534772,21.2,20.65,2241/5521,20.73,21.2,20.65,21.02,2.637889,3.0871831E7,33,000681,20260417
002039.SZ,黔源电力,20.28,-1.4098201263976624,20.87,20.68,0.09592326,21.08,20.65,2241/5521,20.68,21.08,20.65,20.87,2.06235,1.2991118E7,33,002039,20260417
600513.SH,联环药业,22.78,4.0657834627683895,21.12,21.94,-4.99325236,21.94,20.64,2243/5521,21.94,21.94,20.64,21.12,5.847953,3.0283139E7,17,600513,20260417
920751.BJ,惠同新材,23.77,2.6781857451403934,21.95,20.88,5.32629559,22.19,20.64,2243/5521,20.88,22.19,20.64,21.95,7.437619,1399809,151,920751,20260417
300717.SZ,华信新材,22.08,1.8920166128287796,20.76,20.82,-0.28818444,20.96,20.63,2245/5521,20.82,20.96,20.63,20.76,1.585014,2181000,33,300717,20260417
001308.SZ,康冠科技,20.34,1.5476784822765786,20.78,20.74,0.14457831,20.88,20.62,2246/5521,20.74,20.88,20.62,20.78,1.253012,1588576,33,001308,20260417
600783.SH,鲁信创投,21.73,4.722891566265062,21.33,20.68,2.54807692,21.64,20.62,2246/5521,20.68,21.64,20.62,21.33,4.903846,1.9578096E7,17,600783,20260417
301180.SZ,万祥科技,17.74,-3.691639522258432,20.68,20.81,-1.24164279,21.35,20.61,2248/5521,20.81,21.35,20.61,20.68,3.533906,6043039,33,301180,20260417
601633.SH,长城汽车,19.89,-0.3007518796992417,20.73,20.93,-1.00286533,20.93,20.61,2248/5521,20.93,20.93,20.61,20.73,1.528175,1.1436037E7,17,601633,20260417
000997.SZ,新大陆,19.89,-0.8474576271186349,21.26,20.67,5.14342235,21.79,20.6,2250/5521,20.67,21.79,20.6,21.26,5.885262,4.3980369E7,33,000997,20260417
300864.SZ,南大环境,22.27,1.5041020966271572,20.62,20.67,-0.53063193,20.89,20.58,2251/5521,20.67,20.89,20.58,20.62,1.495417,1044926,33,300864,20260417
300997.SZ,欢乐家,19.72,-0.2024291497975845,21.16,20.66,1.87770823,21.4,20.57,2252/5521,20.46,21.2,20.37,20.96,3.996148,1.3016592E7,33,300997,20260417
688758.SH,赛分科技,19.47,-2.30807827395886,21.07,20.74,0.33333333,21.19,20.56,2253/5521,20.74,21.19,20.56,21.07,3,4934434,17,688758,20260417
002552.SZ,宝鼎科技,22.07,-1.561106155218561,21.11,21.4,-1.90520446,21.6,20.55,2254/5521,21.4,21.6,20.55,21.11,4.879182,2.1320268E7,33,002552,20260417
603172.SH,万丰股份,21.58,0.372093023255806,20.83,21.25,-1.65250236,21.3,20.55,2254/5521,21.25,21.3,20.55,20.83,3.541076,1806000,17,603172,20260417
920476.BJ,海能技术,19.66,0.25497195308516424,21.59,20.66,3.84800385,21.8,20.55,2254/5521,20.56,21.7,20.45,21.49,6.012506,2025997,151,920476,20260417
300518.SZ,新迅达,24.93,0.3623188405797096,21.37,20.64,2.98795181,21.54,20.52,2257/5521,20.64,21.54,20.52,21.37,4.915662,8636269,33,300518,20260417
002541.SZ,鸿路钢构,19.41,-4.43131462333825,21.04,21.44,-2.36658933,21.58,20.5,2258/5521,21.44,21.58,20.5,21.04,5.0116,4395922,33,002541,20260417
600338.SH,西藏珠峰,27.58,-0.10865628395509286,21.71,20.51,5.85080449,21.9,20.5,2258/5521,20.51,21.9,20.5,21.71,6.825938,1.10763967E8,17,600338,20260417
688151.SH,华强科技,19.83,0.8646998982705908,20.82,20.68,0.38572806,20.86,20.5,2258/5521,20.68,20.86,20.5,20.82,1.735776,1770857,17,688151,20260417
920075.BJ,柏星龙,21.66,4.08457472369054,21.65,20.95,3.83693046,22.03,20.48,2261/5521,20.95,22.03,20.48,21.65,7.434052,1283972,151,920075,20260417
600315.SH,上海家化,20.17,-1.6097560975609673,20.56,20.65,-1.01107366,20.66,20.47,2262/5521,20.65,20.66,20.47,20.56,0.91478,2772563,17,600315,20260417
920076.BJ,国亮新材,21.3,1.4768937589328361,21.29,20.91,3.04937076,21.58,20.46,2263/5521,20.91,21.58,20.46,21.29,5.421103,1639134,151,920076,20260417
603365.SH,水星家纺,22.37,2.9926335174954057,20.58,20.69,-0.53165781,20.89,20.45,2264/5521,20.69,20.89,20.45,20.58,2.126631,1076989,17,603365,20260417
688236.SH,春立医疗,17.3,-10.962429233144617,20.55,20.76,-1.34421507,20.89,20.42,2265/5521,20.76,20.89,20.42,20.55,2.256361,1384035,17,688236,20260417
301381.SZ,赛维时代,20.72,-0.6711409395973181,20.68,20.6,-0.3373494,20.85,20.36,2266/5521,20.6,20.85,20.36,20.68,2.361445,2972924,33,301381,20260417
603611.SH,诺力股份,19.98,-0.7451564828613939,20.57,20.65,-0.62801932,20.68,20.36,2266/5521,20.65,20.68,20.36,20.57,1.545893,2530200,17,603611,20260417
920068.BJ,天工股份,19.36,-4.395061728395064,21.68,20.43,5.03875969,21.77,20.33,2268/5521,20.33,21.67,20.23,21.58,6.976744,4278250,151,920068,20260417
300674.SZ,宇信科技,19.47,0.7242628039317154,20.54,20.45,0.19512195,20.65,20.32,2269/5521,20.45,20.65,20.32,20.54,1.609756,1.0638927E7,33,300674,20260417
920118.BJ,太湖远大,21.39,5.213969503197257,21.34,20.7,3.34140436,21.65,20.32,2269/5521,20.7,21.65,20.32,21.34,6.440677,727618,151,920118,20260417
300687.SZ,赛意信息,25.24,1.0408326661328984,21.11,20.39,2.57531584,21.18,20.31,2271/5521,20.39,21.18,20.31,21.11,4.227405,1.3930271E7,33,300687,20260417
600741.SH,华域汽车,18.66,-2.6096033402922756,20.43,20.55,-0.87336245,20.66,20.31,2271/5521,20.55,20.66,20.31,20.43,1.698204,1.1874815E7,17,600741,20260417
605378.SH,野马电池,20.3,-1.408450704225348,20.62,20.4,0.68359375,20.65,20.31,2271/5521,20.4,20.65,20.31,20.62,1.660156,2341688,17,605378,20260417
920171.BJ,志晟信息,20.45,2.3523523523523466,21.92,20.68,5.03114518,22.37,20.31,2271/5521,20.68,22.37,20.31,21.92,9.870627,7756164,151,920171,20260417
002624.SZ,完美世界,15.21,-8.593749999999998,20.7,20.6,-0.38498556,20.9,20.3,2275/5521,20.6,20.9,20.3,20.7,2.887391,7.3276203E7,33,002624,20260417
300446.SZ,航天智造,18.99,0.21108179419524617,20.5,20.55,-0.243309,20.62,20.3,2275/5521,20.55,20.62,20.3,20.5,1.557177,1.020526E7,33,300446,20260417
600850.SH,电科数字,19.34,-2.814070351758788,20.51,20.58,-0.82205029,20.62,20.3,2275/5521,20.58,20.62,20.3,20.51,1.547388,8964440,17,600850,20260417
300540.SZ,蜀道装备,33.49,-1.673517322372285,22.2,20.68,7.81932977,22.73,20.29,2278/5521,20.68,22.73,20.29,22.2,11.850412,1.6520349E7,33,300540,20260417
603656.SH,泰禾智能,19.96,0.15052684395384414,21.12,20.55,2.92397661,21.49,20.28,2279/5521,20.55,21.49,20.28,21.12,5.896686,4007640,17,603656,20260417
688569.SH,铁科轨道,20.24,0.6464445549477822,20.56,20.32,1.23092073,20.63,20.24,2280/5521,20.32,20.63,20.24,20.56,1.920236,1323938,17,688569,20260417
001209.SZ,洪兴股份,22.02,1.0091743119266003,20.45,20.68,-1.11218569,20.71,20.22,2281/5521,20.68,20.71,20.22,20.45,2.369439,1547000,33,001209,20260417
002778.SZ,中晟高科,20.25,-0.0493583415597313,20.81,20.63,1.16674769,21.06,20.21,2282/5521,20.63,21.06,20.21,20.81,4.132231,3550040,33,002778,20260417
600265.SH,*ST景谷,22.02,-0.13605442176871263,20.32,20.69,-1.78830353,20.73,20.2,2283/5521,20.69,20.73,20.2,20.32,2.561623,734701,22,600265,20260417
920346.BJ,威贸电子,20.49,0.6385068762278929,21.69,20.31,6.5324165,21.88,20.2,2283/5521,20.31,21.88,20.2,21.69,8.251473,1438783,151,920346,20260417
920405.BJ,海希通讯,17.19,0.058207217695003276,21.71,20.8,4.32484383,21.85,20.2,2283/5521,20.8,21.85,20.2,21.71,7.92888,3883605,151,920405,20260417
603888.SH,新华网,20.09,-1.3261296660117858,20.44,20.29,0.09794319,20.55,20.18,2286/5521,20.29,20.55,20.18,20.44,1.811949,7314152,17,603888,20260417
000070.SZ,特发信息,18.08,-6.466632177961718,20.33,20.74,-2.11844006,20.87,20.16,2287/5521,20.74,20.87,20.16,20.33,3.418391,1.45339067E8,33,000070,20260417
603638.SH,艾迪精密,23.24,2.3337736679876597,20.8,20.41,1.51293314,20.84,20.16,2287/5521,20.41,20.84,20.16,20.8,3.318692,7233381,17,603638,20260417
300975.SZ,商络电子,20.46,2.3000000000000043,20.38,20.4,-1.06796117,20.79,20.15,2289/5521,20.4,20.79,20.15,20.38,3.106796,3.018529E7,33,300975,20260417
603112.SH,华翔股份,20.75,-0.5273250239693166,20.25,20.37,-0.78392945,20.55,20.15,2289/5521,20.37,20.55,20.15,20.25,1.959823,9040240,17,603112,20260417
603348.SH,文灿股份,18.62,-1.3248542660307365,20.23,20.2,-0.39389463,20.31,20.14,2291/5521,20.2,20.31,20.14,20.23,0.837026,2428423,17,603348,20260417
600071.SH,凤凰光学,19.42,-3.142144638403985,21.17,20.4,3.82540461,21.6,20.12,2292/5521,20.4,21.6,20.12,21.17,7.25846,9901620,17,600071,20260417
001382.SZ,新亚电缆,20.06,-0.7912957467853617,20.23,20.31,-0.7360157,20.55,20.1,2293/5521,20.31,20.55,20.1,20.23,2.208047,3446533,33,001382,20260417
688317.SH,之江生物,19.5,-1.960784313725493,20.24,20.61,-1.31643101,20.61,20.1,2293/5521,20.61,20.61,20.1,20.24,2.486591,2594227,17,688317,20260417
605177.SH,东亚药业,20.92,-0.8060692271218499,20.2,20.68,-2.2738268,20.74,20.09,2295/5521,20.68,20.74,20.09,20.2,3.144654,1457600,17,605177,20260417
300817.SZ,双飞集团,20.18,-0.04952947003467837,20.32,20.3,0.29615005,20.82,20.08,2296/5521,20.3,20.82,20.08,20.32,3.652517,5159705,33,300817,20260417
300941.SZ,创识科技,17.76,0.0,20.12,20.24,-0.83785116,20.4,20.08,2296/5521,20.24,20.4,20.08,20.12,1.577131,2324350,33,300941,20260417
301408.SZ,华人健康,21.37,1.8103858980467011,20.21,20.49,-1.8455561,20.59,20.08,2296/5521,20.49,20.59,20.08,20.21,2.47693,2.9995298E7,33,301408,20260417
001206.SZ,依依股份,18.94,-1.1482254697285954,20.16,21.32,-6.83918669,21.45,20.06,2299/5521,21.32,21.45,20.06,20.16,6.42329,9677055,33,001206,20260417
002729.SZ,好利科技,18.42,1.320132013201331,20.41,20.4,-0.19559902,20.53,20.06,2299/5521,20.4,20.53,20.06,20.41,2.298288,9799770,33,002729,20260417
920247.BJ,华密新材,18.99,1.44230769230769,21.89,20.2,8.04540967,22.29,20.04,2301/5521,16.74,18.48166667,16.60666667,18.15,11.105626,4372425,151,920247,20260417
601137.SH,博威合金,17.51,-2.505567928730508,20.24,20.03,0.54644809,20.52,20.03,2302/5521,20.03,20.52,20.03,20.24,2.434177,1.2605921E7,17,601137,20260417
688584.SH,上海合晶,20.71,1.5693967631191774,20.36,20.14,0.94199306,20.49,20.03,2302/5521,20.14,20.49,20.03,20.36,2.280614,3422575,17,688584,20260417
003030.SZ,祖名股份,22.16,1.6047684548372372,20.24,20.44,-0.97847358,20.48,20.02,2304/5521,20.44,20.48,20.02,20.24,2.250489,1258700,33,003030,20260417
300093.SZ,*ST金刚,22.08,2.793296089385465,21.0,20.23,4.47761194,21.16,20,2305/5521,20.23,21.16,20,21.0,5.771144,8297157,33,300093,20260417
688426.SH,康为世纪,20.84,2.1568627450980458,20.14,20.5,-1.2745098,20.54,20,2305/5521,20.5,20.54,20,20.14,2.647058,1345078,17,688426,20260417
603993.SH,洛阳钼业,18.62,-2.9702970297029716,20.23,20.02,-0.29571217,20.32,19.98,2307/5521,20.02,20.32,19.98,20.23,1.675702,1.63883162E8,17,603993,20260417
920374.BJ,云里物里,19.09,0.10487676979548806,21.23,20.34,4.37561455,21.66,19.98,2307/5521,20.34,21.66,19.98,21.23,8.259587,1478568,151,920374,20260417
603138.SH,海量数据,18.21,-3.292618162506625,20.9,20.64,-2.74546301,21.03,19.96,2309/5521,20.64,21.03,19.96,20.9,4.97906,2.3048658E7,17,603138,20260417
000029.SZ,深深房A,21.26,1.4797136038186267,20.37,20.2,1.04166667,20.58,19.94,2310/5521,20.2,20.58,19.94,20.37,3.174603,4206288,33,000029,20260417
300867.SZ,圣元环保,20.57,-2.880075542965059,20.28,20.12,0.79522863,20.47,19.94,2310/5521,20.12,20.47,19.94,20.28,2.634194,6054904,33,300867,20260417
600592.SH,龙溪股份,19.09,1.976495726495732,20.24,20.17,0.59642147,20.36,19.94,2310/5521,20.17,20.36,19.94,20.24,2.087475,5692850,17,600592,20260417
920885.BJ,星辰科技,18.23,-0.10958904109588807,20.93,20.09,3.97416791,21.21,19.94,2310/5521,20.09,21.21,19.94,20.93,6.308991,4609230,151,920885,20260417
920627.BJ,力王股份,20.31,-3.744075829383899,21.1,20.28,4.40376051,21.35,19.93,2314/5521,20.28,21.35,19.93,21.1,7.026224,3374794,151,920627,20260417
001380.SZ,华纬科技,18.92,-1.9180922757905519,20.03,20.14,-0.9396637,20.4,19.92,2315/5521,20.14,20.4,19.92,20.03,2.373887,1963546,33,001380,20260417
600031.SH,三一重工,20.35,-0.7317073170731638,20.16,20.47,-1.12800392,20.47,19.92,2315/5521,20.47,20.47,19.92,20.16,2.6974,6.8437427E7,17,600031,20260417
601717.SH,中创智领,18.67,-9.98071359691416,19.94,20.12,-1.28712871,20.12,19.92,2315/5521,20.12,20.12,19.92,19.94,0.990099,1.3736429E7,17,601717,20260417
920262.BJ,太湖雪,16.75,1.5151515151515151,20.93,20.29,3.35802469,20.99,19.92,2315/5521,16.825,17.40833333,16.51666667,17.36,5.28395,1105643,151,920262,20260417
002508.SZ,老板电器,17.93,-2.660152008686221,19.99,20.11,-0.64612326,20.11,19.91,2319/5521,20.11,20.11,19.91,19.99,0.994035,3526073,33,002508,20260417
300849.SZ,锦盛新材,22.88,-0.39181541140618137,20.24,20.48,-1.50851582,20.71,19.91,2319/5521,20.48,20.71,19.91,20.24,3.892944,1803750,33,300849,20260417
601702.SH,华峰铝业,18.52,-1.4893617021276655,20.91,20.05,4.28927681,20.93,19.91,2319/5521,20.05,20.93,19.91,20.91,5.087281,1.2487037E7,17,601702,20260417
603232.SH,格尔软件,18.65,2.8681742967457233,20.11,20.39,-3.22425409,20.5,19.9,2322/5521,20.39,20.5,19.9,20.11,2.887391,1.0763717E7,17,603232,20260417
603515.SH,欧普照明,20.26,-1.0742187499999944,20.36,20.01,1.29353234,20.5,19.9,2322/5521,20.01,20.5,19.9,20.36,2.985074,2748030,17,603515,20260417
002703.SZ,浙江世宝,17.03,-2.07015526164462,20.16,20.28,-0.59171598,20.37,19.86,2324/5521,20.28,20.37,19.86,20.16,2.514792,3.8425114E7,33,002703,20260417
002925.SZ,盈趣科技,19.21,1.2118018967334059,19.98,20.11,-0.64644455,20.27,19.86,2324/5521,20.11,20.27,19.86,19.98,2.038786,9944823,33,002925,20260417
300703.SZ,创源股份,17.93,0.900393922341025,22.46,19.85,10.69492361,23.32,19.85,2326/5521,19.85,23.32,19.85,22.46,17.10202,2.6058425E7,33,300703,20260417
603579.SH,荣泰健康,22.3,0.6772009029345469,20.03,20.25,-1.42716535,20.25,19.85,2326/5521,20.25,20.25,19.85,20.03,1.968503,4005160,17,603579,20260417
300447.SZ,全信股份,19.25,1.7979904812268632,20.05,19.88,0.4509018,20.17,19.84,2328/5521,19.82,20.11,19.78,19.99,1.653306,7975970,33,300447,20260417
001324.SZ,长青科技,20.68,0.4371053909664879,20.2,19.91,1.30391174,20.66,19.83,2329/5521,19.91,20.66,19.83,20.2,4.162487,4146700,33,001324,20260417
920943.BJ,优机股份,17.02,-13.163265306122456,21.3,20.17,5.86481113,21.46,19.83,2329/5521,20.17,21.46,19.83,21.3,8.101391,2090337,151,920943,20260417
001222.SZ,源飞宠物,18.84,0.31948881789136696,19.88,20.05,-1.29096326,20.13,19.82,2331/5521,20.05,20.13,19.82,19.88,1.539225,1664100,33,001222,20260417
002919.SZ,名臣健康,23.98,2.0425531914893633,19.88,20.28,-1.92402565,20.28,19.8,2332/5521,20.28,20.28,19.8,19.88,2.368031,3622999,33,002919,20260417
300019.SZ,硅宝科技,17.81,-0.5583472920156417,19.97,19.92,0.3013561,20.16,19.8,2332/5521,19.62,19.86,19.5,19.67,1.808136,7283117,33,300019,20260417
300059.SZ,东方财富,20.36,0.49358341559722535,20.04,19.95,-0.0997009,20.15,19.8,2332/5521,19.85,20.05,19.7,19.94,1.744765,2.15749128E8,33,300059,20260417
603100.SH,川仪股份,19.49,-0.5612244897959335,19.9,20,-1.24069479,20.15,19.79,2335/5521,20,20.15,19.79,19.9,1.7866,6118768,17,603100,20260417
300389.SZ,艾比森,16.37,-2.848664688427302,20.17,19.87,0.95095095,20.4,19.77,2336/5521,19.87,20.4,19.77,20.17,3.153153,7412386,33,300389,20260417
300531.SZ,优博讯,18.93,-2.221074380165288,20.25,20.11,-0.29542097,20.38,19.77,2336/5521,20.11,20.38,19.77,20.25,3.003446,1.9808788E7,33,300531,20260417
000776.SZ,广发证券,21.23,-0.23496240601504093,20.11,19.84,1.15694165,20.24,19.76,2338/5521,19.84,20.24,19.76,20.11,2.414486,6.3331971E7,33,000776,20260417
301223.SZ,中荣股份,20.05,1.2626262626262625,19.91,20.17,-0.69825436,20.17,19.76,2338/5521,20.17,20.17,19.76,19.91,2.044887,1569800,33,301223,20260417
688562.SH,航天软件,18.59,-2.054794520547948,20.02,19.89,0.65359477,20.42,19.76,2338/5521,19.89,20.42,19.76,20.02,3.31825,3151600,17,688562,20260417
920130.BJ,立方控股,18.9,1.17773019271948,20.7,20.08,3.24189526,20.98,19.75,2341/5521,20.08,20.98,19.75,20.7,6.134663,1819353,151,920130,20260417
002189.SZ,中光学,21.1,2.876645538761579,20.25,19.88,1.5037594,20.27,19.74,2342/5521,19.88,20.27,19.74,20.25,2.656641,3205700,33,002189,20260417
600312.SH,平高电气,21.96,-0.49841413683733315,19.91,20.14,-1.48441366,20.15,19.72,2343/5521,20.14,20.15,19.72,19.91,2.127659,2.313504E7,17,600312,20260417
688658.SH,悦康药业,19.6,1.712506486767005,19.93,20.68,-3.58006773,20.86,19.71,2344/5521,20.68,20.86,19.71,19.93,5.563618,1.1497116E7,17,688658,20260417
603976.SH,正川股份,21.15,-0.09447331128957547,19.82,20.07,-1.34395222,20.09,19.7,2345/5521,20.07,20.09,19.7,19.82,1.941264,1266900,17,603976,20260417
300922.SZ,天秦装备,18.67,1.3022246337493326,19.96,19.92,0.30150754,20.02,19.68,2346/5521,19.92,20.02,19.68,19.96,1.708542,2766840,33,300922,20260417
301207.SZ,华兰疫苗,19.5,1.2987012987012987,19.91,20.09,-0.99453008,20.09,19.68,2346/5521,20.09,20.09,19.68,19.91,2.038786,4896896,33,301207,20260417
300353.SZ,东土科技,18.55,2.542841348811503,20.1,19.71,1.97869102,20.16,19.66,2348/5521,19.71,20.16,19.66,20.1,2.536783,1.3326543E7,33,300353,20260417
603093.SH,南华期货,20.95,1.1588604538870035,20.18,19.72,1.40703518,20.33,19.65,2349/5521,19.72,20.33,19.65,20.18,3.417085,1.154885E7,17,603093,20260417
688553.SH,汇宇制药,19.98,2.4090210148641664,19.94,19.82,0.05017561,20.55,19.65,2349/5521,19.82,20.55,19.65,19.94,4.515805,9788571,17,688553,20260417
300977.SZ,深圳瑞捷,21.12,3.7328094302554105,19.75,19.99,-1.05210421,20.16,19.63,2351/5521,19.99,20.16,19.63,19.75,2.65531,1910300,33,300977,20260417
300653.SZ,正海生物,18.35,-1.4500537056928011,19.65,19.93,-1.40491721,19.93,19.62,2352/5521,19.93,19.93,19.62,19.65,1.555444,1371200,33,300653,20260417
301187.SZ,欧圣电气,20.37,1.545363908275186,19.94,20.03,-0.499002,20.03,19.61,2353/5521,20.03,20.03,19.61,19.94,2.095808,2260140,33,301187,20260417
001207.SZ,联科科技,18.37,1.10071546505228,19.64,20.02,-2.28855721,20.19,19.6,2354/5521,20.02,20.19,19.6,19.64,2.935323,5504926,33,001207,20260417
002272.SZ,川润股份,17.3,-0.6318207926479003,20.26,19.7,3.47293156,21.01,19.59,2355/5521,19.7,21.01,19.59,20.26,7.252298,1.09712933E8,33,002272,20260417
301429.SZ,森泰股份,21.43,1.5158692562766476,19.78,19.89,-0.60301508,20.2,19.58,2356/5521,19.89,20.2,19.58,19.78,3.115577,961500,33,301429,20260417
301516.SZ,中远通,20.56,3.472571716154996,19.75,20.08,-2.9006883,20.34,19.58,2356/5521,20.08,20.34,19.58,19.75,3.736479,9242300,33,301516,20260417
605186.SH,健麾信息,19.95,0.0,19.83,19.9,0,20.01,19.58,2356/5521,19.9,20.01,19.58,19.83,2.168431,1514000,17,605186,20260417
920508.BJ,殷图网联,19.05,0.15772870662461166,20.58,19.78,3.72983871,20.9,19.58,2356/5521,19.78,20.9,19.58,20.58,6.653225,1037685,151,920508,20260417
301535.SZ,浙江华远,18.83,-0.21197668256493216,20.26,19.99,2.16843167,20.49,19.57,2360/5521,19.99,20.49,19.57,20.26,4.639435,4924784,33,301535,20260417
603000.SH,人民网,18.98,-2.7165556125064128,19.73,19.76,-0.55443548,19.86,19.57,2360/5521,19.76,19.86,19.57,19.73,1.461693,1.4350772E7,17,603000,20260417
002229.SZ,鸿博股份,16.39,1.8645121193287801,19.68,19.99,-1.10552764,20.15,19.56,2362/5521,19.99,20.15,19.56,19.68,2.964824,8.5350793E7,33,002229,20260417
002245.SZ,蔚蓝锂芯,20.66,-2.9135338345864707,19.74,19.79,-0.40363269,20.04,19.54,2363/5521,19.79,20.04,19.54,19.74,2.522704,5.747271E7,33,002245,20260417
601112.SH,振石股份,20.1,-1.6152716593245144,20.08,19.9,0.4,20.2,19.54,2363/5521,19.9,20.2,19.54,20.08,3.3,1.1727423E7,17,601112,20260417
605151.SH,西上海,21.76,3.9655996177735395,19.88,19.67,0.91370558,20.1,19.54,2363/5521,19.67,20.1,19.54,19.88,2.842639,2178800,17,605151,20260417
920392.BJ,佳合科技,19.33,0.1554404145077595,20.4,19.71,3.55329949,20.58,19.54,2363/5521,19.71,20.58,19.54,20.4,5.279187,1133444,151,920392,20260417
603855.SH,华荣股份,18.68,-1.268498942917558,19.76,19.7,-0.15159171,19.87,19.53,2367/5521,19.7,19.87,19.53,19.76,1.718039,2013800,17,603855,20260417
603073.SH,彩蝶实业,21.0,1.6949152542372952,19.87,19.82,0.50581689,19.98,19.52,2368/5521,19.82,19.98,19.52,19.87,2.326757,1921500,17,603073,20260417
920879.BJ,基康技术,16.4,-2.958579881656805,20.47,19.7,3.54071826,20.76,19.52,2368/5521,16.29166667,17.175,16.14166667,16.93,6.272129,1709704,151,920879,20260417
603706.SH,东方环宇,21.63,1.358950328022489,19.61,19.81,-0.20356234,19.81,19.51,2370/5521,19.81,19.81,19.51,19.61,1.526717,767700,17,603706,20260417
300192.SZ,科德教育,19.69,1.3381369016984126,20.49,19.52,3.90466531,20.65,19.5,2371/5521,19.52,20.65,19.5,20.49,5.831643,1.58273E7,33,300192,20260417
300535.SZ,达威股份,19.79,1.5392508978963608,19.68,19.92,-1.20481928,19.96,19.5,2371/5521,19.92,19.96,19.5,19.68,2.309236,1889500,33,300535,20260417
601233.SH,桐昆股份,24.21,4.986990459670435,19.62,20.38,-3.72914622,20.49,19.5,2371/5521,20.38,20.49,19.5,19.62,4.857703,3.796278E7,17,601233,20260417
603050.SH,科林电气,21.7,7.692307692307696,19.88,19.83,0.30272452,19.99,19.45,2374/5521,19.83,19.99,19.45,19.88,2.72452,3832729,17,603050,20260417
603266.SH,天龙股份,20.23,2.6382546930492112,19.98,19.7,1.11336032,20.16,19.45,2374/5521,19.7,20.16,19.45,19.98,3.593117,3654400,17,603266,20260417
601958.SH,金钼股份,19.58,-1.1610297829379124,19.62,19.5,0,19.94,19.43,2376/5521,19.5,19.94,19.43,19.62,2.599388,3.2000024E7,17,601958,20260417
688365.SH,光云科技,19.72,0.9728622631848322,19.65,19.54,-1.15694165,19.9,19.43,2376/5521,19.54,19.9,19.43,19.65,2.364185,1.4721156E7,17,688365,20260417
600855.SH,航天长峰,18.62,1.416122004357307,20.38,19.65,2.87733468,20.49,19.42,2378/5521,19.65,20.49,19.42,20.38,5.401312,4.6161051E7,17,600855,20260417
600872.SH,中炬高新,20.78,-2.6241799437675666,19.52,19.95,-1.5136226,19.95,19.42,2378/5521,19.95,19.95,19.42,19.52,2.674066,9484491,17,600872,20260417
000878.SZ,云南铜业,19.1,-1.6477857878475812,19.82,19.43,1.12244898,20.07,19.39,2380/5521,19.43,20.07,19.39,19.82,3.469387,4.9097492E7,33,000878,20260417
002532.SZ,天山铝业,16.64,-4.092219020172915,19.64,19.45,-0.25393601,19.74,19.39,2380/5521,19.45,19.74,19.39,19.64,1.777552,4.8067898E7,33,002532,20260417
300490.SZ,华自科技,19.9,-0.300601202404821,20.45,19.67,3.96542959,20.9,19.38,2382/5521,19.67,20.9,19.38,20.45,7.727503,3.927072E7,33,300490,20260417
001386.SZ,马可波罗,18.63,-0.48076923076923006,19.4,19.69,-1.42276423,19.7,19.37,2383/5521,19.69,19.7,19.37,19.4,1.676829,3397500,33,001386,20260417
300277.SZ,汽轮科技,17.97,-0.33277870216307415,19.43,19.9,-2.89855072,19.97,19.36,2384/5521,19.9,19.97,19.36,19.43,3.048475,3.4812772E7,33,300277,20260417
300196.SZ,长海股份,19.55,-3.217821782178211,19.42,19.41,-0.0514668,19.93,19.35,2385/5521,19.41,19.93,19.35,19.42,2.985074,2.3829178E7,33,300196,20260417
600749.SH,西藏旅游,16.24,-2.8126870137642275,20.3,20,1.85649774,20.47,19.35,2385/5521,20,20.47,19.35,20.3,5.619668,4.2662761E7,17,600749,20260417
603311.SH,金海高科,19.75,-1.594419531639264,19.9,19.55,1.01522843,20.33,19.32,2387/5521,19.55,20.33,19.32,19.9,5.126903,1.00441E7,17,603311,20260417
300840.SZ,酷特智能,21.3,4.874446085672093,19.53,19.7,-0.91324201,19.89,19.31,2388/5521,19.7,19.89,19.31,19.53,2.942668,9179400,33,300840,20260417
688221.SH,前沿生物,20.93,-0.8056872037914772,19.65,20.47,-4.19307655,20.47,19.3,2389/5521,20.47,20.47,19.3,19.65,5.704534,1.4958273E7,17,688221,20260417
603727.SH,博迈科,18.85,-0.21175224986765032,19.71,19.48,1.18069815,20.03,19.29,2390/5521,19.48,20.03,19.29,19.71,3.798767,5873500,17,603727,20260417
605011.SH,杭州热电,20.74,0.24166263895600365,19.38,19.52,-0.71721311,19.61,19.28,2391/5521,19.52,19.61,19.28,19.38,1.690573,2720028,17,605011,20260417
001696.SZ,宗申动力,17.36,0.05763688760805769,19.5,19.46,-0.30674847,19.56,19.25,2392/5521,19.46,19.56,19.25,19.5,1.584867,2.2844449E7,33,001696,20260417
002034.SZ,旺能环境,17.49,-1.1305822498586933,19.41,19.39,-1.37195122,19.82,19.25,2392/5521,19.39,19.82,19.25,19.41,2.896341,1.9969289E7,33,002034,20260417
603922.SH,ST金鸿顺,19.91,-5.009541984732827,21.51,19.57,10.02557545,21.51,19.25,2392/5521,19.57,21.51,19.25,21.51,11.560102,8453520,22,603922,20260417
603989.SH,艾华集团,19.86,0.812182741116752,19.5,19.48,-0.05125577,19.71,19.23,2395/5521,19.48,19.71,19.23,19.5,2.460276,6462591,17,603989,20260417
300752.SZ,隆利科技,19.38,1.9463440294581662,19.38,19.4,-0.61538462,19.86,19.21,2396/5521,19.4,19.86,19.21,19.38,3.333333,7226980,33,300752,20260417
000586.SZ,汇源通信,17.71,-1.6657412548584158,19.4,21.06,-8.27423168,21.26,19.2,2397/5521,21.06,21.26,19.2,19.4,9.739952,4.9281329E7,33,000586,20260417
002942.SZ,新农股份,20.14,0.6496751624187855,19.29,19.52,-1.17827869,19.68,19.2,2397/5521,19.52,19.68,19.2,19.29,2.459016,1279680,33,002942,20260417
605183.SH,确成股份,16.97,-1.9075144508670627,19.33,19.5,-1.17586912,19.51,19.2,2397/5521,19.5,19.51,19.2,19.33,1.584867,1397700,17,605183,20260417
600230.SH,沧州大化,18.97,-4.143506821627086,19.4,19.49,-1.0708822,19.65,19.19,2400/5521,19.49,19.65,19.19,19.4,2.345741,8513420,17,600230,20260417
600671.SH,天目药业,19.91,1.3747454175152727,19.48,19.47,-0.1537673,19.9,19.18,2401/5521,19.47,19.9,19.18,19.48,3.690415,2363100,17,600671,20260417
301602.SZ,超研股份,18.18,-0.9803921568627436,19.24,19.39,-1.07969152,19.4,19.16,2402/5521,19.39,19.4,19.16,19.24,1.233933,1418090,33,301602,20260417
688244.SH,永信至诚,19.74,1.334702258726889,19.37,19.57,-1.22386537,19.57,19.16,2402/5521,19.57,19.57,19.16,19.37,2.09077,1620617,17,688244,20260417
300479.SZ,神思电子,17.31,1.2280701754385805,19.34,19.23,0.72916667,19.56,19.15,2404/5521,19.23,19.56,19.15,19.34,2.135416,3703600,33,300479,20260417
002791.SZ,坚朗五金,18.36,-0.5955603681645882,19.37,19.42,-0.61570036,19.58,19.14,2405/5521,19.42,19.58,19.14,19.37,2.257567,4256362,33,002791,20260417
301539.SZ,宏鑫科技,18.57,0.9787928221859691,19.37,19.26,0,19.4,19.13,2406/5521,19.26,19.4,19.13,19.37,1.393908,1218670,33,301539,20260417
688488.SH,艾迪药业,17.26,-0.231213872832365,19.36,19.8,-2.71356784,20.32,19.13,2406/5521,19.8,20.32,19.13,19.36,5.979899,1.487153E7,17,688488,20260417
002056.SZ,横店东磁,18.94,-1.1482254697285954,19.39,19.34,-0.10303967,19.46,19.12,2408/5521,19.34,19.46,19.12,19.39,1.751674,2.5752297E7,33,002056,20260417
300501.SZ,海顺新材,13.74,-0.9372746935832661,19.4,19.43,-0.6656426,19.62,19.11,2409/5521,12.89726027,13.02739726,12.67808219,12.88,2.611367,4819500,33,300501,20260417
002639.SZ,雪人集团,17.72,0.3397508493771162,19.38,19.45,-1.32382892,19.73,19.1,2410/5521,19.45,19.73,19.1,19.38,3.207739,6.5457393E7,33,002639,20260417
002741.SZ,光华科技,21.7,-0.22988505747126764,19.54,19.11,1.55925156,19.65,19.09,2411/5521,19.11,19.65,19.09,19.54,2.910602,1.535655E7,33,002741,20260417
300483.SZ,首华燃气,22.68,-0.56992547128452,19.47,19.54,-0.91603053,19.75,19.09,2411/5521,19.54,19.75,19.09,19.47,3.358778,2.1563102E7,33,300483,20260417
603580.SH,*ST艾艾,21.21,5.000000000000008,19.38,19.28,2.26912929,19.9,19.09,2411/5521,19.28,19.9,19.09,19.38,4.274406,2928792,22,603580,20260417
301103.SZ,何氏眼科,19.85,0.2019182231196502,19.14,19.49,-1.74537988,19.49,19.08,2414/5521,19.49,19.49,19.08,19.14,2.104722,1653322,33,301103,20260417
688066.SH,航天宏图,15.69,0.0,19.45,19.62,-2.50626566,19.94,19.06,2415/5521,19.62,19.94,19.06,19.45,4.411027,1.1408268E7,17,688066,20260417
000581.SZ,威孚高科,19.54,0.153767298821105,19.19,19.7,-7.78471889,19.7,19.05,2416/5521,19.7,19.7,19.05,19.19,3.123498,5.8989894E7,33,000581,20260417
300402.SZ,宝色股份,18.39,0.27262813522355894,19.18,19.25,-0.67322631,19.3,19.04,2417/5521,19.25,19.3,19.04,19.18,1.346452,2479802,33,300402,20260417
603776.SH,永安行,19.83,-0.15105740181269456,20.06,19.04,4.69728601,20.24,19.04,2417/5521,19.04,20.24,19.04,20.06,6.263048,6280858,17,603776,20260417
002549.SZ,凯美特气,19.81,-2.60570304818093,19.42,19.1,0.15471893,19.54,19.02,2419/5521,19.1,19.54,19.02,19.42,2.681794,3.3471306E7,33,002549,20260417
601882.SH,海天精工,20.08,1.825557809330626,19.66,19.1,2.50260688,20.11,19.01,2420/5521,18.8,19.81,18.71,19.36,5.73514,7025623,17,601882,20260417
603013.SH,亚普股份,20.41,1.8971542685970992,19.38,19.33,0.62305296,19.58,19.01,2420/5521,19.33,19.58,19.01,19.38,2.959501,2831815,17,603013,20260417
920425.BJ,乐创技术,25.25,13.228699551569504,20.17,19.13,4.99739719,20.36,19,2422/5521,19.13,20.36,19,20.17,7.079646,1819333,151,920425,20260417
002236.SZ,大华股份,18.49,1.09349371241115,19.16,19.04,-0.05216484,19.32,18.98,2423/5521,19.04,19.32,18.98,19.16,1.773604,6.826054E7,33,002236,20260417
000811.SZ,冰轮环境,24.95,1.299228583028828,19.26,19.06,0,19.43,18.96,2424/5521,19.06,19.43,18.96,19.26,2.44029,2.0978343E7,33,000811,20260417
300034.SZ,钢研高纳,19.65,1.393188854489162,19.27,19.09,0.52164841,19.34,18.96,2424/5521,19.09,19.34,18.96,19.27,1.982263,1.2871151E7,33,300034,20260417
603215.SH,比依股份,18.29,-8.550000000000004,19.17,19.3,-0.67357513,19.3,18.96,2424/5521,19.3,19.3,18.96,19.17,1.761658,1486500,17,603215,20260417
603615.SH,茶花股份,20.55,0.04868549172347402,19.16,19.43,-1.74358974,19.49,18.96,2424/5521,19.43,19.49,18.96,19.16,2.717948,4486174,17,603615,20260417
920195.BJ,三祥科技,16.5,-3.1121550205519735,20.01,19.2,4.3274244,20.19,18.95,2428/5521,19.2,20.19,18.95,20.01,6.465067,1509879,151,920195,20260417
002017.SZ,东信和平,18.93,0.5310674455655944,19.25,19.08,1.04986877,19.34,18.94,2429/5521,19.08,19.34,18.94,19.25,2.099737,1.0358627E7,33,002017,20260417
688681.SH,科汇股份,20.37,1.850000000000005,19.0,19.19,-0.99009901,19.31,18.94,2429/5521,19.19,19.31,18.94,19.0,1.928087,2140062,17,688681,20260417
000550.SZ,江铃汽车,18.75,-1.986408782017768,18.97,18.98,-0.83638265,19.3,18.92,2431/5521,18.98,19.3,18.92,18.97,1.986408,4344747,33,000550,20260417
000869.SZ,张裕A,19.35,0.4151530877010994,19.08,19.12,-0.36553525,19.2,18.92,2431/5521,19.12,19.2,18.92,19.08,1.46214,1038540,33,000869,20260417
688246.SH,嘉和美康,21.0,-0.09514747859181528,19.06,19.58,-2.75510204,19.6,18.92,2431/5521,19.58,19.6,18.92,19.06,3.469387,3382238,17,688246,20260417
300802.SZ,矩子科技,20.09,0.4499999999999993,19.27,19.01,1.42105263,19.43,18.91,2434/5521,19.01,19.43,18.91,19.27,2.736842,3367140,33,300802,20260417
301185.SZ,鸥玛软件,18.09,0.4441976679622337,18.99,19.12,-0.99061522,19.16,18.9,2435/5521,19.12,19.16,18.9,18.99,1.355578,1769800,33,301185,20260417
920367.BJ,新赣江,18.47,0.54436581382688,19.94,19.59,1.73469388,20.17,18.9,2435/5521,19.59,20.17,18.9,19.94,6.479591,3174063,151,920367,20260417
002346.SZ,柘中股份,17.74,0.8527572484366036,19.0,19.21,-1.09318064,19.24,18.88,2437/5521,19.21,19.24,18.88,19.0,1.874023,2726300,33,002346,20260417
601688.SH,华泰证券,19.15,-0.7257646448937303,19.07,18.98,0.31562336,19.18,18.87,2438/5521,18.98,19.18,18.87,19.07,1.63072,7.1153067E7,17,601688,20260417
002888.SZ,惠威科技,19.08,0.8456659619450136,18.98,19.02,-0.15781168,19.15,18.86,2439/5521,19.02,19.15,18.86,18.98,1.525512,1769000,33,002888,20260417
920267.BJ,鑫汇科,18.46,0.27159152634438194,20.15,19.38,5.4973822,20.79,18.86,2439/5521,19.38,20.79,18.86,20.15,10.104712,1068297,151,920267,20260417
920526.BJ,凯华材料,23.51,4.628393413440155,24.73,19.01,29.95270625,24.73,18.86,2439/5521,19.01,24.73,18.86,24.73,30.846032,4027242,151,920526,20260417
688360.SH,德马科技,18.24,1.3896609227348529,19.12,19.28,-0.20876827,19.28,18.85,2442/5521,19.28,19.28,18.85,19.12,2.244258,3296012,17,688360,20260417
002214.SZ,*ST大立,18.57,-2.3659305993690816,19.14,18.99,0.84299262,19.25,18.82,2443/5521,18.99,19.25,18.82,19.14,2.265542,4203500,33,002214,20260417
301151.SZ,冠龙节能,17.65,1.3785180930499623,18.82,18.99,-0.73839662,19.1,18.82,2443/5521,18.99,19.1,18.82,18.82,1.476793,937000,33,301151,20260417
000923.SZ,河钢资源,16.8,-2.211874272409773,18.95,19.13,-1.40478668,19.45,18.8,2445/5521,19.13,19.45,18.8,18.95,3.381893,9839820,33,000923,20260417
603687.SH,大胜达,17.18,9.987195902688864,19.25,19.38,-2.97379032,20.8,18.8,2445/5521,19.38,20.8,18.8,19.25,10.080645,1.33927101E8,17,603687,20260417
603180.SH,金牌家居,18.52,-2.1141649048625903,18.81,19.08,-0.9478673,19.08,18.78,2447/5521,19.08,19.08,18.78,18.81,1.579778,578161,17,603180,20260417
300244.SZ,迪安诊断,19.34,-0.7696254489481713,19.1,18.96,-0.3131524,19.34,18.76,2448/5521,18.96,19.34,18.76,19.1,3.027139,1.9671995E7,33,300244,20260417
301111.SZ,粤万年青,19.9,1.3238289205702547,19.11,19.23,-1.59629248,19.25,18.76,2448/5521,19.23,19.25,18.76,19.11,2.523171,5882600,33,301111,20260417
600079.SH,ST人福,18.88,-1.7178552837064125,18.8,18.91,-0.9483667,18.94,18.76,2448/5521,18.91,18.94,18.76,18.8,0.948366,9340300,22,600079,20260417
600388.SH,龙净环保,18.62,-1.4814814814814687,18.84,18.89,-0.58047493,19.15,18.76,2448/5521,18.89,19.15,18.76,18.84,2.058047,1.0329953E7,17,600388,20260417
600882.SH,妙可蓝多,20.68,1.57170923379175,19.25,19.07,0.89098532,19.29,18.76,2448/5521,19.07,19.29,18.76,19.25,2.777777,5909800,17,600882,20260417
605266.SH,健之佳,20.06,1.1088709677419297,18.78,19.1,-1.77824268,19.11,18.75,2453/5521,19.1,19.11,18.75,18.78,1.882845,1204411,17,605266,20260417
002884.SZ,凌霄泵业,18.82,1.182795698924725,18.87,18.96,0.15923567,19.01,18.74,2454/5521,18.96,19.01,18.74,18.87,1.433121,3915907,33,002884,20260417
601579.SH,会稽山,17.85,-0.9433962264150841,18.85,19.03,-1.77175612,19.1,18.74,2454/5521,19.03,19.1,18.74,18.85,1.875977,8094853,17,601579,20260417
002633.SZ,申科股份,19.73,3.6784025223331542,18.92,18.93,0.05288207,19.6,18.73,2456/5521,18.93,19.6,18.73,18.92,4.60074,4724000,33,002633,20260417
600188.SH,兖矿能源,22.85,-1.3810962451445847,19.0,19.38,-1.91017037,19.45,18.73,2456/5521,19.38,19.45,18.73,19.0,3.717088,4.216505E7,17,600188,20260417
002935.SZ,天奥电子,22.78,1.0199556541019974,18.92,18.8,0.79914758,18.99,18.72,2458/5521,18.8,18.99,18.72,18.92,1.438465,5292122,33,002935,20260417
300265.SZ,通光线缆,17.21,-5.0744622173193505,18.77,19.18,-3.69420215,19.79,18.72,2458/5521,19.18,19.79,18.72,18.77,5.489994,4.684925E7,33,300265,20260417
688105.SH,诺唯赞,19.95,0.25125628140703876,18.86,19.28,-2.53229974,19.33,18.72,2458/5521,19.28,19.33,18.72,18.86,3.152454,1963345,17,688105,20260417
001216.SZ,华瓷股份,18.27,3.1038374717833,18.74,19,-1.4721346,19.06,18.7,2461/5521,19,19.06,18.7,18.74,1.892744,3100360,33,001216,20260417
002576.SZ,通达动力,18.53,-1.436170212765955,19.02,18.84,0.5817028,19.32,18.7,2461/5521,18.84,19.32,18.7,19.02,3.278688,6348600,33,002576,20260417
300577.SZ,开润股份,21.2,3.112840466926073,18.81,19.02,-1.46673651,19.06,18.7,2461/5521,19.02,19.06,18.7,18.81,1.885804,976092,33,300577,20260417
300119.SZ,瑞普生物,18.0,-0.7717750826901906,18.69,18.9,-1.31995776,18.98,18.69,2464/5521,18.9,18.98,18.69,18.69,1.531151,4278904,33,300119,20260417
300566.SZ,激智科技,19.05,0.5807814149947171,18.88,18.69,0.58604156,19.14,18.69,2464/5521,18.69,19.14,18.69,18.88,2.397442,4637626,33,300566,20260417
000887.SZ,中鼎股份,17.4,-0.5714285714285795,18.95,18.73,0.63728093,19.05,18.68,2466/5521,18.73,19.05,18.68,18.95,1.964949,1.7119555E7,33,000887,20260417
300294.SZ,博雅生物,17.48,-1.3544018058690657,18.84,19,-1.1023622,19,18.68,2466/5521,19,19,18.68,18.84,1.67979,4171726,33,300294,20260417
300641.SZ,正丹股份,17.5,-0.9060022650056633,18.86,18.88,-0.1059322,18.93,18.65,2468/5521,18.88,18.93,18.65,18.86,1.48305,9102170,33,300641,20260417
603686.SH,福龙马,18.96,0.42372881355933184,18.88,18.85,0.26553372,19.17,18.65,2468/5521,18.85,19.17,18.65,18.88,2.76155,1.2007545E7,17,603686,20260417
688089.SH,嘉必优,16.03,-0.18679950186798,18.92,18.79,0.37135279,18.94,18.64,2470/5521,18.79,18.94,18.64,18.92,1.591511,1838065,17,688089,20260417
300948.SZ,冠中生态,20.8,4.785894206549115,19.3,19.02,1.52551289,19.51,18.63,2471/5521,19.02,19.51,18.63,19.3,4.629142,3069150,33,300948,20260417
603029.SH,天鹅股份,19.95,1.6819571865443337,18.85,18.81,0.47974414,18.89,18.63,2471/5521,18.81,18.89,18.63,18.85,1.385927,2113700,17,603029,20260417
601026.SH,道生天合,17.57,-0.4532577903682623,18.71,18.67,-1.05764146,19.03,18.62,2473/5521,18.67,19.03,18.62,18.71,2.168164,5227098,17,601026,20260417
300017.SZ,网宿科技,16.0,-2.735562310030391,18.9,18.68,-1.2539185,19.07,18.61,2474/5521,18.68,19.07,18.61,18.9,2.403343,2.39431836E8,33,300017,20260417
605299.SH,舒华体育,25.98,9.991532599491952,18.66,19.11,-3.31606218,20.65,18.61,2474/5521,18.91,20.45,18.41,18.46,10.569948,4.31353E7,17,605299,20260417
600962.SH,国投中鲁,21.75,0.9749303621169957,20.71,18.7,9.98406798,20.71,18.6,2476/5521,18.7,20.71,18.6,20.71,11.205523,7943600,17,600962,20260417
000985.SZ,大庆华科,20.23,-0.2957121734844688,18.9,18.96,0.26525199,19,18.59,2477/5521,18.96,19,18.59,18.9,2.175066,1164600,33,000985,20260417
300109.SZ,新开源,18.92,-0.05282620179608035,18.84,18.73,0.26609899,18.89,18.59,2477/5521,18.73,18.89,18.59,18.84,1.596593,6416247,33,300109,20260417
002362.SZ,汉王科技,18.52,1.535087719298252,18.86,18.85,-0.05299417,18.87,18.57,2479/5521,18.85,18.87,18.57,18.86,1.589825,2684861,33,002362,20260417
002299.SZ,圣农发展,18.6,-0.053734551316485815,18.66,18.69,-0.26723677,18.96,18.53,2480/5521,18.69,18.96,18.53,18.66,2.298236,7979613,33,002299,20260417
300229.SZ,拓尔思,17.87,-0.4456824512534724,18.71,18.58,-0.0534188,18.88,18.53,2480/5521,18.58,18.88,18.53,18.71,1.869658,1.6695596E7,33,300229,20260417
603279.SH,景津装备,18.75,-2.5974025974025974,18.73,18.82,-0.37234043,18.98,18.53,2480/5521,18.82,18.98,18.53,18.73,2.393617,5127600,17,603279,20260417
000032.SZ,深桑达A,17.34,-2.5295109612141613,18.55,18.8,-2.47108307,18.96,18.51,2483/5521,18.8,18.96,18.51,18.55,2.36593,2.0165075E7,33,000032,20260417
300497.SZ,富祥药业,19.32,-2.5718608169440142,18.84,19.01,-0.63291139,19.82,18.51,2483/5521,19.01,19.82,18.51,18.84,6.909282,5.6688982E7,33,300497,20260417
301288.SZ,*ST清研,17.35,-1.6439909297052104,18.54,18.69,-0.05390836,18.74,18.51,2483/5521,18.69,18.74,18.51,18.54,1.239892,351000,33,301288,20260417
002771.SZ,真视通,14.76,-1.7964071856287398,18.52,20.21,0.81654872,20.21,18.5,2486/5521,20.21,20.21,18.5,18.52,9.308655,7.7043293E7,33,002771,20260417
301100.SZ,风光股份,18.75,-0.5305039787798483,18.74,18.5,0.80688542,18.83,18.5,2486/5521,18.5,18.83,18.5,18.74,1.775147,1136700,33,301100,20260417
603132.SH,金徽股份,19.47,-2.0130850528434934,19.03,18.66,1.87366167,19.18,18.5,2486/5521,18.66,19.18,18.5,19.03,3.640256,8257700,17,603132,20260417
688046.SH,药康生物,20.6,-0.2904162633107392,18.86,18.5,1.12600536,19.35,18.48,2489/5521,18.5,19.35,18.48,18.86,4.664879,9195985,17,688046,20260417
600529.SH,山东药玻,18.64,-0.9037745879851046,18.56,18.64,-0.48257373,18.64,18.46,2490/5521,18.64,18.64,18.46,18.56,0.965147,3949401,17,600529,20260417
603767.SH,中马传动,19.41,0.8835758835758926,18.68,18.75,-0.37333333,18.77,18.46,2490/5521,18.75,18.77,18.46,18.68,1.653333,3038060,17,603767,20260417
603890.SH,春秋电子,18.87,-3.181118522319125,18.92,18.8,0.15881419,19.17,18.45,2492/5521,18.8,19.17,18.45,18.92,3.81154,6.9410155E7,17,603890,20260417
920578.BJ,巨能股份,18.39,1.996672212978366,19.71,18.55,6.36805181,20.2,18.45,2492/5521,18.55,20.2,18.45,19.71,9.444144,1661705,151,920578,20260417
301229.SZ,纽泰格,17.35,0.46323103647945485,18.61,18.69,-0.42803638,18.72,18.44,2494/5521,18.69,18.72,18.44,18.61,1.498127,1523596,33,301229,20260417
603896.SH,寿仙谷,17.48,0.05724098454494313,18.53,18.65,-1.06780566,18.7,18.44,2494/5521,18.65,18.7,18.44,18.53,1.388147,1198420,17,603896,20260417
000593.SZ,德龙汇能,25.3,-5.278921752152751,18.76,18.88,2.34588107,19.45,18.43,2496/5521,18.88,19.45,18.43,18.76,5.564648,3.8687796E7,33,000593,20260417
920726.BJ,朱老六,18.69,0.429876410531982,19.3,19.11,1.04712042,19.78,18.43,2496/5521,19.11,19.78,18.43,19.3,7.068062,5355212,151,920726,20260417
600793.SH,宜宾纸业,16.31,-8.576233183856509,18.71,18.52,0.64550834,18.84,18.4,2498/5521,18.52,18.84,18.4,18.71,2.366863,2488800,17,600793,20260417
601166.SH,兴业银行,17.93,-1.375137513751375,18.4,18.6,-1.12842558,18.61,18.4,2498/5521,18.6,18.61,18.4,18.4,1.128425,8.3107167E7,17,601166,20260417
603477.SH,巨星农牧,18.81,1.6756756756756688,18.59,18.84,-1.32696391,18.84,18.4,2498/5521,18.84,18.84,18.4,18.59,2.335456,1.6824231E7,17,603477,20260417
605218.SH,伟时电子,17.03,-3.403289846851945,18.66,18.39,1.41304348,18.74,18.39,2501/5521,18.39,18.74,18.39,18.66,1.902173,2369200,17,605218,20260417
002015.SZ,协鑫能科,17.75,-5.02942750133762,18.53,18.42,0.59717698,19.35,18.38,2502/5521,18.42,19.35,18.38,18.53,5.266015,2.02708578E8,33,002015,20260417
920089.BJ,禾昌聚合,17.86,0.224466891133553,19.38,18.53,5.61307902,19.5,18.38,2502/5521,18.53,19.5,18.38,19.38,6.103542,3593992,151,920089,20260417
300515.SZ,三德科技,17.13,-0.29103608847497503,18.62,18.5,0.43149946,18.64,18.37,2504/5521,18.5,18.64,18.37,18.62,1.45631,1645063,33,300515,20260417
301156.SZ,美农生物,20.47,1.9930244145490712,18.54,18.68,-0.21528525,18.72,18.35,2505/5521,18.68,18.72,18.35,18.54,1.991388,1421010,33,301156,20260417
002361.SZ,神剑股份,20.55,2.493765586034913,18.75,18.8,-2.64797508,19.7,18.34,2506/5521,18.8,19.7,18.34,18.75,7.061266,3.46403548E8,33,002361,20260417
920753.BJ,天纺标,18.88,1.0706638115631655,19.35,18.45,4.87804878,19.79,18.31,2507/5521,18.45,19.79,18.31,19.35,8.02168,1094379,151,920753,20260417
300783.SZ,三只松鼠,19.41,-1.4720812182741074,18.52,18.64,-0.80342796,18.64,18.3,2508/5521,18.64,18.64,18.3,18.52,1.821103,5244564,33,300783,20260417
603949.SH,雪龙集团,17.81,0.2815315315315155,18.51,18.7,-0.91006424,18.71,18.28,2509/5521,18.7,18.71,18.28,18.51,2.301927,6024085,17,603949,20260417
688179.SH,阿拉丁,19.73,2.1221532091097317,18.4,18.27,0.05437738,19.06,18.27,2510/5521,18.27,19.06,18.27,18.4,4.295812,1.0298681E7,17,688179,20260417
920599.BJ,同力股份,18.94,0.47745358090185597,19.25,18.51,3.77358491,19.94,18.27,2510/5521,18.51,19.94,18.27,19.25,9.002695,8778603,151,920599,20260417
688750.SH,金天钛业,18.68,1.3564839934888768,18.8,18.38,1.89701897,18.83,18.26,2512/5521,18.38,18.83,18.26,18.8,3.08943,4603017,17,688750,20260417
600955.SH,维远股份,19.41,-1.9696969696969724,19.27,18.24,4.89929232,19.69,18.24,2513/5521,18.24,19.69,18.24,19.27,7.893304,1.530858E7,17,600955,20260417
300925.SZ,法本信息,18.57,-0.6420545746388496,18.48,18.42,-0.05408329,18.65,18.23,2514/5521,18.42,18.65,18.23,18.48,2.271498,6816103,33,300925,20260417
600062.SH,华润双鹤,17.85,-0.6124721603563442,18.3,18.57,-1.71858217,18.62,18.23,2514/5521,18.57,18.62,18.23,18.3,2.094522,8844093,17,600062,20260417
301139.SZ,元道通信,18.06,2.207130730050917,18.23,18.91,-3.54497354,19.19,18.2,2516/5521,18.91,19.19,18.2,18.23,5.238095,7843001,33,301139,20260417
002317.SZ,众生药业,18.39,-0.1628664495114068,18.43,18.71,-1.96808511,18.77,18.18,2517/5521,18.71,18.77,18.18,18.43,3.138297,3.0246E7,33,002317,20260417
920641.BJ,格利尔,17.23,-0.6343713956170671,19.11,18.38,4.25531915,19.38,18.17,2518/5521,18.38,19.38,18.17,19.11,6.6012,3238150,151,920641,20260417
600131.SH,国网信通,17.14,-0.9248554913294805,18.31,18.26,-0.05458515,18.43,18.16,2519/5521,18.26,18.43,18.16,18.31,1.473799,1.12026E7,17,600131,20260417
603995.SH,甬金股份,19.38,-1.273560876209883,18.49,18.15,1.48188804,18.85,18.15,2520/5521,18.15,18.85,18.15,18.49,3.841931,5725824,17,603995,20260417
000623.SZ,吉林敖东,18.87,1.0712372790573073,18.21,18.35,-0.97879282,18.35,18.13,2521/5521,18.35,18.35,18.13,18.21,1.196302,8643740,33,000623,20260417
002690.SZ,美亚光电,17.52,-0.5675368898978513,18.19,18.2,-0.4378763,18.35,18.11,2522/5521,18.2,18.35,18.11,18.19,1.313628,4167400,33,002690,20260417
002534.SZ,西子洁能,17.6,-1.0123734533183335,18.63,18.15,2.41891149,18.76,18.08,2523/5521,18.15,18.76,18.08,18.63,3.738317,1.3869647E7,33,002534,20260417
300416.SZ,苏试试验,16.99,1.2514898688915215,18.32,18.2,0.32858708,18.42,18.08,2523/5521,18.2,18.42,18.08,18.32,1.861993,1.2029612E7,33,300416,20260417
688529.SH,豪森智能,19.73,0.6632653061224438,18.42,18.3,0.82101806,18.55,18.08,2523/5521,18.3,18.55,18.08,18.42,2.572523,1652470,17,688529,20260417
002232.SZ,启明信息,17.68,1.1441647597253963,18.32,18.1,0.88105727,18.4,18.06,2526/5521,18.1,18.4,18.06,18.32,1.872246,6156900,33,002232,20260417
002833.SZ,弘亚数控,20.41,-0.24437927663734463,18.44,18.27,0.76502732,18.62,18.05,2527/5521,18.27,18.62,18.05,18.44,3.114754,4463763,33,002833,20260417
300383.SZ,光环新网,15.9,-1.5479876160990604,18.17,18.51,-3.24813632,18.7,18.05,2527/5521,18.51,18.7,18.05,18.17,3.461128,1.83364787E8,33,300383,20260417
603863.SH,松炀资源,18.1,-0.3852504127683009,18.34,18.9,-3.21899736,18.94,18.05,2527/5521,18.9,18.94,18.05,18.34,4.696569,7918600,17,603863,20260417
600148.SH,长春一东,19.13,0.3146303093864642,18.21,18.19,0.05494505,18.37,18.04,2530/5521,18.19,18.37,18.04,18.21,1.813186,1308100,17,600148,20260417
603586.SH,金麒麟,16.36,0.49140049140048087,18.34,18.32,0.05455537,18.35,18.03,2531/5521,18.32,18.35,18.03,18.34,1.745771,1498400,17,603586,20260417
603926.SH,铁流股份,21.75,6.0458313018039895,20.02,18.36,10,20.02,18.03,2531/5521,18.36,20.02,18.03,20.02,10.934065,8471435,17,603926,20260417
600714.SH,金瑞矿业,22.1,10.004977600796424,18.08,18.56,-0.82281953,18.84,18.02,2533/5521,18.56,18.84,18.02,18.08,4.49808,2.0445701E7,17,600714,20260417
002342.SZ,巨力索具,19.81,4.814814814814816,19.06,18.07,2.97136683,19.3,18.01,2534/5521,18.07,19.3,18.01,19.06,6.969205,2.23598481E8,33,002342,20260417
300733.SZ,西菱动力,20.0,-0.49751243781095233,18.05,18.18,-0.82417582,18.32,18.01,2534/5521,18.18,18.32,18.01,18.05,1.703296,4169693,33,300733,20260417
603036.SH,如通股份,17.28,-0.9742120343839437,18.13,18.22,-0.2750275,18.36,18.01,2534/5521,18.22,18.36,18.01,18.13,1.925192,1860500,17,603036,20260417
920407.BJ,驰诚股份,17.71,0.6249999999999967,18.79,18.08,3.5261708,18.99,18.01,2534/5521,18.08,18.99,18.01,18.79,5.399449,1357595,151,920407,20260417
300293.SZ,蓝英装备,18.62,2.2515101592531583,18.31,18.04,1.04856512,18.66,18,2538/5521,18.04,18.66,18,18.31,3.642384,6646900,33,300293,20260417
300424.SZ,航新科技,18.37,1.10071546505228,18.55,18.12,2.99833426,18.85,18,2538/5521,18.12,18.85,18,18.55,4.7196,1.511099E7,33,300424,20260417
300743.SZ,天地数码,19.65,0.665983606557372,18.2,18.27,-0.54644809,18.37,18,2538/5521,18.27,18.37,18,18.2,2.021857,2482400,33,300743,20260417
920019.BJ,铜冠矿建,18.04,1.2345679012345614,18.86,18.29,3.06010929,18.97,18,2538/5521,18.29,18.97,18,18.86,5.300546,4157581,151,920019,20260417
688811.SH,有研复材,24.08,12.052117263843648,19.85,18.59,5.082054,21.45,17.99,2542/5521,18.59,21.45,17.99,19.85,18.316569,4.3586358E7,17,688811,20260417
300351.SZ,永贵电器,22.7,1.9766397124887587,18.94,18.21,6.10644258,19,17.98,2543/5521,18.21,19,17.98,18.94,5.714285,3.7054847E7,33,300351,20260417
300430.SZ,诚益通,,,18.09,18.18,-0.71350165,18.21,17.98,2543/5521,18.18,18.21,17.98,18.09,1.262349,3691920,33,300430,20260417
600499.SH,科达制造,19.25,-3.9900249376558636,18.13,18.38,-1.68112798,18.85,17.98,2543/5521,18.38,18.85,17.98,18.13,4.718004,2.25865E7,17,600499,20260417
603681.SH,永冠新材,18.15,0.0551267916207167,18.05,18.12,-0.38631347,18.42,17.98,2543/5521,18.12,18.42,17.98,18.05,2.428256,5283114,17,603681,20260417
003005.SZ,竞业达,17.94,-0.11135857461024261,18.08,18.19,-0.98576123,18.2,17.97,2547/5521,18.19,18.2,17.97,18.08,1.259583,1754060,33,003005,20260417
002006.SZ,精工科技,17.81,2.4741081703107004,18.25,18.1,0.55096419,18.33,17.95,2548/5521,18.1,18.33,17.95,18.25,2.093663,7211100,33,002006,20260417
002626.SZ,金达威,15.21,-3.9166140240050487,18.0,18.25,-1.6930639,18.31,17.95,2548/5521,18.25,18.31,17.95,18.0,1.966138,4596972,33,002626,20260417
300556.SZ,丝路视觉,20.07,2.607361963190192,18.07,18.52,-2.48246087,18.64,17.95,2548/5521,18.52,18.64,17.95,18.07,3.723691,6085263,33,300556,20260417
002805.SZ,丰元股份,22.85,10.014443909484843,18.15,18.59,-1.94489465,18.8,17.94,2551/5521,18.59,18.8,17.94,18.15,4.646137,3.2363105E7,33,002805,20260417
300053.SZ,航宇微,17.9,6.738223017292779,18.38,18,1.37892995,18.48,17.91,2552/5521,18,18.48,17.91,18.38,3.14396,2.8209972E7,33,300053,20260417
603125.SH,常青科技,22.07,-2.603706972639011,18.26,17.99,1.44444444,18.37,17.91,2552/5521,17.99,18.37,17.91,18.26,2.555555,2571824,17,603125,20260417
920027.BJ,交大铁发,18.89,5.8263305322128796,18.55,18.01,2.54284135,18.65,17.9,2554/5521,18.01,18.65,17.9,18.55,4.145936,2469303,151,920027,20260417
301082.SZ,久盛电气,12.35,-1.5151515151515114,18.23,17.96,1.22154359,18.32,17.88,2555/5521,13.75384615,14.03076923,13.69230769,13.96,2.443087,5425367,33,301082,20260417
603258.SH,电魂网络,17.05,-2.849002849002849,17.97,17.95,-0.38802661,18.04,17.87,2556/5521,17.95,18.04,17.87,17.97,0.94235,1488109,17,603258,20260417
000099.SZ,中信海直,17.67,-0.897363993269751,18.32,18.03,0.8255366,18.48,17.86,2557/5521,18.03,18.48,17.86,18.32,3.412217,1.5159259E7,33,000099,20260417
002517.SZ,恺英网络,17.98,-1.2087912087912025,17.97,18.29,-2.70709258,18.3,17.86,2557/5521,18.29,18.3,17.86,17.97,2.382241,6.7826206E7,33,002517,20260417
688289.SH,圣湘生物,17.15,-1.549942594718732,17.9,18.19,-1.75631175,18.19,17.85,2559/5521,18.19,18.19,17.85,17.9,1.866081,4559215,17,688289,20260417
300829.SZ,金丹科技,17.39,-1.640271493212665,17.96,18.33,-2.49728556,18.44,17.83,2560/5521,18.33,18.44,17.83,17.96,3.311617,5342560,33,300829,20260417
603273.SH,天元智能,17.91,1.761363636363629,17.91,17.99,-0.77562327,18.13,17.83,2560/5521,17.99,18.13,17.83,17.91,1.662049,966390,17,603273,20260417
300686.SZ,智动力,17.8,-1.9823788546255474,18.65,18.2,2.47252747,19.19,17.82,2562/5521,18.2,19.19,17.82,18.65,7.527472,2.169278E7,33,300686,20260417
600234.SH,科新发展,24.4,1.6666666666666607,19.92,17.93,9.99447819,19.92,17.82,2562/5521,17.93,19.92,17.82,19.92,11.595803,6920405,17,600234,20260417
002946.SZ,新乳业,19.91,1.117318435754184,18.08,18.3,-1.20218579,18.3,17.81,2564/5521,18.3,18.3,17.81,18.08,2.677595,6560819,33,002946,20260417
601872.SH,招商轮船,17.6,-0.05678591709254975,18.55,17.99,2.59955752,18.66,17.8,2565/5521,17.99,18.66,17.8,18.55,4.756637,1.41336429E8,17,601872,20260417
688570.SH,天玛智控,17.57,0.5148741418764293,17.82,17.81,-0.72423398,18,17.8,2565/5521,17.81,18,17.8,17.82,1.114206,482065,17,688570,20260417
002849.SZ,威星智能,17.3,0.8158508158508192,18.14,18.01,0.55432373,18.2,17.79,2567/5521,18.01,18.2,17.79,18.14,2.272727,4938500,33,002849,20260417
300967.SZ,晓鸣股份,16.61,0.060240963855409696,17.84,18.19,-3.93107162,18.42,17.77,2568/5521,18.19,18.42,17.77,17.84,3.500269,8968957,33,300967,20260417
002395.SZ,双象股份,20.17,2.489837398373994,18.01,17.91,0.44617959,18.33,17.75,2569/5521,17.91,18.33,17.75,18.01,3.234802,7865831,33,002395,20260417
002772.SZ,众兴菌业,17.24,-0.5193306405077892,18.49,18.16,1.70517052,18.9,17.73,2570/5521,18.16,18.9,17.73,18.49,6.435643,1.1630257E7,33,002772,20260417
300643.SZ,万通智控,17.85,-0.3350083752093731,18.03,17.88,0.55772448,18.09,17.73,2570/5521,17.88,18.09,17.73,18.03,2.007808,3828100,33,300643,20260417
603095.SH,越剑智能,25.37,10.017346053772776,18.25,18.02,1.2763596,18.55,17.73,2570/5521,18.02,18.55,17.73,18.25,4.550499,2480920,17,603095,20260417
002871.SZ,伟隆股份,18.44,3.131991051454152,18.23,18.01,0.94130676,18.5,17.71,2573/5521,18.01,18.5,17.71,18.23,4.374307,4482064,33,002871,20260417
300902.SZ,国安达,17.9,-0.33407572383074763,18.47,17.82,3.06919643,18.8,17.71,2573/5521,17.82,18.8,17.71,18.47,6.082589,7859700,33,300902,20260417
002611.SZ,东方精工,17.2,2.5641025641025625,17.91,17.83,0.33613445,17.99,17.7,2575/5521,17.83,17.99,17.7,17.91,1.624649,3.0016114E7,33,002611,20260417
605369.SH,拱东医疗,19.7,3.4663865546218497,17.71,17.79,-0.56148231,17.88,17.7,2575/5521,17.79,17.88,17.7,17.71,1.010668,842280,17,605369,20260417
920139.BJ,华岭股份,17.95,3.757225433526003,19.0,17.79,6.80157392,19.46,17.7,2575/5521,17.79,19.46,17.7,19.0,9.893198,8780806,151,920139,20260417
000158.SZ,常山北明,17.2,-0.9216589861751161,17.81,17.75,-0.1121705,17.88,17.69,2578/5521,17.75,17.88,17.69,17.81,1.065619,2.1056049E7,33,000158,20260417
300377.SZ,赢时胜,16.99,1.372315035799504,18.04,17.96,-2.11611503,18.2,17.68,2579/5521,17.96,18.2,17.68,18.04,2.821486,3.3231505E7,33,300377,20260417
688299.SH,长阳科技,17.87,0.16816143497758484,17.81,17.87,-1.00055586,18.01,17.68,2579/5521,17.87,18.01,17.68,17.81,1.834352,5445262,17,688299,20260417
300482.SZ,万孚生物,18.29,-1.930294906166217,17.78,17.85,-0.72585148,17.87,17.67,2581/5521,17.85,17.87,17.67,17.78,1.116694,3267420,33,300482,20260417
600785.SH,新华百货,17.36,-1.8654607122668276,17.8,18,-1.49418926,18.28,17.67,2581/5521,18,18.28,17.67,17.8,3.37576,8352100,17,600785,20260417
603505.SH,金石资源,18.34,3.6158192090395516,17.85,17.74,0.28089888,17.91,17.67,2581/5521,17.74,17.91,17.67,17.85,1.348314,9555620,17,603505,20260417
002832.SZ,比音勒芬,20.24,2.897813929842383,17.8,17.66,0.84985836,18.01,17.66,2584/5521,17.66,18.01,17.66,17.8,1.983002,1.0763016E7,33,002832,20260417
300249.SZ,依米康,17.56,0.0,17.85,17.82,-1.38121547,18.19,17.66,2584/5521,17.82,18.19,17.66,17.85,2.928176,2.9579777E7,33,300249,20260417
688126.SH,沪硅产业,20.61,2.537313432835811,18.13,17.78,1.56862745,18.39,17.66,2584/5521,17.78,18.39,17.66,18.13,4.089635,3.4857152E7,17,688126,20260417
600021.SH,上海电力,17.0,-1.0477299185098936,17.73,17.94,-1.17056856,18.02,17.63,2587/5521,17.94,18.02,17.63,17.73,2.173913,3.8742067E7,17,600021,20260417
002601.SZ,龙佰集团,16.91,-1.1111111111111185,17.69,17.89,-1.17318436,17.96,17.62,2588/5521,17.89,17.96,17.62,17.69,1.899441,1.9208451E7,33,002601,20260417
300667.SZ,必创科技,19.24,-1.0288065843621546,17.86,17.83,0,17.95,17.62,2588/5521,17.83,17.95,17.62,17.86,1.847704,8134200,33,300667,20260417
603231.SH,索宝蛋白,17.09,-4.418344519015656,17.78,17.73,-0.11235955,17.85,17.62,2588/5521,17.73,17.85,17.62,17.78,1.292134,1583605,17,603231,20260417
300774.SZ,倍杰特,16.2,0.43397396156230805,17.63,18.23,-3.92370572,18.66,17.61,2591/5521,18.23,18.66,17.61,17.63,5.72207,1.2459432E7,33,300774,20260417
605167.SH,利柏特,17.49,0.6908462867011942,18.4,17.87,3.48706412,18.45,17.6,2592/5521,17.87,18.45,17.6,18.4,4.780652,8492500,17,605167,20260417
000519.SZ,中兵红箭,17.74,2.0713463751438406,17.76,17.73,-0.2247191,17.89,17.59,2593/5521,17.73,17.89,17.59,17.76,1.685393,1.7272666E7,33,000519,20260417
600444.SH,国机通用,17.31,0.46430644225187634,17.76,17.75,0.05633803,17.83,17.58,2594/5521,17.75,17.83,17.58,17.76,1.40845,2953100,17,600444,20260417
688670.SH,金迪克,17.92,1.071630005640165,17.65,17.88,-0.8983717,17.88,17.58,2594/5521,17.88,17.88,17.58,17.65,1.684446,962132,17,688670,20260417
605179.SH,一鸣食品,17.25,0.2906976744186088,18.05,17.6,1.91981931,18.44,17.56,2596/5521,17.6,18.44,17.56,18.05,4.968944,6126000,17,605179,20260417
002878.SZ,元隆雅图,19.55,4.601391118245047,17.95,17.56,1.01294316,18.11,17.54,2597/5521,17.56,18.11,17.54,17.95,3.207653,1.2073014E7,33,002878,20260417
002180.SZ,奔图科技,19.16,1.8065887353878844,17.77,17.66,0.11267606,17.99,17.52,2598/5521,17.66,17.99,17.52,17.77,2.647887,1.2782101E7,33,002180,20260417
920679.BJ,前进科技,18.22,1.8446059250978104,18.57,17.88,4.15030847,18.68,17.51,2599/5521,17.88,18.68,17.51,18.57,6.561974,617953,151,920679,20260417
000026.SZ,飞亚达,18.13,0.2211166390270821,17.62,17.5,-0.62041737,18.05,17.5,2600/5521,17.5,18.05,17.5,17.62,3.102086,1.8766046E7,33,000026,20260417
002984.SZ,森麒麟,17.18,-1.0938399539435881,17.73,17.79,-0.44918585,17.79,17.5,2600/5521,17.79,17.79,17.5,17.73,1.628298,7079689,33,002984,20260417
300529.SZ,健帆生物,19.04,-0.10493179433368087,17.55,17.66,-0.95936795,17.7,17.5,2600/5521,17.66,17.7,17.5,17.55,1.128668,2913769,33,300529,20260417
300996.SZ,普联软件,12.5,0.6441223832528186,17.64,17.57,0.0567215,17.95,17.5,2600/5521,12.47857143,12.75,12.42857143,12.53,2.552467,8276000,33,300996,20260417
601677.SH,明泰铝业,17.75,-1.0039040713887324,17.58,17.6,-0.56561086,17.83,17.5,2600/5521,17.6,17.83,17.5,17.58,1.866515,3.210407E7,17,601677,20260417
000739.SZ,普洛药业,18.27,-1.0828370330265258,17.78,18,-1.5503876,18.01,17.45,2605/5521,17.762,17.772,17.212,17.54,3.100775,6526999,33,000739,20260417
301006.SZ,迈拓股份,17.96,3.1591039632395215,17.63,17.51,0.05675369,17.84,17.45,2605/5521,17.51,17.84,17.45,17.63,2.213393,1175003,33,301006,20260417
603919.SH,金徽酒,17.76,-2.148760330578496,18.04,17.9,-0.38652678,18.04,17.45,2605/5521,17.9,18.04,17.45,18.04,3.257868,7533825,17,603919,20260417
688276.SH,百克生物,18.17,0.2206287920573784,17.62,17.92,-2.00222469,17.92,17.45,2605/5521,17.92,17.92,17.45,17.62,2.614015,1922728,17,688276,20260417
920579.BJ,机科股份,17.5,0.11441647597253761,18.39,17.68,3.95703787,18.76,17.45,2605/5521,17.68,18.76,17.45,18.39,7.405313,1860846,151,920579,20260417
600768.SH,宁波富邦,18.88,3.2258064516129026,17.83,17.58,1.76940639,18.22,17.37,2610/5521,17.58,18.22,17.37,17.83,4.851598,2.2231805E7,17,600768,20260417
688085.SH,三友医疗,17.69,1.085714285714293,17.45,17.81,-2.02133633,17.82,17.35,2611/5521,17.81,17.82,17.35,17.45,2.638966,7991190,17,688085,20260417
600438.SH,通威股份,17.37,0.2308136180034778,17.61,17.41,0.11370097,17.65,17.32,2612/5521,17.41,17.65,17.32,17.61,1.876065,4.4699258E7,17,600438,20260417
920694.BJ,中裕科技,17.33,0.2313475997686475,18.12,17.65,2.66288952,18.29,17.32,2612/5521,17.35,17.99,17.02,17.82,5.49575,1261938,151,920694,20260417
600761.SH,安徽合力,18.03,-1.2595837897042739,17.36,17.58,-1.19521912,17.58,17.31,2614/5521,17.58,17.58,17.31,17.36,1.53671,9757402,17,600761,20260417
603110.SH,东方材料,22.13,2.4062933826931956,17.64,17.55,0.22727273,18.1,17.31,2614/5521,17.55,18.1,17.31,17.64,4.488636,9713900,17,603110,20260417
920077.BJ,吉林碳谷,18.09,-3.1584582441113485,18.22,17.5,3.99543379,18.41,17.31,2614/5521,17.5,18.41,17.31,18.22,6.278538,1.3777133E7,151,920077,20260417
300987.SZ,川网传媒,17.1,0.11709601873538131,17.49,17.68,-1.07466063,17.71,17.3,2617/5521,17.68,17.71,17.3,17.49,2.319004,3075860,33,300987,20260417
301083.SZ,百胜智能,17.49,0.2866972477064057,17.5,17.49,0.05717553,17.6,17.29,2618/5521,17.49,17.6,17.29,17.5,1.772441,1310400,33,301083,20260417
600619.SH,海立股份,17.9,5.046948356807508,17.82,17.41,2.82746682,18,17.29,2618/5521,17.41,18,17.29,17.82,4.096941,3.9634048E7,17,600619,20260417
300549.SZ,优德精密,18.21,0.4966887417218535,17.38,17.4,-0.91220068,17.75,17.28,2620/5521,17.4,17.75,17.28,17.38,2.679589,1911100,33,300549,20260417
688722.SH,同益中,18.16,1.8508132361189114,17.85,17.41,2.4684271,18.17,17.25,2621/5521,17.41,18.17,17.25,17.85,5.281285,5694665,17,688722,20260417
601012.SH,隆基绿能,16.46,-0.5438066465256789,17.44,17.45,-0.39977156,17.52,17.23,2622/5521,17.45,17.52,17.23,17.44,1.656196,1.07334437E8,17,601012,20260417
603233.SH,大参林,18.72,-3.255813953488385,17.39,17.67,-0.74200913,17.67,17.23,2622/5521,17.67,17.67,17.23,17.39,2.511415,2747615,17,603233,20260417
600771.SH,广誉远,16.76,-0.8284023668638877,17.35,17.38,-0.11514105,17.52,17.21,2624/5521,17.38,17.52,17.21,17.35,1.784686,5212475,17,600771,20260417
002565.SZ,顺灏股份,19.02,2.699784017278618,18.92,17.86,6.5915493,19.39,17.2,2625/5521,17.86,19.39,17.2,18.92,12.338028,3.05779936E8,33,002565,20260417
300585.SZ,奥联电子,19.51,-3.1761786600496134,18.18,17.49,3.29545455,18.57,17.2,2625/5521,17.49,18.57,17.2,18.18,7.78409,9690200,33,300585,20260417
601965.SH,中国汽研,16.1,0.3740648379052511,17.35,17.42,-0.23001725,17.42,17.2,2625/5521,17.42,17.42,17.2,17.35,1.265094,3945732,17,601965,20260417
603206.SH,嘉环科技,16.6,-0.7177033492822814,17.32,17.22,-1.25427594,17.9,17.2,2625/5521,17.22,17.9,17.2,17.32,3.990877,1.2582394E7,17,603206,20260417
603069.SH,海汽集团,17.02,2.902055622732772,17.55,17.56,-0.45377198,17.59,17.19,2629/5521,17.56,17.59,17.19,17.55,2.268859,3904700,17,603069,20260417
002268.SZ,电科网安,15.68,0.3841229193341901,17.38,17.29,0.23068051,17.43,17.18,2630/5521,17.29,17.43,17.18,17.38,1.441753,7258700,33,002268,20260417
605189.SH,富春染织,16.95,-4.828747894441323,17.88,17.5,1.36054422,18.49,17.18,2630/5521,17.5,18.49,17.18,17.88,7.426303,1.5561793E7,17,605189,20260417
600475.SH,华光环能,16.89,0.11855364552459735,17.81,17.33,2.65129683,17.92,17.16,2632/5521,17.33,17.92,17.16,17.81,4.380403,1.4207029E7,17,600475,20260417
002734.SZ,利民股份,18.03,0.16666666666667299,17.25,17.81,-3.1986532,17.91,17.15,2633/5521,17.81,17.91,17.15,17.25,4.26487,3.2469604E7,33,002734,20260417
688466.SH,金科环境,18.36,2.684563758389264,17.33,17.53,-1.14090131,17.53,17.15,2633/5521,17.53,17.53,17.15,17.33,2.167712,1351427,17,688466,20260417
002803.SZ,吉宏股份,19.92,1.6845329249617247,17.45,17.19,0.9837963,17.54,17.14,2635/5521,17.19,17.54,17.14,17.45,2.314814,7855970,33,002803,20260417
001300.SZ,三柏硕,18.05,3.4383954154727876,18.48,17.44,4.70254958,18.78,17.13,2636/5521,17.44,18.78,17.13,18.48,9.348441,1.1783301E7,33,001300,20260417
601838.SH,成都银行,19.15,0.7894736842105189,17.23,17.26,-0.23161552,17.29,17.12,2637/5521,17.26,17.29,17.12,17.23,0.984365,1.8054939E7,17,601838,20260417
000973.SZ,佛塑科技,20.99,-1.4091122592766592,18.42,17.27,6.53556969,18.89,17.11,2638/5521,17.27,18.89,17.11,18.42,10.294968,1.13411846E8,33,000973,20260417
300484.SZ,蓝海华腾,16.58,-0.36057692307693673,17.44,17.31,0.75101098,17.57,17.11,2638/5521,17.31,17.57,17.11,17.44,2.657423,4187503,33,300484,20260417
605188.SH,国光连锁,16.12,1.7034700315457498,17.48,17.49,0.45977011,17.58,17.11,2638/5521,17.49,17.58,17.11,17.48,2.701149,5707100,17,605188,20260417
002705.SZ,新宝股份,15.13,-5.437499999999995,17.75,17.3,-0.78256009,18.49,17.1,2641/5521,17.3,18.49,17.1,17.75,7.769703,6.0446791E7,33,002705,20260417
301320.SZ,豪江智能,17.54,1.328711727325248,17.17,17.4,-1.32183908,17.4,17.1,2641/5521,17.4,17.4,17.1,17.17,1.724137,1641200,33,301320,20260417
002468.SZ,申通快递,16.35,-1.327700663850325,17.18,18.01,-4.71436495,18.08,17.06,2643/5521,18.01,18.08,17.06,17.18,5.657237,8.7538462E7,33,002468,20260417
300963.SZ,中洲特材,16.84,1.2627781118460666,17.43,17.29,0.8097166,17.48,17.06,2643/5521,17.29,17.48,17.06,17.43,2.429149,7915218,33,300963,20260417
601179.SH,中国西电,16.92,-1.3411078717200986,17.19,17.45,-1.43348624,17.58,17.06,2643/5521,17.45,17.58,17.06,17.19,2.981651,1.93265047E8,17,601179,20260417
688132.SH,邦彦技术,17.92,4.428904428904438,17.13,17.33,-0.9253904,17.33,17.06,2643/5521,17.33,17.33,17.06,17.13,1.561596,1090288,17,688132,20260417
920017.BJ,星昊医药,17.96,3.0407343660355775,17.8,17.4,2.29885057,17.87,17.06,2643/5521,17.4,17.87,17.06,17.8,4.655172,3018997,151,920017,20260417
688165.SH,埃夫特,18.24,6.916764361078545,17.29,17.27,0.17381228,17.42,17.05,2648/5521,17.27,17.42,17.05,17.29,2.143684,4885067,17,688165,20260417
920223.BJ,荣亿精密,17.0,-1.1627906976744145,18.4,17.39,5.8079356,18.7,17.05,2648/5521,17.39,18.7,17.05,18.4,9.488211,5505566,151,920223,20260417
603237.SH,五芳斋,17.08,-1.9517795637198816,17.14,17.26,-0.69524913,17.3,17.02,2650/5521,17.26,17.3,17.02,17.14,1.622247,1160421,17,603237,20260417
002159.SZ,三特索道,16.34,-3.370786516853934,17.14,17.81,-3.2731377,17.92,17.01,2651/5521,17.81,17.92,17.01,17.14,5.13544,5338852,33,002159,20260417
603315.SH,福鞍股份,16.81,-4.597048808172544,18.52,17.01,9.97624703,18.52,17.01,2651/5521,17.01,18.52,17.01,18.52,8.966745,6.7140295E7,17,603315,20260417
920351.BJ,华光源海,16.6,1.6533986527863023,17.88,17.4,3.11418685,18.02,17.01,2651/5521,17.4,18.02,17.01,17.88,5.824682,1955109,151,920351,20260417
300632.SZ,光莆股份,24.47,20.009808729769485,18.66,17.18,7.17978173,18.98,17,2654/5521,17.18,18.98,17,18.66,11.372774,3.7671291E7,33,300632,20260417
688387.SH,信科移动,19.58,8.117062396466034,17.49,17.3,0.69084629,17.66,17,2654/5521,17.3,17.66,17,17.49,3.799654,8.4216706E7,17,688387,20260417
300831.SZ,派瑞股份,20.22,3.7455105182144712,17.3,17.23,1.58543746,17.49,16.99,2656/5521,17.23,17.49,16.99,17.3,2.935995,1.37429E7,33,300831,20260417
600877.SH,电科芯片,16.45,2.1104903786468023,17.32,17.14,0.69767442,17.4,16.98,2657/5521,17.14,17.4,16.98,17.32,2.44186,2.6831705E7,17,600877,20260417
600926.SH,杭州银行,17.4,0.0,16.99,17.05,-0.23487962,17.09,16.98,2657/5521,17.05,17.09,16.98,16.99,0.645918,1.5327396E7,17,600926,20260417
603096.SH,新经典,18.44,1.766004415011039,17.17,17.34,-1.03746398,17.34,16.98,2657/5521,17.34,17.34,16.98,17.17,2.074927,1071200,17,603096,20260417
002927.SZ,泰永长征,18.24,1.6155988857938672,17.64,17.3,2.26086957,17.88,16.97,2660/5521,17.3,17.88,16.97,17.64,5.275362,7495088,33,002927,20260417
301267.SZ,华厦眼科,18.19,0.0,17.04,17.18,-1.04529617,17.18,16.97,2660/5521,17.18,17.18,16.97,17.04,1.219512,2837800,33,301267,20260417
002602.SZ,世纪华通,16.01,-8.930602957906693,17.2,17.17,-0.69284065,17.25,16.96,2662/5521,17.17,17.25,16.96,17.2,1.674364,6.6281351E7,33,002602,20260417
601156.SH,东航物流,16.0,-1.295496607032701,17.05,17.33,-1.61569533,17.33,16.96,2662/5521,17.33,17.33,16.96,17.05,2.135025,6915535,17,601156,20260417
601607.SH,上海医药,17.09,0.9450679267572365,16.99,17.14,-0.87514586,17.14,16.96,2662/5521,17.14,17.14,16.96,16.99,1.050175,9210936,17,601607,20260417
603456.SH,九洲药业,13.79,-1.217765042979955,17.02,17.35,-2.12765957,17.38,16.94,2665/5521,17.35,17.38,16.94,17.02,2.530189,1.2495307E7,17,603456,20260417
000506.SZ,招金黄金,16.0,1.1378002528444988,17.03,17.1,-2.01380898,17.19,16.93,2666/5521,17.1,17.19,16.93,17.03,1.495972,2.8062565E7,33,000506,20260417
003042.SZ,中农联合,17.09,1.1841326228537554,17.0,17.33,-2.35496841,17.45,16.92,2667/5521,17.33,17.45,16.92,17.0,3.044227,5564000,33,003042,20260417
600143.SH,金发科技,17.15,0.645539906103283,17.29,17.05,1.46713615,17.43,16.92,2667/5521,17.05,17.43,16.92,17.29,2.992957,5.9009334E7,17,600143,20260417
601211.SH,国泰海通,16.12,0.0,16.98,17.09,-0.87565674,17.11,16.92,2667/5521,17.09,17.11,16.92,16.98,1.109165,8.8484211E7,17,601211,20260417
603806.SH,福斯特,18.74,0.26752273943283655,17.19,17.48,-2.05128205,17.57,16.91,2670/5521,17.48,17.57,16.91,17.19,3.760683,5.5012855E7,17,603806,20260417
002862.SZ,实丰文化,18.53,0.5425935973955585,17.04,17.16,-0.64139942,17.19,16.9,2671/5521,17.16,17.19,16.9,17.04,1.690962,2087630,33,002862,20260417
600933.SH,爱柯迪,16.97,2.8484848484848415,17.06,17.3,-1.61476355,17.31,16.9,2671/5521,17.3,17.31,16.9,17.06,2.364475,1.29306E7,17,600933,20260417
688403.SH,汇成股份,17.01,4.805914972273574,17.59,17.12,4.20616114,17.97,16.9,2671/5521,17.12,17.97,16.9,17.59,6.338862,8.4311775E7,17,688403,20260417
002568.SZ,百润股份,19.06,4.381161007667016,17.07,17.27,-1.32947977,17.27,16.88,2674/5521,17.27,17.27,16.88,17.07,2.254335,5094625,33,002568,20260417
300151.SZ,昌红科技,17.7,0.16977928692698122,18.4,16.94,8.10810811,18.59,16.88,2674/5521,16.94,18.59,16.88,18.4,10.047003,3.6050306E7,33,300151,20260417
300645.SZ,正元智慧,16.6,-0.6582884500299188,17.02,17.33,-1.61849711,17.33,16.88,2674/5521,17.33,17.33,16.88,17.02,2.601156,2709700,33,300645,20260417
300741.SZ,华宝股份,16.58,0.4239854633555223,17.32,17.1,0.63916328,17.55,16.87,2677/5521,17.07,17.52,16.84,17.29,3.951191,7138315,33,300741,20260417
300768.SZ,迪普科技,17.22,0.3496503496503422,17.1,17.03,-0.23337223,17.19,16.86,2678/5521,17.03,17.19,16.86,17.1,1.92532,7074985,33,300768,20260417
600694.SH,大商股份,18.2,-0.2739726027397299,16.98,17.01,-0.46893318,17.04,16.86,2678/5521,17.01,17.04,16.86,16.98,1.055099,1547936,17,600694,20260417
688225.SH,亚信安全,15.85,0.5072923272035516,16.97,17.1,-0.6440281,17.16,16.86,2678/5521,17.1,17.16,16.86,16.97,1.75644,2288681,17,688225,20260417
002932.SZ,*ST明德,16.97,0.4142011834319544,17.09,17.02,0.41128085,17.34,16.85,2681/5521,17.02,17.34,16.85,17.09,2.878965,3881416,33,002932,20260417
603927.SH,中科软,16.44,0.24390243902440673,16.91,17.06,-1.11111111,17.08,16.84,2682/5521,17.06,17.08,16.84,16.91,1.403508,5650973,17,603927,20260417
301559.SZ,中集环科,16.86,1.4440433212996295,17.02,17.1,-0.46783626,17.16,16.83,2683/5521,17.1,17.16,16.83,17.02,1.929824,2660600,33,301559,20260417
601059.SH,信达证券,16.91,0.6547619047619013,16.87,16.92,-0.4719764,16.98,16.83,2683/5521,16.92,16.98,16.83,16.87,0.884955,4196443,17,601059,20260417
603368.SH,柳药集团,16.74,-1.4134275618374674,16.91,17.05,-0.93731693,17.05,16.82,2685/5521,17.05,17.05,16.82,16.91,1.347393,3751401,17,603368,20260417
000155.SZ,川能动力,17.42,-9.506493506493497,16.95,17,0.05903188,17.95,16.81,2686/5521,17,17.95,16.81,16.95,6.729634,1.0105678E8,33,000155,20260417
001202.SZ,炬申股份,16.97,0.05896226415093166,16.96,17.09,-0.8766803,17.13,16.81,2686/5521,17.09,17.13,16.81,16.96,1.870251,1528700,33,001202,20260417
002612.SZ,朗姿股份,16.09,-1.590214067278297,16.95,17.11,-1.16618076,17.11,16.81,2686/5521,17.11,17.11,16.81,16.95,1.749271,4531834,33,002612,20260417
300174.SZ,元力股份,17.82,-2.356164383561642,17.48,17.06,2.58215962,17.62,16.81,2686/5521,17.06,17.62,16.81,17.48,4.753521,1.6622063E7,33,300174,20260417
002800.SZ,天顺股份,17.65,0.11344299489506282,17.49,16.85,3.42992312,17.69,16.8,2690/5521,16.85,17.69,16.8,17.49,5.263157,6829992,33,002800,20260417
300861.SZ,美畅股份,19.79,4.26765015806111,17.26,16.84,2.25118483,17.39,16.8,2690/5521,16.84,17.39,16.8,17.26,3.49526,9162848,33,300861,20260417
688022.SH,瀚川智能,16.35,0.0,16.92,16.8,0.29638411,17.13,16.8,2690/5521,16.8,17.13,16.8,16.92,1.956135,3444936,17,688022,20260417
920167.BJ,同享科技,19.3,0.6781429316640532,17.62,16.98,3.52526439,17.81,16.8,2690/5521,16.98,17.81,16.8,17.62,5.934195,2396067,151,920167,20260417
603887.SH,城地香江,15.19,-4.465408805031452,16.88,16.85,-0.76425632,17.19,16.77,2694/5521,16.85,17.19,16.77,16.88,2.469135,1.6114613E7,17,603887,20260417
300498.SZ,温氏股份,16.44,1.985111662531019,16.83,17.08,-1.98019802,17.1,16.76,2695/5521,17.08,17.1,16.76,16.83,1.980198,3.758764E7,33,300498,20260417
603151.SH,邦基科技,15.79,0.06337135614702019,17.0,17.17,-1.10529378,17.18,16.76,2695/5521,17.17,17.18,16.76,17.0,2.44328,2023500,17,603151,20260417
300947.SZ,德必集团,17.52,0.9798270893371651,17.09,16.98,0.58858152,17.18,16.75,2697/5521,16.98,17.18,16.75,17.09,2.5309,3516370,33,300947,20260417
920925.BJ,锦好医疗,14.91,-8.63970588235294,17.48,16.95,3.12684366,17.69,16.75,2697/5521,16.95,17.69,16.75,17.48,5.545722,2279408,151,920925,20260417
002297.SZ,博云新材,24.5,5.557949159844891,17.69,17.01,10.01243781,17.69,16.74,2699/5521,17.01,17.69,16.74,17.69,5.90796,1.15693407E8,33,002297,20260417
300058.SZ,蓝色光标,17.12,-1.552616446233465,18.0,16.96,4.65116279,18.22,16.74,2699/5521,16.96,18.22,16.74,18.0,8.604651,7.39231321E8,33,300058,20260417
300642.SZ,透景生命,16.51,0.3037667071688986,16.83,17.13,-1.69392523,17.13,16.73,2701/5521,17.13,17.13,16.73,16.83,2.336448,2592000,33,300642,20260417
300561.SZ,*ST汇科,17.06,-3.5613340870548473,18.09,16.83,6.59988214,18.44,16.7,2702/5521,16.83,18.44,16.7,18.09,10.253388,2.5116399E7,33,300561,20260417
688101.SH,三达膜,21.92,-0.09115770282588684,16.81,16.8,0,16.85,16.7,2702/5521,16.8,16.85,16.7,16.81,0.892325,1286180,17,688101,20260417
003001.SZ,中岩大地,17.05,1.7303102625298277,17.08,16.97,0.47058824,17.23,16.68,2704/5521,16.97,17.23,16.68,17.08,3.235294,3118800,33,003001,20260417
300713.SZ,英可瑞,17.31,0.9918319719953217,16.86,16.97,-1.23022847,17.42,16.67,2705/5521,16.97,17.42,16.67,16.86,4.393673,3618700,33,300713,20260417
300528.SZ,幸福蓝海,15.7,0.9646302250803767,17.41,16.75,2.1713615,17.74,16.65,2706/5521,16.75,17.74,16.65,17.41,6.396713,2.37042E7,33,300528,20260417
601001.SH,晋控煤业,19.33,0.05175983436851972,16.93,16.96,-0.58719906,17.09,16.65,2706/5521,16.96,17.09,16.65,16.93,2.583675,1.2326938E7,17,601001,20260417
920896.BJ,旺成科技,16.91,0.5350772889417352,17.77,16.88,5.27251185,17.98,16.64,2708/5521,16.88,17.98,16.64,17.77,7.938388,1651928,151,920896,20260417
603276.SH,恒兴新材,18.01,0.8963585434173676,16.89,16.91,0,16.95,16.63,2709/5521,16.91,16.95,16.63,16.89,1.894612,1092494,17,603276,20260417
000708.SZ,中信特钢,15.25,-1.4857881136950932,16.74,16.81,-0.59382423,16.85,16.62,2710/5521,16.81,16.85,16.62,16.74,1.365795,7589601,33,000708,20260417
301311.SZ,昆船智能,16.87,0.05931198102017535,16.82,16.89,-0.41444642,16.89,16.62,2710/5521,16.89,16.89,16.62,16.82,1.598579,2059300,33,301311,20260417
002203.SZ,海亮股份,17.99,-0.05555555555556424,17.39,16.61,9.99367489,17.39,16.61,2712/5521,16.61,17.39,16.61,17.39,4.933586,5.2865571E7,33,002203,20260417
603709.SH,中源家居,19.52,-0.7625826131164317,16.81,17.01,-1.23384254,17.11,16.61,2712/5521,17.01,17.11,16.61,16.81,2.93772,1458800,17,603709,20260417
920158.BJ,长江能科,16.48,1.728395061728402,17.23,16.9,2.07345972,17.45,16.6,2714/5521,16.9,17.45,16.6,17.23,5.035545,4455570,151,920158,20260417
920670.BJ,数字人,14.89,-0.8655126498002597,17.46,16.83,3.13053751,17.69,16.6,2714/5521,16.77,17.63,16.54,17.4,6.438275,4417907,151,920670,20260417
002603.SZ,以岭药业,17.04,0.4124926340601078,16.69,17.01,-2.73892774,17.14,16.58,2716/5521,17.01,17.14,16.58,16.69,3.263403,1.852054E7,33,002603,20260417
002095.SZ,生意宝,16.17,0.8733624454148506,16.65,16.75,-1.2455516,16.85,16.57,2717/5521,16.75,16.85,16.57,16.65,1.660735,2559860,33,002095,20260417
002987.SZ,京北方,14.98,-0.1998667554963315,16.66,16.63,-0.23952096,16.74,16.57,2717/5521,16.63,16.74,16.57,16.66,1.017964,6462737,33,002987,20260417
300328.SZ,宜安科技,18.06,1.6319639842431015,16.73,16.76,-0.59417706,17.05,16.57,2717/5521,16.76,17.05,16.57,16.73,2.852049,3.0019407E7,33,300328,20260417
003006.SZ,百亚股份,18.51,-1.594896331738422,16.66,16.92,-1.71091445,16.93,16.56,2720/5521,16.92,16.93,16.56,16.66,2.18289,4406500,33,003006,20260417
601615.SH,明阳智能,15.84,4.14201183431952,16.93,16.54,2.48184019,17.17,16.54,2721/5521,16.54,17.17,16.54,16.93,3.813559,9.6828186E7,17,601615,20260417
301167.SZ,建研设计,17.72,1.7221584385763324,16.67,16.75,-0.11983223,16.78,16.53,2722/5521,16.75,16.78,16.53,16.67,1.497902,1924400,33,301167,20260417
603858.SH,步长制药,16.28,-1.393095093882498,16.69,16.81,-1.06698281,16.85,16.53,2722/5521,16.81,16.85,16.53,16.69,1.896858,5518934,17,603858,20260417
603225.SH,新凤鸣,18.52,0.5975013579576286,16.78,17.73,-6.62214802,17.8,16.52,2724/5521,17.73,17.8,16.52,16.78,7.122982,4.1045636E7,17,603225,20260417
605108.SH,同庆楼,15.92,-7.28013977868376,16.65,16.9,-1.47928994,16.9,16.52,2724/5521,16.9,16.9,16.52,16.65,2.24852,2486133,17,605108,20260417
002182.SZ,宝武镁业,15.69,0.3838771593090129,16.63,16.6,-0.3594967,16.78,16.5,2726/5521,16.6,16.78,16.5,16.63,1.677651,1.577399E7,33,002182,20260417
002438.SZ,江苏神通,16.12,-0.4323656578134668,16.63,16.68,-0.77565632,16.75,16.5,2726/5521,16.68,16.75,16.5,16.63,1.491646,5849254,33,002438,20260417
002237.SZ,恒邦股份,16.61,-2.0636792452830273,16.82,16.51,1.87764991,17.39,16.49,2728/5521,16.51,17.39,16.49,16.82,5.451241,9.7194892E7,33,002237,20260417
002643.SZ,万润股份,16.56,0.24213075060532172,16.81,16.54,1.6938899,16.92,16.48,2729/5521,16.54,16.92,16.48,16.81,2.661826,1.25086E7,33,002643,20260417
603079.SH,圣达生物,15.96,-0.80795525170913,17.03,16.6,2.03714799,17.07,16.48,2729/5521,16.6,17.07,16.48,17.03,3.53505,2733562,17,603079,20260417
603729.SH,ST龙韵,16.37,-4.991294254207774,16.56,16.9,-1.48720999,16.98,16.48,2729/5521,16.9,16.98,16.48,16.56,2.974419,1950300,22,603729,20260417
920527.BJ,夜光明,17.5,1.8033740546829475,17.39,16.75,3.14353499,17.85,16.48,2729/5521,16.75,17.85,16.48,17.39,8.125741,971761,151,920527,20260417
001896.SZ,豫能控股,15.24,-9.982279976373299,17.08,17.28,0.11723329,18.09,16.47,2733/5521,17.28,18.09,16.47,17.08,9.495896,2.00898919E8,33,001896,20260417
603798.SH,康普顿,18.21,-3.854276663146781,16.75,17,-0.53444181,17,16.47,2733/5521,17,17,16.47,16.75,3.147268,6297590,17,603798,20260417
920478.BJ,峆一药业,15.63,-0.5725190839694647,17.2,16.88,4.11622276,17.25,16.46,2735/5521,16.88,17.25,16.46,17.2,4.782082,4044192,151,920478,20260417
300691.SZ,联合光电,16.4,-0.6060606060606146,16.73,16.45,1.33252574,16.81,16.45,2736/5521,16.45,16.81,16.45,16.73,2.180496,3160321,33,300691,20260417
600765.SH,中航重机,15.95,1.982097186700759,16.58,16.7,-0.89659295,16.73,16.45,2736/5521,16.7,16.73,16.45,16.58,1.67364,1.8307216E7,17,600765,20260417
603201.SH,常润股份,16.05,1.6466117796073565,16.54,16.68,-0.66066066,16.7,16.45,2736/5521,16.68,16.7,16.45,16.54,1.501501,1132875,17,603201,20260417
603210.SH,泰鸿万立,16.52,1.5990159901598893,16.62,16.77,-0.89445438,16.77,16.45,2736/5521,16.77,16.77,16.45,16.62,1.908169,2733506,17,603210,20260417
920016.BJ,中草香料,16.82,0.9603841536614655,17.46,16.74,4.30107527,17.46,16.45,2736/5521,16.74,17.46,16.45,17.46,6.033452,1409581,151,920016,20260417
688599.SH,天合光能,17.36,7.425742574257422,16.67,16.5,0.12012012,16.85,16.44,2741/5521,16.5,16.85,16.44,16.67,2.462462,3.0973988E7,17,688599,20260417
920363.BJ,莱赛激光,16.39,-0.9068923821039818,17.4,16.62,4.31654676,17.68,16.43,2742/5521,16.62,17.68,16.43,17.4,7.494004,2118922,151,920363,20260417
002777.SZ,久远银海,15.73,-0.6944444444444409,16.54,16.66,-0.72028812,16.67,16.41,2743/5521,16.66,16.67,16.41,16.54,1.560624,4578620,33,002777,20260417
002962.SZ,五方光电,16.47,-1.0216346153846256,17.35,16.62,3.89221557,18,16.4,2744/5521,16.62,18,16.4,17.35,9.580838,4.9221462E7,33,002962,20260417
300872.SZ,天阳科技,16.51,4.69245402663286,16.69,16.46,1.27427184,16.86,16.4,2744/5521,16.46,16.86,16.4,16.69,2.791262,9891828,33,300872,20260417
600331.SH,宏达股份,18.14,-1.0905125408942165,16.59,16.44,0.97382836,16.87,16.4,2744/5521,16.44,16.87,16.4,16.59,2.86062,5.2190213E7,17,600331,20260417
603153.SH,上海建科,17.43,6.345332519829158,16.52,16.68,-0.18126888,16.69,16.39,2747/5521,16.68,16.69,16.39,16.52,1.812688,1067400,17,603153,20260417
600756.SH,浪潮软件,16.51,1.6000000000000096,16.49,16.78,-2.31042654,16.78,16.37,2748/5521,16.78,16.78,16.37,16.49,2.428909,1.3956361E7,17,600756,20260417
920895.BJ,花溪科技,16.47,2.425373134328362,17.28,16.55,4.85436893,17.43,16.36,2749/5521,16.55,17.43,16.36,17.28,6.492718,917069,151,920895,20260417
300092.SZ,科新机电,16.74,0.35971223021581966,16.73,16.4,1.45542753,16.95,16.35,2750/5521,16.4,16.95,16.35,16.73,3.638568,7480100,33,300092,20260417
300360.SZ,炬华科技,14.47,-1.6983695652173911,16.45,16.5,-0.48396854,16.58,16.35,2750/5521,16.5,16.58,16.35,16.45,1.391409,5634025,33,300360,20260417
603777.SH,来伊份,16.43,4.05319822672578,17.0,16.43,3.40632603,17.2,16.35,2750/5521,16.43,17.2,16.35,17.0,5.170316,3.3825705E7,17,603777,20260417
688772.SH,珠海冠宇,16.6,-4.1016753321779165,16.62,16.35,1.2180268,16.73,16.35,2750/5521,16.35,16.73,16.35,16.62,2.31425,3.056707E7,17,688772,20260417
920180.BJ,爱得科技,14.87,0.9504412763068485,17.05,16.55,2.89680145,17.25,16.35,2750/5521,16.55,17.25,16.35,17.05,5.431502,2930721,151,920180,20260417
300118.SZ,东方日升,17.74,3.5610040863981287,16.62,16.6,-0.53859964,16.73,16.34,2755/5521,16.6,16.73,16.34,16.62,2.333931,4.014906E7,33,300118,20260417
603595.SH,ST东尼,18.08,-2.691065662002153,16.72,16.7,0.42042042,16.78,16.33,2756/5521,16.7,16.78,16.33,16.72,2.702702,2695700,22,603595,20260417
603712.SH,七一二,16.1,2.2871664548920028,16.51,16.53,-0.30193237,16.6,16.31,2757/5521,16.53,16.6,16.31,16.51,1.751207,5968600,17,603712,20260417
601898.SH,中煤能源,18.72,0.053447354355948745,16.38,16.84,-2.15053763,16.86,16.3,2758/5521,16.84,16.86,16.3,16.38,3.34528,2.9087124E7,17,601898,20260417
300826.SZ,测绘股份,17.0,1.2507444907683196,16.49,16.6,-0.72245635,16.61,16.28,2759/5521,16.6,16.61,16.28,16.49,1.986754,2339211,33,300826,20260417
300003.SZ,乐普医疗,14.35,-0.6232686980609409,16.35,16.55,-1.74278846,16.57,16.27,2760/5521,16.55,16.57,16.27,16.35,1.802884,2.1186718E7,33,300003,20260417
002250.SZ,联化科技,16.55,0.24227740763173317,16.45,16.55,-0.90361446,16.68,16.25,2761/5521,16.55,16.68,16.25,16.45,2.590361,1.30179E7,33,002250,20260417
002725.SZ,跃岭股份,16.9,5.164903546981943,16.55,16.27,2.79503106,16.81,16.22,2762/5521,16.27,16.81,16.22,16.55,3.664596,1.3365461E7,33,002725,20260417
600861.SH,北京人力,15.9,-0.9345794392523387,16.32,16.37,-0.18348624,16.38,16.22,2762/5521,16.37,16.38,16.22,16.32,0.978593,1961500,17,600861,20260417
601136.SH,首创证券,16.62,-0.8944543828264674,16.32,16.4,-0.48780488,16.44,16.22,2762/5521,16.4,16.44,16.22,16.32,1.341463,6597100,17,601136,20260417
300823.SZ,建科智能,18.81,0.37353255069370483,16.35,16.44,-0.54744526,16.57,16.21,2765/5521,16.44,16.57,16.21,16.35,2.189781,1872100,33,300823,20260417
603861.SH,白云电器,15.92,-2.9859841560024387,16.51,16.36,0.36474164,16.68,16.21,2765/5521,16.36,16.68,16.21,16.51,2.857142,1.4669361E7,17,603861,20260417
002209.SZ,达意隆,15.06,-9.982068141063957,16.68,16.48,1.09090909,16.74,16.2,2767/5521,16.48,16.74,16.2,16.68,3.272727,1.3139564E7,33,002209,20260417
301298.SZ,东利机械,16.59,1.2202562538132964,16.36,16.47,-0.42604991,16.52,16.2,2767/5521,16.47,16.52,16.2,16.36,1.947656,1574800,33,301298,20260417
603219.SH,富佳股份,16.63,1.1557177615571637,16.27,16.47,-1.21432908,16.5,16.2,2767/5521,16.47,16.5,16.2,16.27,1.821493,2975079,17,603219,20260417
600539.SH,狮头股份,17.56,-4.3051771117166355,17.07,16.19,4.9170252,17.57,16.18,2770/5521,16.19,17.57,16.18,17.07,8.543331,2.343621E7,17,600539,20260417
920608.BJ,丰安股份,16.52,0.42553191489361875,16.95,16.34,3.29067642,17.09,16.17,2771/5521,16.34,17.09,16.17,16.95,5.606337,722826,151,920608,20260417
600129.SH,太极集团,15.56,0.0,16.25,16.55,-1.93120097,16.55,16.16,2772/5521,16.55,16.55,16.16,16.25,2.353651,6502994,17,600129,20260417
600897.SH,厦门空港,16.12,0.24875621890548946,16.23,16.26,-0.79462103,16.33,16.16,2772/5521,16.26,16.33,16.16,16.23,1.039119,2498768,17,600897,20260417
300440.SZ,运达科技,18.3,3.273137697516941,16.48,16.46,-0.54315027,16.67,16.14,2774/5521,16.46,16.67,16.14,16.48,3.198551,1.20514E7,33,300440,20260417
300166.SZ,东方国信,15.44,-0.1293661060802157,16.66,16.45,-1.42011834,17.26,16.13,2775/5521,16.45,17.26,16.13,16.66,6.68639,1.65530413E8,33,300166,20260417
300542.SZ,新晨科技,15.27,0.9253139458030323,16.14,16.24,-0.85995086,16.32,16.13,2775/5521,16.24,16.32,16.13,16.14,1.167076,3788130,33,300542,20260417
300707.SZ,威唐工业,15.19,-0.718954248366021,16.35,16.21,0.06119951,16.4,16.13,2775/5521,16.21,16.4,16.13,16.35,1.652386,4187100,33,300707,20260417
300560.SZ,中富通,14.41,1.33614627285513,16.3,16.3,-0.6097561,16.45,16.12,2778/5521,16.3,16.45,16.12,16.3,2.012195,6346916,33,300560,20260417
603356.SH,华菱精工,19.1,4.200763775231878,16.64,16.27,1.83598531,16.7,16.12,2778/5521,16.27,16.7,16.12,16.64,3.549571,5640600,17,603356,20260417
000559.SZ,万向钱潮,16.09,1.5782828282828283,16.29,16.28,-1.5114873,16.45,16.11,2780/5521,16.28,16.45,16.11,16.29,2.055622,7.3048265E7,33,000559,20260417
603122.SH,合富中国,15.05,-1.3114754098360608,16.16,16.75,-4.49172577,16.75,16.1,2781/5521,16.75,16.75,16.1,16.16,3.841607,3.78486E7,17,603122,20260417
003015.SZ,日久光电,15.15,-1.1741682974559668,16.34,16.18,0.73982737,16.5,16.09,2782/5521,16.18,16.5,16.09,16.34,2.527743,8931500,33,003015,20260417
600598.SH,北大荒,16.75,0.9036144578313167,16.15,16.11,-0.49291436,16.37,16.09,2782/5521,16.11,16.37,16.09,16.15,1.7252,1.78972E7,17,600598,20260417
002732.SZ,燕塘乳业,16.42,-0.4244996967859111,16.18,16.24,-0.6752609,16.34,16.08,2784/5521,16.24,16.34,16.08,16.18,1.596071,1341600,33,002732,20260417
002890.SZ,弘宇股份,17.0,-2.0172910662824286,16.2,16.6,-2.99401198,16.7,16.08,2784/5521,16.6,16.7,16.08,16.2,3.712574,2071700,33,002890,20260417
300962.SZ,中金辐照,16.2,-0.0616903146206142,16.15,16.35,-1.52439024,16.36,16.08,2784/5521,16.35,16.36,16.08,16.15,1.707317,2406780,33,300962,20260417
000025.SZ,特力A,16.6,1.281269066503971,16.18,16.26,-0.6752609,16.26,16.07,2787/5521,16.26,16.26,16.07,16.18,1.166359,2504200,33,000025,20260417
301439.SZ,泓淋电力,16.48,2.679127725856696,16.13,16.2,-0.92137592,16.37,16.06,2788/5521,16.2,16.37,16.06,16.13,1.904176,3873921,33,301439,20260417
603630.SH,拉芳家化,16.62,-1.4819205690574984,16.33,16.35,-0.18337408,16.41,16.06,2788/5521,16.35,16.41,16.06,16.33,2.139364,2531100,17,603630,20260417
301127.SZ,武汉天源,13.72,-1.6487455197132521,16.09,16.48,-2.30722526,16.6,16.04,2790/5521,16.48,16.6,16.04,16.09,3.400121,8467972,33,301127,20260417
600521.SH,华海药业,16.29,1.8124999999999947,16.88,16.22,3.6218539,17.16,16.02,2791/5521,16.22,17.16,16.02,16.88,6.998158,5.7951374E7,17,600521,20260417
605339.SH,南侨食品,16.1,1.7056222362602738,16.09,16.12,-0.67901235,16.19,16.02,2791/5521,16.12,16.19,16.02,16.09,1.049382,943800,17,605339,20260417
000830.SZ,鲁西化工,17.06,0.4120070629782242,16.19,16.18,0.0618047,16.41,16.01,2793/5521,16.18,16.41,16.01,16.19,2.472187,2.6316469E7,33,000830,20260417
605555.SH,德昌股份,15.37,0.7868852459016342,16.37,16.21,0.98704503,16.51,16.01,2793/5521,16.21,16.51,16.01,16.37,3.084515,5337325,17,605555,20260417
603310.SH,巍华新材,16.59,-0.4201680672268925,16.15,16.22,-0.24706609,16.22,16,2795/5521,16.22,16.22,16,16.15,1.358863,1210322,17,603310,20260417
920663.BJ,明阳科技,15.45,0.5859374999999991,16.72,16.19,3.20987654,16.95,16,2795/5521,16.19,16.95,16,16.72,5.864197,1726769,151,920663,20260417
300650.SZ,太龙股份,15.92,0.759493670886071,16.07,16.1,-0.1863354,16.33,15.99,2797/5521,16.1,16.33,15.99,16.07,2.111801,6422000,33,300650,20260417
002077.SZ,大港股份,16.51,3.0586766541822845,16.16,16.04,0.24813896,16.26,15.98,2798/5521,16.04,16.26,15.98,16.16,1.736972,1.4256476E7,33,002077,20260417
688026.SH,洁特生物,15.94,-2.388242498469068,16.06,16.3,-1.95360195,16.44,15.98,2798/5521,16.3,16.44,15.98,16.06,2.808302,1692228,17,688026,20260417
920656.BJ,海昇药业,16.33,1.3656114214773363,16.56,16.28,3.62953692,16.69,15.98,2798/5521,16.28,16.69,15.98,16.56,4.443053,1722386,151,920656,20260417
300719.SZ,安达维尔,15.34,1.054018445322794,16.3,16.06,0.86633663,16.35,15.97,2801/5521,16.06,16.35,15.97,16.3,2.351485,5743850,33,300719,20260417
300673.SZ,佩蒂股份,16.12,-0.1857585139318736,16.18,16.2,-0.43076923,16.26,15.95,2802/5521,16.2,16.26,15.95,16.18,1.907692,3137260,33,300673,20260417
688697.SH,纽威数控,17.4,3.7567084078711925,16.14,15.98,6.04467806,16.48,15.95,2802/5521,15.98,16.48,15.95,16.14,3.48226,1.8219954E7,17,688697,20260417
003040.SZ,楚天龙,14.79,0.5438477226376498,16.09,16.13,-0.24798512,16.19,15.94,2804/5521,16.13,16.19,15.94,16.09,1.549907,4958977,33,003040,20260417
002858.SZ,力盛体育,17.1,2.8262176788935807,16.15,16.08,0,16.29,15.93,2805/5521,16.08,16.29,15.93,16.15,2.229102,6256400,33,002858,20260417
301376.SZ,致欧科技,16.65,-5.2901023890784975,16.11,16.38,-1.58827123,16.39,15.93,2805/5521,16.38,16.39,15.93,16.11,2.810018,4678314,33,301376,20260417
603367.SH,辰欣药业,15.55,-0.7024265644955264,16.02,16.3,-2.01834862,16.32,15.92,2807/5521,16.3,16.32,15.92,16.02,2.446483,8640000,17,603367,20260417
002271.SZ,东方雨虹,14.96,-0.5980066445182715,16.29,17.34,-1.63043478,17.48,15.91,2808/5521,17.34,17.48,15.91,16.29,9.480676,1.23570882E8,33,002271,20260417
300772.SZ,运达股份,16.22,1.185277604491564,16.46,16,2.61845387,16.5,15.91,2808/5521,16,16.5,15.91,16.46,3.678304,2.8133065E7,33,300772,20260417
301303.SZ,真兰仪表,15.43,0.3903708523096975,15.96,16.02,-0.43668122,16.12,15.91,2808/5521,16.02,16.12,15.91,15.96,1.310043,3747957,33,301303,20260417
001369.SZ,双欣材料,15.21,-1.1053315994798434,16.07,15.99,0,16.22,15.9,2811/5521,15.99,16.22,15.9,16.07,1.991288,1.6960235E7,33,001369,20260417
002787.SZ,华源控股,19.4,0.9890681936491292,16.97,16.26,4.04659718,17.47,15.9,2811/5521,16.26,17.47,15.9,16.97,9.625996,3.7343335E7,33,002787,20260417
300504.SZ,天邑股份,17.26,0.4656577415599642,16.09,15.96,0.87774295,16.33,15.9,2811/5521,15.96,16.33,15.9,16.09,2.695924,6024500,33,300504,20260417
603155.SH,新亚强,17.68,1.2600229095074391,16.11,16.04,0.24891101,16.15,15.9,2811/5521,16.04,16.15,15.9,16.11,1.555693,2840588,17,603155,20260417
300036.SZ,超图软件,14.95,0.5379959650302628,15.99,16.02,-0.68322981,16.16,15.89,2815/5521,16.02,16.16,15.89,15.99,1.677018,1.08059E7,33,300036,20260417
300697.SZ,电工合金,16.13,-0.18564356435644266,16.03,15.92,0.06242197,16.15,15.89,2815/5521,15.92,16.15,15.89,16.03,1.622971,5266840,33,300697,20260417
001376.SZ,百通能源,15.17,-0.5245901639344267,16.08,16.3,-1.53092468,16.3,15.87,2817/5521,16.3,16.3,15.87,16.08,2.63319,7454800,33,001376,20260417
300682.SZ,朗新科技,13.64,-0.6554989075018198,16.13,16.18,-0.55487053,16.19,15.87,2817/5521,16.18,16.19,15.87,16.13,1.972872,1.79172E7,33,300682,20260417
300251.SZ,光线传媒,14.78,0.6811989100817415,16.67,16.01,3.15594059,16.99,15.86,2819/5521,16.01,16.99,15.86,16.67,6.992574,1.30755672E8,33,300251,20260417
300538.SZ,同益股份,16.34,-0.244200244200239,16.22,15.85,1.69278997,16.33,15.85,2820/5521,15.85,16.33,15.85,16.22,3.009404,4837749,33,300538,20260417
002635.SZ,安洁科技,16.5,-0.42245021122510734,16.5,16.1,3.38345865,17.12,15.84,2821/5521,16.1,17.12,15.84,16.5,8.02005,3.7324757E7,33,002635,20260417
603038.SH,华立股份,16.84,0.4773269689737368,16.62,15.83,5.05689001,16.86,15.83,2822/5521,15.83,16.86,15.83,16.62,6.510745,1.4234262E7,17,603038,20260417
300437.SZ,清水源,16.04,-1.4742014742014864,16.0,15.93,0.06253909,16.54,15.82,2823/5521,15.93,16.54,15.82,16.0,4.502814,1.3943531E7,33,300437,20260417
920000.BJ,安徽凤凰,15.73,0.25493945188018435,16.53,15.88,3.96226415,16.74,15.82,2823/5521,15.88,16.74,15.82,16.53,5.786163,1227832,151,920000,20260417
002861.SZ,瀛通通讯,16.34,0.6157635467980384,15.88,15.93,-0.12578616,16.05,15.81,2825/5521,15.93,16.05,15.81,15.88,1.509433,3474800,33,002861,20260417
300493.SZ,润欣科技,16.19,1.5683814303638757,16.05,15.9,0.3125,16.13,15.81,2825/5521,15.9,16.13,15.81,16.05,2,8410700,33,300493,20260417
300243.SZ,瑞丰高材,17.64,-5.110274341043568,17.18,15.8,8.45959596,17.7,15.8,2827/5521,15.8,17.7,15.8,17.18,11.994949,4.1485319E7,33,300243,20260417
300246.SZ,宝莱特,17.7,4.05643738977071,16.67,16.13,3.28376704,16.91,15.8,2827/5521,16.13,16.91,15.8,16.67,6.877323,1.73165E7,33,300246,20260417
000422.SZ,湖北宜化,16.9,-1.0538641686182655,15.83,15.91,-0.56532663,16.17,15.78,2829/5521,15.91,16.17,15.78,15.83,2.449748,2.9905079E7,33,000422,20260417
300589.SZ,江龙船艇,16.53,0.1818181818181887,16.09,16.15,-0.61766523,16.18,15.78,2829/5521,16.15,16.18,15.78,16.09,2.47066,1.2784119E7,33,300589,20260417
600686.SH,金龙汽车,15.54,-5.243902439024387,16.05,16.06,-0.61919505,16.18,15.78,2829/5521,16.06,16.18,15.78,16.05,2.47678,1.7329289E7,17,600686,20260417
300012.SZ,华测检测,16.54,-0.06042296072508497,15.95,15.81,0.8855155,16.11,15.77,2832/5521,15.66,15.96,15.62,15.8,2.150537,2.4841407E7,33,300012,20260417
301136.SZ,招标股份,16.13,2.80433397068196,15.96,15.92,-0.62266501,16.08,15.77,2832/5521,15.92,16.08,15.77,15.96,1.930261,4790377,33,301136,20260417
688718.SH,唯赛勃,17.02,1.1890606420927425,15.83,16,-1.24766064,16.05,15.75,2834/5521,16,16.05,15.75,15.83,1.87149,1898665,17,688718,20260417
920184.BJ,国源科技,15.52,1.4379084967320186,16.58,16.12,3.17361543,16.8,15.75,2834/5521,16.12,16.8,15.75,16.58,6.533914,3531882,151,920184,20260417
300051.SZ,琏升科技,16.45,0.4273504273504291,16.28,16.64,0.74257426,16.98,15.73,2836/5521,16.64,16.98,15.73,16.28,7.735148,4.7695E7,33,300051,20260417
002755.SZ,奥赛康,16.95,4.565083281924728,15.86,16.22,-2.2797289,16.48,15.72,2837/5521,16.22,16.48,15.72,15.86,4.682686,2.0495799E7,33,002755,20260417
300298.SZ,三诺生物,16.63,0.30156815440289936,15.8,15.92,-0.81607031,15.93,15.72,2837/5521,15.92,15.93,15.72,15.8,1.318267,3574484,33,300298,20260417
603214.SH,爱婴室,16.69,1.2742718446601993,15.96,15.98,-0.12515645,16.09,15.72,2837/5521,15.98,16.09,15.72,15.96,2.315394,2251400,17,603214,20260417
002823.SZ,凯中精密,16.24,0.3708281829418957,15.9,15.78,0.44219836,15.95,15.71,2840/5521,15.78,15.95,15.71,15.9,1.516108,4272284,33,002823,20260417
688310.SH,迈得医疗,17.39,6.2309102015882685,15.8,15.98,-1.00250627,16.09,15.71,2840/5521,15.98,16.09,15.71,15.8,2.380952,1533555,17,688310,20260417
603238.SH,诺邦股份,15.94,0.3146633102580172,15.87,16.05,-0.99812851,16.05,15.7,2842/5521,16.05,16.05,15.7,15.87,2.183406,1857794,17,603238,20260417
000020.SZ,深华发A,15.96,0.1883239171374836,15.78,15.75,-0.75471698,15.85,15.69,2843/5521,15.75,15.85,15.69,15.78,1.006289,4744800,33,000020,20260417
300290.SZ,荣科科技,15.82,0.12658227848100995,15.79,16.23,-3.66076876,16.38,15.69,2843/5521,16.23,16.38,15.69,15.79,4.209884,5.2133814E7,33,300290,20260417
600999.SH,招商证券,15.72,0.31908104658583736,15.71,15.85,-0.88328076,15.85,15.69,2843/5521,15.85,15.85,15.69,15.71,1.009463,2.5862223E7,17,600999,20260417
000066.SZ,中国长城,19.82,9.988901220865708,15.72,16.2,0.76923077,16.28,15.67,2846/5521,16.2,16.28,15.67,15.72,3.910256,9.4078927E7,33,000066,20260417
002941.SZ,新疆交建,13.9,-2.043692741367154,15.97,15.84,0.75709779,16.1,15.66,2847/5521,15.84,16.1,15.66,15.97,2.776025,1.4169941E7,33,002941,20260417
600732.SH,爱旭股份,15.38,4.483695652173914,15.98,15.67,1.84831103,16.27,15.66,2847/5521,15.67,16.27,15.66,15.98,3.887826,4.4365903E7,17,600732,20260417
688410.SH,山外山,17.17,5.2728387492336175,15.75,15.78,-0.94339623,15.99,15.66,2847/5521,15.78,15.99,15.66,15.75,2.075471,2659259,17,688410,20260417
603178.SH,圣龙股份,19.46,10.005652911249289,17.42,15.75,9.97474747,17.42,15.65,2850/5521,15.75,17.42,15.65,17.42,11.174242,9274368,17,603178,20260417
000823.SZ,超声电子,14.88,-2.040816326530604,15.8,15.86,-0.37831021,15.98,15.63,2851/5521,15.86,15.98,15.63,15.8,2.206809,2.2036871E7,33,000823,20260417
300568.SZ,星源材质,16.43,-1.3805522208883578,15.67,15.74,-0.82278481,16.12,15.63,2851/5521,15.74,16.12,15.63,15.67,3.101265,5.9366649E7,33,300568,20260417
000555.SZ,神州信息,13.71,0.2192982456140434,15.84,15.97,-2.82208589,16.05,15.62,2853/5521,15.97,16.05,15.62,15.84,2.638036,5.6601325E7,33,000555,20260417
002835.SZ,同为股份,15.49,0.3238341968911963,15.68,15.89,-1.3215859,15.89,15.62,2853/5521,15.89,15.89,15.62,15.68,1.699181,1822800,33,002835,20260417
603788.SH,宁波高发,16.88,0.7159904534606052,15.72,15.85,-0.56925996,15.85,15.62,2853/5521,15.85,15.85,15.62,15.72,1.454775,1130500,17,603788,20260417
600550.SH,保变电气,14.95,-1.3201320132013272,15.7,16,-1.38190955,16,15.6,2856/5521,16,16,15.6,15.7,2.512562,5.8712911E7,17,600550,20260417
300233.SZ,金城医药,15.52,-0.7672634271099807,15.8,15.75,-0.18951358,15.95,15.59,2857/5521,15.75,15.95,15.59,15.8,2.274162,1.1839742E7,33,300233,20260417
301260.SZ,格力博,17.13,2.513464991023328,15.69,15.78,-0.50729233,15.78,15.59,2857/5521,15.78,15.78,15.59,15.69,1.204819,1652006,33,301260,20260417
300945.SZ,曼卡龙,15.44,-1.4048531289910642,15.7,15.76,-1.07120353,15.87,15.58,2859/5521,15.76,15.87,15.58,15.7,1.827347,5437411,33,300945,20260417
920855.BJ,浙江大农,15.61,0.7746933505487361,16.37,15.8,4.46713465,16.62,15.57,2860/5521,15.8,16.62,15.57,16.37,6.700701,532908,151,920855,20260417
300847.SZ,中船汉光,16.08,0.5628517823639655,15.72,15.77,-0.63211125,15.8,15.56,2861/5521,15.77,15.8,15.56,15.72,1.517067,2840222,33,300847,20260417
603588.SH,高能环境,14.58,-1.2863913337846953,15.69,15.73,-0.06369427,16.44,15.56,2861/5521,15.63,16.34,15.46,15.59,5.605095,9.7864857E7,17,603588,20260417
603696.SH,安记食品,15.92,2.1822849807445435,15.91,15.94,0.25204789,15.98,15.55,2863/5521,15.94,15.98,15.55,15.91,2.709514,5374110,17,603696,20260417
002945.SZ,华林证券,15.52,1.2393998695368527,15.69,15.71,-0.50729233,15.76,15.54,2864/5521,15.71,15.76,15.54,15.69,1.395053,1.03E7,33,002945,20260417
300181.SZ,佐力药业,15.21,-1.3618677042801497,15.57,15.9,-2.13702074,15.91,15.54,2864/5521,15.9,15.91,15.54,15.57,2.325581,9848800,33,300181,20260417
600776.SH,东方通信,16.62,-2.4647887323943554,16.74,15.55,7.17029449,17.18,15.53,2866/5521,15.55,17.18,15.53,16.74,10.56338,8.6669292E7,17,600776,20260417
603677.SH,奇精机械,15.74,0.5108556832694768,15.56,15.77,-1.33164236,15.77,15.53,2866/5521,15.57,15.57,15.33,15.36,1.521876,1789744,17,603677,20260417
000948.SZ,南天信息,14.49,0.48543689320388544,15.67,15.56,0.57766367,15.73,15.52,2868/5521,15.56,15.73,15.52,15.67,1.347881,3330811,33,000948,20260417
603165.SH,荣晟环保,17.4,1.1627906976744145,16.72,15.75,5.82278481,16.89,15.52,2868/5521,15.75,16.89,15.52,16.72,8.670886,1.9789808E7,17,603165,20260417
920950.BJ,迅安科技,15.8,0.19023462270133887,16.34,15.72,4.14276609,16.5,15.52,2868/5521,15.72,16.5,15.52,16.34,6.246016,596475,151,920950,20260417
920124.BJ,南特科技,15.26,0.9927200529450719,16.27,15.7,3.69662205,16.36,15.51,2871/5521,15.7,16.36,15.51,16.27,5.417463,3367360,151,920124,20260417
300384.SZ,三联虹普,14.21,-1.5246015246015168,15.6,15.76,-1.88679245,16.09,15.5,2872/5521,15.76,16.09,15.5,15.6,3.710691,5980261,33,300384,20260417
002577.SZ,雷柏科技,17.19,3.3674082982561773,15.63,15.83,-1.38801262,15.83,15.47,2873/5521,15.83,15.83,15.47,15.63,2.271293,1906000,33,002577,20260417
300649.SZ,杭州园林,19.19,-1.5897435897435832,15.48,15.58,-1.08626198,15.94,15.46,2874/5521,15.58,15.94,15.46,15.48,3.067092,2890400,33,300649,20260417
300122.SZ,智飞生物,15.15,0.6644518272425225,15.47,15.6,-1.40216699,15.65,15.45,2875/5521,15.6,15.65,15.45,15.47,1.274697,1.2474304E7,33,300122,20260417
688079.SH,美迪凯,14.81,-4.636188023180933,16.25,15.5,4.4344473,16.65,15.44,2876/5521,15.5,16.65,15.44,16.25,7.776349,1.5390751E7,17,688079,20260417
920701.BJ,豪声电子,14.44,0.20818875780707397,16.2,15.57,3.97946085,16.37,15.42,2877/5521,15.57,16.37,15.42,16.2,6.09756,1224741,151,920701,20260417
002465.SZ,海格通信,16.1,5.022831050228319,15.69,15.48,1.35658915,15.76,15.4,2878/5521,15.48,15.76,15.4,15.69,2.325581,6.0215141E7,33,002465,20260417
603303.SH,得邦照明,18.08,4.448295782784515,15.8,15.62,1.93548387,15.96,15.4,2878/5521,15.62,15.96,15.4,15.8,3.612903,2307768,17,603303,20260417
603610.SH,麒盛科技,16.9,1.1976047904191576,15.75,15.52,1.67850226,15.88,15.4,2878/5521,15.52,15.88,15.4,15.75,3.098773,5740700,17,603610,20260417
603823.SH,百合花,16.7,4.24469413233458,16.16,15.61,3.32480818,16.18,15.4,2878/5521,15.61,16.18,15.4,16.16,4.987212,9016200,17,603823,20260417
300797.SZ,钢研纳克,15.87,0.5066497783407224,15.65,15.51,0.90264346,15.68,15.39,2882/5521,15.51,15.68,15.39,15.65,1.869761,3480350,33,300797,20260417
601788.SH,光大证券,15.19,2.913279132791326,15.48,15.55,-0.64184852,15.57,15.38,2883/5521,15.55,15.57,15.38,15.48,1.219512,1.5484133E7,17,601788,20260417
603766.SH,隆鑫通用,15.36,-0.19493177387914967,15.6,15.8,-1.14068441,15.83,15.38,2883/5521,15.8,15.83,15.38,15.6,2.851711,1.6162211E7,17,603766,20260417
688030.SH,山石网科,16.57,1.345565749235467,15.56,15.72,-1.33164236,15.77,15.37,2885/5521,15.72,15.77,15.37,15.56,2.536461,1582322,17,688030,20260417
600012.SH,皖通高速,15.66,-0.948766603415562,15.4,15.72,-1.78571429,15.73,15.36,2886/5521,15.72,15.73,15.36,15.4,2.359693,3051719,17,600012,20260417
603269.SH,海鸥股份,14.92,0.6747638326585671,15.68,15.62,1.42302717,15.98,15.36,2886/5521,15.62,15.98,15.36,15.68,4.010349,2.4471089E7,17,603269,20260417
603810.SH,丰山集团,16.07,-0.062189054726355796,15.52,16.16,-1.64765526,16.16,15.36,2886/5521,16.16,16.16,15.36,15.52,5.069708,2577000,17,603810,20260417
603848.SH,好太太,16.1,1.1306532663316677,15.52,15.65,-0.44900577,15.65,15.36,2886/5521,15.65,15.65,15.36,15.52,1.860166,1260500,17,603848,20260417
002324.SZ,普利特,14.63,-2.401601067378248,15.74,15.42,1.41752577,15.95,15.35,2890/5521,15.42,15.95,15.35,15.74,3.865979,2.5549976E7,33,002324,20260417
300700.SZ,岱勒新材,17.36,3.210463733650411,15.73,15.4,2.07657365,15.89,15.35,2890/5521,15.4,15.89,15.35,15.73,3.504218,8546358,33,300700,20260417
920020.BJ,泰凯英,16.16,2.2137887413029707,15.94,15.46,3.10478655,16.14,15.35,2890/5521,15.46,16.14,15.35,15.94,5.109961,1462268,151,920020,20260417
001289.SZ,龙源电力,16.8,3.83189122373301,15.36,15.46,-0.7751938,15.53,15.33,2893/5521,15.46,15.53,15.33,15.36,1.291989,6057717,33,001289,20260417
002715.SZ,登云股份,17.5,2.1003500583430537,15.73,15.6,0.89801155,15.74,15.31,2894/5521,15.6,15.74,15.31,15.73,2.758178,2910000,33,002715,20260417
002815.SZ,崇达技术,13.9,-2.524544179523138,15.63,15.31,0.96899225,15.77,15.31,2894/5521,15.31,15.77,15.31,15.63,2.971576,3.4213922E7,33,002815,20260417
600353.SH,旭光电子,17.23,-2.6553672316384116,15.6,15.35,1.16731518,15.7,15.29,2896/5521,15.35,15.7,15.29,15.6,2.658884,2.0183415E7,17,600353,20260417
920028.BJ,新恒泰,17.0,-2.5787965616045807,16.35,15.46,5.28010303,16.66,15.28,2897/5521,15.46,16.66,15.28,16.35,8.886027,8670146,151,920028,20260417
920770.BJ,艾能聚,14.87,-3.7540453074433664,16.12,15.6,3.20102433,16.24,15.28,2897/5521,15.6,16.24,15.28,16.12,6.145966,5412638,151,920770,20260417
300131.SZ,英唐智控,16.25,-2.1084337349397675,15.71,15.38,3.4914361,15.97,15.26,2899/5521,15.38,15.97,15.26,15.71,4.677206,1.29591477E8,33,300131,20260417
600268.SH,国电南自,14.97,-1.2532981530342975,15.62,15.45,0.45016077,15.65,15.26,2899/5521,15.45,15.65,15.26,15.62,2.508038,3.2859128E7,17,600268,20260417
920001.BJ,纬达光电,14.44,1.404494382022467,16.28,15.44,5.23594053,16.39,15.26,2899/5521,15.44,16.39,15.26,16.28,7.30446,3871335,151,920001,20260417
603189.SH,网达软件,12.26,0.0,15.25,15.25,-9.97638725,15.25,15.25,2902/5521,15.25,15.25,15.25,15.25,0,2996400,17,603189,20260417
603043.SH,广州酒家,15.52,-1.7721518987341844,15.33,15.41,-0.90497738,15.45,15.24,2903/5521,15.41,15.45,15.24,15.33,1.357466,2032080,17,603043,20260417
002144.SZ,宏达高科,14.25,-0.2100840336134409,15.48,15.3,1.17647059,15.58,15.23,2904/5521,15.3,15.58,15.23,15.48,2.287581,3633656,33,002144,20260417
603803.SH,瑞斯康达,14.3,-3.8332212508406087,15.75,15.5,3.61842105,16.04,15.23,2904/5521,15.5,16.04,15.23,15.75,5.328947,9.6514038E7,17,603803,20260417
603915.SH,国茂股份,15.71,-0.569620253164556,15.46,15.22,0.12953368,15.55,15.22,2906/5521,15.22,15.55,15.22,15.46,2.137305,5257280,17,603915,20260417
920270.BJ,天铭科技,15.57,1.8979057591623099,16.2,15.69,3.05343511,16.58,15.21,2907/5521,15.69,16.58,15.21,16.2,8.715012,1824787,151,920270,20260417
605155.SH,西大门,15.81,0.700636942675167,15.45,15.55,-0.77071291,15.57,15.2,2908/5521,15.55,15.57,15.2,15.45,2.376364,1806700,17,605155,20260417
001239.SZ,永达股份,15.19,-0.19710906701709024,15.3,15.49,-1.29032258,15.49,15.19,2909/5521,15.49,15.49,15.19,15.3,1.935483,2590522,33,001239,20260417
301056.SZ,森赫股份,14.09,-0.28308563340411125,16.53,15.3,9.25313946,17.24,15.19,2909/5521,15.3,17.24,15.19,16.53,13.549239,1.30326E7,33,301056,20260417
920932.BJ,科达自控,14.58,2.1723896285914543,16.2,15.45,6.36900854,16.65,15.18,2911/5521,15.45,16.65,15.18,16.2,9.652002,3192356,151,920932,20260417
002848.SZ,*ST高斯,15.37,-1.7891373801917005,15.54,15.15,3.66911274,15.74,15.15,2912/5521,15.15,15.74,15.15,15.54,3.935957,1.0112167E7,33,002848,20260417
300444.SZ,双杰电气,15.77,-4.250151791135393,15.29,15.38,-0.64977258,15.6,15.15,2912/5521,15.38,15.6,15.15,15.29,2.923976,6.592074E7,33,300444,20260417
301017.SZ,漱玉平民,13.11,-2.4553571428571437,15.34,15.45,-1.41388175,15.54,15.15,2912/5521,15.45,15.54,15.15,15.34,2.506426,1.4008333E7,33,301017,20260417
688619.SH,罗普特,16.02,2.038216560509556,15.74,15.4,1.5483871,15.84,15.14,2915/5521,15.4,15.84,15.14,15.74,4.516129,3753266,17,688619,20260417
000913.SZ,钱江摩托,13.5,-0.9537784299339749,15.48,15.29,1.57480315,15.85,15.11,2916/5521,15.29,15.85,15.11,15.48,4.855643,1.1007517E7,33,000913,20260417
601808.SH,中海油服,15.1,-0.3300330033003347,15.25,15.26,-0.58670143,15.35,15.11,2916/5521,15.26,15.35,15.11,15.25,1.564537,1.6269395E7,17,601808,20260417
920152.BJ,昆工科技,13.8,-3.6312849162011145,16.17,15.68,4.59249677,16.38,15.11,2916/5521,15.68,16.38,15.11,16.17,8.214747,2789248,151,920152,20260417
920833.BJ,美心翼申,15.11,-0.3955174686882037,16.11,15.48,4.67836257,16.31,15.11,2916/5521,15.48,16.31,15.11,16.11,7.79727,2610516,151,920833,20260417
300838.SZ,浙江力诺,17.79,4.34017595307917,15.25,15.38,-0.7807417,15.5,15.1,2920/5521,15.38,15.5,15.1,15.25,2.602472,2276850,33,300838,20260417
600161.SH,天坛生物,14.26,-1.3148788927335606,15.18,15.33,-1.49253731,15.33,15.1,2920/5521,15.33,15.33,15.1,15.18,1.492537,1.0209719E7,17,600161,20260417
603070.SH,万控智造,13.85,-8.460013218770662,15.18,15.17,-0.45901639,15.3,15.1,2920/5521,15.17,15.3,15.1,15.18,1.311475,2209059,17,603070,20260417
002020.SZ,京新药业,14.78,-1.0709504685408309,15.25,15.8,-3.78548896,15.82,15.09,2923/5521,15.8,15.82,15.09,15.25,4.605678,2.1204053E7,33,002020,20260417
000902.SZ,新洋丰,15.24,-2.9299363057324785,15.17,15.38,-1.62127108,15.44,15.08,2924/5521,15.38,15.44,15.08,15.17,2.33463,1.3040272E7,33,000902,20260417
603331.SH,百达精工,14.08,0.2135231316725933,15.23,15.2,-0.45751634,15.3,15.08,2924/5521,15.2,15.3,15.08,15.23,1.437908,4380543,17,603331,20260417
300675.SZ,建科院,16.48,1.3530135301352941,15.2,15.69,-0.19697965,15.8,15.06,2926/5521,15.69,15.8,15.06,15.2,4.858831,3696300,33,300675,20260417
600053.SH,*ST九鼎,10.86,-4.9868766404199505,15.32,15.16,0.98879367,15.46,15.06,2926/5521,15.16,15.46,15.06,15.32,2.636783,3765785,22,600053,20260417
600292.SH,电投水电,15.32,-1.3522215067611016,15.08,15.5,-4.0101846,15.5,15.06,2926/5521,15.5,15.5,15.06,15.08,2.800763,2.4835978E7,17,600292,20260417
300183.SZ,东软载波,13.02,0.15384615384615058,15.49,15.07,2.24422442,15.65,15.05,2929/5521,15.07,15.65,15.05,15.49,3.960396,9082600,33,300183,20260417
300956.SZ,英力股份,15.76,0.8962868117797732,15.38,15.15,1.31752306,15.45,15.05,2929/5521,15.15,15.45,15.05,15.38,2.635046,3711464,33,300956,20260417
300994.SZ,久祺股份,13.87,0.289226319595077,15.17,15.38,-1.36540962,15.39,15.05,2929/5521,15.38,15.39,15.05,15.17,2.210663,2464458,33,300994,20260417
605336.SH,*ST帅电,16.68,-1.1848341232227446,15.12,15.7,-3.38658147,15.99,15.05,2929/5521,15.7,15.99,15.05,15.12,6.006389,8127979,22,605336,20260417
688526.SH,科前生物,14.41,-1.8392370572207055,15.1,15.23,-0.72320842,15.23,15.05,2929/5521,15.23,15.23,15.05,15.1,1.183431,1800929,17,688526,20260417
600295.SH,鄂尔多斯,15.67,1.7532467532467504,15.29,15.04,0.32808399,15.49,15.04,2934/5521,15.04,15.49,15.04,15.29,2.952755,7922736,17,600295,20260417
002104.SZ,恒宝股份,14.23,0.14074595355383232,15.2,15.29,-0.65359477,15.35,15.03,2935/5521,15.29,15.35,15.03,15.2,2.091503,1.9714703E7,33,002104,20260417
002448.SZ,中原内配,15.11,-0.9829619921363064,15.18,15.38,-1.55642023,15.45,15.03,2935/5521,15.38,15.45,15.03,15.18,2.723735,1.6482672E7,33,002448,20260417
603739.SH,蔚蓝生物,15.05,0.4672897196261701,15.19,15.33,-1.55541154,15.39,15.01,2937/5521,15.33,15.39,15.01,15.19,2.462734,2799980,17,603739,20260417
002491.SZ,通鼎互联,15.8,-4.646952323476159,15.13,15.62,-3.13700384,15.97,15,2938/5521,15.62,15.97,15,15.13,6.209987,2.11536548E8,33,002491,20260417
300137.SZ,先河环保,16.66,-1.361752516281826,15.27,15.6,-5.3316801,15.75,15,2938/5521,15.6,15.75,15,15.27,4.649721,5.6708532E7,33,300137,20260417
603305.SH,旭升集团,15.41,1.8506278916060763,15.25,15.1,0.46113307,15.28,15,2938/5521,15.1,15.28,15,15.25,1.844532,2.4844567E7,17,603305,20260417
603316.SH,诚邦股份,15.59,-4.939024390243895,15.6,15.09,2.69914417,15.65,15,2938/5521,15.09,15.65,15,15.6,4.279131,1.015188E7,17,603316,20260417
603928.SH,兴业股份,15.95,0.3144654088050247,15.28,15.5,2.8956229,15.59,15,2938/5521,15.5,15.59,15,15.28,3.973063,1.044788E7,17,603928,20260417
002802.SZ,洪汇新材,13.9,-2.932960893854748,16.36,15.05,10.02017485,16.36,14.99,2943/5521,15.05,16.36,14.99,16.36,9.21318,1.8975165E7,33,002802,20260417
300655.SZ,晶瑞电材,14.42,-2.6333558406482145,15.35,15.04,1.92563081,15.39,14.98,2944/5521,15.04,15.39,14.98,15.35,2.722443,3.7150032E7,33,300655,20260417
301109.SZ,军信股份,16.69,0.24024024024025648,15.09,15.21,-1.04918033,15.26,14.97,2945/5521,15.21,15.26,14.97,15.09,1.901639,5354505,33,301109,20260417
000533.SZ,顺钠股份,12.63,-3.954372623574141,15.04,15.45,-4.14276609,15.66,14.96,2946/5521,15.45,15.66,14.96,15.04,4.46144,9.8345655E7,33,000533,20260417
002735.SZ,王子新材,14.45,0.5567153792623526,15.26,15.15,0.85922009,15.43,14.96,2946/5521,15.15,15.43,14.96,15.26,3.106411,1.0903942E7,33,002735,20260417
300612.SZ,宣亚国际,15.19,0.6626905235255113,15.12,15.18,-1.04712042,15.23,14.96,2946/5521,15.18,15.23,14.96,15.12,1.767015,6137163,33,300612,20260417
920033.BJ,康普化学,17.55,5.3421368547419,15.64,15.12,3.09822017,15.7,14.96,2946/5521,15.12,15.7,14.96,15.64,4.878048,1001362,151,920033,20260417
603181.SH,皇马科技,15.18,-3.496503496503501,15.02,15.15,-0.26560425,15.15,14.95,2950/5521,15.15,15.15,14.95,15.02,1.328021,3558478,17,603181,20260417
600288.SH,大恒科技,15.18,4.043865661411925,15.84,15.06,5.17928287,16.22,14.93,2951/5521,15.06,16.22,14.93,15.84,8.565737,1.9273795E7,17,600288,20260417
300465.SZ,高伟达,14.22,0.779588944011348,15.08,15.22,-1.1147541,15.23,14.92,2952/5521,15.22,15.23,14.92,15.08,2.032786,8457100,33,300465,20260417
600258.SH,首旅酒店,15.65,-2.3705552089831614,14.97,15.36,-2.98120544,15.36,14.92,2952/5521,15.36,15.36,14.92,14.97,2.851587,2.051723E7,17,600258,20260417
603025.SH,大豪科技,16.36,0.24509803921568105,15.35,14.99,3.08932169,15.53,14.91,2954/5521,14.99,15.53,14.91,15.35,4.163868,1.9620863E7,17,603025,20260417
300329.SZ,海伦钢琴,14.02,1.1544011544011554,14.97,14.99,-0.2,15.53,14.9,2955/5521,14.99,15.53,14.9,14.97,4.2,4931818,33,300329,20260417
301081.SZ,严牌股份,15.89,-2.215384615384612,15.17,14.95,0.73041169,15.5,14.9,2955/5521,14.95,15.5,14.9,15.17,3.984063,5275437,33,301081,20260417
603187.SH,海容冷链,13.98,-3.652653342522394,14.98,15.33,-1.18733509,15.81,14.9,2955/5521,15.33,15.81,14.9,14.98,6.002638,5408209,17,603187,20260417
920082.BJ,方正阀门,14.87,-0.06720430107527932,15.54,15.07,2.77777778,15.75,14.9,2955/5521,15.07,15.75,14.9,15.54,5.621693,1865655,151,920082,20260417
920204.BJ,沪江材料,15.75,-0.8186397984886699,15.83,15.23,4.6957672,16.02,14.9,2955/5521,15.23,16.02,14.9,15.83,7.407407,1484809,151,920204,20260417
002007.SZ,华兰生物,14.42,-0.8253094910591419,15.04,15.01,-0.199071,15.07,14.89,2960/5521,15.01,15.07,14.89,15.04,1.194426,8273334,33,002007,20260417
002788.SZ,鹭燕医药,13.66,-0.726744186046509,15.09,15.7,-3.88535032,15.7,14.89,2960/5521,15.7,15.7,14.89,15.09,5.159235,5.2262868E7,33,002788,20260417
300559.SZ,佳发教育,13.97,-0.28551034975017237,15.08,15.28,-1.30890052,15.5,14.89,2960/5521,15.28,15.5,14.89,15.08,3.992146,2.0510757E7,33,300559,20260417
300564.SZ,筑博设计,15.89,-0.4385964912280719,14.97,15.2,-1.05750165,15.26,14.89,2960/5521,15.2,15.26,14.89,14.97,2.445472,1754592,33,300564,20260417
600216.SH,浙江医药,14.54,-1.0884353741496609,14.9,15.25,-2.8049576,15.25,14.89,2960/5521,15.25,15.25,14.89,14.9,2.348336,2.4958412E7,17,600216,20260417
300519.SZ,新光药业,16.31,0.7411982705373529,14.95,15.39,-2.85899935,15.4,14.86,2965/5521,15.39,15.4,14.86,14.95,3.508771,2494700,33,300519,20260417
002401.SZ,中远海科,14.19,-2.6080988332189485,14.89,15.08,-1.58625248,15.14,14.85,2966/5521,15.08,15.14,14.85,14.89,1.916721,3113700,33,002401,20260417
300024.SZ,机器人,14.98,2.252559726962458,15.03,14.99,0.1332445,15.14,14.85,2966/5521,14.99,15.14,14.85,15.03,1.932045,1.8372219E7,33,300024,20260417
300341.SZ,麦克奥迪,15.3,-0.584795321637426,15.09,14.96,0.3992016,15.17,14.85,2966/5521,14.96,15.17,14.85,15.09,2.129075,4095602,33,300341,20260417
300238.SZ,冠昊生物,14.21,-1.5246015246015168,15.0,15.29,-1.96078431,15.3,14.84,2969/5521,15.29,15.3,14.84,15.0,3.006535,5460800,33,300238,20260417
300481.SZ,濮阳惠成,14.6,-4.88599348534202,14.88,15.14,-1.78217822,15.16,14.83,2970/5521,15.14,15.16,14.83,14.88,2.178217,6779200,33,300481,20260417
300786.SZ,国林科技,16.38,2.2471910112359517,15.0,15,0.67114094,15.08,14.82,2971/5521,15,15.08,14.82,15.0,1.744966,4317200,33,300786,20260417
300848.SZ,美瑞新材,17.8,-1.5486725663716683,14.99,14.95,0,15.09,14.82,2971/5521,14.95,15.09,14.82,14.99,1.8012,3397800,33,300848,20260417
605208.SH,永茂泰,14.73,-1.4056224899598333,15.11,15.23,1.88806473,15.49,14.8,2973/5521,15.23,15.49,14.8,15.11,4.65273,1.5589078E7,17,605208,20260417
600435.SH,北方导航,14.45,1.8322762508809005,15.03,14.91,0.80482897,15.06,14.79,2974/5521,14.91,15.06,14.79,15.03,1.810865,1.8859364E7,17,600435,20260417
300224.SZ,正海磁材,13.22,-0.07558578987150254,15.0,14.81,0.67114094,15.05,14.78,2975/5521,14.81,15.05,14.78,15.0,1.81208,1.5821153E7,33,300224,20260417
920892.BJ,广咨国际,14.98,-1.8348623853210968,15.55,14.93,5.42372881,15.75,14.77,2976/5521,14.93,15.75,14.77,15.55,6.644067,2479793,151,920892,20260417
002439.SZ,启明星辰,15.62,3.034300791556722,15.3,14.88,3.2388664,15.49,14.76,2977/5521,14.88,15.49,14.76,15.3,4.925775,6.3635197E7,33,002439,20260417
301037.SZ,保立佳,16.92,3.803680981595098,15.01,14.92,0.60321716,15.16,14.76,2977/5521,14.92,15.16,14.76,15.01,2.680965,1764820,33,301037,20260417
002654.SZ,万润科技,14.52,5.6768558951965025,15.3,14.8,2.40963855,15.52,14.75,2979/5521,14.8,15.52,14.75,15.3,5.153949,5.1990258E7,33,002654,20260417
000703.SZ,恒逸石化,17.65,2.675974403723079,15.11,15.88,-5.38509706,16.27,14.74,2980/5521,15.88,16.27,14.74,15.11,9.580463,8.2621207E7,33,000703,20260417
003038.SZ,鑫铂股份,14.6,-0.47716428084526435,15.11,16.1,-6.55534941,16.1,14.74,2980/5521,16.1,16.1,14.74,15.11,8.410636,2.2776815E7,33,003038,20260417
601033.SH,永兴股份,15.43,0.5211726384364825,14.77,14.88,-0.80591001,14.92,14.74,2980/5521,14.88,14.92,14.74,14.77,1.208865,3431399,17,601033,20260417
605399.SH,晨光新材,14.68,-0.4745762711864426,14.84,15,-0.73578595,15.04,14.74,2980/5521,15,15.04,14.74,14.84,2.006688,2832110,17,605399,20260417
300839.SZ,博汇股份,14.66,2.018093249826033,14.8,15.04,-1.46471372,15.18,14.73,2984/5521,15.04,15.18,14.73,14.8,2.996005,9317750,33,300839,20260417
000695.SZ,滨海能源,15.5,-1.0217113665389537,14.99,14.73,1.215395,15.31,14.72,2985/5521,14.73,15.31,14.72,14.99,3.983794,1.731169E7,33,000695,20260417
000819.SZ,岳阳兴长,16.34,-0.5477784540474733,15.73,14.83,6.35564571,16.07,14.72,2985/5521,14.83,16.07,14.72,15.73,9.127789,1.6197295E7,33,000819,20260417
300171.SZ,东富龙,13.12,-0.5307050796057641,14.85,14.94,-0.93395597,14.99,14.72,2985/5521,14.94,14.99,14.72,14.85,1.8012,4441238,33,300171,20260417
600889.SH,*ST京化,15.39,2.943143812709039,14.9,14.76,0.67567568,14.93,14.71,2988/5521,14.76,14.93,14.71,14.9,1.486486,2512802,22,600889,20260417
000510.SZ,新金路,14.14,1.4347202295552444,15.03,15,-0.79207921,15.23,14.7,2989/5521,15,15.23,14.7,15.03,3.498349,4.027496E7,33,000510,20260417
600397.SH,江钨装备,14.35,-1.1707988980716248,15.15,14.88,1.81451613,15.37,14.7,2989/5521,14.88,15.37,14.7,15.15,4.502688,6.24614E7,17,600397,20260417
603990.SH,麦迪科技,15.82,4.976775049767751,14.99,15.12,-1.2516469,15.16,14.7,2989/5521,15.12,15.16,14.7,14.99,3.030303,1.4827521E7,17,603990,20260417
920992.BJ,中科美菱,15.19,0.6626905235255113,15.56,14.96,4.14993307,15.81,14.7,2989/5521,14.96,15.81,14.7,15.56,7.429718,2393142,151,920992,20260417
002780.SZ,三夫户外,16.77,2.56880733944953,14.81,14.93,-0.93645485,15.01,14.69,2993/5521,14.93,15.01,14.69,14.81,2.140468,3219510,33,002780,20260417
001299.SZ,美能能源,10.94,-3.9508340649692806,14.86,14.88,-3.3810143,15.07,14.68,2994/5521,11.06153846,11.20769231,10.90769231,11.05,2.53576,2.0679E7,33,001299,20260417
002986.SZ,宇新股份,14.39,-3.874415497661991,14.75,15.02,-2.05843293,15.09,14.68,2994/5521,15.02,15.09,14.68,14.75,2.722443,4981848,33,002986,20260417
300989.SZ,蕾奥规划,15.09,1.071667782987275,14.85,14.94,-0.13449899,15.06,14.68,2994/5521,14.94,15.06,14.68,14.85,2.55548,3459400,33,300989,20260417
688560.SH,明冠新材,16.87,0.6563245823388987,17.78,14.85,19.97300945,17.78,14.68,2994/5521,14.85,17.78,14.68,17.78,20.917678,2.9699946E7,17,688560,20260417
300541.SZ,先进数通,12.11,-1.544715447154482,14.78,14.7,0,14.84,14.67,2998/5521,14.7,14.84,14.67,14.78,1.150202,9909937,33,300541,20260417
600201.SH,生物股份,14.59,3.991446899501073,14.68,14.73,-0.94466937,14.92,14.66,2999/5521,14.73,14.92,14.66,14.68,1.754385,1.6282521E7,17,600201,20260417
001205.SZ,盛航股份,15.12,0.0,14.69,14.69,1.31034483,14.82,14.65,3000/5521,14.69,14.82,14.65,14.69,1.172413,5053700,33,001205,20260417
002722.SZ,物产金轮,15.7,0.8997429305912519,14.77,14.75,-0.33738192,14.94,14.65,3000/5521,14.75,14.94,14.65,14.77,1.956815,2695947,33,002722,20260417
601919.SH,中远海控,14.12,-1.6713091922005587,14.72,14.88,-1.34048257,14.91,14.65,3000/5521,14.88,14.91,14.65,14.72,1.742627,6.4111955E7,17,601919,20260417
688429.SH,时创能源,14.16,2.3861171366594367,15.06,14.65,1.41414141,15.21,14.65,3000/5521,14.65,15.21,14.65,15.06,3.771043,4348081,17,688429,20260417
600884.SH,杉杉股份,16.65,-1.4792899408284026,14.7,14.75,-0.33898305,15.58,14.63,3004/5521,14.75,15.58,14.63,14.7,6.440677,1.28633454E8,17,600884,20260417
300452.SZ,山河药辅,14.11,0.0,14.76,14.93,-1.40280561,14.94,14.62,3005/5521,14.93,14.94,14.62,14.76,2.137608,4151839,33,300452,20260417
000048.SZ,京基智农,14.74,0.1358695652173884,14.86,15.35,-3.44379467,15.35,14.6,3006/5521,15.35,15.35,14.6,14.86,4.873294,1.8182438E7,33,000048,20260417
920087.BJ,秋乐种业,13.58,0.9665427509293739,15.12,14.95,1.00200401,15.3,14.6,3006/5521,14.95,15.3,14.6,15.12,4.676018,7386524,151,920087,20260417
601177.SH,杭齿前进,15.93,-0.06273525721455324,14.76,14.75,0.27173913,14.81,14.59,3008/5521,14.75,14.81,14.59,14.76,1.494565,3989502,17,601177,20260417
605180.SH,华生科技,15.85,1.2779552715654907,14.78,14.9,-0.60524546,14.9,14.59,3008/5521,14.9,14.9,14.59,14.78,2.084734,963130,17,605180,20260417
605228.SH,神通科技,14.39,-1.4383561643835554,14.91,14.79,0.33647376,15.05,14.59,3008/5521,14.79,15.05,14.59,14.91,3.095558,1.1714158E7,17,605228,20260417
688590.SH,新致软件,14.87,2.6224982746721808,14.71,14.86,-1.8024032,14.86,14.57,3011/5521,14.86,14.86,14.57,14.71,1.935914,1.0030927E7,17,688590,20260417
600967.SH,内蒙一机,14.1,0.07097232079488848,14.91,14.7,0.9478673,14.93,14.56,3012/5521,14.7,14.93,14.56,14.91,2.505077,2.1170343E7,17,600967,20260417
605077.SH,华康股份,17.04,-0.23419203747072104,14.72,14.72,-0.27100271,14.89,14.56,3012/5521,14.72,14.89,14.56,14.72,2.235772,3061967,17,605077,20260417
688432.SH,有研硅,16.24,5.798045602605856,15.15,14.65,3.20163488,15.23,14.56,3012/5521,14.65,15.23,14.56,15.15,4.564032,1.3738934E7,17,688432,20260417
000818.SZ,航锦科技,15.32,-0.6485084306095956,14.93,14.91,-0.46666667,14.99,14.55,3015/5521,14.91,14.99,14.55,14.93,2.933333,3.4547781E7,33,000818,20260417
600055.SH,万东医疗,14.45,-4.050464807436927,14.76,14.78,0.81967213,14.88,14.55,3015/5521,14.78,14.88,14.55,14.76,2.254098,3424486,17,600055,20260417
603182.SH,嘉华股份,15.05,1.689189189189189,14.85,14.7,0.88315217,14.92,14.55,3015/5521,14.7,14.92,14.55,14.85,2.513586,4078799,17,603182,20260417
603877.SH,太平鸟,14.23,-0.6284916201117309,14.72,14.77,2.50696379,14.99,14.55,3015/5521,14.77,14.99,14.55,14.72,3.064066,3783929,17,603877,20260417
001219.SZ,青岛食品,15.79,2.2006472491909377,14.7,14.75,-1.34228188,14.9,14.54,3019/5521,14.75,14.9,14.54,14.7,2.416107,3558683,33,001219,20260417
000756.SZ,新华制药,14.08,-1.262272089761569,14.61,14.67,-1.01626016,14.75,14.53,3020/5521,14.67,14.75,14.53,14.61,1.490514,4367937,33,000756,20260417
002963.SZ,豪尔赛,17.1,-1.780585870189539,15.8,14.79,6.82893847,15.98,14.53,3020/5521,14.79,15.98,14.53,15.8,9.803921,7671000,33,002963,20260417
300206.SZ,理邦仪器,14.91,1.290760869565214,14.61,14.64,-0.88195387,14.77,14.53,3020/5521,14.329,14.459,14.219,14.3,1.628222,5646287,33,300206,20260417
002846.SZ,英联股份,15.4,-0.9646302250803881,14.87,14.59,1.98902606,15.01,14.52,3023/5521,14.59,15.01,14.52,14.87,3.360768,6912600,33,002846,20260417
301028.SZ,鼎熔岩,14.11,0.07092198581560133,14.67,14.61,0.13651877,14.75,14.51,3024/5521,14.61,14.75,14.51,14.67,1.638225,2243600,33,301028,20260417
600088.SH,中视传媒,14.61,2.5983146067415674,14.66,14.59,-0.20422056,14.82,14.5,3025/5521,14.59,14.82,14.5,14.66,2.178352,2748001,17,600088,20260417
600769.SH,祥龙电业,16.0,5.401844532279317,14.93,15,0.40349697,15.01,14.5,3025/5521,15,15.01,14.5,14.93,3.429724,1.27498E7,17,600769,20260417
688173.SH,希荻微,16.8,8.177720540888613,14.63,14.59,0.41180508,14.73,14.5,3025/5521,14.59,14.73,14.5,14.63,1.578586,4284002,17,688173,20260417
688207.SH,格灵深瞳,15.08,2.5152957171991788,14.62,14.64,-0.67934783,14.76,14.48,3028/5521,14.64,14.76,14.48,14.62,1.902173,3105988,17,688207,20260417
002951.SZ,金时科技,14.94,0.1340482573726513,15.66,14.69,4.88948426,15.97,14.47,3029/5521,14.69,15.97,14.47,15.66,10.046885,1.26405E7,33,002951,20260417
600674.SH,川投能源,15.31,-0.32552083333332643,14.52,14.64,-0.95497954,14.64,14.47,3029/5521,14.64,14.64,14.47,14.52,1.159618,2.2581815E7,17,600674,20260417
600182.SH,S佳通,14.54,-2.6773761713520776,14.61,14.55,0.41237113,14.75,14.46,3031/5521,14.55,14.75,14.46,14.61,1.993127,1562499,17,600182,20260417
603161.SH,科华控股,14.81,0.7482993197278994,14.58,14.6,-0.4778157,14.64,14.45,3032/5521,14.6,14.64,14.45,14.58,1.296928,1760723,17,603161,20260417
920510.BJ,丰光精密,15.15,2.9911624745071346,15.64,14.62,6.97674419,15.98,14.45,3032/5521,14.62,15.98,14.45,15.64,10.465116,3892201,151,920510,20260417
603637.SH,镇海股份,16.88,5.040448039825754,14.64,15.1,-2.59481038,15.51,14.44,3034/5521,15.1,15.51,14.44,14.64,7.119095,1.7118934E7,17,603637,20260417
002670.SZ,国盛证券,12.64,0.3174603174603248,14.62,14.5,0.27434842,14.68,14.43,3035/5521,14.5,14.68,14.43,14.62,1.714677,9741422,33,002670,20260417
003039.SZ,顺控发展,14.3,-1.7182130584192439,14.49,14.69,-1.76271186,14.71,14.43,3035/5521,14.69,14.71,14.43,14.49,1.898305,3738266,33,003039,20260417
300385.SZ,ST雪浪,16.21,7.493368700265258,15.93,14.45,10.47156727,16.49,14.42,3037/5521,14.45,16.49,14.42,15.93,14.355062,3.3465794E7,33,300385,20260417
603107.SH,上海汽配,14.31,0.13995801259623059,14.51,14.59,-0.54832077,14.59,14.42,3037/5521,14.59,14.59,14.42,14.51,1.165181,1483000,17,603107,20260417
920765.BJ,美之高,16.39,24.733637747336378,15.15,14.41,4.33884298,15.46,14.41,3039/5521,14.41,15.46,14.41,15.15,7.231404,1791881,151,920765,20260417
603037.SH,凯众股份,13.76,-0.5780346820809253,14.77,14.7,0.13559322,14.8,14.4,3040/5521,14.7,14.8,14.4,14.77,2.711864,6626608,17,603037,20260417
688575.SH,亚辉龙,13.81,-3.6287508722958797,14.41,14.62,-1.63822526,14.64,14.4,3040/5521,14.62,14.64,14.4,14.41,1.638225,4053748,17,688575,20260417
603209.SH,兴通股份,14.88,-0.7999999999999948,14.48,14.54,-0.68587106,14.66,14.38,3042/5521,14.54,14.66,14.38,14.48,1.920438,4972540,17,603209,20260417
002713.SZ,*ST东易,12.78,3.9024390243902327,14.37,14.89,-5.02313285,15.2,14.37,3043/5521,14.89,15.2,14.37,14.37,5.485789,3.3537386E7,33,002713,20260417
002085.SZ,万丰奥威,13.63,-0.5109489051094782,14.56,14.51,0.27548209,14.62,14.36,3044/5521,14.51,14.62,14.36,14.56,1.790633,2.5934365E7,33,002085,20260417
300730.SZ,科创信息,13.45,0.8245877061469223,14.41,14.78,-3.22364003,14.91,14.36,3044/5521,14.78,14.91,14.36,14.41,3.693754,1.17771E7,33,300730,20260417
688007.SH,光峰科技,14.88,1.362397820163495,14.95,14.38,3.74739764,15.03,14.36,3044/5521,14.38,15.03,14.36,14.95,4.649548,7721901,17,688007,20260417
600560.SH,金自天正,14.53,0.9728978457261903,14.48,14.61,-1.36239782,14.69,14.34,3047/5521,14.61,14.69,14.34,14.48,2.384196,2614999,17,600560,20260417
000668.SZ,*ST荣控,15.85,1.5374759769378619,14.67,15.47,-2.71883289,15.47,14.33,3048/5521,15.47,15.47,14.33,14.67,7.559681,4194288,33,000668,20260417
300005.SZ,探路者,16.66,-0.5966587112171922,14.52,14.53,-0.61601643,14.75,14.33,3048/5521,14.53,14.75,14.33,14.52,2.874743,2.1796717E7,33,300005,20260417
600927.SH,永安期货,14.82,0.8849557522123948,14.33,14.44,-0.76177285,14.49,14.33,3048/5521,14.44,14.49,14.33,14.33,1.108033,3240700,17,600927,20260417
600847.SH,万里股份,14.77,0.06775067750677362,14.79,14.48,1.0936432,15.2,14.32,3051/5521,14.48,15.2,14.32,14.79,6.015037,1.057971E7,17,600847,20260417
920221.BJ,易实精密,15.1,0.9358288770053395,15.19,14.67,3.19293478,15.39,14.32,3051/5521,14.67,15.39,14.32,15.19,7.269021,1688532,151,920221,20260417
002276.SZ,万马股份,12.9,-3.9463886820550957,14.48,14.46,0.13831259,14.57,14.31,3053/5521,14.46,14.57,14.31,14.48,1.798063,1.7583174E7,33,002276,20260417
300386.SZ,飞天诚信,12.69,0.6344171292624907,14.45,14.35,0.34722222,14.53,14.31,3053/5521,14.35,14.53,14.31,14.45,1.527777,4722900,33,300386,20260417
301088.SZ,戎美股份,14.75,0.9582477754962394,14.3,14.37,-0.55632823,14.47,14.29,3055/5521,14.37,14.47,14.29,14.3,1.251738,961700,33,301088,20260417
600590.SH,泰豪科技,15.69,-1.506591337099813,15.84,14.97,5.74098798,15.91,14.29,3055/5521,14.97,15.91,14.29,15.84,10.814419,1.06810719E8,17,600590,20260417
600737.SH,中粮糖业,15.05,1.5519568151147127,14.61,14.5,1.52883947,14.74,14.29,3055/5521,14.5,14.74,14.29,14.61,3.127171,2.3546343E7,17,600737,20260417
002539.SZ,云图控股,15.39,-0.5171299288946352,14.32,14.73,-2.18579235,14.79,14.28,3058/5521,14.73,14.79,14.28,14.32,3.483606,2.6201794E7,33,002539,20260417
688315.SH,诺禾致源,14.23,-1.997245179063355,14.48,14.33,0.9762901,14.68,14.28,3058/5521,14.33,14.68,14.28,14.48,2.7894,3940486,17,688315,20260417
300793.SZ,佳禾智能,14.08,-0.7052186177715066,14.4,14.36,0,14.45,14.27,3060/5521,14.36,14.45,14.27,14.4,1.25,4016200,33,300793,20260417
300218.SZ,安利股份,15.28,1.5957446808510654,14.55,14.85,-2.08613728,14.88,14.26,3061/5521,14.85,14.88,14.26,14.55,4.172274,6934300,33,300218,20260417
300932.SZ,三友联众,14.38,-0.06949270326615557,14.33,14.36,-0.41695622,14.76,14.26,3061/5521,14.36,14.76,14.26,14.33,3.474635,1.5459489E7,33,300932,20260417
603936.SH,博敏电子,15.5,-1.8987341772151942,14.63,14.31,2.09351012,14.74,14.26,3061/5521,14.31,14.74,14.26,14.63,3.349616,3.5406988E7,17,603936,20260417
300605.SZ,恒锋信息,13.17,3.213166144200628,14.44,14.8,-2.95698925,14.8,14.25,3064/5521,14.8,14.8,14.25,14.44,3.696236,7055566,33,300605,20260417
300918.SZ,南山智尚,14.23,0.4943502824858777,15.16,14.4,4.12087912,15.34,14.25,3064/5521,14.4,15.34,14.25,15.16,7.486263,2.0001341E7,33,300918,20260417
603035.SH,常熟汽饰,13.47,-1.7505470459518615,14.42,14.46,-0.27662517,14.46,14.25,3064/5521,14.46,14.46,14.25,14.42,1.452282,3871007,17,603035,20260417
603162.SH,海通发展,14.87,-1.9775873434410067,14.31,15,0.9167842,15.1,14.25,3064/5521,15,15.1,14.25,14.31,5.994358,4.3044935E7,17,603162,20260417
603601.SH,再升科技,15.85,4.276315789473686,14.77,14.7,-1.72987359,14.94,14.25,3064/5521,14.7,14.94,14.25,14.77,4.590818,2.12995307E8,17,603601,20260417
301519.SZ,舜禹股份,15.51,1.8384766907419525,14.34,14.42,-0.27816412,14.49,14.24,3069/5521,14.42,14.49,14.24,14.34,1.738525,1712900,33,301519,20260417
920926.BJ,鸿智科技,14.17,1.2866333095067886,14.99,14.42,3.66528354,15.09,14.24,3069/5521,14.42,15.09,14.24,14.99,5.878284,1352685,151,920926,20260417
600869.SH,远东股份,16.99,-2.356321839080461,14.7,14.3,2.29645094,14.84,14.23,3071/5521,14.3,14.84,14.23,14.7,4.244954,7.9611358E7,17,600869,20260417
603977.SH,国泰集团,13.87,0.872727272727267,14.84,14.31,3.27070285,15.09,14.22,3072/5521,14.31,15.09,14.22,14.84,6.054279,2.9806688E7,17,603977,20260417
600535.SH,天士力,15.13,-0.39499670836075523,14.25,14.43,-1.17891817,14.48,14.21,3073/5521,14.43,14.48,14.21,14.25,1.872399,7343440,17,600535,20260417
601155.SH,新城控股,14.78,0.4758667573079436,14.71,14.24,3.44585091,14.98,14.21,3073/5521,14.24,14.98,14.21,14.71,5.414908,2.5698614E7,17,601155,20260417
603277.SH,银都股份,13.03,-0.07668711656441554,14.43,14.21,0.97970609,14.5,14.21,3073/5521,14.21,14.5,14.21,14.43,2.029391,1438300,17,603277,20260417
600531.SH,豫光金铅,14.73,-3.4098360655737676,14.63,14.2,4.2022792,15.17,14.2,3076/5521,14.2,15.17,14.2,14.63,6.908831,9.5963858E7,17,600531,20260417
300565.SZ,科信技术,12.71,0.47430830039526084,14.43,14.36,0.06934813,14.65,14.19,3077/5521,14.36,14.65,14.19,14.43,3.190013,2.0912349E7,33,300565,20260417
301507.SZ,民生健康,14.76,0.7508532423208152,14.4,14.34,0.0694927,14.48,14.19,3077/5521,14.34,14.48,14.19,14.4,2.015288,3091814,33,301507,20260417
600587.SH,新华医疗,13.75,0.36496350364964025,14.24,14.43,-1.58949551,14.43,14.19,3077/5521,14.43,14.43,14.19,14.24,1.658604,6847819,17,600587,20260417
000551.SZ,创元科技,16.28,3.299492385786811,14.24,14.26,-0.14025245,14.38,14.16,3080/5521,14.26,14.38,14.16,14.24,1.542776,9381245,33,000551,20260417
002196.SZ,方正电机,13.97,1.4524328249818523,14.36,14.31,-0.7601935,14.45,14.16,3080/5521,14.31,14.45,14.16,14.36,2.004146,2.4905385E7,33,002196,20260417
002169.SZ,智光电气,13.1,1.3147718484145392,14.54,14.62,-1.42372881,14.68,14.15,3082/5521,14.62,14.68,14.15,14.54,3.59322,3.3419101E7,33,002169,20260417
002462.SZ,嘉事堂,13.8,-1.2168933428775943,14.25,14.5,-1.79186768,14.5,14.15,3082/5521,14.5,14.5,14.15,14.25,2.412129,3230700,33,002462,20260417
601966.SH,玲珑轮胎,13.22,-1.3432835820895501,14.21,14.31,-0.49019608,14.31,14.15,3082/5521,14.31,14.31,14.15,14.21,1.120448,6996447,17,601966,20260417
603819.SH,神力股份,14.8,3.351955307262573,14.71,14.18,3.44585091,14.74,14.15,3082/5521,14.18,14.74,14.15,14.71,4.149085,1.0122646E7,17,603819,20260417
002043.SZ,兔宝宝,14.83,-0.33602150537634884,14.54,14.46,0.90215128,14.72,14.14,3086/5521,14.46,14.72,14.14,14.54,4.024982,7513403,33,002043,20260417
002078.SZ,太阳纸业,14.71,-2.647253474520176,14.18,14.5,-2.3415978,14.53,14.14,3086/5521,14.5,14.53,14.14,14.18,2.68595,2.1778484E7,33,002078,20260417
603386.SH,骏亚科技,13.37,2.2953328232593644,14.35,14.17,0.91420534,14.41,14.14,3086/5521,14.17,14.41,14.14,14.35,1.898734,5929460,17,603386,20260417
002125.SZ,湘潭电化,15.27,1.6644474034620507,14.17,14.28,-0.83974808,14.73,14.12,3089/5521,14.28,14.73,14.12,14.17,4.268719,2.050678E7,33,002125,20260417
301066.SZ,万事利,14.92,0.8789722785666044,14.28,14.6,-0.55710306,14.68,14.12,3089/5521,14.6,14.68,14.12,14.28,3.899721,4756143,33,301066,20260417
600621.SH,华鑫股份,14.14,-0.7719298245613995,14.18,14.23,-0.63069376,14.25,14.11,3091/5521,14.23,14.25,14.11,14.18,0.981079,8717116,17,600621,20260417
601811.SH,新华文轩,13.59,-0.3665689149560169,14.15,14.26,-1.32496513,14.31,14.11,3091/5521,14.26,14.31,14.11,14.15,1.3947,6207741,17,601811,20260417
600977.SH,中国电影,13.78,1.6974169741697316,14.91,14.14,5,15.4,14.1,3093/5521,14.14,15.4,14.1,14.91,9.154929,9.3428636E7,17,600977,20260417
688586.SH,江航装备,13.15,1.5444015444015526,14.23,14.4,-1.18055556,14.44,14.1,3093/5521,14.4,14.44,14.1,14.23,2.361111,6935857,17,688586,20260417
002322.SZ,理工能科,12.09,-0.24752475247524228,14.12,14.4,-2.41879751,14.48,14.09,3095/5521,14.07,14.15,13.76,13.79,2.695231,8331700,33,002322,20260417
000922.SZ,佳电股份,14.78,0.7498295841854086,14.14,14.31,-0.49261084,14.31,14.08,3096/5521,14.31,14.31,14.08,14.14,1.618578,7341235,33,000922,20260417
601163.SH,三角轮胎,14.68,-0.7437457741717338,14.09,14.21,-0.91420534,14.29,14.08,3096/5521,14.21,14.29,14.08,14.09,1.476793,4360100,17,601163,20260417
601611.SH,中国核建,13.34,1.8320610687022918,14.27,14.35,-0.97154754,14.55,14.08,3096/5521,14.35,14.55,14.08,14.27,3.261623,4.2664263E7,17,601611,20260417
000065.SZ,北方国际,12.79,1.1067193675889233,14.15,14.37,-1.59944367,14.58,14.07,3099/5521,14.37,14.58,14.07,14.15,3.546592,4.8814367E7,33,000065,20260417
920145.BJ,恒合股份,14.21,-0.14054813773717198,14.95,14.38,3.96383866,15.17,14.07,3099/5521,14.38,15.17,14.07,14.95,7.649513,1333182,151,920145,20260417
002907.SZ,华森制药,13.95,0.1435750179468742,14.21,14.48,-2.13498623,14.52,14.06,3101/5521,14.48,14.52,14.06,14.21,3.168044,4854100,33,002907,20260417
002982.SZ,湘佳股份,14.5,1.4695591322603279,14.13,14.37,-1.67014614,14.43,14.06,3101/5521,14.37,14.43,14.06,14.13,2.574808,3022112,33,002982,20260417
600711.SH,盛屯矿业,13.76,-1.220387652548456,14.54,14.15,1.82072829,14.75,14.05,3103/5521,14.15,14.75,14.05,14.54,4.90196,1.37707736E8,17,600711,20260417
688556.SH,高测股份,13.37,1.67300380228136,14.35,14.05,0.63113604,14.53,14.05,3103/5521,14.05,14.53,14.05,14.35,3.366058,5.0359394E7,17,688556,20260417
920870.BJ,恒进感应,14.56,0.7612456747404929,14.86,14.38,4.64788732,15.15,14.05,3103/5521,14.38,15.15,14.05,14.86,7.746478,2472147,151,920870,20260417
300349.SZ,金卡智能,13.08,-0.9090909090909032,14.18,14.27,-0.63069376,14.28,14.04,3106/5521,14.27,14.28,14.04,14.18,1.68185,6391280,33,300349,20260417
603218.SH,日月股份,12.75,-1.9230769230769231,14.35,14.06,1.84528034,14.5,14.04,3106/5521,14.06,14.5,14.04,14.35,3.264726,1.2240408E7,17,603218,20260417
002284.SZ,亚太股份,13.29,0.5295007564296408,14.14,14.25,-1.53203343,14.3,14.03,3108/5521,14.25,14.3,14.03,14.14,1.880222,1.3820548E7,33,002284,20260417
605007.SH,五洲特纸,15.86,1.7971758664955029,14.55,14.09,3.04532578,14.63,14.03,3108/5521,14.09,14.63,14.03,14.55,4.249291,7506740,17,605007,20260417
001366.SZ,播恩集团,15.5,1.174934725848562,14.21,14.32,-0.42046251,14.32,14.02,3110/5521,14.32,14.32,14.02,14.21,2.102312,2863400,33,001366,20260417
002275.SZ,桂林三金,14.31,0.5621925509487005,14.13,14.34,-1.67014614,14.39,14.02,3110/5521,14.34,14.39,14.02,14.13,2.574808,2312600,33,002275,20260417
300901.SZ,中胤时尚,16.01,1.0094637223974885,14.38,14.57,-1.43934202,14.95,14.02,3110/5521,14.57,14.95,14.02,14.38,6.374228,8864526,33,300901,20260417
301059.SZ,金三江,14.56,0.4830917874396155,14.24,14.16,0.49400141,14.28,14.02,3110/5521,14.16,14.28,14.02,14.24,1.834862,2423448,33,301059,20260417
603519.SH,立霸股份,14.44,3.6611629576453684,14.09,14.27,-1.26138753,14.27,14.02,3110/5521,14.27,14.27,14.02,14.09,1.751927,3961100,17,603519,20260417
300252.SZ,金信诺,14.76,-2.1220159151193654,14.25,14.07,0.99220411,14.33,14.01,3115/5521,14.07,14.33,14.01,14.25,2.267895,2.355604E7,33,300252,20260417
300414.SZ,中光防雷,14.21,1.0668563300142273,14.29,14.11,0.77574048,14.37,14.01,3115/5521,14.11,14.37,14.01,14.29,2.538787,8114800,33,300414,20260417
300721.SZ,怡达股份,20.0,-9.049567985447924,14.18,14.24,-0.63069376,14.31,14.01,3115/5521,14.24,14.31,14.01,14.18,2.102312,3103658,33,300721,20260417
601865.SH,福莱特,13.52,-1.8155410312273057,14.22,14.18,0.21141649,14.28,14.01,3115/5521,14.18,14.28,14.01,14.22,1.902748,1.3836309E7,17,601865,20260417
603098.SH,森特股份,14.19,-6.950819672131152,14.19,14.21,-0.42105263,14.24,14.01,3115/5521,14.21,14.24,14.01,14.19,1.614035,5615919,17,603098,20260417
603511.SH,爱慕股份,14.78,0.6811989100817415,14.09,14.21,-0.84447572,14.23,14.01,3115/5521,14.21,14.23,14.01,14.09,1.548205,1112800,17,603511,20260417
002917.SZ,金奥博,12.98,-0.38372985418264727,14.09,14.18,-0.42402827,14.19,14,3121/5521,14.18,14.19,14,14.09,1.342756,3885300,33,002917,20260417
300004.SZ,南风股份,13.52,3.363914373088681,14.23,14.37,-2.19931271,14.4,13.99,3122/5521,14.37,14.4,13.99,14.23,2.817869,1.873628E7,33,300004,20260417
300245.SZ,ST天玑,8.22,-15.432098765432098,14.06,14.27,-2.49653259,14.37,13.99,3122/5521,14.27,14.37,13.99,14.06,2.635228,2.4968312E7,33,300245,20260417
301198.SZ,喜悦智行,18.9,8.371559633027505,14.21,14.33,-0.97560976,14.4,13.99,3122/5521,14.33,14.4,13.99,14.21,2.857142,2801110,33,301198,20260417
688707.SH,振华新材,16.52,-3.8976148923792997,15.39,14.02,9.77175464,15.54,13.99,3122/5521,14.02,15.54,13.99,15.39,11.055634,2.4170252E7,17,688707,20260417
300601.SZ,康泰生物,14.1,-0.4940014114326061,14.07,14.2,-1.19382022,14.2,13.98,3126/5521,14.2,14.2,13.98,14.07,1.544943,7665506,33,300601,20260417
600995.SH,南网储能,14.38,-1.3717421124828484,14.16,14.12,0,14.31,13.98,3126/5521,14.12,14.31,13.98,14.16,2.330508,2.9360021E7,17,600995,20260417
920489.BJ,佳先股份,14.61,1.2474012474012455,15.39,14.07,9.6935139,15.8,13.98,3126/5521,14.07,15.8,13.98,15.39,12.972202,6364902,151,920489,20260417
000801.SZ,四川九洲,12.78,-1.1600928074245966,14.19,14.02,0.78125,14.22,13.97,3129/5521,14.02,14.22,13.97,14.19,1.775568,1.0922058E7,33,000801,20260417
300822.SZ,贝仕达克,15.15,2.9911624745071346,14.19,14.08,0.35360679,14.22,13.96,3130/5521,14.08,14.22,13.96,14.19,1.838755,1506400,33,300822,20260417
300374.SZ,中铁装配,13.94,0.14367816091953717,14.05,14.2,-1.05633803,14.22,13.95,3131/5521,14.2,14.22,13.95,14.05,1.901408,3262860,33,300374,20260417
002806.SZ,华锋股份,14.08,-0.4243281471004278,14.5,14.34,2.04081633,14.68,13.94,3132/5521,14.34,14.68,13.94,14.5,5.2076,9854394,33,002806,20260417
601116.SH,三江购物,13.64,-0.7278020378457034,14.13,14.3,-0.42283298,14.45,13.94,3132/5521,14.3,14.45,13.94,14.13,3.59408,1.2306544E7,17,601116,20260417
603309.SH,维力医疗,13.67,-0.3644314868804716,14.41,14.01,2.05382436,14.9,13.92,3134/5521,14.01,14.9,13.92,14.41,6.940509,7371500,17,603309,20260417
603693.SH,江苏新能,14.73,-2.643754130865832,14.11,14,0.5702067,14.27,13.92,3134/5521,14,14.27,13.92,14.11,2.494654,1.3116118E7,17,603693,20260417
002675.SZ,东诚药业,12.99,-2.477477477477478,14.0,14.12,-1.61630358,14.23,13.91,3136/5521,14.0393805,14.1493805,13.8293805,13.92,2.24877,1.6750474E7,33,002675,20260417
300220.SZ,金运激光,14.54,0.9722222222222138,14.17,14.08,0.35410765,14.28,13.91,3136/5521,14.08,14.28,13.91,14.17,2.620396,2659400,33,300220,20260417
603071.SH,物产环能,14.03,-0.21337126600285303,14.01,13.99,-0.28469751,14.26,13.91,3136/5521,13.99,14.26,13.91,14.01,2.491103,3340900,17,603071,20260417
920261.BJ,一诺威,15.54,0.5174644243208169,14.65,14.2,3.24171952,14.83,13.91,3136/5521,14.2,14.83,13.91,14.65,6.483439,2894002,151,920261,20260417
002258.SZ,利尔化学,12.9,-0.4629629629629668,14.1,14.62,-3.88548057,14.69,13.9,3140/5521,14.62,14.69,13.9,14.1,5.385139,2.294581E7,33,002258,20260417
002949.SZ,华阳国际,14.39,0.0,14.08,14.25,-0.70521862,14.3,13.9,3140/5521,14.25,14.3,13.9,14.08,2.820874,3397500,33,002949,20260417
301526.SZ,国际复材,16.08,-5.633802816901413,14.0,14,-2.64255911,14.55,13.9,3140/5521,14,14.55,13.9,14.0,4.520166,1.80677402E8,33,301526,20260417
600104.SH,上汽集团,13.78,0.6574141709276834,13.92,14.05,-0.9252669,14.05,13.9,3140/5521,14.05,14.05,13.9,13.92,1.067615,5.2516991E7,17,600104,20260417
600523.SH,贵航股份,13.7,0.2928257686676365,14.15,14.06,0.28348689,14.19,13.9,3140/5521,14.06,14.19,13.9,14.15,2.055279,4708200,17,600523,20260417
920802.BJ,保丽洁,15.7,4.042412193505629,14.57,14.1,3.84889522,14.69,13.89,3145/5521,14.1,14.69,13.89,14.57,5.702066,747437,151,920802,20260417
300268.SZ,*ST佳沃,13.94,0.7225433526011535,13.97,14.35,-2.17086835,14.37,13.88,3146/5521,14.35,14.37,13.88,13.97,3.431372,1673900,33,300268,20260417
300583.SZ,赛托生物,15.12,1.9554956169925768,13.99,14.33,-1.89340813,14.33,13.88,3146/5521,14.33,14.33,13.88,13.99,3.15568,2211460,33,300583,20260417
600299.SH,安迪苏,13.29,-7.062937062937073,14.05,14.21,-1.12596763,14.35,13.88,3146/5521,14.21,14.35,13.88,14.05,3.307529,1.5581037E7,17,600299,20260417
000737.SZ,北方铜业,14.34,3.0913012221423415,14.12,13.9,0.56980057,14.16,13.87,3149/5521,13.9,14.16,13.87,14.12,2.065527,3.1589546E7,33,000737,20260417
300595.SZ,欧普康视,14.42,0.9097270818754429,13.99,14.16,-1.54820549,14.18,13.87,3149/5521,14.16,14.18,13.87,13.99,2.181562,1.1040224E7,33,300595,20260417
300705.SZ,九典制药,12.85,-0.695517774343121,13.93,14.14,-1.76304654,14.14,13.87,3149/5521,14.14,14.14,13.87,13.93,1.90409,5329463,33,300705,20260417
688201.SH,ST信安,7.87,-13.421342134213418,13.98,14.06,-1.06157113,14.09,13.87,3149/5521,14.06,14.09,13.87,13.98,1.55697,4467547,22,688201,20260417
603966.SH,法兰泰克,13.57,-0.8765522279035736,13.99,14.13,-1.06082037,14.22,13.85,3153/5521,14.13,14.22,13.85,13.99,2.61669,1.073067E7,17,603966,20260417
920271.BJ,邦德股份,12.81,0.07812499999999833,14.55,14.05,4.15175376,14.57,13.85,3153/5521,14.05,14.57,13.85,14.55,5.153901,1104798,151,920271,20260417
920454.BJ,同心传动,14.45,0.4169562195969334,14.68,13.98,5.23297491,14.8,13.84,3155/5521,13.98,14.8,13.84,14.68,6.88172,1923808,151,920454,20260417
603679.SH,华体科技,14.95,2.327173169062285,14.16,14.11,0.49680625,14.22,13.83,3156/5521,14.11,14.22,13.83,14.16,2.76792,4003970,17,603679,20260417
300771.SZ,智莱科技,14.0,-0.213827512473267,13.99,14,-0.35612536,14,13.82,3157/5521,14,14,13.82,13.99,1.282051,4341700,33,300771,20260417
300551.SZ,古鳌科技,14.35,1.9176136363636334,14.0,14.13,-1.06007067,14.19,13.81,3158/5521,14.13,14.19,13.81,14.0,2.685512,7763077,33,300551,20260417
600557.SH,康缘药业,13.48,-3.369175627240135,13.92,13.99,-0.71326676,14,13.81,3158/5521,13.99,14,13.81,13.92,1.355206,3506620,17,600557,20260417
688176.SH,亚虹医药,12.86,0.7836990595611257,13.88,14.1,-2.32230823,14.2,13.8,3160/5521,14.1,14.2,13.8,13.88,2.814919,1.4348954E7,17,688176,20260417
002698.SZ,博实股份,12.78,-0.4672897196261721,13.93,13.99,-0.64194009,14.02,13.78,3161/5521,13.99,14.02,13.78,13.93,1.71184,8362630,33,002698,20260417
002845.SZ,同兴达,13.67,-0.6540697674418594,14.22,13.85,2.30215827,14.35,13.78,3161/5521,13.85,14.35,13.78,14.22,4.100719,7567560,33,002845,20260417
300758.SZ,七彩化学,13.32,-2.7027027027026973,13.94,13.96,0.21567218,14.06,13.78,3161/5521,13.96,14.06,13.78,13.94,2.01294,7985100,33,300758,20260417
603118.SH,共进股份,14.64,-0.06825938566552756,15.18,13.78,10,15.18,13.78,3161/5521,13.78,15.18,13.78,15.18,10.144927,7.1226841E7,17,603118,20260417
603166.SH,福达股份,13.66,1.9402985074626848,14.12,13.96,1.65586753,14.29,13.77,3165/5521,13.96,14.29,13.77,14.12,3.7437,9763994,17,603166,20260417
002170.SZ,芭田股份,13.9,-1.9746121297602213,13.92,13.87,0.36049027,13.99,13.76,3166/5521,13.87,13.99,13.76,13.92,1.658255,2.90243E7,33,002170,20260417
600151.SH,航天机电,14.51,4.614275414563811,14.62,13.8,5.10424155,15.13,13.76,3166/5521,13.8,15.13,13.76,14.62,9.849029,1.13449915E8,17,600151,20260417
603599.SH,广信股份,14.85,-1.6556291390728477,13.82,14.2,-2.60747005,14.27,13.74,3168/5521,14.2,14.27,13.74,13.82,3.735024,1.0574634E7,17,603599,20260417
300348.SZ,长亮科技,11.81,-1.4190317195325537,13.82,13.78,0,13.95,13.73,3169/5521,13.78,13.95,13.73,13.82,1.591895,1.79368E7,33,300348,20260417
002560.SZ,通达股份,14.67,-5.7803468208092506,13.88,14.21,-0.21567218,15,13.72,3170/5521,14.21,15,13.72,13.88,9.202012,1.3576324E8,33,002560,20260417
003025.SZ,思进智能,13.59,0.8160237388723993,13.89,13.98,-0.78571429,13.98,13.72,3170/5521,13.98,13.98,13.72,13.89,1.857142,4913365,33,003025,20260417
603558.SH,健盛集团,13.02,0.30816640986131855,13.72,13.79,-0.43541364,14.19,13.71,3172/5521,13.44,13.84,13.36,13.37,3.483309,8468100,17,603558,20260417
300821.SZ,东岳硅材,15.18,-2.941176470588241,13.93,13.82,0.50505051,14.16,13.7,3173/5521,13.82,14.16,13.7,13.93,3.318903,6.1061799E7,33,300821,20260417
603937.SH,丽岛新材,15.25,10.028860028860034,13.77,14.24,-2.89139633,14.78,13.69,3174/5521,14.24,14.78,13.69,13.77,7.686882,1.13288E7,17,603937,20260417
688296.SH,和达科技,15.39,3.776129467296025,13.83,14.08,-1.70575693,14.08,13.69,3174/5521,14.08,14.08,13.69,13.83,2.771855,2164357,17,688296,20260417
300337.SZ,银邦股份,13.96,1.8978102189781136,14.24,13.8,5.01474926,14.43,13.68,3176/5521,13.8,14.43,13.68,14.24,5.530973,7.4080624E7,33,300337,20260417
300429.SZ,强力新材,14.11,0.5702066999287247,14.35,13.75,3.98550725,14.55,13.67,3177/5521,13.75,14.55,13.67,14.35,6.376811,2.956217E7,33,300429,20260417
603918.SH,金桥信息,13.4,-0.3717472118959029,13.78,13.99,-1.57142857,13.99,13.67,3177/5521,13.99,13.99,13.67,13.78,2.285714,7637039,17,603918,20260417
002350.SZ,北京科锐,14.1,1.0752688172043037,13.72,13.81,-1.57819225,14.14,13.66,3179/5521,13.81,14.14,13.66,13.72,3.443328,2.0367356E7,33,002350,20260417
002600.SZ,领益智造,14.06,0.21382751247327966,13.79,13.7,0.36390102,13.89,13.66,3179/5521,13.7,13.89,13.66,13.79,1.673944,7.730161E7,33,002600,20260417
600689.SH,上海三毛,13.54,0.4451038575667561,13.75,13.95,-1.57480315,14.26,13.64,3181/5521,13.95,14.26,13.64,13.75,4.438081,3774600,17,600689,20260417
300203.SZ,聚光科技,13.6,-0.22010271460015507,13.78,13.74,-0.07251632,13.9,13.63,3182/5521,13.74,13.9,13.63,13.78,1.95794,4061140,33,300203,20260417
000885.SZ,城发环境,14.11,-0.28268551236749767,13.7,13.62,0.73529412,13.74,13.62,3183/5521,13.62,13.74,13.62,13.7,0.882352,5943260,33,000885,20260417
603883.SH,老百姓,14.0,-0.7795889440113355,13.73,13.72,-0.4350979,13.81,13.62,3183/5521,13.72,13.81,13.62,13.73,1.37781,6118288,17,603883,20260417
002811.SZ,郑中设计,13.88,1.9838354151359394,13.79,13.78,0.07256894,13.88,13.61,3185/5521,13.78,13.88,13.61,13.79,1.959361,3953100,33,002811,20260417
000612.SZ,焦作万方,13.29,-0.968703427719827,13.8,13.62,0.50983248,13.9,13.6,3186/5521,13.62,13.9,13.6,13.8,2.184996,4.7016898E7,33,000612,20260417
000719.SZ,中原传媒,13.42,-1.9722425127830503,14.22,13.67,2.08183776,14.53,13.6,3186/5521,13.67,14.53,13.6,14.22,6.676238,1.8958003E7,33,000719,20260417
002708.SZ,光洋股份,13.34,1.2908124525436593,14.72,14.02,6.82148041,14.98,13.6,3186/5521,14.02,14.98,13.6,14.72,10.014513,5.51319E7,33,002708,20260417
300401.SZ,花园生物,13.05,-1.2112036336109018,13.8,14.2,-2.74841438,14.22,13.6,3186/5521,14.2,14.22,13.6,13.8,4.369274,2.0184774E7,33,300401,20260417
300635.SZ,中达安,14.74,2.5034770514603575,14.09,14.52,-1.81184669,14.58,13.6,3186/5521,14.52,14.58,13.6,14.09,6.829268,8079200,33,300635,20260417
300615.SZ,欣天科技,13.72,0.8082292432035357,13.88,13.84,0.50687907,13.98,13.59,3191/5521,13.84,13.98,13.59,13.88,2.82404,5913806,33,300615,20260417
601058.SH,赛轮轮胎,13.92,-2.7253668763102765,13.63,13.8,-1.73035328,13.81,13.57,3192/5521,13.8,13.81,13.57,13.63,1.730353,2.7206656E7,17,601058,20260417
920419.BJ,路斯股份,13.1,-0.6069802731411235,14.26,13.81,2.73775216,14.38,13.56,3193/5521,13.81,14.38,13.56,14.26,5.90778,2027228,151,920419,20260417
002533.SZ,金杯电工,13.3,-1.262063845582776,13.66,13.75,-0.94271211,13.8,13.54,3194/5521,13.75,13.8,13.54,13.66,1.885424,1.3999728E7,33,002533,20260417
920436.BJ,大地电气,14.52,0.41493775933609073,14.3,13.83,3.77358491,14.69,13.54,3194/5521,13.83,14.69,13.54,14.3,8.345428,1899424,151,920436,20260417
002365.SZ,永安药业,13.7,3.630862329803318,13.64,13.98,-3.19375444,14.09,13.53,3196/5521,13.98,14.09,13.53,13.64,3.974449,1.090721E7,33,002365,20260417
001318.SZ,阳光乳业,13.35,0.4514672686230286,13.59,13.64,-0.65789474,13.69,13.52,3197/5521,13.64,13.69,13.52,13.59,1.24269,2049900,33,001318,20260417
600552.SH,凯盛科技,15.54,0.8436080467229008,15.02,13.58,10.03663004,15.02,13.52,3197/5521,13.58,15.02,13.52,15.02,10.98901,1.00136617E8,17,600552,20260417
000532.SZ,华金资本,12.66,-0.3149606299212531,13.76,13.72,-0.28985507,13.78,13.51,3199/5521,13.72,13.78,13.51,13.76,1.956521,5894900,33,000532,20260417
600571.SH,信雅达,12.68,-2.5365103766333594,13.63,13.7,-0.51094891,13.7,13.51,3199/5521,13.7,13.7,13.51,13.63,1.386861,5195202,17,600571,20260417
920375.BJ,派诺科技,13.13,-1.9417475728155322,14.41,13.88,1.90947666,14.64,13.51,3199/5521,13.88,14.64,13.51,14.41,7.991513,1.1586276E7,151,920375,20260417
002416.SZ,爱施德,13.77,0.3644314868804587,13.8,13.58,1.3215859,13.94,13.5,3202/5521,13.58,13.94,13.5,13.8,3.230543,3.0545354E7,33,002416,20260417
603871.SH,嘉友国际,12.74,-4.282494365138995,13.55,13.65,-0.73260073,13.84,13.5,3202/5521,13.65,13.84,13.5,13.55,2.490842,9164875,17,603871,20260417
002840.SZ,华统股份,12.72,4.006541291905153,13.56,13.7,-1.8813314,13.95,13.47,3204/5521,13.7,13.95,13.47,13.56,3.473227,4.1346904E7,33,002840,20260417
002911.SZ,佛燃能源,12.22,0.08190008190008015,13.59,13.68,-0.65789474,13.7,13.46,3205/5521,13.41,13.43,13.19,13.32,1.754385,6064189,33,002911,20260417
603088.SH,宁波精达,11.94,-2.9268292682926926,13.75,13.62,1.25184094,13.83,13.46,3205/5521,13.62,13.83,13.46,13.75,2.724594,2.8981899E7,17,603088,20260417
688616.SH,西力科技,14.46,0.8368200836820153,13.49,13.75,-1.027146,13.75,13.46,3205/5521,13.75,13.75,13.46,13.49,2.127659,2018869,17,688616,20260417
300052.SZ,中青宝,11.73,-4.634146341463417,14.0,13.55,1.59651669,14.35,13.45,3208/5521,13.55,14.35,13.45,14.0,6.531204,4.336772E7,33,300052,20260417
301256.SZ,华融化学,13.73,-0.7947976878612676,13.88,13.5,4.36090226,13.94,13.45,3208/5521,13.5,13.94,13.45,13.88,3.68421,1.7130749E7,33,301256,20260417
688567.SH,孚能科技,13.92,-1.2765957446808491,13.93,13.45,3.18518519,14,13.44,3210/5521,13.45,14,13.44,13.93,4.148148,1.7839246E7,17,688567,20260417
000995.SZ,皇台酒业,13.48,-0.148148148148145,13.75,13.8,-1.57480315,13.9,13.43,3211/5521,13.8,13.9,13.43,13.75,3.364352,1.138181E7,33,000995,20260417
603703.SH,盛洋科技,13.68,1.7100371747211929,13.59,13.49,0.66666667,13.68,13.43,3211/5521,13.49,13.68,13.43,13.59,1.851851,9041370,17,603703,20260417
000007.SZ,全新好,15.51,10.0,13.59,13.72,-0.73046019,13.76,13.42,3213/5521,13.72,13.76,13.42,13.59,2.483564,6130650,33,000007,20260417
002889.SZ,东方嘉盛,13.13,-0.6807866868381229,13.47,13.51,-0.73691968,13.56,13.42,3213/5521,13.51,13.56,13.42,13.47,1.031687,1918524,33,002889,20260417
002674.SZ,兴业科技,13.48,-1.3899049012435956,13.68,13.43,2.08955224,14.3,13.41,3215/5521,13.43,14.3,13.41,13.68,6.641791,5726508,33,002674,20260417
300716.SZ,ST泉为,,,13.55,14.1,-4.17256011,14.1,13.41,3215/5521,14.1,14.1,13.41,13.55,4.879773,7758250,33,300716,20260417
300884.SZ,狄耐克,12.97,0.23183925811438283,13.5,13.69,-1.31578947,13.7,13.41,3215/5521,13.69,13.7,13.41,13.5,2.119883,3971630,33,300884,20260417
600722.SH,金牛化工,13.61,0.5169867060561321,13.5,14.16,-3.01724138,14.18,13.41,3215/5521,14.16,14.18,13.41,13.5,5.531609,4.7656901E7,17,600722,20260417
002569.SZ,*ST步森,14.41,1.4788732394366257,13.85,13.6,1.76340926,14.11,13.4,3219/5521,13.6,14.11,13.4,13.85,5.216752,1941900,33,002569,20260417
300209.SZ,行云科技,17.47,2.583675866118601,13.69,13.51,0.81001473,14.19,13.4,3219/5521,13.51,14.19,13.4,13.69,5.817378,1.157079E8,33,300209,20260417
001338.SZ,永顺泰,13.27,4.241948153967,13.62,13.48,0.88888889,13.64,13.39,3221/5521,13.48,13.64,13.39,13.62,1.851851,6403634,33,001338,20260417
600559.SH,老白干酒,13.57,-1.309090909090907,13.49,13.53,-1.09970674,13.57,13.38,3222/5521,13.53,13.57,13.38,13.49,1.392961,7652056,17,600559,20260417
603213.SH,镇洋发展,13.85,0.21707670043414876,13.43,13.61,-1.32255694,13.62,13.38,3222/5521,13.61,13.62,13.38,13.43,1.763409,1861400,17,603213,20260417
300981.SZ,中红医疗,14.64,-1.8766756032171539,13.45,13.75,-2.74765004,13.82,13.35,3224/5521,13.75,13.82,13.35,13.45,3.398409,9939945,33,300981,20260417
002930.SZ,宏川智慧,12.99,3.8369304556354953,13.52,13.82,-2.31213873,13.82,13.34,3225/5521,13.82,13.82,13.34,13.52,3.468208,8202310,33,002930,20260417
300746.SZ,汉嘉数智,12.48,-1.1093502377178985,13.47,13.69,-1.3909224,13.69,13.34,3225/5521,13.69,13.69,13.34,13.47,2.562225,2744400,33,300746,20260417
603668.SH,天马科技,13.52,3.363914373088681,13.72,13.44,2.15934475,13.75,13.34,3225/5521,13.44,13.75,13.34,13.72,3.052866,1.17815E7,17,603668,20260417
000672.SZ,上峰水泥,14.0,6.141015921152393,13.5,13.36,0.07412898,13.54,13.32,3228/5521,13.36,13.54,13.32,13.5,1.630837,6832560,33,000672,20260417
002413.SZ,雷科防务,13.14,3.139717425431714,13.51,13.55,-0.58866814,13.65,13.32,3228/5521,13.55,13.65,13.32,13.51,2.428256,8.6383925E7,33,002413,20260417
002669.SZ,康达新材,13.47,-0.590405904059041,14.04,13.37,4.93273543,14.15,13.32,3228/5521,13.37,14.15,13.32,14.04,6.203288,1.6990017E7,33,002669,20260417
920703.BJ,广厦环能,11.73,-0.9290540540540493,13.94,13.49,3.3358043,14.14,13.32,3228/5521,13.49,14.14,13.32,13.94,6.078576,1487987,151,920703,20260417
000967.SZ,盈峰环境,13.57,-3.8270729978738425,14.0,14.01,7.11553175,14.3,13.31,3232/5521,14.01,14.3,13.31,14.0,7.574598,3.53955558E8,33,000967,20260417
300235.SZ,方直科技,14.09,2.7716994894237708,13.8,13.45,2.37388724,13.91,13.31,3232/5521,13.45,13.91,13.31,13.8,4.451038,9362410,33,300235,20260417
603137.SH,恒尚节能,13.84,-0.2881844380403525,13.4,13.42,-0.59347181,13.47,13.31,3232/5521,13.42,13.47,13.31,13.4,1.186943,1638047,17,603137,20260417
300522.SZ,世名科技,13.21,-1.1967090501121793,13.91,13.49,3.03703704,14.28,13.3,3235/5521,13.45,14.24,13.26,13.87,7.259259,2.1127502E7,33,300522,20260417
600775.SH,南京熊猫,12.35,0.40650406504064174,13.47,13.53,-0.14825797,13.53,13.3,3235/5521,13.53,13.53,13.3,13.47,1.704966,1.6512265E7,17,600775,20260417
603909.SH,建发合诚,12.15,-1.0586319218240963,13.55,13.62,0.51928783,13.76,13.3,3235/5521,13.62,13.76,13.3,13.55,3.412462,1.472148E7,17,603909,20260417
601699.SH,潞安环能,16.16,-0.24691358024690832,13.36,13.57,-1.40221402,13.69,13.29,3238/5521,13.57,13.69,13.29,13.36,2.952029,1.8195134E7,17,601699,20260417
002181.SZ,粤传媒,16.49,10.00667111407604,13.71,13.26,0.66079295,14.12,13.26,3239/5521,13.26,14.12,13.26,13.71,6.314243,1.05161716E8,33,002181,20260417
301339.SZ,通行宝,13.13,0.07621951219513387,13.35,13.38,-0.8908686,13.49,13.26,3239/5521,13.38,13.49,13.26,13.35,1.707498,3170030,33,301339,20260417
920132.BJ,泰鹏智能,13.89,2.9651593773165335,13.85,13.44,3.28113348,13.99,13.26,3239/5521,13.44,13.99,13.26,13.85,5.443698,1486536,151,920132,20260417
000014.SZ,沙河股份,13.2,0.0,13.41,13.33,0.60015004,13.57,13.25,3242/5521,13.33,13.57,13.25,13.41,2.4006,6839941,33,000014,20260417
300164.SZ,通源石油,13.48,1.9667170953101345,13.57,13.76,-0.51319648,13.81,13.25,3242/5521,13.76,13.81,13.25,13.57,4.105571,7.4951265E7,33,300164,20260417
300562.SZ,乐心医疗,14.29,-1.1756569847856273,13.31,13.42,-1.11441308,13.42,13.23,3244/5521,13.42,13.42,13.23,13.31,1.411589,3959100,33,300562,20260417
688653.SH,康希通信,15.05,3.793103448275867,13.34,13.24,0.30075188,13.39,13.23,3244/5521,13.24,13.39,13.23,13.34,1.203007,3549878,17,688653,20260417
002026.SZ,山东威达,12.85,-0.695517774343121,13.36,13.3,0.22505626,13.39,13.21,3246/5521,13.3,13.39,13.21,13.36,1.350337,4648325,33,002026,20260417
300958.SZ,建工修复,14.33,1.8479033404406524,13.22,13.35,-0.97378277,13.49,13.21,3246/5521,13.35,13.49,13.21,13.22,2.097378,2858501,33,300958,20260417
300961.SZ,深水海纳,13.57,1.26865671641791,13.44,13.73,-2.11216315,13.96,13.21,3246/5521,13.73,13.96,13.21,13.44,5.46249,7846445,33,300961,20260417
600985.SH,淮北矿业,14.81,-0.20215633423180163,13.25,13.6,-2.64511389,13.64,13.21,3246/5521,13.6,13.64,13.21,13.25,3.159441,1.4552198E7,17,600985,20260417
688728.SH,格科微,13.79,3.840361445783131,13.45,13.31,1.20391272,13.49,13.21,3246/5521,13.31,13.49,13.21,13.45,2.106847,1.2561079E7,17,688728,20260417
001387.SZ,雪祺电气,14.2,1.5010721944245824,13.25,13.34,-0.9715994,13.41,13.2,3251/5521,13.34,13.41,13.2,13.25,1.569506,1688161,33,001387,20260417
300555.SZ,ST路通,13.47,0.14869888475837437,13.5,13.8,-2.17391304,13.9,13.2,3251/5521,13.8,13.9,13.2,13.5,5.072463,2711459,33,300555,20260417
603602.SH,纵横通信,13.18,1.7760617760617794,13.32,13.35,-0.52277819,13.45,13.2,3251/5521,13.35,13.45,13.2,13.32,1.867064,2665248,17,603602,20260417
603898.SH,好莱客,13.81,2.448071216617211,13.25,13.4,-1.11940299,13.4,13.2,3251/5521,13.4,13.4,13.2,13.25,1.492537,1588800,17,603898,20260417
300141.SZ,和顺电气,12.68,-1.705426356589152,13.56,13.44,1.72543136,13.81,13.18,3255/5521,13.44,13.81,13.18,13.56,4.726181,8710612,33,300141,20260417
300663.SZ,科蓝软件,12.82,-0.07794232268121423,13.37,13.35,0,13.45,13.18,3255/5521,13.35,13.45,13.18,13.37,2.019446,8842350,33,300663,20260417
600886.SH,国投电力,13.63,0.14695077149156024,13.2,13.3,-0.97524381,13.36,13.18,3255/5521,13.3,13.36,13.18,13.2,1.350337,1.8045689E7,17,600886,20260417
003013.SZ,地铁设计,13.75,0.1456664238892904,13.22,13.3,-0.75075075,13.3,13.17,3258/5521,13.3,13.3,13.17,13.22,0.975975,1488900,33,003013,20260417
000722.SZ,湖南发展,14.24,-1.7931034482758605,13.41,13.2,1.36054422,13.46,13.16,3259/5521,13.2,13.46,13.16,13.41,2.267573,2.399221E7,33,000722,20260417
002898.SZ,*ST赛隆,8.3,-5.0343249427917565,13.17,13.44,-2.00892857,13.56,13.16,3259/5521,13.44,13.56,13.16,13.17,2.97619,1772600,33,002898,20260417
603628.SH,清源股份,12.4,-2.3622047244094406,13.24,13.28,-0.67516879,13.36,13.16,3259/5521,13.28,13.36,13.16,13.24,1.500375,5957300,17,603628,20260417
688472.SH,阿特斯,14.43,0.4175365344467676,13.21,13.3,-1.34428678,13.45,13.16,3259/5521,13.3,13.45,13.16,13.21,2.165795,4.5050789E7,17,688472,20260417
000899.SZ,赣能股份,12.48,-3.554868624420395,13.2,13.18,-0.15128593,13.5,13.13,3263/5521,13.18,13.5,13.13,13.2,2.798789,1.9568257E7,33,000899,20260417
001201.SZ,东瑞股份,13.23,0.07564296520423439,13.22,13.4,-2.07407407,13.42,13.13,3263/5521,13.4,13.42,13.13,13.22,2.148148,6044516,33,001201,20260417
603680.SH,今创集团,14.36,0.7719298245613995,13.25,13.37,-1.11940299,13.38,13.13,3263/5521,13.37,13.38,13.13,13.25,1.865671,3527148,17,603680,20260417
603339.SH,四方科技,13.67,0.588668138337013,13.39,13.28,1.20937264,13.47,13.12,3266/5521,13.28,13.47,13.12,13.39,2.645502,2882908,17,603339,20260417
300715.SZ,凯伦股份,13.8,0.8771929824561476,13.12,13.44,-2.23546945,13.64,13.11,3267/5521,13.44,13.64,13.11,13.12,3.949329,4399800,33,300715,20260417
688327.SH,云从科技,13.78,-0.43352601156069726,13.26,13.35,-1.41263941,13.4,13.11,3267/5521,13.35,13.4,13.11,13.26,2.156133,1.9103637E7,17,688327,20260417
300755.SZ,华致酒行,13.66,-0.726744186046509,13.19,13.31,-1.56716418,13.38,13.08,3269/5521,13.31,13.38,13.08,13.19,2.238805,3067240,33,300755,20260417
600372.SH,中航机载,13.0,0.07698229407236172,13.24,13.24,-0.22607385,13.28,13.08,3269/5521,13.24,13.28,13.08,13.24,1.507159,3.2256263E7,17,600372,20260417
603886.SH,元祖股份,12.77,1.4297061159650495,13.12,13.26,-1.57539385,13.32,13.08,3269/5521,13.26,13.32,13.08,13.12,1.80045,3334800,17,603886,20260417
002394.SZ,联发股份,14.11,5.141579731743662,13.46,13.4,0.67314884,13.49,13.06,3272/5521,13.4,13.49,13.06,13.46,3.216155,6297500,33,002394,20260417
300514.SZ,友讯达,12.47,1.2997562956945583,13.19,13.2,-0.3776435,13.28,13.06,3272/5521,13.2,13.28,13.06,13.19,1.661631,2400600,33,300514,20260417
300608.SZ,思特奇,13.44,0.0744601638123588,13.1,13.17,-1.87265918,13.36,13.06,3272/5521,13.17,13.36,13.06,13.1,2.247191,2.0688645E7,33,300608,20260417
002973.SZ,侨银股份,12.59,-1.9470404984423677,13.59,13.18,3.18906606,13.79,13.05,3275/5521,13.18,13.79,13.05,13.59,5.61883,6172422,33,002973,20260417
300407.SZ,凯发电气,13.18,0.5339435545385224,13.61,13.16,2.79456193,13.8,13.05,3275/5521,13.16,13.8,13.05,13.61,5.664652,1.04695E7,33,300407,20260417
301395.SZ,仁信新材,13.55,2.7293404094010705,13.72,13.15,4.57317073,13.81,13.05,3275/5521,13.15,13.81,13.05,13.72,5.792682,1.2666067E7,33,301395,20260417
603332.SH,苏州龙杰,14.34,2.064056939501773,13.2,13.2,0,13.26,13.05,3275/5521,13.2,13.26,13.05,13.2,1.590909,2840782,17,603332,20260417
002527.SZ,新时达,12.92,1.7322834645669343,13.34,13.4,-0.89153046,13.42,13.04,3279/5521,13.4,13.42,13.04,13.34,2.823179,1.314745E7,33,002527,20260417
605050.SH,福然德,12.66,-1.248049921996881,13.39,13.03,2.21374046,13.65,13.03,3280/5521,13.03,13.65,13.03,13.39,4.732824,1.4053712E7,17,605050,20260417
002414.SZ,高德红外,14.83,3.2729805013927624,13.78,13.09,5.27119939,13.88,13.02,3281/5521,13.09,13.88,13.02,13.78,6.5699,1.1288461E8,33,002414,20260417
003003.SZ,天元股份,13.86,2.061855670103088,13.16,13.22,-0.3030303,13.26,13.02,3281/5521,13.22,13.26,13.02,13.16,1.818181,2724800,33,003003,20260417
603006.SH,联明股份,13.46,0.0,13.3,13.21,0.68130204,13.34,13.02,3281/5521,13.21,13.34,13.02,13.3,2.422407,2613400,17,603006,20260417
603208.SH,江山欧派,13.66,0.36737692872888106,13.12,13.27,-1.13036925,13.39,13.01,3284/5521,13.27,13.39,13.01,13.12,2.863602,1646647,17,603208,20260417
000682.SZ,东方电子,13.05,-2.320359281437116,13.12,13.07,0.38255547,13.16,12.98,3285/5521,13.07,13.16,12.98,13.12,1.377199,2.4922946E7,33,000682,20260417
300018.SZ,中元股份,13.64,-2.7797576621525217,13.6,13.01,3.8961039,13.74,12.98,3285/5521,13.01,13.74,12.98,13.6,5.805958,2.0043188E7,33,300018,20260417
300592.SZ,华凯易佰,13.01,-0.5351681957186566,13.09,13.12,-0.22865854,13.18,12.97,3287/5521,13.12,13.18,12.97,13.09,1.600609,4675400,33,300592,20260417
600352.SH,浙江龙盛,13.12,-1.204819277108435,13.19,12.97,1.30568356,13.33,12.97,3287/5521,12.97,13.33,12.97,13.19,2.764976,4.3476985E7,17,600352,20260417
603639.SH,海利尔,12.75,-0.9324009324009264,13.2,13.24,-0.22675737,13.28,12.97,3287/5521,13.24,13.28,12.97,13.2,2.343159,2961900,17,603639,20260417
603997.SH,继峰股份,12.17,0.0822368421052614,13.17,13.04,1.07444359,13.24,12.97,3287/5521,13.04,13.24,12.97,13.17,2.072141,7321652,17,603997,20260417
002749.SZ,国光股份,12.74,-0.39093041438623094,13.05,13.36,-2.75707899,13.46,12.96,3291/5521,13.36,13.46,12.96,13.05,3.725782,5385064,33,002749,20260417
603967.SH,中创物流,13.93,0.5776173285198561,13.05,13.06,0.07668712,13.15,12.96,3291/5521,13.06,13.15,12.96,13.05,1.457055,2310700,17,603967,20260417
300869.SZ,康泰医学,12.91,0.7020280811232438,13.09,13.3,-1.65289256,13.3,12.95,3293/5521,13.3,13.3,12.95,13.09,2.629601,4398381,33,300869,20260417
300931.SZ,通用电梯,15.1,-2.6434558349451978,13.14,13.18,-0.07604563,13.4,12.95,3293/5521,13.18,13.4,12.95,13.14,3.422053,4948000,33,300931,20260417
603170.SH,宝立食品,13.65,-2.29062276306371,13.2,13.18,0.22779043,13.29,12.95,3293/5521,13.18,13.29,12.95,13.2,2.581624,2293900,17,603170,20260417
920871.BJ,派特尔,12.94,1.2519561815336475,13.59,13.17,3.1107739,13.75,12.95,3293/5521,13.17,13.75,12.95,13.59,6.069802,1429267,151,920871,20260417
300659.SZ,中孚信息,13.08,1.7898832684824937,13.02,13.1,-0.98859316,13.11,12.94,3297/5521,13.1,13.11,12.94,13.02,1.292775,4094800,33,300659,20260417
301032.SZ,新柴股份,12.95,-0.9938837920489356,13.15,13.19,-0.07598784,13.19,12.94,3297/5521,13.19,13.19,12.94,13.15,1.899696,3416100,33,301032,20260417
300614.SZ,百川畅银,13.84,1.1695906432748548,13.08,13.42,-0.98410295,13.42,12.93,3299/5521,13.42,13.42,12.93,13.08,3.709311,3285800,33,300614,20260417
601198.SH,东兴证券,13.2,0.8403361344537772,12.96,12.95,-0.38431975,13.04,12.93,3299/5521,12.95,13.04,12.93,12.96,0.845503,1.0411411E7,17,601198,20260417
605069.SH,正和生态,14.19,-1.9350380096751978,13.05,13.04,-1.28593041,13.53,12.93,3299/5521,13.04,13.53,12.93,13.05,4.538577,5794290,17,605069,20260417
920475.BJ,三友科技,14.59,3.0367231638418057,13.76,13.11,4.63878327,13.96,12.93,3299/5521,13.11,13.96,12.93,13.76,7.832699,1552191,151,920475,20260417
300471.SZ,厚普股份,11.98,-0.7456503728251852,13.17,13.13,0.4576659,13.26,12.92,3303/5521,13.13,13.26,12.92,13.17,2.59344,1.1185209E7,33,300471,20260417
920580.BJ,科创新材,13.55,0.968703427719827,13.74,13.13,5.20673813,13.89,12.92,3303/5521,13.13,13.89,12.92,13.74,7.427258,3097110,151,920580,20260417
002950.SZ,奥美医疗,13.77,-0.2896451846488119,13.16,13.41,-2.51851852,13.49,12.91,3305/5521,13.41,13.49,12.91,13.16,4.296296,2.3727862E7,33,002950,20260417
603836.SH,海程邦达,14.3,1.8518518518518632,13.01,12.98,0.30840401,13.19,12.91,3305/5521,12.98,13.19,12.91,13.01,2.158828,2167900,17,603836,20260417
603917.SH,合力科技,12.51,-5.656108597285068,12.97,13.08,-1.14329268,13.17,12.91,3305/5521,13.08,13.17,12.91,12.97,1.981707,3325900,17,603917,20260417
300729.SZ,乐歌股份,12.39,-1.3535031847133752,13.08,12.9,0.30674847,13.22,12.9,3308/5521,12.9,13.22,12.9,13.08,2.453987,4519556,33,300729,20260417
600078.SH,澄星股份,13.21,-1.1227544910179534,13.01,13.16,-1.3646702,13.4,12.9,3308/5521,13.16,13.4,12.9,13.01,3.79075,2.4755001E7,17,600078,20260417
601900.SH,南方传媒,12.5,-0.7936507936507908,13.34,12.99,2.3791251,13.46,12.9,3308/5521,12.99,13.46,12.9,13.34,4.297774,1.2884403E7,17,601900,20260417
603317.SH,天味食品,17.13,-0.8680555555555678,13.06,13.23,-1.878287,13.31,12.9,3308/5521,13.23,13.31,12.9,13.06,3.08039,7232198,17,603317,20260417
920856.BJ,浩淼科技,12.03,-0.16597510373445104,13.62,13,4.36781609,13.89,12.88,3312/5521,13,13.89,12.88,13.62,7.739463,1630424,151,920856,20260417
002167.SZ,东方锆业,12.91,-1.9741837509491251,13.14,12.88,1.46718147,13.2,12.87,3313/5521,12.88,13.2,12.87,13.14,2.548262,2.0384518E7,33,002167,20260417
300582.SZ,英飞特,15.06,-3.2133676092544987,13.03,12.97,-0.22970904,13.15,12.87,3313/5521,12.97,13.15,12.87,13.03,2.14395,6690600,33,300582,20260417
002972.SZ,科安达,13.43,-0.14869888475836116,12.93,13.02,-0.69124424,13.05,12.86,3315/5521,12.87,12.9,12.71,12.78,1.459293,3143220,33,002972,20260417
603002.SH,宏昌电子,13.82,-3.6262203626220333,12.94,12.94,0.3878976,13.28,12.86,3315/5521,12.94,13.28,12.86,12.94,3.258339,8.6237003E7,17,603002,20260417
603212.SH,赛伍技术,13.7,3.085026335590671,13.84,13,5.89135425,13.96,12.86,3315/5521,13,13.96,12.86,13.84,8.41622,2.8936874E7,17,603212,20260417
600633.SH,浙数文化,13.12,-2.526002971768214,12.97,13.08,-1.51860289,13.08,12.84,3318/5521,13.08,13.08,12.84,12.97,1.822323,2.5560907E7,17,600633,20260417
000403.SZ,派林生物,11.95,-1.807723911257195,12.91,13,-1.14854518,13,12.83,3319/5521,13,13,12.83,12.91,1.301684,6459795,33,000403,20260417
002860.SZ,星帅尔,12.81,0.07812499999999833,14.0,12.89,7.85824345,14.28,12.83,3319/5521,12.89,14.28,12.83,14.0,11.171032,4.7922512E7,33,002860,20260417
603328.SH,依顿电子,11.45,-4.74209650582363,13.09,12.88,1.55159038,13.24,12.83,3319/5521,12.88,13.24,12.83,13.09,3.18076,3.2947367E7,17,603328,20260417
600449.SH,宁夏建材,12.91,0.310800310800318,12.9,13.03,-0.46296296,13.04,12.82,3322/5521,13.03,13.04,12.82,12.9,1.69753,3742592,17,600449,20260417
601881.SH,中国银河,12.78,-1.1600928074245966,12.92,12.97,-0.46224961,12.97,12.82,3322/5521,12.97,12.97,12.82,12.92,1.155624,3.2627887E7,17,601881,20260417
688352.SH,颀中科技,12.97,1.3281249999999993,13.13,12.91,1.625387,13.2,12.82,3322/5521,12.91,13.2,12.82,13.13,2.941176,1.1281487E7,17,688352,20260417
920718.BJ,合肥高科,12.17,-4.549019607843138,13.5,13.03,3.60706063,13.65,12.82,3322/5521,13.03,13.65,12.82,13.5,6.369915,941329,151,920718,20260417
000729.SZ,燕京啤酒,13.3,0.6813020439061306,12.88,12.93,-0.77041602,12.95,12.81,3326/5521,12.93,12.95,12.81,12.88,1.078582,3.0029706E7,33,000729,20260417
300778.SZ,新城市,13.05,4.1500399042298595,12.89,13.7,0.78186083,13.8,12.81,3326/5521,13.7,13.8,12.81,12.89,7.740422,8441205,33,300778,20260417
002136.SZ,安纳达,15.09,-1.4369693011103895,13.03,12.87,1.24320124,13.35,12.8,3328/5521,12.87,13.35,12.8,13.03,4.273504,6366697,33,002136,20260417
002216.SZ,三全食品,14.38,-1.3717421124828484,12.94,12.93,-0.15432099,12.95,12.8,3328/5521,12.93,12.95,12.8,12.94,1.157407,4506290,33,002216,20260417
603399.SH,永杉锂业,19.39,9.98298355076575,12.85,13.09,-0.92521203,13.49,12.8,3328/5521,13.09,13.49,12.8,12.85,5.319969,6.7218767E7,17,603399,20260417
605366.SH,宏柏新材,13.34,3.0911901081916566,13.45,13.97,-3.92857143,14.42,12.8,3328/5521,13.97,14.42,12.8,13.45,11.571428,5.6224981E7,17,605366,20260417
000860.SZ,顺鑫农业,12.7,-0.3921568627451036,12.91,12.99,-0.76863951,12.99,12.78,3332/5521,12.99,12.99,12.78,12.91,1.614142,5739230,33,000860,20260417
002164.SZ,宁波东力,12.56,0.7217321571772242,12.85,12.86,-0.31031808,12.95,12.78,3332/5521,12.86,12.95,12.78,12.85,1.318851,7218100,33,002164,20260417
002572.SZ,索菲亚,11.99,-6.4742589703588145,13.03,13.08,-0.382263,13.08,12.78,3332/5521,13.08,13.08,12.78,13.03,2.293577,9756700,33,002572,20260417
002789.SZ,*ST建艺,12.89,3.7007240547063627,12.92,13.1,-1.3740458,13.33,12.78,3332/5521,13.1,13.33,12.78,12.92,4.198473,2136700,33,002789,20260417
300845.SZ,捷安高科,13.73,0.6598240469208201,13.7,12.92,5.87326121,13.99,12.78,3332/5521,12.92,13.99,12.78,13.7,9.35085,1.5463648E7,33,300845,20260417
600505.SH,西昌电力,13.78,1.3235294117647038,12.92,12.91,0.31055901,12.96,12.76,3337/5521,12.91,12.96,12.76,12.92,1.552795,7431712,17,600505,20260417
605122.SH,四方新材,14.72,6.5123010130246035,12.85,12.88,-0.69551777,13,12.76,3337/5521,12.88,13,12.76,12.85,1.854714,1977880,17,605122,20260417
300258.SZ,精锻科技,11.31,0.8920606601248853,12.92,12.85,0.31055901,13.04,12.75,3339/5521,12.85,13.04,12.75,12.92,2.251552,1.4640724E7,33,300258,20260417
920429.BJ,康比特,12.16,0.9966777408637957,13.36,12.91,2.92758089,13.55,12.75,3339/5521,12.91,13.55,12.75,13.36,6.163328,2221284,151,920429,20260417
300304.SZ,云意电气,11.83,2.158894645941278,13.05,12.87,0.92807425,13.16,12.74,3341/5521,12.87,13.16,12.74,13.05,3.248259,1.44593E7,33,300304,20260417
603158.SH,腾龙股份,12.76,-1.391035548686242,13.26,12.94,0.8365019,13.26,12.74,3341/5521,12.94,13.26,12.74,13.26,3.954372,3.4141504E7,17,603158,20260417
603700.SH,宁水集团,12.94,0.15479876160990383,12.78,13.5,-5.8910162,13.51,12.73,3343/5521,13.5,13.51,12.73,12.78,5.74374,8935584,17,603700,20260417
300300.SZ,海峡创新,12.55,1.1281224818694646,12.74,12.9,-1.46945089,13.18,12.72,3344/5521,12.9,13.18,12.72,12.74,3.557617,5.5735362E7,33,300300,20260417
300462.SZ,ST华铭,13.16,-1.5706806282722445,12.89,12.72,0.54602184,12.97,12.72,3344/5521,12.72,12.97,12.72,12.89,1.950078,1272700,33,300462,20260417
002163.SZ,海南发展,12.46,2.382908792111758,13.01,12.89,0.46332046,13.07,12.71,3346/5521,12.89,13.07,12.71,13.01,2.779922,2.0399809E7,33,002163,20260417
000429.SZ,粤高速A,12.58,-0.5533596837944686,12.7,12.85,-1.16731518,12.88,12.7,3347/5521,12.85,12.88,12.7,12.7,1.400778,3253840,33,000429,20260417
002205.SZ,国统股份,13.38,0.4504504504504542,12.76,12.87,-1.46718147,13.03,12.7,3347/5521,12.87,13.03,12.7,12.76,2.548262,2026529,33,002205,20260417
002248.SZ,华东数控,13.06,1.0835913312693541,13.01,12.85,0.85271318,13.06,12.7,3347/5521,12.85,13.06,12.7,13.01,2.790697,1.733E7,33,002248,20260417
002579.SZ,中京电子,11.85,-4.126213592233008,13.16,12.8,2.57209665,13.23,12.7,3347/5521,12.8,13.23,12.7,13.16,4.130943,7.444063E7,33,002579,20260417
300581.SZ,晨曦航空,12.62,2.685109845402767,12.95,12.9,0.07727975,13,12.68,3351/5521,12.9,13,12.68,12.95,2.472952,8645611,33,300581,20260417
600710.SH,苏美达,12.22,-2.4740622505985534,12.86,12.99,-1.00076982,13.02,12.68,3351/5521,12.99,13.02,12.68,12.86,2.617397,1.1494922E7,17,600710,20260417
002836.SZ,新宏泽,13.45,1.893939393939394,12.92,12.92,-0.61538462,12.96,12.67,3353/5521,12.92,12.96,12.67,12.92,2.230769,2523400,33,002836,20260417
603108.SH,润达医疗,13.43,-0.8856088560885682,12.82,12.89,-0.77399381,12.92,12.67,3353/5521,12.89,12.92,12.67,12.82,1.934984,8212471,17,603108,20260417
002328.SZ,新朋股份,10.35,-2.9990627928772287,13.0,13.24,-2.98507463,13.33,12.65,3355/5521,13.24,13.33,12.65,13.0,5.074626,1.59289493E8,33,002328,20260417
603041.SH,美思德,14.12,1.436781609195397,12.8,12.79,0,12.89,12.65,3355/5521,12.79,12.89,12.65,12.8,1.875,2241880,17,603041,20260417
688512.SH,慧智微,12.68,5.666666666666664,12.88,12.82,0.94043887,13.05,12.65,3355/5521,12.82,13.05,12.65,12.88,3.134796,8420739,17,688512,20260417
605162.SH,新中港,11.16,-2.702702702702707,12.74,13,-2.3006135,13.28,12.64,3358/5521,13,13.28,12.64,12.74,4.907975,2.5656061E7,17,605162,20260417
601083.SH,锦江航运,12.11,-3.1974420463629127,12.7,12.77,-0.54815975,12.8,12.63,3359/5521,12.77,12.8,12.63,12.7,1.331245,7867956,17,601083,20260417
300314.SZ,戴维医疗,11.54,-0.8591065292096342,12.69,12.89,-1.3986014,12.89,12.62,3360/5521,12.89,12.89,12.62,12.69,2.097902,2530400,33,300314,20260417
603089.SH,正裕工业,11.59,-0.2581755593803732,12.85,12.81,0.4691165,12.94,12.62,3360/5521,12.81,12.94,12.62,12.85,2.501954,1857338,17,603089,20260417
603758.SH,秦安股份,12.24,-0.3257328990227944,13.16,12.84,2.57209665,13.26,12.62,3360/5521,12.84,13.26,12.62,13.16,4.988308,7108900,17,603758,20260417
600508.SH,上海能源,13.88,-0.14388489208632788,12.66,12.77,-1.09375,12.87,12.61,3363/5521,12.77,12.87,12.61,12.66,2.03125,5817001,17,600508,20260417
600650.SH,锦江在线,12.49,0.4019292604501665,12.8,12.79,-0.15600624,12.82,12.61,3363/5521,12.79,12.82,12.61,12.8,1.638065,3319400,17,600650,20260417
601038.SH,一拖股份,13.84,1.243599122165325,12.67,12.83,-1.70674942,12.85,12.61,3363/5521,12.83,12.85,12.61,12.67,1.861908,4990601,17,601038,20260417
920123.BJ,芭薇股份,13.48,1.9667170953101345,13.23,12.78,4.33753943,13.29,12.61,3363/5521,12.78,13.29,12.61,13.23,5.362776,1725942,151,920123,20260417
300075.SZ,数字政通,13.29,-0.7468259895444467,12.7,12.8,-1.01325019,12.8,12.6,3367/5521,12.8,12.8,12.6,12.7,1.558846,7111239,33,300075,20260417
688660.SH,电气风电,12.24,2.255639097744357,12.91,12.62,2.21694378,13.08,12.6,3367/5521,12.62,13.08,12.6,12.91,3.800475,1.6458767E7,17,688660,20260417
300288.SZ,朗玛信息,12.45,0.48426150121064343,12.77,12.82,-1.16099071,12.86,12.59,3369/5521,12.82,12.86,12.59,12.77,2.089783,6528800,33,300288,20260417
603517.SH,ST绝味,12.68,-0.7824726134585263,12.66,12.8,-1.70807453,12.83,12.59,3369/5521,12.8,12.83,12.59,12.66,1.863354,4259340,22,603517,20260417
600446.SH,金证股份,13.68,1.3333333333333313,12.76,12.8,-0.70038911,12.85,12.58,3371/5521,12.8,12.85,12.58,12.76,2.101167,1.0551952E7,17,600446,20260417
600618.SH,氯碱化工,12.87,0.7830853563038344,12.71,12.83,-0.85803432,12.83,12.58,3371/5521,12.83,12.83,12.58,12.71,1.950078,6668100,17,600618,20260417
301149.SZ,隆华新材,13.69,0.735835172921263,12.89,12.85,-0.30935808,12.99,12.57,3373/5521,12.85,12.99,12.57,12.89,3.248259,1.3587857E7,33,301149,20260417
300600.SZ,国瑞科技,12.97,0.6987577639751541,12.65,12.71,-0.47206924,12.8,12.55,3374/5521,12.71,12.8,12.55,12.65,1.966955,3218300,33,300600,20260417
601600.SH,中国铝业,11.65,-2.183039462636438,12.69,12.7,-0.859375,12.8,12.55,3374/5521,12.7,12.8,12.55,12.69,1.953125,1.94185368E8,17,601600,20260417
603566.SH,普莱柯,11.97,-0.3330557868442893,12.64,12.88,-1.78710179,12.9,12.55,3374/5521,12.88,12.9,12.55,12.64,2.719502,3784364,17,603566,20260417
603856.SH,东宏股份,13.09,-0.5319148936170234,12.7,12.83,-1.47401086,12.88,12.55,3374/5521,12.83,12.88,12.55,12.7,2.560124,2353900,17,603856,20260417
688389.SH,普门科技,13.05,0.3846153846153901,12.65,12.73,-0.62843676,12.73,12.54,3378/5521,12.73,12.73,12.54,12.65,1.492537,2069620,17,688389,20260417
002590.SZ,万安科技,11.89,-0.5852842809364572,12.68,12.65,-0.31446541,12.74,12.53,3379/5521,12.65,12.74,12.53,12.68,1.650943,7200400,33,002590,20260417
603970.SH,中农立华,13.21,-1.1227544910179534,12.57,12.78,-1.33437991,12.78,12.53,3379/5521,12.78,12.78,12.53,12.57,1.962323,1658780,17,603970,20260417
300068.SZ,ST南都,8.85,-19.981916817359863,12.72,12.7,-0.54730258,12.86,12.51,3381/5521,12.7,12.86,12.51,12.72,2.736512,3.8177853E7,33,300068,20260417
688565.SH,力源科技,12.94,0.7788161993769442,12.74,12.83,-1.69753086,12.95,12.51,3381/5521,12.83,12.95,12.51,12.74,3.395061,3142886,17,688565,20260417
300371.SZ,汇中股份,13.44,2.2053231939163433,12.61,12.68,-0.55205047,12.79,12.5,3383/5521,12.68,12.79,12.5,12.61,2.287066,1718400,33,300371,20260417
300856.SZ,科思股份,13.96,-0.35688793718771544,12.53,12.6,-0.39745628,12.65,12.5,3383/5521,12.6,12.65,12.5,12.53,1.192368,2133180,33,300856,20260417
600366.SH,宁波韵升,13.27,-0.9701492537313491,12.61,12.51,0.47808765,12.65,12.5,3383/5521,12.51,12.65,12.5,12.61,1.195219,1.7376261E7,17,600366,20260417
300417.SZ,南华仪器,14.17,2.458423716558206,12.63,12.8,-1.328125,12.87,12.48,3386/5521,12.8,12.87,12.48,12.63,3.046875,2985710,33,300417,20260417
605268.SH,王力安防,12.98,-7.351891506067091,12.56,12.5,0.07968127,12.74,12.47,3387/5521,12.5,12.74,12.47,12.56,2.151394,5792100,17,605268,20260417
605577.SH,龙版传媒,11.7,-1.0989010989011054,12.61,12.75,-1.40734949,12.75,12.47,3387/5521,12.75,12.75,12.47,12.61,2.18921,3036000,17,605577,20260417
002185.SZ,华天科技,13.11,2.6624902114330453,12.74,12.5,1.59489633,12.85,12.46,3389/5521,12.5,12.85,12.46,12.74,3.110047,1.08545528E8,33,002185,20260417
002727.SZ,一心堂,12.68,-0.5490196078431395,12.5,12.64,-1.26382306,12.64,12.46,3389/5521,12.64,12.64,12.46,12.5,1.4218,5138963,33,002727,20260417
300188.SZ,国投智能,12.45,-1.1119936457506003,13.08,12.49,4.3062201,13.27,12.46,3389/5521,12.49,13.27,12.46,13.08,6.45933,2.5454789E7,33,300188,20260417
603017.SH,中衡设计,15.4,0.7194244604316626,12.92,12.75,0.7800312,13.1,12.46,3389/5521,12.75,13.1,12.46,12.92,4.992199,2.1404442E7,17,603017,20260417
002923.SZ,润都股份,13.22,-0.45180722891565306,12.56,12.84,-2.71107668,12.91,12.45,3393/5521,12.84,12.91,12.45,12.56,3.563129,1.2087094E7,33,002923,20260417
300121.SZ,阳谷华泰,12.33,-2.529644268774706,12.93,12.58,2.45641838,13.01,12.44,3394/5521,12.58,13.01,12.44,12.93,4.51664,1.23679E7,33,300121,20260417
300129.SZ,泰胜风能,11.36,3.9341262580054868,13.01,12.45,3.99680256,13.26,12.44,3394/5521,12.45,13.26,12.44,13.01,6.554756,5.5882556E7,33,300129,20260417
603787.SH,新日股份,11.96,0.673400673400674,12.59,12.71,-0.94413847,12.73,12.44,3394/5521,12.71,12.73,12.44,12.59,2.281667,6682400,17,603787,20260417
000888.SZ,峨眉山A,11.85,-0.4201680672268967,12.52,12.64,-1.41732283,12.67,12.43,3397/5521,12.64,12.67,12.43,12.52,1.889763,1.1548332E7,33,000888,20260417
603711.SH,香飘飘,14.28,10.015408320493057,12.56,12.57,-0.23828435,12.6,12.43,3397/5521,12.57,12.6,12.43,12.56,1.350277,1327700,17,603711,20260417
601696.SH,中银证券,12.42,1.2224938875305653,12.55,12.49,0.4,12.7,12.42,3399/5521,12.49,12.7,12.42,12.55,2.24,3.7196479E7,17,601696,20260417
605018.SH,长华集团,12.82,0.470219435736681,12.44,12.5,-1.03420843,12.7,12.42,3399/5521,12.5,12.7,12.42,12.44,2.227525,9115600,17,605018,20260417
600577.SH,精达股份,13.03,4.490777866880503,13.25,12.48,6.34028892,13.55,12.4,3401/5521,12.48,13.55,12.4,13.25,9.229534,1.08390682E8,17,600577,20260417
300142.SZ,沃森生物,13.0,0.8533747090767992,12.46,12.65,-2.1978022,12.66,12.39,3402/5521,12.65,12.66,12.39,12.46,2.119309,3.5232806E7,33,300142,20260417
002023.SZ,海特高新,12.6,3.194103194103184,12.93,12.4,5.29315961,13.33,12.38,3403/5521,12.4,13.33,12.38,12.93,7.736156,9.3811977E7,33,002023,20260417
603010.SH,万盛股份,13.02,-2.2522522522522577,12.86,12.69,3.54267311,12.88,12.38,3403/5521,12.69,12.88,12.38,12.86,4.025764,1.8389319E7,17,603010,20260417
688057.SH,金达莱,12.47,1.1354420113544248,12.39,12.43,-0.72115385,12.57,12.38,3403/5521,12.43,12.57,12.38,12.39,1.522435,888918,17,688057,20260417
920415.BJ,恒拓开源,12.33,1.8166804293971979,13.1,12.79,3.63924051,13.32,12.38,3403/5521,12.79,13.32,12.38,13.1,7.436708,3728468,151,920415,20260417
002140.SZ,东华科技,12.51,-0.7142857142857132,12.41,12.47,-1.03668262,12.6,12.37,3407/5521,12.47,12.6,12.37,12.41,1.83413,6409819,33,002140,20260417
300929.SZ,华骐环保,14.19,1.3571428571428537,12.45,12.79,-2.81030445,12.8,12.37,3407/5521,12.79,12.8,12.37,12.45,3.356752,3831632,33,300929,20260417
300993.SZ,玉马科技,12.24,0.0817661488143891,12.41,12.43,-0.56089744,12.48,12.36,3409/5521,12.43,12.48,12.36,12.41,0.961538,2333950,33,300993,20260417
603578.SH,三星新材,13.71,1.031687546057484,12.53,12.77,-1.80250784,12.77,12.36,3409/5521,12.77,12.77,12.36,12.53,3.213166,2591366,17,603578,20260417
300319.SZ,麦捷科技,12.46,-0.8750994431185316,12.55,12.36,1.12812248,12.65,12.34,3411/5521,12.36,12.65,12.34,12.55,2.497985,1.9918351E7,33,300319,20260417
601061.SH,中信金属,13.86,-1.2820512820512802,12.9,12.48,2.95291301,13.07,12.34,3411/5521,12.48,13.07,12.34,12.9,5.826017,2.3856932E7,17,601061,20260417
688203.SH,海正生材,13.55,-1.8115942028985506,12.39,12.38,0.08077544,12.75,12.34,3411/5521,12.38,12.75,12.34,12.39,3.311793,2019930,17,688203,20260417
920163.BJ,方大新材,12.41,-0.48115477145148755,12.88,12.49,3.122498,13.04,12.34,3411/5521,12.49,13.04,12.34,12.88,5.604483,1055459,151,920163,20260417
920837.BJ,华原股份,13.12,-0.15220700152208028,12.89,12.51,3.20256205,13.09,12.34,3411/5521,12.51,13.09,12.34,12.89,6.004803,1784689,151,920837,20260417
002115.SZ,三维通信,14.41,-1.8392370572207055,12.57,12.45,0.56,12.63,12.33,3416/5521,12.45,12.63,12.33,12.57,2.4,3.7305275E7,33,002115,20260417
002139.SZ,拓邦股份,10.71,-1.3812154696132466,12.43,12.37,0.24193548,12.47,12.32,3417/5521,12.37,12.47,12.32,12.43,1.209677,1.0725695E7,33,002139,20260417
600817.SH,宇通重工,11.85,-0.7537688442211044,12.33,12.51,-1.04333868,12.51,12.32,3417/5521,12.51,12.51,12.32,12.33,1.524879,3779200,17,600817,20260417
300306.SZ,远方信息,12.65,1.2000000000000028,12.35,12.42,-1.12089672,12.49,12.31,3419/5521,12.42,12.49,12.31,12.35,1.441152,2348700,33,300306,20260417
300427.SZ,红相股份,10.89,-0.1833180568285937,12.38,12.62,-2.67295597,12.78,12.31,3419/5521,12.62,12.78,12.31,12.38,3.694968,3.3381635E7,33,300427,20260417
002953.SZ,日丰股份,11.84,-0.5042016806722731,12.46,12.37,0.40290089,12.57,12.3,3421/5521,12.37,12.57,12.3,12.46,2.175664,6985684,33,002953,20260417
603123.SH,翠微股份,11.6,0.6944444444444451,12.41,12.6,-2.89514867,12.69,12.3,3421/5521,12.6,12.69,12.3,12.41,3.051643,3.7786117E7,17,603123,20260417
301355.SZ,南王科技,12.99,1.484374999999996,12.47,12.5,-0.24,12.51,12.29,3423/5521,12.5,12.51,12.29,12.47,1.76,3357800,33,301355,20260417
002208.SZ,合肥城建,13.74,5.855161787365175,12.71,12.48,2.83171521,12.92,12.28,3424/5521,12.48,12.92,12.28,12.71,5.177993,4.3580319E7,33,002208,20260417
002507.SZ,涪陵榨菜,12.58,-0.7886435331230256,12.3,12.37,-0.80645161,12.38,12.28,3424/5521,12.37,12.38,12.28,12.3,0.806451,7691256,33,002507,20260417
002531.SZ,天顺风能,12.02,1.520270270270268,12.61,12.29,3.70065789,12.88,12.28,3424/5521,12.29,12.88,12.28,12.61,4.93421,7.9865231E7,33,002531,20260417
603587.SH,地素时尚,13.34,1.2908124525436593,12.54,12.29,1.78571429,12.59,12.28,3424/5521,12.29,12.59,12.28,12.54,2.516233,3807700,17,603587,20260417
920014.BJ,特瑞斯,12.02,2.647309991460279,12.91,12.66,1.65354331,13.1,12.28,3424/5521,12.66,13.1,12.28,12.91,6.456692,5209938,151,920014,20260417
002867.SZ,周大生,13.26,-0.8968609865470926,12.32,12.45,-1.04417671,12.49,12.27,3429/5521,12.45,12.49,12.27,12.32,1.767068,1.016108E7,33,002867,20260417
000678.SZ,襄阳轴承,11.64,1.3054830287206296,12.27,12.52,-2.77337559,12.62,12.25,3430/5521,12.52,12.62,12.25,12.27,2.931854,1.7193518E7,33,000678,20260417
002748.SZ,世龙实业,12.83,-0.696594427244581,12.28,12.35,-0.48622366,12.55,12.25,3430/5521,12.35,12.55,12.25,12.28,2.431118,4078600,33,002748,20260417
603008.SH,ST喜临门,10.32,-4.972375690607727,12.53,12.65,-0.63441713,12.76,12.25,3430/5521,12.65,12.76,12.25,12.53,4.044409,2.4191196E7,22,603008,20260417
603506.SH,南都物业,13.53,3.917050691244238,12.39,12.44,-0.40192926,12.47,12.23,3433/5521,12.44,12.47,12.23,12.39,1.92926,2636198,17,603506,20260417
920414.BJ,欧普泰,11.37,1.7905102954341925,13.03,12.37,5.50607287,13.21,12.23,3433/5521,12.37,13.21,12.23,13.03,7.935222,4557290,151,920414,20260417
600272.SH,开开实业,12.64,3.0995106035889135,12.27,12.41,-1.76140913,12.46,12.22,3435/5521,12.41,12.46,12.22,12.27,1.921537,2659100,17,600272,20260417
300047.SZ,天源迪科,12.34,-0.5640612409347323,12.31,12.35,-0.645682,12.39,12.21,3436/5521,12.35,12.39,12.21,12.31,1.452784,1.1118433E7,33,300047,20260417
300694.SZ,蠡湖股份,12.74,1.1914217633042126,12.4,12.28,0.73111292,12.42,12.21,3436/5521,12.28,12.42,12.21,12.4,1.70593,3534333,33,300694,20260417
300787.SZ,海能实业,10.91,2.057998129092616,12.35,12.28,0.57003257,12.5,12.21,3436/5521,12.28,12.5,12.21,12.35,2.361563,4902682,33,300787,20260417
603901.SH,永创智能,12.22,-4.231974921630087,12.45,12.53,-0.63846768,12.55,12.21,3436/5521,12.53,12.55,12.21,12.45,2.713487,9496072,17,603901,20260417
000890.SZ,法尔胜,15.66,-8.953488372093018,12.41,12.32,0.1614205,12.88,12.2,3440/5521,12.32,12.88,12.2,12.41,5.488297,5.7106368E7,33,000890,20260417
600054.SH,黄山旅游,11.89,-0.1679261125104918,12.26,12.61,-2.8526149,12.63,12.19,3441/5521,12.61,12.63,12.19,12.26,3.486529,1.4164801E7,17,600054,20260417
600416.SH,湘电股份,12.37,-1.0400000000000063,12.33,12.33,-0.40387722,12.42,12.19,3441/5521,12.33,12.42,12.19,12.33,1.857835,1.8823697E7,17,600416,20260417
600191.SH,华资实业,12.7,-3.0534351145038197,12.67,12.28,3.00813008,12.78,12.18,3443/5521,12.28,12.78,12.18,12.67,4.878048,6179401,17,600191,20260417
600588.SH,用友网络,11.68,-1.6006739679865165,12.38,12.34,0.1618123,12.39,12.17,3444/5521,12.34,12.39,12.17,12.38,1.779935,2.9695008E7,17,600588,20260417
920471.BJ,美邦科技,14.26,-2.7948193592365382,12.86,12.46,3.45937249,12.88,12.17,3444/5521,12.46,12.88,12.17,12.86,5.711987,2146048,151,920471,20260417
002019.SZ,亿帆医药,11.18,-0.533807829181499,12.25,12.51,-2.77777778,12.57,12.16,3446/5521,12.51,12.57,12.16,12.25,3.253968,2.3990559E7,33,002019,20260417
002737.SZ,葵花药业,13.88,5.954198473282451,12.23,12.4,-1.291364,12.4,12.16,3446/5521,12.4,12.4,12.16,12.23,1.937046,3400185,33,002737,20260417
920685.BJ,新芝生物,12.65,1.0383386581469711,12.78,12.39,3.23101777,12.94,12.16,3446/5521,12.39,12.94,12.16,12.78,6.300484,1161564,151,920685,20260417
000970.SZ,中科三环,12.08,-0.4942339373970387,12.19,12.15,0,12.29,12.15,3449/5521,12.15,12.29,12.15,12.19,1.148482,1.4704184E7,33,000970,20260417
600859.SH,王府井,12.37,-0.5627009646302273,12.25,12.3,-0.56818182,12.32,12.15,3449/5521,12.3,12.32,12.15,12.25,1.37987,9904799,17,600859,20260417
603081.SH,大丰实业,12.46,4.267782426778256,12.4,12.2,1.47299509,12.58,12.14,3451/5521,12.2,12.58,12.14,12.4,3.600654,8587900,17,603081,20260417
603015.SH,弘讯科技,11.79,0.9417808219178033,12.39,12.37,0.24271845,12.43,12.13,3452/5521,12.37,12.43,12.13,12.39,2.427184,4692533,17,603015,20260417
000993.SZ,闽东电力,12.24,-1.2903225806451624,12.18,12.15,-0.32733224,12.32,12.12,3453/5521,12.15,12.32,12.12,12.18,1.636661,1.4480183E7,33,000993,20260417
300616.SZ,尚品宅配,13.61,-3.3380681818181865,12.12,12.25,-0.98039216,12.29,12.12,3453/5521,12.25,12.29,12.12,12.12,1.388888,2639155,33,300616,20260417
605169.SH,洪通燃气,12.14,-1.2205044751830643,12.16,12.18,-0.73469388,12.3,12.11,3455/5521,12.18,12.3,12.11,12.16,1.55102,1908177,17,605169,20260417
688588.SH,凌志软件,11.75,1.555747623163351,12.11,12.2,-0.81900082,12.23,12.11,3455/5521,12.2,12.23,12.11,12.11,0.9828,3543251,17,688588,20260417
002201.SZ,九鼎新材,13.39,-4.014336917562715,12.22,12.14,-0.24489796,12.48,12.09,3457/5521,12.14,12.48,12.09,12.22,3.183673,4.2425858E7,33,002201,20260417
600596.SH,新安股份,12.49,-1.7309205350118066,12.1,12.19,-1.46579805,12.34,12.09,3457/5521,12.19,12.34,12.09,12.1,2.03583,1.8365862E7,17,600596,20260417
600703.SH,三安光电,13.67,-1.9368723098995666,13.34,12.13,9.97526793,13.34,12.09,3457/5521,12.13,13.34,12.09,13.34,10.305028,4.28926929E8,17,600703,20260417
002736.SZ,国信证券,10.72,-3.597122302158261,12.09,12.2,-1.46699267,12.24,12.08,3460/5521,12.2,12.24,12.08,12.09,1.303993,2.6270958E7,33,002736,20260417
920642.BJ,通易航天,12.39,2.566225165562918,12.82,12.2,5.08196721,12.91,12.08,3460/5521,12.2,12.91,12.08,12.82,6.803278,4695032,151,920642,20260417
300382.SZ,斯莱克,15.6,1.7612524461839503,12.59,12.06,4.04958678,12.66,12.06,3462/5521,12.06,12.66,12.06,12.59,4.958677,1.6059527E7,33,300382,20260417
600152.SH,维科技术,14.85,2.4137931034482736,13.9,12.22,9.96835443,13.9,12.05,3463/5521,12.22,13.9,12.05,13.9,14.636075,1.16238008E8,17,600152,20260417
600415.SH,小商品城,13.25,-1.8518518518518519,12.17,12.28,-1.29764801,12.3,12.05,3463/5521,12.28,12.3,12.05,12.17,2.027575,7.3594689E7,17,600415,20260417
002571.SZ,德力股份,11.42,1.7825311942958937,12.06,12.15,-0.74074074,12.25,12.03,3465/5521,12.15,12.25,12.03,12.06,1.810699,6144700,33,002571,20260417
300968.SZ,格林精密,11.79,0.9417808219178033,12.14,12.18,-0.32840722,12.18,12.03,3465/5521,12.18,12.18,12.03,12.14,1.231527,3215963,33,300968,20260417
002011.SZ,盾安环境,11.68,-1.5177065767284967,12.05,12.17,-1.06732348,12.17,12.02,3467/5521,12.17,12.17,12.02,12.05,1.231527,9200800,33,002011,20260417
300201.SZ,海伦哲,11.84,0.08453085376162119,12.15,12.12,-0.16433854,12.52,12.02,3467/5521,12.12,12.52,12.02,12.15,4.108463,3.8783723E7,33,300201,20260417
002152.SZ,广电运通,11.66,-0.2566295979469578,12.11,12.07,0.4145937,12.18,12.01,3469/5521,12.07,12.18,12.01,12.11,1.409618,1.7479719E7,33,002152,20260417
002960.SZ,青鸟智控,12.1,1.1705685618728996,12.08,12.18,-0.73952342,12.21,12.01,3469/5521,12.18,12.21,12.01,12.08,1.643385,1.0216288E7,33,002960,20260417
000957.SZ,中通客车,11.93,-0.9958506224066472,12.06,12.18,-2.03086921,12.34,12,3471/5521,12.18,12.34,12,12.06,2.761982,2.1714361E7,33,000957,20260417
002632.SZ,道明光学,11.04,-1.340482573726545,12.2,12.07,1.16086235,12.28,12,3471/5521,12.07,12.28,12,12.2,2.321724,1.1253367E7,33,002632,20260417
300055.SZ,万邦达,11.62,1.9298245614034988,12.38,12.05,2.48344371,12.68,12,3471/5521,12.05,12.68,12,12.38,5.629139,2.8427353E7,33,300055,20260417
300509.SZ,新美星,11.39,-0.43706293706292776,12.52,12.13,2.96052632,13.05,12,3471/5521,12.13,13.05,12,12.52,8.634868,1.1530575E7,33,300509,20260417
600846.SH,同济科技,12.76,-2.297090352220526,12.18,12.22,-0.73349633,12.37,12,3471/5521,12.22,12.37,12,12.18,3.015484,2244450,17,600846,20260417
002606.SZ,大连电瓷,14.49,-0.617283950617283,12.15,12.16,-0.65412919,12.3,11.99,3476/5521,12.16,12.3,11.99,12.15,2.53475,2.6414447E7,33,002606,20260417
603289.SH,泰瑞机器,11.66,1.6564952048822972,12.17,12.22,-1.45748988,12.34,11.99,3476/5521,12.22,12.34,11.99,12.17,2.834008,8960550,17,603289,20260417
600640.SH,国脉文化,12.4,-1.5873015873015817,12.06,12.11,-0.74074074,12.15,11.98,3478/5521,12.11,12.15,11.98,12.06,1.399176,3559700,17,600640,20260417
603058.SH,永吉股份,11.05,4.739336492890995,12.08,12.13,-0.65789474,12.26,11.98,3478/5521,12.13,12.26,11.98,12.08,2.302631,7484800,17,603058,20260417
605008.SH,长鸿高科,12.05,0.24958402662230564,12.08,12.16,-0.65789474,12.16,11.97,3480/5521,12.16,12.16,11.97,12.08,1.5625,1633580,17,605008,20260417
920304.BJ,迪尔化工,11.3,-2.3336214347450266,12.54,12.25,3.125,12.87,11.97,3480/5521,12.25,12.87,11.97,12.54,7.401315,3618321,151,920304,20260417
300603.SZ,立昂技术,10.2,-2.578796561604597,12.06,12.18,-2.11038961,12.25,11.95,3482/5521,12.18,12.25,11.95,12.06,2.435064,4.1240712E7,33,300603,20260417
300406.SZ,九强生物,12.7,2.584814216478178,11.99,12.1,-0.9909166,12.12,11.94,3483/5521,12.1,12.12,11.94,11.99,1.486374,2708277,33,300406,20260417
603398.SH,*ST沐邦,12.45,4.974704890387858,12.11,12.56,-3.65950676,12.58,11.94,3483/5521,12.56,12.58,11.94,12.11,5.091487,1.2234912E7,22,603398,20260417
000045.SZ,深纺织A,12.01,2.561912894961562,11.97,12.1,-1.5625,12.1,11.93,3485/5521,12.1,12.1,11.93,11.97,1.398026,6819592,33,000045,20260417
600452.SH,涪陵电力,11.61,-2.3549201009251566,11.95,12.2,-2.76647681,12.38,11.93,3485/5521,12.2,12.38,11.93,11.95,3.661513,4.802696E7,17,600452,20260417
002649.SZ,博彦科技,10.47,-1.1331444759206726,11.99,12.02,-0.66280033,12.07,11.92,3487/5521,12.02,12.07,11.92,11.99,1.24275,8333582,33,002649,20260417
600753.SH,*ST海钦,13.04,1.4785992217898793,12.32,12.02,2.2406639,12.39,11.92,3487/5521,12.02,12.39,11.92,12.32,3.900414,2131276,22,600753,20260417
600857.SH,宁波中百,12.71,2.7485852869846537,12.03,12.1,-0.5785124,12.21,11.92,3487/5521,12.1,12.21,11.92,12.03,2.396694,2076900,17,600857,20260417
002582.SZ,好想你,12.55,0.8842443729903634,12.21,12.15,-0.40783034,12.32,11.91,3490/5521,12.15,12.32,11.91,12.21,3.344208,2.4519974E7,33,002582,20260417
600992.SH,贵绳股份,11.4,-5.236907730673309,12.05,12.1,-0.41322314,12.13,11.91,3490/5521,12.1,12.13,11.91,12.05,1.818181,3207400,17,600992,20260417
603408.SH,建霖家居,11.83,-0.6717044500419821,12.08,12.26,-1.06470106,12.26,11.91,3490/5521,12.26,12.26,11.91,12.08,2.866502,2641261,17,603408,20260417
603811.SH,诚意药业,11.86,-1.0016694490818112,12.03,12.17,-1.63532298,12.23,11.91,3490/5521,12.17,12.23,11.91,12.03,2.616516,6853455,17,603811,20260417
300143.SZ,盈康生命,11.25,-0.08880994671403009,12.07,12.21,-2.10867802,12.21,11.9,3494/5521,12.21,12.21,11.9,12.07,2.514193,1.3764015E7,33,300143,20260417
301211.SZ,亨迪药业,11.49,0.34934497816594695,12.01,12.18,-1.79885527,12.19,11.9,3494/5521,12.18,12.19,11.9,12.01,2.371218,3461240,33,301211,20260417
300063.SZ,天龙集团,11.43,0.5277044854881311,12.22,11.95,0.99173554,12.26,11.89,3496/5521,11.95,12.26,11.89,12.22,3.057851,6.4624906E7,33,300063,20260417
920300.BJ,辰光医疗,11.35,0.17652250661959024,12.44,12.11,2.72502064,12.6,11.89,3496/5521,12.11,12.6,11.89,12.44,5.862923,2861394,151,920300,20260417
600197.SH,伊力特,12.26,0.0,11.95,12.07,-1.23966942,12.07,11.88,3498/5521,12.07,12.07,11.88,11.95,1.570247,3027838,17,600197,20260417
600573.SH,惠泉啤酒,13.74,1.327433628318582,12.16,12.18,-1.05777055,12.33,11.88,3498/5521,12.18,12.33,11.88,12.16,3.661513,1.2019201E7,17,600573,20260417
603390.SH,通达电气,13.35,-1.9823788546255476,12.0,12.05,-0.41493776,12.05,11.87,3500/5521,12.05,12.05,11.87,12.0,1.493775,2424500,17,603390,20260417
920541.BJ,铁大科技,12.1,0.0,12.28,11.91,2.76150628,12.39,11.87,3500/5521,11.91,12.39,11.87,12.28,4.351464,2019303,151,920541,20260417
300184.SZ,力源信息,13.35,1.2898330804248856,12.63,11.93,5.86756077,12.69,11.86,3502/5521,11.93,12.69,11.86,12.63,6.95725,1.86084699E8,33,300184,20260417
300403.SZ,汉宇集团,10.9,1.019462465245609,12.05,11.9,0.66833751,12.09,11.85,3503/5521,11.9,12.09,11.85,12.05,2.005012,7181528,33,300403,20260417
300610.SZ,晨化股份,12.34,-0.32310177705978127,11.98,12.02,0.16722408,12.18,11.85,3503/5521,12.02,12.18,11.85,11.98,2.759197,5289060,33,300610,20260417
600072.SH,中船科技,13.68,6.046511627906972,12.0,12.03,-0.41493776,12.05,11.85,3503/5521,12.03,12.05,11.85,12.0,1.659751,1.3296653E7,17,600072,20260417
600791.SH,京能置业,13.45,0.8245877061469223,12.45,12.08,3.06291391,12.45,11.85,3503/5521,12.08,12.45,11.85,12.45,4.966887,1.764512E7,17,600791,20260417
920768.BJ,拾比佰,12.5,1.050929668552957,12.4,12.21,3.41951626,12.55,11.85,3503/5521,12.21,12.55,11.85,12.4,5.838198,5364064,151,920768,20260417
002083.SZ,孚日股份,11.3,-1.4821272885789007,11.87,12.1,-3.80875203,12.39,11.84,3508/5521,12.1,12.39,11.84,11.87,4.45705,8.5414671E7,33,002083,20260417
300532.SZ,今天国际,11.46,0.0,11.91,11.91,-0.16764459,11.97,11.84,3508/5521,11.91,11.97,11.84,11.91,1.089689,5959017,33,300532,20260417
300798.SZ,锦鸡股份,10.19,-4.048964218455741,11.95,12.96,-10.9538003,13.1,11.84,3508/5521,12.96,13.1,11.84,11.95,9.388971,9.7824369E7,33,300798,20260417
920427.BJ,华维设计,12.2,2.9535864978902926,12.63,12.03,4.72636816,12.73,11.84,3508/5521,12.03,12.73,11.84,12.63,7.379767,2694327,151,920427,20260417
002014.SZ,永新股份,11.19,-0.7978723404255307,11.91,12.01,-0.58430718,12.02,11.83,3512/5521,12.01,12.02,11.83,11.91,1.585976,1859700,33,002014,20260417
301277.SZ,新天地,11.4,0.6178287731685815,11.95,12.18,-1.64609053,12.18,11.83,3512/5521,11.98,11.98,11.63,11.75,2.880658,2635400,33,301277,20260417
603885.SH,吉祥航空,11.44,-1.294219154443489,12.01,11.9,0.33416876,12.02,11.83,3512/5521,11.9,12.02,11.83,12.01,1.587301,1.0465177E7,17,603885,20260417
920931.BJ,无锡鼎邦,11.9,1.018675721561978,12.32,11.97,2.58118235,12.52,11.83,3512/5521,11.97,12.52,11.83,12.32,5.745212,1092482,151,920931,20260417
000810.SZ,创维数字,12.69,0.07886435331230116,12.19,11.86,2.17937972,12.25,11.82,3516/5521,11.86,12.25,11.82,12.19,3.604358,1.6286466E7,33,000810,20260417
300138.SZ,晨光生物,11.53,-1.3686911890504718,11.83,12.02,-1.82572614,12.05,11.82,3516/5521,12.02,12.05,11.82,11.83,1.908713,8041000,33,300138,20260417
300701.SZ,森霸传感,12.03,1.0075566750629656,11.97,11.9,0.25125628,11.99,11.82,3516/5521,11.9,11.99,11.82,11.97,1.423785,2966900,33,300701,20260417
920720.BJ,吉冈精密,12.03,-0.4139072847682178,12.56,12.01,4.92898914,12.7,11.82,3516/5521,12.01,12.7,11.82,12.56,7.351712,3312497,151,920720,20260417
002637.SZ,赞宇科技,12.78,0.3139717425431644,11.86,11.95,-0.25231287,11.97,11.81,3520/5521,11.95,11.97,11.81,11.86,1.345668,8486502,33,002637,20260417
300590.SZ,移为通信,14.67,-2.5896414342629517,11.93,11.87,0.42087542,11.98,11.81,3520/5521,11.87,11.98,11.81,11.93,1.430976,3926288,33,300590,20260417
603551.SH,奥普科技,12.2,2.17755443886097,11.9,12.28,-1.89612531,12.28,11.81,3520/5521,12.28,12.28,11.81,11.9,3.87469,3274158,17,603551,20260417
300227.SZ,光韵达,10.99,-0.3626473254759669,11.86,11.91,-1.00166945,12.19,11.8,3523/5521,11.91,12.19,11.8,11.86,3.255425,1.8302342E7,33,300227,20260417
600458.SH,时代新材,12.01,0.08333333333333155,11.98,11.84,1.18243243,12.05,11.8,3523/5521,11.84,12.05,11.8,11.98,2.111486,1.2102089E7,17,600458,20260417
920230.BJ,欧康医药,11.81,-1.0058675607711587,12.5,12.3,1.2145749,12.75,11.8,3523/5521,12.3,12.75,11.8,12.5,7.692307,7813051,151,920230,20260417
920807.BJ,奔朗新材,11.33,0.0,12.3,12,3.53535354,12.35,11.8,3523/5521,12,12.35,11.8,12.3,4.629629,4687050,151,920807,20260417
300254.SZ,仟源医药,13.5,5.386416861826693,11.98,12.13,-1.31795717,12.16,11.79,3527/5521,12.13,12.16,11.79,11.98,3.047775,1.421452E7,33,300254,20260417
002045.SZ,国光电器,11.28,-1.052631578947377,11.86,11.86,-0.16835017,11.9,11.78,3528/5521,11.86,11.9,11.78,11.86,1.010101,7217075,33,002045,20260417
300485.SZ,赛升药业,10.91,-0.8181818181818169,11.93,12,-1.32340778,12.35,11.78,3528/5521,12,12.35,11.78,11.93,4.71464,1.4749305E7,33,300485,20260417
300397.SZ,天和防务,12.69,0.15785319652722632,11.97,11.91,0,12.04,11.77,3530/5521,11.91,12.04,11.77,11.97,2.255639,1.014458E7,33,300397,20260417
603527.SH,众源新材,12.96,4.3478260869565295,12.13,11.81,1.67644593,12.25,11.77,3530/5521,11.81,12.25,11.77,12.13,4.02347,2.061814E7,17,603527,20260417
600860.SH,京城股份,10.79,0.27881040892192716,11.92,12,0.67567568,12.08,11.76,3532/5521,12,12.08,11.76,11.92,2.702702,1.547914E7,17,600860,20260417
002440.SZ,闰土股份,10.86,-3.8086802480070836,11.9,11.8,0.25273799,12.11,11.75,3533/5521,11.8,12.11,11.75,11.9,3.032855,2.5098949E7,33,002440,20260417
002716.SZ,湖南白银,11.56,1.2259194395796897,12.08,11.86,0.24896266,12.19,11.75,3533/5521,11.86,12.19,11.75,12.08,3.651452,1.41745401E8,33,002716,20260417
002968.SZ,新大正,12.32,2.666666666666669,11.85,11.97,-0.67057837,11.99,11.74,3535/5521,11.97,11.99,11.74,11.85,2.095557,2008226,33,002968,20260417
600377.SH,宁沪高速,12.3,0.654664484451719,11.75,11.76,-0.33927057,11.82,11.74,3535/5521,11.76,11.82,11.74,11.75,0.678541,4263752,17,600377,20260417
000301.SZ,东方盛虹,13.27,0.07541478129713264,12.17,11.81,5.4592721,12.6,11.73,3537/5521,11.81,12.6,11.73,12.17,7.538994,5.2778519E7,33,000301,20260417
002828.SZ,贝肯能源,11.57,-4.380165289256193,11.81,11.99,-1.33667502,12.03,11.73,3537/5521,11.99,12.03,11.73,11.81,2.506265,1.5664824E7,33,002828,20260417
300637.SZ,扬帆新材,11.05,-2.03900709219857,11.87,11.85,0.33812342,11.96,11.73,3537/5521,11.85,11.96,11.73,11.87,1.944209,4671716,33,300637,20260417
600379.SH,宝光股份,16.78,10.032786885245908,11.85,11.99,-1.41430948,11.99,11.72,3540/5521,11.99,11.99,11.72,11.85,2.246256,6497820,17,600379,20260417
000920.SZ,沃顿科技,11.52,-2.372881355932213,11.95,11.78,1.18543607,11.95,11.71,3541/5521,11.78,11.95,11.71,11.95,2.032176,4010733,33,000920,20260417
300494.SZ,盛天网络,11.03,-1.868327402135239,11.83,11.86,-1.08695652,11.94,11.71,3541/5521,11.86,11.94,11.71,11.83,1.923076,1.001082E7,33,300494,20260417
603903.SH,中持股份,12.24,3.553299492385786,11.8,11.87,-0.7569386,11.91,11.71,3541/5521,11.87,11.91,11.71,11.8,1.682085,2638092,17,603903,20260417
300800.SZ,力合科技,12.81,1.5055467511885998,11.73,12.02,-2.41264559,12.03,11.7,3544/5521,12.02,12.03,11.7,11.73,2.745424,2539550,33,300800,20260417
600697.SH,欧亚集团,12.55,2.19869706840392,11.75,11.88,-1.09427609,11.95,11.7,3544/5521,11.88,11.95,11.7,11.75,2.104377,3498000,17,600697,20260417
920519.BJ,万德股份,12.23,3.381234150464923,12.5,11.85,5.21885522,12.5,11.7,3544/5521,11.85,12.5,11.7,12.5,6.734006,2465451,151,920519,20260417
300517.SZ,海波重科,12.48,0.8892481810832757,11.92,11.94,-0.33444816,12.04,11.69,3547/5521,11.94,12.04,11.69,11.92,2.926421,5075096,33,300517,20260417
301009.SZ,可靠股份,11.3,0.26619343389530736,11.78,11.88,-1.00840336,11.94,11.69,3547/5521,11.88,11.94,11.69,11.78,2.10084,1532600,33,301009,20260417
002918.SZ,蒙娜丽莎,10.84,-2.9543419874664285,11.8,11.9,-0.67340067,11.93,11.68,3549/5521,11.9,11.93,11.68,11.8,2.104377,5237530,33,002918,20260417
300625.SZ,三雄极光,11.86,-0.1683501683501797,11.79,11.82,-0.25380711,11.85,11.68,3549/5521,11.82,11.85,11.68,11.79,1.43824,1860734,33,300625,20260417
600683.SH,京投发展,14.5,5.762217359591532,11.99,11.98,10,11.99,11.68,3549/5521,11.98,11.99,11.68,11.99,2.844036,2.7294536E7,17,600683,20260417
920263.BJ,中航泰达,10.29,-1.531100478468901,12.1,11.81,2.10970464,12.2,11.68,3549/5521,11.81,12.2,11.68,12.1,4.388185,1482851,151,920263,20260417
920834.BJ,三维装备,11.61,0.4325259515570842,12.24,11.82,3.99320306,12.3,11.68,3549/5521,11.82,12.3,11.68,12.24,5.267629,2024407,151,920834,20260417
603458.SH,勘设股份,11.96,0.16750418760470143,11.95,11.88,0.58922559,12.26,11.65,3554/5521,11.88,12.26,11.65,11.95,5.13468,1.4728544E7,17,603458,20260417
002096.SZ,易普力,10.86,-6.459948320413437,11.71,11.79,-1.01437025,11.79,11.64,3555/5521,11.79,11.79,11.64,11.71,1.267962,6150234,33,002096,20260417
002253.SZ,*ST智胜,10.91,-0.8181818181818169,11.7,11.71,-0.84745763,11.9,11.63,3556/5521,11.71,11.9,11.63,11.7,2.288135,4829000,33,002253,20260417
920212.BJ,智新电子,11.74,-1.178451178451183,12.4,11.92,4.28931876,12.69,11.63,3556/5521,11.92,12.69,11.63,12.4,8.915054,1937993,151,920212,20260417
000680.SZ,山推股份,11.91,0.761421319796953,11.76,11.75,-0.33898305,11.82,11.62,3558/5521,11.75,11.82,11.62,11.76,1.694915,1.448275E7,33,000680,20260417
300795.SZ,米奥会展,10.89,0.18399264029440066,11.74,11.9,-1.42737196,11.9,11.61,3559/5521,11.7,11.7,11.41,11.54,2.434928,2527755,33,300795,20260417
600739.SH,辽宁成大,11.9,0.0,11.67,11.71,-0.34158839,11.71,11.61,3559/5521,11.71,11.71,11.61,11.67,0.85397,5339154,17,600739,20260417
000039.SZ,中集集团,12.39,-0.3218020917135893,11.64,12.06,-3.80165289,12.11,11.6,3561/5521,12.06,12.11,11.6,11.64,4.214876,4.0071717E7,33,000039,20260417
600546.SH,山煤国际,14.06,2.4034959941733436,11.66,11.95,-2.42677824,12.01,11.6,3561/5521,11.95,12.01,11.6,11.66,3.430962,2.359611E7,17,600546,20260417
002493.SZ,荣盛石化,13.95,2.272727272727263,11.66,12.14,-3.9538715,12.27,11.58,3563/5521,12.14,12.27,11.58,11.66,5.68369,7.2811372E7,33,002493,20260417
603565.SH,中谷物流,10.85,0.18467220683286772,11.65,11.86,-1.85341196,11.9,11.58,3563/5521,11.86,11.9,11.58,11.65,2.695871,1.184462E7,17,603565,20260417
603968.SH,醋化股份,11.93,-2.052545155993432,11.62,11.83,-1.85810811,11.88,11.56,3565/5521,11.83,11.88,11.56,11.62,2.702702,4950570,17,603968,20260417
920010.BJ,凯添燃气,11.83,0.6808510638297879,12.53,11.86,5.11744966,12.9,11.55,3566/5521,11.86,12.9,11.55,12.53,11.325503,2.0674568E7,151,920010,20260417
920422.BJ,润普食品,11.5,1.1433597185576148,11.97,11.83,0.58823529,12.15,11.55,3566/5521,11.83,12.15,11.55,11.97,5.042016,4141024,151,920422,20260417
000700.SZ,模塑科技,12.04,6.172839506172833,11.73,11.85,-1.75879397,11.93,11.54,3568/5521,11.85,11.93,11.54,11.73,3.266331,3.6378702E7,33,000700,20260417
002488.SZ,金固股份,12.45,3.7499999999999942,12.55,11.6,7.81786942,12.6,11.54,3568/5521,11.6,12.6,11.54,12.55,9.106529,3.4906171E7,33,002488,20260417
688620.SH,安凯微,13.44,4.428904428904431,11.85,11.51,2.7753686,12.17,11.51,3570/5521,11.51,12.17,11.51,11.85,5.724197,8447561,17,688620,20260417
002184.SZ,海得控制,11.69,4.096170970614417,11.74,11.63,0.68610635,11.76,11.5,3571/5521,11.63,11.76,11.5,11.74,2.229845,5233430,33,002184,20260417
002410.SZ,广联达,10.98,-0.3629764065335676,11.61,11.55,0.17256255,11.69,11.5,3571/5521,11.55,11.69,11.5,11.61,1.639344,2.3940438E7,33,002410,20260417
002855.SZ,捷荣技术,12.58,1.8623481781376554,11.66,11.87,-1.3536379,11.87,11.5,3571/5521,11.87,11.87,11.5,11.66,3.130287,4035800,33,002855,20260417
603033.SH,三维股份,11.24,-1.4899211218229618,11.84,11.5,1.98105082,11.9,11.5,3571/5521,11.5,11.9,11.5,11.84,3.445305,7083417,17,603033,20260417
603291.SH,联合水务,11.46,1.6858917480035607,11.75,11.8,-0.42372881,12,11.5,3571/5521,11.8,12,11.5,11.75,4.237288,4527700,17,603291,20260417
601857.SH,中国石油,12.22,-0.24489795918366825,11.53,11.66,-1.03004292,11.7,11.48,3576/5521,11.66,11.7,11.48,11.53,1.888412,1.32929702E8,17,601857,20260417
920806.BJ,云星宇,11.49,0.34934497816594695,12.01,11.65,3.35628227,12.16,11.48,3576/5521,11.65,12.16,11.48,12.01,5.851979,4279523,151,920806,20260417
002171.SZ,楚江新材,11.31,-0.9632224168126045,11.79,11.5,2.61096606,11.86,11.45,3578/5521,11.5,11.86,11.45,11.79,3.56832,4.3014432E7,33,002171,20260417
603085.SH,天成自控,12.28,2.333333333333328,11.87,11.57,2.59291271,11.98,11.45,3578/5521,11.57,11.98,11.45,11.87,4.580812,1.1312215E7,17,603085,20260417
600203.SH,福日电子,12.21,0.5766062602965427,11.6,11.48,1.04529617,11.66,11.44,3580/5521,11.48,11.66,11.44,11.6,1.916376,1.2050564E7,17,600203,20260417
001217.SZ,华尔泰,12.02,-0.8250825082508222,11.72,11.61,0.8605852,11.8,11.4,3581/5521,11.61,11.8,11.4,11.72,3.44234,4945400,33,001217,20260417
002312.SZ,川发龙蟒,10.95,-2.1447721179624684,11.48,11.5,0.08718396,11.6,11.4,3581/5521,11.5,11.6,11.4,11.48,1.743679,2.8692897E7,33,002312,20260417
002856.SZ,*ST美芝,13.78,5.03048780487805,11.55,11.75,-1.45051195,11.89,11.4,3581/5521,11.75,11.89,11.4,11.55,4.180887,4952520,33,002856,20260417
301030.SZ,仕净科技,,,11.92,11.5,4.56140351,12.34,11.4,3581/5521,11.5,12.34,11.4,11.92,8.245614,2.0435022E7,33,301030,20260417
300231.SZ,银信科技,10.57,-2.4907749077490737,11.51,11.71,-1.45547945,11.8,11.39,3585/5521,11.71,11.8,11.39,11.51,3.510273,2.5143606E7,33,300231,20260417
600833.SH,第一医药,12.35,4.219409282700422,11.42,11.62,-2.2260274,11.64,11.39,3585/5521,11.62,11.64,11.39,11.42,2.14041,3254400,17,600833,20260417
603608.SH,天创时尚,13.17,1.2298232129131448,11.58,11.69,-0.68610635,11.84,11.39,3585/5521,11.69,11.84,11.39,11.58,3.859348,1.4162332E7,17,603608,20260417
000821.SZ,ST京机,10.3,-0.866217516843117,11.54,11.4,1.22807018,11.67,11.38,3588/5521,11.4,11.67,11.38,11.54,2.543859,1.51863E7,33,000821,20260417
600615.SH,鑫源智造,11.87,1.1935208866155054,11.44,11.62,-1.46425495,11.62,11.36,3589/5521,11.62,11.62,11.36,11.44,2.239448,2150580,17,600615,20260417
600668.SH,尖峰集团,10.96,-1.8800358102059005,11.51,11.46,1.23131047,11.65,11.36,3589/5521,11.46,11.65,11.36,11.51,2.550571,1.1382197E7,17,600668,20260417
600250.SH,南京商旅,10.91,1.112140871177025,11.51,11.51,-0.86132644,11.8,11.35,3591/5521,11.51,11.8,11.35,11.51,3.875968,2.4902588E7,17,600250,20260417
002296.SZ,辉煌科技,11.3,-0.4405286343612241,11.46,11.52,-0.77922078,11.56,11.33,3592/5521,11.52,11.56,11.33,11.46,1.991341,1.0143002E7,33,002296,20260417
300396.SZ,迪瑞医疗,,,11.41,11.66,-1.80722892,11.66,11.33,3592/5521,11.66,11.66,11.33,11.41,2.839931,2178600,33,300396,20260417
300550.SZ,和仁科技,13.82,2.67459138187221,11.48,11.72,-2.95857988,11.84,11.33,3592/5521,11.72,11.84,11.33,11.48,4.311073,7997914,33,300550,20260417
600693.SH,东百集团,11.35,-1.3043478260869596,11.91,11.51,2.9386344,12.15,11.33,3592/5521,11.51,12.15,11.33,11.91,7.087294,1.04224619E8,17,600693,20260417
603177.SH,德创环保,12.09,2.8936170212765946,11.52,11.82,-2.53807107,11.94,11.33,3592/5521,11.82,11.94,11.33,11.52,5.160744,8325200,17,603177,20260417
600679.SH,上海凤凰,11.23,0.8078994614003577,11.4,11.5,-1.21317158,11.53,11.32,3597/5521,11.5,11.53,11.32,11.4,1.819757,2778000,17,600679,20260417
603221.SH,爱丽家居,12.55,3.037766830870287,11.39,11.55,-0.95652174,11.55,11.31,3598/5521,11.55,11.55,11.31,11.39,2.086956,1751900,17,603221,20260417
002455.SZ,百川股份,10.36,-3.8961038961038956,11.41,11.87,-4.51882845,12.08,11.3,3599/5521,11.87,12.08,11.3,11.41,6.527196,7.0563687E7,33,002455,20260417
300270.SZ,中威电子,13.36,3.9688715953307376,11.95,11.34,4.36681223,12.2,11.3,3599/5521,11.34,12.2,11.3,11.95,7.860262,3.1779877E7,33,300270,20260417
600099.SH,林海股份,11.7,1.5624999999999976,11.41,11.42,-0.08756567,11.5,11.3,3599/5521,11.42,11.5,11.3,11.41,1.751313,3374300,17,600099,20260417
002351.SZ,漫步者,11.11,-0.8035714285714274,11.34,11.37,-0.52631579,11.39,11.29,3602/5521,11.37,11.39,11.29,11.34,0.877192,3633779,33,002351,20260417
600178.SH,东安动力,10.2,-1.1627906976744282,11.39,11.41,-0.0877193,11.42,11.29,3602/5521,11.41,11.42,11.29,11.39,1.14035,2880500,17,600178,20260417
603708.SH,家家悦,10.82,0.0,11.39,11.41,-0.26269702,11.51,11.28,3604/5521,11.41,11.51,11.28,11.39,2.01401,3627732,17,603708,20260417
600251.SH,冠农股份,12.95,1.8882769472855894,11.42,11.55,-0.86805556,11.75,11.26,3605/5521,11.55,11.75,11.26,11.42,4.253472,1.0004627E7,17,600251,20260417
600865.SH,百大集团,11.51,2.5846702317290475,11.45,11.48,-0.26132404,11.53,11.24,3606/5521,11.48,11.53,11.24,11.45,2.526132,7034400,17,600865,20260417
002053.SZ,云南能投,11.57,-0.85689802913453,11.3,11.28,0.08857396,11.35,11.23,3607/5521,11.28,11.35,11.23,11.3,1.062887,7679600,33,002053,20260417
600480.SH,凌云股份,10.11,0.0,11.54,11.42,-0.43140638,11.59,11.23,3607/5521,11.42,11.59,11.23,11.54,3.106125,3.8320161E7,17,600480,20260417
600644.SH,乐山电力,11.58,-1.8644067796610222,11.41,11.31,0.26362039,11.47,11.22,3609/5521,11.31,11.47,11.22,11.41,2.196836,2.3348324E7,17,600644,20260417
603020.SH,爱普股份,10.87,0.0,11.45,11.38,1.23784262,11.59,11.22,3609/5521,11.38,11.59,11.22,11.45,3.271441,6001730,17,603020,20260417
920810.BJ,春光智能,11.17,0.4496402877697906,11.67,11.28,3.45744681,11.92,11.21,3611/5521,11.28,11.92,11.21,11.67,6.294326,1413956,151,920810,20260417
600302.SH,标准股份,9.54,0.0,11.28,11.71,-4.08163265,11.81,11.2,3612/5521,11.71,11.81,11.2,11.28,5.187074,1.03224E7,17,600302,20260417
688579.SH,地纬智能,10.11,-6.128133704735378,11.21,11.22,-0.79646018,11.6,11.2,3612/5521,11.22,11.6,11.2,11.21,3.539823,7917696,17,688579,20260417
002051.SZ,中工国际,10.12,0.09891196834816803,11.52,11.58,-0.60396894,12.14,11.17,3614/5521,11.58,12.14,11.17,11.52,8.369283,1.47162956E8,33,002051,20260417
603136.SH,天目湖,11.04,-1.07526881720431,11.29,11.48,-1.82608696,11.48,11.17,3614/5521,11.48,11.48,11.17,11.29,2.695652,5749885,17,603136,20260417
002825.SZ,纳尔股份,9.99,-1.186943620178034,11.23,11.2,-0.53144376,11.38,11.16,3616/5521,11.2,11.38,11.16,11.23,1.948627,5271858,33,002825,20260417
002278.SZ,神开股份,10.39,0.19286403085825798,11.36,11.37,-0.08795075,11.38,11.15,3617/5521,11.37,11.38,11.15,11.36,2.022867,1.37047E7,33,002278,20260417
300978.SZ,东箭科技,10.89,-0.1833180568285937,11.27,11.26,-0.08865248,11.34,11.14,3618/5521,11.26,11.34,11.14,11.27,1.773049,2456227,33,300978,20260417
603299.SH,苏盐井神,10.87,-1.2715712988192605,11.22,11.21,-0.17793594,11.29,11.14,3618/5521,11.21,11.29,11.14,11.22,1.334519,4469418,17,603299,20260417
600422.SH,昆药集团,9.5,0.0,11.17,11.27,-0.9751773,11.27,11.13,3620/5521,11.27,11.27,11.13,11.17,1.241134,4940455,17,600422,20260417
601969.SH,海南矿业,12.23,-2.4720893141945672,11.41,11.17,1.875,11.6,11.13,3620/5521,11.17,11.6,11.13,11.41,4.196428,3.1962674E7,17,601969,20260417
603500.SH,祥和实业,10.71,1.3245033112582836,11.15,11.26,-0.97690941,11.28,11.13,3620/5521,11.26,11.28,11.13,11.15,1.332149,3903311,17,603500,20260417
000590.SZ,古汉医药,11.16,0.540540540540545,11.19,11.58,-3.45125108,11.62,11.11,3623/5521,11.58,11.62,11.11,11.19,4.400345,6168500,33,000590,20260417
002176.SZ,江特电机,16.05,-0.24860161591049812,11.12,11.35,-1.41843972,11.67,11.11,3623/5521,11.35,11.67,11.11,11.12,4.964539,1.13934969E8,33,002176,20260417
300082.SZ,奥克股份,11.63,-5.906148867313904,11.48,11.32,0.52539405,11.78,11.11,3623/5521,11.32,11.78,11.11,11.48,5.8669,3.358603E7,33,300082,20260417
300340.SZ,科恒股份,11.19,-1.235657546337163,11.3,11.32,-0.17667845,11.42,11.11,3623/5521,11.32,11.42,11.11,11.3,2.738515,6859680,33,300340,20260417
600267.SH,海正药业,11.32,-1.3077593722755043,11.24,11.47,-2.5151778,11.63,11.11,3623/5521,11.47,11.63,11.11,11.24,4.509973,6.1553832E7,17,600267,20260417
600639.SH,浦东金桥,10.32,-5.839416058394165,11.16,11.2,-0.53475936,11.32,11.11,3623/5521,11.2,11.32,11.11,11.16,1.871657,6155553,17,600639,20260417
000685.SZ,中山公用,11.73,-0.8453085376162269,11.17,11.12,0,11.26,11.1,3629/5521,11.12,11.26,11.1,11.17,1.432408,1.2136795E7,33,000685,20260417
600589.SH,大位科技,10.07,3.494347379239464,11.2,11.3,-2.43902439,11.41,11.1,3629/5521,11.3,11.41,11.1,11.2,2.700348,1.46730101E8,17,600589,20260417
002399.SZ,海普瑞,10.87,0.9285051067780841,11.12,11.39,-2.02643172,11.39,11.09,3631/5521,11.39,11.39,11.09,11.12,2.643171,3360780,33,002399,20260417
603809.SH,豪能股份,11.03,2.319109461966605,11.24,11.22,-0.08888889,11.25,11.09,3631/5521,11.22,11.25,11.09,11.24,1.422222,1.0394602E7,17,603809,20260417
002900.SZ,哈三联,11.56,0.08658008658008473,11.19,11.5,-3.20069204,11.55,11.08,3633/5521,11.5,11.55,11.08,11.19,4.065743,7745200,33,002900,20260417
301126.SZ,达嘉维康,11.89,1.2776831345826265,11.18,11.36,-1.92982456,11.42,11.08,3633/5521,11.36,11.42,11.08,11.18,2.982456,3137800,33,301126,20260417
603230.SH,内蒙新华,10.76,0.46685340802986863,11.16,11.17,-0.53475936,11.17,11.07,3635/5521,11.17,11.17,11.07,11.16,0.891265,3276900,17,603230,20260417
920792.BJ,东和新材,11.56,0.4344048653344979,11.57,11.19,3.85996409,11.68,11.07,3635/5521,11.19,11.68,11.07,11.57,5.475763,1284195,151,920792,20260417
601009.SH,南京银行,11.75,0.1705029838022129,11.11,11.13,0,11.15,11.06,3637/5521,11.13,11.15,11.06,11.11,0.810081,2.2620793E7,17,601009,20260417
002457.SZ,青龙管业,11.54,-2.3688663282572007,11.17,11.31,-0.26785714,11.4,11.05,3638/5521,11.31,11.4,11.05,11.17,3.125,1.33767E7,33,002457,20260417
600380.SH,健康元,10.93,-1.531531531531531,11.09,11.22,-1.33451957,11.24,11.05,3638/5521,11.22,11.24,11.05,11.09,1.690391,1.1106329E7,17,600380,20260417
000151.SZ,中成股份,11.84,0.1692047377326529,11.32,11.92,-5.1131601,11.93,11.04,3640/5521,11.92,11.93,11.04,11.32,7.460184,1.9668254E7,33,000151,20260417
300222.SZ,科大智能,11.2,0.6289308176100494,11.21,11.16,0.17873101,11.24,11.04,3640/5521,11.12,11.2,11,11.17,1.78731,1.3325924E7,33,300222,20260417
001286.SZ,陕西能源,11.8,-0.25359256128486357,11.08,11.33,-2.29276896,11.45,11.03,3642/5521,11.33,11.45,11.03,11.08,3.703703,1.7969464E7,33,001286,20260417
001356.SZ,富岭股份,10.9,-0.45662100456620036,11.11,11.1,-0.08992806,11.16,11.03,3642/5521,11.1,11.16,11.03,11.11,1.169064,2008900,33,001356,20260417
002695.SZ,煌上煌,12.49,3.4797017398508694,11.33,11.11,1.98019802,11.37,11.03,3642/5521,11.11,11.37,11.03,11.33,3.060306,6392500,33,002695,20260417
300041.SZ,回天新材,11.52,-1.6225448334756727,11.19,11.12,0.6294964,11.22,11.03,3642/5521,11.12,11.22,11.03,11.19,1.708633,9240723,33,300041,20260417
002887.SZ,绿茵生态,13.3,1.0638297872340468,11.19,11.42,-2.01401051,11.45,11.02,3646/5521,11.42,11.45,11.02,11.19,3.765323,3922375,33,002887,20260417
300275.SZ,梅安森,11.39,-0.08771929824561216,11.08,11.18,-0.89445438,11.21,11.02,3646/5521,11.18,11.21,11.02,11.08,1.699463,3292700,33,300275,20260417
002319.SZ,乐通股份,11.74,0.08525149190110645,11.22,11.32,-0.35523979,11.39,11,3648/5521,11.32,11.39,11,11.22,3.463587,5420100,33,002319,20260417
300134.SZ,大富科技,11.0,-0.4524886877828118,11.47,11.08,3.14748201,11.55,11,3648/5521,11.08,11.55,11,11.47,4.946043,2.8288674E7,33,300134,20260417
600476.SH,*ST湘邮,11.56,4.995458673932795,11.26,11.41,-1.65938865,11.51,11,3648/5521,11.41,11.51,11,11.26,4.454148,6104500,22,600476,20260417
601098.SH,中南传媒,11.37,1.5178571428571423,11.11,11.11,0.18034265,11.15,11,3648/5521,11.11,11.15,11,11.11,1.352569,6030797,17,601098,20260417
603488.SH,展鹏科技,11.65,2.1929824561403506,11.2,11.3,-0.53285968,11.37,11,3648/5521,11.3,11.37,11,11.2,3.285968,9305920,17,603488,20260417
000001.SZ,平安银行,11.49,-0.26041666666666113,11.01,11.09,-0.7213706,11.11,10.99,3653/5521,11.09,11.11,10.99,11.01,1.082055,7.2253042E7,33,000001,20260417
603577.SH,汇金通,11.03,-0.6306306306306332,11.01,11.17,-1.43240824,11.29,10.99,3653/5521,11.17,11.29,10.99,11.01,2.685765,6112140,17,603577,20260417
300146.SZ,汤臣倍健,10.5,-0.47393364928910625,11.09,11.13,-0.35938904,11.13,10.97,3655/5521,10.68,10.68,10.52,10.64,1.437556,1.2025604E7,33,300146,20260417
600081.SH,东风科技,11.29,3.388278388278381,11.05,11.14,-0.89686099,11.14,10.97,3655/5521,11.14,11.14,10.97,11.05,1.524663,1780531,17,600081,20260417
300149.SZ,睿智医药,9.99,-0.09999999999999787,11.09,11.27,-2.88966725,11.32,10.96,3657/5521,11.27,11.32,10.96,11.09,3.152364,3.1251047E7,33,300149,20260417
603278.SH,大业股份,11.2,-3.7800687285223478,12.01,10.95,9.98168498,12.01,10.95,3658/5521,10.95,12.01,10.95,12.01,9.706959,2.737681E7,17,603278,20260417
605055.SH,迎丰股份,11.21,-0.8841732979663982,11.05,11.51,-2.03900709,11.58,10.95,3658/5521,11.51,11.58,10.95,11.05,5.585106,1.28231E7,17,605055,20260417
605337.SH,李子园,10.84,0.0,11.01,11.04,-0.90009001,11.11,10.94,3660/5521,11.04,11.11,10.94,11.01,1.530153,2654742,17,605337,20260417
000592.SZ,平潭发展,10.76,1.127819548872173,10.94,11.08,-1.53015302,11.18,10.93,3661/5521,11.08,11.18,10.93,10.94,2.250225,1.42954559E8,33,000592,20260417
601360.SH,三六零,11.17,1.9160583941605753,11.03,10.95,0,11.05,10.93,3661/5521,10.95,11.05,10.93,11.03,1.087941,5.893808E7,17,601360,20260417
002892.SZ,科力尔,10.39,0.8737864077669889,11.09,11.06,0.36199095,11.12,10.92,3663/5521,11.06,11.12,10.92,11.09,1.809954,5146208,33,002892,20260417
603439.SH,三力制药,11.25,0.6261180679785356,10.98,11.05,-1.25899281,11.12,10.92,3663/5521,11.05,11.12,10.92,10.98,1.798561,1932500,17,603439,20260417
603768.SH,常青股份,11.87,0.08431703204047038,11.07,11.41,-0.89525515,11.41,10.92,3663/5521,11.41,11.41,10.92,11.07,4.38675,2278800,17,603768,20260417
920108.BJ,宏海科技,11.7,8.938547486033512,11.34,11.2,3.65630713,11.4,10.92,3663/5521,11.2,11.4,10.92,11.34,4.387568,1456979,151,920108,20260417
002478.SZ,常宝股份,8.95,-1.9715224534501805,11.09,10.92,0.09025271,11.25,10.91,3667/5521,10.92,11.25,10.91,11.09,3.068592,3.2451941E7,33,002478,20260417
000411.SZ,英特集团,10.6,-0.18832391713747246,10.96,11.08,-1.43884892,11.08,10.9,3668/5521,11.08,11.08,10.9,10.96,1.618705,4364052,33,000411,20260417
000905.SZ,厦门港务,10.91,1.112140871177025,10.95,10.94,-0.72529465,11.02,10.9,3668/5521,10.94,11.02,10.9,10.95,1.087941,8702423,33,000905,20260417
002357.SZ,富临运业,11.72,3.8086802480070996,11.05,11.12,-1.42729706,11.15,10.9,3668/5521,11.12,11.15,10.9,11.05,2.230151,9454000,33,002357,20260417
600058.SH,五矿发展,11.12,-1.3309671694764895,11.14,11.08,0.17985612,11.2,10.9,3668/5521,11.08,11.2,10.9,11.14,2.697841,9764809,17,600058,20260417
600135.SH,乐凯胶片,11.43,4.098360655737698,11.13,11.01,1.08991826,11.23,10.9,3668/5521,11.01,11.23,10.9,11.13,2.997275,3.297155E7,17,600135,20260417
600158.SH,中体产业,11.85,10.027855153203342,10.95,11.24,-3.18302387,11.5,10.9,3668/5521,11.24,11.5,10.9,10.95,5.305039,7.9810612E7,17,600158,20260417
688219.SH,会通股份,11.26,3.6832412523020293,11.12,10.96,1.36736554,11.16,10.89,3674/5521,10.96,11.16,10.89,11.12,2.461257,6196376,17,688219,20260417
605166.SH,聚合顺,11.7,0.0,11.33,11,1.79694519,11.5,10.88,3675/5521,11,11.5,10.88,11.33,5.57053,2.4682202E7,17,605166,20260417
301025.SZ,读客文化,11.25,0.5361930294906211,10.93,10.99,-0.36463081,11.06,10.87,3676/5521,10.99,11.06,10.87,10.93,1.731996,5279900,33,301025,20260417
603520.SH,司太立,12.08,1.5126050420168042,10.94,11.02,-1.44144144,11.11,10.85,3677/5521,11.02,11.11,10.85,10.94,2.342342,1.5427753E7,17,603520,20260417
920957.BJ,汉维科技,11.27,-2.8448275862068972,11.46,10.97,4.3715847,11.58,10.85,3677/5521,10.97,11.58,10.85,11.46,6.648451,769396,151,920957,20260417
002295.SZ,精艺股份,11.23,1.3537906137184148,10.93,10.99,-0.45537341,11.04,10.84,3679/5521,10.99,11.04,10.84,10.93,1.821493,2259200,33,002295,20260417
300599.SZ,雄塑科技,11.95,3.373702422145318,11.25,10.97,2.55241568,11.48,10.84,3679/5521,10.97,11.48,10.84,11.25,5.834092,1.6988251E7,33,300599,20260417
002283.SZ,天润工业,11.23,-1.0572687224669535,10.91,11,-2.15246637,11.15,10.83,3681/5521,11,11.15,10.83,10.91,2.869955,2.6856985E7,33,002283,20260417
688280.SH,精进电动,7.28,-11.864406779661012,11.3,10.91,3.47985348,11.42,10.83,3681/5521,10.91,11.42,10.83,11.3,5.40293,2.4386564E7,17,688280,20260417
300830.SZ,金现代,10.46,0.867888138862118,10.94,11,-1.08499096,11.01,10.82,3683/5521,11,11.01,10.82,10.94,1.717902,1.18871E7,33,300830,20260417
605300.SH,佳禾食品,11.1,0.0901713255184832,10.92,10.98,-0.45578851,10.98,10.82,3683/5521,10.98,10.98,10.82,10.92,1.458523,1088400,17,605300,20260417
688779.SH,五矿新能,10.8,-4.17036379769298,11.05,10.86,1.19047619,11.13,10.82,3683/5521,10.86,11.13,10.82,11.05,2.838827,3.0315926E7,17,688779,20260417
920665.BJ,科强股份,10.72,1.1320754716981227,11.45,10.91,4.75754803,11.55,10.82,3683/5521,10.91,11.55,10.82,11.45,6.678865,2963696,151,920665,20260417
000837.SZ,秦川机床,11.11,1.4611872146118736,11.0,10.87,0.82493126,11.07,10.81,3687/5521,10.87,11.07,10.81,11.0,2.383134,1.3597227E7,33,000837,20260417
300221.SZ,银禧科技,11.23,0.6272401433691782,11.34,10.85,3.46715328,11.37,10.81,3687/5521,10.85,11.37,10.81,11.34,5.109489,3.0564902E7,33,300221,20260417
600919.SH,江苏银行,11.3,-0.8771929824561372,10.83,10.9,-0.64220183,10.93,10.81,3687/5521,10.9,10.93,10.81,10.83,1.100917,5.51869E7,17,600919,20260417
000409.SZ,云鼎科技,10.16,0.2961500493583352,10.87,11.03,-2.77280859,11.12,10.8,3690/5521,11.03,11.12,10.8,10.87,2.862254,1.1845556E7,33,000409,20260417
002774.SZ,快意电梯,12.16,1.3333333333333346,10.87,10.89,-0.27522936,11.15,10.8,3690/5521,10.89,11.15,10.8,10.87,3.211009,2886700,33,002774,20260417
603135.SH,中重科技,11.96,5.0966608084358525,11.02,10.96,0.73126143,11.06,10.8,3690/5521,10.96,11.06,10.8,11.02,2.376599,2324960,17,603135,20260417
605567.SH,春雪食品,11.34,0.8896797153024879,10.91,11.02,-0.90826521,11.06,10.8,3690/5521,11.02,11.06,10.8,10.91,2.361489,3070132,17,605567,20260417
002583.SZ,海能达,9.94,-2.8347996089931664,10.85,10.8,0,10.91,10.79,3694/5521,10.8,10.91,10.79,10.85,1.10599,2.0593807E7,33,002583,20260417
600873.SH,梅花生物,9.92,-0.9980039920159646,10.89,10.83,0.36866359,10.97,10.79,3694/5521,10.83,10.97,10.79,10.89,1.658986,3.2395155E7,17,600873,20260417
002459.SZ,晶澳科技,10.87,1.1162790697674345,10.98,10.88,0.36563071,11.05,10.78,3696/5521,10.88,11.05,10.78,10.98,2.468007,4.5550832E7,33,002459,20260417
603105.SH,芯能科技,9.73,-2.6026026026026003,10.88,10.9,-0.36630037,11.05,10.78,3696/5521,10.9,11.05,10.78,10.88,2.472527,1.7653782E7,17,603105,20260417
300411.SZ,金盾股份,10.29,0.48828124999998956,10.84,10.83,-0.36764706,10.96,10.77,3698/5521,10.83,10.96,10.77,10.84,1.746323,5688980,33,300411,20260417
603600.SH,永艺股份,12.0,0.8403361344537785,11.0,11.25,-1.87332739,11.29,10.77,3698/5521,11.25,11.29,10.77,11.0,4.638715,7220900,17,603600,20260417
300084.SZ,海默科技,11.81,3.415061295971984,11.23,10.91,2.65082267,11.28,10.75,3700/5521,10.91,11.28,10.75,11.23,4.844606,1.9469702E7,33,300084,20260417
002255.SZ,海陆重工,11.28,1.3477088948786933,10.89,10.91,-0.18331806,10.95,10.74,3701/5521,10.91,10.95,10.74,10.89,1.924839,1.8396824E7,33,002255,20260417
002452.SZ,长高电新,10.96,0.36630036630037477,10.84,10.82,-0.36764706,10.98,10.74,3701/5521,10.82,10.98,10.74,10.84,2.205882,1.668772E7,33,002452,20260417
688121.SH,卓然股份,6.48,-16.0621761658031,10.82,10.9,-1.00640439,10.93,10.74,3701/5521,10.9,10.93,10.74,10.82,1.738334,2657745,17,688121,20260417
301102.SZ,兆讯传媒,10.74,1.129943502824868,10.87,10.95,-0.54894785,10.95,10.73,3704/5521,10.95,10.95,10.73,10.87,2.012808,2054760,33,301102,20260417
600986.SH,浙文互联,9.99,-6.896551724137933,10.78,10.94,-1.82149362,11.05,10.73,3704/5521,10.94,11.05,10.73,10.78,2.914389,1.74962388E8,17,600986,20260417
000829.SZ,天音控股,11.7,2.0052310374890903,10.97,10.79,1.57407407,11.11,10.72,3706/5521,10.79,11.11,10.72,10.97,3.611111,3.2741222E7,33,000829,20260417
002090.SZ,金智科技,11.23,0.8984725965858009,10.79,11.11,-3.5746202,11.18,10.7,3707/5521,11.11,11.18,10.7,10.79,4.289544,1.229231E7,33,002090,20260417
002818.SZ,富森美,12.15,-0.6541291905151273,10.71,10.81,-0.92506938,10.81,10.7,3707/5521,10.81,10.81,10.7,10.71,1.017576,1630580,33,002818,20260417
300368.SZ,汇金股份,10.2,0.4926108374384131,10.75,10.85,-1.64684355,10.91,10.69,3709/5521,10.85,10.91,10.69,10.75,2.012808,1.37945E7,33,300368,20260417
002064.SZ,华峰化学,11.76,1.2919896640826904,10.78,11.05,-2.44343891,11.05,10.68,3710/5521,11.05,11.05,10.68,10.78,3.348416,3.1827756E7,33,002064,20260417
688528.SH,秦川物联,12.35,3.868797308662734,10.81,10.74,-1.36861314,11.05,10.68,3710/5521,10.74,11.05,10.68,10.81,3.375912,1950154,17,688528,20260417
300654.SZ,世纪天鸿,10.96,-0.634632819582942,10.92,10.86,0,11.09,10.66,3712/5521,10.86,11.09,10.66,10.92,3.937728,8502851,33,300654,20260417
301048.SZ,金鹰重工,10.93,2.054154995331455,10.93,10.83,0.09157509,10.95,10.66,3712/5521,10.83,10.95,10.66,10.93,2.655677,1.206945E7,33,301048,20260417
600056.SH,中国医药,10.36,-0.38461538461539346,10.7,10.8,-1.74471993,10.82,10.66,3712/5521,10.8,10.82,10.66,10.7,1.469237,2.865936E7,17,600056,20260417
600097.SH,开创国际,10.46,1.2584704743465709,10.71,10.86,-1.5625,10.89,10.66,3712/5521,10.86,10.89,10.66,10.71,2.11397,2515500,17,600097,20260417
002728.SZ,特一药业,9.93,0.0,10.7,10.95,-2.37226277,10.95,10.64,3716/5521,10.95,10.95,10.64,10.7,2.828467,1.9059304E7,33,002728,20260417
002345.SZ,潮宏基,10.57,-6.044444444444442,10.79,10.77,-0.27726433,10.84,10.63,3717/5521,10.77,10.84,10.63,10.79,1.94085,1.4110131E7,33,002345,20260417
002194.SZ,武汉凡谷,11.03,1.0999083409715784,10.79,10.66,1.40977444,10.96,10.61,3718/5521,10.66,10.96,10.61,10.79,3.289473,1.28102E7,33,002194,20260417
300463.SZ,迈克生物,10.49,-0.9442870632672299,10.65,10.83,-1.93370166,10.84,10.61,3718/5521,10.83,10.84,10.61,10.65,2.117863,7023900,33,300463,20260417
601566.SH,九牧王,10.86,0.36968576709795886,10.68,10.77,-0.74349442,10.78,10.61,3718/5521,10.77,10.78,10.61,10.68,1.579925,4554695,17,601566,20260417
600648.SH,外高桥,10.03,-5.37735849056604,10.69,10.65,0.28142589,10.71,10.6,3721/5521,10.65,10.71,10.6,10.69,1.031894,2316979,17,600648,20260417
920719.BJ,宁新新材,10.84,-4.6613896218117805,11.69,10.64,11.01614435,12.11,10.6,3721/5521,10.64,12.11,10.6,11.69,14.339981,8563048,151,920719,20260417
601519.SH,大智慧,10.24,0.09775171065493438,10.77,10.75,0.46641791,10.85,10.59,3723/5521,10.75,10.85,10.59,10.77,2.425373,2.0826675E7,17,601519,20260417
603869.SH,ST智知,10.44,0.9671179883945807,10.84,10.59,2.36071766,10.85,10.58,3724/5521,10.59,10.85,10.58,10.84,2.549575,1552626,22,603869,20260417
000582.SZ,北部湾港,11.56,2.30088495575221,10.78,10.73,0.46598322,10.85,10.56,3725/5521,10.73,10.85,10.56,10.78,2.702702,2.7100828E7,33,000582,20260417
000856.SZ,冀东装备,10.3,2.487562189054726,10.7,10.94,-2.19378428,11,10.56,3725/5521,10.94,11,10.56,10.7,4.021937,8615300,33,000856,20260417
002372.SZ,伟星新材,11.07,2.121771217712181,10.64,10.61,0.37735849,10.69,10.55,3727/5521,10.61,10.69,10.55,10.64,1.320754,6958922,33,002372,20260417
002910.SZ,庄园牧场,11.31,2.168021680216804,10.66,10.77,-1.02135562,10.8,10.55,3727/5521,10.77,10.8,10.55,10.66,2.321262,3267700,33,002910,20260417
600479.SH,千金药业,11.01,-0.542005420054205,10.59,10.77,-2.21606648,10.78,10.54,3729/5521,10.77,10.78,10.54,10.59,2.216066,7365680,17,600479,20260417
000990.SZ,诚志股份,12.6,-2.6275115919629046,10.67,10.54,0.85066163,10.84,10.5,3730/5521,10.54,10.84,10.5,10.67,3.21361,6.12161E7,33,000990,20260417
002106.SZ,莱宝高科,10.48,-1.5037593984962419,10.64,10.62,0.18832392,10.72,10.5,3730/5521,10.62,10.72,10.5,10.64,2.071563,8878589,33,002106,20260417
300358.SZ,楚天科技,9.79,1.4507772020725263,10.59,10.56,-0.18850141,10.63,10.5,3730/5521,10.56,10.63,10.5,10.59,1.225259,1.0756562E7,33,300358,20260417
600983.SH,惠而浦,9.4,-0.8438818565400851,10.59,10.76,-1.85356812,10.76,10.5,3730/5521,10.76,10.76,10.5,10.59,2.409638,9023600,17,600983,20260417
002679.SZ,福建金森,10.9,0.36832412523021113,10.56,10.65,-0.84507042,10.73,10.48,3734/5521,10.65,10.73,10.48,10.56,2.347417,2844200,33,002679,20260417
300500.SZ,启迪设计,11.71,1.8260869565217466,10.59,10.75,-1.02803738,10.86,10.48,3734/5521,10.75,10.86,10.48,10.59,3.551401,4220225,33,300500,20260417
603912.SH,佳力图,10.58,1.2440191387559885,10.54,11.17,0.66857689,11.17,10.48,3734/5521,11.17,11.17,10.48,10.54,6.590257,6.1607492E7,17,603912,20260417
002769.SZ,普路通,9.88,-1.1999999999999922,10.73,10.5,1.60984848,10.79,10.46,3737/5521,10.5,10.79,10.46,10.73,3.125,6481638,33,002769,20260417
000712.SZ,锦龙股份,10.42,2.2571148184494647,10.6,10.52,0.47393365,10.64,10.44,3738/5521,10.52,10.64,10.44,10.6,1.895734,1.0874954E7,33,000712,20260417
601609.SH,金田股份,10.14,-2.4061597690086622,10.73,10.49,1.99619772,10.85,10.44,3738/5521,10.49,10.85,10.44,10.73,3.897338,3.28029E7,17,601609,20260417
603916.SH,苏博特,12.07,3.0742954739538804,10.61,10.8,-1.48560817,10.8,10.44,3738/5521,10.8,10.8,10.44,10.61,3.342618,6720564,17,603916,20260417
000524.SZ,岭南控股,10.16,-1.8357487922705267,10.47,10.75,-3.05555556,10.76,10.43,3741/5521,10.75,10.76,10.43,10.47,3.055555,1.5271774E7,33,000524,20260417
002809.SZ,红墙股份,10.66,0.5660377358490614,10.5,10.6,-1.31578947,10.65,10.42,3742/5521,10.6,10.65,10.42,10.5,2.161654,7242242,33,002809,20260417
600128.SH,苏豪弘业,10.61,0.0,10.53,10.6,-0.66037736,10.65,10.42,3742/5521,10.6,10.65,10.42,10.53,2.169811,3755870,17,600128,20260417
300248.SZ,新开普,9.62,-0.3108808290155558,10.49,10.58,-0.94428706,10.58,10.41,3744/5521,10.58,10.58,10.41,10.49,1.605288,5622497,33,300248,20260417
600970.SH,中材国际,9.33,-1.7894736842105257,10.56,10.62,-0.09460738,10.66,10.41,3744/5521,10.62,10.66,10.41,10.56,2.365184,1.8021448E7,17,600970,20260417
603327.SH,福蓉科技,10.8,-1.0989010989010917,10.74,10.5,1.70454545,10.76,10.41,3744/5521,10.5,10.76,10.41,10.74,3.314393,7.124801E7,17,603327,20260417
002186.SZ,全聚德,10.69,-1.201478743068399,10.46,10.67,-1.87617261,10.67,10.4,3747/5521,10.67,10.67,10.4,10.46,2.532833,5883500,33,002186,20260417
601963.SH,重庆银行,10.5,-1.0367577756833124,10.65,10.41,2.01149425,10.86,10.4,3747/5521,10.41,10.86,10.4,10.65,4.40613,1.8316744E7,17,601963,20260417
002052.SZ,同洲电子,10.09,6.210526315789473,10.48,10.48,0.47938639,10.79,10.39,3749/5521,10.48,10.79,10.39,10.48,3.835091,1.0460349E7,33,002052,20260417
002559.SZ,亚威股份,10.32,-1.5267175572519096,10.95,10.41,4.784689,11.15,10.39,3749/5521,10.41,11.15,10.39,10.95,7.272727,4.6682484E7,33,002559,20260417
002403.SZ,爱仕达,11.04,3.7593984962405878,10.51,10.6,-1.03578154,10.62,10.38,3751/5521,10.6,10.62,10.38,10.51,2.259887,2543300,33,002403,20260417
603022.SH,新通联,11.3,2.447869446962841,10.48,10.56,-0.75757576,10.64,10.38,3751/5521,10.56,10.64,10.38,10.48,2.462121,3795400,17,603022,20260417
920826.BJ,盖世食品,10.23,-1.4450867052023155,10.89,10.69,2.25352113,11,10.38,3751/5521,10.69,11,10.38,10.89,5.821596,5345566,151,920826,20260417
002116.SZ,中国海诚,9.73,-0.5112474437627703,10.42,10.53,-2.15962441,10.6,10.37,3754/5521,10.53,10.6,10.37,10.42,2.159624,5449000,33,002116,20260417
300805.SZ,电声股份,10.4,-0.8579599618684448,10.58,10.5,0,10.65,10.37,3754/5521,10.5,10.65,10.37,10.58,2.646502,5564400,33,300805,20260417
002339.SZ,积成电子,9.89,-0.4028197381671616,10.5,10.5,-0.84985836,10.67,10.36,3756/5521,10.5,10.67,10.36,10.5,2.927289,1.8562979E7,33,002339,20260417
002454.SZ,松芝股份,9.91,-4.158607350096709,10.35,10.48,-1.70940171,10.66,10.35,3757/5521,10.48,10.66,10.35,10.35,2.943969,2.3103131E7,33,002454,20260417
301370.SZ,国科恒泰,10.47,0.5763688760806964,10.43,10.53,-0.94966762,10.53,10.35,3757/5521,10.53,10.53,10.35,10.43,1.709401,2647800,33,301370,20260417
601890.SH,亚星锚链,10.93,0.5519779208831693,10.47,10.47,-0.56980057,10.53,10.35,3757/5521,10.47,10.53,10.35,10.47,1.709401,2.453805E7,17,601890,20260417
920062.BJ,科润智控,10.19,0.19665683382497123,10.8,10.41,3.25047801,10.98,10.35,3757/5521,10.41,10.98,10.35,10.8,6.022944,7052703,151,920062,20260417
300525.SZ,博思软件,10.05,0.6006006006006056,10.43,10.48,-0.57197331,10.48,10.34,3761/5521,10.48,10.48,10.34,10.43,1.334604,8816215,33,300525,20260417
002588.SZ,史丹利,10.94,-3.185840707964612,10.45,10.58,-1.22873346,10.63,10.33,3762/5521,10.58,10.63,10.33,10.45,2.835538,1.10361E7,33,002588,20260417
603222.SH,济民健康,9.8,2.510460251046027,10.54,10.61,-0.75329567,10.65,10.32,3763/5521,10.61,10.65,10.32,10.54,3.107344,3.3126554E7,17,603222,20260417
002101.SZ,广东鸿图,10.01,0.3006012024048032,10.35,10.41,-1.42857143,10.44,10.31,3764/5521,10.41,10.44,10.31,10.35,1.238095,9068111,33,002101,20260417
002041.SZ,登海种业,10.24,1.3861386138613918,10.33,10.46,-1.99240987,10.53,10.3,3765/5521,10.46,10.53,10.3,10.33,2.182163,9180503,33,002041,20260417
002446.SZ,盛路通信,10.0,1.8329938900203637,10.51,10.3,0.28625954,10.57,10.3,3765/5521,10.3,10.57,10.3,10.51,2.576335,3.8437337E7,33,002446,20260417
600678.SH,ST金顶,10.38,-5.032021957913988,10.47,10.57,-1.13314448,10.57,10.3,3765/5521,10.57,10.57,10.3,10.47,2.549575,9641700,22,600678,20260417
603998.SH,方盛制药,10.99,0.09107468123861372,10.35,10.73,-3.63128492,10.73,10.3,3765/5521,10.73,10.73,10.3,10.35,4.003724,1.649E7,17,603998,20260417
605006.SH,山东玻纤,11.69,-3.6273701566364487,10.32,10.4,-1.62059104,10.76,10.3,3765/5521,10.4,10.76,10.3,10.32,4.385128,4.8827358E7,17,605006,20260417
920021.BJ,流金科技,10.03,5.801687763713069,10.82,10.42,3.04761905,10.97,10.3,3765/5521,10.42,10.97,10.3,10.82,6.380952,3.2257222E7,151,920021,20260417
920566.BJ,梓橦宫,10.92,1.298701298701304,10.74,10.8,1.32075472,10.88,10.3,3765/5521,10.8,10.88,10.3,10.74,5.471698,3387470,151,920566,20260417
003000.SZ,劲仔食品,11.27,-0.2654867256637269,10.37,10.41,-0.38424592,10.41,10.29,3772/5521,10.41,10.41,10.29,10.37,1.152737,1581500,33,003000,20260417
301301.SZ,川宁生物,10.03,2.7663934426229466,10.32,10.5,-1.80780209,10.5,10.28,3773/5521,10.327,10.327,10.107,10.15,2.093244,1.08918E7,33,301301,20260417
600601.SH,方正科技,11.67,-1.185436071126169,10.68,10.43,2.10325048,10.88,10.28,3773/5521,10.43,10.88,10.28,10.68,5.736137,1.33495719E8,17,600601,20260417
688184.SH,ST帕瓦,13.02,-1.4383043149129544,10.27,10.4,-1.34486071,10.46,10.27,3775/5521,10.4,10.46,10.27,10.27,1.825168,372948,22,688184,20260417
002033.SZ,丽江股份,9.47,-2.672147995889001,10.43,10.92,-4.57456542,10.93,10.26,3776/5521,10.92,10.93,10.26,10.43,6.129917,1.05338863E8,33,002033,20260417
002298.SZ,中电鑫龙,9.8,0.30706243602867084,10.4,10.45,-0.38314176,10.59,10.26,3776/5521,10.45,10.59,10.26,10.4,3.160919,3.1451577E7,33,002298,20260417
002820.SZ,桂发祥,11.49,2.9569892473118284,10.4,10.45,-0.76335878,10.5,10.26,3776/5521,10.45,10.5,10.26,10.4,2.290076,4048900,33,002820,20260417
300434.SZ,金石亚药,11.44,1.1494252873563129,10.35,10.48,-1.70940171,10.51,10.26,3776/5521,10.48,10.51,10.26,10.35,2.374169,6196100,33,300434,20260417
603329.SH,上海雅仕,11.25,0.17809439002671035,10.34,10.46,-0.95785441,10.47,10.25,3780/5521,10.46,10.47,10.25,10.34,2.107279,1743490,17,603329,20260417
002765.SZ,蓝黛科技,9.42,-0.5279831045406622,10.33,10.3,0,10.38,10.23,3781/5521,10.3,10.38,10.23,10.33,1.452081,7954957,33,002765,20260417
301116.SZ,益客食品,11.03,0.7305936073059368,10.37,10.39,-0.19249278,10.42,10.23,3781/5521,10.39,10.42,10.23,10.37,1.828681,2948214,33,301116,20260417
300824.SZ,北鼎股份,10.09,0.8999999999999986,10.3,10.46,-1.15163148,10.46,10.22,3783/5521,10.345,10.345,10.105,10.19,2.303262,2587950,33,300824,20260417
002423.SZ,中粮资本,10.24,-0.19493177387913815,10.25,10.36,-1.06177606,10.36,10.2,3784/5521,10.36,10.36,10.2,10.25,1.544401,1.0769757E7,33,002423,20260417
002893.SZ,京能热力,10.98,1.198156682027657,10.21,10.33,-1.44787645,10.36,10.2,3784/5521,10.33,10.36,10.2,10.21,1.544401,9218743,33,002893,20260417
601311.SH,骆驼股份,9.95,-2.6418786692759424,10.41,10.23,1.36319377,10.56,10.18,3786/5521,10.23,10.56,10.18,10.41,3.700097,5.439736E7,17,601311,20260417
603676.SH,卫信康,10.6,0.0,10.25,10.53,-2.56653992,10.53,10.18,3786/5521,10.53,10.53,10.18,10.25,3.326996,2293600,17,603676,20260417
000798.SZ,中水渔业,9.31,0.5399568034557313,10.24,10.37,-1.34874759,10.37,10.17,3788/5521,10.37,10.37,10.17,10.24,1.926782,6598100,33,000798,20260417
920149.BJ,旭杰科技,10.19,1.696606786427145,10.66,10.27,4,10.73,10.17,3788/5521,10.27,10.73,10.17,10.66,5.463414,1254685,151,920149,20260417
600742.SH,富维股份,9.42,0.10626992561104981,10.44,10.26,1.953125,10.54,10.15,3790/5521,10.26,10.54,10.15,10.44,3.808593,1.2941137E7,17,600742,20260417
002429.SZ,兆驰股份,11.05,-1.8650088809946632,10.67,10.18,4.91642085,10.91,10.14,3791/5521,10.18,10.91,10.14,10.67,7.571288,1.49895873E8,33,002429,20260417
605136.SH,丽人丽妆,10.94,1.390176088971273,10.44,10.19,1.55642023,10.49,10.14,3791/5521,10.19,10.49,10.14,10.44,3.404669,8847300,17,605136,20260417
002244.SZ,滨江集团,9.55,1.5957446808510676,10.53,10.25,4.0513834,10.76,10.13,3793/5521,10.25,10.76,10.13,10.53,6.225296,4.4799333E7,33,002244,20260417
002293.SZ,罗莱生活,11.26,2.177858439201454,10.17,10.29,-1.54888674,10.34,10.13,3793/5521,10.29,10.34,10.13,10.17,2.032913,3979294,33,002293,20260417
002458.SZ,益生股份,11.21,0.9909909909910019,10.3,10.37,-0.86621752,10.45,10.13,3793/5521,10.37,10.45,10.13,10.3,3.079884,1.758928E7,33,002458,20260417
300263.SZ,隆华科技,10.57,0.09469696969696767,10.4,10.13,2.06084396,10.61,10.13,3793/5521,10.13,10.61,10.13,10.4,4.7105,3.7679817E7,33,300263,20260417
002079.SZ,苏州固锝,11.7,0.08554319931565259,10.44,10.17,1.85365854,10.55,10.12,3797/5521,10.17,10.55,10.12,10.44,4.195121,3.5040234E7,33,002079,20260417
002706.SZ,良信股份,11.57,2.208480565371025,11.21,10.18,10.00981354,11.21,10.12,3797/5521,10.18,11.21,10.12,11.21,10.696761,8.8825546E7,33,002706,20260417
600350.SH,山东高速,10.7,-0.3724394785847386,10.22,10.12,0.49164208,10.26,10.12,3797/5521,10.12,10.26,10.12,10.22,1.376597,3775800,17,600350,20260417
000929.SZ,*ST兰黄,10.33,0.4863813229572054,10.19,10.22,0.29527559,10.27,10.1,3800/5521,10.22,10.27,10.1,10.19,1.673228,2711600,33,000929,20260417
920571.BJ,国航远洋,10.56,-1.3084112149532598,10.43,10.18,2.96150049,10.6,10.1,3800/5521,10.18,10.6,10.1,10.43,4.935834,2.7228711E7,151,920571,20260417
300404.SZ,博济医药,10.74,1.4164305949008533,10.19,10.36,-2.30105465,10.39,10.09,3802/5521,10.36,10.39,10.09,10.19,2.876318,9761708,33,300404,20260417
300586.SZ,美联新材,11.65,-2.835696413678064,10.6,10.14,4.43349754,10.65,10.08,3803/5521,10.14,10.65,10.08,10.6,5.615763,3.0508821E7,33,300586,20260417
600867.SH,通化东宝,9.23,-3.451882845188285,10.15,10.3,-2.49759846,10.34,10.06,3804/5521,10.3,10.34,10.06,10.15,2.689721,7.6016079E7,17,600867,20260417
600483.SH,福能股份,10.01,1.5212981744421943,10.22,10.06,1.69154229,10.26,10.05,3805/5521,10.06,10.26,10.05,10.22,2.089552,2.3429682E7,17,600483,20260417
601369.SH,陕鼓动力,9.18,-1.6077170418006468,10.09,10.24,-1.27201566,10.24,10.05,3805/5521,10.24,10.24,10.05,10.09,1.859099,9401298,17,601369,20260417
603229.SH,奥翔药业,9.83,1.9709543568464678,10.07,10.17,-1.66015625,10.25,10.05,3805/5521,10.17,10.25,10.05,10.07,1.953125,8640895,17,603229,20260417
000037.SZ,深南电A,10.8,-1.0989010989010917,11.07,10.07,10.03976143,11.07,10.03,3808/5521,10.07,11.07,10.03,11.07,10.337972,2.276559E7,33,000037,20260417
000625.SZ,长安汽车,9.53,-1.6511867905056774,10.06,10.12,-0.88669951,10.15,10.03,3808/5521,10.12,10.15,10.03,10.06,1.182266,7.2104034E7,33,000625,20260417
002088.SZ,鲁阳节能,9.87,-2.8543307086614265,10.15,10.13,-0.19665683,10.23,10.03,3808/5521,10.13,10.23,10.03,10.15,1.966568,2989233,33,002088,20260417
603808.SH,歌力思,11.1,4.914933837429108,10.2,10.19,-0.77821012,10.25,10.03,3808/5521,10.19,10.25,10.03,10.2,2.140077,9120125,17,603808,20260417
000697.SZ,ST炼石,,,10.18,10.05,1.19284294,10.3,10.01,3812/5521,10.05,10.3,10.01,10.18,2.882703,6122400,33,000697,20260417
002215.SZ,诺普信,10.92,-0.09149130832570711,10.07,10.32,-2.89296046,10.41,10.01,3812/5521,10.32,10.41,10.01,10.07,3.85728,1.760194E7,33,002215,20260417
300295.SZ,*ST三六五,12.62,1.2028869286286974,10.33,10.08,2.07509881,10.4,10.01,3812/5521,10.08,10.4,10.01,10.33,3.853754,9926102,33,300295,20260417
000710.SZ,贝瑞基因,9.99,0.7056451612903254,10.06,10.32,-2.51937984,10.32,10,3815/5521,10.32,10.32,10,10.06,3.100775,7625600,33,000710,20260417
002254.SZ,泰和新材,11.34,3.5616438356164437,10.3,10.1,1.98019802,10.38,10,3815/5521,10.1,10.38,10,10.3,3.762376,2.817982E7,33,002254,20260417
603660.SH,苏州科达,12.16,6.479859894921193,10.01,10.2,-1.95886386,10.25,10,3815/5521,10.2,10.25,10,10.01,2.448579,1.6823388E7,17,603660,20260417
603719.SH,良品铺子,11.09,-0.7162041181736801,10.11,10.2,-1.55793574,10.24,10,3815/5521,10.2,10.24,10,10.11,2.336903,2979300,17,603719,20260417
002003.SZ,伟星股份,10.0,-1.4778325123152745,10.09,10,1.40703518,10.2,9.99,3819/5521,10,10.2,9.99,10.09,2.110552,9901649,33,002003,20260417
002117.SZ,东港股份,10.2,1.1904761904761827,10.11,10.15,-0.49212598,10.18,9.98,3820/5521,10.15,10.18,9.98,10.11,1.968503,7184168,33,002117,20260417
300016.SZ,北陆药业,9.47,-1.6614745586708217,10.08,10.31,-2.7027027,10.32,9.98,3820/5521,10.31,10.32,9.98,10.08,3.281853,2.6403474E7,33,300016,20260417
000537.SZ,绿发电力,9.89,-3.5121951219512137,10.07,10.02,0,10.18,9.97,3822/5521,10.02,10.18,9.97,10.07,2.085402,3.0732557E7,33,000537,20260417
000828.SZ,东莞控股,10.38,-0.38387715930901295,9.98,10.08,-0.89374379,10.08,9.96,3823/5521,10.08,10.08,9.96,9.98,1.191658,4053100,33,000828,20260417
002441.SZ,众业达,10.15,1.8054162487462357,10.07,10.16,-1.0805501,10.17,9.96,3823/5521,10.16,10.17,9.96,10.07,2.062868,7171816,33,002441,20260417
002647.SZ,仁东控股,12.41,-0.9577015163607281,10.49,10.02,3.65612648,10.76,9.96,3823/5521,10.02,10.76,9.96,10.49,7.905138,6.5225326E7,33,002647,20260417
600894.SH,广日股份,9.48,-0.5246589716684044,10.09,10.05,1.001001,10.13,9.96,3823/5521,10.05,10.13,9.96,10.09,1.701701,1.0474685E7,17,600894,20260417
920946.BJ,森萱医药,10.25,3.7449392712550527,10.39,10.1,2.87128713,10.44,9.96,3823/5521,10.1,10.44,9.96,10.39,4.752475,4877514,151,920946,20260417
002097.SZ,山河智能,9.92,-0.8000000000000007,10.03,10.09,-0.69306931,10.09,9.94,3828/5521,10.09,10.09,9.94,10.03,1.485148,1.2840197E7,33,002097,20260417
600463.SH,空港股份,10.79,0.6529850746268517,10.07,10.19,-0.78817734,10.2,9.94,3828/5521,10.19,10.2,9.94,10.07,2.561576,3038000,17,600463,20260417
002111.SZ,威海广泰,11.02,4.554079696394691,9.97,10.06,-0.7960199,10.06,9.93,3830/5521,10.06,10.06,9.93,9.97,1.293532,5029320,33,002111,20260417
600838.SH,上海九百,9.59,-0.10416666666666445,10.08,10.2,-0.49358342,10.2,9.93,3830/5521,10.2,10.2,9.93,10.08,2.66535,6856400,17,600838,20260417
002242.SZ,九阳股份,10.88,1.8726591760299727,10.23,9.94,2.1978022,10.4,9.9,3832/5521,9.94,10.4,9.9,10.23,4.995004,1.5140298E7,33,002242,20260417
600382.SH,广东明珠,8.37,-2.333722287047854,10.14,10.15,0.89552239,10.33,9.9,3832/5521,10.15,10.33,9.9,10.14,4.278606,2.9985567E7,17,600382,20260417
600623.SH,华谊集团,10.88,0.18416206261511373,10.0,9.98,0.2004008,10.15,9.9,3832/5521,9.98,10.15,9.9,10.0,2.50501,1.8402731E7,17,600623,20260417
000425.SZ,徐工机械,9.95,-3.398058252427198,9.95,10.17,-2.45098039,10.17,9.89,3835/5521,10.17,10.17,9.89,9.95,2.745098,1.43498219E8,33,000425,20260417
603066.SH,音飞储存,11.6,2.383053839364515,9.94,10.05,-1.19284294,10.08,9.89,3835/5521,10.05,10.08,9.89,9.94,1.888667,1637466,17,603066,20260417
000998.SZ,隆平高科,9.14,-0.760043431053206,9.89,10.05,-1.98216056,10.11,9.88,3837/5521,10.05,10.11,9.88,9.89,2.279484,2.2848817E7,33,000998,20260417
002723.SZ,小崧股份,11.17,4.981203007518791,10.7,9.9,7.10710711,10.79,9.88,3837/5521,9.9,10.79,9.88,10.7,9.109109,2.7874198E7,33,002723,20260417
601777.SH,千里科技,11.23,-0.17777777777777398,10.0,10.06,-0.59642147,10.06,9.88,3837/5521,10.06,10.06,9.88,10.0,1.789264,1.9961688E7,17,601777,20260417
603648.SH,畅联股份,10.16,0.1972386587771161,9.96,9.96,0,9.98,9.88,3837/5521,9.96,9.98,9.88,9.96,1.004016,1592300,17,603648,20260417
001914.SZ,招商积余,10.25,-1.2524084778420113,10.07,9.92,1.71717172,10.08,9.87,3841/5521,9.92,10.08,9.87,10.07,2.121212,1.204906E7,33,001914,20260417
300894.SZ,火星人,10.46,0.5769230769230816,9.92,10.18,-2.74509804,10.18,9.86,3842/5521,10.18,10.18,9.86,9.92,3.137254,4296800,33,300894,20260417
301058.SZ,中粮科工,9.74,-0.30706243602865263,9.92,9.93,-0.6012024,9.97,9.86,3842/5521,9.93,9.97,9.86,9.92,1.102204,3311300,33,301058,20260417
300323.SZ,华灿光电,12.1,5.1259774109470015,10.26,9.87,3.32326284,10.49,9.85,3844/5521,9.87,10.49,9.85,10.26,6.445115,9.722427E7,33,300323,20260417
600000.SH,浦发银行,9.27,-1.1727078891258123,9.86,9.97,-1.4,10,9.85,3844/5521,9.97,10,9.85,9.86,1.5,5.7933037E7,17,600000,20260417
600667.SH,太极实业,9.59,-0.41536863966771465,9.95,9.91,-0.3006012,10.05,9.85,3844/5521,9.91,10.05,9.85,9.95,2.004008,9.2063877E7,17,600667,20260417
603730.SH,岱美股份,10.94,3.2075471698113196,9.99,10.03,-0.1998002,10.1,9.85,3844/5521,10.03,10.1,9.85,9.99,2.497502,1.7780425E7,17,603730,20260417
920260.BJ,中寰股份,9.56,0.7376185458377269,10.29,9.96,2.9,10.38,9.85,3844/5521,9.96,10.38,9.85,10.29,5.3,3142888,151,920260,20260417
300439.SZ,美康生物,10.09,0.0,9.9,9.92,-0.50251256,9.93,9.84,3849/5521,9.92,9.93,9.84,9.9,0.904522,2669469,33,300439,20260417
002040.SZ,南京港,9.95,-0.300601202404821,9.91,10.02,-0.8008008,10.02,9.83,3850/5521,10.02,10.02,9.83,9.91,1.901901,8483300,33,002040,20260417
603169.SH,兰石重装,8.43,1.0791366906474804,9.9,9.92,-0.70210632,10,9.83,3850/5521,9.92,10,9.83,9.9,1.705115,1.5761334E7,17,603169,20260417
002739.SZ,儒意电影,10.11,2.6395939086294398,10.07,9.89,1.40986908,10.17,9.82,3852/5521,9.89,10.17,9.82,10.07,3.524672,5.1581568E7,33,002739,20260417
300887.SZ,谱尼测试,9.65,2.3329798515376527,9.97,10.05,-0.89463221,10.05,9.82,3852/5521,10.05,10.05,9.82,9.97,2.286282,1.0019541E7,33,300887,20260417
002905.SZ,金逸影视,9.53,-3.7373737373737472,10.05,9.94,1.00502513,10.17,9.81,3854/5521,9.94,10.17,9.81,10.05,3.61809,1.279972E7,33,002905,20260417
002286.SZ,保龄宝,10.28,1.0816125860373593,9.85,10.02,-1.4014014,10.03,9.8,3855/5521,10.02,10.03,9.8,9.85,2.302302,6606900,33,002286,20260417
300009.SZ,安科生物,8.84,-1.2290502793296028,9.87,9.9,-0.90361446,9.94,9.8,3855/5521,9.9,9.94,9.8,9.87,1.405622,1.4518469E7,33,300009,20260417
300097.SZ,智云股份,10.73,-2.2768670309653913,10.09,10.32,-3.9047619,10.8,9.8,3855/5521,10.32,10.8,9.8,10.09,9.523809,3.7034719E7,33,300097,20260417
600126.SH,杭钢股份,8.74,-3.638368246968027,9.96,10.09,-2.06489676,10.15,9.79,3858/5521,10.09,10.15,9.79,9.96,3.539823,1.64465803E8,17,600126,20260417
000561.SZ,烽火电子,9.51,2.3681377825619014,9.98,9.89,0.1003009,10.04,9.78,3859/5521,9.89,10.04,9.78,9.98,2.607823,1.3701925E7,33,000561,20260417
000917.SZ,电广传媒,8.74,-1.4656144306651524,9.9,9.83,0.10111223,9.97,9.78,3859/5521,9.83,9.97,9.78,9.9,1.921132,3.0574093E7,33,000917,20260417
002123.SZ,梦网科技,9.48,0.0,9.96,9.95,-0.3003003,10.14,9.78,3859/5521,9.95,10.14,9.78,9.96,3.603603,1.89071E7,33,002123,20260417
603536.SH,惠发食品,10.53,0.8620689655172401,9.93,9.95,-0.30120482,10.05,9.78,3859/5521,9.95,10.05,9.78,9.93,2.710843,4994300,17,603536,20260417
600969.SH,郴电国际,9.93,-0.5010020040080231,9.84,9.85,-0.10152284,9.91,9.77,3863/5521,9.85,9.91,9.77,9.84,1.421319,5944380,17,600969,20260417
600461.SH,洪城环境,10.28,-0.38759689922481516,9.83,9.82,0.10183299,9.88,9.76,3864/5521,9.82,9.88,9.76,9.83,1.221995,1.0481373E7,17,600461,20260417
600637.SH,东方明珠,9.98,-1.3833992094861542,10.0,9.83,0.70493454,10.09,9.76,3864/5521,9.83,10.09,9.76,10.0,3.323262,5.736311E7,17,600637,20260417
920445.BJ,龙竹科技,9.61,-0.9278350515463903,10.2,9.95,2.51256281,10.27,9.76,3864/5521,9.95,10.27,9.76,10.2,5.125628,3368494,151,920445,20260417
000504.SZ,*ST生物,9.18,-3.2665964172813537,9.8,9.81,-0.8097166,9.9,9.75,3867/5521,9.81,9.9,9.75,9.8,1.518218,2554930,33,000504,20260417
920175.BJ,东方碳素,9.83,-0.6066734074823104,10.33,9.76,5.73183214,10.67,9.75,3867/5521,9.76,10.67,9.75,10.33,9.416581,3697180,151,920175,20260417
300543.SZ,朗科智能,9.73,1.4598540145985461,9.84,9.88,0.20366599,9.88,9.74,3869/5521,9.88,9.88,9.74,9.84,1.425661,4401745,33,300543,20260417
600241.SH,时代万恒,9.76,0.7223942208462362,9.79,9.92,-1.70682731,10.04,9.74,3869/5521,9.92,10.04,9.74,9.79,3.012048,7299172,17,600241,20260417
600420.SH,国药现代,9.59,-0.10416666666666445,9.81,9.88,-1.10887097,9.89,9.74,3869/5521,9.88,9.89,9.74,9.81,1.512096,8897114,17,600420,20260417
601928.SH,凤凰传媒,9.43,-0.9453781512605027,9.93,9.75,1.53374233,9.94,9.74,3869/5521,9.75,9.94,9.74,9.93,2.044989,1.1266301E7,17,601928,20260417
603697.SH,有友食品,10.56,0.3802281368821381,9.82,9.95,-1.30653266,9.95,9.74,3869/5521,9.95,9.95,9.74,9.82,2.110552,5000620,17,603697,20260417
688659.SH,元琛科技,11.53,2.488888888888883,9.92,9.98,-0.8991009,10.05,9.74,3869/5521,9.98,10.05,9.74,9.92,3.096903,2615445,17,688659,20260417
300147.SZ,*ST香雪,10.02,6.48246546227417,10.33,9.77,5.73183214,10.44,9.73,3875/5521,9.77,10.44,9.73,10.33,7.267144,1.9754737E7,33,300147,20260417
600822.SH,上海物贸,9.93,0.30303030303029654,9.82,10.13,-3.53634578,10.13,9.73,3875/5521,10.13,10.13,9.73,9.82,3.929273,7093710,17,600822,20260417
600829.SH,人民同泰,9.72,0.41322314049587733,9.85,9.96,-1.20361083,9.97,9.72,3877/5521,9.96,9.97,9.72,9.85,2.507522,1.2042874E7,17,600829,20260417
601229.SH,上海银行,9.38,-1.6771488469601508,9.74,9.8,-0.6122449,9.84,9.72,3877/5521,9.8,9.84,9.72,9.74,1.224489,2.2248137E7,17,601229,20260417
002373.SZ,千方科技,8.95,-0.6659267480577192,9.83,9.85,-0.30425963,9.88,9.71,3879/5521,9.85,9.88,9.71,9.83,1.724137,1.8948112E7,33,002373,20260417
600110.SH,诺德股份,10.75,-2.18380345768881,9.99,9.9,-0.59701493,10.36,9.71,3879/5521,9.9,10.36,9.71,9.99,6.467661,1.87522708E8,17,600110,20260417
600661.SH,昂立教育,10.2,1.1904761904761827,9.72,9.9,-2.01612903,9.92,9.7,3881/5521,9.9,9.92,9.7,9.72,2.217741,4458600,17,600661,20260417
601952.SH,苏垦农发,9.96,-1.3861386138613743,9.73,9.87,-1.71717172,9.9,9.7,3881/5521,9.87,9.9,9.7,9.73,2.020202,1.49683E7,17,601952,20260417
002852.SZ,道道全,9.09,-1.4099783080260389,9.72,9.91,-2.01612903,9.92,9.69,3883/5521,9.79,9.8,9.57,9.6,2.318548,4968694,33,002852,20260417
603101.SH,汇嘉时代,11.06,0.2719854941069913,9.95,9.73,1.32382892,10.05,9.69,3883/5521,9.73,10.05,9.69,9.95,3.665987,3.9349942E7,17,603101,20260417
000609.SZ,*ST中迪,14.42,5.0254916241806225,9.76,10.01,-0.10235415,10.15,9.68,3885/5521,10.01,10.15,9.68,9.76,4.810644,1.3231581E7,33,000609,20260417
920395.BJ,朗鸿科技,9.67,0.10351966873705783,10.19,9.92,4.4057377,10.46,9.66,3886/5521,9.92,10.46,9.66,10.19,8.196721,2015808,151,920395,20260417
002461.SZ,珠江啤酒,10.38,0.5813953488372141,9.72,9.68,-0.40983607,9.72,9.64,3887/5521,9.68,9.72,9.64,9.72,0.819672,6013100,33,002461,20260417
300106.SZ,西部牧业,11.56,5.378304466727437,9.73,9.82,-1.21827411,9.87,9.63,3888/5521,9.82,9.87,9.63,9.73,2.436548,4417299,33,300106,20260417
301060.SZ,兰卫医学,10.33,-1.8060836501901094,9.74,9.92,-2.11055276,9.94,9.63,3888/5521,9.92,9.94,9.63,9.74,3.115577,5220500,33,301060,20260417
600419.SH,天润乳业,9.62,0.0,9.75,9.69,0.51546392,9.75,9.63,3888/5521,9.69,9.75,9.63,9.75,1.237113,3285200,17,600419,20260417
000576.SZ,甘化科工,8.82,-5.76923076923076,9.8,9.65,1.13519092,9.83,9.62,3891/5521,9.65,9.83,9.62,9.8,2.167182,6977498,33,000576,20260417
002057.SZ,中钢天源,9.65,-0.4127966976264102,9.71,9.67,0.30991736,9.76,9.62,3891/5521,9.67,9.76,9.62,9.71,1.44628,7982305,33,002057,20260417
002165.SZ,红宝丽,8.58,-1.26582278481012,9.73,9.74,-0.20512821,9.8,9.62,3891/5521,9.74,9.8,9.62,9.73,1.846153,2.6781906E7,33,002165,20260417
600218.SH,全柴动力,9.66,2.439024390243907,9.84,9.68,1.13052415,10.03,9.62,3891/5521,9.68,10.03,9.62,9.84,4.213771,1.0980839E7,17,600218,20260417
601878.SH,浙商证券,9.85,0.0,9.66,9.68,-0.41237113,9.7,9.62,3891/5521,9.68,9.7,9.62,9.66,0.824742,1.649876E7,17,601878,20260417
002153.SZ,石基信息,10.08,1.2048192771084258,9.76,9.75,0,9.81,9.61,3896/5521,9.75,9.81,9.61,9.76,2.04918,1.3200712E7,33,002153,20260417
002451.SZ,摩恩电气,9.53,-1.4477766287487133,9.69,9.85,-1.82370821,9.9,9.61,3896/5521,9.85,9.9,9.61,9.69,2.938196,1.4760021E7,33,002451,20260417
002758.SZ,浙农股份,9.16,-1.716738197424894,9.7,9.85,-1.52284264,9.91,9.61,3896/5521,9.85,9.91,9.61,9.7,3.045685,6103790,33,002758,20260417
300303.SZ,聚飞光电,8.89,-2.9475982532751046,10.21,9.65,5.69358178,10.33,9.61,3896/5521,9.65,10.33,9.61,10.21,7.453416,2.29247496E8,33,300303,20260417
002093.SZ,国脉科技,8.32,-1.0701545778834705,9.7,9.75,-0.91930541,9.75,9.6,3900/5521,9.75,9.75,9.6,9.7,1.532175,9176600,33,002093,20260417
300708.SZ,聚灿光电,8.85,0.2265005662514108,9.88,9.64,2.91666667,10.02,9.6,3900/5521,9.61,9.99,9.57,9.85,4.375,6.7816781E7,33,300708,20260417
600032.SH,浙江新能,9.87,-4.174757281553412,9.75,9.7,-0.91463415,10.16,9.6,3900/5521,9.7,10.16,9.6,9.75,5.691056,6.366266E7,17,600032,20260417
600246.SH,万通发展,11.28,10.048780487804873,9.69,9.66,-0.10309278,9.75,9.6,3900/5521,9.66,9.75,9.6,9.69,1.546391,3.9702865E7,17,600246,20260417
920675.BJ,秉扬科技,9.56,0.9503695881731768,10.01,9.72,2.56147541,10.1,9.6,3900/5521,9.72,10.1,9.6,10.01,5.12295,3968800,151,920675,20260417
000096.SZ,广聚能源,9.73,-0.20512820512820076,9.62,9.72,-0.92687951,9.73,9.58,3905/5521,9.72,9.73,9.58,9.62,1.544799,6536100,33,000096,20260417
600236.SH,桂冠电力,10.09,0.7992007992007999,9.88,9.71,0.71355759,9.88,9.57,3906/5521,9.71,9.88,9.57,9.88,3.16004,2.2324056E7,17,600236,20260417
600039.SH,四川路桥,8.19,-6.2929061784897105,9.67,9.56,0.62434964,9.7,9.56,3907/5521,9.56,9.7,9.56,9.67,1.456815,1.3060667E7,17,600039,20260417
300002.SZ,神州泰岳,9.73,1.038421599169259,9.64,9.62,-0.6185567,9.65,9.55,3908/5521,9.62,9.65,9.55,9.64,1.030927,2.9516058E7,33,300002,20260417
300022.SZ,吉峰科技,9.75,-0.914634146341462,9.83,9.74,0.92402464,9.88,9.55,3908/5521,9.74,9.88,9.55,9.83,3.38809,2.1995004E7,33,300022,20260417
603053.SH,成都燃气,9.69,-0.30864197530865367,9.57,9.62,-0.93167702,9.64,9.55,3908/5521,9.62,9.64,9.55,9.57,0.931677,2842200,17,603053,20260417
300210.SZ,森远股份,10.8,10.996916752312439,9.58,9.59,-1.44032922,9.85,9.54,3911/5521,9.59,9.85,9.54,9.58,3.1893,1.3737518E7,33,300210,20260417
300410.SZ,正业科技,9.92,-0.8991008991008977,9.81,9.6,1.86915888,10.35,9.54,3911/5521,9.6,10.35,9.54,9.81,8.411214,6.0580014E7,33,300410,20260417
000528.SZ,柳工,9.66,-2.6209677419354818,9.54,9.66,-1.24223602,9.66,9.52,3913/5521,9.66,9.66,9.52,9.54,1.449275,2.4873844E7,33,000528,20260417
002174.SZ,游族网络,10.24,0.5893909626719106,9.65,9.72,-0.72016461,9.75,9.52,3913/5521,9.72,9.75,9.52,9.65,2.366255,1.5977741E7,33,002174,20260417
002873.SZ,新天药业,10.1,2.8513238289205636,9.63,9.85,-2.6289181,9.86,9.52,3913/5521,9.85,9.86,9.52,9.63,3.437815,1.4123916E7,33,002873,20260417
300320.SZ,海达股份,9.51,-0.5230125523012626,9.62,9.84,-2.92633703,9.86,9.52,3913/5521,9.84,9.86,9.52,9.62,3.430877,1.73416E7,33,300320,20260417
300095.SZ,华伍股份,9.84,1.9689119170984404,9.65,9.63,-0.20682523,9.74,9.51,3917/5521,9.63,9.74,9.51,9.65,2.37849,7305700,33,300095,20260417
920371.BJ,欧福蛋业,9.16,0.10928961748633646,9.87,9.61,2.49221184,9.95,9.51,3917/5521,9.61,9.95,9.51,9.87,4.569055,2817062,151,920371,20260417
002383.SZ,合众思壮,9.31,1.3057671381936997,9.63,9.63,-0.61919505,9.7,9.5,3919/5521,9.63,9.7,9.5,9.63,2.063983,1.1220203E7,33,002383,20260417
300200.SZ,高盟新材,10.01,-1.3793103448275918,9.77,9.57,2.19665272,9.83,9.5,3919/5521,9.57,9.83,9.5,9.77,3.451882,1.658196E7,33,300200,20260417
300393.SZ,中来股份,10.12,1.6064257028112285,10.0,9.53,4.82180294,10.1,9.5,3919/5521,9.53,10.1,9.5,10.0,6.289308,6.3956865E7,33,300393,20260417
600360.SH,*ST华微,10.18,3.2454361054766765,10.01,9.55,5.03672613,10.01,9.5,3919/5521,9.55,10.01,9.5,10.01,5.351521,3.4894828E7,22,600360,20260417
600876.SH,凯盛新能,9.43,-5.0352467270896275,9.81,9.6,1.76348548,9.93,9.5,3919/5521,9.6,9.93,9.5,9.81,4.46058,9595133,17,600876,20260417
605377.SH,华旺科技,9.83,3.911205073995763,9.58,9.76,-1.8442623,9.76,9.5,3919/5521,9.76,9.76,9.5,9.58,2.663934,5030840,17,605377,20260417
920039.BJ,国义招标,9.39,1.5135135135135196,9.87,9.59,2.91970803,9.98,9.5,3919/5521,9.59,9.98,9.5,9.87,5.005213,2194384,151,920039,20260417
002783.SZ,凯龙股份,8.92,-1.7621145374449354,9.56,9.7,-1.23966942,9.7,9.49,3926/5521,9.7,9.7,9.49,9.56,2.169421,1.24152E7,33,002783,20260417
000859.SZ,国风新材,9.04,1.5730337078651548,9.79,9.61,1.87304891,9.8,9.48,3927/5521,9.61,9.8,9.48,9.79,3.329864,3.3117736E7,33,000859,20260417
002029.SZ,七匹狼,11.12,-0.9795191451469386,9.8,9.62,1.23966942,9.98,9.48,3927/5521,9.62,9.98,9.48,9.8,5.165289,2.34102E7,33,002029,20260417
600746.SH,江苏索普,8.28,-3.2710280373831906,9.54,9.88,-1.7507724,10.09,9.48,3927/5521,9.88,10.09,9.48,9.54,6.282183,2.2997565E7,17,600746,20260417
600826.SH,兰生股份,9.57,-3.722334004024137,9.5,9.6,-0.52356021,9.68,9.48,3927/5521,9.6,9.68,9.48,9.5,2.09424,4641420,17,600826,20260417
601886.SH,江河集团,9.58,2.7896995708154484,9.49,9.5,-0.73221757,9.67,9.48,3927/5521,9.15,9.32,9.13,9.14,1.987447,5370567,17,601886,20260417
600025.SH,华能水电,9.51,-0.9374999999999986,9.51,9.56,-0.52301255,9.6,9.47,3932/5521,9.56,9.6,9.47,9.51,1.359832,3.0205814E7,17,600025,20260417
603707.SH,健友股份,9.18,-2.754237288135591,9.51,9.7,-2.16049383,9.7,9.47,3932/5521,9.7,9.7,9.47,9.51,2.366255,1.4284372E7,17,603707,20260417
300015.SZ,爱尔眼科,10.78,-1.5525114155251136,9.46,9.55,-1.2526096,9.56,9.45,3934/5521,9.55,9.56,9.45,9.46,1.148225,5.2674476E7,33,300015,20260417
603429.SH,*ST集友,10.3,0.3898635477582936,9.98,9.45,3.41968912,9.99,9.45,3934/5521,9.45,9.99,9.45,9.98,5.595854,5571035,22,603429,20260417
000989.SZ,九芝堂,9.65,-0.9240246406570827,9.51,9.67,-2.3613963,9.71,9.44,3936/5521,9.67,9.71,9.44,9.51,2.772073,1.8531025E7,33,000989,20260417
603466.SH,风语筑,9.72,0.309597523219826,9.55,9.47,-0.62434964,9.59,9.44,3936/5521,9.47,9.59,9.44,9.55,1.560874,1.70199E7,17,603466,20260417
000617.SZ,中油资本,9.44,-0.526870389884096,9.43,9.73,-3.08324769,9.76,9.43,3938/5521,9.73,9.76,9.43,9.43,3.391572,2.09823089E8,33,000617,20260417
002300.SZ,太阳电缆,9.37,-3.302373581011355,9.47,9.62,-2.57201646,9.7,9.43,3938/5521,9.62,9.7,9.43,9.47,2.777777,3.4496093E7,33,002300,20260417
601577.SH,长沙银行,9.97,0.8088978766430744,9.49,9.47,0.10548523,9.51,9.43,3938/5521,9.47,9.51,9.43,9.49,0.843881,8790624,17,601577,20260417
002651.SZ,利君股份,9.58,1.1615628299894343,9.6,9.57,0.10427529,9.67,9.42,3941/5521,9.57,9.67,9.42,9.6,2.606882,6412200,33,002651,20260417
600843.SH,上工申贝,8.72,2.3474178403755994,9.56,9.52,0.10471204,9.61,9.42,3941/5521,9.52,9.61,9.42,9.56,1.989528,5901800,17,600843,20260417
601226.SH,华电科工,8.86,-2.530253025302535,9.59,9.42,1.80467091,9.64,9.42,3941/5521,9.42,9.64,9.42,9.59,2.335456,2.897208E7,17,601226,20260417
603387.SH,基蛋生物,9.65,5.46448087431694,9.46,9.84,-4.73313192,9.85,9.42,3941/5521,9.84,9.85,9.42,9.46,4.330312,3.0092296E7,17,603387,20260417
002883.SZ,中设股份,,,9.45,9.66,-2.47678019,9.76,9.41,3945/5521,9.66,9.76,9.41,9.45,3.611971,3343829,33,002883,20260417
300597.SZ,吉大通信,9.83,0.7172131147541013,9.5,9.49,0,9.58,9.41,3945/5521,9.49,9.58,9.41,9.5,1.789473,4060600,33,300597,20260417
603055.SH,台华新材,9.07,-2.473118279569897,9.46,9.53,-0.73452256,9.57,9.41,3945/5521,9.53,9.57,9.41,9.46,1.678908,7265693,17,603055,20260417
000752.SZ,*ST西发,10.0,-1.1857707509881346,9.46,9.53,-0.73452256,9.64,9.4,3948/5521,9.53,9.64,9.4,9.46,2.518363,3333101,33,000752,20260417
600706.SH,曲江文旅,9.54,0.5268703898840773,9.51,9.67,-1.55279503,9.84,9.4,3948/5521,9.67,9.84,9.4,9.51,4.554865,9041800,17,600706,20260417
600848.SH,上海临港,8.98,-0.663716814159278,9.53,9.41,1.16772824,9.76,9.39,3950/5521,9.41,9.76,9.39,9.53,3.927813,2.2991062E7,17,600848,20260417
600356.SH,恒丰纸业,9.93,1.0172939979654083,9.49,9.48,-0.41972718,9.96,9.38,3951/5521,9.48,9.96,9.38,9.49,6.086044,1.49552E7,17,600356,20260417
300125.SZ,*ST聆达,9.82,2.9350104821803056,9.6,9.42,2.12765957,9.76,9.37,3952/5521,9.42,9.76,9.37,9.6,4.148936,1.073893E7,33,300125,20260417
601939.SH,建设银行,9.95,1.4271151885830662,9.41,9.47,-0.42328042,9.5,9.37,3952/5521,9.47,9.5,9.37,9.41,1.375661,6.3882312E7,17,601939,20260417
603027.SH,千禾味业,9.15,-9.4059405940594,9.47,9.51,-0.83769634,9.55,9.37,3952/5521,9.51,9.55,9.37,9.47,1.884816,8673147,17,603027,20260417
002249.SZ,大洋电机,9.38,2.963776070252485,9.44,9.42,0.10604454,9.45,9.35,3955/5521,9.42,9.45,9.35,9.44,1.060445,2.621913E7,33,002249,20260417
600095.SH,湘财股份,8.88,0.3389830508474705,9.43,9.45,-0.21164021,9.48,9.35,3955/5521,9.45,9.48,9.35,9.43,1.375661,1.3369802E7,17,600095,20260417
603969.SH,银龙股份,8.91,0.11235955056179535,9.7,9.4,3.08182784,9.73,9.35,3955/5521,9.4,9.73,9.35,9.7,4.038257,1.5453576E7,17,603969,20260417
002456.SZ,欧菲光,8.71,-0.2290950744558943,9.44,9.35,0.42553191,9.48,9.34,3958/5521,9.35,9.48,9.34,9.44,1.489361,5.4257077E7,33,002456,20260417
600797.SH,浙大网新,8.76,-0.680272108843543,9.36,9.5,-1.47368421,9.62,9.33,3959/5521,9.5,9.62,9.33,9.36,3.052631,3.6972457E7,17,600797,20260417
600841.SH,动力新科,8.3,0.6060606060606146,9.58,9.48,0.20920502,9.63,9.33,3959/5521,9.48,9.63,9.33,9.58,3.138075,2.7770521E7,17,600841,20260417
002235.SZ,安妮股份,11.2,10.019646365422393,9.46,9.6,-2.87474333,9.64,9.32,3961/5521,9.6,9.64,9.32,9.46,3.28542,4.3504864E7,33,002235,20260417
002348.SZ,高乐股份,11.13,5.099150141643069,9.41,9.48,-0.73839662,9.84,9.32,3961/5521,9.48,9.84,9.32,9.41,5.485232,2.0813487E7,33,002348,20260417
300162.SZ,雷曼光电,9.06,3.071672354948821,9.68,9.37,2.65111347,9.81,9.32,3961/5521,9.37,9.81,9.32,9.68,5.196182,3.699801E7,33,300162,20260417
002091.SZ,江苏国泰,8.95,-9.321175278622087,9.37,9.38,-0.53078556,9.5,9.31,3964/5521,9.38,9.5,9.31,9.37,2.016985,1.8229998E7,33,002091,20260417
300534.SZ,陇神戎发,9.47,0.0,9.39,9.51,-2.1875,9.57,9.31,3964/5521,9.51,9.57,9.31,9.39,2.708333,5840600,33,300534,20260417
600237.SH,铜峰电子,8.88,-2.417582417582405,9.33,9.36,-0.53304904,9.48,9.31,3964/5521,9.36,9.48,9.31,9.33,1.812366,2.4539023E7,17,600237,20260417
688247.SH,宣泰医药,9.3,1.5283842794759888,9.39,9.51,-1.36554622,9.51,9.3,3967/5521,9.51,9.51,9.3,9.39,2.205882,2257024,17,688247,20260417
603759.SH,海天股份,9.03,-3.111587982832628,9.33,9.45,-1.37420719,9.45,9.29,3968/5521,9.45,9.45,9.29,9.33,1.691331,4370352,17,603759,20260417
001236.SZ,弘业期货,9.55,2.0299145299145436,9.31,9.36,-0.95744681,9.41,9.28,3969/5521,9.36,9.41,9.28,9.31,1.382978,5458767,33,001236,20260417
002443.SZ,金洲管道,11.84,0.08453085376162119,9.43,9.45,0.42598509,9.67,9.28,3969/5521,9.45,9.67,9.28,9.43,4.153354,2.31031E7,33,002443,20260417
301332.SZ,德尔玛,9.36,-0.5313496280552679,9.35,9.39,-0.31982942,9.4,9.28,3969/5521,9.39,9.4,9.28,9.35,1.279317,1374400,33,301332,20260417
601456.SH,国联民生,9.63,0.3125000000000119,9.33,9.33,0,9.35,9.27,3972/5521,9.33,9.35,9.27,9.33,0.857449,1.598423E7,17,601456,20260417
688459.SH,哈铁科技,9.06,0.11049723756905841,9.36,9.3,0.21413276,9.38,9.27,3972/5521,9.3,9.38,9.27,9.36,1.17773,1156179,17,688459,20260417
000600.SZ,建投能源,9.52,-2.65848670756646,9.42,9.3,1.29032258,9.47,9.26,3974/5521,9.3,9.47,9.26,9.42,2.258064,1.9521901E7,33,000600,20260417
002199.SZ,*ST东晶,10.56,3.225806451612904,9.52,9.35,2.03644159,9.74,9.26,3974/5521,9.35,9.74,9.26,9.52,5.144694,4261902,33,002199,20260417
002668.SZ,TCL智家,9.55,-0.10460251046024881,9.33,9.32,-0.10706638,9.36,9.26,3974/5521,9.32,9.36,9.26,9.33,1.070663,5619640,33,002668,20260417
300096.SZ,ST易联众,9.18,1.436464088397779,9.75,9.3,4.95156082,9.87,9.25,3977/5521,9.3,9.87,9.25,9.75,6.673842,1.10566E7,33,300096,20260417
600138.SH,中青旅,9.01,-1.0976948408342442,9.31,9.34,-0.74626866,9.35,9.25,3977/5521,9.34,9.35,9.25,9.31,1.066098,7954293,17,600138,20260417
920556.BJ,雅达股份,9.04,0.444444444444435,9.74,9.36,3.61702128,9.88,9.25,3977/5521,9.36,9.88,9.25,9.74,6.702127,4158143,151,920556,20260417
000795.SZ,英洛华,9.23,0.0,9.33,9.27,0,9.41,9.24,3980/5521,9.27,9.41,9.24,9.33,1.822079,1.5452954E7,33,000795,20260417
300453.SZ,三鑫医疗,10.08,-2.0408163265306034,9.34,9.43,-1.68421053,9.44,9.24,3980/5521,9.43,9.44,9.24,9.34,2.105263,9008555,33,300453,20260417
000006.SZ,深振业A,9.7,1.9978969505783335,9.57,9.38,1.80851064,9.71,9.21,3982/5521,9.38,9.71,9.21,9.57,5.319148,4.4809308E7,33,000006,20260417
002998.SZ,优彩资源,9.52,0.5279831045406435,9.25,9.23,-0.21574973,9.54,9.21,3982/5521,9.23,9.54,9.21,9.25,3.55987,1.23816E7,33,002998,20260417
600101.SH,明星电力,9.82,-0.7077856420626925,9.3,9.3,0.10764263,9.38,9.21,3982/5521,9.3,9.38,9.21,9.3,1.829924,1.266617E7,17,600101,20260417
603636.SH,南威软件,8.96,0.7874015748031528,9.33,9.28,-0.42689434,9.37,9.21,3982/5521,9.28,9.37,9.21,9.33,1.707577,7730532,17,603636,20260417
688549.SH,中巨芯,12.29,10.62106210621062,9.34,9.25,0.75512406,9.43,9.21,3982/5521,9.25,9.43,9.21,9.34,2.373247,1.5135876E7,17,688549,20260417
300099.SZ,尤洛卡,9.12,3.050847457627114,9.45,9.25,1.61290323,9.55,9.2,3987/5521,9.11,9.41,9.06,9.31,3.76344,2.7031089E7,33,300099,20260417
600326.SH,西藏天路,9.37,0.42872454448016234,9.29,9.36,-1.06496273,9.36,9.2,3987/5521,9.36,9.36,9.2,9.29,1.70394,1.615548E7,17,600326,20260417
603336.SH,宏辉果蔬,11.75,-4.081632653061225,9.45,9.32,1.39484979,9.46,9.2,3987/5521,9.32,9.46,9.2,9.45,2.789699,8386991,17,603336,20260417
688148.SH,芳源股份,10.85,-1.0036496350365074,9.34,10.3,-0.95440085,10.8,9.19,3990/5521,10.3,10.8,9.19,9.34,17.07317,6.9311935E7,17,688148,20260417
600958.SH,东方证券,9.34,0.0,9.34,9.29,0.64655172,9.39,9.18,3991/5521,9.29,9.39,9.18,9.34,2.262931,7.5747498E7,17,600958,20260417
603167.SH,渤海轮渡,9.07,-2.8907922912205524,9.22,9.31,-0.96670247,9.31,9.18,3991/5521,9.31,9.31,9.18,9.22,1.396348,3724900,17,603167,20260417
300228.SZ,富瑞特装,9.31,-0.5341880341880229,9.22,9.32,-1.39037433,9.33,9.17,3993/5521,9.32,9.33,9.17,9.22,1.711229,2.38902E7,33,300228,20260417
300056.SZ,中创环保,11.1,2.777777777777768,9.22,9.22,-1.28479657,9.4,9.16,3994/5521,9.22,9.4,9.16,9.22,2.569593,8393336,33,300056,20260417
600996.SH,贵广网络,8.45,0.8353221957040394,9.4,9.8,-0.42372881,9.83,9.16,3994/5521,9.8,9.83,9.16,9.4,7.097457,5.9543185E7,17,600996,20260417
600348.SH,华阳股份,10.45,0.8687258687258674,9.3,9.26,0.43196544,9.32,9.15,3996/5521,9.26,9.32,9.15,9.3,1.835853,2.9646419E7,17,600348,20260417
002939.SZ,长城证券,8.89,-1.1123470522803074,9.2,9.19,0,9.24,9.14,3997/5521,9.19,9.24,9.14,9.2,1.086956,1.1559135E7,33,002939,20260417
600548.SH,深高速,9.07,0.0,9.16,9.14,-0.43478261,9.21,9.14,3997/5521,9.14,9.21,9.14,9.16,0.760869,2268200,17,600548,20260417
603001.SH,奥康国际,8.23,-2.94811320754717,9.3,9.21,0.21551724,9.4,9.14,3997/5521,9.21,9.4,9.14,9.3,2.801724,6706600,17,603001,20260417
600642.SH,申能股份,9.06,-0.4395604395604302,9.16,9.23,-0.43478261,9.32,9.13,4000/5521,9.23,9.32,9.13,9.16,2.065217,1.544751E7,17,600642,20260417
002908.SZ,德生科技,8.43,-0.5896226415094423,9.16,9.15,-0.54288817,9.25,9.12,4001/5521,9.15,9.25,9.12,9.16,1.411509,5146398,33,002908,20260417
688306.SH,均普智能,9.28,-0.10764262648008383,9.47,9.18,2.93478261,9.55,9.12,4001/5521,9.18,9.55,9.12,9.47,4.673913,1.4295802E7,17,688306,20260417
300333.SZ,兆日科技,9.27,1.311475409836057,9.19,9.3,-1.1827957,9.31,9.11,4003/5521,9.3,9.31,9.11,9.19,2.150537,5573311,33,300333,20260417
688701.SH,卓锦股份,10.2,2.7190332326283944,9.2,9.55,-3.66492147,9.59,9.11,4003/5521,9.55,9.59,9.11,9.2,5.026178,2460597,17,688701,20260417
002195.SZ,岩山科技,8.61,-1.8244013683010278,9.15,9.13,-0.32679739,9.19,9.1,4005/5521,9.13,9.19,9.1,9.15,0.980392,1.26108122E8,33,002195,20260417
300283.SZ,温州宏丰,12.45,2.3848684210526248,9.67,9.2,4.42764579,9.82,9.1,4005/5521,9.2,9.82,9.1,9.67,7.775377,3.9653134E7,33,300283,20260417
600839.SH,四川长虹,8.74,0.807381776239911,9.21,9.11,0.32679739,9.34,9.1,4005/5521,9.11,9.34,9.1,9.21,2.614379,1.28301099E8,17,600839,20260417
920249.BJ,利尔达,9.98,2.044989775051136,11.42,9.2,16.88843398,11.42,9.1,4005/5521,9.2,11.42,9.1,11.42,23.746161,4.3012794E7,151,920249,20260417
000610.SZ,*ST西旅,7.75,-0.7682458386683689,9.18,9.5,-4.87046632,9.5,9.09,4009/5521,9.5,9.5,9.09,9.18,4.248704,3.037681E7,33,000610,20260417
600610.SH,中毅达,9.29,0.10775862068965289,9.19,9.22,-0.32537961,9.25,9.09,4009/5521,9.22,9.25,9.09,9.19,1.735357,1.30393E7,17,600610,20260417
601825.SH,沪农商行,8.98,0.4474272930648873,9.14,9.17,-0.32715376,9.22,9.09,4009/5521,9.17,9.22,9.09,9.14,1.417666,1.3048747E7,17,601825,20260417
600283.SH,钱江水利,9.16,-1.0799136069114432,9.12,9.17,-0.54525627,9.17,9.08,4012/5521,9.17,9.17,9.08,9.12,0.981461,3595825,17,600283,20260417
001965.SZ,招商公路,9.4,0.9667024704618674,9.12,9.22,-1.51187905,9.29,9.07,4013/5521,9.22,9.29,9.07,9.12,2.375809,1.4677801E7,33,001965,20260417
920496.BJ,许昌智能,8.65,-3.4598214285714337,9.48,9.25,2.48648649,9.6,9.06,4014/5521,9.25,9.6,9.06,9.48,5.837837,4299143,151,920496,20260417
002233.SZ,塔牌集团,8.56,-5.622932745314221,9.09,9.25,-1.94174757,9.25,9.05,4015/5521,8.77,8.77,8.57,8.61,2.157497,8482101,33,002233,20260417
002530.SZ,金财互联,9.1,0.9988901220865689,9.21,9.13,0.8762322,9.31,9.05,4015/5521,9.13,9.31,9.05,9.21,2.847754,2.4422955E7,33,002530,20260417
300512.SZ,中亚股份,9.29,1.308615049073056,9.14,9.19,-0.65217391,9.24,9.05,4015/5521,9.19,9.24,9.05,9.14,2.065217,2474800,33,300512,20260417
603106.SH,恒银科技,8.9,2.416570771001161,9.11,9.16,-0.97826087,9.18,9.05,4015/5521,9.16,9.18,9.05,9.11,1.413043,4437800,17,603106,20260417
002036.SZ,联创电子,7.68,-2.7848101265822867,9.12,9.18,-1.19176598,9.2,9.04,4019/5521,9.18,9.2,9.04,9.12,1.733477,2.2837755E7,33,002036,20260417
600916.SH,中国黄金,8.94,0.11198208286673894,9.1,9.11,-0.65502183,9.13,9.04,4019/5521,9.11,9.13,9.04,9.1,0.982532,1.95612E7,17,600916,20260417
603227.SH,雪峰科技,8.61,-0.5773672055427334,9.13,9.71,-7.87083754,9.72,9.02,4021/5521,9.71,9.72,9.02,9.13,7.063572,7.1094445E7,17,603227,20260417
002471.SZ,中超控股,8.46,0.9546539379474948,9.14,9.35,-1.08225108,9.35,9.01,4022/5521,9.35,9.35,9.01,9.14,3.679653,1.94144891E8,33,002471,20260417
601798.SH,蓝科高新,9.11,2.4746906636670287,9.07,9.16,-1.41304348,9.23,9.01,4022/5521,9.16,9.23,9.01,9.07,2.391304,6037500,17,601798,20260417
002405.SZ,四维图新,9.03,1.4606741573033595,9.12,9.09,-0.21881838,9.16,9,4024/5521,9.09,9.16,9,9.12,1.750547,4.4498786E7,33,002405,20260417
603889.SH,新澳股份,8.71,-0.7972665148063612,9.3,9.16,2.64900662,9.5,9,4024/5521,9.16,9.5,9,9.3,5.518763,2.1742242E7,17,603889,20260417
600273.SH,嘉化能源,8.17,-2.2727272727272667,9.04,9.16,-1.31004367,9.19,8.99,4026/5521,9.16,9.19,8.99,9.04,2.183406,1.3285923E7,17,600273,20260417
301039.SZ,中集车辆,8.93,0.0,9.01,9.2,-2.27765727,9.21,8.98,4027/5521,9.2,9.21,8.98,9.01,2.494577,1.2147619E7,33,301039,20260417
688098.SH,申联生物,8.84,-1.0078387458006703,8.99,9.2,-1.4254386,9.25,8.98,4027/5521,9.2,9.25,8.98,8.99,2.960526,5419879,17,688098,20260417
300796.SZ,贝斯美,9.0,2.389078498293525,9.08,9.16,-0.76502732,9.38,8.97,4029/5521,9.16,9.38,8.97,9.08,4.480874,7256000,33,300796,20260417
600718.SH,东软集团,8.84,-0.2257336343115076,9.01,9.1,-1.3143483,9.1,8.95,4030/5521,9.1,9.1,8.95,9.01,1.642935,1.2203675E7,17,600718,20260417
603725.SH,天安新材,9.81,0.0,9.17,9.26,-1.29171152,9.36,8.95,4030/5521,9.26,9.36,8.95,9.17,4.413347,9020800,17,603725,20260417
002332.SZ,仙琚制药,8.77,-0.45402951191828517,9.12,9.04,0.88495575,9.37,8.94,4032/5521,9.04,9.37,8.94,9.12,4.756637,3.0751624E7,33,002332,20260417
603518.SH,锦泓集团,9.95,2.26104830421376,8.97,9.05,-1.53677278,9.09,8.94,4032/5521,9.05,9.09,8.94,8.97,1.646542,3355900,17,603518,20260417
002546.SZ,新联电子,8.22,-0.12150668286755512,8.97,9.1,-2.18102508,9.15,8.93,4034/5521,8.98,9.03,8.81,8.85,2.399127,2.8635329E7,33,002546,20260417
002877.SZ,智能自控,9.13,0.772626931567332,8.99,9.05,-0.44296788,9.06,8.92,4035/5521,9.05,9.06,8.92,8.99,1.550387,6010635,33,002877,20260417
000968.SZ,蓝焰控股,9.15,0.32894736842106514,9.03,9.37,-2.79870829,9.49,8.91,4036/5521,9.37,9.49,8.91,9.03,6.243272,8.1855379E7,33,000968,20260417
002620.SZ,*ST瑞和,9.98,-4.952380952380948,8.9,9.2,-4.81283422,9.26,8.9,4037/5521,9.2,9.26,8.9,8.9,3.850267,2.1051199E7,33,002620,20260417
600721.SH,百花医药,8.43,-1.0563380281690125,8.92,9.04,-1.97802198,9.08,8.9,4037/5521,9.04,9.08,8.9,8.92,1.978021,1.9955711E7,17,600721,20260417
605500.SH,森林包装,9.18,0.6578947368421107,9.05,9.01,0.89186176,9.1,8.9,4037/5521,9.01,9.1,8.9,9.05,2.229654,4474872,17,605500,20260417
688597.SH,煜邦电力,8.36,-0.8303677342823285,8.99,9.01,-0.33259424,9.08,8.9,4037/5521,9.01,9.08,8.9,8.99,1.995565,3375395,17,688597,20260417
000009.SZ,中国宝安,8.65,-6.788793103448266,8.98,8.91,0.44742729,9.01,8.89,4041/5521,8.91,9.01,8.89,8.98,1.342281,1.9022767E7,33,000009,20260417
300825.SZ,阿尔特,9.83,-0.40526849037486473,9.01,8.97,-0.44198895,9.05,8.88,4042/5521,8.97,9.05,8.88,9.01,1.878453,6723700,33,300825,20260417
920402.BJ,硅烷科技,9.07,-4.122621564482035,9.28,8.93,3.80313199,9.35,8.88,4042/5521,8.93,9.35,8.88,9.28,5.25727,6240596,151,920402,20260417
002166.SZ,莱茵生物,8.78,2.211874272409773,8.9,9,-1.33037694,9.08,8.87,4044/5521,9,9.08,8.87,8.9,2.328159,8549560,33,002166,20260417
600004.SH,白云机场,8.73,-2.999999999999995,8.88,8.92,-0.44843049,8.93,8.86,4045/5521,8.92,8.93,8.86,8.88,0.784753,4974800,17,600004,20260417
000042.SZ,中洲控股,9.63,8.568207440811744,8.88,8.91,-0.33670034,8.98,8.85,4046/5521,8.91,8.98,8.85,8.88,1.459034,3573477,33,000042,20260417
600059.SH,古越龙山,8.91,-0.6688963210702397,8.92,8.91,-0.33519553,8.94,8.85,4046/5521,8.91,8.94,8.85,8.92,1.005586,4546600,17,600059,20260417
600153.SH,建发股份,9.51,0.955414012738852,9.0,8.94,0.44642857,9.04,8.85,4046/5521,8.94,9.04,8.85,9.0,2.120535,9278233,17,600153,20260417
600156.SH,华升股份,10.8,-3.3124440465532605,9.26,8.98,9.97624703,9.26,8.85,4046/5521,8.98,9.26,8.85,9.26,4.869358,4.0998061E7,17,600156,20260417
601086.SH,国芳集团,8.93,9.975369458128087,9.0,9.03,-0.11098779,9.11,8.85,4046/5521,9.03,9.11,8.85,9.0,2.885682,1.09742E7,17,601086,20260417
000987.SZ,越秀资本,9.0,-3.2258064516129106,8.96,8.86,0.44843049,9,8.84,4051/5521,8.86,9,8.84,8.96,1.793721,4.1136152E7,33,000987,20260417
603801.SH,志邦家居,8.74,-1.9079685746352404,8.9,9.05,-1.43964563,9.06,8.83,4052/5521,9.05,9.06,8.83,8.9,2.547065,3118992,17,603801,20260417
002098.SZ,浔兴股份,8.62,0.5834305717619479,8.87,9.02,-1.66297118,9.02,8.81,4053/5521,9.02,9.02,8.81,8.87,2.328159,2963850,33,002098,20260417
002661.SZ,克明食品,8.92,-1.7621145374449354,8.86,8.99,-1.66481687,9.03,8.81,4053/5521,8.99,9.03,8.81,8.86,2.441731,3116000,33,002661,20260417
601298.SH,青岛港,8.85,-1.8847006651884695,8.89,8.85,0.22547914,8.97,8.81,4053/5521,8.85,8.97,8.81,8.89,1.803833,8394427,17,601298,20260417
920717.BJ,瑞星股份,9.13,2.584269662921353,9.25,8.91,3.81593715,9.34,8.81,4053/5521,8.91,9.34,8.81,9.25,5.948372,1777405,151,920717,20260417
001258.SZ,立新能源,9.01,-1.6375545851528424,9.06,8.86,1.91226097,9.08,8.8,4057/5521,8.86,9.08,8.8,9.06,3.149606,3.05829E7,33,001258,20260417
600830.SH,香溢融通,9.9,-2.3668639053254457,8.82,8.9,-0.67567568,8.95,8.8,4057/5521,8.9,8.95,8.8,8.82,1.689189,3711200,17,600830,20260417
601512.SH,中新集团,10.06,-4.190476190476185,8.89,8.9,-0.11235955,8.94,8.8,4057/5521,8.9,8.94,8.8,8.89,1.573033,2756400,17,601512,20260417
603987.SH,康德莱,8.4,-0.23752969121139636,8.85,8.91,-1.00671141,8.91,8.8,4057/5521,8.91,8.91,8.8,8.85,1.230425,3790300,17,603987,20260417
000876.SZ,新希望,8.73,0.11467889908256636,8.8,8.88,-1.2345679,8.9,8.78,4061/5521,8.88,8.9,8.78,8.8,1.346801,3.2173726E7,33,000876,20260417
002114.SZ,罗平锌电,9.0,-1.746724890829696,8.91,8.81,1.13507378,9.24,8.78,4061/5521,8.81,9.24,8.78,8.91,5.221339,1.21985E7,33,002114,20260417
002400.SZ,省广集团,8.96,5.660377358490571,8.93,8.86,0.56306306,8.97,8.78,4061/5521,8.86,8.97,8.78,8.93,2.139639,9.2372899E7,33,002400,20260417
600428.SH,中远海特,8.56,-0.23310023310022812,9.04,9.05,-0.76838639,9.13,8.78,4061/5521,9.05,9.13,8.78,9.04,3.841931,2.9383703E7,17,600428,20260417
920469.BJ,富恒新材,6.95,-19.091967403958087,9.26,8.83,4.51467269,9.47,8.78,4061/5521,8.83,9.47,8.78,9.26,7.78781,3617821,151,920469,20260417
600510.SH,黑牡丹,11.06,0.7285974499089259,9.16,8.87,3.26944758,9.37,8.76,4066/5521,8.87,9.37,8.76,9.16,6.877113,1.8719062E7,17,600510,20260417
301078.SZ,孩子王,8.84,-0.2257336343115076,8.87,8.8,0.2259887,8.92,8.73,4067/5521,8.8,8.92,8.73,8.87,2.146892,2.3402033E7,33,301078,20260417
603366.SH,日出东方,8.36,-0.2386634844868896,8.76,8.92,-1.79372197,8.93,8.73,4067/5521,8.92,8.93,8.73,8.76,2.242152,1.6482883E7,17,603366,20260417
300513.SZ,恒实科技,9.08,1.6797312430011238,8.85,8.94,-1.11731844,8.94,8.72,4069/5521,8.94,8.94,8.72,8.85,2.4581,7002830,33,300513,20260417
600232.SH,金鹰股份,8.58,0.3508771929824486,8.8,8.73,0.11376564,8.86,8.72,4069/5521,8.73,8.86,8.72,8.8,1.592718,7295420,17,600232,20260417
600757.SH,长江传媒,8.61,-1.0344827586206882,8.75,8.76,-0.68104427,8.79,8.72,4069/5521,8.76,8.79,8.72,8.75,0.794551,7424633,17,600757,20260417
920553.BJ,凯腾精工,8.88,3.2558139534883854,9.05,8.8,2.95790671,9.25,8.72,4069/5521,8.75,9.2,8.67,9.0,6.029579,2074843,151,920553,20260417
000705.SZ,浙江震元,8.26,0.24271844660193656,8.8,8.94,-1.78571429,8.94,8.71,4073/5521,8.94,8.94,8.71,8.8,2.566964,7266700,33,000705,20260417
600821.SH,金开新能,7.8,-10.03460207612457,9.08,8.71,2.48306998,9.3,8.71,4073/5521,8.71,9.3,8.71,9.08,6.659142,3.35848415E8,17,600821,20260417
000779.SZ,甘咨询,8.86,0.5675368898978312,8.75,8.95,-2.34375,8.96,8.7,4075/5521,8.95,8.96,8.7,8.75,2.901785,7709201,33,000779,20260417
002243.SZ,力合科创,8.53,-1.158748551564327,8.8,8.84,-0.33975085,8.9,8.7,4075/5521,8.84,8.9,8.7,8.8,2.265005,9049404,33,002243,20260417
002498.SZ,汉缆股份,8.72,-3.3259423503325825,8.83,8.82,-1.77975528,9.15,8.7,4075/5521,8.82,9.15,8.7,8.83,5.005561,2.47862419E8,33,002498,20260417
601022.SH,宁波远洋,8.66,-0.8018327605956505,8.89,8.81,0.79365079,8.9,8.7,4075/5521,8.81,8.9,8.7,8.89,2.267573,8908926,17,601022,20260417
600133.SH,东湖高新,8.98,1.0123734533183335,8.75,8.79,-0.79365079,8.85,8.69,4079/5521,8.79,8.85,8.69,8.75,1.814058,1.7129235E7,17,600133,20260417
300466.SZ,赛摩智能,9.12,1.5590200445434164,8.77,8.76,-0.34090909,8.81,8.68,4080/5521,8.76,8.81,8.68,8.77,1.477272,4327860,33,300466,20260417
920378.BJ,泰德股份,8.66,4.08653846153846,9.13,8.84,3.39750849,9.22,8.68,4080/5521,8.84,9.22,8.68,9.13,6.115515,1895166,151,920378,20260417
601985.SH,中国核电,8.99,0.0,8.69,8.74,-0.79908676,8.75,8.66,4082/5521,8.74,8.75,8.66,8.69,1.027397,1.119303E8,17,601985,20260417
002511.SZ,中顺洁柔,8.53,-3.2879818594104413,8.68,8.81,-1.58730159,8.88,8.65,4083/5521,8.81,8.88,8.65,8.68,2.607709,2.4005741E7,33,002511,20260417
600774.SH,汉商集团,8.78,0.22831050228310015,8.7,8.85,-2.13723285,8.9,8.64,4084/5521,8.85,8.9,8.64,8.7,2.924634,4362900,17,600774,20260417
920682.BJ,球冠电缆,8.51,-4.4893378226711596,8.99,8.77,2.50855188,9.1,8.63,4085/5521,8.77,9.1,8.63,8.99,5.359179,6068758,151,920682,20260417
002490.SZ,山东墨龙,10.06,1.0040160642570244,8.69,8.85,-1.25,8.87,8.62,4086/5521,8.85,8.87,8.62,8.69,2.840909,3.229263E7,33,002490,20260417
002129.SZ,TCL中环,8.66,0.46403712296984834,8.67,8.71,-1.02739726,8.76,8.61,4087/5521,8.71,8.76,8.61,8.67,1.712328,6.3260537E7,33,002129,20260417
300193.SZ,佳士科技,8.84,-1.1185682326621884,8.64,8.69,-0.68965517,8.71,8.61,4087/5521,8.69,8.71,8.61,8.64,1.149425,5182040,33,300193,20260417
300460.SZ,ST惠伦,9.39,-0.21253985122209962,8.86,8.63,2.42774566,9,8.61,4087/5521,8.63,9,8.61,8.86,4.50867,5993700,33,300460,20260417
600109.SH,国金证券,8.97,-0.22246941045605753,8.65,8.68,-0.46029919,8.7,8.61,4087/5521,8.68,8.7,8.61,8.65,1.035673,1.5551743E7,17,600109,20260417
603326.SH,我乐家居,8.7,-3.2258064516129132,8.65,8.81,-1.25570776,8.81,8.61,4087/5521,8.81,8.81,8.61,8.65,2.283105,2815000,17,603326,20260417
603223.SH,恒通股份,9.03,-0.6600660066006655,8.83,8.67,1.7281106,8.91,8.6,4092/5521,8.67,8.91,8.6,8.83,3.571428,1.2501074E7,17,603223,20260417
300507.SZ,苏奥传感,8.16,-0.8505467800729074,8.86,8.65,2.19146482,8.93,8.59,4093/5521,8.65,8.93,8.59,8.86,3.921568,1.8325845E7,33,300507,20260417
600271.SH,航天信息,8.41,1.8159806295399559,8.72,8.68,0.46082949,8.76,8.59,4093/5521,8.68,8.76,8.59,8.72,1.958525,1.6331397E7,17,600271,20260417
600810.SH,神马股份,7.64,0.9247027741083144,8.64,8.61,0,8.84,8.59,4093/5521,8.61,8.84,8.59,8.64,2.893518,1.3778227E7,17,600810,20260417
603012.SH,创力集团,8.66,-0.9153318077803212,8.8,8.67,1.61662818,8.85,8.59,4093/5521,8.67,8.85,8.59,8.8,3.002309,1.5741717E7,17,603012,20260417
920198.BJ,微创光电,8.7,1.1627906976744145,9.01,8.7,3.56321839,9.17,8.59,4093/5521,8.7,9.17,8.59,9.01,6.666666,3030068,151,920198,20260417
002068.SZ,黑猫股份,9.51,6.138392857142844,8.76,8.76,0,8.85,8.58,4098/5521,8.76,8.85,8.58,8.76,3.082191,1.4423501E7,33,002068,20260417
002469.SZ,三维化学,7.19,-1.1004126547455184,8.6,8.84,-2.93453725,8.86,8.57,4099/5521,8.84,8.86,8.57,8.6,3.273137,1.60958E7,33,002469,20260417
002521.SZ,齐峰新材,8.35,0.24009603841536103,8.65,8.7,-1.14285714,8.75,8.57,4099/5521,8.7,8.75,8.57,8.65,2.057142,7702427,33,002521,20260417
002660.SZ,茂硕电源,8.94,0.11198208286673894,8.63,8.6,0,8.69,8.57,4099/5521,8.6,8.69,8.57,8.63,1.390498,3685220,33,002660,20260417
002926.SZ,华西证券,8.72,-0.11454753722794715,8.6,8.6,-0.23201856,8.64,8.56,4102/5521,8.6,8.64,8.56,8.6,0.928074,9988792,33,002926,20260417
603838.SH,*ST四通,8.97,0.7865168539325874,8.88,8.55,-1.33333333,9.02,8.55,4103/5521,8.55,9.02,8.55,8.88,5.222222,6295940,22,603838,20260417
600888.SH,新疆众和,8.62,-1.7103762827822162,8.7,8.56,1.1627907,8.72,8.54,4104/5521,8.56,8.72,8.54,8.7,2.093023,2.683374E7,17,600888,20260417
688285.SH,高铁电气,9.45,2.9411764705882306,8.68,8.71,-0.34443169,8.74,8.54,4104/5521,8.71,8.74,8.54,8.68,2.296211,3293980,17,688285,20260417
002966.SZ,苏州银行,8.52,-0.3508771929824694,8.67,8.65,0.81395349,8.69,8.53,4106/5521,8.65,8.69,8.53,8.67,1.860465,2.2254117E7,33,002966,20260417
002234.SZ,民和股份,8.65,0.0,8.57,8.76,-2.05714286,8.76,8.52,4107/5521,8.76,8.76,8.52,8.57,2.742857,5128863,33,002234,20260417
600172.SH,黄河旋风,8.43,1.3221153846153777,8.77,8.62,0,8.99,8.52,4107/5521,8.62,8.99,8.52,8.77,5.359179,1.12451911E8,17,600172,20260417
601117.SH,中国化学,8.6,-0.692840646651276,8.57,8.64,-1.03926097,8.66,8.52,4107/5521,8.64,8.66,8.52,8.57,1.616628,8.0622616E7,17,601117,20260417
300279.SZ,和晶科技,7.87,-0.12690355329948969,8.64,8.63,-1.14416476,8.69,8.51,4110/5521,8.63,8.69,8.51,8.64,2.059496,1.523892E7,33,300279,20260417
301098.SZ,金埔园林,9.45,0.5319148936170099,8.57,8.69,-1.38089758,8.71,8.51,4110/5521,8.69,8.71,8.51,8.57,2.301495,4267950,33,301098,20260417
001979.SZ,招商蛇口,8.7,-1.4722536806342104,8.85,8.55,3.75146542,9,8.5,4112/5521,8.55,9,8.5,8.85,5.861664,8.484715E7,33,001979,20260417
300132.SZ,青松股份,9.44,-0.21141649048627217,8.9,8.52,5.07674144,8.99,8.5,4112/5521,8.52,8.99,8.5,8.9,5.785123,3.483535E7,33,300132,20260417
000655.SZ,金岭矿业,8.3,-1.4251781472683993,8.55,8.55,-0.58139535,8.66,8.48,4114/5521,8.55,8.66,8.48,8.55,2.093023,9795812,33,000655,20260417
300692.SZ,中赋科技,9.11,3.7585421412300692,8.66,8.62,0.46403712,8.68,8.48,4114/5521,8.62,8.68,8.48,8.66,2.320185,1.3235333E7,33,300692,20260417
600064.SH,南京高科,8.03,-0.7416563658838133,8.58,8.5,1.17924528,8.64,8.48,4114/5521,8.5,8.64,8.48,8.58,1.886792,1.5018503E7,17,600064,20260417
600371.SH,万向德农,8.79,1.1507479861910201,8.64,8.64,-0.23094688,8.76,8.48,4114/5521,8.64,8.76,8.48,8.64,3.233256,5697800,17,600371,20260417
600595.SH,中孚实业,7.73,-2.7672955974842735,8.85,8.48,3.02677532,8.9,8.48,4114/5521,8.48,8.9,8.48,8.85,4.889406,6.8911317E7,17,600595,20260417
688609.SH,九联科技,10.15,1.3986013986014043,8.71,8.48,2.1101993,8.76,8.47,4119/5521,8.48,8.76,8.47,8.71,3.399765,1.0953051E7,17,688609,20260417
000501.SZ,武商集团,8.38,-0.11918951132300103,8.51,8.58,-1.04651163,8.6,8.45,4120/5521,8.58,8.6,8.45,8.51,1.744186,5334685,33,000501,20260417
300387.SZ,富邦科技,9.19,0.21810250817883942,8.53,8.61,-0.92915215,8.63,8.44,4121/5521,8.61,8.63,8.44,8.53,2.206736,6806200,33,300387,20260417
600328.SH,中盐化工,8.1,-7.5342465753424674,8.54,8.52,-0.46620047,8.66,8.44,4121/5521,8.52,8.66,8.44,8.54,2.564102,1.9034134E7,17,600328,20260417
000683.SZ,博源化工,8.96,-1.5384615384615252,8.44,8.65,-2.5404157,8.65,8.43,4123/5521,8.65,8.65,8.43,8.44,2.540415,4.6351242E7,33,000683,20260417
002320.SZ,海峡股份,8.5,1.796407185628747,8.5,8.59,-1.04772992,8.59,8.43,4123/5521,8.55,8.55,8.39,8.46,1.86263,1.2565091E7,33,002320,20260417
300253.SZ,卫宁健康,8.64,1.1709601873536468,8.52,8.54,-1.04529617,8.58,8.42,4125/5521,8.54,8.58,8.42,8.52,1.858304,4.1340165E7,33,300253,20260417
600198.SH,大唐电信,8.4,-0.8264462809917388,8.5,8.45,0.35419126,8.54,8.42,4125/5521,8.45,8.54,8.42,8.5,1.416765,1.24957E7,17,600198,20260417
600373.SH,中文传媒,8.3,-0.12033694344163401,8.49,8.49,-0.46893318,8.52,8.42,4125/5521,8.49,8.52,8.42,8.49,1.172332,6443571,17,600373,20260417
300891.SZ,惠云钛业,8.6,-1.8264840182648419,8.44,8.41,-0.47169811,8.65,8.41,4128/5521,8.41,8.65,8.41,8.44,2.830188,6803400,33,300891,20260417
600490.SH,鹏欣资源,8.19,-1.4440433212996509,8.48,8.47,-0.58616647,8.58,8.41,4128/5521,8.47,8.58,8.41,8.48,1.992966,4.2139619E7,17,600490,20260417
600818.SH,ST中路,7.77,-5.012224938875308,8.44,8.57,-1.97444832,8.6,8.41,4128/5521,8.57,8.6,8.41,8.44,2.206736,4060300,22,600818,20260417
603028.SH,赛福天,8.68,1.0477299185098936,8.51,8.55,-0.35128806,8.57,8.41,4128/5521,8.55,8.57,8.41,8.51,1.873536,3117850,17,603028,20260417
002543.SZ,万和电气,8.25,-0.6024096385542254,8.5,8.54,-0.70093458,8.55,8.4,4132/5521,8.54,8.55,8.4,8.5,1.752336,4335100,33,002543,20260417
300264.SZ,佳创视讯,9.36,5.286839145106849,8.72,8.64,0.92592593,8.82,8.4,4132/5521,8.64,8.82,8.4,8.72,4.861111,1.82326E7,33,300264,20260417
002065.SZ,东华软件,8.23,0.0,8.45,8.43,-0.23612751,8.49,8.39,4134/5521,8.43,8.49,8.39,8.45,1.180637,2.6220798E7,33,002065,20260417
002928.SZ,华夏航空,7.92,-1.246882793017452,8.45,8.52,-1.05386417,8.53,8.39,4134/5521,8.52,8.53,8.39,8.45,1.639344,1.7536179E7,33,002928,20260417
002054.SZ,德美化工,8.63,5.889570552147244,8.45,8.53,-1.51515152,8.64,8.38,4136/5521,8.46,8.57,8.31,8.38,3.030303,1.8177374E7,33,002054,20260417
002644.SZ,佛慈制药,8.39,2.0681265206812642,8.43,8.66,-2.5433526,8.66,8.38,4136/5521,8.66,8.66,8.38,8.43,3.236994,6534200,33,002644,20260417
600730.SH,*ST高科,8.97,5.0351288056206265,8.6,8.75,-2.27272727,8.8,8.38,4136/5521,8.75,8.8,8.38,8.6,4.772727,2.09773E7,22,600730,20260417
601065.SH,江盐集团,8.29,0.12077294685990082,8.41,8.4,-0.11876485,8.45,8.38,4136/5521,8.4,8.45,8.38,8.41,0.831353,3391708,17,601065,20260417
605388.SH,均瑶健康,7.01,2.6354319180087806,8.87,8.4,10.04962779,8.87,8.38,4136/5521,8.4,8.87,8.38,8.87,6.079404,4.6585356E7,17,605388,20260417
000011.SZ,深物业A,8.07,0.0,8.51,8.37,1.43027414,8.63,8.37,4141/5521,8.37,8.63,8.37,8.51,3.098927,7558101,33,000011,20260417
002363.SZ,隆基机械,8.4,1.3268998793727529,8.52,8.46,0.23529412,8.53,8.37,4141/5521,8.46,8.53,8.37,8.52,1.882352,1.1694992E7,33,002363,20260417
002658.SZ,雪迪龙,8.51,-2.183908045977006,8.43,8.53,-1.17233294,8.55,8.37,4141/5521,8.53,8.55,8.37,8.43,2.110199,6968102,33,002658,20260417
002313.SZ,日海智能,9.61,-3.7074148296593283,8.45,8.56,-1.16959064,8.57,8.36,4144/5521,8.56,8.57,8.36,8.45,2.45614,4761600,33,002313,20260417
600497.SH,驰宏锌锗,8.98,-0.9922822491730965,8.85,8.4,5.48271752,9.03,8.36,4144/5521,8.4,9.03,8.36,8.85,7.985697,2.01038089E8,17,600497,20260417
002745.SZ,木林森,9.49,0.4232804232804331,8.69,8.37,3.20665083,8.93,8.34,4146/5521,8.37,8.93,8.34,8.69,7.007125,7.1946285E7,33,002745,20260417
000626.SZ,远大控股,9.35,1.6304347826086996,8.38,8.46,-0.82840237,8.6,8.33,4147/5521,8.46,8.6,8.33,8.38,3.195266,1.4865802E7,33,000626,20260417
002693.SZ,*ST双成,8.58,-0.3484320557491215,8.5,8.36,1.67464115,8.61,8.33,4147/5521,8.36,8.61,8.33,8.5,3.349282,1.43644E7,33,002693,20260417
600192.SH,长城电工,8.26,0.36452004860266535,8.36,8.41,-1.2987013,8.47,8.33,4147/5521,8.41,8.47,8.33,8.36,1.652892,5972200,17,600192,20260417
600851.SH,海欣股份,8.33,-0.5966587112171922,8.5,8.38,1.07015458,8.53,8.33,4147/5521,8.38,8.53,8.33,8.5,2.378121,1.20408E7,17,600851,20260417
002609.SZ,捷顺科技,8.6,3.9903264812575583,8.4,8.47,-0.94339623,8.59,8.32,4151/5521,8.47,8.59,8.32,8.4,3.183962,7295900,33,002609,20260417
300942.SZ,易瑞生物,7.89,0.0,8.38,8.53,-1.8735363,8.55,8.32,4151/5521,8.53,8.55,8.32,8.38,2.693208,5726995,33,300942,20260417
002037.SZ,保利联合,8.55,-1.2702078521939888,8.39,8.46,-1.06132075,8.49,8.31,4153/5521,8.46,8.49,8.31,8.39,2.122641,6066821,33,002037,20260417
002137.SZ,实益达,8.26,-0.12091898428052947,8.4,8.31,0.5988024,8.44,8.3,4154/5521,8.31,8.44,8.3,8.4,1.676646,7746800,33,002137,20260417
002719.SZ,ST麦趣,7.66,-4.844720496894417,8.35,8.6,-2.1101993,8.6,8.29,4155/5521,8.6,8.6,8.29,8.35,3.634232,5113000,33,002719,20260417
002340.SZ,格林美,9.14,-5.186721991701244,8.49,8.31,2.16606498,8.55,8.28,4156/5521,8.31,8.55,8.28,8.49,3.249097,1.95051072E8,33,002340,20260417
000686.SZ,东北证券,8.67,0.5800464037123053,8.3,8.33,-0.5988024,8.35,8.27,4157/5521,8.33,8.35,8.27,8.3,0.958083,1.0900215E7,33,000686,20260417
002519.SZ,银河电子,8.13,3.172588832487321,8.46,8.29,1.56062425,8.6,8.25,4158/5521,8.29,8.6,8.25,8.46,4.20168,1.04067256E8,33,002519,20260417
601108.SH,财通证券,8.27,0.608272506082712,8.31,8.3,0,8.35,8.25,4158/5521,8.3,8.35,8.25,8.31,1.203369,2.8439093E7,17,601108,20260417
000050.SZ,深天马A,7.62,-6.845965770171144,8.34,8.27,0.60313631,8.38,8.24,4160/5521,8.27,8.38,8.24,8.34,1.688781,1.82099E7,33,000050,20260417
300154.SZ,瑞凌股份,8.91,4.332552693208443,8.3,8.41,-1.30796671,8.45,8.24,4160/5521,8.41,8.45,8.24,8.3,2.497027,5257900,33,300154,20260417
601555.SH,东吴证券,8.04,-0.7407407407407469,8.28,8.31,-0.36101083,8.32,8.24,4160/5521,8.31,8.32,8.24,8.28,0.962695,2.9932272E7,17,601555,20260417
603825.SH,ST华扬,8.77,-0.7918552036199127,8.25,8.33,-1.55131265,8.38,8.23,4163/5521,8.33,8.38,8.23,8.25,1.789976,1140500,22,603825,20260417
920786.BJ,骑士乳业,8.3,0.3627569528416099,8.68,8.39,3.7037037,8.68,8.23,4163/5521,8.39,8.68,8.23,8.68,5.376344,1.0157799E7,151,920786,20260417
002264.SZ,新华都,8.35,0.6024096385542039,8.29,8.35,-1.07398568,8.35,8.22,4165/5521,8.35,8.35,8.22,8.29,1.551312,1.64913E7,33,002264,20260417
002685.SZ,华东重机,9.15,9.975961538461538,8.45,8.39,0.11848341,8.55,8.22,4165/5521,8.39,8.55,8.22,8.45,3.909952,6.1886076E7,33,002685,20260417
300621.SZ,维业股份,9.09,1.3377926421404593,8.3,8.41,-1.19047619,8.47,8.22,4165/5521,8.41,8.47,8.22,8.3,2.97619,4154751,33,300621,20260417
600789.SH,鲁抗医药,8.14,-0.24509803921568105,8.25,8.37,-1.55131265,8.4,8.22,4165/5521,8.37,8.4,8.22,8.25,2.147971,1.289733E7,17,600789,20260417
600827.SH,百联股份,8.27,0.36407766990290485,8.23,8.38,-1.90703218,8.39,8.22,4165/5521,8.38,8.39,8.22,8.23,2.026221,1.246077E7,17,600827,20260417
688602.SH,康鹏科技,7.98,-0.24999999999999467,8.3,8.22,0.36275695,8.35,8.22,4165/5521,8.22,8.35,8.22,8.3,1.571946,9535592,17,688602,20260417
301558.SZ,三态股份,8.27,0.608272506082712,8.28,8.3,-0.36101083,8.35,8.21,4171/5521,8.3,8.35,8.21,8.28,1.684717,5471141,33,301558,20260417
603535.SH,嘉诚国际,7.93,-2.3399014778325062,8.26,8.41,-1.90023753,8.42,8.21,4171/5521,8.41,8.42,8.21,8.26,2.494061,3546536,17,603535,20260417
600100.SH,同方股份,7.98,-0.12515644555694352,8.33,8.25,0.72551391,8.37,8.2,4173/5521,8.25,8.37,8.2,8.33,2.055622,4.1236619E7,17,600100,20260417
600834.SH,申通地铁,8.02,-2.195121951219509,8.23,8.33,-1.43712575,8.33,8.2,4173/5521,8.33,8.33,8.2,8.23,1.556886,2749101,17,600834,20260417
002434.SZ,万里扬,7.1,-1.3888888888888962,8.26,8.25,-0.24154589,8.3,8.19,4175/5521,8.25,8.3,8.19,8.26,1.328502,1.18895E7,33,002434,20260417
605368.SH,蓝天燃气,7.77,-0.2567394094993641,8.23,8.22,-0.12135922,8.25,8.19,4175/5521,8.22,8.25,8.19,8.23,0.728155,2579300,17,605368,20260417
300211.SZ,*ST亿通,8.9,1.7142857142857184,8.3,8.36,-1.0727056,8.42,8.18,4177/5521,8.36,8.42,8.18,8.3,2.860548,3499900,33,300211,20260417
601998.SH,中信银行,8.41,0.1190476190476165,8.19,8.29,-1.20627262,8.3,8.18,4177/5521,8.29,8.3,8.18,8.19,1.447527,2.935698E7,17,601998,20260417
603065.SH,宿迁联盛,8.27,-0.24125452352231092,8.24,8.31,-0.96153846,8.34,8.18,4177/5521,8.31,8.34,8.18,8.24,1.923076,3939500,17,603065,20260417
000544.SZ,中原环保,8.45,-0.3537735849056738,8.19,8.26,-0.96735187,8.27,8.17,4180/5521,8.26,8.27,8.17,8.19,1.209189,3616050,33,000544,20260417
300272.SZ,开能健康,7.49,-3.1047865459249704,8.21,8.4,-2.84023669,8.41,8.17,4180/5521,8.4,8.41,8.17,8.21,2.840236,2.4296395E7,33,300272,20260417
603421.SH,鼎信通讯,8.19,-1.798561151079141,8.21,8.26,-1.44057623,8.36,8.17,4180/5521,8.26,8.36,8.17,8.21,2.280912,1.66414E7,17,603421,20260417
601101.SH,昊华能源,11.69,6.855575868372943,8.18,8.31,-2.03592814,8.39,8.15,4183/5521,8.31,8.39,8.15,8.18,2.874251,9999484,17,601101,20260417
920339.BJ,恒太照明,8.14,0.12300123001229749,8.41,8.25,2.31143552,8.5,8.15,4183/5521,8.25,8.5,8.15,8.41,4.257907,1679006,151,920339,20260417
002387.SZ,维信诺,8.08,0.0,8.21,8.18,0.24420024,8.28,8.14,4185/5521,8.18,8.28,8.14,8.21,1.709401,1.0332344E7,33,002387,20260417
605066.SH,天正电气,8.06,4.539559014267192,8.24,8.28,-0.72289157,8.3,8.14,4185/5521,8.28,8.3,8.14,8.24,1.92771,1.021531E7,17,605066,20260417
002279.SZ,久其软件,7.52,-5.408805031446548,8.18,8.25,-0.72815534,8.26,8.13,4187/5521,8.25,8.26,8.13,8.18,1.577669,1.68716E7,33,002279,20260417
603878.SH,武进不锈,7.95,-1.730531520395546,8.26,8.27,-0.12091898,8.33,8.13,4187/5521,8.27,8.33,8.13,8.26,2.418379,2.7241851E7,17,603878,20260417
603528.SH,多伦科技,7.72,-4.9261083743842295,8.2,8.22,-0.48543689,8.25,8.12,4189/5521,8.22,8.25,8.12,8.2,1.577669,5127294,17,603528,20260417
000848.SZ,承德露露,8.9,-0.22421524663676654,8.16,8.16,-0.24449878,8.2,8.11,4190/5521,8.16,8.2,8.11,8.16,1.100244,5267855,33,000848,20260417
002103.SZ,广博股份,7.99,-1.2360939431396742,8.16,8.21,-1.21065375,8.27,8.11,4190/5521,8.21,8.27,8.11,8.16,1.937046,5694660,33,002103,20260417
002334.SZ,英威腾,7.8,0.3861003861003893,8.39,8.61,-6.88124306,8.63,8.11,4190/5521,8.61,8.63,8.11,8.39,5.771365,1.05846616E8,33,002334,20260417
002761.SZ,浙江建投,8.37,0.35971223021581966,8.17,8.18,-0.36585366,8.21,8.11,4190/5521,8.18,8.21,8.11,8.17,1.219512,6807867,33,002761,20260417
301062.SZ,上海艾录,8.08,-0.8588957055214759,8.17,8.22,-1.20918984,8.29,8.11,4190/5521,8.22,8.29,8.11,8.17,2.176541,5390900,33,301062,20260417
688033.SH,天宜新材,8.23,0.0,8.35,8.27,0.84541063,8.44,8.11,4190/5521,8.27,8.44,8.11,8.35,3.985507,1.3959593E7,17,688033,20260417
688096.SH,京源环保,8.38,-0.4750593824227927,8.17,8.5,-3.54191263,8.52,8.11,4190/5521,8.5,8.52,8.11,8.17,4.840613,5969063,17,688096,20260417
002331.SZ,皖通科技,9.27,-0.21528525296016765,8.16,8.31,-2.2754491,8.35,8.1,4197/5521,8.31,8.35,8.1,8.16,2.994011,7787400,33,002331,20260417
300215.SZ,电科院,8.56,-0.46511627906975755,8.13,8.29,-3.78698225,8.35,8.1,4197/5521,8.29,8.35,8.1,8.13,2.958579,2.92126E7,33,300215,20260417
300369.SZ,绿盟科技,7.34,-1.6085790884718514,8.19,8.26,-1.20627262,8.29,8.1,4197/5521,8.26,8.29,8.1,8.19,2.291917,2.1617585E7,33,300369,20260417
600551.SH,时代出版,8.12,-0.6119951040391763,8.22,8.14,0.24390244,8.25,8.1,4197/5521,8.14,8.25,8.1,8.22,1.829268,3325039,17,600551,20260417
001313.SZ,粤海饲料,8.47,-0.9356725146198838,8.43,8.09,3.56265356,8.78,8.09,4201/5521,8.09,8.78,8.09,8.43,8.476658,2.47923E7,33,001313,20260417
002561.SZ,徐家汇,8.14,0.24630541871922848,8.18,8.11,0.98765432,8.26,8.09,4201/5521,8.11,8.26,8.09,8.18,2.098765,6313197,33,002561,20260417
002592.SZ,ST八菱,7.94,-0.37641154328731946,8.1,8.27,-2.17391304,8.33,8.09,4201/5521,8.27,8.33,8.09,8.1,2.89855,4362944,33,002592,20260417
003016.SZ,欣贺股份,8.55,0.8254716981132109,8.13,8.28,-1.45454545,8.35,8.09,4201/5521,8.28,8.35,8.09,8.13,3.151515,3666600,33,003016,20260417
300527.SZ,ST应急,8.15,-0.12254901960784052,8.12,8.16,-0.49019608,8.16,8.09,4201/5521,8.16,8.16,8.09,8.12,0.857843,5873618,33,300527,20260417
603689.SH,皖天然气,8.43,0.8373205741626829,8.1,8.13,-0.49140049,8.15,8.09,4201/5521,8.13,8.15,8.09,8.1,0.7371,3270420,17,603689,20260417
600080.SH,ST金花,7.62,-4.9875311720698186,8.1,8.3,-2.29191797,8.3,8.08,4207/5521,8.3,8.3,8.08,8.1,2.653799,7891700,22,600080,20260417
603633.SH,徕木股份,8.28,1.3463892288861619,8.44,8.08,3.43137255,8.66,8.08,4207/5521,8.08,8.66,8.08,8.44,7.107843,2.6071207E7,17,603633,20260417
000635.SZ,英力特,8.16,-1.0909090909090893,8.12,8.18,-0.85470085,8.3,8.07,4209/5521,8.18,8.3,8.07,8.12,2.808302,4146000,33,000635,20260417
603357.SH,设计总院,7.72,-5.276073619631909,8.1,8.16,-0.73529412,8.16,8.07,4209/5521,8.16,8.16,8.07,8.1,1.102941,3028456,17,603357,20260417
920729.BJ,永顺生物,7.91,1.4102564102564144,8.32,8.19,2.08588957,8.42,8.07,4209/5521,8.19,8.42,8.07,8.32,4.294478,2001892,151,920729,20260417
000803.SZ,山高环能,8.79,3.9007092198581357,8.18,8.28,-1.32689988,8.28,8.06,4212/5521,8.28,8.28,8.06,8.18,2.653799,1.450152E7,33,000803,20260417
300061.SZ,旗天科技,9.59,-0.6217616580310932,8.14,8.15,-0.48899756,8.19,8.06,4212/5521,8.15,8.19,8.06,8.14,1.589242,7270000,33,300061,20260417
300313.SZ,*ST天山,8.51,-1.390498261877184,8.11,8.31,-2.75779376,8.31,8.06,4212/5521,8.31,8.31,8.06,8.11,2.997601,3532700,33,300313,20260417
002347.SZ,泰尔股份,8.13,3.4351145038168,8.3,8.24,0.4842615,8.35,8.05,4215/5521,8.24,8.35,8.05,8.3,3.631961,3.04864E7,33,002347,20260417
002449.SZ,国星光电,7.93,0.7623888182973266,8.22,8.07,1.48148148,8.24,8.05,4215/5521,8.07,8.24,8.05,8.22,2.345679,1.391992E7,33,002449,20260417
000157.SZ,中联重科,7.95,-1.972872996300854,8.07,8.16,-1.58536585,8.16,8.04,4217/5521,8.16,8.16,8.04,8.07,1.463414,9.8180259E7,33,000157,20260417
000543.SZ,皖能电力,8.08,-0.12360939431396523,8.07,8.1,-0.73800738,8.14,8.04,4217/5521,8.1,8.14,8.04,8.07,1.230012,2.4619117E7,33,000543,20260417
000791.SZ,甘肃能源,8.06,-3.5885167464114707,8.27,8.08,1.72201722,8.35,8.04,4217/5521,8.08,8.35,8.04,8.27,3.813038,6.9871566E7,33,000791,20260417
002598.SZ,ST章鼓,8.09,-0.736196319018411,8.09,8.2,-1.70109356,8.21,8.04,4217/5521,8.2,8.21,8.04,8.09,2.065613,9455977,33,002598,20260417
000721.SZ,西安饮食,7.59,-0.5242463958060293,8.09,8.18,-2.17654172,8.19,8.03,4221/5521,8.18,8.19,8.03,8.09,1.934703,1.49343E7,33,000721,20260417
002799.SZ,环球印务,8.64,1.4084507042253638,8.11,8.21,-1.6969697,8.28,8.03,4221/5521,8.21,8.28,8.03,8.11,3.030303,4509900,33,002799,20260417
600956.SH,新天绿能,8.2,-2.497027348394778,8.07,8.1,-0.49321825,8.17,8.03,4221/5521,8.1,8.17,8.03,8.07,1.726263,1.40678E7,17,600956,20260417
601200.SH,上海环境,8.19,-0.2436053593179214,8.05,8.12,-0.98400984,8.13,8.03,4221/5521,8.12,8.13,8.03,8.05,1.230012,8375712,17,601200,20260417
601727.SH,上海电气,8.08,1.7632241813601974,8.07,8.11,-0.73800738,8.12,8.03,4221/5521,8.11,8.12,8.03,8.07,1.107011,8.4112865E7,17,601727,20260417
000670.SZ,盈方微,7.57,2.297297297297296,8.07,8.12,-0.61576355,8.17,8.02,4226/5521,8.12,8.17,8.02,8.07,1.84729,3.396921E7,33,000670,20260417
000691.SZ,*ST亚太,7.65,1.7287234042553297,8.08,8.1,-0.49261084,8.17,8.02,4226/5521,8.1,8.17,8.02,8.08,1.84729,4738600,33,000691,20260417
002608.SZ,江苏国信,7.62,-1.8041237113402022,8.03,8.08,-0.61881188,8.13,8.02,4226/5521,8.08,8.13,8.02,8.03,1.361386,1.0091303E7,33,002608,20260417
601007.SH,金陵饭店,7.67,-3.5220125786163554,8.12,8.33,-2.28640193,8.33,8.02,4226/5521,8.33,8.33,8.02,8.12,3.730445,1.998842E7,17,601007,20260417
300472.SZ,*ST新元,8.12,0.3708281829418957,8.0,8.04,-0.86741016,8.19,8,4230/5521,8.04,8.19,8,8.0,2.354399,3546400,33,300472,20260417
002763.SZ,汇洁股份,9.41,10.058479532163735,8.01,8.08,-0.86633663,8.09,7.99,4231/5521,8.08,8.09,7.99,8.01,1.237623,4901740,33,002763,20260417
000058.SZ,深赛格,8.2,0.8610086100860824,8.04,8.06,-0.37174721,8.07,7.98,4232/5521,8.06,8.07,7.98,8.04,1.115241,4789637,33,000058,20260417
300087.SZ,荃银高科,8.48,1.6786570743405345,8.0,8.06,-0.74441687,8.11,7.98,4232/5521,8.06,8.11,7.98,8.0,1.612903,8558941,33,300087,20260417
300212.SZ,*ST易录,6.55,-20.02442002442002,8.06,8.26,-2.65700483,8.26,7.98,4232/5521,8.26,8.26,7.98,8.06,3.381642,2.4282427E7,33,300212,20260417
920809.BJ,安达科技,8.96,-0.444444444444435,8.39,8.13,3.19803198,8.45,7.98,4232/5521,8.13,8.45,7.98,8.39,5.781057,4.1512506E7,151,920809,20260417
002197.SZ,证通电子,8.05,0.7509386733416833,8.0,8.18,-2.67639903,8.24,7.97,4236/5521,8.18,8.24,7.97,8.0,3.284671,2.399085E7,33,002197,20260417
002100.SZ,天康生物,7.95,1.4030612244898,8.02,8.2,-3.60576923,8.25,7.96,4237/5521,8.2,8.25,7.96,8.02,3.485576,4.1751441E7,33,002100,20260417
002642.SZ,荣联科技,7.81,-1.3888888888888928,8.0,8.07,-1.2345679,8.07,7.96,4237/5521,8.07,8.07,7.96,8.0,1.358024,1.140155E7,33,002642,20260417
300636.SZ,同和药业,7.82,0.6435006435006527,8.05,8.16,-1.58924205,8.16,7.96,4237/5521,8.16,8.16,7.96,8.05,2.444987,7536800,33,300636,20260417
300423.SZ,昇辉科技,7.83,-0.8860759493670922,8.04,8.15,-1.34969325,8.15,7.95,4240/5521,8.15,8.15,7.95,8.04,2.453987,1.14203E7,33,300423,20260417
600199.SH,金种子酒,7.94,-0.37641154328731946,8.06,8.06,-0.37082818,8.07,7.95,4240/5521,8.06,8.07,7.95,8.06,1.483312,7141184,17,600199,20260417
000430.SZ,ST张家界,7.73,-1.7789072426937698,7.98,8.13,-1.48148148,8.13,7.94,4242/5521,8.13,8.13,7.94,7.98,2.345679,1.05437E7,33,000430,20260417
300112.SZ,万讯自控,8.4,1.3268998793727529,8.02,8,0.12484395,8.08,7.93,4243/5521,8,8.08,7.93,8.02,1.872659,6466001,33,300112,20260417
601212.SH,白银有色,7.63,-0.3916449086161912,8.06,7.95,0.24875622,8.13,7.93,4243/5521,7.95,8.13,7.93,8.06,2.487562,9.5492112E7,17,601212,20260417
920873.BJ,中设咨询,9.3,-1.3785790031813256,8.13,8.02,1.87969925,8.18,7.93,4243/5521,8.02,8.18,7.93,8.13,3.132832,2628835,151,920873,20260417
920266.BJ,生物谷,8.19,0.49079754601225944,8.27,8.06,2.47831475,8.33,7.92,4246/5521,8.06,8.33,7.92,8.27,5.080545,2267051,151,920266,20260417
002221.SZ,东华能源,8.05,-2.542372881355921,7.97,8.04,-0.99378882,8.06,7.91,4247/5521,8.04,8.06,7.91,7.97,1.863354,1.33951E7,33,002221,20260417
600630.SH,龙头股份,8.33,0.8474576271186476,7.98,7.99,-0.37453184,8.04,7.91,4247/5521,7.99,8.04,7.91,7.98,1.622971,3528155,17,600630,20260417
300536.SZ,农尚环境,10.16,13.266443701226303,7.99,8.16,-1.47965475,8.16,7.9,4249/5521,8.16,8.16,7.9,7.99,3.205918,5511950,33,300536,20260417
600057.SH,厦门象屿,7.23,-0.8230452674897065,8.07,7.93,1.6372796,8.24,7.9,4249/5521,7.93,8.24,7.9,8.07,4.282115,2.0084024E7,17,600057,20260417
600579.SH,中化装备,7.84,0.25575447570331933,7.95,8.02,-0.87281796,8.06,7.89,4251/5521,8.02,8.06,7.89,7.95,2.1197,2806400,17,600579,20260417
600883.SH,博闻科技,9.01,4.282407407407398,7.97,8.04,-1.23915737,8.12,7.89,4251/5521,8.04,8.12,7.89,7.97,2.850061,3626900,17,600883,20260417
002646.SZ,天佑德酒,8.09,-0.6142506142506229,7.94,8.01,-1.24378109,8.01,7.88,4253/5521,8.01,8.01,7.88,7.94,1.616915,4416003,33,002646,20260417
300933.SZ,中辰股份,8.16,0.3690036900368925,7.96,8.04,-1.36307311,8.09,7.88,4253/5521,8.04,8.09,7.88,7.96,2.60223,1.2105803E7,33,300933,20260417
601339.SH,百隆东方,9.29,5.688282138794085,7.97,8.09,-0.99378882,8.35,7.88,4253/5521,8.09,8.35,7.88,7.97,5.838509,1.7699064E7,17,601339,20260417
601827.SH,三峰环境,8.24,2.2332506203473907,7.9,7.96,-0.75376884,7.96,7.88,4253/5521,7.96,7.96,7.88,7.9,1.005025,6603500,17,601827,20260417
002062.SZ,宏润建设,8.85,-1.117318435754186,8.48,8.05,5.34161491,8.6,7.87,4257/5521,8.05,8.6,7.87,8.48,9.068322,9.0007448E7,33,002062,20260417
002797.SZ,第一创业,7.63,1.4627659574468128,7.96,7.92,-0.5,8.07,7.87,4257/5521,7.92,8.07,7.87,7.96,2.5,1.53417069E8,33,002797,20260417
300388.SZ,节能国祯,8.19,0.24479804161566185,7.91,7.99,-1.00125156,8,7.87,4257/5521,7.99,8,7.87,7.91,1.627033,3415660,33,300388,20260417
600212.SH,绿能慧充,7.06,-5.740987983978646,7.94,8.12,-2.21674877,8.13,7.87,4257/5521,8.12,8.13,7.87,7.94,3.20197,2.3800737E7,17,600212,20260417
002131.SZ,利欧股份,6.45,-1.8264840182648416,7.96,7.96,-1.11801242,8.02,7.86,4261/5521,7.96,8.02,7.86,7.96,1.987577,3.49339172E8,33,002131,20260417
600528.SH,中铁工业,7.79,0.0,7.88,7.93,-0.88050314,7.95,7.86,4261/5521,7.93,7.95,7.86,7.88,1.132075,2.3494161E7,17,600528,20260417
600676.SH,交运股份,8.18,0.0,7.95,8.04,-1.36476427,8.13,7.86,4261/5521,8.04,8.13,7.86,7.95,3.349875,1.8469198E7,17,600676,20260417
601921.SH,浙版传媒,7.6,-1.4267185473411197,7.97,7.96,-0.25031289,7.98,7.86,4261/5521,7.96,7.98,7.86,7.97,1.501877,6051000,17,601921,20260417
603126.SH,中材节能,8.18,-0.4866180048661912,7.9,8.01,-1.86335404,8.08,7.86,4261/5521,8.01,8.08,7.86,7.9,2.732919,9117900,17,603126,20260417
000554.SZ,泰山石油,8.19,1.2360939431396742,7.92,8,-1,8.05,7.85,4266/5521,8,8.05,7.85,7.92,2.5,1.8339031E7,33,000554,20260417
000919.SZ,金陵药业,7.39,0.9562841530054562,7.96,8.23,-4.09638554,8.26,7.85,4266/5521,8.23,8.26,7.85,7.96,4.939759,8.0098029E7,33,000919,20260417
002817.SZ,黄山胶囊,8.27,1.4723926380368002,7.95,8.08,-1.85185185,8.1,7.85,4266/5521,8.08,8.1,7.85,7.95,3.086419,6508061,33,002817,20260417
600468.SH,百利电气,7.44,-1.587301587301577,7.94,7.96,-0.75,8.04,7.85,4266/5521,7.96,8.04,7.85,7.94,2.375,3.6066053E7,17,600468,20260417
000978.SZ,桂林旅游,6.67,-1.9117647058823515,7.91,8.2,-6.94117647,8.28,7.84,4270/5521,8.2,8.28,7.84,7.91,5.17647,6.766949E7,33,000978,20260417
300177.SZ,中海达,8.34,2.331288343558276,8.01,7.98,-0.37313433,8.05,7.84,4270/5521,7.98,8.05,7.84,8.01,2.61194,9971305,33,300177,20260417
002292.SZ,奥飞娱乐,8.32,0.9708737864077678,7.97,7.88,0.7585335,8.03,7.83,4272/5521,7.88,8.03,7.83,7.97,2.528445,3.0566759E7,33,002292,20260417
600509.SH,天富能源,8.1,0.621118012422347,7.9,7.96,-0.62893082,8,7.83,4272/5521,7.96,8,7.83,7.9,2.138364,2.4513098E7,17,600509,20260417
688505.SH,复旦张江,8.05,3.870967741935493,7.88,8,-1.99004975,8.02,7.83,4272/5521,8,8.02,7.83,7.88,2.363184,4260736,17,688505,20260417
300213.SZ,佳讯飞鸿,8.36,3.082614056720099,7.91,7.93,-0.25220681,7.95,7.82,4275/5521,7.93,7.95,7.82,7.91,1.639344,7295200,33,300213,20260417
300214.SZ,日科化学,8.23,-0.48367593712211787,7.86,7.97,-1.99501247,7.97,7.82,4275/5521,7.97,7.97,7.82,7.86,1.870324,1.947143E7,33,300214,20260417
301296.SZ,新巨丰,7.65,0.1308900523560298,7.92,7.94,-0.25188917,7.94,7.82,4275/5521,7.94,7.94,7.82,7.92,1.511335,1935057,33,301296,20260417
002227.SZ,*ST特迅,8.78,-3.938730853391698,8.15,8.04,1.3681592,8.19,7.81,4278/5521,8.04,8.19,7.81,8.15,4.726368,1.247725E7,33,002227,20260417
300144.SZ,宋城演艺,7.7,-0.6451612903225784,7.85,7.9,-1.25786164,7.9,7.81,4278/5521,7.9,7.9,7.81,7.85,1.132075,2.6760199E7,33,300144,20260417
600186.SH,莲花控股,10.72,-0.9242144177449135,7.89,8.02,-3.07125307,8.07,7.81,4278/5521,8.02,8.07,7.81,7.89,3.194103,2.15983288E8,17,600186,20260417
600663.SH,陆家嘴,8.23,3.391959798994981,7.95,7.87,0.88832487,8,7.81,4278/5521,7.87,8,7.81,7.95,2.411167,7465679,17,600663,20260417
601999.SH,出版传媒,7.31,-1.8791946308724907,7.94,8.05,-3.5236938,8.05,7.81,4278/5521,8.05,8.05,7.81,7.94,2.91616,2.663834E7,17,601999,20260417
000728.SZ,国元证券,7.35,-0.13586956521740046,7.86,7.85,0.12738854,7.88,7.8,4283/5521,7.85,7.88,7.8,7.86,1.019108,1.4498371E7,33,000728,20260417
002795.SZ,永和智控,9.19,1.9977802441731378,8.29,7.92,4.53972257,8.48,7.8,4283/5521,7.92,8.48,7.8,8.29,8.575031,2.9498731E7,33,002795,20260417
600195.SH,中牧股份,7.52,-0.9222661396574477,7.82,7.92,-1.75879397,7.94,7.8,4283/5521,7.92,7.94,7.8,7.82,1.758793,1.9639251E7,17,600195,20260417
600318.SH,新力金融,7.85,-0.2541296060991164,7.9,7.91,-0.8782936,7.95,7.8,4283/5521,7.91,7.95,7.8,7.9,1.882057,1.2325973E7,17,600318,20260417
601666.SH,平煤股份,8.62,0.46620046620045624,7.87,7.95,-1.00628931,7.97,7.8,4283/5521,7.95,7.97,7.8,7.87,2.138364,2.0157928E7,17,601666,20260417
003035.SZ,南网能源,7.4,-4.761904761904752,7.94,7.81,1.40485313,8.2,7.79,4288/5521,7.81,8.2,7.79,7.94,5.23627,9.8562335E7,33,003035,20260417
603021.SH,ST华鹏,7.5,0.0,7.82,8,-3.93120393,8.27,7.79,4288/5521,8,8.27,7.79,7.82,5.896805,1.265556E7,22,603021,20260417
601330.SH,绿色动力,8.57,-4.883462819089894,7.83,7.94,-1.63316583,8.02,7.78,4290/5521,7.94,8.02,7.78,7.83,3.015075,2.5017209E7,17,601330,20260417
002177.SZ,御银股份,7.47,0.4032258064516043,7.88,7.8,0.1270648,7.92,7.76,4291/5521,7.8,7.92,7.76,7.88,2.033036,5.2620049E7,33,002177,20260417
603313.SH,梦百合,6.42,-8.022922636103159,7.8,8.05,-3.22580645,8.05,7.76,4291/5521,8.05,8.05,7.76,7.8,3.598014,8108929,17,603313,20260417
002107.SZ,沃华医药,7.31,-3.0503978779840906,7.85,8,-3.20591862,8.05,7.74,4293/5521,8,8.05,7.74,7.85,3.822441,4.652204E7,33,002107,20260417
601236.SH,红塔证券,7.5,-2.849740932642484,7.78,7.78,-0.1283697,7.83,7.74,4293/5521,7.78,7.83,7.74,7.78,1.155327,8979338,17,601236,20260417
688571.SH,杭华股份,9.12,4.827586206896552,7.86,7.8,0.76923077,7.86,7.74,4293/5521,7.8,7.86,7.74,7.86,1.538461,2867296,17,688571,20260417
002615.SZ,哈尔斯,8.16,-0.48780487804877015,7.87,8.25,-5.29482551,8.31,7.73,4296/5521,8.25,8.31,7.73,7.87,6.979542,2.22063E7,33,002615,20260417
301090.SZ,华润材料,9.18,-0.9708737864077654,9.01,7.78,16.25806452,9.3,7.73,4296/5521,7.78,9.3,7.73,9.01,20.258064,7.4210191E7,33,301090,20260417
002537.SZ,海联金汇,7.28,-1.3550135501354965,7.81,7.79,-0.25542784,7.84,7.72,4298/5521,7.79,7.84,7.72,7.81,1.532567,2.456829E7,33,002537,20260417
002550.SZ,千红制药,7.0,-1.2693935119887145,7.78,7.9,-1.89155107,7.9,7.72,4298/5521,7.9,7.9,7.72,7.78,2.269861,2.1207939E7,33,002550,20260417
920278.BJ,鹿得医疗,7.92,1.4084507042253562,8.11,7.85,2.91878173,8.22,7.72,4298/5521,7.85,8.22,7.72,8.11,6.345177,3316976,151,920278,20260417
601121.SH,宝地矿业,7.78,-2.261306532663313,7.83,7.76,1.03225806,7.9,7.7,4301/5521,7.76,7.9,7.7,7.83,2.580645,1.1899613E7,17,601121,20260417
603333.SH,尚纬股份,8.44,5.236907730673316,7.76,7.84,-1.02040816,7.88,7.69,4302/5521,7.84,7.88,7.69,7.76,2.423469,5887900,17,603333,20260417
603982.SH,泉峰汽车,7.6,0.39630118890355825,7.82,7.9,-0.63532402,7.9,7.69,4302/5521,7.9,7.9,7.69,7.82,2.66836,6971416,17,603982,20260417
601019.SH,山东出版,7.46,0.403768506056531,7.77,7.7,0.64766839,7.77,7.68,4304/5521,7.7,7.77,7.68,7.77,1.165803,2.2333506E7,17,601019,20260417
002148.SZ,北纬科技,7.89,0.6377551020408141,7.79,7.76,0.51612903,7.8,7.66,4305/5521,7.76,7.8,7.66,7.79,1.806451,9085875,33,002148,20260417
300352.SZ,北信源,,,7.88,7.73,0.89628681,7.97,7.66,4305/5521,7.73,7.97,7.66,7.88,3.96927,9.9129625E7,33,300352,20260417
002406.SZ,远东传动,7.96,-0.9950248756218805,7.71,7.7,-0.12953368,7.75,7.65,4307/5521,7.7,7.75,7.65,7.71,1.295336,1.2488E7,33,002406,20260417
002420.SZ,毅昌科技,7.32,-0.5434782608695656,7.77,7.79,-0.38461538,7.8,7.65,4307/5521,7.79,7.8,7.65,7.77,1.923076,8370600,33,002420,20260417
300062.SZ,中能电气,7.67,0.5242463958060293,7.77,7.75,-0.38461538,7.82,7.65,4307/5521,7.75,7.82,7.65,7.77,2.179487,1.655526E7,33,300062,20260417
002677.SZ,浙江美大,7.99,1.0113780025284458,7.7,7.89,-2.03562341,7.92,7.64,4310/5521,7.89,7.92,7.64,7.7,3.56234,5953163,33,002677,20260417
300464.SZ,星徽股份,7.91,0.0,8.13,7.76,4.09731114,8.2,7.64,4310/5521,7.76,8.2,7.64,8.13,7.170294,2.2961E7,33,300464,20260417
002198.SZ,嘉应制药,,,7.84,7.72,1.55440415,7.87,7.63,4312/5521,7.72,7.87,7.63,7.84,3.108808,1.6943315E7,33,002198,20260417
300219.SZ,鸿利智汇,7.66,1.0554089709762542,7.81,7.68,1.42857143,7.84,7.63,4312/5521,7.68,7.84,7.63,7.81,2.727272,2.0065269E7,33,300219,20260417
600037.SH,歌华有线,7.99,1.139240506329112,7.69,7.71,-0.77419355,7.74,7.63,4312/5521,7.71,7.74,7.63,7.69,1.419354,1.0533291E7,17,600037,20260417
920575.BJ,康乐卫士,,,8.0,7.94,1.26582278,8.09,7.63,4312/5521,7.94,8.09,7.63,8.0,5.822784,6860751,151,920575,20260417
000676.SZ,智度股份,7.38,0.1356852103120731,7.7,7.7,-0.51679587,7.74,7.62,4316/5521,7.7,7.74,7.62,7.7,1.550387,1.531205E7,33,000676,20260417
002617.SZ,露笑科技,7.69,0.5228758169934645,7.71,7.66,0.78431373,7.78,7.62,4316/5521,7.66,7.78,7.62,7.71,2.091503,5.0722567E7,33,002617,20260417
002762.SZ,*ST金比,8.71,3.4441805225653317,7.84,7.72,0.9009009,7.88,7.62,4316/5521,7.72,7.88,7.62,7.84,3.346203,8000750,33,002762,20260417
300665.SZ,飞鹿股份,8.49,2.5362318840579814,7.68,7.78,-1.03092784,7.83,7.62,4316/5521,7.78,7.83,7.62,7.68,2.706185,4698500,33,300665,20260417
920639.BJ,晨光电缆,7.75,0.649350649350647,7.91,7.75,2.4611399,8.02,7.62,4316/5521,7.75,8.02,7.62,7.91,5.181347,3719053,151,920639,20260417
300296.SZ,利亚德,6.36,-0.6250000000000006,7.76,7.65,1.17340287,7.82,7.61,4321/5521,7.65,7.82,7.61,7.76,2.73794,1.26358186E8,33,300296,20260417
600478.SH,科力远,7.59,-5.125000000000002,7.71,7.64,0.52151239,7.82,7.61,4321/5521,7.64,7.82,7.61,7.71,2.73794,4.5575632E7,17,600478,20260417
002200.SZ,*ST交投,7.58,-0.39421813403416883,7.75,7.73,0.51880674,7.75,7.6,4323/5521,7.73,7.75,7.6,7.75,1.945525,2353380,33,002200,20260417
002627.SZ,三峡旅游,7.49,-0.9259259259259179,7.63,7.91,-4.14572864,7.93,7.6,4323/5521,7.91,7.93,7.6,7.63,4.145728,2.3033591E7,33,002627,20260417
002686.SZ,亿利达,7.42,-1.591511936339524,7.7,7.69,1.44927536,7.91,7.6,4323/5521,7.69,7.91,7.6,7.7,4.084321,4.8461503E7,33,002686,20260417
300030.SZ,阳普医疗,8.32,1.8359853121175074,7.64,7.78,-1.79948586,7.81,7.6,4323/5521,7.78,7.81,7.6,7.64,2.699228,5458080,33,300030,20260417
002267.SZ,陕天然气,7.93,-1.3681592039800925,7.59,7.63,-0.5242464,7.64,7.58,4327/5521,7.63,7.64,7.58,7.59,0.786369,5157500,33,002267,20260417
002790.SZ,瑞尔特,7.57,2.574525745257458,7.69,7.76,-1.02960103,7.82,7.58,4327/5521,7.76,7.82,7.58,7.69,3.088803,4325041,33,002790,20260417
300195.SZ,长荣股份,6.98,-0.8522727272727217,7.67,7.72,-0.90439276,7.72,7.58,4327/5521,7.72,7.72,7.58,7.67,1.808785,7161100,33,300195,20260417
002584.SZ,西陇科学,8.05,0.6250000000000089,7.62,7.63,-0.1310616,7.74,7.57,4330/5521,7.63,7.74,7.57,7.62,2.228047,1.249895E7,33,002584,20260417
300083.SZ,创世纪,10.19,20.023557126030617,8.73,7.59,14.26701571,9.17,7.57,4330/5521,7.59,9.17,7.57,8.73,20.942408,2.13821292E8,33,300083,20260417
300126.SZ,锐奇股份,8.14,2.132998745294866,7.7,7.82,-2.28426396,7.88,7.57,4330/5521,7.82,7.88,7.57,7.7,3.93401,4790100,33,300126,20260417
600189.SH,泉阳泉,8.29,-1.893491124260357,7.63,7.65,-0.52151239,7.69,7.57,4330/5521,7.65,7.69,7.57,7.63,1.564537,6413801,17,600189,20260417
600814.SH,杭州解百,7.77,1.3037809647979093,7.75,7.67,0.64935065,7.76,7.57,4330/5521,7.67,7.76,7.57,7.75,2.467532,1.03327E7,17,600814,20260417
300103.SZ,达刚控股,8.25,2.103960396039603,8.01,7.56,5.67282322,8.07,7.56,4335/5521,7.56,8.07,7.56,8.01,6.728232,1.54136E7,33,300103,20260417
603086.SH,先达股份,7.35,-0.2713704206241582,7.63,7.58,0.39473684,7.69,7.56,4335/5521,7.58,7.69,7.56,7.63,1.710526,7558134,17,603086,20260417
000019.SZ,深粮控股,7.69,-0.7741935483870918,7.58,7.74,-2.44530245,7.77,7.55,4337/5521,7.74,7.77,7.55,7.58,2.831402,1.9779135E7,33,000019,20260417
002467.SZ,二六三,6.82,1.0370370370370412,7.63,7.73,-3.53982301,7.82,7.55,4337/5521,7.73,7.82,7.55,7.63,3.4134,1.9643256E8,33,002467,20260417
920455.BJ,汇隆活塞,7.98,1.2690355329949305,7.88,7.65,3.14136126,8,7.55,4337/5521,7.65,8,7.55,7.88,5.890052,1744926,151,920455,20260417
000156.SZ,华数传媒,7.41,-0.9358288770053513,7.58,7.63,-1.17340287,7.67,7.54,4340/5521,7.63,7.67,7.54,7.58,1.694915,9896224,33,000156,20260417
002038.SZ,双鹭药业,6.49,-3.8518518518518485,7.6,7.83,-3.91908976,7.87,7.54,4340/5521,7.83,7.87,7.54,7.6,4.171934,1.03774519E8,33,002038,20260417
000936.SZ,华西股份,7.18,-2.0463847203274264,8.34,7.57,10.02638522,8.34,7.52,4342/5521,7.57,8.34,7.52,8.34,10.817941,7.311025E7,33,000936,20260417
002581.SZ,*ST未名,6.75,-5.06329113924051,7.65,7.69,1.45888594,7.81,7.52,4342/5521,7.69,7.81,7.52,7.65,3.846153,9956679,33,002581,20260417
000881.SZ,中广核技,7.8,0.7751937984496073,7.59,7.56,0.3968254,7.62,7.51,4344/5521,7.56,7.62,7.51,7.59,1.455026,7109701,33,000881,20260417
002121.SZ,科陆电子,6.95,-1.4184397163120517,7.62,7.59,-0.1310616,7.64,7.51,4344/5521,7.59,7.64,7.51,7.62,1.7038,2.5243604E7,33,002121,20260417
603018.SH,华设集团,7.52,2.5920873124147272,7.52,7.57,-0.52910053,7.6,7.51,4344/5521,7.57,7.6,7.51,7.52,1.190476,5364885,17,603018,20260417
601187.SH,厦门银行,7.72,0.9150326797385542,7.53,7.54,-0.52840159,7.6,7.5,4347/5521,7.54,7.6,7.5,7.53,1.321003,8113700,17,601187,20260417
000503.SZ,国新健康,7.91,2.1963824289405673,7.57,7.71,-2.19638243,7.74,7.49,4348/5521,7.71,7.74,7.49,7.57,3.229974,1.326632E7,33,000503,20260417
002135.SZ,东南网架,8.51,8.132147395171534,7.53,7.58,-0.65963061,7.63,7.49,4348/5521,7.58,7.63,7.49,7.53,1.846965,1.7455141E7,33,002135,20260417
001330.SZ,博纳影业,8.27,2.7329192546583707,8.23,7.62,10.02673797,8.23,7.48,4350/5521,7.62,8.23,7.48,8.23,10.026737,1.87812245E8,33,001330,20260417
002072.SZ,凯瑞德,7.28,-1.8867924528301845,7.59,7.7,-1.171875,7.75,7.48,4350/5521,7.7,7.75,7.48,7.59,3.515625,5284600,33,002072,20260417
300088.SZ,长信科技,6.55,-2.5297619047619038,7.59,7.52,-2.31660232,7.91,7.48,4350/5521,7.52,7.91,7.48,7.59,5.534105,5.01253177E8,33,300088,20260417
601800.SH,中国交建,7.01,-0.8486562942008556,7.5,7.6,-1.18577075,7.6,7.48,4350/5521,7.6,7.6,7.48,7.5,1.581027,2.9333737E7,17,601800,20260417
002370.SZ,亚太药业,6.73,1.6616314199395819,7.54,7.6,-1.95058518,7.64,7.47,4354/5521,7.6,7.64,7.47,7.54,2.210663,5.0861602E7,33,002370,20260417
300008.SZ,天海防务,8.17,1.870324189526189,7.64,7.6,0.26246719,7.66,7.47,4354/5521,7.6,7.66,7.47,7.64,2.493438,5.9003907E7,33,300008,20260417
603318.SH,水发燃气,14.26,-1.9931271477663293,7.7,7.62,1.1826544,7.73,7.47,4354/5521,7.62,7.73,7.47,7.7,3.416557,1.8286E7,17,603318,20260417
920974.BJ,凯大催化,8.12,-0.975609756097562,7.77,7.56,2.77777778,7.87,7.47,4354/5521,7.56,7.87,7.47,7.77,5.291005,3651184,151,920974,20260417
920866.BJ,绿亨科技,7.65,1.1904761904762005,7.73,7.57,2.79255319,7.74,7.46,4358/5521,7.57,7.74,7.46,7.73,3.723404,1838086,151,920866,20260417
688189.SH,南新制药,8.95,11.457036114570363,7.53,7.74,-2.58732212,7.74,7.45,4359/5521,7.74,7.74,7.45,7.53,3.751617,5922261,17,688189,20260417
002474.SZ,榕基软件,7.37,0.0,7.5,7.61,-1.96078431,7.61,7.44,4360/5521,7.61,7.61,7.44,7.5,2.222222,1.3882E7,33,002474,20260417
002566.SZ,益盛药业,8.33,0.48250904704464326,7.53,7.9,-5.40201005,7.92,7.44,4360/5521,7.9,7.92,7.44,7.53,6.03015,1.199881E7,33,002566,20260417
601918.SH,新集能源,8.95,-0.5555555555555635,7.5,7.57,-1.18577075,7.62,7.44,4360/5521,7.57,7.62,7.44,7.5,2.371541,3.954287E7,17,601918,20260417
002212.SZ,天融信,7.28,-6.0645161290322545,7.49,7.5,-0.79470199,7.53,7.43,4363/5521,7.5,7.53,7.43,7.49,1.324503,1.7913667E7,33,002212,20260417
002349.SZ,精华制药,7.52,2.872777017783857,7.47,7.69,-3.23834197,7.71,7.43,4363/5521,7.69,7.71,7.43,7.47,3.626943,2.4991304E7,33,002349,20260417
601398.SH,工商银行,7.45,-0.2677376171352018,7.44,7.45,-0.26809651,7.49,7.43,4363/5521,7.45,7.49,7.43,7.44,0.804289,1.62113554E8,17,601398,20260417
300426.SZ,华智数媒,7.5,0.9421265141319016,7.59,7.64,-1.68393782,7.68,7.42,4366/5521,7.64,7.68,7.42,7.59,3.367875,9568750,33,300426,20260417
600597.SH,光明乳业,7.4,-0.8042895442359197,7.44,7.47,-0.53475936,7.47,7.41,4367/5521,7.47,7.47,7.41,7.44,0.802139,3808910,17,600597,20260417
600744.SH,华银电力,8.54,-4.15263748597083,7.5,7.46,0.13351135,7.67,7.41,4367/5521,7.46,7.67,7.41,7.5,3.471295,9.3015785E7,17,600744,20260417
603839.SH,安正时尚,8.09,3.057324840764334,7.48,7.58,-1.18890357,7.61,7.41,4367/5521,7.58,7.61,7.41,7.48,2.642007,2176560,17,603839,20260417
002358.SZ,森源电气,7.41,-1.3315579227696357,7.47,7.54,-1.19047619,7.57,7.39,4370/5521,7.54,7.57,7.39,7.47,2.380952,3.0293137E7,33,002358,20260417
002996.SZ,顺博合金,7.53,0.2663115845539343,7.48,7.48,-0.13351135,7.52,7.39,4370/5521,7.48,7.52,7.39,7.48,1.735647,6437800,33,002996,20260417
300011.SZ,鼎汉技术,7.36,0.5464480874316945,7.43,7.55,-1.58940397,7.55,7.38,4372/5521,7.55,7.55,7.38,7.43,2.251655,6568400,33,300011,20260417
300133.SZ,华策影视,8.74,-0.6818181818181874,7.53,7.44,0.13297872,7.6,7.38,4372/5521,7.44,7.6,7.38,7.53,2.925531,6.7084581E7,33,300133,20260417
600051.SH,宁波联合,7.77,0.5174644243208169,7.62,7.38,3.39213026,7.83,7.38,4372/5521,7.38,7.83,7.38,7.62,6.105834,1.77812E7,17,600051,20260417
603843.SH,*ST正平,8.97,5.0351288056206265,7.64,7.38,0,7.97,7.38,4372/5521,7.38,7.97,7.38,7.64,7.722513,3.553442E7,22,603843,20260417
300120.SZ,经纬辉开,7.55,0.6666666666666643,7.5,7.51,-0.26595745,7.53,7.37,4376/5521,7.51,7.53,7.37,7.5,2.127659,8265400,33,300120,20260417
600173.SH,卧龙新能,7.28,-1.488497970230033,7.99,7.43,7.6819407,8.16,7.37,4376/5521,7.43,8.16,7.37,7.99,10.6469,7.1335901E7,17,600173,20260417
600493.SH,凤竹纺织,7.56,1.340482573726537,7.46,7.46,0,7.65,7.37,4376/5521,7.46,7.65,7.37,7.46,3.753351,5520400,17,600493,20260417
601990.SH,南京证券,7.35,0.5471956224350211,7.42,7.43,-0.1345895,7.46,7.37,4376/5521,7.43,7.46,7.37,7.42,1.211305,9912400,17,601990,20260417
603900.SH,莱绅通灵,7.98,3.2341526520051747,7.42,7.62,-3.13315927,7.73,7.37,4376/5521,7.62,7.73,7.37,7.42,4.699738,1.007048E7,17,603900,20260417
002382.SZ,蓝帆医疗,7.43,1.9204389574759901,7.43,7.49,-1.58940397,7.55,7.36,4381/5521,7.49,7.55,7.36,7.43,2.516556,1.9708138E7,33,002382,20260417
002492.SZ,恒基达鑫,8.04,-0.7407407407407469,7.42,7.5,-1.32978723,7.52,7.36,4381/5521,7.5,7.52,7.36,7.42,2.127659,5872100,33,002492,20260417
300086.SZ,康芝药业,7.4,2.493074792243776,7.37,7.62,-3.91134289,7.62,7.36,4381/5521,7.62,7.62,7.36,7.37,3.38983,2.77945E7,33,300086,20260417
600305.SH,恒顺醋业,7.53,0.4000000000000033,7.41,7.45,-0.67024129,7.46,7.36,4381/5521,7.45,7.46,7.36,7.41,1.340482,5095400,17,600305,20260417
601319.SH,中国人保,7.18,-0.2777777777777842,7.38,7.48,-1.46862483,7.48,7.36,4381/5521,7.48,7.48,7.36,7.38,1.602136,5.3332369E7,17,601319,20260417
603617.SH,君禾股份,7.59,-0.13157894736841824,7.42,7.53,-0.93457944,7.53,7.36,4381/5521,7.53,7.53,7.36,7.42,2.269692,4647100,17,603617,20260417
600987.SH,航民股份,7.12,-0.5586592178770955,7.4,7.55,-1.98675497,7.56,7.35,4387/5521,7.55,7.56,7.35,7.4,2.781456,1.1937025E7,17,600987,20260417
605001.SH,威奥股份,7.51,1.3495276653171342,7.38,7.54,-2.12201592,7.54,7.35,4387/5521,7.54,7.54,7.35,7.38,2.519893,4341600,17,605001,20260417
920970.BJ,大禹生物,7.24,1.54277699859748,7.65,7.5,1.5936255,7.78,7.33,4389/5521,7.5,7.78,7.33,7.65,5.976095,6706688,151,920970,20260417
600289.SH,ST信通,6.21,-4.900459418070448,7.44,7.44,-0.13422819,7.45,7.32,4390/5521,7.44,7.45,7.32,7.44,1.744966,3977379,22,600289,20260417
002673.SZ,西部证券,7.18,0.4195804195804106,7.36,7.36,0,7.39,7.31,4391/5521,7.36,7.39,7.31,7.36,1.086956,1.7235052E7,33,002673,20260417
605158.SH,华达新材,8.01,2.29885057471264,7.38,7.53,-1.6,7.53,7.31,4391/5521,7.53,7.53,7.31,7.38,2.933333,3167600,17,605158,20260417
600727.SH,鲁北化工,8.07,-0.12376237623762112,7.69,7.3,10.01430615,7.69,7.3,4393/5521,7.3,7.69,7.3,7.69,5.579399,4.7653837E7,17,600727,20260417
300269.SZ,联建光电,6.3,0.6389776357827482,7.41,7.47,-0.269179,7.5,7.29,4394/5521,7.47,7.5,7.29,7.41,2.826379,2.69293E7,33,300269,20260417
600319.SH,亚星化学,8.08,0.7481296758104801,7.44,7.48,0.1345895,7.55,7.29,4394/5521,7.48,7.55,7.29,7.44,3.499327,3642200,17,600319,20260417
600692.SH,亚通股份,7.85,2.614379084967311,7.36,7.5,-2.12765957,7.56,7.29,4394/5521,7.5,7.56,7.29,7.36,3.590425,1.1453301E7,17,600692,20260417
603321.SH,梅轮电梯,7.74,3.0625832223701788,7.34,7.44,-1.34408602,7.48,7.29,4394/5521,7.44,7.48,7.29,7.34,2.553763,3054600,17,603321,20260417
920781.BJ,瑞奇智造,7.33,-0.4076086956521773,7.71,7.41,4.048583,7.79,7.29,4394/5521,7.41,7.79,7.29,7.71,6.747638,2856796,151,920781,20260417
000949.SZ,新乡化纤,8.08,3.0612244897959213,7.31,7.35,-1.61507402,7.55,7.28,4399/5521,7.35,7.55,7.28,7.31,3.633916,4.035218E7,33,000949,20260417
600313.SH,农发种业,7.12,-0.8356545961002732,7.34,7.42,-1.60857909,7.43,7.28,4399/5521,7.42,7.43,7.28,7.34,2.010723,3.3771192E7,17,600313,20260417
000783.SZ,长江证券,7.99,10.055096418732788,7.3,7.33,-0.81521739,7.36,7.27,4401/5521,7.33,7.36,7.27,7.3,1.222826,3.4787166E7,33,000783,20260417
002238.SZ,天威视讯,7.31,0.6887052341597771,7.32,7.41,-1.48048452,7.41,7.27,4401/5521,7.41,7.41,7.27,7.32,1.884253,5345762,33,002238,20260417
600719.SH,大连热电,7.75,0.649350649350647,7.38,7.47,0.68212824,7.57,7.27,4401/5521,7.47,7.57,7.27,7.38,4.092769,3.9992322E7,17,600719,20260417
600784.SH,鲁银投资,7.5,-0.924702774108326,7.45,7.3,1.4986376,7.49,7.26,4404/5521,7.3,7.49,7.26,7.45,3.133514,1.3390714E7,17,600784,20260417
000061.SZ,农产品,7.38,-0.9395973154362454,7.43,7.34,1.22615804,7.45,7.25,4405/5521,7.34,7.45,7.25,7.43,2.724795,1.6494038E7,33,000061,20260417
002650.SZ,ST加加,7.86,2.2106631989596868,7.26,7.39,-1.08991826,7.44,7.25,4405/5521,7.39,7.44,7.25,7.26,2.588555,7409000,33,002650,20260417
300419.SZ,ST浩丰,7.05,0.8583690987124407,7.35,7.38,-0.27137042,7.41,7.25,4405/5521,7.38,7.41,7.25,7.35,2.170963,6982360,33,300419,20260417
600284.SH,浦东建设,7.05,-2.0833333333333384,7.51,7.3,0.13333333,7.52,7.25,4405/5521,7.3,7.52,7.25,7.51,3.6,3.6277538E7,17,600284,20260417
000925.SZ,众合科技,9.19,-5.840163934426233,7.36,7.34,0.13605442,7.48,7.24,4409/5521,7.34,7.48,7.24,7.36,3.265306,1.438562E7,33,000925,20260417
001322.SZ,箭牌家居,7.19,-0.27739251040221324,7.31,7.43,-1.48247978,7.43,7.24,4409/5521,7.43,7.43,7.24,7.31,2.560646,2810600,33,001322,20260417
600177.SH,雅戈尔,7.69,1.9893899204244079,7.3,7.3,0,7.36,7.24,4409/5521,7.3,7.36,7.24,7.3,1.643835,1.2488354E7,17,600177,20260417
002691.SZ,*ST冀凯,5.46,-5.043478260869565,7.29,7.44,-1.6194332,7.45,7.23,4412/5521,7.44,7.45,7.23,7.29,2.96896,3656400,33,002691,20260417
300176.SZ,鸿特科技,6.93,0.4347826086956429,7.3,7.34,-0.94979647,7.37,7.22,4413/5521,7.34,7.37,7.22,7.3,2.035278,1.1884E7,33,300176,20260417
601238.SH,广汽集团,7.03,0.0,7.24,7.3,-0.68587106,7.3,7.22,4413/5521,7.3,7.3,7.22,7.24,1.097393,1.3063679E7,17,601238,20260417
300050.SZ,世纪鼎利,7.3,3.2531824611032465,7.3,7.27,-0.54495913,7.47,7.21,4415/5521,7.27,7.47,7.21,7.3,3.542234,3.94191E7,33,300050,20260417
600278.SH,东方创业,7.06,-0.5633802816901414,7.32,7.33,0,7.33,7.21,4415/5521,7.33,7.33,7.21,7.32,1.639344,6069000,17,600278,20260417
002369.SZ,卓翼科技,7.34,0.5479452054794526,7.27,7.26,0.13774105,7.34,7.2,4417/5521,7.26,7.34,7.2,7.27,1.928374,9977676,33,002369,20260417
603682.SH,锦和商管,8.65,2.1251475796930306,7.26,7.32,0.13793103,7.37,7.2,4417/5521,7.32,7.37,7.2,7.26,2.344827,1.63767E7,17,603682,20260417
605081.SH,*ST太和,5.03,0.0,7.57,7.59,4.70262794,7.59,7.2,4417/5521,7.59,7.59,7.2,7.57,5.39419,6840829,22,605081,20260417
002161.SZ,远望谷,6.74,-4.125177809388336,7.23,7.34,-1.4986376,7.37,7.19,4420/5521,7.34,7.37,7.19,7.23,2.452316,1.63332E7,33,002161,20260417
600698.SH,湖南天雁,7.31,0.6887052341597771,7.26,7.29,-1.2244898,7.33,7.19,4420/5521,7.29,7.33,7.19,7.26,1.904761,9951157,17,600698,20260417
002366.SZ,融发核电,7.49,0.5369127516778528,7.22,7.27,-0.82417582,7.31,7.18,4422/5521,7.27,7.31,7.18,7.22,1.785714,3.3136783E7,33,002366,20260417
600971.SH,恒源煤电,8.29,0.36319612590798256,7.2,7.29,-1.36986301,7.33,7.18,4422/5521,7.29,7.33,7.18,7.2,2.054794,8316300,17,600971,20260417
688468.SH,科美诊断,7.49,1.079622132253712,7.22,7.27,-0.82417582,7.31,7.18,4422/5521,7.27,7.31,7.18,7.22,1.785714,2571130,17,688468,20260417
002073.SZ,软控股份,6.77,-4.781997187060488,7.31,7.21,0.68870523,7.52,7.15,4425/5521,7.21,7.52,7.15,7.31,5.096418,3.2678672E7,33,002073,20260417
002753.SZ,永东股份,7.41,0.2706359945872864,7.2,7.31,-1.77353342,7.35,7.15,4425/5521,7.31,7.35,7.15,7.2,2.728512,5259000,33,002753,20260417
601077.SH,渝农商行,7.28,-0.9523809523809442,7.2,7.19,-0.13869626,7.28,7.15,4425/5521,7.19,7.28,7.15,7.2,1.803051,2.3246833E7,17,601077,20260417
002631.SZ,德尔未来,7.89,3.6793692509855367,7.37,7.27,2.07756233,7.5,7.14,4428/5521,7.27,7.5,7.14,7.37,4.986149,2.1403429E7,33,002631,20260417
300057.SZ,万顺新材,9.76,0.30832476875641684,7.35,7.22,0.82304527,7.41,7.14,4428/5521,7.22,7.41,7.14,7.35,3.703703,6.3112411E7,33,300057,20260417
600973.SH,宝胜股份,7.28,-2.150537634408604,7.23,7.24,-0.27586207,7.28,7.14,4428/5521,7.24,7.28,7.14,7.23,1.931034,2.9847011E7,17,600973,20260417
601128.SH,常熟银行,7.32,-0.8130081300812956,7.21,7.17,0.83916084,7.25,7.14,4428/5521,7.17,7.25,7.14,7.21,1.538461,4.46344E7,17,601128,20260417
603113.SH,金能科技,6.71,-9.932885906040273,7.17,7.19,0.1396648,7.3,7.14,4428/5521,7.19,7.3,7.14,7.17,2.234636,1.6769879E7,17,603113,20260417
300334.SZ,津膜科技,8.08,1.5075376884422125,7.17,7.33,-2.44897959,7.35,7.13,4433/5521,7.33,7.35,7.13,7.17,2.993197,6158200,33,300334,20260417
600015.SH,华夏银行,6.89,-4.702627939142472,7.14,7.2,-0.97087379,7.22,7.13,4433/5521,7.2,7.22,7.13,7.14,1.248266,3.8397136E7,17,600015,20260417
920275.BJ,驱动力,7.46,1.773533424283764,7.38,7.18,2.92887029,7.52,7.13,4433/5521,7.18,7.52,7.13,7.38,5.43933,1721061,151,920275,20260417
000565.SZ,渝三峡A,7.87,-2.1144278606965057,7.25,7.27,-0.27510316,7.33,7.12,4436/5521,7.27,7.33,7.12,7.25,2.888583,6331433,33,000565,20260417
300276.SZ,三丰智能,6.85,1.33136094674556,7.23,7.28,-1.76630435,7.3,7.12,4436/5521,7.28,7.3,7.12,7.23,2.445652,3.8143223E7,33,300276,20260417
600628.SH,新世界,7.2,1.4084507042253598,7.15,7.21,-0.96952909,7.26,7.12,4436/5521,7.21,7.26,7.12,7.15,1.939058,9005486,17,600628,20260417
600733.SH,北汽蓝谷,7.11,-0.5594405594405599,7.22,7.17,0.41724618,7.25,7.12,4436/5521,7.17,7.25,7.12,7.22,1.808066,5.6428025E7,17,600733,20260417
002376.SZ,新北洋,7.36,1.2379642365887311,7.14,7.2,-1.24481328,7.23,7.11,4440/5521,7.2,7.23,7.11,7.14,1.659751,1.0915823E7,33,002376,20260417
002392.SZ,北京利尔,9.21,-0.32467532467531773,7.15,7.19,-0.55632823,7.21,7.1,4441/5521,7.19,7.21,7.1,7.15,1.529902,1.01253E7,33,002392,20260417
002529.SZ,*ST海源,7.74,1.4416775884665836,7.19,7.18,0.27894003,7.25,7.1,4441/5521,7.18,7.25,7.1,7.19,2.09205,2744300,33,002529,20260417
003037.SZ,三和管桩,7.2,0.27855153203343264,7.13,7.19,-0.83449235,7.19,7.1,4441/5521,7.19,7.19,7.1,7.13,1.251738,2158800,33,003037,20260417
600396.SH,华电辽能,9.92,-4.889741131351868,7.14,7.29,-2.05761317,7.7,7.1,4441/5521,7.29,7.7,7.1,7.14,8.230452,2.55971441E8,17,600396,20260417
300441.SZ,鲍斯股份,7.0,0.14306151645207132,7.21,7.16,0.55788006,7.22,7.09,4445/5521,7.16,7.22,7.09,7.21,1.81311,4320680,33,300441,20260417
600707.SH,彩虹股份,8.09,-8.068181818181827,7.79,7.1,10.02824859,7.79,7.09,4445/5521,7.1,7.79,7.09,7.79,9.887005,1.18571095E8,17,600707,20260417
600864.SH,哈投股份,6.11,-2.239999999999995,7.12,7.2,-1.92837466,7.22,7.09,4445/5521,7.2,7.22,7.09,7.12,1.790633,7.6590159E7,17,600864,20260417
002786.SZ,银宝山新,7.84,0.9009009009009046,7.2,7.19,-0.13869626,7.2,7.08,4448/5521,7.19,7.2,7.08,7.2,1.664355,5197000,33,002786,20260417
603559.SH,ST通脉,7.64,4.945054945054937,7.16,7.1,0.56179775,7.16,7.08,4448/5521,7.1,7.16,7.08,7.16,1.123595,1744174,22,603559,20260417
002585.SZ,双星新材,7.75,-0.38560411311054305,7.46,7.06,4.628331,7.6,7.05,4450/5521,7.06,7.6,7.05,7.46,7.713884,6.8467119E7,33,002585,20260417
300511.SZ,雪榕生物,8.03,-2.5485436893203985,7.4,7.06,4.66760962,7.47,7.05,4450/5521,7.06,7.47,7.05,7.4,5.940594,4.6017174E7,33,300511,20260417
600222.SH,太龙药业,6.8,-3.2716927453769618,7.18,7.3,-1.50891632,7.31,7.05,4450/5521,7.3,7.31,7.05,7.18,3.566529,2.077041E7,17,600222,20260417
000908.SZ,ST景峰,7.12,-3.3921302578018997,7.29,7.1,2.24403927,7.39,7.04,4453/5521,7.1,7.39,7.04,7.29,4.908835,2.13326E7,33,000908,20260417
600682.SH,南京新百,6.77,-1.0233918128655013,7.07,7.15,-1.11888112,7.15,7.04,4453/5521,7.15,7.15,7.04,7.07,1.538461,1.2946814E7,17,600682,20260417
601901.SH,方正证券,7.18,0.4195804195804106,7.04,7.09,-1.12359551,7.1,7.03,4455/5521,7.09,7.1,7.03,7.04,0.983146,5.1270322E7,17,601901,20260417
603300.SH,海南华铁,6.58,-2.66272189349112,7.17,7.06,0.98591549,7.2,7.03,4455/5521,7.06,7.2,7.03,7.17,2.394366,8.629234E7,17,603300,20260417
603817.SH,海峡环保,7.36,0.27247956403270385,7.08,7.14,-0.97902098,7.17,7.03,4455/5521,7.14,7.17,7.03,7.08,1.958041,1.0836709E7,17,603817,20260417
000404.SZ,长虹华意,8.28,-0.12062726176115546,7.08,7.14,-0.70126227,7.14,7.02,4458/5521,7.14,7.14,7.02,7.08,1.683029,7913508,33,000404,20260417
002207.SZ,*ST准油,6.87,5.045871559633029,7.14,7.51,-5.05319149,7.54,7.02,4458/5521,7.51,7.54,7.02,7.14,6.914893,3.150996E7,33,002207,20260417
002538.SZ,ST司特,7.33,0.13661202185792057,7.03,7.11,-1.26404494,7.26,7.02,4458/5521,7.11,7.26,7.02,7.03,3.370786,2.0052839E7,33,002538,20260417
600336.SH,澳柯玛,7.55,1.342281879194626,7.11,7.1,0,7.16,7.02,4458/5521,7.1,7.16,7.02,7.11,1.969057,6034701,17,600336,20260417
600469.SH,风神股份,6.39,0.15673981191222236,7.1,7.3,-2.47252747,7.3,7.02,4458/5521,7.3,7.3,7.02,7.1,3.846153,1.8129003E7,17,600469,20260417
002099.SZ,海翔药业,6.34,-3.6474164133738634,7.16,7.07,1.1299435,7.37,7.01,4463/5521,7.07,7.37,7.01,7.16,5.084745,3.0396701E7,33,002099,20260417
300449.SZ,汉邦高科,7.54,2.029769959404606,7.1,7.15,-0.9762901,7.18,7.01,4463/5521,7.15,7.18,7.01,7.1,2.37099,6432500,33,300449,20260417
000800.SZ,一汽解放,6.73,-4.267425320056896,7.02,7.06,-1.26582278,7.08,7,4465/5521,7.06,7.08,7,7.02,1.125175,1.2598694E7,33,000800,20260417
600063.SH,皖维高新,7.04,-1.8131101813110166,7.03,7.11,-1.26404494,7.15,7,4465/5521,7.11,7.15,7,7.03,2.106741,3.5295608E7,17,600063,20260417
600098.SH,广州发展,7.11,-1.795580110497236,7.01,7.11,-1.40646976,7.14,6.99,4467/5521,7.11,7.14,6.99,7.01,2.109704,2.1614581E7,17,600098,20260417
300240.SZ,飞力达,6.94,0.14430014430015406,7.03,7.09,-1.26404494,7.11,6.98,4468/5521,7.09,7.11,6.98,7.03,1.825842,6510800,33,300240,20260417
601288.SH,农业银行,6.92,-0.2881844380403525,7.06,7,0.85714286,7.12,6.98,4468/5521,7,7.12,6.98,7.06,2,3.55827935E8,17,601288,20260417
000731.SZ,四川美丰,7.24,-0.6858710562414242,7.16,7.07,1.27298444,7.18,6.97,4470/5521,7.07,7.18,6.97,7.16,2.970297,1.58229E7,33,000731,20260417
300232.SZ,洲明科技,6.35,-0.31397174254317833,7.11,6.99,1.28205128,7.16,6.97,4470/5521,6.99,7.16,6.97,7.11,2.706552,2.9883969E7,33,300232,20260417
002510.SZ,天汽模,6.79,1.041666666666671,7.09,7.06,0,7.12,6.96,4472/5521,7.06,7.12,6.96,7.09,2.256699,2.2434992E7,33,002510,20260417
002724.SZ,海洋王,6.34,-1.5527950310559089,7.04,7.04,0,7.07,6.96,4472/5521,7.04,7.07,6.96,7.04,1.5625,6079900,33,002724,20260417
600127.SH,金健米业,6.81,-0.7288629737609432,6.98,7.13,-2.64993026,7.14,6.96,4472/5521,7.13,7.14,6.96,6.98,2.51046,3.5238827E7,17,600127,20260417
600819.SH,耀皮玻璃,6.83,-0.726744186046509,7.0,7.01,-1.1299435,7.08,6.96,4472/5521,7.01,7.08,6.96,7.0,1.694915,4764600,17,600819,20260417
002012.SZ,凯恩股份,6.69,-0.8888888888888831,7.0,7.07,-1.4084507,7.11,6.95,4476/5521,7.07,7.11,6.95,7.0,2.253521,1.4588201E7,33,002012,20260417
002327.SZ,富安娜,7.37,0.4087193460490497,6.97,7.03,-1.27478754,7.05,6.95,4476/5521,7.03,7.05,6.95,6.97,1.41643,4597600,33,002327,20260417
600583.SH,海油工程,6.77,-1.1678832116788331,7.01,7.27,-3.44352617,7.3,6.95,4476/5521,7.27,7.3,6.95,7.01,4.820936,8.3023941E7,17,600583,20260417
688238.SH,和元生物,6.79,-0.585651537335286,7.0,7.13,-2.37099024,7.19,6.95,4476/5521,7.13,7.19,6.95,7.0,3.34728,9280430,17,688238,20260417
002282.SZ,博深股份,6.95,0.5788712011577429,6.97,7,-0.57061341,7.07,6.94,4480/5521,7,7.07,6.94,6.97,1.854493,6061602,33,002282,20260417
002599.SZ,盛通股份,6.85,0.0,7.01,7.07,-1.26760563,7.1,6.94,4480/5521,7.07,7.1,6.94,7.01,2.253521,1.0033859E7,33,002599,20260417
600210.SH,紫江企业,6.98,-2.240896358543407,6.97,6.99,-0.28612303,7,6.94,4480/5521,6.99,7,6.94,6.97,0.858369,1.16427E7,17,600210,20260417
603609.SH,禾丰股份,7.01,0.5738880918220952,6.97,7.06,-1.27478754,7.06,6.93,4483/5521,7.06,7.06,6.93,6.97,1.841359,4217900,17,603609,20260417
300107.SZ,建新股份,7.33,-1.3458950201884206,6.96,7.04,-1.69491525,7.07,6.92,4484/5521,7.04,7.07,6.92,6.96,2.118644,8113900,33,300107,20260417
600011.SH,华能国际,6.99,-0.4273504273504183,6.94,6.99,-0.71530758,7.03,6.91,4485/5521,6.99,7.03,6.91,6.94,1.716738,7.2065574E7,17,600011,20260417
600720.SH,中交设计,6.66,-2.05882352941176,6.92,7.04,-1.42450142,7.04,6.91,4485/5521,7.04,7.04,6.91,6.92,1.851851,7020864,17,600720,20260417
601186.SH,中国铁建,6.75,-0.5891016200294557,6.93,6.95,-0.43103448,6.96,6.91,4485/5521,6.95,6.96,6.91,6.93,0.71839,5.7842436E7,17,601186,20260417
300640.SZ,德艺文创,7.4,2.3513139695712297,6.97,7.06,-1.27478754,7.1,6.9,4488/5521,7.06,7.1,6.9,6.97,2.832861,7064500,33,300640,20260417
600603.SH,广汇物流,5.86,0.34246575342466545,7.1,7,1.8651363,7.28,6.9,4488/5521,7,7.28,6.9,7.1,5.451936,2.2299138E7,17,600603,20260417
300591.SZ,万里马,7.92,3.125000000000003,6.96,7.05,-1.27659574,7.08,6.89,4490/5521,7.05,7.08,6.89,6.96,2.695035,1.0758775E7,33,300591,20260417
600359.SH,新农开发,7.62,4.670329670329668,6.97,7.06,-1.69252468,7.11,6.89,4490/5521,7.06,7.11,6.89,6.97,3.102961,8761275,17,600359,20260417
601328.SH,交通银行,6.8,-2.1582733812949693,6.96,6.91,0.57803468,6.97,6.89,4490/5521,6.91,6.97,6.89,6.96,1.156069,1.04639102E8,17,601328,20260417
002676.SZ,顺威股份,7.12,0.14064697609001106,7.0,6.94,0.86455331,7.06,6.88,4493/5521,6.94,7.06,6.88,7.0,2.593659,1.44868E7,33,002676,20260417
600061.SH,国投资本,6.71,2.5993883792048917,6.89,6.95,-1.00574713,6.95,6.87,4494/5521,6.95,6.95,6.87,6.89,1.149425,2.9495535E7,17,600061,20260417
600866.SH,星湖科技,5.82,-7.32484076433121,6.93,6.99,-0.8583691,6.99,6.87,4494/5521,6.99,6.99,6.87,6.93,1.716738,2.01608E7,17,600866,20260417
600901.SH,江苏金租,6.9,-0.5763688760806921,6.92,6.88,0.28985507,7.05,6.87,4494/5521,6.88,7.05,6.87,6.92,2.608695,3.3778286E7,17,600901,20260417
920146.BJ,华阳变速,6.95,1.6081871345029286,7.24,6.97,4.02298851,7.34,6.87,4494/5521,6.97,7.34,6.87,7.24,6.752873,4275207,151,920146,20260417
000910.SZ,大亚圣象,6.79,-1.4513788098693707,6.88,7.04,-2.27272727,7.04,6.86,4498/5521,7.04,7.04,6.86,6.88,2.556818,4204100,33,000910,20260417
002483.SZ,润邦股份,6.54,-0.1526717557251876,6.92,6.97,-0.71736011,6.98,6.86,4498/5521,6.97,6.98,6.86,6.92,1.721664,6495090,33,002483,20260417
002731.SZ,ST萃华,4.35,-5.0218340611353804,6.9,7.21,-4.43213296,7.22,6.86,4498/5521,7.21,7.22,6.86,6.9,4.986149,2.539942E7,33,002731,20260417
600409.SH,三友化工,7.76,-1.7721518987341844,6.97,6.88,1.30813953,7.06,6.86,4498/5521,6.88,7.06,6.86,6.97,2.906976,4.7199142E7,17,600409,20260417
601111.SH,中国国航,6.73,0.14880952380953386,6.92,6.97,-1.00143062,6.99,6.86,4498/5521,6.97,6.99,6.86,6.92,1.859799,6.2888988E7,17,601111,20260417
601778.SH,晶科科技,6.5,-6.609195402298851,6.91,7,3.75375375,7.33,6.86,4498/5521,7,7.33,6.86,6.91,7.057057,1.09107301E9,17,601778,20260417
688223.SH,晶科能源,6.65,3.5825545171339632,6.95,6.9,-2.66106443,7.09,6.86,4498/5521,6.9,7.09,6.86,6.95,3.221288,1.79927854E8,17,688223,20260417
000735.SZ,罗牛山,6.58,2.6521060842433686,6.92,6.93,-0.28818444,6.95,6.85,4505/5521,6.93,6.95,6.85,6.92,1.440922,1.6414659E7,33,000735,20260417
002540.SZ,亚太科技,6.04,-0.8210180623973699,6.88,6.9,-0.28985507,6.94,6.85,4505/5521,6.9,6.94,6.85,6.88,1.304347,5935200,33,002540,20260417
000928.SZ,中钢国际,6.5,-0.6116207951070342,6.88,7.01,-1.99430199,7.02,6.84,4507/5521,7.01,7.02,6.84,6.88,2.564102,4.551132E7,33,000928,20260417
002404.SZ,嘉欣丝绸,7.04,1.7341040462427761,6.9,6.95,-1.00430416,6.99,6.84,4507/5521,6.65,6.69,6.54,6.6,2.15208,5556650,33,002404,20260417
002798.SZ,帝欧水华,7.93,0.5069708491761729,7.01,7.16,-1.40646976,7.16,6.84,4507/5521,7.16,7.16,6.84,7.01,4.500703,3.8218137E7,33,002798,20260417
300732.SZ,设研院,7.49,2.4623803009576006,6.92,6.86,1.02189781,7.16,6.84,4507/5521,6.86,7.16,6.84,6.92,4.671532,1.430194E7,33,300732,20260417
002999.SZ,天禾股份,7.27,-0.8185538881309754,6.87,7,-1.99714693,7.03,6.83,4511/5521,7,7.03,6.83,6.87,2.853067,7939508,33,002999,20260417
603007.SH,花王股份,5.86,-3.934426229508186,6.86,6.92,-0.86705202,6.99,6.83,4511/5521,6.92,6.99,6.83,6.86,2.312138,1.5648706E7,17,603007,20260417
603999.SH,读者传媒,6.71,-0.14880952380952064,6.87,6.93,-1.15107914,6.98,6.83,4511/5521,6.93,6.98,6.83,6.87,2.158273,6930400,17,603999,20260417
002696.SZ,百洋股份,6.82,1.1869436201780426,6.86,6.92,-0.86705202,6.94,6.82,4514/5521,6.92,6.94,6.82,6.86,1.734104,5037000,33,002696,20260417
605199.SH,ST葫芦娃,6.79,-0.29368575624081605,6.85,6.95,-1.29682997,6.96,6.81,4515/5521,6.95,6.96,6.81,6.85,2.161383,3051000,22,605199,20260417
000758.SZ,中色股份,7.01,-0.8486562942008556,6.95,6.83,1.31195335,7.01,6.8,4516/5521,6.83,7.01,6.8,6.95,3.061224,4.03922E7,33,000758,20260417
000089.SZ,深圳机场,7.13,0.2812939521800221,6.84,6.83,0,6.86,6.79,4517/5521,6.83,6.86,6.79,6.84,1.023391,3493765,33,000089,20260417
002120.SZ,韵达股份,7.86,-0.12706480304955256,6.82,6.91,-2.01149425,6.94,6.79,4517/5521,6.91,6.94,6.79,6.82,2.155172,3.2199599E7,33,002120,20260417
601139.SH,深圳燃气,6.93,-1.7021276595744697,6.8,6.87,-1.01892285,6.93,6.79,4517/5521,6.87,6.93,6.79,6.8,2.037845,1.783097E7,17,601139,20260417
002591.SZ,恒大高新,8.36,9.999999999999996,6.86,7.02,-0.86705202,7.02,6.78,4520/5521,7.02,7.02,6.78,6.86,3.468208,7487300,33,002591,20260417
300326.SZ,ST凯利,7.1,3.1976744186046475,6.85,6.87,0.4398827,6.96,6.78,4520/5521,6.87,6.96,6.78,6.85,2.639296,9277000,33,300326,20260417
603959.SH,ST百利,4.55,-5.0104384133611735,7.02,6.92,0.86206897,7.24,6.78,4520/5521,6.92,7.24,6.78,7.02,6.609195,4.27334E7,22,603959,20260417
600929.SH,雪天盐业,6.93,-0.8583690987124535,7.03,6.82,1.88405797,7.15,6.77,4523/5521,6.82,7.15,6.77,7.03,5.507246,3.70854E7,17,600929,20260417
603569.SH,长久物流,6.69,-0.4464285714285619,6.8,6.88,-1.1627907,6.9,6.77,4523/5521,6.88,6.9,6.77,6.8,1.889534,3191900,17,603569,20260417
002301.SZ,齐心集团,6.9,0.7299270072992805,6.78,6.92,-1.8813314,6.96,6.76,4525/5521,6.92,6.96,6.76,6.78,2.894356,9392349,33,002301,20260417
000017.SZ,深中华A,6.41,0.0,6.77,6.9,-1.74165457,6.91,6.75,4526/5521,6.9,6.91,6.75,6.77,2.322206,6328920,33,000017,20260417
000035.SZ,中国天楹,6.53,-2.53731343283582,7.1,6.78,4.25844347,7.26,6.75,4526/5521,6.78,7.26,6.75,7.1,7.488986,9.6574616E7,33,000035,20260417
300281.SZ,金明精机,7.41,0.2706359945872864,6.82,6.85,-1.01596517,6.93,6.75,4526/5521,6.85,6.93,6.75,6.82,2.612481,6722200,33,300281,20260417
603330.SH,天洋新材,7.4,0.0,6.9,6.85,0.72992701,6.97,6.75,4526/5521,6.85,6.97,6.75,6.9,3.211678,5900820,17,603330,20260417
300241.SZ,瑞丰光电,6.82,-1.0159651669085543,6.97,6.75,2.5,7.02,6.74,4530/5521,6.75,7.02,6.74,6.97,4.117647,4.9022402E7,33,300241,20260417
603111.SH,康尼机电,6.92,1.0218978102189824,6.84,6.77,0.73637703,6.87,6.74,4530/5521,6.77,6.87,6.74,6.84,1.91458,6171702,17,603111,20260417
000546.SZ,金圆股份,7.72,4.748982360922654,6.83,6.96,-3.53107345,6.99,6.73,4532/5521,6.96,6.99,6.73,6.83,3.672316,1.017883E8,33,000546,20260417
000679.SZ,大连友谊,7.24,1.971830985915501,6.76,6.89,-2.02898551,6.96,6.73,4532/5521,6.89,6.96,6.73,6.76,3.333333,4832952,33,000679,20260417
600731.SH,湖南海利,6.84,-0.8695652173913115,6.76,6.88,-2.170767,6.9,6.73,4532/5521,6.88,6.9,6.73,6.76,2.460202,8975670,17,600731,20260417
600735.SH,ST新华锦,7.4,-5.0064184852374805,6.73,6.73,,6.73,6.73,4532/5521,6.73,6.73,6.73,6.73,,,22,600735,20260417
605138.SH,盛泰集团,7.7,2.393617021276604,6.77,6.88,-1.02339181,6.89,6.73,4532/5521,6.88,6.89,6.73,6.77,2.339181,2039900,17,605138,20260417
000633.SZ,合金投资,6.83,0.14662756598240156,6.78,6.8,-0.44052863,6.86,6.71,4537/5521,6.8,6.86,6.71,6.78,2.202643,7935001,33,000633,20260417
600398.SH,海澜之家,6.61,2.3219814241486123,6.74,6.75,-0.44313146,6.79,6.71,4537/5521,6.75,6.79,6.71,6.74,1.181683,1.6660839E7,17,600398,20260417
600470.SH,六国化工,6.98,-2.3776223776223766,6.78,6.86,-1.16618076,6.94,6.71,4537/5521,6.86,6.94,6.71,6.78,3.352769,2.2827167E7,17,600470,20260417
603717.SH,天域生物,7.54,10.072992700729934,6.78,6.92,-2.02312139,6.96,6.71,4537/5521,6.92,6.96,6.71,6.78,3.612716,9495840,17,603717,20260417
000852.SZ,石化机械,7.27,0.832177531206652,6.73,6.83,-2.03784571,6.86,6.7,4541/5521,6.83,6.86,6.7,6.73,2.328966,1.5547004E7,33,000852,20260417
600223.SH,福瑞达,6.55,-0.4559270516717363,6.74,6.79,-1.02790015,6.8,6.7,4541/5521,6.79,6.8,6.7,6.74,1.468428,5496097,17,600223,20260417
600651.SH,飞乐音响,6.89,4.236006051437206,6.85,6.76,0.58737151,6.86,6.7,4541/5521,6.76,6.86,6.7,6.85,2.349486,1.3249374E7,17,600651,20260417
300040.SZ,九洲集团,7.22,-3.0872483221476568,6.72,6.76,-1.17647059,6.87,6.69,4544/5521,6.76,6.87,6.69,6.72,2.647058,3.4655662E7,33,300040,20260417
300284.SZ,苏交科,6.76,0.5952380952380958,6.75,6.75,-0.58910162,6.77,6.69,4544/5521,6.75,6.77,6.69,6.75,1.178203,1.063071E7,33,300284,20260417
920985.BJ,海泰新能,6.41,-0.9273570324574901,6.99,6.8,2.9455081,7.1,6.69,4544/5521,6.8,7.1,6.69,6.99,6.038291,5105750,151,920985,20260417
002204.SZ,大连重工,6.85,-0.2911208151382891,6.72,6.78,-0.44444444,6.8,6.68,4547/5521,6.78,6.8,6.68,6.72,1.777777,2.1054808E7,33,002204,20260417
300048.SZ,合康新能,6.44,0.4680187207488338,6.85,6.75,1.03244838,6.87,6.68,4547/5521,6.75,6.87,6.68,6.85,2.802359,2.7066872E7,33,300048,20260417
600724.SH,宁波富达,6.97,0.14367816091953717,6.93,6.74,2.3633678,6.93,6.68,4547/5521,6.74,6.93,6.68,6.93,3.692762,1.1732E7,17,600724,20260417
000027.SZ,深圳能源,6.84,-1.7241379310344842,6.68,6.69,-0.44709389,6.75,6.67,4550/5521,6.69,6.75,6.67,6.68,1.19225,2.7774787E7,33,000027,20260417
000605.SZ,渤海股份,7.2,0.9817671809256702,6.71,6.82,-1.75695461,6.87,6.67,4550/5521,6.82,6.87,6.67,6.71,2.928257,5078500,33,000605,20260417
300189.SZ,神农种业,6.11,1.4950166112956935,6.75,6.76,-0.73529412,6.82,6.66,4552/5521,6.76,6.82,6.66,6.75,2.352941,4.6055417E7,33,300189,20260417
601956.SH,东贝集团,5.93,-0.5033557046979907,6.74,6.69,0.29761905,6.75,6.66,4552/5521,6.69,6.75,6.66,6.74,1.339285,5297300,17,601956,20260417
000952.SZ,广济药业,7.39,1.650618982118296,6.74,6.98,-3.71428571,6.99,6.65,4554/5521,6.98,6.99,6.65,6.74,4.857142,1.1094681E7,33,000952,20260417
000595.SZ,*ST宝实,6.36,-0.6250000000000006,6.88,6.65,4.55927052,6.91,6.64,4555/5521,6.65,6.91,6.64,6.88,4.103343,2.8609304E7,33,000595,20260417
300271.SZ,华宇软件,6.34,-0.3144654088050387,6.69,6.71,-0.59435364,6.72,6.64,4555/5521,6.71,6.72,6.64,6.69,1.188707,6756100,33,300271,20260417
000726.SZ,鲁泰A,6.55,-1.355421686746986,6.69,6.95,-4.01721664,6.95,6.63,4557/5521,6.95,6.95,6.63,6.69,4.591104,2.1449285E7,33,000726,20260417
600235.SH,民丰特纸,6.95,1.0174418604651205,6.72,6.81,-0.88495575,6.81,6.63,4557/5521,6.81,6.81,6.63,6.72,2.654867,5460600,17,600235,20260417
603567.SH,珍宝岛,7.08,6.146926536731637,6.7,6.83,-2.04678363,6.88,6.63,4557/5521,6.83,6.88,6.63,6.7,3.65497,1.9591817E7,17,603567,20260417
000875.SZ,电投绿能,6.53,-0.6088280060882806,6.74,6.68,1.04947526,6.8,6.62,4560/5521,6.68,6.8,6.62,6.74,2.69865,4.3766286E7,33,000875,20260417
300343.SZ,ST联创,6.56,0.923076923076917,6.76,6.65,1.34932534,6.76,6.62,4560/5521,6.65,6.76,6.62,6.76,2.09895,1.6017005E7,33,300343,20260417
600084.SH,*ST尼雅,5.35,-4.973357015985795,6.68,6.82,-2.76564774,6.87,6.62,4560/5521,6.82,6.87,6.62,6.68,3.63901,8716300,22,600084,20260417
000410.SZ,沈阳机床,6.16,-0.16207455429497222,6.73,6.7,0.14880952,6.81,6.61,4563/5521,6.7,6.81,6.61,6.73,2.97619,1.6831301E7,33,000410,20260417
000531.SZ,穗恒运A,7.05,-3.159340659340665,6.72,6.67,0.5988024,6.75,6.61,4563/5521,6.67,6.75,6.61,6.72,2.095808,1.6205521E7,33,000531,20260417
000598.SZ,兴蓉环境,6.9,-1.0043041606886571,6.62,6.66,-0.6006006,6.67,6.61,4563/5521,6.66,6.67,6.61,6.62,0.9009,1.83209E7,33,000598,20260417
000909.SZ,*ST数源,4.66,-5.091649694501018,6.66,6.7,0,6.91,6.61,4563/5521,6.7,6.91,6.61,6.66,4.504504,4527600,33,000909,20260417
300448.SZ,浩云科技,8.11,3.841229193341867,6.72,6.77,-1.46627566,6.8,6.61,4563/5521,6.77,6.8,6.61,6.72,2.785923,1.654717E7,33,300448,20260417
600666.SH,奥瑞德,5.24,-5.585585585585579,7.09,6.85,3.50364964,7.32,6.61,4563/5521,6.85,7.32,6.61,7.09,10.364963,8.46109767E8,17,600666,20260417
688469.SH,芯联集成,6.89,2.0740740740740695,6.7,6.63,0.7518797,6.74,6.61,4563/5521,6.63,6.74,6.61,6.7,1.954887,6.1328108E7,17,688469,20260417
000060.SZ,中金岭南,6.75,1.5037593984962352,6.75,6.62,3.05343511,6.81,6.6,4570/5521,6.62,6.81,6.6,6.75,3.206106,1.36009699E8,33,000060,20260417
002408.SZ,齐翔腾达,6.58,-1.6442451420029942,6.67,6.73,-2.19941349,6.85,6.6,4570/5521,6.73,6.85,6.6,6.67,3.665689,5.2883902E7,33,002408,20260417
300335.SZ,迪森股份,6.6,-0.7518796992481309,6.63,6.9,-5.55555556,6.95,6.6,4570/5521,6.9,6.95,6.6,6.63,4.985754,4.7125662E7,33,300335,20260417
300569.SZ,天能重工,6.18,-1.5923566878980977,6.91,6.6,4.22322775,7.18,6.6,4570/5521,6.6,7.18,6.6,6.91,8.748114,8.7906323E7,33,300569,20260417
000417.SZ,合百集团,6.69,2.1374045801526806,6.7,6.68,0.2994012,6.73,6.58,4574/5521,6.68,6.73,6.58,6.7,2.245508,1.37857E7,33,000417,20260417
002412.SZ,汉森制药,6.99,-0.28530670470755454,6.62,6.8,-3.07467057,6.8,6.58,4574/5521,6.8,6.8,6.58,6.62,3.221083,1.227435E7,33,002412,20260417
300291.SZ,百纳千成,6.33,2.926829268292678,6.73,6.7,-0.73746313,6.8,6.58,4574/5521,6.7,6.8,6.58,6.73,3.244837,2.0069908E7,33,300291,20260417
300883.SZ,龙利得,7.12,2.890173410404627,6.7,6.7,0,6.78,6.58,4574/5521,6.7,6.78,6.58,6.7,2.985074,1.1747163E7,33,300883,20260417
600351.SH,亚宝药业,7.08,2.3121387283237014,6.63,6.77,-2.06794682,6.77,6.58,4574/5521,6.77,6.77,6.58,6.63,2.806499,2.5658486E7,17,600351,20260417
002629.SZ,仁智股份,6.47,-1.371951219512193,6.7,6.71,0.2994012,6.77,6.57,4579/5521,6.71,6.77,6.57,6.7,2.994011,1.93323E7,33,002629,20260417
300044.SZ,*ST赛为,6.44,2.875399361022374,6.68,6.6,1.67427702,6.82,6.57,4579/5521,6.6,6.82,6.57,6.68,3.805175,2.9329477E7,33,300044,20260417
600116.SH,三峡水利,6.58,-0.3030303030302966,6.75,6.58,2.42792109,6.89,6.57,4579/5521,6.58,6.89,6.57,6.75,4.855842,5.7109772E7,17,600116,20260417
000505.SZ,京粮控股,6.61,2.959501557632405,6.59,6.66,-1.34730539,6.71,6.56,4582/5521,6.66,6.71,6.56,6.59,2.245508,8886601,33,000505,20260417
000753.SZ,漳州发展,6.67,2.1439509954058145,6.58,6.65,-0.90361446,6.67,6.56,4582/5521,6.65,6.67,6.56,6.58,1.656626,1.5308456E7,33,000753,20260417
300345.SZ,华民股份,6.44,0.6250000000000006,6.7,6.68,-0.44576523,6.74,6.56,4582/5521,6.68,6.74,6.56,6.7,2.674591,2.5402282E7,33,300345,20260417
300639.SZ,凯普生物,6.06,-1.1419249592169705,6.63,6.78,-3.07017544,6.78,6.56,4582/5521,6.78,6.78,6.56,6.63,3.216374,3.1661134E7,33,300639,20260417
600167.SH,联美控股,6.67,-0.5961251862891213,6.59,6.63,-1.1994003,6.72,6.56,4582/5521,6.63,6.72,6.56,6.59,2.3988,8374705,17,600167,20260417
002707.SZ,众信旅游,6.29,-0.4746835443038014,6.6,6.72,-2.22222222,6.73,6.55,4587/5521,6.72,6.73,6.55,6.6,2.666666,2.5098784E7,33,002707,20260417
300289.SZ,利德曼,6.71,-0.7396449704141986,6.65,6.68,-0.4491018,6.71,6.55,4587/5521,6.68,6.71,6.55,6.65,2.395209,7043060,33,300289,20260417
920832.BJ,齐鲁华信,6.89,2.377414561664179,6.84,6.64,3.01204819,6.95,6.55,4587/5521,6.64,6.95,6.55,6.84,6.024096,2044160,151,920832,20260417
000601.SZ,韶能股份,6.57,-2.232142857142849,6.63,6.63,-0.15060241,6.82,6.54,4590/5521,6.63,6.82,6.54,6.63,4.216867,6.1378874E7,33,000601,20260417
002700.SZ,万憬能源,6.94,-0.14388489208632788,6.58,6.65,-0.90361446,6.66,6.53,4591/5521,6.65,6.66,6.53,6.58,1.957831,4518600,33,002700,20260417
300105.SZ,龙源技术,6.91,0.2902757619738819,6.58,6.73,-2.22882615,6.73,6.52,4592/5521,6.73,6.73,6.52,6.58,3.120356,9582200,33,300105,20260417
000713.SZ,国投丰乐,6.5,-2.6946107784431095,6.51,6.59,-1.80995475,6.68,6.5,4593/5521,6.59,6.68,6.5,6.51,2.714932,8225502,33,000713,20260417
300175.SZ,ST朗源,6.13,-1.9200000000000017,6.55,6.52,0.4601227,6.6,6.5,4593/5521,6.52,6.6,6.5,6.55,1.533742,4000400,33,300175,20260417
600215.SH,派斯林,6.84,5.718701700154562,6.56,6.66,-1.35338346,6.68,6.5,4593/5521,6.66,6.68,6.5,6.56,2.706766,5485100,17,600215,20260417
600966.SH,博汇纸业,6.35,1.5999999999999943,6.59,6.5,1.07361963,6.79,6.5,4593/5521,6.5,6.79,6.5,6.59,4.447852,1.67454E7,17,600966,20260417
000153.SZ,丰原药业,6.45,-0.3091190108191588,6.57,6.75,-3.52422907,6.75,6.49,4597/5521,6.75,6.75,6.49,6.57,3.817914,2.8223562E7,33,000153,20260417
600358.SH,国旅联合,5.89,-0.8417508417508537,6.49,6.49,,6.49,6.49,4597/5521,6.49,6.49,6.49,6.49,,,17,600358,20260417
000702.SZ,正虹科技,7.13,1.8571428571428557,6.59,6.72,-2.37037037,6.79,6.48,4599/5521,6.72,6.79,6.48,6.59,4.592592,1.6729792E7,33,000702,20260417
000953.SZ,河化股份,6.99,1.0115606936416226,6.53,6.68,-2.24550898,6.69,6.48,4599/5521,6.68,6.69,6.48,6.53,3.143712,7591300,33,000953,20260417
002575.SZ,群兴玩具,6.81,-0.5839416058394166,6.54,6.74,-4.52554745,6.81,6.48,4599/5521,6.74,6.81,6.48,6.54,4.817518,6.1541615E7,33,002575,20260417
000788.SZ,北大医药,6.12,-2.0799999999999983,6.54,6.64,-1.8018018,6.68,6.47,4602/5521,6.64,6.68,6.47,6.54,3.153153,6.8355619E7,33,000788,20260417
002193.SZ,如意集团,,,6.55,6.47,0.1529052,6.61,6.47,4602/5521,6.47,6.61,6.47,6.55,2.140672,7824500,33,002193,20260417
300066.SZ,三川智慧,6.24,-0.319488817891367,6.54,6.48,-0.30487805,6.58,6.47,4602/5521,6.48,6.58,6.47,6.54,1.676829,1.9920882E7,33,300066,20260417
300307.SZ,慈星股份,7.04,2.028985507246372,6.55,6.54,-0.15243902,6.57,6.47,4602/5521,6.54,6.57,6.47,6.55,1.52439,6180301,33,300307,20260417
600561.SH,江西长运,6.94,-0.8571428571428515,6.66,6.57,1.52439024,6.68,6.47,4602/5521,6.57,6.68,6.47,6.66,3.201219,7231800,17,600561,20260417
600780.SH,通宝能源,6.82,-1.445086705202307,6.63,6.49,2.15716487,6.69,6.47,4602/5521,6.49,6.69,6.47,6.63,3.38983,3.1121928E7,17,600780,20260417
600538.SH,国发股份,6.72,-1.8978102189781008,6.61,6.66,-0.75075075,6.69,6.46,4608/5521,6.66,6.69,6.46,6.61,3.453453,1.34917E7,17,600538,20260417
002587.SZ,奥拓电子,7.0,2.7900146842878177,6.54,6.51,-0.30487805,6.59,6.45,4609/5521,6.51,6.59,6.45,6.54,2.134146,1.373891E7,33,002587,20260417
601118.SH,海南橡胶,7.19,1.6973125884016989,6.49,6.6,-2.11161388,6.6,6.45,4609/5521,6.6,6.6,6.45,6.49,2.262443,3.6924045E7,17,601118,20260417
603815.SH,交建股份,7.28,3.5561877667140824,6.57,6.45,-1.79372197,6.67,6.45,4609/5521,6.45,6.67,6.45,6.57,3.28849,4.9860462E7,17,603815,20260417
002188.SZ,中天服务,7.22,4.941860465116277,6.5,6.58,-0.45941807,6.58,6.44,4612/5521,6.58,6.58,6.44,6.5,2.14395,1.11854E7,33,002188,20260417
600517.SH,国网英大,5.92,-7.788161993769471,6.47,6.49,-0.61443932,6.52,6.43,4613/5521,6.49,6.52,6.43,6.47,1.382488,1.5710616E7,17,600517,20260417
000930.SZ,中粮科技,6.08,0.8291873963515725,6.44,6.55,-1.67938931,6.55,6.42,4614/5521,6.55,6.55,6.42,6.44,1.984732,2.3996591E7,33,000930,20260417
600906.SH,财达证券,6.42,5.766062602965397,6.46,6.46,-0.30864198,6.5,6.42,4614/5521,6.46,6.5,6.42,6.46,1.234567,1.09615E7,17,600906,20260417
603168.SH,莎普爱思,6.74,0.0,6.51,6.72,-3.55555556,6.72,6.42,4614/5521,6.72,6.72,6.42,6.51,4.444444,1.0598876E7,17,603168,20260417
002063.SZ,远光软件,6.28,-1.4128728414442677,6.44,6.5,-1.07526882,6.51,6.41,4617/5521,6.5,6.51,6.41,6.44,1.536098,3.9884402E7,33,002063,20260417
002427.SZ,尤夫股份,5.79,-0.3442340791738309,6.46,6.42,0.15503876,6.5,6.38,4618/5521,6.42,6.5,6.38,6.46,1.860465,1.5598825E7,33,002427,20260417
300647.SZ,超频三,7.07,0.855920114122689,6.48,6.4,1.25,6.55,6.38,4618/5521,6.4,6.55,6.38,6.48,2.65625,1.26151E7,33,300647,20260417
002291.SZ,遥望科技,6.7,0.7518796992481176,6.42,6.45,-0.92592593,6.47,6.36,4620/5521,6.45,6.47,6.36,6.42,1.69753,2.1599282E7,33,002291,20260417
000570.SZ,苏常柴A,6.42,-1.3824884792626706,6.61,6.76,-1.92878338,6.88,6.35,4621/5521,6.76,6.88,6.35,6.61,7.863501,1.16993312E8,33,000570,20260417
000983.SZ,山西焦煤,7.02,0.28571428571427965,6.36,6.45,-1.24223602,6.46,6.35,4621/5521,6.45,6.46,6.35,6.36,1.708074,5.2771212E7,33,000983,20260417
002367.SZ,康力电梯,6.16,-1.123595505617982,6.39,6.46,-0.93023256,6.46,6.35,4621/5521,6.46,6.46,6.35,6.39,1.705426,9977000,33,002367,20260417
002381.SZ,双箭股份,6.72,-0.1485884101040219,6.39,6.48,-1.54083205,6.5,6.34,4624/5521,6.48,6.5,6.34,6.39,2.465331,5286700,33,002381,20260417
600778.SH,友好集团,6.83,1.7883755588673638,6.39,6.43,-0.62208398,6.48,6.34,4624/5521,6.43,6.48,6.34,6.39,2.177293,6005500,17,600778,20260417
600481.SH,双良节能,6.08,-0.9771986970683976,6.49,6.44,0.77639752,6.57,6.33,4626/5521,6.44,6.57,6.33,6.49,3.726708,5.433972E7,17,600481,20260417
003032.SZ,*ST传智,6.54,-0.6079027355623106,6.38,6.43,-1.08527132,6.43,6.32,4627/5521,6.43,6.43,6.32,6.38,1.705426,3681900,33,003032,20260417
600006.SH,东风股份,6.71,-0.2971768202080306,6.39,6.39,0.15673981,6.4,6.32,4627/5521,6.39,6.4,6.32,6.39,1.253918,8233297,17,600006,20260417
600219.SH,南山铝业,5.37,-0.739371534195934,6.39,6.39,0,6.42,6.32,4627/5521,6.39,6.42,6.32,6.39,1.564945,1.51100735E8,17,600219,20260417
600257.SH,大湖股份,6.1,-0.48939641109298937,6.38,6.37,-0.15649452,6.47,6.32,4627/5521,6.37,6.47,6.32,6.38,2.347417,1.8078708E7,17,600257,20260417
603385.SH,惠达卫浴,6.76,0.5952380952380958,6.36,6.53,-2.15384615,6.54,6.32,4627/5521,6.53,6.54,6.32,6.36,3.384615,5635290,17,603385,20260417
000630.SZ,铜陵有色,6.15,-2.8436018957345928,6.43,6.31,1.74050633,6.52,6.31,4632/5521,6.31,6.52,6.31,6.43,3.322784,3.00368635E8,33,000630,20260417
600155.SH,华创云信,6.27,1.4563106796116483,6.34,6.37,-0.62695925,6.37,6.31,4632/5521,6.37,6.37,6.31,6.34,0.940438,1.7767651E7,17,600155,20260417
603060.SH,国检集团,6.68,-1.764705882352943,6.33,6.37,-0.78369906,6.39,6.31,4632/5521,6.37,6.39,6.31,6.33,1.253918,3277571,17,603060,20260417
603880.SH,南卫股份,7.45,4.781997187060476,6.4,6.47,-0.92879257,6.53,6.31,4632/5521,6.47,6.53,6.31,6.4,3.405572,8611209,17,603880,20260417
000663.SZ,永安林业,6.88,1.624815361890699,6.35,6.41,-0.93603744,6.5,6.3,4636/5521,6.41,6.5,6.3,6.35,3.120124,7320600,33,000663,20260417
002035.SZ,华帝股份,5.89,-0.8417508417508537,6.33,6.41,-1.40186916,6.41,6.3,4636/5521,6.41,6.41,6.3,6.33,1.713395,1.628335E7,33,002035,20260417
002909.SZ,集泰股份,6.69,-0.1492537313432804,6.37,6.54,-1.69753086,6.54,6.3,4636/5521,6.54,6.54,6.3,6.37,3.703703,7724500,33,002909,20260417
300123.SZ,ST亚光,3.99,4.4502617801047215,6.42,6.35,0.46948357,6.47,6.3,4636/5521,6.35,6.47,6.3,6.42,2.660406,2.113494E7,33,300123,20260417
002692.SZ,远程股份,5.61,-3.44234079173837,6.6,6.3,2.3255814,6.92,6.29,4640/5521,6.3,6.92,6.29,6.6,9.767441,8.2178306E7,33,002692,20260417
002343.SZ,慈文传媒,6.2,-1.7432646592709895,6.39,6.41,-0.31201248,6.45,6.28,4641/5521,6.41,6.45,6.28,6.39,2.652106,1.238438E7,33,002343,20260417
600019.SH,宝钢股份,6.31,-2.6234567901234693,6.3,6.35,-0.94339623,6.36,6.28,4641/5521,6.35,6.36,6.28,6.3,1.257861,1.15347934E8,17,600019,20260417
603616.SH,韩建河山,6.17,1.1475409836065622,6.37,6.44,-0.93312597,6.5,6.28,4641/5521,6.44,6.5,6.28,6.37,3.421461,1.10731E7,17,603616,20260417
000862.SZ,银星能源,6.47,-3.143712574850299,6.39,6.29,1.42857143,6.46,6.27,4644/5521,6.29,6.46,6.27,6.39,3.015873,3.91546E7,33,000862,20260417
002105.SZ,信隆健康,6.79,1.6467065868263522,6.32,6.36,-0.62893082,6.41,6.26,4645/5521,6.36,6.41,6.26,6.32,2.35849,5564400,33,002105,20260417
002386.SZ,天原股份,6.99,-3.983516483516484,6.44,6.27,2.71132376,6.5,6.26,4645/5521,6.27,6.5,6.26,6.44,3.827751,6.1536385E7,33,002386,20260417
300006.SZ,莱美药业,6.39,-0.7763975155279613,6.47,6.4,1.09375,6.64,6.26,4645/5521,6.4,6.64,6.26,6.47,5.9375,6.9401696E7,33,300006,20260417
600755.SH,厦门国贸,6.19,1.6420361247947544,6.27,6.34,-1.41509434,6.36,6.26,4645/5521,6.34,6.36,6.26,6.27,1.572327,1.6643801E7,17,600755,20260417
600796.SH,钱江生化,6.34,-0.3144654088050387,6.28,6.42,-2.78637771,6.49,6.26,4645/5521,6.42,6.49,6.26,6.28,3.560371,8659401,17,600796,20260417
002094.SZ,青岛金王,5.96,0.3367003367003295,6.32,6.38,-0.94043887,6.38,6.25,4650/5521,6.38,6.38,6.25,6.32,2.037617,1.5172547E7,33,002094,20260417
002360.SZ,ST同德,6.22,4.013377926421393,6.35,6.58,-3.05343511,6.65,6.25,4650/5521,6.58,6.65,6.25,6.35,6.10687,2.09525E7,33,002360,20260417
300737.SZ,科顺股份,6.81,-0.14662756598241458,6.35,6.53,-0.47021944,6.55,6.25,4650/5521,6.53,6.55,6.25,6.35,4.702194,2.5530581E7,33,300737,20260417
603779.SH,威龙股份,7.45,7.194244604316546,6.31,6.38,-0.47318612,6.39,6.25,4650/5521,6.38,6.39,6.25,6.31,2.208201,6064860,17,603779,20260417
002092.SZ,中泰化学,6.92,-0.14430014430014124,6.27,6.31,-1.10410095,6.35,6.24,4654/5521,6.31,6.35,6.24,6.27,1.735015,4.15278E7,33,002092,20260417
002206.SZ,海利得,6.18,-0.1615508885298978,6.25,6.38,-2.49609984,6.41,6.24,4654/5521,6.38,6.41,6.24,6.25,2.652106,1.8966402E7,33,002206,20260417
600354.SH,敦煌种业,6.26,1.7886178861788524,6.28,6.34,-1.41287284,6.35,6.24,4654/5521,6.34,6.35,6.24,6.28,1.726844,1.9066269E7,17,600354,20260417
300157.SZ,新锦动力,5.73,0.17482517482518664,6.32,6.36,-1.09546166,6.39,6.23,4657/5521,6.36,6.39,6.23,6.32,2.503912,3.1711187E7,33,300157,20260417
601949.SH,中国出版,5.87,0.0,6.28,6.29,-0.63291139,6.31,6.23,4657/5521,6.29,6.31,6.23,6.28,1.265822,8355539,17,601949,20260417
002556.SZ,辉隆股份,6.33,0.3169572107765525,6.41,6.33,1.58478605,6.48,6.22,4659/5521,6.33,6.48,6.22,6.41,4.120443,2.7217667E7,33,002556,20260417
300376.SZ,易事特,5.82,-1.8549747048903784,6.43,6.24,2.55183413,6.49,6.22,4659/5521,6.24,6.49,6.22,6.43,4.30622,3.5987971E7,33,300376,20260417
301175.SZ,中科环保,6.16,-0.9646302250803797,6.24,6.27,-0.79491256,6.3,6.22,4659/5521,6.27,6.3,6.22,6.24,1.27186,1.3726901E7,33,301175,20260417
601068.SH,中铝国际,6.22,0.0,6.28,6.25,0.31948882,6.34,6.21,4662/5521,6.25,6.34,6.21,6.28,2.076677,1.3529E7,17,601068,20260417
601608.SH,中信重工,6.05,1.851851851851842,6.27,6.27,-0.15923567,6.29,6.21,4662/5521,6.27,6.29,6.21,6.27,1.273885,2.473655E7,17,601608,20260417
603335.SH,迪生力,7.07,-2.4827586206896513,6.5,6.33,3.83386581,6.64,6.21,4662/5521,6.33,6.64,6.21,6.5,6.869009,4.4008697E7,17,603335,20260417
000159.SZ,国际实业,6.5,0.0,6.23,6.36,-1.42405063,6.36,6.2,4665/5521,6.36,6.36,6.2,6.23,2.531645,1.05709E7,33,000159,20260417
300140.SZ,节能环境,6.62,-0.7496251874062942,6.28,6.3,-0.78988942,6.31,6.2,4665/5521,6.3,6.31,6.2,6.28,1.737756,2.2123E7,33,300140,20260417
300310.SZ,宜通世纪,5.72,-1.0380622837370328,6.38,6.3,0.78988942,6.41,6.2,4665/5521,6.3,6.41,6.2,6.38,3.317535,4.048086E7,33,300310,20260417
603980.SH,吉华集团,6.35,2.584814216478178,6.24,6.39,-2.95489891,6.43,6.19,4668/5521,6.39,6.43,6.19,6.24,3.732503,2.408028E7,17,603980,20260417
000892.SZ,欢瑞世纪,4.96,1.4314928425357931,6.33,6.35,-1.70807453,6.48,6.18,4669/5521,6.35,6.48,6.18,6.33,4.658385,4.84485E7,33,000892,20260417
300305.SZ,裕兴股份,6.76,1.197604790419163,6.31,6.32,-0.15822785,6.36,6.18,4669/5521,6.32,6.36,6.18,6.31,2.848101,8064300,33,300305,20260417
300381.SZ,溢多利,6.92,-0.5747126436781614,6.23,6.39,-2.50391236,6.39,6.18,4669/5521,6.39,6.39,6.18,6.23,3.286384,7498500,33,300381,20260417
600903.SH,贵州燃气,6.47,-0.46153846153846534,6.22,6.25,-0.63897764,6.26,6.18,4669/5521,6.25,6.26,6.18,6.22,1.277955,5823787,17,600903,20260417
000553.SZ,安道麦A,6.82,10.000000000000002,6.21,6.26,-1.2718601,6.32,6.17,4673/5521,6.26,6.32,6.17,6.21,2.384737,7989311,33,000553,20260417
002187.SZ,广百股份,6.19,0.3241491085899589,6.24,6.28,-1.10935024,6.34,6.17,4673/5521,6.28,6.34,6.17,6.24,2.694136,1.0584E7,33,002187,20260417
300664.SZ,鹏鹞环保,5.6,-0.5328596802841963,6.19,6.31,-2.3659306,6.31,6.16,4675/5521,6.31,6.31,6.16,6.19,2.36593,2.21544E7,33,300664,20260417
300670.SZ,大烨智能,7.24,0.6954102920723202,6.25,6.47,-3.40030912,6.47,6.16,4675/5521,6.47,6.47,6.16,6.25,4.791344,1.11034E7,33,300670,20260417
600123.SH,兰花科创,7.08,2.6086956521739086,6.18,6.26,-1.59235669,6.28,6.16,4675/5521,6.26,6.28,6.16,6.18,1.910828,1.930409E7,17,600123,20260417
600736.SH,苏州高新,8.15,-2.9761904761904763,6.29,6.17,1.4516129,6.35,6.16,4675/5521,6.17,6.35,6.16,6.29,3.064516,1.8980763E7,17,600736,20260417
002274.SZ,华昌化工,6.75,-0.14792899408283708,6.23,6.21,0.1607717,6.28,6.15,4679/5521,6.21,6.28,6.15,6.23,2.090032,1.7763912E7,33,002274,20260417
002752.SZ,昇兴股份,7.4,0.2710027100271065,6.2,6.29,-1.74326466,6.29,6.15,4679/5521,6.29,6.29,6.15,6.2,2.2187,1.5639425E7,33,002752,20260417
600556.SH,天下秀,5.95,-0.5016722408026797,6.2,6.2,-0.64102564,6.24,6.15,4679/5521,6.2,6.24,6.15,6.2,1.442307,3.0754505E7,17,600556,20260417
601222.SH,林洋能源,6.08,-0.9771986970683976,6.38,6.17,3.57142857,6.47,6.15,4679/5521,6.17,6.47,6.15,6.38,5.194805,5.2959585E7,17,601222,20260417
688373.SH,盟科药业,6.02,0.8375209380234476,6.21,6.37,-2.6645768,6.4,6.15,4679/5521,6.37,6.4,6.15,6.21,3.918495,1.4517018E7,17,688373,20260417
003012.SZ,东鹏控股,5.88,-1.5075376884422087,6.16,6.3,-2.37717908,6.31,6.14,4684/5521,6.3,6.31,6.14,6.16,2.694136,7874075,33,003012,20260417
002355.SZ,兴民智通,6.0,1.0101010101010035,6.2,6.27,-1.58730159,6.29,6.13,4685/5521,6.27,6.29,6.13,6.2,2.539682,2.4308355E7,33,002355,20260417
601766.SH,中国中车,5.97,1.0152284263959324,6.15,6.2,-0.64620355,6.2,6.13,4685/5521,6.2,6.2,6.13,6.15,1.130856,1.55396723E8,17,601766,20260417
002031.SZ,巨轮智能,5.71,1.2411347517730547,6.19,6.21,-0.32206119,6.24,6.12,4687/5521,6.21,6.24,6.12,6.19,1.932367,3.6637476E7,33,002031,20260417
301215.SZ,中汽股份,6.25,0.16025641025640683,6.22,6.17,0.32258065,6.23,6.12,4687/5521,6.17,6.23,6.12,6.22,1.774193,8575600,33,301215,20260417
600820.SH,隧道股份,5.94,-1.4925373134328335,6.16,6.14,0.48939641,6.17,6.12,4687/5521,6.14,6.17,6.12,6.16,0.81566,1.0733976E7,17,600820,20260417
002055.SZ,ST得润,5.93,-0.6700167504187611,6.18,6.14,0,6.33,6.11,4690/5521,6.14,6.33,6.11,6.18,3.55987,1.92543E7,33,002055,20260417
600106.SH,重庆路桥,5.94,-1.1647254575707056,6.23,6.13,1.63132137,6.3,6.11,4690/5521,6.13,6.3,6.11,6.23,3.09951,2.3524804E7,17,600106,20260417
601665.SH,齐鲁银行,6.39,-1.0835913312693541,6.14,6.13,0.16313214,6.19,6.11,4690/5521,6.13,6.19,6.11,6.14,1.305057,3.6500279E7,17,601665,20260417
920057.BJ,百甲科技,6.18,1.4778325123152687,6.35,6.13,3.58890701,6.4,6.11,4690/5521,6.13,6.4,6.11,6.35,4.730831,2278345,151,920057,20260417
002027.SZ,分众传媒,6.29,-2.0249221183800605,6.21,6.27,-1.2718601,6.28,6.1,4694/5521,6.27,6.28,6.1,6.21,2.861685,1.71662685E8,33,002027,20260417
002522.SZ,浙江众成,6.35,-1.397515527950322,6.19,6.12,0.32414911,6.21,6.1,4694/5521,6.12,6.21,6.1,6.19,1.78282,2.8295934E7,33,002522,20260417
002614.SZ,奥佳华,5.76,0.17391304347825717,6.13,6.23,-1.60513644,6.25,6.1,4694/5521,6.23,6.25,6.1,6.13,2.407704,9191400,33,002614,20260417
002746.SZ,仙坛股份,6.4,1.4263074484944651,6.1,6.17,-1.453958,6.18,6.1,4694/5521,6.17,6.18,6.1,6.1,1.292407,8229631,33,002746,20260417
300158.SZ,振东制药,5.72,-0.34843205574913694,6.13,6.27,-2.6984127,6.27,6.1,4694/5521,6.27,6.27,6.1,6.13,2.698412,3.317439E7,33,300158,20260417
600256.SH,广汇能源,6.75,1.6566265060241012,6.15,6.34,-2.68987342,6.35,6.1,4694/5521,6.34,6.35,6.1,6.15,3.955696,1.85938577E8,17,600256,20260417
600636.SH,*ST国化,4.51,0.0,6.09,6.1,-4.99219969,6.14,6.09,4700/5521,6.1,6.14,6.09,6.09,0.780031,2.1831351E7,22,600636,20260417
002337.SZ,赛象科技,6.24,0.48309178743961756,6.16,6.22,-1.12359551,6.22,6.08,4701/5521,6.22,6.22,6.08,6.16,2.247191,9767095,33,002337,20260417
002391.SZ,长青股份,6.64,0.6060606060606066,6.09,6.23,-2.09003215,6.26,6.08,4701/5521,6.23,6.26,6.08,6.09,2.89389,8419900,33,002391,20260417
002480.SZ,新筑股份,6.6,0.3039513677811485,6.15,6.13,0,6.24,6.07,4703/5521,6.13,6.24,6.07,6.15,2.764227,1.25875E7,33,002480,20260417
601801.SH,皖新传媒,6.04,-0.9836065573770428,6.1,6.12,-0.48939641,6.13,6.07,4703/5521,6.12,6.13,6.07,6.1,0.978792,6901298,17,601801,20260417
300167.SZ,ST迪威迅,5.71,-9.936908517350156,6.11,6.11,-0.16339869,6.17,6.06,4705/5521,6.11,6.17,6.06,6.11,1.797385,4310243,33,300167,20260417
300261.SZ,雅本化学,5.96,0.0,6.11,6.2,-1.29240711,6.21,6.06,4705/5521,6.2,6.21,6.06,6.11,2.423263,1.3342414E7,33,300261,20260417
600125.SH,铁龙物流,6.14,1.3201320132013215,6.06,6.19,-2.25806452,6.2,6.06,4705/5521,6.19,6.2,6.06,6.06,2.258064,3.5176408E7,17,600125,20260417
300010.SZ,豆神教育,,,6.11,6.18,-1.13268608,6.18,6.05,4708/5521,6.18,6.18,6.05,6.11,2.103559,3.0033502E7,33,300010,20260417
600874.SH,创业环保,6.21,-1.740506329113929,6.07,6.13,-1.14006515,6.14,6.04,4709/5521,6.13,6.14,6.04,6.07,1.628664,9080100,17,600874,20260417
000958.SZ,电投产融,5.92,-1.1686143572621082,6.09,6.04,0.82781457,6.11,6.03,4710/5521,6.04,6.11,6.03,6.09,1.324503,2.4419402E7,33,000958,20260417
600163.SH,中闽能源,6.17,0.0,6.04,6.08,-1.14566285,6.14,6.03,4710/5521,6.08,6.14,6.03,6.04,1.800327,3.3293418E7,17,600163,20260417
600335.SH,国机汽车,6.07,1.1666666666666714,6.07,6.09,-0.16447368,6.09,6.03,4710/5521,6.09,6.09,6.03,6.07,0.986842,7157552,17,600335,20260417
600918.SH,中泰证券,6.02,0.3333333333333262,6.07,6.08,-0.32840722,6.09,6.03,4710/5521,6.08,6.09,6.03,6.07,0.985221,1.5448959E7,17,600918,20260417
601598.SH,中国外运,6.0,-0.9900990099009838,6.06,6.05,-0.32894737,6.1,6.03,4710/5521,6.05,6.1,6.03,6.06,1.151315,1.1364405E7,17,601598,20260417
002178.SZ,延华智能,5.83,-3.795379537953788,6.06,6.11,-1.3029316,6.15,6.02,4715/5521,6.11,6.15,6.02,6.06,2.117263,1.08228E7,33,002178,20260417
920305.BJ,*ST云创,,,6.12,6.35,-5.84615385,6.56,6.02,4715/5521,6.35,6.56,6.02,6.12,8.307692,6619384,151,920305,20260417
600228.SH,*ST返利,6.17,1.8151815181518205,6.24,6.35,-1.42180095,6.38,6.01,4717/5521,6.35,6.38,6.01,6.24,5.845181,1.2115902E7,22,600228,20260417
000950.SZ,重药控股,5.8,-1.6949152542372972,6.09,6.05,-0.16393443,6.09,6,4718/5521,6.05,6.09,6,6.09,1.475409,5.2473777E7,33,000950,20260417
300128.SZ,锦富技术,6.45,4.707792207792208,6.1,6.1,0,6.15,6,4718/5521,6.1,6.15,6,6.1,2.459016,2.0467626E7,33,300128,20260417
600507.SH,方大特钢,5.82,-1.6891891891891833,6.01,6.09,-0.66115702,6.2,6,4718/5521,6.09,6.2,6,6.01,3.305785,7.0775704E7,17,600507,20260417
600930.SH,华电新能,6.17,-1.9077901430842623,6.01,6.03,-0.33167496,6.04,6,4718/5521,6.03,6.04,6,6.01,0.663349,9.3998508E7,17,600930,20260417
600075.SH,新疆天业,6.86,0.0,6.15,6.09,0.16286645,6.25,5.99,4722/5521,6.09,6.25,5.99,6.15,4.234527,3.1275369E7,17,600075,20260417
600620.SH,天宸股份,5.52,-9.951060358890706,6.04,6.22,-2.26537217,6.22,5.99,4722/5521,6.22,6.22,5.99,6.04,3.721682,5886650,17,600620,20260417
601218.SH,吉鑫科技,6.47,-4.1481481481481515,6.21,6,3.15614618,6.34,5.99,4722/5521,6,6.34,5.99,6.21,5.813953,1.02394946E8,17,601218,20260417
000421.SZ,南京公用,6.33,-1.0937500000000044,6.01,6.07,-1.15131579,6.08,5.98,4725/5521,6.07,6.08,5.98,6.01,1.644736,7781416,33,000421,20260417
300405.SZ,科隆股份,6.89,3.143712574850299,6.03,6.12,-1.79153094,6.15,5.97,4726/5521,6.12,6.15,5.97,6.03,2.931596,7784195,33,300405,20260417
600048.SH,保利发展,6.14,0.0,6.07,5.98,1.67504188,6.16,5.96,4727/5521,5.98,6.16,5.96,6.07,3.350083,1.41425564E8,17,600048,20260417
601002.SH,晋亿实业,6.22,-0.7974481658692157,6.19,6.02,2.48344371,6.2,5.96,4727/5521,6.02,6.2,5.96,6.19,3.973509,5.4927257E7,17,601002,20260417
002564.SZ,天沃科技,6.17,-3.5937500000000067,6.38,6.06,4.76190476,6.53,5.95,4729/5521,6.06,6.53,5.95,6.38,9.523809,3.5696137E7,33,002564,20260417
300575.SZ,中旗股份,6.68,-0.2985074626865741,6.02,6.08,-1.47299509,6.17,5.95,4729/5521,6.08,6.17,5.95,6.02,3.600654,1.0471425E7,33,300575,20260417
601107.SH,四川成渝,6.13,-0.48701298701299106,6.01,6.01,-0.33167496,6.07,5.95,4729/5521,6.01,6.07,5.95,6.01,1.990049,1.59259E7,17,601107,20260417
600249.SH,两面针,5.99,0.335008375209388,5.99,6.07,-1.64203612,6.08,5.94,4732/5521,6.07,6.08,5.94,5.99,2.29885,1.81851E7,17,600249,20260417
600613.SH,神奇制药,5.88,0.1703577512776795,5.96,6.25,-4.94417863,6.27,5.94,4732/5521,6.25,6.27,5.94,5.96,5.263157,2.1827701E7,17,600613,20260417
601377.SH,兴业证券,6.07,1.845637583892623,5.98,6,-0.49916805,6.01,5.94,4732/5521,6,6.01,5.94,5.98,1.164725,7.8427574E7,17,601377,20260417
000530.SZ,冰山冷热,5.91,0.3395585738539977,5.98,6.03,-1.32013201,6.06,5.93,4735/5521,6.03,6.06,5.93,5.98,2.145214,1.4101334E7,33,000530,20260417
600488.SH,津药药业,5.7,-2.730375426621163,6.06,6.11,-3.65659777,6.22,5.93,4735/5521,6.11,6.22,5.93,6.06,4.610492,1.44984874E8,17,600488,20260417
600576.SH,祥源文旅,5.96,-0.16750418760468655,6.0,6.12,-1.96078431,6.13,5.93,4735/5521,6.12,6.13,5.93,6.0,3.267973,1.7639898E7,17,600576,20260417
600712.SH,南宁百货,6.31,1.6103059581320394,5.97,6.04,-0.6655574,6.1,5.93,4735/5521,6.04,6.1,5.93,5.97,2.828618,6654700,17,600712,20260417
300032.SZ,金龙机电,5.23,-0.9469696969696936,6.01,6.02,0,6.1,5.92,4739/5521,6.02,6.1,5.92,6.01,2.995008,3.79123E7,33,300032,20260417
300180.SZ,华峰超纤,5.28,-0.9380863039399592,5.94,6.02,-1.32890365,6.03,5.92,4739/5521,6.02,6.03,5.92,5.94,1.827242,2.3504349E7,33,300180,20260417
600229.SH,城市传媒,6.32,2.931596091205222,5.99,6.05,-0.99173554,6.05,5.92,4739/5521,6.05,6.05,5.92,5.99,2.14876,2948900,17,600229,20260417
000498.SZ,山东路桥,5.54,-4.647160068846809,6.05,5.95,1.68067227,6.06,5.91,4742/5521,5.95,6.06,5.91,6.05,2.521008,2.248481E7,33,000498,20260417
600638.SH,新黄浦,6.25,1.957585644371943,5.95,5.97,-0.50167224,5.98,5.91,4742/5521,5.97,5.98,5.91,5.95,1.170568,7099960,17,600638,20260417
600713.SH,南京医药,5.28,-2.9411764705882377,5.99,6.08,-3.85232745,6.12,5.91,4742/5521,6.08,6.12,5.91,5.99,3.370786,5.9795234E7,17,600713,20260417
002513.SZ,蓝丰生化,6.51,1.086956521739121,5.97,6.02,-0.83056478,6.04,5.9,4745/5521,6.02,6.04,5.9,5.97,2.325581,7931700,33,002513,20260417
002515.SZ,金字火腿,6.52,3.164556962025305,6.4,5.92,8.10810811,6.5,5.89,4746/5521,5.92,6.5,5.89,6.4,10.304054,1.34186437E8,33,002515,20260417
002010.SZ,传化智联,5.83,1.2152777777777828,6.05,5.88,2.54237288,6.17,5.88,4747/5521,5.88,6.17,5.88,6.05,4.915254,3.6352766E7,33,002010,20260417
002030.SZ,达安基因,5.78,-0.17271157167529858,5.91,5.97,-1.00502513,5.97,5.88,4747/5521,5.97,5.97,5.88,5.91,1.507537,9975506,33,002030,20260417
002476.SZ,宝莫股份,5.84,-0.5110732538330536,5.91,5.98,-1.33555927,6,5.88,4747/5521,5.98,6,5.88,5.91,2.003338,7585680,33,002476,20260417
300039.SZ,上海凯宝,5.78,-0.6872852233676982,6.0,5.97,-0.16638935,6.01,5.88,4747/5521,5.97,6.01,5.88,6.0,2.163061,1.601705E7,33,300039,20260417
000419.SZ,通程控股,5.83,1.2152777777777828,5.91,5.96,-0.83892617,5.99,5.86,4751/5521,5.96,5.99,5.86,5.91,2.181208,5975400,33,000419,20260417
002183.SZ,怡亚通,5.59,-2.951388888888888,6.12,5.94,3.72881356,6.48,5.86,4751/5521,5.94,6.48,5.86,6.12,10.508474,3.08952154E8,33,002183,20260417
002562.SZ,兄弟科技,5.87,0.17064846416381887,5.91,5.98,-1.33555927,5.99,5.86,4751/5521,5.98,5.99,5.86,5.91,2.170283,2.01905E7,33,002562,20260417
002682.SZ,龙洲股份,6.01,1.6920473773265592,5.94,6.03,-1.65562914,6.03,5.86,4751/5521,6.03,6.03,5.86,5.94,2.814569,1.86591E7,33,002682,20260417
600119.SH,*ST长投,6.15,3.885135135135142,5.96,6.02,-0.66666667,6.08,5.86,4751/5521,6.02,6.08,5.86,5.96,3.666666,6768712,22,600119,20260417
600825.SH,新华传媒,5.86,0.34246575342466545,5.93,5.97,-0.8361204,5.97,5.86,4751/5521,5.97,5.97,5.86,5.93,1.839464,6290800,17,600825,20260417
603828.SH,*ST利达,4.79,5.043859649122817,5.87,6.01,-2.32945092,6.04,5.86,4751/5521,6.01,6.04,5.86,5.87,2.995008,3050620,22,603828,20260417
300299.SZ,富春股份,6.16,0.48939641109298937,5.91,5.96,-1.33555927,5.97,5.85,4758/5521,5.96,5.97,5.85,5.91,2.003338,1.52517E7,33,300299,20260417
002688.SZ,金河生物,6.02,0.0,5.87,5.92,-0.84459459,5.92,5.84,4759/5521,5.92,5.92,5.84,5.87,1.351351,8359809,33,002688,20260417
300365.SZ,恒华科技,5.95,0.6768189509306266,5.89,5.99,-1.99667221,5.99,5.84,4759/5521,5.99,5.99,5.84,5.89,2.49584,1.6266013E7,33,300365,20260417
600073.SH,光明肉业,5.88,-0.6756756756756763,5.89,5.93,-1.17449664,5.94,5.84,4759/5521,5.93,5.94,5.84,5.89,1.677852,8679802,17,600073,20260417
601728.SH,中国电信,6.03,-0.16556291390728123,5.87,5.85,0.34188034,5.91,5.84,4759/5521,5.85,5.91,5.84,5.87,1.196581,1.10576418E8,17,601728,20260417
300587.SZ,天铁科技,6.16,0.6535947712418306,6.03,5.87,1.68634064,6.35,5.83,4763/5521,5.87,6.35,5.83,6.03,8.768971,6.8342158E7,33,300587,20260417
600399.SH,抚顺特钢,5.47,-2.146690518783544,5.91,5.9,0.33955857,5.93,5.82,4764/5521,5.9,5.93,5.82,5.91,1.867572,3.48787E7,17,600399,20260417
601686.SH,友发集团,5.57,-0.5357142857142744,5.89,5.87,0.51194539,5.9,5.82,4764/5521,5.87,5.9,5.82,5.89,1.365187,4120368,17,601686,20260417
600502.SH,安徽建工,5.39,-1.4625228519195625,5.95,5.82,2.05831904,5.96,5.81,4766/5521,5.82,5.96,5.81,5.95,2.572898,5.1356845E7,17,600502,20260417
600777.SH,*ST新潮,6.01,0.8389261744966413,5.86,5.87,0.34246575,5.89,5.81,4766/5521,5.87,5.89,5.81,5.86,1.369863,1.8135104E7,22,600777,20260417
000619.SZ,海螺新材,6.18,0.8156606851549727,5.81,5.85,-1.19047619,5.9,5.8,4768/5521,5.85,5.9,5.8,5.81,1.70068,8399100,33,000619,20260417
000707.SZ,双环科技,5.95,-0.9983361064891783,5.84,5.86,-0.68027211,5.9,5.8,4768/5521,5.86,5.9,5.8,5.84,1.70068,7090639,33,000707,20260417
300169.SZ,天晟新材,6.46,1.89274447949527,5.91,5.99,-1.33555927,5.99,5.8,4768/5521,5.99,5.99,5.8,5.91,3.171953,6980400,33,300169,20260417
600202.SH,哈空调,6.36,1.4354066985646052,5.85,5.93,-0.67911715,5.93,5.8,4768/5521,5.93,5.93,5.8,5.85,2.20713,6543200,17,600202,20260417
300225.SZ,*ST金泰,6.54,1.8691588785046747,6.02,5.8,3.79310345,6.08,5.79,4772/5521,5.8,6.08,5.79,6.02,5,2.27908E7,33,300225,20260417
000650.SZ,仁和药业,5.69,-0.1754385964912243,5.8,5.87,-1.52801358,5.88,5.78,4773/5521,5.87,5.88,5.78,5.8,1.697792,1.25263E7,33,000650,20260417
600185.SH,珠免集团,5.94,0.0,5.98,5.86,1.87393526,6.01,5.78,4773/5521,5.86,6.01,5.78,5.98,3.918228,2.57182E7,17,600185,20260417
601636.SH,旗滨集团,6.33,-2.764976958525341,5.9,5.86,0.34013605,5.97,5.78,4773/5521,5.86,5.97,5.78,5.9,3.231292,4.75799E7,17,601636,20260417
920964.BJ,润农节水,6.07,0.16501650165017617,5.99,5.82,2.56849315,6.03,5.78,4773/5521,5.82,6.03,5.78,5.99,4.280821,3079936,151,920964,20260417
000701.SZ,厦门信达,5.93,0.3384094754653058,5.84,5.85,-0.51107325,5.88,5.77,4777/5521,5.85,5.88,5.77,5.84,1.873935,9968200,33,000701,20260417
601997.SH,贵阳银行,6.01,-0.33167495854063783,5.79,5.78,0,5.81,5.77,4777/5521,5.78,5.81,5.77,5.79,0.690846,1.53941E7,17,601997,20260417
000782.SZ,恒申新材,7.38,3.9436619718309895,5.99,5.86,3.09810671,6.08,5.76,4779/5521,5.86,6.08,5.76,5.99,5.507745,6.3805669E7,33,000782,20260417
600770.SH,综艺股份,7.62,-3.422053231939158,5.78,5.86,1.58172232,6.04,5.76,4779/5521,5.86,6.04,5.76,5.78,4.920913,4.2214566E7,17,600770,20260417
000525.SZ,红太阳,5.55,-0.35906642728905674,5.77,5.86,-1.8707483,5.89,5.75,4781/5521,5.86,5.89,5.75,5.77,2.380952,2.3283298E7,33,000525,20260417
002333.SZ,罗普斯金,5.5,-1.079136690647475,5.93,6.19,-7.19874804,6.21,5.75,4781/5521,6.19,6.21,5.75,5.93,7.198748,7.63072E7,33,002333,20260417
601988.SH,中国银行,5.75,-0.6908462867012096,5.77,5.77,-0.34542314,5.82,5.75,4781/5521,5.77,5.82,5.75,5.77,1.208981,1.53168013E8,17,601988,20260417
002678.SZ,珠江钢琴,5.99,3.454231433506048,5.76,5.89,-2.37288136,5.94,5.74,4784/5521,5.89,5.94,5.74,5.76,3.38983,1.6473901E7,33,002678,20260417
000822.SZ,山东海化,5.95,-2.4590163934426146,5.91,5.78,2.24913495,5.95,5.72,4785/5521,5.78,5.95,5.72,5.91,3.979238,3.6196496E7,33,000822,20260417
002616.SZ,长青集团,6.09,2.525252525252516,5.78,5.79,-0.34482759,5.83,5.72,4785/5521,5.79,5.83,5.72,5.78,1.896551,1.0366686E7,33,002616,20260417
002016.SZ,世荣兆业,5.38,1.7013232514177667,5.73,5.82,-1.54639175,5.85,5.71,4787/5521,5.82,5.85,5.71,5.73,2.405498,1.3560403E7,33,002016,20260417
002419.SZ,天虹股份,5.51,0.18181818181817794,5.83,5.76,0.8650519,5.9,5.71,4787/5521,5.76,5.9,5.71,5.83,3.287197,4.0483946E7,33,002419,20260417
000572.SZ,海马汽车,5.59,1.8214936247723068,5.74,5.81,-1.54373928,5.81,5.7,4789/5521,5.81,5.81,5.7,5.74,1.886792,3.1234921E7,33,000572,20260417
600582.SH,天地科技,5.69,-0.8710801393728191,5.71,5.74,-0.52264808,5.74,5.7,4789/5521,5.74,5.74,5.7,5.71,0.696864,1.365364E7,17,600582,20260417
000911.SZ,*ST广糖,5.73,-4.97512437810945,5.78,5.85,-1.36518771,5.85,5.69,4791/5521,5.85,5.85,5.69,5.78,2.730375,8410000,33,000911,20260417
600120.SH,浙江东方,5.59,-1.7574692442882343,5.73,5.7,-0.34782609,5.76,5.69,4791/5521,5.7,5.76,5.69,5.73,1.217391,3.6883312E7,17,600120,20260417
601669.SH,中国电建,5.59,-1.5845070422535188,5.71,5.71,-0.17482517,5.77,5.69,4791/5521,5.71,5.77,5.69,5.71,1.398601,1.85581875E8,17,601669,20260417
601789.SH,宁波建工,5.89,-2.3217247097844207,5.71,5.85,-2.39316239,5.88,5.69,4791/5521,5.85,5.88,5.69,5.71,3.247863,8.1108789E7,17,601789,20260417
002277.SZ,友阿股份,6.17,5.65068493150685,5.77,5.73,0.17361111,5.82,5.68,4795/5521,5.73,5.82,5.68,5.77,2.430555,1.7229614E7,33,002277,20260417
002354.SZ,天娱数科,6.2,4.201680672268908,5.74,5.76,-0.69204152,5.77,5.68,4795/5521,5.76,5.77,5.68,5.74,1.557093,4.0976848E7,33,002354,20260417
600149.SH,廊坊发展,6.43,2.2257551669316324,5.76,5.82,-1.36986301,5.84,5.68,4795/5521,5.82,5.84,5.68,5.76,2.739726,1.5489901E7,17,600149,20260417
600395.SH,盘江股份,5.53,-1.2499999999999893,5.71,5.78,-0.86805556,5.86,5.68,4795/5521,5.78,5.86,5.68,5.71,3.125,1.7973001E7,17,600395,20260417
600429.SH,三元股份,6.09,4.459691252144078,5.77,5.85,-1.02915952,5.86,5.68,4795/5521,5.85,5.86,5.68,5.77,3.087478,1.232782E7,17,600429,20260417
000521.SZ,长虹美菱,5.66,-0.35211267605633056,5.7,5.7,-0.34965035,5.71,5.67,4800/5521,5.7,5.71,5.67,5.7,0.6993,4808446,33,000521,20260417
002252.SZ,上海莱士,5.56,0.18018018018017634,5.7,5.73,-0.69686411,5.73,5.67,4800/5521,5.73,5.73,5.67,5.7,1.045296,2.241267E7,33,002252,20260417
002516.SZ,旷达科技,6.06,1.5075376884422087,5.77,5.72,0.34782609,5.8,5.67,4800/5521,5.72,5.8,5.67,5.77,2.260869,1.14095E7,33,002516,20260417
300182.SZ,捷成股份,5.6,-0.8849557522124019,5.77,5.76,-0.85910653,5.83,5.67,4800/5521,5.76,5.83,5.67,5.77,2.74914,1.08823146E8,33,300182,20260417
300234.SZ,开尔新材,6.66,3.0959752321981453,5.81,5.88,-1.19047619,5.9,5.67,4800/5521,5.88,5.9,5.67,5.81,3.911564,1.2517756E7,33,300234,20260417
600029.SH,南方航空,5.41,-1.6363636363636338,5.71,5.73,-0.86805556,5.76,5.67,4800/5521,5.73,5.76,5.67,5.71,1.5625,1.0307108E8,17,600029,20260417
603359.SH,*ST东珠,4.32,-5.054945054945045,5.72,5.94,-2.55536627,5.94,5.67,4800/5521,5.94,5.94,5.67,5.72,4.599659,1.223554E7,22,603359,20260417
300318.SZ,博晖创新,5.6,-0.5328596802841963,5.7,5.81,-2.56410256,5.82,5.66,4807/5521,5.81,5.82,5.66,5.7,2.735042,9762499,33,300318,20260417
600282.SH,南钢股份,5.39,-0.5535055350553552,5.73,5.66,0.52631579,5.77,5.66,4807/5521,5.66,5.77,5.66,5.73,1.929824,2.3974364E7,17,600282,20260417
600909.SH,华安证券,5.56,0.36101083032490205,5.7,5.75,-0.86956522,5.75,5.66,4807/5521,5.75,5.75,5.66,5.7,1.565217,4.762602E7,17,600909,20260417
000529.SZ,广弘控股,5.66,-0.5272407732864718,5.67,5.81,-2.57731959,5.81,5.65,4810/5521,5.81,5.81,5.65,5.67,2.74914,8122239,33,000529,20260417
002442.SZ,龙星科技,6.24,-2.0408163265306105,5.68,5.83,-2.73972603,5.84,5.65,4810/5521,5.83,5.84,5.65,5.68,3.253424,1.25669E7,33,002442,20260417
002500.SZ,山西证券,5.65,0.533807829181499,5.71,5.7,0.1754386,5.73,5.65,4810/5521,5.7,5.73,5.65,5.71,1.403508,1.5894187E7,33,002500,20260417
600908.SH,无锡银行,5.73,-0.5208333333333223,5.65,5.66,-0.35273369,5.69,5.65,4810/5521,5.66,5.69,5.65,5.65,0.705467,7292400,17,600908,20260417
600975.SH,新五丰,5.62,0.17825311942958622,5.71,5.73,-0.69565217,5.73,5.65,4810/5521,5.73,5.73,5.65,5.71,1.391304,1.3971259E7,17,600975,20260417
000715.SZ,中兴商业,5.99,-4.006410256410256,5.72,5.76,-0.86655113,5.78,5.64,4815/5521,5.76,5.78,5.64,5.72,2.426343,6095020,33,000715,20260417
000906.SZ,浙商中拓,6.34,0.4754358161648217,5.67,5.74,-1.04712042,5.74,5.64,4815/5521,5.74,5.74,5.64,5.67,1.7452,4571473,33,000906,20260417
600287.SH,苏豪时尚,5.92,-0.16863406408094075,5.71,5.79,-1.38169257,5.8,5.64,4815/5521,5.79,5.8,5.64,5.71,2.763385,5199301,17,600287,20260417
000751.SZ,锌业股份,6.11,0.0,5.77,5.63,5.2919708,6.03,5.63,4818/5521,5.63,6.03,5.63,5.77,7.29927,1.74917025E8,33,000751,20260417
002022.SZ,科华生物,5.97,0.674536256323778,5.74,5.84,-2.04778157,5.85,5.63,4818/5521,5.84,5.85,5.63,5.74,3.754266,1.1615651E7,33,002022,20260417
601619.SH,嘉泽新能,5.64,-2.0833333333333353,6.19,5.63,9.94671403,6.19,5.63,4818/5521,5.63,6.19,5.63,6.19,9.946714,1.81633096E8,17,601619,20260417
603956.SH,威派格,5.9,0.5110732538330536,5.71,5.71,-0.86805556,5.76,5.63,4818/5521,5.71,5.76,5.63,5.71,2.256944,6503600,17,603956,20260417
000541.SZ,佛山照明,5.66,0.0,5.7,5.7,0,5.72,5.62,4822/5521,5.7,5.72,5.62,5.7,1.754385,7488446,33,000541,20260417
000886.SZ,海南高速,5.53,2.7881040892193374,5.67,5.73,-1.2195122,5.73,5.62,4822/5521,5.73,5.73,5.62,5.67,1.916376,9583551,33,000886,20260417
002225.SZ,濮耐股份,4.5,-2.173913043478253,5.66,5.66,-0.17636684,5.69,5.62,4822/5521,5.66,5.69,5.62,5.66,1.234567,1.1185301E7,33,002225,20260417
600997.SH,开滦股份,5.89,-0.8417508417508537,5.66,5.74,-1.56521739,5.75,5.62,4822/5521,5.74,5.75,5.62,5.66,2.260869,1.1957501E7,17,600997,20260417
300332.SZ,天壕能源,5.75,-1.3722126929674112,5.62,5.74,-2.59965338,5.77,5.61,4826/5521,5.74,5.77,5.61,5.62,2.772963,3.3423916E7,33,300332,20260417
600403.SH,大有能源,5.79,-2.03045685279188,5.67,5.74,-0.87412587,5.74,5.61,4826/5521,5.74,5.74,5.61,5.67,2.272727,1.28918E7,17,600403,20260417
600858.SH,银座股份,5.79,-0.1724137931034446,5.63,5.71,-1.40105079,5.74,5.61,4826/5521,5.71,5.74,5.61,5.63,2.276707,7234589,17,600858,20260417
603128.SH,华贸物流,5.58,0.35971223021583565,5.63,5.65,-0.53003534,5.66,5.61,4826/5521,5.65,5.66,5.61,5.63,0.883392,8747000,17,603128,20260417
920090.BJ,*ST同辉,4.85,0.0,5.88,5.73,2.61780105,5.97,5.61,4826/5521,5.73,5.97,5.61,5.88,6.282722,8294800,151,920090,20260417
000571.SZ,新大洲A,5.56,0.0,5.79,5.89,1.75746924,5.99,5.6,4831/5521,5.89,5.99,5.6,5.79,6.85413,4.1413375E7,33,000571,20260417
601199.SH,江南水务,5.31,-0.7476635514018699,5.6,5.68,-1.58172232,5.68,5.59,4832/5521,5.68,5.68,5.59,5.6,1.581722,4345700,17,601199,20260417
688496.SH,ST清越,4.46,-19.928186714542193,5.67,5.73,-1.73310225,5.81,5.59,4832/5521,5.73,5.81,5.59,5.67,3.812824,6868901,22,688496,20260417
002226.SZ,江南化工,5.37,-1.1049723756906007,5.63,5.62,0,5.66,5.58,4834/5521,5.62,5.66,5.58,5.63,1.420959,1.5275516E7,33,002226,20260417
600516.SH,方大炭素,5.66,2.1660649819494604,5.59,5.61,-0.35650624,5.66,5.57,4835/5521,5.61,5.66,5.57,5.59,1.604278,4.47373E7,17,600516,20260417
600728.SH,佳都科技,5.34,-3.7837837837837833,5.63,5.65,-0.70546737,5.65,5.57,4835/5521,5.65,5.65,5.57,5.63,1.410934,2.61043E7,17,600728,20260417
600982.SH,宁波能源,6.06,2.3648648648648596,5.62,5.7,-1.40350877,5.83,5.57,4835/5521,5.7,5.83,5.57,5.62,4.561403,6.3579601E7,17,600982,20260417
300366.SZ,ST创意,5.61,3.888888888888888,5.6,5.66,-0.88495575,5.67,5.56,4838/5521,5.66,5.67,5.56,5.6,1.946902,6751100,33,300366,20260417
600028.SH,中国石化,5.39,-0.5535055350553552,5.56,5.67,-1.76678445,5.67,5.56,4838/5521,5.67,5.67,5.56,5.56,1.943462,2.15457573E8,17,600028,20260417
300043.SZ,星辉娱乐,5.85,-2.0100502512562834,5.63,5.62,-0.70546737,5.66,5.55,4840/5521,5.62,5.66,5.55,5.63,1.940035,2.76837E7,33,300043,20260417
600802.SH,福建水泥,5.66,0.8912655971479468,5.59,5.67,-1.41093474,5.67,5.55,4840/5521,5.67,5.67,5.55,5.59,2.116402,8140631,17,600802,20260417
000539.SZ,粤电力A,6.53,-6.71428571428571,5.71,5.55,2.3297491,5.76,5.54,4842/5521,5.55,5.76,5.54,5.71,3.942652,8.8765347E7,33,000539,20260417
002302.SZ,西部建设,5.55,-1.2455516014234926,5.59,5.64,-1.0619469,5.64,5.54,4842/5521,5.64,5.64,5.54,5.59,1.769911,9634600,33,002302,20260417
002479.SZ,富春环保,5.52,0.3636363636363559,5.58,5.69,-2.27670753,5.76,5.54,4842/5521,5.69,5.76,5.54,5.58,3.852889,2.666419E7,33,002479,20260417
002702.SZ,海欣食品,6.01,1.0084033613445311,5.66,5.6,0,5.68,5.54,4842/5521,5.6,5.68,5.54,5.66,2.473498,1.16955E7,33,002702,20260417
300165.SZ,天瑞仪器,7.39,7.412790697674415,5.67,5.6,0.88967972,5.71,5.53,4846/5521,5.6,5.71,5.53,5.67,3.202846,2.19675E7,33,300165,20260417
603116.SH,红蜻蜓,6.52,2.51572327044024,5.56,5.67,-2.11267606,5.71,5.53,4846/5521,5.67,5.71,5.53,5.56,3.169014,6384220,17,603116,20260417
000937.SZ,冀中能源,5.62,-1.2302284710017624,5.53,5.55,-0.36036036,5.56,5.52,4848/5521,5.55,5.56,5.52,5.53,0.72072,1.087426E7,33,000937,20260417
002520.SZ,日发精机,5.93,3.130434782608691,5.67,5.52,2.3465704,5.75,5.51,4849/5521,5.52,5.75,5.51,5.67,4.332129,3.3656E7,33,002520,20260417
300168.SZ,万达信息,5.78,3.7701974865350083,5.54,5.58,-1.07142857,5.61,5.51,4849/5521,5.58,5.61,5.51,5.54,1.785714,1.3158845E7,33,300168,20260417
000759.SZ,中百集团,5.49,0.0,5.63,5.57,1.25899281,5.68,5.5,4851/5521,5.57,5.68,5.5,5.63,3.23741,2.6142651E7,33,000759,20260417
002218.SZ,拓日新能,5.46,-2.6737967914438565,5.52,5.62,-1.60427807,5.68,5.5,4851/5521,5.62,5.68,5.5,5.52,3.208556,6.565627E7,33,002218,20260417
002418.SZ,康盛股份,5.64,-3.754266211604106,6.19,5.57,9.94671403,6.19,5.5,4851/5521,5.57,6.19,5.5,6.19,12.255772,2.3915648E8,33,002418,20260417
002863.SZ,今飞凯达,5.58,-0.7117437722419935,5.51,5.57,-1.78253119,5.59,5.5,4851/5521,5.57,5.59,5.5,5.51,1.604278,9139095,33,002863,20260417
603378.SH,亚士创能,5.21,0.0,5.5,5.68,-2.30905861,5.8,5.49,4855/5521,5.68,5.8,5.49,5.5,5.506216,7515500,17,603378,20260417
600023.SH,浙能电力,5.7,-0.3496503496503422,5.51,5.53,-0.54151625,5.56,5.48,4856/5521,5.53,5.56,5.48,5.51,1.444043,3.706944E7,17,600023,20260417
600107.SH,ST尔雅,6.01,0.0,5.51,5.61,-2.65017668,5.65,5.48,4856/5521,5.61,5.65,5.48,5.51,3.003533,4209941,22,600107,20260417
601096.SH,宏盛华源,5.56,-1.592920353982314,5.54,5.54,-0.53859964,5.58,5.48,4856/5521,5.54,5.58,5.48,5.54,1.795332,2.4250685E7,17,601096,20260417
920030.BJ,德众汽车,5.68,0.17636684303350594,5.75,5.51,4.16666667,5.84,5.47,4859/5521,5.51,5.84,5.47,5.75,6.702898,2855141,151,920030,20260417
600812.SH,华北制药,5.21,-1.1385199240986643,5.49,5.56,-1.61290323,5.56,5.45,4860/5521,5.56,5.56,5.45,5.49,1.971326,1.9529452E7,17,600812,20260417
600965.SH,福成股份,3.81,0.0,5.49,5.55,-0.90252708,5.56,5.45,4860/5521,5.55,5.56,5.45,5.49,1.985559,7737201,17,600965,20260417
002634.SZ,*ST棒杰,5.31,4.940711462450594,5.8,5.85,-3.97350993,5.92,5.44,4862/5521,5.85,5.92,5.44,5.8,7.947019,9.2266504E7,33,002634,20260417
600281.SH,华阳新材,5.6,-0.8849557522124019,5.58,5.48,1.27041742,5.61,5.43,4863/5521,5.48,5.61,5.43,5.58,3.266787,1.1217395E7,17,600281,20260417
600421.SH,*ST华嵘,4.08,0.0,5.43,5.62,-5.06993007,5.68,5.43,4863/5521,5.62,5.68,5.43,5.43,4.370629,4033400,22,600421,20260417
603176.SH,汇通集团,5.71,1.9642857142857202,5.5,5.49,0.18214936,5.53,5.43,4863/5521,5.49,5.53,5.43,5.5,1.821493,3917195,17,603176,20260417
000566.SZ,海南海药,5.0,0.8064516129032265,5.51,5.55,-0.54151625,5.57,5.42,4866/5521,5.55,5.57,5.42,5.51,2.707581,3.0322143E7,33,000566,20260417
601169.SH,北京银行,5.3,0.0,5.42,5.43,-0.18416206,5.44,5.41,4867/5521,5.43,5.44,5.41,5.42,0.552486,6.7650634E7,17,601169,20260417
300205.SZ,*ST天喻,6.11,0.16393442622951926,5.6,5.8,-2.60869565,5.8,5.4,4868/5521,5.8,5.8,5.4,5.6,6.956521,8806700,33,300205,20260417
000796.SZ,凯撒旅业,5.21,1.3618677042801612,5.44,5.5,-1.44927536,5.5,5.38,4869/5521,5.5,5.5,5.38,5.44,2.173913,4.3610222E7,33,000796,20260417
002574.SZ,明牌珠宝,5.71,0.5281690140845114,5.42,5.57,-2.6929982,5.59,5.38,4869/5521,5.57,5.59,5.38,5.42,3.770197,8340200,33,002574,20260417
300079.SZ,数码视讯,5.56,0.5424954792043284,5.44,5.42,0.55452865,5.49,5.38,4869/5521,5.42,5.49,5.38,5.44,2.033271,2.8211113E7,33,300079,20260417
300160.SZ,秀强股份,5.26,0.38167938931296896,5.43,5.47,-1.27272727,5.49,5.38,4869/5521,5.47,5.49,5.38,5.43,2,1.0219169E7,33,300160,20260417
600558.SH,大西洋,5.75,1.9503546099290838,5.41,5.46,-0.91575092,5.47,5.38,4869/5521,5.46,5.47,5.38,5.41,1.648351,1.566945E7,17,600558,20260417
000030.SZ,富奥股份,5.09,-0.19607843137254485,5.5,5.59,5.76923077,5.66,5.37,4874/5521,5.59,5.66,5.37,5.5,5.576923,6.8155102E7,33,000030,20260417
002047.SZ,*ST宝鹰,5.25,-2.052238805970155,5.53,5.57,-0.36036036,5.57,5.37,4874/5521,5.57,5.57,5.37,5.53,3.603603,2.2599731E7,33,002047,20260417
002666.SZ,德联集团,5.19,1.5655577299412928,5.39,5.48,-1.64233577,5.5,5.37,4874/5521,5.48,5.5,5.37,5.39,2.372262,9052902,33,002666,20260417
300150.SZ,世纪瑞尔,5.09,-0.3913894324853319,5.43,5.48,-1.09289617,5.5,5.37,4874/5521,5.48,5.5,5.37,5.43,2.367941,7805700,33,300150,20260417
600226.SH,亨通股份,5.4,2.857142857142864,5.4,5.43,-0.18484288,5.49,5.37,4874/5521,5.43,5.49,5.37,5.4,2.218114,4.5200187E7,17,600226,20260417
300098.SZ,高新兴,5.51,-0.8992805755395652,5.47,5.41,0.36697248,5.52,5.36,4879/5521,5.41,5.52,5.36,5.47,2.935779,4.2627972E7,33,300098,20260417
600207.SH,安彩高科,5.59,-2.101576182136604,5.7,5.39,5.36044362,5.73,5.36,4879/5521,5.39,5.73,5.36,5.7,6.839186,5.6859342E7,17,600207,20260417
000599.SZ,青岛双星,5.96,3.4722222222222254,5.39,5.43,-0.91911765,5.44,5.34,4881/5521,5.43,5.44,5.34,5.39,1.838235,1.00326E7,33,000599,20260417
002494.SZ,华斯股份,6.21,4.721753794266446,5.39,5.41,-0.18518519,5.45,5.34,4881/5521,5.41,5.45,5.34,5.39,2.037037,1.4006E7,33,002494,20260417
600526.SH,菲达环保,5.43,-2.338129496402876,5.37,5.43,-1.28676471,5.43,5.34,4881/5521,5.43,5.43,5.34,5.37,1.654411,5759540,17,600526,20260417
600635.SH,大众公用,5.29,-3.6429872495446296,5.38,5.36,-0.18552876,5.4,5.34,4881/5521,5.36,5.4,5.34,5.38,1.113172,2.5645607E7,17,600635,20260417
300311.SZ,ST任子行,5.42,0.0,5.36,5.35,0,5.41,5.33,4885/5521,5.35,5.41,5.33,5.36,1.492537,8543776,33,300311,20260417
600787.SH,中储股份,5.27,-1.4953271028037398,5.34,5.38,-0.74349442,5.39,5.32,4886/5521,5.38,5.39,5.32,5.34,1.301115,1.4306414E7,17,600787,20260417
688009.SH,中国通号,5.13,-2.8409090909090975,5.38,5.35,0.56074766,5.39,5.32,4886/5521,5.35,5.39,5.32,5.38,1.308411,2.9740545E7,17,688009,20260417
603879.SH,永悦科技,5.9,0.8547008547008669,5.37,5.41,-1.10497238,5.43,5.31,4888/5521,5.41,5.43,5.31,5.37,2.209944,7572800,17,603879,20260417
000591.SZ,太阳能,4.99,-2.9182879377431803,5.34,5.3,0.18761726,5.38,5.29,4889/5521,5.3,5.38,5.29,5.34,1.688555,6.7619063E7,33,000591,20260417
002701.SZ,奥瑞金,5.5,0.9174311926605472,5.3,5.38,-1.85185185,5.4,5.29,4889/5521,5.38,5.4,5.29,5.3,2.037037,3.6857665E7,33,002701,20260417
001391.SZ,国货航,5.2,0.19267822736030416,5.29,5.32,-0.56390977,5.33,5.28,4891/5521,5.32,5.33,5.28,5.29,0.939849,9845558,33,001391,20260417
300217.SZ,东方电热,5.12,-0.19493177387913815,5.59,5.3,5.07518797,5.63,5.28,4891/5521,5.3,5.63,5.28,5.59,6.578947,8.7861147E7,33,300217,20260417
600390.SH,五矿资本,5.24,0.0,5.33,5.32,-0.18726592,5.35,5.28,4891/5521,5.32,5.35,5.28,5.33,1.310861,2.3706994E7,17,600390,20260417
002697.SZ,红旗连锁,5.2,0.38610038610039504,5.3,5.37,-1.66975881,5.42,5.27,4894/5521,5.37,5.42,5.27,5.3,2.782931,2.4329989E7,33,002697,20260417
600917.SH,重庆燃气,5.27,-0.3780718336484019,5.27,5.35,-1.86219739,5.35,5.27,4894/5521,5.35,5.35,5.27,5.27,1.489757,1.072876E7,17,600917,20260417
601390.SH,中国中铁,5.08,-3.053435114503819,5.32,5.29,0.37735849,5.33,5.27,4894/5521,5.29,5.33,5.27,5.32,1.132075,1.39299688E8,17,601390,20260417
000507.SZ,珠海港,5.19,-0.38387715930901295,5.27,5.32,-0.93984962,5.33,5.26,4897/5521,5.32,5.33,5.26,5.27,1.315789,1.2704545E7,33,000507,20260417
000567.SZ,海德股份,6.67,10.06600660066007,5.34,5.33,-0.18691589,5.38,5.26,4897/5521,5.33,5.38,5.26,5.34,2.24299,1.0183167E7,33,000567,20260417
300239.SZ,东宝生物,5.56,0.36101083032490205,5.3,5.4,-1.85185185,5.41,5.26,4897/5521,5.4,5.41,5.26,5.3,2.777777,9783400,33,300239,20260417
600578.SH,京能电力,4.88,-1.014198782961457,5.3,5.3,-0.37593985,5.35,5.26,4897/5521,5.3,5.35,5.26,5.3,1.691729,1.6831517E7,17,600578,20260417
300172.SZ,中电环保,5.43,0.5555555555555437,5.3,5.32,-0.74906367,5.36,5.25,4901/5521,5.32,5.36,5.25,5.3,2.059925,1.39005E7,33,300172,20260417
600748.SH,上实发展,5.3,-3.1078610603290664,5.37,5.37,-0.18587361,5.41,5.25,4901/5521,5.37,5.41,5.25,5.37,2.973977,1.730607E7,17,600748,20260417
601006.SH,大秦铁路,5.27,-2.4074074074074217,5.25,5.29,-0.75614367,5.3,5.25,4901/5521,5.29,5.3,5.25,5.25,0.945179,6.5196365E7,17,601006,20260417
000597.SZ,东北制药,4.93,-0.6048387096774244,5.34,5.45,-2.1978022,5.45,5.24,4904/5521,5.45,5.45,5.24,5.34,3.846153,2.4796309E7,33,000597,20260417
002948.SZ,青岛银行,6.08,0.49586776859504544,5.26,5.25,0.19047619,5.31,5.24,4904/5521,5.25,5.31,5.24,5.26,1.333333,3.0101309E7,33,002948,20260417
600998.SH,九州通,5.17,-0.38535645472062546,5.26,5.33,-1.49812734,5.33,5.24,4904/5521,5.33,5.33,5.24,5.26,1.685393,3.3640502E7,17,600998,20260417
601528.SH,瑞丰银行,5.23,-1.8761726078799184,5.25,5.27,-0.56818182,5.27,5.24,4904/5521,5.27,5.27,5.24,5.25,0.568181,1.181915E7,17,601528,20260417
603789.SH,*ST星农,5.67,-1.219512195121956,5.26,5.34,-1.49812734,5.35,5.24,4904/5521,5.34,5.35,5.24,5.26,2.059925,3088520,22,603789,20260417
000736.SZ,*ST中地,5.5,0.3649635036496272,5.32,5.27,0.75757576,5.34,5.23,4909/5521,5.27,5.34,5.23,5.32,2.083333,6367000,33,000736,20260417
002593.SZ,日上集团,5.38,0.9380863039399592,5.28,5.33,-0.9380863,5.33,5.23,4909/5521,5.33,5.33,5.23,5.28,1.876172,1.24369E7,33,002593,20260417
600525.SH,ST长园,5.19,-2.259887005649703,5.28,5.5,-4.17422868,5.5,5.23,4909/5521,5.5,5.5,5.23,5.28,4.900181,2.5077636E7,22,600525,20260417
600586.SH,金晶科技,5.86,3.169014084507053,5.42,5.3,1.87969925,5.43,5.23,4909/5521,5.3,5.43,5.23,5.42,3.759398,4.4631136E7,17,600586,20260417
002743.SZ,富煌钢构,5.13,-3.5714285714285787,5.32,5.35,-0.56074766,5.4,5.22,4913/5521,5.35,5.4,5.22,5.32,3.364485,8396944,33,002743,20260417
600704.SH,物产中大,5.12,0.0,5.25,5.27,-0.56818182,5.28,5.22,4913/5521,5.27,5.28,5.22,5.25,1.136363,3.0951349E7,17,600704,20260417
601700.SH,风范股份,5.43,5.029013539651833,5.28,5.28,0,5.31,5.22,4913/5521,5.28,5.31,5.22,5.28,1.704545,1.1394608E7,17,601700,20260417
002044.SZ,美年健康,5.43,3.231939163498098,5.3,5.32,-1.11940299,5.34,5.21,4916/5521,5.32,5.34,5.21,5.3,2.425373,1.21944724E8,33,002044,20260417
601216.SH,君正集团,5.59,-1.061946902654876,5.23,5.34,-2.24299065,5.34,5.21,4916/5521,5.34,5.34,5.21,5.23,2.429906,7.9823431E7,17,601216,20260417
000059.SZ,华锦股份,5.69,1.4260249554367213,5.24,5.3,-0.75757576,5.31,5.2,4918/5521,5.3,5.31,5.2,5.24,2.083333,2.2863101E7,33,000059,20260417
600405.SH,动力源,5.24,0.7692307692307699,5.21,5.3,-1.88323917,5.3,5.19,4919/5521,5.3,5.3,5.19,5.21,2.071563,1.223469E7,17,600405,20260417
300412.SZ,迦南科技,5.33,1.523809523809525,5.2,5.28,-1.88679245,5.3,5.18,4920/5521,5.28,5.3,5.18,5.2,2.26415,1.054282E7,33,300412,20260417
000548.SZ,湖南投资,5.33,-0.559701492537318,5.21,5.28,-1.69811321,5.31,5.17,4921/5521,5.28,5.31,5.17,5.21,2.641509,6548086,33,000548,20260417
300350.SZ,华鹏飞,5.35,0.18726591760299227,5.21,5.33,-2.79850746,5.33,5.17,4921/5521,5.33,5.33,5.17,5.21,2.985074,1.59099E7,33,300350,20260417
600375.SH,汉马科技,5.37,1.7045454545454517,5.22,5.2,0.19193858,5.25,5.17,4921/5521,5.2,5.25,5.17,5.22,1.535508,1.4472713E7,17,600375,20260417
000931.SZ,中关村,4.75,0.21097046413501658,5.2,5.38,-3.34572491,5.38,5.16,4924/5521,5.38,5.38,5.16,5.2,4.089219,1.867867E7,33,000931,20260417
300025.SZ,华星创业,5.75,1.4109347442680789,5.24,5.35,-2.42085661,5.36,5.16,4924/5521,5.35,5.36,5.16,5.24,3.724394,1.2163358E7,33,300025,20260417
600828.SH,茂业商业,5.0,-0.3984063745019836,5.28,5.2,0.76335878,5.33,5.16,4924/5521,5.2,5.33,5.16,5.28,3.244274,1.9707502E7,17,600828,20260417
002681.SZ,奋达科技,5.22,1.754385964912278,5.22,5.23,-0.57142857,5.27,5.15,4927/5521,5.23,5.27,5.15,5.22,2.285714,2.3448001E7,33,002681,20260417
600333.SH,长春燃气,5.77,-1.3675213675213689,5.17,5.21,-1.14722753,5.22,5.15,4927/5521,5.21,5.22,5.15,5.17,1.338432,7426400,17,600333,20260417
002712.SZ,思美传媒,5.58,-0.5347593582887744,5.2,5.22,-0.57361377,5.24,5.14,4929/5521,5.22,5.24,5.14,5.2,1.912045,1.0443351E7,33,002712,20260417
600805.SH,悦达投资,5.3,-1.119402985074636,5.18,5.24,-1.33333333,5.25,5.14,4929/5521,5.24,5.25,5.14,5.18,2.095238,1.1057407E7,17,600805,20260417
600960.SH,渤海汽车,4.97,-4.789272030651341,5.26,5.24,0.57361377,5.29,5.13,4931/5521,5.24,5.29,5.13,5.26,3.059273,1.6533E7,17,600960,20260417
002004.SZ,华邦健康,4.97,-0.20080321285141917,5.14,5.23,-2.28136882,5.27,5.12,4932/5521,5.23,5.27,5.12,5.14,2.851711,2.51965E7,33,002004,20260417
002563.SZ,森马服饰,6.06,0.0,5.19,5.28,-0.95419847,5.29,5.12,4932/5521,5.28,5.29,5.12,5.19,3.244274,2.113668E7,33,002563,20260417
300145.SZ,南方泵业,4.84,-1.825557809330626,5.19,5.15,0.3868472,5.27,5.12,4932/5521,5.15,5.27,5.12,5.19,2.901353,9.2453983E7,33,300145,20260417
002259.SZ,升达林业,5.42,-0.3676470588235379,5.63,5.11,9.9609375,5.63,5.11,4935/5521,5.11,5.63,5.11,5.63,10.15625,4.5741612E7,33,002259,20260417
600759.SH,ST洲际,4.67,-5.08130081300813,5.17,5.28,-1.89753321,5.29,5.11,4935/5521,5.28,5.29,5.11,5.17,3.415559,2.46766715E8,22,600759,20260417
002316.SZ,亚联发展,5.54,2.214022140221404,5.24,5.29,-0.94517958,5.3,5.1,4937/5521,5.29,5.3,5.1,5.24,3.780718,1.43321E7,33,002316,20260417
002528.SZ,*ST英飞,4.81,4.3383947939262315,5.38,5.37,5.078125,5.38,5.1,4937/5521,5.37,5.38,5.1,5.38,5.46875,3.9142083E7,33,002528,20260417
002548.SZ,金新农,5.39,6.102362204724401,5.18,5.17,0.3875969,5.21,5.1,4937/5521,5.17,5.21,5.1,5.18,2.131782,1.9415293E7,33,002548,20260417
002659.SZ,凯文教育,5.34,1.7142857142857115,5.12,5.22,-2.29007634,5.23,5.1,4937/5521,5.22,5.23,5.1,5.12,2.480916,1.3426304E7,33,002659,20260417
000755.SZ,山西高速,5.03,-0.19841269841269418,5.1,5.14,-0.97087379,5.15,5.09,4941/5521,5.14,5.15,5.09,5.1,1.165048,3244366,33,000755,20260417
002059.SZ,云南旅游,4.9,-1.0101010101010064,5.12,5.24,-3.03030303,5.27,5.09,4941/5521,5.24,5.27,5.09,5.12,3.40909,3.0387E7,33,002059,20260417
002160.SZ,常铝股份,4.88,-1.214574898785435,5.2,5.12,0.97087379,5.2,5.09,4941/5521,5.12,5.2,5.09,5.2,2.135922,3.1881811E7,33,002160,20260417
000716.SZ,黑芝麻,5.14,-0.7722007722007729,5.1,5.15,-1.35396518,5.15,5.08,4944/5521,5.15,5.15,5.08,5.1,1.353965,8831702,33,000716,20260417
000789.SZ,万年青,4.96,-0.6012024048096242,5.09,5.13,-0.7797271,5.13,5.08,4944/5521,5.13,5.13,5.08,5.09,0.974658,4537454,33,000789,20260417
920433.BJ,大唐药业,5.15,1.7786561264822283,5.3,5.19,2.1194605,5.37,5.08,4944/5521,5.19,5.37,5.08,5.3,5.587668,3985320,151,920433,20260417
600662.SH,外服控股,5.07,0.0,5.1,5.13,-1.1627907,5.14,5.07,4947/5521,5.13,5.14,5.07,5.1,1.356589,1.03267E7,17,600662,20260417
601968.SH,宝钢包装,5.15,0.0,5.1,5.16,-1.35396518,5.16,5.07,4947/5521,5.16,5.16,5.07,5.1,1.740812,9142800,17,601968,20260417
600266.SH,城建发展,5.14,5.544147843942496,5.11,5.1,0.59055118,5.17,5.06,4949/5521,5.1,5.17,5.06,5.11,2.165354,3.9135754E7,17,600266,20260417
002398.SZ,垒知集团,5.06,-0.3937007874015839,5.09,5.18,-2.11538462,5.18,5.05,4950/5521,5.18,5.18,5.05,5.09,2.5,1.4480358E7,33,002398,20260417
002687.SZ,乔治白,5.04,1.0020040080160284,5.08,5.17,3.67346939,5.39,5.05,4950/5521,5.17,5.39,5.05,5.08,6.938775,5.546794E7,33,002687,20260417
688119.SH,中钢洛耐,5.22,1.162790697674411,5.22,5.06,2.35294118,5.36,5.05,4950/5521,5.06,5.36,5.05,5.22,6.078431,2.0230132E7,17,688119,20260417
600320.SH,振华重工,5.42,0.9310986964618216,5.06,5.09,-0.58939096,5.12,5.04,4953/5521,5.09,5.12,5.04,5.06,1.571709,3.7095101E7,17,600320,20260417
600530.SH,交大昂立,5.43,5.029013539651833,5.2,5.2,-0.57361377,5.23,5.04,4953/5521,5.2,5.23,5.04,5.2,3.632887,1.1101302E7,17,600530,20260417
601658.SH,邮储银行,5.07,-1.5533980582524285,5.07,5.06,0,5.09,5.04,4953/5521,5.06,5.09,5.04,5.07,0.986193,7.1009382E7,17,601658,20260417
000863.SZ,三湘印象,4.85,6.359649122807019,5.13,5.21,-1.53550864,5.22,5.03,4956/5521,5.21,5.22,5.03,5.13,3.646833,2.44343E7,33,000863,20260417
002108.SZ,沧州明珠,5.62,-3.103448275862064,5.58,5.06,10.0591716,5.58,5.03,4956/5521,5.06,5.58,5.03,5.58,10.848126,2.40469852E8,33,002108,20260417
600658.SH,电子城,5.1,2.4096385542168517,5.07,5.17,-2.87356322,5.23,5.03,4956/5521,5.17,5.23,5.03,5.07,3.831417,3.2528431E7,17,600658,20260417
600854.SH,春兰股份,5.42,1.3084112149532765,5.06,5.12,-0.97847358,5.13,5.03,4956/5521,5.12,5.13,5.03,5.06,1.956947,6198101,17,600854,20260417
000932.SZ,华菱钢铁,4.64,-5.882352941176472,5.05,5.09,-0.98039216,5.09,5.01,4960/5521,5.09,5.09,5.01,5.05,1.568627,7.4877074E7,33,000932,20260417
300187.SZ,永清环保,5.62,-3.436426116838491,5.03,5.13,-2.33009709,5.14,5.01,4960/5521,5.13,5.14,5.01,5.03,2.524271,9821281,33,300187,20260417
600643.SH,爱建集团,4.82,0.4166666666666763,5.04,5.17,-2.51450677,5.17,5.01,4960/5521,5.17,5.17,5.01,5.04,3.094777,3.8205537E7,17,600643,20260417
600655.SH,豫园股份,4.93,-0.40404040404041336,5.13,5.01,2.6,5.21,5.01,4960/5521,5.01,5.21,5.01,5.13,4,4.5701613E7,17,600655,20260417
601678.SH,滨化股份,5.35,0.943396226415091,5.05,5.09,-0.98039216,5.13,5.01,4960/5521,5.09,5.13,5.01,5.05,2.352941,4.0862627E7,17,601678,20260417
603866.SH,桃李面包,4.98,-1.3861386138613743,5.03,5.06,-0.59288538,5.06,5.01,4960/5521,5.06,5.06,5.01,5.03,0.988142,5975385,17,603866,20260417
002570.SZ,贝因美,5.03,1.6161616161616175,5.04,5.06,-0.39525692,5.06,5,4966/5521,5.06,5.06,5,5.04,1.18577,1.512322E7,33,002570,20260417
000036.SZ,华联控股,5.59,2.757352941176461,5.17,5.06,2.7833002,5.2,4.99,4967/5521,5.06,5.2,4.99,5.17,4.17495,5.5738715E7,33,000036,20260417
000420.SZ,吉林化纤,5.11,-0.7766990291262142,5.23,4.99,4.39121756,5.25,4.99,4967/5521,4.99,5.25,4.99,5.23,5.18962,1.95335194E8,33,000420,20260417
002388.SZ,新亚制程,5.42,0.7434944237918223,5.11,5.07,0.78895464,5.13,4.99,4967/5521,5.07,5.13,4.99,5.11,2.761341,1.98628E7,33,002388,20260417
002793.SZ,罗欣药业,5.53,2.597402597402608,5.06,5.14,-2.12765957,5.15,4.99,4967/5521,5.14,5.15,4.99,5.06,3.094777,1.77761E7,33,002793,20260417
002628.SZ,成都路桥,5.51,0.18181818181817794,5.57,5.06,10.07905138,5.57,4.98,4971/5521,5.06,5.57,4.98,5.57,11.660079,4.6489919E7,33,002628,20260417
002872.SZ,ST天圣,5.42,-0.3676470588235379,5.02,5.08,-1.37524558,5.1,4.98,4971/5521,5.08,5.1,4.98,5.02,2.357563,2929200,33,002872,20260417
300506.SZ,ST名家汇,4.64,-3.9337474120082896,5.08,5.08,0.39525692,5.11,4.98,4971/5521,5.08,5.11,4.98,5.08,2.569169,7786160,33,300506,20260417
600880.SH,博瑞传播,5.13,0.39138943248531455,5.05,5.05,-0.59055118,5.08,4.98,4971/5521,5.05,5.08,4.98,5.05,1.968503,2.8616997E7,17,600880,20260417
002424.SZ,ST百灵,5.03,-0.9842519685039335,5.17,5.01,2.98804781,5.27,4.97,4975/5521,5.01,5.27,4.97,5.17,5.976095,1.687632E7,33,002424,20260417
600616.SH,金枫酒业,5.0,-0.7936507936507944,5.01,5.06,-1.37795276,5.07,4.97,4975/5521,5.06,5.07,4.97,5.01,1.968503,5825600,17,600616,20260417
300071.SZ,福石控股,4.86,0.41322314049587733,5.05,5.02,-0.39447732,5.07,4.95,4977/5521,5.02,5.07,4.95,5.05,2.366863,3.3007198E7,33,300071,20260417
000955.SZ,欣龙控股,5.2,0.38610038610039504,5.03,5.1,-0.3960396,5.15,4.94,4978/5521,5.1,5.15,4.94,5.03,4.158415,1.68848E7,33,000955,20260417
002263.SZ,大东南,4.03,-3.818615751789979,4.98,5.26,-3.67504836,5.35,4.93,4979/5521,5.26,5.35,4.93,4.98,8.123791,4.95734702E8,33,002263,20260417
300292.SZ,吴通控股,5.11,-2.1072796934865794,4.96,4.98,-1.19521912,5,4.93,4979/5521,4.98,5,4.93,4.96,1.394422,3.10533E7,33,300292,20260417
600018.SH,上港集团,5.0,1.4198782961460505,4.93,4.97,-1.00401606,4.98,4.92,4981/5521,4.97,4.98,4.92,4.93,1.204819,7.0925665E7,17,600018,20260417
601668.SH,中国建筑,4.91,0.20408163265305687,4.94,4.98,-0.80321285,4.99,4.92,4981/5521,4.98,4.99,4.92,4.94,1.405622,2.66640219E8,17,601668,20260417
600279.SH,重庆港,4.88,-0.40816326530613184,4.92,4.93,-0.4048583,4.96,4.9,4983/5521,4.93,4.96,4.9,4.92,1.214574,5674552,17,600279,20260417
601816.SH,京沪高铁,4.9,-0.809716599190284,4.93,4.92,0,4.95,4.9,4983/5521,4.92,4.95,4.9,4.93,1.014198,1.05754791E8,17,601816,20260417
002586.SZ,ST围海,4.71,-1.0504201680672232,5.07,4.9,4.10677618,5.08,4.89,4985/5521,4.9,5.08,4.89,5.07,3.901437,1.31433E7,33,002586,20260417
300163.SZ,先锋新材,4.36,1.1600928074246106,4.94,5.16,-2.17821782,5.18,4.89,4985/5521,5.16,5.18,4.89,4.94,5.742574,3.50826E7,33,300163,20260417
300359.SZ,全通教育,5.0,0.6036217303822988,4.95,5.07,-2.17391304,5.08,4.89,4985/5521,5.07,5.08,4.89,4.95,3.75494,8336529,33,300359,20260417
300315.SZ,掌趣科技,5.01,1.0080645161290287,4.92,4.94,-1.00603622,4.95,4.88,4988/5521,4.94,4.95,4.88,4.92,1.40845,5.8189604E7,33,300315,20260417
300425.SZ,中建环能,4.98,-0.7968127490039671,4.87,4.94,-1.41700405,4.94,4.86,4989/5521,4.94,4.94,4.86,4.87,1.619433,6908600,33,300425,20260417
600168.SH,武汉控股,5.07,-0.3929273084479288,4.87,4.9,-0.81466395,4.94,4.86,4989/5521,4.9,4.94,4.86,4.87,1.629327,6531640,17,600168,20260417
000850.SZ,华茂股份,4.54,-1.0893246187363796,4.87,4.95,-2.01207243,4.98,4.85,4991/5521,4.95,4.98,4.85,4.87,2.615694,9467000,33,000850,20260417
603323.SH,苏农银行,4.97,0.6072874493926995,4.85,4.86,-0.20576132,4.88,4.85,4991/5521,4.86,4.88,4.85,4.85,0.617283,1.577888E7,17,603323,20260417
002485.SZ,ST雪发,4.91,1.446280991735543,4.88,4.88,0,5,4.83,4993/5521,4.88,5,4.83,4.88,3.483606,3749537,33,002485,20260417
000573.SZ,粤宏远A,5.03,1.4112903225806508,4.85,4.97,-2.21774194,5.03,4.82,4994/5521,4.97,5.03,4.82,4.85,4.23387,3.0981476E7,33,000573,20260417
002042.SZ,华孚时尚,4.93,-0.8048289738430591,4.9,4.91,-0.40650407,4.99,4.82,4994/5521,4.91,4.99,4.82,4.9,3.455284,9.0985461E7,33,002042,20260417
300317.SZ,珈伟新能,5.13,-2.8409090909090975,4.9,4.83,1.03092784,4.99,4.82,4994/5521,4.83,4.99,4.82,4.9,3.505154,5.8381106E7,33,300317,20260417
600604.SH,市北高新,4.83,-0.4123711340206098,4.88,4.87,0.20533881,4.89,4.82,4994/5521,4.87,4.89,4.82,4.88,1.437371,6259397,17,600604,20260417
000889.SZ,中嘉博创,4.42,-8.108108108108103,5.29,4.85,5.8,5.44,4.81,4998/5521,4.85,5.44,4.81,5.29,12.6,2.75653876E8,33,000889,20260417
600795.SH,国电电力,4.74,-2.469135802469138,4.82,4.83,-0.20703934,4.85,4.81,4998/5521,4.83,4.85,4.81,4.82,0.828157,9.9128872E7,17,600795,20260417
688425.SH,铁建重工,4.73,-0.8385744234800661,4.85,4.85,0,4.86,4.81,4998/5521,4.85,4.86,4.81,4.85,1.030927,1.6733527E7,17,688425,20260417
300375.SZ,鹏翎股份,4.81,-0.2074688796680638,4.87,4.87,-0.40899796,4.9,4.8,5001/5521,4.87,4.9,4.8,4.87,2.044989,1.0753107E7,33,300375,20260417
601000.SH,唐山港,4.65,-1.6913319238900648,4.86,4.8,0.82987552,4.92,4.8,5001/5521,4.8,4.92,4.8,4.86,2.489626,3.2042176E7,17,601000,20260417
000912.SZ,泸天化,4.87,-7.414448669201516,4.84,4.92,-2.0242915,4.97,4.79,5003/5521,4.92,4.97,4.79,4.84,3.643724,4.94471E7,33,000912,20260417
600738.SH,丽尚国潮,4.8,-0.41493775933610916,4.84,4.87,-0.61601643,4.87,4.79,5003/5521,4.87,4.87,4.79,4.84,1.64271,7704900,17,600738,20260417
601008.SH,连云港,4.79,-0.2083333333333289,4.83,4.83,-0.61728395,4.84,4.79,5003/5521,4.83,4.84,4.79,4.83,1.028806,7184300,17,601008,20260417
300230.SZ,永利股份,5.03,1.8218623481781346,4.82,4.85,-0.6185567,4.85,4.78,5006/5521,4.85,4.85,4.78,4.82,1.443298,9911700,33,300230,20260417
300259.SZ,新天科技,4.46,-0.8888888888888897,4.88,4.85,0.41152263,4.89,4.78,5006/5521,4.85,4.89,4.78,4.88,2.263374,1.98967E7,33,300259,20260417
603188.SH,亚邦股份,5.32,6.400000000000006,4.81,4.96,-3.41365462,5,4.78,5006/5521,4.96,5,4.78,4.81,4.41767,1.79183E7,17,603188,20260417
002453.SZ,华软科技,5.61,10.000000000000014,4.87,4.9,-1.21703854,4.91,4.77,5009/5521,4.9,4.91,4.77,4.87,2.839756,1.1007395E7,33,002453,20260417
601368.SH,绿城水务,4.97,-0.7984031936127752,4.8,4.84,-0.82644628,4.84,4.77,5009/5521,4.84,4.84,4.77,4.8,1.44628,5363800,17,601368,20260417
300076.SZ,GQY视讯,,,4.76,4.93,-20,5.12,4.76,5011/5521,4.93,5.12,4.76,4.76,6.05042,4.4227339E7,33,300076,20260417
300324.SZ,旋极信息,4.92,3.361344537815129,4.79,4.82,-1.03305785,4.86,4.75,5012/5521,4.82,4.86,4.75,4.79,2.272727,2.9884374E7,33,300324,20260417
600376.SH,首开股份,4.53,2.721088435374152,4.88,4.8,1.66666667,4.9,4.75,5012/5521,4.8,4.9,4.75,4.88,3.125,5.5635319E7,17,600376,20260417
601616.SH,广电电气,4.64,-1.0660980810234693,4.81,4.86,-1.02880658,4.89,4.75,5012/5521,4.86,4.89,4.75,4.81,2.880658,2.3710828E7,17,601616,20260417
000401.SZ,金隅冀东,4.28,-7.359307359307356,4.81,4.77,0.62761506,4.84,4.74,5015/5521,4.77,4.84,4.74,4.81,2.09205,1.5566115E7,33,000401,20260417
000877.SZ,天山股份,4.64,-1.0660980810234693,4.77,4.78,-0.41753653,4.79,4.74,5015/5521,4.78,4.79,4.74,4.77,1.043841,1.0616128E7,33,000877,20260417
000514.SZ,渝开发,4.93,1.2320328542094376,4.8,4.8,0,4.87,4.73,5017/5521,4.8,4.87,4.73,4.8,2.916666,1.1329001E7,33,000514,20260417
002652.SZ,扬子新材,5.93,-4.045307443365696,4.78,4.85,-1.64609053,4.86,4.73,5017/5521,4.85,4.86,4.73,4.78,2.674897,1.508066E7,33,002652,20260417
000720.SZ,新能泰山,4.54,-1.5184381778741927,4.74,4.96,-5.01002004,5.01,4.72,5019/5521,4.96,5.01,4.72,4.74,5.811623,1.437802E8,33,000720,20260417
002766.SZ,索菱股份,4.69,-0.21276595744680396,4.83,4.85,-1.22699387,4.88,4.72,5019/5521,4.85,4.88,4.72,4.83,3.271983,2.6851E7,33,002766,20260417
000166.SZ,申万宏源,4.74,0.0,4.74,4.75,-0.21052632,4.76,4.71,5021/5521,4.75,4.76,4.71,4.74,1.052631,5.8809149E7,33,000166,20260417
002067.SZ,景兴纸业,4.89,-0.4073319755600909,4.81,4.77,0.62761506,4.83,4.71,5021/5521,4.77,4.83,4.71,4.81,2.51046,3.7820513E7,33,002067,20260417
002330.SZ,得利斯,4.75,-0.41928721174003303,4.77,4.83,-1.85185185,4.88,4.71,5021/5521,4.83,4.88,4.71,4.77,3.497942,1.39971E7,33,002330,20260417
002671.SZ,龙泉股份,4.95,1.4344262295082026,4.77,4.82,-1.24223602,4.84,4.71,5021/5521,4.82,4.84,4.71,4.77,2.691511,1.1143289E7,33,002671,20260417
000665.SZ,湖北广电,4.79,0.8421052631578955,4.75,4.79,-1.45228216,4.8,4.7,5025/5521,4.79,4.8,4.7,4.75,2.074688,1.46373E7,33,000665,20260417
002742.SZ,*ST三圣,,,4.74,4.77,-0.62893082,4.77,4.7,5025/5521,4.77,4.77,4.7,4.74,1.467505,4286900,33,002742,20260417
600540.SH,新赛股份,5.58,10.059171597633132,4.75,4.84,-1.6563147,4.9,4.7,5025/5521,4.84,4.9,4.7,4.75,4.140786,1.3775993E7,17,600540,20260417
000959.SZ,首钢股份,4.56,-2.7718550106609974,4.75,4.81,-1.6563147,4.85,4.69,5028/5521,4.81,4.85,4.69,4.75,3.312629,4.9005714E7,33,000959,20260417
600963.SH,岳阳林纸,4.64,-0.8547008547008556,4.81,4.8,0.41753653,4.82,4.69,5028/5521,4.8,4.82,4.69,4.81,2.713987,2.048733E7,17,600963,20260417
000690.SZ,宝新能源,5.28,-1.1235955056179703,4.77,4.71,1.05932203,4.78,4.68,5030/5521,4.71,4.78,4.68,4.77,2.118644,6.9085578E7,33,000690,20260417
002075.SZ,沙钢股份,4.44,-0.6711409395973011,4.71,4.73,-0.63291139,4.73,4.67,5031/5521,4.73,4.73,4.67,4.71,1.265822,1.8716109E7,33,002075,20260417
600543.SH,*ST莫高,4.96,-2.74509803921568,4.78,4.78,0,4.82,4.66,5032/5521,4.78,4.82,4.66,4.78,3.34728,9018700,22,600543,20260417
002638.SZ,勤上股份,4.68,5.40540540540539,4.69,4.74,-1.05485232,4.78,4.65,5033/5521,4.74,4.78,4.65,4.69,2.742616,4.59748E7,33,002638,20260417
600094.SH,大名城,4.71,-0.4228329809725256,4.71,4.87,-3.28542094,4.87,4.65,5033/5521,4.87,4.87,4.65,4.71,4.517453,3.8833141E7,17,600094,20260417
600611.SH,大众交通,4.53,-3.4115138592750562,4.72,4.71,0,4.73,4.65,5033/5521,4.71,4.73,4.65,4.72,1.694915,1.27365E7,17,600611,20260417
000757.SZ,浩物股份,4.89,0.4106776180698064,4.7,4.76,-1.46750524,4.77,4.64,5036/5521,4.76,4.77,4.64,4.7,2.725366,7917000,33,000757,20260417
000883.SZ,湖北能源,4.86,-0.2053388090349032,4.64,4.66,-0.42918455,4.68,4.63,5037/5521,4.66,4.68,4.63,4.64,1.072961,1.82174E7,33,000883,20260417
300242.SZ,佳云科技,4.91,0.8213552361396311,4.82,4.73,1.2605042,4.85,4.63,5037/5521,4.73,4.85,4.63,4.82,4.621848,2.3506499E7,33,300242,20260417
600027.SH,华电国际,4.99,-0.5976095617529753,4.64,4.66,-0.42918455,4.68,4.63,5037/5521,4.66,4.68,4.63,4.64,1.072961,7.9620253E7,17,600027,20260417
600130.SH,波导股份,4.62,0.43478260869566226,4.67,4.71,-0.8492569,4.71,4.63,5037/5521,4.71,4.71,4.63,4.67,1.698513,1.4055601E7,17,600130,20260417
000557.SZ,西部创业,4.7,0.21321961620468627,4.68,4.67,0,4.71,4.62,5041/5521,4.67,4.71,4.62,4.68,1.923076,7924655,33,000557,20260417
600572.SH,康恩贝,4.48,0.2237136465324536,4.68,4.78,-5.26315789,4.81,4.62,5041/5521,4.78,4.81,4.62,4.68,3.846153,2.11958906E8,17,600572,20260417
603797.SH,联泰环保,4.91,0.20408163265305687,4.68,4.76,-1.47368421,4.77,4.62,5041/5521,4.76,4.77,4.62,4.68,3.157894,5953048,17,603797,20260417
002807.SZ,江阴银行,4.58,-1.0799136069114432,4.68,4.62,1.07991361,4.7,4.61,5044/5521,4.62,4.7,4.61,4.68,1.943844,3.5726521E7,33,002807,20260417
000407.SZ,胜利股份,4.84,-0.2061855670103049,4.64,4.62,0.21598272,4.66,4.6,5045/5521,4.62,4.66,4.6,4.64,1.295896,1.326611E7,33,000407,20260417
002145.SZ,钛能化学,4.58,-3.171247357293876,4.68,4.61,1.2987013,4.69,4.6,5045/5521,4.61,4.69,4.6,4.68,1.948051,4.2066361E7,33,002145,20260417
600863.SH,华能蒙电,4.64,-1.0660980810234693,4.64,4.66,-0.85470085,4.69,4.6,5045/5521,4.66,4.69,4.6,4.64,1.923076,5.1654203E7,17,600863,20260417
600050.SH,中国联通,4.52,-0.4405286343612437,4.64,4.6,0.86956522,4.7,4.59,5048/5521,4.6,4.7,4.59,4.64,2.391304,2.32597084E8,17,600050,20260417
000516.SZ,国际医学,4.6,-0.8620689655172422,4.62,4.68,-1.70212766,4.68,4.58,5049/5521,4.68,4.68,4.58,4.62,2.127659,3.5789035E7,33,000516,20260417
300155.SZ,安居宝,5.0,0.8064516129032265,4.62,4.7,-1.91082803,4.71,4.58,5049/5521,4.7,4.71,4.58,4.62,2.760084,9463423,33,300155,20260417
601003.SH,柳钢股份,4.57,0.0,4.64,4.65,0.21598272,4.65,4.58,5049/5521,4.65,4.65,4.58,4.64,1.511879,9982900,17,601003,20260417
601515.SH,衢州东峰,4.54,-0.4385964912280609,4.68,4.62,1.2987013,4.78,4.58,5049/5521,4.62,4.78,4.58,4.68,4.329004,3.8901552E7,17,601515,20260417
002162.SZ,悦心健康,4.47,-0.4454342984409902,4.59,4.67,-2.13219616,4.68,4.57,5053/5521,4.67,4.68,4.57,4.59,2.345415,1.481397E7,33,002162,20260417
600238.SH,*ST椰岛,5.64,2.5454545454545396,4.67,4.65,1.52173913,4.78,4.57,5053/5521,4.65,4.78,4.57,4.67,4.565217,1.557136E7,22,600238,20260417
600684.SH,珠江股份,4.47,-2.826086956521737,4.61,4.63,-0.86021505,4.65,4.57,5053/5521,4.63,4.65,4.57,4.61,1.72043,1.2781382E7,17,600684,20260417
002307.SZ,北新路桥,4.32,-0.6896551724137785,4.66,4.63,1.30434783,4.72,4.56,5056/5521,4.63,4.72,4.56,4.66,3.47826,3.8180179E7,33,002307,20260417
300080.SZ,易成新能,4.5,-0.6622516556291446,4.65,4.64,0,4.68,4.56,5056/5521,4.64,4.68,4.56,4.65,2.580645,2.9175704E7,33,300080,20260417
300072.SZ,海新能科,4.58,-1.2931034482758537,4.67,4.64,0.21459227,4.68,4.55,5058/5521,4.64,4.68,4.55,4.67,2.789699,4.3565527E7,33,300072,20260417
300247.SZ,融捷健康,4.28,-0.46511627906975755,4.59,4.63,-1.29032258,4.64,4.55,5058/5521,4.63,4.64,4.55,4.59,1.935483,1.17059E7,33,300247,20260417
000589.SZ,贵州轮胎,5.03,-1.3725490196078314,4.56,4.63,-1.2987013,4.63,4.54,5060/5521,4.63,4.63,4.54,4.56,1.948051,2.01714E7,33,000589,20260417
600624.SH,ST复华,4.62,4.999999999999994,4.55,4.61,-1.30151844,4.61,4.54,5060/5521,4.61,4.61,4.54,4.55,1.518438,3434342,22,600624,20260417
000088.SZ,盐田港,4.53,0.0,4.55,4.56,-0.21929825,4.57,4.53,5062/5521,4.56,4.57,4.53,4.55,0.877192,1.8910896E7,33,000088,20260417
000415.SZ,渤海租赁,4.68,-1.8867924528301858,4.58,4.6,-0.21786492,4.68,4.53,5062/5521,4.6,4.68,4.53,4.58,3.267973,6.84965E7,33,000415,20260417
603183.SH,建研院,4.9,1.6597510373443998,4.59,4.63,-0.86393089,4.64,4.53,5062/5521,4.63,4.64,4.53,4.59,2.375809,9775820,17,603183,20260417
300422.SZ,博世科,5.6,-2.0979020979020997,4.55,4.66,-2.36051502,4.66,4.52,5065/5521,4.66,4.66,4.52,4.55,3.004291,6767700,33,300422,20260417
600925.SH,苏能股份,4.69,0.2136752136752281,4.52,4.56,-0.87719298,4.56,4.52,5065/5521,4.56,4.56,4.52,4.52,0.877192,8207101,17,600925,20260417
000723.SZ,美锦能源,4.46,-0.6681514476614755,4.5,4.59,-1.74672489,4.59,4.5,5067/5521,4.59,4.59,4.5,4.5,1.965065,5.2938759E7,33,000723,20260417
688509.SH,正元地信,4.51,0.2222222222222175,4.52,4.53,-0.87719298,4.58,4.5,5067/5521,4.53,4.58,4.5,4.52,1.754385,6123555,17,688509,20260417
000012.SZ,南玻A,4.03,-0.7389162561576198,4.53,4.54,-0.22026432,4.56,4.48,5069/5521,4.54,4.56,4.48,4.53,1.762114,1.26055E7,33,000012,20260417
002839.SZ,张家港行,4.56,-1.5118790496760321,4.51,4.51,-0.22123894,4.52,4.48,5069/5521,4.51,4.52,4.48,4.51,0.884955,1.8480396E7,33,002839,20260417
300278.SZ,华昌达,4.83,2.3305084745762783,4.66,4.6,0.86580087,4.75,4.48,5069/5521,4.6,4.75,4.48,4.66,5.844155,3.8129855E7,33,300278,20260417
603117.SH,万林物流,4.68,-2.702702702702701,4.52,4.6,-2.16450216,4.62,4.48,5069/5521,4.6,4.62,4.48,4.52,3.030303,1.003984E7,17,603117,20260417
600108.SH,亚盛集团,4.34,0.9302325581395358,4.52,4.55,-0.87719298,4.59,4.47,5073/5521,4.55,4.59,4.47,4.52,2.631578,6.7385447E7,17,600108,20260417
300451.SZ,创业慧康,4.41,0.0,4.48,4.59,-2.81995662,4.6,4.46,5074/5521,4.59,4.6,4.46,4.48,3.036876,3.3789582E7,33,300451,20260417
600594.SH,益佰制药,4.05,-1.699029126213599,4.5,4.72,-3.84615385,4.73,4.46,5074/5521,4.72,4.73,4.46,4.5,5.76923,9.1101743E7,17,600594,20260417
601113.SH,华鼎股份,4.6,0.21786492374727204,4.47,4.59,-1.97368421,4.61,4.46,5074/5521,4.59,4.61,4.46,4.47,3.289473,1.87258E7,17,601113,20260417
600717.SH,天津港,4.74,0.42372881355933184,4.47,4.47,0,4.48,4.45,5077/5521,4.47,4.48,4.45,4.47,0.67114,1.3989334E7,17,600717,20260417
600726.SH,华电能源,6.59,-7.183098591549293,4.49,4.64,-2.81385281,4.71,4.45,5077/5521,4.64,4.71,4.45,4.49,5.627705,1.58158829E8,17,600726,20260417
000778.SZ,新兴铸管,4.6,-2.127659574468096,4.46,4.49,-0.22371365,4.49,4.44,5079/5521,4.49,4.49,4.44,4.46,1.118568,3.2627805E7,33,000778,20260417
000825.SZ,太钢不锈,4.25,-1.1627906976744145,4.51,4.49,0.89485459,4.56,4.44,5079/5521,4.49,4.56,4.44,4.51,2.684563,3.7960806E7,33,000825,20260417
300029.SZ,*ST天龙,,,4.49,4.59,-2.60303688,4.61,4.44,5079/5521,4.59,4.61,4.44,4.49,3.687635,4618100,33,300029,20260417
600179.SH,安通控股,4.21,-1.4051522248243469,4.47,4.45,0,4.5,4.44,5079/5521,4.45,4.5,4.44,4.47,1.342281,2.858639E7,17,600179,20260417
600269.SH,赣粤高速,4.43,-0.6726457399103195,4.45,4.5,-1.33037694,4.51,4.44,5079/5521,4.5,4.51,4.44,4.45,1.552106,2.1723268E7,17,600269,20260417
000558.SZ,天府文旅,4.25,1.9184652278177476,4.47,4.58,-2.40174672,4.58,4.43,5084/5521,4.58,4.58,4.43,4.47,3.275109,4.0590546E7,33,000558,20260417
000632.SZ,ST三木,3.9,-4.8780487804877986,4.43,4.51,-1.99115044,4.55,4.42,5085/5521,4.51,4.55,4.42,4.43,2.876106,1.7468501E7,33,000632,20260417
600361.SH,创新新材,4.47,-0.6666666666666722,4.48,4.43,0.44843049,4.54,4.41,5086/5521,4.43,4.54,4.41,4.48,2.914798,7.4158051E7,17,600361,20260417
002266.SZ,浙富控股,5.28,4.761904761904766,4.46,4.42,0.6772009,4.5,4.4,5087/5521,4.42,4.5,4.4,4.46,2.257336,6.1921729E7,33,002266,20260417
002481.SZ,双塔食品,4.56,0.0,4.45,4.49,-1.11111111,4.49,4.4,5087/5521,4.49,4.49,4.4,4.45,2,1.1004701E7,33,002481,20260417
600649.SH,城投控股,4.27,0.0,4.42,4.42,0.6833713,4.48,4.4,5087/5521,4.42,4.48,4.4,4.42,1.822323,3.5989009E7,17,600649,20260417
600800.SH,渤海化学,4.59,1.3245033112582694,4.62,4.51,2.43902439,4.77,4.39,5090/5521,4.51,4.77,4.39,4.62,8.42572,5.2530706E7,17,600800,20260417
000677.SZ,恒天海龙,,,4.55,4.4,2.70880361,4.6,4.38,5091/5521,4.4,4.6,4.38,4.55,4.966139,3.9147546E7,33,000677,20260417
002344.SZ,海宁皮城,4.48,0.0,4.4,4.42,-0.45248869,4.45,4.38,5091/5521,4.42,4.45,4.38,4.4,1.58371,1.13787E7,33,002344,20260417
003816.SZ,中国广核,4.58,0.8810572687224677,4.39,4.41,-0.67873303,4.43,4.38,5091/5521,4.41,4.43,4.38,4.39,1.131221,1.1050289E8,33,003816,20260417
603669.SH,灵康药业,4.48,-1.5384615384615252,4.43,4.65,-4.7311828,4.65,4.38,5091/5521,4.65,4.65,4.38,4.43,5.806451,2.04237E7,17,603669,20260417
603023.SH,威帝股份,4.55,0.8869179600886926,4.47,4.48,-0.22321429,4.49,4.37,5095/5521,4.48,4.49,4.37,4.47,2.678571,1.2228014E7,17,603023,20260417
600115.SH,中国东航,4.32,-0.9174311926605512,4.41,4.4,-0.22624434,4.43,4.36,5096/5521,4.4,4.43,4.36,4.41,1.58371,1.82715713E8,17,600115,20260417
600310.SH,广西能源,4.94,-2.371541501976269,4.41,4.42,0,4.49,4.36,5096/5521,4.42,4.49,4.36,4.41,2.947845,7.6078798E7,17,600310,20260417
600979.SH,广安爱众,4.99,-2.9182879377431803,4.4,4.42,-0.6772009,4.45,4.36,5096/5521,4.42,4.45,4.36,4.4,2.031602,3.0202751E7,17,600979,20260417
601158.SH,重庆水务,4.43,0.0,4.36,4.38,-0.22883295,4.38,4.35,5099/5521,4.38,4.38,4.35,4.36,0.686498,5352251,17,601158,20260417
002506.SZ,协鑫集成,4.23,-1.3986013986013894,4.45,4.43,0.45146727,4.48,4.34,5100/5521,4.43,4.48,4.34,4.45,3.16027,3.94219991E8,33,002506,20260417
600654.SH,中安科,3.92,-3.4482758620689578,4.47,4.48,-4.48717949,4.55,4.33,5101/5521,4.48,4.55,4.33,4.47,4.700854,3.46273257E8,17,600654,20260417
601908.SH,京运通,3.93,-1.5037593984962419,4.4,4.33,0.68649886,4.51,4.33,5101/5521,4.33,4.51,4.33,4.4,4.118993,1.01559741E8,17,601908,20260417
000669.SZ,ST金鸿,4.19,-2.7842227378190074,4.46,4.4,1.36363636,4.55,4.32,5103/5521,4.4,4.55,4.32,4.46,5.227272,2.062934E7,33,000669,20260417
600495.SH,晋西车轴,4.29,0.23364485981307911,4.37,4.41,-1.35440181,4.43,4.32,5103/5521,4.41,4.43,4.32,4.37,2.483069,2.2876128E7,17,600495,20260417
000868.SZ,安凯客车,4.46,-0.6681514476614755,4.34,4.42,-1.80995475,4.42,4.31,5105/5521,4.42,4.42,4.31,4.34,2.488687,8530802,33,000868,20260417
002132.SZ,恒星科技,4.83,-0.4123711340206098,4.54,4.38,2.71493213,4.66,4.31,5105/5521,4.38,4.66,4.31,4.54,7.918552,1.92786424E8,33,002132,20260417
300173.SZ,ST福能,4.28,0.0,4.4,4.32,1.61662818,4.47,4.31,5105/5521,4.32,4.47,4.31,4.4,3.69515,1.31801E7,33,300173,20260417
002224.SZ,三力士,4.37,1.1574074074074032,4.33,4.38,-1.3667426,4.4,4.3,5108/5521,4.38,4.4,4.3,4.33,2.277904,1.403391E7,33,002224,20260417
300148.SZ,天舟文化,4.16,-0.7159904534606264,4.35,4.38,-0.91116173,4.39,4.3,5108/5521,4.38,4.39,4.3,4.35,2.050113,2.6511116E7,33,300148,20260417
000637.SZ,茂化实华,4.82,1.9027484143763183,4.35,4.44,-1.58371041,4.45,4.29,5110/5521,4.44,4.45,4.29,4.35,3.619909,7175800,33,000637,20260417
002808.SZ,*ST恒久,2.83,-5.033557046979863,4.39,4.29,-2.87610619,4.52,4.29,5110/5521,4.29,4.52,4.29,4.39,5.088495,1.2070091E7,33,002808,20260417
000100.SZ,TCL科技,4.27,-1.1574074074074239,4.3,4.32,-0.69284065,4.35,4.28,5112/5521,4.32,4.35,4.28,4.3,1.616628,2.38224817E8,33,000100,20260417
300021.SZ,大禹节水,4.51,0.44543429844097043,4.3,4.33,-1.14942529,4.34,4.28,5112/5521,4.33,4.34,4.28,4.3,1.37931,8281300,33,300021,20260417
603718.SH,海利生物,3.9,0.0,4.31,4.59,-5.0660793,4.59,4.28,5112/5521,4.59,4.59,4.28,4.31,6.828193,2.789655E7,17,603718,20260417
600500.SH,中化国际,4.6,3.8374717832957095,4.28,4.31,-0.69605568,4.37,4.27,5115/5521,4.31,4.37,4.27,4.28,2.320185,2.730038E7,17,600500,20260417
002514.SZ,宝馨科技,,,4.34,4.4,-2.03160271,4.44,4.26,5116/5521,4.4,4.44,4.26,4.34,4.063205,1.53172E7,33,002514,20260417
000966.SZ,长源电力,4.56,-1.9354838709677578,4.26,4.33,-1.84331797,4.35,4.25,5117/5521,4.33,4.35,4.25,4.26,2.304147,6.142163E7,33,000966,20260417
601975.SH,招商南油,4.48,-1.9693654266958391,4.32,4.37,-1.14416476,4.37,4.25,5117/5521,4.37,4.37,4.25,4.32,2.745995,1.89958178E8,17,601975,20260417
300287.SZ,飞利信,4.32,-0.4608294930875478,4.28,4.3,-1.38248848,4.32,4.23,5119/5521,4.3,4.32,4.23,4.28,2.073732,2.3429322E7,33,300287,20260417
000536.SZ,华映科技,3.94,-1.253132832080207,4.26,4.24,0.23529412,4.31,4.22,5120/5521,4.24,4.31,4.22,4.26,2.117647,3.2026315E7,33,000536,20260417
002251.SZ,步步高,4.15,0.24154589371982307,4.31,4.26,1.89125296,4.39,4.22,5120/5521,4.26,4.39,4.22,4.31,4.018912,1.03637009E8,33,002251,20260417
600968.SH,海油发展,4.43,0.2262443438913979,4.24,4.3,-1.39534884,4.31,4.22,5120/5521,4.3,4.31,4.22,4.24,2.093023,4.4113191E7,17,600968,20260417
688055.SH,龙腾光电,4.04,-1.9417475728155356,4.28,4.25,0.70588235,4.37,4.22,5120/5521,4.25,4.37,4.22,4.28,3.529411,1.3680786E7,17,688055,20260417
000692.SZ,惠天热电,5.0,0.8064516129032265,4.24,4.27,-0.46948357,4.28,4.21,5124/5521,4.27,4.28,4.21,4.24,1.643192,9755000,33,000692,20260417
002567.SZ,唐人神,4.16,0.24096385542168158,4.23,4.29,-1.85614849,4.3,4.21,5124/5521,4.29,4.3,4.21,4.23,2.088167,2.39808E7,33,002567,20260417
300067.SZ,安诺其,6.85,-3.7921348314606806,4.21,4.21,,4.21,4.21,5124/5521,4.21,4.21,4.21,4.21,,,33,300067,20260417
600369.SH,西南证券,4.24,0.4739336492891105,4.23,4.25,-0.70422535,4.26,4.21,5124/5521,4.25,4.26,4.21,4.23,1.173708,2.3453192E7,17,600369,20260417
600984.SH,建设机械,4.16,2.7160493827160574,4.31,4.26,1.17370892,4.36,4.2,5128/5521,4.26,4.36,4.2,4.31,3.755868,2.349908E7,17,600984,20260417
601500.SH,通用股份,4.66,6.392694063926946,4.22,4.26,-1.63170163,4.29,4.2,5128/5521,4.26,4.29,4.2,4.22,2.097902,1.21359E7,17,601500,20260417
002168.SZ,*ST惠程,4.27,1.6666666666666523,4.2,4.27,-1.63934426,4.3,4.17,5130/5521,4.27,4.3,4.17,4.2,3.044496,8480301,33,002168,20260417
300510.SZ,金冠股份,4.18,0.0,4.21,4.25,-0.94117647,4.27,4.17,5130/5521,4.25,4.27,4.17,4.21,2.352941,1.4845221E7,33,300510,20260417
300194.SZ,福安药业,4.13,-0.24154589371980165,4.18,4.24,-1.64705882,4.24,4.16,5132/5521,4.24,4.24,4.16,4.18,1.882352,1.4631688E7,33,300194,20260417
600545.SH,卓郎智能,4.89,-9.94475138121547,4.34,4.18,3.8277512,4.57,4.16,5132/5521,4.18,4.57,4.16,4.34,9.808612,1.53948312E8,17,600545,20260417
601399.SH,国机重装,4.29,3.3734939759036067,4.23,4.27,-1.3986014,4.28,4.16,5132/5521,4.27,4.28,4.16,4.23,2.797202,1.17504288E8,17,601399,20260417
002672.SZ,东江环保,4.42,-0.896860986547086,4.18,4.34,-3.46420323,4.34,4.15,5135/5521,4.34,4.34,4.15,4.18,4.38799,1.14691E7,33,002672,20260417
600716.SH,凤凰股份,4.43,1.3729977116704715,4.19,4.21,-1.17924528,4.24,4.13,5136/5521,4.21,4.24,4.13,4.19,2.594339,9399900,17,600716,20260417
600740.SH,山西焦化,4.3,-2.050113895216398,4.15,4.24,-2.35294118,4.27,4.13,5136/5521,4.24,4.27,4.13,4.15,3.294117,3.7125534E7,17,600740,20260417
601106.SH,中国一重,4.54,9.927360774818405,4.22,4.18,0.71599045,4.24,4.13,5136/5521,4.18,4.24,4.13,4.22,2.625298,5.0920045E7,17,601106,20260417
600664.SH,哈药股份,3.58,-2.7173913043478284,4.17,4.25,-5.22727273,4.44,4.12,5139/5521,4.25,4.44,4.12,4.17,7.272727,4.03161559E8,17,600664,20260417
002329.SZ,皇氏集团,4.4,6.796116504854375,4.17,4.21,-0.95011876,4.21,4.11,5140/5521,4.21,4.21,4.11,4.17,2.375296,3.206842E7,33,002329,20260417
600936.SH,北投科技,4.13,0.9779951100244508,4.18,4.13,0,4.19,4.11,5140/5521,4.13,4.19,4.11,4.18,1.913875,1.8082989E7,17,600936,20260417
000520.SZ,凤凰航运,3.95,-1.0025062656641612,4.17,4.2,-0.95011876,4.22,4.1,5142/5521,4.2,4.22,4.1,4.17,2.850356,1.6062901E7,33,000520,20260417
601933.SH,永辉超市,3.84,0.5235602094240842,4.11,4.18,3.52644836,4.32,4.1,5142/5521,4.18,4.32,4.1,4.11,5.541561,4.03825999E8,17,601933,20260417
000652.SZ,泰达股份,4.29,-0.6944444444444502,4.15,4.1,0.4842615,4.21,4.09,5144/5521,4.1,4.21,4.09,4.15,2.905569,2.118927E7,33,000652,20260417
300190.SZ,维尔利,4.2,1.2048192771084294,4.14,4.21,-1.66270784,4.21,4.09,5144/5521,4.21,4.21,4.09,4.14,2.850356,2.9990828E7,33,300190,20260417
300459.SZ,汤姆猫,4.22,1.1990407673860868,4.13,4.16,-0.72115385,4.16,4.09,5144/5521,4.16,4.16,4.09,4.13,1.682692,6.7676867E7,33,300459,20260417
600067.SH,冠城新材,3.64,-9.677419354838712,4.13,4.11,0.486618,4.15,4.09,5144/5521,4.11,4.15,4.09,4.13,1.459854,1.925836E7,17,600067,20260417
002256.SZ,兆新股份,4.59,0.4376367614879556,4.11,4.13,-0.96385542,4.19,4.08,5148/5521,4.13,4.19,4.08,4.11,2.650602,8.17219E7,33,002256,20260417
002641.SZ,公元股份,4.26,0.2352941176470538,4.1,4.15,-0.72639225,4.15,4.08,5148/5521,4.15,4.15,4.08,4.1,1.694915,5631047,33,002641,20260417
600121.SH,郑州煤电,4.25,-0.9324009324009332,4.09,4.16,-1.91846523,4.17,4.08,5148/5521,4.16,4.17,4.08,4.09,2.158273,3.2844268E7,17,600121,20260417
600905.SH,三峡能源,4.09,-0.24390243902438508,4.1,4.1,0,4.11,4.08,5148/5521,4.1,4.11,4.08,4.1,0.731707,1.35261046E8,17,600905,20260417
600959.SH,江苏有线,3.88,-0.2570694087403658,4.15,4.13,0.97323601,4.15,4.08,5148/5521,4.13,4.15,4.08,4.15,1.703163,8.5755462E7,17,600959,20260417
603363.SH,傲农生物,3.39,-0.8771929824561346,4.13,4.15,-1.66666667,4.19,4.08,5148/5521,4.15,4.19,4.08,4.13,2.619047,5.3347782E7,17,603363,20260417
000659.SZ,珠海中富,4.03,-1.9464720194647218,4.11,4.2,-1.90930788,4.21,4.07,5154/5521,4.2,4.21,4.07,4.11,3.341288,3.0939301E7,33,000659,20260417
000900.SZ,现代投资,4.22,0.476190476190466,4.09,4.11,-0.486618,4.11,4.07,5154/5521,4.11,4.11,4.07,4.09,0.973236,6895190,33,000900,20260417
002662.SZ,峰璟股份,3.93,-3.6764705882352917,4.17,4.13,0.48192771,4.19,4.07,5154/5521,4.13,4.19,4.07,4.17,2.891566,2.08787E7,33,002662,20260417
000010.SZ,*ST美丽,2.89,-4.934210526315787,4.07,4.12,-0.24509804,4.32,4.06,5157/5521,4.12,4.32,4.06,4.07,6.372549,7.19615E7,33,000010,20260417
600609.SH,金杯汽车,4.02,0.49999999999998934,4.09,4.13,-1.20772947,4.14,4.06,5157/5521,4.13,4.14,4.06,4.09,1.932367,1.2341801E7,17,600609,20260417
601568.SH,北元集团,3.91,-1.7587939698492423,4.08,4.11,-0.97087379,4.12,4.06,5157/5521,4.11,4.12,4.06,4.08,1.45631,1.8566872E7,17,601568,20260417
600725.SH,云维股份,4.23,0.7142857142857202,4.1,4.17,-1.67865707,4.17,4.05,5160/5521,4.17,4.17,4.05,4.1,2.877697,1.7706185E7,17,600725,20260417
603557.SH,ST起步,4.26,0.0,4.28,4.05,4.90196078,4.28,4.05,5160/5521,4.05,4.28,4.05,4.28,5.637254,1.270697E7,22,603557,20260417
002613.SZ,北玻股份,3.99,0.7575757575757639,4.07,4.13,-2.39808153,4.24,4.04,5162/5521,4.13,4.24,4.04,4.07,4.796163,9.9047189E7,33,002613,20260417
300074.SZ,华平股份,4.41,0.9153318077803212,4.07,4.17,-2.39808153,4.17,4.03,5163/5521,4.17,4.17,4.03,4.07,3.357314,1.4107736E7,33,300074,20260417
601016.SH,节能风电,4.26,-6.5789473684210495,4.06,4.05,0,4.13,4.03,5163/5521,4.05,4.13,4.03,4.06,2.463054,2.26839418E8,17,601016,20260417
002523.SZ,天桥起重,3.88,1.0416666666666676,4.07,4.08,-0.24509804,4.08,4.02,5165/5521,4.08,4.08,4.02,4.07,1.470588,1.60627E7,33,002523,20260417
601375.SH,中原证券,4.06,0.7444168734491156,4.04,4.06,-0.49261084,4.07,4.02,5165/5521,4.06,4.07,4.02,4.04,1.231527,2.3369742E7,17,601375,20260417
000981.SZ,山子高科,3.84,2.3999999999999964,4.05,4.06,-0.73529412,4.08,4.01,5167/5521,4.06,4.08,4.01,4.05,1.715686,2.4734928E8,33,000981,20260417
001213.SZ,中铁特货,3.98,-0.5000000000000004,4.03,4.03,-0.24752475,4.04,4.01,5167/5521,4.03,4.04,4.01,4.03,0.742574,9807976,33,001213,20260417
002512.SZ,ST达华,4.31,4.866180048661783,4.01,4.08,-2.19512195,4.12,4.01,5167/5521,4.08,4.12,4.01,4.01,2.682926,4.1690802E7,33,002512,20260417
300070.SZ,碧水源,3.92,-1.010101010101011,4.02,4.05,-0.98522167,4.07,4.01,5167/5521,4.05,4.07,4.01,4.02,1.477832,3.6606286E7,33,300070,20260417
600425.SH,青松建化,4.1,0.0,4.06,4.03,0.24691358,4.06,4.01,5167/5521,4.03,4.06,4.01,4.06,1.234567,1.54853E7,17,600425,20260417
600599.SH,*ST熊猫,3.95,0.0,4.12,4.03,0.243309,4.3,4.01,5167/5521,4.03,4.3,4.01,4.12,7.055961,3817100,22,600599,20260417
000725.SZ,京东方A,4.08,-2.158273381294961,4.02,4.01,-0.24813896,4.04,4,5173/5521,4.01,4.04,4,4.02,0.992555,3.09867654E8,33,000725,20260417
002397.SZ,梦洁股份,4.83,2.5477707006369448,4.04,4.2,-3.57995227,4.2,4,5173/5521,4.2,4.2,4,4.04,4.773269,2.49692E7,33,002397,20260417
600537.SH,*ST亿晶,3.2,-5.044510385756674,4.02,4.17,-3.36538462,4.2,4,5173/5521,4.17,4.2,4,4.02,4.807692,1.2852878E8,22,600537,20260417
600815.SH,厦工股份,4.41,-0.4514672686230152,4.06,4.1,-1.21654501,4.13,4,5173/5521,4.1,4.13,4,4.06,3.163017,6.7851552E7,17,600815,20260417
601388.SH,怡球资源,4.08,-0.9708737864077678,4.15,4.03,2.72277228,4.16,4,5173/5521,4.03,4.16,4,4.15,3.960396,1.09991525E8,17,601388,20260417
000607.SZ,华媒控股,4.14,1.9704433497536966,4.03,4.07,-1.46699267,4.1,3.99,5178/5521,4.07,4.1,3.99,4.03,2.689486,1.2251394E7,33,000607,20260417
002524.SZ,光正眼科,4.41,1.6129032258064582,4.04,4.16,-2.88461538,4.17,3.99,5178/5521,4.16,4.17,3.99,4.04,4.326923,1.79573E7,33,002524,20260417
300267.SZ,尔康制药,4.36,3.809523809523813,4.02,4.08,-1.71149144,4.17,3.99,5178/5521,4.08,4.17,3.99,4.02,4.400977,7.9225017E7,33,300267,20260417
000711.SZ,ST京蓝,4.92,2.9288702928870225,4.1,4.01,5.12820513,4.1,3.98,5181/5521,4.01,4.1,3.98,4.1,3.076923,1.26416252E8,33,000711,20260417
600386.SH,北巴传媒,4.15,0.0,4.01,4.11,-2.43309002,4.11,3.98,5181/5521,4.11,4.11,3.98,4.01,3.163017,1.06809E7,17,600386,20260417
002385.SZ,大北农,3.89,-0.5115089514066501,3.99,4.02,-0.99255583,4.03,3.97,5183/5521,4.02,4.03,3.97,3.99,1.488833,6.55623E7,33,002385,20260417
600681.SH,百川能源,4.06,-0.49019607843138385,3.98,4.03,-1.48514851,4.03,3.97,5183/5521,4.03,4.03,3.97,3.98,1.485148,1.8331723E7,17,600681,20260417
000790.SZ,华神科技,4.57,10.120481927710841,4.02,4.18,-3.5971223,4.18,3.96,5185/5521,4.18,4.18,3.96,4.02,5.275779,2.8844168E7,33,000790,20260417
002309.SZ,中利集团,4.29,-4.878048780487799,3.98,4.1,-2.68948655,4.22,3.96,5185/5521,4.1,4.22,3.96,3.98,6.356968,3.50630674E8,33,002309,20260417
002578.SZ,闽发铝业,4.16,-0.7159904534606264,4.07,4.04,0.24630542,4.08,3.96,5185/5521,4.04,4.08,3.96,4.07,2.955665,3.5421169E7,33,002578,20260417
600103.SH,青山纸业,4.46,-4.086021505376352,4.3,4.03,5.91133005,4.47,3.96,5185/5521,4.03,4.47,3.96,4.3,12.561576,5.11009681E8,17,600103,20260417
600824.SH,益民集团,4.1,0.4901960784313621,3.98,4.01,-1.24069479,4.03,3.96,5185/5521,4.01,4.03,3.96,3.98,1.736972,8440226,17,600824,20260417
300078.SZ,思创智联,3.9,-0.5102040816326535,3.97,4.08,-2.93398533,4.08,3.95,5190/5521,4.08,4.08,3.95,3.97,3.178484,3.0145567E7,33,300078,20260417
601366.SH,利群股份,4.04,-0.7371007371007432,3.97,4.04,-1.97530864,4.05,3.95,5190/5521,4.04,4.05,3.95,3.97,2.469135,1.3432837E7,17,601366,20260417
000002.SZ,万科A,3.91,1.0335917312661507,3.96,3.96,0,4.02,3.94,5192/5521,3.96,4.02,3.94,3.96,2.020202,9.8442449E7,33,000002,20260417
600853.SH,龙建股份,3.96,-0.25188916876574885,3.96,3.99,-0.7518797,3.99,3.94,5192/5521,3.99,3.99,3.94,3.96,1.253132,7315315,17,600853,20260417
000608.SZ,*ST阳光,3.78,2.7173913043478164,3.97,4.04,-1.73267327,4.07,3.92,5194/5521,4.04,4.07,3.92,3.97,3.712871,2.2179342E7,33,000608,20260417
000812.SZ,陕西金叶,4.1,0.24449877750610727,3.95,3.98,-1.25,4,3.92,5194/5521,3.98,4,3.92,3.95,2,9867740,33,000812,20260417
002375.SZ,亚厦股份,4.18,0.4807692307692205,3.98,3.92,2.05128205,4.09,3.92,5194/5521,3.92,4.09,3.92,3.98,4.358974,2.5954573E7,33,002375,20260417
600792.SH,云煤能源,4.51,0.2222222222222175,3.92,4.03,-2.48756219,4.04,3.91,5197/5521,4.03,4.04,3.91,3.92,3.23383,1.93851E7,17,600792,20260417
600808.SH,马钢股份,3.87,-0.7692307692307643,4.01,3.93,1.51898734,4.03,3.91,5197/5521,3.93,4.03,3.91,4.01,3.037974,4.5193507E7,17,600808,20260417
300111.SZ,向日葵,3.88,0.5181347150259072,3.95,4.02,-2.70935961,4.03,3.9,5199/5521,4.02,4.03,3.9,3.95,3.20197,4.4486515E7,33,300111,20260417
000802.SZ,北京文化,4.31,0.46620046620045624,3.96,3.93,0.25316456,4,3.89,5200/5521,3.93,4,3.89,3.96,2.78481,1.2016E7,33,000802,20260417
002061.SZ,浙江交科,3.89,0.0,3.88,3.89,-0.51282051,3.9,3.87,5201/5521,3.89,3.9,3.87,3.88,0.76923,1.1999694E7,33,002061,20260417
600327.SH,大东方,3.97,2.056555269922881,3.9,3.95,-1.51515152,3.95,3.87,5201/5521,3.95,3.95,3.87,3.9,2.020202,1.2691268E7,17,600327,20260417
600339.SH,中油工程,4.07,0.24630541871922848,3.9,4.01,-2.98507463,4.02,3.87,5201/5521,4.01,4.02,3.87,3.9,3.731343,1.14967169E8,17,600339,20260417
601015.SH,陕西黑猫,4.02,-1.7114914425427943,3.88,4.02,-3.48258706,4.04,3.87,5201/5521,4.02,4.04,3.87,3.88,4.228855,6.308907E7,17,601015,20260417
000750.SZ,国海证券,3.91,1.0335917312661507,3.88,3.88,-0.25706941,3.9,3.86,5205/5521,3.88,3.9,3.86,3.88,1.028277,2.4828109E7,33,000750,20260417
600368.SH,五洲交通,3.89,-0.25641025641025095,3.9,3.88,0.7751938,3.95,3.86,5205/5521,3.88,3.95,3.86,3.9,2.325581,1.3920511E7,17,600368,20260417
600626.SH,申达股份,3.92,-0.2544529262086573,3.9,3.95,-1.51515152,3.98,3.86,5205/5521,3.95,3.98,3.86,3.9,3.030303,1.3505E7,17,600626,20260417
002060.SZ,广东建工,3.76,-2.8423772609819205,3.88,3.89,-1.02040816,3.91,3.85,5208/5521,3.89,3.91,3.85,3.88,1.530612,5.4045119E7,33,002060,20260417
002109.SZ,兴化股份,,,3.91,3.97,-1.51133501,4,3.85,5208/5521,3.97,4,3.85,3.91,3.778337,3.551617E7,33,002109,20260417
600496.SH,精工钢构,4.15,0.0,3.88,3.91,-0.76726343,3.91,3.85,5208/5521,3.91,3.91,3.85,3.88,1.534526,2.2049376E7,17,600496,20260417
601991.SH,大唐发电,4.16,-3.0303030303030276,3.89,3.88,0.51679587,3.91,3.85,5208/5521,3.88,3.91,3.85,3.89,1.550387,1.15721687E8,17,601991,20260417
000972.SZ,*ST中基,3.86,2.93333333333333,3.91,3.99,-0.50890585,4.08,3.84,5212/5521,3.99,4.08,3.84,3.91,6.10687,2.3256701E7,33,000972,20260417
002228.SZ,合兴包装,3.9,1.0362694300518145,3.87,3.94,-2.02531646,3.94,3.84,5212/5521,3.94,3.94,3.84,3.87,2.531645,2.019414E7,33,002228,20260417
601279.SH,英利汽车,3.98,1.01522842639594,3.93,3.96,-1.25628141,3.96,3.84,5212/5521,3.96,3.96,3.84,3.93,3.015075,1.4007655E7,17,601279,20260417
601018.SH,宁波港,3.7,-2.374670184696566,3.84,3.89,-1.28534704,3.9,3.83,5215/5521,3.89,3.9,3.83,3.84,1.799485,3.7116011E7,17,601018,20260417
000698.SZ,ST沈化,3.86,-0.5154639175257737,3.84,3.89,-1.28534704,3.89,3.82,5216/5521,3.89,3.89,3.82,3.84,1.799485,6073650,33,000698,20260417
601099.SH,太平洋,3.68,-0.540540540540541,3.82,3.83,-0.26109661,3.85,3.8,5217/5521,3.83,3.85,3.8,3.82,1.305483,8.2195522E7,17,601099,20260417
002689.SZ,ST远智,3.58,-1.9178082191780779,3.8,3.93,-2.56410256,3.94,3.79,5218/5521,3.93,3.94,3.79,3.8,3.846153,2.268965E7,33,002689,20260417
600020.SH,中原高速,4.04,5.48302872062663,3.8,3.84,-0.78328982,3.84,3.79,5218/5521,3.84,3.84,3.79,3.8,1.305483,1.13463E7,17,600020,20260417
600758.SH,辽宁能源,3.98,-2.2113022113022187,3.82,3.88,-1.79948586,3.92,3.79,5218/5521,3.88,3.92,3.79,3.82,3.341902,5.7290324E7,17,600758,20260417
000767.SZ,晋控电力,3.78,-3.5714285714285747,3.87,3.83,1.04438642,3.9,3.78,5221/5521,3.83,3.9,3.78,3.87,3.133159,1.33176251E8,33,000767,20260417
600035.SH,楚天高速,3.84,0.5235602094240842,3.81,3.81,0,3.82,3.78,5221/5521,3.81,3.82,3.78,3.81,1.049868,8669243,17,600035,20260417
603377.SH,ST东时,3.67,0.27322404371584114,3.86,3.8,1.31233596,3.9,3.78,5221/5521,3.8,3.9,3.78,3.86,3.149606,1.0363163E7,22,603377,20260417
002141.SZ,贤丰控股,3.64,-1.3550135501354965,3.87,3.78,2.11081794,3.89,3.77,5224/5521,3.78,3.89,3.77,3.87,3.166226,2.9214891E7,33,002141,20260417
601162.SH,天风证券,3.58,-3.5040431266846332,3.8,3.8,0,3.82,3.77,5224/5521,3.8,3.82,3.77,3.8,1.315789,8.2558869E7,17,601162,20260417
002172.SZ,澳洋健康,3.81,-0.5221932114882512,3.78,3.86,-2.3255814,3.87,3.76,5226/5521,3.86,3.87,3.76,3.78,2.842377,1.64797E7,33,002172,20260417
600217.SH,中再资环,3.78,-1.3054830287206336,3.79,3.83,-1.04438642,3.84,3.76,5226/5521,3.83,3.84,3.76,3.79,2.088772,1.13905E7,17,600217,20260417
600308.SH,华泰股份,3.89,-2.749999999999997,3.77,3.84,-2.07792208,3.86,3.76,5226/5521,3.84,3.86,3.76,3.77,2.597402,1.2299572E7,17,600308,20260417
000078.SZ,海王生物,,,3.77,3.83,-3.58056266,3.9,3.75,5229/5521,3.83,3.9,3.75,3.77,3.836317,1.83482495E8,33,000078,20260417
000428.SZ,华天酒店,3.86,-0.7712082262210861,3.82,3.94,-3.77833753,3.97,3.75,5229/5521,3.94,3.97,3.75,3.82,5.541561,2.95715E7,33,000428,20260417
300301.SZ,ST长方,3.69,2.499999999999996,3.92,3.75,3.15789474,3.94,3.75,5229/5521,3.75,3.94,3.75,3.92,5,3.4239461E7,33,300301,20260417
300355.SZ,蒙草生态,3.64,-0.5464480874316945,3.77,3.81,-1.04986877,3.81,3.74,5232/5521,3.81,3.81,3.74,3.77,1.83727,3.1165218E7,33,300355,20260417
600052.SH,东望时代,4.44,9.90099009900991,3.77,3.84,-2.07792208,3.85,3.74,5232/5521,3.84,3.85,3.74,3.77,2.857142,1.19973E7,17,600052,20260417
601599.SH,浙文影业,3.71,0.0,3.77,3.79,-0.78947368,3.79,3.72,5234/5521,3.79,3.79,3.72,3.77,1.842105,2.14328E7,17,601599,20260417
002775.SZ,文科股份,4.0,0.7556675062972242,3.73,3.88,-3.61757106,3.88,3.71,5235/5521,3.88,3.88,3.71,3.73,4.392764,1.6383208E7,33,002775,20260417
002084.SZ,海鸥住工,3.86,0.0,3.74,3.8,-1.57894737,3.8,3.7,5236/5521,3.8,3.8,3.7,3.74,2.631578,1.44426E7,33,002084,20260417
300013.SZ,新宁物流,4.14,1.470588235294108,3.72,3.81,-2.36220472,3.81,3.7,5236/5521,3.81,3.81,3.7,3.72,2.887139,1.2594256E7,33,300013,20260417
600016.SH,民生银行,3.7,-1.069518716577541,3.71,3.71,-0.2688172,3.72,3.7,5236/5521,3.71,3.72,3.7,3.71,0.537634,1.38984967E8,17,600016,20260417
002110.SZ,三钢闽光,3.42,-2.005730659025796,3.71,3.77,-1.85185185,3.77,3.69,5239/5521,3.77,3.77,3.69,3.71,2.116402,2.4854129E7,33,002110,20260417
002426.SZ,胜利精密,3.72,0.0,3.76,3.73,0,3.81,3.69,5239/5521,3.73,3.81,3.69,3.76,3.191489,1.28707013E8,33,002426,20260417
300135.SZ,宝利国际,4.11,3.526448362720406,3.74,3.77,-0.79575597,3.78,3.69,5239/5521,3.77,3.78,3.69,3.74,2.387267,1.47494E7,33,300135,20260417
002069.SZ,獐子岛,3.89,-0.25641025641025095,3.72,3.76,-1.06382979,3.77,3.68,5242/5521,3.76,3.77,3.68,3.72,2.393617,1.02417E7,33,002069,20260417
600261.SH,阳光照明,3.56,-9.644670050761418,3.72,3.72,0.26954178,3.73,3.68,5242/5521,3.72,3.73,3.68,3.72,1.347708,1.00737E7,17,600261,20260417
600751.SH,海航科技,3.68,-2.6455026455026363,3.84,3.77,1.31926121,3.87,3.68,5242/5521,3.77,3.87,3.68,3.84,5.013192,5.7513346E7,17,600751,20260417
002437.SZ,誉衡药业,3.52,-2.7624309392265216,3.72,3.86,-3.87596899,3.87,3.67,5245/5521,3.86,3.87,3.67,3.72,5.167958,1.67965537E8,33,002437,20260417
300020.SZ,ST银江,3.52,0.2849002849002915,3.84,3.7,4.34782609,3.87,3.67,5245/5521,3.7,3.87,3.67,3.84,5.434782,2.254869E7,33,300020,20260417
600033.SH,福建高速,3.64,-0.2739726027397202,3.7,3.68,0.27100271,3.72,3.67,5245/5521,3.68,3.72,3.67,3.7,1.355013,2.4373185E7,17,600033,20260417
000090.SZ,天健集团,3.52,0.571428571428572,3.66,3.65,0.2739726,3.7,3.65,5248/5521,3.65,3.7,3.65,3.66,1.369863,1.8010296E7,33,000090,20260417
000509.SZ,华塑控股,3.59,1.1267605633802829,3.7,3.73,-0.80428954,3.73,3.65,5248/5521,3.73,3.73,3.65,3.7,2.144772,1.9344E7,33,000509,20260417
002154.SZ,报喜鸟,4.16,1.2165450121654457,3.68,3.74,-2.12765957,3.74,3.65,5248/5521,3.74,3.74,3.65,3.68,2.393617,2.2226018E7,33,002154,20260417
300420.SZ,五洋自控,3.65,0.0,3.69,3.68,0,3.72,3.64,5251/5521,3.68,3.72,3.64,3.69,2.168021,1.8976484E7,33,300420,20260417
600790.SH,轻纺城,4.2,2.1897810218978067,3.66,3.7,-1.08108108,3.7,3.64,5251/5521,3.7,3.7,3.64,3.66,1.621621,7351576,17,600790,20260417
002191.SZ,劲嘉股份,3.79,1.8817204301075225,3.66,3.69,-1.34770889,3.7,3.63,5253/5521,3.69,3.7,3.63,3.66,1.886792,1.4866166E7,33,002191,20260417
300338.SZ,*ST开元,3.68,0.5464480874316945,3.67,3.8,-4.17754569,3.81,3.63,5253/5521,3.8,3.81,3.63,3.67,4.699738,1.495061E7,33,300338,20260417
000965.SZ,天保基建,3.73,2.4725274725274686,3.65,3.66,0.27472527,3.68,3.62,5255/5521,3.66,3.68,3.62,3.65,1.648351,1.7519805E7,33,000965,20260417
600928.SH,西安银行,3.69,-0.8064516129032324,3.62,3.62,0,3.63,3.6,5256/5521,3.62,3.63,3.6,3.62,0.828729,9744616,17,600928,20260417
600255.SH,鑫科材料,3.65,0.5509641873278242,3.65,3.61,1.38888889,3.66,3.59,5257/5521,3.61,3.66,3.59,3.65,1.944444,3.7842402E7,17,600255,20260417
600515.SH,海南机场,3.61,1.690140845070424,3.63,3.62,0,3.65,3.59,5257/5521,3.62,3.65,3.59,3.63,1.652892,6.350873E7,17,600515,20260417
600575.SH,淮河能源,3.61,-2.695417789757415,3.62,3.64,-1.09289617,3.65,3.59,5257/5521,3.64,3.65,3.59,3.62,1.639344,4.411087E7,17,600575,20260417
600794.SH,保税科技,3.58,0.0,3.6,3.63,-1.36986301,3.64,3.59,5257/5521,3.63,3.64,3.59,3.6,1.369863,9769296,17,600794,20260417
600798.SH,宁波海运,3.63,0.0,3.61,3.65,-1.36612022,3.65,3.59,5257/5521,3.65,3.65,3.59,3.61,1.639344,1.95575E7,17,600798,20260417
600433.SH,冠豪高新,4.84,9.999999999999988,3.67,3.62,-0.54200542,3.69,3.56,5262/5521,3.62,3.69,3.56,3.67,3.523035,5.2534119E7,17,600433,20260417
600892.SH,*ST大晟,3.65,-4.45026178010471,3.62,3.65,-1.09289617,3.65,3.56,5262/5521,3.65,3.65,3.56,3.62,2.459016,5287700,22,600892,20260417
600243.SH,*ST海华,4.16,3.740648379052378,3.7,3.62,1.64835165,3.75,3.55,5264/5521,3.62,3.75,3.55,3.7,5.494505,1.09039E7,22,600243,20260417
600300.SH,维维股份,3.74,5.3521126760563495,3.58,3.63,-2.18579235,3.65,3.54,5265/5521,3.63,3.65,3.54,3.58,3.005464,5.1635101E7,17,600300,20260417
600165.SH,ST宁科,3.38,-2.3121387283237014,3.57,3.61,-0.83333333,3.62,3.53,5266/5521,3.61,3.62,3.53,3.57,2.5,4839850,22,600165,20260417
002211.SZ,ST宏达,3.66,-0.27247956403269175,3.53,3.63,-2.75482094,3.63,3.52,5267/5521,3.63,3.63,3.52,3.53,3.030303,5365400,33,002211,20260417
600325.SH,华发股份,3.46,-3.351955307262573,3.59,3.53,1.41242938,3.62,3.52,5267/5521,3.53,3.62,3.52,3.59,2.824858,4.0094547E7,17,600325,20260417
601326.SH,秦港股份,3.5,-1.1299435028248597,3.55,3.56,-0.56022409,3.57,3.52,5267/5521,3.56,3.57,3.52,3.55,1.40056,2.38319E7,17,601326,20260417
300026.SZ,红日药业,3.42,-0.2915451895043799,3.54,3.62,-2.74725275,3.63,3.51,5270/5521,3.62,3.63,3.51,3.54,3.296703,5.0571649E7,33,300026,20260417
600782.SH,新钢股份,3.09,-2.5236593059936934,3.53,3.55,-0.56338028,3.55,3.51,5270/5521,3.55,3.55,3.51,3.53,1.12676,3.71672E7,17,600782,20260417
002554.SZ,惠博普,3.49,0.8670520231213945,3.51,3.58,-1.95530726,3.59,3.5,5272/5521,3.58,3.59,3.5,3.51,2.513966,2.4451797E7,33,002554,20260417
002573.SZ,清新环境,3.74,3.314917127071826,3.51,3.57,-2.22841226,3.58,3.5,5272/5521,3.57,3.58,3.5,3.51,2.228412,1.09695E7,33,002573,20260417
000809.SZ,和展能源,3.77,-0.7894736842105212,3.52,3.53,0,3.57,3.49,5274/5521,3.53,3.57,3.49,3.52,2.272727,1.386205E7,33,000809,20260417
300256.SZ,星星科技,3.36,0.2985074626865608,3.51,3.52,-1.12676056,3.54,3.49,5274/5521,3.52,3.54,3.49,3.51,1.40845,2.22585E7,33,300256,20260417
600076.SH,康欣新材,3.33,-5.397727272727271,3.51,3.59,-2.22841226,3.6,3.49,5274/5521,3.59,3.6,3.49,3.51,3.064066,1.775986E7,17,600076,20260417
000004.SZ,*ST国华,,,3.76,3.82,3.2967033,3.82,3.48,5277/5521,3.82,3.82,3.48,3.76,9.340659,2.0431731E7,33,000004,20260417
002596.SZ,海南瑞泽,3.76,2.73224043715846,3.53,3.57,-1.39664804,3.59,3.47,5278/5521,3.57,3.59,3.47,3.53,3.351955,3.1794722E7,33,002596,20260417
920819.BJ,颖泰生物,3.43,0.5865102639296192,3.58,3.5,2.28571429,3.61,3.47,5278/5521,3.5,3.61,3.47,3.58,4,9584766,151,920819,20260417
002081.SZ,金螳螂,5.9,10.074626865671641,3.71,3.45,10.08902077,3.71,3.45,5280/5521,3.45,3.71,3.45,3.71,7.715133,7.3296749E7,33,002081,20260417
600831.SH,广电网络,3.86,-0.5154639175257737,3.5,3.55,-1.96078431,3.56,3.45,5280/5521,3.55,3.56,3.45,3.5,3.081232,1.36996E7,17,600831,20260417
600248.SH,陕建股份,3.48,-1.4164305949008449,3.47,3.45,0.87209302,3.49,3.44,5282/5521,3.45,3.49,3.44,3.47,1.453488,1.4061506E7,17,600248,20260417
000820.SZ,*ST节能,3.75,-3.1007751937984525,3.49,3.47,0.86705202,3.54,3.43,5283/5521,3.47,3.54,3.43,3.49,3.17919,5676920,33,000820,20260417
002640.SZ,跨境通,3.65,9.939759036144581,3.48,3.5,-0.85470085,3.51,3.43,5283/5521,3.5,3.51,3.43,3.48,2.279202,3.5875898E7,33,002640,20260417
300081.SZ,ST恒信,4.14,0.24213075060532172,3.45,3.51,-2.26628895,3.54,3.43,5283/5521,3.51,3.54,3.43,3.45,3.116147,3.299642E7,33,300081,20260417
000629.SZ,钒钛股份,3.64,-1.3550135501354965,3.51,3.43,2.03488372,3.53,3.42,5286/5521,3.43,3.53,3.42,3.51,3.197674,1.22231822E8,33,000629,20260417
002489.SZ,浙江永强,3.25,-2.6946107784431095,3.44,3.45,-0.57803468,3.46,3.42,5286/5521,3.45,3.46,3.42,3.44,1.156069,1.5528632E7,33,002489,20260417
002526.SZ,山东矿机,3.31,-1.1940298507462697,3.45,3.47,-0.86206897,3.48,3.42,5286/5521,3.47,3.48,3.42,3.45,1.724137,2.0148369E7,33,002526,20260417
002535.SZ,林州重机,3.53,-0.8426966292134901,3.45,3.49,-1.42857143,3.5,3.42,5286/5521,3.49,3.5,3.42,3.45,2.285714,1.071708E7,33,002535,20260417
600227.SH,赤天化,4.09,-2.8503562945368195,3.46,3.59,-3.88888889,3.64,3.42,5286/5521,3.59,3.64,3.42,3.46,6.111111,1.184766E8,17,600227,20260417
920370.BJ,新安洁,3.43,0.5865102639296192,3.56,3.47,2.59365994,3.61,3.42,5286/5521,3.47,3.61,3.42,3.56,5.475504,4532858,151,920370,20260417
000055.SZ,方大集团,3.65,0.27472527472526886,3.44,3.51,-2.27272727,3.52,3.41,5292/5521,3.51,3.52,3.41,3.44,3.125,1.0697901E7,33,000055,20260417
002589.SZ,瑞康医药,3.18,-2.153846153846149,3.43,3.61,-5.76923077,3.63,3.41,5292/5521,3.61,3.63,3.41,3.43,6.043956,2.41839926E8,33,002589,20260417
600734.SH,*ST实达,2.23,-5.106382978723409,3.41,3.41,-10.02638522,3.41,3.41,5292/5521,3.41,3.41,3.41,3.41,0,2.67182E7,22,600734,20260417
002356.SZ,赫美集团,3.3,-0.3021148036253846,3.45,3.46,-0.57636888,3.48,3.4,5295/5521,3.46,3.48,3.4,3.45,2.305475,2.73954E7,33,002356,20260417
600844.SH,金煤科技,3.73,4.1899441340782095,3.44,3.55,-2.82485876,3.56,3.4,5295/5521,3.55,3.56,3.4,3.44,4.519774,6.4232075E7,17,600844,20260417
600166.SH,福田汽车,3.53,-4.594594594594604,3.45,3.41,1.17302053,3.53,3.39,5297/5521,3.41,3.53,3.39,3.45,4.105571,3.20848798E8,17,600166,20260417
600337.SH,美克家居,2.89,0.0,3.43,3.4,-0.57971014,3.6,3.38,5298/5521,3.4,3.6,3.38,3.43,6.376811,9.8019153E7,17,600337,20260417
000615.SZ,*ST美谷,3.33,-0.892857142857137,3.4,3.41,-0.29325513,3.46,3.37,5299/5521,3.41,3.46,3.37,3.4,2.639296,5939960,33,000615,20260417
002726.SZ,ST龙大,2.86,-4.983388704318934,3.49,3.62,-3.59116022,3.66,3.37,5299/5521,3.62,3.66,3.37,3.49,8.011049,1.16318839E8,33,002726,20260417
002551.SZ,尚荣医疗,3.58,0.28011204481793367,3.4,3.47,-2.29885057,3.47,3.36,5301/5521,3.47,3.47,3.36,3.4,3.160919,1.550584E7,33,002551,20260417
000563.SZ,陕国投A,3.26,-0.3058103975535239,3.36,3.39,-0.88495575,3.4,3.35,5302/5521,3.33,3.34,3.29,3.3,1.474926,3.6899028E7,33,000563,20260417
300159.SZ,*ST新研,3.37,-1.1730205278592385,3.38,3.44,-0.8797654,3.46,3.34,5303/5521,3.44,3.46,3.34,3.38,3.519061,4.4944627E7,33,300159,20260417
603818.SH,曲美家居,3.7,4.8158640226628995,3.36,3.45,-2.3255814,3.45,3.34,5303/5521,3.45,3.45,3.34,3.36,3.197674,1.30483E7,17,603818,20260417
002303.SZ,美盈森,3.4,0.29498525073745685,3.34,3.36,-0.89020772,3.37,3.33,5305/5521,3.36,3.37,3.33,3.34,1.186943,1.5516464E7,33,002303,20260417
002822.SZ,ST中装,3.2,-1.538461538461533,3.36,3.41,-1.17647059,3.43,3.33,5305/5521,3.41,3.43,3.33,3.36,2.941176,1.2148985E7,33,002822,20260417
002445.SZ,中南文化,3.64,-4.712041884816746,3.38,3.4,-1.16959064,3.41,3.32,5307/5521,3.4,3.41,3.32,3.38,2.631578,1.01654012E8,33,002445,20260417
000813.SZ,德展健康,3.64,0.5524861878453043,3.38,3.43,-1.74418605,3.43,3.31,5308/5521,3.43,3.43,3.31,3.38,3.488372,4.31941E7,33,000813,20260417
002157.SZ,正邦科技,3.47,5.151515151515163,3.34,3.41,-2.33918129,3.44,3.31,5308/5521,3.41,3.44,3.31,3.34,3.801169,3.05942014E8,33,002157,20260417
600868.SH,梅雁吉祥,3.41,1.1869436201780426,3.4,3.44,-1.73410405,3.44,3.3,5310/5521,3.44,3.44,3.3,3.4,4.046242,9.9512678E7,17,600868,20260417
002133.SZ,广宇集团,3.47,2.058823529411773,3.24,3.32,-2.40963855,3.34,3.24,5311/5521,3.32,3.34,3.24,3.24,3.012048,1.82274E7,33,002133,20260417
002377.SZ,国创高新,3.59,-2.710027100271005,3.38,3.36,0.5952381,3.42,3.24,5311/5521,3.36,3.42,3.24,3.38,5.357142,3.0421601E7,33,002377,20260417
601228.SH,广州港,3.24,-0.6134969325153243,3.25,3.26,-0.30674847,3.27,3.24,5311/5521,3.26,3.27,3.24,3.25,0.920245,1.9846734E7,17,601228,20260417
000068.SZ,华控赛格,3.28,0.0,3.24,3.31,-2.11480363,3.32,3.23,5314/5521,3.31,3.32,3.23,3.24,2.719033,1.08527E7,33,000068,20260417
600208.SH,衢州发展,4.55,9.903381642512082,3.58,3.24,10.15384615,3.58,3.23,5314/5521,3.24,3.58,3.23,3.58,10.76923,1.59374803E8,17,600208,20260417
601188.SH,龙江交通,3.36,0.2985074626865608,3.24,3.28,-1.2195122,3.29,3.23,5314/5521,3.28,3.29,3.23,3.24,1.829268,1.4095764E7,17,601188,20260417
600448.SH,华纺股份,3.59,2.571428571428567,3.25,3.27,-0.6116208,3.3,3.21,5317/5521,3.27,3.3,3.21,3.25,2.752293,1.472108E7,17,600448,20260417
300185.SZ,通裕重工,3.17,0.3164556962025249,3.29,3.21,2.17391304,3.31,3.2,5318/5521,3.21,3.31,3.2,3.29,3.416149,2.27512319E8,33,300185,20260417
000816.SZ,智慧农业,3.23,0.6230529595015581,3.22,3.24,-0.92307692,3.25,3.19,5319/5521,3.24,3.25,3.19,3.22,1.846153,2.67161E7,33,000816,20260417
002425.SZ,凯撒文化,3.56,-0.28011204481792124,3.24,3.31,-2.11480363,3.31,3.19,5319/5521,3.31,3.31,3.19,3.24,3.625377,2.2232E7,33,002425,20260417
000631.SZ,顺发恒能,3.21,-0.31055900621118726,3.2,3.27,-1.8404908,3.27,3.18,5321/5521,3.27,3.27,3.18,3.2,2.760736,1.99732E7,33,000631,20260417
002390.SZ,信邦制药,3.37,2.12121212121213,3.2,3.31,-3.32326284,3.31,3.18,5321/5521,3.31,3.31,3.18,3.2,3.927492,4.2096082E7,33,002390,20260417
000523.SZ,红棉股份,3.45,0.5830903790087468,3.22,3.23,-0.30959752,3.23,3.17,5323/5521,3.23,3.23,3.17,3.22,1.857585,2.0526841E7,33,000523,20260417
600180.SH,*ST瑞茂,2.91,-4.901960784313722,3.22,3.28,-2.12765957,3.28,3.17,5323/5521,3.28,3.28,3.17,3.22,3.343465,1.4164483E7,22,600180,20260417
601818.SH,光大银行,3.12,-1.2658227848101276,3.18,3.2,-0.625,3.2,3.17,5323/5521,3.2,3.2,3.17,3.18,0.9375,2.04965591E8,17,601818,20260417
000016.SZ,*ST康佳A,3.24,-4.985337243401757,3.18,3.28,-3.34346505,3.28,3.16,5326/5521,3.28,3.28,3.16,3.18,3.647416,4.5903962E7,33,000016,20260417
002374.SZ,中锐股份,3.22,-0.30959752321980766,3.18,3.22,-1.24223602,3.22,3.16,5326/5521,3.22,3.22,3.16,3.18,1.863354,1.46823E7,33,002374,20260417
300110.SZ,华仁药业,3.15,0.0,3.17,3.35,-5.37313433,3.36,3.16,5326/5521,3.35,3.36,3.16,3.17,5.970149,5.14791E7,33,300110,20260417
600617.SH,国新能源,3.59,2.8653295128939726,3.19,3.24,-1.54320988,3.25,3.16,5326/5521,3.24,3.25,3.16,3.19,2.777777,3.4397757E7,17,600617,20260417
600665.SH,天地源,3.6,1.6949152542372896,3.23,3.25,-0.30864198,3.26,3.16,5326/5521,3.25,3.26,3.16,3.23,3.086419,1.082906E7,17,600665,20260417
600293.SH,三峡新材,3.16,-0.3154574132492046,3.18,3.19,-0.93457944,3.22,3.15,5331/5521,3.19,3.22,3.15,3.18,2.180685,1.89918E7,17,600293,20260417
601011.SH,宝泰隆,3.14,-0.946372239747628,3.15,3.22,-2.47678019,3.23,3.14,5332/5521,3.22,3.23,3.14,3.15,2.786377,3.8141402E7,17,601011,20260417
000839.SZ,国安股份,2.97,0.0,3.18,3.2,-1.24223602,3.21,3.13,5333/5521,3.2,3.21,3.13,3.18,2.484472,5.7855E7,33,000839,20260417
600708.SH,光明地产,3.8,1.6042780748662997,3.29,3.36,-2.08333333,3.41,3.11,5334/5521,3.36,3.41,3.11,3.29,8.928571,4.1033553E7,17,600708,20260417
300094.SZ,国联水产,3.17,4.96688741721854,3.12,3.16,-0.95238095,3.19,3.1,5335/5521,3.16,3.19,3.1,3.12,2.857142,2.938814E7,33,300094,20260417
002656.SZ,*ST摩登,3.22,-0.30959752321980766,3.14,3.1,1.29032258,3.18,3.09,5336/5521,3.1,3.18,3.09,3.14,2.903225,8617760,33,002656,20260417
600408.SH,安泰集团,3.3,-1.197604790419163,3.13,3.16,-1.88087774,3.19,3.09,5336/5521,3.16,3.19,3.09,3.13,3.134796,3.8176001E7,17,600408,20260417
002285.SZ,世联行,3.12,3.654485049833898,3.19,3.12,2.57234727,3.42,3.08,5338/5521,3.12,3.42,3.08,3.19,10.932475,1.62335883E8,33,002285,20260417
600691.SH,潞化科技,3.35,-0.8875739644970356,3.11,3.16,-1.26984127,3.2,3.08,5338/5521,3.16,3.2,3.08,3.11,3.809523,4.5189802E7,17,600691,20260417
600280.SH,中央商场,3.18,2.2508038585209094,3.12,3.12,-0.63694268,3.16,3.07,5340/5521,3.12,3.16,3.07,3.12,2.866242,1.9250903E7,17,600280,20260417
600657.SH,信达地产,3.11,1.3029315960912065,3.12,3.12,0.32154341,3.18,3.07,5340/5521,3.12,3.18,3.07,3.12,3.536977,2.1054369E7,17,600657,20260417
300091.SZ,*ST金灵,3.26,2.839116719242898,3.08,3.09,-0.64516129,3.11,3.05,5342/5521,3.09,3.11,3.05,3.08,1.935483,1.5953028E7,33,300091,20260417
600365.SH,ST通葡,3.09,0.32467532467531773,3.08,3.13,-1.59744409,3.13,3.05,5342/5521,3.13,3.13,3.05,3.08,2.55591,4121800,22,600365,20260417
600477.SH,杭萧钢构,3.02,-0.33003300330032304,3.08,3.14,-2.22222222,3.17,3.04,5344/5521,3.14,3.17,3.04,3.08,4.126984,6.4772006E7,17,600477,20260417
002547.SZ,*ST春兴,3.02,-5.031446540880507,3.44,3.09,9.90415335,3.44,3.03,5345/5521,3.09,3.44,3.03,3.44,13.099041,1.13004406E8,33,002547,20260417
600008.SH,首创环保,3.06,0.327868852459024,3.04,3.06,-0.32786885,3.06,3.03,5345/5521,3.06,3.06,3.03,3.04,0.983606,4.5220552E7,17,600008,20260417
601333.SH,广深铁路,3.22,5.228758169934645,3.04,3.07,-0.9771987,3.07,3.03,5345/5521,3.07,3.07,3.03,3.04,1.302931,3.94931E7,17,601333,20260417
920023.BJ,*ST田野,2.65,2.3166023166023186,3.19,3.11,2.90322581,3.25,3.03,5345/5521,3.11,3.25,3.03,3.19,7.096774,1.2470663E7,151,920023,20260417
002239.SZ,奥特佳,2.89,-0.3448275862068892,3.05,3.06,-0.6514658,3.07,3.02,5349/5521,3.06,3.07,3.02,3.05,1.628664,5.2686016E7,33,002239,20260417
600159.SH,大龙地产,3.33,2.461538461538464,3.01,3.06,-1.95439739,3.09,3.01,5350/5521,3.06,3.09,3.01,3.01,2.605863,2.2526802E7,17,600159,20260417
600303.SH,曙光股份,3.31,0.6079027355623106,3.04,3.07,-1.2987013,3.09,3.01,5350/5521,3.07,3.09,3.01,3.04,2.597402,1.51473E7,17,600303,20260417
601916.SH,浙商银行,2.97,0.33783783783784566,3.02,3.02,0,3.03,3.01,5350/5521,3.02,3.03,3.01,3.02,0.662251,7.2369463E7,17,601916,20260417
000545.SZ,金浦钛业,3.02,-0.33003300330032304,3.04,3.04,0,3.09,3,5353/5521,3.04,3.09,3,3.04,2.960526,4.2216507E7,33,000545,20260417
000761.SZ,本钢板材,2.95,-2.6402640264026283,3.02,3.05,-1.30718954,3.07,2.99,5354/5521,3.05,3.07,2.99,3.02,2.614379,1.2784891E7,33,000761,20260417
002721.SZ,金一文化,3.07,4.42176870748299,3.01,3.14,-2.90322581,3.15,2.99,5354/5521,3.14,3.15,2.99,3.01,5.16129,7.1028136E7,33,002721,20260417
603077.SH,和邦生物,2.96,-2.6315789473684235,3.12,3,4,3.15,2.99,5354/5521,3,3.15,2.99,3.12,5.333333,3.8280339E8,17,603077,20260417
002021.SZ,中捷资源,3.18,6.000000000000004,3.01,3.03,-1.31147541,3.04,2.98,5357/5521,3.03,3.04,2.98,3.01,1.967213,2.7396709E7,33,002021,20260417
002958.SZ,青农商行,3.04,-0.9771986970683976,2.99,2.99,0,3,2.98,5357/5521,2.99,3,2.98,2.99,0.668896,3.3661213E7,33,002958,20260417
000518.SZ,*ST四环,2.91,1.0416666666666754,3.03,3.14,-3.19488818,3.18,2.97,5359/5521,3.14,3.18,2.97,3.03,6.709265,4.0761381E7,33,000518,20260417
601618.SH,中国中冶,2.93,-1.013513513513507,2.98,2.99,-0.33444816,3,2.97,5359/5521,2.99,3,2.97,2.98,1.003344,9.2307229E7,17,601618,20260417
600017.SH,日照港,2.96,-1.0033444816053594,2.98,2.98,0,2.98,2.96,5361/5521,2.98,2.98,2.96,2.98,0.67114,2.2088413E7,17,600017,20260417
600193.SH,*ST创兴,2.17,0.0,2.95,3.17,-4.83870968,3.19,2.95,5362/5521,3.17,3.19,2.95,2.95,7.741935,1.66643E7,22,600193,20260417
600581.SH,*ST八钢,2.82,1.0752688172042941,3.03,3.02,2.36486486,3.07,2.95,5362/5521,3.02,3.07,2.95,3.03,4.054054,5.096372E7,22,600581,20260417
000560.SZ,我爱我家,2.97,1.0204081632653146,3.0,2.98,1.35135135,3.09,2.94,5364/5521,2.98,3.09,2.94,3.0,5.067567,1.38981823E8,33,000560,20260417
002122.SZ,ST汇洲,2.98,-0.33444816053512477,2.97,2.99,-1,3,2.94,5364/5521,2.99,3,2.94,2.97,2,1.71613E7,33,002122,20260417
601718.SH,际华集团,2.93,0.0,2.94,2.97,-1.34228188,2.98,2.92,5366/5521,2.97,2.98,2.92,2.94,2.013422,3.7172758E7,17,601718,20260417
601929.SH,吉视传媒,2.91,0.6920415224913501,2.98,2.96,0.33670034,3.02,2.92,5366/5521,2.96,3.02,2.92,2.98,3.367003,8.4812348E7,17,601929,20260417
002310.SZ,东方新能,3.06,-4.075235109717865,2.92,2.97,-2.34113712,3.02,2.91,5368/5521,2.97,3.02,2.91,2.92,3.678929,1.844643E8,33,002310,20260417
000927.SZ,中国铁物,2.81,-1.0563380281690073,2.9,2.98,-3.01003344,2.98,2.89,5369/5521,2.98,2.98,2.89,2.9,3.010033,1.28548401E8,33,000927,20260417
600807.SH,济高发展,3.13,2.2875816993463998,2.94,2.99,-2,3,2.89,5369/5521,2.99,3,2.89,2.94,3.666666,1.98743E7,17,600807,20260417
600981.SH,苏豪汇鸿,2.85,-0.3496503496503422,2.94,2.96,-0.67567568,2.96,2.88,5371/5521,2.96,2.96,2.88,2.94,2.702702,1.90366E7,17,600981,20260417
000031.SZ,大悦城,3.06,3.0303030303030254,2.92,2.9,0.68965517,2.99,2.87,5372/5521,2.9,2.99,2.87,2.92,4.137931,3.31656E7,33,000031,20260417
600939.SH,重庆建工,3.05,2.693602693602681,2.88,2.92,-1.03092784,2.92,2.87,5372/5521,2.92,2.92,2.87,2.88,1.718213,8682770,17,600939,20260417
600568.SH,ST中珠,2.66,-2.2058823529411784,2.95,2.87,2.07612457,2.96,2.86,5374/5521,2.87,2.96,2.86,2.95,3.460207,1.5240316E7,22,600568,20260417
601868.SH,中国能建,2.83,-0.7017543859649129,2.91,2.87,1.04166667,2.98,2.86,5374/5521,2.87,2.98,2.86,2.91,4.166666,7.77878275E8,17,601868,20260417
000620.SZ,盈新发展,2.8,-0.3558718861210047,2.86,2.88,-1.03806228,2.92,2.85,5376/5521,2.88,2.92,2.85,2.86,2.422145,1.68641202E8,33,000620,20260417
002005.SZ,ST德豪,2.89,-1.0273972602739658,2.9,2.89,0.34602076,2.91,2.85,5376/5521,2.89,2.91,2.85,2.9,2.076124,7705200,33,002005,20260417
600010.SH,包钢股份,2.7,-2.173913043478247,2.86,2.86,-0.69444444,2.9,2.85,5376/5521,2.86,2.9,2.85,2.86,1.736111,7.02690139E8,17,600010,20260417
600082.SH,ST海泰,3.34,0.0,2.91,2.91,-3,2.94,2.85,5376/5521,2.91,2.94,2.85,2.91,3,9.4298857E7,22,600082,20260417
002102.SZ,ST能特,2.65,-5.01792114695341,2.87,2.9,-1.03448276,2.9,2.83,5380/5521,2.9,2.9,2.83,2.87,2.413793,3.84058E7,33,002102,20260417
600688.SH,上海石化,3.11,6.872852233676966,2.82,2.87,-1.74216028,2.87,2.82,5381/5521,2.87,2.87,2.82,2.82,1.74216,3.4123951E7,17,600688,20260417
002124.SZ,天邦食品,2.61,-1.5094339622641524,3.08,2.81,5.11945392,3.19,2.81,5382/5521,2.81,3.19,2.81,3.08,12.969283,4.3792206E8,33,002124,20260417
002421.SZ,达实智能,2.9,3.9426523297490994,2.87,2.87,-1.03448276,2.97,2.81,5382/5521,2.87,2.97,2.81,2.87,5.517241,1.8086378E8,33,002421,20260417
002486.SZ,嘉麟杰,2.91,-1.6891891891891833,2.84,2.87,-1.04529617,2.89,2.81,5382/5521,2.87,2.89,2.81,2.84,2.787456,1.85875E7,33,002486,20260417
600383.SH,金地集团,2.9,1.04529616724738,2.84,2.82,1.06761566,2.9,2.8,5385/5521,2.82,2.9,2.8,2.84,3.558718,8.3562401E7,17,600383,20260417
601518.SH,吉林高速,2.93,-1.013513513513507,2.8,2.81,-0.70921986,2.82,2.8,5385/5521,2.81,2.82,2.8,2.8,0.709219,1.074024E7,17,601518,20260417
000402.SZ,金融街,3.17,10.069444444444446,2.81,2.82,-1.05633803,2.94,2.79,5387/5521,2.82,2.94,2.79,2.81,5.28169,8.9167004E7,33,000402,20260417
000797.SZ,中国武夷,2.9,3.9426523297490994,2.78,2.8,-0.71428571,2.83,2.78,5388/5521,2.8,2.83,2.78,2.78,1.785714,2.1719719E7,33,000797,20260417
002247.SZ,聚力文化,2.88,-0.3460207612456827,2.79,2.83,-1.41342756,2.85,2.78,5388/5521,2.83,2.85,2.78,2.79,2.473498,1.82948E7,33,002247,20260417
600381.SH,*ST春天,3.59,4.970760233918127,2.81,2.78,-4.09556314,2.9,2.78,5388/5521,2.78,2.9,2.78,2.81,4.095563,1.3671826E7,22,600381,20260417
000793.SZ,*ST华闻,2.73,-0.727272727272728,2.81,2.88,-2.43055556,2.88,2.76,5391/5521,2.88,2.88,2.76,2.81,4.166666,5.0382098E7,33,000793,20260417
002127.SZ,南极电商,3.03,0.0,2.78,2.81,-1.06761566,2.81,2.75,5392/5521,2.81,2.81,2.75,2.78,2.135231,1.6552399E7,33,002127,20260417
002694.SZ,*ST顾地,2.88,-4.950495049504948,2.79,3,-5.42372881,3,2.75,5392/5521,3,3,2.75,2.79,8.474576,2.09314E7,33,002694,20260417
002470.SZ,金正大,2.83,-3.7414965986394515,2.75,2.84,-1.78571429,2.86,2.74,5394/5521,2.84,2.86,2.74,2.75,4.285714,1.669367E8,33,002470,20260417
600170.SH,上海建工,2.7,1.123595505617987,2.73,2.75,-0.3649635,2.76,2.71,5395/5521,2.75,2.76,2.71,2.73,1.824817,1.31458886E8,17,600170,20260417
601866.SH,中远海发,2.66,-1.4814814814814827,2.72,2.79,-2.15827338,2.79,2.71,5395/5521,2.79,2.79,2.71,2.72,2.877697,1.05883187E8,17,601866,20260417
000727.SZ,冠捷科技,2.65,-0.3759398496240688,2.72,2.73,-0.36630037,2.74,2.7,5397/5521,2.73,2.74,2.7,2.72,1.465201,8.0801502E7,33,000727,20260417
000008.SZ,神州高铁,2.69,-0.3703703703703789,2.71,2.69,0.37037037,2.72,2.68,5398/5521,2.69,2.72,2.68,2.71,1.481481,5.646795E7,33,000008,20260417
600423.SH,*ST柳化,3.09,0.6514657980456032,2.71,2.89,-4.57746479,2.96,2.68,5398/5521,2.89,2.96,2.68,2.71,9.859154,6.3672901E7,22,600423,20260417
000552.SZ,甘肃能化,2.88,-1.7064846416382342,2.66,3.03,-3.27272727,3.03,2.66,5400/5521,3.03,3.03,2.66,2.66,13.454545,2.5851827E8,33,000552,20260417
601860.SH,紫金银行,2.69,-0.3703703703703789,2.67,2.68,-0.37313433,2.69,2.66,5400/5521,2.68,2.69,2.66,2.67,1.119402,2.7513116E7,17,601860,20260417
002314.SZ,南山控股,2.52,2.024291497975701,2.71,2.68,3.0418251,2.87,2.65,5402/5521,2.68,2.87,2.65,2.71,8.365019,1.29852684E8,33,002314,20260417
600527.SH,江南高纤,2.95,4.609929078014197,2.69,2.69,-1.82481752,2.75,2.65,5402/5521,2.69,2.75,2.65,2.69,3.649635,1.4859672E8,17,600527,20260417
600675.SH,中华企业,2.58,0.7812500000000007,2.67,2.68,0.75471698,2.7,2.64,5404/5521,2.68,2.7,2.64,2.67,2.26415,3.0119094E7,17,600675,20260417
600871.SH,石化油服,2.72,0.7407407407407414,2.65,2.69,-1.85185185,2.7,2.63,5405/5521,2.69,2.7,2.63,2.65,2.592592,1.35870936E8,17,600871,20260417
000488.SZ,ST晨鸣,2.57,-1.9083969465648956,2.63,2.68,-2.59259259,2.69,2.61,5406/5521,2.68,2.69,2.61,2.63,2.962962,2.0293602E7,33,000488,20260417
600935.SH,华塑股份,2.67,-0.3731343283582175,2.63,2.62,0,2.64,2.6,5407/5521,2.62,2.64,2.6,2.63,1.520912,2.2680611E7,17,600935,20260417
600622.SH,光大嘉宝,2.67,2.2988505747126458,2.61,2.61,0,2.66,2.59,5408/5521,2.61,2.66,2.59,2.61,2.681992,1.997207E7,17,600622,20260417
000785.SZ,居然智家,2.58,-1.5267175572519096,2.63,2.63,0,2.63,2.58,5409/5521,2.63,2.63,2.58,2.63,1.90114,7.9457718E7,33,000785,20260417
002607.SZ,中公教育,2.65,3.112840466926073,2.6,2.65,-1.88679245,2.66,2.58,5409/5521,2.65,2.66,2.58,2.6,3.018867,1.05791687E8,33,002607,20260417
300198.SZ,*ST纳川,2.55,1.5936254980079696,2.58,2.62,-1.90114068,2.63,2.56,5411/5521,2.62,2.63,2.56,2.58,2.661596,9807200,33,300198,20260417
600743.SH,华远控股,2.47,2.9166666666666785,2.69,2.56,1.50943396,2.79,2.56,5411/5521,2.56,2.79,2.56,2.69,8.679245,3.11108859E8,17,600743,20260417
600117.SH,西宁特钢,2.61,0.7722007722007729,2.57,2.56,0,2.58,2.55,5413/5521,2.56,2.58,2.55,2.57,1.167315,8214300,17,600117,20260417
002175.SZ,*ST东智,2.75,-4.84429065743945,2.57,2.66,-4.10447761,2.66,2.53,5414/5521,2.66,2.66,2.53,2.57,4.850746,6.9326344E7,33,002175,20260417
002431.SZ,ST棕榈,2.08,-5.022831050228305,2.57,2.59,-1.15384615,2.6,2.53,5414/5521,2.59,2.6,2.53,2.57,2.692307,4.0729951E7,33,002431,20260417
600816.SH,建元信托,2.94,6.5217391304347885,2.54,2.55,-0.78125,2.56,2.52,5416/5521,2.55,2.56,2.52,2.54,1.5625,2.6986E7,17,600816,20260417
000903.SZ,ST云动,2.19,-3.524229074889871,2.54,2.55,-0.39215686,2.56,2.51,5417/5521,2.55,2.56,2.51,2.54,1.960784,1.7921002E7,33,000903,20260417
002210.SZ,飞马国际,2.98,-9.969788519637465,2.56,2.59,-0.7751938,2.59,2.51,5417/5521,2.59,2.59,2.51,2.56,3.100775,5.33408E7,33,002210,20260417
002495.SZ,佳隆股份,2.72,-0.3663003663003585,2.52,2.59,-2.3255814,2.59,2.5,5419/5521,2.59,2.59,2.5,2.52,3.488372,2.3862933E7,33,002495,20260417
300370.SZ,安控科技,2.58,0.0,2.51,2.55,-1.56862745,2.56,2.5,5419/5521,2.55,2.56,2.5,2.51,2.352941,1.77223E7,33,300370,20260417
600252.SH,中恒集团,2.46,-1.6000000000000014,2.51,2.58,-2.71317829,2.58,2.5,5419/5521,2.58,2.58,2.5,2.51,3.100775,5.2015544E7,17,600252,20260417
600439.SH,瑞贝卡,2.62,0.0,2.53,2.58,-1.9379845,2.58,2.5,5419/5521,2.58,2.58,2.5,2.53,3.100775,2.2209479E7,17,600439,20260417
600512.SH,腾达建设,2.4,-1.234567901234578,2.52,2.55,-1.17647059,2.56,2.5,5419/5521,2.55,2.56,2.5,2.52,2.352941,4.3734074E7,17,600512,20260417
300477.SZ,ST合纵,2.76,12.653061224489779,2.5,2.52,-1.57480315,2.59,2.47,5424/5521,2.52,2.59,2.47,2.5,4.724409,3.7119586E7,33,300477,20260417
601996.SH,丰林集团,2.72,0.0,2.48,2.6,-4.61538462,2.61,2.47,5424/5521,2.6,2.61,2.47,2.48,5.384615,3.83194E7,17,601996,20260417
002622.SZ,皓宸医疗,2.8,1.449275362318842,2.47,2.53,-1.5936255,2.53,2.43,5426/5521,2.53,2.53,2.43,2.47,3.984063,2.46696E7,33,002622,20260417
000717.SZ,中南股份,2.48,-0.40160642570282046,2.43,2.46,-1.2195122,2.46,2.42,5427/5521,2.46,2.46,2.42,2.43,1.626016,1.441305E7,33,000717,20260417
002217.SZ,合力泰,2.89,-5.8631921824104145,2.68,2.43,9.83606557,2.68,2.41,5428/5521,2.43,2.68,2.41,2.68,11.065573,5.0393859E8,33,002217,20260417
600533.SH,栖霞建设,2.58,3.614457831325295,2.42,2.48,-2.0242915,2.49,2.41,5428/5521,2.48,2.49,2.41,2.42,3.238866,2.10398E7,17,600533,20260417
300266.SZ,兴源环境,2.43,-2.0161290322580574,2.41,2.45,-2.03252033,2.46,2.4,5430/5521,2.45,2.46,2.4,2.41,2.439024,1.9172595E7,33,300266,20260417
600322.SH,津投城开,2.73,10.080645161290322,2.41,2.42,0,2.46,2.39,5431/5521,2.42,2.46,2.39,2.41,2.904564,2.436977E7,17,600322,20260417
600370.SH,*ST三房,2.54,-4.8689138576778985,2.4,2.43,-1.2345679,2.44,2.39,5431/5521,2.43,2.44,2.39,2.4,2.057613,4.3983355E7,22,600370,20260417
601828.SH,美凯龙,2.67,2.692307692307686,2.4,2.42,-1.2345679,2.43,2.39,5431/5521,2.42,2.43,2.39,2.4,1.64609,1.5704606E7,17,601828,20260417
002306.SZ,*ST云网,2.39,-1.2396694214875952,2.41,2.41,0,2.42,2.38,5434/5521,2.41,2.42,2.38,2.41,1.659751,1.20151E7,33,002306,20260417
600169.SH,ST太重,2.39,-0.4166666666666578,2.4,2.41,0,2.41,2.38,5434/5521,2.41,2.41,2.38,2.4,1.25,1.23836E7,22,600169,20260417
600467.SH,好当家,2.45,2.510460251046027,2.4,2.43,-1.2345679,2.44,2.37,5436/5521,2.43,2.44,2.37,2.4,2.880658,3.42486E7,17,600467,20260417
688287.SH,*ST观典,0.93,0.0,2.35,2.35,,2.35,2.35,5437/5521,2.35,2.35,2.35,2.35,,,22,688287,20260417
300237.SZ,ST美晨,2.29,-0.43478260869564295,2.34,2.36,-1.26582278,2.36,2.32,5438/5521,2.36,2.36,2.32,2.34,1.687763,1.7670073E7,33,300237,20260417
600503.SH,华丽家族,2.57,1.984126984126977,2.35,2.4,-1.67364017,2.4,2.32,5438/5521,2.4,2.4,2.32,2.35,3.34728,3.0302686E7,17,600503,20260417
000709.SZ,河钢股份,2.33,-4.115226337448563,2.32,2.33,-0.42918455,2.34,2.31,5440/5521,2.33,2.34,2.31,2.32,1.287553,6.3332487E7,33,000709,20260417
000898.SZ,鞍钢股份,2.29,-1.716738197424894,2.33,2.33,-0.42735043,2.34,2.3,5441/5521,2.33,2.34,2.3,2.33,1.709401,2.6701113E7,33,000898,20260417
002305.SZ,*ST南置,2.23,-0.4464285714285817,2.33,2.36,-1.27118644,2.38,2.3,5441/5521,2.36,2.38,2.3,2.33,3.38983,3.3155263E7,33,002305,20260417
601010.SH,ST文峰,2.21,-5.150214592274683,2.43,2.36,2.96610169,2.46,2.3,5441/5521,2.36,2.46,2.3,2.43,6.779661,8.5568775E7,22,601010,20260417
603030.SH,全筑股份,2.65,9.958506224066381,2.33,2.38,-2.10084034,2.39,2.3,5441/5521,2.38,2.39,2.3,2.33,3.781512,2.03091E7,17,603030,20260417
002219.SZ,新里程,2.31,-1.2820512820512737,2.3,2.35,-2.9535865,2.36,2.28,5445/5521,2.35,2.36,2.28,2.3,3.375527,1.37548785E8,33,002219,20260417
600608.SH,*ST沪科,2.07,0.0,2.3,2.34,-3.36134454,2.36,2.26,5446/5521,2.34,2.36,2.26,2.3,4.20168,5331763,22,600608,20260417
688538.SH,和辉光电,2.26,0.0,2.28,2.27,0,2.29,2.26,5446/5521,2.27,2.29,2.26,2.28,1.315789,5.0119592E7,17,688538,20260417
600491.SH,龙元建设,1.99,0.0,2.26,2.41,-6.61157025,2.42,2.23,5448/5521,2.41,2.42,2.23,2.26,7.851239,8.2296247E7,17,600491,20260417
001227.SZ,兰州银行,2.23,-0.8888888888888897,2.23,2.24,-0.44642857,2.24,2.22,5449/5521,2.24,2.24,2.22,2.23,0.892857,2.9201155E7,33,001227,20260417
000069.SZ,华侨城A,2.26,0.444444444444435,2.23,2.22,0.45045045,2.25,2.2,5450/5521,2.22,2.25,2.2,2.23,2.252252,4.5237403E7,33,000069,20260417
002076.SZ,*ST星光,2.19,-4.36681222707424,2.18,2.18,-0.456621,2.21,2.17,5451/5521,2.18,2.21,2.17,2.18,1.826484,1.81127E7,33,002076,20260417
002663.SZ,普邦股份,2.21,4.739336492891,2.2,2.33,-4.34782609,2.33,2.17,5451/5521,2.33,2.33,2.17,2.2,6.956521,8.733435E7,33,002663,20260417
002321.SZ,华英农业,2.13,0.4716981132075371,2.19,2.22,-2.23214286,2.23,2.16,5453/5521,2.22,2.23,2.16,2.19,3.125,5.397322E7,33,002321,20260417
600569.SH,安阳钢铁,2.09,-3.6866359447004644,2.16,2.17,-1.36986301,2.19,2.14,5454/5521,2.17,2.19,2.14,2.16,2.283105,1.960654E7,17,600569,20260417
000639.SZ,ST西王,2.03,-5.140186915887865,2.14,2.23,-3.6036036,2.23,2.12,5455/5521,2.23,2.23,2.12,2.14,4.954954,7.953271E7,33,000639,20260417
000718.SZ,苏宁环球,2.19,1.8604651162790715,2.13,2.15,-0.46728972,2.18,2.12,5455/5521,2.15,2.18,2.12,2.13,2.803738,4.2228767E7,33,000718,20260417
000897.SZ,津滨发展,2.18,1.395348837209314,2.11,2.13,-0.93896714,2.14,2.1,5457/5521,2.13,2.14,2.1,2.11,1.877934,2.80006E7,33,000897,20260417
002630.SZ,*ST华西,1.99,-4.784688995215305,2.24,2.13,5.16431925,2.24,2.1,5457/5521,2.13,2.24,2.1,2.24,6.572769,7.4607443E7,33,002630,20260417
300152.SZ,*ST动力,2.0,12.35955056179775,2.1,2.15,-2.77777778,2.16,2.08,5459/5521,2.15,2.16,2.08,2.1,3.703703,2.7261435E7,33,300152,20260417
600231.SH,凌钢股份,2.17,-3.555555555555559,2.1,2.1,-0.47393365,2.11,2.08,5459/5521,2.1,2.11,2.08,2.1,1.4218,1.8785675E7,17,600231,20260417
600239.SH,ST云城,1.93,-4.9261083743842295,2.05,2.07,-0.96618357,2.09,2.04,5461/5521,2.07,2.09,2.04,2.05,2.415458,2.417511E7,22,600239,20260417
000926.SZ,福星股份,2.13,2.898550724637684,2.03,2.06,-0.97560976,2.07,2.02,5462/5521,2.06,2.07,2.02,2.03,2.439024,2.66127E7,33,000926,20260417
002086.SZ,东方海洋,2.05,0.9852216748768483,2.03,2.04,-0.97560976,2.05,2.02,5462/5521,2.04,2.05,2.02,2.03,1.463414,2.81725E7,33,002086,20260417
000980.SZ,众泰汽车,2.52,10.043668122270741,2.09,2.08,0.48076923,2.1,2,5464/5521,2.08,2.1,2,2.09,4.807692,1.35258252E8,33,000980,20260417
002323.SZ,*ST雅博,1.67,-5.113636363636368,2.06,2.07,-0.48309179,2.08,2,5464/5521,2.07,2.08,2,2.06,3.864734,1.06056548E8,33,002323,20260417
600400.SH,红豆股份,2.76,9.9601593625498,2.01,2.03,-0.98522167,2.03,2,5464/5521,2.03,2.03,2,2.01,1.477832,2.9394228E7,17,600400,20260417
002542.SZ,*ST中岩,1.75,-2.7777777777777803,2.05,2.08,0.98522167,2.1,1.98,5467/5521,2.08,2.1,1.98,2.05,5.91133,1.31892386E8,33,002542,20260417
600715.SH,文投控股,2.04,-0.48780487804877015,2.02,2,0.49751244,2.04,1.98,5467/5521,2,2.04,1.98,2.02,2.985074,3.28775E7,17,600715,20260417
002496.SZ,*ST辉丰,2.12,-1.3953488372092933,2.02,1.96,2.53807107,2.03,1.96,5469/5521,1.96,2.03,1.96,2.02,3.553299,3.363758E7,33,002496,20260417
000826.SZ,*ST启环,1.96,1.5544041450777217,1.94,1.95,-1.02040816,1.97,1.91,5470/5521,1.95,1.97,1.91,1.94,3.061224,3.7487762E7,33,000826,20260417
000517.SZ,荣安地产,2.02,1.0000000000000009,1.93,1.94,0,1.96,1.9,5471/5521,1.94,1.96,1.9,1.93,3.108808,2.09278E7,33,000517,20260417
000564.SZ,供销大集,1.75,0.5747126436781614,1.9,1.88,1.06382979,1.92,1.88,5472/5521,1.88,1.92,1.88,1.9,2.127659,2.13572327E8,33,000564,20260417
601588.SH,北辰实业,2.0,9.890109890109885,1.9,1.88,-2.06185567,1.97,1.88,5472/5521,1.88,1.97,1.88,1.9,4.639175,1.36285411E8,17,601588,20260417
300027.SZ,ST华谊,1.82,4.5977011494252915,2.09,2.02,0,2.26,1.87,5474/5521,2.02,2.26,1.87,2.09,18.660287,5.55994011E8,33,300027,20260417
600136.SH,ST明诚,1.79,0.0,1.84,1.83,0.54644809,1.87,1.82,5475/5521,1.83,1.87,1.82,1.84,2.73224,2.34964E7,22,600136,20260417
002936.SZ,郑州银行,1.83,-1.081081081081082,1.82,1.82,0,1.82,1.81,5476/5521,1.82,1.82,1.81,1.82,0.54945,3.0136925E7,33,002936,20260417
000056.SZ,*ST皇庭,1.74,-4.91803278688525,1.83,1.88,-2.13903743,1.88,1.8,5477/5521,1.88,1.88,1.8,1.83,4.278074,4.75017E7,33,000056,20260417
600187.SH,国中水务,1.84,0.0,1.81,1.84,-3.20855615,1.86,1.8,5477/5521,1.84,1.86,1.8,1.81,3.208556,3.3970848E7,17,600187,20260417
600162.SH,香江控股,1.89,4.999999999999992,1.8,1.81,-1.0989011,1.83,1.79,5479/5521,1.81,1.83,1.79,1.8,2.197802,3.7901198E7,17,600162,20260417
600307.SH,酒钢宏兴,1.77,-1.117318435754191,1.81,1.82,-1.09289617,1.83,1.79,5479/5521,1.82,1.83,1.79,1.81,2.185792,6.6020209E7,17,600307,20260417
000838.SZ,*ST发展,1.95,4.838709677419347,1.82,1.85,-1.62162162,1.87,1.76,5481/5521,1.85,1.87,1.76,1.82,5.945945,6.428645E7,33,000838,20260417
600653.SH,申华控股,1.84,0.5464480874316945,1.75,1.78,-1.1299435,1.78,1.74,5482/5521,1.78,1.78,1.74,1.75,2.259887,1.431366E7,17,600653,20260417
600518.SH,康美药业,1.71,-1.1560693641618507,1.75,1.76,-0.56818182,1.76,1.73,5483/5521,1.76,1.76,1.73,1.75,1.704545,1.52427864E8,17,600518,20260417
601992.SH,金隅集团,1.66,-2.3529411764705905,1.74,1.75,-0.57142857,1.76,1.73,5483/5521,1.75,1.76,1.73,1.74,1.714285,5.0244262E7,17,601992,20260417
600157.SH,永泰能源,1.77,-1.117318435754191,1.68,1.7,-1.17647059,1.71,1.67,5485/5521,1.7,1.71,1.67,1.68,2.352941,5.16831392E8,17,600157,20260417
002482.SZ,广田集团,1.71,0.5882352941176476,1.66,1.68,-1.19047619,1.68,1.66,5486/5521,1.68,1.68,1.66,1.66,1.190476,2.8141407E7,33,002482,20260417
300197.SZ,节能铁汉,1.69,1.8072289156626522,1.67,1.7,-2.33918129,1.7,1.66,5486/5521,1.7,1.7,1.66,1.67,2.339181,3.485255E7,33,300197,20260417
002501.SZ,*ST利源,1.48,-5.128205128205132,1.84,1.75,1.0989011,1.85,1.64,5488/5521,1.75,1.85,1.64,1.84,11.538461,2.253121E8,33,002501,20260417
002269.SZ,美邦服饰,1.7,6.918238993710684,1.64,1.65,-1.20481928,1.66,1.63,5489/5521,1.65,1.66,1.63,1.64,1.807228,3.94885E7,33,002269,20260417
000882.SZ,华联股份,1.65,1.226993865030676,1.63,1.65,-1.21212121,1.66,1.62,5490/5521,1.65,1.66,1.62,1.63,2.424242,5.157808E7,33,000882,20260417
002717.SZ,*ST岭南,1.37,-3.521126760563368,1.63,1.66,-1.80722892,1.66,1.62,5490/5521,1.66,1.66,1.62,1.63,2.409638,5.3295775E7,33,002717,20260417
601880.SH,辽港股份,1.64,-1.7964071856287442,1.63,1.64,0,1.64,1.62,5490/5521,1.64,1.64,1.62,1.63,1.226993,9.480448E7,17,601880,20260417
600881.SH,亚泰集团,1.56,-1.2658227848101276,1.57,1.59,-1.25786164,1.6,1.57,5493/5521,1.59,1.6,1.57,1.57,1.886792,2.2095287E7,17,600881,20260417
600567.SH,山鹰国际,1.45,-1.3605442176870761,1.53,1.54,-0.64935065,1.55,1.52,5494/5521,1.54,1.55,1.52,1.53,1.948051,5.761507E7,17,600567,20260417
600022.SH,山东钢铁,1.44,-1.3698630136986314,1.51,1.51,0,1.52,1.5,5495/5521,1.51,1.52,1.5,1.51,1.324503,6.3622007E7,17,600022,20260417
600606.SH,绿地控股,1.57,6.80272108843538,1.48,1.48,-0.67114094,1.5,1.47,5496/5521,1.48,1.5,1.47,1.48,2.013422,7.7263408E7,17,600606,20260417
600221.SH,海航控股,1.51,4.861111111111116,1.48,1.46,0.68027211,1.48,1.45,5497/5521,1.46,1.48,1.45,1.48,2.040816,2.90589636E8,17,600221,20260417
000656.SZ,*ST金科,1.4,0.0,1.46,1.43,2.0979021,1.49,1.42,5498/5521,1.43,1.49,1.42,1.46,4.895104,1.25665224E8,33,000656,20260417
601005.SH,重庆钢铁,1.4,-0.7092198581560291,1.41,1.41,0,1.42,1.4,5499/5521,1.41,1.42,1.4,1.41,1.418439,5.43947E7,17,601005,20260417
002146.SZ,荣盛发展,1.35,1.5037593984962419,1.37,1.38,-0.72463768,1.39,1.36,5500/5521,1.38,1.39,1.36,1.37,2.173913,7.7515151E7,33,002146,20260417
600340.SH,华夏幸福,1.28,0.0,1.34,1.35,-2.18978102,1.36,1.33,5501/5521,1.35,1.36,1.33,1.34,2.189781,9.230642E7,17,600340,20260417
002024.SZ,ST易购,1.34,1.5151515151515165,1.32,1.33,-1.49253731,1.34,1.31,5502/5521,1.33,1.34,1.31,1.32,2.238805,2.9062658E7,33,002024,20260417
600696.SH,*ST岩石,1.31,0.0,1.08,0.98,4.85436893,1.08,0.98,5503/5521,0.98,1.08,0.98,1.08,9.708737,1.227843E7,22,600696,20260417
000638.SZ,*ST万方,,,0.89,0.89,,0.89,0.89,5504/5521,0.89,0.89,0.89,0.89,,,33,000638,20260417
