股票代码,股票简称,最新价,chg_pct,p_close,p_open,涨跌幅:前复权[20260304],p_high,p_low,p_low,开盘价:前复权[20260304],最高价:前复权[20260304],最低价:前复权[20260304],收盘价:前复权[20260304],振幅[20260304],成交量[20260304],market_code,code,date
600519.SH,贵州茅台,1384.79,-1.1690230307528786,1401.18,1415,-1.75362329,1423,1392.09,1/5521,1415,1423,1392.09,1401.18,2.167312,4801443,17,600519,20260304
688256.SH,寒武纪,1699.96,20.00028236024932,1117.08,1122,-1.40947001,1158.01,1110,2/5521,1122,1158.01,1110,1117.08,4.237235,5898695,17,688256,20260304
688498.SH,源杰科技,1571.0,3.6963696369636962,886.55,865.12,1.32,908,832.16,3/5521,865.12,908,832.16,886.55,8.667428,3190320,17,688498,20260304
688027.SH,国盾量子,572.19,2.385212754536027,642.62,610,2.34921242,645.08,610,4/5521,610,645.08,610,642.62,5.587143,3214851,17,688027,20260304
688795.SH,摩尔线程,715.7,3.784802784222741,558.99,541,2.1172817,571,540.55,5/5521,541,571,540.55,558.99,5.562659,1814173,17,688795,20260304
300308.SZ,中际旭创,857.5,1.4792899408284024,539.0,554.02,-4.39872295,563.5,536.5,6/5521,553.02,562.5,535.5,538.0,4.788932,3.0742945E7,33,300308,20260304
688802.SH,沐曦股份,758.03,6.261915442413362,508.5,494.23,1.87522539,518.99,494.23,7/5521,494.23,518.99,494.23,508.5,4.960532,924719,17,688802,20260304
002371.SZ,北方华创,536.99,5.145777447083478,448.8,443.22,0.59171598,455.85,443,8/5521,443.22,455.85,443,448.8,2.880132,6347014,33,002371,20260304
300757.SZ,罗博特科,482.1,-1.2737549148099547,417.85,428.4,-3.96460584,442,413.33,9/5521,428.4,442,413.33,417.85,6.589289,8891555,33,300757,20260304
603444.SH,吉比特,406.61,-2.163137632338789,383.33,385.03,-1.00715337,389.99,382.18,10/5521,385.03,389.99,382.18,383.33,2.016889,1265554,17,603444,20260304
300502.SZ,新易盛,525.79,-2.0875232774674184,369.37,377.6,-3.35688121,383.88,366.65,11/5521,377.6,383.88,366.65,369.37,4.50811,3.2612232E7,33,300502,20260304
688072.SH,拓荆科技,445.0,5.034578799537371,380.0,379.48,0,387,365.76,12/5521,379.48,387,365.76,380.0,5.589473,5509840,17,688072,20260304
920045.BJ,蘅东光,551.02,-3.41793451588025,358.8,345.2,1.07042254,362.99,345.2,13/5521,345.2,362.99,345.2,358.8,5.011267,1055693,151,920045,20260304
300750.SZ,宁德时代,436.0,-2.0224719101123596,338.9,341.1,-1.50260121,342.02,334.2,14/5521,334.143,335.063,327.243,331.94,2.272793,2.5080441E7,33,300750,20260304
688012.SH,中微公司,376.3,4.597509450744947,332.74,329,-0.22788606,338.6,328.33,15/5521,329,338.6,328.33,332.74,3.07946,6746335,17,688012,20260304
300394.SZ,天孚通信,307.5,-1.1540068790382125,335.56,328.3,0.29890005,343.08,324,16/5521,328.3,343.08,324,335.56,5.703012,2.8805559E7,33,300394,20260304
688167.SH,炬光科技,357.98,2.4556382369776877,332.33,333.61,-0.53573566,340.88,324,16/5521,333.61,340.88,324,332.33,5.052077,5266425,17,688167,20260304
688502.SH,茂莱光学,474.5,-0.08422825858074906,322.46,325.03,-2.42972556,332.87,321.08,18/5521,325.03,332.87,321.08,322.46,3.56743,630218,17,688502,20260304
688809.SH,强一股份,423.25,3.8650306748466257,330.08,320.2,1.67883437,338.88,320.02,19/5521,320.2,338.88,320.02,330.08,5.809691,1692581,17,688809,20260304
300033.SZ,同花顺,235.0,0.6639537374170107,311.29,310.03,-1.02381482,317.32,308.78,20/5521,217.80714286,223.01428571,216.91428571,218.71,2.715334,6549798,33,300033,20260304
688785.SH,恒运昌,325.05,3.4861509073543417,306.56,308.02,-1.42765273,314.49,303,21/5521,308.02,314.49,303,306.56,3.694533,883706,17,688785,20260304
688111.SH,金山办公,251.94,1.075182540319348,281.33,285.6,-2.45145631,288.9,280.22,22/5521,285.6,288.9,280.22,281.33,3.009708,5953573,17,688111,20260304
301308.SZ,江波龙,401.12,-3.1812696113927124,301.99,280.15,14.8687714,306.75,280.15,23/5521,280.15,306.75,280.15,301.99,10.117915,2.6844715E7,33,301308,20260304
300476.SZ,胜宏科技,328.49,-1.6114056369245502,286.62,280.11,0.92253521,295.55,278,24/5521,278.1150623,293.5550623,276.0050623,284.63,6.179577,3.1592393E7,33,300476,20260304
301629.SZ,矽电股份,305.13,-1.1564625850340113,278.0,283.3,-3.31779926,291.95,275.6,25/5521,283.3,291.95,275.6,278.0,5.686165,1277388,33,301629,20260304
603986.SH,兆易创新,312.99,1.327333354915997,279.07,272.89,2.26464876,290,272.89,26/5521,272.89,290,272.89,279.07,6.269925,3.2691632E7,17,603986,20260304
002916.SZ,深南电路,312.5,-0.6390893771263206,267.9,269,-1.12566894,274.5,265.2,27/5521,269,274.5,265.2,267.9,3.432367,6451547,33,002916,20260304
688025.SH,杰普特,356.01,9.879629629629626,274.57,265.2,0.40590946,288,265.2,27/5521,265.2,288,265.2,274.57,8.337599,4993381,17,688025,20260304
688200.SH,华峰测控,349.5,4.315902578796555,265.37,266.98,-1.19517462,273.99,263.3,29/5521,266.98,273.99,263.3,265.37,3.980192,2091109,17,688200,20260304
688627.SH,精智达,293.03,1.7500607659988068,266.49,262.2,0.18421053,272.94,262.2,30/5521,262.2,272.94,262.2,266.49,4.037593,2591427,17,688627,20260304
300870.SZ,欧陆通,404.0,7.44966621452698,267.0,263.97,-0.56976874,272.09,259.5,31/5521,263.97,272.09,259.5,267.0,4.688489,5411388,33,300870,20260304
300751.SZ,迈为股份,238.88,7.914709071196233,261.79,257,-0.22106186,264.28,256,32/5521,257,264.28,256,261.79,3.155848,6515536,33,300751,20260304
603061.SH,金海通,254.85,0.8867424092474488,256.35,255.01,-1.25192604,262.79,253.88,33/5521,175.60689655,180.97241379,174.82758621,176.53,3.432203,1279000,17,603061,20260304
688019.SH,安集科技,250.2,2.147464685229032,247.5,250.53,-0.73396703,255.45,245.05,34/5521,250.53,255.45,245.05,247.5,4.171178,3130324,17,688019,20260304
688506.SH,百利天恒,272.74,0.64206642066421,243.1,246.05,-1.71026564,248,241.55,35/5521,246.05,248,241.55,243.1,2.607851,1505826,17,688506,20260304
300857.SZ,协创数据,259.7,-4.441255473378222,246.25,240.12,0.32593196,259.1,240.12,36/5521,171.27142857,184.82857143,171.27142857,175.65,7.732735,9846637,33,300857,20260304
001309.SZ,德明利,524.81,0.3595127454917476,251.57,240,10,251.57,238.68,37/5521,239.6,251.17,238.28,251.17,5.636204,1.956543E7,33,001309,20260304
688041.SH,海光信息,296.25,6.270402123614456,236.0,236.98,-2.0746888,243.88,233.77,38/5521,236.98,243.88,233.77,236.0,4.19502,1.8468291E7,17,688041,20260304
688766.SH,普冉股份,271.09,1.266342921180421,241.39,238.88,6.18951258,248.19,233.34,39/5521,238.88,248.19,233.34,241.39,6.532641,7856482,17,688766,20260304
688692.SH,达梦数据,263.73,2.5588178106163877,233.68,238,-1.93873269,240.36,232.88,40/5521,238,240.36,232.88,233.68,3.1389,896373,17,688692,20260304
301626.SZ,苏州天脉,279.16,3.638253638253642,247.02,240.24,2.54898705,251.77,230.02,41/5521,240.24,251.77,230.02,247.02,9.029392,4680302,33,301626,20260304
603129.SH,春风动力,274.73,-0.46014492753622527,232.22,232.95,-0.92580741,235.81,229.57,42/5521,232.95,235.81,229.57,232.22,2.662229,1426744,17,603129,20260304
605499.SH,东鹏饮料,203.84,-2.155234483751744,230.4,233.95,-1.94910205,234.93,229.1,43/5521,233.95,234.93,229.1,230.4,2.481062,2323963,17,605499,20260304
688235.SH,百济神州,234.8,-0.6389911556853247,231.26,234.47,-1.58730159,236.83,228.28,44/5521,234.47,236.83,228.28,231.26,3.638452,3028630,17,688235,20260304
688617.SH,惠泰医疗,237.87,-2.0143351458230296,230.09,235.17,-2.58679086,237.97,228.12,45/5521,235.17,237.97,228.12,230.09,4.170194,833788,17,688617,20260304
688521.SH,芯原股份,280.88,19.99829110949716,229.0,229.15,-3.70058873,240.75,225.92,46/5521,229.15,240.75,225.92,229.0,6.236333,2.0834395E7,17,688521,20260304
688125.SH,安达智能,212.69,-0.3793911007025772,230.88,240.1,-2.66852156,247,225.06,47/5521,240.1,247,225.06,230.88,9.249188,1122336,17,688125,20260304
601869.SH,长飞光纤,353.9,-4.485587822519704,228.27,226.87,-3.27542373,245.77,224,48/5521,226.87,245.77,224,228.27,9.224576,1.4035119E7,17,601869,20260304
688807.SH,优迅股份,355.0,-2.2577092511013186,221.51,220.18,-0.6948803,231.48,220.01,49/5521,220.18,231.48,220.01,221.51,5.142114,1785606,17,688807,20260304
688411.SH,海博思创,257.3,0.6611634912562097,222.11,226.2,-3.32535365,228.98,219,50/5521,226.2,228.98,219,222.11,4.343852,3729600,17,688411,20260304
002028.SZ,思源电气,195.0,-0.944833892106072,224.89,216.44,2.50227894,231.89,216.44,51/5521,216.44,231.89,216.44,224.89,7.041932,1.2048959E7,33,002028,20260304
688195.SH,腾景科技,332.0,2.5450951321966917,213.4,213.04,-3.12769531,220.15,209,52/5521,213.04,220.15,209,213.4,5.061509,5945908,17,688195,20260304
688017.SH,绿的谐波,224.12,4.237012231989216,211.2,208.91,0.77297452,214.88,208.91,53/5521,208.91,214.88,208.91,211.2,2.848554,5843272,17,688017,20260304
688775.SH,影石创新,192.86,0.8418300653594842,207.2,205,-1.49750416,209.91,204,54/5521,205,209.91,204,207.2,2.809603,1044005,17,688775,20260304
301345.SZ,涛涛车业,270.01,2.2339176858127208,198.17,201.98,-2.75296889,205.2,198.1,55/5521,200.48,203.7,196.6,196.67,3.484149,983599,33,301345,20260304
688037.SH,芯源微,232.11,13.224390243902446,203.87,203,-1.98557692,209.4,198.1,55/5521,203,209.4,198.1,203.87,5.432692,4119286,17,688037,20260304
301630.SZ,同宇新材,249.1,-3.3447151947850506,203.0,198.88,0.29148757,206.34,197.12,57/5521,198.88,206.34,197.12,203.0,4.55511,1414409,33,301630,20260304
688615.SH,合合信息,137.1,5.429098738849587,198.58,203.58,-2.55177152,205.3,197.03,58/5521,144.23571429,145.46428571,139.55714286,140.66,4.058298,3170846,17,688615,20260304
301489.SZ,思泉新材,229.56,5.554533750229913,197.28,199,-2.35596912,208.5,197,59/5521,199,208.5,197,197.28,5.691942,4715584,33,301489,20260304
300972.SZ,万辰集团,226.81,0.9839715048975993,192.85,197.92,-2.52224019,198.98,192.18,60/5521,197.92,198.98,192.18,192.85,3.43712,1531455,33,300972,20260304
301232.SZ,飞沃科技,217.72,7.782178217821782,194.1,191,3.02547771,203.88,187,61/5521,191,203.88,187,194.1,8.95966,4919132,33,301232,20260304
688031.SH,星环科技,132.0,0.8942903003898092,186.01,189.63,-4.1185567,197.93,185.05,62/5521,189.63,197.93,185.05,186.01,6.639175,6164567,17,688031,20260304
688702.SH,盛科通信,322.16,-1.7804878048780413,194.0,190.3,0.62240664,198,185,63/5521,190.3,198,185,194.0,6.742738,8339148,17,688702,20260304
301377.SZ,鼎泰高科,234.66,2.921052631578946,191.52,185.95,-0.68965517,194.88,184.28,64/5521,185.45,194.38,183.78,191.02,5.496499,3263732,33,301377,20260304
688608.SH,恒玄科技,169.63,-2.089466089466092,185.0,187,-2.00233076,190.67,183.9,65/5521,187,190.67,183.9,185.0,3.586184,2761104,17,688608,20260304
301486.SZ,致尚科技,217.3,-0.18373909049149162,189.15,185.91,-0.0792393,193.68,183.7,66/5521,185.91,193.68,183.7,189.15,5.272054,4583031,33,301486,20260304
301205.SZ,联特科技,235.4,-1.4732965009208028,190.09,183.93,-0.75184044,193.9,182.27,67/5521,183.93,193.9,182.27,190.09,6.072155,5351490,33,301205,20260304
920982.BJ,锦波生物,175.9,0.45688178183895567,182.48,185.6,-1.76043069,187.7,181.46,68/5521,185.6,187.7,181.46,182.48,3.359353,704170,151,920982,20260304
688630.SH,芯碁微装,257.75,-2.7174938667673105,183.41,182.78,-1.70953912,189.86,181,69/5521,182.08,189.16,180.3,182.71,4.748124,4273470,17,688630,20260304
301590.SZ,优优绿能,177.19,0.045169668567547894,184.2,180,0.38147139,188.67,178,70/5521,180,188.67,178,184.2,5.814713,772193,33,301590,20260304
688120.SH,华海清科,197.43,2.1894409937888293,178.41,179.6,-1.42549312,183.08,177.37,71/5521,179.6,183.08,177.37,178.41,3.15487,3538371,17,688120,20260304
300760.SZ,迈瑞医疗,168.4,0.0,175.75,179.75,-2.57760532,179.78,175.75,72/5521,179.75,179.78,175.75,175.75,2.233924,8835447,33,300760,20260304
301662.SZ,宏工科技,182.26,5.048991354466853,180.02,181.26,-2.83894646,189.3,173.56,73/5521,181.26,189.3,173.56,180.02,8.49525,1681811,33,301662,20260304
688205.SH,德科立,240.96,2.6235093696763188,179.91,175,1.6440678,184.17,172.52,74/5521,175,184.17,172.52,179.91,6.58192,9012789,17,688205,20260304
688525.SH,佰维存储,265.08,-1.4572490706319763,175.99,175.99,19.9986363,175.99,168.89,75/5521,175.99,175.99,168.89,175.99,4.841129,3.7330464E7,17,688525,20260304
301589.SZ,诺瓦星云,171.4,1.8540527691942028,167.68,170,-2.42653477,173.75,167,76/5521,170,173.75,167,167.68,3.927844,710490,33,301589,20260304
688279.SH,峰岹科技,197.45,0.74493596612071,169.67,170.59,-0.53930477,172.63,166.7,77/5521,170.59,172.63,166.7,169.67,3.47617,1071429,17,688279,20260304
688361.SH,中科飞测,196.6,4.797441364605544,171.79,168.95,1.17196702,172.43,165,78/5521,168.95,172.43,165,171.79,4.375736,6266950,17,688361,20260304
603893.SH,瑞芯微,182.9,0.2906179744475523,165.2,164.77,-0.16920474,167.5,164.06,79/5521,164.77,167.5,164.06,165.2,2.078801,4331765,17,603893,20260304
301338.SZ,凯格精机,193.93,4.668609671848017,171.03,168,-0.74284719,175.76,164,80/5521,168,175.76,164,171.03,6.824908,6743436,33,301338,20260304
300620.SZ,光库科技,237.96,1.1519659936238078,167.09,164.5,-1.44508671,171.68,162,81/5521,164.5,171.68,162,167.09,5.709567,1.3077106E7,33,300620,20260304
688048.SH,长光华芯,352.03,0.23633257403188615,176.0,161.01,5.39553267,180.88,161.01,82/5521,161.01,180.88,161.01,176.0,11.898916,1.8146508E7,17,688048,20260304
688082.SH,盛美上海,154.11,3.422589087980688,158.28,159.99,-1.8296843,162.66,158.28,83/5521,159.99,162.66,158.28,158.28,2.716616,2528454,17,688082,20260304
002850.SZ,科达利,190.45,-0.08394103142543675,157.5,159,-2.72373541,161.98,156.88,84/5521,159,161.98,156.88,157.5,3.149898,3754942,33,002850,20260304
688270.SH,ST臻镭,130.38,7.707558859975215,160.14,156.03,-0.65140517,166.61,156.03,85/5521,156.03,166.61,156.03,160.14,6.563682,1.3784068E7,22,688270,20260304
600436.SH,片仔癀,143.55,3.0361757105943283,156.44,158.01,-1.4861461,158.52,155.98,86/5521,158.01,158.52,155.98,156.44,1.599496,2017311,17,600436,20260304
600809.SH,山西汾酒,143.35,0.1467095151599888,156.0,160.05,-3.51311232,160.6,155.57,87/5521,160.05,160.6,155.57,156.0,3.111083,6444178,17,600809,20260304
301005.SZ,超捷股份,174.6,4.375896700143468,164.15,156,4.56080005,167,155,88/5521,156,167,155,164.15,7.643798,8903174,33,301005,20260304
688536.SH,思瑞浦,268.1,12.950792045837549,156.55,158,-1.72630257,161.07,155,88/5521,158,161.07,155,156.55,3.81042,3373586,17,688536,20260304
688052.SH,纳芯微,198.0,4.767448013122382,156.87,155,0.80323866,159.26,154.45,90/5521,155,159.26,154.45,156.87,3.090862,3212828,17,688052,20260304
301183.SZ,东田微,180.99,2.1445905525142566,157.53,155.8,-3.37361222,164.9,154.01,91/5521,155.8,164.9,154.01,157.53,6.679752,4727105,33,301183,20260304
603516.SH,淳中科技,142.25,-9.996836444163247,154.5,154.9,-0.67502411,157.38,153.54,92/5521,154.9,157.38,153.54,154.5,2.468659,3904658,17,603516,20260304
688018.SH,乐鑫科技,172.12,2.0998932257681764,153.16,157.09,-3.25922183,160.26,152.5,93/5521,157.09,160.26,152.5,153.16,4.901465,2937734,17,688018,20260304
300548.SZ,长芯博创,256.69,3.713131313131312,152.29,151.02,-2.64655117,159.37,151.02,94/5521,151.02,159.37,151.02,152.29,5.33785,1.692681E7,33,300548,20260304
920493.BJ,并行科技,152.39,2.1106941838649003,159.69,151.01,4.16829746,161,150.2,95/5521,151.01,161,150.2,159.69,7.045009,2454454,151,920493,20260304
300666.SZ,江丰电子,179.71,2.463082273789852,150.01,150,-2.95639798,155.97,148.51,96/5521,150,155.97,148.51,150.01,4.82598,1.4614834E7,33,300666,20260304
688008.SH,澜起科技,173.3,2.001177163037084,150.31,147,1.63635134,154.84,147,97/5521,147,154.84,147,150.31,5.301237,4.0725055E7,17,688008,20260304
300274.SZ,阳光电源,137.41,-0.4780183964655585,148.71,147.86,-1.18280284,151,146.3,98/5521,147.86,151,146.3,148.71,3.123131,4.4107946E7,33,300274,20260304
301550.SZ,斯菱智驱,159.95,4.235907461713913,146.94,148.28,-1.97464977,151.5,146,99/5521,148.28,151.5,146,146.94,3.669112,5001008,33,301550,20260304
688188.SH,柏楚电子,141.78,2.3608403725362863,144.34,147.3,-3.12101483,148.09,143.41,100/5521,147.3,148.09,143.41,144.34,3.14115,2146515,17,688188,20260304
301563.SZ,云汉芯城,163.9,0.570657176167397,146.95,143.68,1.06602476,149.77,143,101/5521,143.68,149.77,143,146.95,4.656121,923784,33,301563,20260304
300953.SZ,震裕科技,220.6,4.733418791245311,144.23,144.5,-1.21909458,147.98,142.88,102/5521,144.5,147.98,142.88,144.23,3.492911,3525846,33,300953,20260304
301200.SZ,大族数控,182.59,-1.3613527091999407,144.46,142.69,0.24287003,147.88,142.41,103/5521,142.69,147.88,142.41,144.46,3.795711,3121654,33,301200,20260304
601799.SH,星宇股份,124.08,-1.2887828162291206,143.03,147,-4.00671141,148.96,142.29,104/5521,147,148.96,142.29,143.03,4.47651,4638941,17,601799,20260304
688583.SH,思看科技,124.2,3.3277870216306153,144.54,145.57,-2.00677966,152.8,142,105/5521,145.57,152.8,142,144.54,7.322033,1681455,17,688583,20260304
688047.SH,龙芯中科,166.23,6.612365315546436,142.15,143,-1.60586973,146.38,141.48,106/5521,143,146.38,141.48,142.15,3.391707,5637507,17,688047,20260304
688790.SH,昂瑞微,142.81,2.8075732488661767,140.56,145,-3.98907104,146.7,140.04,107/5521,145,146.7,140.04,140.56,4.54918,839930,17,688790,20260304
688668.SH,鼎通科技,220.0,0.4336909381419715,146.67,140,0.80412371,149.06,139.99,108/5521,140,149.06,139.99,146.67,6.233676,4403861,17,688668,20260304
301031.SZ,中熔电气,160.4,-2.764306498545103,140.64,140.05,-0.29067706,143.85,139,109/5521,140.05,143.85,139,140.64,3.438496,2097840,33,301031,20260304
300567.SZ,精测电子,145.05,6.662254577542468,140.6,138.44,0.53628888,144.58,138,110/5521,138.44,144.58,138,140.6,4.705041,1.0539008E7,33,300567,20260304
300896.SZ,爱美客,115.05,-0.9641043298614139,139.14,137.74,0.82608696,139.3,137.47,111/5521,136.94,138.5,136.67,138.34,1.326086,2141492,33,300896,20260304
301488.SZ,豪恩汽电,125.07,0.8791740603323029,138.6,138.51,0.06497726,140.11,137.4,112/5521,138.51,140.11,137.4,138.6,1.956537,909234,33,301488,20260304
300475.SZ,香农芯创,174.7,0.22948938611587907,140.52,137,3.9502885,146.76,137,113/5521,137,146.76,137,140.52,7.220002,3.1478591E7,33,300475,20260304
300672.SZ,国科微,178.31,11.027397260273979,139.15,139.56,0.30274634,145.45,136.6,114/5521,139.56,145.45,136.6,139.15,6.379297,7757630,33,300672,20260304
688372.SH,伟测科技,151.39,2.881413523615345,140.5,136,6.15791462,148.87,136,115/5521,136,148.87,136,140.5,9.724216,1.198721E7,17,688372,20260304
301326.SZ,捷邦科技,183.97,6.341040462427745,142.2,135.63,3.04347826,145.44,135.6,116/5521,135.63,145.44,135.6,142.2,7.130434,1657364,33,301326,20260304
688656.SH,浩欧博,130.33,1.8203125000000098,134.18,137.18,-3.4676259,138.65,133.06,117/5521,137.18,138.65,133.06,134.18,4.021582,530192,17,688656,20260304
688169.SH,石头科技,115.8,-1.7478364160868847,133.03,134,-1.56134379,135.19,132.77,118/5521,134,135.19,132.77,133.03,1.790735,2738470,17,688169,20260304
301357.SZ,北方长龙,107.65,0.711011320048653,140.7,135,-0.04262575,145.7,132,119/5521,135,145.7,132,140.7,9.732878,5107207,33,301357,20260304
603402.SH,陕西旅游,111.17,-4.205084015510552,133.0,135.4,-1.69992609,136.8,132,119/5521,135.4,136.8,132,133.0,3.547671,816602,17,603402,20260304
603929.SH,亚翔集成,188.3,-2.120802578230577,134.21,131.84,1.58189525,135.9,131.37,121/5521,131.84,135.9,131.37,134.21,3.428701,3702091,17,603929,20260304
688787.SH,海天瑞声,130.1,1.2215047070722735,132.13,131,-2.12592593,134.77,130.1,122/5521,131,134.77,130.1,132.13,3.459259,2227035,17,688787,20260304
300570.SZ,太辰光,135.92,-1.699573298618661,131.99,132,-2.76979742,135.72,130,123/5521,132,135.72,130,131.99,4.213627,1.5563774E7,33,300570,20260304
300969.SZ,恒帅股份,122.4,2.641509433962269,130.47,133.86,-3.79737502,136.8,130,123/5521,133.86,136.8,130,130.47,5.014009,2239340,33,300969,20260304
688123.SH,聚辰股份,123.49,9.964381121994656,128.51,129.25,0.75264602,133.38,128.11,125/5521,128.55,132.68,127.41,127.81,4.131713,8081424,17,688123,20260304
301413.SZ,安培龙,100.69,1.8820196296671046,131.36,129,0.08380952,132.46,126.88,126/5521,129,132.46,126.88,131.36,4.251428,2937538,33,301413,20260304
688515.SH,裕太微,172.6,13.418320410040732,127.03,128.26,-2.26957994,133.67,126.6,127/5521,128.26,133.67,126.6,127.03,5.439298,2523019,17,688515,20260304
300604.SZ,长川科技,174.2,-0.057372346528986075,129.1,126.59,0.15515904,131.88,126.59,128/5521,126.59,131.88,126.59,129.1,4.103956,1.6380864E7,33,300604,20260304
688326.SH,经纬恒润,89.19,-2.118086040386311,127.7,126.1,-0.69984448,130.78,125.85,129/5521,126.1,130.78,125.85,127.7,3.833592,1890971,17,688326,20260304
688332.SH,中科蓝讯,113.5,0.39805395842547797,128.92,125,1.51181102,130.14,125,130/5521,125,130.14,125,128.92,4.047244,2007077,17,688332,20260304
301369.SZ,联动科技,170.07,5.371747211895903,125.1,126.3,-0.95011876,129,124.88,131/5521,126.3,129,124.88,125.1,3.262074,530983,33,301369,20260304
001270.SZ,*ST铖昌,140.35,4.997381611431142,123.64,123.64,-5.00192086,125.75,123.64,132/5521,123.64,125.75,123.64,123.64,1.621206,6781026,33,001270,20260304
002851.SZ,麦格米特,120.21,3.978894559294174,128.7,123.04,1.3705104,132.15,123.03,133/5521,123.04,132.15,123.03,128.7,7.183364,2.0233039E7,33,002851,20260304
688368.SH,晶丰明源,154.3,5.504273504273512,123.6,123.78,-2.07574077,127.37,123.02,134/5521,123.78,127.37,123.02,123.6,3.446363,1198231,17,688368,20260304
688271.SH,联影医疗,109.95,-2.240597492664707,122.8,125,-2.40025433,125.73,122.62,135/5521,125,125.73,122.62,122.8,2.471785,4666506,17,688271,20260304
688110.SH,东芯股份,143.77,6.57524091919941,124.15,122.01,1.76229508,128.28,122.01,136/5521,122.01,128.28,122.01,124.15,5.139344,1.4407844E7,17,688110,20260304
301225.SZ,恒勃股份,103.62,7.333747669359848,124.56,126.09,-3.50170437,128.09,122,137/5521,126.09,128.09,122,124.56,4.718004,2688889,33,301225,20260304
688392.SH,骄成超声,139.8,-0.042900042900044524,124.6,122.9,0.65433395,126.74,121.5,138/5521,122.9,126.74,121.5,124.6,4.232975,1998219,17,688392,20260304
688301.SH,奕瑞科技,114.59,1.8577777777777809,122.51,123.54,-1.82706948,125.99,121.29,139/5521,123.54,125.99,121.29,122.51,3.766327,2169905,17,688301,20260304
688068.SH,热景生物,112.2,1.492537313432841,121.32,124.2,-2.76508776,125.13,120.58,140/5521,124.2,125.13,120.58,121.32,3.646709,1153250,17,688068,20260304
688109.SH,品茗科技,95.51,-0.09414225941421465,121.68,126,-3.80267215,127.97,120.3,141/5521,126,127.97,120.3,121.68,6.06372,1313907,17,688109,20260304
688258.SH,卓易信息,120.41,1.3552188552188549,122.2,122.6,-2.62948207,125.5,119.7,142/5521,122.6,125.5,119.7,122.2,4.621513,3728968,17,688258,20260304
688717.SH,艾罗能源,121.66,3.98290598290598,123.35,123.49,-1.626924,134.9,119.5,143/5521,123.49,134.9,119.5,123.35,12.281681,1.2787588E7,17,688717,20260304
300223.SZ,北京君正,124.18,-0.9096712416214383,120.0,120.04,1.3684744,125.38,119.26,144/5521,120.04,125.38,119.26,120.0,5.169792,2.6966824E7,33,300223,20260304
301592.SZ,六九一二,130.81,1.8769470404984396,127.16,119.99,3.5504886,128.8,119,145/5521,119.99,128.8,119,127.16,7.980456,2774971,33,301592,20260304
605289.SH,罗曼股份,150.05,-2.2602918186555487,131.18,126.7,3.5359116,131.69,118.03,146/5521,126.7,131.69,118.03,131.18,10.781373,5289175,17,605289,20260304
605117.SH,德业股份,150.63,2.03210729526519,123.21,120.99,1.02492621,127.98,118,147/5521,120.99,127.98,118,123.21,8.18301,1.6053014E7,17,605117,20260304
688535.SH,华海诚科,90.53,2.2591212018524796,118.7,117.3,-0.71099958,123.43,117.3,148/5521,79.18918919,83.33108108,79.18918919,80.14,5.127561,2897841,17,688535,20260304
301600.SZ,慧翰股份,108.98,1.9457436856875567,118.61,117,-0.41978004,119.98,116.96,149/5521,117,119.98,116.96,118.61,2.535471,798258,33,301600,20260304
688228.SH,开普云,105.51,0.9375298957237195,118.13,118.36,0.01693337,120.88,116.44,150/5521,118.36,120.88,116.44,118.13,3.759207,2651970,17,688228,20260304
603297.SH,永新光学,114.76,0.719677022994565,116.8,118.95,-2.41457098,120.49,116.19,151/5521,118.95,120.49,116.19,116.8,3.592614,1289944,17,603297,20260304
002920.SZ,德赛西威,103.07,-0.8560984994228555,117.39,116.51,-1.26997477,118.81,116.03,152/5521,115.26,117.56,114.78,116.14,2.338099,6926085,33,002920,20260304
300454.SZ,深信服,117.18,3.1514084507042366,116.0,117.77,-2.10144316,119.77,115.66,153/5521,117.77,119.77,115.66,116.0,3.468647,7656419,33,300454,20260304
688480.SH,赛恩斯,97.81,2.8496319663512177,125.1,121,1.90615836,132,115.5,154/5521,121,132,115.5,125.1,13.44086,4262424,17,688480,20260304
688691.SH,灿芯股份,122.8,15.849056603773583,116.87,118,-2.91576674,121.95,115.5,154/5521,118,121.95,115.5,116.87,5.358032,5198831,17,688691,20260304
688059.SH,华锐精密,142.24,0.8865877012554081,116.3,120.23,-3.87635342,121.82,115.28,156/5521,120.23,121.82,115.28,116.3,5.405405,3364352,17,688059,20260304
603163.SH,圣晖集成,98.0,-2.1467798302546237,122.25,115.22,-4.07250471,126.61,115.22,157/5521,115.22,126.61,115.22,122.25,8.937539,3578475,17,603163,20260304
688318.SH,财富趋势,111.0,0.6802721088435374,115.98,115.41,-0.87179487,118.79,115.16,158/5521,115.41,118.79,115.16,115.98,3.102564,2575635,17,688318,20260304
001400.SZ,江顺科技,204.67,-0.6456310679611711,116.29,115.59,-3.18041795,122.96,114.5,159/5521,115.59,122.96,114.5,116.29,7.043543,2025600,33,001400,20260304
688629.SH,华丰科技,136.2,7.109153821956584,117.7,114.46,0.64990593,123.63,114.46,160/5521,114.46,123.63,114.46,117.7,7.841628,2.5074622E7,17,688629,20260304
002353.SZ,杰瑞股份,137.0,7.662082514734774,115.61,120.5,-5.98519964,121.8,113.56,161/5521,120.5,121.8,113.56,115.61,6.700821,3.3776557E7,33,002353,20260304
603501.SH,豪威集团,98.3,-3.238507727138504,113.52,115,-2.43231629,116.7,113.5,162/5521,115,116.7,113.5,113.52,2.750322,1.6460435E7,17,603501,20260304
600563.SH,法拉电子,118.02,2.4479166666666607,114.06,114.5,-0.77424967,117.34,113.3,163/5521,114.5,117.34,113.3,114.06,3.514571,4571028,17,600563,20260304
688347.SH,华虹公司,141.0,6.688861985472157,114.7,113.73,-0.52038161,117.8,113.06,164/5521,113.73,117.8,113.06,114.7,4.111014,1.781679E7,17,688347,20260304
300724.SZ,捷佳伟创,93.24,2.4390243902439015,114.91,113.1,-0.65704158,117.49,113.05,165/5521,113.1,117.49,113.05,114.91,3.838506,1.2767225E7,33,300724,20260304
301611.SZ,珂玛科技,105.18,0.17142857142857792,115.15,116.59,-2.27446321,119.99,113,166/5521,116.59,119.99,113,115.15,5.932275,1.0112722E7,33,301611,20260304
688160.SH,步科股份,107.42,4.697855750487337,114.7,113,-0.47722343,117.68,112.89,167/5521,113,117.68,112.89,114.7,4.156182,1446127,17,688160,20260304
301529.SZ,福赛科技,138.11,11.884316267012327,113.66,115.9,-3.14443971,118.66,112.87,168/5521,115.9,118.66,112.87,113.66,4.933958,2555700,33,301529,20260304
688032.SH,禾迈股份,112.61,-2.9558772836952834,113.78,113.79,-1.11246306,119,112.81,169/5521,113.79,119,112.81,113.78,5.379801,2541501,17,688032,20260304
301086.SZ,鸿富瀚,197.06,3.280922431865823,120.65,112.64,4.70363621,123.97,112.64,170/5521,112.64,123.97,112.64,120.65,9.832508,2677127,33,301086,20260304
603822.SH,ST嘉澳,76.98,-4.998148833765269,113.0,111.97,0.17730496,116.73,111.6,171/5521,111.97,116.73,111.6,113.0,4.547872,1212100,22,603822,20260304
688028.SH,沃尔德,116.8,1.388888888888884,117.17,111.4,1.97563098,121.64,111.4,172/5521,111.4,121.64,111.4,117.17,8.912097,8476253,17,688028,20260304
301191.SZ,菲菱科思,142.54,-4.534190610139984,113.84,111.99,-0.29777544,115.7,111.38,173/5521,111.99,115.7,111.38,113.84,3.783499,1895811,33,301191,20260304
603124.SH,江南新材,127.1,-0.8425651427679922,113.77,113.04,-0.63755459,119.12,111.18,174/5521,113.04,119.12,111.18,113.77,6.934497,2054834,17,603124,20260304
300803.SZ,指南针,98.39,1.0786932401890252,111.98,111.53,-0.92895691,114.95,111.11,175/5521,111.45,114.87,111.03,111.9,3.397328,1.4690623E7,33,300803,20260304
603268.SH,松发股份,149.5,4.036186499652061,117.5,115,1.64359862,121.3,111,176/5521,115,121.3,111,117.5,8.910034,1.1307061E7,17,603268,20260304
000596.SZ,古井贡酒,107.23,-1.7590471827759977,111.12,114,-3.94190871,114.9,110.61,177/5521,114,114.9,110.61,111.12,3.708506,3847839,33,000596,20260304
688375.SH,国博电子,122.51,-0.4307542262678813,114.05,110,2.36962571,115.36,109.8,178/5521,110,115.36,109.8,114.05,4.990575,5695037,17,688375,20260304
003021.SZ,兆威机电,96.59,2.8647497337593157,114.21,109.68,2.00053586,116.5,109.68,179/5521,109.68,116.5,109.68,114.21,6.090917,5039783,33,003021,20260304
300395.SZ,菲利华,108.98,-2.3214125661019893,110.79,111.18,-1.4586854,113.86,109,180/5521,111.18,113.86,109,110.79,4.322689,3.5957187E7,33,300395,20260304
688652.SH,京仪装备,120.8,3.4246575342465753,111.0,113.52,-2.63157895,114.5,108.89,181/5521,113.52,114.5,108.89,111.0,4.921052,4513697,17,688652,20260304
688002.SH,睿创微纳,146.01,0.35051546391751953,109.17,108.6,-1.09621308,112.5,108.56,182/5521,108.6,112.5,108.56,109.17,3.569487,7377093,17,688002,20260304
603083.SH,剑桥科技,174.97,2.4954601370745655,109.19,107.26,-1.10497238,112.88,106.68,183/5521,107.26,112.88,106.68,109.19,5.615433,2.0968594E7,17,603083,20260304
688016.SH,心脉医疗,102.32,3.2596629326874456,107.51,108.8,-1.70963613,110.37,106.66,184/5521,108.8,110.37,106.66,107.51,3.391844,3358640,17,688016,20260304
688981.SH,中芯国际,118.73,5.565928692095674,106.69,107.32,-1.49570677,109.7,106.12,185/5521,107.32,109.7,106.12,106.69,3.305327,3.2274958E7,17,688981,20260304
301628.SZ,强达电路,104.92,-1.1866641552081418,111.95,106.09,3.07522328,114.6,106.08,186/5521,106.09,114.6,106.08,111.95,7.844581,3682257,33,301628,20260304
301362.SZ,民爆光电,157.0,8.17142069725783,118.09,113,3.71508871,120,105.66,187/5521,113,120,105.66,118.09,12.594414,7878531,33,301362,20260304
300436.SZ,广生堂,117.3,0.41948463316496437,105.7,106,-1.89344719,108.48,105.39,188/5521,106,108.48,105.39,105.7,2.868015,5445235,33,300436,20260304
605255.SH,天普股份,102.04,2.0910455227613842,111.62,110,-4.14770288,113.58,105.21,189/5521,110,113.58,105.21,111.62,7.187634,2608700,17,605255,20260304
688622.SH,*ST禾信,74.97,-7.169390787518582,111.59,110.28,1.18788538,115.24,105.15,190/5521,110.28,115.24,105.15,111.59,9.149437,1185437,22,688622,20260304
688519.SH,南亚新材,174.19,-0.5197030268418028,107.1,106.39,-3.13828344,110.6,105.01,191/5521,106.39,110.6,105.01,107.1,5.05562,5272551,17,688519,20260304
605288.SH,凯迪股份,83.0,3.491271820448874,106.66,113.98,-8.11509304,115.87,104.99,192/5521,113.98,115.87,104.99,106.66,9.372846,1834240,17,605288,20260304
688776.SH,国光电气,80.96,3.4897098299884823,106.99,106.57,-1.33714496,109,104.8,193/5521,106.57,109,104.8,106.99,3.873109,1753141,17,688776,20260304
688585.SH,上纬新材,119.92,3.3258659314147847,107.27,109.49,-1.85727356,110.93,104.6,194/5521,109.49,110.93,104.6,107.27,5.791399,2993654,17,688585,20260304
688190.SH,云路股份,81.29,-1.2032085561497263,112.2,104.85,5.98904213,112.98,104.33,195/5521,104.85,112.98,104.33,112.2,8.171169,2713161,17,688190,20260304
001389.SZ,广合科技,163.25,-0.4573170731707317,104.71,107.32,-2.80330456,109.63,104,196/5521,107.32,109.63,104,104.71,5.226028,8804656,33,001389,20260304
688325.SH,赛微微电,121.91,2.1278378151964414,104.13,104.09,-0.22039095,107.29,103.5,197/5521,104.09,107.29,103.5,104.13,3.631659,1199272,17,688325,20260304
601100.SH,恒立液压,104.98,-0.019047619047615257,104.58,105.9,-2.12447356,106.79,103.22,198/5521,105.9,106.79,103.22,104.58,3.341132,9804231,17,601100,20260304
000568.SZ,泸州老窖,100.1,-1.602280546544785,103.64,106.81,-3.59069767,106.81,103,199/5521,106.81,106.81,103,103.64,3.544186,1.5604436E7,33,000568,20260304
300842.SZ,帝科股份,90.89,0.8992007104795763,105.81,103.25,-0.1321378,107.88,103,199/5521,103.25,107.88,103,105.81,4.605946,7447279,33,300842,20260304
301392.SZ,汇成真空,156.11,-0.4400510204081618,102.92,102.44,-1.00038476,106.3,102.44,201/5521,102.44,106.3,102.44,102.92,3.712966,1437431,33,301392,20260304
688353.SH,华盛锂电,109.95,-12.654909437559576,103.96,102,-0.35464392,106.49,102,202/5521,102,106.49,102,103.96,4.303651,2787812,17,688353,20260304
300814.SZ,中富电路,108.1,5.073872472783825,108.6,101.84,5.14086552,112,101.84,203/5521,101.84,112,101.84,108.6,9.836382,1.3192201E7,33,300814,20260304
920116.BJ,星图测控,100.8,4.531784714300518,105.34,101.94,3.11276429,106.38,101.01,204/5521,101.94,106.38,101.01,105.34,5.25646,2815061,151,920116,20260304
301128.SZ,强瑞技术,178.31,-3.092391304347825,103.86,102.03,0.27032246,106.5,101,205/5521,102.03,106.5,101,103.86,5.309905,2980344,33,301128,20260304
000858.SZ,五粮液,97.08,-1.281269066503971,101.02,102,-1.49195514,102.01,100.75,206/5521,102,102.01,100.75,101.02,1.228668,1.8301822E7,33,000858,20260304
002837.SZ,英维克,94.6,0.1058201058200998,102.48,101.14,0.078125,105.49,100.68,207/5521,101.14,105.49,100.68,102.48,4.697265,2.8367359E7,33,002837,20260304
688333.SH,铂力特,87.58,4.673120592805064,102.23,101.01,-1.22705314,105.2,100.5,208/5521,101.01,105.2,100.5,102.23,4.541062,6836076,17,688333,20260304
688198.SH,佰仁医疗,96.69,0.7187499999999977,100.04,103.47,-3.55731225,103.68,100,209/5521,103.47,103.68,100,100.04,3.547671,451004,17,688198,20260304
601127.SH,赛力斯,88.75,-1.8794914317302407,101.51,100.5,-0.86914063,102.37,99.23,210/5521,100.5,102.37,99.23,101.51,3.066406,1.6842438E7,17,601127,20260304
688686.SH,奥普特,109.31,2.7349624060150344,100.0,102.63,-1.95117168,102.98,99.23,210/5521,102.63,102.98,99.23,100.0,3.676831,1345154,17,688686,20260304
605123.SH,派克新材,106.77,10.004121162167724,105.62,99.37,2.75318611,106.63,99,212/5521,99.09,106.35,98.72,105.34,7.422901,4562104,17,605123,20260304
688623.SH,双元科技,93.1,1.9715224534501612,102.3,98.61,2.3,102.5,98.21,213/5521,98.61,102.5,98.21,102.3,4.29,854755,17,688623,20260304
301306.SZ,西测测试,165.72,11.184166387118406,99.91,98.5,-0.3093195,102.22,98,214/5521,98.5,102.22,98,99.91,4.210736,3432338,33,301306,20260304
605376.SH,博迁新材,131.58,9.998328038789507,99.09,99,-2.33589592,103.12,97.58,215/5521,99,103.12,97.58,99.09,5.460279,1.3625455E7,17,605376,20260304
920119.BJ,美德乐,93.85,0.1814688300597646,98.1,97.66,-1.35746606,100.48,97.38,216/5521,97.66,100.48,97.38,98.1,3.117144,762885,151,920119,20260304
603290.SH,斯达半导,103.92,-5.4413102820746175,97.59,98,-0.82317073,100.18,97.18,217/5521,98,100.18,97.18,97.59,3.04878,3956287,17,603290,20260304
301018.SZ,申菱环境,116.81,0.24888431170615025,100.66,97.86,1.90321928,103.72,97,218/5521,97.86,103.72,97,100.66,6.802996,1.0654395E7,33,301018,20260304
301556.SZ,托普云农,84.41,-1.1245168091835631,101.08,97,3.20604452,101.5,97,218/5521,97,101.5,97,101.08,4.594649,2077799,33,301556,20260304
688409.SH,富创精密,128.56,4.946938775510206,97.24,99.3,-2.24188197,101.55,96.8,220/5521,99.3,101.55,96.8,97.24,4.775309,4176042,17,688409,20260304
301396.SZ,宏景科技,316.74,-3.270728355474112,99.6,98.6,-0.4,103.5,96.58,221/5521,98.6,103.5,96.58,99.6,6.92,9704540,33,301396,20260304
688356.SH,键凯科技,97.35,-1.9637462235649576,97.22,96.63,0.02057613,100.5,96.26,222/5521,96.63,100.5,96.26,97.22,4.362139,814427,17,688356,20260304
300779.SZ,惠城环保,69.82,-0.8520306731042439,97.89,97.1,0.44120665,102,95.68,223/5521,97.1,102,95.68,97.89,6.484711,6521170,33,300779,20260304
688390.SH,固德威,108.2,6.464626586637811,97.69,97.36,-0.66097214,101.88,95.6,224/5521,97.36,101.88,95.6,97.69,6.386007,1.6358619E7,17,688390,20260304
300866.SZ,安克创新,125.44,4.5072065317004055,95.1,96.6,-2.05973223,99.48,95,225/5521,96.6,99.48,95,95.1,4.6138,3740626,33,300866,20260304
600259.SH,中稀有色,92.01,-1.772178926016864,97.02,95.91,-3.99762517,102.87,95,225/5521,95.76,102.72,94.85,96.87,7.787452,2.412308E7,17,600259,20260304
688578.SH,艾力斯,92.6,-1.036657048199208,100.05,95,11.16666667,101.74,94.05,227/5521,95,101.74,94.05,100.05,8.544444,1.403544E7,17,688578,20260304
000988.SZ,华工科技,119.53,0.41162634408601717,101.55,93.85,5.96890327,103.48,93.85,228/5521,93.85,103.48,93.85,101.55,10.049045,1.17365778E8,33,000988,20260304
600941.SH,中国移动,96.63,0.08285862247539959,94.41,95.6,-1.27575029,95.61,93.72,229/5521,95.6,95.61,93.72,94.41,1.976367,1.3414803E7,17,600941,20260304
002594.SZ,比亚迪,102.98,-2.2960151802656563,95.99,95.2,0.81924168,96.8,93.7,230/5521,95.2,96.8,93.7,95.99,3.25596,7.0096892E7,33,002594,20260304
688667.SH,菱电电控,148.26,-4.032623470774819,94.97,97.43,-2.71460766,97.43,93.56,231/5521,97.43,97.43,93.56,94.97,3.964351,1365985,17,688667,20260304
688343.SH,云天励飞,88.0,5.087174588010515,96.15,96.33,-2.77075538,101.38,93.12,232/5521,96.33,101.38,93.12,96.15,8.352715,2.3193451E7,17,688343,20260304
301631.SZ,壹连科技,107.92,-0.9181050312155711,93.37,94.52,-2.27129998,95.84,93.04,233/5521,94.52,95.84,93.04,93.37,2.930709,1126719,33,301631,20260304
603040.SH,新坐标,79.62,0.1257545271629886,94.1,93,-0.33891125,96.5,93,234/5521,93,96.5,93,94.1,3.706841,1232311,17,603040,20260304
688696.SH,极米科技,90.04,-0.19951230325869276,92.98,95.64,-3.60771304,96.95,92.85,235/5521,95.64,96.95,92.85,92.98,4.250466,1218499,17,688696,20260304
002595.SZ,豪迈科技,87.45,-2.95194761957607,94.73,93.45,0.14800719,96.49,92.71,236/5521,93.45,96.49,92.71,94.73,3.996194,4572471,33,002595,20260304
301269.SZ,华大九天,88.82,4.926166568222076,93.65,93.01,-0.37234043,94.99,92.71,236/5521,93.01,94.99,92.71,93.65,2.425531,3233380,33,301269,20260304
300442.SZ,润泽科技,89.06,-1.5258735072976508,94.6,93.13,-1.9587522,98.36,92.7,238/5521,93.13,98.36,92.7,94.6,5.865892,7.3743073E7,33,300442,20260304
688433.SH,华曙高科,79.31,1.2899106002554344,92.3,92.89,-1.80851064,96.2,91.9,239/5521,92.89,96.2,91.9,92.3,4.574468,4250059,17,688433,20260304
603345.SH,安井食品,109.39,-0.39154980877799367,92.58,93.57,-1.88639254,94.36,91.66,240/5521,93.57,94.36,91.66,92.58,2.861381,3916377,17,603345,20260304
688507.SH,索辰科技,91.65,0.869469513537317,91.89,91.61,-1.28907509,94.24,91.61,241/5521,91.61,94.24,91.61,91.89,2.825222,1532776,17,688507,20260304
603259.SH,药明康德,109.55,-1.466091023565398,92.02,93.3,-1.84533333,94.38,91.55,242/5521,93.3,94.38,91.55,92.02,3.018666,2.9643432E7,17,603259,20260304
002821.SZ,凯莱英,125.56,-0.9779179810725512,97.2,91.8,5.08108108,98.95,91.51,243/5521,91.8,98.95,91.51,97.2,8.043243,7851382,33,002821,20260304
688676.SH,金盘科技,88.1,-0.7547594908189723,95.58,91.01,2.67483081,99.2,91.01,244/5521,91.01,99.2,91.01,95.58,8.797937,1.6432822E7,17,688676,20260304
002384.SZ,东山精密,186.73,1.3459972862957883,95.0,91,0.12647555,96.5,91,245/5521,91,96.5,91,95.0,5.796795,7.0385414E7,33,002384,20260304
603991.SH,至正股份,112.63,-0.8626001232285926,92.92,91.05,-0.72649573,96,91,245/5521,91.05,96,91,92.92,5.34188,2234000,17,603991,20260304
688800.SH,瑞可达,105.0,13.611772343648559,91.81,92.39,-2.12153518,95.48,91,245/5521,92.39,95.48,91,91.81,4.776119,7318586,17,688800,20260304
688661.SH,和林微纳,121.48,-1.8502060273087113,91.41,91.8,-2.07820032,95,90.68,248/5521,91.8,95,90.68,91.41,4.627745,3481105,17,688661,20260304
301209.SZ,联合化学,88.57,0.0790960451977324,92.2,92.76,-0.6037085,92.79,90.3,249/5521,92.76,92.79,90.3,92.2,2.684346,644721,33,301209,20260304
688213.SH,思特威,87.91,-1.124732875941964,90.43,90.9,-1.74923946,93.65,90.23,250/5521,90.9,93.65,90.23,90.43,3.715775,7244876,17,688213,20260304
300763.SZ,锦浪科技,95.06,-0.3563941299790392,93.94,90.21,0.99989248,96.2,90.21,251/5521,90.21,96.2,90.21,93.94,6.440167,2.5690496E7,33,300763,20260304
920002.BJ,万达轴承,83.08,1.6393442622950862,91.91,91.88,0.91128678,93.8,90.21,251/5521,91.88,93.8,90.21,91.91,3.941589,556090,151,920002,20260304
603202.SH,天有为,79.48,-0.40100250626565564,90.11,90.68,-0.97802198,90.76,90.09,253/5521,90.68,90.76,90.09,90.11,0.736263,625081,17,603202,20260304
001280.SZ,中国铀业,81.84,-2.3854961832061066,94.5,90.33,1.55830199,97.17,90.03,254/5521,90.33,97.17,90.03,94.5,7.673293,2.3084062E7,33,001280,20260304
002779.SZ,中坚科技,80.05,5.816259087904813,89.8,89.47,-1.71828828,91.98,89.22,255/5521,89.47,91.98,89.22,89.8,3.020685,2340033,33,002779,20260304
688503.SH,聚和材料,102.97,1.2786466017507594,90.08,90.98,-2.40520043,94.14,89.2,256/5521,90.98,94.14,89.2,90.08,5.352112,1.0338586E7,17,688503,20260304
002409.SZ,雅克科技,84.71,0.9173218965927997,90.56,89.38,0.08841733,93.38,89,257/5521,89.38,93.38,89,90.56,4.840848,1.0179941E7,33,002409,20260304
688275.SH,万润新能,154.77,-5.0490797546012205,89.82,89.88,-0.75138122,93.84,89,257/5521,89.88,93.84,89,89.82,5.348066,4020835,17,688275,20260304
000661.SZ,长春高新,84.93,-0.6201731804352761,89.0,89,-1.03413766,90.4,88.77,259/5521,89,90.4,88.77,89.0,1.81252,6701673,33,000661,20260304
301421.SZ,波长光电,103.78,3.1712893925837533,88.9,89.5,-1.18928532,91.44,88.6,260/5521,89.5,91.44,88.6,88.9,3.156607,2402772,33,301421,20260304
688331.SH,荣昌生物,129.31,-1.2900763358778609,88.69,91,-3.04984696,91.66,88.01,261/5521,91,91.66,88.01,88.69,3.989943,5333208,17,688331,20260304
688261.SH,东微半导,73.46,2.0986796386379303,89.31,88,-1.22760451,92.31,88,262/5521,88,92.31,88,89.31,4.766644,3315673,17,688261,20260304
688020.SH,方邦股份,147.52,7.131445170660873,88.93,90.44,-2.48903509,91.82,87.5,263/5521,90.44,91.82,87.5,88.93,4.736842,1960740,17,688020,20260304
603301.SH,振德医疗,92.3,2.544161759804457,90.78,89.12,1.91983833,90.88,87.48,264/5521,89.12,90.88,87.48,90.78,3.817222,4099673,17,603301,20260304
600118.SH,中国卫星,102.8,4.972939854998458,92.94,88,0.988808,94.5,87.43,265/5521,88,94.5,87.43,92.94,7.682277,4.909007E7,17,600118,20260304
600309.SH,万华化学,89.54,-0.8965135583840488,88.46,89.06,-2.88725436,90.26,87.24,266/5521,89.06,90.26,87.24,88.46,3.315402,4.4194653E7,17,600309,20260304
688281.SH,华秦科技,74.86,3.7129398725408596,90.76,86.87,0.27621257,92.25,86.87,267/5521,86.87,92.25,86.87,90.76,5.944094,4423736,17,688281,20260304
688386.SH,泛亚微透,87.99,1.7813765182186143,87.17,87.65,-1.61399549,89.42,86.7,268/5521,87.65,89.42,86.7,87.17,3.069977,1662178,17,688386,20260304
300990.SZ,同飞股份,80.39,-3.83971291866028,88.42,87.31,-0.07910498,90.85,86.52,269/5521,87.31,90.85,86.52,88.42,4.893208,3611457,33,300990,20260304
300835.SZ,龙磁科技,99.23,8.058368724817605,87.63,89.41,-3.73503241,93.97,86.51,270/5521,89.41,93.97,86.51,87.63,8.1951,5649939,33,300835,20260304
688416.SH,恒烁股份,97.23,1.3868613138686112,87.3,85.88,4.71392587,90.5,85.88,271/5521,85.88,90.5,85.88,87.3,5.541561,5770244,17,688416,20260304
603119.SH,浙江荣泰,82.51,9.998666844420743,86.4,86,-0.90606721,87.99,85.8,272/5521,86,87.99,85.8,86.4,2.511755,8133283,17,603119,20260304
301557.SZ,常友科技,109.08,2.1348314606741585,90.07,91.47,-2.51109427,92.76,85.62,273/5521,91.47,92.76,85.62,90.07,7.728109,2044739,33,301557,20260304
603296.SH,华勤技术,103.61,1.122389225063445,86.7,86.05,0.2891845,88.2,85.53,274/5521,86.05,88.2,85.53,86.7,3.08849,7267325,17,603296,20260304
603306.SH,华懋科技,101.45,0.515208560388384,87.41,85.85,-0.45552898,90.86,85.41,275/5521,85.85,90.86,85.41,87.41,6.206582,1.3514618E7,17,603306,20260304
688099.SH,晶晨股份,105.8,3.8782523318605824,86.05,86,-0.58918669,88.38,85.32,276/5521,86,88.38,85.32,86.05,3.53512,8912484,17,688099,20260304
688155.SH,先惠技术,103.57,19.997682771405387,85.85,87.02,-1.41249426,88.76,85.02,277/5521,87.02,88.76,85.02,85.85,4.294901,2465630,17,688155,20260304
301608.SZ,博实结,93.3,-0.21390374331551107,85.92,86,-0.61307114,87.27,84.7,278/5521,86,87.27,84.7,85.92,2.972816,929100,33,301608,20260304
920029.BJ,开发科技,70.9,-2.341597796143235,84.68,85.01,-0.55196712,86.1,84.15,279/5521,85.01,86.1,84.15,84.68,2.290076,502064,151,920029,20260304
301165.SZ,锐捷网络,92.92,1.4964500273074872,84.62,84.25,-0.70406008,88.74,84.1,280/5521,84.25,88.74,84.1,84.62,5.444731,6477848,33,301165,20260304
301196.SZ,唯科科技,118.5,5.006645990252553,85.81,84.53,-0.2325311,86.57,84,281/5521,84.53,86.57,84,85.81,2.988024,3830914,33,301196,20260304
300776.SZ,帝尔激光,104.6,-2.7248209801915806,85.66,83.99,0.29270577,88.39,83.76,282/5521,83.99,88.39,83.76,85.66,5.42091,6967132,33,300776,20260304
300811.SZ,铂科新材,96.61,6.857648490211263,84.65,84,-0.1297782,87.99,83.52,283/5521,84,87.99,83.52,84.65,5.273714,8947266,33,300811,20260304
301312.SZ,智立方,115.08,2.8969957081545017,84.5,86.36,-2.19907407,88.2,83.5,284/5521,86.36,88.2,83.5,84.5,5.439814,4459520,33,301312,20260304
688789.SH,宏华数科,60.12,-10.335570469798657,83.5,84.64,-2.14461502,86,83.24,285/5521,84.64,86,83.24,83.5,3.234501,1685754,17,688789,20260304
301525.SZ,儒竞科技,69.9,1.040763226366,86.71,83.2,1.4983027,88.88,83.2,286/5521,83.2,88.88,83.2,86.71,6.648718,2436284,33,301525,20260304
301061.SZ,匠心家居,62.2,-4.278239458294862,83.78,84.75,-2.12616822,86.4,83.12,287/5521,84.75,86.4,83.12,83.78,3.831775,711708,33,301061,20260304
688516.SH,奥特维,81.7,7.584935475375302,83.18,83.49,-0.38323353,86.98,82.84,288/5521,83.49,86.98,82.84,83.18,4.958083,1.1515838E7,17,688516,20260304
688313.SH,仕佳光子,131.82,0.5032021957913972,84.39,83.6,-2.25851286,87.98,82.66,289/5521,83.6,87.98,82.66,84.39,6.161686,2.9196804E7,17,688313,20260304
301479.SZ,弘景光电,113.3,6.086142322097379,84.56,83.02,-1.87978649,86.6,82.05,290/5521,83.02,86.6,82.05,84.56,5.279647,890692,33,301479,20260304
301042.SZ,安联锐视,108.28,1.6713615023474189,85.27,83.87,0.9112426,85.49,82.01,291/5521,83.87,85.49,82.01,85.27,4.118343,907272,33,301042,20260304
688359.SH,三孚新科,99.49,2.482488669138851,86.92,82.8,4.97584541,87.99,81.9,292/5521,82.8,87.99,81.9,86.92,7.355072,3593274,17,688359,20260304
688234.SH,天岳先进,101.0,-4.010644364189317,82.37,84.6,-3.13969897,85.78,81.88,293/5521,84.6,85.78,81.88,82.37,4.586077,6848838,17,688234,20260304
688385.SH,复旦微电,68.07,-2.35260364366662,82.04,81.94,-0.9178744,86.27,81.8,294/5521,81.94,86.27,81.8,82.04,5.39855,1.4107341E7,17,688385,20260304
688122.SH,西部超导,64.72,2.94257992683315,83.7,81.59,-0.45195052,85.99,81.58,295/5521,81.59,85.99,81.58,83.7,5.245004,1.4097445E7,17,688122,20260304
002865.SZ,钧达股份,80.65,4.931043455633628,83.58,81.63,0.67453626,87.8,81.34,296/5521,81.63,87.8,81.34,83.58,7.781257,1.6023776E7,33,002865,20260304
301580.SZ,爱迪特,72.19,-2.7744107744107773,82.3,85.34,-3.62997658,87,81.21,297/5521,85.34,87,81.21,82.3,6.779859,9446622,33,301580,20260304
688322.SH,奥比中光,79.58,2.0125624919881977,82.17,81.5,-0.12155099,83.73,81.12,298/5521,81.5,83.73,81.12,82.17,3.17248,5445577,17,688322,20260304
688196.SH,卓越新能,52.42,-1.7616191904047933,84.0,84,-1.52403283,85.85,80.87,299/5521,84,85.85,80.87,84.0,5.838218,2355563,17,688196,20260304
688229.SH,博睿数据,86.08,-0.13921113689095654,81.21,82.68,-1.77793904,85.28,80.78,300/5521,82.68,85.28,80.78,81.21,5.44267,1433132,17,688229,20260304
603019.SH,中科曙光,92.96,2.8091130280911214,82.33,81,-1.14073007,84.16,80.6,301/5521,81,84.16,80.6,82.33,4.274735,3.1009317E7,17,603019,20260304
688220.SH,翱捷科技,101.46,12.50831669993345,81.5,83.3,-2.1138602,84.48,80.48,302/5521,83.3,84.48,80.48,81.5,4.804227,8695863,17,688220,20260304
301095.SZ,广立微,83.7,1.9116035553391058,80.33,81.19,-2.93620106,84.99,80.2,303/5521,81.19,84.99,80.2,80.33,5.78782,7802093,33,301095,20260304
301213.SZ,观想科技,71.74,2.617651265913315,93.6,84,0.64516129,97.79,80.03,304/5521,84,97.79,80.03,93.6,19.096774,9558222,33,301213,20260304
000408.SZ,藏格矿业,89.26,-1.9228656191627294,80.97,80.05,1.1492817,82.72,79.76,305/5521,78.55,81.22,78.26,79.47,3.697688,1.8133205E7,33,000408,20260304
002738.SZ,中矿资源,90.79,-0.5585980284775366,81.58,80,0.4679803,84.17,79.73,306/5521,80,84.17,79.73,81.58,5.46798,2.1478893E7,33,002738,20260304
688603.SH,天承科技,93.22,-0.9141156462585028,85.8,81.33,5.27607362,88,79.58,307/5521,81.33,88,79.58,85.8,10.331288,4968915,17,688603,20260304
301261.SZ,恒工精密,86.78,-1.7547831993660106,80.57,80.49,-0.55541842,81.69,79.5,308/5521,80.49,81.69,79.5,80.57,2.703036,1191129,33,301261,20260304
301285.SZ,鸿日达,103.5,-0.009660902328282404,81.5,80.24,0.89130973,83.8,79.5,308/5521,80.24,83.8,79.5,81.5,5.323099,3220495,33,301285,20260304
301548.SZ,崇德科技,80.8,-1.3431013431013534,80.51,79.5,-1.10551529,84.18,79.5,308/5521,79.5,84.18,79.5,80.51,5.748679,2070129,33,301548,20260304
688233.SH,神工股份,71.28,1.8140265676331895,81.87,79.53,2.98113208,83.96,79.5,308/5521,79.53,83.96,79.5,81.87,5.610062,5444188,17,688233,20260304
300959.SZ,线上线下,94.37,-0.6631578947368373,80.35,80,-0.34726529,81.9,79.36,312/5521,80,81.9,79.36,80.35,3.150192,1823589,33,300959,20260304
301360.SZ,荣旗科技,85.36,0.7078810759792288,80.3,82.5,-1.73764072,82.5,79.01,313/5521,82.5,82.5,79.01,80.3,4.27068,1511852,33,301360,20260304
688183.SH,生益电子,109.6,-4.002802837873353,80.34,79,-0.64308682,82.27,79,314/5521,79,82.27,79,80.34,4.044026,1.004343E7,17,688183,20260304
002931.SZ,锋龙股份,57.38,0.5431925705274264,80.39,78.72,0.94173782,81.8,78.66,315/5521,78.72,81.8,78.66,80.39,3.942742,1.3270696E7,33,002931,20260304
920037.BJ,广信科技,75.18,-0.5029115934356743,80.35,78.6,0.84086345,81.77,78.6,316/5521,78.6,81.77,78.6,80.35,3.978413,1267624,151,920037,20260304
603236.SH,移远通信,72.3,-1.4583617282268058,78.75,79,-1.11752888,81.24,78.5,317/5521,79,81.24,78.5,78.75,3.440482,5662806,17,603236,20260304
688147.SH,微导纳米,79.36,8.623049548316448,78.94,80.97,-3.09354284,82.59,78.42,318/5521,80.97,82.59,78.42,78.94,5.119076,6514270,17,688147,20260304
300373.SZ,扬杰科技,75.88,-2.580562331493138,80.79,78.11,2.26582278,81.85,78.11,319/5521,78.11,81.85,78.11,80.79,4.734177,1.489285E7,33,300373,20260304
600486.SH,扬农化工,72.34,-2.2696568495001253,81.03,78.23,1.30016252,81.8,78,320/5521,78.23,81.8,78,81.03,4.750593,5965274,17,600486,20260304
603091.SH,众鑫股份,81.06,-0.17241379310344898,78.19,79.54,-1.83301946,81.78,77.8,321/5521,79.54,81.78,77.8,78.19,4.996861,614895,17,603091,20260304
301636.SZ,泽润新能,61.29,0.7727721144360389,81.8,81,-2.7926322,85,77.59,322/5521,81,85,77.59,81.8,8.805704,3750801,33,301636,20260304
920808.BJ,曙光数创,78.73,2.472992320708064,79.4,78,-0.7748063,82.18,77.52,323/5521,78,82.18,77.52,79.4,5.823544,2028370,151,920808,20260304
300782.SZ,卓胜微,99.62,-2.314179250833496,82.3,78.2,5.51282051,84.2,77.48,324/5521,78.2,84.2,77.48,82.3,8.615384,2.0806993E7,33,300782,20260304
301538.SZ,骏鼎达,74.59,0.6612685560054105,77.4,77.51,-1.25031896,79.66,77.3,325/5521,77.51,79.66,77.3,77.4,3.010972,869760,33,301538,20260304
688095.SH,福昕软件,78.46,1.6321243523315945,77.68,78.14,-1.57121135,79.7,77.06,326/5521,78.14,79.7,77.06,77.68,3.345159,2291225,17,688095,20260304
301391.SZ,卡莱特,83.24,3.4037267080745277,76.94,79.2,-4.30348259,80.82,76.68,327/5521,79.2,80.82,76.68,76.94,5.149253,1672255,33,301391,20260304
603186.SH,华正新材,79.18,-1.9199801808497425,77.6,77.63,-2.73251441,82.2,76.51,328/5521,77.63,82.2,76.51,77.6,7.132113,1.2016883E7,17,603186,20260304
688282.SH,理工导航,77.54,-1.0843219798443606,80.35,78.88,1.96700508,80.78,76.49,329/5521,78.88,80.78,76.49,80.35,5.444162,1631923,17,688282,20260304
302132.SZ,中航成飞,67.09,-0.3416518122400324,78.94,76.86,0.9204807,79.58,76.37,330/5521,76.86,79.58,76.37,78.94,4.103809,1.107866E7,33,302132,20260304
002975.SZ,博杰股份,110.38,0.2452093361184234,78.76,77.55,-1.05527638,80.55,76.3,331/5521,77.55,80.55,76.3,78.76,5.339195,3968406,33,002975,20260304
301035.SZ,润丰股份,84.75,-3.209227957971679,76.83,76.79,-0.58229814,78.78,76.2,332/5521,76.79,78.78,76.2,76.83,3.338509,1466636,33,301035,20260304
603325.SH,博隆技术,64.65,-0.691244239631319,76.3,76.9,-1.29366106,77.38,76.02,333/5521,76.9,77.38,76.02,76.3,1.759379,835074,17,603325,20260304
003031.SZ,中瓷电子,123.52,-0.3308319212458733,78.36,76.32,0.59050064,79.35,75.92,334/5521,76.32,79.35,75.92,78.36,4.40308,7885066,33,003031,20260304
002896.SZ,中大力德,70.28,2.8839115795637515,77.16,76,-0.78436415,78.5,75.75,335/5521,76,78.5,75.75,77.16,3.536067,3573293,33,002896,20260304
301536.SZ,星宸科技,82.45,0.7453567937438897,76.0,75.52,-0.40623771,78.58,75.5,336/5521,75.52,78.58,75.5,76.0,4.036168,8977772,33,301536,20260304
000333.SZ,美的集团,81.1,-0.25827081539786984,76.16,76,-0.52246604,76.52,75.37,337/5521,76,76.52,75.37,76.16,1.502089,2.8493355E7,33,000333,20260304
603179.SH,新泉股份,61.4,7.0245773052117855,76.11,77.09,-2.36048749,78.48,75.35,338/5521,77.09,78.48,75.35,76.11,4.015394,1.1656047E7,17,603179,20260304
688266.SH,泽璟制药,104.0,3.5856573705179224,75.75,76,-1.05799373,77.01,75.1,339/5521,76,77.01,75.1,75.75,2.494775,2635320,17,688266,20260304
601888.SH,中国中免,65.62,-0.5003790750568586,76.76,75.06,1.36009507,76.98,75.02,340/5521,75.06,76.98,75.02,76.76,2.588142,3.2655022E7,17,601888,20260304
301093.SZ,华兰股份,85.39,1.5580399619410112,76.24,78.44,-4.74762619,79.97,75,341/5521,78.44,79.97,75,76.24,6.209395,4494911,33,301093,20260304
688778.SH,厦钨新能,82.55,-3.291940018744145,75.62,76,-2.21130221,78.6,74.9,342/5521,76,78.6,74.9,75.62,4.784688,7357879,17,688778,20260304
002463.SZ,沪电股份,102.57,0.5785448127083636,76.0,75.55,-0.28863815,78.4,74.65,343/5521,75.55,78.4,74.65,76.0,4.919968,6.3714462E7,33,002463,20260304
300624.SZ,万兴科技,63.92,-2.158273381294959,75.17,75.11,-1.70001308,76.88,74.65,343/5521,75.11,76.88,74.65,75.17,2.916176,9399877,33,300624,20260304
688698.SH,伟创电气,68.24,3.818652061463549,74.84,75.8,-2.65348595,77.28,74.61,345/5521,75.8,77.28,74.61,74.84,3.472944,5143516,17,688698,20260304
300487.SZ,蓝晓科技,63.75,-1.9381633594831642,75.2,74.15,-0.39735099,77.2,74.15,346/5521,74.15,77.2,74.15,75.2,4.039735,6741175,33,300487,20260304
688610.SH,埃科光电,124.7,1.962387571545385,74.15,75.33,-3.45052083,78.03,74.15,346/5521,75.33,78.03,74.15,74.15,5.052083,1456604,17,688610,20260304
301155.SZ,海力风电,62.54,1.328580686973429,75.53,74.03,0.41212443,77.29,74.03,348/5521,74.03,77.29,74.03,75.53,4.333953,2306100,33,301155,20260304
002049.SZ,紫光国微,77.32,1.8977332630469133,74.48,74.6,-0.86516704,76.38,73.99,349/5521,74.6,76.38,73.99,74.48,3.181152,1.6249095E7,33,002049,20260304
300236.SZ,上海新阳,94.77,-1.178310740354546,74.81,73.96,1.02633356,77.32,73.96,350/5521,73.96,77.32,73.96,74.81,4.537474,7381749,33,300236,20260304
001306.SZ,夏厦精密,69.63,0.8691873098652677,73.77,74,-2.29139073,75.37,73.72,351/5521,74,75.37,73.72,73.77,2.18543,714245,33,001306,20260304
300731.SZ,科创新源,70.56,0.014174344436577061,75.74,73.71,1.27022329,79.66,73.71,352/5521,73.71,79.66,73.71,75.74,7.955609,1.3031883E7,33,300731,20260304
688543.SH,国科军工,63.65,-0.20382565067419656,82.49,74.53,7.61904762,86.49,73.65,353/5521,74.53,86.49,73.65,82.49,16.751467,2.2369273E7,17,688543,20260304
001359.SZ,平安电工,87.75,5.089820359281437,75.59,73.95,0.38512616,76.95,73.55,354/5521,73.95,76.95,73.55,75.59,4.515272,1269195,33,001359,20260304
688576.SH,西山科技,70.69,1.6098893201092492,74.28,75.27,-1.43312102,75.27,73.53,355/5521,75.27,75.27,73.53,74.28,2.308917,327433,17,688576,20260304
688308.SH,欧科亿,95.64,1.8855864493448342,75.6,73.63,-2.26244344,80.52,73.51,356/5521,73.63,80.52,73.51,75.6,9.062702,8944562,17,688308,20260304
002970.SZ,锐明技术,69.78,-3.284823284823291,77.9,75.17,3.30194934,78.88,73.49,357/5521,74.57,78.28,72.89,77.3,7.147593,7295116,33,002970,20260304
002281.SZ,光迅科技,144.28,8.58734101000978,77.85,73.45,1.88457008,80.21,73.45,358/5521,73.45,80.21,73.45,77.85,8.847009,5.9036619E7,33,002281,20260304
301075.SZ,多瑞医药,83.45,2.4554941682013505,78.95,75.59,4.44503241,83.5,73.39,359/5521,75.59,83.5,73.39,78.95,13.374785,2194403,33,301075,20260304
603256.SH,宏和科技,119.1,-1.2601558613828636,74.18,74.08,-1.8653261,76.4,73.39,359/5521,74.08,76.4,73.39,74.18,3.982008,2.2581337E7,17,603256,20260304
688084.SH,晶品特装,68.73,0.8362676056338137,75.69,74.5,1.55642023,78.94,72.99,361/5521,74.5,78.94,72.99,75.69,7.983362,1830951,17,688084,20260304
301367.SZ,瑞迈特,66.33,-1.3826940231935871,73.92,73,0.38022814,74.34,72.88,362/5521,73,74.34,72.88,73.92,1.982618,1158720,33,301367,20260304
603979.SH,金诚信,62.3,-0.843546076714947,73.47,73,-1.10378247,76,72.88,362/5521,73,76,72.88,73.47,4.199757,6868306,17,603979,20260304
920009.BJ,丹娜生物,62.98,-1.5937500000000049,73.26,73.16,0.09564148,73.92,72.81,364/5521,73.16,73.92,72.81,73.26,1.5166,116530,151,920009,20260304
300139.SZ,晓程科技,52.88,0.07570022710067968,77.9,73.51,-4.95363592,80.99,72.7,365/5521,73.51,80.99,72.7,77.9,10.11469,6.7184579E7,33,300139,20260304
301449.SZ,天溯计量,68.02,-0.7441996206041225,73.48,73.13,0.49234136,73.5,72.52,366/5521,73.13,73.5,72.52,73.48,1.340262,774959,33,301449,20260304
300718.SZ,长盛轴承,70.52,1.4238458219473535,73.23,72.19,-1.40029622,75.16,72.14,367/5521,72.19,75.16,72.14,73.23,4.066244,3653157,33,300718,20260304
601336.SH,新华保险,64.4,0.4680187207488477,73.13,76.2,-4.85297944,76.2,72.11,368/5521,76.2,76.2,72.11,73.13,5.321363,3.0409148E7,17,601336,20260304
603160.SH,汇顶科技,64.89,0.27816411682893966,72.22,72.1,-1.13620808,73.7,72.1,369/5521,72.1,73.7,72.1,72.22,2.19028,4297770,17,603160,20260304
603379.SH,三美股份,65.27,-1.6277317256970587,72.35,72.51,-1.5914037,75,72,370/5521,72.51,75,72,72.35,4.080522,6889806,17,603379,20260304
001301.SZ,尚太科技,85.65,1.577324478178383,72.88,73.05,-0.89747076,73.66,71.86,371/5521,73.05,73.66,71.86,72.88,2.447647,3719300,33,001301,20260304
688029.SH,南微医学,85.02,1.3832578106367714,71.93,71.8,-0.51175657,73.46,71.5,372/5521,71.8,73.46,71.5,71.93,2.710926,1785470,17,688029,20260304
688227.SH,品高股份,143.55,6.176035502958597,73.0,71.5,1.52990264,73.8,71.5,372/5521,71.5,73.8,71.5,73.0,3.198887,1237420,17,688227,20260304
300695.SZ,兆丰股份,60.47,0.2819237147595385,72.15,72.22,-1.13729789,73.03,71.48,374/5521,72.22,73.03,71.48,72.15,2.123869,828995,33,300695,20260304
603090.SH,宏盛股份,64.15,-4.110612855007473,71.57,72,-3.15290934,73.94,71.08,375/5521,72,73.94,71.08,71.57,3.870094,2981200,17,603090,20260304
603175.SH,超颖电子,96.18,5.8551617873651844,79.64,71,10,79.64,71,376/5521,71,79.64,71,79.64,11.933701,6323511,17,603175,20260304
603200.SH,上海洗霸,62.03,0.12913640032283824,73.18,71,1.24515772,74.49,70.88,377/5521,71,74.49,70.88,73.18,4.994465,3476419,17,603200,20260304
688798.SH,艾为电子,67.61,1.6997593261131099,71.16,71.07,-1.19411275,72.8,70.62,378/5521,71.07,72.8,70.62,71.16,3.026936,2478563,17,688798,20260304
688278.SH,特宝生物,58.25,-1.8534119629317631,70.89,73,-3.221843,73.6,70.6,379/5521,73,73.6,70.6,70.89,4.095563,1734630,17,688278,20260304
301219.SZ,腾远钴业,88.7,1.8720569656598252,71.2,71.73,-1.7795558,73.85,70.58,380/5521,71.73,73.85,70.58,71.2,4.510967,7459283,33,301219,20260304
688286.SH,敏芯股份,65.88,-10.159552706941229,71.12,71.72,-1.74081238,72.99,70.58,380/5521,71.72,72.99,70.58,71.12,3.329649,1891811,17,688286,20260304
603667.SH,五洲新春,66.38,3.4762275915822127,72.15,70.5,0.83857442,73.19,70.5,382/5521,70.5,73.19,70.5,72.15,3.759608,2.180922E7,17,603667,20260304
605318.SH,法狮龙,101.18,3.076609616951926,70.98,71.58,-0.93510119,72.63,70.28,383/5521,71.58,72.63,70.28,70.98,3.279832,1666200,17,605318,20260304
600549.SH,厦门钨业,57.78,-2.841768959139058,78.76,70.1,4.20746229,81.56,70.02,384/5521,70.1,81.56,70.02,78.76,15.268589,1.17666173E8,17,600549,20260304
603799.SH,华友钴业,66.59,-1.581436594738388,70.91,70.36,-1.12939208,73.12,70.02,384/5521,70.36,73.12,70.02,70.91,4.322364,4.0004762E7,17,603799,20260304
920106.BJ,林泰新材,55.88,-11.287505953325924,69.9,71.58,-2.29242382,72.66,69.75,386/5521,71.58,72.66,69.75,69.9,4.067654,563246,151,920106,20260304
688765.SH,禾元生物,55.07,3.2239925023430156,70.21,70,-0.91730172,71.48,69.74,387/5521,70,71.48,69.74,70.21,2.455546,914922,17,688765,20260304
688777.SH,中控技术,79.29,2.3625096824167477,72.75,69.8,3.11835578,73.5,69.66,388/5521,69.8,73.5,69.66,72.75,5.442948,2.4230322E7,17,688777,20260304
301293.SZ,三博脑科,64.12,0.3757044458359455,70.77,69.22,0.0990099,72.08,69.22,389/5521,69.22,72.08,69.22,70.77,4.045261,6778109,33,301293,20260304
688257.SH,新锐股份,75.88,-4.4693440765454,71.44,69.43,0.73322053,73.5,69.2,390/5521,69.43,73.5,69.2,71.44,6.063169,6171586,17,688257,20260304
920576.BJ,天力复合,72.98,3.6647727272727244,73.34,69.08,2.17330733,74.99,69.08,391/5521,69.08,74.99,69.08,73.34,8.233491,3036444,151,920576,20260304
688063.SH,派能科技,76.92,-1.4604150653343588,69.35,70.8,-0.44501866,72.4,69.07,392/5521,70.8,72.4,69.07,69.35,4.780361,1.3747857E7,17,688063,20260304
301047.SZ,义翘神州,71.05,0.1550606146038898,69.26,69.62,-0.33098288,70.13,69.02,393/5521,69.62,70.13,69.02,69.26,1.597352,799673,33,301047,20260304
688316.SH,青云科技,69.9,-0.35637918745545255,70.4,69,0.62893082,71.98,69,394/5521,69,71.98,69,70.4,4.259576,3202876,17,688316,20260304
688531.SH,日联科技,120.6,19.999999999999996,69.69,69.7,-0.30042918,72.04,69,394/5521,69.7,72.04,69,69.69,4.34907,3023139,17,688531,20260304
603257.SH,中国瑞林,60.01,-1.9764782750735068,70.38,69.02,0.60034305,73.21,68.95,396/5521,69.02,73.21,68.95,70.38,6.089193,4604344,17,603257,20260304
688720.SH,艾森股份,80.13,3.6878881987577565,69.0,70.01,-1.82128628,72.48,68.94,397/5521,70.01,72.48,68.94,69.0,5.036994,2430148,17,688720,20260304
301603.SZ,乔锋智能,108.85,-3.458980044345903,69.56,69.2,0.01437815,70.8,68.9,398/5521,69.2,70.8,68.9,69.56,2.731847,1466572,33,301603,20260304
001233.SZ,海安集团,60.63,1.8820366324987474,70.08,69.52,-0.80679406,70.95,68.78,399/5521,69.52,70.95,68.78,70.08,3.071479,1691090,33,001233,20260304
300136.SZ,信维通信,91.3,6.771137878610679,69.0,68.5,0.72992701,71,68.37,400/5521,68.5,71,68.37,69.0,3.839416,6.3701237E7,33,300136,20260304
688268.SH,华特气体,188.3,-1.0145613205067436,69.1,69.7,-0.56123183,72.97,68.35,401/5521,69.7,72.97,68.35,69.1,6.648438,7335231,17,688268,20260304
688568.SH,中科星图,56.65,3.375912408759127,74.7,69,4.09698997,74.84,68.33,402/5521,69,74.84,68.33,74.7,9.071906,2.7426481E7,17,688568,20260304
603391.SH,力聚热能,60.59,-4.205533596837939,70.8,69.86,0.28328612,71.68,68.2,403/5521,69.86,71.68,68.2,70.8,4.929178,848819,17,603391,20260304
688796.SH,百奥赛图,96.33,2.7410409556313917,69.69,69,-0.42863266,70.68,68.17,404/5521,69,70.68,68.17,69.69,3.586226,1190945,17,688796,20260304
688239.SH,航宇科技,68.48,13.471416735708372,71.31,68.5,1.98798627,73.88,68.1,405/5521,68.5,73.88,68.1,71.31,8.26659,7606210,17,688239,20260304
300492.SZ,华图山鼎,49.78,-1.073131955484895,68.33,69.27,-1.54178674,70,68.03,406/5521,69.27,70,68.03,68.33,2.838616,1563419,33,300492,20260304
300573.SZ,兴齐眼药,69.45,-1.2933484934621895,71.06,68.15,3.17990417,71.38,68,407/5521,68.15,71.38,68,71.06,4.907797,9420303,33,300573,20260304
605389.SH,长龄液压,116.98,9.840375586854464,70.43,69.8,0.68620443,70.8,68,407/5521,69.8,70.8,68,70.43,4.002859,881930,17,605389,20260304
688168.SH,安博通,86.81,-0.7545444152280744,68.92,68,0.78970459,71.2,67.98,409/5521,68,71.2,67.98,68.92,4.708979,982620,17,688168,20260304
300124.SZ,汇川技术,68.6,1.4943038911081385,67.99,68.23,-1.47804666,69.02,67.62,410/5521,68.23,69.02,67.62,67.99,2.028691,2.5631512E7,33,300124,20260304
688011.SH,新光光电,63.93,-2.871467639015487,71.65,70.6,2.9454023,72.16,67.52,411/5521,70.6,72.16,67.52,71.65,6.666666,2944608,17,688011,20260304
002008.SZ,大族激光,100.72,-2.5353203019160095,70.05,69.8,-0.56777857,70.82,67.46,412/5521,69.8,70.82,67.46,70.05,4.769339,4.1782443E7,33,002008,20260304
920227.BJ,美登科技,61.59,1.6840019811788065,67.51,67.4,0.28223411,69,67.4,413/5521,67.4,69,67.4,67.51,2.376708,463375,151,920227,20260304
688486.SH,龙迅股份,79.64,-0.4499999999999993,67.95,70.1,-3.95759717,71.33,67.28,414/5521,70.1,71.33,67.28,67.95,5.724381,2431303,17,688486,20260304
002487.SZ,大金重工,84.0,-1.7199017199017186,72.04,67.82,3.96882667,72.65,67.23,415/5521,67.733,72.563,67.143,71.95,7.822196,1.8160441E7,33,002487,20260304
688185.SH,康希诺,61.51,-2.827804107424959,67.99,67.97,-1.42090764,69.47,67.23,415/5521,67.97,69.47,67.23,67.99,3.247788,2020886,17,688185,20260304
301596.SZ,瑞迪智驱,68.54,1.2706855791962166,68.12,68,-0.59827813,68.6,67.19,417/5521,68,68.6,67.19,68.12,2.057493,696352,33,301596,20260304
301678.SZ,新恒汇,58.79,2.5824463444425003,67.8,67.17,-0.04422822,69.2,67.13,418/5521,67.17,69.2,67.13,67.8,3.051747,1935005,33,301678,20260304
603605.SH,珀莱雅,61.88,-0.626304801670147,67.11,67.6,-1.20712498,68.4,67.11,419/5521,67.6,68.4,67.11,67.11,1.899013,3063601,17,603605,20260304
688035.SH,德邦科技,73.83,-0.8993288590604049,69.96,68,2.40046838,72.99,67.03,420/5521,68,72.99,67.03,69.96,8.723653,8827662,17,688035,20260304
603400.SH,华之杰,67.69,2.966230605415277,68.6,68.7,-0.85272438,69.19,67,421/5521,68.7,69.19,67,68.6,3.165197,1708648,17,603400,20260304
605178.SH,时空科技,68.84,-0.058072009291509935,67.92,68,2.19681011,69.69,66.96,422/5521,68,69.69,66.96,67.92,4.107733,3351540,17,605178,20260304
002222.SZ,福晶科技,86.82,-0.19542476146683724,67.1,66.7,-1.41052013,68.85,66.7,423/5521,66.7,68.85,66.7,67.1,3.158977,1.6247286E7,33,002222,20260304
688625.SH,呈和科技,73.0,1.108033240997226,67.71,68.26,-1.78416014,70.48,66.61,424/5521,68.26,70.48,66.61,67.71,5.613577,2356873,17,688625,20260304
301033.SZ,迈普医学,55.06,-1.1844938980617312,67.65,68.5,-1.39921294,68.71,66.52,425/5521,68.5,68.71,66.52,67.65,3.191954,1158003,33,301033,20260304
688816.SH,易思维,61.38,-3.6420722135007852,67.01,66.99,0.01492537,67.88,66.5,426/5521,66.99,67.88,66.5,67.01,2.059701,1279736,17,688816,20260304
688215.SH,瑞晟智能,74.8,0.5376344086021391,66.99,68.87,-2.72978075,69.76,66.49,427/5521,68.87,69.76,66.49,66.99,4.748076,955455,17,688215,20260304
688577.SH,浙海德曼,74.66,5.825655563430191,67.09,67.5,-1.19293078,68.91,66.12,428/5521,67.5,68.91,66.12,67.09,4.108983,1253138,17,688577,20260304
003009.SZ,中天火箭,60.06,2.824858757062157,75.07,68,5.80690627,76.1,66.09,429/5521,68,76.1,66.09,75.07,14.108527,1.6986974E7,33,003009,20260304
301622.SZ,英思特,54.48,-0.7650273224043748,66.83,66.01,0.04491018,67.88,66.01,430/5521,66.01,67.88,66.01,66.83,2.799401,2207674,33,301622,20260304
002460.SZ,赣锋锂业,88.68,2.0483314154200243,66.89,66.18,-0.56488777,69.18,65.91,431/5521,66.18,69.18,65.91,66.89,4.861007,3.9633952E7,33,002460,20260304
301577.SZ,美信科技,67.88,5.53482587064677,66.96,66.15,0.20951811,68.5,65.85,432/5521,66.15,68.5,65.85,66.96,3.965878,3857515,33,301577,20260304
603713.SH,密尔克卫,56.87,-1.829794579665117,66.2,67.8,-2.64705882,68.5,65.8,433/5521,67.8,68.5,65.8,66.2,3.970588,2416188,17,603713,20260304
001221.SZ,悍高集团,57.02,2.7387387387387445,66.18,67.01,-1.97007851,67.84,65.66,434/5521,67.01,67.84,65.66,66.18,3.229151,1636562,33,001221,20260304
301333.SZ,诺思格,63.76,0.456908775799589,65.79,66.1,-2.20008919,67.27,65.57,435/5521,66.1,67.27,65.57,65.79,2.527129,1468598,33,301333,20260304
688300.SH,联瑞新材,87.43,2.6414651326602487,66.14,66.05,-1.2098581,68.26,65.56,436/5521,66.05,68.26,65.56,66.14,4.03286,4323875,17,688300,20260304
688003.SH,天准科技,72.08,3.2664756446991423,65.88,66.71,-3.5431918,68.83,65.5,437/5521,66.71,68.83,65.5,65.88,4.875549,3235732,17,688003,20260304
301358.SZ,湖南裕能,102.24,-4.448598130841126,66.45,65.24,-0.79128098,67.16,65.24,438/5521,65.24,67.16,65.24,66.45,2.866527,1.3694931E7,33,301358,20260304
920522.BJ,纳科诺尔,55.24,-1.180679785330942,66.7,66.24,-0.29895366,68.35,65.23,439/5521,66.24,68.35,65.23,66.7,4.663677,2781006,151,920522,20260304
600183.SH,生益科技,76.51,-1.9102564102564037,65.87,66.63,-2.6167948,68.16,65.1,440/5521,66.63,68.16,65.1,65.87,4.52395,4.3200766E7,17,600183,20260304
688383.SH,新益昌,101.2,0.7767377016530583,65.65,66.91,-1.86846039,67.63,65.08,441/5521,66.91,67.63,65.08,65.65,3.811659,806969,17,688383,20260304
920007.BJ,酉立智能,52.1,-2.48923825566161,67.29,66.6,0.53787539,68.06,65.03,442/5521,66.6,68.06,65.03,67.29,4.527117,586180,151,920007,20260304
301162.SZ,国能日新,62.88,-3.7059724349157652,67.48,65,2.39757208,67.99,65,443/5521,65,67.99,65,67.48,4.537177,3233083,33,301162,20260304
301617.SZ,博苑股份,60.03,-2.453688657783552,65.19,66,-2.20522052,67.03,64.95,444/5521,66,67.03,64.95,65.19,3.120312,1246912,33,301617,20260304
300496.SZ,中科创达,63.91,-0.03128421711247165,65.3,65.04,-0.60882801,66.76,64.87,445/5521,65.04,66.76,64.87,65.3,2.876712,1.1063526E7,33,300496,20260304
301606.SZ,绿联科技,75.78,1.3643659711075387,65.25,69.39,-6.54540246,69.95,64.87,445/5521,69.39,69.95,64.87,65.25,7.275852,4870200,33,301606,20260304
688606.SH,奥泰生物,54.01,-1.3696128560993426,65.42,66.44,-1.72750488,66.87,64.79,447/5521,66.44,66.87,64.79,65.42,3.12453,527630,17,688606,20260304
603092.SH,德力佳,73.0,-4.274849200104911,66.68,65.5,0.43681277,68.08,64.51,448/5521,65.5,68.08,64.51,66.68,5.377315,1545486,17,603092,20260304
688726.SH,拉普拉斯,62.24,3.61245213917097,66.7,65.67,-0.8030934,68.87,64.45,449/5521,65.67,68.87,64.45,66.7,6.573468,1.5634324E7,17,688726,20260304
002718.SZ,友邦吊顶,72.38,2.7395315826827433,65.87,65.81,-0.40822498,68.41,64.34,450/5521,65.81,68.41,64.34,65.87,6.153613,1764100,33,002718,20260304
603486.SH,科沃斯,65.16,-1.526371467432379,64.81,66,-2.39457831,66.85,64.26,451/5521,66,66.85,64.26,64.81,3.900602,7047296,17,603486,20260304
300474.SZ,景嘉微,65.98,6.902138690861966,68.03,70.75,-6.39790864,70.79,64.15,452/5521,70.75,70.79,64.15,68.03,9.135938,1.5938645E7,33,300474,20260304
301468.SZ,博盈特焊,53.96,5.721003134796241,69.5,66.1,3.26894502,70.8,64,453/5521,66.1,70.8,64,69.5,10.104011,6216680,33,301468,20260304
301633.SZ,港迪技术,62.15,1.3535551206784056,64.5,64.47,-0.5090236,65.15,64,453/5521,64.47,65.15,64,64.5,1.77387,323400,33,301633,20260304
600301.SH,华锡有色,50.53,1.1206724034420699,69.2,63.89,-2.5214819,73,63.89,455/5521,63.89,73,63.89,69.2,12.832793,1.916075E7,17,600301,20260304
300516.SZ,久之洋,51.4,2.9029029029028943,66.94,66,-2.37713286,69.45,63.88,456/5521,66,69.45,63.88,66.94,8.123085,5340450,33,300516,20260304
688563.SH,航材股份,57.43,1.1091549295774694,68.28,64.01,4.75606014,68.72,63.88,456/5521,64.01,68.72,63.88,68.28,7.42559,6977575,17,688563,20260304
920088.BJ,科力股份,48.44,1.7006088599621985,88.43,90,-0.84099574,98.69,63.66,458/5521,90,98.69,63.66,88.43,39.280107,1.6328465E7,151,920088,20260304
688202.SH,美迪西,63.26,-3.7870722433460107,65.71,64.14,1.59245516,67.24,63.6,459/5521,64.14,67.24,63.6,65.71,5.627705,2087249,17,688202,20260304
002897.SZ,意华股份,57.43,-1.8122756026671265,68.52,64,5.74074074,71.28,63.51,460/5521,64,71.28,63.51,68.52,11.99074,2.8280686E7,33,002897,20260304
001225.SZ,和泰机电,50.54,1.0395841663334586,63.27,65.91,-10,68,63.27,461/5521,65.91,68,63.27,63.27,6.728307,1067419,33,001225,20260304
301528.SZ,多浦乐,75.31,0.6414539623145851,63.41,63.38,0.284675,64.92,63.2,462/5521,63.38,64.92,63.2,63.41,2.720227,754853,33,301528,20260304
688631.SH,莱斯信息,56.52,0.6410256410256527,64.45,63.83,0.46765394,65.7,63.13,463/5521,63.83,65.7,63.13,64.45,4.006235,1773878,17,688631,20260304
301251.SZ,威尔高,62.93,-0.9911894273127794,64.61,64.5,-0.13910355,66.9,63.01,464/5521,64.5,66.9,63.01,64.61,6.012364,6644113,33,301251,20260304
002756.SZ,永兴材料,87.24,4.105011933174222,63.65,64.87,-3.28217596,65.56,63,465/5521,64.87,65.56,63,63.65,3.889986,2.3087994E7,33,002756,20260304
601689.SH,拓普集团,60.14,4.445988190343874,63.67,63.23,-0.50007814,64.41,63,465/5521,63.23,64.41,63,63.67,2.203469,1.9377701E7,17,601689,20260304
300984.SZ,金沃股份,63.75,5.024711696869847,63.5,64.76,-2.41278623,65.59,62.8,467/5521,64.76,65.59,62.8,63.5,4.28769,2553435,33,300984,20260304
301598.SZ,博科测试,63.75,-0.7009345794392567,62.79,64.31,-3.11680296,64.99,62.66,468/5521,64.31,64.99,62.66,62.79,3.595124,852972,33,301598,20260304
300816.SZ,艾可蓝,72.35,6.194040804344634,63.27,65.38,-4.42598187,65.68,62.58,469/5521,65.38,65.68,62.58,63.27,4.682779,4202400,33,300816,20260304
603026.SH,石大胜华,114.92,-3.6310272536687616,62.95,63,-1.70206121,64.82,62.5,470/5521,63,64.82,62.5,62.95,3.622735,6058882,17,603026,20260304
301110.SZ,青木科技,67.28,-1.8096906012842893,62.61,63.83,-3.23029366,64.78,62.3,471/5521,63.83,64.78,62.3,62.61,3.833075,2713534,33,301110,20260304
688230.SH,芯导科技,70.98,4.229074889867856,62.42,63.64,-1.93244305,64.04,62.3,471/5521,63.21,63.61,61.87,61.99,2.733699,1112205,17,688230,20260304
301160.SZ,翔楼新材,59.88,4.721930745015745,64.19,62.22,0.91180632,64.77,62.2,473/5521,62.22,64.77,62.2,64.19,4.040245,1886884,33,301160,20260304
301257.SZ,普蕊斯,52.4,-2.9988893002591714,62.9,63.51,-1.68802751,64.4,62.07,474/5521,63.51,64.4,62.07,62.9,3.641763,1387901,33,301257,20260304
300661.SZ,圣邦股份,91.94,4.477272727272725,62.48,62.09,-0.35087719,63.75,62.05,475/5521,62.09,63.75,62.05,62.48,2.711323,1.0341395E7,33,300661,20260304
000657.SZ,中钨高新,58.19,1.5355086372360764,66.48,62.31,2.37141977,68.83,62,476/5521,62.31,68.83,62,66.48,10.5174,9.5729782E7,33,000657,20260304
603308.SH,应流股份,75.58,-1.0862452558565612,64.6,62,2.53968254,67,62,476/5521,62,67,62,64.6,7.936507,2.9793259E7,17,603308,20260304
688131.SH,皓元医药,74.56,2.403516000549375,62.12,62.12,-0.608,64.2,62,476/5521,62.12,64.2,62,62.12,3.52,3649847,17,688131,20260304
603228.SH,景旺电子,70.17,-3.6787920384351307,63.6,61.8,0.11018416,65.8,61.8,479/5521,61.8,65.8,61.8,63.6,6.296237,1.8948268E7,17,603228,20260304
001283.SZ,豪鹏科技,74.88,1.766784452296816,61.94,62,-0.22551546,63.08,61.69,480/5521,62,63.08,61.69,61.94,2.239046,1922211,33,001283,20260304
001339.SZ,智微智能,89.85,0.03340013360053567,65.27,63.63,0.52364084,65.66,61.57,481/5521,63.63,65.66,61.57,65.27,6.299091,1.688611E7,33,001339,20260304
603087.SH,甘李药业,58.85,-1.605082762079921,62.06,62,-0.92592593,62.88,61.54,482/5521,62,62.88,61.54,62.06,2.139208,5719832,17,603087,20260304
603728.SH,鸣志电器,59.35,1.5397775876817767,62.04,61.6,-0.9103977,63.19,61.5,483/5521,61.6,63.19,61.5,62.04,2.699249,5057286,17,603728,20260304
002290.SZ,禾盛新材,81.28,5.627030539311239,63.0,61.44,1.12359551,64,61.42,484/5521,61.44,64,61.42,63.0,4.141252,3395100,33,002290,20260304
688456.SH,有研粉材,66.06,3.2187500000000036,61.78,62,-2.37041719,63.18,61.38,485/5521,62,63.18,61.38,61.78,2.8445,3269403,17,688456,20260304
300841.SZ,康华生物,57.08,-0.9027777777777832,61.99,61.63,0.01613424,62.53,61.31,486/5521,61.63,62.53,61.31,61.99,1.968376,1197996,33,300841,20260304
603786.SH,科博达,53.75,2.1280638419152527,61.44,61.57,-3.13731673,63.35,61.2,487/5521,61.57,63.35,61.2,61.44,3.389563,2765150,17,603786,20260304
688448.SH,磁谷科技,63.51,0.2683928007578064,64.16,64.02,0.23433838,65,61.03,488/5521,64.02,65,61.03,64.16,6.202155,2130098,17,688448,20260304
600600.SH,青岛啤酒,63.41,0.3164056320202432,61.42,61.85,-1.09500805,62.1,61.01,489/5521,61.85,62.1,61.01,61.42,1.755233,5409320,17,600600,20260304
301667.SZ,纳百川,110.2,1.8955154877484948,62.3,61.03,0.82537627,62.92,60.86,490/5521,61.03,62.92,60.86,62.3,3.333872,1280035,33,301667,20260304
688626.SH,翔宇医疗,58.64,1.3831258644536604,61.61,60.8,-0.16204829,62.8,60.79,491/5521,60.8,62.8,60.79,61.61,3.25717,2148500,17,688626,20260304
601318.SH,中国平安,59.37,-0.1009591115598221,61.79,62.2,-1.2466038,62.56,60.65,492/5521,62.2,62.56,60.65,61.79,3.052581,1.00813361E8,17,601318,20260304
688508.SH,芯朋微,83.9,7.854480010284098,60.66,60.88,-1.54195747,62.58,60.6,493/5521,60.88,62.58,60.6,60.66,3.213763,3357109,17,688508,20260304
301299.SZ,卓创资讯,64.29,0.8312421580928612,60.8,61.26,-1.53846154,61.75,60.56,494/5521,61.26,61.75,60.56,60.8,1.927125,1730157,33,301299,20260304
300469.SZ,信息发展,59.67,6.935483870967751,61.71,60.76,0.03242017,63.19,60.5,495/5521,60.76,63.19,60.5,61.71,4.360512,5689331,33,300469,20260304
688605.SH,先锋精科,66.67,2.758939580764498,62.0,60.87,0.86220921,63.15,60.5,495/5521,60.87,63.15,60.5,62.0,4.311046,2289856,17,688605,20260304
603530.SH,神马电力,60.95,-2.07262210796915,67.21,60.46,10,67.21,60.31,497/5521,60.46,67.21,60.31,67.21,11.292962,1.5512822E7,17,603530,20260304
002847.SZ,盐津铺子,58.72,-1.5095605501509537,60.32,61.88,-3.488,61.98,60.27,498/5521,61.88,61.98,60.27,60.32,2.736,2817020,33,002847,20260304
688708.SH,佳驰科技,52.1,2.4783634933123486,61.24,61.14,-1.22580645,62.25,60.2,499/5521,61.14,62.25,60.2,61.24,3.306451,1976625,17,688708,20260304
300014.SZ,亿纬锂能,72.59,-2.037786774628868,60.82,60.6,-1.21812571,61.98,60.08,500/5521,60.6,61.98,60.08,60.82,3.085918,3.7158065E7,33,300014,20260304
688305.SH,科德数控,60.47,2.110773387369132,60.8,60.06,-0.21335959,62.14,60.05,501/5521,60.06,62.14,60.05,60.8,3.430165,2756516,17,688305,20260304
002812.SZ,恩捷股份,82.95,-1.7994554279625856,61.75,60.49,0.25978243,62.75,60.01,502/5521,60.49,62.75,60.01,61.75,4.448774,2.5011721E7,33,002812,20260304
603662.SH,柯力传感,56.2,1.4074341392998937,60.13,59.8,-0.36454018,60.8,59.5,503/5521,59.8,60.8,59.5,60.13,2.154101,3678565,17,603662,20260304
920091.BJ,大鹏工业,51.15,1.953358580825188,61.85,60.25,1.89456343,62.92,59.2,504/5521,60.25,62.92,59.2,61.85,6.1285,1124228,151,920091,20260304
301595.SZ,太力科技,44.62,1.2020866409616557,61.17,59.5,1.35874068,61.39,59,505/5521,59.5,61.39,59,61.17,3.960231,1626454,33,301595,20260304
603267.SH,鸿远电子,52.87,2.302631578947364,60.24,59.17,0.92142737,61.59,59,505/5521,59.17,61.59,59,60.24,4.339085,1.1580711E7,17,603267,20260304
301070.SZ,开勒股份,90.68,-2.494623655913971,60.6,62.7,-4.11392405,62.7,58.84,507/5521,62.7,62.7,58.84,60.6,6.107594,2320167,33,301070,20260304
688376.SH,美埃科技,70.18,0.7031137896398466,59.16,59.49,-1.41643059,60.78,58.77,508/5521,59.49,60.78,58.77,59.16,3.349441,1681590,17,688376,20260304
688648.SH,中邮科技,49.63,-1.9169960474308276,59.37,58.81,-1.4114912,60.21,58.74,509/5521,58.81,60.21,58.74,59.37,2.441049,1672233,17,688648,20260304
002943.SZ,宇晶股份,68.81,8.430507406240153,59.26,60.21,-2.85245902,61.75,58.73,510/5521,60.21,61.75,58.73,59.26,4.950819,8939603,33,002943,20260304
300408.SZ,三环集团,85.7,4.4994512864284815,59.06,59.04,-1.1878869,60.56,58.61,511/5521,59.04,60.56,58.61,59.06,3.262506,2.260665E7,33,300408,20260304
603606.SH,东方电缆,62.13,-1.9876952200662534,60.4,59,1.52966885,61.55,58.61,511/5521,59,61.55,58.61,60.4,4.942007,1.4017363E7,17,603606,20260304
600660.SH,福耀玻璃,58.87,-0.8922558922558942,58.78,59.5,-1.77139037,59.71,58.51,513/5521,59.5,59.71,58.51,58.78,2.005347,1.4705089E7,17,600660,20260304
688582.SH,芯动联科,50.75,-0.6071288679984377,58.9,58.98,-1.32350477,60.44,58.5,514/5521,58.832,60.292,58.352,58.75,3.250125,6206646,17,688582,20260304
688083.SH,中望软件,56.71,5.723340790454884,58.7,59.36,-1.67504188,60.4,58.38,515/5521,59.36,60.4,58.38,58.7,3.383584,2172450,17,688083,20260304
920100.BJ,三协电机,48.83,2.8649673477986086,59.44,59.24,0.74576271,59.69,58.31,516/5521,59.24,59.69,58.31,59.44,2.338983,533507,151,920100,20260304
688621.SH,阳光诺和,57.68,-1.5027322404371628,58.78,58.18,0.35854533,59.9,58.18,517/5521,58.18,59.9,58.18,58.78,2.936656,1359643,17,688621,20260304
003033.SZ,征和工业,56.3,3.568800588668134,59.6,59,0.33670034,59.7,58.08,518/5521,58.5,59.2,57.58,59.1,2.727272,1113486,33,003033,20260304
688818.SH,电科蓝天,68.6,1.4042867701404118,61.49,58.09,3.72807018,62.5,58.05,519/5521,58.09,62.5,58.05,61.49,7.506747,2.8002354E7,17,688818,20260304
300904.SZ,威力传动,58.7,-0.5084745762711816,58.6,58.46,-0.661129,59.86,58.01,520/5521,58.46,59.86,58.01,58.6,3.136124,780586,33,300904,20260304
301327.SZ,华宝新能,62.5,-2.1143304620203622,58.66,58.01,0.0682361,60.88,58.01,520/5521,58.01,60.88,58.01,58.66,4.895939,3843063,33,301327,20260304
301571.SZ,国科天成,69.32,-0.5451936872310038,61.81,58.1,3.48233718,64.6,58.01,520/5521,58.1,64.6,58.01,61.81,11.032981,9356758,33,301571,20260304
301141.SZ,中科磁业,52.48,-0.793950850661629,59.73,58.36,0.52170986,61.46,58,523/5521,58.36,61.46,58,59.73,5.822955,4328107,33,301141,20260304
301498.SZ,乖宝宠物,54.8,-2.317290552584678,58.1,59.55,-1.95747553,59.56,58,523/5521,59.55,59.56,58,58.1,2.632467,2438400,33,301498,20260304
600363.SH,联创光电,48.0,-6.796116504854369,58.83,57.99,-0.37256562,60.2,57.99,525/5521,57.99,60.2,57.99,58.83,3.742591,1.00995E7,17,600363,20260304
688439.SH,振华风光,48.94,-1.8845228548516535,58.18,58.1,-0.5129959,59.34,57.93,526/5521,58.1,59.34,57.93,58.18,2.41108,3105298,17,688439,20260304
300648.SZ,星云股份,49.46,0.3652597402597397,58.63,59,-1.31291028,60.29,57.88,527/5521,59,60.29,57.88,58.63,4.056556,4624614,33,300648,20260304
603286.SH,日盈电子,64.52,6.57416584076643,59.15,60.2,-2.66578904,60.72,57.88,527/5521,60.2,60.72,57.88,59.15,4.673358,5511230,17,603286,20260304
301286.SZ,侨源股份,50.7,7.210826813279771,59.29,59.29,0,59.8,57.8,529/5521,59.29,59.8,57.8,59.29,3.37325,2253856,33,301286,20260304
688523.SH,航天环宇,65.51,4.050190597204581,66.53,58.01,9.33442892,68.8,57.8,529/5521,58.01,68.8,57.8,66.53,18.077239,1.4012055E7,17,688523,20260304
000977.SZ,浪潮信息,69.75,-3.5002767017155523,58.33,57.9,-0.68108292,59.53,57.77,531/5521,57.9,59.53,57.77,58.33,2.996764,3.0224649E7,33,000977,20260304
688307.SH,中润光学,88.88,-7.982192773579054,58.0,61.77,-10.79667795,63.98,57.73,532/5521,61.77,63.98,57.73,58.0,9.612426,9675429,17,688307,20260304
301517.SZ,陕西华达,70.2,10.620863536085727,60.03,57.86,1.35066689,60.96,57.62,533/5521,57.86,60.96,57.62,60.03,5.639034,4273493,33,301517,20260304
688103.SH,国力电子,60.19,1.2106944677988882,58.05,57.48,-0.48002743,59.11,57.43,534/5521,57.48,59.11,57.43,58.05,2.880164,970672,17,688103,20260304
301087.SZ,可孚医疗,53.02,-0.6185567010309246,57.72,57.94,-0.9948542,59.96,57.42,535/5521,56.74,58.76,56.22,56.52,4.356775,3565350,33,301087,20260304
688581.SH,安杰思,60.6,-3.457065477138763,57.42,57.44,-0.3125,57.74,57.31,536/5521,57.44,57.74,57.31,57.42,0.746527,272967,17,688581,20260304
301237.SZ,和顺科技,67.66,-2.577393808495329,60.92,57.45,3.83500937,61.58,57.3,537/5521,57.45,61.58,57.3,60.92,7.29504,1048488,33,301237,20260304
300964.SZ,本川智能,71.15,2.0803443328550975,60.0,57.24,3.19917441,61.38,57.24,538/5521,57.24,61.38,57.24,60.0,7.120743,3283585,33,300964,20260304
688070.SH,纵横股份,45.5,-2.1294902129490256,64.45,58.15,8.22837951,67.49,57.11,539/5521,58.15,67.49,57.11,64.45,17.43073,6621087,17,688070,20260304
301004.SZ,嘉益股份,43.43,-0.7767877541695303,57.29,58.16,-0.83088108,60.64,57.01,540/5521,58.16,60.64,57.01,57.29,6.283538,1580460,33,301004,20260304
000893.SZ,亚钾国际,54.05,-1.959005985851633,58.55,57.2,1.35018176,60.1,57,541/5521,57.2,60.1,57,58.55,5.366106,1.4543223E7,33,000893,20260304
001326.SZ,联域股份,56.19,-0.4782146652497399,58.36,58,-0.89998302,59.64,57,541/5521,58,59.64,57,58.36,4.482934,1083858,33,001326,20260304
603629.SH,利通电子,144.41,9.993144946302083,57.26,58,-1.44578313,62.02,57,541/5521,58,62.02,57,57.26,8.640275,2.9751153E7,17,603629,20260304
301021.SZ,英诺激光,61.5,-1.4580996635154568,59.49,56.99,2.51594003,62,56.7,544/5521,56.99,62,56.7,59.49,9.133206,8501471,33,301021,20260304
300819.SZ,聚杰微纤,56.94,-3.064351378958128,58.3,57,-0.98505435,62.31,56.66,545/5521,57,62.31,56.66,58.3,9.595788,1.1302163E7,33,300819,20260304
301687.SZ,新广益,57.8,-0.34482758620690146,58.06,56.7,0.27633851,58.78,56.66,545/5521,56.7,58.78,56.66,58.06,3.661485,2067377,33,301687,20260304
688611.SH,杭州柯林,63.06,0.6383657835940084,58.49,57.07,1.93447194,59.85,56.58,547/5521,57.07,59.85,56.58,58.49,5.698849,1649409,17,688611,20260304
301085.SZ,亚康股份,70.09,-1.9034289713086066,57.45,56.76,-0.51948052,58.88,56.56,548/5521,56.76,58.88,56.56,57.45,4.017316,2897674,33,301085,20260304
301123.SZ,奕东电子,67.28,1.5700483091787536,57.85,56.55,0.01728907,59.36,56.55,549/5521,56.55,59.36,56.55,57.85,4.858229,4772359,33,301123,20260304
301323.SZ,新莱福,66.67,1.0151515151515178,57.85,57.49,1.13636364,58.79,56.5,550/5521,57.49,58.79,56.5,57.85,4.003496,1769812,33,301323,20260304
603150.SH,万朗磁塑,60.63,-0.8665794637017562,57.99,58.5,-0.7360493,59.45,56.43,551/5521,58.5,59.45,56.43,57.99,5.169462,2888600,17,603150,20260304
300991.SZ,创益通,50.68,3.8099139696845543,58.05,57.69,-0.39464653,59.92,56.41,552/5521,57.69,59.92,56.41,58.05,6.022649,4164144,33,300991,20260304
300836.SZ,佰奥智能,59.81,2.8016500515641156,60.04,56.66,4.36294107,61.47,56.38,553/5521,56.66,61.47,56.38,60.04,8.847557,2468769,33,300836,20260304
688050.SH,爱博医疗,51.29,0.7662082514734786,56.75,56.5,-0.73465104,57.45,56.34,554/5521,56.5,57.45,56.34,56.75,1.941577,1843769,17,688050,20260304
301398.SZ,星源卓镁,43.8,1.0147601476014707,56.61,57.17,-4.55235205,59,56.3,555/5521,57.17,59,56.3,56.61,4.552352,1933973,33,301398,20260304
605060.SH,联德股份,58.54,-1.6960537363560002,58.19,56.33,0.32758621,59.89,56.21,556/5521,56.33,59.89,56.21,58.19,6.344827,8375600,17,605060,20260304
300965.SZ,恒宇信通,,,59.35,56.19,-0.01684636,60.3,56.19,557/5521,56.19,60.3,56.19,59.35,6.923854,1345051,33,300965,20260304
600113.SH,浙江东日,44.68,-1.150442477876113,56.39,57.05,-1.51938526,58.5,56.05,558/5521,56.92,58.37,55.92,56.26,4.278728,3622464,17,600113,20260304
000831.SZ,中国稀土,54.44,0.7588376827688258,59.2,56.26,3.02819353,61.11,56.01,559/5521,56.26,61.11,56.01,59.2,8.875739,5.6198102E7,33,000831,20260304
603052.SH,可川科技,81.44,-5.533000811970765,57.69,56,0.82139112,58.62,56,560/5521,56,58.62,56,57.69,4.578818,5431671,17,603052,20260304
688399.SH,硕世生物,61.75,1.7298187808896164,57.05,56.86,-0.66167508,58.5,56,560/5521,56.86,58.5,56,57.05,4.353125,1299937,17,688399,20260304
688788.SH,科思科技,53.88,1.0881801125703667,60.42,56,3.45890411,60.55,56,560/5521,56,60.55,56,60.42,7.791095,3930029,17,688788,20260304
603650.SH,彤程新材,53.96,-1.5328467153284604,56.24,56.01,-0.9510391,57.95,55.91,563/5521,56.01,57.95,55.91,56.24,3.592814,1.2695041E7,17,603650,20260304
300347.SZ,泰格医药,55.2,-2.092940759134444,56.06,56.8,-1.4416315,57.3,55.8,564/5521,56.8,57.3,55.8,56.06,2.63713,6694681,33,300347,20260304
002335.SZ,科华数据,60.89,-1.4724919093851079,56.67,55.9,0.14136773,58.5,55.75,565/5521,55.9,58.5,55.75,56.67,4.859515,1.7546655E7,33,002335,20260304
603920.SH,世运电路,52.65,-3.765307987570832,56.99,56.33,-0.74886799,58.36,55.68,566/5521,56.33,58.36,55.68,56.99,4.667363,3.1376033E7,17,603920,20260304
301221.SZ,光庭信息,47.84,-1.0957204879057143,56.0,56.2,-1.56442257,57.06,55.6,567/5521,56.2,57.06,55.6,56.0,2.566356,2245700,33,301221,20260304
688312.SH,燕麦科技,70.07,1.6686012768427039,57.14,56.2,-0.24441341,59.95,55.58,568/5521,56.2,59.95,55.58,57.14,7.629189,9190720,17,688312,20260304
300976.SZ,达瑞电子,63.93,1.2031027386417572,56.43,55.5,-0.59890787,57.35,55.5,569/5521,55.5,57.35,55.5,56.43,3.258763,1035112,33,300976,20260304
301291.SZ,明阳电气,58.94,-5.0273928456332655,58.19,55.5,4.28315412,60.75,55.5,569/5521,55.5,60.75,55.5,58.19,9.408602,2.1652906E7,33,301291,20260304
600132.SH,重庆啤酒,55.01,-2.100017796760989,56.03,56.28,-1.14678899,56.7,55.3,571/5521,56.28,56.7,55.3,56.03,2.470007,4585448,17,600132,20260304
688336.SH,三生国健,73.19,0.027333606669394588,55.92,56.02,-0.65731036,56.88,55.23,572/5521,56.02,56.88,55.23,55.92,2.931248,3094584,17,688336,20260304
600893.SH,航发动力,46.25,1.7377914650241952,57.83,55.54,2.62644188,59.22,55.21,573/5521,55.54,59.22,55.21,57.83,7.116237,5.1819541E7,17,600893,20260304
301289.SZ,国缆检测,55.56,0.5975013579576416,56.09,55.59,0.4836976,56.77,55.14,574/5521,55.59,56.77,55.14,56.09,2.9201,672990,33,301289,20260304
688379.SH,华光新材,65.76,-0.8593396653098043,55.64,55.8,-1.74819001,57.88,55.11,575/5521,55.8,57.88,55.11,55.64,4.8914,3522323,17,688379,20260304
301368.SZ,丰立智能,49.4,1.479046836483153,57.4,56,2.00817487,58.45,55.06,576/5521,56,58.45,55.06,57.4,6.024524,2759666,33,301368,20260304
603833.SH,欧派家居,47.0,-3.688524590163929,55.33,56.13,-2.07079646,56.7,55.06,576/5521,56.13,56.7,55.06,55.33,2.902654,2711927,17,603833,20260304
000538.SZ,云南白药,53.05,0.0,55.43,55.78,-0.92940125,55.83,55.03,578/5521,54.197,54.247,53.447,53.85,1.429848,1.0626625E7,33,000538,20260304
603171.SH,税友股份,55.29,-0.5575539568345365,55.26,56.5,-3.15457413,57.5,55.02,579/5521,56.5,57.5,55.02,55.26,4.346302,5846500,17,603171,20260304
688080.SH,映翰通,44.77,-0.8416389811738548,55.82,55.4,-0.07160759,56.7,55,580/5521,55.4,56.7,55,55.82,3.043322,1526863,17,688080,20260304
002518.SZ,科士达,46.55,-1.1257434154630441,55.17,55.44,-2.21552641,57.47,54.95,581/5521,55.44,57.47,54.95,55.17,4.466501,1.1013321E7,33,002518,20260304
688187.SH,时代电气,48.42,-1.3246382718565286,55.3,55.51,-1.25,56.61,54.88,582/5521,55.51,56.61,54.88,55.3,3.089285,5297823,17,688187,20260304
301097.SZ,天益医疗,58.63,1.278286405251342,55.2,55.33,-0.37899296,56.07,54.87,583/5521,55.33,56.07,54.87,55.2,2.165674,568200,33,301097,20260304
600760.SH,中航沈飞,46.97,-0.4451038575667674,56.87,55.09,2.02726947,57.33,54.63,584/5521,55.09,57.33,54.63,56.87,4.843918,3.093865E7,17,600760,20260304
300037.SZ,新宙邦,69.1,-2.580008459044145,54.82,54.81,-0.99331768,56.25,54.51,585/5521,54.31,55.75,54.01,54.32,3.142495,1.2833088E7,33,300037,20260304
300049.SZ,福瑞医科,50.36,-0.35615354174910907,55.55,54.5,0.79840319,56,54.5,586/5521,54.5,56,54.5,55.55,2.721829,7127335,33,300049,20260304
300617.SZ,安靠智电,60.32,-2.0938159389709448,64.81,54.5,19.99629698,64.81,54.5,586/5521,54.5,64.81,54.5,64.81,19.089057,2.7895976E7,33,300617,20260304
301387.SZ,光大同创,68.34,2.3820224719101173,56.73,55,1.10497238,58.01,54.5,586/5521,55,58.01,54.5,56.73,6.255569,2346795,33,301387,20260304
688662.SH,富信科技,70.25,3.9970392301998565,61.85,54.8,11.66275501,63.7,54.5,586/5521,54.8,63.7,54.5,61.85,16.609496,1.1088104E7,17,688662,20260304
603699.SH,纽威股份,62.74,5.039343713376871,54.5,58.31,-7.56445047,58.9,54.47,590/5521,58.31,58.9,54.47,54.5,7.513568,1.01329E7,17,603699,20260304
688663.SH,新风光,68.28,0.8567208271787271,56.42,55.9,0.55248619,58.37,54.41,591/5521,55.9,58.37,54.41,56.42,7.057565,5108903,17,688663,20260304
688559.SH,海目星,58.61,-2.883181441590724,54.93,54.98,-1.71765969,56.82,54.4,592/5521,54.98,56.82,54.4,54.93,4.329933,6832567,17,688559,20260304
688114.SH,华大智造,51.0,-2.764537654909443,55.56,57.46,-4.17385305,57.82,54.36,593/5521,57.46,57.82,54.36,55.56,5.967575,5264722,17,688114,20260304
688143.SH,长盈通,62.4,-2.393242609103709,55.8,54.59,-1.89873418,57.78,54.19,594/5521,54.59,57.78,54.19,55.8,6.311533,6912213,17,688143,20260304
300910.SZ,瑞丰新材,46.54,-0.06441915396178041,54.26,55.12,-2.09310718,56.1,54.05,595/5521,55.12,56.1,54.05,54.26,3.699025,2829692,33,300910,20260304
000628.SZ,高新发展,66.18,10.00664893617023,55.09,54,1.3242597,56.42,54,596/5521,54,56.42,54,55.09,4.450983,1.4939931E7,33,000628,20260304
600362.SH,江西铜业,45.46,-1.9836136265631774,54.86,54.15,-1.71981369,56.24,54,596/5521,54.15,56.24,54,54.86,4.012898,4.0032815E7,17,600362,20260304
600498.SH,烽火通信,46.68,-9.359223300970873,58.44,54,4.11544629,58.93,54,596/5521,54,58.93,54,58.44,8.783181,1.59023044E8,17,600498,20260304
688545.SH,兴福电子,54.89,5.456292026897221,54.26,54.7,-1.16575592,57.26,54,596/5521,54.7,57.26,54,54.26,5.938069,5900663,17,688545,20260304
603338.SH,浙江鼎力,55.12,-4.965517241379314,54.15,55.8,-4.15929204,56.5,53.91,600/5521,55.8,56.5,53.91,54.15,4.58407,6450890,17,603338,20260304
001223.SZ,欧克科技,55.72,1.309090909090907,54.38,54.2,-0.3116407,55.26,53.85,601/5521,54.2,55.26,53.85,54.38,2.584784,983140,33,001223,20260304
002192.SZ,融捷股份,109.22,10.001007150770462,54.59,54.6,-0.87161794,56.5,53.81,602/5521,54.6,56.5,53.81,54.59,4.884692,1.184408E7,33,002192,20260304
301043.SZ,绿岛风,54.74,2.9915333960489248,54.78,54.22,0.01825817,54.88,53.73,603/5521,54.22,54.88,53.73,54.78,2.099689,1143056,33,301043,20260304
301491.SZ,汉桑科技,49.2,0.9644982556946563,54.31,55.2,-2.47800323,55.28,53.7,604/5521,55.2,55.28,53.7,54.31,2.837134,1453454,33,301491,20260304
688348.SH,昱能科技,51.66,-0.44324532665254185,54.1,53.74,0.03698225,56.37,53.7,604/5521,53.74,56.37,53.7,54.1,4.93713,5035642,17,688348,20260304
600111.SH,北方稀土,53.04,4.102060843964664,56.0,53.79,0.68320748,57.93,53.66,606/5521,53.79,57.93,53.66,56.0,7.677094,1.42253018E8,17,600111,20260304
603418.SH,友升股份,51.65,1.036776212832553,53.64,54.54,-2.1703447,54.54,53.63,607/5521,54.54,54.54,53.63,53.64,1.659675,1183234,17,603418,20260304
300843.SZ,胜蓝股份,82.34,12.779071360087656,53.74,54,-2.20200182,56.38,53.51,608/5521,54,56.38,53.51,53.74,5.222929,5895659,33,300843,20260304
601138.SH,工业富联,62.88,-5.101116812556598,53.76,53.98,-2.04081633,55.16,53.51,608/5521,53.98,55.16,53.51,53.76,3.006559,1.07528229E8,17,601138,20260304
688580.SH,伟思医疗,64.26,1.1968503937007955,53.74,53.5,-0.11152416,55.3,53.5,610/5521,53.5,55.3,53.5,53.74,3.345724,1411070,17,688580,20260304
301336.SZ,趣睡科技,55.75,2.632547864506627,53.98,54.67,-1.55024622,55.31,53.45,611/5521,54.67,55.31,53.45,53.98,3.392303,1288770,33,301336,20260304
301157.SZ,华塑科技,71.03,-3.596634093376772,54.53,53.76,0.49760413,55.2,53.43,612/5521,53.76,55.2,53.43,54.53,3.262071,1412723,33,301157,20260304
301280.SZ,珠城科技,44.32,4.824976348155154,53.96,53.57,-1.87306783,55.16,53.41,613/5521,38.12142857,39.25714286,38.00714286,38.4,3.182396,1525001,33,301280,20260304
002311.SZ,海大集团,49.98,0.3412969283276342,54.3,53.91,0.46253469,54.5,53.26,614/5521,53.91,54.5,53.26,54.3,2.294172,8265081,33,002311,20260304
688065.SH,凯赛生物,48.11,0.7750314201927051,53.45,53.45,-1.01851852,55.69,53.26,614/5521,53.45,55.69,53.26,53.45,4.5,7517325,17,688065,20260304
301292.SZ,海科新源,84.83,-6.574889867841408,53.3,53.99,-2.02205882,55.36,53.11,616/5521,53.99,55.36,53.11,53.3,4.136029,7612313,33,301292,20260304
688513.SH,苑东生物,64.38,0.972396486825592,54.05,55.26,-2.03008882,55.4,53.1,617/5521,55.26,55.4,53.1,54.05,4.168932,1887025,17,688513,20260304
002991.SZ,甘源食品,51.43,0.0,53.45,54.74,-2.44570177,54.74,53.05,618/5521,54.74,54.74,53.05,53.45,3.084504,955040,33,002991,20260304
301568.SZ,思泰克,56.97,1.9323671497584511,55.49,53.04,2.00367647,56.56,53.04,619/5521,53.04,56.56,53.04,55.49,6.470588,6449899,33,301568,20260304
688297.SH,中无人机,45.92,1.3015662916390986,64.31,53.35,16.50362319,65.41,53.03,620/5521,53.35,65.41,53.03,64.31,22.427536,5.7140944E7,17,688297,20260304
605588.SH,冠石科技,56.84,-0.2807017543859589,53.3,54.7,-3.8079769,55.82,53,621/5521,54.7,55.82,53,53.3,5.089334,2050400,17,605588,20260304
300260.SZ,新莱应材,51.78,3.8299578905153475,53.07,53.47,-1.22836404,54.58,52.99,622/5521,53.47,54.58,52.99,53.07,2.95924,9330580,33,300260,20260304
002992.SZ,宝明科技,52.44,3.1268436578171017,53.01,53.13,-0.6931435,54.19,52.85,623/5521,53.13,54.19,52.85,53.01,2.510303,1772851,33,002992,20260304
002768.SZ,国恩股份,52.8,-2.8161236885698533,53.16,54.22,-3.3630249,55.2,52.67,624/5521,54.22,55.2,52.67,53.16,4.599163,2569000,33,002768,20260304
600276.SH,恒瑞医药,53.88,-2.018548827059464,52.98,53.22,-1.17515389,53.9,52.67,624/5521,53.22,53.9,52.67,52.98,2.294348,4.715182E7,17,600276,20260304
300913.SZ,兆龙互连,52.59,0.4392666157372116,53.55,53.01,-0.77821012,54.88,52.62,626/5521,53.01,54.88,52.62,53.55,4.187511,6624528,33,300913,20260304
688036.SH,传音控股,57.75,-1.180698151950715,53.15,53.6,-1.71967456,54.04,52.53,627/5521,53.6,54.04,52.53,53.15,2.792159,9813628,17,688036,20260304
002938.SZ,鹏鼎控股,72.05,-1.0574018126888163,52.66,52.8,-1.62525687,54.59,52.5,628/5521,52.8,54.59,52.5,52.66,3.904352,2.4166854E7,33,002938,20260304
300684.SZ,中石科技,54.38,-2.3347701149425237,53.84,53.15,-0.31475653,55.37,52.5,628/5521,53.15,55.37,52.5,53.84,5.31383,8815396,33,300684,20260304
301389.SZ,隆扬电子,62.49,-4.023959453232987,52.93,54.08,-2.89855072,55.49,52.5,628/5521,54.08,55.49,52.5,52.93,5.485232,8437179,33,301389,20260304
603334.SH,丰倍生物,48.55,-3.498310475054671,54.55,52.45,4.04348655,56.98,52.45,631/5521,52.45,56.98,52.45,54.55,8.640091,3250240,17,603334,20260304
300073.SZ,当升科技,63.44,-2.3549330460212423,52.58,52.6,-0.92330884,53.78,52.29,632/5521,52.6,53.78,52.29,52.58,2.807612,1.107175E7,33,300073,20260304
603663.SH,三祥新材,46.35,-1.8216479559415366,55.41,52.66,5.22218002,56.9,52.23,633/5521,52.66,56.9,52.23,55.41,8.868211,1.7715607E7,17,603663,20260304
688680.SH,海优新材,49.75,1.4271151885830844,52.64,52.63,-2.17431704,54,52.17,634/5521,52.63,54,52.17,52.64,3.400854,3177552,17,688680,20260304
301050.SZ,雷电微力,39.74,1.1968423733129585,52.66,52.42,-2.60773072,54.64,52.16,635/5521,52.42,54.64,52.16,52.66,4.586646,9667589,33,301050,20260304
301613.SZ,新铝时代,46.93,0.4065040650406455,52.31,54.32,-2.22429907,55.69,52.16,635/5521,54.32,55.69,52.16,52.31,6.59813,4029263,33,301613,20260304
300820.SZ,英杰电气,49.25,12.881045152418055,53.18,52.11,0.64345193,54.35,52.11,637/5521,52.11,54.35,52.11,53.18,4.239212,3250369,33,300820,20260304
001285.SZ,瑞立科密,52.06,-0.4779200917606576,52.7,52.26,-2.87504607,53.85,52.1,638/5521,52.26,53.85,52.1,52.7,3.225211,2659084,33,001285,20260304
001332.SZ,锡装股份,62.8,-1.828982335469754,52.81,53.7,-1.87662579,53.88,52.1,638/5521,53.7,53.88,52.1,52.81,3.30732,1535913,33,001332,20260304
301315.SZ,威士顿,51.05,1.1291600633914427,52.65,53,-1.36755339,53.8,52.08,640/5521,53,53.8,52.08,52.65,3.22218,1902538,33,301315,20260304
301169.SZ,零点有数,70.02,3.228659885006631,52.15,53.56,-2.63256161,53.56,52.01,641/5521,53.56,53.56,52.01,52.15,2.89395,1209699,33,301169,20260304
301317.SZ,鑫磊股份,58.88,-1.9483763530391252,53.64,52.01,3.13401269,56.11,52.01,641/5521,52.01,56.11,52.01,53.64,7.883099,7285372,33,301317,20260304
688499.SH,利元亨,54.11,-2.4165915238954074,52.49,52.31,-1.14877589,53.5,52.01,641/5521,52.31,53.5,52.01,52.49,2.806026,4263724,17,688499,20260304
301137.SZ,哈焊华通,42.91,1.2505899008966352,53.58,53,-1.92202087,54.97,52,644/5521,53,54.97,52,53.58,5.436573,6623173,33,301137,20260304
300863.SZ,卡倍亿,57.19,-1.3114754098360744,53.53,53.3,0.45036592,53.79,51.99,645/5521,53.3,53.79,51.99,53.53,3.377744,2436124,33,300863,20260304
000733.SZ,振华科技,42.61,-2.135966926963711,52.4,51.98,-0.24747763,53.98,51.97,646/5521,51.98,53.98,51.97,52.4,3.826384,1.8964392E7,33,000733,20260304
603596.SH,伯特利,45.88,-0.5635023840485436,52.1,52.16,-1.58670193,53.3,51.9,647/5521,52.16,53.3,51.9,52.1,2.644503,1.1848403E7,17,603596,20260304
002338.SZ,奥普光电,61.06,-0.31020408163264934,51.91,52.69,-2.88119738,54.08,51.89,648/5521,52.69,54.08,51.89,51.91,4.097287,3880477,33,002338,20260304
001212.SZ,中旗新材,55.77,2.3302752293578037,54.56,52,3.92380952,55.42,51.88,649/5521,52,55.42,51.88,54.56,6.742857,1.0214032E7,33,001212,20260304
688023.SH,安恒信息,44.69,-2.529989094874599,52.3,52.79,-2.05992509,53.7,51.88,649/5521,52.79,53.7,51.88,52.3,3.408239,3461041,17,688023,20260304
300919.SZ,中伟新材,63.73,-2.4938800489596122,52.76,52.52,-0.41525104,53.75,51.8,651/5521,52.52,53.75,51.8,52.76,3.680634,1.3328508E7,33,300919,20260304
300785.SZ,值得买,49.32,-0.5645161290322603,52.12,52,-1.28787879,53.23,51.72,652/5521,52,53.23,51.72,52.12,2.859848,7126743,33,300785,20260304
000423.SZ,东阿阿胶,55.0,0.36496350364964025,52.54,52.4,-0.30360531,52.84,51.71,653/5521,52.4,52.84,51.71,52.54,2.144212,7379619,33,000423,20260304
688171.SH,纬德信息,51.79,-0.3463536655762935,54.55,51.61,2.78876955,55.38,51.61,654/5521,51.61,55.38,51.61,54.55,7.103825,1290023,17,688171,20260304
300832.SZ,新产业,48.25,-0.289315974374872,52.34,52.2,0.1722488,52.77,51.58,655/5521,52.2,52.77,51.58,52.34,2.277511,4678401,33,300832,20260304
301668.SZ,昊创瑞通,44.39,-0.47085201793722165,54.96,51.86,4.54631919,54.96,51.58,655/5521,51.86,54.96,51.58,54.96,6.429522,3079774,33,301668,20260304
300461.SZ,田中精机,52.78,-0.41509433962263936,53.5,52.04,2.88461538,53.99,51.51,657/5521,52.04,53.99,51.51,53.5,4.76923,4356512,33,300461,20260304
301325.SZ,曼恩斯特,43.79,1.2251502542764705,52.12,51.88,-0.24880383,53.73,51.51,657/5521,51.88,53.73,51.51,52.12,4.248803,2826901,33,301325,20260304
603049.SH,中策橡胶,48.94,-0.8910490076954329,51.71,52,-0.69137699,52.78,51.44,659/5521,52,52.78,51.44,51.71,2.573458,3026831,17,603049,20260304
688073.SH,毕得医药,63.52,6.3452201573748646,51.8,51.9,-0.95602294,52.93,51.31,660/5521,51.9,52.93,51.31,51.8,3.097514,940799,17,688073,20260304
002230.SZ,科大讯飞,47.79,-0.5617977528089952,51.72,51.46,-0.82454458,52.51,51.22,661/5521,51.46,52.51,51.22,51.72,2.473633,4.4006883E7,33,002230,20260304
688141.SH,杰华特,92.88,16.786118445869477,52.0,53.8,-4.07673861,54.57,51.21,662/5521,53.8,54.57,51.21,52.0,6.198118,1.1801524E7,17,688141,20260304
001337.SZ,四川黄金,53.73,5.291005291005282,54.47,51.11,-4.08522627,55.5,51.11,663/5521,51.11,55.5,51.11,54.47,7.730234,3.5185826E7,33,001337,20260304
688127.SH,蓝特光学,76.8,8.169014084507038,51.73,52,-1.52293927,54.6,51.08,664/5521,52,54.6,51.08,51.73,6.700932,8527287,17,688127,20260304
003043.SZ,华亚智能,57.84,4.593128390596757,55.21,51.02,7.09990301,55.4,51.02,665/5521,51.02,55.4,51.02,55.21,8.496605,4401916,33,003043,20260304
000426.SZ,兴业银锡,42.38,-2.2150438394093235,51.8,51.97,-4.42804428,53.9,51.01,666/5521,51.97,53.9,51.01,51.8,5.332103,7.9763196E7,33,000426,20260304
300418.SZ,昆仑万维,48.86,-2.6305300916699887,52.21,51.1,-0.17208413,53.57,51.01,666/5521,51.1,53.57,51.01,52.21,4.894837,5.273787E7,33,300418,20260304
001331.SZ,胜通能源,46.65,3.4138771890933257,54.21,54.06,-4.08704883,56.14,51,668/5521,54.06,56.14,51,54.21,9.094125,8013323,33,001331,20260304
688396.SH,华润微,56.65,1.9618430525557888,51.2,51.99,-2.21543163,52.78,50.96,669/5521,51.99,52.78,50.96,51.2,3.475935,1.2717443E7,17,688396,20260304
301233.SZ,盛帮股份,57.29,1.4700673042862173,51.64,50.92,0.40832199,52.15,50.91,670/5521,50.92,52.15,50.91,51.64,2.411044,702700,33,301233,20260304
001238.SZ,浙江正特,48.9,0.30769230769230477,51.39,51.87,-0.9253904,52,50.89,671/5521,51.87,52,50.89,51.39,2.139965,271600,33,001238,20260304
301275.SZ,汉朔科技,45.03,0.9188704616763866,51.2,50.92,-0.58252427,51.93,50.88,672/5521,50.92,51.93,50.88,51.2,2.038834,1492821,33,301275,20260304
688090.SH,瑞松科技,74.35,7.863049470477277,52.6,51.31,2.33463035,52.95,50.88,672/5521,51.31,52.95,50.88,52.6,4.027237,3109654,17,688090,20260304
301148.SZ,嘉戎技术,69.01,-0.2889755815633415,52.58,51.1,1.31021195,53.3,50.72,674/5521,51.1,53.3,50.72,52.58,4.971098,1620642,33,301148,20260304
002466.SZ,天齐锂业,80.03,5.971927966101702,52.07,50.7,0.94998061,53.32,50.64,675/5521,50.7,53.32,50.64,52.07,5.195812,3.3251515E7,33,002466,20260304
603416.SH,信捷电气,54.36,3.7800687285223304,50.9,51.07,-1.03052693,51.98,50.6,676/5521,51.07,51.98,50.6,50.9,2.683258,1665400,17,603416,20260304
600418.SH,江淮汽车,47.34,-1.661819692563351,51.15,50.76,-0.25351014,51.85,50.57,677/5521,50.76,51.85,50.57,51.15,2.496099,2.9057196E7,17,600418,20260304
688401.SH,路维光电,65.28,2.1436394930370906,51.07,50.96,-0.64202335,52.48,50.57,677/5521,50.96,52.48,50.57,51.07,3.715953,2239900,17,688401,20260304
301105.SZ,鸿铭股份,59.1,0.3395585738539946,53.29,51.65,3.8791423,53.8,50.51,679/5521,51.65,53.8,50.51,53.29,6.413255,965900,33,301105,20260304
003041.SZ,真爱美家,52.4,-0.28544243577544925,51.09,51,-1.31350203,52,50.5,680/5521,51,52,50.5,51.09,2.89743,3135248,33,003041,20260304
300346.SZ,南大光电,51.52,1.457266640409614,50.95,51,-0.37152914,52.55,50.5,680/5521,51,52.55,50.5,50.95,4.008603,2.9548978E7,33,300346,20260304
603031.SH,安孚科技,41.5,1.0223953261927987,51.01,53.88,-8.46940606,54.8,50.4,682/5521,37.07586207,37.71034483,34.67586207,35.1,7.895209,1.4797577E7,17,603031,20260304
300784.SZ,利安科技,50.47,1.345381526104421,50.82,51,-1.28205128,51.53,50.38,683/5521,51,51.53,50.38,50.82,2.233877,891320,33,300784,20260304
002796.SZ,世嘉科技,55.07,0.5661066471877324,52.11,50.49,-0.93155894,53.44,50.31,684/5521,50.49,53.44,50.31,52.11,5.95057,1.2342104E7,33,002796,20260304
000962.SZ,东方钽业,43.87,-1.1714350078846658,53.06,51.28,1.62804061,54.89,50.3,685/5521,51.28,54.89,50.3,53.06,8.791419,2.4114866E7,33,000962,20260304
300895.SZ,铜牛信息,61.0,-3.358681875792138,51.28,50.64,-0.71636012,52.7,50.3,685/5521,50.64,52.7,50.3,51.28,4.64666,4899076,33,300895,20260304
603009.SH,北特科技,45.94,1.0558732952045686,53.75,50.3,5.02149277,55.2,50.3,685/5521,50.3,55.2,50.3,53.75,9.574052,1.955409E7,17,603009,20260304
301171.SZ,易点天下,33.47,0.0,50.89,50.35,0.11804053,51.79,50.28,688/5521,38.70384615,39.81153846,38.65,39.12,2.970686,2.4109286E7,33,301171,20260304
301248.SZ,杰创智能,85.2,0.023479690068086426,51.52,51.4,-1.86666667,54.1,50.2,689/5521,51.4,54.1,50.2,51.52,7.428571,7441720,33,301248,20260304
688193.SH,仁度生物,60.62,-1.702610669693537,50.37,50.56,-0.88547816,51.55,50.2,689/5521,50.56,51.55,50.2,50.37,2.656434,442033,17,688193,20260304
001317.SZ,三羊马,52.83,0.2466793168880369,50.63,50.9,-1.87984496,51.98,50.16,691/5521,50.9,51.98,50.16,50.63,3.527131,2527970,33,001317,20260304
002304.SZ,洋河股份,49.23,-1.1048613901165212,50.31,50.92,-1.71908576,50.93,50.14,692/5521,50.92,50.93,50.14,50.31,1.54327,6594809,33,002304,20260304
601021.SH,春秋航空,47.18,-0.04237288135593882,50.32,51.05,-1.98675497,51.58,50.05,693/5521,51.05,51.58,50.05,50.32,2.980132,7605600,17,601021,20260304
300881.SZ,盛德鑫泰,50.0,2.2494887525562404,50.93,50.42,-0.1372549,52.06,50.03,694/5521,50.42,52.06,50.03,50.93,3.980392,2946847,33,300881,20260304
300806.SZ,斯迪克,74.2,0.8289169724147295,51.03,50.81,-1.52450791,53.29,50,695/5521,50.81,53.29,50,51.03,6.3489,1.9165176E7,33,300806,20260304
300807.SZ,天迈科技,,,50.72,50.33,-0.54901961,51.52,50,695/5521,50.33,51.52,50,50.72,2.980392,931410,33,300807,20260304
688170.SH,德龙激光,60.46,3.0861040068201233,51.13,51.01,-2.42366412,53.2,50,695/5521,51.01,53.2,50,51.13,6.10687,7914633,17,688170,20260304
688290.SH,景业智能,60.01,2.406143344709892,50.93,50,-1.12599495,51.88,50,695/5521,50,51.88,50,50.93,3.649776,904318,17,688290,20260304
920183.BJ,海菲曼,37.98,1.877682403433465,53.3,51.17,170.42110604,64.5,50,695/5521,51.17,64.5,50,53.3,73.566717,9118747,151,920183,20260304
300875.SZ,捷强装备,39.3,1.8926626912107776,55.79,51.15,3.20014798,58,49.87,700/5521,51.15,58,49.87,55.79,15.038845,1.9036448E7,33,300875,20260304
002432.SZ,九安医疗,73.5,-2.208621607237888,50.99,50.25,0.97029703,51.98,49.77,701/5521,50.25,51.98,49.77,50.99,4.376237,4.0091441E7,33,002432,20260304
301328.SZ,维峰电子,62.16,0.6476683937823812,51.0,50.85,-1.73410405,51.16,49.76,702/5521,50.85,51.16,49.76,51.0,2.697495,2618872,33,301328,20260304
688191.SH,智洋创新,45.78,2.6457399103139005,50.21,50.6,-3.83068378,54.35,49.7,703/5521,50.6,54.35,49.7,50.21,8.906339,1.1113038E7,17,688191,20260304
603737.SH,三棵树,42.67,-0.8826945412311161,50.02,50,-1.94079592,51.47,49.6,704/5521,50,51.47,49.6,50.02,3.665947,3811849,17,603737,20260304
600702.SH,舍得酒业,44.25,-1.139410187667556,49.49,50.82,-3.73468197,50.82,49.49,705/5521,50.82,50.82,49.49,49.49,2.587045,6090552,17,600702,20260304
605598.SH,上海港湾,48.3,6.9293779056896065,51.14,49.46,0.23520188,51.86,49.46,706/5521,49.46,51.86,49.46,51.14,4.704037,3762800,17,605598,20260304
301117.SZ,佳缘科技,43.9,1.8325214567385737,52.47,49.42,2.42045676,53.22,49.42,707/5521,49.42,53.22,49.42,52.47,7.417528,6382345,33,301117,20260304
300456.SZ,赛微电子,45.82,2.071730897750055,50.65,49.5,0.21764939,51.7,49.4,708/5521,49.13,51.33,49.03,50.28,4.55085,3.3119765E7,33,300456,20260304
001325.SZ,元创股份,54.65,-0.5278485620677087,49.87,50,-1.59826361,50.98,49.3,709/5521,50,50.98,49.3,49.87,3.314917,1640700,33,001325,20260304
300450.SZ,先导智能,55.22,-1.057158215373595,49.82,49.41,-0.65802592,50.8,49.25,710/5521,49.41,50.8,49.25,49.82,3.090727,4.2559965E7,33,300450,20260304
688248.SH,南网科技,54.91,-2.710843373493978,50.9,49.22,1.7186251,52.03,49.22,711/5521,49.22,52.03,49.22,50.9,5.615507,4084969,17,688248,20260304
301186.SZ,超达装备,66.46,2.2461538461538364,49.69,49.58,-1.54547256,50.3,49.16,712/5521,49.58,50.3,49.16,49.69,2.258767,1299607,33,301186,20260304
001396.SZ,誉帆科技,46.85,-1.8025571159086133,54.81,49.2,9.99397953,54.81,49.09,713/5521,49.2,54.81,49.09,54.81,11.479028,2511405,33,001396,20260304
688607.SH,康众医疗,66.03,5.09310838771288,51.51,50.75,-1.11345748,52.2,49.04,714/5521,50.75,52.2,49.04,51.51,6.066423,2261209,17,688607,20260304
300316.SZ,晶盛机电,42.62,1.937335565654138,49.42,49.47,-2.85040299,51.3,49,715/5521,49.47,51.3,49,49.42,4.521328,3.3990976E7,33,300316,20260304
002025.SZ,航天电器,73.19,8.157233633811135,51.11,49.1,2.48646481,51.67,48.95,716/5521,49.1,51.67,48.95,51.11,5.45418,1.5381635E7,33,002025,20260304
605196.SH,华通线缆,42.7,-1.4539579967689717,54.34,49.3,10,54.34,48.8,717/5521,49.3,54.34,48.8,54.34,11.214574,2.4073928E7,17,605196,20260304
300946.SZ,恒而达,47.65,2.1874329830581085,49.46,49.99,-1.31683958,50.08,48.7,718/5521,49.99,50.08,48.7,49.46,2.753391,1396622,33,300946,20260304
002929.SZ,润建股份,59.68,10.009216589861751,50.3,49,1.10552764,51,48.62,719/5521,49,51,48.62,50.3,4.783919,3.257884E7,33,002929,20260304
603358.SH,华达科技,31.32,-3.808353808353814,49.3,49.89,-1.18260172,50.49,48.6,720/5521,49.89,50.49,48.6,49.3,3.788334,5565913,17,603358,20260304
301616.SZ,浙江华业,45.09,-1.4426229508196646,49.25,49.12,-0.86553945,49.75,48.58,721/5521,49.12,49.75,48.58,49.25,2.355072,770100,33,301616,20260304
301581.SZ,黄山谷捷,46.93,1.2295081967213122,49.21,49.08,0.22403259,49.54,48.56,722/5521,49.08,49.54,48.56,49.21,1.995926,480373,33,301581,20260304
300618.SZ,寒锐钴业,48.18,0.47966631908237095,49.51,48.7,-0.02019386,51.27,48.52,723/5521,48.7,51.27,48.52,49.51,5.553311,1.4889421E7,33,300618,20260304
688685.SH,迈信林,48.67,2.8964059196617433,50.3,49.97,-1.48844497,51.55,48.49,724/5521,49.97,51.55,48.49,50.3,5.992949,4439926,17,688685,20260304
688049.SH,炬芯科技,48.07,2.5821596244131473,48.6,48.42,-1.65924727,50.23,48.42,725/5521,48.42,50.23,48.42,48.6,3.662484,4418396,17,688049,20260304
301618.SZ,长联科技,48.82,0.47334842560196927,49.01,48.83,0.36862584,49.53,48.35,726/5521,48.83,49.53,48.35,49.01,2.416547,460882,33,301618,20260304
688727.SH,恒坤新材,50.46,2.8536485935589044,51.0,48.58,2.1021021,51.6,48.35,726/5521,48.58,51.6,48.35,51.0,6.506506,3563883,17,688727,20260304
920394.BJ,民士达,48.6,-1.1793411956079674,50.34,48.43,2.92373748,52.34,48.3,728/5521,48.23,52.14,48.1,50.14,8.260069,1981152,151,920394,20260304
688500.SH,慧辰股份,46.63,-1.769538655993251,49.52,49.52,-0.36217304,50.56,48.08,729/5521,49.52,50.56,48.08,49.52,4.989939,2416160,17,688500,20260304
300726.SZ,宏达电子,49.16,-0.1624695369618306,49.79,48.06,2.32223592,50.96,48.06,730/5521,48.06,50.96,48.06,49.79,5.95972,9412303,33,300726,20260304
688665.SH,四方光电,48.96,1.7667844522968228,48.29,49.26,-2.64112903,49.6,48.01,731/5521,49.26,49.6,48.01,48.29,3.205645,952808,17,688665,20260304
300852.SZ,四会富仕,45.57,-0.1971090670170747,49.08,48.2,0.98765432,50.28,48,732/5521,48.06,50.14,47.86,48.94,4.691358,6610371,33,300852,20260304
301512.SZ,智信精密,50.3,2.799918250562022,48.18,49.18,-1.69353193,49.51,48,732/5521,49.18,49.51,48,48.18,3.081003,1036023,33,301512,20260304
301182.SZ,凯旺科技,69.16,2.096250369058166,48.96,48.53,-0.91074681,51.07,47.91,734/5521,48.53,51.07,47.91,48.96,6.395466,4133356,33,301182,20260304
603260.SH,合盛硅业,44.6,-1.8701870187018732,48.2,48.01,-1.57239126,49.26,47.91,734/5521,48.01,49.26,47.91,48.2,2.756789,8655756,17,603260,20260304
002046.SZ,国机精工,52.21,4.128440366972478,48.32,48.53,-2.5610002,49.87,47.87,736/5521,48.53,49.87,47.87,48.32,4.033071,1.7661248E7,33,002046,20260304
301586.SZ,佳力奇,42.0,1.64569215876089,49.35,50.4,-4.37899632,51.1,47.87,736/5521,50.4,51.1,47.87,49.35,6.258477,5102900,33,301586,20260304
300503.SZ,昊志机电,62.65,-2.717391304347837,48.46,47.95,0.04128819,49.29,47.85,738/5521,47.95,49.29,47.85,48.46,2.972749,9558009,33,300503,20260304
603688.SH,石英股份,55.18,-0.8801868151607724,48.22,47.85,-0.72060943,49.89,47.83,739/5521,47.85,49.89,47.83,48.22,4.241301,2.0502798E7,17,603688,20260304
600763.SH,通策医疗,42.18,-2.4965325936199685,48.24,48.25,-0.43343653,49.56,47.82,740/5521,48.25,49.56,47.82,48.24,3.591331,1.0324426E7,17,600763,20260304
301235.SZ,华康洁净,50.6,2.18093699515347,49.03,47.79,1.51138716,50.5,47.78,741/5521,47.79,50.5,47.78,49.03,5.631469,5493373,33,301235,20260304
603062.SH,麦加芯彩,53.75,-1.0128913443830518,47.89,48.35,-2.68238163,49.93,47.77,742/5521,48.35,49.93,47.77,47.89,4.389351,815679,17,603062,20260304
301609.SZ,山大电力,45.17,-0.9429824561403503,52.64,47.99,6.25756964,54.54,47.72,743/5521,47.99,54.54,47.72,52.64,13.766653,9065641,33,301609,20260304
688210.SH,统联精密,44.92,3.5023041474654453,48.65,48.22,-1.31845842,50.2,47.5,744/5521,48.22,50.2,47.5,48.65,5.476673,4158497,17,688210,20260304
603950.SH,长源东谷,55.65,-1.0490753911806603,49.8,47.46,-0.51937675,52.35,47.46,745/5521,47.46,52.35,47.46,49.8,9.768278,1.4900615E7,17,603950,20260304
300596.SZ,利安隆,43.41,-2.273750562809557,47.75,47.64,-0.10460251,48.71,47.38,746/5521,47.64,48.71,47.38,47.75,2.782426,3348783,33,300596,20260304
001316.SZ,润贝航科,51.9,10.004239084357776,51.2,47.38,7.3150283,51.5,47.37,747/5521,47.38,51.5,47.37,51.2,8.656466,5608867,33,001316,20260304
688710.SH,益诺思,67.0,-1.44160047072669,47.7,49.7,-4.00482995,49.77,47.34,748/5521,49.7,49.77,47.34,47.7,4.890319,1711700,17,688710,20260304
300438.SZ,鹏辉能源,86.1,6.29629629629629,47.6,48.22,-3.13390313,49.53,47.3,749/5521,48.22,49.53,47.3,47.6,4.538054,3.740832E7,33,300438,20260304
600547.SH,山东黄金,34.38,-2.8813559322033786,47.97,47.22,-4.57529342,48.97,47.2,750/5521,47.22,48.97,47.2,47.97,3.520986,7.1360838E7,17,600547,20260304
002156.SZ,通富微电,51.77,4.585858585858592,48.19,47.19,0.3122398,49.78,47.19,751/5521,47.19,49.78,47.19,48.19,5.39134,8.0605819E7,33,002156,20260304
688601.SH,力芯微,52.85,4.343534057255682,48.3,48.08,-1.14613181,49.6,47.16,752/5521,48.08,49.6,47.16,48.3,4.99386,4196827,17,688601,20260304
000603.SZ,盛达资源,36.48,-2.720000000000008,49.0,47.15,-3.75171872,50.22,47.13,753/5521,47.15,50.22,47.13,49.0,6.069534,3.4210113E7,33,000603,20260304
688768.SH,容知日新,41.04,-0.6776379477250754,48.05,48.97,-0.64102564,50.29,47.08,754/5521,48.97,50.29,47.08,48.05,6.637717,4774823,17,688768,20260304
301119.SZ,正强股份,40.9,1.7412935323382976,47.45,48.51,-2.04376548,48.74,47.03,755/5521,48.51,48.74,47.03,47.45,3.53014,1757868,33,301119,20260304
301266.SZ,宇邦新材,42.29,0.37977688108235597,48.69,47.27,2.22548814,49.85,47.01,756/5521,47.27,49.85,47.01,48.69,5.962628,6084290,33,301266,20260304
002149.SZ,西部材料,63.51,9.993072393488042,47.27,47.28,-4.63990317,50.04,47,757/5521,47.28,50.04,47,47.27,6.132741,6.0093199E7,33,002149,20260304
301575.SZ,艾芬达,46.57,2.1271929824561377,47.91,47.78,0.56675063,48,47,757/5521,47.78,48,47,47.91,2.099076,638582,33,301575,20260304
002126.SZ,银轮股份,46.02,-1.5193665739353601,47.91,47.66,-1.82377049,49.01,46.99,759/5521,47.66,49.01,46.99,47.91,4.139344,2.9611925E7,33,002126,20260304
689009.SH,九号公司,43.74,-3.8681318681318637,47.68,47,0.61194345,48.49,46.98,760/5521,47,48.49,46.98,47.68,3.186326,6808628,17,689009,20260304
301567.SZ,贝隆精密,43.63,1.9630754849263927,47.68,46.92,0.46354825,48.47,46.92,761/5521,46.92,48.47,46.92,47.68,3.265908,1521240,33,301567,20260304
300007.SZ,汉威科技,42.95,1.9463565155471165,47.13,47.31,-1.15352349,48.22,46.91,762/5521,47.31,48.22,46.91,47.13,2.747483,1.0431065E7,33,300007,20260304
688237.SH,超卓航科,56.33,1.5137862677959926,47.56,47.44,-0.43960645,48.28,46.9,763/5521,47.44,48.28,46.9,47.56,2.888842,1041996,17,688237,20260304
300936.SZ,中英科技,72.93,3.7116040955631595,48.25,47.23,1.66455963,49.7,46.88,764/5521,47.23,49.7,46.88,48.25,5.941845,6079107,33,300936,20260304
605090.SH,九丰能源,45.56,-3.392705682782007,49.1,50,-5.57692308,50.68,46.8,765/5521,50,50.68,46.8,49.1,7.461538,3.3324452E7,17,605090,20260304
688283.SH,坤恒顺维,41.15,5.296827021494371,47.32,46.79,0.0422833,48.4,46.79,766/5521,46.79,48.4,46.79,47.32,3.403805,723007,17,688283,20260304
301393.SZ,昊帆生物,58.82,-0.4400812457684462,47.14,47.45,-1.09106169,47.77,46.69,767/5521,47.45,47.77,46.69,47.14,2.266051,770838,33,301393,20260304
603284.SH,林平发展,47.02,-0.6549757025142514,48.0,47.06,0.62893082,48,46.66,768/5521,47.06,48,46.66,48.0,2.809224,2369389,17,603284,20260304
688192.SH,迪哲医药,56.7,2.106969205834687,47.59,48.48,0.12623606,48.49,46.66,768/5521,48.48,48.49,46.66,47.59,3.850199,2164847,17,688192,20260304
688380.SH,中微半导,47.89,4.3127858854280205,47.29,46.7,1.04700855,49.04,46.66,768/5521,46.7,49.04,46.66,47.29,5.08547,1.1167213E7,17,688380,20260304
920015.BJ,锦华新材,37.39,-5.889755852000998,46.93,46.98,0.64336264,47.83,46.61,771/5521,46.98,47.83,46.61,46.93,2.616341,1006780,151,920015,20260304
300660.SZ,江苏雷利,42.53,0.7342491710090059,46.94,46.6,-0.40314025,47.8,46.54,772/5521,46.6,47.8,46.54,46.94,2.673456,4499218,33,300660,20260304
002294.SZ,信立泰,51.29,-1.1753371868978795,46.74,47.82,-2.4827874,48.8,46.39,773/5521,47.82,48.8,46.39,46.74,5.028166,6114248,33,002294,20260304
000799.SZ,酒鬼酒,42.7,0.35252643948297463,46.39,48.25,-5.86444805,48.3,46.37,774/5521,48.25,48.3,46.37,46.39,3.916396,1.1388477E7,33,000799,20260304
300850.SZ,新强联,42.84,2.8324531925108185,47.5,46.5,1.08533731,48.88,46.33,775/5521,46.205,48.585,46.035,47.21,5.426686,2.3438287E7,33,300850,20260304
300979.SZ,华利集团,38.13,-0.05242463958059246,46.74,47.02,-1.03747618,47.11,46.33,775/5521,47.02,47.11,46.33,46.74,1.651492,1728956,33,300979,20260304
002785.SZ,万里石,51.16,9.997849924747364,48.0,47,0.29251985,49.85,46.3,777/5521,47,49.85,46.3,48.0,7.417467,1.1070033E7,33,002785,20260304
002714.SZ,牧原股份,44.7,0.17929179740028106,47.13,46.69,1.28949065,47.23,46.26,778/5521,46.69,47.23,46.26,47.13,2.084676,5.4724688E7,33,002714,20260304
301178.SZ,天亿马,54.55,0.055025678650025736,46.5,47.69,-2.41343127,48.17,46.25,779/5521,47.69,48.17,46.25,46.5,4.02938,1600980,33,301178,20260304
688682.SH,霍莱沃,47.85,4.70459518599562,47.51,46.87,3.03621774,48.6,46.2,780/5521,46.87,48.6,46.2,47.51,5.204944,2172458,17,688682,20260304
301283.SZ,聚胶股份,48.16,0.22892819979188228,46.61,46.86,-0.53350405,47.86,46.17,781/5521,46.86,47.86,46.17,46.61,3.606487,1364500,33,301283,20260304
301607.SZ,富特科技,50.53,-3.568702290076331,46.25,46.51,-1.6166773,47.83,46.1,782/5521,46.51,47.83,46.1,46.25,3.680068,3545381,33,301607,20260304
920368.BJ,连城数控,32.99,2.45341614906832,46.42,46.54,-1.92267061,48.38,46.01,783/5521,46.54,48.38,46.01,46.42,5.007394,1.2124562E7,151,920368,20260304
002080.SZ,中材科技,55.17,-3.040421792618624,46.65,46,-0.38436899,47.89,46,784/5521,46,47.89,46,46.65,4.035874,2.957429E7,33,002080,20260304
688039.SH,当虹科技,42.13,2.2324678476098074,46.4,46,-1.69491525,47.54,46,784/5521,46,47.54,46,46.4,3.262711,2258524,17,688039,20260304
920179.BJ,凯德石英,47.95,1.4814814814814874,47.58,46.4,-2.4,49.82,46,784/5521,46.4,49.82,46,47.58,7.835897,3013352,151,920179,20260304
920505.BJ,九菱科技,39.0,-1.2158054711246122,47.8,46.69,2.35546039,48.65,46,784/5521,46.69,48.65,46,47.8,5.674518,1440280,151,920505,20260304
600487.SH,亨通光电,65.7,-2.4933214603739873,48.38,46.9,1.80976431,48.95,45.99,788/5521,46.9,48.95,45.99,48.38,6.228956,1.47598604E8,17,600487,20260304
600584.SH,长电科技,45.56,2.70513976555456,47.86,45.91,0.60962792,49.45,45.91,789/5521,45.91,49.45,45.91,47.86,7.441664,9.9526481E7,17,600584,20260304
002947.SZ,恒铭达,81.27,4.058898847631244,46.11,46.66,-1.9978746,47.32,45.9,790/5521,46.16,46.82,45.4,45.61,3.018065,5406180,33,002947,20260304
300339.SZ,润和软件,45.21,2.493765586034916,46.0,49.2,-7.72316951,50.05,45.88,791/5521,49.2,50.05,45.88,46.0,8.365095,4.1100876E7,33,300339,20260304
603353.SH,和顺石油,43.09,-1.6659059790050135,46.49,54,-8.78948401,54,45.87,792/5521,54,54,45.87,46.49,15.950559,2.267817E7,17,603353,20260304
688657.SH,浩辰软件,52.4,0.019087612139717523,46.27,46.5,-0.81457663,46.88,45.87,792/5521,46.5,46.88,45.87,46.27,2.165058,1178650,17,688657,20260304
002050.SZ,三花智控,46.92,4.685408299866134,47.5,45.95,1.97509661,47.97,45.8,794/5521,45.95,47.97,45.8,47.5,4.658651,1.09041148E8,33,002050,20260304
002475.SZ,立讯精密,67.0,-2.38927738927739,46.28,46.67,-2.3422663,47.09,45.8,794/5521,46.67,47.09,45.8,46.28,2.722093,1.19890568E8,33,002475,20260304
688091.SH,上海谊众,55.35,0.7279344858962667,47.1,46.01,1.35571336,47.37,45.75,796/5521,46.01,47.37,45.75,47.1,3.48612,2816949,17,688091,20260304
300331.SZ,苏大维格,53.01,0.7794676806083585,46.9,47,-1.38772077,48.95,45.68,797/5521,47,48.95,45.68,46.9,6.875525,1.2772578E7,33,300331,20260304
301003.SZ,江苏博云,52.88,-10.31207598371777,46.39,46.04,0.52004334,46.77,45.64,798/5521,46.04,46.77,45.64,46.39,2.448537,1808393,33,301003,20260304
002683.SZ,广东宏大,36.32,-0.6292749658002651,46.37,45.99,-0.6853716,47.2,45.62,799/5521,45.54,46.75,45.17,45.92,3.384022,1.4247905E7,33,002683,20260304
603173.SH,福斯达,38.9,-0.7653061224489904,46.0,45.78,-0.21691974,46.97,45.62,799/5521,45.78,46.97,45.62,46.0,2.928416,1889800,17,603173,20260304
605287.SH,德才股份,55.32,-0.5572532806039947,45.59,48.38,-9.99012833,49.92,45.59,801/5521,48.38,49.92,45.59,45.59,8.548864,8381668,17,605287,20260304
600391.SH,航发科技,37.19,2.4235747727898524,48.41,45.6,3.24162935,48.99,45.55,802/5521,45.6,48.99,45.55,48.41,7.336319,1.7448815E7,17,600391,20260304
301314.SZ,科瑞思,51.5,1.3380558835104284,47.35,47,0.0422565,48.09,45.47,803/5521,47,48.09,45.47,47.35,5.535601,1613442,33,301314,20260304
603370.SH,华新精科,41.78,0.9178743961352719,46.0,45.5,0.21786492,46.32,45.41,804/5521,45.5,46.32,45.41,46.0,1.98257,745704,17,603370,20260304
603312.SH,西典新能,39.49,-1.3982521847690268,45.55,45.53,-1.27871695,46.95,45.35,805/5521,45.53,46.95,45.35,45.55,3.467706,1636000,17,603312,20260304
605098.SH,行动教育,61.75,-1.5151515151515196,46.6,47.15,-1.97728229,47.5,45.3,806/5521,47.15,47.5,45.3,46.6,4.627681,1695640,17,605098,20260304
301319.SZ,唯特偶,70.77,2.1064781416822878,46.05,45.6,-0.96774194,47.86,45.26,807/5521,45.6,47.86,45.26,46.05,5.591397,3663565,33,301319,20260304
688377.SH,迪威尔,37.89,1.718120805369129,45.69,48.68,-7.07748627,49.3,45.25,808/5521,48.68,49.3,45.25,45.69,8.236729,8475442,17,688377,20260304
002901.SZ,大博医疗,43.4,2.576223115102804,45.4,46.98,-3.54790737,47.07,45.19,809/5521,46.98,47.07,45.19,45.4,3.994051,2413100,33,002901,20260304
300191.SZ,潜能恒信,43.38,-5.428384565075202,50.96,53.08,-3.99397136,57.88,45.15,810/5521,53.08,57.88,45.15,50.96,23.982667,6.2019461E7,33,300191,20260304
002891.SZ,中宠股份,33.65,-3.719599427753946,45.24,46.43,-2.60495156,46.55,45.13,811/5521,46.43,46.55,45.13,45.24,3.05705,3419751,33,002891,20260304
300652.SZ,雷迪克,39.43,2.4421927773447587,45.55,45.22,-0.97826087,46.34,45.1,812/5521,45.22,46.34,45.1,45.55,2.695652,1863273,33,300652,20260304
688435.SH,英方软件,41.03,2.575000000000003,49.38,45.06,-1.22024405,50.39,45.06,813/5521,45.06,50.39,45.06,49.38,10.662132,3554558,17,688435,20260304
301203.SZ,国泰环保,45.56,-0.34995625546805903,46.13,45.32,0.43544524,46.88,45.04,814/5521,44.52,46.08,44.24,45.33,4.006096,1645600,33,301203,20260304
688699.SH,明微电子,55.43,20.004329941545794,45.42,45.58,-1.04575163,46.68,45.04,814/5521,45.58,46.68,45.04,45.42,3.572984,3171830,17,688699,20260304
002625.SZ,光启技术,39.18,0.9013649240278172,45.28,45.32,-0.59275521,45.93,45,816/5521,45.32,45.93,45,45.28,2.041712,2.308931E7,33,002625,20260304
300909.SZ,汇创达,46.88,3.8776866829160204,45.65,45.39,-0.41448517,47.28,45,816/5521,45.39,47.28,45,45.65,4.973821,4611164,33,300909,20260304
301217.SZ,铜冠铜箔,78.34,10.369118061425754,45.89,46.68,-1.69237361,47.8,45,816/5521,46.68,47.8,45,45.89,5.998286,2.6280553E7,33,301217,20260304
688291.SH,金橙子,46.18,3.2185963343763917,45.51,47,-5.38461538,47.69,45,816/5521,47,47.69,45,45.51,5.592515,3432661,17,688291,20260304
301236.SZ,软通动力,39.44,0.0,45.21,45.6,-2.24864865,47.18,44.95,820/5521,45.6,47.18,44.95,45.21,4.821621,1.9273308E7,33,301236,20260304
688293.SH,奥浦迈,50.24,-2.9366306027820634,45.18,45.88,-0.92105263,46.26,44.93,821/5521,45.88,46.26,44.93,45.18,2.916666,990736,17,688293,20260304
301057.SZ,汇隆新材,32.34,-0.5229160258381871,44.91,44.91,,44.91,44.91,822/5521,44.91,44.91,44.91,44.91,,,33,301057,20260304
688146.SH,中船特气,80.35,5.570884246485344,45.23,46.06,-3.20992938,47.44,44.9,823/5521,46.06,47.44,44.9,45.23,5.43548,7775038,17,688146,20260304
601126.SH,四方股份,56.05,3.8155213928505187,48.52,45.02,4.84010372,49.77,44.88,824/5521,45.02,49.77,44.88,48.52,10.566119,3.3800478E7,17,601126,20260304
301300.SZ,远翔新材,42.79,-0.023364485981303765,45.04,45.05,-1.24972594,46.19,44.71,825/5521,45.05,46.19,44.71,45.04,3.244902,1304300,33,301300,20260304
300390.SZ,天华新能,110.5,0.0,45.05,44.66,-1.40074415,46.69,44.66,826/5521,44.66,46.69,44.66,45.05,4.442985,1.6334532E7,33,300390,20260304
300677.SZ,英科医疗,57.02,-1.315334025614396,46.05,45.05,1.47642133,46.8,44.66,826/5521,45.05,46.8,44.66,46.05,4.715733,1.5658412E7,33,300677,20260304
301518.SZ,长华化学,36.71,0.35538545653363196,46.13,45.11,2.26113944,46.36,44.6,828/5521,45.11,46.36,44.6,46.13,3.901573,2904682,33,301518,20260304
688449.SH,联芸科技,55.05,14.14057640472735,44.68,45,0.3143242,46.49,44.58,829/5521,45,46.49,44.58,44.68,4.28828,6978516,17,688449,20260304
603283.SH,赛腾股份,53.83,0.05576208178438873,44.93,44.51,-1.74939864,46.57,44.51,830/5521,44.51,46.57,44.51,44.93,4.504701,9613283,17,603283,20260304
601606.SH,长城军工,37.62,0.45393858477969184,47.48,46.04,1.0212766,48.5,44.5,831/5521,46.04,48.5,44.5,47.48,8.510638,3.468721E7,17,601606,20260304
001314.SZ,亿道信息,50.72,1.2375249500997954,44.55,44.75,-1.4380531,45.46,44.45,832/5521,44.75,45.46,44.45,44.55,2.234513,1757100,33,001314,20260304
301591.SZ,肯特股份,39.89,0.17579105976896103,45.69,44.68,1.48822745,46.2,44.45,832/5521,44.68,46.2,44.45,45.69,3.887161,1699400,33,301591,20260304
300689.SZ,澄天伟业,53.76,0.037216226274648344,45.23,44.31,0.33274179,47.19,44.31,834/5521,44.31,47.19,44.31,45.23,6.388642,2761600,33,300689,20260304
605099.SH,共创草坪,48.42,9.995456610631528,45.18,45.11,-0.37486218,46.88,44.3,835/5521,45.11,46.88,44.3,45.18,5.689084,4067955,17,605099,20260304
688045.SH,必易微,60.65,3.1989110090181985,44.55,44.3,-1.02199511,45.71,44.28,836/5521,44.3,45.71,44.28,44.55,3.177071,1765650,17,688045,20260304
688060.SH,云涌科技,47.63,2.2103004291845516,44.52,44.67,-2.75229358,46.13,44.28,836/5521,44.67,46.13,44.28,44.52,4.041065,671593,17,688060,20260304
688097.SH,博众精工,57.78,0.6444870231667037,44.52,44.71,-1.06666667,46.4,44.26,838/5521,44.71,46.4,44.26,44.52,4.755555,8165245,17,688097,20260304
300693.SZ,盛弘股份,46.47,-1.169715014887291,44.95,44.17,0.96585804,46.38,44.17,839/5521,44.17,46.38,44.17,44.95,4.964061,1.9616273E7,33,300693,20260304
688419.SH,耐科装备,42.1,2.2589264027204266,46.11,44.8,2.90113814,47.31,44.14,840/5521,44.8,47.31,44.14,46.11,7.074313,2709387,17,688419,20260304
688115.SH,思林杰,55.99,8.19323671497585,44.25,44.4,-1.11731844,45.17,44.11,841/5521,44.4,45.17,44.11,44.25,2.368715,667034,17,688115,20260304
300680.SZ,隆盛科技,40.1,3.993775933609956,44.22,44.1,-1.38269402,45.2,44.04,842/5521,44.1,45.2,44.04,44.22,2.586975,5464321,33,300680,20260304
688646.SH,ST逸飞,59.3,3.9621318373071492,46.28,44.2,2.84444444,46.74,44.03,843/5521,44.2,46.74,44.03,46.28,6.022222,1251953,22,688646,20260304
301071.SZ,力量钻石,54.01,3.5070908394020663,45.28,44,1.38826691,46.75,44,844/5521,44,46.75,44,45.28,6.157635,1.2292704E7,33,301071,20260304
603271.SH,永杰新材,52.0,4.0,45.15,44,-0.66006601,46.29,44,844/5521,44,46.29,44,45.15,5.038503,1893361,17,603271,20260304
688592.SH,司南导航,45.0,0.7838745800671925,45.01,44.11,0.24498886,45.49,44,844/5521,44.11,45.49,44,45.01,3.318485,971241,17,688592,20260304
688636.SH,智明达,43.83,2.0251396648044633,45.58,44.09,-0.30621172,46.48,44,844/5521,43.99,46.38,43.9,45.48,5.424321,5441696,17,688636,20260304
920159.BJ,农大科技,40.48,-0.0740557886941524,45.06,44.4,2.40909091,48.4,44,844/5521,44.4,48.4,44,45.06,10,5484242,151,920159,20260304
688363.SH,华熙生物,41.35,-4.61361014994233,44.06,44.3,-0.89968511,44.94,43.94,849/5521,44.3,44.94,43.94,44.06,2.249212,3117837,17,688363,20260304
605298.SH,必得科技,58.67,-0.8952702702702722,45.28,44.53,1.66142793,45.29,43.88,850/5521,44.53,45.29,43.88,45.28,3.165693,1918147,17,605298,20260304
688088.SH,虹软科技,42.6,4.977821586988672,43.92,44.45,-1.8547486,45.28,43.85,851/5521,44.45,45.28,43.85,43.92,3.19553,6031574,17,688088,20260304
002993.SZ,奥海科技,47.49,-1.0624999999999958,45.0,44.32,0.87424344,45.3,43.83,852/5521,44.32,45.3,43.83,45.0,3.295225,4565380,33,002993,20260304
300676.SZ,华大基因,39.94,-0.8933002481389565,43.9,44.44,-1.96516302,45.19,43.81,853/5521,44.44,45.19,43.81,43.9,3.081732,6395429,33,300676,20260304
301173.SZ,毓恬冠佳,43.77,0.8990318118948837,44.25,44.06,-0.56179775,45.22,43.8,854/5521,44.06,45.22,43.8,44.25,3.191011,689706,33,301173,20260304
920174.BJ,五新隧装,38.77,-1.5989847715735925,43.81,44.4,-2.73090586,45.17,43.8,854/5521,44.4,45.17,43.8,43.81,3.04174,1563498,151,920174,20260304
003007.SZ,直真科技,44.72,0.7888212756366947,43.93,43.78,-0.49830125,45.08,43.7,856/5521,43.78,45.08,43.7,43.93,3.125707,4161200,33,003007,20260304
601088.SH,中国神华,48.0,0.04168403501459593,46.11,45,0.65487885,46.31,43.66,857/5521,45,46.31,43.66,46.11,5.784763,7.0864863E7,17,601088,20260304
920699.BJ,海达尔,41.6,-2.0023557126030656,44.01,44.05,-0.65462754,44.8,43.61,858/5521,44.05,44.8,43.61,44.01,2.68623,201466,151,920699,20260304
301316.SZ,慧博云通,50.95,7.512133361468669,44.62,43.55,0.4954955,45.45,43.55,859/5521,43.55,45.45,43.55,44.62,4.279279,6890608,33,301316,20260304
688388.SH,嘉元科技,50.18,-1.8003913894324886,43.7,46.18,-6.72358591,47.36,43.49,860/5521,46.18,47.36,43.49,43.7,8.260405,2.4106766E7,17,688388,20260304
002913.SZ,奥士康,52.25,1.0247486465583935,43.9,44.1,-0.31789282,44.98,43.41,861/5521,44.1,44.98,43.41,43.9,3.56494,5500608,33,002913,20260304
301080.SZ,百普赛斯,44.7,-1.7366454165750695,43.54,43.62,-0.84263266,44.3,43.38,862/5521,43.62,44.3,43.38,43.54,2.095194,2649271,33,301080,20260304
300756.SZ,金马游乐,53.74,0.09312721177128751,43.78,44.02,-0.8380521,44.26,43.37,863/5521,44.02,44.26,43.37,43.78,2.015855,2372329,33,300756,20260304
300957.SZ,贝泰妮,40.88,-1.0409101912369878,43.56,43.8,-1.13481616,44.5,43.28,864/5521,43.5,44.2,42.98,43.26,2.768951,4889377,33,300957,20260304
688311.SH,盟升电子,34.39,2.3511904761904736,44.47,43.5,0.38374718,45.36,43.25,865/5521,43.5,45.36,43.25,44.47,4.762979,3141638,17,688311,20260304
688362.SH,甬矽电子,49.21,5.329623287671237,43.63,43.86,-1.64562669,45.97,43.22,866/5521,43.86,45.97,43.22,43.63,6.199278,1.3300647E7,17,688362,20260304
002881.SZ,美格智能,39.07,0.6439979392065945,45.86,43.91,3.14889789,46.88,43.21,867/5521,43.91,46.88,43.21,45.86,8.25461,9410121,33,002881,20260304
301502.SZ,华阳智能,49.58,3.5938152946092745,43.88,44.34,-1.96604111,45.3,43.15,868/5521,44.34,45.3,43.15,43.88,4.803395,1350300,33,301502,20260304
001335.SZ,信凯科技,47.9,0.27213732468075247,43.58,44.53,-2.65802993,44.9,43.12,869/5521,44.53,44.9,43.12,43.58,3.975876,1730422,33,001335,20260304
300619.SZ,金银河,41.03,-2.3095238095238066,43.74,43.12,-0.59090909,44.53,43.12,869/5521,43.12,44.53,43.12,43.74,3.204545,4761460,33,300619,20260304
301349.SZ,信德新材,58.73,-1.177856301531218,43.43,43.08,-1.49693808,44.31,43.08,871/5521,43.08,44.31,43.08,43.43,2.789748,1771439,33,301349,20260304
688721.SH,龙图光罩,45.57,0.6404593639575953,43.35,43.5,-0.02306273,44.3,43.08,871/5521,43.5,44.3,43.08,43.35,2.813653,1576368,17,688721,20260304
002032.SZ,苏泊尔,47.09,-1.0506408909434755,43.05,43.28,-1.1707989,43.6,43.01,873/5521,43.28,43.6,43.01,43.05,1.354453,1853244,33,002032,20260304
301096.SZ,百诚医药,58.56,4.664879356568363,43.98,43.46,0.2050581,44.48,43,874/5521,43.46,44.48,43,43.98,3.372066,1853476,33,301096,20260304
688309.SH,恒誉环保,70.49,4.259724892767335,44.41,43.58,2.09195402,45.9,43,874/5521,43.58,45.9,43,44.41,6.666666,3563594,17,688309,20260304
688159.SH,有方科技,47.99,9.892374627891,43.26,43.25,-0.96153846,44.55,42.99,876/5521,43.25,44.55,42.99,43.26,3.571428,2063441,17,688159,20260304
002922.SZ,伊戈尔,39.54,-2.6348190100960363,44.63,42.92,3.67015099,46.1,42.91,877/5521,42.92,46.1,42.91,44.63,7.409988,1.4918776E7,33,002922,20260304
688226.SH,威腾电气,55.72,3.858341099720411,45.22,43.33,3.930131,45.55,42.89,878/5521,43.33,45.55,42.89,45.22,6.113537,5867004,17,688226,20260304
688550.SH,瑞联新材,39.75,0.5311077389984847,42.96,44,-2.27479527,44.55,42.88,879/5521,44,44.55,42.88,42.96,3.798908,3491457,17,688550,20260304
301159.SZ,三维天地,38.84,0.595700595700606,43.69,43.58,0.90069284,44.16,42.86,880/5521,43.58,44.16,42.86,43.69,3.002309,2434204,33,301159,20260304
300855.SZ,图南股份,39.28,1.106821106821106,43.71,42.96,0.22930521,45.08,42.85,881/5521,42.96,45.08,42.85,43.71,5.113506,7675561,33,300855,20260304
688337.SH,普源精电,60.39,-1.660967269174395,43.49,43.01,0.02299908,43.99,42.8,882/5521,43.01,43.99,42.8,43.49,2.73689,3962285,17,688337,20260304
688709.SH,成都华微,37.67,-7.193890120719392,44.51,42.98,1.43573382,45.46,42.8,882/5521,42.98,45.46,42.8,44.51,6.061987,6594208,17,688709,20260304
688265.SH,南模生物,41.4,-0.048285852245299674,42.91,43.68,-1.76282051,43.68,42.71,884/5521,43.68,43.68,42.71,42.91,2.220695,593696,17,688265,20260304
001388.SZ,信通电子,37.52,0.4013914905004166,43.4,42.8,1.52046784,43.73,42.7,885/5521,42.8,43.73,42.7,43.4,2.409356,964192,33,001388,20260304
688269.SH,凯立新材,40.75,-0.1959343619887296,44.55,43.02,2.69709544,44.94,42.67,886/5521,43.02,44.94,42.67,44.55,5.232826,2663675,17,688269,20260304
301150.SZ,中一科技,68.52,3.8653933606184587,43.24,43,-0.52910053,44.67,42.66,887/5521,43,44.67,42.66,43.24,4.623878,5381565,33,301150,20260304
688805.SH,健信超导,51.98,-3.221001675665619,42.66,43.31,-3.28723645,44.1,42.65,888/5521,43.31,44.1,42.65,42.66,3.287236,2054435,17,688805,20260304
002792.SZ,通宇通讯,43.66,2.4882629107981105,43.33,42.62,-2.65108964,44.78,42.62,889/5521,42.62,44.78,42.62,43.33,4.852842,2.8249036E7,33,002792,20260304
002859.SZ,洁美科技,51.0,3.0303030303030303,42.62,42.62,,42.62,42.62,889/5521,42.62,42.62,42.62,42.62,,,33,002859,20260304
920640.BJ,富士达,35.49,2.2471910112359583,43.42,42.52,0.62572422,43.88,42.52,891/5521,42.52,43.88,42.52,43.42,3.151796,5376437,151,920640,20260304
603757.SH,大元泵业,50.58,-1.2109375000000089,43.09,42.66,-1.59853848,44.58,42.5,892/5521,42.66,44.58,42.5,43.09,4.749942,7965415,17,603757,20260304
300911.SZ,亿田智能,31.26,-0.7933989209774674,43.01,44.71,-4.44345701,47.17,42.46,893/5521,44.71,47.17,42.46,43.01,10.464341,1.1768699E7,33,300911,20260304
600345.SH,长江通信,48.66,-5.952841128720537,42.86,42.7,-1.65213401,44.45,42.46,893/5521,42.7,44.45,42.46,42.86,4.566314,1.3685733E7,17,600345,20260304
300378.SZ,鼎捷数智,38.92,-0.866021395822711,42.75,43.64,-2.39726027,44.43,42.42,895/5521,43.64,44.43,42.42,42.75,4.589041,1.2683703E7,33,300378,20260304
301131.SZ,聚赛龙,43.48,3.082029397818865,42.75,42.95,-1.45228216,43.68,42.42,895/5521,42.95,43.68,42.42,42.75,2.904564,1397401,33,301131,20260304
002653.SZ,海思科,58.53,5.4024851431658565,42.93,44.06,-4.55758115,44.94,42.38,897/5521,44.06,44.94,42.38,42.93,5.691418,7406936,33,002653,20260304
300812.SZ,易天股份,35.02,-0.39817974971556735,48.29,42.34,10.35191956,49.3,42.34,898/5521,42.34,49.3,42.34,48.29,15.904936,2.7784582E7,33,300812,20260304
605118.SH,力鼎光电,48.32,-1.9480519480519498,43.46,43.7,-1.22727273,44.22,42.2,899/5521,43.7,44.22,42.2,43.46,4.590909,3795934,17,605118,20260304
603039.SH,泛微网络,45.55,0.6852343059239504,42.47,42.96,-1.80346821,43.52,42.13,900/5521,42.96,43.52,42.13,42.47,3.213872,5648084,17,603039,20260304
603859.SH,能科科技,39.2,0.5128205128205201,42.63,42.3,-2.84867821,43.9,42.13,900/5521,42.3,43.9,42.13,42.63,4.033728,7770964,17,603859,20260304
603275.SH,众辰科技,46.32,-4.769736842105264,42.7,43.6,-0.90508239,43.6,42.12,902/5521,43.6,43.6,42.12,42.7,3.434671,1672151,17,603275,20260304
688400.SH,凌云光,59.32,20.008092251669026,42.9,42.3,-0.37157455,43.87,42.1,903/5521,42.3,43.87,42.1,42.9,4.110543,9774999,17,688400,20260304
688408.SH,中信博,40.53,-5.170800187178289,42.23,44.3,-5.9255959,44.72,42.07,904/5521,44.3,44.72,42.07,42.23,5.903319,9131393,17,688408,20260304
301023.SZ,奕帆传动,41.51,1.990171990171978,42.53,42.13,-1.18494424,43.32,42.06,905/5521,42.13,43.32,42.06,42.53,2.927509,1664397,33,301023,20260304
001226.SZ,拓山重工,47.84,1.4849384811200739,43.37,42.3,1.0249243,43.69,42,906/5521,42.3,43.69,42,43.37,3.936641,1038300,33,001226,20260304
301287.SZ,康力源,44.48,2.041752695572364,42.33,42.88,-1.28264925,42.99,42,906/5521,42.88,42.99,42,42.33,2.308768,990800,33,301287,20260304
603130.SH,云中马,45.66,-1.5736150032334641,43.13,43.3,-0.50749712,43.74,42,906/5521,43.07,43.51,41.77,42.9,4.01384,1761210,17,603130,20260304
688330.SH,宏力达,40.4,-10.579902611775124,43.95,42.72,1.73611111,44.49,42,906/5521,42.72,44.49,42,43.95,5.763888,4014907,17,688330,20260304
002315.SZ,焦点科技,30.44,0.06574621959237203,42.29,42.53,-1.46784716,43.2,41.93,910/5521,32.17692308,32.69230769,31.71538462,31.99,2.958993,6971486,33,002315,20260304
688651.SH,盛邦安全,39.0,1.1148561057816948,42.63,42.57,-0.83740405,43.26,41.89,911/5521,42.57,43.26,41.89,42.63,3.186787,1062728,17,688651,20260304
600612.SH,老凤祥,39.41,-0.8553459119496941,42.36,43.02,-2.71015158,43.23,41.88,912/5521,43.02,43.23,41.88,42.36,3.100597,2808400,17,600612,20260304
301448.SZ,开创电气,39.35,1.7321613236814937,42.44,45.06,0.87948657,45.1,41.87,913/5521,45.06,45.1,41.87,42.44,7.67768,839940,33,301448,20260304
603195.SH,公牛集团,44.85,8.490566037735842,42.26,42.4,-1.72093023,42.7,41.85,914/5521,42.4,42.7,41.85,42.26,1.976744,3479022,17,603195,20260304
600298.SH,安琪酵母,37.6,-2.159771012230024,42.22,42,-0.1891253,42.83,41.83,915/5521,42,42.83,41.83,42.22,2.364066,7855399,17,600298,20260304
300804.SZ,广康生化,51.8,-0.6520905255082535,43.85,42.72,1.1300738,46.46,41.78,916/5521,42.72,46.46,41.78,43.85,10.793357,5885033,33,300804,20260304
301099.SZ,雅创电子,58.47,-1.1161846778285196,42.07,41.78,-0.2371354,43.1,41.78,916/5521,41.78,43.1,41.78,42.07,3.130187,2889585,33,301099,20260304
601628.SH,中国人寿,36.67,0.08187772925764503,42.61,43.91,-3.42248413,43.91,41.78,916/5521,43.91,43.91,41.78,42.61,4.827742,2.8102694E7,17,601628,20260304
002428.SZ,云南锗业,70.01,1.1412886449003268,44.45,42.63,1.25284738,46.25,41.74,919/5521,42.63,46.25,41.74,44.45,10.273348,8.2672393E7,33,002428,20260304
603102.SH,百合股份,41.08,1.332017760236801,41.78,42,-1.80963572,42.53,41.71,920/5521,42,42.53,41.71,41.78,1.927144,832000,17,603102,20260304
601231.SH,环旭电子,37.8,-6.156901688182731,42.03,42.41,-3.55667737,44.14,41.66,921/5521,42.41,44.14,41.66,42.03,5.690683,4.7359162E7,17,601231,20260304
603341.SH,龙旗科技,36.81,1.9667590027700854,41.84,42,-1.87617261,43.18,41.66,921/5521,42,43.18,41.66,41.84,3.564727,7711453,17,603341,20260304
603389.SH,*ST亚振,61.82,4.993206521739126,43.58,41.6,0.16088256,44.5,41.6,923/5521,41.6,44.5,41.6,43.58,6.665134,1260440,22,603389,20260304
300558.SZ,贝达药业,51.94,7.826447996678422,41.85,42.1,-1.41342756,42.78,41.55,924/5521,42.1,42.78,41.55,41.85,2.897526,4299442,33,300558,20260304
688366.SH,昊海生科,39.65,-0.07560483870968028,41.71,42.49,-1.39479905,42.49,41.55,924/5521,42.49,42.49,41.55,41.71,2.222222,674448,17,688366,20260304
603072.SH,天和磁材,37.54,0.7785234899328837,42.24,41.52,0.18975332,43.22,41.52,926/5521,41.52,43.22,41.52,42.24,4.032258,3301546,17,603072,20260304
301520.SZ,万邦医药,42.46,0.8551068883610438,41.74,42,-0.7372176,42.6,41.47,927/5521,42,42.6,41.47,41.74,2.687277,642178,33,301520,20260304
605111.SH,新洁能,40.68,2.28815690218757,42.14,41.7,-1.90875233,43.7,41.43,928/5521,41.7,43.7,41.43,42.14,5.283985,1.5255589E7,17,605111,20260304
300054.SZ,鼎龙股份,62.36,5.748685772426659,42.2,41.5,-0.47169811,43.3,41.4,929/5521,41.5,43.3,41.4,42.2,4.481132,1.496458E7,33,300054,20260304
001373.SZ,翔腾新材,37.51,1.8463209340211777,42.0,41.41,-0.07137759,43.39,41.38,930/5521,41.41,43.39,41.38,42.0,4.782298,1421200,33,001373,20260304
000960.SZ,锡业股份,35.25,-1.5638089919017097,42.5,41.36,-3.23315118,44.54,41.36,931/5521,41.11,44.29,41.11,42.25,7.240437,9.2872161E7,33,000960,20260304
688552.SH,航天南湖,40.08,1.084489281210592,44.65,41.55,4.15208771,45.84,41.35,932/5521,41.55,45.84,41.35,44.65,10.473524,1.3046802E7,17,688552,20260304
300709.SZ,精研科技,41.58,-0.40718562874251907,42.22,41.32,0.86000956,43.53,41.21,933/5521,41.32,43.53,41.21,42.22,5.542283,9212894,33,300709,20260304
300770.SZ,新媒股份,37.95,-1.1461318051575873,41.48,42.31,-2.4,42.93,41.21,933/5521,42.31,42.93,41.21,41.48,4.047058,5531176,33,300770,20260304
300342.SZ,天银机电,68.31,0.07324934075592902,42.0,41.2,1.15606936,42.8,41.2,935/5521,41.2,42.8,41.2,42.0,3.853564,2.976016E7,33,300342,20260304
688053.SH,ST思科瑞,39.5,3.6745406824146944,41.58,41.69,-1.42247511,42.41,41.2,935/5521,41.69,42.41,41.2,41.58,2.868658,917003,22,688053,20260304
688719.SH,爱科赛博,59.96,1.0959366042825807,41.5,43.02,-3.86842715,43.59,41.2,935/5521,43.02,43.59,41.2,41.5,5.536252,3502682,17,688719,20260304
002842.SZ,翔鹭钨业,38.49,10.002857959416975,46.05,41.61,5.42582418,47.59,41.19,938/5521,41.61,47.59,41.19,46.05,14.652014,7.5458173E7,33,002842,20260304
300255.SZ,常山药业,41.36,0.3396409509946642,41.9,44.5,-5.88499551,44.6,41.18,939/5521,44.5,44.6,41.18,41.9,7.68194,2.5029095E7,33,300255,20260304
301202.SZ,朗威股份,40.39,0.597758405977589,41.54,41.32,-0.55063443,42.42,41.16,940/5521,41.32,42.42,41.16,41.54,3.016519,1925824,33,301202,20260304
301226.SZ,祥明智能,38.59,-0.592478104070059,41.68,41.56,-2.77583392,44.14,41.15,941/5521,41.56,44.14,41.15,41.68,6.974574,1.1238202E7,33,301226,20260304
603120.SH,肯特催化,39.12,0.5397070161912128,42.63,41.51,1.98564593,44.13,41.15,941/5521,41.51,44.13,41.15,42.63,7.129186,2437713,17,603120,20260304
300584.SZ,海辰药业,42.27,-2.423822714681434,41.56,41.42,-0.69295102,42.36,41.11,943/5521,41.42,42.36,41.11,41.56,2.986857,1994278,33,300584,20260304
600211.SH,西藏药业,40.46,-1.772274823986397,41.18,42,-1.67144222,42.2,41.11,943/5521,42,42.2,41.11,41.18,2.602674,2689960,17,600211,20260304
301272.SZ,英华特,44.6,-0.6460236132768972,41.46,41.17,-0.33653846,42.07,41.06,945/5521,41.17,42.07,41.06,41.46,2.427884,951956,33,301272,20260304
300818.SZ,耐普矿机,33.05,-0.6612563871355754,41.77,41.46,-0.7602756,43.32,41,946/5521,41.46,43.32,41,41.77,5.511998,2718181,33,300818,20260304
920438.BJ,戈碧迦,43.39,-2.800179211469534,42.96,41.67,2.28571429,43.99,41,946/5521,41.67,43.99,41,42.96,7.119047,3839976,151,920438,20260304
300613.SZ,富瀚微,59.05,-0.8895602551191695,41.03,41.33,-1.55950096,42.15,40.96,948/5521,41.33,42.15,40.96,41.03,2.855086,3778900,33,300613,20260304
301281.SZ,科源制药,37.69,-0.5278437582475662,42.5,40.96,2.50844187,43.76,40.96,948/5521,40.96,43.76,40.96,42.5,6.753497,4230636,33,301281,20260304
001395.SZ,亚联机械,40.1,0.6021073758153588,41.26,41.46,-1.12628804,41.94,40.9,950/5521,41.46,41.94,40.9,41.26,2.492211,697849,33,001395,20260304
688116.SH,天奈科技,42.87,-1.2666973744818153,41.24,41,0.58536585,42.13,40.9,950/5521,41,42.13,40.9,41.24,3,8435768,17,688116,20260304
688677.SH,海泰新光,110.0,-0.9009009009009009,40.97,41.45,-2.68408551,42.29,40.88,952/5521,41.45,42.29,40.88,40.97,3.349168,1671217,17,688677,20260304
920748.BJ,路桥信息,33.66,1.0507355148603852,44.8,40.87,6.16113744,45.85,40.86,953/5521,40.87,45.85,40.86,44.8,11.824644,2780288,151,920748,20260304
301228.SZ,实朴检测,53.1,-1.8484288354898335,41.49,41.49,-1.44893112,42.46,40.84,954/5521,41.49,42.46,40.84,41.49,3.84798,2106599,33,301228,20260304
002138.SZ,顺络电子,33.95,-3.46886551037816,41.12,41.08,-1.7208413,42.6,40.82,955/5521,40.28,41.8,40.02,40.32,4.254302,2.6608354E7,33,002138,20260304
301189.SZ,奥尼电子,81.3,0.2713369511593474,41.04,41.6,-1.36986301,41.85,40.78,956/5521,41.6,41.85,40.78,41.04,2.571497,1203600,33,301189,20260304
300769.SZ,德方纳米,71.95,12.9158819836786,41.26,40.77,-0.38628682,42.6,40.77,957/5521,40.77,42.6,40.77,41.26,4.418155,9420422,33,300769,20260304
603619.SH,中曼石油,33.66,-2.716763005780361,47.05,48.18,6.95612639,48.18,40.77,957/5521,48.18,48.18,40.77,47.05,16.844737,1.18679014E8,17,603619,20260304
600160.SH,巨化股份,36.63,-0.5160239000543121,40.87,41.51,-3.03677343,42.68,40.75,959/5521,41.51,42.68,40.75,40.87,4.578884,3.0968905E7,17,600160,20260304
300489.SZ,光智科技,96.8,2.6184670836425306,41.72,41.28,0.2402691,41.98,40.73,960/5521,41.28,41.98,40.73,41.72,3.003363,2469872,33,300489,20260304
300557.SZ,理工光科,35.28,0.6849315068493208,42.18,41,1.46740438,43.57,40.73,960/5521,41,43.57,40.73,42.18,6.831849,7465837,33,300557,20260304
002959.SZ,小熊电器,41.28,-3.3934004212496975,41.33,41.8,-1.85229162,41.91,40.72,962/5521,41.8,41.91,40.72,41.33,2.825932,1653691,33,002959,20260304
600329.SH,达仁堂,40.6,1.601601601601603,40.83,41.05,-1.13801453,41.6,40.7,963/5521,41.05,41.6,40.7,40.83,2.179176,3364340,17,600329,20260304
688166.SH,博瑞医药,63.1,6.768189509306261,41.1,41.42,-1.20192308,41.99,40.68,964/5521,41.42,41.99,40.68,41.1,3.149038,9300724,17,688166,20260304
002151.SZ,北斗星通,40.9,2.3523523523523466,41.59,40.8,1.21684108,42.17,40.61,965/5521,40.8,42.17,40.61,41.59,3.796544,2.6786034E7,33,002151,20260304
688799.SH,华纳药厂,58.68,0.8074214052568267,41.48,41,0.43583535,42.18,40.51,966/5521,41,42.18,40.51,41.48,4.043583,1509651,17,688799,20260304
300508.SZ,维宏股份,32.1,-0.3105590062111845,41.52,41.05,-0.04814636,42.5,40.5,967/5521,41.05,42.5,40.5,41.52,4.814636,3103580,33,300508,20260304
300706.SZ,阿石创,42.5,3.9119804400978033,40.93,40.84,-1.96407186,42.22,40.5,967/5521,40.84,42.22,40.5,40.93,4.11976,9718270,33,300706,20260304
301201.SZ,诚达药业,41.24,0.02425418384672597,41.39,40.8,-0.76720211,41.71,40.5,967/5521,40.8,41.71,40.5,41.39,2.900982,2848320,33,301201,20260304
301373.SZ,凌玮科技,115.98,3.859586281006539,49.61,40.75,20.00483793,49.61,40.5,967/5521,40.75,49.61,40.5,49.61,22.036768,1.1217089E7,33,301373,20260304
688100.SH,威胜信息,37.37,3.1181015452538503,40.91,40.56,-0.4622871,41.88,40.5,967/5521,40.26,41.58,40.2,40.61,3.357664,3108116,17,688100,20260304
688628.SH,优利德,97.0,-1.060791513667897,40.86,40.5,0.07347539,41.24,40.5,967/5521,40.5,41.24,40.5,40.86,1.812392,1792736,17,688628,20260304
688212.SH,澳华内镜,34.96,-4.350205198358403,40.56,41.62,-3.05927342,41.98,40.48,973/5521,41.62,41.98,40.48,40.56,3.585086,1361478,17,688212,20260304
002895.SZ,川恒股份,36.48,-4.25196850393702,41.36,40.45,0.53475936,42.62,40.45,974/5521,40.45,42.62,40.45,41.36,5.274671,1.2837298E7,33,002895,20260304
301181.SZ,标榜股份,44.53,-0.7134894091415837,42.0,40.91,1.49830836,42.13,40.45,974/5521,40.91,42.13,40.45,42.0,4.059932,1841250,33,301181,20260304
688112.SH,鼎阳科技,61.58,0.0,40.77,41.49,-1.83000241,42.11,40.44,976/5521,41.49,42.11,40.44,40.77,4.021189,1735031,17,688112,20260304
603067.SH,振华股份,34.98,-1.6033755274261612,41.7,40.6,-0.59594756,43.33,40.4,977/5521,40.6,43.33,40.4,41.7,6.984505,2.6914487E7,17,603067,20260304
688102.SH,斯瑞新材,41.75,6.750191766811558,43.56,40.5,2.66320999,44.09,40.36,978/5521,40.5,44.09,40.36,43.56,8.790949,1.9599118E7,17,688102,20260304
688137.SH,近岸蛋白,48.48,0.41425020712509475,40.5,41.2,-2.07930368,41.65,40.35,979/5521,41.2,41.65,40.35,40.5,3.143133,510817,17,688137,20260304
600536.SH,中国软件,37.78,1.8603397142086753,40.47,40.5,-0.56511057,41.4,40.3,980/5521,40.5,41.4,40.3,40.47,2.702702,1.22327E7,17,600536,20260304
603199.SH,九华旅游,36.48,-1.6446481531410257,40.8,40.68,-0.04899559,42.07,40.3,980/5521,40.68,42.07,40.3,40.8,4.336109,2181979,17,603199,20260304
300837.SZ,浙矿股份,34.4,-1.0925819436457807,41.98,40.68,3.47547449,42.9,40.28,982/5521,40.68,42.9,40.28,41.98,6.457973,6162408,33,300837,20260304
300598.SZ,诚迈科技,36.53,-1.0563380281690156,40.3,40.49,-1.29806515,41.26,40.25,983/5521,40.49,41.26,40.25,40.3,2.473671,3935874,33,300598,20260304
688539.SH,高华科技,37.36,3.0905077262693084,41.52,40.8,0.77669903,42.17,40.23,984/5521,40.8,42.17,40.23,41.52,4.708737,2664355,17,688539,20260304
603373.SH,安邦护卫,39.45,0.1777552056881673,41.36,40.22,1.001221,41.55,40.22,985/5521,40.22,41.55,40.22,41.36,3.247863,2082439,17,603373,20260304
600096.SH,云天化,36.18,-1.3631406761177753,41.07,40.15,-0.26711996,42.66,40.14,986/5521,40.15,42.66,40.14,41.07,6.119475,9.2366198E7,17,600096,20260304
688081.SH,兴图新科,52.6,2.514129799259402,40.93,40.3,-2.36164122,41.97,40.13,987/5521,40.3,41.97,40.13,40.93,4.389312,2555244,17,688081,20260304
301446.SZ,福事特,42.87,6.827809618739085,41.85,40.22,0.64935065,42.88,40.1,988/5521,40.22,42.88,40.1,41.85,6.685906,1423476,33,301446,20260304
688273.SH,麦澜德,46.75,0.10706638115631083,40.66,40.65,-2.16554379,41.85,40.1,988/5521,40.65,41.85,40.1,40.66,4.210779,1845169,17,688273,20260304
002709.SZ,天赐材料,60.51,2.0060687795010077,40.55,40.36,-0.1723289,41.35,40.09,990/5521,40.06,41.05,39.79,40.25,3.10192,3.3844869E7,33,002709,20260304
600988.SH,赤峰黄金,38.0,-2.263374485596714,41.58,40.09,-2.62295082,42.23,40.09,990/5521,40.09,42.23,40.09,41.58,5.011709,8.5311544E7,17,600988,20260304
001220.SZ,世盟股份,39.87,0.5548549810844864,40.67,40.7,-0.31862745,40.85,40.08,992/5521,40.7,40.85,40.08,40.67,1.887254,1457516,33,001220,20260304
688113.SH,联测科技,43.03,1.0568341944574986,40.57,40.71,-0.70974058,41.28,40.08,992/5521,40.71,41.28,40.08,40.57,2.936857,1149489,17,688113,20260304
300520.SZ,科大国创,34.9,1.7789442986293365,41.2,40.2,1.22850123,41.85,40.06,994/5521,40.2,41.85,40.06,41.2,4.398034,1.5428442E7,33,300520,20260304
605198.SH,安德利,45.84,-0.06540222367559197,40.6,40.04,0.4453241,40.97,40.04,995/5521,40.04,40.97,40.04,40.6,2.300841,1150535,17,605198,20260304
688551.SH,科威尔,46.02,1.2541254125412546,49.0,40.08,19.22141119,49.3,39.98,996/5521,40.08,49.3,39.98,49.0,22.676399,6084927,17,688551,20260304
688700.SH,东威科技,61.1,-2.083333333333329,40.11,40.4,-2.33747261,41.66,39.98,996/5521,40.4,41.66,39.98,40.11,4.090577,7412245,17,688700,20260304
301079.SZ,邵阳液压,43.41,3.332539871459173,44.22,40.06,4.83641536,45.61,39.88,998/5521,40.06,45.61,39.88,44.22,13.584637,1.2293286E7,33,301079,20260304
688302.SH,海创药业,44.0,7.94896957801767,40.5,40.17,0.87173101,40.84,39.85,999/5521,40.17,40.84,39.85,40.5,2.465753,1248755,17,688302,20260304
001277.SZ,速达股份,37.22,3.475118154017237,40.05,40.11,-0.91538842,40.59,39.81,1000/5521,40.11,40.59,39.81,40.05,1.929737,747970,33,001277,20260304
600580.SH,卧龙电驱,37.85,1.5017430946634547,41.01,39.87,1.05963529,41.6,39.81,1000/5521,39.69,41.42,39.63,40.83,4.411039,3.4940216E7,17,600580,20260304
002868.SZ,*ST绿康,38.82,1.251956181533638,40.07,40,-3.4690436,41.62,39.8,1002/5521,40,41.62,39.8,40.07,4.384485,1942950,33,002868,20260304
300766.SZ,每日互动,29.22,-1.7484868863483511,43.1,39.81,5.01949318,43.29,39.8,1002/5521,39.81,43.29,39.8,43.1,8.503898,4.1154496E7,33,300766,20260304
301168.SZ,通灵股份,42.51,1.166111375535447,40.05,40,-2.64948955,40.94,39.77,1004/5521,40,40.94,39.77,40.05,2.843947,2055356,33,301168,20260304
688489.SH,三未信安,39.99,1.7039674465920693,40.16,40.97,-1.68910649,40.97,39.77,1004/5521,40.97,40.97,39.77,40.16,2.937576,1014026,17,688489,20260304
301076.SZ,新瀚新材,36.72,-0.21739130434782147,39.89,40.01,-1.01736973,40.76,39.75,1006/5521,40.01,40.76,39.75,39.89,2.506203,2536804,33,301076,20260304
603337.SH,杰克科技,39.54,-0.2774274905422432,40.13,41.43,-3.16119691,41.89,39.73,1007/5521,41.43,41.89,39.73,40.13,5.212355,4434100,17,603337,20260304
300777.SZ,中简科技,37.04,-1.5417331206804847,40.44,39.75,0.42215048,41.28,39.68,1008/5521,39.75,41.28,39.68,40.44,3.973181,1.2879978E7,33,300777,20260304
301278.SZ,快可电子,38.92,0.6725297465080319,41.56,40.1,1.88771758,42.56,39.6,1009/5521,40.1,42.56,39.6,41.56,7.25668,7532786,33,301278,20260304
002978.SZ,安宁股份,31.11,-1.4882837238758673,39.85,39.81,-0.87064677,40.95,39.53,1010/5521,39.81,40.95,39.53,39.85,3.532338,7730602,33,002978,20260304
301002.SZ,崧盛股份,47.89,1.1190878378378402,40.1,41.15,-3.18686625,42.37,39.53,1010/5521,41.15,42.37,39.53,40.1,6.856591,7122630,33,301002,20260304
688013.SH,天臣医疗,36.21,-2.713594841483068,39.58,39.88,-2.00544689,40.74,39.5,1012/5521,39.88,40.74,39.5,39.58,3.070066,1011166,17,688013,20260304
920799.BJ,艾融软件,34.79,1.8740849194729154,39.75,40,-1.14399403,40.76,39.41,1013/5521,40,40.76,39.41,39.75,3.357373,1789344,151,920799,20260304
300671.SZ,富满微,46.53,1.483097055616139,40.1,40.08,-0.37267081,40.79,39.39,1014/5521,40.08,40.79,39.39,40.1,3.47826,1.1011012E7,33,300671,20260304
300844.SZ,山水比德,35.14,0.9480034472852579,40.12,39.21,0.57658561,40.65,39.21,1015/5521,39.21,40.65,39.21,40.12,3.609927,609523,33,300844,20260304
301234.SZ,五洲医疗,41.42,2.2716049382716093,41.09,39.2,3.86754297,41.5,39.2,1016/5521,39.2,41.5,39.2,41.09,5.813953,1154300,33,301234,20260304
920121.BJ,江天科技,36.75,3.3755274261603456,39.37,40.7,-3.02955665,40.7,39.2,1016/5521,40.7,40.7,39.2,39.37,3.694581,426957,151,920121,20260304
301210.SZ,金杨精密,39.01,2.2274633123689767,39.48,39.14,-0.05063291,40.02,39.1,1018/5521,39.14,40.02,39.1,39.48,2.329113,2158930,33,301210,20260304
600938.SH,中国海油,39.99,0.10012515644555481,42.85,44.5,-1.29002534,44.5,39.07,1019/5521,44.5,44.5,39.07,42.85,12.508638,2.62523548E8,17,600938,20260304
600456.SH,宝钛股份,33.41,-0.595060993751868,40.51,39.49,-0.27080256,41.86,39.03,1020/5521,39.49,41.86,39.03,40.51,6.967011,1.7941837E7,17,600456,20260304
301501.SZ,恒鑫生活,33.46,-1.4432989690721707,39.05,39.7,-2.69125343,40.11,39.01,1021/5521,39.7,40.11,39.01,39.05,2.741091,861638,33,301501,20260304
600316.SH,洪都航空,36.61,2.006129841181384,41.82,39.24,5.15463918,42.56,39.01,1021/5521,39.24,42.56,39.01,41.82,8.926326,2.0336859E7,17,600316,20260304
300833.SZ,浩洋股份,37.32,3.955431754874657,39.26,40.59,-4.40710981,41.21,38.98,1023/5521,40.59,41.21,38.98,39.26,5.429754,1639037,33,300833,20260304
603352.SH,至信股份,35.72,-1.380452788514633,39.24,39.8,-2.07137509,39.97,38.91,1024/5521,39.8,39.97,38.91,39.24,2.64537,2388720,17,603352,20260304
300553.SZ,集智股份,44.1,3.182030884417406,38.99,39.1,-0.99035043,39.87,38.87,1025/5521,39.1,39.87,38.87,38.99,2.53936,1905853,33,300553,20260304
603590.SH,康辰药业,35.4,-2.371759514616656,39.14,39.38,-0.96153846,39.98,38.83,1026/5521,39.38,39.98,38.83,39.14,2.909919,1710528,17,603590,20260304
300810.SZ,中科海讯,32.9,1.2307692307692264,41.16,39.89,1.37931034,41.76,38.77,1027/5521,39.89,41.76,38.77,41.16,7.364532,4166000,33,300810,20260304
688755.SH,汉邦科技,40.4,0.6226650062266501,38.96,39.62,-0.51072523,39.87,38.77,1027/5521,39.62,39.87,38.77,38.96,2.808988,316021,17,688755,20260304
688157.SH,松井股份,36.05,-1.0702524698133935,38.74,40,-3.1984008,40.04,38.73,1029/5521,40,40.04,38.73,38.74,3.273363,1991640,17,688157,20260304
300354.SZ,东华测试,35.74,1.5340909090909065,38.91,39,-1.39381652,39.6,38.68,1030/5521,39,39.6,38.68,38.91,2.331474,2100600,33,300354,20260304
300788.SZ,中信出版,35.58,0.9361702127659526,39.78,40.38,-1.4858841,40.93,38.66,1031/5521,40.38,40.93,38.66,39.78,5.621594,8886230,33,300788,20260304
920101.BJ,志高机械,34.34,0.29205607476635925,38.7,39.16,-1.50165436,39.54,38.66,1031/5521,39.16,39.54,38.66,38.7,2.239755,841015,151,920101,20260304
301121.SZ,紫建电子,38.97,-0.5867346938775612,39.25,39.52,-1.4561888,40.21,38.65,1033/5521,39.52,40.21,38.65,39.25,3.916645,2338972,33,301121,20260304
301045.SZ,天禄科技,48.4,5.67685589519651,41.15,38.93,4.17721519,42.88,38.62,1034/5521,38.93,42.88,38.62,41.15,10.78481,6345248,33,301045,20260304
603800.SH,洪田股份,51.92,6.480721903199351,39.55,38.7,-1.05078809,40.26,38.61,1035/5521,38.7,40.26,38.61,39.55,4.128096,4231840,17,603800,20260304
605100.SH,华丰股份,48.97,0.28670899037477077,40.7,39,3.32571719,41,38.6,1036/5521,39,41,38.6,40.7,6.092916,2117316,17,605100,20260304
300949.SZ,奥雅股份,40.63,1.2964348042882152,38.92,38.93,-1.21827411,39.51,38.57,1037/5521,38.93,39.51,38.57,38.92,2.385786,1004400,33,300949,20260304
300973.SZ,立高食品,29.78,-2.0072392234287575,38.81,39.99,-2.975,39.99,38.54,1038/5521,39.99,39.99,38.54,38.81,3.625,2814683,33,300973,20260304
002378.SZ,章源钨业,33.86,2.855407047387599,44.98,38.53,8.04708143,45.79,38.53,1039/5521,38.53,45.79,38.53,44.98,17.439346,1.56882213E8,33,002378,20260304
002240.SZ,盛新锂能,60.09,9.994508511806702,39.67,38.9,0.71084031,40.68,38.5,1040/5521,38.9,40.68,38.5,39.67,5.534399,2.8172851E7,33,002240,20260304
600141.SH,兴发集团,32.64,-2.741358760429087,39.26,38.93,-0.27940056,41.1,38.5,1040/5521,38.93,41.1,38.5,39.26,6.604013,2.9241704E7,17,600141,20260304
603307.SH,扬州金泉,42.32,1.730769230769228,38.82,38.89,-0.56352459,39.18,38.5,1040/5521,38.89,39.18,38.5,38.82,1.741803,543400,17,603307,20260304
688591.SH,泰凌微,34.74,2.7202838557066875,38.89,38.7,-0.07708119,39.78,38.5,1040/5521,38.7,39.78,38.5,38.89,3.288797,4172623,17,688591,20260304
301459.SZ,丰茂股份,36.84,0.3814713896457781,38.97,38.9,-0.7133758,39.7,38.46,1044/5521,38.9,39.7,38.46,38.97,3.159235,1149160,33,301459,20260304
300920.SZ,润阳科技,38.79,-0.8942258559018943,39.7,39.18,0.32853172,40.75,38.4,1045/5521,39.18,40.75,38.4,39.7,5.938842,3412034,33,300920,20260304
300762.SZ,上海瀚讯,43.42,13.81389252948887,39.14,38.77,-0.86119554,40.29,38.38,1046/5521,38.77,40.29,38.38,39.14,4.837892,2.9798646E7,33,300762,20260304
688522.SH,纳睿雷达,34.95,1.5103107754865035,39.0,38.59,0,39.36,38.38,1046/5521,38.59,39.36,38.38,39.0,2.51282,3875175,17,688522,20260304
300775.SZ,三角防务,29.82,1.879057055005127,39.54,38.38,1.09946305,40.29,38.25,1048/5521,38.38,40.29,38.25,39.54,5.216057,3.8128209E7,33,300775,20260304
603678.SH,火炬电子,32.51,0.0,38.55,38.31,-0.72109194,39.78,38.25,1048/5521,38.31,39.78,38.25,38.55,3.940252,1.63823E7,17,603678,20260304
605286.SH,同力天启,40.68,-1.5727074764093845,38.64,38.41,-1.20173869,39.2,38.24,1050/5521,38.41,39.2,38.24,38.64,2.454615,1226150,17,605286,20260304
301230.SZ,泓博医药,41.4,-1.3110846245530494,38.34,38.79,-2.59146341,39.41,38.18,1051/5521,38.79,39.41,38.18,38.34,3.125,5135595,33,301230,20260304
603396.SH,金辰股份,35.28,-0.4514672686230152,39.68,38.76,0.8386277,40.29,38.18,1051/5521,38.76,40.29,38.18,39.68,5.362134,6862768,17,603396,20260304
301101.SZ,明月镜片,35.54,-1.2777777777777801,38.3,38.29,-1.11025045,38.88,38.17,1053/5521,38.29,38.88,38.17,38.3,1.833204,2216146,33,301101,20260304
688679.SH,通源环境,52.3,-0.15273004963727643,43.3,38.16,0.74453234,44.38,38.16,1054/5521,38.16,44.38,38.16,43.3,14.471847,2946953,17,688679,20260304
301024.SZ,霍普股份,41.25,2.4081429990069485,38.57,39.3,-1.98221093,39.3,38.15,1055/5521,39.3,39.3,38.15,38.57,2.92249,1213400,33,301024,20260304
300470.SZ,中密控股,33.96,1.798561151079141,39.25,38.3,2.45366745,39.7,38.1,1056/5521,38.3,39.7,38.1,39.25,4.176455,5441740,33,300470,20260304
601601.SH,中国太保,37.23,-1.0366826156299855,38.85,39.52,-2.7534418,39.74,38.09,1057/5521,39.52,39.74,38.09,38.85,4.130162,5.144147E7,17,601601,20260304
300679.SZ,电连技术,45.0,-0.5085120495246449,38.17,38.57,-1.64905952,39.38,38.08,1058/5521,38.57,39.38,38.08,38.17,3.349652,9447116,33,300679,20260304
603014.SH,威高血净,35.95,-0.24972253052163237,38.48,38.2,-0.25920166,38.62,38.05,1059/5521,38.2,38.62,38.05,38.48,1.477449,954303,17,603014,20260304
300952.SZ,恒辉安防,33.5,2.697731453096268,38.57,38.72,-1.38072104,39.1,38.04,1060/5521,38.72,39.1,38.04,38.57,2.710304,5335534,33,300952,20260304
688484.SH,南芯科技,38.41,0.9196006305832746,38.35,38.22,-0.13020833,39.15,38.04,1060/5521,38.22,39.15,38.04,38.35,2.890625,4865090,17,688484,20260304
600036.SH,招商银行,38.27,-0.5974025974025893,38.6,39.01,-1.48034712,39.03,38.01,1062/5521,39.01,39.03,38.01,38.6,2.603369,1.15193902E8,17,600036,20260304
301552.SZ,科力装备,40.94,2.2222222222222237,38.23,38.04,-0.75285566,38.69,38,1063/5521,38.04,38.69,38,38.23,1.791277,663761,33,301552,20260304
001255.SZ,博菲电气,34.82,1.7533606078316817,38.95,38.39,1.22141372,39.35,37.99,1064/5521,38.39,39.35,37.99,38.95,3.534303,1876950,33,001255,20260304
688075.SH,安旭生物,37.42,-0.4257583821181389,38.0,38.41,-2.01134605,38.87,37.98,1065/5521,38.41,38.87,37.98,38.0,2.294997,633296,17,688075,20260304
688418.SH,震有科技,47.03,10.789163722025908,38.43,37.95,0.28705637,39.39,37.95,1066/5521,37.95,39.39,37.95,38.43,3.757828,5974088,17,688418,20260304
002985.SZ,北摩高科,35.63,0.0842696629213515,39.25,38,2.53396029,39.81,37.94,1067/5521,37.87,39.68,37.81,39.12,4.885057,1.4245239E7,33,002985,20260304
688259.SH,创耀科技,38.32,1.7525225703664464,37.98,38.33,-1.88581762,39,37.92,1068/5521,38.33,39,37.92,37.98,2.789976,3044512,17,688259,20260304
688638.SH,誉辰智能,43.6,0.6231248557581425,38.04,39.08,-2.56147541,39.4,37.92,1068/5521,39.08,39.4,37.92,38.04,3.790983,762427,17,688638,20260304
300781.SZ,因赛集团,34.22,-0.3204194581998236,38.46,38.06,-0.02599428,39.05,37.9,1070/5521,38.06,39.05,37.9,38.46,2.989342,4697216,33,300781,20260304
301132.SZ,满坤科技,36.68,-2.834437086092716,38.18,38.02,-1.80041152,39.5,37.86,1071/5521,38.02,39.5,37.86,38.18,4.218106,7498336,33,301132,20260304
603392.SH,万泰生物,39.3,0.5886869721013486,37.95,38.3,-1.9379845,38.6,37.85,1072/5521,38.3,38.6,37.85,37.95,1.937984,3086200,17,603392,20260304
600673.SH,东阳光,35.4,6.819553409776699,37.8,37.8,,37.8,37.8,1073/5521,37.8,37.8,37.8,37.8,,,17,600673,20260304
688693.SH,锴威特,96.0,7.526881720430106,37.83,38.51,-2.57532835,39.2,37.77,1074/5521,38.51,39.2,37.77,37.83,3.682719,1218667,17,688693,20260304
920005.BJ,鼎佳精密,34.75,0.8415554265815414,37.8,38.2,-1.04712042,38.7,37.69,1075/5521,38.2,38.7,37.69,37.8,2.643979,346821,151,920005,20260304
301361.SZ,众智科技,35.88,-1.0752688172043026,39.17,37.8,2.19149491,40,37.62,1076/5521,37.8,40,37.62,39.17,6.209235,6099393,33,301361,20260304
300321.SZ,同大股份,37.8,1.6402258671685923,38.29,38.65,-1.18709677,39.08,37.6,1077/5521,38.65,39.08,37.6,38.29,3.819354,1185800,33,300321,20260304
301390.SZ,经纬股份,37.7,2.362204724409461,38.99,38,0.9057971,39.58,37.6,1077/5521,38,39.58,37.6,38.99,5.124223,1351200,33,301390,20260304
300698.SZ,万马科技,37.68,-0.44914134742404677,38.24,37.85,0.05232862,38.7,37.5,1079/5521,37.85,38.7,37.5,38.24,3.139717,2633200,33,300698,20260304
688458.SH,美芯晟,36.86,0.6004366812227043,38.11,37.8,-0.7293566,39.2,37.5,1079/5521,37.8,39.2,37.5,38.11,4.428236,1716303,17,688458,20260304
601899.SH,紫金矿业,33.3,-2.4604569420035247,37.96,37.7,-2.31600618,38.89,37.48,1081/5521,37.7,38.89,37.48,37.96,3.628409,3.12570216E8,17,601899,20260304
301522.SZ,上大股份,31.79,1.7605633802816925,38.1,37.8,-0.2617801,39.06,37.47,1082/5521,37.8,39.06,37.47,38.1,4.162303,8353850,33,301522,20260304
301560.SZ,众捷汽车,42.01,-4.522727272727277,38.32,38,-0.8538163,39.1,37.45,1083/5521,38,39.1,37.45,38.32,4.269081,2349842,33,301560,20260304
300792.SZ,壹网壹创,34.77,1.1049723756906151,38.16,37.44,0.2890933,38.7,37.44,1084/5521,37.44,38.7,37.44,38.16,3.311432,6022490,33,300792,20260304
300458.SZ,全志科技,35.8,3.8283062645011614,38.1,37.5,-0.1572327,38.82,37.42,1085/5521,31.08333333,32.18333333,31.01666667,31.58,3.668763,1.305085E7,33,300458,20260304
002472.SZ,双环传动,39.27,2.5326370757180316,38.31,37.38,-0.02609603,38.88,37.33,1086/5521,37.38,38.88,37.33,38.31,4.044885,1.7391059E7,33,002472,20260304
688712.SH,北芯生命,41.69,0.822249093107609,37.82,37.5,-0.86500655,38.32,37.33,1086/5521,37.5,38.32,37.33,37.82,2.595019,2566397,17,688712,20260304
000034.SZ,神州数码,37.67,0.61431623931625,37.56,37.5,-0.39777247,38.75,37.32,1088/5521,37.5,38.75,37.32,37.56,3.792097,2.0777672E7,33,000034,20260304
600895.SH,张江高科,36.62,4.4197319646421365,37.35,37.51,-1.37311856,38.15,37.3,1089/5521,37.51,38.15,37.3,37.35,2.24452,1.9799023E7,17,600895,20260304
603082.SH,北自科技,33.96,0.0,37.7,37.39,-0.52770449,38.08,37.3,1089/5521,37.39,38.08,37.3,37.7,2.058047,1594126,17,603082,20260304
603556.SH,海兴电力,28.72,-2.6110545947778894,38.24,37.3,1.08379593,39.27,37.3,1089/5521,37.3,39.27,37.3,38.24,5.207507,4551840,17,603556,20260304
603216.SH,梦天家居,29.6,0.06761325219744127,37.45,37.5,-1.73182892,38.46,37.22,1092/5521,37.5,38.46,37.22,37.45,3.253739,3639800,17,603216,20260304
688314.SH,康拓医疗,42.79,-0.27965509205312855,37.37,37.7,-1.58019489,38.07,37.21,1093/5521,37.7,38.07,37.21,37.37,2.264946,1128192,17,688314,20260304
301138.SZ,华研精机,33.33,-1.6233766233766358,38.0,37.23,0.39630119,38.5,37.2,1094/5521,37.23,38.5,37.2,38.0,3.43461,1819904,33,301138,20260304
920112.BJ,巴兰仕,32.47,0.6197706848465935,37.27,37.4,-0.4274646,37.8,37.11,1095/5521,37.4,37.8,37.11,37.27,1.843441,145042,151,920112,20260304
301418.SZ,协昌科技,42.59,1.1879306248515085,37.6,37.84,-1.1306863,38.34,37.07,1096/5521,37.84,38.34,37.07,37.6,3.339468,1065010,33,301418,20260304
603099.SH,长白山,34.95,-0.370581527936133,37.23,37.31,-1.2990456,37.98,37.05,1097/5521,37.31,37.98,37.05,37.23,2.465535,4008163,17,603099,20260304
603655.SH,朗博科技,43.74,-2.821595201066421,37.2,37.6,-2.00210748,38.48,37.01,1098/5521,37.6,38.48,37.01,37.2,3.872497,1110700,17,603655,20260304
300720.SZ,海川智能,63.12,0.7662835249042096,37.96,37,-0.9394572,39.09,37,1099/5521,37,39.09,37,37.96,5.45407,5562360,33,300720,20260304
301092.SZ,争光股份,41.13,8.151459374178284,37.8,37.14,0.1059322,38.48,37,1099/5521,37.14,38.48,37,37.8,3.919491,2154828,33,301092,20260304
301458.SZ,钧崴电子,39.99,1.1125158027813018,38.12,37.25,1.78905207,38.95,37,1099/5521,37.25,38.95,37,38.12,5.206942,5602181,33,301458,20260304
688378.SH,奥来德,44.3,2.665121668597911,38.05,37.3,-0.57486282,38.85,37,1099/5521,37.3,38.85,37,38.05,4.834073,5645917,17,688378,20260304
920199.BJ,倍益康,32.93,4.274857504749846,39.0,37,2.57759074,39.17,37,1099/5521,37,39.17,37,39.0,5.707522,1514585,151,920199,20260304
300576.SZ,容大感光,37.05,-1.3840830449827073,37.16,37,-1.32766861,38.25,36.99,1104/5521,37,38.25,36.99,37.16,3.345724,7452167,33,300576,20260304
601069.SH,西部黄金,32.59,1.022938623682596,38.7,36.91,-5.49450549,39.49,36.91,1105/5521,36.91,39.49,36.91,38.7,6.300366,4.1603126E7,17,601069,20260304
603393.SH,新天然气,31.54,-7.398708162066949,39.0,40.59,-4.87804878,41.49,36.9,1106/5521,40.59,41.49,36.9,39.0,11.195121,5.7050954E7,17,603393,20260304
001215.SZ,千味央厨,46.86,9.999999999999995,37.15,37.8,-1.74556996,38.01,36.88,1107/5521,37.8,38.01,36.88,37.15,2.988627,3005872,33,001215,20260304
301052.SZ,果麦文化,32.24,0.530090427190526,37.29,37.19,-1.06128947,37.76,36.88,1107/5521,37.172,37.742,36.862,37.27,2.334836,4261605,33,301052,20260304
301310.SZ,鑫宏业,66.65,8.550488599348546,37.16,36.95,-0.26838433,37.72,36.88,1107/5521,36.95,37.72,36.88,37.16,2.254428,689745,33,301310,20260304
600150.SH,中国船舶,41.76,1.4577259475218696,38.56,37.29,2.63508118,38.86,36.78,1110/5521,37.29,38.86,36.78,38.56,5.536332,1.50904754E8,17,600150,20260304
002155.SZ,湖南黄金,29.07,0.27595722662987876,38.79,36.72,-4.6460177,40.14,36.72,1111/5521,36.72,40.14,36.72,38.79,8.407079,1.72242116E8,33,002155,20260304
600038.SH,中直股份,31.21,-1.576789656259855,37.52,36.72,1.21391961,37.74,36.72,1111/5521,36.72,37.74,36.72,37.52,2.751551,1.1606633E7,17,600038,20260304
688056.SH,莱伯泰科,36.73,0.2182810368349203,37.0,37.12,-0.08101539,37.89,36.72,1111/5521,37.12,37.89,36.72,37.0,3.1596,758804,17,688056,20260304
603203.SH,快克智能,46.88,0.06403415154749442,38.02,37,0.13168291,38.3,36.68,1114/5521,37,38.3,36.68,38.02,4.266526,3012423,17,603203,20260304
300859.SZ,西域旅游,31.36,-1.1660888748818183,37.72,36.73,1.39784946,37.8,36.65,1115/5521,36.43,37.5,36.35,37.42,3.091397,4239700,33,300859,20260304
605305.SH,中际联合,47.8,-1.2396694214876063,36.81,36.87,-1.5512169,37.55,36.64,1116/5521,36.87,37.55,36.64,36.81,2.433805,5611839,17,605305,20260304
603722.SH,阿科力,39.08,0.20512820512820076,37.09,37.6,-1.40882509,37.99,36.61,1117/5521,37.6,37.99,36.61,37.09,3.668261,1185800,17,603722,20260304
000651.SZ,格力电器,40.05,-1.03780578206079,36.89,37,-0.5392289,37.03,36.6,1118/5521,37,37.03,36.6,36.89,1.159342,4.2985882E7,33,000651,20260304
688520.SH,神州细胞,41.18,-0.38703434929850916,36.89,36.72,-0.2972973,37.27,36.57,1119/5521,36.72,37.27,36.57,36.89,1.891891,1693870,17,688520,20260304
301252.SZ,同星科技,36.85,0.7656549083948623,37.98,37.58,0.07905138,39.17,36.55,1120/5521,37.58,39.17,36.55,37.98,6.90382,3488187,33,301252,20260304
300995.SZ,奇德新材,35.47,-1.444845790497369,36.74,37.07,-2.26123969,37.7,36.51,1121/5521,36.95,37.58,36.39,36.62,3.165735,1181234,33,300995,20260304
688087.SH,英科再生,46.7,3.227232537577367,38.03,37.8,0.60846561,38.21,36.5,1122/5521,37.8,38.21,36.5,38.03,4.523809,4619138,17,688087,20260304
600426.SH,华鲁恒升,38.5,-1.7606532278642453,40.35,40,-0.46867292,40.35,36.49,1123/5521,40,40.35,36.49,40.35,9.52146,3.7408061E7,17,600426,20260304
920110.BJ,雷特科技,32.56,1.243781094527381,36.85,36.55,0.6006006,37.69,36.43,1124/5521,36.55,37.69,36.43,36.85,3.439803,180416,151,920110,20260304
002261.SZ,拓维信息,35.44,1.5181896304783764,37.2,36.5,-0.82644628,38.99,36.42,1125/5521,36.5,38.99,36.42,37.2,6.851506,2.26274384E8,33,002261,20260304
301503.SZ,智迪科技,35.82,0.7311586051743476,36.88,36.73,0.2173913,37.55,36.41,1126/5521,36.73,37.55,36.41,36.88,3.097826,784900,33,301503,20260304
000063.SZ,中兴通讯,36.7,0.7688083470620569,36.97,36.43,0.59863946,37.76,36.4,1127/5521,36.43,37.76,36.4,36.97,3.70068,8.9577043E7,33,000063,20260304
920035.BJ,精创电气,31.92,6.400000000000006,36.59,36.73,-0.62466051,37.31,36.39,1128/5521,30.19166667,30.675,29.90833333,30.08,2.498642,290182,151,920035,20260304
300380.SZ,安硕信息,37.49,5.694953481815628,36.99,36.45,0.84514722,37.37,36.36,1129/5521,36.45,37.37,36.36,36.99,2.753544,2484060,33,300380,20260304
688510.SH,航亚科技,33.28,4.687008493236873,38.52,36.57,1.23521682,39.27,36.36,1129/5521,36.57,39.27,36.36,38.52,7.647831,1.5556819E7,17,688510,20260304
300938.SZ,信测标准,56.85,4.696132596685091,38.86,36.63,4.18230563,39.25,36.34,1131/5521,36.63,39.25,36.34,38.86,7.801608,1.1767917E7,33,300938,20260304
600378.SH,昊华科技,36.4,2.0465377067563693,37.67,36.34,2.41979337,38.1,36.33,1132/5521,36.34,38.1,36.33,37.67,4.812398,1.1423338E7,17,600378,20260304
688759.SH,必贝特,31.81,3.1118314424635245,36.52,36.53,-0.02737476,37.13,36.21,1133/5521,36.53,37.13,36.21,36.52,2.518477,1609888,17,688759,20260304
300609.SZ,汇纳科技,42.99,6.8871208354052795,36.73,36.46,0.71291472,37.2,36.2,1134/5521,36.46,37.2,36.2,36.73,2.741979,4244300,33,300609,20260304
920839.BJ,万通液压,31.38,0.3517748640869825,36.43,36.21,-0.38282745,36.97,36.2,1134/5521,36.21,36.97,36.2,36.43,2.10555,638304,151,920839,20260304
300748.SZ,金力永磁,32.96,-1.582561958793673,37.08,36.14,0.13502565,38.49,36.14,1136/5521,36.14,38.49,36.14,37.08,6.346205,3.9912369E7,33,300748,20260304
300499.SZ,高澜股份,38.45,-1.410256410256403,37.36,36.13,1.24661247,38.45,36.13,1137/5521,36.13,38.45,36.13,37.36,6.287262,3.7939833E7,33,300499,20260304
002979.SZ,雷赛智能,43.88,0.9431792040487778,36.3,36.27,-0.32948929,36.69,36.04,1138/5521,36.27,36.69,36.04,36.3,1.784733,4254925,33,002979,20260304
002223.SZ,鱼跃医疗,29.28,-0.40816326530611374,36.3,36.41,-1.17070515,36.82,36.03,1139/5521,36.41,36.82,36.03,36.3,2.15083,7729172,33,002223,20260304
002352.SZ,顺丰控股,37.1,0.7057546145493974,36.29,36.83,-1.99837969,36.84,36.03,1139/5521,36.83,36.84,36.03,36.29,2.187415,3.7278955E7,33,002352,20260304
300602.SZ,飞荣达,35.73,-2.510231923601642,37.12,36.51,0.27012426,38.49,36.01,1141/5521,36.51,38.49,36.01,37.12,6.699081,2.7135739E7,33,300602,20260304
600593.SH,大连圣亚,34.08,-0.7860262008733715,37.4,36,0.67294751,37.73,36,1142/5521,36,37.73,36,37.4,4.656796,3546940,17,600593,20260304
605086.SH,龙高股份,32.52,-0.3371130861170684,36.75,36.4,-0.78293737,37.1,36,1142/5521,36.4,37.1,36,36.75,2.969762,1693718,17,605086,20260304
688197.SH,首药控股,40.85,0.6157635467980296,37.34,35.99,3.83759733,38.55,35.99,1144/5521,35.99,38.55,35.99,37.34,7.119021,2010313,17,688197,20260304
688117.SH,圣诺生物,37.41,0.45649838882920135,36.3,36.14,0.44272274,36.88,35.94,1145/5521,36.14,36.88,35.94,36.3,2.600996,1602934,17,688117,20260304
300917.SZ,特发服务,33.72,3.2455603184323403,36.34,37.29,-3.35106383,37.85,35.93,1146/5521,37.29,37.85,35.93,36.34,5.106382,6705418,33,300917,20260304
603380.SH,易德龙,36.88,2.2172949002217415,36.01,36.37,-1.79983638,36.75,35.93,1146/5521,36.37,36.75,35.93,36.01,2.23616,1322058,17,603380,20260304
300725.SZ,药石科技,39.85,-0.39990002499374305,36.38,36.5,-0.84491687,36.9,35.92,1148/5521,36.5,36.9,35.92,36.38,2.671027,7483200,33,300725,20260304
601020.SH,华钰矿业,28.66,-2.417432754511409,36.87,36,-2.01966516,38.68,35.92,1148/5521,36,38.68,35.92,36.87,7.334573,6.3780704E7,17,601020,20260304
603406.SH,天富龙,33.83,-0.17704337562703532,36.06,36.7,-1.87755102,36.7,35.92,1148/5521,36.7,36.7,35.92,36.06,2.122448,1203320,17,603406,20260304
301133.SZ,金钟股份,46.4,1.7543859649122744,36.38,36.74,-2.01992998,37.43,35.91,1151/5521,36.74,37.43,35.91,36.38,4.093724,2362571,33,301133,20260304
688172.SH,燕东微,42.49,6.464545226760225,36.61,35.93,0.68756876,37.37,35.89,1152/5521,35.93,37.37,35.89,36.61,4.070407,1.7921726E7,17,688172,20260304
688716.SH,中研股份,32.12,0.75282308657465,35.98,35.89,-2.36092266,37,35.88,1153/5521,35.89,37,35.88,35.98,3.039348,2099814,17,688716,20260304
605358.SH,立昂微,41.06,5.228088159917988,37.13,35.9,0.73250136,38.09,35.87,1154/5521,35.9,38.09,35.87,37.13,6.022788,1.9294995E7,17,605358,20260304
300699.SZ,光威复材,33.0,0.5790917403230653,37.22,36.1,2.59095921,37.76,35.86,1155/5521,36.1,37.76,35.86,37.22,5.237045,2.5416504E7,33,300699,20260304
688175.SH,高凌信息,36.67,3.0924936744447606,36.1,36.22,-1.12298001,37.37,35.86,1155/5521,36.22,37.37,35.86,36.1,4.135853,2222490,17,688175,20260304
920169.BJ,七丰精工,27.41,1.7823988117341272,37.02,35.86,0.89942764,38.17,35.86,1155/5521,35.86,38.17,35.86,37.02,6.295993,3808736,151,920169,20260304
301208.SZ,中亦科技,34.01,1.0098010098009988,35.97,36.39,-2.20228385,36.65,35.85,1158/5521,36.39,36.65,35.85,35.97,2.175095,1445643,33,301208,20260304
603773.SH,沃格光电,69.35,-0.5592199598508756,36.06,35.88,-1.58296943,37.22,35.82,1159/5521,35.88,37.22,35.82,36.06,3.82096,7262455,17,603773,20260304
300488.SZ,恒锋工具,30.46,0.9946949602122039,36.3,36.31,-2.39311643,37.01,35.8,1160/5521,36.31,37.01,35.8,36.3,3.253562,4541218,33,300488,20260304
603375.SH,盛景微,45.25,9.990277102576567,36.39,35.91,0.33085194,36.73,35.8,1160/5521,35.91,36.73,35.8,36.39,2.564102,1239943,17,603375,20260304
002074.SZ,国轩高科,36.74,-2.6754966887417164,35.91,35.9,-0.91059603,36.63,35.74,1162/5521,35.9,36.63,35.74,35.91,2.455849,2.8479404E7,33,002074,20260304
300951.SZ,博硕科技,32.85,1.7973349860551542,36.05,36.1,-0.35931454,36.53,35.73,1163/5521,36.1,36.53,35.73,36.05,2.211166,1587464,33,300951,20260304
300827.SZ,上能电气,37.83,0.6920415224913442,37.54,35.85,2.01086957,38.08,35.7,1164/5521,35.85,38.08,35.7,37.54,6.467391,2.5525276E7,33,300827,20260304
301511.SZ,德福科技,75.2,4.444444444444448,35.87,36.71,-4.21895861,37.29,35.7,1164/5521,36.71,37.29,35.7,35.87,4.24566,3.5844887E7,33,301511,20260304
301270.SZ,汉仪股份,33.34,-0.8033323415649986,36.23,36.65,-2.55513717,37.26,35.68,1166/5521,36.65,37.26,35.68,36.23,4.249596,5040824,33,301270,20260304
002870.SZ,香山股份,39.58,10.005558643690943,37.03,35.7,3.20512821,37.3,35.66,1167/5521,35.7,37.3,35.66,37.03,4.570791,3966600,33,002870,20260304
300900.SZ,广联航空,44.45,4.1471415182755464,38.06,36,5.51705018,38.99,35.66,1167/5521,36,38.99,35.66,38.06,9.232048,3.3106657E7,33,300900,20260304
001311.SZ,多利科技,30.26,2.3680649526387105,36.02,36,-0.60706402,37.24,35.61,1169/5521,36,37.24,35.61,36.02,4.497792,4377126,33,001311,20260304
301658.SZ,首航新能,42.09,3.1870556508948376,37.5,35.51,3.90689942,39.96,35.51,1170/5521,35.51,39.96,35.51,37.5,12.330285,2.2060738E7,33,301658,20260304
603198.SH,迎驾贡酒,38.0,-2.162718846549957,35.61,36.57,-3.07566685,36.57,35.51,1170/5521,36.57,36.57,35.51,35.61,2.885138,4128595,17,603198,20260304
605128.SH,上海沿浦,34.2,2.70270270270272,35.95,35.75,0.53131991,36.39,35.51,1170/5521,35.75,36.39,35.51,35.95,2.46085,1377075,17,605128,20260304
688262.SH,国芯科技,38.97,3.8646055437100095,36.1,35.55,0.66926938,36.98,35.5,1173/5521,35.55,36.98,35.5,36.1,4.127161,1.1907778E7,17,688262,20260304
688683.SH,莱尔科技,44.0,-1.895206243032333,35.98,36.14,-1.58643326,36.86,35.5,1173/5521,36.14,36.86,35.5,35.98,3.719912,1308974,17,688683,20260304
300127.SZ,银河磁体,31.35,0.15974440894568917,36.4,35.48,0.83102493,37.49,35.48,1175/5521,35.48,37.49,35.48,36.4,5.567867,8600713,33,300127,20260304
600779.SH,水井坊,32.51,0.7437248218159122,35.49,36.12,-3.21788928,36.4,35.43,1176/5521,36.12,36.4,35.43,35.49,2.645214,4650166,17,600779,20260304
002558.SZ,巨人网络,32.82,-2.059086839749322,35.61,35.6,-1.08333333,36.3,35.35,1177/5521,35.6,36.3,35.35,35.61,2.638888,3.1856663E7,33,002558,20260304
603288.SH,海天味业,38.64,-1.6042780748663166,35.5,35.93,-1.55296728,36.09,35.35,1177/5521,35.93,36.09,35.35,35.5,2.052135,1.487072E7,17,603288,20260304
688345.SH,博力威,52.5,-3.0112691668206217,35.45,37,-3.40599455,37.22,35.35,1177/5521,37,37.22,35.35,35.45,5.095367,1301434,17,688345,20260304
920050.BJ,爱舍伦,33.08,1.3790989886607286,35.6,35.58,-0.75271815,35.91,35.35,1177/5521,35.58,35.91,35.35,35.6,1.561193,492927,151,920050,20260304
301220.SZ,亚香股份,37.52,-2.113227237151044,35.5,35.7,-1.05908584,36.22,35.33,1181/5521,35.7,36.22,35.33,35.5,2.48049,1448980,33,301220,20260304
688152.SH,麒麟信安,35.29,3.217315004387252,35.39,35.76,-1.31065254,36.46,35.31,1182/5521,35.76,36.46,35.31,35.39,3.206915,1197953,17,688152,20260304
001328.SZ,登康口腔,31.8,-3.1078610603290664,36.34,35.33,2.48166949,36.5,35.28,1183/5521,35.33,36.5,35.28,36.34,3.440496,1837782,33,001328,20260304
605488.SH,福莱新材,33.19,0.7283763277693319,35.73,35.26,-1.24378109,36.43,35.26,1184/5521,35.26,36.43,35.26,35.73,3.23383,5228389,17,605488,20260304
603280.SH,南方路机,34.08,0.5013270421704563,36.3,35.23,1.19877335,36.68,35.22,1185/5521,35.23,36.68,35.22,36.3,4.070253,1634400,17,603280,20260304
300899.SZ,*ST凯鑫,36.65,-1.0796221322537074,39.53,35.95,8.42018651,39.56,35.21,1186/5521,35.95,39.56,35.21,39.53,11.930883,2178400,33,300899,20260304
000792.SZ,盐湖股份,39.29,-0.5316455696202553,36.23,35.46,1.08816964,37.08,35.2,1187/5521,35.46,37.08,35.2,36.23,5.245535,9.2744468E7,33,000792,20260304
603867.SH,新化股份,34.28,0.029180040852051385,35.86,35.85,0.1396258,36.57,35.2,1187/5521,35.85,36.57,35.2,35.86,3.825746,1.0568957E7,17,603867,20260304
301330.SZ,熵基科技,30.92,-1.3086498563676878,35.6,35.2,-0.19624334,36.17,35.14,1189/5521,35.2,36.17,35.14,35.6,2.88758,3460817,33,301330,20260304
002827.SZ,高争民爆,30.2,-1.4038524322559573,35.37,35.25,0.39738859,36.17,35.11,1190/5521,35.25,36.17,35.11,35.37,3.008799,3311850,33,002827,20260304
300085.SZ,银之杰,37.28,3.1258644536652906,35.84,35.2,-0.41678244,36.56,35.1,1191/5521,35.2,36.56,35.1,35.84,4.056682,1.6640127E7,33,300085,20260304
603194.SH,中力股份,34.87,-0.6835659356308801,35.36,36.5,-3.38797814,36.51,35.1,1191/5521,36.5,36.51,35.1,35.36,3.852459,2731362,17,603194,20260304
603881.SH,数据港,36.91,-0.832885545405702,36.28,35.1,1.19944212,37.17,35.1,1191/5521,35.1,37.17,35.1,36.28,5.774058,3.8434452E7,17,603881,20260304
301040.SZ,中环海陆,32.3,4.193548387096765,37.18,35.08,3.53661933,38.15,35.08,1194/5521,35.08,38.15,35.08,37.18,8.54915,6220666,33,301040,20260304
920592.BJ,华信永道,31.47,6.353497803311926,35.5,35.5,-0.22484542,36.19,35.08,1194/5521,35.5,36.19,35.08,35.5,3.11973,850024,151,920592,20260304
002841.SZ,视源股份,36.91,0.0,35.17,35.52,-2.14245965,36.11,35.03,1196/5521,34.8,35.39,34.31,34.45,3.005008,4895924,33,002841,20260304
601698.SH,中国卫通,36.67,2.976691940466168,36.74,35.06,1.99888951,37.33,35.03,1196/5521,35.06,37.33,35.03,36.74,6.385341,6.1621575E7,17,601698,20260304
603350.SH,安乃达,34.91,-0.7110352673492606,35.45,35.52,-0.81141578,36.09,35.02,1198/5521,35.52,36.09,35.02,35.45,2.993844,987457,17,603350,20260304
688478.SH,晶升股份,41.94,0.5996641880546895,35.02,35.66,-1.98712566,36.36,35.01,1199/5521,35.66,36.36,35.01,35.02,3.778337,2219499,17,688478,20260304
300285.SZ,国瓷材料,35.78,-3.2449972958355757,35.22,35.03,-2.97520661,36.83,34.97,1200/5521,35.03,36.83,34.97,35.22,5.123966,4.4241288E7,33,300285,20260304
300627.SZ,华测导航,31.69,-0.47110552763818647,35.14,35.01,0.17103763,35.69,34.9,1201/5521,35.01,35.69,34.9,35.14,2.251995,1.16058E7,33,300627,20260304
301388.SZ,欣灵电气,31.94,-0.031298904538334935,38.0,35,5.49694614,38.36,34.9,1201/5521,35,38.36,34.9,38.0,9.605774,9706365,33,301388,20260304
603409.SH,汇通控股,43.34,2.45862884160758,35.83,35.36,1.12898673,36.11,34.9,1201/5521,35.36,36.11,34.9,35.83,3.415184,1143866,17,603409,20260304
688335.SH,复洁科技,31.87,2.0166453265044897,35.79,34.9,-1.67582418,37.2,34.9,1201/5521,34.9,37.2,34.9,35.79,6.318681,2891801,17,688335,20260304
300468.SZ,四方精创,28.47,0.24647887323943762,35.9,34.86,1.67091476,36.6,34.86,1205/5521,34.86,36.6,34.86,35.9,4.927782,4.0095998E7,33,300468,20260304
301000.SZ,肇民科技,27.36,-0.14598540145985092,34.9,34.86,-0.76769974,35.59,34.86,1205/5521,34.86,35.59,34.86,34.9,2.075632,2269473,33,301000,20260304
920651.BJ,天罡股份,27.67,-3.9236111111111076,35.03,35.12,-0.39806653,35.7,34.84,1207/5521,35.12,35.7,34.84,35.03,2.445265,231374,151,920651,20260304
001203.SZ,大中矿业,52.31,1.9688109161793472,35.53,35,-0.39248668,36.3,34.81,1208/5521,35,36.3,34.81,35.53,4.177179,2.8407312E7,33,001203,20260304
603319.SH,美湖股份,38.21,1.4873837981407763,35.28,34.9,-0.59171598,35.95,34.8,1209/5521,34.9,35.95,34.8,35.28,3.240349,6767989,17,603319,20260304
688530.SH,欧莱新材,53.2,7.04225352112676,35.32,35.6,-4.35959924,38.25,34.8,1209/5521,35.6,38.25,34.8,35.32,9.341998,1.3943232E7,17,688530,20260304
920725.BJ,惠丰钻石,31.32,3.537190082644629,36.47,35.01,1.55945419,37.16,34.8,1209/5521,35.01,37.16,34.8,36.47,6.571985,3012310,151,920725,20260304
001229.SZ,魅视科技,37.01,0.08112493239589275,35.56,34.95,0.70801473,35.8,34.76,1212/5521,34.95,35.8,34.76,35.56,2.945341,1230557,33,001229,20260304
688153.SH,唯捷创芯,31.99,3.1602708803611637,34.9,35.13,-1.63472379,36.23,34.73,1213/5521,35.13,36.23,34.73,34.9,4.227733,4375250,17,688153,20260304
603868.SH,飞科电器,34.5,2.071005917159772,35.17,35.48,-1.20786517,35.59,34.72,1214/5521,35.48,35.59,34.72,35.17,2.44382,1330940,17,603868,20260304
603376.SH,大明电子,30.27,-0.42763157894736514,35.41,35.32,0.14140271,35.93,34.71,1215/5521,35.32,35.93,34.71,35.41,3.450226,1559212,17,603376,20260304
301297.SZ,富乐德,43.2,-2.394938996836862,34.92,35.6,-3.16139767,35.75,34.7,1216/5521,35.6,35.75,34.7,34.92,2.911813,9149331,33,301297,20260304
600875.SH,东方电气,39.01,-2.3773773773773845,38.37,34.68,9.06765208,38.7,34.67,1217/5521,34.68,38.7,34.67,38.37,11.455372,1.65184243E8,17,600875,20260304
301509.SZ,金凯生科,34.84,-1.637492941840763,34.88,35.27,-1.8018018,35.53,34.62,1218/5521,35.27,35.53,34.62,34.88,2.561936,2442048,33,301509,20260304
300547.SZ,川环科技,38.92,5.331529093369415,35.59,34.73,0.42325056,36.55,34.61,1219/5521,34.73,36.55,34.61,35.59,5.47404,7666200,33,300547,20260304
301112.SZ,信邦智能,35.7,0.6768189509306316,34.9,34.84,-1.07709751,35.58,34.6,1220/5521,34.84,35.58,34.6,34.9,2.777777,1298273,33,301112,20260304
688093.SH,世华科技,32.5,2.3622047244094486,34.86,35.78,-2.57126887,36.14,34.6,1220/5521,35.78,36.14,34.6,34.86,4.30408,2725324,17,688093,20260304
688071.SH,华依科技,33.24,2.0571077678845615,34.78,35.99,-3.57637926,36.8,34.58,1222/5521,35.99,36.8,34.58,34.78,6.154699,4132272,17,688071,20260304
603097.SH,江苏华辰,27.08,-1.7059891107078127,36.61,34.5,2.54901961,37.2,34.5,1223/5521,34.5,37.2,34.5,36.61,7.563025,5944290,17,603097,20260304
920026.BJ,卓兆点胶,33.61,-1.725146198830419,35.36,34.5,2.34442836,36.58,34.5,1223/5521,34.5,36.58,34.5,35.36,6.02026,1198419,151,920026,20260304
920207.BJ,众诚科技,28.75,-2.0109066121336054,36.25,35,-4.3030623,39.85,34.5,1223/5521,34.85,39.7,34.35,36.1,14.123548,1.0959116E7,151,920207,20260304
605168.SH,三人行,47.06,-2.969072164948449,34.63,35.25,-2.03677511,35.62,34.49,1226/5521,35.25,35.62,34.49,34.63,3.196605,3762067,17,605168,20260304
001288.SZ,运机集团,28.11,1.7004341534008642,35.88,34.46,1.98976691,36.05,34.46,1227/5521,34.46,36.05,34.46,35.88,4.519613,2680922,33,001288,20260304
002179.SZ,中航光电,36.56,0.8551724137931097,35.07,34.56,0.4008016,35.27,34.45,1228/5521,34.56,35.27,34.45,35.07,2.347552,2.721261E7,33,002179,20260304
300115.SZ,长盈精密,33.25,4.231974921630099,35.1,34.45,0.0855432,36.06,34.45,1228/5521,34.45,36.06,34.45,35.1,4.590818,3.7440425E7,33,300115,20260304
600685.SH,中船防务,32.15,-0.648949320148334,35.68,34.5,1.50782361,36.57,34.45,1228/5521,34.5,36.57,34.45,35.68,6.031294,2.4010221E7,17,600685,20260304
603658.SH,安图生物,33.5,-1.0632014176018885,34.54,35.01,-2.12524795,35.19,34.43,1231/5521,35.01,35.19,34.43,34.54,2.153584,3058334,17,603658,20260304
000933.SZ,神火股份,32.13,-2.783661119515869,35.42,34.4,4.91706161,36.28,34.4,1232/5521,34.4,36.28,34.4,35.42,5.56872,6.7498503E7,33,000933,20260304
688593.SH,新相微,32.94,5.984555984555983,34.88,35.79,-3.5131397,36.33,34.4,1232/5521,35.79,36.33,34.4,34.88,5.338865,1.0931985E7,17,688593,20260304
301419.SZ,阿莱德,40.08,-0.44709388971683983,34.8,34.55,-0.42918455,35.38,34.3,1234/5521,34.55,35.38,34.3,34.8,3.090128,2128114,33,301419,20260304
920735.BJ,德源药业,28.41,1.4642857142857149,35.14,34.51,1.20967742,35.23,34.3,1234/5521,31.00909091,31.66363636,30.81818182,31.58,2.678571,2092803,151,920735,20260304
300628.SZ,亿联网络,36.53,-0.7336956521739023,34.49,34.53,-1.03299857,35.03,34.29,1236/5521,34.53,35.03,34.29,34.49,2.123385,7945195,33,300628,20260304
301555.SZ,惠柏新材,36.17,-1.6317650258362832,34.91,34.3,-0.11444921,35.66,34.28,1237/5521,34.3,35.66,34.28,34.91,3.948497,2694018,33,301555,20260304
603197.SH,保隆科技,33.84,-0.7624633431084985,34.38,34.6,-1.1216566,35,34.25,1238/5521,34.6,35,34.25,34.38,2.157031,2928900,17,603197,20260304
300809.SZ,华辰装备,32.05,2.8892455858747947,34.64,34.6,-0.74498567,35.18,34.21,1239/5521,34.6,35.18,34.21,34.64,2.779369,3256897,33,300809,20260304
002190.SZ,成飞集成,29.52,0.9921313718782044,35.8,35.36,0.25203024,36.35,34.13,1240/5521,35.36,36.35,34.13,35.8,6.216746,7311146,33,002190,20260304
300563.SZ,神宇股份,32.32,-0.09273570324575313,34.21,34.33,-1.04136535,35.04,34.13,1240/5521,34.33,35.04,34.13,34.21,2.63234,3869134,33,300563,20260304
000688.SZ,国城矿业,51.48,4.337251722740157,34.7,34.79,-1.50439966,36.08,34.12,1242/5521,34.66,35.95,33.99,34.57,5.56344,2.3025564E7,33,000688,20260304
300153.SZ,科泰电源,31.66,6.420168067226891,35.1,34.41,0.05701254,36.95,34.1,1243/5521,34.41,36.95,34.1,35.1,8.124287,2.0938375E7,33,300153,20260304
301469.SZ,恒达新材,36.25,-1.2530645600653796,34.95,34.5,-0.73842658,35.63,34.1,1243/5521,34.5,35.63,34.1,34.95,4.345356,2414197,33,301469,20260304
688367.SH,工大高科,40.6,0.4950495049505021,34.67,34.5,-0.94285714,35.55,34.1,1243/5521,34.5,35.55,34.1,34.67,4.142857,2066474,17,688367,20260304
605589.SH,圣泉集团,39.08,-4.239157069345758,34.59,34.08,0.6400931,35.75,34.06,1246/5521,34.08,35.75,34.06,34.59,4.917078,2.6008426E7,17,605589,20260304
301231.SZ,荣信文化,30.0,2.880658436213991,34.59,34.4,-0.4031097,34.9,34.05,1247/5521,34.4,34.9,34.05,34.59,2.447451,4159395,33,301231,20260304
301533.SZ,威马农机,33.13,0.7603406326034062,34.56,34.3,0.99357101,34.85,34.02,1248/5521,34.3,34.85,34.02,34.56,2.425482,948727,33,301533,20260304
603583.SH,捷昌驱动,28.88,-1.5006821282401135,34.1,34.19,-1.41659439,34.72,34.01,1249/5521,34.19,34.72,34.01,34.1,2.052616,4641320,17,603583,20260304
920099.BJ,瑞华技术,29.7,-0.8016032064128322,35.52,39,-11.77347243,39,34.01,1249/5521,39,39,34.01,35.52,12.394436,4695232,151,920099,20260304
601995.SH,中金公司,34.23,-0.5808887598025061,34.08,34.5,-1.53134932,34.53,34,1251/5521,34.5,34.53,34,34.08,1.531349,3.5492754E7,17,601995,20260304
920092.BJ,汉鑫科技,28.92,2.0465772759350807,34.42,34.2,0.37911928,35.13,34,1251/5521,34.2,35.13,34,34.42,3.295421,927952,151,920092,20260304
920284.BJ,灵鸽科技,31.7,-2.5814382298709275,34.5,34.34,-0.31782722,35.5,34,1251/5521,34.34,35.5,34,34.5,4.334007,1875184,151,920284,20260304
688158.SH,优刻得,45.03,-1.7026850032743965,35.08,33.99,0.22857143,35.88,33.99,1254/5521,33.99,35.88,33.99,35.08,5.4,3.0188174E7,17,688158,20260304
301578.SZ,辰奕智能,34.73,1.6388645010242762,34.9,34.15,1.04226983,36.34,33.92,1255/5521,34.15,36.34,33.92,34.9,7.006369,1701833,33,301578,20260304
002759.SZ,天际股份,38.09,5.776173285198571,34.59,34,-0.54629097,35.57,33.9,1256/5521,34,35.57,33.9,34.59,4.80161,2.8151095E7,33,002759,20260304
603698.SH,航天工程,43.97,10.007505629221917,35.97,34.06,4.56395349,36.69,33.89,1257/5521,34.06,36.69,33.89,35.97,8.139534,2.4388437E7,17,603698,20260304
688557.SH,兰剑智能,34.88,1.9883040935672505,34.15,34.65,-1.41454965,35.48,33.88,1258/5521,34.65,35.48,33.88,34.15,4.618937,2737550,17,688557,20260304
301007.SZ,德迈仕,36.1,1.4044943820224718,34.68,33.8,1.0784028,35.43,33.8,1259/5521,33.8,35.43,33.8,34.68,4.750801,2679361,33,301007,20260304
301161.SZ,唯万密封,32.26,1.5423355366698095,34.0,34.21,-0.75890251,34.97,33.8,1259/5521,34.21,34.97,33.8,34.0,3.415061,3737300,33,301161,20260304
688061.SH,灿瑞科技,35.2,1.3532968615030407,34.0,34.01,-1.93250649,35.01,33.8,1259/5521,34.01,35.01,33.8,34.0,3.490049,1252257,17,688061,20260304
688357.SH,建龙微纳,36.56,-3.4846884899683217,34.13,33.8,-0.20467836,34.72,33.79,1262/5521,33.8,34.72,33.79,34.13,2.719298,1256669,17,688357,20260304
000513.SZ,丽珠集团,32.65,-0.5482790130977756,33.81,34.2,-1.65794066,34.28,33.75,1263/5521,34.2,34.28,33.75,33.81,1.541593,5849440,33,000513,20260304
603322.SH,超讯通信,32.5,1.0572139303482695,34.19,34.07,-0.89855072,34.82,33.75,1263/5521,34.07,34.82,33.75,34.19,3.101449,4214390,17,603322,20260304
301227.SZ,森鹰窗业,31.66,-1.4321295143212869,33.93,34.17,-1.90806592,34.74,33.71,1265/5521,34.17,34.74,33.71,33.93,2.977739,1014406,33,301227,20260304
000534.SZ,万泽股份,39.53,-2.8746928746928786,35.53,33.7,-0.25266704,37.45,33.7,1266/5521,33.7,37.45,33.7,35.53,10.527793,2.566047E7,33,000534,20260304
000526.SZ,学大教育,34.76,4.7619047619047565,33.89,34.78,-3.17142857,34.85,33.68,1267/5521,34.78,34.85,33.68,33.89,3.342857,1845500,33,000526,20260304
300888.SZ,稳健医疗,31.34,0.1277955271565468,33.73,34.1,-1.7477425,34.4,33.6,1268/5521,34.1,34.4,33.6,33.73,2.330323,3780963,33,300888,20260304
920953.BJ,国子软件,28.54,-1.1430550744717765,33.75,33.68,0.23760024,34.47,33.53,1269/5521,33.68,34.47,33.53,33.75,2.791802,973049,151,920953,20260304
301259.SZ,艾布鲁,40.09,2.0621181262729182,34.79,33.63,2.59510469,34.97,33.51,1270/5521,33.63,34.97,33.51,34.79,4.305514,2785279,33,301259,20260304
301366.SZ,一博科技,38.35,0.313889615485233,33.68,34.45,-2.06455365,34.75,33.5,1271/5521,34.45,34.75,33.5,33.68,3.634777,2909651,33,301366,20260304
688181.SH,八亿时空,35.57,-0.19640852974186387,33.87,33.65,0.59400059,34.72,33.45,1272/5521,33.65,34.72,33.45,33.87,3.771903,3261153,17,688181,20260304
603816.SH,顾家家居,29.04,-1.2580754845290751,33.5,34.29,-3.62485616,34.99,33.42,1273/5521,34.29,34.99,33.42,33.5,4.516685,6820192,17,603816,20260304
920396.BJ,常辅股份,28.85,1.4773126978543851,34.18,33.9,0.52941176,35.15,33.42,1273/5521,33.9,35.15,33.42,34.18,5.088235,2105146,151,920396,20260304
002380.SZ,科远智慧,34.74,-2.058077248378903,34.15,33.75,0.58910162,34.48,33.41,1275/5521,33.75,34.48,33.41,34.15,3.151693,1.1209744E7,33,002380,20260304
002270.SZ,华明装备,24.49,-3.1633056544088602,34.78,33.39,2.96033156,36.08,33.39,1276/5521,33.18,35.87,33.18,34.57,7.963291,2.7037756E7,33,002270,20260304
688077.SH,大地熊,30.26,-0.09904258831296661,34.09,33.36,-0.14645577,35.14,33.36,1277/5521,33.36,35.14,33.36,34.09,5.213825,3845662,17,688077,20260304
300955.SZ,嘉亨家化,36.58,0.41174855888004,33.46,34,-2.0204978,34.26,33.33,1278/5521,34,34.26,33.33,33.46,2.723279,1938396,33,300955,20260304
688208.SH,道通科技,33.87,-0.8199121522694031,33.46,34.2,-2.76082534,34.72,33.33,1278/5521,34.2,34.72,33.33,33.46,4.039523,1.102459E7,17,688208,20260304
000963.SZ,华东医药,33.35,-0.5664877757900946,33.72,33.92,-0.91096092,34.1,33.3,1280/5521,33.92,34.1,33.3,33.72,2.350866,8860060,33,000963,20260304
301382.SZ,蜂助手,44.0,2.972150713784234,33.65,33.49,-0.50266115,34.35,33.3,1280/5521,33.49,34.35,33.3,33.65,3.104671,6508546,33,301382,20260304
603285.SH,键邦股份,43.59,1.7507002801120446,34.27,33.32,2.57407962,35.23,33.3,1280/5521,33.32,35.23,33.3,34.27,5.776713,2949892,17,603285,20260304
688150.SH,莱特光电,52.66,2.891754591637352,34.03,33.5,0.50206734,35.2,33.3,1280/5521,33.5,35.2,33.3,34.03,5.61134,1.1152373E7,17,688150,20260304
920693.BJ,阿为特,30.61,5.008576329331049,33.59,33.43,0.41853513,34.36,33.3,1280/5521,33.43,34.36,33.3,33.59,3.168908,646341,151,920693,20260304
603068.SH,博通集成,35.48,3.712364805612382,33.35,33.4,-2.28537943,34.18,33.25,1285/5521,33.4,34.18,33.25,33.35,2.724875,3256000,17,603068,20260304
001267.SZ,汇绿生态,53.96,0.07418397626112601,33.6,34.47,-3.86266094,34.9,33.23,1286/5521,34.47,34.9,33.23,33.6,4.778254,6.139741E7,33,001267,20260304
300727.SZ,润禾材料,34.18,-1.070911722141816,33.75,33.44,-0.11837822,34.68,33.2,1287/5521,33.44,34.68,33.2,33.75,4.379994,3827310,33,300727,20260304
301195.SZ,北路智控,31.97,0.7881462799495587,33.27,33.7,-1.12927192,33.8,33.2,1287/5521,33.7,33.8,33.2,33.27,1.78306,934468,33,301195,20260304
000807.SZ,云铝股份,31.8,-3.9855072463768018,34.24,33.3,5.48367221,35.2,33.18,1289/5521,33.3,35.2,33.18,34.24,6.223043,1.22601687E8,33,000807,20260304
002318.SZ,久立特材,30.12,-1.116217990807616,33.8,33.25,0.56530794,34.77,33.18,1289/5521,33.25,34.77,33.18,33.8,4.730734,1.2553026E7,33,002318,20260304
688786.SH,悦安新材,31.05,-2.419861722187302,35.6,33.2,4.73668726,36.68,33.17,1291/5521,33.2,36.68,33.17,35.6,10.326566,9394199,17,688786,20260304
920570.BJ,坤博精工,29.52,3.072625698324019,33.28,33.16,0.5741916,33.91,33.15,1292/5521,33.16,33.91,33.15,33.28,2.296766,541071,151,920570,20260304
301378.SZ,通达海,33.19,0.9735320961362954,33.6,33.56,-1.81180596,34.35,33.11,1293/5521,33.56,34.35,33.11,33.6,3.623611,3907767,33,301378,20260304
002864.SZ,盘龙药业,30.24,-0.230946882217091,33.49,33.5,-0.29770765,33.96,33.1,1294/5521,33.5,33.96,33.1,33.49,2.560285,3193600,33,002864,20260304
300943.SZ,春晖智控,28.44,-2.7027027027027,33.49,33.3,-1.90392501,35.19,33.08,1295/5521,33.3,35.19,33.08,33.49,6.180433,1.5945831E7,33,300943,20260304
301510.SZ,固高科技,38.66,1.7368421052631489,33.37,33.43,-0.92042755,34.3,33.05,1296/5521,33.43,34.3,33.05,33.37,3.711401,7447668,33,301510,20260304
300042.SZ,朗科科技,52.27,1.6926070038910594,34.34,33.41,8.67088608,35.89,33.03,1297/5521,33.41,35.89,33.03,34.34,9.050632,2.6870182E7,33,300042,20260304
688767.SH,博拓生物,34.89,-2.8674832962138117,34.88,33.12,3.74776919,35.32,33.02,1298/5521,33.12,35.32,33.02,34.88,6.841165,2424208,17,688767,20260304
300669.SZ,沪宁股份,32.28,0.5607476635514009,33.46,33.39,-0.71216617,34.2,33.01,1299/5521,33.39,34.2,33.01,33.46,3.531157,1978676,33,300669,20260304
688253.SH,英诺特,52.05,7.853294653957727,33.51,34.72,-3.17827218,34.72,33,1300/5521,34.72,34.72,33,33.51,4.969661,2101025,17,688253,20260304
002933.SZ,新兴装备,30.72,-2.7848101265822867,34.6,33.26,2.48815166,34.78,32.98,1301/5521,33.26,34.78,32.98,34.6,5.331753,5232055,33,002933,20260304
002402.SZ,和而泰,31.66,2.0960980328926104,33.15,32.97,-0.98566308,33.83,32.97,1302/5521,32.97,33.83,32.97,33.15,2.568697,2.3766299E7,33,002402,20260304
605088.SH,冠盛股份,35.46,1.3432409259788478,33.11,33.1,-1.45833333,33.79,32.94,1303/5521,33.1,33.79,32.94,33.11,2.529761,2775573,17,605088,20260304
603059.SH,倍加洁,34.58,-2.0396600566572207,33.3,33.05,-1.88568061,34.31,32.92,1304/5521,33.05,34.31,32.92,33.3,4.095462,1474525,17,603059,20260304
301380.SZ,挖金客,34.38,0.5851375073142272,33.41,33.57,-0.47661603,33.9,32.91,1305/5521,33.57,33.9,32.91,33.41,2.949061,2133519,33,301380,20260304
002001.SZ,新和成,34.8,-0.45766590389017076,33.3,33.11,-1.74092653,33.95,32.9,1306/5521,33.11,33.95,32.9,33.3,3.098259,7.2423937E7,33,002001,20260304
688206.SH,概伦电子,34.01,1.856843366277321,33.01,33.31,-1.87277051,34.22,32.89,1307/5521,33.31,34.22,32.89,33.01,3.953626,4062637,17,688206,20260304
300606.SZ,金太阳,37.72,-2.0768431983385365,34.85,32.85,-3.24819545,36.1,32.85,1308/5521,32.85,36.1,32.85,34.85,9.022765,1.2131447E7,33,300606,20260304
920509.BJ,同惠电子,31.78,2.4170157911698356,33.12,33.02,-0.12062726,33.88,32.83,1309/5521,33.02,33.88,32.83,33.12,3.166465,1453206,151,920509,20260304
002536.SZ,飞龙股份,35.88,-1.2658227848101289,35.22,32.8,2.98245614,35.99,32.8,1310/5521,32.8,35.99,32.8,35.22,9.327485,7.0217977E7,33,002536,20260304
300939.SZ,秋田微,38.64,0.8613938919342163,33.46,33.3,-0.11940299,33.99,32.8,1310/5521,33.3,33.99,32.8,33.46,3.552238,2378000,33,300939,20260304
603661.SH,恒林股份,30.53,-4.890965732087228,32.98,33.9,-2.13649852,33.97,32.8,1310/5521,33.9,33.97,32.8,32.98,3.47181,892800,17,603661,20260304
603897.SH,长城科技,52.36,9.999999999999995,34.02,32.95,1.73444976,34.55,32.78,1313/5521,32.95,34.55,32.78,34.02,5.293062,1.7527736E7,17,603897,20260304
688051.SH,佳华科技,42.02,1.8419777023751942,33.16,34.06,0.33282905,34.08,32.74,1314/5521,34.06,34.08,32.74,33.16,4.054462,986294,17,688051,20260304
301026.SZ,浩通科技,31.12,-1.3629160063391432,33.53,33.64,-1.32430842,34.76,32.73,1315/5521,33.64,34.76,32.73,33.53,5.974102,1.007793E7,33,301026,20260304
301383.SZ,天键股份,28.78,0.27874564459930956,32.85,33,-1.91101821,33.75,32.73,1315/5521,33,33.75,32.73,32.85,3.045685,1496310,33,301383,20260304
300473.SZ,德尔股份,33.15,-1.3392857142857226,33.65,32.83,1.35542169,33.89,32.66,1317/5521,32.83,33.89,32.66,33.65,3.704819,5247562,33,300473,20260304
300906.SZ,日月明,35.63,1.8000000000000074,33.13,32.92,-0.18077734,33.76,32.65,1318/5521,32.92,33.76,32.65,33.13,3.34438,1324800,33,300906,20260304
300100.SZ,双林股份,28.51,1.4590747330960858,32.93,32.75,-0.27256208,33.44,32.63,1319/5521,32.65,33.34,32.53,32.83,2.453058,6171557,33,300100,20260304
002444.SZ,巨星科技,34.19,-1.29907621247114,32.81,33.48,-3.38633687,33.92,32.54,1320/5521,33.48,33.92,32.54,32.81,4.063604,1.2783801E7,33,002444,20260304
301307.SZ,美利信,46.95,0.08526966531657697,33.21,33.37,-0.47947258,33.94,32.54,1320/5521,33.37,33.94,32.54,33.21,4.195385,4843887,33,301307,20260304
300905.SZ,宝丽迪,68.12,0.029368575624097257,33.44,33.15,-0.11947431,33.8,32.53,1322/5521,33.15,33.8,32.53,33.44,3.793309,3774500,33,300905,20260304
002965.SZ,祥鑫科技,29.43,-0.7085020242915009,32.9,32.7,-0.69423483,33.68,32.52,1323/5521,32.7,33.68,32.52,32.9,3.501358,3978332,33,002965,20260304
603057.SH,紫燕食品,27.78,3.928170594837264,33.17,32.52,-0.98507463,34.09,32.52,1323/5521,32.52,34.09,32.52,33.17,4.686567,4076749,17,603057,20260304
301258.SZ,富士莱,30.0,0.4016064257028146,32.75,32.83,-0.45592705,33.5,32.51,1325/5521,32.83,33.5,32.51,32.75,3.009118,956428,33,301258,20260304
603813.SH,*ST原尚,37.0,1.36986301369863,34.46,32.97,4.14022363,34.73,32.5,1326/5521,32.97,34.73,32.5,34.46,6.739196,821800,22,603813,20260304
605003.SH,众望布艺,29.75,4.679802955665019,32.6,32.66,-3.60733294,34,32.5,1326/5521,32.66,34,32.5,32.6,4.435245,2011900,17,605003,20260304
603612.SH,索通发展,24.91,-2.771272443403594,32.98,32.96,-0.6626506,34.31,32.46,1328/5521,32.96,34.31,32.46,32.98,5.572289,1.8023514E7,17,603612,20260304
688561.SH,奇安信,30.11,1.7573504562352131,32.48,32.5,-1.57575758,33.28,32.42,1329/5521,32.5,33.28,32.42,32.48,2.60606,7788087,17,688561,20260304
002971.SZ,和远气体,31.74,-1.9765287214329958,32.5,33.57,-4.12979351,34.38,32.4,1330/5521,33.57,34.38,32.4,32.5,5.840707,6985222,33,002971,20260304
002980.SZ,华盛昌,79.94,-1.7332513829133334,34.02,34.98,-2.96634341,35.04,32.4,1330/5521,34.98,35.04,32.4,34.02,7.529948,3.0967258E7,33,002980,20260304
001279.SZ,强邦新材,30.46,0.8275405494869248,32.49,33,-1.30619684,33,32.38,1332/5521,33,33,32.38,32.49,1.883353,858165,33,001279,20260304
605258.SH,协和电子,34.73,-2.003386004514675,33.19,32.4,0.88145897,33.65,32.36,1333/5521,32.4,33.65,32.36,33.19,3.920972,2118900,17,605258,20260304
002484.SZ,江海股份,38.35,0.4452592980618169,32.66,32.31,0.43050431,33.78,32.31,1334/5521,32.31,33.78,32.31,32.66,4.520295,2.2733053E7,33,002484,20260304
002997.SZ,瑞鹄模具,29.98,2.0422055820285956,32.31,32.6,-1.73357664,33.05,32.25,1335/5521,32.6,33.05,32.25,32.31,2.43309,2468016,33,002997,20260304
003017.SZ,大洋生物,32.12,1.0698552548772697,32.52,33.61,-4.26847218,33.65,32.24,1336/5521,33.61,33.65,32.24,32.52,4.150721,4118602,33,003017,20260304
300545.SZ,联得装备,33.92,0.35502958579883004,33.11,32.42,1.37783221,33.9,32.24,1336/5521,32.42,33.9,32.24,33.11,5.082669,7613820,33,300545,20260304
300046.SZ,台基股份,32.24,2.642470550780012,32.62,32.21,0,33.26,32.2,1338/5521,32.21,33.26,32.2,32.62,3.24954,4590844,33,300046,20260304
603383.SH,顶点软件,32.46,-1.5468607825295664,32.24,32.51,-1.85692542,33.08,32.2,1338/5521,32.51,33.08,32.2,32.24,2.678843,2852777,17,603383,20260304
920060.BJ,万源通,31.09,-4.426683061789121,32.98,32.3,-0.15137754,33.44,32.18,1340/5521,31.8,32.94,31.68,32.48,3.814713,2959015,151,920060,20260304
002430.SZ,杭氧股份,31.43,-2.482159478746501,32.45,32.9,-0.49064704,34.02,32.13,1341/5521,32.9,34.02,32.13,32.45,5.795768,2.0573512E7,33,002430,20260304
688118.SH,普元信息,27.23,0.22083179977916348,32.75,32.61,-1.23642943,33.49,32.1,1342/5521,32.61,33.49,32.1,32.75,4.191797,6566641,17,688118,20260304
300935.SZ,盈建科,34.31,5.993203583565045,33.24,32.7,1.65137615,33.96,32.08,1343/5521,32.7,33.96,32.08,33.24,5.749235,2456150,33,300935,20260304
002801.SZ,微光股份,32.47,1.1841695232159408,32.38,32.37,-0.73574494,32.86,32.05,1344/5521,32.37,32.86,32.05,32.38,2.483139,2021305,33,002801,20260304
688595.SH,芯海科技,34.26,-1.5517241379310323,32.25,32.58,-2.27272727,33.26,32.04,1345/5521,32.58,33.26,32.04,32.25,3.696969,4187088,17,688595,20260304
001228.SZ,永泰运,30.27,-3.011855174623522,32.66,32.43,0.30712531,33.22,32.03,1346/5521,32.43,33.22,32.03,32.66,3.654791,2120200,33,001228,20260304
301551.SZ,无线传媒,27.42,-4.058782365290401,32.49,32.36,0.18501388,32.67,32.03,1346/5521,32.36,32.67,32.03,32.49,1.973481,3190656,33,301551,20260304
600343.SH,航天动力,34.52,3.7883343355381998,34.69,32.01,4.23677885,36.25,32.01,1348/5521,32.01,36.25,32.01,34.69,12.740384,6.0300759E7,17,600343,20260304
688320.SH,禾川科技,33.73,1.2304921968787412,32.34,32.01,-1.31217577,32.8,32.01,1348/5521,32.01,32.8,32.01,32.34,2.410741,2777120,17,688320,20260304
920008.BJ,成电光信,25.79,2.5447316103379745,33.1,33.38,-4.52841073,34.98,32.01,1348/5521,33.38,34.98,32.01,33.1,8.566483,4679751,151,920008,20260304
002128.SZ,电投能源,32.36,-1.3113754193351623,32.92,32.52,1.13671275,33.65,32,1351/5521,32.22,33.35,31.7,32.62,5.069124,3.5273495E7,33,002128,20260304
002988.SZ,豪美新材,34.65,0.5513639001741083,32.3,32.53,-1.67427702,33.45,32,1351/5521,32.53,33.45,32,32.3,4.414003,2443593,33,002988,20260304
301122.SZ,采纳股份,31.9,1.2055837563451746,33.0,32.88,-0.54249548,33,31.95,1353/5521,32.88,33,31.95,33.0,3.164556,2226560,33,301122,20260304
300505.SZ,川金诺,25.29,-1.7482517482517457,34.22,31.92,5.29230769,36.88,31.92,1354/5521,31.92,36.88,31.92,34.22,15.261538,6.1822515E7,33,300505,20260304
920689.BJ,克莱特,27.91,0.68542568542569,32.33,32,1.34796238,32.84,31.85,1355/5521,32,32.84,31.85,32.33,3.103448,1129821,151,920689,20260304
601168.SH,西部矿业,29.59,-2.4719841793012525,32.69,31.95,-1.65463297,33.61,31.81,1356/5521,31.95,33.61,31.81,32.69,5.415162,5.2145442E7,17,601168,20260304
301008.SZ,宏昌科技,31.69,3.2247557003257397,32.39,31.93,0,33.2,31.8,1357/5521,31.93,33.2,31.8,32.39,4.322321,1490005,33,301008,20260304
600489.SH,中金黄金,25.96,-0.42194092827004,32.29,31.78,-4.07011289,33,31.78,1358/5521,31.78,33,31.78,32.29,3.62448,1.01171449E8,17,600489,20260304
688596.SH,正帆科技,32.66,0.15332720024531482,31.89,31.99,-1.29990715,32.73,31.77,1359/5521,31.99,32.73,31.77,31.89,2.971216,6277213,17,688596,20260304
300980.SZ,祥源新材,33.21,-1.9196692262256307,32.05,31.98,0.2188868,32.74,31.74,1360/5521,31.98,32.74,31.74,32.05,3.126954,2376660,33,300980,20260304
920779.BJ,武汉蓝电,32.3,-4.26793123888561,32.03,31.74,0.09375,32.63,31.73,1361/5521,31.04,31.93,31.03,31.33,2.8125,328766,151,920779,20260304
600482.SH,中国动力,38.57,-3.2605969400551724,34.31,31.72,5.73189522,34.69,31.72,1362/5521,31.72,34.69,31.72,34.31,9.152542,5.5597723E7,17,600482,20260304
601877.SH,正泰电器,32.73,0.39877300613495537,32.69,31.72,1.14480198,33.5,31.72,1362/5521,31.72,33.5,31.72,32.69,5.507425,3.3333446E7,17,601877,20260304
688231.SH,隆达股份,38.48,4.056246619794484,32.16,31.8,-0.46425255,32.81,31.71,1364/5521,31.8,32.81,31.71,32.16,3.404518,6204529,17,688231,20260304
920981.BJ,晶赛科技,34.4,-2.7974003955919806,31.75,32.19,-1.39751553,32.71,31.68,1365/5521,32.19,32.71,31.68,31.75,3.198757,850533,151,920981,20260304
300433.SZ,蓝思科技,25.69,-0.503485670023234,32.06,32.07,-1.38418948,32.75,31.66,1366/5521,32.07,32.75,31.66,32.06,3.352814,6.1058793E7,33,300433,20260304
002142.SZ,宁波银行,33.2,-1.0432190760059443,31.95,32,-0.59116366,32.19,31.61,1367/5521,32,32.19,31.61,31.95,1.804604,2.4860927E7,33,002142,20260304
300868.SZ,杰美特,72.49,2.517324282279736,35.23,32.29,8.56702619,35.26,31.61,1367/5521,32.29,35.26,31.61,35.23,11.248073,3615952,33,300868,20260304
000915.SZ,华特达因,28.96,1.117318435754191,31.74,32.11,-1.61190329,32.21,31.6,1369/5521,32.11,32.21,31.6,31.74,1.890886,3059100,33,000915,20260304
300722.SZ,新余国科,28.27,0.5691924581999294,34.63,32.99,3.71368673,34.86,31.6,1369/5521,32.99,34.86,31.6,34.63,9.763402,1.1947955E7,33,300722,20260304
301322.SZ,绿通科技,38.8,7.897664071190202,31.88,31.62,-0.93225606,32.34,31.6,1369/5521,31.62,32.34,31.6,31.88,2.299564,2861078,33,301322,20260304
301428.SZ,世纪恒通,32.95,0.0,31.82,31.71,-0.65563534,32.33,31.6,1369/5521,31.71,32.33,31.6,31.82,2.279113,3008250,33,301428,20260304
688162.SH,巨一科技,32.35,-0.5838967424707981,31.69,31.93,-2.00989487,32.59,31.59,1373/5521,31.93,32.59,31.59,31.69,3.092145,2112332,17,688162,20260304
300102.SZ,乾照光电,32.82,2.2111491747119305,33.12,31.72,3.4353529,34.42,31.55,1374/5521,31.72,34.42,31.55,33.12,8.963148,6.4674427E7,33,300102,20260304
301053.SZ,远信工业,64.0,0.0,32.47,31.95,0.24698981,32.74,31.54,1375/5521,31.95,32.74,31.54,32.47,3.704847,811500,33,301053,20260304
301067.SZ,显盈科技,32.66,-2.6817640047675972,32.0,31.7,-0.31152648,32.93,31.52,1376/5521,31.7,32.93,31.52,32.0,4.392523,1867711,33,301067,20260304
300930.SZ,屹通新材,31.45,-1.7187500000000022,32.86,31.68,2.4633614,33.63,31.5,1377/5521,31.68,33.63,31.5,32.86,6.641721,3050392,33,300930,20260304
600114.SH,东睦股份,34.08,4.15647921760391,31.95,31.82,-0.74557316,32.83,31.5,1377/5521,31.82,32.83,31.5,31.95,4.131717,1.2750145E7,17,600114,20260304
603665.SH,康隆达,28.4,2.6011560693641576,31.88,32.5,-3.33535476,32.8,31.5,1377/5521,32.5,32.8,31.5,31.88,3.941782,2495600,17,603665,20260304
688639.SH,华恒生物,28.0,-0.8147360963514008,31.59,31.63,-1.09580463,32.5,31.5,1377/5521,31.63,32.5,31.5,31.59,3.13087,5735437,17,688639,20260304
603127.SH,昭衍新药,38.87,0.5952380952380871,31.81,31.5,-0.03142678,32.5,31.44,1381/5521,31.5,32.5,31.44,31.81,3.331238,1.2258514E7,17,603127,20260304
688076.SH,ST诺泰,29.73,1.74537987679672,32.6,32.22,2.09834012,33.03,31.43,1382/5521,32.22,33.03,31.43,32.6,5.010961,4301404,22,688076,20260304
301222.SZ,浙江恒威,48.39,-2.478839177750901,32.73,31.85,2.76295133,32.76,31.42,1383/5521,31.85,32.76,31.42,32.73,4.207221,2660547,33,301222,20260304
301295.SZ,美硕科技,44.57,0.9970541581690407,32.02,31.42,0.15639662,32.52,31.42,1383/5521,31.42,32.52,31.42,32.02,3.440725,1089540,33,301295,20260304
688689.SH,银河微电,39.09,0.462606013878198,31.97,31.71,-0.77591558,32.87,31.4,1385/5521,31.71,32.87,31.4,31.97,4.562383,3442372,17,688689,20260304
688211.SH,中科微至,34.7,2.9062870699881493,31.44,31.79,-1.65780419,31.91,31.33,1386/5521,31.79,31.91,31.33,31.44,1.8142,536564,17,688211,20260304
603355.SH,莱克电气,32.04,2.593659942363108,32.02,31.56,0.6918239,32.2,31.31,1387/5521,31.56,32.2,31.31,32.02,2.798742,2192302,17,603355,20260304
002364.SZ,中恒电气,40.79,2.6163522012578593,32.2,31.53,0.34278591,33.44,31.3,1388/5521,31.53,33.44,31.3,32.2,6.668744,3.1940928E7,33,002364,20260304
300644.SZ,南京聚隆,28.11,0.7888131946934344,31.48,31.67,-0.69400631,32.26,31.3,1388/5521,31.67,32.26,31.3,31.48,3.028391,2800622,33,300644,20260304
603489.SH,八方股份,37.15,1.088435374149656,32.99,31.45,3.74213836,33.98,31.3,1388/5521,31.45,33.98,31.3,32.99,8.427672,1.0158887E7,17,603489,20260304
920086.BJ,科马材料,29.57,2.212236432768754,31.44,31.86,-1.41110066,32.13,31.3,1388/5521,31.86,32.13,31.3,31.44,2.602696,942306,151,920086,20260304
001266.SZ,宏英智能,40.59,2.7074898785425106,33.95,31.29,6.12691466,35.17,31.28,1392/5521,31.29,35.17,31.28,33.95,12.16005,6570461,33,001266,20260304
688010.SH,福光股份,33.45,0.7833684844832935,31.44,31.49,-0.82018927,32.15,31.25,1393/5521,31.49,32.15,31.25,31.44,2.839116,3024241,17,688010,20260304
301508.SZ,中机认检,29.39,0.1362862010221436,31.35,31.62,-1.81647354,31.89,31.2,1394/5521,31.62,31.89,31.2,31.35,2.160977,2109637,33,301508,20260304
603281.SH,江瀚新材,33.82,-1.6288539848749337,31.73,32,-1.67338085,32.26,31.2,1394/5521,32,32.26,31.2,31.73,3.284784,2792180,17,603281,20260304
003026.SZ,中晶科技,49.99,5.419654154365246,31.44,31.3,-0.97637795,32.25,31.18,1396/5521,31.3,32.25,31.18,31.44,3.370078,3098625,33,003026,20260304
688062.SH,迈威生物,35.73,3.7155297532655847,31.38,31.51,-0.85308057,32.2,31.17,1397/5521,31.51,32.2,31.17,31.38,3.254344,5893799,17,688062,20260304
002906.SZ,华阳集团,30.1,-2.840542285345381,31.22,31.81,-2.89269051,32.12,31.12,1398/5521,31.81,32.12,31.12,31.22,3.110419,8239034,33,002906,20260304
300749.SZ,顶固集创,24.29,0.12366034624895954,31.67,31.8,-0.90738423,33.61,31.1,1399/5521,31.8,33.61,31.1,31.67,7.853566,1.33665E7,33,300749,20260304
688350.SH,富淼科技,29.31,-1.9076305220883545,31.29,31.31,-0.35031847,32.39,31.08,1400/5521,31.31,32.39,31.08,31.29,4.171974,2741879,17,688350,20260304
920166.BJ,海圣医疗,27.25,0.4053058216654364,31.21,31.13,-3.64309972,32.56,31.05,1401/5521,31.13,32.56,31.05,31.21,4.661932,2212235,151,920166,20260304
600976.SH,健民集团,31.69,-1.0923845193508048,31.15,31.9,-2.35109718,31.9,31.03,1402/5521,31,31,30.13,30.25,2.727272,1693150,17,600976,20260304
688139.SH,海尔生物,31.4,-4.004891470498325,31.02,31.31,-1.05263158,31.68,31.02,1403/5521,31.31,31.68,31.02,31.02,2.105263,1929094,17,688139,20260304
688328.SH,深科达,54.18,-0.47759000734753493,31.31,31.5,-1.84952978,32.42,31.02,1403/5521,31.5,32.42,31.02,31.31,4.388714,2294534,17,688328,20260304
920239.BJ,长虹能源,30.93,-0.9288917360666212,31.03,31.6,-1.80379747,31.81,31.01,1405/5521,31.6,31.81,31.01,31.03,2.531645,2120666,151,920239,20260304
688339.SH,亿华通,26.15,9.460025115110916,33.75,31,8.48601736,34.83,31,1406/5521,31,34.83,31,33.75,12.311153,1.4556309E7,17,688339,20260304
601208.SH,东材科技,39.14,1.2415933781686601,31.45,30.98,-0.7260101,32.8,30.98,1407/5521,30.98,32.8,30.98,31.45,5.744949,6.1029881E7,17,601208,20260304
300753.SZ,爱朋医疗,27.28,1.1119347664937016,31.59,31.01,0.92651757,32.07,30.95,1408/5521,31.01,32.07,30.95,31.59,3.578274,4789214,33,300753,20260304
300846.SZ,首都在线,26.75,-0.9992598075499615,32.01,30.95,0.34482759,32.74,30.95,1408/5521,30.95,32.74,30.95,32.01,5.611285,5.3448279E7,33,300846,20260304
301218.SZ,华是科技,34.76,-0.6857142857142914,31.49,31.06,0.15903308,32.42,30.9,1410/5521,31.06,32.42,30.9,31.49,4.834605,4555098,33,301218,20260304
688533.SH,上声电子,26.56,0.11307953260458946,31.07,31.53,-2.90625,32.1,30.9,1410/5521,31.53,32.1,30.9,31.07,3.75,2692916,17,688533,20260304
688135.SH,利扬芯片,36.89,1.6813671444321925,30.98,30.95,-0.76873799,31.98,30.88,1412/5521,30.95,31.98,30.88,30.98,3.523382,6517178,17,688135,20260304
301166.SZ,优宁维,31.02,0.4533678756476702,31.3,31.4,-0.94936709,31.74,30.85,1413/5521,31.4,31.74,30.85,31.3,2.816455,1192551,33,301166,20260304
688618.SH,三旺通信,35.99,-1.559080962800876,31.47,31.06,0.22292994,31.84,30.85,1413/5521,31.06,31.84,30.85,31.47,3.152866,1292569,17,688618,20260304
301239.SZ,普瑞眼科,46.83,3.6061946902654762,31.04,31,-0.60838937,31.4,30.82,1415/5521,31,31.4,30.82,31.04,1.857188,979299,33,301239,20260304
603860.SH,中公高科,32.8,0.18326206475258144,31.24,31.35,-1.29541864,31.81,30.81,1416/5521,31.35,31.81,30.81,31.24,3.159557,1278000,17,603860,20260304
688819.SH,天能股份,30.48,-14.788929270338278,30.84,31.5,-2.86614173,31.86,30.78,1417/5521,31.5,31.86,30.78,30.84,3.401574,3127324,17,688819,20260304
688338.SH,赛科希德,30.08,-0.5619834710743858,30.84,31.3,-3.1711146,31.97,30.76,1418/5521,31.3,31.97,30.76,30.84,3.799058,2244978,17,688338,20260304
301022.SZ,海泰科,29.41,0.7882111034955464,30.85,30.8,-1.28,31.5,30.72,1419/5521,30.8,31.5,30.72,30.85,2.496,1794732,33,301022,20260304
002831.SZ,裕同科技,37.84,-2.0196789228378926,31.0,31.46,-2.14646465,32.18,30.7,1420/5521,31.46,32.18,30.7,31.0,4.671717,7143700,33,002831,20260304
688358.SH,祥生医疗,31.36,2.0501138952163975,30.9,31.28,-2.83018868,31.94,30.7,1420/5521,31.28,31.94,30.7,30.9,3.899371,1891659,17,688358,20260304
000021.SZ,深科技,29.22,-0.034211426616495254,31.2,30.68,1.69491525,32.26,30.68,1422/5521,30.68,32.26,30.68,31.2,5.149934,1.04530967E8,33,000021,20260304
301499.SZ,维科精密,35.78,3.590040532715698,32.1,30.79,2.49042146,32.25,30.68,1422/5521,30.79,32.25,30.68,32.1,5.012771,2836602,33,301499,20260304
603992.SH,松霖科技,31.9,-3.799758745476472,30.95,32.3,-3.61258175,32.42,30.65,1424/5521,32.3,32.42,30.65,30.95,5.512301,5216583,17,603992,20260304
605398.SH,新炬网络,26.61,-0.8199776369735329,30.79,31.4,-1.75494576,31.96,30.63,1425/5521,31.4,31.96,30.63,30.79,4.243777,4895600,17,605398,20260304
000880.SZ,潍柴重机,30.9,8.155407770388514,30.92,30.62,-1.21405751,31.76,30.62,1426/5521,30.62,31.76,30.62,30.92,3.642172,2.1193975E7,33,000880,20260304
001259.SZ,利仁科技,34.34,0.8813160987074156,32.46,31.11,3.30999363,33.73,30.62,1426/5521,31.11,33.73,30.62,32.46,9.898154,2835100,33,001259,20260304
920122.BJ,中纺标,26.35,1.502311248073962,30.87,31,-0.06474587,31.45,30.61,1428/5521,31,31.45,30.61,30.87,2.719326,454979,151,920122,20260304
300927.SZ,江天化学,30.33,-1.6855753646677571,31.31,31.1,-0.25485824,32.37,30.6,1429/5521,31.1,32.37,30.6,31.31,5.638738,7521563,33,300927,20260304
688450.SH,光格科技,46.38,4.10774410774412,31.35,32.51,-6.19389587,33.59,30.59,1430/5521,32.51,33.59,30.59,31.35,8.97666,3174888,17,688450,20260304
920976.BJ,视声智能,30.58,4.08441116405718,32.2,30.56,3.50369656,32.89,30.56,1431/5521,30.56,32.89,30.56,32.2,7.489553,2551899,151,920976,20260304
300683.SZ,海特生物,35.34,0.2553191489361799,30.88,30.86,-1.43632301,31.4,30.55,1432/5521,30.86,31.4,30.55,30.88,2.713054,3493300,33,300683,20260304
603507.SH,振江股份,47.78,-3.785743052758751,31.12,30.51,0.09649405,32.2,30.51,1433/5521,30.51,32.2,30.51,31.12,5.435831,5982438,17,603507,20260304
000400.SZ,许继电气,25.19,-0.7094994087504916,31.67,30.6,2.3594053,32.33,30.48,1434/5521,30.6,32.33,30.48,31.67,5.979314,5.4809061E7,33,000400,20260304
603005.SH,晶方科技,31.1,1.4681892332789652,31.58,30.47,1.64145478,32.57,30.47,1435/5521,30.47,32.57,30.47,31.58,6.758931,4.043432E7,17,603005,20260304
688249.SH,晶合集成,33.8,6.9281872825055295,30.87,31.2,-2.09324453,31.98,30.46,1436/5521,31.2,31.98,30.46,30.87,4.820805,2.7109365E7,17,688249,20260304
300533.SZ,冰川网络,26.61,-4.004329004329002,30.52,30.5,-0.7156799,31.17,30.38,1437/5521,30.5,31.17,30.38,30.52,2.569941,4868925,33,300533,20260304
301177.SZ,迪阿股份,29.03,-0.5140507196710027,30.8,31.64,-5.37634409,31.8,30.38,1437/5521,31.64,31.8,30.38,30.8,4.362519,5992688,33,301177,20260304
600745.SH,闻泰科技,28.12,0.0,30.48,30.58,-1.77247825,31.26,30.38,1437/5521,30.58,31.26,30.38,30.48,2.835965,2.3327306E7,17,600745,20260304
301106.SZ,骏成科技,35.8,2.4027459954233303,30.61,30.79,-0.90644221,31.45,30.31,1440/5521,30.79,31.45,30.31,30.61,3.690514,1194148,33,301106,20260304
300937.SZ,药易购,27.77,-2.732049036777587,30.99,30.62,0.84607875,31.58,30.3,1441/5521,30.62,31.58,30.3,30.99,4.16531,2340268,33,300937,20260304
920058.BJ,华洋赛车,27.56,-0.10873504893077614,30.58,30.8,-1.16354234,31.26,30.3,1441/5521,30.8,31.26,30.3,30.58,3.102779,357829,151,920058,20260304
920942.BJ,恒立钻具,24.65,0.53017944535073,30.74,33,-11.05324074,33,30.3,1441/5521,33,33,30.3,30.74,7.8125,4527503,151,920942,20260304
300723.SZ,一品红,41.45,4.0934203917629395,30.44,30.51,-1.32901135,30.98,30.26,1444/5521,30.51,30.98,30.26,30.44,2.333873,5529909,33,300723,20260304
300877.SZ,金春股份,29.77,3.4758428919012863,32.59,30.52,5.16295579,32.9,30.26,1444/5521,30.52,32.9,30.26,32.59,8.518877,4061344,33,300877,20260304
688255.SH,凯尔达,30.34,1.9146792072556273,30.34,30.93,-1.52547874,31.05,30.25,1446/5521,30.93,31.05,30.25,30.34,2.596559,1951810,17,688255,20260304
301302.SZ,华如科技,24.3,0.2061855670103122,37.3,32.49,4.59899047,39.29,30.21,1447/5521,32.49,39.29,30.21,37.3,25.462703,4.4447457E7,33,301302,20260304
688272.SH,富吉瑞,42.0,2.7900146842878133,30.67,32.39,-5.68880689,32.5,30.18,1448/5521,32.39,32.5,30.18,30.67,7.134071,3262999,17,688272,20260304
920018.BJ,宏远股份,28.31,-0.31690140845070375,31.49,30.28,3.41543514,32.69,30.18,1448/5521,30.28,32.69,30.18,31.49,8.243021,3439365,151,920018,20260304
301130.SZ,西点药业,32.12,1.581277672359255,30.62,30.49,-0.03264773,30.82,30.16,1450/5521,30.49,30.82,30.16,30.62,2.15475,1312849,33,301130,20260304
688558.SH,国盛智科,35.6,-1.3850415512465373,30.25,30.59,-1.88128446,31.14,30.12,1451/5521,30.59,31.14,30.12,30.25,3.308465,1352367,17,688558,20260304
605058.SH,澳弘电子,34.48,-1.654306902452953,30.18,30.3,-0.5601318,30.94,30.1,1452/5521,30.3,30.94,30.1,30.18,2.76771,2440311,17,605058,20260304
002379.SZ,宏桥控股,24.9,-1.4251781472684202,30.37,30.13,0.09887937,31.8,30.05,1453/5521,29.88,31.55,29.8,30.12,5.767963,3.4528849E7,33,002379,20260304
301001.SZ,凯淳股份,30.39,2.014098690835856,30.76,30.98,0.19543974,31.13,30.04,1454/5521,30.98,31.13,30.04,30.76,3.550488,1717690,33,301001,20260304
300552.SZ,万集科技,26.56,0.9118541033434591,30.4,30.11,-0.58862001,30.76,30.03,1455/5521,30.11,30.76,30.03,30.4,2.387181,5328949,33,300552,20260304
000975.SZ,山金国际,26.05,-4.263138552002941,31.55,30.07,-0.50457269,32.28,30.01,1456/5521,29.5895979,31.7995979,29.5295979,31.07,7.158625,5.6308279E7,33,000975,20260304
603931.SH,格林达,38.82,-0.9441183975503891,30.39,30.12,-0.22980959,30.95,30.01,1456/5521,30.12,30.95,30.01,30.39,3.086014,2610625,17,603931,20260304
600885.SH,宏发股份,31.14,7.379310344827588,30.96,30.09,1.50819672,31.48,30,1458/5521,30.09,31.48,30,30.96,4.852459,2.770846E7,17,600885,20260304
603016.SH,新宏泰,54.94,-8.249832999332005,31.07,30.86,0.61528497,31.47,30,1458/5521,30.86,31.47,30,31.07,4.760362,2114786,17,603016,20260304
688001.SH,华兴源创,52.91,-3.800000000000006,30.11,30.75,-2.52508903,31.44,30,1458/5521,30.75,31.44,30,30.11,4.661702,4073182,17,688001,20260304
688216.SH,气派科技,30.64,6.425842306356379,30.8,30,-0.45248869,31.56,30,1458/5521,30,31.56,30,30.8,5.042016,2210055,17,688216,20260304
300593.SZ,新雷能,28.59,-1.7188037126160192,30.46,30.3,-0.97529259,31.94,29.96,1462/5521,30.3,31.94,29.96,30.46,6.436931,2.2146094E7,33,300593,20260304
002415.SZ,海康威视,36.29,4.251651824188443,30.26,30.03,-0.16496206,30.55,29.95,1463/5521,30.03,30.55,29.95,30.26,1.979544,4.278961E7,33,002415,20260304
301158.SZ,德石股份,26.45,-1.416325009317924,32.23,34.03,-13.91559829,35.37,29.95,1463/5521,34.03,35.37,29.95,32.23,14.476495,3.4176599E7,33,301158,20260304
603395.SH,红四方,27.64,0.7288629737609303,31.91,30.05,5.34829977,32.4,29.95,1463/5521,30.05,32.4,29.95,31.91,8.088478,1.000299E7,17,603395,20260304
300928.SZ,华安鑫创,32.27,4.806755440077961,30.28,30.5,-0.98103336,30.64,29.93,1466/5521,30.5,30.64,29.93,30.28,2.321778,1615400,33,300928,20260304
301036.SZ,双乐股份,28.24,-0.38800705467373187,30.0,30.68,-2.21642764,30.96,29.93,1466/5521,30.68,30.96,29.93,30.0,3.357235,1773154,33,301036,20260304
920003.BJ,中诚咨询,30.79,1.3495720868992764,30.01,30.71,-2.247557,30.99,29.91,1468/5521,30.71,30.99,29.91,30.01,3.517915,708679,151,920003,20260304
603255.SH,鼎际得,31.19,-0.3195909236177625,30.2,29.87,-0.52700922,30.88,29.87,1469/5521,29.87,30.88,29.87,30.2,3.326745,1343100,17,603255,20260304
300851.SZ,交大思诺,30.68,1.2875536480686713,30.52,30.1,0.22988506,30.83,29.85,1470/5521,30.1,30.83,29.85,30.52,3.21839,1223700,33,300851,20260304
300623.SZ,捷捷微电,28.95,1.436580238262089,30.4,29.85,0.39630119,31.06,29.82,1471/5521,29.85,31.06,29.82,30.4,4.095112,1.8950421E7,33,300623,20260304
920790.BJ,联迪信息,24.32,1.2911286963765043,30.2,29.86,0.66666667,30.73,29.81,1472/5521,29.86,30.73,29.81,30.2,3.066666,665381,151,920790,20260304
300467.SZ,迅游科技,37.29,-1.3752975403332535,30.05,30.18,-2.2446324,30.68,29.8,1473/5521,30.18,30.68,29.8,30.05,2.862719,4182791,33,300467,20260304
300678.SZ,中科信息,28.52,0.7773851590105967,29.79,29.95,-1.22679045,30.62,29.71,1474/5521,29.95,30.62,29.71,29.79,3.017241,6464969,33,300678,20260304
301397.SZ,溯联股份,39.7,2.8497409326424905,29.75,29.96,-1.81518152,30.53,29.71,1474/5521,29.96,30.53,29.71,29.75,2.70627,2189832,33,301397,20260304
688182.SH,灿勤科技,30.36,-5.243445692883895,29.78,29.98,-1.4885875,31.15,29.7,1476/5521,29.98,31.15,29.7,29.78,4.796559,4989546,17,688182,20260304
003019.SZ,宸展光电,35.18,-0.789622109419067,29.77,30,-1.74917492,30.58,29.67,1477/5521,30,30.58,29.67,29.77,3.0033,2294245,33,003019,20260304
920690.BJ,捷众科技,26.43,0.45610034207526035,29.91,30.15,-0.7960199,30.58,29.66,1478/5521,30.15,30.58,29.66,29.91,3.051409,572955,151,920690,20260304
300161.SZ,华中数控,32.48,4.909560723514199,30.09,29.7,-0.03322259,30.34,29.62,1479/5521,29.7,30.34,29.62,30.09,2.392026,3277165,33,300161,20260304
300657.SZ,弘信电子,35.76,1.5043996593812126,30.85,29.75,1.64744646,31.92,29.6,1480/5521,29.75,31.92,29.6,30.85,7.644151,2.760187E7,33,300657,20260304
300696.SZ,爱乐达,39.25,2.8563941299790447,30.45,29.98,0.16447368,30.9,29.6,1480/5521,29.98,30.9,29.6,30.45,4.276315,6613703,33,300696,20260304
600085.SH,同仁堂,27.77,1.3873676524278897,29.71,30.28,-2.20539829,30.3,29.6,1480/5521,30.28,30.3,29.6,29.71,2.304147,1.1752356E7,17,600085,20260304
603156.SH,养元饮品,37.55,4.771205357142839,30.0,29.62,0.13351135,30.7,29.6,1480/5521,29.62,30.7,29.6,30.0,3.671562,5485347,17,603156,20260304
688251.SH,井松智能,31.47,2.8095393662201875,30.77,29.8,2.25988701,31.3,29.6,1480/5521,29.8,31.3,29.6,30.77,5.649717,3616131,17,688251,20260304
301313.SZ,凡拓数创,35.65,-0.39117071807767695,32.4,30,7.28476821,33.15,29.57,1485/5521,30,33.15,29.57,32.4,11.854304,7344154,33,301313,20260304
300539.SZ,横河精密,29.19,3.5841022001419502,29.87,29.93,-0.46651116,30.52,29.55,1486/5521,29.93,30.52,29.55,29.87,3.232255,6901018,33,300539,20260304
300808.SZ,久量股份,25.79,-3.227016885553469,30.17,29.76,0.3659348,30.5,29.5,1487/5521,29.76,30.5,29.5,30.17,3.326679,2036900,33,300808,20260304
301108.SZ,洁雅股份,27.27,0.7760532150776085,30.07,29.98,-0.75907591,30.38,29.5,1487/5521,29.98,30.38,29.5,30.07,2.90429,1200720,33,301108,20260304
301273.SZ,瑞晨环保,37.59,3.925905446502631,30.27,30.85,-1.88006483,31.04,29.5,1487/5521,30.85,31.04,29.5,30.27,4.991896,1224255,33,301273,20260304
301585.SZ,蓝宇股份,30.46,-1.3920362576885714,29.9,29.7,0.402955,30.01,29.5,1487/5521,29.7,30.01,29.5,29.9,1.712558,944649,33,301585,20260304
688180.SH,君实生物,40.38,0.19851116625311516,29.72,29.71,-0.86724483,30.18,29.46,1491/5521,29.71,30.18,29.46,29.72,2.401601,8530292,17,688180,20260304
002882.SZ,金龙羽,26.94,-1.5350877192982388,30.14,29.46,0.63439065,30.56,29.45,1492/5521,29.46,30.56,29.45,30.14,3.706176,4215187,33,002882,20260304
600511.SH,国药股份,28.66,-0.24364775495997315,29.78,29.86,-0.56761269,30.11,29.45,1492/5521,29.86,30.11,29.45,29.78,2.203672,7835321,17,600511,20260304
002940.SZ,昂利康,33.08,-3.189932689493718,29.62,29.8,-0.96957539,30.07,29.42,1494/5521,29.8,30.07,29.42,29.62,2.173186,4132788,33,002940,20260304
603755.SH,日辰股份,29.09,0.20668274199103934,29.7,29.72,-0.43580288,30.19,29.42,1494/5521,29.72,30.19,29.42,29.7,2.581293,2143483,17,603755,20260304
688092.SH,爱科科技,29.65,-0.5033557046979937,29.81,29.34,1.29119946,30.06,29.34,1496/5521,29.34,30.06,29.34,29.81,2.446483,1372470,17,688092,20260304
300001.SZ,特锐德,29.5,-2.6402640264026425,30.12,29.43,1.27774042,30.75,29.33,1497/5521,29.43,30.75,29.33,30.12,4.774714,4.1027726E7,33,300001,20260304
603496.SH,恒为科技,30.51,1.026490066225173,30.28,29.4,1.20320856,31.14,29.33,1497/5521,29.4,31.14,29.33,30.28,6.049465,1.8596808E7,17,603496,20260304
600009.SH,上海机场,27.24,-0.5476451259583868,29.33,29.78,-1.97192513,29.78,29.3,1499/5521,29.78,29.78,29.3,29.33,1.604278,1.3919424E7,17,600009,20260304
688295.SH,中复神鹰,57.15,-2.491042484217712,30.25,29.5,1.23828648,30.74,29.3,1499/5521,29.5,30.74,29.3,30.25,4.819277,5021434,17,688295,20260304
002912.SZ,中新赛克,24.3,-0.49140049140049546,29.49,29.6,-1.40421264,30.15,29.29,1501/5521,29.6,30.15,29.29,29.49,2.875292,3139149,33,002912,20260304
688107.SH,安路科技,33.67,6.821065989847723,29.57,30.13,-3.17616241,30.7,29.29,1501/5521,30.13,30.7,29.29,29.57,4.616895,6974452,17,688107,20260304
000999.SZ,华润三九,25.91,-0.5755947812739777,29.69,29.3,0.47377327,29.78,29.26,1503/5521,29.3,29.78,29.26,29.69,1.759729,1.5491457E7,33,000999,20260304
002957.SZ,科瑞技术,43.62,-0.9311832841244689,30.2,29.98,-4.64161667,30.75,29.25,1504/5521,29.98,30.75,29.25,30.2,4.736343,4.4807129E7,33,002957,20260304
300521.SZ,爱司凯,28.9,1.6531832571227536,30.0,29.79,0.67114094,30.2,29.25,1504/5521,29.79,30.2,29.25,30.0,3.187919,2573940,33,300521,20260304
300890.SZ,翔丰华,40.6,-4.358068315665492,29.38,29.8,-1.67336011,30.28,29.25,1504/5521,29.8,30.28,29.25,29.38,3.447121,4834715,33,300890,20260304
688479.SH,友车科技,40.84,4.450127877237857,30.9,30.27,1.98019802,31.3,29.25,1504/5521,30.27,31.3,29.25,30.9,6.765676,6394109,17,688479,20260304
600066.SH,宇通客车,35.41,-1.4198218262806377,29.39,29.56,-0.74299223,29.98,29.24,1508/5521,29.56,29.98,29.24,29.39,2.499155,1.4342866E7,17,600066,20260304
688711.SH,宏微科技,27.03,-2.5945945945945903,30.07,29.35,-0.43046358,30.78,29.23,1509/5521,29.35,30.78,29.23,30.07,5.13245,6975611,17,688711,20260304
688391.SH,钜泉科技,31.13,2.1325459317585254,29.86,29.97,-1.15855677,30.46,29.22,1510/5521,29.97,30.46,29.22,29.86,4.104601,1042408,17,688391,20260304
300286.SZ,安科瑞,24.18,0.2072109407376739,30.81,29.33,3.52822581,31.78,29.2,1511/5521,29.33,31.78,29.2,30.81,8.669354,1.3658185E7,33,300286,20260304
300747.SZ,锐科激光,36.0,0.44642857142856185,32.12,29.27,7.7852349,33.3,29.2,1511/5521,29.238,33.268,29.168,32.09,13.758389,4.841995E7,33,300747,20260304
300916.SZ,朗特智能,37.37,2.9760264535684717,29.48,29.61,-0.40540541,30.04,29.2,1511/5521,29.61,30.04,29.2,29.48,2.837837,2220403,33,300916,20260304
688733.SH,壹石通,29.9,2.5728987993138936,29.33,29.29,-1.84069612,30.11,29.2,1511/5521,29.29,30.11,29.2,29.33,3.045515,4114320,17,688733,20260304
605009.SH,豪悦护理,28.82,0.3132613992342494,29.28,29.81,-2.13903743,29.96,29.18,1515/5521,29.81,29.96,29.18,29.28,2.606951,1667508,17,605009,20260304
003028.SZ,振邦智能,27.68,1.5779816513761458,29.85,29.59,0.53890199,31.17,29.15,1516/5521,29.59,31.17,29.15,29.85,6.803637,2170576,33,003028,20260304
002422.SZ,科伦药业,34.57,1.3782991202346007,29.22,29.31,-1.01626016,29.73,29.12,1517/5521,29.31,29.73,29.12,29.22,2.066395,8281586,33,002422,20260304
920593.BJ,鼎智科技,27.43,2.6187803965581717,29.84,29.9,-0.69883527,30.33,29.12,1517/5521,29.9,30.33,29.12,29.84,4.026622,2694261,151,920593,20260304
001268.SZ,联合精密,38.41,9.994272623138587,32.19,31.61,-0.06209252,32.69,29.11,1519/5521,31.61,32.69,29.11,32.19,11.11456,1534859,33,001268,20260304
600089.SH,特变电工,26.82,-1.5779816513761458,30.87,29.11,4.00943396,31.59,29.11,1519/5521,29.11,31.59,29.11,30.87,8.355795,4.1007112E8,17,600089,20260304
300999.SZ,金龙鱼,28.54,1.783166904422254,29.34,29.2,0.72090628,29.7,29.1,1521/5521,29.2,29.7,29.1,29.34,2.059732,1.6687507E7,33,300999,20260304
688260.SH,昀冢科技,35.8,0.22396416573347788,29.68,29.67,-0.93457944,30.28,29.1,1521/5521,29.67,30.28,29.1,29.68,3.938584,4931239,17,688260,20260304
300690.SZ,双一科技,28.69,-0.5890505890505826,29.69,29.11,0.23632681,30.09,29.08,1523/5521,29.11,30.09,29.08,29.69,3.409858,2662958,33,300690,20260304
002989.SZ,中天精装,29.21,10.018832391713747,29.79,29.47,0.10080645,30.27,29.07,1524/5521,29.47,30.27,29.07,29.79,4.032258,3028672,33,002989,20260304
300992.SZ,泰福泵业,30.59,1.157407407407412,29.28,29.52,-1.28118678,29.74,29.06,1525/5521,29.52,29.74,29.06,29.28,2.29265,1579500,33,300992,20260304
603226.SH,菲林格尔,39.22,0.8226221079691525,31.09,29.32,5.49711571,31.88,29.02,1526/5521,29.32,31.88,29.02,31.09,9.704784,6568222,17,603226,20260304
688321.SH,微芯生物,31.32,5.348133198789101,29.27,29.4,-1.77852349,29.99,29.01,1527/5521,29.4,29.99,29.01,29.27,3.28859,9088531,17,688321,20260304
300912.SZ,凯龙高科,26.3,-0.37878787878787074,29.23,29.46,-2.56666667,31.2,28.99,1528/5521,29.46,31.2,28.99,29.23,7.366666,1.3238704E7,33,300912,20260304
300903.SZ,科翔股份,49.67,-1.1542288557213896,29.36,29.35,-1.54258887,30.4,28.98,1529/5521,29.35,30.4,28.98,29.36,4.761904,1.9948897E7,33,300903,20260304
300765.SZ,新诺威,30.37,1.4362057448229784,29.22,29.81,-2.6973027,30.06,28.96,1530/5521,29.81,30.06,28.96,29.22,3.663003,1.0546075E7,33,300765,20260304
001298.SZ,好上好,23.16,1.3566739606126859,29.25,29.05,0.44642857,29.88,28.94,1531/5521,19.9862069,20.55862069,19.91034483,20.12,3.228021,4394529,33,001298,20260304
603369.SH,今世缘,27.44,-1.2239020878329727,29.06,29.77,-3.19786809,29.84,28.93,1532/5521,29.77,29.84,28.93,29.06,3.031312,8941441,17,603369,20260304
600171.SH,上海贝岭,28.7,1.6648955012398117,29.19,29,-0.23923445,29.63,28.91,1533/5521,29,29.63,28.91,29.19,2.460697,8747872,17,600171,20260304
300594.SZ,ST朗进,18.3,-20.01748251748251,30.64,29.58,3.26929558,31.23,28.9,1534/5521,29.58,31.23,28.9,30.64,7.85305,6301480,33,300594,20260304
301163.SZ,宏德股份,30.9,1.3114754098360608,29.55,29.23,-0.26999663,29.8,28.88,1535/5521,29.23,29.8,28.88,29.55,3.104961,1617000,33,301163,20260304
301337.SZ,亚华电子,28.1,0.7890961262553889,29.52,29.16,0.85411684,29.84,28.88,1535/5521,29.16,29.84,28.88,29.52,3.279808,1802851,33,301337,20260304
002880.SZ,卫光生物,25.71,-0.11655011655010718,28.97,29.41,-1.69664065,29.71,28.85,1537/5521,29.41,29.71,28.85,28.97,2.918221,2338780,33,002880,20260304
301665.SZ,泰禾股份,27.45,-0.1818181818181844,29.56,29.22,-0.1013856,30.04,28.85,1537/5521,29.22,30.04,28.85,29.56,4.021628,3811000,33,301665,20260304
688058.SH,宝兰德,29.72,2.5888850535036245,29.16,29.01,-0.95108696,30.09,28.85,1537/5521,29.01,30.09,28.85,29.16,4.211956,1810070,17,688058,20260304
300710.SZ,万隆光电,32.79,3.0483972344437427,29.22,29.26,-1.28378378,29.56,28.84,1540/5521,29.26,29.56,28.84,29.22,2.432432,2464105,33,300710,20260304
301309.SZ,万得凯,33.53,0.5095923261390939,29.13,28.98,-1.12016293,29.62,28.84,1540/5521,28.98,29.62,28.84,29.13,2.647657,1001100,33,301309,20260304
300622.SZ,博士眼镜,24.78,-0.28169014084507155,29.11,28.88,-1.72180959,29.51,28.8,1542/5521,28.88,29.51,28.8,29.11,2.397029,5782486,33,300622,20260304
301170.SZ,锡南科技,29.55,0.37364130434782417,29.1,29.07,0.10319917,29.39,28.8,1542/5521,29.07,29.39,28.8,29.1,2.029583,1239538,33,301170,20260304
605020.SH,永和股份,26.9,-0.6280014776505419,28.95,28.89,-1.12704918,29.84,28.8,1542/5521,28.89,29.84,28.8,28.95,3.551912,1.0576825E7,17,605020,20260304
603045.SH,福达合金,46.68,9.990574929311975,32.41,28.83,10.01357773,32.41,28.78,1545/5521,28.83,32.41,28.78,32.41,12.321792,9874075,17,603045,20260304
688005.SH,容百科技,34.83,-9.532467532467537,29.4,28.8,0.68493151,29.89,28.7,1546/5521,28.8,29.89,28.7,29.4,4.075342,1.7531909E7,17,688005,20260304
603344.SH,星德胜,27.92,0.7215007215007317,28.71,28.9,-1.06822881,29.31,28.68,1547/5521,28.9,29.31,28.68,28.71,2.170916,1658089,17,603344,20260304
301192.SZ,泰祥股份,27.73,0.9832483612527296,28.86,29.39,-1.93679918,29.44,28.67,1548/5521,29.39,29.44,28.67,28.86,2.616377,1237100,33,301192,20260304
920098.BJ,科隆新材,24.66,-2.452531645569624,28.68,30,-2.51529572,30.29,28.66,1549/5521,30,30.29,28.66,28.68,5.540448,2094983,151,920098,20260304
920022.BJ,世昌股份,26.28,1.2326656394453015,29.07,28.81,0.69276065,30,28.65,1550/5521,28.81,30,28.65,29.07,4.676134,442975,151,920022,20260304
300892.SZ,品渥食品,28.35,0.7820831852115265,28.81,29.09,-1.40314853,29.3,28.62,1551/5521,29.09,29.3,28.62,28.81,2.327173,1525659,33,300892,20260304
301279.SZ,金道科技,29.18,-0.5114217524718669,29.01,29.22,-0.71868583,29.4,28.61,1552/5521,29.22,29.4,28.61,29.01,2.703627,1362490,33,301279,20260304
600262.SH,北方股份,24.51,1.030502885408079,28.67,29.18,-2.71462504,29.94,28.61,1552/5521,29.18,29.94,28.61,28.67,4.513064,5032600,17,600262,20260304
603382.SH,海阳科技,26.11,1.3980582524271823,28.74,28.99,-1.2031626,29.08,28.61,1552/5521,28.99,29.08,28.61,28.74,1.615675,693812,17,603382,20260304
000762.SZ,西藏矿业,38.7,-0.5141388174807089,28.88,28.94,-1.02810144,29.79,28.6,1555/5521,28.94,29.79,28.6,28.88,4.078135,2.2710147E7,33,000762,20260304
300398.SZ,飞凯材料,30.41,-1.6812156482379552,28.83,28.62,0.10416667,29.8,28.6,1555/5521,28.62,29.8,28.6,28.83,4.166666,3.8034326E7,33,300398,20260304
603063.SH,禾望电气,43.88,4.153809636838357,29.05,28.65,0.41479433,29.57,28.6,1555/5521,28.65,29.57,28.6,29.05,3.35292,1.3105009E7,17,603063,20260304
301107.SZ,瑜欣电子,28.0,1.3391241404270757,28.98,29.09,-0.13783598,29.28,28.58,1558/5521,29.09,29.28,28.58,28.98,2.412129,1402540,33,301107,20260304
301212.SZ,联盛化学,28.55,-0.07000350017500725,28.7,29,-1.88034188,29.75,28.58,1558/5521,29,29.75,28.58,28.7,4,2201063,33,301212,20260304
301282.SZ,金禄电子,39.57,-6.34319526627219,28.9,28.55,-0.34482759,29.7,28.55,1560/5521,28.55,29.7,28.55,28.9,3.965517,5870091,33,301282,20260304
001234.SZ,泰慕士,31.2,3.4825870646766193,28.89,28.58,0.03462604,29.24,28.51,1561/5521,28.58,29.24,28.51,28.89,2.5277,2054000,33,001234,20260304
002885.SZ,京泉华,31.26,1.9902120717781502,31.92,28.5,9.9931082,31.92,28.5,1562/5521,28.5,31.92,28.5,31.92,11.784975,3.0048754E7,33,002885,20260304
301263.SZ,泰恩康,28.85,0.6980802792321217,28.74,29.47,-2.51017639,29.61,28.5,1562/5521,29.47,29.61,28.5,28.74,3.765264,4514625,33,301263,20260304
920252.BJ,天宏锂电,26.5,-2.2140221402214073,28.78,28.8,-1.43835616,29.61,28.48,1564/5521,28.8,29.61,28.48,28.78,3.869863,2371941,151,920252,20260304
688267.SH,中触媒,30.53,0.2956636005256237,28.49,29,-2.69808743,29.28,28.46,1565/5521,29,29.28,28.46,28.49,2.800546,3047389,17,688267,20260304
920299.BJ,灿能电力,22.29,-1.284322409211688,31.56,28.45,9.96515679,35.5,28.45,1566/5521,28.45,35.5,28.45,31.56,24.564459,1.3782426E7,151,920299,20260304
000786.SZ,北新建材,25.94,-0.8788689338937731,28.66,28.56,-1.17241379,29.18,28.41,1567/5521,28.56,29.18,28.41,28.66,2.655172,1.7303568E7,33,000786,20260304
002981.SZ,朝阳科技,24.58,-4.543689320388356,28.44,29.01,-3.06748466,29.38,28.41,1567/5521,29.01,29.38,28.41,28.44,3.306066,3853648,33,002981,20260304
605296.SH,神农集团,29.96,1.7317487266553533,28.92,28.55,1.22506125,29.09,28.36,1569/5521,28.55,29.09,28.36,28.92,2.555127,3328190,17,605296,20260304
300651.SZ,金陵体育,36.08,13.245448838669175,28.87,28.44,0.13874436,29.47,28.31,1570/5521,28.34,29.37,28.21,28.77,4.023586,6975275,33,300651,20260304
002977.SZ,*ST天箭,27.11,4.99612703330751,30.05,28.33,1.14439583,30.28,28.3,1571/5521,28.33,30.28,28.3,30.05,6.664422,3506854,33,002977,20260304
603895.SH,天永智能,28.67,1.5226628895184253,28.86,28.8,1.26315789,29.25,28.3,1571/5521,28.8,29.25,28.3,28.86,3.333333,2028600,17,603895,20260304
001358.SZ,兴欣新材,28.71,-0.8290155440414454,28.81,28.5,1.12320112,29,28.26,1573/5521,28.25,28.75,28.01,28.56,2.597402,1381020,33,001358,20260304
301456.SZ,盘古智能,31.34,0.5776636713735549,28.98,28.8,0.41580042,29.57,28.26,1573/5521,28.8,29.57,28.26,28.98,4.539154,1554773,33,301456,20260304
002048.SZ,宁波华翔,26.03,-1.736504341260843,28.46,29.26,-3.55811589,29.35,28.25,1575/5521,29.26,29.35,28.25,28.46,3.727549,1.6812403E7,33,002048,20260304
002544.SZ,普天科技,25.52,1.4308426073131932,29.01,28.39,0.17265193,29.53,28.25,1575/5521,28.39,29.53,28.25,29.01,4.419889,1.2230965E7,33,002544,20260304
600562.SH,国睿科技,27.46,-0.18175209014903929,28.9,28.5,-1.1965812,29.73,28.25,1575/5521,28.5,29.73,28.25,28.9,5.059829,1.560483E7,17,600562,20260304
000768.SZ,中航西飞,23.5,0.0,29.19,28.26,1.63649025,29.65,28.23,1578/5521,28.26,29.65,28.23,29.19,4.944289,4.0086527E7,33,000768,20260304
002899.SZ,英派斯,33.78,2.5500910746812493,29.75,28.74,1.57050188,30.17,28.23,1578/5521,28.74,30.17,28.23,29.75,6.62342,4590436,33,002899,20260304
300926.SZ,博俊科技,22.77,-0.13157894736842604,28.61,28.42,-1.14029026,28.7,28.23,1578/5521,28.42,28.7,28.23,28.61,1.624049,4624768,33,300926,20260304
300907.SZ,康平科技,30.6,1.526211015262113,28.62,28.45,-1.31034483,29.06,28.21,1581/5521,28.45,29.06,28.21,28.62,2.931034,1302800,33,300907,20260304
688161.SH,威高骨科,27.86,-5.2380952380952355,28.36,28.81,-2.40880936,29.01,28.21,1581/5521,28.81,29.01,28.21,28.36,2.752924,1324260,17,688161,20260304
300579.SZ,数字认证,26.53,-0.26315789473684315,28.52,28.72,-1.28071997,29.1,28.2,1583/5521,28.72,29.1,28.2,28.52,3.115264,4107086,33,300579,20260304
605133.SH,嵘泰股份,32.63,1.556178026766262,28.4,28.21,-0.62981106,28.98,28.2,1583/5521,28.21,28.98,28.2,28.4,2.729181,3515065,17,605133,20260304
600323.SH,瀚蓝环境,32.01,-1.4166923313828175,28.21,28.48,-1.12162636,28.87,28.18,1585/5521,28.48,28.87,28.18,28.21,2.418506,5857622,17,600323,20260304
603955.SH,大千生态,25.99,-2.035431586882784,28.2,28.56,-1.2605042,28.7,28.17,1586/5521,28.56,28.7,28.17,28.2,1.855742,1062228,17,603955,20260304
600460.SH,士兰微,28.9,3.8074712643678117,28.43,28.3,-1.04420466,29.2,28.16,1587/5521,28.3,29.2,28.16,28.43,3.619909,4.1874721E7,17,600460,20260304
688566.SH,吉贝尔,28.0,0.14306151645207132,28.73,28.16,0.91324201,28.78,28.12,1588/5521,28.16,28.78,28.12,28.73,2.318229,1655437,17,688566,20260304
300712.SZ,永福股份,26.64,-1.1135857461024525,30.91,28.28,8.83802817,30.99,28.11,1589/5521,28.28,30.99,28.11,30.91,10.140845,1.6124094E7,33,300712,20260304
002396.SZ,星网锐捷,26.5,-0.2634550244636819,28.67,28.1,0.42031524,29.26,28.1,1590/5521,28.1,29.26,28.1,28.67,4.063047,1.3037465E7,33,002396,20260304
301063.SZ,海锅股份,24.06,0.0,28.39,29.5,-4.98661312,29.84,28.1,1590/5521,29.5,29.84,28.1,28.39,5.823293,1.0958553E7,33,301063,20260304
603983.SH,丸美生物,25.17,0.9222133119486785,28.18,28.75,-2.96143251,29.12,28.08,1592/5521,28.75,29.12,28.08,28.18,3.581267,2147803,17,603983,20260304
920061.BJ,西磁科技,25.2,-2.3255813953488427,28.3,28.08,0.74759701,28.88,28.07,1593/5521,28.08,28.88,28.07,28.3,2.883588,893972,151,920061,20260304
002545.SZ,东方铁塔,23.99,-2.677484787018256,28.58,29.4,-3.11864407,30.44,28.06,1594/5521,29.4,30.44,28.06,28.58,8.067796,2.8374162E7,33,002545,20260304
003010.SZ,若羽臣,31.02,0.42084817092910004,28.4,28.57,-1.25173853,28.95,28.05,1595/5521,28.57,28.95,28.05,28.4,3.129346,5558962,33,003010,20260304
600522.SH,中天科技,33.12,-3.3838973162193806,28.83,28.05,0.13893713,29.5,28.05,1595/5521,28.05,29.5,28.05,28.83,5.03647,1.46493128E8,17,600522,20260304
688136.SH,科兴制药,25.07,-3.16724604094245,28.43,28.03,-0.69856794,28.91,28.03,1597/5521,28.03,28.91,28.03,28.43,3.073698,2046374,17,688136,20260304
002407.SZ,多氟多,36.31,1.2266517981600358,28.74,28,0.7713885,29.2,28,1598/5521,28,29.2,28,28.74,4.207573,3.2390492E7,33,002407,20260304
300876.SZ,蒙泰高新,30.48,3.2870213486953537,28.45,28.34,0.10555947,29.14,28,1598/5521,28.34,29.14,28,28.45,4.011259,1422909,33,300876,20260304
603115.SH,海星股份,56.89,-1.4038128249566764,29.99,28.9,3.12929849,31.99,28,1598/5521,28.9,31.99,28,29.99,13.72077,2.07955E7,17,603115,20260304
688128.SH,中国电研,26.51,0.3406510219530653,28.18,28.04,-0.14174344,28.78,27.96,1601/5521,28.04,28.78,27.96,28.18,2.90574,2488754,17,688128,20260304
300435.SZ,中泰股份,23.5,-1.591289782244552,31.28,33,-10.42382589,33,27.94,1602/5521,33,33,27.94,31.28,14.490263,4.2366901E7,33,300435,20260304
688612.SH,威迈斯,32.82,0.15257857796764465,27.95,29.05,-3.88583219,29.36,27.92,1603/5521,29.05,29.36,27.92,27.95,4.951856,4948769,17,688612,20260304
920046.BJ,亿能电力,24.74,-2.6750590086546153,33.22,28.01,16.15384615,34.34,27.92,1603/5521,28.01,34.34,27.92,33.22,22.447552,2.0935878E7,151,920046,20260304
000547.SZ,航天发展,24.58,2.1612635078969227,29.35,28.51,1.1371468,30.1,27.9,1605/5521,28.51,30.1,27.9,29.35,7.580978,1.62686147E8,33,000547,20260304
300364.SZ,中文在线,28.78,-2.770270270270271,28.15,28,-1.43557423,28.8,27.9,1605/5521,28,28.8,27.9,28.15,3.15126,4.6776709E7,33,300364,20260304
603529.SH,爱玛科技,23.41,-0.5099872503187463,27.87,28.44,-2.48425472,28.46,27.82,1607/5521,28.44,28.46,27.82,27.87,2.239328,5338530,17,603529,20260304
301135.SZ,瑞德智能,26.9,0.9002250562640601,29.37,27.81,3.92781316,29.87,27.81,1608/5521,27.81,29.87,27.81,29.37,7.289455,3839536,33,301135,20260304
920662.BJ,方盛股份,23.64,-1.2531328320802033,28.1,28,-1.33426966,29.15,27.8,1609/5521,28,29.15,27.8,28.1,4.740168,1884213,151,920662,20260304
301073.SZ,君亭酒店,24.76,-2.519685039370067,28.37,27.96,0.6385243,28.66,27.78,1610/5521,27.96,28.66,27.78,28.37,3.121674,2987421,33,301073,20260304
301353.SZ,普莱得,29.35,0.6861063464837147,28.06,28.1,-0.39048633,28.34,27.76,1611/5521,28.1,28.34,27.76,28.06,2.058927,1282820,33,301353,20260304
300631.SZ,久吾高科,28.25,1.4362657091561888,28.21,27.86,-0.24752475,28.83,27.75,1612/5521,27.86,28.83,27.75,28.21,3.818953,3743800,33,300631,20260304
301068.SZ,大地海洋,34.95,-2.374301675977638,28.42,27.94,0.45952633,28.62,27.75,1612/5521,27.94,28.62,27.75,28.42,3.075291,1021719,33,301068,20260304
603207.SH,小方制药,26.25,0.038109756097566935,28.06,28.01,-0.31971581,28.32,27.74,1614/5521,28.01,28.32,27.74,28.06,2.06039,1031600,17,603207,20260304
600764.SH,中国海防,23.62,-1.5833333333333293,28.76,28.12,0.77084793,29.04,27.73,1615/5521,28.12,29.04,27.73,28.76,4.590049,9941311,17,600764,20260304
301318.SZ,维海德,25.06,0.03992015968063078,28.02,28.25,-0.81415929,28.3,27.72,1616/5521,28.25,28.3,27.72,28.02,2.053097,1116331,33,301318,20260304
301077.SZ,星华新材,30.8,-8.114558472553705,28.31,28.02,0.39007092,29.08,27.7,1617/5521,28.02,29.08,27.7,28.31,4.893617,2778669,33,301077,20260304
603948.SH,建业股份,27.6,-1.2875536480686673,27.85,28,-0.57122456,28.35,27.7,1617/5521,28,28.35,27.7,27.85,2.320599,1781601,17,603948,20260304
688669.SH,聚石化学,32.5,3.9334825711544625,28.01,28.03,-1.61573586,29,27.7,1617/5521,28.03,29,27.7,28.01,4.56621,2803035,17,688669,20260304
688217.SH,睿昂基因,29.52,2.039405461458693,28.0,28.19,-2.64255911,28.87,27.68,1620/5521,28.19,28.87,27.68,28.0,4.137691,1211331,17,688217,20260304
301152.SZ,天力锂能,33.94,1.5255758300927251,27.85,27.96,-1.52050919,28.43,27.66,1621/5521,27.96,28.43,27.66,27.85,2.722772,2722713,33,301152,20260304
600392.SH,盛和资源,26.03,-0.6109201985490651,28.3,28.01,-2.24525043,29.46,27.66,1621/5521,28.01,29.46,27.66,28.3,6.217616,1.18495532E8,17,600392,20260304
688138.SH,清溢光电,30.94,0.9132420091324238,27.8,27.99,-2.55871013,28.77,27.65,1623/5521,27.99,28.77,27.65,27.8,3.925692,4372287,17,688138,20260304
600389.SH,江山股份,28.9,-1.466075690419365,28.03,27.8,-1.58005618,28.72,27.63,1624/5521,27.8,28.72,27.63,28.03,3.827247,1.0902547E7,17,600389,20260304
603685.SH,晨丰科技,32.82,-4.1471962616822475,29.3,27.63,3.93756651,29.65,27.63,1624/5521,27.63,29.65,27.63,29.3,7.165661,5732562,17,603685,20260304
300571.SZ,平治信息,44.35,4.352941176470591,28.03,28.15,-2.16404887,28.57,27.62,1626/5521,28.15,28.57,27.62,28.03,3.315881,4723900,33,300571,20260304
301363.SZ,美好医疗,26.76,0.4127579737335947,27.95,28.12,-1.79198876,28.55,27.61,1627/5521,28.12,28.55,27.61,27.95,3.302881,1.1417715E7,33,301363,20260304
603882.SH,金域医学,27.3,-0.7994186046511587,27.86,28.45,-2.92682927,28.54,27.6,1628/5521,28.45,28.54,27.6,27.86,3.275261,7867699,17,603882,20260304
003004.SZ,*ST声迅,33.1,3.4051858794126946,28.69,27.54,2.68432355,29,27.54,1629/5521,27.54,29,27.54,28.69,5.225483,756300,33,003004,20260304
600566.SH,济川药业,27.69,0.6177325581395411,27.65,28.21,-2.50352609,28.48,27.52,1630/5521,28.21,28.48,27.52,27.65,3.385049,4513941,17,600566,20260304
603659.SH,璞泰来,36.27,-3.5885167464114684,27.8,27.7,-1.03239587,28.3,27.51,1631/5521,27.47,28.07,27.28,27.57,2.812388,2.815382E7,17,603659,20260304
002843.SZ,泰嘉股份,26.58,2.3882896764252597,28.21,28.87,-2.69058296,29.56,27.5,1632/5521,28.87,29.56,27.5,28.21,7.105898,7.1019048E7,33,002843,20260304
300878.SZ,维康药业,28.58,3.927272727272721,27.82,27.93,-0.64285714,28.44,27.5,1632/5521,27.93,28.44,27.5,27.82,3.357142,1978765,33,300878,20260304
300865.SZ,大宏立,30.44,-0.49035632559659553,27.92,27.67,-0.6405694,28.24,27.49,1634/5521,27.67,28.24,27.49,27.92,2.669039,1108939,33,300865,20260304
920971.BJ,天马新材,28.59,-0.24424284717376232,28.4,28.65,0.10574551,29.4,27.49,1634/5521,28.45,29.2,27.29,28.2,6.732463,1776765,151,920971,20260304
920185.BJ,贝特瑞,30.74,-3.937500000000005,27.76,27.54,-0.03601008,28.2,27.45,1636/5521,27.54,28.2,27.45,27.76,2.700756,4646455,151,920185,20260304
603568.SH,伟明环保,21.47,1.2258368694012165,27.63,27.44,0.07243752,28.19,27.43,1637/5521,27.44,28.19,27.43,27.63,2.752625,5950551,17,603568,20260304
920245.BJ,威博液压,24.84,0.36363636363636304,27.5,27.9,-1.46900752,28.46,27.43,1637/5521,27.9,28.46,27.43,27.5,3.690433,371384,151,920245,20260304
300443.SZ,金雷股份,30.28,1.7473118279569877,28.19,27.41,1.43936668,28.92,27.36,1639/5521,27.41,28.92,27.36,28.19,5.61353,8155905,33,300443,20260304
603666.SH,亿嘉和,28.3,-3.313973351554489,28.6,27.47,2.58249641,29.3,27.34,1640/5521,27.47,29.3,27.34,28.6,7.030129,5636879,17,603666,20260304
300801.SZ,泰和科技,30.3,-1.6233766233766234,27.67,27.37,-0.07222824,28.23,27.3,1641/5521,27.37,28.23,27.3,27.67,3.358613,4005440,33,300801,20260304
605566.SH,福莱蒽特,32.9,3.818239192174179,28.1,27.67,0.57265569,28.69,27.3,1641/5521,27.67,28.69,27.3,28.1,4.974946,2394400,17,605566,20260304
300986.SZ,志特新材,22.8,-0.5235602094240881,27.6,27.53,-1.74439302,28.82,27.25,1643/5521,27.53,28.82,27.25,27.6,5.589177,2.2092404E7,33,300986,20260304
600754.SH,锦江酒店,25.56,-3.5107587768969415,27.38,27.35,-0.79710145,28.4,27.25,1643/5521,27.35,28.4,27.25,27.38,4.166666,8562631,17,600754,20260304
300607.SZ,拓斯达,29.18,2.206654991243429,27.55,27.3,-0.54151625,27.91,27.22,1645/5521,27.3,27.91,27.22,27.55,2.490974,8089893,33,300607,20260304
300923.SZ,研奥股份,28.89,2.0127118644067807,27.62,27.83,-1.10991765,28,27.21,1646/5521,27.83,28,27.21,27.62,2.828499,1227375,33,300923,20260304
002853.SZ,皮阿诺,26.87,1.7803030303030396,27.84,27.2,0.36049027,27.99,27.2,1647/5521,27.2,27.99,27.2,27.84,2.847873,2868342,33,002853,20260304
603235.SH,天新药业,25.8,-2.0872865275142343,27.66,27.72,0.50872093,27.72,27.2,1647/5521,27.72,27.72,27.2,27.66,1.889534,1107793,17,603235,20260304
688288.SH,鸿泉技术,25.01,1.0913500404203846,27.22,27.37,-2.71622588,28.26,27.2,1647/5521,27.37,28.26,27.2,27.22,3.78842,2069526,17,688288,20260304
920978.BJ,开特股份,25.3,-4.239212717638156,27.33,27.58,-1.65527168,28.38,27.18,1650/5521,27.58,28.38,27.18,27.33,4.3181,2315198,151,920978,20260304
600406.SH,国电南瑞,25.97,-2.4417731029301355,28.6,27.19,3.24909747,28.9,27.13,1651/5521,27.19,28.9,27.13,28.6,6.389891,1.31448907E8,17,600406,20260304
301041.SZ,金百泽,29.75,1.2938372488934253,27.54,27.23,0.14545455,28,27.1,1652/5521,27.23,28,27.1,27.54,3.272727,3590925,33,301041,20260304
688757.SH,胜科纳米,28.16,7.8927203065134055,27.13,27.44,-1.77407676,28.09,27.1,1652/5521,27.44,28.09,27.1,27.13,3.584359,1157583,17,688757,20260304
300739.SZ,明阳电路,27.13,-1.4171511627906999,28.11,27.08,-0.53078556,28.98,27.08,1654/5521,27.08,28.98,27.08,28.11,6.723283,3.5560965E7,33,300739,20260304
301118.SZ,恒光股份,28.52,2.5899280575539527,27.6,27.34,-0.86206897,28.11,27.08,1654/5521,27.34,28.11,27.08,27.6,3.699712,4065000,33,301118,20260304
603261.SH,*ST立航,33.79,1.0164424514200188,28.39,28,-0.31601124,28.8,27.07,1656/5521,28,28.8,27.07,28.39,6.074438,508722,22,603261,20260304
603298.SH,杭叉集团,27.17,-1.1999999999999937,27.14,27.76,-3.03679886,27.99,27.06,1657/5521,27.76,27.99,27.06,27.14,3.322615,8360593,17,603298,20260304
300415.SZ,伊之密,24.22,1.3389121338912147,27.11,27.4,-1.05839416,27.83,27.04,1658/5521,27.4,27.83,27.04,27.11,2.883211,1.7438153E7,33,300415,20260304
920273.BJ,一致魔芋,21.23,-2.120792992162291,27.07,27.1,-0.03692762,27.55,27.03,1659/5521,26.6,27.05,26.53,26.57,1.920236,1093821,151,920273,20260304
300886.SZ,华业香料,29.95,2.0790729379686415,27.52,27.3,0,27.94,27.02,1660/5521,27.3,27.94,27.02,27.52,3.343023,1541100,33,300886,20260304
300688.SZ,创业黑马,25.99,0.5804953560371462,27.8,27.25,0.68815647,28.09,27.01,1661/5521,27.25,28.09,27.01,27.8,3.911626,4931109,33,300688,20260304
002289.SZ,*ST宇顺,36.56,4.997128087306152,27.82,27.05,1.09011628,28.28,27,1662/5521,27.05,28.28,27,27.82,4.651162,1255451,33,002289,20260304
301305.SZ,朗坤科技,26.68,-0.7440476190476164,27.27,27.61,-2.25806452,27.93,27,1662/5521,27.61,27.93,27,27.27,3.333333,8028080,33,301305,20260304
301584.SZ,建发致新,26.25,0.0,27.46,27.19,0.7706422,27.46,27,1662/5521,27.19,27.46,27,27.46,1.688073,1778404,33,301584,20260304
600410.SH,华胜天成,21.92,-2.621057307863171,29.06,27,4.34470377,30.5,27,1662/5521,27,30.5,27,29.06,12.567324,3.86607719E8,17,600410,20260304
920403.BJ,康农种业,22.54,1.0309278350515483,27.88,27.83,3.2975176,29.87,27,1662/5521,27.83,29.87,27,27.88,10.633567,1.2025386E7,151,920403,20260304
301029.SZ,怡合达,28.34,-0.8397480755773213,27.12,27.04,-1.02189781,27.79,26.99,1667/5521,27.04,27.79,26.99,27.12,2.919708,9682217,33,301029,20260304
605028.SH,世茂能源,27.55,-4.47295423023578,27.21,27.9,-2.22781171,28.6,26.98,1668/5521,27.3,28,26.38,26.61,5.821056,4282573,17,605028,20260304
300983.SZ,尤安设计,31.98,1.523809523809525,27.34,27.57,0.84839543,27.69,26.94,1669/5521,27.57,27.69,26.94,27.34,2.766506,699798,33,300983,20260304
688370.SH,丛麟科技,25.36,2.258064516129027,27.37,27.11,-0.58118416,27.52,26.94,1669/5521,27.11,27.52,26.94,27.37,2.106792,997815,17,688370,20260304
600570.SH,恒生电子,26.79,2.4866105585309817,27.02,27.25,-2.38439306,27.65,26.92,1671/5521,27.25,27.65,26.92,27.02,2.637283,3.9212251E7,17,600570,20260304
688475.SH,萤石网络,31.18,1.069692058346834,27.05,27.01,-1.0607169,27.45,26.9,1672/5521,27.01,27.45,26.9,27.05,2.011704,3958256,17,688475,20260304
688006.SH,杭可科技,31.9,-0.1252348152786559,26.88,27.48,-3.82826476,27.95,26.87,1673/5521,27.48,27.95,26.87,26.88,3.864042,8042722,17,688006,20260304
002009.SZ,天奇股份,23.22,0.17256255392579442,27.49,27,-0.65052403,28.1,26.85,1674/5521,27,28.1,26.85,27.49,4.517528,4.0116771E7,33,002009,20260304
600645.SH,中源协和,25.87,-2.192816635160674,27.8,26.98,3.92523364,28.49,26.83,1675/5521,26.98,28.49,26.83,27.8,6.205607,1.7603286E7,17,600645,20260304
300908.SZ,仲景食品,28.7,-0.5544005544005549,26.85,27.39,-2.18579235,27.39,26.82,1676/5521,27.39,27.39,26.82,26.85,2.076502,1194700,33,300908,20260304
688319.SH,欧林生物,30.88,3.139612558450226,28.65,27,5.68056068,29.2,26.82,1676/5521,27,29.2,26.82,28.65,8.779048,9173557,17,688319,20260304
000935.SZ,四川双马,26.72,-3.711711711711716,26.97,27.35,-1.74863388,27.6,26.81,1678/5521,27.35,27.6,26.81,26.97,2.877959,5685080,33,000935,20260304
301012.SZ,扬电科技,35.23,-2.598838816698935,28.04,26.88,2.56035113,28.77,26.8,1679/5521,26.88,28.77,26.8,28.04,7.205559,8285303,33,301012,20260304
600455.SH,博通股份,28.09,1.8491660623640378,27.05,27.47,-2.16998192,27.71,26.8,1679/5521,27.47,27.71,26.8,27.05,3.291139,2224403,17,600455,20260304
603938.SH,三孚股份,28.22,-3.3561643835616453,29.74,26.73,5.57330493,30.38,26.73,1681/5521,26.73,30.38,26.73,29.74,12.957046,2.952924E7,17,603938,20260304
920128.BJ,胜业电气,24.1,0.5004170141784862,26.86,26.81,-0.18580453,27.71,26.72,1682/5521,26.81,27.71,26.72,26.86,3.678929,753182,151,920128,20260304
001296.SZ,长江材料,22.95,0.2621231979030088,27.37,27.17,-1.68821839,27.94,26.69,1683/5521,27.17,27.94,26.69,27.37,4.489942,4534968,33,001296,20260304
301601.SZ,惠通科技,21.95,-1.3039568345323704,26.69,27.3,-3.36712527,27.4,26.69,1683/5521,27.3,27.4,26.69,26.69,2.570601,1420817,33,301601,20260304
002819.SZ,东方中科,26.37,0.34246575342465696,26.97,26.9,-0.69955817,27.32,26.68,1685/5521,26.9,27.32,26.68,26.97,2.356406,2840448,33,002819,20260304
001211.SZ,双枪科技,41.73,3.037037037037029,27.0,27.03,-0.55248619,27.35,26.66,1686/5521,27.03,27.35,26.66,27.0,2.541436,1604550,33,001211,20260304
603205.SH,健尔康,26.03,-2.3630907726931696,26.68,26.89,-0.81784387,27.1,26.65,1687/5521,26.89,27.1,26.65,26.68,1.672862,538407,17,603205,20260304
688199.SH,久日新材,27.4,-0.3273917788286645,27.06,26.65,0.25935532,27.81,26.65,1687/5521,26.65,27.81,26.65,27.06,4.297888,5167580,17,688199,20260304
301089.SZ,拓新药业,26.92,1.4318010550113134,27.04,26.89,0.1852538,27.28,26.63,1689/5521,26.89,27.28,26.63,27.04,2.408299,1467501,33,301089,20260304
300409.SZ,道氏技术,26.93,-1.8943533697632042,27.14,26.72,0.29563932,27.81,26.6,1690/5521,26.72,27.81,26.6,27.14,4.471544,2.9405838E7,33,300409,20260304
301290.SZ,东星医疗,29.8,0.3367003367003415,26.64,27.43,-2.23853211,27.44,26.6,1690/5521,27.43,27.44,26.6,26.64,3.082568,1617500,33,301290,20260304
301331.SZ,恩威医药,27.11,0.5190952910641474,27.02,26.89,-0.22156573,27.29,26.59,1692/5521,26.89,27.29,26.59,27.02,2.584933,1015061,33,301331,20260304
002173.SZ,创新医疗,23.26,0.3018542475204842,27.7,26.58,0.91074681,28.18,26.58,1693/5521,26.58,28.18,26.58,27.7,5.828779,2.9260654E7,33,002173,20260304
605333.SH,沪光股份,22.75,-0.08783487044356422,26.67,26.85,-0.96546602,27.1,26.57,1694/5521,26.85,27.1,26.57,26.67,1.968065,2361900,17,605333,20260304
688518.SH,联赢激光,28.66,6.820723071188975,26.65,27.1,-2.41669718,27.8,26.57,1694/5521,27.1,27.8,26.57,26.65,4.503844,1.0089897E7,17,688518,20260304
603690.SH,至纯科技,24.87,-1.5829046299960372,26.81,26.6,-0.92387288,27.4,26.55,1696/5521,26.6,27.4,26.55,26.81,3.141167,1.0460538E7,17,603690,20260304
300759.SZ,康龙化成,29.31,-1.4789915966386598,27.0,26.9,0.07412898,27.26,26.54,1697/5521,26.9,27.26,26.54,27.0,2.668643,2.2076967E7,33,300759,20260304
600900.SH,长江电力,27.32,2.0545386626821096,27.09,26.8,0.44493882,27.19,26.52,1698/5521,26.8,27.19,26.52,27.09,2.484241,1.75735443E8,17,600900,20260304
002876.SZ,三利谱,30.91,0.7168458781361969,26.68,26.78,-1.87568959,27.18,26.5,1699/5521,26.78,27.18,26.5,26.68,2.500919,4627000,33,002876,20260304
003018.SZ,金富科技,53.2,-3.3781329458772236,29.0,27.3,6.34396773,30,26.5,1699/5521,27.3,30,26.5,29.0,12.834616,2.188795E7,33,003018,20260304
301206.SZ,三元生物,27.23,0.8145131432802624,26.87,26.8,-2.04156034,27.32,26.5,1699/5521,26.8,27.32,26.5,26.87,2.989427,2788178,33,301206,20260304
920706.BJ,铁拓机械,22.67,1.1601963409192395,27.73,27.27,0.32561505,28.67,26.5,1699/5521,27.27,28.67,26.5,27.73,7.85094,4475702,151,920706,20260304
605068.SH,明新旭腾,25.71,-0.31019775106629816,26.58,27.02,-2.27941176,27.24,26.46,1703/5521,27.02,27.24,26.46,26.58,2.867647,1631948,17,605068,20260304
688067.SH,爱威科技,28.4,2.0481494789795196,26.7,27,-2.12609971,27.03,26.46,1703/5521,27,27.03,26.46,26.7,2.089442,1925031,17,688067,20260304
002773.SZ,康弘药业,24.63,-1.004823151125402,26.71,26.95,-1.76535491,27.46,26.45,1705/5521,26.95,27.46,26.45,26.71,3.7146,6138203,33,002773,20260304
301335.SZ,天元宠物,26.09,0.4234026173979963,26.7,27.01,-2.30515917,27.33,26.45,1705/5521,27.01,27.33,26.45,26.7,3.219904,2050049,33,301335,20260304
000895.SZ,双汇发展,27.73,0.3982621288921051,26.6,26.7,-0.63503922,26.71,26.39,1707/5521,25.9,25.91,25.59,25.8,1.195367,1.0619209E7,33,000895,20260304
300226.SZ,上海钢联,24.81,1.017915309446254,26.58,26.85,-2.02727608,27.15,26.39,1707/5521,26.85,27.15,26.39,26.58,2.801326,1.2537834E7,33,300226,20260304
300773.SZ,拉卡拉,26.94,-0.29607698001479754,26.61,26.45,-1.44444444,27.45,26.38,1709/5521,26.45,27.45,26.38,26.61,3.962962,4.3057567E7,33,300773,20260304
002150.SZ,正泰电源,29.06,1.3956734124214885,26.89,26.37,-1.10334682,27.68,26.37,1710/5521,26.37,27.68,26.37,26.89,4.817947,1.4314921E7,33,002150,20260304
605089.SH,味知香,26.77,-2.7959331880900495,26.77,27.39,-2.40612468,27.39,26.37,1710/5521,27.39,27.39,26.37,26.77,3.718556,1558688,17,605089,20260304
300572.SZ,安车检测,30.58,5.593922651933693,27.1,26.6,0.89352197,27.7,26.34,1712/5521,26.6,27.7,26.34,27.1,5.063291,5028436,33,300572,20260304
603589.SH,口子窖,23.86,-1.8106995884773716,26.35,26.99,-2.83923304,27,26.34,1712/5521,26.99,27,26.34,26.35,2.433628,5537000,17,603589,20260304
605338.SH,巴比食品,23.2,-1.1082693947144142,26.8,27.57,-1.86744782,27.57,26.33,1714/5521,27.57,27.57,26.33,26.8,4.540461,1804000,17,605338,20260304
001336.SZ,楚环科技,28.92,-0.5159958720330189,26.56,26.7,-1.73880873,27.12,26.3,1715/5521,26.7,27.12,26.3,26.56,3.033666,2306300,33,001336,20260304
300327.SZ,中颖电子,27.34,1.4094955489614207,26.48,26.36,-0.67516879,27.13,26.3,1715/5521,26.36,27.13,26.3,26.48,3.113278,1.04555E7,33,300327,20260304
300638.SZ,广和通,22.45,-0.22222222222222537,26.61,26.5,-0.03756574,27.16,26.3,1715/5521,26.5,27.16,26.3,26.61,3.230653,1.6669136E7,33,300638,20260304
920006.BJ,晟楠科技,19.57,0.20481310803891012,29.57,26.8,8.79323032,30.99,26.3,1715/5521,26.8,30.99,26.3,29.57,17.255334,8992546,151,920006,20260304
603657.SH,春光科技,29.33,7.830882352941172,26.61,27.1,-2.77676288,27.45,26.29,1719/5521,27.1,27.45,26.29,26.61,4.238217,2230300,17,603657,20260304
001230.SZ,劲旅环境,26.9,-0.2965159377316599,26.54,26.89,-0.37537538,26.89,26.26,1720/5521,26.89,26.89,26.26,26.54,2.364864,2442473,33,001230,20260304
301172.SZ,君逸数码,30.95,-0.896573807236635,26.47,26.52,-1.96296296,27.08,26.25,1721/5521,26.52,27.08,26.25,26.47,3.074074,5623110,33,301172,20260304
600176.SH,中国巨石,34.5,-3.3613445378151336,26.42,26.25,-0.11342155,27.27,26.25,1721/5521,26.25,27.27,26.25,26.42,3.856332,8.70829E7,17,600176,20260304
002976.SZ,瑞玛精密,30.12,1.2436974789916,26.45,26.3,-0.33911078,26.79,26.2,1723/5521,26.3,26.79,26.2,26.45,2.223059,1906220,33,002976,20260304
920906.BJ,舜宇精工,23.26,0.6926406926406932,26.3,26.53,0,26.73,26.2,1723/5521,26.53,26.73,26.2,26.3,2.015209,507351,151,920906,20260304
920914.BJ,远航精密,25.79,-1.414373088685019,26.29,26.69,-1.79305192,27.27,26.2,1723/5521,26.69,27.27,26.2,26.29,3.997011,1847879,151,920914,20260304
605507.SH,国邦医药,23.92,-1.2386457473162558,26.52,26.5,0.0754717,26.85,26.17,1726/5521,26.5,26.85,26.17,26.52,2.566037,2653700,17,605507,20260304
688737.SH,中自科技,29.25,-1.812688821752263,26.73,26.5,-0.26119403,26.98,26.15,1727/5521,26.5,26.98,26.15,26.73,3.097014,2463929,17,688737,20260304
920242.BJ,建邦科技,25.2,0.6389776357827482,26.42,26.33,0.26565465,26.79,26.15,1727/5521,26.33,26.79,26.15,26.42,2.428842,356584,151,920242,20260304
688633.SH,星球石墨,36.2,-1.0388190267905835,26.2,27.06,-3.07066223,27.35,26.14,1729/5521,27.06,27.35,26.14,26.2,4.476507,2460906,17,688633,20260304
002273.SZ,水晶光电,33.0,-0.990099009900985,26.24,26.18,-1.20481928,27.25,26.12,1730/5521,26.18,27.25,26.12,26.24,4.254518,4.1957809E7,33,002273,20260304
920080.BJ,奥美森,24.66,3.439597315436243,26.3,26.66,-1.60867939,26.87,26.12,1730/5521,26.66,26.87,26.12,26.3,2.805836,777359,151,920080,20260304
920418.BJ,苏轴股份,24.39,-1.3748483623129797,26.85,26.2,1.89753321,27.15,26.1,1732/5521,26.2,27.15,26.1,26.85,3.984819,2126909,151,920418,20260304
001319.SZ,铭科精技,23.88,0.8445945945945916,26.27,26.44,-0.6805293,26.67,26.09,1733/5521,26.44,26.67,26.09,26.27,2.192816,3150200,33,001319,20260304
301372.SZ,科净源,36.4,3.8220193953222936,26.79,27.08,-0.55679287,27.09,26.06,1734/5521,27.08,27.09,26.06,26.79,3.823311,1558401,33,301372,20260304
600030.SH,中信证券,27.22,-0.3660322108345586,26.14,26.6,-2.46268657,26.65,26.05,1735/5521,26.6,26.65,26.05,26.14,2.238805,1.50080106E8,17,600030,20260304
001207.SZ,联科科技,18.37,1.10071546505228,26.34,26.41,-1.27436282,26.86,26.03,1736/5521,18.50714286,18.82857143,18.23571429,18.46,3.110944,4802300,33,001207,20260304
001323.SZ,慕思股份,23.84,-1.3653289201489525,26.13,26.79,-3.00668151,26.95,26.03,1736/5521,26.79,26.95,26.03,26.13,3.414996,1140910,33,001323,20260304
300530.SZ,领湃科技,23.61,-1.8295218295218347,26.18,26.27,-0.45627376,26.56,26.03,1736/5521,26.27,26.56,26.03,26.18,2.015209,1190700,33,300530,20260304
002829.SZ,星网宇达,21.89,3.5477767265846736,26.83,26.33,0.29906542,27.36,26.01,1739/5521,26.33,27.36,26.01,26.83,5.046728,5748346,33,002829,20260304
300745.SZ,欣锐科技,33.66,-2.4630541871921223,26.81,26.01,1.43776012,27.77,26.01,1739/5521,26.01,27.77,26.01,26.81,6.659099,6018873,33,300745,20260304
603139.SH,康惠股份,36.3,-1.3050570962479717,26.37,27.6,-6.25666548,27.6,26.01,1739/5521,27.6,27.6,26.01,26.37,5.652328,7997267,17,603139,20260304
300322.SZ,硕贝德,30.21,-1.0157273918741767,27.36,26,2.51030348,27.68,26,1742/5521,26,27.68,26,27.36,6.294492,2.318716E7,33,300322,20260304
301386.SZ,未来电器,25.79,0.9788566953797965,27.39,26.1,4.06534954,27.51,26,1742/5521,26.1,27.51,26,27.39,5.737082,4783349,33,301386,20260304
600993.SH,马应龙,26.03,-0.3063960168517744,26.08,26.33,-1.58490566,26.55,26,1742/5521,26.33,26.55,26,26.08,2.075471,3717679,17,600993,20260304
603262.SH,技源集团,25.91,1.0530421216848658,26.16,26.45,-1.32025651,26.51,26,1742/5521,26.45,26.51,26,26.16,1.923802,800780,17,603262,20260304
603360.SH,百傲化学,22.66,9.999999999999995,26.25,26,-1.42696207,26.85,25.99,1746/5521,26,26.85,25.99,26.25,3.22944,1.086387E7,17,603360,20260304
688695.SH,中创股份,25.37,1.9694533762057957,26.19,26.56,-1.3559322,26.76,25.96,1747/5521,26.56,26.76,25.96,26.19,3.013182,1271173,17,688695,20260304
301379.SZ,天山电子,26.51,1.6877637130801737,26.25,26.13,0.53619303,26.96,25.95,1748/5521,26.13,26.96,25.95,26.25,3.868249,4130909,33,301379,20260304
600520.SH,三佳科技,29.46,-1.1409395973154357,26.23,26,-0.83175803,26.79,25.95,1748/5521,26,26.79,25.95,26.23,3.175803,3378600,17,600520,20260304
688222.SH,成都先导,28.61,2.5815704553603402,26.16,26.11,-1.39464757,27.05,25.95,1748/5521,26.11,27.05,25.95,26.16,4.146249,1.1118181E7,17,688222,20260304
002937.SZ,兴瑞科技,33.55,2.2865853658536586,26.64,26.39,0.75642965,27.27,25.94,1751/5521,26.39,27.27,25.94,26.64,5.030257,7532864,33,002937,20260304
000338.SZ,潍柴动力,31.2,3.4825870646766193,26.42,26.18,-0.15117158,27.12,25.92,1752/5521,26.18,27.12,25.92,26.42,4.535147,1.15750678E8,33,000338,20260304
300455.SZ,航天智装,26.29,4.657643312101904,26.26,26.01,-0.7558579,26.98,25.9,1753/5521,26.01,26.98,25.9,26.26,4.081632,1.3021084E7,33,300455,20260304
601595.SH,上海电影,24.25,-0.16467682173733697,26.18,26.01,-0.98335855,26.67,25.9,1753/5521,26.01,26.67,25.9,26.18,2.912254,6389500,17,601595,20260304
300065.SZ,海兰信,25.88,2.5762980578676125,27.89,26.01,5.36456366,28.98,25.88,1755/5521,26.01,28.98,25.88,27.89,11.711371,1.36117205E8,33,300065,20260304
603899.SH,晨光股份,24.54,-1.3268998793727456,26.01,26.68,-2.51124438,26.83,25.88,1755/5521,26.68,26.83,25.88,26.01,3.560719,6893213,17,603899,20260304
002202.SZ,金风科技,27.55,7.073455110765644,27.01,25.87,2.58260539,27.98,25.87,1757/5521,25.87,27.98,25.87,27.01,8.013672,2.11912526E8,33,002202,20260304
600105.SH,永鼎股份,42.41,-2.1006463527239236,26.8,25.86,-2.61627907,27.77,25.86,1758/5521,25.86,27.77,25.86,26.8,6.940406,9.7380631E7,17,600105,20260304
688078.SH,龙软科技,27.25,3.1806134040136307,26.13,26.49,-2.02474691,26.66,25.86,1758/5521,26.49,26.66,25.86,26.13,2.999625,1250043,17,688078,20260304
002636.SZ,金安国纪,44.9,-0.970445522717258,27.09,25.85,0.48219585,28.12,25.85,1760/5521,25.85,28.12,25.85,27.09,8.419881,3.429609E7,33,002636,20260304
603011.SH,合锻智能,20.58,1.5293537247163234,26.06,25.99,-1.69747265,27,25.85,1760/5521,25.99,27,25.85,26.06,4.337985,3.9947984E7,17,603011,20260304
600699.SH,均胜电子,28.52,0.17562346329469866,25.94,25.97,-1.36882129,26.49,25.84,1762/5521,25.97,26.49,25.84,25.94,2.471482,2.3113326E7,17,600699,20260304
688511.SH,天微电子,21.17,-7.473776223776212,26.42,25.91,0.07575758,26.81,25.83,1763/5521,19.7,20.39230769,19.63846154,20.09,3.712121,1303521,17,688511,20260304
300889.SZ,爱克股份,23.99,-0.6625258799171849,26.92,26.05,1.24106807,27.18,25.82,1764/5521,26.05,27.18,25.82,26.92,5.114704,8886848,33,300889,20260304
300860.SZ,锋尚文化,25.04,2.8336755646817156,26.25,26.08,0.57471264,26.4,25.81,1765/5521,26.08,26.4,25.81,26.25,2.260536,1654017,33,300860,20260304
001333.SZ,光华股份,23.84,-0.16750418760468655,25.97,25.9,-0.153787,26.36,25.8,1766/5521,25.9,26.36,25.8,25.97,2.153018,2064200,33,001333,20260304
002813.SZ,路畅科技,26.46,1.4959723820483335,26.2,26.13,-0.34233549,26.79,25.8,1766/5521,26.13,26.79,25.8,26.2,3.76569,2266700,33,002813,20260304
603533.SH,掌阅科技,25.02,-1.3017751479290014,26.66,25.8,0.26325686,27.1,25.8,1766/5521,25.8,27.1,25.8,26.66,4.889056,3.2893392E7,17,603533,20260304
920066.BJ,科拜尔,21.77,1.776531089294058,26.21,26,1.35344161,26.95,25.8,1766/5521,26,26.95,25.8,26.21,4.447022,1299745,151,920066,20260304
003002.SZ,壶化股份,27.61,0.07249003262051314,26.02,25.75,-0.87619048,26.32,25.72,1770/5521,25.75,26.32,25.72,26.02,2.285714,2078423,33,003002,20260304
688292.SH,浩瀚深度,22.46,1.1711711711711783,26.29,25.71,1.11538462,26.58,25.71,1771/5521,25.71,26.58,25.71,26.29,3.346153,3959744,17,688292,20260304
300478.SZ,杭州高新,29.91,0.36912751677852157,27.16,25.73,3.11313591,27.79,25.7,1772/5521,25.73,27.79,25.7,27.16,7.9347,6123770,33,300478,20260304
600850.SH,电科数字,19.34,-2.814070351758788,25.83,25.81,-0.76834422,26.36,25.7,1772/5521,25.81,26.36,25.7,25.83,2.535535,8770430,17,600850,20260304
603121.SH,华培动力,20.09,-0.1491053677932462,25.7,25.7,,25.7,25.7,1772/5521,25.7,25.7,25.7,25.7,,,17,603121,20260304
688690.SH,纳微科技,32.62,-0.790754257907558,25.71,26,-1.94508009,26.63,25.7,1772/5521,26,26.63,25.7,25.71,3.54691,4277582,17,688690,20260304
600989.SH,宝丰能源,30.7,-1.381304208159331,26.95,27.78,-5.47176429,27.8,25.66,1776/5521,27.36,27.38,25.24,26.53,7.506138,2.20052133E8,17,600989,20260304
001368.SZ,通达创智,30.57,0.0,26.0,25.65,-0.30674847,26.22,25.65,1777/5521,25.65,26.22,25.65,26.0,2.185582,1884500,33,001368,20260304
600605.SH,汇通能源,31.6,-1.7718371153248376,26.4,25.91,1.11068556,26.5,25.65,1777/5521,25.87,26.46,25.61,26.36,3.255457,1829728,17,600605,20260304
002389.SZ,航天彩虹,21.97,1.5249537892791047,28.77,25.68,10.01912046,28.77,25.64,1779/5521,25.68,28.77,25.64,28.77,11.969407,1.42977472E8,33,002389,20260304
301535.SZ,浙江华远,18.83,-0.21197668256493216,25.77,26.22,-2.68126888,26.85,25.62,1780/5521,26.22,26.85,25.62,25.77,4.645015,5095005,33,301535,20260304
300897.SZ,山科智能,26.54,2.194840200231037,26.37,25.81,1.65767155,27.21,25.6,1781/5521,25.81,27.21,25.6,26.37,6.20663,2361723,33,300897,20260304
603351.SH,威尔药业,27.14,0.4069552349241562,25.77,26.2,-1.64122137,26.2,25.6,1781/5521,26.2,26.2,25.6,25.77,2.290076,911260,17,603351,20260304
300480.SZ,光力科技,35.87,-1.29334067143645,25.94,26,0.15444015,26.65,25.57,1783/5521,26,26.65,25.57,25.94,4.169884,1.9770501E7,33,300480,20260304
002838.SZ,道恩股份,30.04,-2.308943089430897,26.04,26,-1.10140524,26.75,25.53,1784/5521,26,26.75,25.53,26.04,4.633497,3886016,33,002838,20260304
300634.SZ,彩讯股份,22.59,-3.1718816973853343,25.71,25.9,-1.53198008,26.3,25.51,1785/5521,25.9,26.3,25.51,25.71,3.02566,1.2934623E7,33,300634,20260304
301348.SZ,蓝箭电子,25.08,2.6606631191158354,26.15,25.54,1.04327666,26.64,25.5,1786/5521,25.54,26.64,25.5,26.15,4.404945,1.0456748E7,33,301348,20260304
300988.SZ,津荣天宇,27.25,2.098164106406889,26.19,25.48,1.15874855,26.47,25.48,1787/5521,25.48,26.47,25.48,26.19,3.82387,3751549,33,300988,20260304
688600.SH,皖仪科技,28.96,1.3296011196641098,25.71,25.66,-0.27152832,26.03,25.47,1788/5521,25.66,26.03,25.47,25.71,2.172226,1459165,17,688600,20260304
001360.SZ,南矿集团,21.5,0.9389671361502314,25.72,25.7,-1.71952618,26.18,25.45,1789/5521,25.7,26.18,25.45,25.72,2.789453,4634448,33,001360,20260304
600887.SH,伊利股份,27.46,3.3496424538953726,25.62,25.81,-1.19552642,25.85,25.45,1789/5521,25.81,25.85,25.45,25.62,1.542614,5.2514187E7,17,600887,20260304
603190.SH,亚通精工,28.33,10.01941747572815,25.59,25.59,-1.1969112,25.94,25.44,1791/5521,25.59,25.94,25.44,25.59,1.930501,1639440,17,603190,20260304
002213.SZ,大为股份,37.3,0.7835720075655206,26.98,25.45,3.68946964,27.8,25.4,1792/5521,25.45,27.8,25.4,26.98,9.223674,1.8407301E7,33,002213,20260304
300813.SZ,泰林生物,25.63,0.7864726700747121,25.51,26.09,-2.29797013,26.76,25.4,1792/5521,26.09,26.76,25.4,25.51,5.208732,3183370,33,300813,20260304
603988.SH,中电电机,24.91,-2.6192337763877958,26.11,25.5,0.34588778,26.6,25.38,1794/5521,25.5,26.6,25.38,26.11,4.6887,6159388,17,603988,20260304
001278.SZ,一彬科技,22.0,-2.955447728275261,26.01,25.37,1.52224824,27.07,25.37,1795/5521,25.37,27.07,25.37,26.01,6.635441,6260312,33,001278,20260304
300491.SZ,通合科技,25.79,0.1553398058252394,26.41,25.59,1.85113768,26.91,25.37,1795/5521,25.51,26.83,25.29,26.33,5.939066,8387551,33,300491,20260304
300915.SZ,海融科技,24.76,1.475409836065586,25.93,26.36,0.19319938,26.39,25.35,1797/5521,26.36,26.39,25.35,25.93,4.018547,1700130,33,300915,20260304
920564.BJ,天润科技,24.24,1.0421008753647354,26.85,26.17,1.70454545,27.25,25.34,1798/5521,26.17,27.25,25.34,26.85,7.234848,1590236,151,920564,20260304
920857.BJ,泓禧科技,18.4,-0.9154550350027016,26.02,25.6,1.60093713,26.15,25.34,1798/5521,25.6,26.15,25.34,26.02,3.162827,479703,151,920857,20260304
603508.SH,思维列控,26.16,0.0,25.45,25.9,-2.11538462,26.09,25.32,1800/5521,25.9,26.09,25.32,25.45,2.961538,5058188,17,603508,20260304
300711.SZ,广哈通信,20.87,-0.9492168960607466,26.75,25.35,3.68217054,26.97,25.31,1801/5521,25.35,26.97,25.31,26.75,6.434108,1.1895716E7,33,300711,20260304
300045.SZ,华力创通,22.36,3.9516503951650295,25.61,25.3,-2.28920259,26.65,25.3,1802/5521,25.3,26.65,25.3,25.61,5.150705,2.4700157E7,33,300045,20260304
603381.SH,永臻股份,24.14,1.3434089000839642,25.8,25.62,0.78125,26.72,25.3,1802/5521,25.62,26.72,25.3,25.8,5.546875,9443361,17,603381,20260304
920533.BJ,骏创科技,22.78,0.7964601769911491,25.99,25.6,1.04976672,26.33,25.3,1802/5521,25.6,26.33,25.3,25.99,4.004665,1967269,151,920533,20260304
002553.SZ,南方精工,22.01,-7.404291123264611,25.77,25.5,-0.84647942,26.27,25.29,1805/5521,25.5,26.27,25.29,25.77,3.770681,7345078,33,002553,20260304
301255.SZ,通力科技,29.0,2.8004253810705393,25.66,25.76,-1.38355111,26.11,25.29,1805/5521,25.76,26.11,25.29,25.66,3.151421,1400734,33,301255,20260304
002287.SZ,奇正藏药,22.74,-0.2631578947368521,25.48,25.28,2.61780105,25.99,25.27,1807/5521,25.28,25.99,25.27,25.48,2.899718,1.218983E7,33,002287,20260304
688349.SH,三一重能,24.8,0.8950366151342654,25.79,25.87,-1.37667304,26.33,25.26,1808/5521,25.87,26.33,25.26,25.79,4.091778,5394275,17,688349,20260304
688395.SH,正弦电气,29.18,4.625313732520613,25.4,25.33,-1.01325019,25.81,25.26,1808/5521,25.33,25.81,25.26,25.4,2.143413,730313,17,688395,20260304
301176.SZ,逸豪新材,37.35,-1.3731185635067231,25.6,25.52,-0.96711799,26.3,25.25,1810/5521,25.52,26.3,25.25,25.6,4.061895,4696551,33,301176,20260304
300633.SZ,开立医疗,24.35,0.2057613168724309,25.36,25.92,-2.53651038,26.2,25.24,1811/5521,25.92,26.2,25.24,25.36,3.689469,3654622,33,300633,20260304
603192.SH,汇得科技,22.72,-4.256215760640546,25.5,25.45,-1.1627907,25.94,25.24,1811/5521,25.45,25.94,25.24,25.5,2.713178,1854510,17,603192,20260304
603613.SH,国联股份,27.13,-3.5549235691432637,25.27,25.77,-2.84505959,26.09,25.23,1813/5521,25.77,26.09,25.23,25.27,3.30642,9201986,17,603613,20260304
002990.SZ,盛视科技,53.83,9.991826726604007,25.39,25.45,-1.20622568,25.78,25.22,1814/5521,25.45,25.78,25.22,25.39,2.178988,2463600,33,002990,20260304
002597.SZ,金禾实业,23.33,1.0831889081455808,25.5,25.66,-2.14888718,26.28,25.21,1815/5521,25.66,26.28,25.21,25.5,4.105909,1.2252629E7,33,002597,20260304
688420.SH,美腾科技,27.25,0.4423147806855916,25.22,25.33,-1.484375,25.85,25.2,1816/5521,25.33,25.85,25.2,25.22,2.539062,722968,17,688420,20260304
688501.SH,青达环保,24.36,-0.12300123001230479,25.71,25.17,0.27301092,26.68,25.17,1817/5521,25.17,26.68,25.17,25.71,5.889235,2595653,17,688501,20260304
002955.SZ,鸿合科技,25.83,1.0563380281690125,25.38,25.4,-1.05263158,25.69,25.16,1818/5521,25.4,25.69,25.16,25.38,2.066276,2118073,33,002955,20260304
688443.SH,智翔金泰,29.62,-3.83116883116883,25.62,25.41,-0.27247956,25.86,25.16,1818/5521,25.41,25.86,25.16,25.62,2.724795,2799012,17,688443,20260304
301113.SZ,雅艺科技,27.07,1.3478098090602748,25.79,25.59,0.19425019,26.25,25.15,1820/5521,25.59,26.25,25.15,25.79,4.273504,1377489,33,301113,20260304
000028.SZ,国药一致,24.54,-1.0483870967741997,25.21,25.68,-1.90661479,25.69,25.12,1821/5521,25.68,25.69,25.12,25.21,2.217898,5086942,33,000028,20260304
688548.SH,广钢气体,30.06,-1.3455858221201187,26.42,28.14,-2.58112094,28.5,25.12,1821/5521,28.14,28.5,25.12,26.42,12.463126,5.2457004E7,17,688548,20260304
688598.SH,金博股份,24.79,-0.48173424327579684,25.4,25.99,-3.45876093,26.44,25.12,1821/5521,25.99,26.44,25.12,25.4,5.017103,6259616,17,688598,20260304
600506.SH,统一股份,22.64,0.2657218777679463,25.61,26.65,-8.2078853,26.77,25.11,1824/5521,26.65,26.77,25.11,25.61,5.94982,2.143331E7,17,600506,20260304
600990.SH,四创电子,23.12,1.3146362839614405,26.06,25.51,0.23076923,26.62,25.11,1824/5521,25.51,26.62,25.11,26.06,5.807692,6036391,17,600990,20260304
603076.SH,乐惠国际,32.2,5.781865965834434,25.68,25.4,0.50880626,26,25.1,1826/5521,25.4,26,25.1,25.68,3.522504,2580235,17,603076,20260304
300871.SZ,回盛生物,26.28,-1.388367729831135,25.39,25.08,0.3160806,25.7,25.08,1827/5521,25.08,25.7,25.08,25.39,2.449624,6614666,33,300871,20260304
688186.SH,广大特材,19.72,-3.522504892367918,26.88,25.37,5.20547945,28.09,25.06,1828/5521,25.37,28.09,25.06,26.88,11.859099,2.8391617E7,17,688186,20260304
600862.SH,中航高科,20.0,0.10010010010009797,25.69,25.1,0.5086072,26.05,25.05,1829/5521,25.1,26.05,25.05,25.69,3.912363,2.4171636E7,17,600862,20260304
603960.SH,克来机电,22.29,-1.849405548216652,25.45,25.1,-2.67686424,26.39,25.05,1829/5521,25.1,26.39,25.05,25.45,5.124282,1.4537745E7,17,603960,20260304
920491.BJ,奥迪威,24.93,2.6771004942339314,25.41,25.12,-0.35294118,25.97,25.04,1831/5521,24.82,25.67,24.74,25.11,3.647058,2264967,151,920491,20260304
002921.SZ,联诚精密,29.74,0.3712453594330052,26.78,26.28,1.90258752,28.5,25.03,1832/5521,26.28,28.5,25.03,26.78,13.203957,1.0784903E7,33,002921,20260304
300873.SZ,海晨股份,21.07,-0.6600660066006627,25.24,25.19,-0.90302316,25.63,25.03,1832/5521,25.19,25.63,25.03,25.24,2.355712,5502143,33,300873,20260304
603196.SH,璞源材料,28.69,-0.6922810661128393,25.21,25.5,-1.60031226,25.76,25.02,1834/5521,25.5,25.76,25.02,25.21,2.888368,3140700,17,603196,20260304
600501.SH,航天晨光,23.61,2.163565556036348,25.96,25.1,0.73729142,26.06,25.01,1835/5521,25.1,26.06,25.01,25.96,4.074505,8944954,17,600501,20260304
000049.SZ,德赛电池,29.04,-2.3208879919273504,25.13,25,-1.33490381,25.61,25,1836/5521,25,25.61,25,25.13,2.394974,4725000,33,000049,20260304
002158.SZ,汉钟精机,27.61,9.999999999999991,25.09,25.56,-2.18323587,26.05,25,1836/5521,25.56,26.05,25,25.09,4.093567,6640410,33,002158,20260304
603220.SH,中贝通信,28.26,-2.383419689119163,25.37,25.07,-0.66562255,26.09,25,1836/5521,25.07,26.09,25,25.37,4.267815,2.2519906E7,17,603220,20260304
920225.BJ,利通科技,26.82,-1.5779816513761458,27.69,31,-12.15101523,31.38,25,1836/5521,31,31.38,25,27.69,20.241116,6408963,151,920225,20260304
002956.SZ,西麦食品,33.15,1.9686250384497097,25.2,24.99,-1.75438596,25.82,24.99,1840/5521,24.99,25.82,24.99,25.2,3.235867,2145309,33,002956,20260304
002497.SZ,雅化集团,30.67,1.2879788639365937,25.23,25.5,-1.59906396,26.05,24.98,1841/5521,25.5,26.05,24.98,25.23,4.173166,2.9985448E7,33,002497,20260304
300898.SZ,熊猫乳品,24.04,-0.45548654244306186,25.4,25.22,0.07880221,25.6,24.98,1841/5521,25.22,25.6,24.98,25.4,2.442868,2982963,33,300898,20260304
301046.SZ,能辉科技,24.97,1.5453436356242334,26.02,25.1,2.40062967,26.16,24.98,1841/5521,25.1,26.16,24.98,26.02,4.643841,3164911,33,301046,20260304
002130.SZ,沃尔核材,22.74,-0.6986899563318784,25.64,25,0.31298905,26.24,24.95,1844/5521,25,26.24,24.95,25.64,5.046948,4.6853395E7,33,002130,20260304
600585.SH,海螺水泥,21.13,-0.6114769520225896,25.07,25.01,-0.67353407,25.61,24.95,1844/5521,25.01,25.61,24.95,25.07,2.614896,3.5395674E7,17,600585,20260304
600196.SH,复星医药,24.89,-1.542721518987344,25.01,25.14,-1.92156863,25.4,24.92,1846/5521,25.14,25.4,24.92,25.01,1.882352,1.7719416E7,17,600196,20260304
300658.SZ,延江股份,21.73,-0.22956841138659645,26.33,26.93,-5.66105339,27.33,24.91,1847/5521,26.93,27.33,24.91,26.33,8.670727,3.5557547E7,33,300658,20260304
300921.SZ,南凌科技,26.94,0.2978406552494484,25.33,25,0.23743569,25.75,24.9,1848/5521,25,25.75,24.9,25.33,3.363672,7716659,33,300921,20260304
688739.SH,成大生物,23.05,-0.9028374892519383,24.91,24.9,-1.19000397,25.35,24.9,1848/5521,24.9,25.35,24.9,24.91,1.785005,1758618,17,688739,20260304
001269.SZ,欧晶科技,21.56,0.7476635514018699,25.68,25.54,-1.34460238,25.99,24.89,1850/5521,25.54,25.99,24.89,25.68,4.225893,1.504764E7,33,001269,20260304
600332.SH,白云山,22.65,-0.9619588981198182,24.98,25.2,-1.10847189,25.2,24.88,1851/5521,25.2,25.2,24.88,24.98,1.266825,1.5782658E7,17,600332,20260304
601567.SH,三星电气,20.06,-3.2786885245901627,25.82,24.98,2.46031746,26.37,24.86,1852/5521,24.98,26.37,24.86,25.82,5.992063,1.9726965E7,17,601567,20260304
300985.SZ,致远新能,23.05,1.6762240846934229,25.85,25.5,-0.42372881,26.66,24.81,1853/5521,25.5,26.66,24.81,25.85,7.126348,9789755,33,300985,20260304
301193.SZ,家联科技,27.03,9.521880064829828,26.96,25.42,5.02532139,27.23,24.81,1853/5521,25.42,27.23,24.81,26.96,9.427347,6104132,33,301193,20260304
301276.SZ,嘉曼服饰,27.28,1.1869436201780426,24.99,25.2,-0.83333333,25.59,24.81,1853/5521,25.2,25.59,24.81,24.99,3.095238,2070046,33,301276,20260304
301565.SZ,中仑新材,22.21,1.8340210912425592,25.25,24.98,-0.7078254,25.4,24.81,1853/5521,24.98,25.4,24.81,25.25,2.320094,6393961,33,301565,20260304
603080.SH,新疆火炬,21.94,0.0,24.98,26.6,-9.39426913,26.65,24.81,1853/5521,26.6,26.65,24.81,24.98,6.67392,1.73301E7,17,603080,20260304
300207.SZ,欣旺达,27.43,-1.1531531531531543,25.05,25,-0.98814229,25.56,24.8,1858/5521,25,25.56,24.8,25.05,3.003952,4.5962552E7,33,300207,20260304
920056.BJ,能之光,22.13,0.18107741059302465,25.22,24.92,1.20385233,25.8,24.8,1858/5521,24.92,25.8,24.8,25.22,4.012841,1202198,151,920056,20260304
688393.SH,安必平,24.6,1.0266940451745379,25.02,24.8,-0.15961692,25.54,24.78,1860/5521,24.8,25.54,24.78,25.02,3.032721,1879840,17,688393,20260304
300457.SZ,赢合科技,28.99,0.520110957004156,24.91,25.1,-2.1986651,25.53,24.77,1861/5521,25.1,25.53,24.77,24.91,2.983902,1.2438441E7,33,300457,20260304
002623.SZ,亚玛顿,21.19,1.7771373679154707,25.31,24.76,-0.1183899,25.99,24.76,1862/5521,24.76,25.99,24.76,25.31,4.853985,9246852,33,002623,20260304
002961.SZ,瑞达期货,24.76,0.16181229773463876,24.91,24.96,-1.92913386,25.5,24.76,1862/5521,24.96,25.5,24.76,24.91,2.913385,9417295,33,002961,20260304
300668.SZ,杰恩股份,55.29,-9.73061224489796,25.05,24.75,0.07990412,25.63,24.75,1864/5521,24.75,25.63,24.75,25.05,3.515781,2480033,33,300668,20260304
603270.SH,金帝股份,28.13,2.964860907759878,25.13,25.24,-1.95083886,25.55,24.75,1864/5521,25.24,25.55,24.75,25.13,3.121342,3769508,17,603270,20260304
000738.SZ,航发控制,20.73,2.11822660098522,25.5,24.89,0.15710919,26.06,24.71,1866/5521,24.89,26.06,24.71,25.5,5.302435,4.374492E7,33,000738,20260304
002241.SZ,歌尔股份,24.5,-0.8097165991902805,24.73,24.78,-2.02060222,25.21,24.7,1867/5521,24.78,25.21,24.7,24.73,2.020602,6.0953916E7,33,002241,20260304
300399.SZ,天利科技,22.03,1.6143911439114458,25.12,24.91,-0.23828435,25.59,24.7,1867/5521,24.91,25.59,24.7,25.12,3.534551,4180330,33,300399,20260304
600750.SH,华润江中,23.92,-0.2502085070892357,24.86,25.22,-1.46650813,25.45,24.7,1867/5521,25.22,25.45,24.7,24.86,2.972651,5695902,17,600750,20260304
920075.BJ,柏星龙,21.66,4.08457472369054,24.83,25.03,-1.46825397,25.54,24.7,1867/5521,25.03,25.54,24.7,24.83,3.333333,939284,151,920075,20260304
920523.BJ,德瑞锂电,23.15,-1.1106364801367004,24.99,24.93,-1.22529644,25.55,24.7,1867/5521,24.93,25.55,24.7,24.99,3.359683,1338563,151,920523,20260304
003011.SZ,海象新材,23.8,1.4060502769493048,25.42,25.02,0.67326733,25.75,24.64,1872/5521,25.02,25.75,24.64,25.42,4.396039,4007400,33,003011,20260304
300130.SZ,新国都,22.12,-0.6289308176100654,24.74,24.85,-1.23752495,25.22,24.61,1873/5521,24.85,25.22,24.61,24.74,2.435129,8431765,33,300130,20260304
300960.SZ,通业科技,20.99,0.9620009620009586,24.9,24.69,-1.1512505,25.35,24.61,1873/5521,24.69,25.35,24.61,24.9,2.937673,1866520,33,300960,20260304
920634.BJ,新威凌,21.02,-3.6663611365719557,25.38,24.72,1.43884892,25.96,24.6,1875/5521,24.72,25.96,24.6,25.38,5.435651,1643711,151,920634,20260304
920943.BJ,优机股份,17.02,-13.163265306122456,25.42,26,-6.54411765,26.79,24.58,1876/5521,26,26.79,24.58,25.42,8.125,4398864,151,920943,20260304
300611.SZ,美力科技,24.9,0.7689194658033093,25.1,24.69,0.4,25.38,24.55,1877/5521,24.69,25.38,24.55,25.1,3.32,3519908,33,300611,20260304
688329.SH,艾隆科技,24.07,3.3047210300429164,24.69,24.75,-1.55502392,25.09,24.55,1877/5521,24.75,25.09,24.55,24.69,2.15311,1613212,17,688329,20260304
605116.SH,奥锐特,22.6,-1.7391304347826024,24.66,24.86,-1.36,25.35,24.54,1879/5521,24.86,25.35,24.54,24.66,3.24,2533000,17,605116,20260304
001218.SZ,丽臣实业,27.63,9.992038216560502,24.9,24.63,-0.51937675,25.35,24.52,1880/5521,24.63,25.35,24.52,24.9,3.31602,1667820,33,001218,20260304
300970.SZ,华绿生物,35.3,-2.7548209366391188,24.86,25.47,-2.96643247,25.78,24.52,1880/5521,25.47,25.78,24.52,24.86,4.918032,7651912,33,300970,20260304
000901.SZ,航天科技,24.0,3.359173126614992,25.36,24.64,-0.07880221,25.85,24.51,1882/5521,24.64,25.85,24.51,25.36,5.279747,2.5520199E7,33,000901,20260304
300790.SZ,宇瞳光学,29.0,2.4373013069586764,25.1,24.6,1.20967742,25.13,24.51,1882/5521,24.6,25.13,24.51,25.1,2.5,8805244,33,300790,20260304
603109.SH,神驰机电,22.4,0.3584229390680927,24.62,24.66,-1.16419109,25.07,24.51,1882/5521,24.66,25.07,24.51,24.62,2.248093,2163910,17,603109,20260304
920160.BJ,北矿检测,23.99,3.1827956989247244,24.7,24.56,-0.08090615,24.93,24.51,1882/5521,24.56,24.93,24.51,24.7,1.699029,670859,151,920160,20260304
920876.BJ,慧为智能,22.22,-0.1348314606741624,29.7,24.88,19.37299035,32.19,24.51,1882/5521,24.88,32.19,24.51,29.7,30.868167,8129167,151,920876,20260304
920961.BJ,创远信科,19.01,-3.5025380710659784,25.45,24.79,1.75929628,25.62,24.51,1882/5521,24.79,25.62,24.51,25.45,4.438224,2694690,151,920961,20260304
300662.SZ,科锐国际,24.34,-0.20500205002050312,24.73,24.93,-1.55254777,25.21,24.5,1888/5521,24.93,25.21,24.5,24.73,2.826433,3712790,33,300662,20260304
301588.SZ,美新科技,34.35,13.704071499503478,25.36,24.9,0.83499006,25.6,24.47,1889/5521,24.9,25.6,24.47,25.36,4.493041,3094227,33,301588,20260304
301262.SZ,海看股份,23.67,-0.8793969849246118,24.9,24.5,0.60606061,25.07,24.42,1890/5521,24.5,25.07,24.42,24.9,2.626262,5340380,33,301262,20260304
300179.SZ,四方达,29.06,0.379965457685663,25.7,25.14,3.96440129,26.2,24.4,1891/5521,25.14,26.2,24.4,25.7,7.281553,5.0520833E7,33,300179,20260304
920168.BJ,通宝光电,20.52,-3.7974683544303742,24.58,24.87,-1.60128102,25.25,24.38,1892/5521,24.87,25.25,24.38,24.58,3.482786,3122960,151,920168,20260304
601225.SH,陕西煤业,26.13,0.0,25.26,24.94,-0.11862396,25.4,24.36,1893/5521,24.94,25.4,24.36,25.26,4.112297,6.9286859E7,17,601225,20260304
688069.SH,德林海,39.0,7.586206896551724,24.99,25.07,-0.3191065,25.19,24.36,1893/5521,25.07,25.19,24.36,24.99,3.310729,1536615,17,688069,20260304
920190.BJ,雷神科技,23.45,0.4282655246252585,24.52,24.54,0.16339869,24.8,24.35,1895/5521,24.54,24.8,24.35,24.52,1.838235,912139,151,920190,20260304
920274.BJ,宏裕包材,21.83,-2.01974865350091,24.55,24.73,-0.88817117,25.1,24.34,1896/5521,24.73,25.1,24.34,24.55,3.068227,1076690,151,920274,20260304
688398.SH,赛特新材,31.91,0.25133521834747674,24.54,24.7,-1.8792483,25.55,24.33,1897/5521,24.7,25.55,24.33,24.54,4.878048,4116363,17,688398,20260304
002657.SZ,中科金财,20.75,2.8755577590480823,24.5,24.8,-2.54574383,25.28,24.32,1898/5521,24.8,25.28,24.32,24.5,3.818615,1.1051229E7,33,002657,20260304
603159.SH,上海亚虹,25.8,-0.4245465071400982,25.09,24.96,0.48057669,25.21,24.32,1898/5521,24.96,25.21,24.32,25.09,3.564277,1193380,17,603159,20260304
001378.SZ,德冠新材,26.79,2.290950744558984,24.57,24.35,-0.04068348,24.81,24.3,1900/5521,24.35,24.81,24.3,24.57,2.074857,1927594,33,001378,20260304
300421.SZ,力星股份,23.78,3.7521815008725974,25.25,24.3,1.28359406,25.51,24.3,1900/5521,24.3,25.51,24.3,25.25,4.85359,1.0016474E7,33,300421,20260304
300971.SZ,博亚精工,24.36,0.7444168734491303,24.54,24.39,-0.36540804,24.92,24.3,1900/5521,24.39,24.92,24.3,24.54,2.517255,5086480,33,300971,20260304
301656.SZ,联合动力,19.57,-0.9113924050632897,24.45,24.3,-1.33171913,24.77,24.3,1900/5521,24.3,24.77,24.3,24.45,1.89669,4219263,33,301656,20260304
603790.SH,雅运股份,24.54,0.6150061500614947,25.53,24.45,3.02663438,26.14,24.29,1904/5521,24.45,26.14,24.29,25.53,7.465698,5282684,17,603790,20260304
301091.SZ,深城交,21.25,-0.7936507936508016,24.52,24.32,0.08163265,25.1,24.25,1905/5521,24.32,25.1,24.25,24.52,3.469387,3681769,33,301091,20260304
600980.SH,北矿科技,23.06,0.6108202443280847,25.03,24.4,0.28044872,25.68,24.25,1905/5521,24.4,25.68,24.25,25.03,5.729166,6419050,17,600980,20260304
300101.SZ,振芯科技,19.59,-0.40671072699543387,24.75,24.3,0.650671,25.42,24.2,1907/5521,24.3,25.42,24.2,24.75,4.961366,2.2280575E7,33,300101,20260304
301365.SZ,矩阵股份,35.18,-1.9782669267205373,24.61,24.34,0.40799674,24.74,24.2,1907/5521,24.34,24.74,24.2,24.61,2.203182,2775150,33,301365,20260304
688178.SH,万德斯,33.77,-4.03523728331911,24.43,25.42,-4.23363387,25.99,24.2,1907/5521,25.42,25.99,24.2,24.43,7.016856,1350825,17,688178,20260304
600690.SH,海尔智家,21.53,-0.5083179297597016,24.54,24.98,-2.15311005,24.99,24.15,1910/5521,24.98,24.99,24.15,24.54,3.349282,6.694354E7,17,600690,20260304
688015.SH,交控科技,21.66,2.5568181818181777,24.24,24.66,-2.49396621,25.07,24.15,1910/5521,24.66,25.07,24.15,24.24,3.700724,1834418,17,688015,20260304
002436.SZ,兴森科技,27.71,0.9104151493080844,24.76,24.12,0.81433225,25.77,24.12,1912/5521,24.12,25.77,24.12,24.76,6.718241,1.12929497E8,33,002436,20260304
300204.SZ,舒泰神,27.63,-0.7899461400359152,24.4,24.31,-0.61099796,24.75,24.11,1913/5521,24.31,24.75,24.11,24.4,2.606924,6763781,33,300204,20260304
920504.BJ,博迅生物,21.72,0.18450184501844624,24.48,25.05,-3.16455696,25.49,24.11,1913/5521,25.05,25.49,24.11,24.48,5.45886,558303,151,920504,20260304
603004.SH,鼎龙科技,20.73,-1.1916110581506196,24.27,24.35,-0.36945813,24.69,24.08,1915/5521,24.35,24.69,24.08,24.27,2.504105,2590217,17,603004,20260304
601958.SH,金钼股份,19.58,-1.1610297829379124,25.95,24.07,2.40726125,27.09,24.07,1916/5521,24.07,27.09,24.07,25.95,11.917916,8.2970997E7,17,601958,20260304
300537.SZ,广信材料,22.52,-1.010989010989013,24.47,24.2,-0.44751831,25.15,24.04,1917/5521,24.2,25.15,24.04,24.47,4.515866,7217385,33,300537,20260304
688485.SH,九州一轨,55.2,1.8450184501845017,25.68,24.76,2.14797136,25.97,24.04,1917/5521,24.76,25.97,24.04,25.68,7.677008,2350041,17,688485,20260304
920111.BJ,聚星科技,31.5,-5.120481927710851,25.79,24.41,5.61015561,25.86,24.03,1919/5521,24.41,25.86,24.03,25.79,7.493857,6027033,151,920111,20260304
301500.SZ,飞南资源,29.14,-1.3874788494077839,27.0,24.98,5.01750292,27.5,24.02,1920/5521,24.98,27.5,24.02,27.0,13.535589,4.5544245E7,33,301500,20260304
603103.SH,横店影视,20.66,1.0763209393346322,24.64,24.15,1.02501025,24.71,24.02,1920/5521,24.15,24.71,24.02,24.64,2.829028,1.0950853E7,17,603103,20260304
301505.SZ,苏州规划,23.31,1.7903930131004373,24.32,24.17,-0.28700287,24.73,24.01,1922/5521,24.17,24.73,24.01,24.32,2.952029,2488559,33,301505,20260304
603726.SH,朗迪集团,24.85,10.004426737494475,24.26,24.42,-1.66193758,25.05,24.01,1922/5521,24.42,25.05,24.01,24.26,4.215646,4535005,17,603726,20260304
603733.SH,仙鹤股份,22.03,-2.823114247904722,24.2,24.21,-0.04130525,24.66,24,1924/5521,24.21,24.66,24,24.2,2.726146,4855500,17,603733,20260304
300357.SZ,我武生物,25.4,-1.8167761886354943,24.05,24.43,-2.27549777,24.76,23.91,1925/5521,24.43,24.76,23.91,24.05,3.45388,9531151,33,300357,20260304
001231.SZ,农心科技,25.49,0.6714060031595503,24.44,24.23,0.16393443,24.66,23.9,1926/5521,24.23,24.66,23.9,24.44,3.114754,2394660,33,001231,20260304
300629.SZ,新劲刚,25.13,1.126760563380272,24.98,24,-0.43842168,25.68,23.9,1926/5521,24,25.68,23.9,24.98,7.094459,1.4493065E7,33,300629,20260304
600879.SH,航天电子,23.97,3.9011703511053253,25.27,23.99,2.05977383,25.67,23.9,1926/5521,23.99,25.67,23.9,25.27,7.148626,1.4755144E8,17,600879,20260304
603324.SH,盛剑科技,26.02,2.440944881889768,24.1,24.27,-1.67278662,24.72,23.89,1929/5521,24.27,24.72,23.89,24.1,3.386372,1774200,17,603324,20260304
603217.SH,元利科技,30.71,-1.0950080515297902,24.24,23.9,-2.02101859,25.01,23.88,1930/5521,23.9,25.01,23.88,24.24,4.567502,3077109,17,603217,20260304
301129.SZ,瑞纳智能,27.1,-0.3310040456050013,29.23,24.03,19.99178982,29.23,23.84,1931/5521,24.03,29.23,23.84,29.23,22.126436,6785201,33,301129,20260304
000878.SZ,云南铜业,19.1,-1.6477857878475812,24.03,23.97,-2.51521298,25.12,23.8,1932/5521,23.97,25.12,23.8,24.03,5.354969,8.273933E7,33,000878,20260304
003020.SZ,立方制药,22.73,-0.698995194408039,23.94,24.11,-1.40032949,24.35,23.8,1932/5521,24.11,24.35,23.8,23.94,2.265238,1627013,33,003020,20260304
688232.SH,新点软件,22.12,0.1811594202898673,23.9,24.5,-2.76647681,24.77,23.8,1932/5521,24.5,24.77,23.8,23.9,3.946297,3222888,17,688232,20260304
920208.BJ,青矩技术,23.37,0.42973785990546376,23.89,24.06,-1.07660455,24.38,23.8,1932/5521,24.06,24.38,23.8,23.89,2.401656,855283,151,920208,20260304
000777.SZ,中核科技,19.86,0.6079027355623151,24.5,23.8,2.12588579,25.06,23.79,1936/5521,23.8,25.06,23.79,24.5,5.293872,1.5641093E7,33,000777,20260304
300113.SZ,顺网科技,25.26,-2.5086839058278603,24.41,23.88,1.20232172,25.03,23.78,1937/5521,23.88,25.03,23.78,24.41,5.182421,3.6928269E7,33,300113,20260304
002903.SZ,宇环数控,37.37,1.9923580786026116,25.06,24,2.83135002,25.5,23.77,1938/5521,24,25.5,23.77,25.06,7.098892,1.5819174E7,33,002903,20260304
300428.SZ,立中集团,21.34,1.5223596574690785,23.96,23.9,-0.95080612,24.69,23.77,1938/5521,23.9,24.69,23.77,23.96,3.803224,1.7673359E7,33,300428,20260304
920751.BJ,惠同新材,23.77,2.6781857451403934,24.3,24.15,0.62111801,24.97,23.77,1938/5521,24.15,24.97,23.77,24.3,4.968944,862047,151,920751,20260304
688106.SH,金宏气体,34.89,-13.100871731008713,25.26,24.89,4.2509286,25.88,23.75,1941/5521,24.89,25.88,23.75,25.26,8.790755,4.4462214E7,17,688106,20260304
300815.SZ,玉禾田,21.39,0.3754106053496098,24.13,23.74,0.41614648,24.43,23.74,1942/5521,23.74,24.43,23.74,24.13,2.87141,6656654,33,300815,20260304
301013.SZ,利和兴,25.25,1.405622489959845,24.2,24.17,0.456621,24.89,23.74,1942/5521,24.17,24.89,23.74,24.2,4.773765,7143765,33,301013,20260304
301190.SZ,善水科技,23.19,0.04314063848145627,24.44,24.22,0.20500205,25.06,23.74,1942/5521,24.22,25.06,23.74,24.44,5.412054,4253081,33,301190,20260304
001209.SZ,洪兴股份,22.02,1.0091743119266003,23.71,23.71,-9.98481397,24,23.71,1945/5521,23.71,24,23.71,23.71,1.100987,9705300,33,001209,20260304
301049.SZ,超越科技,27.0,7.784431137724549,24.19,24.7,1.00208768,24.75,23.71,1945/5521,24.7,24.75,23.71,24.19,4.342379,2072893,33,301049,20260304
300940.SZ,南极光,19.77,-2.7066929133858304,23.93,23.81,-0.29166667,24.33,23.7,1947/5521,23.81,24.33,23.7,23.93,2.625,3580417,33,300940,20260304
301515.SZ,港通医疗,23.93,-1.1157024793388413,24.24,24.13,-0.32894737,24.44,23.7,1947/5521,24.13,24.44,23.7,24.24,3.042763,1628928,33,301515,20260304
688455.SH,科捷智能,21.0,1.1073663938372673,24.27,23.65,1.125,24.45,23.61,1949/5521,23.65,24.45,23.61,24.27,3.5,3198386,17,688455,20260304
600835.SH,上海机电,24.15,1.3003355704697932,23.93,24.55,-2.88149351,24.55,23.6,1950/5521,24.55,24.55,23.6,23.93,3.855519,1.4214816E7,17,600835,20260304
920547.BJ,无锡晶海,23.0,1.3215859030837036,23.65,24.21,-3.19279574,24.55,23.58,1951/5521,24.21,24.55,23.58,23.65,3.970528,761951,151,920547,20260304
300546.SZ,雄帝科技,19.74,0.15220700152205774,23.73,23.6,-0.91858038,24.15,23.57,1952/5521,23.6,24.15,23.57,23.73,2.421711,3806951,33,300546,20260304
600206.SH,有研新材,27.37,2.0126723816623286,24.02,23.71,-0.49710025,24.78,23.55,1953/5521,23.71,24.78,23.55,24.02,5.095277,4.8008239E7,17,600206,20260304
605080.SH,浙江自然,25.39,0.6740681998414025,23.68,23.93,-1.37442732,24.08,23.55,1953/5521,23.93,24.08,23.55,23.68,2.207413,1139040,17,605080,20260304
688277.SH,天智航,19.92,4.347826086956531,23.84,24,-2.13464696,24.74,23.54,1955/5521,24,24.74,23.54,23.84,4.926108,1.1056118E7,17,688277,20260304
000833.SZ,粤桂股份,31.72,9.986130374479885,24.43,25.04,-4.45834963,25.09,23.53,1956/5521,25.04,25.09,23.53,24.43,6.100899,6.1152074E7,33,000833,20260304
688066.SH,航天宏图,15.69,0.0,24.35,23.59,0.61983471,24.68,23.53,1956/5521,23.59,24.68,23.53,24.35,4.752066,1.0537388E7,17,688066,20260304
600346.SH,恒力石化,22.09,-0.5850585058505806,23.77,25,-8.64719447,25,23.51,1958/5521,25,25,23.51,23.77,5.726364,8.1022388E7,17,600346,20260304
603232.SH,格尔软件,18.65,2.8681742967457233,24.21,23.8,-0.28830313,24.88,23.51,1958/5521,23.8,24.88,23.51,24.21,5.642504,1.9485528E7,17,603232,20260304
002919.SZ,名臣健康,23.98,2.0425531914893633,23.71,23.94,-2.42798354,24.38,23.5,1960/5521,23.94,24.38,23.5,23.71,3.621399,6879455,33,002919,20260304
603320.SH,迪贝电气,24.24,-0.8588957055214759,24.31,23.6,1.80067002,24.96,23.5,1960/5521,23.6,24.96,23.5,24.31,6.113902,3303421,17,603320,20260304
603829.SH,洛凯股份,28.65,2.79870828848223,24.53,23.65,1.82648402,24.94,23.5,1960/5521,23.65,24.94,23.5,24.53,5.977584,4845324,17,603829,20260304
605016.SH,百龙创园,27.19,5.5922330097087425,23.72,24,-1.41313383,24.2,23.5,1960/5521,24,24.2,23.5,23.72,2.909393,4599973,17,605016,20260304
688729.SH,屹唐股份,23.61,4.37665782493368,23.8,23.58,0.89020772,24.1,23.5,1960/5521,23.58,24.1,23.5,23.8,2.54345,6876822,17,688729,20260304
603978.SH,深圳新星,26.94,-1.7147026632615792,23.8,23.78,-0.91590341,24.49,23.41,1965/5521,23.78,24.49,23.41,23.8,4.496253,5088957,17,603978,20260304
000938.SZ,紫光股份,31.99,-1.3263417643430082,23.56,23.6,-1.25733445,24.06,23.4,1966/5521,23.6,24.06,23.4,23.56,2.766135,4.8059887E7,33,000938,20260304
300588.SZ,熙菱信息,24.11,0.5421184320266847,23.95,23.6,-0.37437604,24.44,23.36,1967/5521,23.6,24.44,23.36,23.95,4.492512,2523170,33,300588,20260304
920392.BJ,佳合科技,19.33,0.1554404145077595,23.39,23.51,-0.5104211,23.8,23.34,1968/5521,23.51,23.8,23.34,23.39,1.956614,618004,151,920392,20260304
301197.SZ,工大科雅,30.35,0.29742233972240534,24.19,24,0.08274721,24.75,23.32,1969/5521,24,24.75,23.32,24.19,5.916425,5513440,33,301197,20260304
600367.SH,红星发展,23.47,1.0766580534022394,24.99,24.28,-3.55075261,26.48,23.32,1969/5521,24.28,26.48,23.32,24.99,12.196063,7.8584293E7,17,600367,20260304
000581.SZ,威孚高科,19.54,0.153767298821105,23.69,23.6,-0.71248952,24.28,23.31,1971/5521,23.6,24.28,23.31,23.69,4.065381,2.1843744E7,33,000581,20260304
603908.SH,牧高笛,24.18,1.6393442622950845,23.59,23.41,-0.75725705,24,23.31,1971/5521,23.41,24,23.31,23.59,2.902818,1297293,17,603908,20260304
301356.SZ,天振股份,23.4,7.685227795674175,23.57,23.59,-1.0495382,23.82,23.3,1973/5521,23.59,23.82,23.3,23.57,2.183039,1975552,33,301356,20260304
688334.SH,西高院,20.88,-0.5714285714285762,24.03,23.3,1.8220339,24.48,23.3,1973/5521,23.3,24.48,23.3,24.03,5,6291443,17,688334,20260304
300257.SZ,开山股份,30.77,3.8124156545209145,24.32,23.28,1.84254606,24.89,23.28,1975/5521,23.28,24.89,23.28,24.32,6.742043,1.3922537E7,33,300257,20260304
603078.SH,江化微,24.81,2.8180687940323237,23.75,23.3,0,24.4,23.28,1975/5521,23.3,24.4,23.28,23.75,4.715789,1.3821474E7,17,603078,20260304
603185.SH,弘元绿能,21.71,-1.2733060482037182,23.41,23.32,-1.59730979,23.94,23.27,1977/5521,23.32,23.94,23.27,23.41,2.816309,1.2346363E7,17,603185,20260304
002605.SZ,姚记科技,20.49,5.076923076923069,23.28,23.4,-1.06247344,23.68,23.25,1978/5521,23.4,23.68,23.25,23.28,1.827454,5049852,33,002605,20260304
002648.SZ,卫星化学,29.6,1.26582278481013,23.66,23.51,-0.58823529,24.27,23.25,1978/5521,23.51,24.27,23.25,23.66,4.285714,6.5579485E7,33,002648,20260304
000969.SZ,安泰科技,21.37,1.0879848628193018,23.83,23.32,-0.79100749,24.6,23.23,1980/5521,23.32,24.6,23.23,23.83,5.70358,4.336516E7,33,000969,20260304
301016.SZ,雷尔伟,16.29,3.824091778202675,23.65,23.79,-0.21097046,23.98,23.23,1980/5521,16.88571429,17.02142857,16.48571429,16.79,3.164556,3321803,33,301016,20260304
688678.SH,福立旺,23.73,2.0206362854686106,23.4,23.23,-1.68067227,24.18,23.23,1980/5521,16.52142857,17.2,16.52142857,16.64,3.991596,7024046,17,688678,20260304
300735.SZ,光弘科技,20.81,-1.0461245839277338,23.35,23.5,-3.35264901,24.19,23.22,1983/5521,23.5,24.19,23.22,23.35,4.0149,1.7202885E7,33,300735,20260304
300834.SZ,星辉环材,37.05,-1.2789768185451744,23.48,23.49,-0.04257131,23.76,23.22,1983/5521,23.49,23.76,23.22,23.48,2.29885,1713200,33,300834,20260304
920118.BJ,太湖远大,21.39,5.213969503197257,23.58,23.4,0.08488964,24.24,23.21,1985/5521,23.4,24.24,23.21,23.58,4.371816,773329,151,920118,20260304
688163.SH,赛伦生物,35.2,-0.1418439716311976,23.32,23.91,-2.91423813,24.14,23.2,1986/5521,23.91,24.14,23.2,23.32,3.913405,1286697,17,688163,20260304
300554.SZ,三超新材,25.35,2.590044516390128,23.58,23.5,-0.79932688,23.97,23.18,1987/5521,23.5,23.97,23.18,23.58,3.323517,3964500,33,300554,20260304
301069.SZ,凯盛新材,22.1,-0.8524001794526592,23.26,23.51,-2.06315789,24.14,23.18,1987/5521,23.51,24.14,23.18,23.26,4.042105,1.0292805E7,33,301069,20260304
301371.SZ,敷尔佳,29.04,-0.6160164271047218,23.4,23.48,-0.63694268,23.58,23.17,1989/5521,23.48,23.58,23.17,23.4,1.740976,1332930,33,301371,20260304
002886.SZ,沃特股份,22.53,3.1593406593406654,23.28,23.28,-1.3559322,23.9,23.16,1990/5521,23.28,23.9,23.16,23.28,3.135593,8871085,33,002886,20260304
301120.SZ,新特电气,19.63,-1.850000000000005,27.55,23.46,15.85365854,27.88,23.16,1990/5521,23.46,27.88,23.16,27.55,19.848612,7.1889483E7,33,301120,20260304
301566.SZ,达利凯普,24.16,-0.8210180623973699,24.15,23.2,2.07100592,24.69,23.16,1990/5521,23.2,24.69,23.16,24.15,6.46661,1.4909733E7,33,301566,20260304
002760.SZ,凤形股份,22.75,0.22026431718061987,23.6,24.06,-1.70762182,24.27,23.15,1993/5521,24.06,24.27,23.15,23.6,4.664723,3745600,33,002760,20260304
300885.SZ,海昌新材,28.64,19.98324256388772,23.44,23.15,-0.84602369,23.93,23.14,1994/5521,23.15,23.93,23.14,23.44,3.341793,4332672,33,300885,20260304
301065.SZ,本立科技,24.33,-0.6533278889342595,23.6,23.35,0.68259386,23.74,23.13,1995/5521,23.35,23.74,23.13,23.6,2.602389,2131450,33,301065,20260304
603939.SH,益丰药房,23.2,-0.9816474605207018,23.31,23.7,-2.46861925,23.97,23.12,1996/5521,23.7,23.97,23.12,23.31,3.556485,1.1061398E7,17,603939,20260304
920357.BJ,雅葆轩,25.4,-2.6819923371647616,23.49,23.43,0.3417343,23.69,23.12,1996/5521,23.43,23.69,23.12,23.49,2.434856,514107,151,920357,20260304
301011.SZ,华立科技,19.91,0.45408678102926264,23.24,23.76,-2.18855219,23.86,23.11,1998/5521,23.76,23.86,23.11,23.24,3.156565,1893675,33,301011,20260304
002952.SZ,亚世光电,27.6,-2.1970233876683114,24.09,23.9,-1.39173148,24.09,23.1,1999/5521,23.9,24.09,23.1,24.09,4.052394,1.54056E7,33,002952,20260304
000636.SZ,风华高科,25.09,-0.7515822784810177,23.9,23.13,0.20964361,24.7,23.09,2000/5521,23.13,24.7,23.09,23.9,6.750524,1.11839452E8,33,000636,20260304
688783.SH,西安奕材,23.7,5.850826261723979,23.45,23.07,0.21367521,23.71,23.07,2001/5521,23.07,23.71,23.07,23.45,2.735042,4849427,17,688783,20260304
600801.SH,华新建材,21.51,-4.527296937416775,23.08,23.4,-2.61603376,24.08,23.06,2002/5521,23.4,24.08,23.06,23.08,4.303797,1.0160486E7,17,600801,20260304
600459.SH,贵研铂业,20.09,-2.0477815699658786,23.65,23.23,-0.54667788,24.35,23.05,2003/5521,23.23,24.35,23.05,23.65,5.466778,3.855622E7,17,600459,20260304
603191.SH,望变电气,19.6,-2.825979176995539,24.7,23.05,5.4204012,25.33,23.05,2003/5521,23.05,25.33,23.05,24.7,9.731113,2.5545144E7,17,603191,20260304
000681.SZ,视觉中国,21.82,5.207328833172623,23.3,23.06,-0.21413276,23.9,23.04,2005/5521,23.06,23.9,23.04,23.3,3.683083,3.4490875E7,33,000681,20260304
920262.BJ,太湖雪,16.75,1.5151515151515151,23.31,23.46,0.21496131,23.72,23.02,2006/5521,19.46666667,19.68333333,19.1,19.34,3.009458,477047,151,920262,20260304
003029.SZ,吉大正元,21.01,0.9125840537944345,23.23,23.13,-1.40067912,23.62,23.01,2007/5521,23.13,23.62,23.01,23.23,2.589134,4072800,33,003029,20260304
002265.SZ,建设工业,22.51,1.5794223826714866,23.75,23.58,-0.7521939,24.07,23,2008/5521,23.58,24.07,23,23.75,4.471374,9865958,33,002265,20260304
002782.SZ,可立克,19.31,-1.5800203873598484,23.69,23,0.16913319,24.16,23,2008/5521,23,24.16,23,23.69,4.904862,1.3213454E7,33,002782,20260304
301199.SZ,迈赫股份,21.53,1.5566037735849145,23.39,23.05,0.51568543,23.59,23,2008/5521,23.05,23.59,23,23.39,2.535453,2371338,33,301199,20260304
603626.SH,科森科技,25.16,5.008347245409012,23.41,23.34,-5.1458671,24.95,23,2008/5521,23.34,24.95,23,23.41,7.901134,3.7194674E7,17,603626,20260304
605599.SH,菜百股份,19.19,-8.705994291151276,23.8,23,-1.49006623,24.45,23,2008/5521,23,24.45,23,23.8,6.001655,1.23224E7,17,605599,20260304
688021.SH,奥福科技,30.3,16.314779270633398,23.34,23.66,-2.58764608,23.97,23,2008/5521,23.66,23.97,23,23.34,4.048414,1838314,17,688021,20260304
601089.SH,福元医药,20.59,0.48804294777941154,23.28,23.36,-0.76726343,23.69,22.99,2014/5521,23.36,23.69,22.99,23.28,2.983802,2392200,17,601089,20260304
002983.SZ,芯瑞达,23.3,-0.29952931108258574,23.1,23.12,-1.07066381,23.51,22.96,2015/5521,23.12,23.51,22.96,23.1,2.35546,3099131,33,002983,20260304
002995.SZ,天地在线,22.4,2.611085661933121,23.26,23,0,23.51,22.96,2015/5521,23,23.51,22.96,23.26,2.364574,8585970,33,002995,20260304
003008.SZ,开普检测,23.5,2.485826428259923,23.26,23.05,0.04301075,23.45,22.96,2015/5521,23.05,23.45,22.96,23.26,2.107526,1413560,33,003008,20260304
920076.BJ,国亮新材,21.3,1.4768937589328361,23.05,23.55,-2.41320914,23.75,22.96,2015/5521,23.55,23.75,22.96,23.05,3.344623,1370391,151,920076,20260304
002541.SZ,鸿路钢构,19.41,-4.43131462333825,23.19,23.6,-2.68569031,24.08,22.92,2019/5521,23.6,24.08,22.92,23.19,4.867813,7691700,33,002541,20260304
000062.SZ,深圳华强,36.92,3.562412342215998,23.05,22.98,-0.94542329,23.4,22.9,2020/5521,22.88,23.3,22.8,22.95,2.148689,7123013,33,000062,20260304
603131.SH,上海沪工,22.52,10.014655593551542,23.43,22.91,-0.76238882,23.83,22.9,2020/5521,22.91,23.83,22.9,23.43,3.939008,7225806,17,603131,20260304
301268.SZ,铭利达,23.01,6.774941995359632,22.99,23.44,-2.79069767,24.25,22.89,2022/5521,23.44,24.25,22.89,22.99,5.750528,7187500,33,301268,20260304
601066.SH,中信建投,23.0,4.072398190045242,22.93,23.41,-2.42553191,23.43,22.88,2023/5521,23.41,23.43,22.88,22.93,2.340425,1.6267979E7,17,601066,20260304
603683.SH,晶华新材,28.87,1.369382022471912,23.5,23.39,0.42735043,23.79,22.88,2023/5521,23.39,23.79,22.88,23.5,3.888888,6574152,17,603683,20260304
300738.SZ,奥飞数据,24.94,-0.6374501992031878,23.17,23,-0.34408602,23.9,22.83,2025/5521,23,23.9,22.83,23.17,4.60215,6.3986369E7,33,300738,20260304
301072.SZ,中捷精工,24.65,1.607584501236591,23.42,22.99,0.60137457,23.69,22.82,2026/5521,22.99,23.69,22.82,23.42,3.737113,1288800,33,301072,20260304
301329.SZ,信音电子,25.24,2.062272543469462,23.09,22.9,-0.38826575,23.32,22.82,2026/5521,22.9,23.32,22.82,23.09,2.157031,2863161,33,301329,20260304
600230.SH,沧州大化,18.97,-4.143506821627086,24.18,22.81,-2.02593193,24.8,22.81,2028/5521,22.81,24.8,22.81,24.18,8.063209,2.4512177E7,17,600230,20260304
605319.SH,无锡振华,26.82,0.789177001127399,23.32,22.85,0.99610221,23.65,22.81,2028/5521,22.85,23.65,22.81,23.32,3.637938,4228653,17,605319,20260304
002703.SZ,浙江世宝,17.03,-2.07015526164462,23.2,22.93,-0.85470085,23.6,22.8,2030/5521,22.93,23.6,22.8,23.2,3.418803,3.293741E7,33,002703,20260304
300774.SZ,倍杰特,16.2,0.43397396156230805,23.77,22.94,-0.12605042,24.59,22.8,2030/5521,22.94,24.59,22.8,23.77,7.521008,1.2527105E7,33,300774,20260304
603100.SH,川仪股份,19.49,-0.5612244897959335,22.92,23.3,-1.63090129,23.4,22.8,2030/5521,23.3,23.4,22.8,22.92,2.575107,5287048,17,603100,20260304
300893.SZ,松原安全,22.58,-0.39700044111161625,23.3,23.1,1.0845987,23.32,22.78,2033/5521,23.1,23.32,22.78,23.3,2.342733,2679202,33,300893,20260304
920405.BJ,海希通讯,17.19,0.058207217695003276,23.12,22.79,0.87260035,23.39,22.77,2034/5521,22.79,23.39,22.77,23.12,2.705061,1004364,151,920405,20260304
300998.SZ,宁波方正,27.11,-0.11053795136330559,23.06,23.14,-1.28424658,23.44,22.75,2035/5521,23.14,23.44,22.75,23.06,2.953767,2618698,33,300998,20260304
601717.SH,中创智领,18.67,-9.98071359691416,22.9,23.49,-3.57894737,23.79,22.73,2036/5521,23.49,23.79,22.73,22.9,4.463157,3.0537522E7,17,601717,20260304
605277.SH,新亚电子,22.83,-0.3056768558951978,23.03,23,-1.37044968,23.69,22.72,2037/5521,23,23.69,22.72,23.03,4.154175,7977493,17,605277,20260304
002816.SZ,*ST和科,23.3,-2.632678646050978,23.12,22.8,0.17331023,23.2,22.71,2038/5521,22.8,23.2,22.71,23.12,2.12305,1203800,33,002816,20260304
920821.BJ,则成电子,22.0,-0.990099009900985,22.86,23.23,-2.43277849,23.65,22.71,2038/5521,23.23,23.65,22.71,22.86,4.01195,1431732,151,920821,20260304
300879.SZ,大叶股份,24.24,0.706273369339419,22.74,23,-1.3876843,23.32,22.7,2040/5521,23,23.32,22.7,22.74,2.688638,2827127,33,300879,20260304
301638.SZ,南网数字,28.57,-1.4487754398068236,24.27,22.8,4.11840412,24.68,22.7,2040/5521,22.8,24.68,22.7,24.27,8.494208,6.6551612E7,33,301638,20260304
688369.SH,致远互联,24.26,0.12381345439538233,22.95,23.33,-2.58913413,23.68,22.69,2042/5521,23.33,23.68,22.69,22.95,4.202037,4494231,17,688369,20260304
688303.SH,大全能源,22.25,-3.0923344947735227,22.94,23.49,-3.20675105,23.49,22.68,2043/5521,23.49,23.49,22.68,22.94,3.417721,1.2007211E7,17,688303,20260304
300740.SZ,水羊股份,25.66,0.39123630672927007,23.08,22.76,-0.38843332,23.67,22.66,2044/5521,22.76,23.67,22.66,23.08,4.359085,1.218877E7,33,300740,20260304
301587.SZ,中瑞股份,29.0,-5.104712041884813,22.99,22.9,-0.56228374,23.35,22.66,2044/5521,22.9,23.35,22.66,22.99,2.984429,2103512,33,301587,20260304
300681.SZ,英搏尔,30.66,-2.2944550669216026,22.83,22.9,-1.50992235,23.4,22.65,2046/5521,22.9,23.4,22.65,22.83,3.235547,7102483,33,300681,20260304
600729.SH,重庆百货,21.35,-1.9742883379247,22.75,23.21,-2.4024024,23.29,22.62,2047/5521,23.21,23.29,22.62,22.75,2.874302,4834000,17,600729,20260304
603611.SH,诺力股份,19.98,-0.7451564828613939,22.8,23.15,-2.18790219,23.5,22.62,2047/5521,23.15,23.5,22.62,22.8,3.775203,4380900,17,603611,20260304
920247.BJ,华密新材,18.99,1.44230769230769,22.76,22.9,-0.13163668,23.17,22.62,2047/5521,18.99,19.215,18.75666667,18.87,2.413339,1216232,151,920247,20260304
301487.SZ,盟固利,24.36,-1.7741935483871019,22.76,22.8,-1.68466523,23.35,22.61,2050/5521,22.8,23.35,22.61,22.76,3.196544,1.3040441E7,33,301487,20260304
000921.SZ,海信家电,24.03,2.124946876328092,22.65,22.91,-1.65002171,22.98,22.56,2051/5521,22.91,22.98,22.56,22.65,1.823708,6941909,33,000921,20260304
605580.SH,恒盛能源,21.47,0.7981220657276908,22.91,23.26,-2.38602471,23.36,22.55,2052/5521,23.26,23.36,22.55,22.91,3.451214,4929844,17,605580,20260304
688298.SH,东方生物,22.33,0.676284941388632,22.59,22.8,-1.26748252,23.1,22.55,2052/5521,22.8,23.1,22.55,22.59,2.403846,1484182,17,688298,20260304
920346.BJ,威贸电子,20.49,0.6385068762278929,22.9,23.31,-1.75890176,23.64,22.55,2052/5521,23.31,23.64,22.55,22.9,4.676104,835391,151,920346,20260304
605033.SH,美邦股份,23.24,1.2636165577342011,23.18,22.55,0.87032202,23.44,22.53,2055/5521,22.55,23.44,22.53,23.18,3.959965,6578343,17,605033,20260304
688589.SH,力合微,23.03,2.4466192170818535,22.82,22.53,-0.3058104,23.21,22.53,2055/5521,22.53,23.21,22.53,22.82,2.970729,3054955,17,688589,20260304
002262.SZ,恩华药业,22.42,0.04462293618920823,22.65,23.12,-1.94805195,23.18,22.52,2057/5521,23.12,23.18,22.52,22.65,2.857142,7041583,33,002262,20260304
001282.SZ,三联锻造,20.88,2.4031387935262307,25.3,22.51,10,25.3,22.51,2058/5521,22.51,25.3,22.51,25.3,12.130434,1.6048742E7,33,001282,20260304
300862.SZ,蓝盾光电,24.08,2.207130730050932,22.96,22.65,0.61349693,23.22,22.51,2058/5521,22.65,23.22,22.51,22.96,3.111305,3625253,33,300862,20260304
000997.SZ,新大陆,19.89,-0.8474576271186349,22.67,22.67,-0.65731814,22.94,22.5,2060/5521,22.67,22.94,22.5,22.67,1.928133,1.1581896E7,33,000997,20260304
002664.SZ,信质集团,20.12,1.4112903225806508,22.77,22.8,-1.171875,23.18,22.5,2060/5521,22.8,23.18,22.5,22.77,2.951388,9350969,33,002664,20260304
920351.BJ,华光源海,16.6,1.6533986527863023,25.16,27.9,-21.22730119,28.4,22.5,2060/5521,27.9,28.4,22.5,25.16,18.472135,7961034,151,920351,20260304
920425.BJ,乐创技术,25.25,13.228699551569504,22.7,22.66,-0.83005679,23.15,22.5,2060/5521,22.66,23.15,22.5,22.7,2.839667,1327187,151,920425,20260304
920476.BJ,海能技术,19.66,0.25497195308516424,22.57,22.64,-0.96533567,23.17,22.5,2060/5521,22.54,23.07,22.4,22.47,2.939885,1285123,151,920476,20260304
920885.BJ,星辰科技,18.23,-0.10958904109588807,23.35,22.5,2.4122807,23.72,22.5,2060/5521,22.5,23.72,22.5,23.35,5.350877,4353677,151,920885,20260304
603075.SH,热威股份,23.54,-0.8842105263157931,22.5,22.63,-2.08877285,23.18,22.45,2066/5521,22.63,23.18,22.45,22.5,3.176675,1807353,17,603075,20260304
603993.SH,洛阳钼业,18.62,-2.9702970297029716,22.99,22.54,-2.08688245,23.65,22.45,2066/5521,22.54,23.65,22.45,22.99,5.110732,2.18236801E8,17,603993,20260304
300950.SZ,德固特,21.76,0.4153207198892471,22.88,22.44,-0.26155187,23.3,22.44,2068/5521,22.44,23.3,22.44,22.88,3.74891,1858950,33,300950,20260304
002134.SZ,天津普林,25.32,0.7961783439490417,22.72,22.99,-0.95902354,23.2,22.42,2069/5521,22.99,23.2,22.42,22.72,3.400174,7022335,33,002134,20260304
002791.SZ,坚朗五金,18.36,-0.5955603681645882,22.7,23,-2.4495058,23.12,22.42,2069/5521,23,23.12,22.42,22.7,3.008165,7774430,33,002791,20260304
688381.SH,帝奥微,31.97,-2.974203338391514,22.5,22.57,-1.83246073,22.98,22.42,2069/5521,22.57,22.98,22.42,22.5,2.44328,3297330,17,688381,20260304
600026.SH,中远海能,21.59,-0.6899724011039493,23.79,24.99,-4.45783133,24.99,22.41,2072/5521,24.99,24.99,22.41,23.79,10.361445,2.52802204E8,17,600026,20260304
688351.SH,微电生理,23.4,3.129131776112813,22.59,23.06,-3.33761232,23.69,22.4,2073/5521,23.06,23.69,22.4,22.59,5.519897,4304863,17,688351,20260304
688426.SH,康为世纪,20.84,2.1568627450980458,22.64,22.58,-1.30775937,23.05,22.4,2073/5521,22.58,23.05,22.4,22.64,2.833478,1185602,17,688426,20260304
301632.SZ,广东建科,20.69,1.07474352711286,22.67,22.55,0.08830022,22.85,22.39,2075/5521,22.55,22.85,22.39,22.67,2.030905,1634131,33,301632,20260304
600961.SH,株冶集团,26.49,-4.402742692168901,23.18,22.5,-0.98248612,23.99,22.39,2075/5521,22.5,23.99,22.39,23.18,6.834686,3.7124777E7,17,600961,20260304
300702.SZ,天宇股份,21.09,-1.0323791647113978,22.69,23.67,-4.62379151,23.73,22.36,2077/5521,23.67,23.73,22.36,22.69,5.758722,5959495,33,300702,20260304
301125.SZ,腾亚精工,23.18,0.5639913232104078,22.51,22.45,-0.83700441,23.19,22.36,2077/5521,22.45,23.19,22.36,22.51,3.656387,3471061,33,301125,20260304
002557.SZ,洽洽食品,23.27,0.518358531317499,22.71,22.62,-0.26350461,22.88,22.35,2079/5521,22.62,22.88,22.35,22.71,2.327624,5074270,33,002557,20260304
000923.SZ,河钢资源,16.8,-2.211874272409773,22.53,22.95,-3.80017079,23.59,22.33,2080/5521,22.95,23.59,22.33,22.53,5.380017,2.0265599E7,33,000923,20260304
002925.SZ,盈趣科技,19.21,1.2118018967334059,22.51,22.54,-1.44483363,23.02,22.33,2080/5521,22.54,23.02,22.33,22.51,3.021015,1.6008051E7,33,002925,20260304
920130.BJ,立方控股,18.9,1.17773019271948,22.92,22.49,2.78026906,23.3,22.33,2080/5521,22.49,23.3,22.33,22.92,4.349775,1470744,151,920130,20260304
002555.SZ,三七互娱,21.43,-2.502274795268429,22.47,22.6,-1.31752306,22.89,22.31,2083/5521,22.6,22.89,22.31,22.47,2.547211,4.0868518E7,33,002555,20260304
300250.SZ,初灵信息,19.65,0.0,22.86,22.5,-0.78125,23.24,22.31,2083/5521,22.5,23.24,22.31,22.86,4.036458,6899097,33,300250,20260304
300540.SZ,蜀道装备,33.49,-1.673517322372285,24.98,24.39,1.13360324,25.6,22.31,2083/5521,24.39,25.6,22.31,24.98,13.319838,2.0726359E7,33,300540,20260304
300656.SZ,民德电子,25.29,5.155925155925149,22.6,23.19,-4.56081081,23.59,22.3,2086/5521,23.19,23.59,22.3,22.6,5.447635,9205359,33,300656,20260304
001390.SZ,古麒绒材,21.33,-0.14044943820225253,22.55,22.5,-0.6170119,22.7,22.28,2087/5521,22.5,22.7,22.28,22.55,1.851035,1591361,33,001390,20260304
300446.SZ,航天智造,18.99,0.21108179419524617,22.48,22.61,-2.89416847,23.06,22.27,2088/5521,22.61,23.06,22.27,22.48,3.412526,1.7891697E7,33,300446,20260304
000985.SZ,大庆华科,20.23,-0.2957121734844688,22.23,23.19,-10,23.3,22.23,2089/5521,23.19,23.3,22.23,22.23,4.331983,6180700,33,000985,20260304
300353.SZ,东土科技,18.55,2.542841348811503,23.43,22.4,2.53829322,23.63,22.22,2090/5521,22.4,23.63,22.22,23.43,6.170678,2.2369354E7,33,300353,20260304
002667.SZ,威领股份,,,24.65,22.21,7.54799302,25.17,22.21,2091/5521,22.21,25.17,22.21,24.65,12.914485,3.2274891E7,33,002667,20260304
002830.SZ,名雕股份,22.27,1.0894235133908234,22.44,22.49,-0.22232103,22.68,22.21,2091/5521,22.49,22.68,22.21,22.44,2.089817,3451300,33,002830,20260304
001386.SZ,马可波罗,18.63,-0.48076923076923006,22.52,22.32,0.0444247,22.69,22.2,2093/5521,22.32,22.69,22.2,22.52,2.17681,4187273,33,001386,20260304
603172.SH,万丰股份,21.58,0.372093023255806,22.74,22.2,0.57496683,23.15,22.2,2093/5521,22.2,23.15,22.2,22.74,4.20168,3699499,17,603172,20260304
688151.SH,华强科技,19.83,0.8646998982705908,23.46,22.37,3.25704225,23.69,22.2,2093/5521,22.37,23.69,22.2,23.46,6.558098,7312359,17,688151,20260304
300982.SZ,苏文电能,23.15,-2.608329827513677,23.3,22.58,3.09734513,23.68,22.18,2096/5521,22.58,23.68,22.18,23.3,6.637168,7552645,33,300982,20260304
603051.SH,鹿山新材,23.42,4.647006255585357,22.59,22.21,-1.56862745,22.84,22.17,2097/5521,22.21,22.84,22.17,22.59,2.919389,6299135,17,603051,20260304
301187.SZ,欧圣电气,20.37,1.545363908275186,22.28,22.58,-2.19490781,22.84,22.15,2098/5521,22.58,22.84,22.15,22.28,3.028972,2634931,33,301187,20260304
300523.SZ,辰安科技,21.93,0.87396504139835,22.46,22.29,0.44722719,22.54,22.13,2099/5521,22.29,22.54,22.13,22.46,1.833631,2691871,33,300523,20260304
600845.SH,宝信软件,22.68,-0.7005253940455348,22.45,22.21,0.22321429,22.9,22.13,2099/5521,22.21,22.9,22.13,22.45,3.4375,1.7667888E7,17,600845,20260304
002326.SZ,永太科技,24.46,-0.5286701911346036,22.37,22.47,-1.01769912,22.98,22.11,2101/5521,22.47,22.98,22.11,22.37,3.849557,3.0168963E7,33,002326,20260304
603607.SH,京华激光,23.58,0.21249468763279708,22.35,22.6,-1.41155712,22.78,22.11,2101/5521,22.6,22.78,22.11,22.35,2.955447,3549180,17,603607,20260304
688130.SH,晶华微,27.1,7.326732673267332,22.26,22.08,-0.49173,22.8,22.08,2103/5521,22.08,22.8,22.08,22.26,3.218596,975157,17,688130,20260304
688655.SH,迅捷兴,45.53,18.59859338369367,23.14,22.08,1.5357613,24.29,22.08,2103/5521,22.08,24.29,22.08,23.14,9.697235,1.2010971E7,17,688655,20260304
300486.SZ,东杰智能,23.16,0.08643042350907335,23.83,22.1,5.86406042,24.46,22.06,2105/5521,22.1,24.46,22.06,23.83,10.661928,2.4479082E7,33,300486,20260304
920019.BJ,铜冠矿建,18.04,1.2345679012345614,22.5,22.37,-0.31014621,23.2,22.05,2106/5521,22.37,23.2,22.05,22.5,5.095259,4403988,151,920019,20260304
920237.BJ,力佳科技,19.72,-2.3762376237623783,22.46,22.36,0.44722719,22.72,22.03,2107/5521,22.36,22.72,22.03,22.46,3.085867,782614,151,920237,20260304
300854.SZ,中兰环保,33.85,5.649188514357061,23.78,22.45,3.93356643,23.98,22.02,2108/5521,22.45,23.98,22.02,23.78,8.566433,4616574,33,300854,20260304
688133.SH,泰坦科技,22.45,-2.518454190186721,22.18,22.53,-2.20458554,22.84,22.02,2108/5521,22.53,22.84,22.02,22.18,3.61552,3602859,17,688133,20260304
001206.SZ,依依股份,18.94,-1.1482254697285954,22.18,22.32,-1.02632753,22.51,22,2110/5521,22.32,22.51,22,22.18,2.275769,2911099,33,001206,20260304
300703.SZ,创源股份,17.93,0.900393922341025,22.7,22.5,0.08818342,22.79,22,2110/5521,22.5,22.79,22,22.7,3.483245,5299287,33,300703,20260304
603013.SH,亚普股份,20.41,1.8971542685970992,22.0,22.64,-2.91262136,22.74,22,2110/5521,22.64,22.74,22,22.0,3.265666,3917300,17,603013,20260304
603738.SH,泰晶科技,38.32,-3.7669512807634353,23.0,22,0,23.98,22,2110/5521,22,23.98,22,23.0,8.608695,5.1807523E7,17,603738,20260304
001367.SZ,海森药业,23.7,-0.04217629692113692,22.21,22.17,-0.08996851,22.4,21.98,2114/5521,22.17,22.4,21.98,22.21,1.889338,1092214,33,001367,20260304
300413.SZ,芒果超媒,19.44,-1.9172552976791069,22.18,22.39,-1.98851083,22.6,21.98,2114/5521,22.39,22.6,21.98,22.18,2.739726,2.0326467E7,33,300413,20260304
603282.SH,亚光股份,17.85,-9.29878048780487,22.53,22.53,-0.74889868,22.81,21.98,2114/5521,22.53,22.81,21.98,22.53,3.656387,3830200,17,603282,20260304
002967.SZ,广电计量,21.37,-0.6508600650860091,22.07,22,-0.80898876,22.46,21.96,2117/5521,22,22.46,21.96,22.07,2.247191,6303818,33,002967,20260304
003023.SZ,彩虹集团,30.3,2.572782667569403,22.55,22.21,-0.30946065,22.75,21.96,2117/5521,22.21,22.75,21.96,22.55,3.492484,2665260,33,003023,20260304
300170.SZ,汉得信息,19.82,-0.9990009990009955,22.23,22.18,-1.02404274,22.77,21.96,2117/5521,22.18,22.77,21.96,22.23,3.606411,5.7491024E7,33,300170,20260304
300674.SZ,宇信科技,19.47,0.7242628039317154,21.99,22.18,-1.87416332,22.75,21.96,2117/5521,22.18,22.75,21.96,21.99,3.525211,1.4190691E7,33,300674,20260304
600312.SH,平高电气,21.96,-0.49841413683733315,22.86,22,2.37348858,23.26,21.94,2121/5521,22,23.26,21.94,22.86,5.91133,4.768326E7,17,600312,20260304
688323.SH,瑞华泰,23.99,-9.642184557438803,22.15,22.01,-0.80609046,22.91,21.94,2121/5521,22.01,22.91,21.94,22.15,4.343931,4593338,17,688323,20260304
603193.SH,润本股份,25.97,-0.6123230003827025,21.97,22.11,-1.56810036,22.39,21.93,2123/5521,22.11,22.39,21.93,21.97,2.060931,1725594,17,603193,20260304
001210.SZ,金房能源,21.35,0.5652378709373574,22.86,22.2,2.05357143,23.28,21.9,2124/5521,22.2,23.28,21.9,22.86,6.160714,3436276,33,001210,20260304
001287.SZ,中电港,26.46,3.278688524590163,22.0,21.98,-0.27198549,22.58,21.9,2124/5521,21.98,22.58,21.9,22.0,3.082502,1.6357783E7,33,001287,20260304
603239.SH,浙江仙通,23.81,-1.3261500207210952,21.98,22.3,-1.875,22.5,21.9,2124/5521,22.3,22.5,21.9,21.98,2.678571,3840400,17,603239,20260304
603248.SH,锡华科技,25.61,-1.5378700499807847,22.53,22,0.80536913,22.85,21.9,2124/5521,22,22.85,21.9,22.53,4.250559,4381747,17,603248,20260304
300828.SZ,锐新科技,21.62,-1.9945602901178503,22.81,22.01,2.42478671,22.98,21.89,2128/5521,22.01,22.98,21.89,22.81,4.894476,9176200,33,300828,20260304
002733.SZ,雄韬股份,27.66,-6.68016194331984,22.25,22.01,-0.44742729,22.91,21.88,2129/5521,22.01,22.91,21.88,22.25,4.608501,1.8024078E7,33,002733,20260304
603638.SH,艾迪精密,23.24,2.3337736679876597,22.01,22.19,-1.47717099,22.6,21.88,2129/5521,22.19,22.6,21.88,22.01,3.222918,6842520,17,603638,20260304
001379.SZ,腾达科技,21.97,1.6658954187875958,22.29,22.04,-0.6684492,22.7,21.86,2131/5521,22.04,22.7,21.86,22.29,3.743315,3404340,33,001379,20260304
920374.BJ,云里物里,19.09,0.10487676979548806,22.26,22.11,0.58743787,22.73,21.86,2131/5521,22.11,22.73,21.86,22.26,3.931314,613879,151,920374,20260304
002058.SZ,*ST威尔,25.1,-3.3127889060092426,21.85,21.9,-5,22.25,21.85,2133/5521,21.9,22.25,21.85,21.85,1.73913,2502601,33,002058,20260304
300882.SZ,万胜智能,18.24,-1.458670988654798,24.21,22,8.03212851,24.48,21.85,2133/5521,22,24.48,21.85,24.21,11.735832,1.9719687E7,33,300882,20260304
002119.SZ,康强电子,21.01,1.0096153846153886,22.23,21.82,0.0450045,22.79,21.82,2135/5521,21.82,22.79,21.82,22.23,4.365436,2.5192366E7,33,002119,20260304
688246.SH,嘉和美康,21.0,-0.09514747859181528,22.32,21.99,0.4952724,22.56,21.82,2135/5521,21.99,22.56,21.82,22.32,3.331832,2908711,17,688246,20260304
688671.SH,碧兴物联,23.7,2.597402597402588,22.09,22.39,-2.34305924,22.75,21.8,2137/5521,22.39,22.75,21.8,22.09,4.199823,1453112,17,688671,20260304
002767.SZ,先锋电子,20.72,1.6683022571148178,22.13,21.99,-0.22542831,22.31,21.78,2138/5521,21.99,22.31,21.78,22.13,2.38954,2993959,33,002767,20260304
600031.SH,三一重工,20.35,-0.7317073170731638,22.01,22,-0.81117621,22.32,21.77,2139/5521,22,22.32,21.77,22.01,2.478593,5.1011803E7,17,600031,20260304
601702.SH,华峰铝业,18.52,-1.4893617021276655,22.8,21.97,2.19632452,23.5,21.76,2140/5521,21.97,23.5,21.76,22.8,7.799193,1.1716503E7,17,601702,20260304
600060.SH,海信视像,25.6,2.1548284118116627,21.94,22.09,-1.61434978,22.3,21.74,2141/5521,22.09,22.3,21.74,21.94,2.51121,1.05404E7,17,600060,20260304
001696.SZ,宗申动力,17.36,0.05763688760805769,22.98,22.02,5.75241601,23.7,21.73,2142/5521,22.02,23.7,21.73,22.98,9.065807,9.8725416E7,33,001696,20260304
920879.BJ,基康技术,16.4,-2.958579881656805,22.72,22.29,1.97486535,22.75,21.71,2143/5521,18.45,18.83333333,17.96666667,18.81,4.667863,2418224,151,920879,20260304
603272.SH,*ST联翔,26.8,5.015673981191227,21.82,21.94,0,22.41,21.7,2144/5521,21.94,22.41,21.7,21.82,3.253895,2444000,22,603272,20260304
002778.SZ,中晟高科,20.25,-0.0493583415597313,21.95,22.11,-0.90293454,22.33,21.69,2145/5521,22.11,22.33,21.69,21.95,2.88939,2559587,33,002778,20260304
300864.SZ,南大环境,22.27,1.5041020966271572,22.26,21.75,2.01649863,22.48,21.68,2146/5521,21.75,22.48,21.68,22.26,3.666361,2629797,33,300864,20260304
300780.SZ,德恩精工,25.08,0.1597444089456835,22.59,21.95,1.98645598,22.9,21.67,2147/5521,21.95,22.9,21.67,22.59,5.553047,9925796,33,300780,20260304
601233.SH,桐昆股份,24.21,4.986990459670435,21.71,23.46,-9.54166667,23.5,21.66,2148/5521,23.46,23.5,21.66,21.71,7.666666,9.2244857E7,17,601233,20260304
301020.SZ,密封科技,23.26,1.2625163256421537,21.8,21.7,-1.26811594,22.15,21.65,2149/5521,21.7,22.15,21.65,21.8,2.264492,1456563,33,301020,20260304
600803.SH,新奥股份,20.26,-5.282842449742866,23.0,24.55,-4.36590437,24.55,21.65,2149/5521,24.55,24.55,21.65,23.0,12.058212,3.919921E7,17,600803,20260304
920344.BJ,三元基因,20.38,1.2922465208747416,21.83,21.65,0.36781609,22,21.64,2151/5521,21.65,22,21.64,21.83,1.655172,415333,151,920344,20260304
300402.SZ,宝色股份,18.39,0.27262813522355894,22.27,21.7,0.04492363,22.8,21.63,2152/5521,21.7,22.8,21.63,22.27,5.256064,7143299,33,300402,20260304
688129.SH,东来技术,29.44,-3.2215647600262995,21.82,22.76,-4.75774771,22.77,21.6,2153/5521,22.76,22.77,21.6,21.82,5.10694,2792951,17,688129,20260304
920579.BJ,机科股份,17.5,0.11441647597253761,21.8,21.88,-0.8640291,22.34,21.6,2153/5521,21.88,22.34,21.6,21.8,3.365165,923698,151,920579,20260304
603656.SH,泰禾智能,19.96,0.15052684395384414,21.93,21.58,-0.13661202,22.35,21.57,2155/5521,21.58,22.35,21.57,21.93,3.551912,3801453,17,603656,20260304
920578.BJ,巨能股份,18.39,1.996672212978366,21.7,21.99,-1.45322434,22.35,21.57,2155/5521,21.99,22.35,21.57,21.7,3.542234,783520,151,920578,20260304
603706.SH,东方环宇,21.63,1.358950328022489,21.87,23.73,-8.72287145,23.73,21.56,2157/5521,23.73,23.73,21.56,21.87,9.056761,9071908,17,603706,20260304
603579.SH,荣泰健康,22.3,0.6772009029345469,21.75,22.2,-2.90178571,22.35,21.55,2158/5521,22.2,22.35,21.55,21.75,3.571428,4615332,17,603579,20260304
301019.SZ,宁波色母,22.87,0.8822232024702218,21.63,21.83,-0.68870523,22.06,21.5,2159/5521,21.83,22.06,21.5,21.63,2.571166,1345807,33,301019,20260304
600592.SH,龙溪股份,19.09,1.976495726495732,22.15,21.68,0.36248301,22.34,21.5,2159/5521,21.68,22.34,21.5,22.15,3.806071,7009382,17,600592,20260304
001380.SZ,华纬科技,18.92,-1.9180922757905519,21.7,21.51,0.18467221,21.95,21.49,2161/5521,21.51,21.95,21.49,21.7,2.12373,1542786,33,001380,20260304
002879.SZ,长缆科技,17.98,-3.124999999999991,22.3,21.67,2.01280878,22.74,21.49,2161/5521,21.17,22.24,20.99,21.8,5.718206,7693400,33,002879,20260304
002246.SZ,北化股份,24.36,1.7118997912317335,24.11,21.73,9.64074579,24.19,21.48,2163/5521,21.73,24.19,21.48,24.11,12.323783,9.0049752E7,33,002246,20260304
002393.SZ,力生制药,16.7,-0.6543723973825071,21.51,21.88,-2.44897959,22.22,21.48,2163/5521,17.73333333,18.01666667,17.4,17.43,3.356009,4838050,33,002393,20260304
301015.SZ,百洋医药,24.65,-2.722967640094717,21.61,22.06,-2.43792325,22.2,21.48,2163/5521,22.06,22.2,21.48,21.61,3.250564,4198285,33,301015,20260304
603048.SH,浙江黎明,23.41,6.02355072463769,21.73,22.11,-1.71867933,22.35,21.46,2166/5521,22.04,22.28,21.39,21.66,4.025327,2620536,17,603048,20260304
300580.SZ,贝斯特,28.95,2.0084566596194513,21.78,21.44,0.32243206,22.05,21.44,2167/5521,21.44,22.05,21.44,21.78,2.809765,5895222,33,300580,20260304
920526.BJ,凯华材料,23.51,4.628393413440155,21.6,21.87,-1.6841147,22.25,21.44,2167/5521,21.87,22.25,21.44,21.6,3.686845,628033,151,920526,20260304
002747.SZ,埃斯顿,21.87,5.14423076923077,21.55,21.55,-0.87396504,21.9,21.4,2169/5521,21.55,21.9,21.4,21.55,2.299908,1.5643663E7,33,002747,20260304
920924.BJ,广脉科技,20.44,1.0380622837370284,21.76,21.5,0.55452865,22.02,21.4,2169/5521,21.5,22.02,21.4,21.76,2.865064,1439142,151,920924,20260304
603896.SH,寿仙谷,17.48,0.05724098454494313,21.75,22.1,4.01721664,22.35,21.38,2171/5521,22.1,22.35,21.38,21.75,4.638928,1.4159708E7,17,603896,20260304
688038.SH,中科通达,20.96,-2.51162790697674,21.71,21.85,-1.31818182,22.48,21.38,2171/5521,21.85,22.48,21.38,21.71,5,3320489,17,688038,20260304
300789.SZ,唐源电气,22.75,1.6987036209208717,21.54,21.72,-1.95721438,22.02,21.35,2173/5521,21.72,22.02,21.35,21.54,3.049613,1428991,33,300789,20260304
605056.SH,咸亨国际,25.04,-2.111024237685689,23.42,21.35,-1.26475548,24.05,21.35,2173/5521,21.35,24.05,21.35,23.42,11.382799,9009571,17,605056,20260304
688004.SH,博汇科技,23.21,1.4423076923077005,21.58,22.02,-2.9676259,22.16,21.32,2175/5521,22.02,22.16,21.32,21.58,3.776978,2346650,17,688004,20260304
002601.SZ,龙佰集团,16.91,-1.1111111111111185,21.54,21.4,-1.73357664,22.17,21.31,2176/5521,21.4,22.17,21.31,21.54,3.923357,2.8894473E7,33,002601,20260304
603505.SH,金石资源,18.34,3.6158192090395516,21.47,21.32,-0.87719298,22.01,21.31,2176/5521,21.32,22.01,21.31,21.47,3.231763,1.7982193E7,17,603505,20260304
920627.BJ,力王股份,20.31,-3.744075829383899,21.59,21.53,0.41860465,21.94,21.31,2176/5521,21.53,21.94,21.31,21.59,2.930232,992217,151,920627,20260304
600783.SH,鲁信创投,21.73,4.722891566265062,21.83,21.3,-0.27409776,22.32,21.3,2179/5521,21.3,22.32,21.3,21.83,4.659661,1.7141501E7,17,600783,20260304
301038.SZ,深水规院,19.48,-0.1537672988211232,21.59,21.32,0.23212628,21.73,21.27,2180/5521,21.32,21.73,21.27,21.59,2.135561,1921896,33,301038,20260304
603598.SH,引力传媒,20.8,2.1109474717722128,21.42,21.48,-0.510915,21.9,21.25,2181/5521,21.48,21.9,21.25,21.42,3.019043,1.2416643E7,17,603598,20260304
003027.SZ,同兴科技,23.72,0.21123785382339313,21.72,21.66,0.18450185,22,21.23,2182/5521,21.66,22,21.23,21.72,3.55166,2670510,33,003027,20260304
688177.SH,百奥泰,20.6,-0.4349927501208306,21.29,21.26,-0.09385265,21.6,21.21,2183/5521,21.26,21.6,21.21,21.29,1.830126,1623207,17,688177,20260304
002056.SZ,横店东磁,18.94,-1.1482254697285954,21.52,21.2,0.46685341,22.14,21.2,2184/5521,21.2,22.14,21.2,21.52,4.388422,3.5174771E7,33,002056,20260304
002112.SZ,三变科技,20.14,-1.177625122669276,23.26,21.2,7.53582987,23.79,21.2,2184/5521,21.2,23.79,21.2,23.26,11.97411,7.1627303E7,33,002112,20260304
002915.SZ,中欣氟材,18.47,-1.2827365045430357,21.33,21.2,-0.88289963,21.83,21.2,2184/5521,21.2,21.83,21.2,21.33,2.927509,5157622,33,002915,20260304
688584.SH,上海合晶,20.71,1.5693967631191774,21.24,21.7,-3.0579644,22.18,21.2,2184/5521,21.7,22.18,21.2,21.24,4.472843,4817625,17,688584,20260304
002549.SZ,凯美特气,19.81,-2.60570304818093,21.29,22,-3.00683371,22.35,21.19,2188/5521,22,22.35,21.19,21.29,5.284738,5.0173712E7,33,002549,20260304
300578.SZ,会畅科技,21.6,1.6949152542373023,21.52,21.3,-0.87517273,21.86,21.18,2189/5521,21.3,21.86,21.18,21.52,3.132197,7947132,33,300578,20260304
301027.SZ,华蓝集团,24.69,-1.7117834394904448,22.35,21.79,1.13122172,22.65,21.11,2190/5521,21.79,22.65,21.11,22.35,6.968325,1.31061E7,33,301027,20260304
920267.BJ,鑫汇科,18.46,0.27159152634438194,21.63,21.64,-1.14259598,22.33,21.11,2190/5521,21.64,22.33,21.11,21.63,5.575868,487506,151,920267,20260304
920753.BJ,天纺标,18.88,1.0706638115631655,21.2,21.48,-0.60947023,21.7,21.11,2190/5521,21.48,21.7,21.11,21.2,2.766057,340527,151,920753,20260304
300922.SZ,天秦装备,18.67,1.3022246337493326,22.15,21.23,2.40406842,22.38,21.1,2193/5521,21.23,22.38,21.1,22.15,5.917706,6917079,33,300922,20260304
688613.SH,奥精医疗,20.6,4.303797468354437,21.59,22,-2.83528353,22.27,21.1,2193/5521,22,22.27,21.1,21.59,5.265526,5436053,17,688613,20260304
688156.SH,路德科技,25.48,2.4115755627009703,21.35,21.21,-0.55891942,21.76,21.08,2195/5521,21.21,21.76,21.08,21.35,3.16721,3989263,17,688156,20260304
920087.BJ,秋乐种业,13.58,0.9665427509293739,22.14,21.44,8.63591757,24,21.08,2195/5521,21.44,24,21.08,22.14,14.327772,2.8730636E7,151,920087,20260304
001256.SZ,炜冈科技,25.11,0.6009615384615328,21.32,21.61,-1.43319464,21.74,21.07,2197/5521,21.61,21.74,21.07,21.32,3.097549,1399600,33,001256,20260304
688428.SH,诺诚健华,26.65,-0.5597014925373214,21.31,21.23,-0.55996267,21.8,21.07,2197/5521,21.23,21.8,21.07,21.31,3.406439,7168952,17,688428,20260304
603585.SH,苏利股份,19.33,-0.41215868109223003,21.5,21.22,-0.46296296,22.06,21.06,2199/5521,21.22,22.06,21.06,21.5,4.629629,5208022,17,603585,20260304
300941.SZ,创识科技,17.76,0.0,21.14,21.13,-1.16877045,21.6,21.05,2200/5521,21.13,21.6,21.05,21.14,2.571294,3359101,33,300941,20260304
600285.SH,羚锐制药,22.36,-0.8865248226950324,21.21,21.61,-2.57234727,21.74,21.02,2201/5521,21.61,21.74,21.02,21.21,3.307303,9217555,17,600285,20260304
603922.SH,ST金鸿顺,19.91,-5.009541984732827,21.16,21.48,-1.48975791,21.85,21.01,2202/5521,21.48,21.85,21.01,21.16,3.910614,6329680,22,603922,20260304
605177.SH,东亚药业,20.92,-0.8060692271218499,21.38,21.26,-0.60437006,21.91,21.01,2202/5521,21.26,21.91,21.01,21.38,4.1841,1952000,17,605177,20260304
920508.BJ,殷图网联,19.05,0.15772870662461166,22.05,21.01,1.14678899,22.55,21.01,2202/5521,21.01,22.55,21.01,22.05,7.06422,826646,151,920508,20260304
002017.SZ,东信和平,18.93,0.5310674455655944,21.18,21,-1.12044818,21.57,21,2205/5521,21,21.57,21,21.18,2.661064,1.233861E7,33,002017,20260304
603933.SH,睿能科技,24.44,5.027932960893862,21.27,21,-0.83916084,21.66,21,2205/5521,21,21.66,21,21.27,3.076923,3253700,17,603933,20260304
605183.SH,确成股份,16.97,-1.9075144508670627,21.12,21.45,-2.04081633,21.72,21,2205/5521,21.45,21.72,21,21.12,3.339517,2773674,17,605183,20260304
688244.SH,永信至诚,19.74,1.334702258726889,21.16,21.28,-0.56390977,21.4,21,2205/5521,21.28,21.4,21,21.16,1.879699,1888490,17,688244,20260304
688569.SH,铁科轨道,20.24,0.6464445549477822,21.03,21.33,-2.14053048,21.38,20.99,2209/5521,21.33,21.38,20.99,21.03,1.814797,1520348,17,688569,20260304
001260.SZ,坤泰股份,21.84,-0.9972801450589251,21.17,21.2,-1.62639405,21.54,20.98,2210/5521,21.2,21.54,20.98,21.17,2.60223,1912100,33,001260,20260304
300034.SZ,钢研高纳,19.65,1.393188854489162,21.46,21.05,0.70389489,21.85,20.96,2211/5521,21.05,21.85,20.96,21.46,4.176442,3.0238539E7,33,300034,20260304
300059.SZ,东方财富,20.36,0.49358341559722535,21.02,21.43,-2.8650647,21.55,20.95,2212/5521,21.33,21.45,20.85,20.92,2.772643,2.88548913E8,33,300059,20260304
000029.SZ,深深房A,21.26,1.4797136038186267,21.12,21.66,-3.3409611,21.94,20.94,2213/5521,21.66,21.94,20.94,21.12,4.576659,7617808,33,000029,20260304
603888.SH,新华网,20.09,-1.3261296660117858,21.15,21.01,-0.51740357,21.49,20.94,2213/5521,21.01,21.49,20.94,21.15,2.587017,1.24887E7,17,603888,20260304
002189.SZ,中光学,21.1,2.876645538761579,21.26,21.25,-0.23463163,21.58,20.93,2215/5521,21.25,21.58,20.93,21.26,3.050211,3307741,33,002189,20260304
300717.SZ,华信新材,22.08,1.8920166128287796,21.27,21.15,-0.65390005,21.58,20.93,2215/5521,21.15,21.58,20.93,21.27,3.035964,2178237,33,300717,20260304
603000.SH,人民网,18.98,-2.7165556125064128,21.08,21,-1.12570356,21.45,20.92,2217/5521,21,21.45,20.92,21.08,2.485928,2.6702898E7,17,603000,20260304
920047.BJ,诺思兰德,27.11,4.069097888675619,21.37,21.04,0.84945729,21.53,20.91,2218/5521,21.04,21.53,20.91,21.37,2.925908,1559523,151,920047,20260304
001376.SZ,百通能源,15.17,-0.5245901639344267,22.9,21.33,7.00934579,23.4,20.9,2219/5521,21.33,23.4,20.9,22.9,11.682242,2.9463352E7,33,001376,20260304
000818.SZ,航锦科技,15.32,-0.6485084306095956,21.68,20.9,1.64088139,22.07,20.89,2220/5521,20.9,22.07,20.89,21.68,5.532114,2.7147266E7,33,000818,20260304
002871.SZ,伟隆股份,18.44,3.131991051454152,21.16,21.41,-1.16767865,22.15,20.85,2221/5521,21.41,22.15,20.85,21.16,6.071929,3317377,33,002871,20260304
300277.SZ,汽轮科技,17.97,-0.33277870216307415,22.18,20.97,5.26815377,22.82,20.84,2222/5521,20.97,22.82,20.84,22.18,9.397247,6.0488202E7,33,300277,20260304
300853.SZ,申昊科技,29.88,-2.4167210973220183,21.42,20.95,1.90294957,21.68,20.8,2223/5521,20.95,21.68,20.8,21.42,4.186489,2849540,33,300853,20260304
920407.BJ,驰诚股份,17.71,0.6249999999999967,21.29,20.93,-0.14071295,21.81,20.8,2223/5521,20.93,21.81,20.8,21.29,4.737335,591576,151,920407,20260304
002517.SZ,恺英网络,17.98,-1.2087912087912025,20.95,21.05,-1.59699389,21.47,20.79,2225/5521,21.05,21.47,20.79,20.95,3.193987,4.0321902E7,33,002517,20260304
605011.SH,杭州热电,20.74,0.24166263895600365,21.4,20.89,1.66270784,21.45,20.78,2226/5521,20.89,21.45,20.78,21.4,3.182897,7229421,17,605011,20260304
300031.SZ,宝通科技,23.13,0.4778453518679385,20.83,21.05,-1.60604629,21.28,20.76,2227/5521,21.05,21.28,20.76,20.83,2.456306,9722396,33,300031,20260304
301051.SZ,信濠光电,23.46,-0.5932203389830533,20.89,21.4,-2.56529851,21.57,20.7,2228/5521,21.4,21.57,20.7,20.89,4.057835,4410092,33,301051,20260304
605259.SH,绿田机械,19.95,-5.0000000000000036,20.8,21.5,-6.05239386,21.5,20.7,2228/5521,21.5,21.5,20.7,20.8,3.613369,6086508,17,605259,20260304
300019.SZ,硅宝科技,17.81,-0.5583472920156417,20.82,20.92,-1.8387553,21.59,20.68,2230/5521,20.62,21.29,20.38,20.52,4.290429,1.2190096E7,33,300019,20260304
300294.SZ,博雅生物,17.48,-1.3544018058690657,20.7,21.36,-3.27102804,21.49,20.68,2230/5521,21.36,21.49,20.68,20.7,3.785046,7143361,33,300294,20260304
300535.SZ,达威股份,19.79,1.5392508978963608,21.27,20.97,0.71022727,21.67,20.68,2230/5521,20.97,21.67,20.68,21.27,4.6875,2899359,33,300535,20260304
600513.SH,联环药业,22.78,4.0657834627683895,20.84,21.14,-1.23222749,21.59,20.67,2233/5521,21.14,21.59,20.67,20.84,4.360189,1.0948381E7,17,600513,20260304
603050.SH,科林电气,21.7,7.692307692307696,21.37,20.77,2.19990435,21.97,20.67,2233/5521,20.77,21.97,20.67,21.37,6.21712,6831447,17,603050,20260304
603721.SH,*ST天择,24.63,3.3137583892617415,20.89,20.65,0,21.24,20.65,2235/5521,20.65,21.24,20.65,20.89,2.824317,859900,22,603721,20260304
000766.SZ,通化金马,24.67,3.135451505016722,20.98,21.17,0,21.39,20.63,2236/5521,21.17,21.39,20.63,20.98,3.622497,2.2668468E7,33,000766,20260304
600315.SH,上海家化,20.17,-1.6097560975609673,20.78,20.79,-0.57416268,21.35,20.63,2236/5521,20.79,21.35,20.63,20.78,3.444976,7459754,17,600315,20260304
603681.SH,永冠新材,18.15,0.0551267916207167,21.01,21.17,-2.14252445,21.76,20.61,2238/5521,21.17,21.76,20.61,21.01,5.356311,7402444,17,603681,20260304
002869.SZ,金溢科技,21.09,-0.9394081728511005,20.95,20.68,-0.09537434,21.28,20.6,2239/5521,20.68,21.28,20.6,20.95,3.242727,2456082,33,002869,20260304
002942.SZ,新农股份,20.14,0.6496751624187855,20.89,20.94,-0.66571564,21.44,20.6,2239/5521,20.94,21.44,20.6,20.89,3.994293,3054030,33,002942,20260304
300400.SZ,劲拓股份,25.02,-2.1509581540868234,20.8,20.6,-0.99952404,21.26,20.6,2239/5521,20.6,21.26,20.6,20.8,3.141361,5600400,33,300400,20260304
600882.SH,妙可蓝多,20.68,1.57170923379175,20.81,20.92,-1.18708452,21.12,20.6,2239/5521,20.92,21.12,20.6,20.81,2.469135,4538130,17,600882,20260304
603211.SH,晋拓股份,26.8,0.5628517823639855,20.85,20.71,-2.02067669,21.28,20.6,2239/5521,20.71,21.28,20.6,20.85,3.195488,4363352,17,603211,20260304
603615.SH,茶花股份,20.55,0.04868549172347402,20.65,20.87,-1.05414471,21.11,20.6,2239/5521,20.87,21.11,20.6,20.65,2.443699,2050400,17,603615,20260304
300445.SZ,康斯特,21.88,2.2429906542056095,20.67,20.94,-1.24223602,21.35,20.58,2245/5521,20.94,21.35,20.58,20.67,3.678929,5321996,33,300445,20260304
301153.SZ,中科江南,20.64,-0.4821600771456021,20.66,20.7,-1.52526215,21.06,20.56,2246/5521,20.5412659,20.9012659,20.4012659,20.5,2.383222,3779212,33,301153,20260304
601882.SH,海天精工,20.08,1.825557809330626,20.61,20.71,-1.19846596,21.05,20.56,2246/5521,20.41,20.75,20.26,20.31,2.348993,4914300,17,601882,20260304
603093.SH,南华期货,20.95,1.1588604538870035,21.62,20.88,2.17391304,22.2,20.55,2248/5521,20.88,22.2,20.55,21.62,7.797731,2.49841E7,17,603093,20260304
688793.SH,倍轻松,22.0,3.7246581801037206,20.67,20.72,-1.61827701,21.11,20.54,2249/5521,20.72,21.11,20.54,20.67,2.712993,1059745,17,688793,20260304
300229.SZ,拓尔思,17.87,-0.4456824512534724,20.76,20.76,-1.93670288,21.36,20.53,2250/5521,20.76,21.36,20.53,20.76,3.920642,3.8685927E7,33,300229,20260304
001872.SZ,招商港口,22.15,1.792279411764692,21.35,21.91,-5.65620857,21.91,20.52,2251/5521,21.91,21.91,20.52,21.35,6.142288,1.3048367E7,33,001872,20260304
300761.SZ,立华股份,22.75,1.0213143872113697,20.83,20.54,1.11650485,21.3,20.52,2251/5521,20.54,21.3,20.52,20.83,3.786407,1.474586E7,33,300761,20260304
002857.SZ,三晖电气,22.0,2.2304832713754665,21.59,21.15,2.17699953,21.98,20.51,2253/5521,21.15,21.98,20.51,21.59,6.956933,3914300,33,002857,20260304
920171.BJ,志晟信息,20.45,2.3523523523523466,20.79,20.74,-0.23992322,21.2,20.51,2253/5521,20.74,21.2,20.51,20.79,3.31094,1272320,151,920171,20260304
603095.SH,越剑智能,25.37,10.017346053772776,21.35,21.14,-1.56754265,22.35,20.5,2255/5521,21.14,22.35,20.5,21.35,8.529276,8700232,17,603095,20260304
605222.SH,起帆电缆,36.37,10.012099213551105,22.36,20.5,7.03685974,22.98,20.5,2255/5521,20.5,22.98,20.5,22.36,11.871708,2.7110274E7,17,605222,20260304
002639.SZ,雪人集团,17.72,0.3397508493771162,21.39,21.89,-5.97802198,22.18,20.48,2257/5521,21.89,22.18,20.48,21.39,7.472527,1.07989626E8,33,002639,20260304
600021.SH,上海电力,17.0,-1.0477299185098936,20.72,20.6,-1.14503817,21.27,20.47,2258/5521,20.6,21.27,20.47,20.72,3.816793,5.2750076E7,17,600021,20260304
603926.SH,铁流股份,21.75,6.0458313018039895,20.7,21.2,-2.45051838,21.32,20.45,2259/5521,21.2,21.32,20.45,20.7,4.099905,7331467,17,603926,20260304
688218.SH,江苏北人,34.0,6.25,20.6,20.72,-1.34099617,21.1,20.45,2259/5521,20.72,21.1,20.45,20.6,3.113026,2378648,17,688218,20260304
920367.BJ,新赣江,18.47,0.54436581382688,20.76,20.55,0.48402711,21.05,20.44,2261/5521,20.55,21.05,20.44,20.76,2.952565,877677,151,920367,20260304
000099.SZ,中信海直,17.67,-0.897363993269751,20.85,20.5,0.38517092,21.24,20.43,2262/5521,20.5,21.24,20.43,20.85,3.899855,2.8381218E7,33,000099,20260304
002800.SZ,天顺股份,17.65,0.11344299489506282,21.28,20.97,-0.32786885,21.59,20.42,2263/5521,20.97,21.59,20.42,21.28,5.480093,1.094656E7,33,002800,20260304
002826.SZ,易明医药,19.5,-0.10245901639344045,20.94,20.58,0.19138756,21.2,20.41,2264/5521,20.58,21.2,20.41,20.94,3.779904,5728000,33,002826,20260304
300244.SZ,迪安诊断,19.34,-0.7696254489481713,20.5,20.74,-2.19465649,21.11,20.4,2265/5521,20.74,21.11,20.4,20.5,3.387404,2.2869581E7,33,300244,20260304
300791.SZ,仙乐健康,19.5,0.3602676273803411,20.48,20.63,-1.82166826,20.8,20.39,2266/5521,20.63,20.8,20.39,20.48,1.965484,1988818,33,300791,20260304
600137.SH,浪莎股份,23.4,-2.1739130434782736,20.69,20.58,-0.14478764,21.08,20.38,2267/5521,20.58,21.08,20.38,20.69,3.378378,1971700,17,600137,20260304
688252.SH,天德钰,22.63,1.343484102104795,20.46,20.91,-1.72910663,21.16,20.38,2267/5521,20.91,21.16,20.38,20.46,3.746397,4295196,17,688252,20260304
688355.SH,明志科技,23.37,0.38659793814432925,20.66,21.19,-2.13169114,21.72,20.38,2267/5521,21.19,21.72,20.38,20.66,6.347702,5704795,17,688355,20260304
300997.SZ,欢乐家,19.72,-0.2024291497975845,20.76,20.87,-2.53521127,21.14,20.37,2270/5521,20.67,20.94,20.17,20.56,3.615023,7432599,33,300997,20260304
300363.SZ,博腾股份,21.21,-0.32894736842105393,20.66,20.78,-1.24282983,20.97,20.36,2271/5521,20.78,20.97,20.36,20.66,2.915869,8992170,33,300363,20260304
600629.SH,华建集团,20.4,1.8981018981018931,21.26,20.59,3.35439961,21.67,20.36,2271/5521,20.59,21.67,20.36,21.26,6.368497,4.4184827E7,17,600629,20260304
688209.SH,英集芯,24.27,5.430060816681147,20.47,20.7,-0.82364341,21,20.36,2271/5521,20.7,21,20.36,20.47,3.100775,6730339,17,688209,20260304
603686.SH,福龙马,18.96,0.42372881355933184,20.7,20.57,-1.42857143,21.19,20.35,2274/5521,20.57,21.19,20.35,20.7,4,1.7308175E7,17,603686,20260304
688365.SH,光云科技,19.72,0.9728622631848322,20.57,20.52,-1.72001911,21.18,20.35,2274/5521,20.52,21.18,20.35,20.57,3.965599,1.3127442E7,17,688365,20260304
002741.SZ,光华科技,21.7,-0.22988505747126764,20.95,20.32,1.01253616,21.29,20.32,2276/5521,20.32,21.29,20.32,20.95,4.676952,1.564247E7,33,002741,20260304
920195.BJ,三祥科技,16.5,-3.1121550205519735,20.49,20.9,-2.70655271,21.15,20.32,2276/5521,20.9,21.15,20.32,20.49,3.94112,1419026,151,920195,20260304
001222.SZ,源飞宠物,18.84,0.31948881789136696,20.52,20.61,-0.96525097,20.75,20.31,2278/5521,20.61,20.75,20.31,20.52,2.123552,1460080,33,001222,20260304
601026.SH,道生天合,17.57,-0.4532577903682623,20.85,20.64,-0.95011876,21.21,20.31,2278/5521,20.64,21.21,20.31,20.85,4.275534,8698688,17,601026,20260304
301055.SZ,张小泉,29.47,-1.7666666666666704,20.46,20.41,-1.49253731,20.97,20.3,2280/5521,20.41,20.97,20.3,20.46,3.225806,2070054,33,301055,20260304
301100.SZ,风光股份,18.75,-0.5305039787798483,21.05,20.5,0.66953611,21.07,20.3,2280/5521,20.5,21.07,20.3,21.05,3.682448,3184295,33,301100,20260304
605186.SH,健麾信息,19.95,0.0,20.44,20.72,-1.35135135,20.78,20.3,2280/5521,20.72,20.78,20.3,20.44,2.316602,2372000,17,605186,20260304
002734.SZ,利民股份,18.03,0.16666666666667299,20.56,20.94,-1.86157518,21.14,20.29,2283/5521,20.94,21.14,20.29,20.56,4.057279,3.9453332E7,33,002734,20260304
003022.SZ,联泓新科,24.09,-3.9856516540454363,20.37,20.6,-2.6290631,21.1,20.28,2284/5521,20.53,21.03,20.21,20.3,3.919694,1.2269196E7,33,003022,20260304
001382.SZ,新亚电缆,20.06,-0.7912957467853617,21.43,20.27,2.58496888,21.44,20.27,2285/5521,20.27,21.44,20.27,21.43,5.600765,6998516,33,001382,20260304
002182.SZ,宝武镁业,15.69,0.3838771593090129,20.57,20.83,-2.51184834,21.45,20.27,2285/5521,20.83,21.45,20.27,20.57,5.592417,4.5266132E7,33,002182,20260304
920726.BJ,朱老六,18.69,0.429876410531982,20.93,20.55,2.39726027,21.22,20.25,2287/5521,20.55,21.22,20.25,20.93,4.745596,3607027,151,920726,20260304
300948.SZ,冠中生态,20.8,4.785894206549115,20.48,20.87,-3.03030303,21.39,20.24,2288/5521,20.87,21.39,20.24,20.48,5.445075,6442323,33,300948,20260304
688687.SH,凯因科技,19.76,-1.5445939212755293,20.38,20.48,-1.16391853,20.67,20.24,2288/5521,20.48,20.67,20.24,20.38,2.085354,2999737,17,688687,20260304
603538.SH,美诺华,62.46,-4.349157733537514,20.32,20.74,-2.91447683,21.05,20.22,2290/5521,20.74,21.05,20.22,20.32,3.965599,5298053,17,603538,20260304
600962.SH,国投中鲁,21.75,0.9749303621169957,20.44,20.3,-0.63198833,20.75,20.21,2291/5521,20.3,20.75,20.21,20.44,2.625182,2797200,17,600962,20260304
301010.SZ,晶雪节能,22.12,1.1431184270690442,20.44,20.24,-1.44648023,20.9,20.2,2292/5521,20.24,20.9,20.2,20.44,3.37512,1904000,33,301010,20260304
301602.SZ,超研股份,18.18,-0.9803921568627436,20.3,20.72,-2.1686747,20.89,20.2,2292/5521,20.72,20.89,20.2,20.3,3.325301,2016700,33,301602,20260304
601688.SH,华泰证券,19.15,-0.7257646448937303,20.34,20.82,-2.77246654,20.92,20.2,2292/5521,20.82,20.92,20.2,20.34,3.441682,9.8546395E7,17,601688,20260304
920599.BJ,同力股份,18.94,0.47745358090185597,20.35,20.27,0.34516765,20.69,20.2,2292/5521,20.27,20.69,20.2,20.35,2.416173,2651010,151,920599,20260304
301321.SZ,翰博高新,26.27,-1.7943925233644875,21.17,20.29,4.6983185,21.28,20.19,2296/5521,20.29,21.28,20.19,21.17,5.390702,6231107,33,301321,20260304
301216.SZ,万凯新材,29.99,-1.76875204716673,20.28,20.46,-1.07317073,21.1,20.18,2297/5521,20.46,21.1,20.18,20.28,4.487804,7704653,33,301216,20260304
600475.SH,华光环能,16.89,0.11855364552459735,20.85,20.4,1.16448326,21.49,20.18,2297/5521,20.4,21.49,20.18,20.85,6.356137,2.5078002E7,17,600475,20260304
601137.SH,博威合金,17.51,-2.505567928730508,20.6,20.27,1.02991663,21.14,20.18,2297/5521,20.27,21.14,20.18,20.6,4.70819,3.0408579E7,17,601137,20260304
688750.SH,金天钛业,18.68,1.3564839934888768,20.67,20.3,0.92773438,21.04,20.18,2297/5521,20.3,21.04,20.18,20.67,4.199218,7937437,17,688750,20260304
002624.SZ,完美世界,15.21,-8.593749999999998,20.43,20.35,-0.04892368,21,20.15,2301/5521,20.35,21,20.15,20.43,4.158512,5.3446501E7,33,002624,20260304
920694.BJ,中裕科技,17.33,0.2313475997686475,20.96,23,-12.92064811,23,20.15,2301/5521,22.7,22.7,19.85,20.66,11.840465,6139051,151,920694,20260304
003030.SZ,祖名股份,22.16,1.6047684548372372,20.28,20.36,-1.07317073,20.7,20.13,2303/5521,20.36,20.7,20.13,20.28,2.780487,1911900,33,003030,20260304
920027.BJ,交大铁发,18.89,5.8263305322128796,20.21,20.69,-1.94080543,20.78,20.12,2304/5521,20.69,20.78,20.12,20.21,3.202328,953522,151,920027,20260304
301111.SZ,粤万年青,19.9,1.3238289205702547,20.3,20.74,-3.1026253,20.92,20.1,2305/5521,20.74,20.92,20.1,20.3,3.914081,7079886,33,301111,20260304
001208.SZ,华菱线缆,19.16,1.3220518244315178,21.32,20.14,4.05075647,22.07,20.09,2306/5521,20.14,22.07,20.09,21.32,9.66325,3.13005E7,33,001208,20260304
603499.SH,翔港科技,20.81,1.6609672691744009,21.43,20.23,5.20373098,21.49,20.06,2307/5521,20.23,21.49,20.06,21.43,7.020127,5460979,17,603499,20260304
688573.SH,信宇人,21.91,-1.8369175627240149,20.36,20.82,-3.04761905,21.21,20.06,2307/5521,20.82,21.21,20.06,20.36,5.47619,2811222,17,688573,20260304
000158.SZ,常山北明,17.2,-0.9216589861751161,20.39,20.24,0.04906771,20.68,20.03,2309/5521,20.24,20.68,20.03,20.39,3.189401,4.1307085E7,33,000158,20260304
300483.SZ,首华燃气,22.68,-0.56992547128452,22.9,24.78,-8.50978825,24.78,20.02,2310/5521,24.78,24.78,20.02,22.9,19.017179,1.07925742E8,33,300483,20260304
603716.SH,塞力医疗,21.26,0.9496676163342965,20.3,20.4,-0.97560976,20.65,20.02,2310/5521,20.4,20.65,20.02,20.3,3.07317,5700364,17,603716,20260304
688108.SH,赛诺医疗,21.44,2.095238095238101,20.41,20.3,-0.19559902,20.76,20.01,2312/5521,20.3,20.76,20.01,20.41,3.667481,7708035,17,688108,20260304
300687.SZ,赛意信息,25.24,1.0408326661328984,20.12,20.17,-2.8957529,20.58,20,2313/5521,20.17,20.58,20,20.12,2.799227,1.0729717E7,33,300687,20260304
300967.SZ,晓鸣股份,16.61,0.060240963855409696,21.38,20.72,2.73906776,21.52,20,2313/5521,20.72,21.52,20,21.38,7.30418,2.0695606E7,33,300967,20260304
301359.SZ,东南电子,23.39,3.130511463844801,20.66,20.43,0.5842259,21.26,20,2313/5521,20.43,21.26,20,20.66,6.134371,2104020,33,301359,20260304
301429.SZ,森泰股份,21.43,1.5158692562766476,20.55,20.34,-0.24271845,20.84,20,2313/5521,20.34,20.84,20,20.55,4.077669,1456181,33,301429,20260304
600671.SH,天目药业,19.91,1.3747454175152727,20.34,20.11,-1.02189781,20.6,20,2313/5521,20.11,20.6,20,20.34,2.919708,2730200,17,600671,20260304
002362.SZ,汉王科技,18.52,1.535087719298252,20.07,20.15,-2.14529498,20.45,19.98,2318/5521,20.15,20.45,19.98,20.07,2.291565,5629576,33,002362,20260304
920152.BJ,昆工科技,13.8,-3.6312849162011145,20.01,20.13,-0.94059406,20.87,19.98,2318/5521,20.13,20.87,19.98,20.01,4.40594,1023121,151,920152,20260304
688562.SH,航天软件,18.59,-2.054794520547948,20.53,20.06,1.13300493,20.86,19.96,2320/5521,20.06,20.86,19.96,20.53,4.433497,6661444,17,688562,20260304
002902.SZ,铭普光磁,30.39,-1.9361084220716291,20.3,20.05,-2.02702703,20.75,19.95,2321/5521,20.05,20.75,19.95,20.3,3.861003,7856728,33,002902,20260304
002969.SZ,嘉美包装,22.6,-0.5281690140844958,21.88,20.22,5.19230769,22.3,19.95,2321/5521,20.22,22.3,19.95,21.88,11.298076,7.9305815E7,33,002969,20260304
600761.SH,安徽合力,18.03,-1.2595837897042739,20.23,20.31,-1.55717762,20.67,19.95,2321/5521,20.31,20.67,19.95,20.23,3.503649,1.8923827E7,17,600761,20260304
001308.SZ,康冠科技,20.34,1.5476784822765786,20.0,20.4,-2.29604299,20.45,19.92,2324/5521,20.4,20.45,19.92,20.0,2.589154,3456686,33,001308,20260304
002368.SZ,太极股份,17.24,-10.020876826722347,20.02,20.24,-1.37931034,20.55,19.92,2324/5521,20.24,20.55,19.92,20.02,3.103448,9157500,33,002368,20260304
002508.SZ,老板电器,17.93,-2.660152008686221,20.2,20.31,-1.22249389,20.42,19.91,2326/5521,20.31,20.42,19.91,20.2,2.493887,8074700,33,002508,20260304
002824.SZ,和胜股份,25.09,-2.5631067961165055,20.73,20.12,0.72886297,21.4,19.91,2326/5521,20.12,21.4,19.91,20.73,7.240038,9027663,33,002824,20260304
000776.SZ,广发证券,21.23,-0.23496240601504093,19.97,20.42,-2.72771554,20.45,19.9,2328/5521,20.42,20.45,19.9,19.97,2.679006,5.2292997E7,33,000776,20260304
002757.SZ,南兴股份,23.16,1.7127799736495415,20.2,20.05,-0.54160512,20.65,19.9,2328/5521,20.05,20.65,19.9,20.2,3.692762,1.2337527E7,33,002757,20260304
301115.SZ,联检科技,21.07,4.203758654797237,20.05,20.01,-0.74257426,20.37,19.9,2328/5521,20.01,20.37,19.9,20.05,2.326732,4614733,33,301115,20260304
603069.SH,海汽集团,17.02,2.902055622732772,20.11,20.14,-0.98473658,20.39,19.9,2328/5521,20.14,20.39,19.9,20.11,2.412604,4608196,17,603069,20260304
603138.SH,海量数据,18.21,-3.292618162506625,20.31,20.05,-1.78916828,21.12,19.9,2328/5521,20.05,21.12,19.9,20.31,5.899419,2.1823415E7,17,603138,20260304
920089.BJ,禾昌聚合,17.86,0.224466891133553,19.94,20.3,-2.58915486,20.55,19.9,2328/5521,20.3,20.55,19.9,19.94,3.175378,2520169,151,920089,20260304
920679.BJ,前进科技,18.22,1.8446059250978104,20.12,20.23,-1.7578125,20.72,19.9,2328/5521,20.23,20.72,19.9,20.12,4.003906,344511,151,920679,20260304
300802.SZ,矩子科技,20.09,0.4499999999999993,20.12,20,-1.66177908,20.52,19.88,2335/5521,20,20.52,19.88,20.12,3.128054,8489840,33,300802,20260304
688371.SH,菲沃泰,24.72,11.85520361990949,20.03,20.47,-2.14948705,20.73,19.88,2335/5521,20.47,20.73,19.88,20.03,4.152418,2033515,17,688371,20260304
300479.SZ,神思电子,17.31,1.2280701754385805,20.35,20.05,0.24630542,20.57,19.87,2337/5521,20.05,20.57,19.87,20.35,3.448275,7938943,33,300479,20260304
920068.BJ,天工股份,19.36,-4.395061728395064,21.48,19.99,6.60049628,21.55,19.87,2337/5521,19.89,21.45,19.77,21.38,8.337468,5777210,151,920068,20260304
301103.SZ,何氏眼科,19.85,0.2019182231196502,20.48,20.03,0.78740157,20.48,19.85,2339/5521,20.03,20.48,19.85,20.48,3.100393,1390731,33,301103,20260304
000510.SZ,新金路,14.14,1.4347202295552444,20.24,19.83,-3.2967033,21.63,19.83,2340/5521,19.83,21.63,19.83,20.24,8.600095,6.9222897E7,33,000510,20260304
688236.SH,春立医疗,17.3,-10.962429233144617,19.97,20.25,-2.01177625,20.54,19.82,2341/5521,20.25,20.54,19.82,19.97,3.532875,1718682,17,688236,20260304
000887.SZ,中鼎股份,17.4,-0.5714285714285795,19.97,20,-1.08964834,20.36,19.8,2342/5521,20,20.36,19.8,19.97,2.77365,2.3982241E7,33,000887,20260304
300643.SZ,万通智控,17.85,-0.3350083752093731,20.49,19.78,2.50125063,20.85,19.78,2343/5521,19.78,20.85,19.78,20.49,5.352676,1.0888959E7,33,300643,20260304
600007.SH,中国国贸,21.0,-2.7777777777777843,19.8,20.05,-1.19760479,20.18,19.76,2344/5521,20.05,20.18,19.76,19.8,2.095808,2527326,17,600007,20260304
605378.SH,野马电池,20.3,-1.408450704225348,19.9,19.74,-1.33862172,20.28,19.74,2345/5521,19.74,20.28,19.74,19.9,2.677243,1861844,17,605378,20260304
601633.SH,长城汽车,19.89,-0.3007518796992417,19.84,20.01,-1.63609321,20.09,19.73,2346/5521,20.01,20.09,19.73,19.84,1.784828,1.920495E7,17,601633,20260304
600331.SH,宏达股份,18.14,-1.0905125408942165,19.93,19.8,-3.53339787,21.23,19.72,2347/5521,19.8,21.23,19.72,19.93,7.308809,1.03285882E8,17,600331,20260304
002888.SZ,惠威科技,19.08,0.8456659619450136,20.08,19.98,-0.3968254,20.39,19.7,2348/5521,19.98,20.39,19.7,20.08,3.422619,2126000,33,002888,20260304
688085.SH,三友医疗,17.69,1.085714285714293,20.1,19.7,-3.36538462,20.94,19.7,2348/5521,19.7,20.94,19.7,20.1,5.961538,4274008,17,688085,20260304
301246.SZ,宏源药业,29.97,15.758980301274617,19.83,19.95,-0.65130261,20.25,19.69,2350/5521,19.95,20.25,19.69,19.83,2.805611,6111621,33,301246,20260304
600071.SH,凤凰光学,19.42,-3.142144638403985,19.8,19.97,-1.34529148,20.21,19.67,2351/5521,19.97,20.21,19.67,19.8,2.690582,3467950,17,600071,20260304
603365.SH,水星家纺,22.37,2.9926335174954057,19.82,20.05,-1.63771712,20.3,19.65,2352/5521,20.05,20.3,19.65,19.82,3.225806,1564546,17,603365,20260304
603855.SH,华荣股份,18.68,-1.268498942917558,19.89,20.01,-0.89686099,20.23,19.65,2352/5521,20.01,20.23,19.65,19.89,2.889885,3285498,17,603855,20260304
002346.SZ,柘中股份,17.74,0.8527572484366036,20.71,19.81,3.65365365,21.28,19.64,2354/5521,19.81,21.28,19.64,20.71,8.208208,8092836,33,002346,20260304
000811.SZ,冰轮环境,24.95,1.299228583028828,20.09,19.65,0.19950125,20.84,19.62,2355/5521,19.65,20.84,19.62,20.09,6.084788,2.9724798E7,33,000811,20260304
300035.SZ,中科电气,21.0,-6.208128628852169,19.67,19.9,-2.13930348,20.22,19.61,2356/5521,19.9,20.22,19.61,19.67,3.034825,2.0351638E7,33,300035,20260304
301539.SZ,宏鑫科技,18.57,0.9787928221859691,19.81,19.9,-0.85085085,20.13,19.61,2356/5521,19.9,20.13,19.61,19.81,2.602602,1922405,33,301539,20260304
603727.SH,博迈科,18.85,-0.21175224986765032,19.63,20.5,-9.91280404,20.61,19.61,2356/5521,20.5,20.61,19.61,19.63,4.589261,3.1379348E7,17,603727,20260304
603826.SH,坤彩科技,33.79,-2.7625899280575563,21.23,20.16,6.7370538,21.47,19.61,2356/5521,20.16,21.47,19.61,21.23,9.351432,1.9411181E7,17,603826,20260304
688105.SH,诺唯赞,19.95,0.25125628140703876,19.66,19.69,-0.55639858,20.02,19.59,2360/5521,19.69,20.02,19.59,19.66,2.175012,1389147,17,688105,20260304
600714.SH,金瑞矿业,22.1,10.004977600796424,22.81,21,4.92180313,23.84,19.57,2361/5521,21,23.84,19.57,22.81,19.641214,7.1284037E7,17,600714,20260304
603279.SH,景津装备,18.75,-2.5974025974025974,19.71,20,-2.71470879,20.35,19.57,2361/5521,20,20.35,19.57,19.71,3.84995,1.3722268E7,17,603279,20260304
603919.SH,金徽酒,17.76,-2.148760330578496,19.66,19.82,-1.89620758,20.07,19.57,2361/5521,19.82,20.07,19.57,19.66,2.495009,6587193,17,603919,20260304
920925.BJ,锦好医疗,14.91,-8.63970588235294,19.8,19.62,0.91743119,19.86,19.57,2361/5521,19.62,19.86,19.57,19.8,1.478083,1712851,151,920925,20260304
000869.SZ,张裕A,19.35,0.4151530877010994,19.65,19.97,-1.70085043,19.97,19.56,2365/5521,19.97,19.97,19.56,19.65,2.051025,1901599,33,000869,20260304
301381.SZ,赛维时代,20.72,-0.6711409395973181,19.66,19.82,-1.84722916,20.08,19.56,2365/5521,19.82,20.08,19.56,19.66,2.596105,3972588,33,301381,20260304
601858.SH,中国科传,25.38,2.794653705953818,19.62,20.16,-4.05867971,20.56,19.54,2367/5521,20.16,20.56,19.54,19.62,4.987775,8188900,17,601858,20260304
688317.SH,之江生物,19.5,-1.960784313725493,19.6,19.79,-1.10998991,19.9,19.52,2368/5521,19.79,19.9,19.52,19.6,1.917255,2396898,17,688317,20260304
603863.SH,松炀资源,18.1,-0.3852504127683009,19.96,19.55,1.31979695,20.21,19.51,2369/5521,19.55,20.21,19.51,19.96,3.553299,5351156,17,603863,20260304
605365.SH,立达信,29.47,0.20401224073443971,19.91,20.01,-1.14200596,20.05,19.51,2369/5521,20.01,20.05,19.51,19.91,2.681231,4234200,17,605365,20260304
920833.BJ,美心翼申,15.11,-0.3955174686882037,19.68,20.25,-3.5766781,20.68,19.51,2369/5521,20.25,20.68,19.51,19.68,5.732484,2543035,151,920833,20260304
603073.SH,彩蝶实业,21.0,1.6949152542372952,19.85,20.16,-3.17073171,20.4,19.5,2372/5521,20.16,20.4,19.5,19.85,4.390243,3116100,17,603073,20260304
605151.SH,西上海,21.76,3.9655996177735395,20.05,19.91,-0.54563492,20.23,19.5,2372/5521,19.91,20.23,19.5,20.05,3.621031,2443731,17,605151,20260304
688382.SH,益方生物,23.3,4.954954954954961,19.74,19.86,-0.95333668,20.26,19.5,2372/5521,19.86,20.26,19.5,19.74,3.813346,9734461,17,688382,20260304
600529.SH,山东药玻,18.64,-0.9037745879851046,19.5,19.91,-2.54872564,20.07,19.48,2375/5521,19.91,20.07,19.48,19.5,2.948525,1.3799121E7,17,600529,20260304
300966.SZ,共同药业,26.66,6.597361055577763,19.69,19.71,-1.25376128,20.05,19.47,2376/5521,19.71,20.05,19.47,19.69,2.908726,1603874,33,300966,20260304
301185.SZ,鸥玛软件,18.09,0.4441976679622337,19.7,19.67,-0.50505051,19.96,19.46,2377/5521,19.67,19.96,19.46,19.7,2.525252,3283372,33,301185,20260304
603976.SH,正川股份,21.15,-0.09447331128957547,19.51,19.65,-1.21518987,19.94,19.46,2377/5521,19.65,19.94,19.46,19.51,2.430379,1238800,17,603976,20260304
603180.SH,金牌家居,18.52,-2.1141649048625903,19.65,19.99,-1.5037594,20.06,19.45,2379/5521,19.99,20.06,19.45,19.65,3.057644,1422620,17,603180,20260304
603189.SH,网达软件,12.26,0.0,19.7,19.74,-0.20263425,19.9,19.45,2379/5521,19.74,19.9,19.45,19.7,2.279635,5871326,17,603189,20260304
920167.BJ,同享科技,19.3,0.6781429316640532,20.06,19.56,1.26198889,20.5,19.45,2379/5521,19.56,20.5,19.45,20.06,5.300353,3766241,151,920167,20260304
000506.SZ,招金黄金,16.0,1.1378002528444988,20.41,19.44,-5.50925926,21,19.44,2382/5521,19.44,21,19.44,20.41,7.222222,5.5818833E7,33,000506,20260304
300377.SZ,赢时胜,16.99,1.372315035799504,19.88,19.5,0.05032713,20.26,19.42,2383/5521,19.5,20.26,19.42,19.88,4.227478,2.9304819E7,33,300377,20260304
300430.SZ,诚益通,,,19.62,19.52,-0.80889788,19.85,19.42,2383/5521,19.52,19.85,19.42,19.62,2.173913,8767792,33,300430,20260304
920895.BJ,花溪科技,16.47,2.425373134328362,19.66,20.18,-2.09163347,20.6,19.41,2385/5521,20.18,20.6,19.41,19.66,5.926294,1036890,151,920895,20260304
000519.SZ,中兵红箭,17.74,2.0713463751438406,20.69,19.47,4.33686334,21.06,19.4,2386/5521,19.47,21.06,19.4,20.69,8.371154,1.19104032E8,33,000519,20260304
300447.SZ,全信股份,19.25,1.7979904812268632,20.88,19.43,5.13595166,20.94,19.4,2386/5521,19.37,20.88,19.34,20.82,7.754279,1.9361166E7,33,300447,20260304
300685.SZ,艾德生物,20.21,-1.4627011214041965,19.51,19.71,-1.46464646,19.87,19.4,2386/5521,19.71,19.87,19.4,19.51,2.373737,4677198,33,300685,20260304
300925.SZ,法本信息,18.57,-0.6420545746388496,19.48,19.61,-1.61616162,19.96,19.4,2386/5521,19.61,19.96,19.4,19.48,2.828282,8783260,33,300925,20260304
301399.SZ,英特科技,21.0,-2.3255813953488373,19.51,19.52,-1.36501517,20,19.4,2386/5521,19.52,20,19.4,19.51,3.033367,3087003,33,301399,20260304
600388.SH,龙净环保,18.62,-1.4814814814814687,19.49,19.61,-1.4661274,20.06,19.39,2391/5521,19.61,20.06,19.39,19.49,3.387259,1.9900111E7,17,600388,20260304
002552.SZ,宝鼎科技,22.07,-1.561106155218561,19.51,19.37,-2.93532338,20.04,19.37,2392/5521,19.37,20.04,19.37,19.51,3.333333,8818200,33,002552,20260304
603233.SH,大参林,18.72,-3.255813953488385,19.41,19.56,-1.87057634,19.74,19.36,2393/5521,19.56,19.74,19.36,19.41,1.921132,4450636,17,603233,20260304
001324.SZ,长青科技,20.68,0.4371053909664879,19.63,19.56,-0.85858586,19.9,19.35,2394/5521,19.56,19.9,19.35,19.63,2.777777,3443000,33,001324,20260304
002935.SZ,天奥电子,22.78,1.0199556541019974,19.89,19.46,0.45454545,20.12,19.35,2394/5521,19.46,20.12,19.35,19.89,3.888888,9013677,33,002935,20260304
003006.SZ,百亚股份,18.51,-1.594896331738422,19.77,20.1,-2.5147929,20.28,19.35,2394/5521,20.1,20.28,19.35,19.77,4.585798,5327649,33,003006,20260304
300109.SZ,新开源,18.92,-0.05282620179608035,19.55,19.39,-0.71102082,20.01,19.35,2394/5521,19.39,20.01,19.35,19.55,3.351955,1.5067517E7,33,300109,20260304
300653.SZ,正海生物,18.35,-1.4500537056928011,19.61,19.51,0.20439448,19.8,19.35,2394/5521,19.51,19.8,19.35,19.61,2.299437,1842655,33,300653,20260304
600079.SH,ST人福,18.88,-1.7178552837064125,19.38,19.33,-0.564392,19.79,19.33,2399/5521,19.33,19.79,19.33,19.38,2.360184,1.8026234E7,22,600079,20260304
603712.SH,七一二,16.1,2.2871664548920028,19.5,19.49,-1.56486623,19.81,19.33,2399/5521,19.49,19.81,19.33,19.5,2.423018,1.4171217E7,17,603712,20260304
920139.BJ,华岭股份,17.95,3.757225433526003,19.54,19.58,-0.20429009,19.99,19.33,2399/5521,19.58,19.99,19.33,19.54,3.370786,3996895,151,920139,20260304
603036.SH,如通股份,17.28,-0.9742120343839437,19.8,20.8,-5.62440419,20.8,19.32,2402/5521,20.8,20.8,19.32,19.8,7.054337,1.04007E7,17,603036,20260304
300077.SZ,国民技术,23.05,4.016245487364624,19.34,19.3,-1.32653061,19.84,19.3,2403/5521,19.3,19.84,19.3,19.34,2.755102,2.0773479E7,33,300077,20260304
605266.SH,健之佳,20.06,1.1088709677419297,19.37,19.73,-2.76104418,19.88,19.3,2403/5521,19.73,19.88,19.3,19.37,2.911646,2031276,17,605266,20260304
301238.SZ,瑞泰新材,22.29,0.08980691513246329,19.42,19.67,-2.3138833,20.03,19.28,2405/5521,19.67,20.03,19.28,19.42,3.772635,9778596,33,301238,20260304
688126.SH,沪硅产业,20.61,2.537313432835811,19.31,19.59,-2.12873796,19.95,19.28,2405/5521,19.59,19.95,19.28,19.31,3.395843,2.8938091E7,17,688126,20260304
300577.SZ,开润股份,21.2,3.112840466926073,19.63,20.05,-2.67724343,20.05,19.27,2407/5521,20.05,20.05,19.27,19.63,3.867129,2052733,33,300577,20260304
301151.SZ,冠龙节能,17.65,1.3785180930499623,19.36,19.5,-2.95739348,19.88,19.26,2408/5521,19.5,19.88,19.26,19.36,3.107769,3896400,33,301151,20260304
003005.SZ,竞业达,17.94,-0.11135857461024261,20.07,19.65,2.34574197,20.7,19.25,2409/5521,19.65,20.7,19.25,20.07,7.394186,4526092,33,003005,20260304
688225.SH,亚信安全,15.85,0.5072923272035516,19.29,19.8,-4.31547619,20.3,19.25,2409/5521,19.8,20.3,19.25,19.29,5.208333,5355677,17,688225,20260304
301223.SZ,中荣股份,20.05,1.2626262626262625,19.37,19.66,-1.22386537,19.73,19.23,2411/5521,19.66,19.73,19.23,19.37,2.549719,2347140,33,301223,20260304
600765.SH,中航重机,15.95,1.982097186700759,19.75,19.3,0.66258919,20.05,19.21,2412/5521,19.3,20.05,19.21,19.75,4.281345,3.7374643E7,17,600765,20260304
601112.SH,振石股份,20.1,-1.6152716593245144,19.3,19.25,-1.02564103,19.79,19.21,2412/5521,19.25,19.79,19.21,19.3,2.974358,9329053,17,601112,20260304
300963.SZ,中洲特材,16.84,1.2627781118460666,19.71,19.39,-1.45,20.15,19.2,2414/5521,19.39,20.15,19.2,19.71,4.75,1.0889435E7,33,300963,20260304
600265.SH,*ST景谷,22.02,-0.13605442176871263,19.61,19.2,1.08247423,19.68,19.2,2414/5521,19.2,19.68,19.2,19.61,2.474226,428134,22,600265,20260304
601615.SH,明阳智能,15.84,4.14201183431952,19.78,19.2,0.45708481,20.23,19.2,2414/5521,19.2,20.23,19.2,19.78,5.231081,6.4663047E7,17,601615,20260304
603767.SH,中马传动,19.41,0.8835758835758926,19.53,19.43,-0.15337423,19.79,19.2,2414/5521,19.43,19.79,19.2,19.53,3.016359,2793550,17,603767,20260304
603995.SH,甬金股份,19.38,-1.273560876209883,19.25,19.41,-1.33264992,19.74,19.18,2418/5521,19.41,19.74,19.18,19.25,2.870322,6125152,17,603995,20260304
300849.SZ,锦盛新材,22.88,-0.39181541140618137,20.61,19.84,4.46021287,21.29,19.15,2419/5521,19.84,21.29,19.15,20.61,10.846426,6181000,33,300849,20260304
300880.SZ,迦南智能,22.35,-1.6285211267605522,23.22,19.15,20,23.22,19.15,2419/5521,19.15,23.22,19.15,23.22,21.033591,2.7655225E7,33,300880,20260304
002180.SZ,奔图科技,19.16,1.8065887353878844,19.22,19.29,-0.41450777,19.51,19.11,2421/5521,19.29,19.51,19.11,19.22,2.072538,9332347,33,002180,20260304
300783.SZ,三只松鼠,19.41,-1.4720812182741074,19.22,19.57,-2.53549696,19.75,19.11,2421/5521,19.57,19.75,19.11,19.22,3.245436,9299300,33,300783,20260304
603958.SH,哈森股份,24.26,-0.24671052631578422,19.26,19.11,-1.63432074,20.2,19.11,2421/5521,19.11,20.2,19.11,19.26,5.566905,1.08246E7,17,603958,20260304
603348.SH,文灿股份,18.62,-1.3248542660307365,19.2,19.29,-0.46656299,19.38,19.1,2424/5521,19.29,19.38,19.1,19.2,1.451529,1587563,17,603348,20260304
603701.SH,德宏股份,24.99,1.1331444759206701,19.26,19.33,0.2602811,19.52,19.1,2424/5521,19.33,19.52,19.1,19.26,2.186361,2624355,17,603701,20260304
300482.SZ,万孚生物,18.29,-1.930294906166217,19.12,19.35,-2.09933436,19.6,19.09,2426/5521,19.35,19.6,19.09,19.12,2.611367,6589788,33,300482,20260304
603225.SH,新凤鸣,18.52,0.5975013579576286,19.1,19.65,-7.14632961,20.45,19.08,2427/5521,19.65,20.45,19.08,19.1,6.660184,4.6134242E7,17,603225,20260304
603356.SH,华菱精工,19.1,4.200763775231878,19.28,21,-8.92772792,21.65,19.05,2428/5521,21,21.65,19.05,19.28,12.28153,1.59146E7,17,603356,20260304
301288.SZ,*ST清研,17.35,-1.6439909297052104,19.78,19.04,1.38390569,19.94,19.04,2429/5521,19.04,19.94,19.04,19.78,4.613018,491712,33,301288,20260304
920016.BJ,中草香料,16.82,0.9603841536614655,19.06,19.08,-0.20942408,19.66,19.04,2429/5521,19.08,19.66,19.04,19.06,3.246073,772495,151,920016,20260304
603861.SH,白云电器,15.92,-2.9859841560024387,21.24,19.03,7.27272727,21.78,19.03,2431/5521,19.03,21.78,19.03,21.24,13.888888,5.3532681E7,17,603861,20260304
002066.SZ,瑞泰科技,23.33,2.7753303964757667,19.48,19.06,0.93264249,19.74,19,2432/5521,19.06,19.74,19,19.48,3.834196,3645407,33,002066,20260304
300767.SZ,震安科技,23.28,0.6485084306096072,19.46,19,1.30140552,19.9,19,2432/5521,19,19.9,19,19.46,4.685059,7261448,33,300767,20260304
920270.BJ,天铭科技,15.57,1.8979057591623099,19.28,19.18,-0.10362694,19.5,19,2432/5521,19.18,19.5,19,19.28,2.590673,1612958,151,920270,20260304
920896.BJ,旺成科技,16.91,0.5350772889417352,19.14,19.65,-1.34020619,19.65,19,2432/5521,19.65,19.65,19,19.14,3.350515,636072,151,920896,20260304
000951.SZ,中国重汽,21.85,-3.7444933920704755,19.11,19.06,-1.18924509,19.41,18.94,2436/5521,19.06,19.41,18.94,19.11,2.430196,1.769984E7,33,000951,20260304
301156.SZ,美农生物,20.47,1.9930244145490712,19.33,19.29,-0.56584362,19.51,18.94,2436/5521,19.29,19.51,18.94,19.33,2.932098,3024924,33,301156,20260304
002534.SZ,西子洁能,17.6,-1.0123734533183335,19.58,18.95,2.29885057,20.28,18.93,2438/5521,18.95,20.28,18.93,19.58,7.053291,2.3184899E7,33,002534,20260304
300902.SZ,国安达,17.9,-0.33407572383074763,19.12,19.21,-1.39247035,19.62,18.92,2439/5521,19.21,19.62,18.92,19.12,3.610108,4711797,33,300902,20260304
688681.SH,科汇股份,20.37,1.850000000000005,19.3,19.21,-1.53061224,19.8,18.92,2439/5521,19.21,19.8,18.92,19.3,4.489795,2451922,17,688681,20260304
300566.SZ,激智科技,19.05,0.5807814149947171,19.07,19.15,-1.24287934,19.42,18.91,2441/5521,19.15,19.42,18.91,19.07,2.641118,7544878,33,300566,20260304
600785.SH,新华百货,17.36,-1.8654607122668276,19.17,19.16,-0.77639752,19.61,18.91,2441/5521,19.16,19.61,18.91,19.17,3.623188,7753407,17,600785,20260304
603042.SH,华脉科技,19.3,-2.819738167170185,20.53,18.9,3.89676113,21.12,18.9,2443/5521,18.9,21.12,18.9,20.53,11.234817,3.2154483E7,17,603042,20260304
002299.SZ,圣农发展,18.6,-0.053734551316485815,19.53,18.93,2.03761755,19.67,18.88,2444/5521,18.93,19.67,18.88,19.53,4.127481,2.108566E7,33,002299,20260304
300817.SZ,双飞集团,20.18,-0.04952947003467837,19.29,19.11,-0.46439628,19.45,18.88,2444/5521,19.11,19.45,18.88,19.29,2.941176,3513519,33,300817,20260304
605005.SH,合兴股份,19.14,-1.8461538461538431,19.75,18.88,2.43775934,19.8,18.88,2444/5521,18.88,19.8,18.88,19.75,4.771784,3644260,17,605005,20260304
920641.BJ,格利尔,17.23,-0.6343713956170671,19.15,18.88,1.32275132,19.56,18.88,2444/5521,18.88,19.56,18.88,19.15,3.597883,1704753,151,920641,20260304
002927.SZ,泰永长征,18.24,1.6155988857938672,19.95,18.87,3.63636364,20.23,18.87,2448/5521,18.87,20.23,18.87,19.95,7.064935,9443861,33,002927,20260304
002984.SZ,森麒麟,17.18,-1.0938399539435881,19.16,19.12,0.36668413,19.44,18.87,2448/5521,19.12,19.44,18.87,19.16,2.985856,1.2749728E7,33,002984,20260304
300196.SZ,长海股份,19.55,-3.217821782178211,19.31,18.87,0.05181347,19.75,18.87,2448/5521,18.87,19.75,18.87,19.31,4.559585,1.5831625E7,33,300196,20260304
600793.SH,宜宾纸业,16.31,-8.576233183856509,19.1,19.1,-1.29198966,19.37,18.86,2451/5521,19.1,19.37,18.86,19.1,2.635658,2392440,17,600793,20260304
300829.SZ,金丹科技,17.39,-1.640271493212665,20.1,19.12,3.60824742,20.17,18.85,2452/5521,19.12,20.17,18.85,20.1,6.804123,2.4176934E7,33,300829,20260304
300293.SZ,蓝英装备,18.62,2.2515101592531583,18.86,19.1,-1.51436031,19.25,18.83,2453/5521,19.1,19.25,18.83,18.86,2.193211,3357200,33,300293,20260304
301179.SZ,泽宇智能,23.14,-4.0630182421227214,19.48,18.95,3.1779661,19.75,18.81,2454/5521,18.95,19.75,18.81,19.48,4.978813,2.78789E7,33,301179,20260304
002861.SZ,瀛通通讯,16.34,0.6157635467980384,19.5,19.3,2.09424084,20.05,18.8,2455/5521,19.3,20.05,18.8,19.5,6.544502,1.1235488E7,33,002861,20260304
600148.SH,长春一东,19.13,0.3146303093864642,18.95,18.96,-1.1476265,19.3,18.8,2455/5521,18.96,19.3,18.8,18.95,2.608242,2673100,17,600148,20260304
603029.SH,天鹅股份,19.95,1.6819571865443337,18.92,19.07,-1.56087409,19.35,18.8,2455/5521,19.07,19.35,18.8,18.92,2.861602,2302608,17,603029,20260304
300515.SZ,三德科技,17.13,-0.29103608847497503,19.0,19.21,-1.55440415,19.35,18.77,2458/5521,19.21,19.35,18.77,19.0,3.005181,2113700,33,300515,20260304
300589.SZ,江龙船艇,16.53,0.1818181818181887,21.02,18.76,9.93723849,21.46,18.76,2459/5521,18.76,21.46,18.76,21.02,14.121338,6.2933907E7,33,300589,20260304
603155.SH,新亚强,17.68,1.2600229095074391,19.2,21,-7.86948177,21.05,18.76,2459/5521,21,21.05,18.76,19.2,10.988483,2.2621039E7,17,603155,20260304
603266.SH,天龙股份,20.23,2.6382546930492112,18.96,19.1,-1.81253237,19.3,18.75,2461/5521,19.1,19.3,18.75,18.96,2.848265,3036270,17,603266,20260304
301229.SZ,纽泰格,17.35,0.46323103647945485,18.9,18.85,0.26525199,19.37,18.74,2462/5521,18.85,19.37,18.74,18.9,3.342175,4377488,33,301229,20260304
300867.SZ,圣元环保,20.57,-2.880075542965059,18.85,19.02,-1.56657963,19.28,18.72,2463/5521,19.02,19.28,18.72,18.85,2.924281,4185062,33,300867,20260304
603008.SH,ST喜临门,10.32,-4.972375690607727,18.94,19.2,-1.55925156,19.29,18.71,2464/5521,19.2,19.29,18.71,18.94,3.014553,6582200,22,603008,20260304
002006.SZ,精工科技,17.81,2.4741081703107004,18.93,18.8,-0.57773109,19.29,18.7,2465/5521,18.8,19.29,18.7,18.93,3.098739,1.0801946E7,33,002006,20260304
300529.SZ,健帆生物,19.04,-0.10493179433368087,18.71,18.97,-1.57811678,19.09,18.7,2465/5521,18.97,19.09,18.7,18.71,2.051551,4908704,33,300529,20260304
603776.SH,永安行,19.83,-0.15105740181269456,19.0,18.7,-0.10515247,19.46,18.7,2465/5521,18.7,19.46,18.7,19.0,3.995793,4282026,17,603776,20260304
300772.SZ,运达股份,16.22,1.185277604491564,18.91,18.78,0.05291005,19.57,18.69,2468/5521,18.78,19.57,18.69,18.91,4.656084,1.0004016E7,33,300772,20260304
600602.SH,云赛智联,21.77,-0.36613272311213657,19.25,18.7,-0.46535677,19.75,18.66,2469/5521,18.7,19.75,18.66,19.25,5.635987,3.3035539E7,17,600602,20260304
603989.SH,艾华集团,19.86,0.812182741116752,18.86,18.66,-1.04931794,19.34,18.66,2469/5521,18.66,19.34,18.66,18.86,3.567681,7619381,17,603989,20260304
002159.SZ,三特索道,16.34,-3.370786516853934,19.53,19.3,0.05122951,19.65,18.63,2471/5521,19.3,19.65,18.63,19.53,5.225409,8491900,33,002159,20260304
300977.SZ,深圳瑞捷,21.12,3.7328094302554105,18.95,18.91,0.21152829,19.1,18.63,2471/5521,18.91,19.1,18.63,18.95,2.485457,2301400,33,300977,20260304
301207.SZ,华兰疫苗,19.5,1.2987012987012987,18.9,18.95,-0.78740157,19.02,18.63,2471/5521,18.95,19.02,18.63,18.9,2.047244,6016340,33,301207,20260304
002946.SZ,新乳业,19.91,1.117318435754184,18.79,18.86,-1.00105374,18.98,18.62,2474/5521,18.86,18.98,18.62,18.79,1.896733,5903052,33,002946,20260304
600955.SH,维远股份,19.41,-1.9696969696969724,19.05,18.7,0.10509721,19.29,18.61,2475/5521,18.7,19.29,18.61,19.05,3.573305,4605200,17,600955,20260304
920180.BJ,爱得科技,14.87,0.9504412763068485,18.88,19.2,-3.22911328,19.4,18.61,2475/5521,19.2,19.4,18.61,18.88,4.049205,3760937,151,920180,20260304
000830.SZ,鲁西化工,17.06,0.4120070629782242,18.81,19.49,-5.57228916,19.72,18.6,2477/5521,19.49,19.72,18.6,18.81,5.622489,4.3639029E7,33,000830,20260304
300736.SZ,百邦科技,27.6,-0.9687836383207734,19.2,20.67,-8.52787041,21.14,18.6,2477/5521,20.67,21.14,18.6,19.2,12.101,1.12197E7,33,300736,20260304
601965.SH,中国汽研,16.1,0.3740648379052511,18.73,18.73,-0.74191839,18.99,18.6,2477/5521,18.73,18.99,18.6,18.73,2.066772,9149126,17,601965,20260304
002272.SZ,川润股份,17.3,-0.6318207926479003,21.07,18.59,10.02610966,21.07,18.59,2480/5521,18.59,21.07,18.59,21.07,12.950391,1.45029145E8,33,002272,20260304
002395.SZ,双象股份,20.17,2.489837398373994,18.68,18.96,-2.14772132,19.18,18.58,2481/5521,18.96,19.18,18.58,18.68,3.143006,6266865,33,002395,20260304
300351.SZ,永贵电器,22.7,1.9766397124887587,19.71,18.58,4.34092112,19.95,18.58,2481/5521,18.58,19.95,18.58,19.71,7.252514,2.6271201E7,33,300351,20260304
300713.SZ,英可瑞,17.31,0.9918319719953217,19.37,18.56,5.96280088,19.98,18.56,2483/5521,18.56,19.98,18.56,19.37,7.768052,1.52248E7,33,300713,20260304
603215.SH,比依股份,18.29,-8.550000000000004,18.98,18.69,0.52966102,19.16,18.53,2484/5521,18.69,19.16,18.53,18.98,3.336864,1620400,17,603215,20260304
002568.SZ,百润股份,19.06,4.381161007667016,18.86,18.67,1.28893663,19.04,18.5,2485/5521,18.67,19.04,18.5,18.86,2.900107,9394913,33,002568,20260304
001216.SZ,华瓷股份,18.27,3.1038374717833,19.5,18.68,3.39342524,20.15,18.49,2486/5521,18.68,20.15,18.49,19.5,8.801696,1.54411E7,33,001216,20260304
002532.SZ,天山铝业,16.64,-4.092219020172915,18.92,18.52,4.07040704,19.59,18.49,2486/5521,18.52,19.59,18.49,18.92,6.050605,1.14676196E8,33,002532,20260304
002268.SZ,电科网安,15.68,0.3841229193341901,18.54,18.64,-2.31822972,19.14,18.48,2488/5521,18.64,19.14,18.48,18.54,3.477344,1.9133892E7,33,002268,20260304
300249.SZ,依米康,17.56,0.0,18.62,18.52,-1.16772824,19.4,18.48,2488/5521,18.52,19.4,18.48,18.62,4.883227,5.7780896E7,33,300249,20260304
600131.SH,国网信通,17.14,-0.9248554913294805,19.45,18.48,3.12831389,19.63,18.47,2490/5521,18.48,19.63,18.47,19.45,6.150583,2.6987207E7,17,600131,20260304
600188.SH,兖矿能源,22.85,-1.3810962451445847,19.5,19.59,-4.87804878,20.09,18.45,2491/5521,19.59,20.09,18.45,19.5,8,1.46346211E8,17,600188,20260304
600444.SH,国机通用,17.31,0.46430644225187634,18.52,18.51,-0.43010753,18.96,18.45,2491/5521,18.51,18.96,18.45,18.52,2.741935,3923400,17,600444,20260304
300945.SZ,曼卡龙,15.44,-1.4048531289910642,19.53,20.4,-10.78117862,20.4,18.44,2493/5521,20.4,20.4,18.44,19.53,8.95386,3.3857365E7,33,300945,20260304
688276.SH,百克生物,18.17,0.2206287920573784,18.53,18.53,-0.64343164,18.9,18.44,2493/5521,18.53,18.9,18.44,18.53,2.466487,1562373,17,688276,20260304
000623.SZ,吉林敖东,18.87,1.0712372790573073,18.51,18.6,-0.80385852,18.71,18.42,2495/5521,18.6,18.71,18.42,18.51,1.554126,1.6201174E7,33,000623,20260304
300192.SZ,科德教育,19.69,1.3381369016984126,19.15,18.5,1.37638962,19.25,18.42,2495/5521,18.5,19.25,18.42,19.15,4.393859,6951353,33,300192,20260304
300551.SZ,古鳌科技,14.35,1.9176136363636334,18.61,18.61,-0.42803638,19.45,18.42,2495/5521,18.61,19.45,18.42,18.61,5.510968,1.2817896E7,33,300551,20260304
600233.SH,圆通速递,21.5,-2.0054694621695592,18.93,18.81,0,19.1,18.42,2495/5521,18.81,19.1,18.42,18.93,3.592181,2.5746201E7,17,600233,20260304
002690.SZ,美亚光电,17.52,-0.5675368898978513,18.48,18.72,-1.85873606,18.87,18.41,2499/5521,18.72,18.87,18.41,18.48,2.44291,5642831,33,002690,20260304
600741.SH,华域汽车,18.66,-2.6096033402922756,18.55,19.05,-2.93040293,19.1,18.41,2499/5521,19.05,19.1,18.41,18.55,3.610675,1.4667248E7,17,600741,20260304
600855.SH,航天长峰,18.62,1.416122004357307,19.19,18.79,0.10432968,19.49,18.41,2499/5521,18.79,19.49,18.41,19.19,5.633802,1.8394533E7,17,600855,20260304
688221.SH,前沿生物,20.93,-0.8056872037914772,18.49,18.51,-0.05405405,19.12,18.41,2499/5521,18.51,19.12,18.41,18.49,3.837837,9646499,17,688221,20260304
920608.BJ,丰安股份,16.52,0.42553191489361875,18.65,19.2,-2.86458333,19.35,18.4,2503/5521,19.2,19.35,18.4,18.65,4.947916,825328,151,920608,20260304
300641.SZ,正丹股份,17.5,-0.9060022650056633,18.45,18.44,-0.59267241,18.83,18.38,2504/5521,18.44,18.83,18.38,18.45,2.424568,6181920,33,300641,20260304
601808.SH,中海油服,15.1,-0.3300330033003347,20.68,21,1.27326151,21.85,18.38,2504/5521,21,21.85,18.38,20.68,16.993143,1.69937792E8,17,601808,20260304
603610.SH,麒盛科技,16.9,1.1976047904191576,18.61,18.7,-0.79957356,18.79,18.36,2506/5521,18.7,18.79,18.36,18.61,2.29211,4571629,17,603610,20260304
688089.SH,嘉必优,16.03,-0.18679950186798,18.36,18.6,-2.5994695,18.9,18.36,2506/5521,18.6,18.9,18.36,18.36,2.864721,2138949,17,688089,20260304
003001.SZ,中岩大地,17.05,1.7303102625298277,18.41,18.33,-0.91496233,18.69,18.33,2508/5521,18.33,18.69,18.33,18.41,1.937567,1652842,33,003001,20260304
603210.SH,泰鸿万立,16.52,1.5990159901598893,18.37,18.6,-1.76470588,18.6,18.31,2509/5521,18.6,18.6,18.31,18.37,1.550802,1944480,17,603210,20260304
300119.SZ,瑞普生物,18.0,-0.7717750826901906,18.35,18.64,-1.92410476,18.8,18.3,2510/5521,18.64,18.8,18.3,18.35,2.672367,5169192,33,300119,20260304
301082.SZ,久盛电气,12.35,-1.5151515151515114,18.95,18.3,2.43243243,19.27,18.3,2510/5521,14.01538462,14.76153846,14.01538462,14.52,5.243243,8146130,33,301082,20260304
688165.SH,埃夫特,18.24,6.916764361078545,18.27,18.76,-3.63924051,19.12,18.26,2512/5521,18.76,19.12,18.26,18.27,4.535864,8835807,17,688165,20260304
002626.SZ,金达威,15.21,-3.9166140240050487,18.29,18.8,-4.09019402,18.99,18.25,2513/5521,18.8,18.99,18.25,18.29,3.88044,1.05122E7,33,002626,20260304
300743.SZ,天地数码,19.65,0.665983606557372,18.5,18.54,-0.96359743,18.75,18.25,2513/5521,18.54,18.75,18.25,18.5,2.676659,3977800,33,300743,20260304
601211.SH,国泰海通,16.12,0.0,18.25,18.71,-3.18302387,18.74,18.24,2515/5521,18.71,18.74,18.24,18.25,2.652519,1.05071024E8,17,601211,20260304
002866.SZ,传艺科技,25.86,-1.560715645222688,18.3,18.3,-1.453958,18.68,18.2,2516/5521,18.3,18.68,18.2,18.3,2.584814,6931100,33,002866,20260304
300626.SZ,华瑞股份,26.78,2.881290818286592,18.58,18.22,0.32397408,18.77,18.2,2516/5521,18.22,18.77,18.2,18.58,3.077753,4444800,33,300626,20260304
688570.SH,天玛智控,17.57,0.5148741418764293,18.2,18.25,-1.46182999,18.63,18.2,2516/5521,18.25,18.63,18.2,18.2,2.328099,1187909,17,688570,20260304
600872.SH,中炬高新,20.78,-2.6241799437675666,18.3,18.46,-1.29449838,18.59,18.19,2519/5521,18.46,18.59,18.19,18.3,2.157497,9497573,17,600872,20260304
600438.SH,通威股份,17.37,0.2308136180034778,18.16,18.16,,18.16,18.16,2520/5521,18.16,18.16,18.16,18.16,,,17,600438,20260304
600184.SH,光电股份,21.87,-2.9294274300932095,18.82,18.28,1.56502968,18.92,18.15,2521/5521,18.28,18.92,18.15,18.82,4.155423,1.2741175E7,17,600184,20260304
603876.SH,鼎胜新材,29.76,4.2016806722689175,18.7,18.21,1.08108108,19.49,18.15,2521/5521,18.21,19.49,18.15,18.7,7.243243,2.9552682E7,17,603876,20260304
920363.BJ,莱赛激光,16.39,-0.9068923821039818,18.63,18.3,1.91466083,18.99,18.13,2523/5521,18.3,18.99,18.13,18.63,4.704595,1745622,151,920363,20260304
300053.SZ,航宇微,17.9,6.738223017292779,18.65,18.28,0.53908356,19.02,18.12,2524/5521,18.28,19.02,18.12,18.65,4.851752,2.5417131E7,33,300053,20260304
300556.SZ,丝路视觉,20.07,2.607361963190192,18.45,18.3,-0.48543689,18.65,18.12,2524/5521,18.3,18.65,18.12,18.45,2.858683,5041400,33,300556,20260304
002576.SZ,通达动力,18.53,-1.436170212765955,18.82,18.15,2.78536319,18.98,18.1,2526/5521,18.15,18.98,18.1,18.82,4.806116,8220400,33,002576,20260304
301083.SZ,百胜智能,17.49,0.2866972477064057,19.38,18.36,5.21172638,20.48,18.1,2526/5521,18.36,20.48,18.1,19.38,12.920738,6552089,33,301083,20260304
301311.SZ,昆船智能,16.87,0.05931198102017535,18.87,18.49,1.39709833,19.18,18.1,2526/5521,18.49,19.18,18.1,18.87,5.803331,7787937,33,301311,20260304
688670.SH,金迪克,17.92,1.071630005640165,18.32,18.13,-0.32644178,18.47,18.09,2529/5521,18.13,18.47,18.09,18.32,2.067464,1056117,17,688670,20260304
688299.SH,长阳科技,17.87,0.16816143497758484,19.0,18.31,2.59179266,19.67,18.07,2530/5521,18.31,19.67,18.07,19.0,8.639308,1.0094529E7,17,688299,20260304
603231.SH,索宝蛋白,17.09,-4.418344519015656,18.2,18.1,-0.92542188,18.44,18.06,2531/5521,18.1,18.44,18.06,18.2,2.06859,2352500,17,603231,20260304
605179.SH,一鸣食品,17.25,0.2906976744186088,18.11,18.4,-2.6344086,18.5,18.05,2532/5521,18.4,18.5,18.05,18.11,2.419354,3354900,17,605179,20260304
000032.SZ,深桑达A,17.34,-2.5295109612141613,18.12,18.16,-1.57523085,18.5,18.03,2533/5521,18.16,18.5,18.03,18.12,2.55296,1.8209135E7,33,000032,20260304
601166.SH,兴业银行,17.93,-1.375137513751375,18.14,18.38,-1.62689805,18.42,18.02,2534/5521,18.38,18.42,18.02,18.14,2.169197,1.17524438E8,17,601166,20260304
688529.SH,豪森智能,19.73,0.6632653061224438,18.16,18.48,-2.88770053,18.87,18,2535/5521,18.48,18.87,18,18.16,4.652406,2164448,17,688529,20260304
003042.SZ,中农联合,17.09,1.1841326228537554,18.26,18.26,1.55728587,18.52,17.99,2536/5521,18.26,18.52,17.99,18.26,2.947719,7781428,33,003042,20260304
300947.SZ,德必集团,17.52,0.9798270893371651,18.19,18.27,-0.92592593,18.54,17.99,2536/5521,18.27,18.54,17.99,18.19,2.995642,3488280,33,300947,20260304
301180.SZ,万祥科技,17.74,-3.691639522258432,19.34,18.03,7.32519423,20.1,17.96,2538/5521,18.03,20.1,17.96,19.34,11.875693,1.7318237E7,33,301180,20260304
002039.SZ,黔源电力,20.28,-1.4098201263976624,18.55,18.1,1.86710599,18.58,17.94,2539/5521,18.1,18.58,17.94,18.55,3.514552,1.3078577E7,33,002039,20260304
688289.SH,圣湘生物,17.15,-1.549942594718732,18.04,18.03,-0.22123894,18.23,17.94,2539/5521,18.03,18.23,17.94,18.04,1.603982,4644984,17,688289,20260304
688722.SH,同益中,18.16,1.8508132361189114,18.26,18,0.93974572,18.44,17.92,2541/5521,18,18.44,17.92,18.26,2.874516,4418197,17,688722,20260304
603125.SH,常青科技,22.07,-2.603706972639011,18.36,17.94,0.16366612,18.51,17.91,2542/5521,17.94,18.51,17.91,18.36,3.273322,6189483,17,603125,20260304
002777.SZ,久远银海,15.73,-0.6944444444444409,18.1,17.93,-0.16547159,18.39,17.9,2543/5521,17.93,18.39,17.9,18.1,2.702702,6971168,33,002777,20260304
300384.SZ,三联虹普,14.21,-1.5246015246015168,18.19,18,-0.10982976,18.38,17.9,2543/5521,18,18.38,17.9,18.19,2.635914,7470387,33,300384,20260304
600641.SH,先导基电,27.62,2.069475240206956,18.07,17.91,-0.93201754,18.66,17.89,2545/5521,17.91,18.66,17.89,18.07,4.221491,2.1642927E7,17,600641,20260304
300069.SZ,金利华电,30.6,6.955609926599099,18.57,17.9,2.31404959,18.8,17.88,2546/5521,17.9,18.8,17.88,18.57,5.06887,3563201,33,300069,20260304
301408.SZ,华人健康,21.37,1.8103858980467011,18.06,18,-0.66006601,18.28,17.88,2546/5521,18,18.28,17.88,18.06,2.20022,6799266,33,301408,20260304
002237.SZ,恒邦股份,16.61,-2.0636792452830273,18.3,18.2,-2.03426124,18.93,17.85,2548/5521,18.2,18.93,17.85,18.3,5.781584,6.2801339E7,33,002237,20260304
300437.SZ,清水源,16.04,-1.4742014742014864,19.93,17.95,3.91032325,20.5,17.85,2548/5521,17.95,20.5,17.85,19.93,13.816475,4.9212399E7,33,300437,20260304
920082.BJ,方正阀门,14.87,-0.06720430107527932,17.93,19.38,-10.70717131,19.6,17.85,2548/5521,19.38,19.6,17.85,17.93,8.715139,7190535,151,920082,20260304
688758.SH,赛分科技,19.47,-2.30807827395886,17.96,18.42,-2.44432374,18.56,17.83,2551/5521,18.42,18.56,17.83,17.96,3.965236,4082806,17,688758,20260304
002945.SZ,华林证券,15.52,1.2393998695368527,18.39,17.93,1.09950522,18.72,17.82,2552/5521,17.93,18.72,17.82,18.39,4.947773,3.914283E7,33,002945,20260304
603273.SH,天元智能,17.91,1.761363636363629,18.3,18.02,0.99337748,18.88,17.82,2552/5521,18.02,18.88,17.82,18.3,5.849889,2313543,17,603273,20260304
002772.SZ,众兴菌业,17.24,-0.5193306405077892,18.12,17.89,-0.11025358,18.47,17.8,2554/5521,17.89,18.47,17.8,18.12,3.693495,1.202389E7,33,002772,20260304
601156.SH,东航物流,16.0,-1.295496607032701,17.82,18.05,-2.08791209,18.29,17.8,2554/5521,18.05,18.29,17.8,17.82,2.692307,1.4468871E7,17,601156,20260304
603151.SH,邦基科技,15.79,0.06337135614702019,17.9,18.05,-1.37741047,18.22,17.8,2554/5521,18.05,18.22,17.8,17.9,2.314049,2388500,17,603151,20260304
603477.SH,巨星农牧,18.81,1.6756756756756688,18.07,18,0.50055617,18.3,17.8,2554/5521,18,18.3,17.8,18.07,2.780867,1.3226301E7,17,603477,20260304
603515.SH,欧普照明,20.26,-1.0742187499999944,17.91,18.21,-1.701427,18.25,17.8,2554/5521,18.21,18.25,17.8,17.91,2.469813,1891038,17,603515,20260304
920770.BJ,艾能聚,14.87,-3.7540453074433664,18.2,17.93,-1.08695652,18.6,17.8,2554/5521,17.93,18.6,17.8,18.2,4.347826,4545022,151,920770,20260304
920670.BJ,数字人,14.89,-0.8655126498002597,18.56,17.84,2.65486726,18.7,17.78,2560/5521,17.78,18.64,17.72,18.5,5.088495,3766088,151,920670,20260304
300164.SZ,通源石油,13.48,1.9667170953101345,24.56,22,13.1797235,25.8,17.77,2561/5521,22,25.8,17.77,24.56,37.004608,3.14721945E8,33,300164,20260304
002932.SZ,*ST明德,16.97,0.4142011834319544,17.85,18.06,-0.99833611,18.06,17.76,2562/5521,18.06,18.06,17.76,17.85,1.663893,1633942,33,002932,20260304
300017.SZ,网宿科技,16.0,-2.735562310030391,18.01,17.87,-0.38716814,18.47,17.75,2563/5521,17.87,18.47,17.75,18.01,3.9823,2.11091723E8,33,300017,20260304
300484.SZ,蓝海华腾,16.58,-0.36057692307693673,18.0,18,0,18.14,17.75,2563/5521,18,18.14,17.75,18.0,2.166666,3763803,33,300484,20260304
688132.SH,邦彦技术,17.92,4.428904428904438,18.11,18.8,-4.6340179,18.8,17.75,2563/5521,18.8,18.8,17.75,18.11,5.529225,4727370,17,688132,20260304
300518.SZ,新迅达,24.93,0.3623188405797096,18.21,17.76,0.49668874,18.44,17.74,2566/5521,17.76,18.44,17.74,18.21,3.863134,4501146,33,300518,20260304
600062.SH,华润双鹤,17.85,-0.6124721603563442,17.92,18.1,-1.21278942,18.12,17.74,2566/5521,18.1,18.12,17.74,17.92,2.094818,1.0081178E7,17,600062,20260304
920017.BJ,星昊医药,17.96,3.0407343660355775,17.9,18.14,-1.48596588,18.29,17.74,2566/5521,18.14,18.29,17.74,17.9,3.026967,1208191,151,920017,20260304
688658.SH,悦康药业,19.6,1.712506486767005,17.83,18.28,-2.46170678,18.4,17.73,2569/5521,18.28,18.4,17.73,17.83,3.665207,6254363,17,688658,20260304
605108.SH,同庆楼,15.92,-7.28013977868376,17.79,18.08,-2.09135938,18.22,17.72,2570/5521,18.08,18.22,17.72,17.79,2.751788,2745351,17,605108,20260304
002875.SZ,安奈儿,25.32,2.8014616321559127,18.21,17.71,0.66334992,18.53,17.71,2571/5521,17.71,18.53,17.71,18.21,4.532891,6028900,33,002875,20260304
000070.SZ,特发信息,18.08,-6.466632177961718,19.21,17.8,4.06283857,19.92,17.7,2572/5521,17.8,19.92,17.7,19.21,12.026002,1.17931645E8,33,000070,20260304
300118.SZ,东方日升,17.74,3.5610040863981287,18.41,17.7,-0.54024851,18.96,17.7,2572/5521,17.7,18.96,17.7,18.41,6.807131,6.9416691E7,33,300118,20260304
920855.BJ,浙江大农,15.61,0.7746933505487361,17.78,18.03,-1.38657793,18.43,17.7,2572/5521,18.03,18.43,17.7,17.78,4.048807,719526,151,920855,20260304
000902.SZ,新洋丰,15.24,-2.9299363057324785,19.02,17.8,6.25698324,19.24,17.69,2575/5521,17.8,19.24,17.69,19.02,8.659217,3.6177106E7,33,000902,20260304
601872.SH,招商轮船,17.6,-0.05678591709254975,17.71,18.8,-9.87277354,18.8,17.69,2575/5521,18.8,18.8,17.69,17.71,5.648854,3.46669938E8,17,601872,20260304
603258.SH,电魂网络,17.05,-2.849002849002849,18.06,18.16,-1.58038147,18.3,17.69,2575/5521,18.16,18.3,17.69,18.06,3.32425,3127900,17,603258,20260304
603927.SH,中科软,16.44,0.24390243902440673,17.8,17.77,-0.72504183,18.02,17.68,2578/5521,17.77,18.02,17.68,17.8,1.896263,8710895,17,603927,20260304
603096.SH,新经典,18.44,1.766004415011039,17.86,18,-1.32596685,18.05,17.66,2579/5521,18,18.05,17.66,17.86,2.154696,2489804,17,603096,20260304
002236.SZ,大华股份,18.49,1.09349371241115,17.74,17.88,-1.93477059,18.07,17.64,2580/5521,17.88,18.07,17.64,17.74,2.377003,4.2402162E7,33,002236,20260304
600353.SH,旭光电子,17.23,-2.6553672316384116,17.71,17.99,-0.28153153,18.35,17.63,2581/5521,17.99,18.35,17.63,17.71,4.054054,2.9156265E7,17,600353,20260304
688360.SH,德马科技,18.24,1.3896609227348529,17.81,17.9,-1.05555556,18.08,17.62,2582/5521,17.9,18.08,17.62,17.81,2.555555,2820958,17,688360,20260304
300987.SZ,川网传媒,17.1,0.11709601873538131,17.93,17.78,-0.38888889,18.14,17.6,2583/5521,17.78,18.14,17.6,17.93,3,5675793,33,300987,20260304
920527.BJ,夜光明,17.5,1.8033740546829475,17.9,18.25,-1.70236134,18.4,17.6,2583/5521,18.25,18.4,17.6,17.9,4.39319,926442,151,920527,20260304
601012.SH,隆基绿能,16.46,-0.5438066465256789,17.66,17.61,-1.83435242,18.06,17.58,2585/5521,17.61,18.06,17.58,17.66,2.668148,1.55940111E8,17,601012,20260304
688553.SH,汇宇制药,19.98,2.4090210148641664,17.64,17.87,-2.05441421,17.99,17.58,2585/5521,17.87,17.99,17.58,17.64,2.276513,2794110,17,688553,20260304
920223.BJ,荣亿精密,17.0,-1.1627906976744145,18.13,17.82,0.27654867,18.5,17.58,2585/5521,17.82,18.5,17.58,18.13,5.088495,1838032,151,920223,20260304
920000.BJ,安徽凤凰,15.73,0.25493945188018435,17.74,17.85,-0.6162465,18.05,17.57,2588/5521,17.85,18.05,17.57,17.74,2.689075,697888,151,920000,20260304
920132.BJ,泰鹏智能,13.89,2.9651593773165335,18.5,17.88,3.4097261,18.8,17.56,2589/5521,17.88,18.8,17.56,18.5,6.931246,3434967,151,920132,20260304
920184.BJ,国源科技,15.52,1.4379084967320186,17.88,17.74,0.5624297,17.98,17.56,2589/5521,17.74,17.98,17.56,17.88,2.362204,1856272,151,920184,20260304
605218.SH,伟时电子,17.03,-3.403289846851945,17.69,17.75,-2.64171712,18.17,17.55,2591/5521,17.75,18.17,17.55,17.69,3.412217,3058900,17,605218,20260304
920950.BJ,迅安科技,15.8,0.19023462270133887,17.91,17.87,-0.72062084,18.35,17.55,2591/5521,17.87,18.35,17.55,17.91,4.434589,293649,151,920950,20260304
300424.SZ,航新科技,18.37,1.10071546505228,18.4,17.75,1.82623132,18.65,17.54,2593/5521,17.75,18.65,17.54,18.4,6.142778,1.4425973E7,33,300424,20260304
000422.SZ,湖北宜化,16.9,-1.0538641686182655,17.82,17.53,1.6543069,18.74,17.53,2594/5521,17.53,18.74,17.53,17.82,6.902452,1.08844575E8,33,000422,20260304
002095.SZ,生意宝,16.17,0.8733624454148506,17.72,18.55,-5.74468085,18.8,17.53,2594/5521,18.55,18.8,17.53,17.72,6.755319,1.3797191E7,33,002095,20260304
688466.SH,金科环境,18.36,2.684563758389264,17.61,17.6,-1.17845118,18.14,17.53,2594/5521,17.6,18.14,17.53,17.61,3.42312,1979433,17,688466,20260304
002833.SZ,弘亚数控,20.41,-0.24437927663734463,17.82,17.79,-0.83472454,18.01,17.52,2597/5521,17.79,18.01,17.52,17.82,2.726766,6808261,33,002833,20260304
605155.SH,西大门,15.81,0.700636942675167,17.7,17.7,-0.78475336,17.99,17.52,2597/5521,17.7,17.99,17.52,17.7,2.634529,2597008,17,605155,20260304
688599.SH,天合光能,17.36,7.425742574257422,17.72,17.7,-1.11607143,18,17.52,2597/5521,17.7,18,17.52,17.72,2.678571,4.6959851E7,17,688599,20260304
920145.BJ,恒合股份,14.21,-0.14054813773717198,17.56,18.53,-4.30517711,18.85,17.51,2600/5521,18.53,18.85,17.51,17.56,7.302452,2127389,151,920145,20260304
300861.SZ,美畅股份,19.79,4.26765015806111,17.88,17.66,-1.32450331,18.49,17.5,2601/5521,17.66,18.49,17.5,17.88,5.463576,1.7843549E7,33,300861,20260304
600338.SH,西藏珠峰,27.58,-0.10865628395509286,18.17,17.53,0.38674033,18.73,17.5,2601/5521,17.53,18.73,17.5,18.17,6.79558,4.4110911E7,17,600338,20260304
688517.SH,金冠电气,21.69,-3.169642857142845,18.08,17.55,1.40213124,18.43,17.5,2601/5521,17.55,18.43,17.5,18.08,5.215928,4878709,17,688517,20260304
300251.SZ,光线传媒,14.78,0.6811989100817415,17.63,17.5,-1.17713004,17.97,17.49,2604/5521,17.5,17.97,17.49,17.63,2.690582,9.545167E7,33,300251,20260304
300840.SZ,酷特智能,21.3,4.874446085672093,18.29,17.59,2.12171971,18.85,17.49,2604/5521,17.59,18.85,17.49,18.29,7.593523,1.2226001E7,33,300840,20260304
002214.SZ,*ST大立,18.57,-2.3659305993690816,17.8,17.68,-0.28011204,17.92,17.48,2606/5521,17.68,17.92,17.48,17.8,2.464985,2640200,33,002214,20260304
600877.SH,电科芯片,16.45,2.1104903786468023,17.8,17.55,0.05621135,18.16,17.48,2606/5521,17.55,18.16,17.48,17.8,3.822372,2.5722101E7,17,600877,20260304
603709.SH,中源家居,19.52,-0.7625826131164317,17.63,17.55,-0.28280543,17.93,17.48,2606/5521,17.55,17.93,17.48,17.63,2.545248,1776597,17,603709,20260304
920932.BJ,科达自控,14.58,2.1723896285914543,17.48,17.89,-2.29178312,18.3,17.48,2606/5521,17.89,18.3,17.48,17.48,4.583566,1509120,151,920932,20260304
603949.SH,雪龙集团,17.81,0.2815315315315155,17.6,17.64,-1.01237345,17.8,17.47,2610/5521,17.64,17.8,17.47,17.6,1.856017,2912981,17,603949,20260304
920204.BJ,沪江材料,15.75,-0.8186397984886699,17.74,18.53,-4.36657682,18.53,17.47,2610/5521,18.53,18.53,17.47,17.74,5.714285,2526087,151,920204,20260304
920478.BJ,峆一药业,15.63,-0.5725190839694647,17.6,17.69,-1.01237345,17.96,17.47,2610/5521,17.69,17.96,17.47,17.6,2.755905,621197,151,920478,20260304
301139.SZ,元道通信,18.06,2.207130730050917,17.66,17.61,-0.95344924,17.94,17.46,2613/5521,17.61,17.94,17.46,17.66,2.692091,3670745,33,301139,20260304
301559.SZ,中集环科,16.86,1.4440433212996295,17.63,18.13,-3.45016429,18.36,17.46,2613/5521,18.13,18.36,17.46,17.63,4.928806,7635967,33,301559,20260304
000550.SZ,江铃汽车,18.75,-1.986408782017768,17.62,17.9,-2.00222469,18,17.45,2615/5521,17.9,18,17.45,17.62,3.058954,5539277,33,000550,20260304
002987.SZ,京北方,14.98,-0.1998667554963315,17.55,17.82,-2.5,18.06,17.44,2616/5521,17.82,18.06,17.44,17.55,3.444444,1.2087043E7,33,002987,20260304
600397.SH,江钨装备,14.35,-1.1707988980716248,18.57,17.42,-4.03100775,20,17.42,2617/5521,17.42,20,17.42,18.57,13.333333,1.37598204E8,17,600397,20260304
300493.SZ,润欣科技,16.19,1.5683814303638757,17.58,17.5,-1.18043845,17.96,17.41,2618/5521,17.5,17.96,17.41,17.58,3.091624,1.6886553E7,33,300493,20260304
300752.SZ,隆利科技,19.38,1.9463440294581662,17.56,17.7,-1.73475098,17.93,17.41,2618/5521,17.7,17.93,17.41,17.56,2.909904,4712327,33,300752,20260304
600143.SH,金发科技,17.15,0.645539906103283,17.65,17.5,-0.67529544,18.08,17.41,2618/5521,17.5,18.08,17.41,17.65,3.770399,4.5776357E7,17,600143,20260304
920124.BJ,南特科技,15.26,0.9927200529450719,17.5,17.64,-0.84985836,17.74,17.41,2618/5521,17.64,17.74,17.41,17.5,1.869688,1679261,151,920124,20260304
301006.SZ,迈拓股份,17.96,3.1591039632395215,17.68,17.5,-0.3943662,17.9,17.4,2622/5521,17.5,17.9,17.4,17.68,2.816901,1892000,33,301006,20260304
600619.SH,海立股份,17.9,5.046948356807508,17.67,17.42,-1.06382979,18.09,17.4,2622/5521,17.42,18.09,17.4,17.67,3.863381,1.5268641E7,17,600619,20260304
605369.SH,拱东医疗,19.7,3.4663865546218497,17.62,18.05,-2.38227147,18.05,17.4,2622/5521,18.05,18.05,17.4,17.62,3.601108,2254319,17,605369,20260304
002884.SZ,凌霄泵业,18.82,1.182795698924725,17.47,17.73,-1.74353206,17.73,17.38,2625/5521,17.73,17.73,17.38,17.47,1.968503,3536738,33,002884,20260304
605339.SH,南侨食品,16.1,1.7056222362602738,17.5,17.43,-0.28490028,17.61,17.38,2625/5521,17.43,17.61,17.38,17.5,1.310541,1148670,17,605339,20260304
002849.SZ,威星智能,17.3,0.8158508158508192,17.52,17.7,-1.4068655,18.21,17.37,2627/5521,17.7,18.21,17.37,17.52,4.727068,8641230,33,002849,20260304
301267.SZ,华厦眼科,18.19,0.0,17.4,17.54,-1.75042349,17.72,17.37,2627/5521,17.54,17.72,17.37,17.4,1.976284,5179275,33,301267,20260304
300697.SZ,电工合金,16.13,-0.18564356435644266,17.74,17.44,0.11286682,18.16,17.33,2629/5521,17.44,18.16,17.33,17.74,4.683972,1.1223862E7,33,300697,20260304
300847.SZ,中船汉光,16.08,0.5628517823639655,17.9,17.6,0.84507042,18.05,17.33,2629/5521,17.6,18.05,17.33,17.9,4.056338,6398150,33,300847,20260304
603630.SH,拉芳家化,16.62,-1.4819205690574984,17.57,17.63,-1.2366498,17.83,17.33,2629/5521,17.63,17.83,17.33,17.57,2.810567,3847637,17,603630,20260304
920765.BJ,美之高,16.39,24.733637747336378,17.42,18.01,-3.86313466,18.25,17.33,2629/5521,18.01,18.25,17.33,17.42,5.077262,1326925,151,920765,20260304
000708.SZ,中信特钢,15.25,-1.4857881136950932,17.46,17.45,-1.46726862,17.95,17.31,2633/5521,17.45,17.95,17.31,17.46,3.611738,2.4416634E7,33,000708,20260304
300328.SZ,宜安科技,18.06,1.6319639842431015,17.99,17.58,0.89736399,18.6,17.31,2633/5521,17.58,18.6,17.31,17.99,7.234997,4.1401408E7,33,300328,20260304
300549.SZ,优德精密,18.21,0.4966887417218535,17.58,17.45,-0.11363636,18,17.3,2635/5521,17.45,18,17.3,17.58,3.977272,3901900,33,300549,20260304
605167.SH,利柏特,17.49,0.6908462867011942,17.75,17.35,0.85227273,18.25,17.3,2635/5521,17.35,18.25,17.3,17.75,5.397727,4491150,17,605167,20260304
002810.SZ,山东赫达,26.74,-2.975326560232222,18.2,17.35,3.58565737,18.5,17.26,2637/5521,17.35,18.5,17.26,18.2,7.057484,1.531147E7,33,002810,20260304
601059.SH,信达证券,16.91,0.6547619047619013,17.29,17.55,-1.53758542,17.55,17.26,2637/5521,17.55,17.55,17.26,17.29,1.65148,2.7126541E7,17,601059,20260304
002232.SZ,启明信息,17.68,1.1441647597253963,17.38,17.3,-0.62893082,17.63,17.23,2639/5521,17.3,17.63,17.23,17.38,2.287021,3757519,33,002232,20260304
601136.SH,首创证券,16.62,-0.8944543828264674,17.24,17.5,-2.48868778,17.62,17.23,2639/5521,17.5,17.62,17.23,17.24,2.205882,1.1451447E7,17,601136,20260304
603032.SH,德新科技,23.31,0.9965337954939361,17.32,17.4,-0.45977011,17.68,17.22,2641/5521,17.4,17.68,17.22,17.32,2.643678,4084360,17,603032,20260304
603696.SH,安记食品,15.92,2.1822849807445435,17.49,17.5,-0.45532157,17.66,17.22,2641/5521,17.5,17.66,17.22,17.49,2.504268,5634158,17,603696,20260304
920158.BJ,长江能科,16.48,1.728395061728402,20.3,21.99,-14.67002942,22.85,17.22,2641/5521,21.99,22.85,17.22,20.3,23.665405,1.6458702E7,151,920158,20260304
002104.SZ,恒宝股份,14.23,0.14074595355383232,17.3,17.52,-2.59009009,17.83,17.21,2644/5521,17.52,17.83,17.21,17.3,3.49099,2.9151354E7,33,002104,20260304
000025.SZ,特力A,16.6,1.281269066503971,17.4,17.35,-0.7981756,17.58,17.2,2645/5521,17.35,17.58,17.2,17.4,2.166476,6148270,33,000025,20260304
001202.SZ,炬申股份,16.97,0.05896226415093166,17.47,17.38,-0.34227039,17.63,17.2,2645/5521,17.38,17.63,17.2,17.47,2.452937,3254250,33,001202,20260304
002317.SZ,众生药业,18.39,-0.1628664495114068,17.31,17.27,-1.42369021,17.63,17.2,2645/5521,17.27,17.63,17.2,17.31,2.448747,2.3116313E7,33,002317,20260304
003040.SZ,楚天龙,14.79,0.5438477226376498,17.27,17.47,-2.31900452,17.65,17.2,2645/5521,17.47,17.65,17.2,17.27,2.545248,7713258,33,003040,20260304
600330.SH,天通股份,27.89,8.690568978955575,17.48,17.91,-2.6183844,18.58,17.2,2645/5521,17.91,18.58,17.2,17.48,7.688022,1.49112927E8,17,600330,20260304
002729.SZ,好利科技,18.42,1.320132013201331,17.92,17.36,0.95774648,18.32,17.19,2650/5521,17.36,18.32,17.19,17.92,6.366197,4284353,33,002729,20260304
600694.SH,大商股份,18.2,-0.2739726027397299,17.26,17.5,-1.70842825,17.55,17.19,2650/5521,17.5,17.55,17.19,17.26,2.050113,4465494,17,600694,20260304
300302.SZ,同有科技,27.72,-3.1446540880503218,17.6,17.18,1.67533218,18.2,17.18,2652/5521,17.18,18.2,17.18,17.6,5.892547,1.6025787E7,33,300302,20260304
603586.SH,金麒麟,16.36,0.49140049140048087,17.35,17.51,-1.5323496,17.65,17.18,2652/5521,17.51,17.65,17.18,17.35,2.667423,2066909,17,603586,20260304
000048.SZ,京基智农,14.74,0.1358695652173884,17.35,17.2,-0.34462952,17.65,17.17,2654/5521,17.2,17.65,17.17,17.35,2.757036,5844194,33,000048,20260304
300667.SZ,必创科技,19.24,-1.0288065843621546,17.69,17.17,1.02798401,18.05,17.17,2654/5521,17.17,18.05,17.17,17.69,5.025699,9370450,33,300667,20260304
920701.BJ,豪声电子,14.44,0.20818875780707397,17.28,17.4,0.11587486,17.48,17.14,2656/5521,17.4,17.48,17.14,17.28,1.969872,636869,151,920701,20260304
300682.SZ,朗新科技,13.64,-0.6554989075018198,17.25,17.14,-0.86206897,17.79,17.13,2657/5521,17.14,17.79,17.13,17.25,3.793103,2.40283E7,33,300682,20260304
603276.SH,恒兴新材,18.01,0.8963585434173676,17.29,17.6,-1.64960182,17.75,17.13,2657/5521,17.6,17.75,17.13,17.29,3.526734,3033899,17,603276,20260304
300962.SZ,中金辐照,16.2,-0.0616903146206142,17.75,18.1,-3.79403794,18.18,17.11,2659/5521,18.1,18.18,17.11,17.75,5.799457,1.2785639E7,33,300962,20260304
600435.SH,北方导航,14.45,1.8322762508809005,18.62,17.21,5.07900677,18.84,17.11,2659/5521,17.21,18.84,17.11,18.62,9.762979,1.24681009E8,17,600435,20260304
002612.SZ,朗姿股份,16.09,-1.590214067278297,17.2,17.43,-1.7704169,17.55,17.1,2661/5521,17.43,17.55,17.1,17.2,2.56996,6481170,33,002612,20260304
301376.SZ,致欧科技,16.65,-5.2901023890784975,17.26,17.87,-2.37556561,17.87,17.1,2661/5521,17.87,17.87,17.1,17.26,4.355203,3148952,33,301376,20260304
603368.SH,柳药集团,16.74,-1.4134275618374674,17.15,17.54,-2.39043825,17.54,17.1,2661/5521,17.54,17.54,17.1,17.15,2.504268,8075441,17,603368,20260304
603806.SH,福斯特,18.74,0.26752273943283655,17.58,17.1,-0.34013605,17.83,17.1,2661/5521,17.1,17.83,17.1,17.58,4.138321,3.4465668E7,17,603806,20260304
002633.SZ,申科股份,19.73,3.6784025223331542,17.96,17.23,3.8150289,18.6,17.09,2665/5521,17.23,18.6,17.09,17.96,8.728323,8052458,33,002633,20260304
688560.SH,明冠新材,16.87,0.6563245823388987,17.42,17.34,-2.40896359,17.95,17.07,2666/5521,17.34,17.95,17.07,17.42,4.929971,8157145,17,688560,20260304
002602.SZ,世纪华通,16.01,-8.930602957906693,17.35,17.21,-0.28735632,17.43,17.05,2667/5521,17.21,17.43,17.05,17.35,2.183908,1.06054457E8,33,002602,20260304
002271.SZ,东方雨虹,14.96,-0.5980066445182715,17.3,17.3,-2.80898876,17.88,17.04,2668/5521,17.3,17.88,17.04,17.3,4.719101,4.6951163E7,33,002271,20260304
603906.SH,龙蟠科技,33.17,0.5456198848135789,17.13,17.23,-1.55172414,17.53,17.04,2668/5521,17.23,17.53,17.04,17.13,2.816091,1.1380459E7,17,603906,20260304
300360.SZ,炬华科技,14.47,-1.6983695652173911,17.51,17.03,1.74317257,17.75,17.03,2670/5521,17.03,17.75,17.03,17.51,4.183614,1.2609682E7,33,300360,20260304
601579.SH,会稽山,17.85,-0.9433962264150841,17.6,17.2,1.14942529,17.66,17.03,2670/5521,17.2,17.66,17.03,17.6,3.620689,7360192,17,601579,20260304
000739.SZ,普洛药业,18.27,-1.0828370330265258,17.07,17.4,-2.34553776,17.66,17.02,2672/5521,17.162,17.422,16.782,16.83,3.661327,6643960,33,000739,20260304
300389.SZ,艾比森,16.37,-2.848664688427302,17.2,17.34,-1.48911798,17.39,17.02,2672/5521,17.34,17.39,17.02,17.2,2.119129,5366362,33,300389,20260304
600861.SH,北京人力,15.9,-0.9345794392523387,17.14,17.33,-1.66379805,17.42,17.02,2672/5521,17.33,17.42,17.02,17.14,2.294893,3136975,17,600861,20260304
603112.SH,华翔股份,20.75,-0.5273250239693166,17.15,17.19,-0.69484655,17.56,17.02,2672/5521,17.19,17.56,17.02,17.15,3.126809,5536320,17,603112,20260304
002803.SZ,吉宏股份,19.92,1.6845329249617247,17.23,17.18,0,17.55,17.01,2676/5521,17.18,17.55,17.01,17.23,3.134068,8036688,33,002803,20260304
300528.SZ,幸福蓝海,15.7,0.9646302250803767,17.38,17.1,0.63694268,17.5,17.01,2676/5521,17.1,17.5,17.01,17.38,2.83729,1.1072195E7,33,300528,20260304
603310.SH,巍华新材,16.59,-0.4201680672268925,17.25,17.08,0.46592895,17.4,17.01,2676/5521,17.08,17.4,17.01,17.25,2.271403,2846228,17,603310,20260304
002438.SZ,江苏神通,16.12,-0.4323656578134668,17.51,17,0.8640553,17.82,17,2679/5521,17,17.82,17,17.51,4.723502,1.2596516E7,33,002438,20260304
002730.SZ,电光科技,33.66,5.94900849858356,17.68,17.02,1.84331797,17.79,17,2679/5521,17.02,17.79,17,17.68,4.550691,2.1405261E7,33,002730,20260304
603079.SH,圣达生物,15.96,-0.80795525170913,17.08,17.35,-1.83908046,17.59,17,2679/5521,17.35,17.59,17,17.08,3.390804,3208460,17,603079,20260304
603214.SH,爱婴室,16.69,1.2742718446601993,17.61,18.39,-5.22066738,18.66,17,2679/5521,18.39,18.66,17,17.61,8.934337,1.52715E7,17,603214,20260304
603729.SH,ST龙韵,16.37,-4.991294254207774,17.16,17.12,-1.37931034,17.58,17,2679/5521,17.12,17.58,17,17.16,3.333333,3624900,22,603729,20260304
600053.SH,*ST九鼎,10.86,-4.9868766404199505,17.27,17.07,-0.34622043,17.48,16.98,2684/5521,17.07,17.48,16.98,17.27,2.88517,4293002,22,600053,20260304
600771.SH,广誉远,16.76,-0.8284023668638877,16.99,17.1,-1.45011601,17.32,16.98,2684/5521,17.1,17.32,16.98,16.99,1.972157,5258992,17,600771,20260304
603201.SH,常润股份,16.05,1.6466117796073565,17.33,17.2,0.1734104,17.47,16.98,2684/5521,17.2,17.47,16.98,17.33,2.832369,2327826,17,603201,20260304
603618.SH,杭电股份,28.26,-4.105870376654216,20.59,16.98,9.98931624,20.59,16.98,2684/5521,16.98,20.59,16.98,20.59,19.284188,9.8223956E7,17,603618,20260304
300224.SZ,正海磁材,13.22,-0.07558578987150254,17.18,17,-0.29019153,17.76,16.96,2688/5521,17,17.76,16.96,17.18,4.643064,2.717397E7,33,300224,20260304
300036.SZ,超图软件,14.95,0.5379959650302628,17.05,17,-0.87209302,17.38,16.95,2689/5521,17,17.38,16.95,17.05,2.5,1.19513E7,33,300036,20260304
601607.SH,上海医药,17.09,0.9450679267572365,17.0,17.21,-1.2202208,17.21,16.94,2690/5521,17.21,17.21,16.94,17.0,1.568855,1.4858157E7,17,601607,20260304
603043.SH,广州酒家,15.52,-1.7721518987341844,16.99,17.33,-3.08043354,17.64,16.94,2690/5521,17.33,17.64,16.94,16.99,3.993154,4737220,17,603043,20260304
002732.SZ,燕塘乳业,16.42,-0.4244996967859111,17.01,17.18,-0.9895227,17.25,16.93,2692/5521,17.18,17.25,16.93,17.01,1.86263,2674499,33,002732,20260304
603810.SH,丰山集团,16.07,-0.062189054726355796,17.06,17.33,-0.6406523,18.07,16.93,2692/5521,17.33,18.07,16.93,17.06,6.639487,7630479,17,603810,20260304
000559.SZ,万向钱潮,16.09,1.5782828282828283,17.49,16.91,1.68604651,17.64,16.91,2694/5521,16.91,17.64,16.91,17.49,4.244186,8.6154695E7,33,000559,20260304
300151.SZ,昌红科技,17.7,0.16977928692698122,17.35,16.91,0.69645966,18.04,16.91,2694/5521,16.91,18.04,16.91,17.35,6.558328,1.7476048E7,33,300151,20260304
301167.SZ,建研设计,17.72,1.7221584385763324,17.12,17.15,-0.86855819,17.4,16.91,2694/5521,17.15,17.4,16.91,17.12,2.83729,2436938,33,301167,20260304
300645.SZ,正元智慧,16.6,-0.6582884500299188,17.71,17.9,-1.77481974,18.14,16.9,2697/5521,17.9,18.14,16.9,17.71,6.877426,6111939,33,300645,20260304
300768.SZ,迪普科技,17.22,0.3496503496503422,17.01,17.01,-1.39130435,17.33,16.9,2697/5521,17.01,17.33,16.9,17.01,2.492753,5319789,33,300768,20260304
300719.SZ,安达维尔,15.34,1.054018445322794,18.44,17.03,5.5523755,18.6,16.89,2699/5521,17.03,18.6,16.89,18.44,9.788208,3.0874513E7,33,300719,20260304
600933.SH,爱柯迪,16.97,2.8484848484848415,16.93,17.06,-1.56976744,17.35,16.88,2700/5521,17.06,17.35,16.88,16.93,2.732558,1.236932E7,17,600933,20260304
920033.BJ,康普化学,17.55,5.3421368547419,17.02,16.93,0.59101655,17.37,16.88,2700/5521,16.93,17.37,16.88,17.02,2.895981,744611,151,920033,20260304
920020.BJ,泰凯英,16.16,2.2137887413029707,16.91,17.31,-2.42354299,17.31,16.87,2702/5521,17.31,17.31,16.87,16.91,2.538949,1501204,151,920020,20260304
920656.BJ,海昇药业,16.33,1.3656114214773363,16.87,17.07,-1.91860465,17.21,16.86,2703/5521,17.07,17.21,16.86,16.87,2.034883,293964,151,920656,20260304
301320.SZ,豪江智能,17.54,1.328711727325248,17.59,16.92,2.92568754,17.93,16.85,2704/5521,16.92,17.93,16.85,17.59,6.319485,5274357,33,301320,20260304
002034.SZ,旺能环境,17.49,-1.1305822498586933,16.99,17.08,-0.35190616,17.27,16.84,2705/5521,17.08,17.27,16.84,16.99,2.521994,4578400,33,002034,20260304
603238.SH,诺邦股份,15.94,0.3146633102580172,17.07,17.46,-2.73504274,17.55,16.83,2706/5521,17.46,17.55,16.83,17.07,4.102564,2891200,17,603238,20260304
600967.SH,内蒙一机,14.1,0.07097232079488848,17.5,17.09,1.09763143,17.75,16.82,2707/5521,17.09,17.75,16.82,17.5,5.372616,3.5823478E7,17,600967,20260304
688026.SH,洁特生物,15.94,-2.388242498469068,17.02,17.05,-1.33333333,17.59,16.82,2707/5521,17.05,17.59,16.82,17.02,4.463768,1931788,17,688026,20260304
002245.SZ,蔚蓝锂芯,20.66,-2.9135338345864707,17.19,16.9,-0.578369,17.49,16.8,2709/5521,16.9,17.49,16.8,17.19,3.990746,3.695783E7,33,002245,20260304
300542.SZ,新晨科技,15.27,0.9253139458030323,16.92,16.8,-0.70422535,17.26,16.8,2709/5521,16.8,17.26,16.8,16.92,2.69953,4141350,33,300542,20260304
600598.SH,北大荒,16.75,0.9036144578313167,17.37,16.8,3.39285714,17.57,16.8,2709/5521,16.8,17.57,16.8,17.37,4.583333,9.1845124E7,17,600598,20260304
300642.SZ,透景生命,16.51,0.3037667071688986,16.92,16.97,-1.45602796,17.19,16.78,2712/5521,16.97,17.19,16.78,16.92,2.387885,3663900,33,300642,20260304
603237.SH,五芳斋,17.08,-1.9517795637198816,16.88,17.01,-1.28654971,17.11,16.74,2713/5521,17.01,17.11,16.74,16.88,2.163742,1937181,17,603237,20260304
300298.SZ,三诺生物,16.63,0.30156815440289936,16.73,17.04,-2.04918033,17.14,16.72,2714/5521,17.04,17.14,16.72,16.73,2.459016,5106904,33,300298,20260304
300416.SZ,苏试试验,16.99,1.2514898688915215,16.93,16.79,0.29620853,17.24,16.72,2714/5521,16.79,17.24,16.72,16.93,3.080568,1.301637E7,33,300416,20260304
300465.SZ,高伟达,14.22,0.779588944011348,16.82,17.2,-3.27774583,17.5,16.72,2714/5521,17.2,17.5,16.72,16.82,4.485336,1.3788765E7,33,300465,20260304
300872.SZ,天阳科技,16.51,4.69245402663286,16.99,17.02,-1.39291933,17.28,16.72,2714/5521,17.02,17.28,16.72,16.99,3.250145,9424472,33,300872,20260304
001289.SZ,龙源电力,16.8,3.83189122373301,17.19,16.96,0.6440281,17.2,16.7,2718/5521,16.96,17.2,16.7,17.19,2.9274,1.0467271E7,33,001289,20260304
003015.SZ,日久光电,15.15,-1.1741682974559668,17.05,16.85,0.17626322,17.4,16.7,2718/5521,16.85,17.4,16.7,17.05,4.112808,7787701,33,003015,20260304
600258.SH,首旅酒店,15.65,-2.3705552089831614,16.78,16.9,-1.64126612,17.56,16.7,2718/5521,16.9,17.56,16.7,16.78,5.041031,1.6937302E7,17,600258,20260304
300741.SZ,华宝股份,16.58,0.4239854633555223,16.84,17.05,-1.80758017,17.19,16.68,2721/5521,17.02,17.16,16.65,16.81,2.97376,2950204,33,300741,20260304
002735.SZ,王子新材,14.45,0.5567153792623526,17.14,17,-0.98209128,17.49,16.66,2722/5521,17,17.49,16.66,17.14,4.794916,1.3265962E7,33,002735,20260304
300733.SZ,西菱动力,20.0,-0.49751243781095233,16.99,16.77,0.83086053,17.2,16.66,2722/5521,16.77,17.2,16.66,16.99,3.204747,4265184,33,300733,20260304
920077.BJ,吉林碳谷,18.09,-3.1584582441113485,17.13,16.67,2.75944811,17.27,16.61,2724/5521,16.67,17.27,16.61,17.13,3.959208,6596758,151,920077,20260304
300003.SZ,乐普医疗,14.35,-0.6232686980609409,16.75,16.7,-1.52851264,17.08,16.6,2725/5521,16.7,17.08,16.6,16.75,2.821869,2.6129002E7,33,300003,20260304
300481.SZ,濮阳惠成,14.6,-4.88599348534202,16.68,16.69,-0.71428571,17.11,16.6,2725/5521,16.69,17.11,16.6,16.68,3.035714,5828575,33,300481,20260304
600216.SH,浙江医药,14.54,-1.0884353741496609,16.91,16.68,0.83482409,17.55,16.6,2725/5521,16.68,17.55,16.6,16.91,5.664877,4.0303674E7,17,600216,20260304
605188.SH,国光连锁,16.12,1.7034700315457498,17.0,16.58,-0.41007616,17.15,16.58,2728/5521,16.58,17.15,16.58,17.0,3.339191,5411300,17,605188,20260304
002643.SZ,万润股份,16.56,0.24213075060532172,16.64,16.65,-1.18764846,17.14,16.56,2729/5521,16.65,17.14,16.56,16.64,3.44418,1.9753987E7,33,002643,20260304
300823.SZ,建科智能,18.81,0.37353255069370483,16.87,16.77,-0.70629782,17.08,16.56,2729/5521,16.77,17.08,16.56,16.87,3.060623,3183043,33,300823,20260304
603132.SH,金徽股份,19.47,-2.0130850528434934,18.44,16.73,6.71296296,18.9,16.56,2729/5521,16.73,18.9,16.56,18.44,13.541666,2.50124E7,17,603132,20260304
688772.SH,珠海冠宇,16.6,-4.1016753321779165,16.66,17,1.21506683,17.25,16.55,2732/5521,17,17.25,16.55,16.66,4.252733,3.4815508E7,17,688772,20260304
601677.SH,明泰铝业,17.75,-1.0039040713887324,17.09,16.55,2.76608539,17.15,16.53,2733/5521,16.55,17.15,16.53,17.09,3.728202,5.5385354E7,17,601677,20260304
000737.SZ,北方铜业,14.34,3.0913012221423415,16.93,16.62,-0.82015231,17.41,16.52,2734/5521,16.62,17.41,16.52,16.93,5.213825,7.14584E7,33,000737,20260304
300826.SZ,测绘股份,17.0,1.2507444907683196,16.68,16.69,-1.00890208,16.85,16.51,2735/5521,16.69,16.85,16.51,16.68,2.017804,2880429,33,300826,20260304
002078.SZ,太阳纸业,14.71,-2.647253474520176,16.53,16.76,-2.47787611,16.95,16.5,2736/5521,16.76,16.95,16.5,16.53,2.654867,2.5812901E7,33,002078,20260304
002655.SZ,共达电声,31.52,2.671009771986972,16.63,16.5,-1.53937241,17.28,16.5,2736/5521,16.5,17.28,16.5,16.63,4.618117,2.6442995E7,33,002655,20260304
600295.SH,鄂尔多斯,15.67,1.7532467532467504,16.65,16.52,-3.08498254,17.32,16.5,2736/5521,16.52,17.32,16.5,16.65,4.772991,1.291687E7,17,600295,20260304
300707.SZ,威唐工业,15.19,-0.718954248366021,16.79,16.49,0.35863718,17.03,16.47,2739/5521,16.49,17.03,16.47,16.79,3.34728,7389149,33,300707,20260304
603181.SH,皇马科技,15.18,-3.496503496503501,16.62,16.56,-0.41941282,17.02,16.46,2740/5521,16.56,17.02,16.46,16.62,3.355302,6242044,17,603181,20260304
300218.SZ,安利股份,15.28,1.5957446808510654,16.61,16.61,-0.95408468,16.99,16.44,2741/5521,16.61,16.99,16.44,16.61,3.279666,6065600,33,300218,20260304
002324.SZ,普利特,14.63,-2.401601067378248,16.52,16.47,-0.84033613,16.86,16.43,2742/5521,16.47,16.86,16.43,16.52,2.581032,2.0108412E7,33,002324,20260304
601838.SH,成都银行,19.15,0.7894736842105189,16.66,16.65,-0.59665871,16.75,16.43,2742/5521,16.65,16.75,16.43,16.66,1.909307,3.352213E7,17,601838,20260304
920489.BJ,佳先股份,14.61,1.2474012474012455,16.65,16.51,0.78692494,16.96,16.43,2742/5521,16.51,16.96,16.43,16.65,3.208232,1710883,151,920489,20260304
920510.BJ,丰光精密,15.15,2.9911624745071346,16.51,16.5,-0.24169184,16.83,16.42,2745/5521,16.5,16.83,16.42,16.51,2.477341,1118979,151,920510,20260304
002862.SZ,实丰文化,18.53,0.5425935973955585,16.58,16.49,-1.19189511,16.82,16.41,2746/5521,16.49,16.82,16.41,16.58,2.443384,3121470,33,002862,20260304
300171.SZ,东富龙,13.12,-0.5307050796057641,16.68,16.53,-0.11976048,17.05,16.41,2746/5521,16.53,17.05,16.41,16.68,3.832335,9068300,33,300171,20260304
605303.SH,园林股份,23.14,1.0480349344978253,16.87,16.8,-0.41322314,17.01,16.41,2746/5521,16.8,17.01,16.41,16.87,3.541912,3052400,17,605303,20260304
688179.SH,阿拉丁,19.73,2.1221532091097317,17.23,16.41,3.48348348,17.67,16.41,2746/5521,16.41,17.67,16.41,17.23,7.567567,2.0502627E7,17,688179,20260304
000819.SZ,岳阳兴长,16.34,-0.5477784540474733,16.72,17.8,-7.72626932,17.8,16.4,2750/5521,17.8,17.8,16.4,16.72,7.726269,2.5605166E7,33,000819,20260304
600129.SH,太极集团,15.56,0.0,16.46,16.78,-2.54588514,16.89,16.4,2750/5521,16.78,16.89,16.4,16.46,2.901124,7119982,17,600129,20260304
688488.SH,艾迪药业,17.26,-0.231213872832365,17.0,16.5,2.5950513,17.29,16.4,2750/5521,16.5,17.29,16.4,17.0,5.371152,7878669,17,688488,20260304
003038.SZ,鑫铂股份,14.6,-0.47716428084526435,16.85,16.5,0.71727436,17.22,16.38,2753/5521,16.5,17.22,16.38,16.85,5.02092,6863347,33,003038,20260304
920001.BJ,纬达光电,14.44,1.404494382022467,16.41,16.7,-1.20409392,17.1,16.38,2753/5521,16.7,17.1,16.38,16.41,4.334738,1570333,151,920001,20260304
002878.SZ,元隆雅图,19.55,4.601391118245047,16.52,16.46,-1.19617225,16.79,16.37,2755/5521,16.46,16.79,16.37,16.52,2.511961,6939000,33,002878,20260304
002043.SZ,兔宝宝,14.83,-0.33602150537634884,16.41,16.85,-2.95683028,17.15,16.36,2756/5521,16.85,17.15,16.36,16.41,4.671791,9264050,33,002043,20260304
300650.SZ,太龙股份,15.92,0.759493670886071,16.57,16.44,-0.77844311,17.04,16.36,2756/5521,16.44,17.04,16.36,16.57,4.071856,7588761,33,300650,20260304
603677.SH,奇精机械,15.74,0.5108556832694768,16.56,16.65,-1.48720999,16.84,16.36,2756/5521,16.45,16.64,16.16,16.36,2.855443,1805900,17,603677,20260304
300440.SZ,运达科技,18.3,3.273137697516941,16.65,16.61,-0.59701493,17.07,16.35,2759/5521,16.61,17.07,16.35,16.65,4.298507,9576590,33,300440,20260304
688101.SH,三达膜,21.92,-0.09115770282588684,16.46,16.7,-2.25653207,16.85,16.35,2759/5521,16.7,16.85,16.35,16.46,2.969121,3497502,17,688101,20260304
301188.SZ,力诺药包,26.85,4.474708171206234,16.45,16.87,-3.1213192,17.06,16.34,2761/5521,16.87,17.06,16.34,16.45,4.240282,5557360,33,301188,20260304
603110.SH,东方材料,22.13,2.4062933826931956,16.4,16.57,-3.35886859,17,16.33,2762/5521,16.57,17,16.33,16.4,3.948143,1.158801E7,17,603110,20260304
603595.SH,ST东尼,18.08,-2.691065662002153,16.49,16.42,-1.25748503,16.8,16.33,2762/5521,16.42,16.8,16.33,16.49,2.814371,2981700,22,603595,20260304
603823.SH,百合花,16.7,4.24469413233458,16.74,16.7,-1.64512338,17.01,16.33,2762/5521,16.7,17.01,16.33,16.74,3.995299,6663414,17,603823,20260304
603985.SH,恒润股份,26.12,-3.1516499814608747,16.67,16.42,0.54282268,17.06,16.33,2762/5521,16.42,17.06,16.33,16.67,4.402895,1.1448614E7,17,603985,20260304
688403.SH,汇成股份,17.01,4.805914972273574,16.4,16.48,-2.49702735,17.04,16.33,2762/5521,16.48,17.04,16.33,16.4,4.221165,2.745373E7,17,688403,20260304
002082.SZ,万邦德,,,16.73,16.55,-0.41666667,16.96,16.32,2767/5521,16.55,16.96,16.32,16.73,3.809523,9525219,33,002082,20260304
002805.SZ,丰元股份,22.85,10.014443909484843,16.66,16.86,0,17.21,16.32,2767/5521,16.86,17.21,16.32,16.66,5.342136,2.322917E7,33,002805,20260304
603219.SH,富佳股份,16.63,1.1557177615571637,16.63,16.49,0.72683222,16.79,16.32,2767/5521,16.49,16.79,16.32,16.63,2.846759,3755040,17,603219,20260304
002611.SZ,东方精工,17.2,2.5641025641025625,16.49,16.33,-0.06060606,16.74,16.3,2770/5521,16.33,16.74,16.3,16.49,2.666666,2.4397054E7,33,002611,20260304
300797.SZ,钢研纳克,15.87,0.5066497783407224,16.54,16.41,-0.06042296,16.74,16.3,2770/5521,16.41,16.74,16.3,16.54,2.65861,5412000,33,300797,20260304
301439.SZ,泓淋电力,16.48,2.679127725856696,16.94,16.4,1.9253911,17.15,16.3,2770/5521,16.4,17.15,16.3,16.94,5.11432,8175013,33,301439,20260304
600776.SH,东方通信,16.62,-2.4647887323943554,16.64,16.38,-0.53795577,17.04,16.3,2770/5521,16.38,17.04,16.3,16.64,4.423191,2.484526E7,17,600776,20260304
603178.SH,圣龙股份,19.46,10.005652911249289,16.38,16.42,-0.42553191,16.68,16.3,2770/5521,16.42,16.68,16.3,16.38,2.31003,1532900,17,603178,20260304
002603.SZ,以岭药业,17.04,0.4124926340601078,16.4,16.49,-0.54578532,16.6,16.28,2775/5521,16.49,16.6,16.28,16.4,1.94057,1.3080828E7,33,002603,20260304
600768.SH,宁波富邦,18.88,3.2258064516129026,17.05,16.27,0.11743981,17.37,16.27,2776/5521,16.27,17.37,16.27,17.05,6.459189,6572201,17,600768,20260304
002465.SZ,海格通信,16.1,5.022831050228319,17.11,16.3,1.12293144,17.63,16.26,2777/5521,16.3,17.63,16.26,17.11,8.096926,1.4542384E8,33,002465,20260304
002250.SZ,联化科技,16.55,0.24227740763173317,16.78,16.25,1.02347983,17.17,16.25,2778/5521,16.25,17.17,16.25,16.78,5.538832,2.1897513E7,33,002250,20260304
601001.SH,晋控煤业,19.33,0.05175983436851972,17.29,16.66,1.70588235,17.53,16.25,2778/5521,16.66,17.53,16.25,17.29,7.529411,4.4738781E7,17,601001,20260304
688310.SH,迈得医疗,17.39,6.2309102015882685,16.39,16.26,0.06105006,16.61,16.25,2778/5521,16.26,16.61,16.25,16.39,2.197802,3215974,17,688310,20260304
300199.SZ,翰宇药业,20.74,-1.1439466158246043,16.36,16.32,-0.78835658,16.67,16.23,2781/5521,16.32,16.67,16.23,16.36,2.668283,1.6098847E7,33,300199,20260304
603456.SH,九洲药业,13.79,-1.217765042979955,16.26,16.34,-1.39478472,16.55,16.22,2782/5521,16.34,16.55,16.22,16.26,2.001212,1.1027764E7,17,603456,20260304
600926.SH,杭州银行,17.4,0.0,16.49,16.41,0.06067961,16.58,16.21,2783/5521,16.41,16.58,16.21,16.49,2.245145,4.0088819E7,17,600926,20260304
002577.SZ,雷柏科技,17.19,3.3674082982561773,16.5,16.31,-0.06056935,16.55,16.2,2784/5521,16.31,16.55,16.2,16.5,2.119927,1751763,33,002577,20260304
603038.SH,华立股份,16.84,0.4773269689737368,16.43,16.35,0.48929664,16.63,16.2,2784/5521,16.35,16.63,16.2,16.43,2.629969,2688204,17,603038,20260304
603858.SH,步长制药,16.28,-1.393095093882498,16.22,16.55,-2.58258258,16.68,16.2,2784/5521,16.55,16.68,16.2,16.22,2.882882,6976389,17,603858,20260304
600889.SH,*ST京化,15.39,2.943143812709039,16.38,16.36,-0.48602673,16.66,16.19,2787/5521,16.36,16.66,16.19,16.38,2.855407,5376600,22,600889,20260304
000555.SZ,神州信息,13.71,0.2192982456140434,16.38,16.26,-0.84745763,16.79,16.18,2788/5521,16.26,16.79,16.18,16.38,3.692493,2.4646283E7,33,000555,20260304
001205.SZ,盛航股份,15.12,0.0,16.18,17.21,-10.01112347,17.26,16.18,2788/5521,17.21,17.26,16.18,16.18,6.006674,1.8490225E7,33,001205,20260304
300691.SZ,联合光电,16.4,-0.6060606060606146,16.28,16.5,-2.28091236,16.7,16.18,2788/5521,16.5,16.7,16.18,16.28,3.121248,5450314,33,300691,20260304
603122.SH,合富中国,15.05,-1.3114754098360608,16.78,16.17,1.94410693,17.1,16.17,2791/5521,16.17,17.1,16.17,16.78,5.65006,2.01417E7,17,603122,20260304
600897.SH,厦门空港,16.12,0.24875621890548946,16.38,16.75,-3.07692308,16.79,16.16,2792/5521,16.75,16.79,16.16,16.38,3.72781,7223876,17,600897,20260304
300432.SZ,富临精工,28.12,1.8471568272365142,16.25,16.18,-0.79365079,16.64,16.15,2793/5521,16.18,16.64,16.15,16.25,2.991452,2.8800127E7,33,300432,20260304
300858.SZ,科拓生物,17.85,-2.4056861673045256,16.25,16.5,-2.46098439,16.76,16.15,2793/5521,16.5,16.76,16.15,16.25,3.661464,4369638,33,300858,20260304
603367.SH,辰欣药业,15.55,-0.7024265644955264,16.26,16.47,-1.93003619,16.58,16.14,2795/5521,16.47,16.58,16.14,16.26,2.653799,7031600,17,603367,20260304
300901.SZ,中胤时尚,16.01,1.0094637223974885,16.39,16.3,-0.30413625,16.58,16.12,2796/5521,16.3,16.58,16.12,16.39,2.798053,1853800,33,300901,20260304
601898.SH,中煤能源,18.72,0.053447354355948745,17.2,17,-1.71428571,17.62,16.12,2796/5521,17,17.62,16.12,17.2,8.571428,9.4171497E7,17,601898,20260304
300058.SZ,蓝色光标,17.12,-1.552616446233465,16.33,16.11,-0.36607688,16.66,16.11,2798/5521,16.11,16.66,16.11,16.33,3.355704,2.42486285E8,33,300058,20260304
002229.SZ,鸿博股份,16.39,1.8645121193287801,16.21,16.14,-1.27892814,16.63,16.1,2799/5521,16.14,16.63,16.1,16.21,3.227771,2.6821682E7,33,002229,20260304
300673.SZ,佩蒂股份,16.12,-0.1857585139318736,16.31,16.28,-0.30562347,16.36,16.1,2799/5521,16.28,16.36,16.1,16.31,1.589242,2601627,33,300673,20260304
301298.SZ,东利机械,16.59,1.2202562538132964,16.3,16.3,-0.36674817,16.7,16.1,2799/5521,16.3,16.7,16.1,16.3,3.667481,2655200,33,301298,20260304
603070.SH,万控智造,13.85,-8.460013218770662,16.63,16.31,1.40243902,16.89,16.1,2799/5521,16.31,16.89,16.1,16.63,4.817073,1.4919985E7,17,603070,20260304
603187.SH,海容冷链,13.98,-3.652653342522394,16.54,16.42,-0.06042296,16.64,16.1,2799/5521,16.42,16.64,16.1,16.54,3.262839,9185752,17,603187,20260304
603848.SH,好太太,16.1,1.1306532663316677,16.4,16.28,-0.18259282,16.5,16.1,2799/5521,16.28,16.5,16.1,16.4,2.43457,1916600,17,603848,20260304
300174.SZ,元力股份,17.82,-2.356164383561642,16.22,16.14,-1.27814973,16.52,16.09,2805/5521,16.14,16.52,16.09,16.22,2.617163,7456780,33,300174,20260304
301136.SZ,招标股份,16.13,2.80433397068196,16.65,16.2,1.83486239,16.79,16.09,2805/5521,16.2,16.79,16.09,16.65,4.281345,8217288,33,301136,20260304
003036.SZ,泰坦股份,32.75,-6.562054208273887,16.6,16.19,1.46699267,16.72,16.07,2807/5521,16.19,16.72,16.07,16.6,3.973105,4596000,33,003036,20260304
300024.SZ,机器人,14.98,2.252559726962458,16.25,16.12,0.74395536,16.47,16.07,2807/5521,16.12,16.47,16.07,16.25,2.479851,2.5779168E7,33,300024,20260304
000801.SZ,四川九洲,12.78,-1.1600928074245966,16.18,16.08,-0.73619632,16.55,16.06,2809/5521,16.08,16.55,16.06,16.18,3.006134,2.5048669E7,33,000801,20260304
600531.SH,豫光金铅,14.73,-3.4098360655737676,16.7,16.06,-3.96779758,17.26,16.06,2809/5521,16.06,17.26,16.06,16.7,6.900517,8.4901662E7,17,600531,20260304
003039.SZ,顺控发展,14.3,-1.7182130584192439,16.5,16.16,0.30395137,16.78,16.02,2811/5521,16.16,16.78,16.02,16.5,4.62006,6957671,33,003039,20260304
920870.BJ,恒进感应,14.56,0.7612456747404929,16.15,16.72,-2.06185567,16.79,16.02,2811/5521,16.72,16.79,16.02,16.15,4.669496,925558,151,920870,20260304
301516.SZ,中远通,20.56,3.472571716154996,16.34,16.01,1.11386139,16.54,16.01,2813/5521,16.01,16.54,16.01,16.34,3.279702,2878053,33,301516,20260304
600499.SH,科达制造,19.25,-3.9900249376558636,16.49,16.1,0.54878049,16.83,16.01,2813/5521,16.1,16.83,16.01,16.49,5,2.5280392E7,17,600499,20260304
688030.SH,山石网科,16.57,1.345565749235467,16.09,16.1,-0.98461538,16.39,16,2815/5521,16.1,16.39,16,16.09,2.4,1927697,17,688030,20260304
002144.SZ,宏达高科,14.25,-0.2100840336134409,16.18,16.22,-1.1002445,17,15.99,2816/5521,16.22,17,15.99,16.18,6.173594,1.32398E7,33,002144,20260304
002911.SZ,佛燃能源,12.22,0.08190008190008015,15.99,17.77,-10.01688239,17.8,15.99,2816/5521,17.5,17.53,15.72,15.72,10.185706,2.0378523E7,33,002911,20260304
300498.SZ,温氏股份,16.44,1.985111662531019,16.29,16.05,1.18012422,16.36,15.96,2818/5521,16.05,16.36,15.96,16.29,2.484472,8.4805228E7,33,300498,20260304
300655.SZ,晶瑞电材,14.42,-2.6333558406482145,16.06,16.14,-1.59313725,16.63,15.96,2818/5521,16.14,16.63,15.96,16.06,4.105392,4.2568193E7,33,300655,20260304
601155.SH,新城控股,14.78,0.4758667573079436,16.16,16.27,-1.46341463,16.65,15.96,2818/5521,16.27,16.65,15.96,16.16,4.207317,1.6235072E7,17,601155,20260304
002832.SZ,比音勒芬,20.24,2.897813929842383,16.32,16.03,1.68224299,16.5,15.92,2821/5521,16.03,16.5,15.92,16.32,3.613707,1.7562001E7,33,002832,20260304
603153.SH,上海建科,17.43,6.345332519829158,15.95,16.2,-1.66461159,16.22,15.92,2821/5521,16.2,16.22,15.92,15.95,1.849568,2257426,17,603153,20260304
601788.SH,光大证券,15.19,2.913279132791326,15.91,16.11,-1.85070944,16.14,15.91,2823/5521,16.11,16.14,15.91,15.91,1.418877,2.4175457E7,17,601788,20260304
300831.SZ,派瑞股份,20.22,3.7455105182144712,17.12,16.09,5.22433927,17.76,15.9,2824/5521,16.09,17.76,15.9,17.12,11.432083,3.91252E7,33,300831,20260304
300996.SZ,普联软件,12.5,0.6441223832528186,16.01,16.01,-0.74395536,16.3,15.9,2824/5521,11.36428571,11.57142857,11.28571429,11.36,2.479851,5105663,33,300996,20260304
600686.SH,金龙汽车,15.54,-5.243902439024387,16.14,16,-0.55452865,16.54,15.88,2826/5521,16,16.54,15.88,16.14,4.066543,1.7358977E7,17,600686,20260304
002835.SZ,同为股份,15.49,0.3238341968911963,16.04,16.06,-0.31075202,16.27,15.86,2827/5521,16.06,16.27,15.86,16.04,2.548166,2968000,33,002835,20260304
600550.SH,保变电气,14.95,-1.3201320132013272,17.4,15.86,7.73993808,17.77,15.86,2827/5521,15.86,17.77,15.86,17.4,11.826625,2.1124796E8,17,600550,20260304
603025.SH,大豪科技,16.36,0.24509803921568105,15.96,16.25,-1.84501845,16.35,15.86,2827/5521,16.25,16.35,15.86,15.96,3.01353,6810130,17,603025,20260304
301109.SZ,军信股份,16.69,0.24024024024025648,17.02,17.45,-3.40522134,17.56,15.84,2830/5521,17.45,17.56,15.84,17.02,9.761634,2.1583465E7,33,301109,20260304
300181.SZ,佐力药业,15.21,-1.3618677042801497,15.88,16.11,-1.85414091,16.22,15.83,2831/5521,16.11,16.22,15.83,15.88,2.410383,1.3809894E7,33,300181,20260304
920436.BJ,大地电气,14.52,0.41493775933609073,16.11,16.07,0.18656716,16.31,15.83,2831/5521,16.07,16.31,15.83,16.11,2.985074,676897,151,920436,20260304
002725.SZ,跃岭股份,16.9,5.164903546981943,16.4,15.97,-0.42501518,16.8,15.82,2833/5521,15.97,16.8,15.82,16.4,5.950212,3.5946918E7,33,002725,20260304
688556.SH,高测股份,13.37,1.67300380228136,15.92,15.96,-1.60692213,16.6,15.82,2833/5521,15.96,16.6,15.82,15.92,4.820766,4.8262021E7,17,688556,20260304
300956.SZ,英力股份,15.76,0.8962868117797732,15.99,16,-0.92936803,16.27,15.81,2835/5521,15.9,16.17,15.71,15.89,2.850061,6212023,33,300956,20260304
920926.BJ,鸿智科技,14.17,1.2866333095067886,15.81,16.07,-2.04460967,16.31,15.81,2835/5521,16.07,16.31,15.81,15.81,3.097893,604441,151,920926,20260304
600999.SH,招商证券,15.72,0.31908104658583736,15.95,16.2,-2.38678091,16.23,15.8,2837/5521,16.2,16.23,15.8,15.95,2.631578,6.6152978E7,17,600999,20260304
300612.SZ,宣亚国际,15.19,0.6626905235255113,15.94,15.8,0,16.19,15.78,2838/5521,15.8,16.19,15.78,15.94,2.572145,8925504,33,300612,20260304
603331.SH,百达精工,14.08,0.2135231316725933,16.6,15.85,2.15384615,16.8,15.78,2838/5521,15.85,16.8,15.78,16.6,6.276923,2.0885161E7,17,603331,20260304
605555.SH,德昌股份,15.37,0.7868852459016342,15.91,15.81,-0.81047382,16.23,15.78,2838/5521,15.81,16.23,15.78,15.91,2.805486,6684268,17,605555,20260304
002085.SZ,万丰奥威,13.63,-0.5109489051094782,16.09,15.76,0.81453634,16.48,15.75,2841/5521,15.76,16.48,15.75,16.09,4.573934,5.7339512E7,33,002085,20260304
300848.SZ,美瑞新材,17.8,-1.5486725663716683,16.16,15.82,0.12391574,16.43,15.75,2841/5521,15.82,16.43,15.75,16.16,4.213135,7310762,33,300848,20260304
002276.SZ,万马股份,12.9,-3.9463886820550957,16.14,15.8,0.74906367,16.44,15.74,2843/5521,15.8,16.44,15.74,16.14,4.369538,2.9574187E7,33,002276,20260304
920261.BJ,一诺威,15.54,0.5174644243208169,15.92,15.8,0.12578616,16.21,15.73,2844/5521,15.8,16.21,15.73,15.92,3.018867,2059329,151,920261,20260304
000948.SZ,南天信息,14.49,0.48543689320388544,15.82,15.86,-1.31004367,16.12,15.72,2845/5521,15.86,16.12,15.72,15.82,2.495321,4838814,33,000948,20260304
601133.SH,柏诚股份,22.78,-2.399314481576687,16.04,15.77,-1.35301353,16.42,15.72,2845/5521,15.77,16.42,15.72,16.04,4.305043,1.1675621E7,17,601133,20260304
002823.SZ,凯中精密,16.24,0.3708281829418957,15.88,15.8,-0.56355667,16.17,15.71,2847/5521,15.8,16.17,15.71,15.88,2.8804,5911978,33,002823,20260304
603209.SH,兴通股份,14.88,-0.7999999999999948,16.17,17,-7.33524355,17,15.71,2847/5521,17,17,15.71,16.17,7.39255,1.9862301E7,17,603209,20260304
001300.SZ,三柏硕,18.05,3.4383954154727876,15.93,15.71,-0.37523452,16.16,15.7,2849/5521,15.71,16.16,15.7,15.93,2.876797,2573600,33,001300,20260304
601177.SH,杭齿前进,15.93,-0.06273525721455324,15.93,15.88,0.31486146,16.35,15.66,2850/5521,15.88,16.35,15.66,15.93,4.345088,8031566,17,601177,20260304
002941.SZ,新疆交建,13.9,-2.043692741367154,15.79,15.74,-0.62932662,16.15,15.65,2851/5521,15.74,16.15,15.65,15.79,3.146633,1.3055816E7,33,002941,20260304
300093.SZ,*ST金刚,22.08,2.793296089385465,15.98,15.65,-2.44200244,16.35,15.65,2851/5521,15.65,16.35,15.65,15.98,4.273504,2419100,33,300093,20260304
300401.SZ,花园生物,13.05,-1.2112036336109018,15.75,16.18,-3.55174525,16.39,15.65,2851/5521,16.18,16.39,15.65,15.75,4.531537,2.4989682E7,33,300401,20260304
301303.SZ,真兰仪表,15.43,0.3903708523096975,15.68,15.8,-1.25944584,15.96,15.62,2854/5521,15.8,15.96,15.62,15.68,2.141057,3831522,33,301303,20260304
920892.BJ,广咨国际,14.98,-1.8348623853210968,15.75,16.17,-1.5625,16.17,15.62,2854/5521,16.17,16.17,15.62,15.75,3.4375,923872,151,920892,20260304
600737.SH,中粮糖业,15.05,1.5519568151147127,15.67,16.29,-4.74164134,16.29,15.6,2856/5521,16.29,16.29,15.6,15.67,4.194528,4.0054718E7,17,600737,20260304
600749.SH,西藏旅游,16.24,-2.8126870137642275,15.9,15.81,0.76045627,15.99,15.6,2856/5521,15.81,15.99,15.6,15.9,2.471482,4402201,17,600749,20260304
300122.SZ,智飞生物,15.15,0.6644518272425225,15.63,15.89,-2.1902378,15.98,15.58,2858/5521,15.89,15.98,15.58,15.63,2.503128,1.8254309E7,33,300122,20260304
603915.SH,国茂股份,15.71,-0.569620253164556,15.61,15.86,-2.19298246,16.03,15.58,2858/5521,15.86,16.03,15.58,15.61,2.819548,8077128,17,603915,20260304
002806.SZ,华锋股份,14.08,-0.4243281471004278,15.8,15.61,1.15236876,16.13,15.57,2860/5521,15.61,16.13,15.57,15.8,3.585147,7748674,33,002806,20260304
300290.SZ,荣科科技,15.82,0.12658227848100995,15.78,15.64,-0.06333122,16.09,15.55,2861/5521,15.64,16.09,15.55,15.78,3.419886,1.6065893E7,33,300290,20260304
300531.SZ,优博讯,18.93,-2.221074380165288,15.7,15.72,-1.4438167,16,15.55,2861/5521,15.72,16,15.55,15.7,2.824858,6432252,33,300531,20260304
920992.BJ,中科美菱,15.19,0.6626905235255113,15.68,15.87,-1.25944584,16.08,15.55,2861/5521,15.87,16.08,15.55,15.68,3.337531,759393,151,920992,20260304
605007.SH,五洲特纸,15.86,1.7971758664955029,15.8,15.65,-4.24242424,16.38,15.53,2864/5521,15.65,16.38,15.53,15.8,5.151515,1.9414967E7,17,605007,20260304
688022.SH,瀚川智能,16.35,0.0,15.83,16.08,-2.88343558,16.41,15.53,2864/5521,16.08,16.41,15.53,15.83,5.398773,6118819,17,688022,20260304
301198.SZ,喜悦智行,18.9,8.371559633027505,15.79,16,-1.43570537,16.48,15.52,2866/5521,16,16.48,15.52,15.79,5.992509,6027537,33,301198,20260304
688410.SH,山外山,17.17,5.2728387492336175,15.7,15.73,-1.07120353,15.94,15.52,2866/5521,15.73,15.94,15.52,15.7,2.646502,4883880,17,688410,20260304
300838.SZ,浙江力诺,17.79,4.34017595307917,15.75,15.71,-1.5625,16.03,15.51,2868/5521,15.71,16.03,15.51,15.75,3.25,2644522,33,300838,20260304
301265.SZ,华新科技,26.06,0.2693343593689892,15.89,15.54,0.69708492,16.22,15.51,2868/5521,15.54,16.22,15.51,15.89,4.499366,6159400,33,301265,20260304
002715.SZ,登云股份,17.5,2.1003500583430537,15.89,15.96,-0.62539087,16.09,15.5,2870/5521,15.96,16.09,15.5,15.89,3.689806,3401950,33,002715,20260304
300349.SZ,金卡智能,13.08,-0.9090909090909032,15.98,15.6,1.71865054,16.27,15.5,2870/5521,15.6,16.27,15.5,15.98,4.901336,1.245867E7,33,300349,20260304
300786.SZ,国林科技,16.38,2.2471910112359517,15.66,15.6,-0.44500954,15.95,15.5,2870/5521,15.6,15.95,15.5,15.66,2.860775,5314540,33,300786,20260304
600560.SH,金自天正,14.53,0.9728978457261903,15.68,15.56,-0.19096117,15.83,15.5,2870/5521,15.56,15.83,15.5,15.68,2.100572,3016303,17,600560,20260304
600756.SH,浪潮软件,16.51,1.6000000000000096,15.75,15.5,-0.44247788,16.05,15.5,2870/5521,15.5,16.05,15.5,15.75,3.476611,7574195,17,600756,20260304
920271.BJ,邦德股份,12.81,0.07812499999999833,15.6,15.8,-1.26582278,15.88,15.5,2870/5521,15.8,15.88,15.5,15.6,2.405063,609324,151,920271,20260304
920663.BJ,明阳科技,15.45,0.5859374999999991,15.61,15.83,-1.70025189,15.93,15.5,2870/5521,15.83,15.93,15.5,15.61,2.707808,782880,151,920663,20260304
601865.SH,福莱特,13.52,-1.8155410312273057,15.52,15.88,-3.78177309,16.12,15.49,2877/5521,15.88,16.12,15.49,15.52,3.905765,2.8825236E7,17,601865,20260304
603305.SH,旭升集团,15.41,1.8506278916060763,15.6,15.63,-1.57728707,15.98,15.48,2878/5521,15.63,15.98,15.48,15.6,3.154574,2.904913E7,17,603305,20260304
600621.SH,华鑫股份,14.14,-0.7719298245613995,15.51,15.71,-1.89753321,15.88,15.47,2879/5521,15.71,15.88,15.47,15.51,2.593295,1.6802287E7,17,600621,20260304
920802.BJ,保丽洁,15.7,4.042412193505629,15.63,15.89,-2.06766917,16.01,15.46,2880/5521,15.89,16.01,15.46,15.63,3.446115,1157667,151,920802,20260304
002670.SZ,国盛证券,12.64,0.3174603174603248,15.69,15.49,-0.63331222,16,15.45,2881/5521,15.49,16,15.45,15.69,3.483217,2.4838937E7,33,002670,20260304
300386.SZ,飞天诚信,12.69,0.6344171292624907,15.55,15.61,-1.14431024,15.79,15.45,2881/5521,15.61,15.79,15.45,15.55,2.161474,4310305,33,300386,20260304
603206.SH,嘉环科技,16.6,-0.7177033492822814,15.59,15.6,-0.31969309,15.73,15.45,2881/5521,15.6,15.73,15.45,15.59,1.790281,2604394,17,603206,20260304
920475.BJ,三友科技,14.59,3.0367231638418057,15.59,16,-2.07286432,16.1,15.45,2881/5521,16,16.1,15.45,15.59,4.082914,657417,151,920475,20260304
300012.SZ,华测检测,16.54,-0.06042296072508497,15.51,15.51,-1.52380952,15.91,15.44,2885/5521,15.36,15.76,15.29,15.36,2.984126,2.4045511E7,33,300012,20260304
300721.SZ,怡达股份,20.0,-9.049567985447924,15.8,15.52,-0.12642225,16.15,15.43,2886/5521,15.52,16.15,15.43,15.8,4.551201,8302480,33,300721,20260304
002645.SZ,华宏科技,25.77,9.98719590268886,15.78,15.57,0.06341154,16.29,15.42,2887/5521,15.57,16.29,15.42,15.78,5.516804,2.1489137E7,33,002645,20260304
301260.SZ,格力博,17.13,2.513464991023328,15.6,15.83,-2.19435737,16,15.42,2887/5521,15.83,16,15.42,15.6,3.636363,3233433,33,301260,20260304
603580.SH,*ST艾艾,21.21,5.000000000000008,15.44,16.4,-3.92034848,16.4,15.42,2887/5521,16.4,16.4,15.42,15.44,6.098319,1157152,22,603580,20260304
688526.SH,科前生物,14.41,-1.8392370572207055,15.48,15.75,-1.90114068,15.98,15.42,2887/5521,15.75,15.98,15.42,15.48,3.548795,2813494,17,688526,20260304
002258.SZ,利尔化学,12.9,-0.4629629629629668,15.63,15.51,-1.07594937,16.04,15.4,2891/5521,15.51,16.04,15.4,15.63,4.050632,1.5930993E7,33,002258,20260304
600161.SH,天坛生物,14.26,-1.3148788927335606,15.58,15.85,-2.31974922,15.89,15.4,2891/5521,15.85,15.89,15.4,15.58,3.0721,1.7985107E7,17,600161,20260304
600352.SH,浙江龙盛,13.12,-1.204819277108435,16.16,15.52,1.63522013,16.68,15.39,2893/5521,15.52,16.68,15.39,16.16,8.113207,9.8787084E7,17,600352,20260304
603788.SH,宁波高发,16.88,0.7159904534606052,15.57,15.39,-1.08005083,15.75,15.39,2893/5521,15.39,15.75,15.39,15.57,2.287166,2017989,17,603788,20260304
002401.SZ,中远海科,14.19,-2.6080988332189485,15.58,16.66,-7.26190476,16.68,15.38,2895/5521,16.66,16.68,15.38,15.58,7.738095,1.6218684E7,33,002401,20260304
920221.BJ,易实精密,15.1,0.9358288770053395,15.45,15.61,-1.84243964,15.85,15.37,2896/5521,15.61,15.85,15.37,15.45,3.049555,662345,151,920221,20260304
002020.SZ,京新药业,14.78,-1.0709504685408309,15.4,15.48,-1.09184329,15.62,15.36,2897/5521,15.48,15.62,15.36,15.4,1.669877,8763419,33,002020,20260304
301127.SZ,武汉天源,13.72,-1.6487455197132521,15.85,15.36,2.06052801,16.24,15.36,2897/5521,15.36,16.24,15.36,15.85,5.666452,1.4553068E7,33,301127,20260304
001239.SZ,永达股份,15.19,-0.19710906701709024,15.47,15.51,-0.83333333,15.64,15.35,2899/5521,15.51,15.64,15.35,15.47,1.858974,2909862,33,001239,20260304
603277.SH,银都股份,13.03,-0.07668711656441554,15.35,15.64,-1.79142674,15.7,15.35,2899/5521,15.64,15.7,15.35,15.35,2.239283,1585450,17,603277,20260304
300560.SZ,中富通,14.41,1.33614627285513,15.63,15.33,0,15.83,15.33,2901/5521,15.33,15.83,15.33,15.63,3.198976,6068164,33,300560,20260304
002448.SZ,中原内配,15.11,-0.9829619921363064,15.85,15.53,0.3164557,16.3,15.32,2902/5521,15.53,16.3,15.32,15.85,6.202531,2.01436E7,33,002448,20260304
300585.SZ,奥联电子,19.51,-3.1761786600496134,15.6,15.5,0.25706941,15.73,15.32,2902/5521,15.5,15.73,15.32,15.6,2.634961,4713000,33,300585,20260304
920163.BJ,方大新材,12.41,-0.48115477145148755,15.74,15.99,-2.53869969,16.21,15.32,2902/5521,15.99,16.21,15.32,15.74,5.510835,1957722,151,920163,20260304
300341.SZ,麦克奥迪,15.3,-0.584795321637426,15.51,15.31,-0.25723473,15.79,15.31,2905/5521,15.31,15.79,15.31,15.51,3.086816,6363390,33,300341,20260304
601919.SH,中远海控,14.12,-1.6713091922005587,15.85,16.5,-6.59988214,16.5,15.27,2906/5521,16.5,16.5,15.27,15.85,7.248084,3.79239901E8,17,601919,20260304
300538.SZ,同益股份,16.34,-0.244200244200239,15.43,15.5,-1.71974522,15.79,15.23,2907/5521,15.5,15.79,15.23,15.43,3.566878,4878990,33,300538,20260304
301066.SZ,万事利,14.92,0.8789722785666044,15.64,15.41,0.90322581,16,15.22,2908/5521,15.41,16,15.22,15.64,5.032258,8679159,33,301066,20260304
002890.SZ,弘宇股份,17.0,-2.0172910662824286,15.4,15.32,-0.70921986,15.5,15.21,2909/5521,15.32,15.5,15.21,15.4,1.869761,3229943,33,002890,20260304
300582.SZ,英飞特,15.06,-3.2133676092544987,16.4,15.25,6.56270305,16.74,15.21,2909/5521,15.25,16.74,15.21,16.4,9.94152,1.358433E7,33,300582,20260304
301037.SZ,保立佳,16.92,3.803680981595098,15.38,15.42,-1.47341448,15.75,15.21,2909/5521,15.42,15.75,15.21,15.38,3.45932,2153786,33,301037,20260304
601033.SH,永兴股份,15.43,0.5211726384364825,15.31,15.35,-0.51981806,15.48,15.21,2909/5521,15.35,15.48,15.21,15.31,1.754385,5398576,17,601033,20260304
002077.SZ,大港股份,16.51,3.0586766541822845,15.62,15.2,0.90439276,15.98,15.2,2913/5521,15.2,15.98,15.2,15.62,5.038759,1.7083332E7,33,002077,20260304
300490.SZ,华自科技,19.9,-0.300601202404821,16.25,15.34,3.70134014,16.6,15.2,2913/5521,15.34,16.6,15.2,16.25,8.934269,2.5309689E7,33,300490,20260304
300793.SZ,佳禾智能,14.08,-0.7052186177715066,15.64,15.4,0.7083065,15.94,15.2,2913/5521,15.4,15.94,15.2,15.64,4.764971,7952656,33,300793,20260304
603928.SH,兴业股份,15.95,0.3144654088050247,15.27,15.4,-1.73745174,15.63,15.2,2913/5521,15.4,15.63,15.2,15.27,2.767052,4760900,17,603928,20260304
605077.SH,华康股份,17.04,-0.23419203747072104,15.24,15.68,-3.17662008,15.85,15.2,2913/5521,15.68,15.85,15.2,15.24,4.129606,3977537,17,605077,20260304
300519.SZ,新光药业,16.31,0.7411982705373529,15.37,15.48,-0.83870968,15.63,15.18,2918/5521,15.48,15.63,15.18,15.37,2.903225,2746600,33,300519,20260304
603311.SH,金海高科,19.75,-1.594419531639264,15.46,15.27,1.31061599,15.96,15.18,2918/5521,15.27,15.96,15.18,15.46,5.111402,4208100,17,603311,20260304
002284.SZ,亚太股份,13.29,0.5295007564296408,15.31,15.47,-1.85897436,15.64,15.17,2920/5521,15.47,15.64,15.17,15.31,3.01282,1.4848622E7,33,002284,20260304
300092.SZ,科新机电,16.74,0.35971223021581966,15.41,15.51,-2.40658645,15.93,15.17,2920/5521,15.51,15.93,15.17,15.41,4.813172,9889900,33,300092,20260304
688207.SH,格灵深瞳,15.08,2.5152957171991788,15.35,15.32,-1.3496144,15.66,15.16,2922/5521,15.32,15.66,15.16,15.35,3.213367,6769896,17,688207,20260304
300414.SZ,中光防雷,14.21,1.0668563300142273,16.35,15.4,2.95969773,16.48,15.13,2923/5521,15.4,16.48,15.13,16.35,8.501259,1.9874021E7,33,300414,20260304
300994.SZ,久祺股份,13.87,0.289226319595077,15.38,15.88,-4.11471322,16,15.13,2923/5521,15.88,16,15.13,15.38,5.42394,4608280,33,300994,20260304
603315.SH,福鞍股份,16.81,-4.597048808172544,15.95,15.45,0.44080605,16.18,15.13,2923/5521,15.45,16.18,15.13,15.95,6.61209,1.17061E7,17,603315,20260304
300595.SZ,欧普康视,14.42,0.9097270818754429,15.15,15.37,-2.38402062,15.74,15.12,2926/5521,15.37,15.74,15.12,15.15,3.994845,1.3053205E7,33,300595,20260304
920856.BJ,浩淼科技,12.03,-0.16597510373445104,15.17,15.2,-1.23697917,15.65,15.12,2926/5521,15.2,15.65,15.12,15.17,3.45052,778909,151,920856,20260304
920703.BJ,广厦环能,11.73,-0.9290540540540493,15.2,16.16,-6.40394089,16.16,15.11,2928/5521,16.16,16.16,15.11,15.2,6.465517,3254581,151,920703,20260304
601179.SH,中国西电,16.92,-1.3411078717200986,16.46,15.14,6.39948287,16.88,15.1,2929/5521,15.14,16.88,15.1,16.46,11.50614,3.99706995E8,17,601179,20260304
603161.SH,科华控股,14.81,0.7482993197278994,15.53,15.17,0.84415584,15.6,15.1,2929/5521,15.17,15.6,15.1,15.53,3.246753,3221082,17,603161,20260304
300504.SZ,天邑股份,17.26,0.4656577415599642,15.35,15.09,-0.25990903,15.63,15.09,2931/5521,15.09,15.63,15.09,15.35,3.508771,9229500,33,300504,20260304
300918.SZ,南山智尚,14.23,0.4943502824858777,15.45,15.1,0.98039216,15.66,15.09,2931/5521,15.1,15.66,15.09,15.45,3.72549,6892959,33,300918,20260304
600521.SH,华海药业,16.29,1.8124999999999947,15.1,15.2,-1.43603133,15.47,15.08,2933/5521,15.2,15.47,15.08,15.1,2.545691,1.5090089E7,17,600521,20260304
688432.SH,有研硅,16.24,5.798045602605856,16.06,15.08,5.17354289,16.99,15.08,2933/5521,15.08,16.99,15.08,16.06,12.508185,3.6647497E7,17,688432,20260304
000066.SZ,中国长城,19.82,9.988901220865708,15.18,15.07,-0.71942446,15.57,15.07,2935/5521,15.07,15.57,15.07,15.18,3.270111,6.8405315E7,33,000066,20260304
002722.SZ,物产金轮,15.7,0.8997429305912519,15.14,15.38,-2.44845361,15.58,15.07,2935/5521,15.38,15.58,15.07,15.14,3.286082,4653949,33,002722,20260304
601611.SH,中国核建,13.34,1.8320610687022918,15.69,15.13,1.35658915,16.05,15.05,2937/5521,15.13,16.05,15.05,15.69,6.459948,5.9775448E7,17,601611,20260304
920580.BJ,科创新材,13.55,0.968703427719827,15.29,15.35,-0.06535948,15.42,15.05,2937/5521,15.35,15.42,15.05,15.29,2.4183,1435533,151,920580,20260304
300758.SZ,七彩化学,13.32,-2.7027027027026973,15.34,15.1,-0.06514658,15.68,15.03,2939/5521,15.1,15.68,15.03,15.34,4.234527,1.38588E7,33,300758,20260304
002698.SZ,博实股份,12.78,-0.4672897196261721,15.04,15.05,-1.24753775,15.33,15.02,2940/5521,15.05,15.33,15.02,15.04,2.035456,8465273,33,002698,20260304
300564.SZ,筑博设计,15.89,-0.4385964912280719,15.11,15.33,-2.32708468,15.61,15.02,2940/5521,15.33,15.61,15.02,15.11,3.813833,2327590,33,300564,20260304
301088.SZ,戎美股份,14.75,0.9582477754962394,15.1,15.36,-2.26537217,15.63,15.02,2940/5521,15.36,15.63,15.02,15.1,3.94822,2407500,33,301088,20260304
000756.SZ,新华制药,14.08,-1.262272089761569,15.15,15.08,0.26472535,15.19,15.01,2943/5521,15.08,15.19,15.01,15.15,1.191264,6249185,33,000756,20260304
002771.SZ,真视通,14.76,-1.7964071856287398,15.4,15.03,0.78534031,15.85,15.01,2943/5521,15.03,15.85,15.01,15.4,5.497382,7756896,33,002771,20260304
603871.SH,嘉友国际,12.74,-4.282494365138995,15.05,15.35,-2.90322581,15.74,15.01,2943/5521,15.35,15.74,15.01,15.05,4.709677,1.3277025E7,17,603871,20260304
605399.SH,晨光新材,14.68,-0.4745762711864426,15.31,15.07,-0.26058632,15.68,15,2946/5521,15.07,15.68,15,15.31,4.429967,6081185,17,605399,20260304
920454.BJ,同心传动,14.45,0.4169562195969334,15.11,15.07,0.06622517,15.64,15,2946/5521,15.07,15.64,15,15.11,4.23841,1224350,151,920454,20260304
603798.SH,康普顿,18.21,-3.854276663146781,15.22,16,-6.10734115,16,14.99,2948/5521,16,16,14.99,15.22,6.230721,1.144042E7,17,603798,20260304
000593.SZ,德龙汇能,25.3,-5.278921752152751,15.2,15.47,-8.54392298,15.8,14.96,2949/5521,15.47,15.8,14.96,15.2,5.054151,4.2134846E7,33,000593,20260304
600088.SH,中视传媒,14.61,2.5983146067415674,15.03,15.13,-1.24835742,15.32,14.96,2949/5521,15.13,15.32,14.96,15.03,2.365308,5680689,17,600088,20260304
920471.BJ,美邦科技,14.26,-2.7948193592365382,15.18,15.5,-2.06451613,15.97,14.95,2951/5521,15.5,15.97,14.95,15.18,6.580645,2899585,151,920471,20260304
002007.SZ,华兰生物,14.42,-0.8253094910591419,14.98,15.09,-1.31752306,15.18,14.94,2952/5521,15.09,15.18,14.94,14.98,1.581027,1.3377438E7,33,002007,20260304
300374.SZ,中铁装配,13.94,0.14367816091953717,15.11,15.08,-0.46113307,15.25,14.93,2953/5521,15.08,15.25,14.93,15.11,2.108036,3679900,33,300374,20260304
603877.SH,太平鸟,14.23,-0.6284916201117309,15.2,14.94,0.92961487,15.37,14.93,2953/5521,14.94,15.37,14.93,15.2,2.921646,2584092,17,603877,20260304
002780.SZ,三夫户外,16.77,2.56880733944953,15.15,15.05,-0.06596306,15.26,14.92,2955/5521,15.05,15.26,14.92,15.15,2.242744,5430341,33,002780,20260304
300497.SZ,富祥药业,19.32,-2.5718608169440142,15.06,15,-1.05124836,15.34,14.92,2955/5521,15,15.34,14.92,15.06,2.759526,1.1233156E7,33,300497,20260304
300663.SZ,科蓝软件,12.82,-0.07794232268121423,14.98,15.1,-1.57687254,15.3,14.92,2955/5521,15.1,15.3,14.92,14.98,2.496714,1.032365E7,33,300663,20260304
688007.SH,光峰科技,14.88,1.362397820163495,15.09,15.8,-3.26923077,15.8,14.91,2958/5521,15.8,15.8,14.91,15.09,5.705128,8380781,17,688007,20260304
688429.SH,时创能源,14.16,2.3861171366594367,15.16,15.3,-3.31632653,15.7,14.91,2958/5521,15.3,15.7,14.91,15.16,5.038265,4647418,17,688429,20260304
300581.SZ,晨曦航空,12.62,2.685109845402767,15.65,15.21,-0.76093849,16.13,14.9,2960/5521,15.21,16.13,14.9,15.65,7.799619,2.0040116E7,33,300581,20260304
603098.SH,森特股份,14.19,-6.950819672131152,15.14,15,0.59800664,15.44,14.9,2960/5521,15,15.44,14.9,15.14,3.588039,6900660,17,603098,20260304
603887.SH,城地香江,15.19,-4.465408805031452,15.23,15,1.53333333,15.72,14.9,2960/5521,15,15.72,14.9,15.23,5.466666,2.2004129E7,17,603887,20260304
688697.SH,纽威数控,17.4,3.7567084078711925,14.93,15,-1.38705416,15.34,14.89,2963/5521,15,15.34,14.89,14.93,2.972258,3004615,17,688697,20260304
300675.SZ,建科院,16.48,1.3530135301352941,15.07,15.14,-0.85526316,15.3,14.88,2964/5521,15.14,15.3,14.88,15.07,2.763157,3327385,33,300675,20260304
300614.SZ,百川畅银,13.84,1.1695906432748548,15.13,14.92,1.47551979,15.4,14.87,2965/5521,14.92,15.4,14.87,15.13,3.554661,6600959,33,300614,20260304
002858.SZ,力盛体育,17.1,2.8262176788935807,15.0,15.35,-2.91262136,15.35,14.86,2966/5521,15.35,15.35,14.86,15.0,3.171521,6210500,33,002858,20260304
300822.SZ,贝仕达克,15.15,2.9911624745071346,15.04,14.99,-0.52910053,15.23,14.86,2966/5521,14.99,15.23,14.86,15.04,2.447089,1747225,33,300822,20260304
000586.SZ,汇源通信,17.71,-1.6657412548584158,15.48,15,1.84210526,15.88,14.85,2968/5521,15,15.88,14.85,15.48,6.776315,1.0088454E7,33,000586,20260304
688387.SH,信科移动,19.58,8.117062396466034,15.58,14.88,1.49837134,15.88,14.85,2968/5521,14.88,15.88,14.85,15.58,6.710097,6.4595161E7,17,688387,20260304
002413.SZ,雷科防务,13.14,3.139717425431714,16.07,14.81,-0.37197768,16.5,14.81,2970/5521,14.81,16.5,14.81,16.07,10.477371,3.06670135E8,33,002413,20260304
603303.SH,得邦照明,18.08,4.448295782784515,15.15,15.17,1.20240481,15.2,14.8,2971/5521,15.17,15.2,14.8,15.15,2.67201,1904244,17,603303,20260304
600559.SH,老白干酒,13.57,-1.309090909090907,14.78,15.02,-2.69914417,15.05,14.78,2972/5521,15.02,15.05,14.78,14.78,1.777485,1.1149492E7,17,600559,20260304
600711.SH,盛屯矿业,13.76,-1.220387652548456,15.19,14.91,-0.97783572,15.58,14.78,2972/5521,14.91,15.58,14.78,15.19,5.215123,9.3885568E7,17,600711,20260304
000913.SZ,钱江摩托,13.5,-0.9537784299339749,15.04,15.11,-0.98749177,15.17,14.77,2974/5521,15.11,15.17,14.77,15.04,2.633311,5115400,33,000913,20260304
688590.SH,新致软件,14.87,2.6224982746721808,14.97,15,-1.83606557,15.35,14.77,2974/5521,15,15.35,14.77,14.97,3.803278,7141648,17,688590,20260304
300444.SZ,双杰电气,15.77,-4.250151791135393,16.88,14.82,11.34564644,17.55,14.76,2976/5521,14.82,17.55,14.76,16.88,18.403693,1.89461523E8,33,300444,20260304
000823.SZ,超声电子,14.88,-2.040816326530604,15.04,14.77,0.60200669,15.37,14.75,2977/5521,14.77,15.37,14.75,15.04,4.147157,2.0058757E7,33,000823,20260304
600292.SH,电投水电,15.32,-1.3522215067611016,15.0,14.82,0.60362173,15.15,14.74,2978/5521,14.82,15.15,14.74,15.0,2.749832,1.612898E7,17,600292,20260304
688173.SH,希荻微,16.8,8.177720540888613,14.84,15,-1.7218543,15.23,14.74,2978/5521,15,15.23,14.74,14.84,3.245033,8593362,17,688173,20260304
002462.SZ,嘉事堂,13.8,-1.2168933428775943,14.83,14.91,-1.46179402,15.1,14.73,2980/5521,14.91,15.1,14.73,14.83,2.458471,5303003,33,002462,20260304
002539.SZ,云图控股,15.39,-0.5171299288946352,14.89,15.04,-2.23243598,15.62,14.73,2980/5521,15.04,15.62,14.73,14.89,5.843729,4.3733329E7,33,002539,20260304
002828.SZ,贝肯能源,11.57,-4.380165289256193,16.36,17.89,-0.06108735,17.9,14.73,2980/5521,17.89,17.9,14.73,16.36,19.364691,9.1054436E7,33,002828,20260304
600201.SH,生物股份,14.59,3.991446899501073,14.87,14.8,-0.13431833,15.17,14.73,2980/5521,14.8,15.17,14.73,14.87,2.955003,2.6762395E7,17,600201,20260304
300501.SZ,海顺新材,13.74,-0.9372746935832661,14.84,14.85,-0.46948357,15.2,14.72,2984/5521,9.76027397,10,9.67123288,9.75,3.219315,3590100,33,300501,20260304
300541.SZ,先进数通,12.11,-1.544715447154482,14.9,14.73,0.06715917,15.15,14.72,2984/5521,14.73,15.15,14.72,14.9,2.887844,1.5243301E7,33,300541,20260304
601163.SH,三角轮胎,14.68,-0.7437457741717338,14.82,15.31,-3.64109233,15.31,14.71,2986/5521,15.31,15.31,14.71,14.82,3.90117,8992095,17,601163,20260304
603578.SH,三星新材,13.71,1.031687546057484,15.38,14.88,2.53333333,15.4,14.71,2986/5521,14.88,15.4,14.71,15.38,4.6,7508350,17,603578,20260304
000995.SZ,皇台酒业,13.48,-0.148148148148145,14.95,15,-3.23624595,15.27,14.7,2988/5521,15,15.27,14.7,14.95,3.68932,2.0537826E7,33,000995,20260304
002208.SZ,合肥城建,13.74,5.855161787365175,14.97,14.7,1.7675051,15.28,14.7,2988/5521,14.7,15.28,14.7,14.97,3.942895,3.2153947E7,33,002208,20260304
002394.SZ,联发股份,14.11,5.141579731743662,15.38,14.75,3.42972428,16.05,14.7,2988/5521,14.75,16.05,14.7,15.38,9.078681,1.8251799E7,33,002394,20260304
600674.SH,川投能源,15.31,-0.32552083333332643,15.22,14.96,1.46666667,15.22,14.7,2988/5521,14.96,15.22,14.7,15.22,3.466666,6.585282E7,17,600674,20260304
603766.SH,隆鑫通用,15.36,-0.19493177387914967,14.82,14.87,-0.86956522,15.12,14.7,2988/5521,14.87,15.12,14.7,14.82,2.809364,1.844025E7,17,603766,20260304
300183.SZ,东软载波,13.02,0.15384615384615058,14.9,14.97,-1.38980807,15.18,14.69,2993/5521,14.97,15.18,14.69,14.9,3.242885,6620365,33,300183,20260304
603778.SH,国晟科技,26.6,-2.813299232736571,15.82,14.95,1.99871051,16.35,14.69,2993/5521,14.95,16.35,14.69,15.82,10.702772,1.28401702E8,17,603778,20260304
688296.SH,和达科技,15.39,3.776129467296025,15.07,14.86,0.46666667,15.39,14.69,2993/5521,14.86,15.39,14.69,15.07,4.666666,3324094,17,688296,20260304
300383.SZ,光环新网,15.9,-1.5479876160990604,14.87,14.72,-0.73431242,15.29,14.68,2996/5521,14.72,15.29,14.68,14.87,4.072096,8.9548708E7,33,300383,20260304
300452.SZ,山河药辅,14.11,0.0,14.84,14.79,-0.46948357,15,14.68,2996/5521,14.79,15,14.68,14.84,2.14621,6369110,33,300452,20260304
301395.SZ,仁信新材,13.55,2.7293404094010705,15.0,15.12,-0.66225166,15.18,14.68,2996/5521,15.12,15.18,14.68,15.0,3.311258,4609341,33,301395,20260304
601061.SH,中信金属,13.86,-1.2820512820512802,14.91,14.8,-1.12732095,15.2,14.67,2999/5521,14.8,15.2,14.67,14.91,3.514588,1.8177933E7,17,601061,20260304
000026.SZ,飞亚达,18.13,0.2211166390270821,14.82,14.77,-0.60362173,14.98,14.66,3000/5521,14.77,14.98,14.66,14.82,2.14621,3644322,33,000026,20260304
600587.SH,新华医疗,13.75,0.36496350364964025,14.76,14.88,-1.20481928,14.97,14.66,3000/5521,14.88,14.97,14.66,14.76,2.074966,8410640,17,600587,20260304
603739.SH,蔚蓝生物,15.05,0.4672897196261701,14.83,14.85,-0.86898396,15.07,14.66,3000/5521,14.85,15.07,14.66,14.83,2.740641,4036500,17,603739,20260304
688201.SH,ST信安,7.87,-13.421342134213418,14.93,14.9,1.15176152,15.28,14.66,3000/5521,14.9,15.28,14.66,14.93,4.200542,9167575,22,688201,20260304
688718.SH,唯赛勃,17.02,1.1890606420927425,14.78,15.36,-1.66333999,15.36,14.66,3000/5521,15.36,15.36,14.66,14.78,4.657351,1796657,17,688718,20260304
002846.SZ,英联股份,15.4,-0.9646302250803881,14.7,14.82,-2.58449304,15.08,14.65,3005/5521,14.82,15.08,14.65,14.7,2.849569,7242412,33,002846,20260304
600288.SH,大恒科技,15.18,4.043865661411925,14.66,14.9,-2.6560425,15.06,14.65,3005/5521,14.9,15.06,14.65,14.66,2.722443,8757701,17,600288,20260304
600927.SH,永安期货,14.82,0.8849557522123948,14.78,14.85,-0.47138047,15.09,14.65,3005/5521,14.85,15.09,14.65,14.78,2.962962,6145628,17,600927,20260304
688586.SH,江航装备,13.15,1.5444015444015526,15.19,14.77,1.94630872,15.3,14.65,3005/5521,14.77,15.3,14.65,15.19,4.362416,1.2202482E7,17,688586,20260304
301056.SZ,森赫股份,14.09,-0.28308563340411125,14.97,14.85,0.94403237,15.1,14.64,3009/5521,14.85,15.1,14.64,14.97,3.10182,3323328,33,301056,20260304
300068.SZ,ST南都,8.85,-19.981916817359863,14.75,14.8,-1.60106738,15.09,14.61,3010/5521,14.8,15.09,14.61,14.75,3.202134,2.4146883E7,33,300068,20260304
600505.SH,西昌电力,13.78,1.3235294117647038,15.05,14.66,0.66889632,15.3,14.6,3011/5521,14.66,15.3,14.6,15.05,4.682274,1.7538157E7,17,600505,20260304
603182.SH,嘉华股份,15.05,1.689189189189189,15.26,15.2,-1.22977346,15.48,14.6,3011/5521,15.2,15.48,14.6,15.26,5.695792,2808700,17,603182,20260304
688728.SH,格科微,13.79,3.840361445783131,14.74,15.72,-7.35386549,15.89,14.6,3011/5521,15.72,15.89,14.6,14.74,8.108108,4.4958379E7,17,688728,20260304
600372.SH,中航机载,13.0,0.07698229407236172,14.99,14.64,1.01078167,15.15,14.59,3014/5521,14.64,15.15,14.59,14.99,3.773584,6.1007837E7,17,600372,20260304
603037.SH,凯众股份,13.76,-0.5780346820809253,15.06,14.89,0.1996008,15.35,14.59,3014/5521,14.89,15.35,14.59,15.06,5.056553,5529524,17,603037,20260304
605180.SH,华生科技,15.85,1.2779552715654907,14.85,14.85,-1,15.06,14.59,3014/5521,14.85,15.06,14.59,14.85,3.133333,2686030,17,605180,20260304
601966.SH,玲珑轮胎,13.22,-1.3432835820895501,14.64,14.78,-1.2145749,14.9,14.57,3017/5521,14.78,14.9,14.57,14.64,2.22672,1.8865852E7,17,601966,20260304
300839.SZ,博汇股份,14.66,2.018093249826033,15.18,17.03,-11.74418605,17.13,14.56,3018/5521,17.03,17.13,14.56,15.18,14.94186,4.3550721E7,33,300839,20260304
600523.SH,贵航股份,13.7,0.2928257686676365,14.96,14.6,0.26809651,15.08,14.56,3018/5521,14.6,15.08,14.56,14.96,3.485254,7179714,17,600523,20260304
000612.SZ,焦作万方,13.29,-0.968703427719827,15.0,14.58,3.37698139,15.43,14.54,3020/5521,14.58,15.43,14.54,15.0,6.1337,8.4728938E7,33,000612,20260304
300605.SZ,恒锋信息,13.17,3.213166144200628,14.88,14.69,0.33715442,14.95,14.54,3020/5521,14.69,14.95,14.54,14.88,2.764666,4645070,33,300605,20260304
601116.SH,三江购物,13.64,-0.7278020378457034,14.9,14.58,0.53981107,14.97,14.54,3020/5521,14.58,14.97,14.54,14.9,2.901484,1.3857783E7,17,601116,20260304
002209.SZ,达意隆,15.06,-9.982068141063957,14.87,14.69,0.88195387,15.05,14.53,3023/5521,14.69,15.05,14.53,14.87,3.527815,5325100,33,002209,20260304
002963.SZ,豪尔赛,17.1,-1.780585870189539,15.01,14.75,1.35043889,15.17,14.53,3023/5521,14.75,15.17,14.53,15.01,4.321404,4685500,33,002963,20260304
300989.SZ,蕾奥规划,15.09,1.071667782987275,15.02,14.7,1.28118678,15.09,14.53,3023/5521,14.7,15.09,14.53,15.02,3.776129,5382776,33,300989,20260304
600055.SH,万东医疗,14.45,-4.050464807436927,14.6,14.59,-0.54495913,14.79,14.53,3023/5521,14.59,14.79,14.53,14.6,1.771117,4305700,17,600055,20260304
920419.BJ,路斯股份,13.1,-0.6069802731411235,14.56,14.71,-1.08695652,15.03,14.52,3027/5521,14.71,15.03,14.52,14.56,3.464673,793568,151,920419,20260304
920642.BJ,通易航天,12.39,2.566225165562918,15.25,14.55,3.45997286,15.75,14.51,3028/5521,14.55,15.75,14.51,15.25,8.412483,6344856,151,920642,20260304
300203.SZ,聚光科技,13.6,-0.22010271460015507,14.87,14.84,-1.58835208,15.15,14.5,3029/5521,14.84,15.15,14.5,14.87,4.301786,8102294,33,300203,20260304
603107.SH,上海汽配,14.31,0.13995801259623059,14.56,14.59,-0.68212824,14.69,14.5,3029/5521,14.59,14.69,14.5,14.56,1.296043,3228200,17,603107,20260304
300238.SZ,冠昊生物,14.21,-1.5246015246015168,14.65,14.56,-0.27229408,14.82,14.49,3031/5521,14.56,14.82,14.49,14.65,2.246426,3932385,33,300238,20260304
300265.SZ,通光线缆,17.21,-5.0744622173193505,17.88,14.62,20,17.88,14.49,3031/5521,14.62,17.88,14.49,17.88,22.751677,8.0518281E7,33,300265,20260304
301256.SZ,华融化学,13.73,-0.7947976878612676,14.72,14.49,0.06798097,15.12,14.49,3031/5521,14.49,15.12,14.49,14.72,4.2828,1.1376024E7,33,301256,20260304
002982.SZ,湘佳股份,14.5,1.4695591322603279,14.56,14.8,-0.95238095,14.88,14.48,3034/5521,14.8,14.88,14.48,14.56,2.721088,5907718,33,002982,20260304
300705.SZ,九典制药,12.85,-0.695517774343121,14.53,14.83,-2.08894879,14.84,14.47,3035/5521,14.83,14.84,14.47,14.53,2.493261,6172896,33,300705,20260304
002962.SZ,五方光电,16.47,-1.0216346153846256,14.67,14.76,-0.6097561,14.78,14.46,3036/5521,14.76,14.78,14.46,14.67,2.168021,5243907,33,002962,20260304
688046.SH,药康生物,20.6,-0.2904162633107392,14.58,15,-2.8,15.14,14.46,3036/5521,15,15.14,14.46,14.58,4.533333,5971479,17,688046,20260304
002533.SZ,金杯电工,13.3,-1.262063845582776,15.33,14.49,4.14402174,15.57,14.45,3038/5521,14.49,15.57,14.45,15.33,7.608695,3.6817624E7,33,002533,20260304
001201.SZ,东瑞股份,13.23,0.07564296520423439,14.52,14.6,-0.95497954,14.74,14.44,3039/5521,14.6,14.74,14.44,14.52,2.046384,3239712,33,001201,20260304
002527.SZ,新时达,12.92,1.7322834645669343,14.66,14.51,-0.20422056,14.9,14.44,3039/5521,14.51,14.9,14.44,14.66,3.131381,1.19089E7,33,002527,20260304
603511.SH,爱慕股份,14.78,0.6811989100817415,14.53,14.7,-2.22072678,14.88,14.44,3039/5521,14.7,14.88,14.44,14.53,2.960969,2624977,17,603511,20260304
301059.SZ,金三江,14.56,0.4830917874396155,14.74,14.41,0.88980151,14.83,14.41,3042/5521,14.41,14.83,14.41,14.74,2.874743,5540010,33,301059,20260304
603035.SH,常熟汽饰,13.47,-1.7505470459518615,14.49,14.69,-1.76271186,14.74,14.41,3042/5521,14.69,14.74,14.41,14.49,2.237288,6310300,17,603035,20260304
002815.SZ,崇达技术,13.9,-2.524544179523138,14.68,14.4,0.13642565,15.04,14.4,3044/5521,14.4,15.04,14.4,14.68,4.36562,2.8704011E7,33,002815,20260304
300686.SZ,智动力,17.8,-1.9823788546255474,14.59,14.77,-1.41891892,14.84,14.4,3044/5521,14.77,14.84,14.4,14.59,2.972972,5003500,33,300686,20260304
920807.BJ,奔朗新材,11.33,0.0,14.82,14.65,0.81632653,15.18,14.4,3044/5521,14.65,15.18,14.4,14.82,5.306122,2549819,151,920807,20260304
600703.SH,三安光电,13.67,-1.9368723098995666,14.66,14.5,-0.27210884,15.02,14.38,3047/5521,14.5,15.02,14.38,14.66,4.353741,8.3702181E7,17,600703,20260304
600995.SH,南网储能,14.38,-1.3717421124828484,14.67,14.47,1.03305785,14.9,14.38,3047/5521,14.47,14.9,14.38,14.67,3.581267,3.0382038E7,17,600995,20260304
920834.BJ,三维装备,11.61,0.4325259515570842,14.47,14.51,-0.75445816,14.8,14.38,3047/5521,14.51,14.8,14.38,14.47,2.880658,1295777,151,920834,20260304
002169.SZ,智光电气,13.1,1.3147718484145392,14.8,14.37,1.71821306,15.18,14.37,3050/5521,14.37,15.18,14.37,14.8,5.56701,4.4086027E7,33,002169,20260304
300220.SZ,金运激光,14.54,0.9722222222222138,14.47,14.37,-0.61813187,14.79,14.37,3050/5521,14.37,14.79,14.37,14.47,2.884615,3138740,33,300220,20260304
601058.SH,赛轮轮胎,13.92,-2.7253668763102765,14.45,14.5,-1.63376447,14.76,14.36,3052/5521,14.5,14.76,14.36,14.45,2.72294,2.4351173E7,17,601058,20260304
300715.SZ,凯伦股份,13.8,0.8771929824561476,14.95,14.51,1.5625,15.05,14.35,3053/5521,14.51,15.05,14.35,14.95,4.755434,1.901905E7,33,300715,20260304
920718.BJ,合肥高科,12.17,-4.549019607843138,14.44,14.6,-0.82417582,14.79,14.35,3053/5521,14.6,14.79,14.35,14.44,3.021978,489999,151,920718,20260304
600732.SH,爱旭股份,15.38,4.483695652173914,14.66,14.35,0.61770762,15.1,14.34,3055/5521,14.35,15.1,14.34,14.66,5.216197,5.7739553E7,17,600732,20260304
002357.SZ,富临运业,11.72,3.8086802480070996,16.04,14.45,10.01371742,16.04,14.33,3056/5521,14.45,16.04,14.33,16.04,11.728395,2.2624637E7,33,002357,20260304
002414.SZ,高德红外,14.83,3.2729805013927624,14.59,14.49,-1.08474576,14.87,14.33,3056/5521,14.49,14.87,14.33,14.59,3.661016,8.4960737E7,33,002414,20260304
002788.SZ,鹭燕医药,13.66,-0.726744186046509,14.62,14.6,-0.40871935,14.78,14.33,3056/5521,14.6,14.78,14.33,14.62,3.065395,1.4622564E7,33,002788,20260304
002949.SZ,华阳国际,14.39,0.0,14.55,14.6,-1.68918919,14.89,14.33,3056/5521,14.6,14.89,14.33,14.55,3.783783,7624400,33,002949,20260304
301519.SZ,舜禹股份,15.51,1.8384766907419525,14.66,14.47,0.54869684,14.91,14.33,3056/5521,14.47,14.91,14.33,14.66,3.978052,3390382,33,301519,20260304
002493.SZ,荣盛石化,13.95,2.272727272727263,14.62,15.18,-5.31088083,15.21,14.32,3061/5521,15.18,15.21,14.32,14.62,5.764248,1.11786044E8,33,002493,20260304
002811.SZ,郑中设计,13.88,1.9838354151359394,14.81,14.42,0.61141304,15.08,14.32,3061/5521,14.42,15.08,14.32,14.81,5.163043,1.1534861E7,33,002811,20260304
002973.SZ,侨银股份,12.59,-1.9470404984423677,14.83,14.4,3.20111343,15.81,14.32,3061/5521,14.4,15.81,14.32,14.83,10.368823,1.71169E7,33,002973,20260304
300233.SZ,金城医药,15.52,-0.7672634271099807,14.5,14.51,-1.09140518,14.71,14.32,3061/5521,14.51,14.71,14.32,14.5,2.6603,6279000,33,300233,20260304
603108.SH,润达医疗,13.43,-0.8856088560885682,14.4,14.53,-1.90735695,14.82,14.32,3061/5521,14.53,14.82,14.32,14.4,3.405994,1.5851997E7,17,603108,20260304
603918.SH,金桥信息,13.4,-0.3717472118959029,14.4,14.4,-1.50478796,14.71,14.32,3061/5521,14.4,14.71,14.32,14.4,2.667578,1.1145352E7,17,603918,20260304
603977.SH,国泰集团,13.87,0.872727272727267,15.0,14.37,1.28291695,15.04,14.32,3061/5521,14.37,15.04,14.32,15.0,4.86158,2.7935327E7,17,603977,20260304
002923.SZ,润都股份,13.22,-0.45180722891565306,15.45,14.4,6.99445983,15.55,14.31,3068/5521,14.4,15.55,14.31,15.45,8.587257,1.3257422E7,33,002923,20260304
603679.SH,华体科技,14.95,2.327173169062285,14.43,14.6,-2.5,14.86,14.31,3068/5521,14.6,14.86,14.31,14.43,3.716216,6609772,17,603679,20260304
301017.SZ,漱玉平民,13.11,-2.4553571428571437,14.52,14.5,-0.06882312,14.7,14.3,3070/5521,14.5,14.7,14.3,14.52,2.752924,5320037,33,301017,20260304
600012.SH,皖通高速,15.66,-0.948766603415562,14.45,14.65,-1.36518771,14.65,14.3,3070/5521,14.65,14.65,14.3,14.45,2.389078,5802401,17,600012,20260304
920837.BJ,华原股份,13.12,-0.15220700152208028,14.34,14.65,-2.11604096,14.81,14.3,3070/5521,14.65,14.81,14.3,14.34,3.481228,2255201,151,920837,20260304
920414.BJ,欧普泰,11.37,1.7905102954341925,14.82,14.54,-1.26582278,15.51,14.28,3073/5521,14.54,15.51,14.28,14.82,8.194536,4909732,151,920414,20260304
002716.SZ,湖南白银,11.56,1.2259194395796897,15.1,14.26,-3.63752393,15.67,14.26,3074/5521,14.26,15.67,14.26,15.1,8.998085,2.46917194E8,33,002716,20260304
002951.SZ,金时科技,14.94,0.1340482573726513,14.9,14.5,-0.66666667,15,14.25,3075/5521,14.5,15,14.25,14.9,5,9493100,33,002951,20260304
920871.BJ,派特尔,12.94,1.2519561815336475,14.4,14.94,-3.16072629,14.94,14.25,3075/5521,14.94,14.94,14.25,14.4,4.640215,956306,151,920871,20260304
000532.SZ,华金资本,12.66,-0.3149606299212531,14.4,14.24,-0.13869626,14.57,14.24,3077/5521,14.24,14.57,14.24,14.4,2.288488,8603540,33,000532,20260304
002196.SZ,方正电机,13.97,1.4524328249818523,14.95,14.3,2.67857143,15.04,14.23,3078/5521,14.3,15.04,14.23,14.95,5.563186,3.909941E7,33,002196,20260304
688327.SH,云从科技,13.78,-0.43352601156069726,14.41,14.3,-1.63822526,14.8,14.23,3078/5521,14.3,14.8,14.23,14.41,3.890784,3.1831166E7,17,688327,20260304
600773.SH,西藏城投,27.2,-3.2028469750889754,14.72,14.49,-0.54054054,15.19,14.22,3080/5521,14.49,15.19,14.22,14.72,6.554054,2.300059E7,17,600773,20260304
601699.SH,潞安环能,16.16,-0.24691358024690832,14.53,14.7,-2.67916946,14.71,14.22,3080/5521,14.7,14.71,14.22,14.53,3.281982,5.0104076E7,17,601699,20260304
300659.SZ,中孚信息,13.08,1.7898832684824937,14.33,14.24,-0.89903181,14.6,14.21,3082/5521,14.24,14.6,14.21,14.33,2.697095,6553000,33,300659,20260304
688619.SH,罗普特,16.02,2.038216560509556,14.67,14.41,0.54832077,14.89,14.21,3082/5521,14.41,14.89,14.21,14.67,4.660726,3674526,17,688619,20260304
002167.SZ,东方锆业,12.91,-1.9741837509491251,16.07,14.3,9.99315537,16.07,14.2,3084/5521,14.3,16.07,14.2,16.07,12.799452,9.2604429E7,33,002167,20260304
301507.SZ,民生健康,14.76,0.7508532423208152,14.31,14.35,-1.64948454,14.59,14.2,3084/5521,14.35,14.59,14.2,14.31,2.680412,4941060,33,301507,20260304
000672.SZ,上峰水泥,14.0,6.141015921152393,14.65,14.19,1.87760779,14.87,14.19,3086/5521,14.19,14.87,14.19,14.65,4.728789,2.3026883E7,33,000672,20260304
001369.SZ,双欣材料,15.21,-1.1053315994798434,14.24,14.45,-1.99587061,14.45,14.19,3086/5521,14.45,14.45,14.19,14.24,1.789401,8218014,33,001369,20260304
002125.SZ,湘潭电化,15.27,1.6644474034620507,14.53,14.2,-0.27453672,14.79,14.19,3086/5521,14.2,14.79,14.19,14.53,4.11805,1.801188E7,33,002125,20260304
300252.SZ,金信诺,14.76,-2.1220159151193654,14.73,14.3,-0.60728745,15.06,14.19,3086/5521,14.3,15.06,14.19,14.73,5.870445,2.8082257E7,33,300252,20260304
300975.SZ,商络电子,20.46,2.3000000000000043,14.65,14.19,1.66551006,15.06,14.19,3086/5521,14.19,15.06,14.19,14.65,6.037473,2.8688042E7,33,300975,20260304
001219.SZ,青岛食品,15.79,2.2006472491909377,14.4,14.41,-0.75809786,14.55,14.18,3091/5521,14.41,14.55,14.18,14.4,2.549965,4316740,33,001219,20260304
300716.SZ,ST泉为,,,14.82,14.41,2.84524636,14.82,14.18,3091/5521,14.41,14.82,14.18,14.82,4.44136,4293500,33,300716,20260304
600571.SH,信雅达,12.68,-2.5365103766333594,14.22,14.5,-2.4691358,14.65,14.18,3091/5521,14.5,14.65,14.18,14.22,3.223593,1.0335466E7,17,600571,20260304
600618.SH,氯碱化工,12.87,0.7830853563038344,14.47,14.17,1.18881119,14.81,14.17,3094/5521,14.17,14.81,14.17,14.47,4.475524,1.7455644E7,17,600618,20260304
001299.SZ,美能能源,10.94,-3.9508340649692806,14.36,16.43,-7.17517776,16.43,14.15,3095/5521,12.25384615,12.25384615,10.5,10.66,14.738202,2.4396588E7,33,001299,20260304
002755.SZ,奥赛康,16.95,4.565083281924728,14.18,14.31,-1.52777778,14.45,14.14,3096/5521,14.31,14.45,14.14,14.18,2.152777,6438749,33,002755,20260304
002845.SZ,同兴达,13.67,-0.6540697674418594,14.27,14.22,-0.90277778,14.52,14.14,3096/5521,14.22,14.52,14.14,14.27,2.638888,8001411,33,002845,20260304
603836.SH,海程邦达,14.3,1.8518518518518632,14.25,15.16,-7.76699029,15.2,14.14,3096/5521,15.16,15.2,14.14,14.25,6.860841,1.00758E7,17,603836,20260304
600650.SH,锦江在线,12.49,0.4019292604501665,14.18,14.37,-1.39082058,14.43,14.13,3099/5521,14.37,14.43,14.13,14.18,2.08623,4024267,17,600650,20260304
300141.SZ,和顺电气,12.68,-1.705426356589152,14.92,14.29,3.68311327,15.23,14.12,3100/5521,14.29,15.23,14.12,14.92,7.71369,1.30131E7,33,300141,20260304
601600.SH,中国铝业,11.65,-2.183039462636438,14.45,14.17,3.43593414,14.85,14.11,3101/5521,14.17,14.85,14.11,14.45,5.297065,4.77629648E8,17,601600,20260304
000922.SZ,佳电股份,14.78,0.7498295841854086,14.65,14.1,2.30446927,14.87,14.1,3102/5521,14.1,14.87,14.1,14.65,5.377094,1.7388636E7,33,000922,20260304
300304.SZ,云意电气,11.83,2.158894645941278,14.29,14.29,-0.76388889,14.76,14.08,3103/5521,14.29,14.76,14.08,14.29,4.722222,3.4762787E7,33,300304,20260304
300429.SZ,强力新材,14.11,0.5702066999287247,14.16,14.18,-1.59833218,14.58,14.08,3103/5521,14.18,14.58,14.08,14.16,3.474635,1.4747897E7,33,300429,20260304
301028.SZ,鼎熔岩,14.11,0.07092198581560133,14.28,14.31,-0.34891835,14.54,14.08,3103/5521,14.31,14.54,14.08,14.28,3.210048,3893200,33,301028,20260304
603639.SH,海利尔,12.75,-0.9324009324009264,14.33,14.26,1.12914608,14.49,14.08,3103/5521,14.26,14.49,14.08,14.33,2.893436,4719101,17,603639,20260304
603968.SH,醋化股份,11.93,-2.052545155993432,14.57,14.2,2.03081232,14.96,14.08,3103/5521,14.2,14.96,14.08,14.57,6.162464,1.0781462E7,17,603968,20260304
001318.SZ,阳光乳业,13.35,0.4514672686230286,14.25,14.28,-0.90403338,14.38,14.06,3108/5521,14.28,14.38,14.06,14.25,2.225312,2668898,33,001318,20260304
300397.SZ,天和防务,12.69,0.15785319652722632,15.01,14.2,3.66022099,15.18,14.06,3108/5521,14.2,15.18,14.06,15.01,7.734806,3.8191575E7,33,300397,20260304
000970.SZ,中科三环,12.08,-0.4942339373970387,14.21,14.05,-0.62937063,14.58,14.05,3110/5521,14.05,14.58,14.05,14.21,3.706293,2.9427286E7,33,000970,20260304
003013.SZ,地铁设计,13.75,0.1456664238892904,14.14,14.12,-0.5625879,14.4,14.05,3110/5521,14.12,14.4,14.05,14.14,2.461322,2395202,33,003013,20260304
601038.SH,一拖股份,13.84,1.243599122165325,14.53,14.06,1.89340813,14.66,14.05,3110/5521,14.06,14.66,14.05,14.53,4.277699,1.3160693E7,17,601038,20260304
603883.SH,老百姓,14.0,-0.7795889440113355,14.08,14.43,-2.82953761,14.46,14.05,3110/5521,14.43,14.46,14.05,14.08,2.829537,9776906,17,603883,20260304
605169.SH,洪通燃气,12.14,-1.2205044751830643,14.65,16,-4.68445023,16,14.05,3110/5521,16,16,14.05,14.65,12.687052,2.2413225E7,17,605169,20260304
002889.SZ,东方嘉盛,13.13,-0.6807866868381229,14.1,14.3,-2.21914008,14.34,14.03,3115/5521,14.3,14.34,14.03,14.1,2.149791,2829010,33,002889,20260304
603166.SH,福达股份,13.66,1.9402985074626848,14.77,14.03,-1.99071002,15.02,14.03,3115/5521,14.03,15.02,14.03,14.77,6.569343,1.0454881E7,17,603166,20260304
002986.SZ,宇新股份,14.39,-3.874415497661991,14.55,14.41,-1.2890095,14.62,14.02,3117/5521,14.41,14.62,14.02,14.55,4.070556,1.718327E7,33,002986,20260304
605189.SH,富春染织,16.95,-4.828747894441323,14.22,14.34,-2.8024607,14.61,14.02,3117/5521,14.34,14.61,14.02,14.22,4.032809,2976992,17,605189,20260304
600182.SH,S佳通,14.54,-2.6773761713520776,14.15,14.12,-0.28188865,14.26,14.01,3119/5521,14.12,14.26,14.01,14.15,1.761804,2023050,17,600182,20260304
300004.SZ,南风股份,13.52,3.363914373088681,14.45,14,1.40350877,14.79,14,3120/5521,14,14.79,14,14.45,5.543859,1.6784634E7,33,300004,20260304
300471.SZ,厚普股份,11.98,-0.7456503728251852,15.42,15.9,-6.88405797,16.08,14,3120/5521,15.9,16.08,14,15.42,12.560386,4.9354554E7,33,300471,20260304
603071.SH,物产环能,14.03,-0.21337126600285303,14.33,14.26,-0.62413315,14.45,14,3120/5521,14.26,14.45,14,14.33,3.120665,5489288,17,603071,20260304
603162.SH,海通发展,14.87,-1.9775873434410067,14.84,14.99,-2.36842105,15,14,3120/5521,14.99,15,14,14.84,6.578947,2.8265851E7,17,603162,20260304
603599.SH,广信股份,14.85,-1.6556291390728477,14.3,14,0.14005602,14.56,14,3120/5521,14,14.56,14,14.3,3.921568,1.554185E7,17,603599,20260304
603680.SH,今创集团,14.36,0.7719298245613995,14.27,14.35,-0.55749129,14.55,14,3120/5521,14.35,14.55,14,14.27,3.832752,2884180,17,603680,20260304
300869.SZ,康泰医学,12.91,0.7020280811232438,14.08,14.09,-1.05411103,14.33,13.99,3126/5521,14.09,14.33,13.99,14.08,2.389318,3100330,33,300869,20260304
300884.SZ,狄耐克,12.97,0.23183925811438283,14.24,14.13,-0.90466249,14.4,13.99,3126/5521,14.13,14.4,13.99,14.24,2.853166,7097039,33,300884,20260304
300771.SZ,智莱科技,14.0,-0.213827512473267,14.29,14.02,0.14015417,14.39,13.98,3128/5521,14.02,14.39,13.98,14.29,2.87316,5530851,33,300771,20260304
000668.SZ,*ST荣控,15.85,1.5374759769378619,14.14,14.4,-2.95126973,14.49,13.95,3129/5521,14.4,14.49,13.95,14.14,3.706245,2183601,33,000668,20260304
002203.SZ,海亮股份,17.99,-0.05555555555556424,14.29,14.07,-0.41811847,14.88,13.95,3129/5521,14.07,14.88,13.95,14.29,6.480836,2.8640052E7,33,002203,20260304
002163.SZ,海南发展,12.46,2.382908792111758,14.02,13.99,-1.12834979,14.34,13.93,3131/5521,13.99,14.34,13.93,14.02,2.891396,3.7539645E7,33,002163,20260304
002170.SZ,芭田股份,13.9,-1.9746121297602213,14.21,13.97,0.78014184,14.68,13.93,3131/5521,13.97,14.68,13.93,14.21,5.319148,5.4616008E7,33,002170,20260304
000860.SZ,顺鑫农业,12.7,-0.3921568627451036,13.92,14.12,-1.6254417,14.12,13.91,3133/5521,14.12,14.12,13.91,13.92,1.484098,6397700,33,000860,20260304
002600.SZ,领益智造,14.06,0.21382751247327966,14.08,13.91,-0.84507042,14.35,13.91,3133/5521,13.91,14.35,13.91,14.08,3.098591,7.6310298E7,33,002600,20260304
601881.SH,中国银河,12.78,-1.1600928074245966,13.94,14.31,-3.05980529,14.32,13.91,3133/5521,14.31,14.32,13.91,13.94,2.851182,5.5393093E7,17,601881,20260304
603208.SH,江山欧派,13.66,0.36737692872888106,14.0,14.44,-3.6476256,14.45,13.9,3136/5521,14.44,14.45,13.9,14.0,3.785271,3362776,17,603208,20260304
603628.SH,清源股份,12.4,-2.3622047244094406,13.99,14,-1.33991537,14.38,13.9,3136/5521,14,14.38,13.9,13.99,3.385049,8849975,17,603628,20260304
603890.SH,春秋电子,18.87,-3.181118522319125,14.01,13.97,-1.19887165,14.35,13.9,3136/5521,13.97,14.35,13.9,14.01,3.173483,9341053,17,603890,20260304
002205.SZ,国统股份,13.38,0.4504504504504542,14.15,14,-0.56219255,14.33,13.89,3139/5521,14,14.33,13.89,14.15,3.092059,4163062,33,002205,20260304
300319.SZ,麦捷科技,12.46,-0.8750994431185316,14.06,14.2,-1.19465917,14.61,13.88,3140/5521,14.2,14.61,13.88,14.06,5.130007,8.3395444E7,33,300319,20260304
002185.SZ,华天科技,13.11,2.6624902114330453,14.1,13.91,-0.21231423,14.56,13.87,3141/5521,13.91,14.56,13.87,14.1,4.883227,1.58975306E8,33,002185,20260304
002749.SZ,国光股份,12.74,-0.39093041438623094,14.03,13.99,0.28591851,14.14,13.87,3141/5521,13.99,14.14,13.87,14.03,1.929949,3662457,33,002749,20260304
603668.SH,天马科技,13.52,3.363914373088681,13.89,14.08,-0.99786172,14.09,13.87,3141/5521,14.08,14.09,13.87,13.89,1.568068,6047211,17,603668,20260304
600884.SH,杉杉股份,16.65,-1.4792899408284026,13.92,13.98,-2.65734266,14.38,13.85,3144/5521,13.98,14.38,13.85,13.92,3.706293,9.4073004E7,17,600884,20260304
002907.SZ,华森制药,13.95,0.1435750179468742,13.91,14.05,-1.20738636,14.09,13.84,3145/5521,14.05,14.09,13.84,13.91,1.775568,1486290,33,002907,20260304
300258.SZ,精锻科技,11.31,0.8920606601248853,13.99,14.01,-1.61744023,14.2,13.84,3145/5521,14.01,14.2,13.84,13.99,2.531645,1.9548385E7,33,300258,20260304
603137.SH,恒尚节能,13.84,-0.2881844380403525,14.08,14.16,-0.07097232,14.16,13.84,3145/5521,14.16,14.16,13.84,14.08,2.271114,1944600,17,603137,20260304
300206.SZ,理邦仪器,14.91,1.290760869565214,13.91,13.95,-1.27750177,14.23,13.83,3148/5521,13.639,13.919,13.519,13.6,2.838892,7127309,33,300206,20260304
002365.SZ,永安药业,13.7,3.630862329803318,13.94,14.08,-0.99431818,14.19,13.82,3149/5521,14.08,14.19,13.82,13.94,2.62784,6376825,33,002365,20260304
002635.SZ,安洁科技,16.5,-0.42245021122510734,13.91,13.93,-0.42949177,14.18,13.82,3149/5521,13.93,14.18,13.82,13.91,2.57695,1.059758E7,33,002635,20260304
003025.SZ,思进智能,13.59,0.8160237388723993,14.11,13.93,0.78571429,14.3,13.82,3149/5521,13.93,14.3,13.82,14.11,3.428571,5330539,33,003025,20260304
600458.SH,时代新材,12.01,0.08333333333333155,13.83,14.07,-1.70575693,14.27,13.81,3152/5521,14.07,14.27,13.81,13.83,3.269367,1.0857845E7,17,600458,20260304
002096.SZ,易普力,10.86,-6.459948320413437,13.85,14,-2.05091938,14.2,13.8,3153/5521,14,14.2,13.8,13.85,2.828854,1.0524219E7,33,002096,20260304
920931.BJ,无锡鼎邦,11.9,1.018675721561978,13.8,14.87,-10.15625,14.87,13.8,3153/5521,14.87,14.87,13.8,13.8,6.966145,4473454,151,920931,20260304
600446.SH,金证股份,13.68,1.3333333333333313,13.86,14.09,-1.98019802,14.22,13.79,3155/5521,14.09,14.22,13.79,13.86,3.041018,1.4896867E7,17,600446,20260304
000403.SZ,派林生物,11.95,-1.807723911257195,13.85,14.1,-2.46478873,14.22,13.77,3156/5521,14.1,14.22,13.77,13.85,3.169014,1.3833888E7,33,000403,20260304
300700.SZ,岱勒新材,17.36,3.210463733650411,13.96,14,-0.92264017,14.17,13.77,3156/5521,14,14.17,13.77,13.96,2.838892,8915556,33,300700,20260304
601900.SH,南方传媒,12.5,-0.7936507936507908,13.82,14.1,-2.53878702,14.15,13.76,3158/5521,14.1,14.15,13.76,13.82,2.750352,1.06245E7,17,601900,20260304
920123.BJ,芭薇股份,13.48,1.9667170953101345,13.88,13.9,-0.85714286,14.18,13.76,3158/5521,13.9,14.18,13.76,13.88,3,1008156,151,920123,20260304
300514.SZ,友讯达,12.47,1.2997562956945583,14.26,13.91,2.51617541,14.35,13.75,3160/5521,13.91,14.35,13.75,14.26,4.313443,7156400,33,300514,20260304
300600.SZ,国瑞科技,12.97,0.6987577639751541,14.61,13.96,3.61702128,14.68,13.75,3160/5521,13.96,14.68,13.75,14.61,6.595744,9987096,33,300600,20260304
600416.SH,湘电股份,12.37,-1.0400000000000063,14.11,13.8,1.2195122,14.32,13.75,3160/5521,13.8,14.32,13.75,14.11,4.088952,2.6947661E7,17,600416,20260304
600535.SH,天士力,15.13,-0.39499670836075523,13.82,14.04,-1.9858156,14.07,13.75,3160/5521,14.04,14.07,13.75,13.82,2.269503,1.319788E7,17,600535,20260304
603309.SH,维力医疗,13.67,-0.3644314868804716,13.79,14.01,-2.19858156,14.12,13.75,3160/5521,14.01,14.12,13.75,13.79,2.624113,5985690,17,603309,20260304
920415.BJ,恒拓开源,12.33,1.8166804293971979,13.85,13.81,-0.28797696,14.09,13.75,3160/5521,13.81,14.09,13.75,13.85,2.447804,1347934,151,920415,20260304
600104.SH,上汽集团,13.78,0.6574141709276834,13.74,13.99,-2.41477273,13.99,13.74,3166/5521,13.99,13.99,13.74,13.74,1.775568,7.4812883E7,17,600104,20260304
600415.SH,小商品城,13.25,-1.8518518518518519,13.83,13.95,-1.84528034,14.11,13.74,3166/5521,13.95,14.11,13.74,13.83,2.625975,5.809875E7,17,600415,20260304
603990.SH,麦迪科技,15.82,4.976775049767751,13.81,13.8,-1.35714286,14.04,13.74,3166/5521,13.8,14.04,13.74,13.81,2.142857,6934768,17,603990,20260304
002342.SZ,巨力索具,19.81,4.814814814814816,14.25,13.73,2.96242775,14.4,13.73,3169/5521,13.73,14.4,13.73,14.25,4.84104,1.04227471E8,33,002342,20260304
000020.SZ,深华发A,15.96,0.1883239171374836,13.88,13.74,-0.50179211,14.04,13.72,3170/5521,13.74,14.04,13.72,13.88,2.293906,2557800,33,000020,20260304
000551.SZ,创元科技,16.28,3.299492385786811,13.88,13.72,-0.85714286,14.17,13.72,3170/5521,13.72,14.17,13.72,13.88,3.214285,1.2077761E7,33,000551,20260304
603212.SH,赛伍技术,13.7,3.085026335590671,14.12,13.72,0.07087172,14.4,13.72,3170/5521,13.72,14.4,13.72,14.12,4.819277,1.7634856E7,17,603212,20260304
002278.SZ,神开股份,10.39,0.19286403085825798,14.6,14.65,-4.07358739,14.98,13.7,3173/5521,14.65,14.98,13.7,14.6,8.409986,6.8271313E7,33,002278,20260304
600557.SH,康缘药业,13.48,-3.369175627240135,13.72,13.88,-1.15273775,13.94,13.7,3173/5521,13.88,13.94,13.7,13.72,1.729106,4863400,17,600557,20260304
603386.SH,骏亚科技,13.37,2.2953328232593644,14.01,13.75,-0.42643923,14.25,13.7,3173/5521,13.75,14.25,13.7,14.01,3.909026,6884500,17,603386,20260304
603758.SH,秦安股份,12.24,-0.3257328990227944,13.83,13.92,-1.07296137,14.06,13.7,3173/5521,13.92,14.06,13.7,13.83,2.575107,3670362,17,603758,20260304
688315.SH,诺禾致源,14.23,-1.997245179063355,13.98,14,-0.85106383,14.27,13.7,3173/5521,14,14.27,13.7,13.98,4.042553,4044051,17,688315,20260304
920685.BJ,新芝生物,12.65,1.0383386581469711,13.82,13.86,-1.14449213,14.14,13.7,3173/5521,13.86,14.14,13.7,13.82,3.147353,812456,151,920685,20260304
002319.SZ,乐通股份,11.74,0.08525149190110645,13.85,13.74,-0.71684588,14.22,13.69,3179/5521,13.74,14.22,13.69,13.85,3.799283,7384745,33,002319,20260304
300755.SZ,华致酒行,13.66,-0.726744186046509,13.76,13.97,-2.20326937,14.02,13.68,3180/5521,13.97,14.02,13.68,13.76,2.416488,4506218,33,300755,20260304
920429.BJ,康比特,12.16,0.9966777408637957,13.81,13.75,1.39500734,14.03,13.68,3180/5521,13.75,14.03,13.68,13.81,2.56975,1198778,151,920429,20260304
002565.SZ,顺灏股份,19.02,2.699784017278618,14.1,13.9,-1.53631285,14.5,13.67,3182/5521,13.9,14.5,13.67,14.1,5.796089,6.3148999E7,33,002565,20260304
300583.SZ,赛托生物,15.12,1.9554956169925768,13.76,14.22,-2.06405694,14.4,13.67,3182/5521,14.22,14.4,13.67,13.76,5.195729,3353940,33,300583,20260304
000155.SZ,川能动力,17.42,-9.506493506493497,14.28,13.7,2.95602019,14.47,13.66,3184/5521,13.7,14.47,13.66,14.28,5.839942,5.8693519E7,33,000155,20260304
300138.SZ,晨光生物,11.53,-1.3686911890504718,13.7,13.71,-0.72463768,14.01,13.66,3184/5521,13.71,14.01,13.66,13.7,2.536231,1.0101587E7,33,300138,20260304
300601.SZ,康泰生物,14.1,-0.4940014114326061,13.82,13.76,-0.14450867,13.94,13.66,3184/5521,13.76,13.94,13.66,13.82,2.023121,8739906,33,300601,20260304
600977.SH,中国电影,13.78,1.6974169741697316,13.92,13.7,0.723589,13.99,13.66,3184/5521,13.7,13.99,13.66,13.92,2.387843,3.3251528E7,17,600977,20260304
603213.SH,镇洋发展,13.85,0.21707670043414876,13.67,13.76,-0.94202899,13.85,13.65,3188/5521,13.76,13.85,13.65,13.67,1.449275,2928100,17,603213,20260304
920014.BJ,特瑞斯,12.02,2.647309991460279,15.35,18.73,-13.81246491,18.81,13.65,3188/5521,18.73,18.81,13.65,15.35,28.972487,1.6071908E7,151,920014,20260304
300314.SZ,戴维医疗,11.54,-0.8591065292096342,13.76,13.94,-0.86455331,14.02,13.64,3190/5521,13.94,14.02,13.64,13.76,2.737752,5265468,33,300314,20260304
920304.BJ,迪尔化工,11.3,-2.3336214347450266,13.72,14.4,-5.96298835,14.42,13.64,3190/5521,14.4,14.42,13.64,13.72,5.346127,7688618,151,920304,20260304
600151.SH,航天机电,14.51,4.614275414563811,14.22,13.66,1.86246418,14.42,13.63,3192/5521,13.66,14.42,13.63,14.22,5.659025,5.4177938E7,17,600151,20260304
920375.BJ,派诺科技,13.13,-1.9417475728155322,14.18,13.63,2.4566474,14.47,13.63,3192/5521,13.63,14.47,13.63,14.18,6.069364,2887035,151,920375,20260304
002275.SZ,桂林三金,14.31,0.5621925509487005,13.68,13.9,-1.6534867,13.93,13.62,3194/5521,13.9,13.93,13.62,13.68,2.228612,3413409,33,002275,20260304
300268.SZ,*ST佳沃,13.94,0.7225433526011535,13.8,13.75,-0.1447178,14.1,13.62,3194/5521,13.75,14.1,13.62,13.8,3.473227,1661600,33,300268,20260304
000821.SZ,ST京机,10.3,-0.866217516843117,14.2,13.65,2.52707581,14.24,13.61,3196/5521,13.65,14.24,13.61,14.2,4.548736,2.6110662E7,33,000821,20260304
002918.SZ,蒙娜丽莎,10.84,-2.9543419874664285,13.75,14.07,-2.82685512,14.27,13.61,3196/5521,14.07,14.27,13.61,13.75,4.66431,5914575,33,002918,20260304
920300.BJ,辰光医疗,11.35,0.17652250661959024,13.66,13.76,-1.72661871,13.93,13.61,3196/5521,13.76,13.93,13.61,13.66,2.302158,917345,151,920300,20260304
000885.SZ,城发环境,14.11,-0.28268551236749767,13.67,13.94,-2.56593015,14.08,13.6,3199/5521,13.94,14.08,13.6,13.67,3.42124,8468992,33,000885,20260304
002026.SZ,山东威达,12.85,-0.695517774343121,13.81,13.76,0.21770682,13.98,13.6,3199/5521,13.76,13.98,13.6,13.81,2.757619,7944315,33,002026,20260304
603218.SH,日月股份,12.75,-1.9230769230769231,13.87,13.62,0.7994186,14.1,13.6,3199/5521,13.62,14.1,13.6,13.87,3.63372,1.0704138E7,17,603218,20260304
688575.SH,亚辉龙,13.81,-3.6287508722958797,13.6,13.81,-2.01729107,14.03,13.58,3202/5521,13.81,14.03,13.58,13.6,3.242074,4642339,17,688575,20260304
600577.SH,精达股份,13.03,4.490777866880503,14.13,13.66,1.21776504,14.47,13.57,3203/5521,13.66,14.47,13.57,14.13,6.446991,6.7440698E7,17,600577,20260304
000993.SZ,闽东电力,12.24,-1.2903225806451624,14.29,13.61,1.78062678,14.5,13.55,3204/5521,13.61,14.5,13.55,14.29,6.766381,4.6762494E7,33,000993,20260304
688352.SH,颀中科技,12.97,1.3281249999999993,13.65,13.56,-0.07320644,14.03,13.55,3204/5521,13.56,14.03,13.55,13.65,3.513909,1.1795732E7,17,688352,20260304
002674.SZ,兴业科技,13.48,-1.3899049012435956,13.71,13.65,-0.50798258,13.81,13.54,3206/5521,13.65,13.81,13.54,13.71,1.959361,3427300,33,002674,20260304
300649.SZ,杭州园林,19.19,-1.5897435897435832,14.06,13.88,-0.49539986,14.22,13.54,3206/5521,13.88,14.22,13.54,14.06,4.812455,2885400,33,300649,20260304
002439.SZ,启明星辰,15.62,3.034300791556722,13.6,13.6,-0.29325513,13.76,13.53,3208/5521,13.6,13.76,13.53,13.6,1.686217,1.1715749E7,33,002439,20260304
001366.SZ,播恩集团,15.5,1.174934725848562,13.79,13.74,-0.57678443,13.96,13.52,3209/5521,13.74,13.96,13.52,13.79,3.172314,4028605,33,001366,20260304
300958.SZ,建工修复,14.33,1.8479033404406524,13.82,13.55,0.58224163,13.87,13.52,3209/5521,13.55,13.87,13.52,13.82,2.547307,3682249,33,300958,20260304
600860.SH,京城股份,10.79,0.27881040892192716,14.85,13.66,8.55263158,15.05,13.52,3209/5521,13.66,15.05,13.52,14.85,11.18421,6.3617481E7,17,600860,20260304
600366.SH,宁波韵升,13.27,-0.9701492537313491,13.84,13.6,-0.07220217,14.3,13.51,3212/5521,13.6,14.3,13.51,13.84,5.703971,3.5042008E7,17,600366,20260304
688707.SH,振华新材,16.52,-3.8976148923792997,13.65,13.51,-1.72786177,13.94,13.51,3212/5521,13.51,13.94,13.51,13.65,3.095752,7122690,17,688707,20260304
920541.BJ,铁大科技,12.1,0.0,13.73,13.55,0.14587892,13.83,13.51,3212/5521,13.55,13.83,13.51,13.73,2.334062,1046194,151,920541,20260304
002836.SZ,新宏泽,13.45,1.893939393939394,13.71,13.72,-0.7959479,13.96,13.5,3215/5521,13.72,13.96,13.5,13.71,3.328509,3679321,33,002836,20260304
300121.SZ,阳谷华泰,12.33,-2.529644268774706,13.59,13.62,-1.52173913,13.98,13.5,3215/5521,13.62,13.98,13.5,13.59,3.47826,1.5055298E7,33,300121,20260304
300632.SZ,光莆股份,24.47,20.009808729769485,13.77,13.51,0.29133285,13.97,13.5,3215/5521,13.51,13.97,13.5,13.77,3.42316,5814963,33,300632,20260304
300961.SZ,深水海纳,13.57,1.26865671641791,13.69,13.7,-0.50872093,13.85,13.5,3215/5521,13.7,13.85,13.5,13.69,2.543604,3497100,33,300961,20260304
600985.SH,淮北矿业,14.81,-0.20215633423180163,13.65,13.71,-1.15858074,13.84,13.5,3215/5521,13.71,13.84,13.5,13.65,2.461984,2.4735127E7,17,600985,20260304
603898.SH,好莱客,13.81,2.448071216617211,13.75,13.54,-1.99572345,14.11,13.5,3215/5521,13.54,14.11,13.5,13.75,4.347826,5881460,17,603898,20260304
002296.SZ,辉煌科技,11.3,-0.4405286343612241,13.72,13.51,0.29239766,14.04,13.48,3221/5521,13.51,14.04,13.48,13.72,4.093567,1.7240734E7,33,002296,20260304
603970.SH,中农立华,13.21,-1.1227544910179534,13.75,13.58,0.65885798,13.84,13.48,3221/5521,13.58,13.84,13.48,13.75,2.635431,3445659,17,603970,20260304
000301.SZ,东方盛虹,13.27,0.07541478129713264,13.71,14.58,-5.96707819,14.7,13.47,3223/5521,14.58,14.7,13.47,13.71,8.436213,8.6720599E7,33,000301,20260304
001387.SZ,雪祺电气,14.2,1.5010721944245824,13.64,13.57,-0.29239766,13.77,13.47,3223/5521,13.57,13.77,13.47,13.64,2.192982,3865492,33,001387,20260304
601198.SH,东兴证券,13.2,0.8403361344537772,13.52,13.76,-2.170767,13.82,13.47,3223/5521,13.76,13.82,13.47,13.52,2.532561,3.5934053E7,17,601198,20260304
300565.SZ,科信技术,12.71,0.47430830039526084,14.34,13.46,5.59646539,15.15,13.46,3226/5521,13.46,15.15,13.46,14.34,12.444771,4.8502993E7,33,300565,20260304
603602.SH,纵横通信,13.18,1.7760617760617794,13.72,13.48,0,13.97,13.46,3226/5521,13.48,13.97,13.46,13.72,3.717201,6396497,17,603602,20260304
688472.SH,阿特斯,14.43,0.4175365344467676,13.56,13.71,-2.3054755,13.97,13.46,3226/5521,13.71,13.97,13.46,13.56,3.674351,4.1364606E7,17,688472,20260304
002136.SZ,安纳达,15.09,-1.4369693011103895,13.95,13.44,-0.21459227,14.31,13.44,3229/5521,13.44,14.31,13.44,13.95,6.223175,2.11183E7,33,002136,20260304
002669.SZ,康达新材,13.47,-0.590405904059041,13.7,13.46,-0.36363636,13.91,13.44,3229/5521,13.46,13.91,13.44,13.7,3.418181,9527438,33,002669,20260304
002917.SZ,金奥博,12.98,-0.38372985418264727,13.6,13.58,-0.07347539,13.83,13.44,3229/5521,13.58,13.83,13.44,13.6,2.86554,4050550,33,002917,20260304
300562.SZ,乐心医疗,14.29,-1.1756569847856273,13.6,13.48,-0.07347539,13.76,13.43,3232/5521,13.48,13.76,13.43,13.6,2.424687,6013320,33,300562,20260304
300615.SZ,欣天科技,13.72,0.8082292432035357,13.86,14.07,-1.49253731,14.2,13.42,3233/5521,14.07,14.2,13.42,13.86,5.54371,6006802,33,300615,20260304
300131.SZ,英唐智控,16.25,-2.1084337349397675,13.56,13.5,-1.2381646,13.98,13.41,3234/5521,13.5,13.98,13.41,13.56,4.151493,3.7950283E7,33,300131,20260304
300337.SZ,银邦股份,13.96,1.8978102189781136,13.71,13.53,0.14609204,14.04,13.41,3234/5521,13.53,14.04,13.41,13.71,4.601899,3.0309724E7,33,300337,20260304
600992.SH,贵绳股份,11.4,-5.236907730673309,13.49,13.7,-1.60466813,13.73,13.41,3234/5521,13.7,13.73,13.41,13.49,2.334062,6601291,17,600992,20260304
603170.SH,宝立食品,13.65,-2.29062276306371,13.6,13.79,-1.30624093,13.82,13.41,3234/5521,13.79,13.82,13.41,13.6,2.975326,3300660,17,603170,20260304
603700.SH,宁水集团,12.94,0.15479876160990383,13.56,13.57,-0.07369197,13.73,13.41,3234/5521,13.57,13.73,13.41,13.56,2.358142,3609460,17,603700,20260304
920427.BJ,华维设计,12.2,2.9535864978902926,13.65,13.66,0,13.94,13.41,3234/5521,13.66,13.94,13.41,13.65,3.882783,1714192,151,920427,20260304
000682.SZ,东方电子,13.05,-2.320359281437116,13.82,13.5,1.61764706,14.07,13.4,3240/5521,13.5,14.07,13.4,13.82,4.92647,2.9458317E7,33,000682,20260304
002015.SZ,协鑫能科,17.75,-5.02942750133762,14.31,13.43,1.27388535,15.03,13.4,3240/5521,13.43,15.03,13.4,14.31,11.535739,1.53116793E8,33,002015,20260304
300075.SZ,数字政通,13.29,-0.7468259895444467,13.42,13.52,-1.39603233,13.72,13.39,3242/5521,13.52,13.72,13.39,13.42,2.424687,9924060,33,300075,20260304
300005.SZ,探路者,16.66,-0.5966587112171922,13.87,13.6,0.50724638,14.07,13.38,3243/5521,13.6,14.07,13.38,13.87,5,1.9251394E7,33,300005,20260304
600689.SH,上海三毛,13.54,0.4451038575667561,13.52,13.55,-1.24178232,13.75,13.38,3243/5521,13.55,13.75,13.38,13.52,2.702702,4187600,17,600689,20260304
603703.SH,盛洋科技,13.68,1.7100371747211929,13.7,13.45,0.29282577,13.99,13.38,3243/5521,13.45,13.99,13.38,13.7,4.465592,1.1193259E7,17,603703,20260304
688616.SH,西力科技,14.46,0.8368200836820153,13.68,13.4,1.10864745,13.85,13.38,3243/5521,13.4,13.85,13.38,13.68,3.473762,3220267,17,688616,20260304
002705.SZ,新宝股份,15.13,-5.437499999999995,13.44,13.8,-3.72492837,13.89,13.37,3247/5521,13.8,13.89,13.37,13.44,3.724928,1.0527404E7,33,002705,20260304
002737.SZ,葵花药业,13.88,5.954198473282451,13.41,13.62,-1.75824176,13.64,13.36,3248/5521,13.62,13.64,13.36,13.41,2.051282,3291740,33,002737,20260304
603917.SH,合力科技,12.51,-5.656108597285068,13.63,13.52,-0.80058224,13.73,13.35,3249/5521,13.52,13.73,13.35,13.63,2.765647,5751900,17,603917,20260304
688567.SH,孚能科技,13.92,-1.2765957446808491,13.41,13.46,-1.97368421,13.88,13.35,3249/5521,13.46,13.88,13.35,13.41,3.874269,1.2447815E7,17,688567,20260304
920010.BJ,凯添燃气,11.83,0.6808510638297879,15.0,17.53,-14.4324016,17.53,13.35,3249/5521,17.53,17.53,13.35,15.0,23.844837,3.402784E7,151,920010,20260304
300329.SZ,海伦钢琴,14.02,1.1544011544011554,13.62,13.34,0.14705882,13.8,13.34,3252/5521,13.34,13.8,13.34,13.62,3.382352,3340440,33,300329,20260304
300568.SZ,星源材质,16.43,-1.3805522208883578,13.53,13.46,-1.09649123,13.82,13.34,3252/5521,13.46,13.82,13.34,13.53,3.508771,3.5924182E7,33,300568,20260304
603123.SH,翠微股份,11.6,0.6944444444444451,13.92,13.5,1.68005844,14.05,13.33,3254/5521,13.5,14.05,13.33,13.92,5.259313,7.0194861E7,17,603123,20260304
301339.SZ,通行宝,13.13,0.07621951219513387,13.46,13.68,-2.39303843,13.83,13.32,3255/5521,13.68,13.83,13.32,13.46,3.698332,5898694,33,301339,20260304
601696.SH,中银证券,12.42,1.2224938875305653,13.38,13.4,-1.10864745,13.6,13.31,3256/5521,13.4,13.6,13.31,13.38,2.143385,3.6553968E7,17,601696,20260304
001896.SZ,豫能控股,15.24,-9.982279976373299,14.26,13.3,7.37951807,14.61,13.3,3257/5521,13.3,14.61,13.3,14.26,9.864457,2.57347463E8,33,001896,20260304
002440.SZ,闰土股份,10.86,-3.8086802480070836,14.56,13.3,8.41399851,14.77,13.3,3257/5521,13.3,14.77,13.3,14.56,10.945644,1.51676373E8,33,002440,20260304
002654.SZ,万润科技,14.52,5.6768558951965025,13.44,13.36,0.44843049,13.9,13.3,3257/5521,13.36,13.9,13.3,13.44,4.484304,3.481206E7,33,002654,20260304
603566.SH,普莱柯,11.97,-0.3330557868442893,13.39,13.46,-0.88823094,13.65,13.3,3257/5521,13.46,13.65,13.3,13.39,2.590673,4501000,17,603566,20260304
300300.SZ,海峡创新,12.55,1.1281224818694646,15.31,13.35,10.22318215,15.98,13.29,3261/5521,13.35,15.98,13.29,15.31,19.36645,2.21901602E8,33,300300,20260304
300417.SZ,南华仪器,14.17,2.458423716558206,13.41,13.41,-1.32450331,13.84,13.28,3262/5521,13.41,13.84,13.28,13.41,4.120676,5042900,33,300417,20260304
300932.SZ,三友联众,14.38,-0.06949270326615557,13.82,13.31,2.21893491,14.05,13.28,3262/5521,13.31,14.05,13.28,13.82,5.695266,1.5952554E7,33,300932,20260304
600234.SH,科新发展,24.4,1.6666666666666607,13.65,13.3,1.94174757,13.85,13.26,3264/5521,13.3,13.85,13.26,13.65,4.406273,2188710,17,600234,20260304
603015.SH,弘讯科技,11.79,0.9417808219178033,13.51,13.36,0.22255193,13.76,13.26,3264/5521,13.36,13.76,13.26,13.51,3.709198,6851000,17,603015,20260304
688565.SH,力源科技,12.94,0.7788161993769442,13.5,13.92,-2.17391304,13.92,13.26,3264/5521,13.92,13.92,13.26,13.5,4.782608,4953093,17,688565,20260304
300052.SZ,中青宝,11.73,-4.634146341463417,13.69,13.25,1.5578635,13.81,13.25,3267/5521,13.25,13.81,13.25,13.69,4.154302,5986100,33,300052,20260304
600775.SH,南京熊猫,12.35,0.40650406504064174,13.56,13.3,0.07380074,13.82,13.25,3267/5521,13.3,13.82,13.25,13.56,4.206642,2.028E7,17,600775,20260304
601811.SH,新华文轩,13.59,-0.3665689149560169,13.29,13.59,-2.20750552,13.59,13.25,3267/5521,13.59,13.59,13.25,13.29,2.501839,4299109,17,601811,20260304
603006.SH,联明股份,13.46,0.0,13.3,13.52,-2.49266862,13.69,13.25,3267/5521,13.52,13.69,13.25,13.3,3.225806,3106800,17,603006,20260304
002322.SZ,理工能科,12.09,-0.24752475247524228,13.55,13.3,1.57421289,13.68,13.23,3271/5521,12.97,13.35,12.9,13.22,3.373313,8117364,33,002322,20260304
002590.SZ,万安科技,11.89,-0.5852842809364572,13.35,13.47,-1.03780578,13.53,13.22,3272/5521,13.47,13.53,13.22,13.35,2.297998,9520775,33,002590,20260304
002637.SZ,赞宇科技,12.78,0.3139717425431644,13.44,13.5,-1.39398386,13.69,13.2,3273/5521,13.5,13.69,13.2,13.44,3.595011,1.3524753E7,33,002637,20260304
300592.SZ,华凯易佰,13.01,-0.5351681957186566,13.4,13.28,-0.1490313,13.88,13.2,3273/5521,13.28,13.88,13.2,13.4,5.067064,8449100,33,300592,20260304
600268.SH,国电南自,14.97,-1.2532981530342975,13.93,13.4,2.65291083,14.3,13.2,3273/5521,13.4,14.3,13.2,13.93,8.106116,5.233291E7,17,600268,20260304
600452.SH,涪陵电力,11.61,-2.3549201009251566,13.62,13.3,0,14.42,13.2,3273/5521,13.3,14.42,13.2,13.62,8.957415,1.1246835E8,17,600452,20260304
603269.SH,海鸥股份,14.92,0.6747638326585671,14.28,13.23,3.62844702,14.61,13.2,3273/5521,13.23,14.61,13.2,14.28,10.23222,2.7018365E7,17,603269,20260304
003003.SZ,天元股份,13.86,2.061855670103088,13.38,13.39,-0.74183976,13.58,13.19,3278/5521,13.39,13.58,13.19,13.38,2.893175,5101012,33,003003,20260304
300188.SZ,国投智能,12.45,-1.1119936457506003,13.38,13.23,0.1497006,13.5,13.19,3278/5521,13.23,13.5,13.19,13.38,2.320359,1.4538178E7,33,300188,20260304
002416.SZ,爱施德,13.77,0.3644314868804587,13.35,13.2,-0.74349442,13.7,13.15,3280/5521,13.2,13.7,13.15,13.35,4.089219,2.7933807E7,33,002416,20260304
300729.SZ,乐歌股份,12.39,-1.3535031847133752,13.24,13.42,-1.85322461,13.45,13.15,3280/5521,13.42,13.45,13.15,13.24,2.223869,3746026,33,300729,20260304
600886.SH,国投电力,13.63,0.14695077149156024,13.56,13.56,-0.29411765,13.64,13.15,3280/5521,13.56,13.64,13.15,13.56,3.602941,4.1227305E7,17,600886,20260304
603997.SH,继峰股份,12.17,0.0822368421052614,13.19,13.67,-4.00291121,13.84,13.15,3280/5521,13.67,13.84,13.15,13.19,5.021834,9356200,17,603997,20260304
002019.SZ,亿帆医药,11.18,-0.533807829181499,13.17,13.29,-1.12612613,13.5,13.14,3284/5521,13.29,13.5,13.14,13.17,2.702702,2.2306083E7,33,002019,20260304
600847.SH,万里股份,14.77,0.06775067750677362,13.3,13.17,-1.91740413,13.57,13.13,3285/5521,13.17,13.57,13.13,13.3,3.244837,2595785,17,600847,20260304
688660.SH,电气风电,12.24,2.255639097744357,13.36,13.23,-1.40221402,13.82,13.13,3285/5521,13.23,13.82,13.13,13.36,5.09225,1.2503827E7,17,688660,20260304
002457.SZ,青龙管业,11.54,-2.3688663282572007,13.82,13.21,3.52059925,14.04,13.12,3287/5521,13.21,14.04,13.12,13.82,6.891385,2.2716007E7,33,002457,20260304
603519.SH,立霸股份,14.44,3.6611629576453684,13.15,13.3,-0.97891566,13.6,13.11,3288/5521,13.3,13.6,13.11,13.15,3.689759,4370060,17,603519,20260304
300821.SZ,东岳硅材,15.18,-2.941176470588241,13.49,13.23,0.59656972,13.94,13.1,3289/5521,13.23,13.94,13.1,13.49,6.263982,4.303561E7,33,300821,20260304
605069.SH,正和生态,14.19,-1.9350380096751978,13.86,13.11,3.74251497,14.05,13.1,3289/5521,13.11,14.05,13.1,13.86,7.110778,9132300,17,605069,20260304
605336.SH,*ST帅电,16.68,-1.1848341232227446,13.22,13.16,-1.71003717,13.49,13.1,3289/5521,13.16,13.49,13.1,13.22,2.899628,2960900,22,605336,20260304
300778.SZ,新城市,13.05,4.1500399042298595,13.53,13.32,0.29651594,13.66,13.09,3292/5521,13.32,13.66,13.09,13.53,4.225352,8954812,33,300778,20260304
688653.SH,康希通信,15.05,3.793103448275867,13.26,13.15,0.1510574,13.65,13.09,3292/5521,13.15,13.65,13.09,13.26,4.229607,8238081,17,688653,20260304
920212.BJ,智新电子,11.74,-1.178451178451183,13.33,13.18,1.06141016,13.45,13.09,3292/5521,13.18,13.45,13.09,13.33,2.72934,650995,151,920212,20260304
002115.SZ,三维通信,14.41,-1.8392370572207055,13.43,13.27,-1.32255694,13.69,13.08,3295/5521,13.27,13.69,13.08,13.43,4.481998,5.6553107E7,33,002115,20260304
603856.SH,东宏股份,13.09,-0.5319148936170234,13.2,13.3,-0.82644628,13.37,13.08,3295/5521,13.3,13.37,13.08,13.2,2.178812,3191230,17,603856,20260304
605122.SH,四方新材,14.72,6.5123010130246035,13.22,13.26,-1.49031297,13.65,13.08,3295/5521,13.26,13.65,13.08,13.22,4.247391,2293500,17,605122,20260304
002802.SZ,洪汇新材,13.9,-2.932960893854748,13.27,13.3,-0.67365269,13.53,13.07,3298/5521,13.3,13.53,13.07,13.27,3.443113,3964136,33,002802,20260304
002856.SZ,*ST美芝,13.78,5.03048780487805,13.31,13.06,0.15048909,13.48,13.06,3299/5521,13.06,13.48,13.06,13.31,3.16027,4504400,33,002856,20260304
002930.SZ,宏川智慧,12.99,3.8369304556354953,13.55,13.25,0.74349442,13.74,13.06,3299/5521,13.25,13.74,13.06,13.55,5.055762,1.1947064E7,33,002930,20260304
300509.SZ,新美星,11.39,-0.43706293706292776,13.34,13.09,0.07501875,13.46,13.06,3299/5521,13.09,13.46,13.06,13.34,3.00075,8615200,33,300509,20260304
603316.SH,诚邦股份,15.59,-4.939024390243895,14.53,13.07,9.99242998,14.53,13.06,3299/5521,13.07,14.53,13.06,14.53,11.127933,1.599848E7,17,603316,20260304
920720.BJ,吉冈精密,12.03,-0.4139072847682178,13.22,13.52,-1.41685309,13.52,13.04,3303/5521,13.52,13.52,13.04,13.22,3.579418,2210809,151,920720,20260304
000888.SZ,峨眉山A,11.85,-0.4201680672268967,13.17,13.12,0.07598784,13.36,13.02,3304/5521,13.12,13.36,13.02,13.17,2.583586,1.0670135E7,33,000888,20260304
300856.SZ,科思股份,13.96,-0.35688793718771544,13.22,13.14,-0.22641509,13.46,13.02,3304/5521,13.14,13.46,13.02,13.22,3.320754,4221634,33,300856,20260304
600859.SH,王府井,12.37,-0.5627009646302273,13.06,13.2,-1.878287,13.31,13.02,3304/5521,13.2,13.31,13.02,13.06,2.178812,1.9565457E7,17,600859,20260304
603693.SH,江苏新能,14.73,-2.643754130865832,13.45,13.1,1.7397882,13.5,13.02,3304/5521,13.1,13.5,13.02,13.45,3.630862,1.1114099E7,17,603693,20260304
002468.SZ,申通快递,16.35,-1.327700663850325,13.16,13.26,-2.01042442,13.39,13.01,3308/5521,13.26,13.39,13.01,13.16,2.829486,2.7220129E7,33,002468,20260304
603339.SH,四方科技,13.67,0.588668138337013,13.07,13.01,-1.35849057,13.29,13.01,3308/5521,13.01,13.29,13.01,13.07,2.113207,3525876,17,603339,20260304
002248.SZ,华东数控,13.06,1.0835913312693541,13.46,13.03,1.96969697,13.6,13,3310/5521,13.03,13.6,13,13.46,4.545454,2.2258863E7,33,002248,20260304
603165.SH,荣晟环保,17.4,1.1627906976744145,13.1,13.19,-1.05740181,13.38,13,3310/5521,13.19,13.38,13,13.1,2.87009,4843534,17,603165,20260304
601969.SH,海南矿业,12.23,-2.4720893141945672,13.44,13.85,-1.53846154,14.29,12.99,3312/5521,13.85,14.29,12.99,13.44,9.523809,8.7808884E7,17,601969,20260304
603711.SH,香飘飘,14.28,10.015408320493057,13.0,13.1,-1.51515152,13.23,12.99,3312/5521,13.1,13.23,12.99,13.0,1.818181,1902800,17,603711,20260304
000729.SZ,燕京啤酒,13.3,0.6813020439061306,13.04,13.21,-1.58490566,13.36,12.98,3314/5521,13.21,13.36,12.98,13.04,2.867924,3.3493161E7,33,000729,20260304
300288.SZ,朗玛信息,12.45,0.48426150121064343,13.11,13,-0.75700227,13.31,12.98,3314/5521,13,13.31,12.98,13.11,2.498107,6173362,33,300288,20260304
300371.SZ,汇中股份,13.44,2.2053231939163433,13.32,13.32,0.07513148,13.36,12.98,3314/5521,13.32,13.36,12.98,13.32,2.854996,3218668,33,300371,20260304
300830.SZ,金现代,10.46,0.867888138862118,13.57,13.01,2.03007519,13.99,12.98,3314/5521,13.01,13.99,12.98,13.57,7.593984,4.5713709E7,33,300830,20260304
300555.SZ,ST路通,13.47,0.14869888475837437,13.0,13.11,-1.14068441,13.35,12.97,3318/5521,13.11,13.35,12.97,13.0,2.889733,1550950,33,300555,20260304
688389.SH,普门科技,13.05,0.3846153846153901,13.02,13.16,-1.58730159,13.33,12.97,3318/5521,13.16,13.33,12.97,13.02,2.721088,3904960,17,688389,20260304
000815.SZ,美利云,19.02,-4.229607250755286,13.48,12.96,4.01234568,13.88,12.96,3320/5521,12.96,13.88,12.96,13.48,7.098765,5.8185583E7,33,000815,20260304
600508.SH,上海能源,13.88,-0.14388489208632788,13.43,13.5,-3.38129496,13.54,12.95,3321/5521,13.5,13.54,12.95,13.43,4.244604,1.9729527E7,17,600508,20260304
600710.SH,苏美达,12.22,-2.4740622505985534,13.12,12.96,0.22918258,13.45,12.94,3322/5521,12.96,13.45,12.94,13.12,3.896103,2.6089662E7,17,600710,20260304
300306.SZ,远方信息,12.65,1.2000000000000028,13.12,12.99,0.38255547,13.28,12.92,3323/5521,12.99,13.28,12.92,13.12,2.754399,4479018,33,300306,20260304
300635.SZ,中达安,14.74,2.5034770514603575,13.15,12.95,-0.15186029,13.34,12.92,3323/5521,12.95,13.34,12.92,13.15,3.189066,3522880,33,300635,20260304
000722.SZ,湖南发展,14.24,-1.7931034482758605,13.3,12.9,1.21765601,13.38,12.9,3325/5521,12.9,13.38,12.9,13.3,3.652968,1.3666744E7,33,000722,20260304
600588.SH,用友网络,11.68,-1.6006739679865165,13.05,13.01,-0.76045627,13.24,12.9,3325/5521,13.01,13.24,12.9,13.05,2.585551,4.9868179E7,17,600588,20260304
600846.SH,同济科技,12.76,-2.297090352220526,13.42,13.02,3.07219662,13.53,12.9,3325/5521,13.02,13.53,12.9,13.42,4.838709,7390351,17,600846,20260304
600552.SH,凯盛科技,15.54,0.8436080467229008,13.15,12.98,-0.45420136,13.47,12.89,3328/5521,12.98,13.47,12.89,13.15,4.390613,3.0737028E7,17,600552,20260304
603901.SH,永创智能,12.22,-4.231974921630087,13.04,13,-0.38197097,13.23,12.89,3328/5521,13,13.23,12.89,13.04,2.597402,6960205,17,603901,20260304
600633.SH,浙数文化,13.12,-2.526002971768214,12.92,12.92,-1.44927536,13.2,12.88,3330/5521,12.92,13.2,12.88,12.92,2.440884,3.0551521E7,17,600633,20260304
603967.SH,中创物流,13.93,0.5776173285198561,12.99,13.36,-3.49182764,13.39,12.88,3330/5521,13.36,13.39,12.88,12.99,3.789004,7702940,17,603967,20260304
300235.SZ,方直科技,14.09,2.7716994894237708,13.07,12.97,-0.15278839,13.3,12.86,3332/5521,12.97,13.3,12.86,13.07,3.361344,5774650,33,300235,20260304
300616.SZ,尚品宅配,13.61,-3.3380681818181865,12.98,12.99,-1.14242193,13.17,12.85,3333/5521,12.99,13.17,12.85,12.98,2.437166,3695481,33,300616,20260304
300993.SZ,玉马科技,12.24,0.0817661488143891,12.96,12.91,-0.30769231,13.07,12.84,3334/5521,12.91,13.07,12.84,12.96,1.76923,2872277,33,300993,20260304
603936.SH,博敏电子,15.5,-1.8987341772151942,13.04,12.88,-0.15313936,13.44,12.84,3334/5521,12.88,13.44,12.84,13.04,4.59418,3.2672545E7,17,603936,20260304
002507.SZ,涪陵榨菜,12.58,-0.7886435331230256,12.87,13.1,-2.05479452,13.12,12.82,3336/5521,13.1,13.12,12.82,12.87,2.283105,2.4488467E7,33,002507,20260304
002572.SZ,索菲亚,11.99,-6.4742589703588145,13.02,13.23,-2.25225225,13.28,12.82,3336/5521,13.23,13.28,12.82,13.02,3.453453,1.5689927E7,33,002572,20260304
603787.SH,新日股份,11.96,0.673400673400674,12.89,13.16,-2.05167173,13.21,12.82,3336/5521,13.16,13.21,12.82,12.89,2.963525,3644982,17,603787,20260304
002011.SZ,盾安环境,11.68,-1.5177065767284967,12.96,12.99,-1.14416476,13.26,12.81,3339/5521,12.99,13.26,12.81,12.96,3.432494,1.8215632E7,33,002011,20260304
000065.SZ,北方国际,12.79,1.1067193675889233,13.46,12.88,3.53846154,13.64,12.8,3340/5521,12.88,13.64,12.8,13.46,6.461538,5.1050993E7,33,000065,20260304
600197.SH,伊力特,12.26,0.0,12.82,13.05,-2.36100533,13.06,12.8,3340/5521,13.05,13.06,12.8,12.82,1.980198,4338659,17,600197,20260304
600869.SH,远东股份,16.99,-2.356321839080461,12.92,13.03,-4.22535211,13.67,12.8,3340/5521,13.03,13.67,12.8,12.92,6.449221,9.8972301E7,17,600869,20260304
002727.SZ,一心堂,12.68,-0.5490196078431395,12.81,12.98,-1.76380368,13.05,12.78,3343/5521,12.98,13.05,12.78,12.81,2.070552,7671645,33,002727,20260304
603041.SH,美思德,14.12,1.436781609195397,12.91,12.82,-0.23183926,13.14,12.78,3343/5521,12.82,13.14,12.78,12.91,2.782071,3215119,17,603041,20260304
603089.SH,正裕工业,11.59,-0.2581755593803732,12.89,12.77,-0.84615385,13.08,12.77,3345/5521,12.77,13.08,12.77,12.89,2.384615,2850356,17,603089,20260304
605228.SH,神通科技,14.39,-1.4383561643835554,12.89,13,-2.27445034,13.21,12.76,3346/5521,13,13.21,12.76,12.89,3.411675,7846965,17,605228,20260304
920519.BJ,万德股份,12.23,3.381234150464923,12.84,13.78,-6.75381264,13.9,12.76,3346/5521,13.78,13.9,12.76,12.84,8.278867,5044575,151,920519,20260304
300348.SZ,长亮科技,11.81,-1.4190317195325537,12.85,13.02,-1.98321892,13.21,12.75,3348/5521,13.02,13.21,12.75,12.85,3.508771,1.6206859E7,33,300348,20260304
920792.BJ,东和新材,11.56,0.4344048653344979,12.85,12.88,-0.61871616,13.11,12.75,3348/5521,12.88,13.11,12.75,12.85,2.784222,1590890,151,920792,20260304
603332.SH,苏州龙杰,14.34,2.064056939501773,12.85,12.81,-1.07775212,13.06,12.74,3350/5521,12.81,13.06,12.74,12.85,2.463433,3016104,17,603332,20260304
001217.SZ,华尔泰,12.02,-0.8250825082508222,13.46,12.8,3.14176245,13.71,12.73,3351/5521,12.8,13.71,12.73,13.46,7.509578,1.54099E7,33,001217,20260304
002152.SZ,广电运通,11.66,-0.2566295979469578,12.83,12.93,-1.91131498,13.1,12.73,3351/5521,12.93,13.1,12.73,12.83,2.828746,2.9562495E7,33,002152,20260304
002207.SZ,*ST准油,6.87,5.045871559633029,15.03,14.18,10.02928258,15.03,12.73,3351/5521,14.18,15.03,12.73,15.03,16.837481,1.20882918E8,33,002207,20260304
002860.SZ,星帅尔,12.81,0.07812499999999833,12.91,12.81,-0.84485407,13.08,12.73,3351/5521,12.81,13.08,12.73,12.91,2.688172,8120296,33,002860,20260304
603317.SH,天味食品,17.13,-0.8680555555555678,12.83,13.2,-3.38855422,13.28,12.73,3351/5521,13.2,13.28,12.73,12.83,4.141566,8681605,17,603317,20260304
603506.SH,南都物业,13.53,3.917050691244238,12.84,12.94,-1.83486239,13.12,12.71,3356/5521,12.94,13.12,12.71,12.84,3.134556,2620880,17,603506,20260304
002045.SZ,国光电器,11.28,-1.052631578947377,12.78,12.98,-2.06896552,13.12,12.7,3357/5521,12.98,13.12,12.7,12.78,3.21839,1.0985735E7,33,002045,20260304
300407.SZ,凯发电气,13.18,0.5339435545385224,13.24,12.81,2.47678019,13.37,12.7,3357/5521,12.81,13.37,12.7,13.24,5.185758,1.1055825E7,33,300407,20260304
600590.SH,泰豪科技,15.69,-1.506591337099813,13.37,12.72,2.21712538,13.65,12.7,3357/5521,12.72,13.65,12.7,13.37,7.262996,6.1168529E7,17,600590,20260304
605050.SH,福然德,12.66,-1.248049921996881,12.78,13.16,-4.19790105,13.26,12.7,3357/5521,13.16,13.26,12.7,12.78,4.197901,8386403,17,605050,20260304
002580.SZ,圣阳股份,27.48,-3.9160839160839194,12.81,12.71,-0.69767442,13.08,12.69,3361/5521,12.71,13.08,12.69,12.81,3.023255,7978384,33,002580,20260304
920957.BJ,汉维科技,11.27,-2.8448275862068972,12.78,13.22,-3.47432024,13.39,12.68,3362/5521,13.22,13.39,12.68,12.78,5.362537,1002670,151,920957,20260304
300427.SZ,红相股份,10.89,-0.1833180568285937,14.24,12.7,9.11877395,14.77,12.67,3363/5521,12.7,14.77,12.67,14.24,16.091954,8.3139222E7,33,300427,20260304
000680.SZ,山推股份,11.91,0.761421319796953,12.7,12.8,-1.5503876,13.06,12.66,3364/5521,12.8,13.06,12.66,12.7,3.100775,1.8754485E7,33,000680,20260304
002855.SZ,捷荣技术,12.58,1.8623481781376554,12.83,12.87,-3.53383459,13.36,12.66,3364/5521,12.87,13.36,12.66,12.83,5.263157,1.4668237E7,33,002855,20260304
603885.SH,吉祥航空,11.44,-1.294219154443489,12.82,12.73,0.15625,12.95,12.66,3364/5521,12.73,12.95,12.66,12.82,2.265625,1.88384E7,17,603885,20260304
000899.SZ,赣能股份,12.48,-3.554868624420395,14.05,12.65,2.33066278,14.66,12.65,3367/5521,12.65,14.66,12.65,14.05,14.639475,1.04034829E8,33,000899,20260304
300129.SZ,泰胜风能,11.36,3.9341262580054868,13.28,12.75,3.02560124,13.64,12.63,3368/5521,12.75,13.64,12.63,13.28,7.835531,5.0402583E7,33,300129,20260304
300403.SZ,汉宇集团,10.9,1.019462465245609,12.72,12.73,-1.01167315,12.9,12.62,3369/5521,12.73,12.9,12.62,12.72,2.178988,1.1792604E7,33,300403,20260304
600072.SH,中船科技,13.68,6.046511627906972,13.04,12.66,1.47859922,13.08,12.62,3369/5521,12.66,13.08,12.62,13.04,3.579766,3.1537672E7,17,600072,20260304
600272.SH,开开实业,12.64,3.0995106035889135,12.79,12.76,-0.23400936,12.92,12.61,3371/5521,12.76,12.92,12.61,12.79,2.418096,2660600,17,600272,20260304
002632.SZ,道明光学,11.04,-1.340482573726545,12.65,12.83,-2.16550657,13.03,12.6,3372/5521,12.83,13.03,12.6,12.65,3.325599,2.0517359E7,33,002632,20260304
301526.SZ,国际复材,16.08,-5.633802816901413,13.07,12.63,2.02966432,13.32,12.6,3372/5521,12.63,13.32,12.6,13.07,5.620608,1.43332819E8,33,301526,20260304
600596.SH,新安股份,12.49,-1.7309205350118066,12.65,12.85,-2.99079755,13.16,12.6,3372/5521,12.85,13.16,12.6,12.65,4.294478,3.2220271E7,17,600596,20260304
002140.SZ,东华科技,12.51,-0.7142857142857132,12.86,12.8,0.78369906,13.12,12.59,3375/5521,12.8,13.12,12.59,12.86,4.153605,1.9772076E7,33,002140,20260304
300047.SZ,天源迪科,12.34,-0.5640612409347323,12.72,12.59,-0.46948357,12.99,12.59,3375/5521,12.59,12.99,12.59,12.72,3.12989,1.4578835E7,33,300047,20260304
600769.SH,祥龙电业,16.0,5.401844532279317,12.9,12.62,1.09717868,12.98,12.59,3375/5521,12.62,12.98,12.59,12.9,3.056426,6055807,17,600769,20260304
000151.SZ,中成股份,11.84,0.1692047377326529,12.67,12.73,-1.32398754,12.95,12.58,3378/5521,12.73,12.95,12.58,12.67,2.881619,5485373,33,000151,20260304
002171.SZ,楚江新材,11.31,-0.9632224168126045,12.85,12.65,0,13.12,12.58,3378/5521,12.65,13.12,12.58,12.85,4.202334,4.3356254E7,33,002171,20260304
688588.SH,凌志软件,11.75,1.555747623163351,12.65,12.58,-0.39370079,12.92,12.58,3378/5521,12.58,12.92,12.58,12.65,2.677165,4004579,17,688588,20260304
920665.BJ,科强股份,10.72,1.1320754716981227,12.65,13.01,-2.69230769,13.18,12.58,3378/5521,13.01,13.18,12.58,12.65,4.615384,2663976,151,920665,20260304
002164.SZ,宁波东力,12.56,0.7217321571772242,12.82,12.73,-0.31104199,12.95,12.57,3382/5521,12.73,12.95,12.57,12.82,2.954898,9205257,33,002164,20260304
600697.SH,欧亚集团,12.55,2.19869706840392,12.65,12.7,-1.47975078,12.88,12.56,3383/5521,12.7,12.88,12.56,12.65,2.492211,4719754,17,600697,20260304
000973.SZ,佛塑科技,20.99,-1.4091122592766592,12.9,12.7,-1.3006886,13.16,12.55,3384/5521,12.7,13.16,12.55,12.9,4.667176,2.5357554E7,33,000973,20260304
001338.SZ,永顺泰,13.27,4.241948153967,12.8,12.65,0.62893082,12.91,12.55,3384/5521,12.65,12.91,12.55,12.8,2.830188,8604200,33,001338,20260304
002312.SZ,川发龙蟒,10.95,-2.1447721179624684,13.2,12.6,3.2056294,13.65,12.55,3384/5521,12.6,13.65,12.55,13.2,8.600469,1.17026415E8,33,002312,20260304
605577.SH,龙版传媒,11.7,-1.0989010989011054,12.57,12.82,-2.63361735,12.85,12.54,3387/5521,12.82,12.85,12.54,12.57,2.401239,4517400,17,605577,20260304
920806.BJ,云星宇,11.49,0.34934497816594695,12.7,12.6,0.23677979,12.92,12.53,3388/5521,12.6,12.92,12.53,12.7,3.078137,2252696,151,920806,20260304
000039.SZ,中集集团,12.39,-0.3218020917135893,12.72,12.6,-0.625,12.93,12.52,3389/5521,12.6,12.93,12.52,12.72,3.203125,6.3190399E7,33,000039,20260304
600449.SH,宁夏建材,12.91,0.310800310800318,12.58,12.63,-1.10062893,12.79,12.52,3389/5521,12.63,12.79,12.52,12.58,2.122641,5630668,17,600449,20260304
603886.SH,元祖股份,12.77,1.4297061159650495,12.69,12.87,-1.62790698,12.87,12.52,3389/5521,12.87,12.87,12.52,12.69,2.713178,3725700,17,603886,20260304
600644.SH,乐山电力,11.58,-1.8644067796610222,12.91,12.85,-2.41874528,13.42,12.49,3392/5521,12.85,13.42,12.49,12.91,7.029478,6.7024762E7,17,600644,20260304
920422.BJ,润普食品,11.5,1.1433597185576148,12.55,12.71,-1.2588513,12.95,12.49,3392/5521,12.71,12.95,12.49,12.55,3.619197,1774321,151,920422,20260304
300746.SZ,汉嘉数智,12.48,-1.1093502377178985,12.65,12.51,-0.47206924,12.75,12.48,3394/5521,12.51,12.75,12.48,12.65,2.124311,2993300,33,300746,20260304
600379.SH,宝光股份,16.78,10.032786885245908,12.87,12.52,2.14285714,13.03,12.48,3394/5521,12.52,13.03,12.48,12.87,4.365079,7915031,17,600379,20260304
002216.SZ,三全食品,14.38,-1.3717421124828484,12.63,12.76,-1.86480186,12.88,12.47,3396/5521,12.76,12.88,12.47,12.63,3.185703,2.2238444E7,33,002216,20260304
300968.SZ,格林精密,11.79,0.9417808219178033,12.59,12.57,-0.86614173,12.84,12.47,3396/5521,12.57,12.84,12.47,12.59,2.913385,5215457,33,300968,20260304
300931.SZ,通用电梯,15.1,-2.6434558349451978,12.52,12.71,-3.32046332,12.99,12.46,3398/5521,12.71,12.99,12.46,12.52,4.092664,9112369,33,300931,20260304
002787.SZ,华源控股,19.4,0.9890681936491292,12.82,12.55,0.15625,13.12,12.45,3399/5521,12.55,13.12,12.45,12.82,5.234375,7647100,33,002787,20260304
300396.SZ,迪瑞医疗,,,12.53,12.68,-1.33858268,12.76,12.45,3399/5521,12.68,12.76,12.45,12.53,2.440944,2993698,33,300396,20260304
301032.SZ,新柴股份,12.95,-0.9938837920489356,12.58,12.82,-2.55615802,12.92,12.45,3399/5521,12.82,12.92,12.45,12.58,3.640588,5829600,33,301032,20260304
920249.BJ,利尔达,9.98,2.044989775051136,12.72,12.5,1.76,13.12,12.45,3399/5521,12.5,13.12,12.45,12.72,5.36,4709095,151,920249,20260304
000524.SZ,岭南控股,10.16,-1.8357487922705267,12.65,12.45,0.07911392,12.8,12.44,3403/5521,12.45,12.8,12.44,12.65,2.848101,1.0389945E7,33,000524,20260304
688203.SH,海正生材,13.55,-1.8115942028985506,12.59,12.8,-3.52490421,13.17,12.44,3403/5521,12.8,13.17,12.44,12.59,5.593869,3426215,17,688203,20260304
301081.SZ,严牌股份,15.89,-2.215384615384612,12.56,12.71,0.48,12.72,12.43,3405/5521,12.71,12.72,12.43,12.56,2.32,4131449,33,301081,20260304
000700.SZ,模塑科技,12.04,6.172839506172833,12.57,12.48,-1.33437991,12.85,12.42,3406/5521,12.48,12.85,12.42,12.57,3.375196,3.4749596E7,33,000700,20260304
000905.SZ,厦门港务,10.91,1.112140871177025,12.99,13.31,-5.80130529,13.5,12.41,3407/5521,13.28,13.47,12.38,12.96,7.904278,5.0455813E7,33,000905,20260304
603058.SH,永吉股份,11.05,4.739336492890995,12.49,12.83,-2.26917058,12.9,12.41,3407/5521,12.83,12.9,12.41,12.49,3.834115,1.1603555E7,17,603058,20260304
605008.SH,长鸿高科,12.05,0.24958402662230564,12.44,12.43,-1.03420843,12.63,12.41,3407/5521,12.43,12.63,12.41,12.44,1.750198,2185180,17,605008,20260304
000007.SZ,全新好,15.51,10.0,13.17,12.49,4.52380952,13.19,12.4,3410/5521,12.49,13.19,12.4,13.17,6.269841,9253851,33,000007,20260304
002410.SZ,广联达,10.98,-0.3629764065335676,12.45,12.53,-2.12264151,12.77,12.4,3410/5521,12.53,12.77,12.4,12.45,2.908805,3.5923445E7,33,002410,20260304
300550.SZ,和仁科技,13.82,2.67459138187221,12.56,12.66,-1.875,12.74,12.4,3410/5521,12.66,12.74,12.4,12.56,2.65625,6769823,33,300550,20260304
300795.SZ,米奥会展,10.89,0.18399264029440066,12.58,12.54,-0.71033938,12.77,12.39,3413/5521,12.34,12.57,12.19,12.38,2.99921,2476440,33,300795,20260304
603637.SH,镇海股份,16.88,5.040448039825754,12.84,12.59,1.34175217,12.96,12.38,3414/5521,12.59,12.96,12.38,12.84,4.577742,6798822,17,603637,20260304
920810.BJ,春光智能,11.17,0.4496402877697906,13.2,12.83,3.125,13.68,12.38,3414/5521,12.83,13.68,12.38,13.2,10.15625,3837490,151,920810,20260304
000014.SZ,沙河股份,13.2,0.0,12.5,12.4,-0.71485306,12.68,12.36,3416/5521,12.4,12.68,12.36,12.5,2.541699,5579199,33,000014,20260304
000695.SZ,滨海能源,15.5,-1.0217113665389537,12.52,12.55,-0.71371927,12.73,12.36,3416/5521,12.55,12.73,12.36,12.52,2.934179,8460200,33,000695,20260304
601083.SH,锦江航运,12.11,-3.1974420463629127,12.56,13.8,-8.5214858,13.81,12.36,3416/5521,13.8,13.81,12.36,12.56,10.560815,5.7180111E7,17,601083,20260304
000719.SZ,中原传媒,13.42,-1.9722425127830503,12.38,12.8,-4.03100775,12.89,12.35,3419/5521,12.8,12.89,12.35,12.38,4.186046,1.2393258E7,33,000719,20260304
002748.SZ,世龙实业,12.83,-0.696594427244581,12.57,12.5,-0.86750789,12.87,12.35,3419/5521,12.5,12.87,12.35,12.57,4.100946,6863800,33,002748,20260304
600476.SH,*ST湘邮,11.56,4.995458673932795,12.6,12.5,-0.86546027,12.77,12.35,3419/5521,12.5,12.77,12.35,12.6,3.304484,4526756,22,600476,20260304
600857.SH,宁波中百,12.71,2.7485852869846537,12.47,12.48,-1.03174603,12.63,12.34,3422/5521,12.48,12.63,12.34,12.47,2.301587,3614336,17,600857,20260304
603937.SH,丽岛新材,15.25,10.028860028860034,12.48,12.5,-0.79491256,12.85,12.34,3422/5521,12.5,12.85,12.34,12.48,4.054054,4124627,17,603937,20260304
000920.SZ,沃顿科技,11.52,-2.372881355932213,12.39,12.64,-2.28706625,12.75,12.33,3424/5521,12.64,12.75,12.33,12.39,3.312302,5779401,33,000920,20260304
002139.SZ,拓邦股份,10.71,-1.3812154696132466,12.34,12.57,-1.51636073,12.66,12.33,3424/5521,12.57,12.66,12.33,12.34,2.633679,1.7150196E7,33,002139,20260304
600640.SH,国脉文化,12.4,-1.5873015873015817,12.37,12.52,-2.21343874,12.71,12.32,3426/5521,12.52,12.71,12.32,12.37,3.083003,9439500,17,600640,20260304
920230.BJ,欧康医药,11.81,-1.0058675607711587,12.37,12.58,-1.66931638,12.77,12.32,3426/5521,12.58,12.77,12.32,12.37,3.577106,615579,151,920230,20260304
920768.BJ,拾比佰,12.5,1.050929668552957,12.36,12.56,-1.59235669,12.7,12.32,3426/5521,12.56,12.7,12.32,12.36,3.025477,978609,151,920768,20260304
688057.SH,金达莱,12.47,1.1354420113544248,12.63,12.75,-0.94117647,12.76,12.31,3429/5521,12.75,12.76,12.31,12.63,3.529411,2398144,17,688057,20260304
002569.SZ,*ST步森,14.41,1.4788732394366257,13.46,12.79,3.93822394,13.58,12.3,3430/5521,12.79,13.58,12.3,13.46,9.884169,4097000,33,002569,20260304
600693.SH,东百集团,11.35,-1.3043478260869596,12.74,12.5,0.31496063,12.85,12.3,3430/5521,12.5,12.85,12.3,12.74,4.330708,2.7871603E7,17,600693,20260304
002649.SZ,博彦科技,10.47,-1.1331444759206726,12.32,12.47,-2.14455917,12.66,12.29,3432/5521,12.47,12.66,12.29,12.32,2.93884,1.65384E7,33,002649,20260304
600058.SH,五矿发展,11.12,-1.3309671694764895,12.56,12.44,-0.71146245,12.8,12.29,3432/5521,12.44,12.8,12.29,12.56,4.03162,1.66287E7,17,600058,20260304
603587.SH,地素时尚,13.34,1.2908124525436593,12.37,12.53,-1.51273885,12.59,12.28,3434/5521,12.53,12.59,12.28,12.37,2.468152,2614000,17,603587,20260304
605208.SH,永茂泰,14.73,-1.4056224899598333,12.52,12.3,0.80515298,12.8,12.27,3435/5521,12.3,12.8,12.27,12.52,4.26731,6664107,17,605208,20260304
300018.SZ,中元股份,13.64,-2.7797576621525217,12.65,12.32,1.11910472,12.86,12.26,3436/5521,12.32,12.86,12.26,12.65,4.796163,1.7141517E7,33,300018,20260304
920826.BJ,盖世食品,10.23,-1.4450867052023155,12.37,12.3,0.08090615,12.6,12.26,3436/5521,12.3,12.6,12.26,12.37,2.750809,3179175,151,920826,20260304
600054.SH,黄山旅游,11.89,-0.1679261125104918,12.48,12.31,0.32154341,12.68,12.25,3438/5521,12.31,12.68,12.25,12.48,3.456591,1.0523099E7,17,600054,20260304
600191.SH,华资实业,12.7,-3.0534351145038197,12.65,12.28,1.28102482,12.85,12.25,3438/5521,12.28,12.85,12.25,12.65,4.803843,7514803,17,600191,20260304
600833.SH,第一医药,12.35,4.219409282700422,12.32,12.5,-1.67597765,12.54,12.25,3438/5521,12.5,12.54,12.25,12.32,2.314445,3620700,17,600833,20260304
002708.SZ,光洋股份,13.34,1.2908124525436593,12.55,12.24,0.3197442,12.8,12.24,3441/5521,12.24,12.8,12.24,12.55,4.476418,1.09178E7,33,002708,20260304
002675.SZ,东诚药业,12.99,-2.477477477477478,12.24,12.54,-2.85714286,12.64,12.23,3442/5521,12.4593805,12.5593805,12.1493805,12.16,3.253968,9104851,33,002675,20260304
300246.SZ,宝莱特,17.7,4.05643738977071,12.54,12.53,0.32,12.65,12.23,3442/5521,12.53,12.65,12.23,12.54,3.36,8372679,33,300246,20260304
300406.SZ,九强生物,12.7,2.584814216478178,12.28,12.45,-1.99521149,12.55,12.23,3442/5521,12.45,12.55,12.23,12.28,2.55387,4665997,33,300406,20260304
603081.SH,大丰实业,12.46,4.267782426778256,12.26,12.58,-2.07667732,12.58,12.22,3445/5521,12.58,12.58,12.22,12.26,2.875399,5914673,17,603081,20260304
300730.SZ,科创信息,13.45,0.8245877061469223,12.31,12.33,-0.96540628,12.56,12.21,3446/5521,12.33,12.56,12.21,12.31,2.815768,6324925,33,300730,20260304
920108.BJ,宏海科技,11.7,8.938547486033512,12.29,12.71,-4.2834891,12.95,12.2,3447/5521,12.71,12.95,12.2,12.29,5.841121,1529971,151,920108,20260304
301355.SZ,南王科技,12.99,1.484374999999996,12.41,12.34,-0.56089744,12.75,12.18,3448/5521,12.34,12.75,12.18,12.41,4.567307,4969239,33,301355,20260304
002255.SZ,海陆重工,11.28,1.3477088948786933,12.47,12.2,0.80840744,12.74,12.16,3449/5521,12.2,12.74,12.16,12.47,4.688763,2.6713254E7,33,002255,20260304
002968.SZ,新大正,12.32,2.666666666666669,12.35,12.42,-1.43655227,12.61,12.16,3449/5521,12.42,12.61,12.16,12.35,3.59138,3254740,33,002968,20260304
603588.SH,高能环境,14.58,-1.2863913337846953,12.84,12.28,3.21543408,12.99,12.16,3449/5521,12.18,12.89,12.06,12.74,6.672025,8.5919916E7,17,603588,20260304
000678.SZ,襄阳轴承,11.64,1.3054830287206296,12.54,12.34,1.37429264,12.59,12.13,3452/5521,12.34,12.59,12.13,12.54,3.718674,9748918,33,000678,20260304
603408.SH,建霖家居,11.83,-0.6717044500419821,12.28,12.32,-1.44462279,12.58,12.13,3452/5521,12.32,12.58,12.13,12.28,3.611556,3490813,17,603408,20260304
300063.SZ,天龙集团,11.43,0.5277044854881311,12.3,12.12,0.49019608,12.48,12.12,3454/5521,12.12,12.48,12.12,12.3,2.941176,4.3688775E7,33,300063,20260304
002809.SZ,红墙股份,10.66,0.5660377358490614,12.62,12.5,0.55776892,12.79,12.11,3455/5521,12.5,12.79,12.11,12.62,5.418326,1.07547E7,33,002809,20260304
002953.SZ,日丰股份,11.84,-0.5042016806722731,12.62,12.13,1.77419355,12.79,12.11,3455/5521,12.13,12.79,12.11,12.62,5.48387,9547187,33,002953,20260304
300694.SZ,蠡湖股份,12.74,1.1914217633042126,12.28,12.3,-1.52365678,12.49,12.11,3455/5521,12.3,12.49,12.11,12.28,3.047313,6139000,33,300694,20260304
603390.SH,通达电气,13.35,-1.9823788546255476,12.32,12.2,0.3257329,12.44,12.1,3458/5521,12.2,12.44,12.1,12.32,2.768729,4955100,17,603390,20260304
002606.SZ,大连电瓷,14.49,-0.617283950617283,12.78,12.24,3.98698129,13.39,12.09,3459/5521,12.24,13.39,12.09,12.78,10.577705,4.3713028E7,33,002606,20260304
300981.SZ,中红医疗,14.64,-1.8766756032171539,12.09,12.31,-1.86688312,12.37,12.05,3460/5521,12.31,12.37,12.05,12.09,2.597402,2803436,33,300981,20260304
603088.SH,宁波精达,11.94,-2.9268292682926926,12.62,12.1,2.18623482,12.83,12.05,3460/5521,12.1,12.83,12.05,12.62,6.315789,2.6061752E7,17,603088,20260304
920260.BJ,中寰股份,9.56,0.7376185458377269,12.93,13.51,-16.03896104,14,12.04,3462/5521,13.51,14,12.04,12.93,12.727272,1.3633721E7,151,920260,20260304
300787.SZ,海能实业,10.91,2.057998129092616,12.12,12.08,-0.73710074,12.29,12.03,3463/5521,12.08,12.29,12.03,12.12,2.129402,5350615,33,300787,20260304
301009.SZ,可靠股份,11.3,0.26619343389530736,12.12,12.2,-1.14192496,12.37,12.03,3463/5521,12.2,12.37,12.03,12.12,2.773246,2894400,33,301009,20260304
000429.SZ,粤高速A,12.58,-0.5533596837944686,12.02,12.15,-1.71708913,12.24,12.01,3465/5521,12.15,12.24,12.01,12.02,1.880621,8717690,33,000429,20260304
300845.SZ,捷安高科,13.73,0.6598240469208201,12.25,12.12,-0.48740861,12.36,12.01,3465/5521,12.12,12.36,12.01,12.25,2.843216,1.1264267E7,33,300845,20260304
601890.SH,亚星锚链,10.93,0.5519779208831693,12.71,12.36,2.08835341,13,12.01,3465/5521,12.36,13,12.01,12.71,7.951807,9.531426E7,17,601890,20260304
688176.SH,亚虹医药,12.86,0.7836990595611257,13.67,12.1,20.01755926,13.67,12.01,3465/5521,12.1,13.67,12.01,13.67,14.574187,4.1676819E7,17,688176,20260304
000712.SZ,锦龙股份,10.42,2.2571148184494647,12.04,12.12,-1.95439739,12.27,12,3469/5521,12.12,12.27,12,12.04,2.198697,1.5169183E7,33,000712,20260304
002478.SZ,常宝股份,8.95,-1.9715224534501805,12.4,12.21,1.0594947,12.84,12,3469/5521,12.21,12.84,12,12.4,6.845965,5.6486763E7,33,002478,20260304
300227.SZ,光韵达,10.99,-0.3626473254759669,13.02,12,8.5,13.4,12,3469/5521,12,13.4,12,13.02,11.666666,5.2473126E7,33,300227,20260304
600865.SH,百大集团,11.51,2.5846702317290475,12.16,12.19,-0.65359477,12.32,12,3469/5521,12.19,12.32,12,12.16,2.614379,1.00174E7,17,600865,20260304
920675.BJ,秉扬科技,9.56,0.9503695881731768,13.19,14.5,-16.88720857,14.67,12,3469/5521,14.5,14.67,12,13.19,16.824196,1.2441238E7,151,920675,20260304
002184.SZ,海得控制,11.69,4.096170970614417,12.17,12.12,0.08223684,12.28,11.99,3474/5521,12.12,12.28,11.99,12.17,2.384868,5492903,33,002184,20260304
002350.SZ,北京科锐,14.1,1.0752688172043037,13.32,12,1.83486239,14.24,11.99,3474/5521,12,14.24,11.99,13.32,17.201834,1.15483427E8,33,002350,20260304
603017.SH,中衡设计,15.4,0.7194244604316626,12.34,11.96,0.65252855,12.52,11.96,3476/5521,11.96,12.52,11.96,12.34,4.567699,1.12077E7,17,603017,20260304
603777.SH,来伊份,16.43,4.05319822672578,12.78,12.12,5.358615,13.25,11.96,3476/5521,12.12,13.25,11.96,12.78,10.634789,1.1740233E7,17,603777,20260304
000045.SZ,深纺织A,12.01,2.561912894961562,12.0,12.16,-1.96078431,12.23,11.95,3478/5521,12.16,12.23,11.95,12.0,2.287581,8349234,33,000045,20260304
600739.SH,辽宁成大,11.9,0.0,11.99,12.1,-1.8018018,12.23,11.95,3478/5521,12.1,12.23,11.95,11.99,2.293202,2.1727164E7,17,600739,20260304
000096.SZ,广聚能源,9.73,-0.20512820512820076,12.15,13.2,-8.44009043,13.2,11.94,3480/5521,13.2,13.2,11.94,12.15,9.495101,5.9463235E7,33,000096,20260304
603966.SH,法兰泰克,13.57,-0.8765522279035736,12.25,12.28,-3.54330709,12.6,11.94,3480/5521,12.28,12.6,11.94,12.25,5.19685,2.8066108E7,17,603966,20260304
300800.SZ,力合科技,12.81,1.5055467511885998,12.07,12.05,-1.14660115,12.26,11.93,3482/5521,12.05,12.26,11.93,12.07,2.702702,3043500,33,300800,20260304
002571.SZ,德力股份,11.42,1.7825311942958937,12.1,12.06,-0.65681445,12.25,11.92,3483/5521,12.06,12.25,11.92,12.1,2.709359,6325400,33,002571,20260304
300625.SZ,三雄极光,11.86,-0.1683501683501797,12.04,12.1,-1.71428571,12.2,11.92,3483/5521,12.1,12.2,11.92,12.04,2.285714,2724479,33,300625,20260304
300166.SZ,东方国信,15.44,-0.1293661060802157,12.1,12,0.41493776,12.28,11.91,3485/5521,12,12.28,11.91,12.1,3.070539,7.0761418E7,33,300166,20260304
300610.SZ,晨化股份,12.34,-0.32310177705978127,11.92,11.94,-1.65016502,12.28,11.91,3485/5521,11.94,12.28,11.91,11.92,3.052805,7312151,33,300610,20260304
300701.SZ,森霸传感,12.03,1.0075566750629656,11.99,12.1,-0.82712986,12.22,11.9,3487/5521,12.1,12.22,11.9,11.99,2.646815,4522900,33,300701,20260304
600078.SH,澄星股份,13.21,-1.1227544910179534,12.49,11.93,2.46103363,13.34,11.9,3487/5521,11.93,13.34,11.9,12.49,11.812961,6.9573963E7,17,600078,20260304
002736.SZ,国信证券,10.72,-3.597122302158261,11.99,12.28,-2.91497976,12.32,11.89,3489/5521,12.28,12.32,11.89,11.99,3.481781,4.9254842E7,33,002736,20260304
002867.SZ,周大生,13.26,-0.8968609865470926,11.95,11.94,-1.1579818,12.07,11.89,3489/5521,11.94,12.07,11.89,11.95,1.488833,8757925,33,002867,20260304
000798.SZ,中水渔业,9.31,0.5399568034557313,12.48,11.93,5.49450549,12.8,11.88,3491/5521,11.93,12.8,11.88,12.48,7.776838,6.5489974E7,33,000798,20260304
300382.SZ,斯莱克,15.6,1.7612524461839503,12.1,12.19,-1.2244898,12.43,11.88,3491/5521,12.19,12.43,11.88,12.1,4.489795,1.4701522E7,33,300382,20260304
603328.SH,依顿电子,11.45,-4.74209650582363,12.06,11.91,-0.16556291,12.32,11.87,3493/5521,11.91,12.32,11.87,12.06,3.725165,2.1280919E7,17,603328,20260304
300254.SZ,仟源医药,13.5,5.386416861826693,11.95,11.96,-0.66500416,12.28,11.86,3494/5521,11.96,12.28,11.86,11.95,3.491271,1.4286142E7,33,300254,20260304
600377.SH,宁沪高速,12.3,0.654664484451719,11.93,12.2,-2.21311475,12.2,11.86,3494/5521,12.2,12.2,11.86,11.93,2.786885,1.3566664E7,17,600377,20260304
002040.SZ,南京港,9.95,-0.300601202404821,11.85,12.2,-10.02277904,12.41,11.85,3496/5521,12.2,12.41,11.85,11.85,4.252088,6.257675E7,33,002040,20260304
301277.SZ,新天地,11.4,0.6178287731685815,11.88,12,-1,12.06,11.84,3497/5521,11.8,11.86,11.64,11.68,1.833333,2095892,33,301277,20260304
600679.SH,上海凤凰,11.23,0.8078994614003577,12.02,12.1,-0.90684254,12.2,11.84,3497/5521,12.1,12.2,11.84,12.02,2.967848,2970501,17,600679,20260304
601857.SH,中国石油,12.22,-0.24489795918366825,13.24,13.69,0.68441065,13.69,11.84,3497/5521,13.69,13.69,11.84,13.24,14.068441,1.07471735E9,17,601857,20260304
920719.BJ,宁新新材,10.84,-4.6613896218117805,12.04,12.45,-3.44827586,12.53,11.84,3497/5521,12.45,12.53,11.84,12.04,5.533279,2279763,151,920719,20260304
300494.SZ,盛天网络,11.03,-1.868327402135239,11.95,11.91,-0.58236273,12.14,11.83,3501/5521,11.91,12.14,11.83,11.95,2.579034,1.1926283E7,33,300494,20260304
002201.SZ,九鼎新材,13.39,-4.014336917562715,12.17,11.88,0.74503311,12.39,11.82,3502/5521,11.88,12.39,11.82,12.17,4.718543,3.0271262E7,33,002201,20260304
600422.SH,昆药集团,9.5,0.0,11.87,12,-1.49377593,12.08,11.82,3502/5521,12,12.08,11.82,11.87,2.157676,6334800,17,600422,20260304
002488.SZ,金固股份,12.45,3.7499999999999942,12.11,11.86,0.33140017,12.16,11.81,3504/5521,11.86,12.16,11.81,12.11,2.899751,2.5012241E7,33,002488,20260304
603177.SH,德创环保,12.09,2.8936170212765946,12.33,12.15,-0.24271845,12.44,11.8,3505/5521,12.15,12.44,11.8,12.33,5.177993,9125800,17,603177,20260304
603819.SH,神力股份,14.8,3.351955307262573,12.09,11.99,0.41528239,12.15,11.8,3505/5521,11.99,12.15,11.8,12.09,2.906976,3989386,17,603819,20260304
002194.SZ,武汉凡谷,11.03,1.0999083409715784,11.82,11.9,-1.41784821,12.04,11.78,3507/5521,11.9,12.04,11.78,11.82,2.168473,1.3726335E7,33,002194,20260304
301126.SZ,达嘉维康,11.89,1.2776831345826265,11.9,11.91,-0.99833611,12.13,11.78,3507/5521,11.91,12.13,11.78,11.9,2.911813,3653091,33,301126,20260304
002053.SZ,云南能投,11.57,-0.85689802913453,11.88,12.01,-2.06100577,12.11,11.77,3509/5521,12.01,12.11,11.77,11.88,2.802967,1.4565639E7,33,002053,20260304
300084.SZ,海默科技,11.81,3.415061295971984,12.55,13.83,-11.49506347,13.89,11.77,3509/5521,13.83,13.89,11.77,12.55,14.950634,1.05104218E8,33,300084,20260304
300637.SZ,扬帆新材,11.05,-2.03900709219857,11.86,12.05,-2.54724733,12.21,11.77,3509/5521,12.05,12.21,11.77,11.86,3.615447,1.113695E7,33,300637,20260304
603809.SH,豪能股份,11.03,2.319109461966605,11.8,11.8,-1.25523013,12,11.76,3512/5521,11.8,12,11.76,11.8,2.008368,1.4081864E7,17,603809,20260304
000425.SZ,徐工机械,9.95,-3.398058252427198,11.99,11.86,0.08347245,12.1,11.75,3513/5521,11.86,12.1,11.75,11.99,2.921535,1.01588532E8,33,000425,20260304
301211.SZ,亨迪药业,11.49,0.34934497816594695,11.9,11.8,-0.16778523,11.98,11.75,3513/5521,11.8,11.98,11.75,11.9,1.92953,3326273,33,301211,20260304
001356.SZ,富岭股份,10.9,-0.45662100456620036,11.75,11.89,-1.59128978,12.02,11.74,3515/5521,11.89,12.02,11.74,11.75,2.345058,3038700,33,001356,20260304
300978.SZ,东箭科技,10.89,-0.1833180568285937,11.87,11.81,-0.41946309,12,11.73,3516/5521,11.81,12,11.73,11.87,2.2651,4066155,33,300978,20260304
000592.SZ,平潭发展,10.76,1.127819548872173,12.88,11.72,6.18301731,13.2,11.72,3517/5521,11.72,13.2,11.72,12.88,12.201154,5.09921764E8,33,000592,20260304
002361.SZ,神剑股份,20.55,2.493765586034913,12.41,12.15,0.32336297,12.59,11.72,3517/5521,12.15,12.59,11.72,12.41,7.033144,7.9334121E7,33,002361,20260304
002372.SZ,伟星新材,11.07,2.121771217712181,11.83,11.91,-1.16959064,12.03,11.72,3517/5521,11.91,12.03,11.72,11.83,2.589807,1.190739E7,33,002372,20260304
300462.SZ,ST华铭,13.16,-1.5706806282722445,12.17,11.85,2.78716216,12.29,11.72,3517/5521,11.85,12.29,11.72,12.17,4.814189,2723200,33,300462,20260304
600983.SH,惠而浦,9.4,-0.8438818565400851,11.79,11.91,-1.99501247,12.03,11.72,3517/5521,11.91,12.03,11.72,11.79,2.576891,5099063,17,600983,20260304
002254.SZ,泰和新材,11.34,3.5616438356164437,11.81,11.83,-0.58922559,12.14,11.71,3522/5521,11.83,12.14,11.71,11.81,3.619528,2.3833197E7,33,002254,20260304
603517.SH,ST绝味,12.68,-0.7824726134585263,11.83,11.91,-1.49875104,12.06,11.71,3522/5521,11.91,12.06,11.71,11.83,2.914238,5834340,22,603517,20260304
603551.SH,奥普科技,12.2,2.17755443886097,11.87,12.2,-2.70491803,12.2,11.71,3522/5521,12.2,12.2,11.71,11.87,4.016393,4346141,17,603551,20260304
002106.SZ,莱宝高科,10.48,-1.5037593984962419,11.81,11.76,-0.67283431,11.98,11.7,3525/5521,11.76,11.98,11.7,11.81,2.35492,1.4444082E7,33,002106,20260304
603903.SH,中持股份,12.24,3.553299492385786,12.05,11.9,0.83682008,12.14,11.7,3525/5521,11.9,12.14,11.7,12.05,3.682008,4931900,17,603903,20260304
002014.SZ,永新股份,11.19,-0.7978723404255307,11.73,12,-2.33139051,12.05,11.69,3527/5521,12,12.05,11.69,11.73,2.997502,4477509,33,002014,20260304
300041.SZ,回天新材,11.52,-1.6225448334756727,11.72,11.77,-2.33333333,12.12,11.68,3528/5521,11.77,12.12,11.68,11.72,3.666666,2.0512773E7,33,300041,20260304
301149.SZ,隆华新材,13.69,0.735835172921263,12.03,11.88,0.83822297,12.17,11.67,3529/5521,11.88,12.17,11.67,12.03,4.191114,8597995,33,301149,20260304
300245.SZ,ST天玑,8.22,-15.432098765432098,11.76,11.65,-1.17647059,11.95,11.65,3530/5521,11.65,11.95,11.65,11.76,2.521008,7000368,33,300245,20260304
300517.SZ,海波重科,12.48,0.8892481810832757,11.83,11.7,-0.58823529,12.1,11.65,3530/5521,11.7,12.1,11.65,11.83,3.781512,4204380,33,300517,20260304
603221.SH,爱丽家居,12.55,3.037766830870287,11.86,11.8,-0.5033557,11.95,11.65,3530/5521,11.8,11.95,11.65,11.86,2.516778,2661400,17,603221,20260304
603299.SH,苏盐井神,10.87,-1.2715712988192605,12.09,11.7,2.02531646,12.41,11.65,3530/5521,11.7,12.41,11.65,12.09,6.413502,2.4219988E7,17,603299,20260304
600299.SH,安迪苏,13.29,-7.062937062937073,11.8,11.75,-1.00671141,12.09,11.64,3534/5521,11.75,12.09,11.64,11.8,3.775167,2.9225835E7,17,600299,20260304
600302.SH,标准股份,9.54,0.0,11.96,12,-1.48270181,12.2,11.64,3534/5521,12,12.2,11.64,11.96,4.61285,7864702,17,600302,20260304
002972.SZ,科安达,13.43,-0.14869888475836116,11.81,11.81,-0.33755274,11.94,11.63,3536/5521,11.66,11.79,11.48,11.66,2.616033,2923940,33,002972,20260304
300590.SZ,移为通信,14.67,-2.5896414342629517,11.76,11.65,0,11.96,11.62,3537/5521,11.65,11.96,11.62,11.76,2.891156,6898040,33,300590,20260304
300929.SZ,华骐环保,14.19,1.3571428571428537,11.73,11.8,-1.34566863,11.95,11.62,3537/5521,11.8,11.95,11.62,11.73,2.775441,3363480,33,300929,20260304
600573.SH,惠泉啤酒,13.74,1.327433628318582,11.83,11.8,0.33927057,11.95,11.62,3537/5521,11.8,11.95,11.62,11.83,2.798982,6708700,17,600573,20260304
300368.SZ,汇金股份,10.2,0.4926108374384131,11.96,11.76,0.08368201,12.16,11.61,3540/5521,11.76,12.16,11.61,11.96,4.60251,1.2622708E7,33,300368,20260304
301030.SZ,仕净科技,,,11.79,11.74,-0.84104289,11.98,11.61,3540/5521,11.74,11.98,11.61,11.79,3.111858,9709482,33,301030,20260304
600178.SH,东安动力,10.2,-1.1627906976744282,11.74,11.7,0.25619129,11.85,11.61,3540/5521,11.7,11.85,11.61,11.74,2.04953,3639692,17,600178,20260304
603998.SH,方盛制药,10.99,0.09107468123861372,11.72,11.85,-1.42977292,11.97,11.61,3540/5521,11.85,11.97,11.61,11.72,3.027754,6535084,17,603998,20260304
605299.SH,舒华体育,25.98,9.991532599491952,11.94,11.7,0.75949367,12.02,11.61,3540/5521,11.5,11.82,11.41,11.74,3.459915,6847800,17,605299,20260304
002297.SZ,博云新材,24.5,5.557949159844891,12.04,11.66,-0.41356493,12.31,11.6,3545/5521,11.66,12.31,11.6,12.04,5.872622,4.860303E7,33,002297,20260304
300275.SZ,梅安森,11.39,-0.08771929824561216,11.74,11.73,0,11.88,11.6,3545/5521,11.73,11.88,11.6,11.74,2.385008,4773345,33,300275,20260304
000685.SZ,中山公用,11.73,-0.8453085376162269,11.63,11.9,-2.92153589,11.93,11.58,3547/5521,11.9,11.93,11.58,11.63,2.921535,2.0757214E7,33,000685,20260304
000703.SZ,恒逸石化,17.65,2.675974403723079,11.9,12.34,-6.22537431,12.5,11.58,3547/5521,12.34,12.5,11.58,11.9,7.249802,7.5699653E7,33,000703,20260304
002383.SZ,合众思壮,9.31,1.3057671381936997,12.9,12,4.28455942,13.16,11.58,3547/5521,12,13.16,11.58,12.9,12.772837,9.6688019E7,33,002383,20260304
002459.SZ,晶澳科技,10.87,1.1162790697674345,11.81,11.75,-0.50547599,12.07,11.58,3547/5521,11.75,12.07,11.58,11.81,4.128053,7.7948739E7,33,002459,20260304
603708.SH,家家悦,10.82,0.0,11.68,11.72,-1.10076207,11.87,11.58,3547/5521,11.72,11.87,11.58,11.68,2.455546,4622029,17,603708,20260304
600615.SH,鑫源智造,11.87,1.1935208866155054,11.63,11.7,-1.18946474,11.86,11.57,3552/5521,11.7,11.86,11.57,11.63,2.463891,3487582,17,600615,20260304
600817.SH,宇通重工,11.85,-0.7537688442211044,11.64,11.8,-1.60608622,11.83,11.57,3552/5521,11.8,11.83,11.57,11.64,2.197802,4696500,17,600817,20260304
002041.SZ,登海种业,10.24,1.3861386138613918,12.31,11.57,7.04347826,12.55,11.55,3554/5521,11.57,12.55,11.55,12.31,8.695652,1.03450813E8,33,002041,20260304
002455.SZ,百川股份,10.36,-3.8961038961038956,12.63,11.55,1.28307939,13,11.55,3554/5521,11.55,13,11.55,12.63,11.627906,1.27192431E8,33,002455,20260304
600203.SH,福日电子,12.21,0.5766062602965427,11.6,11.7,-1.27659574,11.84,11.55,3554/5521,11.7,11.84,11.55,11.6,2.468085,1.23869E7,17,600203,20260304
002090.SZ,金智科技,11.23,0.8984725965858009,12.01,11.58,2.56191289,12.13,11.54,3557/5521,11.58,12.13,11.54,12.01,5.038428,1.3524312E7,33,002090,20260304
002351.SZ,漫步者,11.11,-0.8035714285714274,11.62,11.67,-1.02214651,11.79,11.54,3557/5521,11.67,11.79,11.54,11.62,2.129471,6569899,33,002351,20260304
600546.SH,山煤国际,14.06,2.4034959941733436,11.89,12.1,-3.95799677,12.1,11.54,3557/5521,12.1,12.1,11.54,11.89,4.523424,5.5904301E7,17,600546,20260304
300248.SZ,新开普,9.62,-0.3108808290155558,11.64,11.65,-1.02040816,11.83,11.51,3560/5521,11.65,11.83,11.51,11.64,2.721088,8570798,33,300248,20260304
300522.SZ,世名科技,13.21,-1.1967090501121793,11.62,11.71,-1.69204738,11.89,11.51,3560/5521,11.67,11.85,11.47,11.58,3.21489,4964340,33,300522,20260304
300805.SZ,电声股份,10.4,-0.8579599618684448,11.73,11.6,-0.17021277,11.83,11.51,3560/5521,11.6,11.83,11.51,11.73,2.723404,8353363,33,300805,20260304
002679.SZ,福建金森,10.9,0.36832412523021113,11.8,11.62,0.76857387,11.92,11.5,3563/5521,11.62,11.92,11.5,11.8,3.586678,7228600,33,002679,20260304
600097.SH,开创国际,10.46,1.2584704743465709,11.66,11.69,-0.2566296,11.83,11.5,3563/5521,11.69,11.83,11.5,11.66,2.822925,6043800,17,600097,20260304
688079.SH,美迪凯,14.81,-4.636188023180933,11.52,11.69,-1.95744681,11.98,11.48,3565/5521,11.69,11.98,11.48,11.52,4.255319,5937612,17,688079,20260304
002892.SZ,科力尔,10.39,0.8737864077669889,11.52,11.51,-1.11587983,11.72,11.47,3566/5521,11.51,11.72,11.47,11.52,2.145922,8131480,33,002892,20260304
600722.SH,金牛化工,13.61,0.5169867060561321,11.98,11.5,5.55066079,12.49,11.46,3567/5521,11.5,12.49,11.46,11.98,9.074889,1.97408729E8,17,600722,20260304
300500.SZ,启迪设计,11.71,1.8260869565217466,11.69,11.6,-0.5952381,11.86,11.45,3568/5521,11.6,11.86,11.45,11.69,3.486394,4124300,33,300500,20260304
301025.SZ,读客文化,11.25,0.5361930294906211,11.67,11.52,-0.25641026,11.9,11.45,3568/5521,11.52,11.9,11.45,11.67,3.846153,1.3044353E7,33,301025,20260304
605018.SH,长华集团,12.82,0.470219435736681,11.67,11.64,-0.59625213,11.72,11.45,3568/5521,11.64,11.72,11.45,11.67,2.299829,6865881,17,605018,20260304
300340.SZ,科恒股份,11.19,-1.235657546337163,11.51,11.63,-1.03181427,11.78,11.43,3571/5521,11.63,11.78,11.43,11.51,3.009458,5838580,33,300340,20260304
603439.SH,三力制药,11.25,0.6261180679785356,11.5,11.51,-0.60501296,11.66,11.43,3571/5521,11.51,11.66,11.43,11.5,1.987899,2910077,17,603439,20260304
002023.SZ,海特高新,12.6,3.194103194103184,11.58,11.44,0.17301038,11.7,11.4,3573/5521,11.44,11.7,11.4,11.58,2.595155,1.59596E7,33,002023,20260304
300146.SZ,汤臣倍健,10.5,-0.47393364928910625,11.42,11.69,-2.39316239,11.73,11.4,3573/5521,11.24,11.28,10.95,10.97,2.820512,2.0640163E7,33,300146,20260304
300608.SZ,思特奇,13.44,0.0744601638123588,11.52,11.55,-1.20068611,11.78,11.4,3573/5521,11.55,11.78,11.4,11.52,3.259005,6268343,33,300608,20260304
603278.SH,大业股份,11.2,-3.7800687285223478,11.55,11.49,-0.8583691,11.78,11.4,3573/5521,11.49,11.78,11.4,11.55,3.261802,8772282,17,603278,20260304
002052.SZ,同洲电子,10.09,6.210526315789473,11.53,11.48,-0.51768766,11.69,11.39,3577/5521,11.48,11.69,11.39,11.53,2.588438,1.09954E7,33,002052,20260304
002101.SZ,广东鸿图,10.01,0.3006012024048032,11.46,11.7,-2.71646859,11.77,11.37,3578/5521,11.7,11.77,11.37,11.46,3.395585,9555042,33,002101,20260304
603230.SH,内蒙新华,10.76,0.46685340802986863,11.46,11.5,-1.1216566,11.59,11.37,3578/5521,11.5,11.59,11.37,11.46,1.898188,2300000,17,603230,20260304
920571.BJ,国航远洋,10.56,-1.3084112149532598,13.5,14.52,-16.8207024,15.77,11.37,3578/5521,14.52,15.77,11.37,13.5,27.110289,8.5000758E7,151,920571,20260304
002900.SZ,哈三联,11.56,0.08658008658008473,11.48,11.45,-0.77787381,11.61,11.35,3581/5521,11.45,11.61,11.35,11.48,2.247191,3072650,33,002900,20260304
688219.SH,会通股份,11.26,3.6832412523020293,11.38,11.56,-2.40137221,11.7,11.35,3581/5521,11.56,11.7,11.35,11.38,3.001715,9669505,17,688219,20260304
603010.SH,万盛股份,13.02,-2.2522522522522577,11.63,11.48,0.95486111,11.9,11.34,3583/5521,11.48,11.9,11.34,11.63,4.861111,1.0140123E7,17,603010,20260304
688121.SH,卓然股份,6.48,-16.0621761658031,11.47,11.8,-3.20675105,11.85,11.34,3583/5521,11.8,11.85,11.34,11.47,4.303797,5451848,17,688121,20260304
300243.SZ,瑞丰高材,17.64,-5.110274341043568,11.54,11.48,-0.68846816,11.8,11.33,3585/5521,11.48,11.8,11.33,11.54,4.04475,8964260,33,300243,20260304
603136.SH,天目湖,11.04,-1.07526881720431,11.41,11.52,-1.80722892,11.66,11.33,3585/5521,11.52,11.66,11.33,11.41,2.839931,4231545,17,603136,20260304
603558.SH,健盛集团,13.02,0.30816640986131855,11.37,11.65,-2.48713551,11.74,11.33,3585/5521,11.3,11.39,10.98,11.02,3.516295,4534200,17,603558,20260304
920149.BJ,旭杰科技,10.19,1.696606786427145,11.47,11.59,-1.79794521,11.72,11.33,3585/5521,11.59,11.72,11.33,11.47,3.339041,659677,151,920149,20260304
000837.SZ,秦川机床,11.11,1.4611872146118736,11.41,11.4,-0.86880973,11.6,11.32,3589/5521,11.4,11.6,11.32,11.41,2.432667,1.6419933E7,33,000837,20260304
300200.SZ,高盟新材,10.01,-1.3793103448275918,11.35,11.4,-1.21845083,11.64,11.3,3590/5521,11.4,11.64,11.3,11.35,2.959094,1.1848933E7,33,300200,20260304
300222.SZ,科大智能,11.2,0.6289308176100494,12.23,11.3,6.53310105,12.25,11.29,3591/5521,11.26,12.21,11.25,12.19,8.362369,4.5528139E7,33,300222,20260304
601369.SH,陕鼓动力,9.18,-1.6077170418006468,11.32,11.3,-1.04895105,11.65,11.28,3592/5521,11.3,11.65,11.28,11.32,3.234265,1.8269851E7,17,601369,20260304
000411.SZ,英特集团,10.6,-0.18832391713747246,11.45,11.31,0.08741259,11.51,11.27,3593/5521,11.31,11.51,11.27,11.45,2.097902,4601165,33,000411,20260304
002490.SZ,山东墨龙,10.06,1.0040160642570244,11.72,11.72,10.04694836,11.72,11.26,3594/5521,11.72,11.72,11.26,11.72,4.319248,9.4199236E7,33,002490,20260304
920175.BJ,东方碳素,9.83,-0.6066734074823104,11.44,11.53,-2.80373832,11.75,11.26,3594/5521,11.53,11.75,11.26,11.44,4.163126,1727374,151,920175,20260304
002579.SZ,中京电子,11.85,-4.126213592233008,11.49,11.3,-0.08695652,11.75,11.25,3596/5521,11.3,11.75,11.25,11.49,4.347826,2.0561406E7,33,002579,20260304
300142.SZ,沃森生物,13.0,0.8533747090767992,11.32,11.36,-0.9623797,11.5,11.25,3596/5521,11.36,11.5,11.25,11.32,2.187226,2.3766631E7,33,300142,20260304
002910.SZ,庄园牧场,11.31,2.168021680216804,11.44,11.36,-0.26155187,11.56,11.23,3598/5521,11.36,11.56,11.23,11.44,2.87707,5804300,33,002910,20260304
300393.SZ,中来股份,10.12,1.6064257028112285,11.99,11.22,3.09544282,12.09,11.22,3599/5521,11.22,12.09,11.22,11.99,7.480653,1.37879743E8,33,300393,20260304
603500.SH,祥和实业,10.71,1.3245033112582836,11.68,11.65,-3.55078448,11.85,11.21,3600/5521,11.65,11.85,11.21,11.68,5.284888,1.5594436E7,17,603500,20260304
000710.SZ,贝瑞基因,9.99,0.7056451612903254,11.31,11.3,-0.87642419,11.52,11.2,3601/5521,11.3,11.52,11.2,11.31,2.804557,7229600,33,000710,20260304
300228.SZ,富瑞特装,9.31,-0.5341880341880229,11.55,12,-9.83606557,12.1,11.2,3601/5521,12,12.1,11.2,11.55,7.025761,1.30551252E8,33,300228,20260304
601519.SH,大智慧,10.24,0.09775171065493438,11.35,11.28,-1.0462075,11.6,11.2,3601/5521,11.28,11.6,11.2,11.35,3.487358,2.20806E7,17,601519,20260304
920062.BJ,科润智控,10.19,0.19665683382497123,12.09,11.29,6.33245383,12.44,11.2,3601/5521,11.29,12.44,11.2,12.09,10.905892,1.6723292E7,151,920062,20260304
300532.SZ,今天国际,11.46,0.0,11.25,11.4,-1.91804708,11.46,11.19,3605/5521,11.4,11.46,11.19,11.25,2.353966,8089360,33,300532,20260304
002399.SZ,海普瑞,10.87,0.9285051067780841,11.22,11.57,-3.69098712,11.68,11.18,3606/5521,11.57,11.68,11.18,11.22,4.291845,5763300,33,002399,20260304
603118.SH,共进股份,14.64,-0.06825938566552756,11.3,11.24,-1.39616056,11.57,11.18,3606/5521,11.24,11.57,11.18,11.3,3.403141,2.1281988E7,17,603118,20260304
601009.SH,南京银行,11.75,0.1705029838022129,11.35,11.3,-0.1759015,11.4,11.17,3608/5521,11.3,11.4,11.17,11.35,2.022867,5.4408045E7,17,601009,20260304
002064.SZ,华峰化学,11.76,1.2919896640826904,11.77,11.49,1.03004292,12.02,11.15,3609/5521,11.49,12.02,11.15,11.77,7.467811,8.0027365E7,33,002064,20260304
002818.SZ,富森美,12.15,-0.6541291905151273,11.2,11.35,-1.75438596,11.39,11.15,3609/5521,11.35,11.39,11.15,11.2,2.105263,3604000,33,002818,20260304
605337.SH,李子园,10.84,0.0,11.26,11.28,-1.05448155,11.37,11.15,3609/5521,11.28,11.37,11.15,11.26,1.933216,5938076,17,605337,20260304
603601.SH,再升科技,15.85,4.276315789473686,11.5,11.2,0,11.94,11.14,3612/5521,11.2,11.94,11.14,11.5,6.956521,1.10146605E8,17,603601,20260304
301102.SZ,兆讯传媒,10.74,1.129943502824868,11.22,11.2,-1.49253731,11.56,11.13,3613/5521,11.2,11.56,11.13,11.22,3.775241,5255885,33,301102,20260304
600081.SH,东风科技,11.29,3.388278388278381,11.3,11.31,0,11.55,11.13,3613/5521,11.31,11.55,11.13,11.3,3.716814,3592150,17,600081,20260304
601360.SH,三六零,11.17,1.9160583941605753,11.26,11.14,-0.96745822,11.46,11.13,3613/5521,11.14,11.46,11.13,11.26,2.902374,9.7370557E7,17,601360,20260304
300320.SZ,海达股份,9.51,-0.5230125523012626,11.19,11.23,-1.14840989,11.48,11.12,3616/5521,11.23,11.48,11.12,11.19,3.180212,1.437921E7,33,300320,20260304
300463.SZ,迈克生物,10.49,-0.9442870632672299,11.2,11.24,-0.35587189,11.33,11.12,3616/5521,11.24,11.33,11.12,11.2,1.868327,7196700,33,300463,20260304
603916.SH,苏博特,12.07,3.0742954739538804,11.2,11.2,-1.49516271,11.51,11.12,3616/5521,11.2,11.51,11.12,11.2,3.430079,1.0643012E7,17,603916,20260304
600873.SH,梅花生物,9.92,-0.9980039920159646,11.19,11.11,-1.14840989,11.37,11.11,3619/5521,11.11,11.37,11.11,11.19,2.296819,2.9059467E7,17,600873,20260304
000533.SZ,顺钠股份,12.63,-3.954372623574141,12.3,11.12,10.01788909,12.3,11.1,3620/5521,11.12,12.3,11.1,12.3,10.733452,5.7483905E7,33,000533,20260304
002295.SZ,精艺股份,11.23,1.3537906137184148,11.35,11.3,0.44247788,11.52,11.1,3620/5521,11.3,11.52,11.1,11.35,3.716814,5479100,33,002295,20260304
300525.SZ,博思软件,10.05,0.6006006006006056,11.13,11.21,-2.19683656,11.42,11.1,3620/5521,11.21,11.42,11.1,11.13,2.81195,1.8037005E7,33,300525,20260304
601609.SH,金田股份,10.14,-2.4061597690086622,11.33,11.17,-0.52677788,11.66,11.1,3620/5521,11.17,11.66,11.1,11.33,4.916593,3.5874433E7,17,601609,20260304
688579.SH,地纬智能,10.11,-6.128133704735378,11.33,11.2,0.17683466,11.43,11.1,3620/5521,11.2,11.43,11.1,11.33,2.917771,7491262,17,688579,20260304
002848.SZ,*ST高斯,15.37,-1.7891373801917005,11.69,11.58,0.68906115,11.8,11.09,3625/5521,11.58,11.8,11.09,11.69,6.115417,3176700,33,002848,20260304
300411.SZ,金盾股份,10.29,0.48828124999998956,11.32,11.2,0.08841733,11.44,11.08,3626/5521,11.2,11.44,11.08,11.32,3.183023,5762620,33,300411,20260304
603135.SH,中重科技,11.96,5.0966608084358525,11.3,11.15,0.98302055,11.37,11.08,3626/5521,11.15,11.37,11.08,11.3,2.591599,4714088,17,603135,20260304
000590.SZ,古汉医药,11.16,0.540540540540545,11.4,11.2,0.97431355,11.49,11.07,3628/5521,11.2,11.49,11.07,11.4,3.720106,5212200,33,000590,20260304
300212.SZ,*ST易录,6.55,-20.02442002442002,11.17,11.06,0.08960573,11.42,11.06,3629/5521,11.06,11.42,11.06,11.17,3.225806,1.5967154E7,33,300212,20260304
603768.SH,常青股份,11.87,0.08431703204047038,11.12,11.06,-2.45614035,11.36,11.06,3629/5521,11.06,11.36,11.06,11.12,2.631578,2832000,17,603768,20260304
603399.SH,永杉锂业,19.39,9.98298355076575,11.29,11.2,0.26642984,11.71,11.05,3631/5521,11.2,11.71,11.05,11.29,5.861456,2.6628985E7,17,603399,20260304
920395.BJ,朗鸿科技,9.67,0.10351966873705783,11.1,11.24,-1.68290523,11.34,11.05,3631/5521,11.24,11.34,11.05,11.1,2.568644,552814,151,920395,20260304
300561.SZ,*ST汇科,17.06,-3.5613340870548473,11.35,11.11,0.35366932,11.46,11.02,3633/5521,11.11,11.46,11.02,11.35,3.890362,6083000,33,300561,20260304
603169.SH,兰石重装,8.43,1.0791366906474804,11.08,11.4,-3.40017437,11.4,11.02,3633/5521,11.4,11.4,11.02,11.08,3.31299,6.6372214E7,17,603169,20260304
002057.SZ,中钢天源,9.65,-0.4127966976264102,11.18,11.02,0.2690583,11.42,11.01,3635/5521,11.02,11.42,11.01,11.18,3.67713,1.89172E7,33,002057,20260304
002491.SZ,通鼎互联,15.8,-4.646952323476159,12.65,11.01,3.43417825,13.19,11.01,3635/5521,11.01,13.19,11.01,12.65,17.82502,3.16980903E8,33,002491,20260304
002820.SZ,桂发祥,11.49,2.9569892473118284,11.27,11.27,-0.87950748,11.43,11.01,3635/5521,11.27,11.43,11.01,11.27,3.693931,6090760,33,002820,20260304
920566.BJ,梓橦宫,10.92,1.298701298701304,11.04,11.17,-1.42857143,11.3,11.01,3635/5521,11.17,11.3,11.01,11.04,2.589285,1619481,151,920566,20260304
002215.SZ,诺普信,10.92,-0.09149130832570711,11.33,11.06,1.61434978,11.48,11,3639/5521,11.06,11.48,11,11.33,4.304932,2.3599939E7,33,002215,20260304
300559.SZ,佳发教育,13.97,-0.28551034975017237,11.09,11.15,-1.85840708,11.28,11,3639/5521,11.15,11.28,11,11.09,2.477876,5876654,33,300559,20260304
603697.SH,有友食品,10.56,0.3802281368821381,11.22,11.16,-0.62001771,11.26,11,3639/5521,11.16,11.26,11,11.22,2.302922,5787680,17,603697,20260304
688528.SH,秦川物联,12.35,3.868797308662734,11.07,11.23,-2.03539823,11.35,11,3639/5521,11.23,11.35,11,11.07,3.097345,2226583,17,688528,20260304
002887.SZ,绿茵生态,13.3,1.0638297872340468,11.33,11.19,0.17683466,11.58,10.98,3643/5521,11.19,11.58,10.98,11.33,5.305039,8065220,33,002887,20260304
002893.SZ,京能热力,10.98,1.198156682027657,11.21,11.2,-1.66666667,11.35,10.98,3643/5521,11.2,11.35,10.98,11.21,3.245614,1.0416664E7,33,002893,20260304
688512.SH,慧智微,12.68,5.666666666666664,11.12,11.3,-2.96684119,11.53,10.98,3643/5521,11.3,11.53,10.98,11.12,4.799301,1.1430911E7,17,688512,20260304
300654.SZ,世纪天鸿,10.96,-0.634632819582942,11.05,11.19,-3.07017544,11.36,10.96,3646/5521,11.19,11.36,10.96,11.05,3.508771,1.4292641E7,33,300654,20260304
002728.SZ,特一药业,9.93,0.0,11.12,11,0.090009,11.21,10.95,3647/5521,11,11.21,10.95,11.12,2.340234,1.5915768E7,33,002728,20260304
603291.SH,联合水务,11.46,1.6858917480035607,11.43,11,2.78776978,11.44,10.95,3647/5521,11,11.44,10.95,11.43,4.406474,7017400,17,603291,20260304
603811.SH,诚意药业,11.86,-1.0016694490818112,11.03,11.03,-1.34168157,11.16,10.95,3647/5521,11.03,11.16,10.95,11.03,1.878354,4497946,17,603811,20260304
603909.SH,建发合诚,12.15,-1.0586319218240963,11.21,11.25,-0.79646018,11.35,10.95,3647/5521,11.25,11.35,10.95,11.21,3.539823,4175700,17,603909,20260304
920717.BJ,瑞星股份,9.13,2.584269662921353,11.15,12.24,-15.46626232,12.29,10.95,3647/5521,12.24,12.29,10.95,11.15,10.159211,7698766,151,920717,20260304
002088.SZ,鲁阳节能,9.87,-2.8543307086614265,11.07,11.18,-1.24888492,11.25,10.94,3652/5521,11.18,11.25,10.94,11.07,2.765388,4795148,33,002088,20260304
600463.SH,空港股份,10.79,0.6529850746268517,11.05,11.13,-0.89686099,11.24,10.94,3652/5521,11.13,11.24,10.94,11.05,2.690582,4203500,17,600463,20260304
000528.SZ,柳工,9.66,-2.6209677419354818,10.94,11.09,-2.05908684,11.16,10.93,3654/5521,11.09,11.16,10.93,10.94,2.059086,3.3906794E7,33,000528,20260304
301058.SZ,中粮科工,9.74,-0.30706243602865263,11.05,11.07,-1.07430618,11.29,10.92,3655/5521,11.07,11.29,10.92,11.05,3.312444,1.5170969E7,33,301058,20260304
600826.SH,兰生股份,9.57,-3.722334004024137,11.05,11.22,-1.60284951,11.3,10.92,3655/5521,11.22,11.3,10.92,11.05,3.383793,6790952,17,600826,20260304
920371.BJ,欧福蛋业,9.16,0.10928961748633646,11.25,10.98,1.80995475,11.35,10.92,3655/5521,10.98,11.35,10.92,11.25,3.891402,4918920,151,920371,20260304
002582.SZ,好想你,12.55,0.8842443729903634,11.14,11.03,-0.44682752,11.28,10.91,3658/5521,11.03,11.28,10.91,11.14,3.306523,1.506665E7,33,002582,20260304
002898.SZ,*ST赛隆,8.3,-5.0343249427917565,11.31,11.15,1.43497758,11.32,10.9,3659/5521,11.15,11.32,10.9,11.31,3.766816,670850,33,002898,20260304
603329.SH,上海雅仕,11.25,0.17809439002671035,10.93,11.13,-1.79694519,11.23,10.89,3660/5521,11.13,11.23,10.89,10.93,3.054806,4159088,17,603329,20260304
605300.SH,佳禾食品,11.1,0.0901713255184832,10.9,11.01,-1.8018018,11.1,10.89,3660/5521,11.01,11.1,10.89,10.9,1.891891,2693397,17,605300,20260304
920039.BJ,国义招标,9.39,1.5135135135135196,10.93,11.15,-2.23613596,11.25,10.89,3660/5521,11.15,11.25,10.89,10.93,3.220035,1408954,151,920039,20260304
300385.SZ,ST雪浪,16.21,7.493368700265258,11.29,11.06,0.80357143,11.51,10.88,3663/5521,11.06,11.51,10.88,11.29,5.625,1.4489704E7,33,300385,20260304
605567.SH,春雪食品,11.34,0.8896797153024879,11.02,10.98,-0.81008101,11.15,10.87,3664/5521,10.98,11.15,10.87,11.02,2.520252,4524300,17,605567,20260304
600128.SH,苏豪弘业,10.61,0.0,11.0,11,-1.07913669,11.17,10.86,3665/5521,11,11.17,10.86,11.0,2.787769,7943675,17,600128,20260304
600668.SH,尖峰集团,10.96,-1.8800358102059005,10.92,10.9,-0.81743869,11.01,10.86,3665/5521,10.9,11.01,10.86,10.92,1.362397,5493779,17,600668,20260304
002186.SZ,全聚德,10.69,-1.201478743068399,10.95,10.98,-0.72529465,11.05,10.85,3667/5521,10.98,11.05,10.85,10.95,1.813236,3979802,33,002186,20260304
002165.SZ,红宝丽,8.58,-1.26582278481012,11.27,10.85,1.25786164,11.59,10.84,3668/5521,10.85,11.59,10.84,11.27,6.738544,9.8563295E7,33,002165,20260304
002423.SZ,中粮资本,10.24,-0.19493177387913815,10.88,10.97,-1.7163505,11.09,10.83,3669/5521,10.97,11.09,10.83,10.88,2.34869,2.16913E7,33,002423,20260304
301370.SZ,国科恒泰,10.47,0.5763688760806964,10.87,10.96,-1.36116152,11.05,10.83,3669/5521,10.96,11.05,10.83,10.87,1.99637,3369800,33,301370,20260304
002036.SZ,联创电子,7.68,-2.7848101265822867,10.98,10.82,-2.13903743,11.25,10.82,3671/5521,10.82,11.25,10.82,10.98,3.832442,7.08808E7,33,002036,20260304
301048.SZ,金鹰重工,10.93,2.054154995331455,10.94,11.13,-2.58236866,11.26,10.82,3671/5521,11.13,11.26,10.82,10.94,3.918076,5881500,33,301048,20260304
600986.SH,浙文互联,9.99,-6.896551724137933,11.0,10.87,0.54844607,11.18,10.82,3671/5521,10.87,11.18,10.82,11.0,3.290676,9.9516517E7,17,600986,20260304
002403.SZ,爱仕达,11.04,3.7593984962405878,10.91,11.15,-2.67618198,11.17,10.81,3674/5521,11.15,11.17,10.81,10.91,3.211418,4701228,33,002403,20260304
300134.SZ,大富科技,11.0,-0.4524886877828118,10.89,11.03,-1.98019802,11.13,10.81,3674/5521,11.03,11.13,10.81,10.89,2.880288,1.2697979E7,33,300134,20260304
600678.SH,ST金顶,10.38,-5.032021957913988,11.14,10.87,0.08984726,11.24,10.81,3674/5521,10.87,11.24,10.81,11.14,3.863432,1.2826866E7,22,600678,20260304
000409.SZ,云鼎科技,10.16,0.2961500493583352,10.93,10.84,-0.45537341,11.05,10.8,3677/5521,10.84,11.05,10.8,10.93,2.276867,9880118,33,000409,20260304
000561.SZ,烽火电子,9.51,2.3681377825619014,11.16,11,-1.06382979,11.44,10.8,3677/5521,11,11.44,10.8,11.16,5.673758,2.014316E7,33,000561,20260304
600380.SH,健康元,10.93,-1.531531531531531,10.88,11.02,-1.98198198,11.07,10.8,3677/5521,11.02,11.07,10.8,10.88,2.432432,1.7034777E7,17,600380,20260304
600479.SH,千金药业,11.01,-0.542005420054205,10.92,10.9,-0.63694268,11.09,10.8,3677/5521,10.9,11.09,10.8,10.92,2.638762,8345580,17,600479,20260304
601566.SH,九牧王,10.86,0.36968576709795886,10.94,10.94,-0.54545455,11.04,10.8,3677/5521,10.94,11.04,10.8,10.94,2.181818,6247457,17,601566,20260304
603608.SH,天创时尚,13.17,1.2298232129131448,12.23,10.88,9.68609865,12.27,10.8,3677/5521,10.88,12.27,10.8,12.23,13.183856,4.5864941E7,17,603608,20260304
000625.SZ,长安汽车,9.53,-1.6511867905056774,10.83,10.86,-1.36612022,10.89,10.79,3683/5521,10.86,10.89,10.79,10.83,0.910746,6.0675961E7,33,000625,20260304
001286.SZ,陕西能源,11.8,-0.25359256128486357,10.95,10.89,-0.54495913,11.11,10.79,3683/5521,10.89,11.11,10.79,10.95,2.906448,3.5342352E7,33,001286,20260304
300263.SZ,隆华科技,10.57,0.09469696969696767,11.2,10.79,1.81818182,11.36,10.79,3683/5521,10.79,11.36,10.79,11.2,5.181818,5.3773822E7,33,300263,20260304
601226.SH,华电科工,8.86,-2.530253025302535,11.06,10.79,2.2181146,11.53,10.79,3683/5521,10.79,11.53,10.79,11.06,6.839186,5.5608397E7,17,601226,20260304
002117.SZ,东港股份,10.2,1.1904761904761827,11.05,10.81,1.19047619,11.15,10.78,3687/5521,10.81,11.15,10.78,11.05,3.388278,9466937,33,002117,20260304
603565.SH,中谷物流,10.85,0.18467220683286772,10.98,11.07,-1.96428571,11.13,10.78,3687/5521,11.07,11.13,10.78,10.98,3.125,3.5426175E7,17,603565,20260304
002153.SZ,石基信息,10.08,1.2048192771084258,10.85,10.8,-1.09389243,11.08,10.77,3689/5521,10.8,11.08,10.77,10.85,2.825888,2.700248E7,33,002153,20260304
301116.SZ,益客食品,11.03,0.7305936073059368,10.86,10.88,-0.91240876,11.04,10.77,3689/5521,10.88,11.04,10.77,10.86,2.463503,3726900,33,301116,20260304
600246.SH,万通发展,11.28,10.048780487804873,10.85,10.77,-0.91324201,11.27,10.77,3689/5521,10.77,11.27,10.77,10.85,4.56621,7.3699277E7,17,600246,20260304
600480.SH,凌云股份,10.11,0.0,10.84,10.79,-1.18505014,11.02,10.77,3689/5521,10.79,11.02,10.77,10.84,2.278942,1.2140362E7,17,600480,20260304
603577.SH,汇金通,11.03,-0.6306306306306332,11.81,10.88,8.15018315,12.01,10.77,3689/5521,10.88,12.01,10.77,11.81,11.355311,3.1321528E7,17,603577,20260304
000655.SZ,金岭矿业,8.3,-1.4251781472683993,10.8,10.76,-0.36900369,11.06,10.76,3694/5521,10.76,11.06,10.76,10.8,2.767527,1.1786734E7,33,000655,20260304
000957.SZ,中通客车,11.93,-0.9958506224066472,10.86,10.95,-1.80831826,11.03,10.76,3694/5521,10.95,11.03,10.76,10.86,2.441229,2.0499E7,33,000957,20260304
688620.SH,安凯微,13.44,4.428904428904431,10.78,10.93,-1.91082803,11.15,10.76,3694/5521,10.93,11.15,10.76,10.78,3.54868,6709138,17,688620,20260304
002244.SZ,滨江集团,9.55,1.5957446808510676,10.86,11.03,-2.16216216,11.18,10.74,3697/5521,11.03,11.18,10.74,10.86,3.963963,2.6917282E7,33,002244,20260304
002583.SZ,海能达,9.94,-2.8347996089931664,10.92,10.78,-0.09149131,11.03,10.74,3697/5521,10.78,11.03,10.74,10.92,2.653247,2.551405E7,33,002583,20260304
600251.SH,冠农股份,12.95,1.8882769472855894,11.06,10.8,2.0295203,11.25,10.74,3697/5521,10.8,11.25,10.74,11.06,4.704797,1.6999222E7,17,600251,20260304
300894.SZ,火星人,10.46,0.5769230769230816,10.81,10.74,-0.36866359,10.99,10.72,3700/5521,10.74,10.99,10.72,10.81,2.488479,3499917,33,300894,20260304
301301.SZ,川宁生物,10.03,2.7663934426229466,10.93,10.74,1.01663586,11.01,10.72,3700/5521,10.567,10.837,10.547,10.76,2.680221,1.3383933E7,33,301301,20260304
000576.SZ,甘化科工,8.82,-5.76923076923076,10.98,10.86,0.82644628,11.14,10.71,3702/5521,10.86,11.14,10.71,10.98,3.948576,1.4542901E7,33,000576,20260304
002083.SZ,孚日股份,11.3,-1.4821272885789007,10.9,10.78,0.09182736,11.09,10.71,3702/5521,10.78,11.09,10.71,10.9,3.489439,2.3077902E7,33,002083,20260304
600589.SH,大位科技,10.07,3.494347379239464,11.06,10.71,0.54545455,11.48,10.71,3702/5521,10.71,11.48,10.71,11.06,7,2.04086547E8,17,600589,20260304
002097.SZ,山河智能,9.92,-0.8000000000000007,10.91,10.75,-0.09157509,10.98,10.7,3705/5521,10.75,10.98,10.7,10.91,2.564102,1.6051739E7,33,002097,20260304
002706.SZ,良信股份,11.57,2.208480565371025,11.2,10.73,2.47026532,11.5,10.7,3705/5521,10.73,11.5,10.7,11.2,7.319304,4.5406039E7,33,002706,20260304
002765.SZ,蓝黛科技,9.42,-0.5279831045406622,10.77,10.71,-0.82872928,10.94,10.69,3707/5521,10.71,10.94,10.69,10.77,2.302025,1.0612268E7,33,002765,20260304
000582.SZ,北部湾港,11.56,2.30088495575221,11.06,10.93,0.63694268,11.14,10.68,3708/5521,10.93,11.14,10.68,11.06,4.185623,5.437422E7,33,000582,20260304
002345.SZ,潮宏基,10.57,-6.044444444444442,10.76,10.77,-2.53623188,11.02,10.68,3708/5521,10.77,11.02,10.68,10.76,3.07971,1.9176141E7,33,002345,20260304
000001.SZ,平安银行,11.49,-0.26041666666666113,10.71,10.84,-1.5625,10.84,10.67,3710/5521,10.84,10.84,10.67,10.71,1.5625,1.08971396E8,33,000001,20260304
600101.SH,明星电力,9.82,-0.7077856420626925,11.14,10.76,0.9057971,11.2,10.67,3710/5521,10.76,11.2,10.67,11.14,4.800724,5.2192789E7,17,600101,20260304
300137.SZ,先河环保,16.66,-1.361752516281826,10.98,11,0.91911765,11.03,10.66,3712/5521,11,11.03,10.66,10.98,3.400735,1.1632775E7,33,300137,20260304
600273.SH,嘉化能源,8.17,-2.2727272727272667,10.72,10.76,-1.83150183,11,10.66,3712/5521,10.76,11,10.66,10.72,3.113553,3.3148999E7,17,600273,20260304
600970.SH,中材国际,9.33,-1.7894736842105257,10.83,10.8,-0.55096419,10.94,10.66,3712/5521,10.8,10.94,10.66,10.83,2.571166,2.1949276E7,17,600970,20260304
688184.SH,ST帕瓦,13.02,-1.4383043149129544,10.94,10.66,1.2962963,10.96,10.66,3712/5521,10.66,10.96,10.66,10.94,2.777777,1542783,22,688184,20260304
001914.SZ,招商积余,10.25,-1.2524084778420113,10.73,11.4,-5.79455663,11.45,10.65,3716/5521,11.4,11.45,10.65,10.73,7.023705,2.0840122E7,33,001914,20260304
002123.SZ,梦网科技,9.48,0.0,10.7,10.81,-2.28310502,11.01,10.65,3716/5521,10.81,11.01,10.65,10.7,3.287671,1.7780651E7,33,002123,20260304
002769.SZ,普路通,9.88,-1.1999999999999922,10.93,10.8,0.36730946,11.05,10.65,3716/5521,10.8,11.05,10.65,10.93,3.673094,1.13312E7,33,002769,20260304
603600.SH,永艺股份,12.0,0.8403361344537785,10.72,10.94,-2.81051677,10.98,10.65,3716/5521,10.94,10.98,10.65,10.72,2.99184,4930422,17,603600,20260304
000810.SZ,创维数字,12.69,0.07886435331230116,10.67,10.81,-2.11009174,10.87,10.63,3720/5521,10.81,10.87,10.63,10.67,2.201834,1.4012859E7,33,000810,20260304
002116.SZ,中国海诚,9.73,-0.5112474437627703,10.7,10.76,-1.29151292,10.89,10.63,3720/5521,10.76,10.89,10.63,10.7,2.398523,5719900,33,002116,20260304
002452.SZ,长高电新,10.96,0.36630036630037477,10.98,10.65,1.66666667,11.18,10.63,3720/5521,10.65,11.18,10.63,10.98,5.092592,3.1583645E7,33,002452,20260304
002658.SZ,雪迪龙,8.51,-2.183908045977006,11.0,10.68,1.94624652,11.15,10.62,3723/5521,10.68,11.15,10.62,11.0,4.911955,2.2578082E7,33,002658,20260304
002960.SZ,青鸟智控,12.1,1.1705685618728996,10.64,10.92,-2.47479377,10.95,10.62,3723/5521,10.92,10.95,10.62,10.64,3.024747,1.0483496E7,33,002960,20260304
300448.SZ,浩云科技,8.11,3.841229193341867,10.75,10.81,0.27985075,10.99,10.62,3723/5521,10.81,10.99,10.62,10.75,3.451492,3.3068063E7,33,300448,20260304
600250.SH,南京商旅,10.91,1.112140871177025,10.74,10.77,-0.37105751,10.85,10.62,3723/5521,10.77,10.85,10.62,10.74,2.13358,6738899,17,600250,20260304
920445.BJ,龙竹科技,9.61,-0.9278350515463903,10.65,11.13,-3.44514959,11.14,10.62,3723/5521,11.13,11.14,10.62,10.65,4.714415,2237752,151,920445,20260304
600742.SH,富维股份,9.42,0.10626992561104981,10.67,10.75,-1.38632163,10.92,10.61,3728/5521,10.75,10.92,10.61,10.67,2.865064,1.625761E7,17,600742,20260304
600843.SH,上工申贝,8.72,2.3474178403755994,10.87,10.65,0.36934441,10.99,10.61,3728/5521,10.65,10.99,10.61,10.87,3.508771,8146600,17,600843,20260304
000859.SZ,国风新材,9.04,1.5730337078651548,10.67,10.6,0.18779343,10.96,10.6,3730/5521,10.6,10.96,10.6,10.67,3.380281,4.3641989E7,33,000859,20260304
300106.SZ,西部牧业,11.56,5.378304466727437,10.88,10.78,0.83410565,10.94,10.6,3730/5521,10.78,10.94,10.6,10.88,3.151065,9493196,33,300106,20260304
600539.SH,狮头股份,17.56,-4.3051771117166355,10.81,10.71,0.83955224,10.93,10.6,3730/5521,10.71,10.93,10.6,10.81,3.078358,5453601,17,600539,20260304
688779.SH,五矿新能,10.8,-4.17036379769298,10.76,10.75,-0.82949309,10.99,10.6,3730/5521,10.75,10.99,10.6,10.76,3.59447,5.2923927E7,17,688779,20260304
600099.SH,林海股份,11.7,1.5624999999999976,10.73,10.75,-0.92336103,10.87,10.58,3734/5521,10.75,10.87,10.58,10.73,2.677746,3242400,17,600099,20260304
603002.SH,宏昌电子,13.82,-3.6262203626220333,10.69,10.62,-1.11008326,11.05,10.58,3734/5521,10.62,11.05,10.58,10.69,4.347826,4.89216E7,17,603002,20260304
603022.SH,新通联,11.3,2.447869446962841,10.69,10.79,-1.47465438,10.95,10.58,3734/5521,10.79,10.95,10.58,10.69,3.410138,5309300,17,603022,20260304
603085.SH,天成自控,12.28,2.333333333333328,10.83,10.58,-0.82417582,10.94,10.58,3734/5521,10.58,10.94,10.58,10.83,3.296703,7764637,17,603085,20260304
920556.BJ,雅达股份,9.04,0.444444444444435,10.91,10.75,3.31439394,11.01,10.58,3734/5521,10.75,11.01,10.58,10.91,4.071969,8815732,151,920556,20260304
600848.SH,上海临港,8.98,-0.663716814159278,10.64,10.78,-2.02578269,10.9,10.57,3739/5521,10.78,10.9,10.57,10.64,3.038674,1.0369381E7,17,600848,20260304
600420.SH,国药现代,9.59,-0.10416666666666445,10.56,10.84,-2.49307479,10.88,10.53,3740/5521,10.84,10.88,10.53,10.56,3.231763,1.54776E7,17,600420,20260304
603527.SH,众源新材,12.96,4.3478260869565295,10.64,10.58,-0.46772685,10.88,10.53,3740/5521,10.58,10.88,10.53,10.64,3.274087,6817884,17,603527,20260304
002758.SZ,浙农股份,9.16,-1.716738197424894,10.79,10.6,1.02996255,10.88,10.5,3742/5521,10.6,10.88,10.5,10.79,3.558052,1.013649E7,33,002758,20260304
002588.SZ,史丹利,10.94,-3.185840707964612,10.72,10.56,0.56285178,10.93,10.49,3743/5521,10.56,10.93,10.49,10.72,4.127579,1.8416968E7,33,002588,20260304
605166.SH,聚合顺,11.7,0.0,10.65,10.58,-0.18744142,10.84,10.49,3743/5521,10.58,10.84,10.49,10.65,3.280224,8142790,17,605166,20260304
603676.SH,卫信康,10.6,0.0,10.51,10.61,-2.59499537,10.75,10.48,3745/5521,10.61,10.75,10.48,10.51,2.502316,1978300,17,603676,20260304
000828.SZ,东莞控股,10.38,-0.38387715930901295,10.5,10.84,-3.58126722,10.86,10.47,3746/5521,10.84,10.86,10.47,10.5,3.581267,1.475942E7,33,000828,20260304
003000.SZ,劲仔食品,11.27,-0.2654867256637269,10.53,10.67,-2.59019426,10.75,10.46,3747/5521,10.67,10.75,10.46,10.53,2.682701,5072889,33,003000,20260304
600916.SH,中国黄金,8.94,0.11198208286673894,11.05,10.56,-2.21238938,11.13,10.46,3747/5521,10.56,11.13,10.46,11.05,5.929203,1.02660779E8,17,600916,20260304
300143.SZ,盈康生命,11.25,-0.08880994671403009,10.58,10.58,-0.28275212,10.73,10.45,3749/5521,10.58,10.73,10.45,10.58,2.639019,7172692,33,300143,20260304
601098.SH,中南传媒,11.37,1.5178571428571423,10.53,10.81,-3.48304308,10.9,10.45,3749/5521,10.81,10.9,10.45,10.53,4.124656,1.7933599E7,17,601098,20260304
300887.SZ,谱尼测试,9.65,2.3329798515376527,10.64,10.54,0.37735849,10.75,10.44,3751/5521,10.54,10.75,10.44,10.64,2.924528,1.2855394E7,33,300887,20260304
000829.SZ,天音控股,11.7,2.0052310374890903,10.52,10.43,-0.37878788,10.76,10.43,3752/5521,10.43,10.76,10.43,10.52,3.125,2.1690718E7,33,000829,20260304
002441.SZ,众业达,10.15,1.8054162487462357,10.73,10.45,1.13100848,10.91,10.43,3752/5521,10.45,10.91,10.43,10.73,4.524033,1.8908111E7,33,002441,20260304
002774.SZ,快意电梯,12.16,1.3333333333333346,10.69,10.49,0.56444026,10.74,10.43,3752/5521,10.49,10.74,10.43,10.69,2.916274,3975600,33,002774,20260304
000554.SZ,泰山石油,8.19,1.2360939431396742,11.62,11.93,7.09677419,11.94,10.42,3755/5521,11.93,11.94,10.42,11.62,14.009216,1.69495793E8,33,000554,20260304
600326.SH,西藏天路,9.37,0.42872454448016234,10.44,10.58,-1.78739417,10.69,10.42,3755/5521,10.58,10.69,10.42,10.44,2.539981,2.8529342E7,17,600326,20260304
002339.SZ,积成电子,9.89,-0.4028197381671616,11.54,10.41,10.00953289,11.54,10.4,3757/5521,10.41,11.54,10.4,11.54,10.867492,3.1229532E7,33,002339,20260304
603719.SH,良品铺子,11.09,-0.7162041181736801,10.42,10.67,-2.25140713,10.67,10.39,3758/5521,10.67,10.67,10.39,10.42,2.626641,3553000,17,603719,20260304
300231.SZ,银信科技,10.57,-2.4907749077490737,10.46,10.51,-1.4137606,10.65,10.38,3759/5521,10.51,10.65,10.38,10.46,2.544769,1.1729976E7,33,300231,20260304
002373.SZ,千方科技,8.95,-0.6659267480577192,10.43,10.6,-2.52336449,10.77,10.37,3760/5521,10.6,10.77,10.37,10.43,3.738317,3.398359E7,33,002373,20260304
600637.SH,东方明珠,9.98,-1.3833992094861542,10.43,10.4,-0.85551331,10.62,10.37,3760/5521,10.4,10.62,10.37,10.43,2.376425,4.5659416E7,17,600637,20260304
603053.SH,成都燃气,9.69,-0.30864197530865367,10.6,11.19,-6.44307149,11.22,10.36,3762/5521,11.19,11.22,10.36,10.6,7.590467,2.9364869E7,17,603053,20260304
920021.BJ,流金科技,10.03,5.801687763713069,11.09,10.4,5.71973308,11.2,10.35,3763/5521,10.4,11.2,10.35,11.09,8.102955,3.2799036E7,151,920021,20260304
002029.SZ,七匹狼,11.12,-0.9795191451469386,10.48,10.38,-0.66350711,10.61,10.34,3764/5521,10.38,10.61,10.34,10.48,2.559241,1.3419804E7,33,002029,20260304
300270.SZ,中威电子,13.36,3.9688715953307376,10.66,10.39,0.75614367,10.69,10.34,3764/5521,10.39,10.69,10.34,10.66,3.308128,7695800,33,300270,20260304
603066.SH,音飞储存,11.6,2.383053839364515,10.39,10.48,-0.95328885,10.5,10.34,3764/5521,10.48,10.5,10.34,10.39,1.525262,3236200,17,603066,20260304
000998.SZ,隆平高科,9.14,-0.760043431053206,11.04,10.35,7.08050436,11.16,10.33,3767/5521,10.35,11.16,10.33,11.04,8.050436,1.56338162E8,33,000998,20260304
000856.SZ,冀东装备,10.3,2.487562189054726,10.48,10.41,0.09551098,10.55,10.32,3768/5521,10.41,10.55,10.32,10.48,2.196752,7466500,33,000856,20260304
002852.SZ,道道全,9.09,-1.4099783080260389,10.56,10.67,-1.03092784,10.75,10.32,3768/5521,10.55,10.63,10.2,10.44,4.02999,6584749,33,002852,20260304
002111.SZ,威海广泰,11.02,4.554079696394691,10.53,10.42,0,10.58,10.31,3770/5521,10.42,10.58,10.31,10.53,2.564102,1.0348413E7,33,002111,20260304
002825.SZ,纳尔股份,9.99,-1.186943620178034,10.48,10.4,0,10.61,10.31,3770/5521,10.4,10.61,10.31,10.48,2.862595,4073761,33,002825,20260304
600919.SH,江苏银行,11.3,-0.8771929824561372,10.49,10.43,0.19102197,10.52,10.31,3770/5521,10.43,10.52,10.31,10.49,2.00573,1.24281171E8,17,600919,20260304
002093.SZ,国脉科技,8.32,-1.0701545778834705,10.46,10.37,-0.38095238,10.63,10.3,3773/5521,10.37,10.63,10.3,10.46,3.142857,1.2320152E7,33,002093,20260304
600056.SH,中国医药,10.36,-0.38461538461539346,10.32,10.48,-2.08728653,10.51,10.3,3773/5521,10.48,10.51,10.3,10.32,1.992409,1.592076E7,17,600056,20260304
600601.SH,方正科技,11.67,-1.185436071126169,10.53,10.36,0.19029496,10.76,10.3,3773/5521,10.36,10.76,10.3,10.53,4.376784,7.1644695E7,17,600601,20260304
600876.SH,凯盛新能,9.43,-5.0352467270896275,10.52,10.34,-0.18975332,10.63,10.3,3773/5521,10.34,10.63,10.3,10.52,3.130929,5923844,17,600876,20260304
603289.SH,泰瑞机器,11.66,1.6564952048822972,10.45,10.44,0.28790787,10.62,10.3,3773/5521,10.44,10.62,10.3,10.45,3.071017,4652039,17,603289,20260304
603687.SH,大胜达,17.18,9.987195902688864,10.43,10.31,-0.66666667,10.66,10.29,3778/5521,10.31,10.66,10.29,10.43,3.523809,9322876,17,603687,20260304
002079.SZ,苏州固锝,11.7,0.08554319931565259,10.47,10.29,0.57636888,10.67,10.28,3779/5521,10.29,10.67,10.28,10.47,3.746397,2.91004E7,33,002079,20260304
601963.SH,重庆银行,10.5,-1.0367577756833124,10.47,10.34,1.15942029,10.61,10.26,3780/5521,10.34,10.61,10.26,10.47,3.381642,2.8867466E7,17,601963,20260304
000917.SZ,电广传媒,8.74,-1.4656144306651524,10.3,10.44,-3.28638498,10.66,10.25,3781/5521,10.44,10.66,10.25,10.3,3.849765,5.3367256E7,33,000917,20260304
600822.SH,上海物贸,9.93,0.30303030303029654,10.36,10.25,-1.05062082,10.49,10.25,3781/5521,10.25,10.49,10.25,10.36,2.292263,3583521,17,600822,20260304
603033.SH,三维股份,11.24,-1.4899211218229618,10.37,10.25,0.77745384,10.58,10.25,3781/5521,10.25,10.58,10.25,10.37,3.206997,6896890,17,603033,20260304
605268.SH,王力安防,12.98,-7.351891506067091,11.52,10.37,10.0286533,11.52,10.25,3781/5521,10.37,11.52,10.25,11.52,12.129894,9180416,17,605268,20260304
600838.SH,上海九百,9.59,-0.10416666666666445,10.49,10.4,0.09541985,10.58,10.24,3785/5521,10.4,10.58,10.24,10.49,3.244274,9502898,17,600838,20260304
002695.SZ,煌上煌,12.49,3.4797017398508694,10.29,10.41,-1.43678161,10.44,10.23,3786/5521,10.41,10.44,10.23,10.29,2.011494,5053288,33,002695,20260304
603759.SH,海天股份,9.03,-3.111587982832628,10.35,10.28,-0.28901734,10.48,10.23,3786/5521,10.28,10.48,10.23,10.35,2.408477,5309199,17,603759,20260304
300221.SZ,银禧科技,11.23,0.6272401433691782,10.48,10.28,0.47938639,10.67,10.22,3788/5521,10.28,10.67,10.22,10.48,4.314477,1.7156389E7,33,300221,20260304
002950.SZ,奥美医疗,13.77,-0.2896451846488119,10.37,10.35,-0.38424592,10.52,10.21,3789/5521,10.35,10.52,10.21,10.37,2.977905,5207711,33,002950,20260304
300485.SZ,赛升药业,10.91,-0.8181818181818169,10.31,10.5,-1.15052733,10.5,10.21,3789/5521,10.5,10.5,10.21,10.31,2.780441,5227800,33,300485,20260304
603466.SH,风语筑,9.72,0.309597523219826,10.46,10.29,-0.85308057,10.68,10.21,3789/5521,10.29,10.68,10.21,10.46,4.454976,4.543522E7,17,603466,20260304
002560.SZ,通达股份,14.67,-5.7803468208092506,10.77,10.3,3.55769231,10.9,10.2,3792/5521,10.3,10.9,10.2,10.77,6.730769,3.3429891E7,33,002560,20260304
300543.SZ,朗科智能,9.73,1.4598540145985461,10.46,10.31,0.57692308,10.64,10.2,3792/5521,10.31,10.64,10.2,10.46,4.230769,6857932,33,300543,20260304
000795.SZ,英洛华,9.23,0.0,10.26,10.2,-0.19455253,10.53,10.19,3794/5521,10.2,10.53,10.19,10.26,3.307392,2.0886304E7,33,000795,20260304
002546.SZ,新联电子,8.22,-0.12150668286755512,11.11,10.25,3.06122449,11.25,10.19,3794/5521,10.13,11.13,10.07,10.99,9.833024,1.13730577E8,33,002546,20260304
601878.SH,浙商证券,9.85,0.0,10.25,10.33,-1.34744947,10.34,10.19,3794/5521,10.33,10.34,10.19,10.25,1.443695,3.4649636E7,17,601878,20260304
300891.SZ,惠云钛业,8.6,-1.8264840182648419,10.43,10.17,-1.69651272,10.8,10.17,3797/5521,10.17,10.8,10.17,10.43,5.937794,2.900872E7,33,300891,20260304
600610.SH,中毅达,9.29,0.10775862068965289,10.55,10.21,-0.75258702,10.8,10.17,3797/5521,10.21,10.8,10.17,10.55,5.926622,3.2924013E7,17,600610,20260304
300002.SZ,神州泰岳,9.73,1.038421599169259,10.28,10.19,-0.19417476,10.46,10.16,3799/5521,10.19,10.46,10.16,10.28,2.912621,3.9702374E7,33,300002,20260304
688280.SH,精进电动,7.28,-11.864406779661012,10.36,10.16,1.76817289,10.65,10.16,3799/5521,10.16,10.65,10.16,10.36,4.813359,3.5397905E7,17,688280,20260304
300824.SZ,北鼎股份,10.09,0.8999999999999986,10.26,10.21,-0.38834951,10.37,10.15,3801/5521,10.095,10.255,10.035,10.15,2.135922,4105369,33,300824,20260304
920946.BJ,森萱医药,10.25,3.7449392712550527,10.21,10.43,-2.39005736,10.53,10.15,3801/5521,10.43,10.53,10.15,10.21,3.632887,3355060,151,920946,20260304
002253.SZ,*ST智胜,10.91,-0.8181818181818169,10.23,10.29,-0.38948393,10.35,10.13,3803/5521,10.29,10.35,10.13,10.23,2.142161,3897800,33,002253,20260304
002451.SZ,摩恩电气,9.53,-1.4477766287487133,10.69,10.15,2.98651252,10.76,10.13,3803/5521,10.15,10.76,10.13,10.69,6.069364,2.6151379E7,33,002451,20260304
300015.SZ,爱尔眼科,10.78,-1.5525114155251136,10.15,10.26,-1.83752418,10.3,10.13,3803/5521,10.26,10.3,10.13,10.15,1.6441,5.5829499E7,33,300015,20260304
600095.SH,湘财股份,8.88,0.3389830508474705,10.18,10.14,-1.26091174,10.32,10.13,3803/5521,10.14,10.32,10.13,10.18,1.84287,2.1868166E7,17,600095,20260304
600218.SH,全柴动力,9.66,2.439024390243907,10.3,10.24,-0.77071291,10.53,10.13,3803/5521,10.24,10.53,10.13,10.3,3.853564,9360600,17,600218,20260304
920263.BJ,中航泰达,10.29,-1.531100478468901,13.08,13.9,-6.63811563,14.01,10.13,3803/5521,13.9,14.01,10.13,13.08,27.694503,4125138,151,920263,20260304
600639.SH,浦东金桥,10.32,-5.839416058394165,10.2,10.34,-1.44927536,10.34,10.12,3809/5521,10.34,10.34,10.12,10.2,2.125603,7778055,17,600639,20260304
601022.SH,宁波远洋,8.66,-0.8018327605956505,10.25,10.68,-8.80782918,10.7,10.12,3809/5521,10.68,10.7,10.12,10.25,5.160142,7.440877E7,17,601022,20260304
688659.SH,元琛科技,11.53,2.488888888888883,10.19,10.33,-2.30105465,10.49,10.11,3811/5521,10.33,10.49,10.11,10.19,3.643336,2773866,17,688659,20260304
002531.SZ,天顺风能,12.02,1.520270270270268,10.37,10.17,0.48449612,10.75,10.1,3812/5521,10.17,10.75,10.1,10.37,6.298449,5.023246E7,33,002531,20260304
002651.SZ,利君股份,9.58,1.1615628299894343,10.38,10.3,-0.76481836,10.56,10.1,3812/5521,10.3,10.56,10.1,10.38,4.397705,1.1034007E7,33,002651,20260304
300095.SZ,华伍股份,9.84,1.9689119170984404,10.44,10.17,1.06485963,10.5,10.1,3812/5521,10.17,10.5,10.1,10.44,3.872216,1.30797E7,33,300095,20260304
300358.SZ,楚天科技,9.79,1.4507772020725263,10.22,10.15,-0.48685492,10.38,10.1,3812/5521,10.15,10.38,10.1,10.22,2.726387,1.57549E7,33,300358,20260304
600158.SH,中体产业,11.85,10.027855153203342,10.18,10.16,-1.54738878,10.38,10.1,3812/5521,10.16,10.38,10.1,10.18,2.70793,3.4449324E7,17,600158,20260304
002446.SZ,盛路通信,10.0,1.8329938900203637,10.42,10.09,0.6763285,10.51,10.09,3817/5521,10.09,10.51,10.09,10.42,4.057971,3.8521977E7,33,002446,20260304
002739.SZ,儒意电影,10.11,2.6395939086294398,10.22,10.11,-0.38986355,10.32,10.09,3817/5521,10.11,10.32,10.09,10.22,2.241715,4.3102707E7,33,002739,20260304
300184.SZ,力源信息,13.35,1.2898330804248856,10.27,10.14,0.09746589,10.52,10.08,3819/5521,10.14,10.52,10.08,10.27,4.288499,3.1502698E7,33,300184,20260304
603969.SH,银龙股份,8.91,0.11235955056179535,10.14,10.16,-1.16959064,10.39,10.08,3819/5521,10.16,10.39,10.08,10.14,3.021442,1.4487873E7,17,603969,20260304
605136.SH,丽人丽妆,10.94,1.390176088971273,10.18,10.11,-1.16504854,10.28,10.07,3821/5521,10.11,10.28,10.07,10.18,2.038834,7003620,17,605136,20260304
301060.SZ,兰卫医学,10.33,-1.8060836501901094,10.25,10.19,0.09765625,10.31,10.06,3822/5521,10.19,10.31,10.06,10.25,2.441406,6211800,33,301060,20260304
603020.SH,爱普股份,10.87,0.0,10.13,10.25,-1.65048544,10.35,10.06,3822/5521,10.25,10.35,10.06,10.13,2.815533,5219775,17,603020,20260304
002174.SZ,游族网络,10.24,0.5893909626719106,10.11,10.2,-2.22437137,10.34,10.05,3824/5521,10.2,10.34,10.05,10.11,2.804642,2.026835E7,33,002174,20260304
002298.SZ,中电鑫龙,9.8,0.30706243602867084,10.46,10.12,2.85152409,10.63,10.05,3824/5521,10.12,10.63,10.05,10.46,5.703048,3.3264958E7,33,002298,20260304
300708.SZ,聚灿光电,8.85,0.2265005662514108,10.43,10.2,-1.41776938,10.74,10.05,3824/5521,10.17,10.71,10.02,10.4,6.521739,5.7271306E7,33,300708,20260304
600648.SH,外高桥,10.03,-5.37735849056604,10.13,10.18,-1.26705653,10.26,10.05,3824/5521,10.18,10.26,10.05,10.13,2.046783,2918800,17,600648,20260304
002286.SZ,保龄宝,10.28,1.0816125860373593,10.2,10.09,0.49261084,10.34,10.03,3828/5521,10.09,10.34,10.03,10.2,3.054187,1.3855417E7,33,002286,20260304
600348.SH,华阳股份,10.45,0.8687258687258674,10.26,10.13,-0.48496605,10.33,10.01,3829/5521,10.13,10.33,10.01,10.26,3.103782,6.9607786E7,17,600348,20260304
600829.SH,人民同泰,9.72,0.41322314049587733,10.18,10.15,-1.26091174,10.3,10,3830/5521,10.15,10.3,10,10.18,2.909796,6758542,17,600829,20260304
601777.SH,千里科技,11.23,-0.17777777777777398,10.18,10.1,-0.68292683,10.41,10,3830/5521,10.1,10.41,10,10.18,4,3.325528E7,17,601777,20260304
600483.SH,福能股份,10.01,1.5212981744421943,10.15,10.04,0.39564787,10.23,9.96,3832/5521,10.04,10.23,9.96,10.15,2.670623,3.5623943E7,17,600483,20260304
000968.SZ,蓝焰控股,9.15,0.32894736842106514,11.12,10.58,6.82036503,11.4,9.95,3833/5521,10.58,11.4,9.95,11.12,13.928914,1.8006212E8,33,000968,20260304
002293.SZ,罗莱生活,11.26,2.177858439201454,10.15,10.21,-0.29469548,10.31,9.95,3833/5521,10.21,10.31,9.95,10.15,3.536345,1.0975764E7,33,002293,20260304
603458.SH,勘设股份,11.96,0.16750418760470143,10.4,10.01,2.36220472,10.45,9.95,3833/5521,10.01,10.45,9.95,10.4,4.921259,7580025,17,603458,20260304
002405.SZ,四维图新,9.03,1.4606741573033595,10.13,9.97,0.69582505,10.24,9.94,3836/5521,9.97,10.24,9.94,10.13,2.982107,7.158055E7,33,002405,20260304
600497.SH,驰宏锌锗,8.98,-0.9922822491730965,10.23,9.96,0.29411765,10.54,9.94,3836/5521,9.96,10.54,9.94,10.23,5.882352,1.78673477E8,17,600497,20260304
002883.SZ,中设股份,,,10.03,9.98,0.0998004,10.17,9.9,3838/5521,9.98,10.17,9.9,10.03,2.69461,4358680,33,002883,20260304
300279.SZ,和晶科技,7.87,-0.12690355329948969,10.3,9.95,2.69192423,10.55,9.9,3838/5521,9.95,10.55,9.9,10.3,6.480558,3.643742E7,33,300279,20260304
300295.SZ,*ST三六五,12.62,1.2028869286286974,10.08,10.03,-0.49358342,10.21,9.9,3838/5521,10.03,10.21,9.9,10.08,3.060217,6280800,33,300295,20260304
600969.SH,郴电国际,9.93,-0.5010020040080231,10.19,9.95,0.99108028,10.26,9.9,3838/5521,9.95,10.26,9.9,10.19,3.567888,1.0084246E7,17,600969,20260304
920402.BJ,硅烷科技,9.07,-4.122621564482035,10.08,9.97,1.30653266,10.29,9.9,3838/5521,9.97,10.29,9.9,10.08,3.919597,7210037,151,920402,20260304
300512.SZ,中亚股份,9.29,1.308615049073056,10.08,10.09,-0.68965517,10.26,9.89,3843/5521,10.09,10.26,9.89,10.08,3.64532,6538428,33,300512,20260304
603105.SH,芯能科技,9.73,-2.6026026026026003,9.98,9.9,-0.2,10.22,9.89,3843/5521,9.9,10.22,9.89,9.98,3.3,1.6796187E7,17,603105,20260304
603536.SH,惠发食品,10.53,0.8620689655172401,10.01,10.01,-1.66994106,10.21,9.89,3843/5521,10.01,10.21,9.89,10.01,3.143418,5168940,17,603536,20260304
300599.SZ,雄塑科技,11.95,3.373702422145318,9.91,10.15,-4.15860735,10.35,9.88,3846/5521,10.15,10.35,9.88,9.91,4.545454,1.4172E7,33,300599,20260304
600753.SH,*ST海钦,13.04,1.4785992217898793,10.12,10.12,-1.9379845,10.6,9.88,3846/5521,10.12,10.6,9.88,10.12,6.976744,7229220,22,600753,20260304
002243.SZ,力合科创,8.53,-1.158748551564327,9.96,9.92,-1.58102767,10.16,9.87,3848/5521,9.92,10.16,9.87,9.96,2.865612,1.6447083E7,33,002243,20260304
601952.SH,苏垦农发,9.96,-1.3861386138613743,10.12,9.87,2.01612903,10.25,9.87,3848/5521,9.87,10.25,9.87,10.12,3.830645,4.525974E7,17,601952,20260304
000929.SZ,*ST兰黄,10.33,0.4863813229572054,10.12,9.9,0.89730808,10.25,9.86,3850/5521,9.9,10.25,9.86,10.12,3.888334,2185200,33,000929,20260304
300434.SZ,金石亚药,11.44,1.1494252873563129,9.89,9.98,-1.39581256,10.05,9.86,3850/5521,9.98,10.05,9.86,9.89,1.894317,5709694,33,300434,20260304
600039.SH,四川路桥,8.19,-6.2929061784897105,10.14,10,0.69513406,10.22,9.86,3850/5521,10,10.22,9.86,10.14,3.574975,2.6349683E7,17,600039,20260304
600267.SH,海正药业,11.32,-1.3077593722755043,9.97,10,-0.69721116,10.1,9.86,3850/5521,10,10.1,9.86,9.97,2.390438,1.2460729E7,17,600267,20260304
920496.BJ,许昌智能,8.65,-3.4598214285714337,10.79,9.9,8.44221106,11.24,9.86,3850/5521,9.9,11.24,9.86,10.79,13.869346,1.6629149E7,151,920496,20260304
002249.SZ,大洋电机,9.38,2.963776070252485,9.98,9.91,-0.59760956,10.14,9.85,3855/5521,9.91,10.14,9.85,9.98,2.888446,4.3949833E7,33,002249,20260304
300586.SZ,美联新材,11.65,-2.835696413678064,9.9,9.86,-1,10.17,9.85,3855/5521,9.86,10.17,9.85,9.9,3.2,1.1776433E7,33,300586,20260304
600706.SH,曲江文旅,9.54,0.5268703898840773,10.05,10.01,-0.29761905,10.16,9.85,3855/5521,10.01,10.16,9.85,10.05,3.075396,5482100,17,600706,20260304
920786.BJ,骑士乳业,8.3,0.3627569528416099,9.95,9.86,-0.89641434,10.19,9.85,3855/5521,9.86,10.19,9.85,9.95,3.386454,9370676,151,920786,20260304
002905.SZ,金逸影视,9.53,-3.7373737373737472,9.93,9.9,-0.501002,10.07,9.83,3859/5521,9.9,10.07,9.83,9.93,2.404809,8155500,33,002905,20260304
603636.SH,南威软件,8.96,0.7874015748031528,9.98,10,-0.99206349,10.14,9.82,3860/5521,10,10.14,9.82,9.98,3.174603,9324550,17,603636,20260304
000752.SZ,*ST西发,10.0,-1.1857707509881346,9.87,9.88,-0.60422961,10.15,9.81,3861/5521,9.88,10.15,9.81,9.87,3.423967,3248400,33,000752,20260304
301078.SZ,孩子王,8.84,-0.2257336343115076,9.83,10.71,-9.31734317,11.08,9.81,3861/5521,10.71,11.08,9.81,9.83,11.715867,1.28255728E8,33,301078,20260304
920469.BJ,富恒新材,6.95,-19.091967403958087,10.06,10.27,-2.04479065,10.29,9.81,3861/5521,10.27,10.29,9.81,10.06,4.673807,2780127,151,920469,20260304
920553.BJ,凯腾精工,8.88,3.2558139534883854,9.83,10.1,-3.81604697,10.15,9.81,3861/5521,10.05,10.1,9.76,9.78,3.32681,2303704,151,920553,20260304
002320.SZ,海峡股份,8.5,1.796407185628747,9.99,10.17,-2.63157895,10.17,9.8,3865/5521,10.13,10.13,9.76,9.95,3.606237,3.9358971E7,33,002320,20260304
603648.SH,畅联股份,10.16,0.1972386587771161,9.87,9.98,-1.00300903,10.04,9.8,3865/5521,9.98,10.04,9.8,9.87,2.407221,3597100,17,603648,20260304
600461.SH,洪城环境,10.28,-0.38759689922481516,9.84,9.94,-0.90634441,10.04,9.79,3867/5521,9.94,10.04,9.79,9.84,2.517623,1.2819869E7,17,600461,20260304
603318.SH,水发燃气,14.26,-1.9931271477663293,10.67,10.67,10,10.67,9.79,3867/5521,10.67,10.67,9.79,10.67,9.072164,1.67874358E8,17,603318,20260304
920198.BJ,微创光电,8.7,1.1627906976744145,10.01,9.8,0.80563948,10.17,9.79,3867/5521,9.8,10.17,9.79,10.01,3.826787,1514312,151,920198,20260304
600623.SH,华谊集团,10.88,0.18416206261511373,9.88,10.22,-6.08365019,10.27,9.78,3870/5521,10.22,10.27,9.78,9.88,4.657794,5.0286186E7,17,600623,20260304
600661.SH,昂立教育,10.2,1.1904761904761827,9.9,9.95,-0.70210632,10.05,9.78,3870/5521,9.95,10.05,9.78,9.9,2.708124,5738535,17,600661,20260304
920378.BJ,泰德股份,8.66,4.08653846153846,9.89,9.99,-1.88492063,10.12,9.77,3872/5521,9.99,10.12,9.77,9.89,3.472222,1068809,151,920378,20260304
002783.SZ,凯龙股份,8.92,-1.7621145374449354,9.95,9.81,-0.20060181,10.15,9.76,3873/5521,9.81,10.15,9.76,9.95,3.911735,1.4060795E7,33,002783,20260304
300439.SZ,美康生物,10.09,0.0,9.82,9.95,-1.50451354,9.99,9.76,3873/5521,9.95,9.99,9.76,9.82,2.30692,3873777,33,300439,20260304
300603.SZ,立昂技术,10.2,-2.578796561604597,9.82,9.8,-1.30653266,10.03,9.76,3873/5521,9.8,10.03,9.76,9.82,2.713567,1.1904858E7,33,300603,20260304
300149.SZ,睿智医药,9.99,-0.09999999999999787,9.84,9.9,-1.20481928,10.03,9.75,3876/5521,9.9,10.03,9.75,9.84,2.811244,7323421,33,300149,20260304
300264.SZ,佳创视讯,9.36,5.286839145106849,9.97,10.04,-1.57946693,10.22,9.75,3876/5521,10.04,10.22,9.75,9.97,4.639684,3.631236E7,33,300264,20260304
601212.SH,白银有色,7.63,-0.3916449086161912,10.14,9.75,-4.51977401,10.54,9.75,3876/5521,9.75,10.54,9.75,10.14,7.438794,2.2042277E8,17,601212,20260304
603327.SH,福蓉科技,10.8,-1.0989010989010917,9.79,9.79,-0.81053698,10,9.75,3876/5521,9.79,10,9.75,9.79,2.532928,1.2624549E7,17,603327,20260304
300333.SZ,兆日科技,9.27,1.311475409836057,9.81,9.91,-1.00908174,9.99,9.73,3880/5521,9.91,9.99,9.73,9.81,2.623612,5909700,33,300333,20260304
603660.SH,苏州科达,12.16,6.479859894921193,10.09,9.88,2.12550607,10.17,9.73,3880/5521,9.88,10.17,9.73,10.09,4.453441,1.2914274E7,17,603660,20260304
002176.SZ,江特电机,16.05,-0.24860161591049812,9.88,9.78,-0.60362173,10.15,9.72,3882/5521,9.78,10.15,9.72,9.88,4.325955,6.8202133E7,33,002176,20260304
002458.SZ,益生股份,11.21,0.9909909909910019,9.8,9.75,0.20449898,9.92,9.72,3882/5521,9.75,9.92,9.72,9.8,2.044989,1.1815641E7,33,002458,20260304
002003.SZ,伟星股份,10.0,-1.4778325123152745,9.98,10.15,-2.15686275,10.17,9.71,3884/5521,10.15,10.17,9.71,9.98,4.509803,2.6592059E7,33,002003,20260304
601229.SH,上海银行,9.38,-1.6771488469601508,9.86,9.83,0,9.88,9.71,3884/5521,9.83,9.88,9.71,9.86,1.724137,5.6326572E7,17,601229,20260304
600237.SH,铜峰电子,8.88,-2.417582417582405,10.41,9.7,4.51807229,10.75,9.7,3886/5521,9.7,10.75,9.7,10.41,10.542168,5.8975432E7,17,600237,20260304
688549.SH,中巨芯,12.29,10.62106210621062,9.76,9.8,-1.31445905,10.05,9.7,3886/5521,9.8,10.05,9.7,9.76,3.538928,2.5781966E7,17,688549,20260304
001236.SZ,弘业期货,9.55,2.0299145299145436,9.82,9.71,-0.1017294,9.94,9.69,3888/5521,9.71,9.94,9.69,9.82,2.543234,9767089,33,001236,20260304
002873.SZ,新天药业,10.1,2.8513238289205636,9.93,9.97,-0.89820359,10.1,9.68,3889/5521,9.97,10.1,9.68,9.93,4.191616,4425381,33,002873,20260304
600958.SH,东方证券,9.34,0.0,9.72,9.78,-1.51975684,9.84,9.66,3890/5521,9.78,9.84,9.66,9.72,1.823708,5.6735066E7,17,600958,20260304
603106.SH,恒银科技,8.9,2.416570771001161,9.69,9.76,-1.62436548,9.88,9.66,3890/5521,9.76,9.88,9.66,9.69,2.233502,7211819,17,603106,20260304
603158.SH,腾龙股份,12.76,-1.391035548686242,9.77,9.75,-1.01317123,9.97,9.66,3890/5521,9.75,9.97,9.66,9.77,3.14083,1.12862E7,17,603158,20260304
605366.SH,宏柏新材,13.34,3.0911901081916566,10.4,9.66,4.31293882,10.79,9.66,3890/5521,9.66,10.79,9.66,10.4,11.334002,6.6878658E7,17,605366,20260304
000697.SZ,ST炼石,,,10.23,9.68,5.03080082,10.23,9.65,3894/5521,9.68,10.23,9.65,10.23,5.954825,2.6533373E7,33,000697,20260304
603223.SH,恒通股份,9.03,-0.6600660066006655,9.86,10.31,-7.93650794,10.39,9.64,3895/5521,10.31,10.39,9.64,9.86,7.002801,2.5160865E7,17,603223,20260304
688306.SH,均普智能,9.28,-0.10764262648008383,9.74,9.64,-2.20883534,9.98,9.64,3895/5521,9.64,9.98,9.64,9.74,3.413654,1.0066482E7,17,688306,20260304
600025.SH,华能水电,9.51,-0.9374999999999986,10.0,9.79,1.93679918,10.02,9.62,3897/5521,9.79,10.02,9.62,10.0,4.077471,6.5313886E7,17,600025,20260304
600236.SH,桂冠电力,10.09,0.7992007992007999,10.85,9.73,10.04056795,10.85,9.62,3897/5521,9.73,10.85,9.62,10.85,12.474645,4.2464421E7,17,600236,20260304
601928.SH,凤凰传媒,9.43,-0.9453781512605027,9.63,9.86,-2.6289181,9.86,9.62,3897/5521,9.86,9.86,9.62,9.63,2.426693,1.581435E7,17,601928,20260304
002114.SZ,罗平锌电,9.0,-1.746724890829696,10.1,9.68,0.8991009,10.33,9.61,3900/5521,9.68,10.33,9.61,10.1,7.192807,2.476305E7,33,002114,20260304
002840.SZ,华统股份,12.72,4.006541291905153,9.63,9.77,-1.33196721,9.82,9.59,3901/5521,9.77,9.82,9.59,9.63,2.356557,1.4698177E7,33,002840,20260304
002181.SZ,粤传媒,16.49,10.00667111407604,9.75,9.62,0,9.93,9.58,3902/5521,9.62,9.93,9.58,9.75,3.589743,2.8531529E7,33,002181,20260304
002283.SZ,天润工业,11.23,-1.0572687224669535,9.71,9.64,-0.81716037,10.06,9.58,3902/5521,9.64,10.06,9.58,9.71,4.902962,6.2085028E7,33,002283,20260304
300082.SZ,奥克股份,11.63,-5.906148867313904,9.64,9.63,-0.82304527,9.84,9.58,3902/5521,9.63,9.84,9.58,9.64,2.674897,1.1188018E7,33,300082,20260304
600841.SH,动力新科,8.3,0.6060606060606146,9.9,9.6,-0.50251256,10.15,9.58,3902/5521,9.6,10.15,9.58,9.9,5.728643,3.7743502E7,17,600841,20260304
002443.SZ,金洲管道,11.84,0.08453085376162119,9.66,9.65,-0.71942446,9.8,9.57,3906/5521,9.65,9.8,9.57,9.66,2.363823,2.0121641E7,33,002443,20260304
300404.SZ,博济医药,10.74,1.4164305949008533,9.68,9.62,0,9.76,9.57,3906/5521,9.62,9.76,9.57,9.68,1.962809,6737421,33,300404,20260304
605055.SH,迎丰股份,11.21,-0.8841732979663982,9.89,9.94,0.40609137,9.98,9.56,3908/5521,9.94,9.98,9.56,9.89,4.263959,4699300,17,605055,20260304
002242.SZ,九阳股份,10.88,1.8726591760299727,9.6,9.77,-2.3397762,9.81,9.54,3909/5521,9.77,9.81,9.54,9.6,2.746693,8702596,33,002242,20260304
605162.SH,新中港,11.16,-2.702702702702707,9.82,9.53,0.40899796,9.96,9.53,3910/5521,9.53,9.96,9.53,9.82,4.396728,1.266103E7,17,605162,20260304
001979.SZ,招商蛇口,8.7,-1.4722536806342104,9.76,9.8,-1.2145749,9.93,9.52,3911/5521,9.8,9.93,9.52,9.76,4.149797,6.7829084E7,33,001979,20260304
002129.SZ,TCL中环,8.66,0.46403712296984834,9.72,9.73,-1.4198783,9.93,9.52,3911/5521,9.73,9.93,9.52,9.72,4.158215,1.42332532E8,33,002129,20260304
603808.SH,歌力思,11.1,4.914933837429108,9.7,9.64,-0.81799591,9.79,9.52,3911/5521,9.64,9.79,9.52,9.7,2.760736,5416455,17,603808,20260304
002789.SZ,*ST建艺,12.89,3.7007240547063627,9.7,9.6,-1.72239108,9.81,9.51,3914/5521,9.6,9.81,9.51,9.7,3.039513,2443960,33,002789,20260304
603803.SH,瑞斯康达,14.3,-3.8332212508406087,9.83,9.6,-0.10162602,9.98,9.51,3914/5521,9.6,9.98,9.51,9.83,4.776422,8662439,17,603803,20260304
688701.SH,卓锦股份,10.2,2.7190332326283944,9.69,9.71,-0.71721311,9.86,9.51,3914/5521,9.71,9.86,9.51,9.69,3.586065,3582361,17,688701,20260304
000803.SZ,山高环能,8.79,3.9007092198581357,10.0,9.64,2.77492292,10.25,9.49,3917/5521,9.64,10.25,9.49,10.0,7.810894,3.6219204E7,33,000803,20260304
601577.SH,长沙银行,9.97,0.8088978766430744,9.49,9.71,-2.66666667,9.74,9.49,3917/5521,9.71,9.74,9.49,9.49,2.564102,2.5846136E7,17,601577,20260304
002559.SZ,亚威股份,10.32,-1.5267175572519096,9.52,9.51,-0.72992701,9.68,9.48,3919/5521,9.51,9.68,9.48,9.52,2.085505,1.43617E7,33,002559,20260304
300056.SZ,中创环保,11.1,2.777777777777768,9.82,9.48,1.76165803,10.06,9.48,3919/5521,9.48,10.06,9.48,9.82,6.010362,1.7110122E7,33,300056,20260304
600350.SH,山东高速,10.7,-0.3724394785847386,9.53,9.65,-1.65118679,9.65,9.47,3921/5521,9.65,9.65,9.47,9.53,1.857585,8987300,17,600350,20260304
603167.SH,渤海轮渡,9.07,-2.8907922912205524,9.52,9.88,-4.32160804,9.9,9.47,3921/5521,9.88,9.9,9.47,9.52,4.321608,1.87985E7,17,603167,20260304
002928.SZ,华夏航空,7.92,-1.246882793017452,9.53,9.5,-1.34575569,9.78,9.46,3923/5521,9.5,9.78,9.46,9.53,3.312629,1.8581907E7,33,002928,20260304
600371.SH,万向德农,8.79,1.1507479861910201,9.95,9.49,3.86221294,10.22,9.46,3923/5521,9.49,10.22,9.46,9.95,7.933194,3.8675126E7,17,600371,20260304
603912.SH,佳力图,10.58,1.2440191387559885,9.58,9.56,0.41928721,9.8,9.46,3923/5521,9.56,9.8,9.46,9.58,3.563941,3.2805695E7,17,603912,20260304
605081.SH,*ST太和,5.03,0.0,9.54,9.68,-3.83064516,9.91,9.46,3923/5521,9.68,9.91,9.46,9.54,4.53629,2185881,22,605081,20260304
000779.SZ,甘咨询,8.86,0.5675368898978312,9.56,9.49,-0.10449321,9.81,9.45,3927/5521,9.49,9.81,9.45,9.56,3.761755,2.0073214E7,33,000779,20260304
600667.SH,太极实业,9.59,-0.41536863966771465,9.92,9.46,1.43149284,10.28,9.45,3927/5521,9.46,10.28,9.45,9.92,8.486707,1.40801987E8,17,600667,20260304
600839.SH,四川长虹,8.74,0.807381776239911,9.65,9.51,-0.61791967,9.82,9.45,3927/5521,9.51,9.82,9.45,9.65,3.810504,1.01647543E8,17,600839,20260304
600356.SH,恒丰纸业,9.93,1.0172939979654083,9.48,9.6,-2.36869207,9.76,9.44,3930/5521,9.6,9.76,9.44,9.48,3.295571,8508489,17,600356,20260304
600774.SH,汉商集团,8.78,0.22831050228310015,9.56,9.64,-1.54479918,9.79,9.44,3930/5521,9.64,9.79,9.44,9.56,3.604531,7149360,17,600774,20260304
688459.SH,哈铁科技,9.06,0.11049723756905841,9.47,9.45,-1.66147456,9.64,9.44,3930/5521,9.45,9.64,9.44,9.47,2.076843,2415624,17,688459,20260304
000157.SZ,中联重科,7.95,-1.972872996300854,9.57,9.46,0.10460251,9.62,9.43,3933/5521,9.46,9.62,9.43,9.57,1.987447,6.7411031E7,33,000157,20260304
600000.SH,浦发银行,9.27,-1.1727078891258123,9.6,9.69,-1.336074,9.7,9.43,3933/5521,9.69,9.7,9.43,9.6,2.774922,1.61755557E8,17,600000,20260304
600490.SH,鹏欣资源,8.19,-1.4440433212996509,9.66,9.54,-1.82926829,10.03,9.43,3933/5521,9.54,10.03,9.43,9.66,6.09756,7.9730575E7,17,600490,20260304
601456.SH,国联民生,9.63,0.3125000000000119,9.44,9.6,-1.97300104,9.6,9.43,3933/5521,9.6,9.6,9.43,9.44,1.765316,3.3411582E7,17,601456,20260304
000037.SZ,深南电A,10.8,-1.0989010989010917,9.73,9.46,1.565762,9.76,9.42,3937/5521,9.46,9.76,9.42,9.73,3.54906,1.26854E7,33,000037,20260304
002233.SZ,塔牌集团,8.56,-5.622932745314221,9.45,9.55,-1.76715177,9.68,9.42,3937/5521,9.07,9.2,8.94,8.97,2.702702,1.1191913E7,33,002233,20260304
688247.SH,宣泰医药,9.3,1.5283842794759888,9.49,9.58,-1.14583333,9.58,9.42,3937/5521,9.58,9.58,9.42,9.49,1.666666,2100272,17,688247,20260304
603336.SH,宏辉果蔬,11.75,-4.081632653061225,9.57,9.48,0.63091483,9.72,9.41,3940/5521,9.48,9.72,9.41,9.57,3.259726,1.2728446E7,17,603336,20260304
001965.SZ,招商公路,9.4,0.9667024704618674,9.45,9.68,-2.67765191,9.68,9.4,3941/5521,9.68,9.68,9.4,9.45,2.883625,2.8846257E7,33,001965,20260304
002461.SZ,珠江啤酒,10.38,0.5813953488372141,9.5,9.52,-0.62761506,9.58,9.4,3941/5521,9.52,9.58,9.4,9.5,1.882845,1.27047E7,33,002461,20260304
002647.SZ,仁东控股,12.41,-0.9577015163607281,9.41,9.8,-4.85338726,10.14,9.4,3941/5521,9.8,10.14,9.4,9.41,7.482305,2.5418826E7,33,002647,20260304
300453.SZ,三鑫医疗,10.08,-2.0408163265306034,9.78,9.46,3.27349525,9.9,9.4,3941/5521,9.46,9.9,9.4,9.78,5.279831,2.1779862E7,33,300453,20260304
603869.SH,ST智知,10.44,0.9671179883945807,9.48,9.57,-1.14702815,9.72,9.4,3941/5521,9.57,9.72,9.4,9.48,3.336809,671126,22,603869,20260304
688033.SH,天宜新材,8.23,0.0,10.47,9.58,8.49740933,10.69,9.39,3946/5521,9.58,10.69,9.39,10.47,13.471502,4.261994E7,17,688033,20260304
002235.SZ,安妮股份,11.2,10.019646365422393,9.65,9.45,0.41623309,9.7,9.38,3947/5521,9.45,9.7,9.38,9.65,3.329864,2.7350843E7,33,002235,20260304
600797.SH,浙大网新,8.76,-0.680272108843543,9.55,9.49,-0.41710115,9.77,9.38,3947/5521,9.49,9.77,9.38,9.55,4.066736,4.2953792E7,17,600797,20260304
603520.SH,司太立,12.08,1.5126050420168042,9.51,9.64,-1.34854772,9.71,9.38,3947/5521,9.64,9.71,9.38,9.51,3.423236,7530262,17,603520,20260304
002598.SZ,ST章鼓,8.09,-0.736196319018411,9.52,9.4,0.21052632,9.73,9.37,3950/5521,9.4,9.73,9.37,9.52,3.789473,6723789,33,002598,20260304
603730.SH,岱美股份,10.94,3.2075471698113196,9.45,9.77,-4.25531915,9.81,9.37,3950/5521,9.77,9.81,9.37,9.45,4.457953,2.7031164E7,17,603730,20260304
688597.SH,煜邦电力,8.36,-0.8303677342823285,9.69,9.47,2.53968254,9.82,9.37,3950/5521,9.47,9.82,9.37,9.69,4.761904,7631354,17,688597,20260304
002668.SZ,TCL智家,9.55,-0.10460251046024881,9.44,9.58,-2.0746888,9.6,9.36,3953/5521,9.58,9.6,9.36,9.44,2.489626,1.4121194E7,33,002668,20260304
603027.SH,千禾味业,9.15,-9.4059405940594,9.37,9.59,-2.80082988,9.66,9.36,3953/5521,9.59,9.66,9.36,9.37,3.112033,1.4883294E7,17,603027,20260304
002195.SZ,岩山科技,8.61,-1.8244013683010278,9.72,9.4,0.30959752,9.94,9.35,3955/5521,9.4,9.94,9.35,9.72,6.088751,3.43718197E8,33,002195,20260304
300016.SZ,北陆药业,9.47,-1.6614745586708217,9.51,9.47,0.42238648,9.64,9.35,3955/5521,9.47,9.64,9.35,9.51,3.062302,1.7422142E7,33,300016,20260304
300534.SZ,陇神戎发,9.47,0.0,9.45,9.45,-1.35699374,9.58,9.35,3955/5521,9.45,9.58,9.35,9.45,2.400835,7657865,33,300534,20260304
603488.SH,展鹏科技,11.65,2.1929824561403506,10.09,9.66,-2.88739172,10.19,9.35,3955/5521,9.66,10.19,9.35,10.09,8.084696,2.5444933E7,17,603488,20260304
300253.SZ,卫宁健康,8.64,1.1709601873536468,9.43,9.5,-1.77083333,9.63,9.34,3959/5521,9.5,9.63,9.34,9.43,3.020833,7.0466459E7,33,300253,20260304
300796.SZ,贝斯美,9.0,2.389078498293525,9.55,9.41,0.31512605,9.69,9.34,3959/5521,9.41,9.69,9.34,9.55,3.67647,9921652,33,300796,20260304
002939.SZ,长城证券,8.89,-1.1123470522803074,9.33,9.46,-2.30366492,9.55,9.33,3961/5521,9.46,9.55,9.33,9.33,2.303664,2.6726556E7,33,002939,20260304
600419.SH,天润乳业,9.62,0.0,9.34,9.52,-2.09643606,9.53,9.33,3961/5521,9.52,9.53,9.33,9.34,2.096436,5883333,17,600419,20260304
601798.SH,蓝科高新,9.11,2.4746906636670287,9.68,9.82,-1.92502533,9.82,9.33,3961/5521,9.82,9.82,9.33,9.68,4.964539,2.12356E7,17,601798,20260304
603725.SH,天安新材,9.81,0.0,9.89,9.68,1.74897119,9.99,9.33,3961/5521,9.68,9.99,9.33,9.89,6.790123,1.1437491E7,17,603725,20260304
920781.BJ,瑞奇智造,7.33,-0.4076086956521773,9.45,10.62,-11.26760563,10.62,9.33,3961/5521,10.62,10.62,9.33,9.45,12.112676,1.1907049E7,151,920781,20260304
002098.SZ,浔兴股份,8.62,0.5834305717619479,9.43,9.46,-0.42238648,9.52,9.32,3966/5521,9.46,9.52,9.32,9.43,2.111932,3451800,33,002098,20260304
603055.SH,台华新材,9.07,-2.473118279569897,9.37,9.51,-2.49739854,9.6,9.32,3966/5521,9.51,9.6,9.32,9.37,2.913631,9337842,17,603055,20260304
002227.SZ,*ST特迅,8.78,-3.938730853391698,9.58,9.36,1.16156283,9.71,9.31,3968/5521,9.36,9.71,9.31,9.58,4.223864,5354201,33,002227,20260304
300055.SZ,万邦达,11.62,1.9298245614034988,10.01,9.74,0.60301508,10.15,9.31,3968/5521,9.74,10.15,9.31,10.01,8.442211,6.7587899E7,33,300055,20260304
002054.SZ,德美化工,8.63,5.889570552147244,9.65,9.36,-6.58276864,9.81,9.3,3970/5521,9.29,9.74,9.23,9.58,4.937076,6.3061651E7,33,002054,20260304
300051.SZ,琏升科技,16.45,0.4273504273504291,9.49,9.39,-0.62827225,9.72,9.3,3970/5521,9.39,9.72,9.3,9.49,4.397905,1.70596E7,33,300051,20260304
600059.SH,古越龙山,8.91,-0.6688963210702397,9.32,9.41,-1.47991543,9.46,9.3,3970/5521,9.41,9.46,9.3,9.32,1.691331,1.08457E7,17,600059,20260304
603326.SH,我乐家居,8.7,-3.2258064516129132,9.42,9.4,-1.46443515,9.59,9.3,3970/5521,9.4,9.59,9.3,9.42,3.033472,3793920,17,603326,20260304
600138.SH,中青旅,9.01,-1.0976948408342442,9.37,9.44,-1.16033755,9.52,9.29,3974/5521,9.44,9.52,9.29,9.37,2.42616,1.8753735E7,17,600138,20260304
601555.SH,东吴证券,8.04,-0.7407407407407469,9.29,9.29,,9.29,9.29,3974/5521,9.29,9.29,9.29,9.29,,,17,601555,20260304
603707.SH,健友股份,9.18,-2.754237288135591,9.3,9.43,-1.89873418,9.49,9.29,3974/5521,9.43,9.49,9.29,9.3,2.109704,1.17441E7,17,603707,20260304
002908.SZ,德生科技,8.43,-0.5896226415094423,9.36,9.33,-0.63694268,9.48,9.28,3977/5521,9.33,9.48,9.28,9.36,2.123142,5633590,33,002908,20260304
600271.SH,航天信息,8.41,1.8159806295399559,9.48,9.34,0.21141649,9.57,9.28,3977/5521,9.34,9.57,9.28,9.48,3.065539,2.1095451E7,17,600271,20260304
600718.SH,东软集团,8.84,-0.2257336343115076,9.33,9.52,-2.30366492,9.61,9.28,3977/5521,9.52,9.61,9.28,9.33,3.455497,2.63917E7,17,600718,20260304
002300.SZ,太阳电缆,9.37,-3.302373581011355,9.76,9.31,3.94036209,9.85,9.27,3980/5521,9.31,9.85,9.27,9.76,6.176783,5.5195421E7,33,002300,20260304
600283.SH,钱江水利,9.16,-1.0799136069114432,9.34,9.38,-0.21367521,9.41,9.27,3980/5521,9.38,9.41,9.27,9.34,1.495726,4997749,17,600283,20260304
600318.SH,新力金融,7.85,-0.2541296060991164,9.52,9.32,1.38445154,9.59,9.27,3980/5521,9.32,9.59,9.27,9.52,3.40788,5.101781E7,17,600318,20260304
300009.SZ,安科生物,8.84,-1.2290502793296028,9.31,9.43,-1.79324895,9.5,9.26,3983/5521,9.43,9.5,9.26,9.31,2.531645,1.7793268E7,33,300009,20260304
600153.SH,建发股份,9.51,0.955414012738852,9.37,9.58,-2.5987526,9.66,9.26,3983/5521,9.58,9.66,9.26,9.37,4.158004,2.6283053E7,17,600153,20260304
300597.SZ,吉大通信,9.83,0.7172131147541013,9.5,9.29,0.31678986,9.57,9.25,3985/5521,9.29,9.57,9.25,9.5,3.379091,6761800,33,300597,20260304
000609.SZ,*ST中迪,14.42,5.0254916241806225,9.24,9.24,-5.03597122,9.51,9.24,3986/5521,9.24,9.51,9.24,9.24,2.774922,2.3056506E7,33,000609,20260304
600730.SH,*ST高科,8.97,5.0351288056206265,9.58,9.3,0.41928721,9.77,9.24,3986/5521,9.3,9.77,9.24,9.58,5.555555,8220601,22,600730,20260304
002592.SZ,ST八菱,7.94,-0.37641154328731946,9.38,9.31,-0.42462845,9.46,9.22,3988/5521,9.31,9.46,9.22,9.38,2.54777,3146000,33,002592,20260304
002530.SZ,金财互联,9.1,0.9988901220865689,9.29,9.34,-1.90073918,9.45,9.21,3989/5521,9.34,9.45,9.21,9.29,2.534318,2.0387547E7,33,002530,20260304
300387.SZ,富邦科技,9.19,0.21810250817883942,9.62,9.28,2.77777778,9.73,9.21,3989/5521,9.28,9.73,9.21,9.62,5.555555,1.9279601E7,33,300387,20260304
600192.SH,长城电工,8.26,0.36452004860266535,9.58,9.3,2.2411953,9.68,9.2,3991/5521,9.3,9.68,9.2,9.58,5.122732,1.2325206E7,17,600192,20260304
002713.SZ,*ST东易,12.78,3.9024390243902327,9.27,9.19,-3.83817427,9.58,9.18,3992/5521,9.19,9.58,9.18,9.27,4.149377,1.8252918E7,33,002713,20260304
301332.SZ,德尔玛,9.36,-0.5313496280552679,9.24,9.25,-0.8583691,9.36,9.18,3992/5521,9.25,9.36,9.18,9.24,1.93133,3543680,33,301332,20260304
000050.SZ,深天马A,7.62,-6.845965770171144,9.2,9.28,-2.02342918,9.46,9.17,3994/5521,9.28,9.46,9.17,9.2,3.088391,2.9797296E7,33,000050,20260304
002400.SZ,省广集团,8.96,5.660377358490571,9.4,9.18,0.8583691,9.48,9.17,3994/5521,9.18,9.48,9.17,9.4,3.32618,9.5832924E7,33,002400,20260304
002429.SZ,兆驰股份,11.05,-1.8650088809946632,9.29,9.2,-1.06496273,9.56,9.17,3994/5521,9.2,9.56,9.17,9.29,4.153354,8.9979818E7,33,002429,20260304
300825.SZ,阿尔特,9.83,-0.40526849037486473,9.2,9.3,-1.28755365,9.4,9.17,3994/5521,9.3,9.4,9.17,9.2,2.467811,7431059,33,300825,20260304
600133.SH,东湖高新,8.98,1.0123734533183335,9.26,9.22,-0.64377682,9.42,9.17,3994/5521,9.22,9.42,9.17,9.26,2.682403,2.037187E7,17,600133,20260304
002661.SZ,克明食品,8.92,-1.7621145374449354,9.2,9.31,-0.86206897,9.35,9.16,3999/5521,9.31,9.35,9.16,9.2,2.047413,4790418,33,002661,20260304
600328.SH,中盐化工,8.1,-7.5342465753424674,9.2,9.3,-2.33545648,9.5,9.16,3999/5521,9.3,9.5,9.16,9.2,3.609341,3.9598191E7,17,600328,20260304
601311.SH,骆驼股份,9.95,-2.6418786692759424,9.19,9.3,-2.54506893,9.45,9.16,3999/5521,9.3,9.45,9.16,9.19,3.075291,2.3056759E7,17,601311,20260304
603229.SH,奥翔药业,9.83,1.9709543568464678,9.17,9.22,-1.07874865,9.29,9.16,3999/5521,9.22,9.29,9.16,9.17,1.402373,4955366,17,603229,20260304
002264.SZ,新华都,8.35,0.6024096385542039,9.26,9.2,-0.53705693,9.39,9.15,4003/5521,9.2,9.39,9.15,9.26,2.577873,2.30562E7,33,002264,20260304
002334.SZ,英威腾,7.8,0.3861003861003893,9.48,9.22,1.17395945,9.67,9.15,4003/5521,9.22,9.67,9.15,9.48,5.549626,3.5088745E7,33,002334,20260304
300087.SZ,荃银高科,8.48,1.6786570743405345,10.02,9.35,7.39549839,10.34,9.15,4003/5521,9.35,10.34,9.15,10.02,12.754555,8.9798675E7,33,300087,20260304
300177.SZ,中海达,8.34,2.331288343558276,9.38,9.19,0.32085561,9.46,9.15,4003/5521,9.19,9.46,9.15,9.38,3.315508,1.0010807E7,33,300177,20260304
300215.SZ,电科院,8.56,-0.46511627906975755,10.01,9.2,6.8303095,10.4,9.15,4003/5521,9.2,10.4,9.15,10.01,13.340448,7.6319925E7,33,300215,20260304
603801.SH,志邦家居,8.74,-1.9079685746352404,9.19,9.26,-0.96982759,9.27,9.14,4008/5521,9.26,9.27,9.14,9.19,1.400862,4691140,17,603801,20260304
600830.SH,香溢融通,9.9,-2.3668639053254457,9.28,9.4,-1.27659574,9.44,9.13,4009/5521,9.4,9.44,9.13,9.28,3.297872,9216179,17,600830,20260304
300061.SZ,旗天科技,9.59,-0.6217616580310932,9.22,9.16,-0.86021505,9.39,9.11,4010/5521,9.16,9.39,9.11,9.22,3.010752,8935997,33,300061,20260304
600510.SH,黑牡丹,11.06,0.7285974499089259,9.17,9.3,-1.92513369,9.59,9.11,4010/5521,9.3,9.59,9.11,9.17,5.133689,1.4123282E7,17,600510,20260304
600894.SH,广日股份,9.48,-0.5246589716684044,9.12,9.42,-3.49206349,9.51,9.11,4010/5521,9.42,9.51,9.11,9.12,4.232804,8546300,17,600894,20260304
000683.SZ,博源化工,8.96,-1.5384615384615252,9.13,9.12,-1.51024811,9.41,9.1,4013/5521,9.12,9.41,9.1,9.13,3.34412,6.3666175E7,33,000683,20260304
603028.SH,赛福天,8.68,1.0477299185098936,9.35,9.41,-1.26715945,9.58,9.1,4013/5521,9.41,9.58,9.1,9.35,5.068637,8396224,17,603028,20260304
300423.SZ,昇辉科技,7.83,-0.8860759493670922,10.03,9.15,7.3875803,10.35,9.08,4015/5521,9.15,10.35,9.08,10.03,13.59743,5.1350025E7,33,300423,20260304
600172.SH,黄河旋风,8.43,1.3221153846153777,9.2,9.08,-1.70940171,9.63,9.08,4015/5521,9.08,9.63,9.08,9.2,5.876068,1.3269389E8,17,600172,20260304
000600.SZ,建投能源,9.52,-2.65848670756646,9.24,9.08,-0.10810811,9.44,9.07,4017/5521,9.08,9.44,9.07,9.24,4,3.3864703E7,33,000600,20260304
300147.SZ,*ST香雪,10.02,6.48246546227417,9.2,9.2,-0.64794816,9.36,9.05,4018/5521,9.2,9.36,9.05,9.2,3.347732,6307812,33,300147,20260304
603366.SH,日出东方,8.36,-0.2386634844868896,9.1,9.3,-3.3970276,9.34,9.05,4018/5521,9.3,9.34,9.05,9.1,3.078556,1.8303501E7,17,603366,20260304
603518.SH,锦泓集团,9.95,2.26104830421376,9.14,9.33,-2.2459893,9.41,9.05,4018/5521,9.33,9.41,9.05,9.14,3.850267,9070328,17,603518,20260304
920682.BJ,球冠电缆,8.51,-4.4893378226711596,9.47,9.06,3.04678999,9.58,9.05,4018/5521,9.06,9.58,9.05,9.47,5.767138,7013162,151,920682,20260304
000061.SZ,农产品,7.38,-0.9395973154362454,9.12,9.24,-1.19176598,9.47,9.04,4022/5521,9.24,9.47,9.04,9.12,4.658721,2.0645693E7,33,000061,20260304
603535.SH,嘉诚国际,7.93,-2.3399014778325062,9.07,9.17,-2.57787325,9.25,9.04,4022/5521,9.17,9.25,9.04,9.07,2.255639,4137962,17,603535,20260304
603398.SH,*ST沐邦,12.45,4.974704890387858,9.41,9.09,1.1827957,9.55,9.03,4024/5521,9.09,9.55,9.03,9.41,5.591397,5489120,22,603398,20260304
002332.SZ,仙琚制药,8.77,-0.45402951191828517,9.02,9.16,-1.63576881,9.17,9.02,4025/5521,9.16,9.17,9.02,9.02,1.635768,1.7733825E7,33,002332,20260304
300466.SZ,赛摩智能,9.12,1.5590200445434164,9.67,9.02,5.91456736,9.97,9.02,4025/5521,9.02,9.97,9.02,9.67,10.405257,2.1902219E7,33,300466,20260304
301039.SZ,中集车辆,8.93,0.0,9.12,9.26,-2.35546039,9.37,9.02,4025/5521,9.26,9.37,9.02,9.12,3.747323,2.23505E7,33,301039,20260304
600152.SH,维科技术,14.85,2.4137931034482736,9.42,9.22,3.17634173,9.75,9.02,4025/5521,9.22,9.75,9.02,9.42,7.995618,5.7959452E7,17,600152,20260304
000610.SZ,*ST西旅,7.75,-0.7682458386683689,9.19,9.01,0.10893246,9.3,9.01,4029/5521,9.01,9.3,9.01,9.19,3.159041,6520128,33,000610,20260304
002221.SZ,东华能源,8.05,-2.542372881355921,9.01,9.59,-9.99000999,9.59,9.01,4029/5521,9.59,9.59,9.01,9.01,5.794205,8.1555181E7,33,002221,20260304
002234.SZ,民和股份,8.65,0.0,9.14,9.06,0.32930845,9.25,9.01,4029/5521,9.06,9.25,9.01,9.14,2.634467,5416501,33,002234,20260304
002615.SZ,哈尔斯,8.16,-0.48780487804877015,9.2,9.13,-0.54054054,9.35,9.01,4029/5521,9.13,9.35,9.01,9.2,3.675675,1.5677755E7,33,002615,20260304
601117.SH,中国化学,8.6,-0.692840646651276,9.15,9.15,0,9.25,9.01,4029/5521,9.15,9.25,9.01,9.15,2.62295,1.33669893E8,17,601117,20260304
601298.SH,青岛港,8.85,-1.8847006651884695,9.18,9.26,-2.23642173,9.27,9.01,4029/5521,9.26,9.27,9.01,9.18,2.768903,2.49604E7,17,601298,20260304
601512.SH,中新集团,10.06,-4.190476190476185,9.02,9.15,-1.95652174,9.26,9.01,4029/5521,9.15,9.26,9.01,9.02,2.717391,4117414,17,601512,20260304
300513.SZ,恒实科技,9.08,1.6797312430011238,9.19,9.01,0.98901099,9.26,9,4036/5521,9.01,9.26,9,9.19,2.857142,6799704,33,300513,20260304
600004.SH,白云机场,8.73,-2.999999999999995,9.03,9.09,-1.20350109,9.12,9,4036/5521,9.09,9.12,9,9.03,1.31291,1.7286387E7,17,600004,20260304
600888.SH,新疆众和,8.62,-1.7103762827822162,9.17,9.02,0.21857923,9.43,9,4036/5521,9.02,9.43,9,9.17,4.699453,5.6445023E7,17,600888,20260304
605006.SH,山东玻纤,11.69,-3.6273701566364487,9.54,8.99,2.36051502,9.75,8.99,4039/5521,8.99,9.75,8.99,9.54,8.154506,3.703726E7,17,605006,20260304
300132.SZ,青松股份,9.44,-0.21141649048627217,9.37,9.08,2.18102508,9.44,8.98,4040/5521,9.08,9.44,8.98,9.37,5.016357,2.1275998E7,33,300132,20260304
600126.SH,杭钢股份,8.74,-3.638368246968027,9.16,9.02,-0.43478261,9.33,8.98,4040/5521,9.02,9.33,8.98,9.16,3.804347,1.28769258E8,17,600126,20260304
002033.SZ,丽江股份,9.47,-2.672147995889001,9.1,9.01,0.110011,9.18,8.97,4042/5521,9.01,9.18,8.97,9.1,2.310231,1.1562888E7,33,002033,20260304
600579.SH,中化装备,7.84,0.25575447570331933,9.11,9.19,-1.83189655,9.33,8.97,4042/5521,9.19,9.33,8.97,9.11,3.87931,1.55103E7,17,600579,20260304
002121.SZ,科陆电子,6.95,-1.4184397163120517,9.62,8.99,5.13661202,9.71,8.95,4044/5521,8.99,9.71,8.95,9.62,8.30601,1.28582667E8,33,002121,20260304
002340.SZ,格林美,9.14,-5.186721991701244,9.19,9,0.65717415,9.4,8.95,4044/5521,9,9.4,8.95,9.19,4.928806,2.32155618E8,33,002340,20260304
300201.SZ,海伦哲,11.84,0.08453085376162119,9.24,9.05,1.0940919,9.79,8.95,4044/5521,9.05,9.79,8.95,9.24,9.190371,4.8328657E7,33,300201,20260304
300460.SZ,ST惠伦,9.39,-0.21253985122209962,9.19,8.95,2.2246941,9.23,8.93,4047/5521,8.95,9.23,8.93,9.19,3.337041,3778522,33,300460,20260304
600818.SH,ST中路,7.77,-5.012224938875308,9.01,9.16,-1.74482007,9.16,8.93,4047/5521,9.16,9.16,8.93,9.01,2.508178,4943861,22,600818,20260304
000501.SZ,武商集团,8.38,-0.11918951132300103,8.98,9.1,-1.9650655,9.18,8.92,4049/5521,9.1,9.18,8.92,8.98,2.838427,9955456,33,000501,20260304
600373.SH,中文传媒,8.3,-0.12033694344163401,9.02,9.19,-2.1691974,9.21,8.92,4049/5521,9.19,9.21,8.92,9.02,3.145336,2.1912098E7,17,600373,20260304
920278.BJ,鹿得医疗,7.92,1.4084507042253562,9.01,9.09,-0.6615215,9.1,8.92,4049/5521,9.09,9.1,8.92,9.01,1.984564,1321057,151,920278,20260304
920866.BJ,绿亨科技,7.65,1.1904761904762005,9.25,8.92,3.46756152,9.48,8.92,4049/5521,8.92,9.48,8.92,9.25,6.263982,1.1506115E7,151,920866,20260304
002469.SZ,三维化学,7.19,-1.1004126547455184,9.09,9.05,-1.3029316,9.23,8.91,4053/5521,9.05,9.23,8.91,9.09,3.474484,2.3669179E7,33,002469,20260304
300193.SZ,佳士科技,8.84,-1.1185682326621884,8.97,9.02,-1.21145374,9.15,8.91,4053/5521,9.02,9.15,8.91,8.97,2.643171,9965715,33,300193,20260304
601086.SH,国芳集团,8.93,9.975369458128087,8.94,9.07,-4.58911419,9.23,8.91,4053/5521,9.07,9.23,8.91,8.94,3.415154,1.1416806E7,17,601086,20260304
000617.SZ,中油资本,9.44,-0.526870389884096,8.92,9.15,-5.80781415,9.2,8.9,4056/5521,9.15,9.2,8.9,8.92,3.167898,1.91162478E8,33,000617,20260304
300008.SZ,天海防务,8.17,1.870324189526189,9.52,9,3.2537961,9.8,8.9,4056/5521,9,9.8,8.9,9.52,9.761388,2.28949609E8,33,300008,20260304
920729.BJ,永顺生物,7.91,1.4102564102564144,9.09,8.9,2.02020202,9.1,8.9,4056/5521,8.9,9.1,8.9,9.09,2.244668,2638270,151,920729,20260304
300942.SZ,易瑞生物,7.89,0.0,8.95,9.18,-2.92841649,9.22,8.89,4059/5521,9.18,9.22,8.89,8.95,3.579175,6993329,33,300942,20260304
000987.SZ,越秀资本,9.0,-3.2258064516129106,8.96,8.91,-0.99447514,9.12,8.88,4060/5521,8.91,9.12,8.88,8.96,2.651933,4.8138839E7,33,000987,20260304
300507.SZ,苏奥传感,8.16,-0.8505467800729074,8.96,9,-0.7751938,9.14,8.88,4060/5521,9,9.14,8.88,8.96,2.879291,1.5887764E7,33,300507,20260304
920339.BJ,恒太照明,8.14,0.12300123001229749,9.03,9,0.66889632,9.14,8.88,4060/5521,9,9.14,8.88,9.03,2.89855,794786,151,920339,20260304
002313.SZ,日海智能,9.61,-3.7074148296593283,9.11,8.95,0.66298343,9.4,8.87,4063/5521,8.95,9.4,8.87,9.11,5.856353,1.2899203E7,33,002313,20260304
920275.BJ,驱动力,7.46,1.773533424283764,8.87,8.98,-1.22494432,9.19,8.87,4063/5521,8.98,9.19,8.87,8.87,3.563474,1368319,151,920275,20260304
300210.SZ,森远股份,10.8,10.996916752312439,9.03,8.98,0,9.09,8.86,4065/5521,8.98,9.09,8.86,9.03,2.547065,8299100,33,300210,20260304
002347.SZ,泰尔股份,8.13,3.4351145038168,9.02,8.92,-0.11074197,9.13,8.85,4066/5521,8.92,9.13,8.85,9.02,3.100775,1.72926E7,33,002347,20260304
002456.SZ,欧菲光,8.71,-0.2290950744558943,8.89,8.88,-1.11234705,9.05,8.83,4067/5521,8.88,9.05,8.83,8.89,2.447163,5.7882188E7,33,002456,20260304
002877.SZ,智能自控,9.13,0.772626931567332,9.9,8.92,10,9.9,8.83,4067/5521,8.92,9.9,8.83,9.9,11.888888,3.1894505E7,33,002877,20260304
000537.SZ,绿发电力,9.89,-3.5121951219512137,9.01,8.9,0.67039106,9.11,8.82,4069/5521,8.9,9.11,8.82,9.01,3.240223,2.66295E7,33,000537,20260304
000544.SZ,中原环保,8.45,-0.3537735849056738,8.84,9.11,-3.91304348,9.25,8.81,4070/5521,9.11,9.25,8.81,8.84,4.782608,2.6013091E7,33,000544,20260304
000705.SZ,浙江震元,8.26,0.24271844660193656,8.85,8.9,-1.11731844,9.04,8.81,4070/5521,8.9,9.04,8.81,8.85,2.569832,7748200,33,000705,20260304
002062.SZ,宏润建设,8.85,-1.117318435754186,9.02,8.83,0.78212291,9.14,8.81,4070/5521,8.83,9.14,8.81,9.02,3.68715,1.7145832E7,33,002062,20260304
002660.SZ,茂硕电源,8.94,0.11198208286673894,8.99,8.9,0.44692737,9.19,8.81,4070/5521,8.9,9.19,8.81,8.99,4.24581,7232401,33,002660,20260304
002719.SZ,ST麦趣,7.66,-4.844720496894417,8.97,9,-0.8839779,9.15,8.81,4070/5521,9,9.15,8.81,8.97,3.756906,6764520,33,002719,20260304
002723.SZ,小崧股份,11.17,4.981203007518791,9.05,8.88,1.23042506,9.13,8.81,4070/5521,8.88,9.13,8.81,9.05,3.579418,1.448347E7,33,002723,20260304
300303.SZ,聚飞光电,8.89,-2.9475982532751046,10.44,9.1,10.82802548,10.5,8.81,4070/5521,9.1,10.5,8.81,10.44,17.940552,3.37760162E8,33,300303,20260304
688098.SH,申联生物,8.84,-1.0078387458006703,8.84,8.87,-0.89686099,8.97,8.81,4070/5521,8.87,8.97,8.81,8.84,1.793721,2380034,17,688098,20260304
000009.SZ,中国宝安,8.65,-6.788793103448266,8.84,8.87,-1.22905028,9.01,8.8,4078/5521,8.87,9.01,8.8,8.84,2.346368,2.4682825E7,33,000009,20260304
002609.SZ,捷顺科技,8.6,3.9903264812575583,8.95,9.02,-0.99557522,9.08,8.8,4078/5521,9.02,9.08,8.8,8.95,3.097345,1.2345257E7,33,002609,20260304
920266.BJ,生物谷,8.19,0.49079754601225944,8.83,9.04,-2.646086,9.08,8.8,4078/5521,9.04,9.08,8.8,8.83,3.0871,1452396,151,920266,20260304
600548.SH,深高速,9.07,0.0,8.87,8.97,-1.44444444,8.97,8.78,4081/5521,8.97,8.97,8.78,8.87,2.111111,1.0111259E7,17,600548,20260304
603878.SH,武进不锈,7.95,-1.730531520395546,9.05,8.87,1.57126824,9.2,8.78,4081/5521,8.87,9.2,8.78,9.05,4.713804,1.5902987E7,17,603878,20260304
603227.SH,雪峰科技,8.61,-0.5773672055427334,8.84,8.81,-1.66852058,9.03,8.77,4083/5521,8.81,9.03,8.77,8.84,2.892102,1.8663449E7,17,603227,20260304
002051.SZ,中工国际,10.12,0.09891196834816803,8.96,8.8,0.9009009,9.08,8.76,4084/5521,8.8,9.08,8.76,8.96,3.603603,2.3911737E7,33,002051,20260304
002103.SZ,广博股份,7.99,-1.2360939431396742,8.84,8.86,-0.5624297,8.95,8.76,4084/5521,8.86,8.95,8.76,8.84,2.137232,8787180,33,002103,20260304
301098.SZ,金埔园林,9.45,0.5319148936170099,8.86,8.8,-0.67264574,9.04,8.75,4086/5521,8.8,9.04,8.75,8.86,3.251121,4748892,33,301098,20260304
600198.SH,大唐电信,8.4,-0.8264462809917388,8.9,8.81,0,9.05,8.75,4086/5521,8.81,9.05,8.75,8.9,3.370786,2.2413862E7,17,600198,20260304
600757.SH,长江传媒,8.61,-1.0344827586206882,8.79,8.97,-2.2246941,9,8.74,4088/5521,8.97,9,8.74,8.79,2.892102,1.13231E7,17,600757,20260304
603987.SH,康德莱,8.4,-0.23752969121139636,8.76,8.85,-1.79372197,8.95,8.74,4088/5521,8.85,8.95,8.74,8.76,2.35426,5491150,17,603987,20260304
601939.SH,建设银行,9.95,1.4271151885830662,8.9,8.88,0,8.91,8.73,4090/5521,8.88,8.91,8.73,8.9,2.022471,1.54756093E8,17,601939,20260304
002091.SZ,江苏国泰,8.95,-9.321175278622087,8.75,8.93,-2.56124722,8.98,8.72,4091/5521,8.93,8.98,8.72,8.75,2.895322,2.0421908E7,33,002091,20260304
002177.SZ,御银股份,7.47,0.4032258064516043,8.86,8.77,-1.88261351,9.18,8.71,4092/5521,8.77,9.18,8.71,8.86,5.204872,1.15396163E8,33,002177,20260304
600509.SH,天富能源,8.1,0.621118012422347,8.89,9.02,-0.67039106,9.04,8.71,4092/5521,9.02,9.04,8.71,8.89,3.68715,5.1000364E7,17,600509,20260304
600642.SH,申能股份,9.06,-0.4395604395604302,8.98,8.91,0,9.01,8.71,4092/5521,8.91,9.01,8.71,8.98,3.340757,5.7647709E7,17,600642,20260304
603313.SH,梦百合,6.42,-8.022922636103159,8.81,8.87,-1.01123596,8.96,8.71,4092/5521,8.87,8.96,8.71,8.81,2.808988,8877080,17,603313,20260304
002543.SZ,万和电气,8.25,-0.6024096385542254,8.72,8.94,-2.67857143,9.02,8.7,4096/5521,8.94,9.02,8.7,8.72,3.571428,6821641,33,002543,20260304
601666.SH,平煤股份,8.62,0.46620046620045624,9.13,8.94,1.55728587,9.2,8.7,4096/5521,8.94,9.2,8.7,9.13,5.561735,6.9079448E7,17,601666,20260304
603825.SH,ST华扬,8.77,-0.7918552036199127,8.77,8.72,-0.22753129,8.87,8.7,4096/5521,8.72,8.87,8.7,8.77,1.934015,2842800,22,603825,20260304
920575.BJ,康乐卫士,,,8.88,8.75,1.60183066,9.11,8.7,4096/5521,8.75,9.11,8.7,8.88,4.691075,3637550,151,920575,20260304
600109.SH,国金证券,8.97,-0.22246941045605753,8.7,8.79,-1.80586907,8.85,8.69,4100/5521,8.79,8.85,8.69,8.7,1.805869,3.207722E7,17,600109,20260304
920974.BJ,凯大催化,8.12,-0.975609756097562,9.23,8.88,2.32815965,9.69,8.69,4100/5521,8.88,9.69,8.69,9.23,11.086474,1.3189167E7,151,920974,20260304
002926.SZ,华西证券,8.72,-0.11454753722794715,8.69,8.82,-1.8079096,8.87,8.68,4102/5521,8.82,8.87,8.68,8.69,2.146892,2.3833289E7,33,002926,20260304
002492.SZ,恒基达鑫,8.04,-0.7407407407407469,8.87,8.86,-0.11261261,8.96,8.67,4103/5521,8.86,8.96,8.67,8.87,3.265765,1.4133921E7,33,002492,20260304
600360.SH,*ST华微,10.18,3.2454361054766765,8.9,8.78,-0.66964286,9.04,8.67,4103/5521,8.78,9.04,8.67,8.9,4.129464,1.9991904E7,22,600360,20260304
603065.SH,宿迁联盛,8.27,-0.24125452352231092,8.76,8.67,1.03806228,9.05,8.67,4103/5521,8.67,9.05,8.67,8.76,4.382929,9772730,17,603065,20260304
000876.SZ,新希望,8.73,0.11467889908256636,8.8,8.72,1.03329506,8.82,8.66,4106/5521,8.72,8.82,8.66,8.8,1.836969,4.8987122E7,33,000876,20260304
600867.SH,通化东宝,9.23,-3.451882845188285,8.69,8.77,-2.13963964,8.84,8.66,4106/5521,8.77,8.84,8.66,8.69,2.027027,3.12753E7,17,600867,20260304
603528.SH,多伦科技,7.72,-4.9261083743842295,8.7,8.72,-0.2293578,8.86,8.66,4106/5521,8.72,8.86,8.66,8.7,2.293577,7349200,17,603528,20260304
605377.SH,华旺科技,9.83,3.911205073995763,8.76,8.85,-1.46231721,8.95,8.66,4106/5521,8.85,8.95,8.66,8.76,3.262092,1.0521733E7,17,605377,20260304
600199.SH,金种子酒,7.94,-0.37641154328731946,8.66,8.83,-3.67074527,8.85,8.65,4110/5521,8.83,8.85,8.65,8.66,2.224694,1.7478766E7,17,600199,20260304
600595.SH,中孚实业,7.73,-2.7672955974842735,9.1,8.65,5.32407407,9.5,8.65,4110/5521,8.65,9.5,8.65,9.1,9.837962,1.80147564E8,17,600595,20260304
603429.SH,*ST集友,10.3,0.3898635477582936,9.16,8.83,2.69058296,9.28,8.64,4112/5521,8.83,9.28,8.64,9.16,7.174887,1.0260491E7,22,603429,20260304
605500.SH,森林包装,9.18,0.6578947368421107,8.68,8.74,-0.91324201,8.82,8.64,4112/5521,8.74,8.82,8.64,8.68,2.054794,2876930,17,605500,20260304
002537.SZ,海联金汇,7.28,-1.3550135501354965,8.71,8.75,-2.13483146,8.93,8.63,4114/5521,8.75,8.93,8.63,8.71,3.370786,3.9335757E7,33,002537,20260304
600135.SH,乐凯胶片,11.43,4.098360655737698,8.88,8.7,1.36986301,8.9,8.63,4114/5521,8.7,8.9,8.63,8.88,3.082191,1.2035767E7,17,600135,20260304
601019.SH,山东出版,7.46,0.403768506056531,8.73,8.86,-1.91011236,8.94,8.63,4114/5521,8.86,8.94,8.63,8.73,3.483146,8821641,17,601019,20260304
601827.SH,三峰环境,8.24,2.2332506203473907,8.67,8.65,-1.47727273,8.83,8.63,4114/5521,8.65,8.83,8.63,8.67,2.272727,8626117,17,601827,20260304
002065.SZ,东华软件,8.23,0.0,8.66,8.77,-2.14689266,8.89,8.62,4118/5521,8.77,8.89,8.62,8.66,3.050847,5.1673539E7,33,002065,20260304
002511.SZ,中顺洁柔,8.53,-3.2879818594104413,8.74,8.65,-0.45558087,8.85,8.62,4118/5521,8.65,8.85,8.62,8.74,2.619589,2.42935E7,33,002511,20260304
300086.SZ,康芝药业,7.4,2.493074792243776,8.82,8.66,0.11350738,8.94,8.62,4118/5521,8.66,8.94,8.62,8.82,3.632236,1.6477408E7,33,300086,20260304
920455.BJ,汇隆活塞,7.98,1.2690355329949305,8.63,8.71,-3.57541899,8.85,8.62,4118/5521,8.71,8.85,8.62,8.63,2.569832,2251237,151,920455,20260304
688285.SH,高铁电气,9.45,2.9411764705882306,8.74,8.71,-0.79455165,8.91,8.61,4122/5521,8.71,8.91,8.61,8.74,3.405221,2923996,17,688285,20260304
300195.SZ,长荣股份,6.98,-0.8522727272727217,8.88,8.7,1.02389078,9.08,8.6,4123/5521,8.7,9.08,8.6,8.88,5.46075,1.59886E7,33,300195,20260304
600789.SH,鲁抗医药,8.14,-0.24509803921568105,8.61,8.7,-2.15909091,8.78,8.6,4123/5521,8.7,8.78,8.6,8.61,2.045454,2.4490806E7,17,600789,20260304
601886.SH,江河集团,9.58,2.7896995708154484,8.77,8.91,-2.55555556,9.09,8.6,4123/5521,8.56,8.74,8.25,8.42,5.444444,7772830,17,601886,20260304
603689.SH,皖天然气,8.43,0.8373205741626829,8.94,9.67,-6.48535565,9.67,8.6,4123/5521,9.67,9.67,8.6,8.94,11.192468,4.0786372E7,17,603689,20260304
002037.SZ,保利联合,8.55,-1.2702078521939888,8.66,8.7,-0.68807339,8.79,8.59,4127/5521,8.7,8.79,8.59,8.66,2.293577,7362233,33,002037,20260304
601065.SH,江盐集团,8.29,0.12077294685990082,8.61,8.67,-1.26146789,8.76,8.58,4128/5521,8.67,8.76,8.58,8.61,2.06422,9257096,17,601065,20260304
000990.SZ,诚志股份,12.6,-2.6275115919629046,8.6,8.81,-3.58744395,8.86,8.57,4129/5521,8.81,8.86,8.57,8.6,3.251121,3.7507955E7,33,000990,20260304
002166.SZ,莱茵生物,8.78,2.211874272409773,8.69,8.62,-0.22962113,8.76,8.57,4129/5521,8.62,8.76,8.57,8.69,2.1814,1.0898834E7,33,002166,20260304
000504.SZ,*ST生物,9.18,-3.2665964172813537,8.7,8.65,0.57803468,8.78,8.56,4131/5521,8.65,8.78,8.56,8.7,2.543352,1489600,33,000504,20260304
002434.SZ,万里扬,7.1,-1.3888888888888962,8.66,8.6,-0.45977011,8.77,8.55,4132/5521,8.6,8.77,8.55,8.66,2.528735,1.7179697E7,33,002434,20260304
002454.SZ,松芝股份,9.91,-4.158607350096709,8.59,8.68,-2.38636364,8.77,8.55,4132/5521,8.68,8.77,8.55,8.59,2.5,9431327,33,002454,20260304
600064.SH,南京高科,8.03,-0.7416563658838133,8.56,8.68,-2.05949657,8.73,8.55,4132/5521,8.68,8.73,8.55,8.56,2.059496,2.5358455E7,17,600064,20260304
603889.SH,新澳股份,8.71,-0.7972665148063612,8.62,8.88,-3.25476992,8.99,8.55,4132/5521,8.88,8.99,8.55,8.62,4.938271,9375104,17,603889,20260304
300369.SZ,绿盟科技,7.34,-1.6085790884718514,8.69,8.54,0.5787037,8.84,8.54,4136/5521,8.54,8.84,8.54,8.69,3.472222,3.5797138E7,33,300369,20260304
300410.SZ,正业科技,9.92,-0.8991008991008977,8.65,8.67,-1.25570776,8.87,8.54,4136/5521,8.67,8.87,8.54,8.65,3.767123,1.4532491E7,33,300410,20260304
001322.SZ,箭牌家居,7.19,-0.27739251040221324,8.69,8.71,-1.25,8.79,8.53,4138/5521,8.71,8.79,8.53,8.69,2.954545,4400947,33,001322,20260304
600721.SH,百花医药,8.43,-1.0563380281690125,8.67,8.55,0.11547344,8.75,8.52,4139/5521,8.55,8.75,8.52,8.67,2.655889,7771700,17,600721,20260304
601985.SH,中国核电,8.99,0.0,8.68,8.68,-0.22988506,8.7,8.52,4139/5521,8.68,8.7,8.52,8.68,2.068965,1.54721435E8,17,601985,20260304
000686.SZ,东北证券,8.67,0.5800464037123053,8.51,8.72,-3.07517084,8.76,8.51,4141/5521,8.72,8.76,8.51,8.51,2.84738,2.7252925E7,33,000686,20260304
002799.SZ,环球印务,8.64,1.4084507042253638,8.66,8.61,-0.45977011,8.75,8.51,4141/5521,8.61,8.75,8.51,8.66,2.75862,7039055,33,002799,20260304
600827.SH,百联股份,8.27,0.36407766990290485,8.54,8.7,-2.4,8.75,8.51,4141/5521,8.7,8.75,8.51,8.54,2.742857,1.2418873E7,17,600827,20260304
000852.SZ,石化机械,7.27,0.832177531206652,9.02,8.76,0.4454343,9.18,8.5,4144/5521,8.76,9.18,8.5,9.02,7.572383,1.07877933E8,33,000852,20260304
300011.SZ,鼎汉技术,7.36,0.5464480874316945,8.78,8.58,0.4576659,8.96,8.5,4144/5521,8.58,8.96,8.5,8.78,5.263157,1.2701302E7,33,300011,20260304
600313.SH,农发种业,7.12,-0.8356545961002732,9.24,8.6,10,9.24,8.5,4144/5521,8.6,9.24,8.5,9.24,8.809523,2.20236339E8,17,600313,20260304
002331.SZ,皖通科技,9.27,-0.21528525296016765,8.61,8.55,-0.34722222,8.72,8.49,4147/5521,8.55,8.72,8.49,8.61,2.662037,9403681,33,002331,20260304
000543.SZ,皖能电力,8.08,-0.12360939431396523,8.55,8.53,-1.04166667,8.68,8.48,4148/5521,8.53,8.68,8.48,8.55,2.314814,6.3274673E7,33,000543,20260304
002677.SZ,浙江美大,7.99,1.0113780025284458,8.63,8.6,-1.25858124,8.74,8.48,4148/5521,8.6,8.74,8.48,8.63,2.974828,9452100,33,002677,20260304
300099.SZ,尤洛卡,9.12,3.050847457627114,8.76,8.5,1.2716763,8.88,8.47,4150/5521,8.36,8.74,8.33,8.62,4.739884,2.8266273E7,33,300099,20260304
301062.SZ,上海艾录,8.08,-0.8588957055214759,8.6,8.8,-2.0501139,8.86,8.47,4150/5521,8.8,8.86,8.47,8.6,4.441913,1.1335552E7,33,301062,20260304
605368.SH,蓝天燃气,7.77,-0.2567394094993641,8.8,9.75,-6.48246546,9.75,8.47,4150/5521,9.75,9.75,8.47,8.8,13.60255,4.7242552E7,17,605368,20260304
601200.SH,上海环境,8.19,-0.2436053593179214,8.54,8.46,-0.81300813,8.73,8.46,4153/5521,8.46,8.73,8.46,8.54,3.135888,1.8704119E7,17,601200,20260304
300189.SZ,神农种业,6.11,1.4950166112956935,9.34,8.5,11.19047619,9.93,8.45,4154/5521,8.5,9.93,8.45,9.34,17.619047,4.28111468E8,33,300189,20260304
600100.SH,同方股份,7.98,-0.12515644555694352,8.51,8.59,-1.50462963,8.71,8.45,4154/5521,8.59,8.71,8.45,8.51,3.009259,5.7925106E7,17,600100,20260304
603001.SH,奥康国际,8.23,-2.94811320754717,8.71,8.75,-1.69300226,8.9,8.43,4156/5521,8.75,8.9,8.43,8.71,5.30474,7395500,17,603001,20260304
300213.SZ,佳讯飞鸿,8.36,3.082614056720099,8.49,8.45,-0.46893318,8.62,8.42,4157/5521,8.45,8.62,8.42,8.49,2.344665,1.10505E7,33,300213,20260304
300388.SZ,节能国祯,8.19,0.24479804161566185,8.61,8.52,0.11627907,8.63,8.42,4157/5521,8.52,8.63,8.42,8.61,2.44186,1.0184197E7,33,300388,20260304
603101.SH,汇嘉时代,11.06,0.2719854941069913,8.59,8.6,-0.69364162,8.68,8.42,4157/5521,8.5,8.58,8.32,8.49,3.00578,5099004,17,603101,20260304
000042.SZ,中洲控股,9.63,8.568207440811744,8.52,8.55,-1.16009281,8.62,8.41,4160/5521,8.55,8.62,8.41,8.52,2.436194,6848919,33,000042,20260304
002519.SZ,银河电子,8.13,3.172588832487321,8.8,8.6,-2.43902439,9.19,8.41,4160/5521,8.6,9.19,8.41,8.8,8.64745,9.4205976E7,33,002519,20260304
002617.SZ,露笑科技,7.69,0.5228758169934645,8.56,8.43,-0.11668611,8.78,8.4,4162/5521,8.43,8.78,8.4,8.56,4.434072,7.9906064E7,33,002617,20260304
603222.SH,济民健康,9.8,2.510460251046027,8.56,8.41,-0.11668611,8.7,8.4,4162/5521,8.41,8.7,8.4,8.56,3.500583,7095672,17,603222,20260304
000989.SZ,九芝堂,9.65,-0.9240246406570827,8.43,8.56,-1.97674419,8.59,8.39,4164/5521,8.56,8.59,8.39,8.43,2.325581,8275120,33,000989,20260304
002068.SZ,黑猫股份,9.51,6.138392857142844,8.48,8.6,-1.28055879,8.68,8.38,4165/5521,8.6,8.68,8.38,8.48,3.492433,1.4201516E7,33,002068,20260304
600409.SH,三友化工,7.76,-1.7721518987341844,8.48,8.5,-3.63636364,8.8,8.38,4165/5521,8.5,8.8,8.38,8.48,4.772727,6.1891441E7,17,600409,20260304
601121.SH,宝地矿业,7.78,-2.261306532663313,8.51,8.42,-0.46783626,8.72,8.38,4165/5521,8.42,8.72,8.38,8.51,3.976608,2.00683E7,17,601121,20260304
920639.BJ,晨光电缆,7.75,0.649350649350647,8.65,8.44,2.24586288,8.87,8.38,4165/5521,8.44,8.87,8.38,8.65,5.791962,6247615,151,920639,20260304
002644.SZ,佛慈制药,8.39,2.0681265206812642,8.45,8.56,-1.97215777,8.59,8.37,4169/5521,8.56,8.59,8.37,8.45,2.552204,8657800,33,002644,20260304
300211.SZ,*ST亿通,8.9,1.7142857142857184,8.4,8.56,-2.0979021,8.67,8.37,4169/5521,8.56,8.67,8.37,8.4,3.496503,2873700,33,300211,20260304
600428.SH,中远海特,8.56,-0.23310023310022812,8.37,8.88,-10,8.88,8.37,4169/5521,8.88,8.88,8.37,8.37,5.48387,1.4679172E8,17,600428,20260304
002279.SZ,久其软件,7.52,-5.408805031446548,8.54,8.4,0.35252644,8.63,8.36,4172/5521,8.4,8.63,8.36,8.54,3.172737,3.4106985E7,33,002279,20260304
002363.SZ,隆基机械,8.4,1.3268998793727529,8.46,8.44,-0.47058824,8.59,8.36,4172/5521,8.44,8.59,8.36,8.46,2.705882,7763350,33,002363,20260304
601727.SH,上海电气,8.08,1.7632241813601974,8.6,8.4,1.17647059,8.72,8.36,4172/5521,8.4,8.72,8.36,8.6,4.235294,1.52161278E8,17,601727,20260304
300154.SZ,瑞凌股份,8.91,4.332552693208443,8.5,8.55,-0.93240093,8.61,8.35,4175/5521,8.55,8.61,8.35,8.5,3.030303,5958500,33,300154,20260304
300621.SZ,维业股份,9.09,1.3377926421404593,8.48,8.41,-0.93457944,8.62,8.35,4175/5521,8.41,8.62,8.35,8.48,3.154205,4632050,33,300621,20260304
600080.SH,ST金花,7.62,-4.9875311720698186,8.6,8.5,0.82063306,8.65,8.35,4175/5521,8.5,8.65,8.35,8.6,3.516998,7550767,22,600080,20260304
300062.SZ,中能电气,7.67,0.5242463958060293,9.03,8.39,4.87804878,9.25,8.34,4178/5521,8.39,9.25,8.34,9.03,10.569105,6.2187702E7,33,300062,20260304
000503.SZ,国新健康,7.91,2.1963824289405673,8.41,8.53,-2.32288037,8.61,8.33,4179/5521,8.53,8.61,8.33,8.41,3.252032,1.4734518E7,33,000503,20260304
002292.SZ,奥飞娱乐,8.32,0.9708737864077678,8.42,8.39,-0.82449941,8.54,8.33,4179/5521,8.39,8.54,8.33,8.42,2.473498,3.5129538E7,33,002292,20260304
002581.SZ,*ST未名,6.75,-5.06329113924051,8.5,8.38,0.23584906,8.71,8.32,4181/5521,8.38,8.71,8.32,8.5,4.599056,9839400,33,002581,20260304
002584.SZ,西陇科学,8.05,0.6250000000000089,8.35,8.32,-1.30023641,8.51,8.32,4181/5521,8.32,8.51,8.32,8.35,2.245862,1.4866842E7,33,002584,20260304
002627.SZ,三峡旅游,7.49,-0.9259259259259179,8.48,8.4,-1.05017503,8.64,8.32,4181/5521,8.4,8.64,8.32,8.48,3.733955,1.2456454E7,33,002627,20260304
601101.SH,昊华能源,11.69,6.855575868372943,8.64,8.65,0,8.73,8.32,4181/5521,8.65,8.73,8.32,8.64,4.74537,4.2452166E7,17,601101,20260304
000006.SZ,深振业A,9.7,1.9978969505783335,8.56,8.37,0,8.7,8.31,4185/5521,8.37,8.7,8.31,8.56,4.556074,1.82373E7,33,000006,20260304
002137.SZ,实益达,8.26,-0.12091898428052947,8.4,8.32,-1.29259694,8.51,8.31,4185/5521,8.32,8.51,8.31,8.4,2.350176,1.4979241E7,33,002137,20260304
600834.SH,申通地铁,8.02,-2.195121951219509,8.37,8.38,-1.06382979,8.46,8.31,4185/5521,8.38,8.46,8.31,8.37,1.773049,3773930,17,600834,20260304
603333.SH,尚纬股份,8.44,5.236907730673316,8.6,8.38,1.41509434,8.73,8.31,4185/5521,8.38,8.73,8.31,8.6,4.95283,1.62979E7,17,603333,20260304
688609.SH,九联科技,10.15,1.3986013986014043,8.35,8.37,-0.71343639,8.5,8.31,4185/5521,8.37,8.5,8.31,8.35,2.259215,6157969,17,688609,20260304
002387.SZ,维信诺,8.08,0.0,8.32,8.39,-1.77095632,8.48,8.3,4190/5521,8.39,8.48,8.3,8.32,2.125147,2.0698614E7,33,002387,20260304
002561.SZ,徐家汇,8.14,0.24630541871922848,8.3,8.38,-0.95465394,8.4,8.3,4190/5521,8.38,8.4,8.3,8.3,1.193317,4622349,33,002561,20260304
300125.SZ,*ST聆达,9.82,2.9350104821803056,8.43,8.37,-1.05633803,8.58,8.3,4190/5521,8.37,8.58,8.3,8.43,3.286384,5794578,33,300125,20260304
601319.SH,中国人保,7.18,-0.2777777777777842,8.42,8.58,-2.65895954,8.6,8.3,4190/5521,8.58,8.6,8.3,8.42,3.468208,1.09296659E8,17,601319,20260304
000881.SZ,中广核技,7.8,0.7751937984496073,8.41,8.31,-0.8254717,8.54,8.29,4194/5521,8.31,8.54,8.29,8.41,2.948113,1.7869244E7,33,000881,20260304
600057.SH,厦门象屿,7.23,-0.8230452674897065,8.29,8.57,-3.2672112,8.58,8.29,4194/5521,8.57,8.58,8.29,8.29,3.383897,2.3267677E7,17,600057,20260304
600630.SH,龙头股份,8.33,0.8474576271186476,8.38,8.4,-0.94562648,8.49,8.29,4194/5521,8.4,8.49,8.29,8.38,2.364066,7423482,17,600630,20260304
000058.SZ,深赛格,8.2,0.8610086100860824,8.4,8.35,-0.23752969,8.47,8.28,4197/5521,8.35,8.47,8.28,8.4,2.256532,8478060,33,000058,20260304
002646.SZ,天佑德酒,8.09,-0.6142506142506229,8.31,8.43,-2.35017626,8.44,8.28,4197/5521,8.43,8.44,8.28,8.31,1.880141,7652647,33,002646,20260304
600528.SH,中铁工业,7.79,0.0,8.28,8.39,-1.42857143,8.45,8.28,4197/5521,8.39,8.45,8.28,8.28,2.023809,1.8604434E7,17,600528,20260304
300798.SZ,锦鸡股份,10.19,-4.048964218455741,8.64,8.27,2.73483948,9.02,8.27,4200/5521,8.27,9.02,8.27,8.64,8.917954,4.144627E7,33,300798,20260304
601825.SH,沪农商行,8.98,0.4474272930648873,8.37,8.41,-0.94674556,8.45,8.27,4200/5521,8.41,8.45,8.27,8.37,2.130177,2.6912582E7,17,601825,20260304
600883.SH,博闻科技,9.01,4.282407407407398,8.33,8.3,-0.83333333,8.46,8.26,4202/5521,8.3,8.46,8.26,8.33,2.380952,5487716,17,600883,20260304
600382.SH,广东明珠,8.37,-2.333722287047854,8.36,8.26,-1.992966,8.5,8.25,4203/5521,8.26,8.5,8.25,8.36,2.930832,1.5597745E7,17,600382,20260304
000011.SZ,深物业A,8.07,0.0,8.33,8.31,-0.35885167,8.4,8.24,4204/5521,8.31,8.4,8.24,8.33,1.913875,4596401,33,000011,20260304
601108.SH,财通证券,8.27,0.608272506082712,8.26,8.35,-1.90023753,8.41,8.24,4204/5521,8.35,8.41,8.24,8.26,2.019002,4.4103886E7,17,601108,20260304
300527.SZ,ST应急,8.15,-0.12254901960784052,8.4,8.3,0.84033613,8.49,8.23,4206/5521,8.3,8.49,8.23,8.4,3.121248,1.6399681E7,33,300527,20260304
300112.SZ,万讯自控,8.4,1.3268998793727529,8.41,8.4,-0.11876485,8.49,8.22,4207/5521,8.4,8.49,8.22,8.41,3.20665,1.0131118E7,33,300112,20260304
600189.SH,泉阳泉,8.29,-1.893491124260357,8.3,8.34,-0.47961631,8.41,8.22,4207/5521,8.34,8.41,8.22,8.3,2.278177,1.072189E7,17,600189,20260304
688096.SH,京源环保,8.38,-0.4750593824227927,8.4,8.45,-1.63934426,8.6,8.22,4207/5521,8.45,8.6,8.22,8.4,4.449648,6697031,17,688096,20260304
300157.SZ,新锦动力,5.73,0.17482517482518664,9.19,9.2,-8.7388282,10.02,8.21,4210/5521,9.2,10.02,8.21,9.19,17.97418,2.58836219E8,33,300157,20260304
600241.SH,时代万恒,9.76,0.7223942208462362,8.31,8.29,-0.59808612,8.49,8.21,4210/5521,8.29,8.49,8.21,8.31,3.349282,5562300,17,600241,20260304
605066.SH,天正电气,8.06,4.539559014267192,8.58,8.21,2.87769784,8.63,8.21,4210/5521,8.21,8.63,8.21,8.58,5.035971,2.5487575E7,17,605066,20260304
003016.SZ,欣贺股份,8.55,0.8254716981132109,8.27,8.29,-0.48134777,8.37,8.19,4213/5521,8.29,8.37,8.19,8.27,2.166064,4675100,33,003016,20260304
600032.SH,浙江新能,9.87,-4.174757281553412,8.35,8.25,0.48134777,8.44,8.19,4213/5521,8.25,8.44,8.19,8.35,3.008423,1.9913859E7,17,600032,20260304
600636.SH,*ST国化,4.51,0.0,8.41,8.25,0.83932854,8.42,8.19,4213/5521,8.25,8.42,8.19,8.41,2.757793,3398492,22,600636,20260304
000848.SZ,承德露露,8.9,-0.22421524663676654,8.17,8.32,-1.92076831,8.32,8.17,4216/5521,8.32,8.32,8.17,8.17,1.80072,9475187,33,000848,20260304
300126.SZ,锐奇股份,8.14,2.132998745294866,8.35,8.5,-2.22482436,8.54,8.17,4216/5521,8.5,8.54,8.17,8.35,4.332552,6500642,33,300126,20260304
603633.SH,徕木股份,8.28,1.3463892288861619,8.28,8.24,-0.48076923,8.41,8.17,4216/5521,8.24,8.41,8.17,8.28,2.884615,7705494,17,603633,20260304
002745.SZ,木林森,9.49,0.4232804232804331,8.19,8.25,-1.20627262,8.41,8.15,4219/5521,8.25,8.41,8.15,8.19,3.136308,3.0574203E7,33,002745,20260304
300022.SZ,吉峰科技,9.75,-0.914634146341462,8.2,8.35,-1.56062425,8.37,8.15,4219/5521,8.35,8.37,8.15,8.2,2.641056,1.2960113E7,33,300022,20260304
920305.BJ,*ST云创,,,8.96,8.4,10.34482759,9.85,8.15,4219/5521,8.4,9.85,8.15,8.96,20.93596,1.0498314E7,151,920305,20260304
002267.SZ,陕天然气,7.93,-1.3681592039800925,8.68,9.14,-3.98230088,9.14,8.14,4222/5521,9.14,9.14,8.14,8.68,11.061946,8.0952153E7,33,002267,20260304
301558.SZ,三态股份,8.27,0.608272506082712,8.2,8.18,-0.48543689,8.29,8.12,4223/5521,8.18,8.29,8.12,8.2,2.063106,9168081,33,301558,20260304
002998.SZ,优彩资源,9.52,0.5279831045406435,8.36,8.15,0.11976048,8.5,8.11,4224/5521,8.15,8.5,8.11,8.36,4.670658,1.2883404E7,33,002998,20260304
300107.SZ,建新股份,7.33,-1.3458950201884206,8.64,8.14,4.34782609,9.1,8.11,4224/5521,8.14,9.1,8.11,8.64,11.956521,4.6835887E7,33,300107,20260304
000721.SZ,西安饮食,7.59,-0.5242463958060293,8.24,8.21,-0.72289157,8.33,8.1,4226/5521,8.21,8.33,8.1,8.24,2.771084,8058655,33,000721,20260304
301296.SZ,新巨丰,7.65,0.1308900523560298,8.17,8.21,-1.44752714,8.28,8.1,4226/5521,8.21,8.28,8.1,8.17,2.17129,4150645,33,301296,20260304
000635.SZ,英力特,8.16,-1.0909090909090893,8.95,8.84,-0.44493882,9.05,8.09,4228/5521,8.84,9.05,8.09,8.95,10.678531,1.4520244E7,33,000635,20260304
002197.SZ,证通电子,8.05,0.7509386733416833,8.25,8.1,0,8.38,8.09,4228/5521,8.1,8.38,8.09,8.25,3.515151,2.0870203E7,33,002197,20260304
300083.SZ,创世纪,10.19,20.023557126030617,8.12,8.16,-1.57575758,8.33,8.09,4228/5521,8.16,8.33,8.09,8.12,2.90909,3.9630501E7,33,300083,20260304
300120.SZ,经纬辉开,7.55,0.6666666666666643,8.31,8.13,1.34146341,8.34,8.09,4228/5521,8.13,8.34,8.09,8.31,3.04878,1.0859359E7,33,300120,20260304
600551.SH,时代出版,8.12,-0.6119951040391763,8.12,8.2,-1.09622412,8.21,8.08,4232/5521,8.2,8.21,8.08,8.12,1.583434,6215713,17,600551,20260304
603387.SH,基蛋生物,9.65,5.46448087431694,8.17,8.25,-1.44752714,8.31,8.08,4232/5521,8.25,8.31,8.08,8.17,2.774427,8705864,17,603387,20260304
688148.SH,芳源股份,10.85,-1.0036496350365074,8.13,8.15,-1.09489051,8.39,8.07,4234/5521,8.15,8.39,8.07,8.13,3.892944,1.0970496E7,17,688148,20260304
002795.SZ,永和智控,9.19,1.9977802441731378,8.23,8.26,-0.48367594,8.41,8.06,4235/5521,8.26,8.41,8.06,8.23,4.232164,2.7685584E7,33,002795,20260304
002966.SZ,苏州银行,8.52,-0.3508771929824694,8.1,8.15,-1.2195122,8.18,8.06,4235/5521,8.15,8.18,8.06,8.1,1.463414,4.2922939E7,33,002966,20260304
002608.SZ,江苏国信,7.62,-1.8041237113402022,8.13,8.12,-0.61124694,8.23,8.05,4237/5521,8.12,8.23,8.05,8.13,2.200488,2.5951578E7,33,002608,20260304
300933.SZ,中辰股份,8.16,0.3690036900368925,8.42,8.06,2.68292683,8.55,8.04,4238/5521,8.06,8.55,8.04,8.42,6.219512,1.7268907E7,33,300933,20260304
600791.SH,京能置业,13.45,0.8245877061469223,8.34,8.1,2.20588235,8.78,8.04,4238/5521,8.1,8.78,8.04,8.34,9.068627,2.5899791E7,17,600791,20260304
000676.SZ,智度股份,7.38,0.1356852103120731,8.1,8.1,-0.97799511,8.23,8.03,4240/5521,8.1,8.23,8.03,8.1,2.444987,3.0265913E7,33,000676,20260304
600759.SH,ST洲际,4.67,-5.08130081300813,8.26,8.26,9.98668442,8.26,8.03,4240/5521,8.26,8.26,8.03,8.26,3.062583,6.58077971E8,22,600759,20260304
600966.SH,博汇纸业,6.35,1.5999999999999943,8.08,8.1,-2.06060606,8.28,8.03,4240/5521,8.1,8.28,8.03,8.08,3.030303,1.9489828E7,17,600966,20260304
600195.SH,中牧股份,7.52,-0.9222661396574477,8.05,8.18,2.0278834,8.37,8.02,4243/5521,8.18,8.37,8.02,8.05,4.435994,4.7671702E7,17,600195,20260304
002761.SZ,浙江建投,8.37,0.35971223021581966,8.01,8.08,-2.07823961,8.18,8.01,4244/5521,8.08,8.18,8.01,8.01,2.078239,1.07586E7,33,002761,20260304
600956.SH,新天绿能,8.2,-2.497027348394778,8.2,8.55,-5.74712644,8.55,8.01,4244/5521,8.55,8.55,8.01,8.2,6.206896,4.0142286E7,17,600956,20260304
603086.SH,先达股份,7.35,-0.2713704206241582,8.11,8.09,-0.36855037,8.25,8.01,4244/5521,8.09,8.25,8.01,8.11,2.948402,9176381,17,603086,20260304
600319.SH,亚星化学,8.08,0.7481296758104801,8.06,8.08,-2.06561361,8.22,8,4247/5521,8.08,8.22,8,8.06,2.673147,4704266,17,600319,20260304
600746.SH,江苏索普,8.28,-3.2710280373831906,8.08,8,-1.70316302,8.29,8,4247/5521,8,8.29,8,8.08,3.52798,1.4552531E7,17,600746,20260304
600814.SH,杭州解百,7.77,1.3037809647979093,8.04,8.1,-1.47058824,8.16,8,4247/5521,8.1,8.16,8,8.04,1.960784,1.6872522E7,17,600814,20260304
603357.SH,设计总院,7.72,-5.276073619631909,8.07,8.14,-1.70523752,8.2,8,4247/5521,8.14,8.2,8,8.07,2.436053,7877040,17,603357,20260304
002420.SZ,毅昌科技,7.32,-0.5434782608695656,8.06,8.12,-0.86100861,8.19,7.99,4251/5521,8.12,8.19,7.99,8.06,2.460024,1.334564E7,33,002420,20260304
002817.SZ,黄山胶囊,8.27,1.4723926380368002,8.06,8.02,-0.73891626,8.16,7.98,4252/5521,8.02,8.16,7.98,8.06,2.216748,7453927,33,002817,20260304
600810.SH,神马股份,7.64,0.9247027741083144,8.22,8.07,1.48148148,8.45,7.98,4252/5521,8.07,8.45,7.98,8.22,5.802469,2.4676547E7,17,600810,20260304
002691.SZ,*ST冀凯,5.46,-5.043478260869565,8.08,8.05,-0.85889571,8.19,7.97,4254/5521,8.05,8.19,7.97,8.08,2.699386,7255100,33,002691,20260304
000758.SZ,中色股份,7.01,-0.8486562942008556,8.15,7.96,-0.12254902,8.44,7.96,4255/5521,7.96,8.44,7.96,8.15,5.882352,9.5150491E7,33,000758,20260304
000967.SZ,盈峰环境,13.57,-3.8270729978738425,8.07,8.03,-0.61576355,8.18,7.96,4255/5521,8.03,8.18,7.96,8.07,2.709359,3.1989008E7,33,000967,20260304
002474.SZ,榕基软件,7.37,0.0,8.12,7.99,0.61957869,8.18,7.96,4255/5521,7.99,8.18,7.96,8.12,2.726146,1.8173375E7,33,002474,20260304
000565.SZ,渝三峡A,7.87,-2.1144278606965057,8.09,8,0.24783147,8.22,7.95,4258/5521,8,8.22,7.95,8.09,3.345724,1.13852E7,33,000565,20260304
002566.SZ,益盛药业,8.33,0.48250904704464326,7.98,8.07,-1.84501845,8.17,7.95,4258/5521,8.07,8.17,7.95,7.98,2.706027,6535198,33,002566,20260304
300323.SZ,华灿光电,12.1,5.1259774109470015,8.54,8.08,5.17241379,8.55,7.95,4258/5521,8.08,8.55,7.95,8.54,7.389162,4.87763E7,33,300323,20260304
600987.SH,航民股份,7.12,-0.5586592178770955,8.02,8.15,-2.07570208,8.23,7.95,4258/5521,8.15,8.23,7.95,8.02,3.418803,1.7874317E7,17,600987,20260304
002358.SZ,森源电气,7.41,-1.3315579227696357,8.68,7.93,7.55885998,8.88,7.93,4262/5521,7.93,8.88,7.93,8.68,11.771995,1.45125642E8,33,002358,20260304
002449.SZ,国星光电,7.93,0.7623888182973266,7.96,8.03,-1.84956843,8.12,7.93,4262/5521,8.03,8.12,7.93,7.96,2.342786,1.3012826E7,33,002449,20260304
300449.SZ,汉邦高科,7.54,2.029769959404606,8.43,8.1,-1.40350877,8.57,7.93,4262/5521,8.1,8.57,7.93,8.43,7.48538,2.424114E7,33,300449,20260304
300536.SZ,农尚环境,10.16,13.266443701226303,8.6,7.93,7.36579276,9.39,7.93,4262/5521,7.93,9.39,7.93,8.6,18.227215,2.4995885E7,33,300536,20260304
605158.SH,华达新材,8.01,2.29885057471264,8.0,8.08,-1.2345679,8.16,7.93,4262/5521,8.08,8.16,7.93,8.0,2.839506,4033720,17,605158,20260304
600359.SH,新农开发,7.62,4.670329670329668,8.1,7.92,0.12360939,8.32,7.92,4267/5521,7.92,8.32,7.92,8.1,4.944375,4.2077283E7,17,600359,20260304
600727.SH,鲁北化工,8.07,-0.12376237623762112,8.05,8,-3.36134454,8.31,7.92,4267/5521,8,8.31,7.92,8.05,4.681872,4.6907418E7,17,600727,20260304
002131.SZ,利欧股份,6.45,-1.8264840182648416,8.32,7.91,1.33982948,8.43,7.91,4269/5521,7.91,8.43,7.91,8.32,6.333739,5.08738564E8,33,002131,20260304
600663.SH,陆家嘴,8.23,3.391959798994981,7.93,8.05,-2.21948212,8.12,7.91,4269/5521,8.05,8.12,7.91,7.93,2.589395,1.1984447E7,17,600663,20260304
601918.SH,新集能源,8.95,-0.5555555555555635,8.16,8.07,0.12269939,8.25,7.91,4269/5521,8.07,8.25,7.91,8.16,4.171779,1.07335577E8,17,601918,20260304
001330.SZ,博纳影业,8.27,2.7329192546583707,7.99,7.91,-0.37406484,8.19,7.9,4272/5521,7.91,8.19,7.9,7.99,3.61596,9.1255552E7,33,001330,20260304
688505.SH,复旦张江,8.05,3.870967741935493,7.92,8.05,-2.46305419,8.13,7.9,4272/5521,8.05,8.13,7.9,7.92,2.832512,5811751,17,688505,20260304
920873.BJ,中设咨询,9.3,-1.3785790031813256,7.96,8.03,0.37831021,8.14,7.89,4274/5521,8.03,8.14,7.89,7.96,3.152585,1454369,151,920873,20260304
000691.SZ,*ST亚太,7.65,1.7287234042553297,7.94,8.12,-3.99032648,8.25,7.88,4275/5521,8.12,8.25,7.88,7.94,4.474002,8731052,33,000691,20260304
300144.SZ,宋城演艺,7.7,-0.6451612903225784,7.9,8.05,-2.82902829,8.12,7.88,4275/5521,8.05,8.12,7.88,7.9,2.952029,4.9564403E7,33,300144,20260304
688602.SH,康鹏科技,7.98,-0.24999999999999467,7.94,7.9,-1.97530864,8.12,7.88,4275/5521,7.9,8.12,7.88,7.94,2.962962,9682150,17,688602,20260304
603900.SH,莱绅通灵,7.98,3.2341526520051747,8.0,8.03,-1.96078431,8.12,7.87,4278/5521,8.03,8.12,7.87,8.0,3.063725,1.23594E7,17,603900,20260304
002521.SZ,齐峰新材,8.35,0.24009603841536103,7.88,8.07,-2.83600493,8.11,7.86,4279/5521,8.07,8.11,7.86,7.88,3.082614,7145043,33,002521,20260304
603982.SH,泉峰汽车,7.6,0.39630118890355825,7.91,8.12,-3.18237454,8.17,7.86,4279/5521,8.12,8.17,7.86,7.91,3.794369,1.0714237E7,17,603982,20260304
000728.SZ,国元证券,7.35,-0.13586956521740046,7.87,8.08,-3.07881773,8.09,7.85,4281/5521,8.08,8.09,7.85,7.87,2.955665,4.5924777E7,33,000728,20260304
002642.SZ,荣联科技,7.81,-1.3888888888888928,7.96,7.91,-0.37546934,8.04,7.85,4281/5521,7.91,8.04,7.85,7.96,2.377972,1.265034E7,33,002642,20260304
600232.SH,金鹰股份,8.58,0.3508771929824486,8.02,7.99,-1.23152709,8.15,7.85,4281/5521,7.99,8.15,7.85,8.02,3.694581,8850350,17,600232,20260304
600583.SH,海油工程,6.77,-1.1678832116788331,8.17,8.35,-6.30733945,8.52,7.85,4281/5521,8.35,8.52,7.85,8.17,7.683486,3.95962028E8,17,600583,20260304
601800.SH,中国交建,7.01,-0.8486562942008556,7.9,8.09,-2.22772277,8.1,7.84,4285/5521,8.09,8.1,7.84,7.9,3.217821,6.0658893E7,17,601800,20260304
000791.SZ,甘肃能源,8.06,-3.5885167464114707,8.0,7.84,0.50251256,8.17,7.82,4286/5521,7.84,8.17,7.82,8.0,4.396984,6.7400546E7,33,000791,20260304
600278.SH,东方创业,7.06,-0.5633802816901414,7.88,8.15,-3.31288344,8.15,7.82,4286/5521,8.15,8.15,7.82,7.88,4.049079,1.1427645E7,17,600278,20260304
002212.SZ,天融信,7.28,-6.0645161290322545,7.87,7.82,-0.75662043,8,7.81,4288/5521,7.82,8,7.81,7.87,2.395964,2.20799E7,33,002212,20260304
002790.SZ,瑞尔特,7.57,2.574525745257458,7.91,7.91,-0.87719298,8.03,7.81,4288/5521,7.91,8.03,7.81,7.91,2.756892,4700012,33,002790,20260304
600698.SH,湖南天雁,7.31,0.6887052341597771,8.01,8.08,-1.95838433,8.17,7.8,4290/5521,8.08,8.17,7.8,8.01,4.528763,1.3976012E7,17,600698,20260304
002392.SZ,北京利尔,9.21,-0.32467532467531773,7.87,7.84,-1.25470514,8.04,7.79,4291/5521,7.84,8.04,7.79,7.87,3.136762,1.56358E7,33,002392,20260304
600819.SH,耀皮玻璃,6.83,-0.726744186046509,7.87,7.91,-1.50187735,8.07,7.79,4291/5521,7.91,8.07,7.79,7.87,3.50438,1.150821E7,17,600819,20260304
603838.SH,*ST四通,8.97,0.7865168539325874,7.9,7.79,-1.86335404,8.02,7.79,4291/5521,7.79,8.02,7.79,7.9,2.857142,1113339,22,603838,20260304
001258.SZ,立新能源,9.01,-1.6375545851528424,8.05,7.82,2.5477707,8.1,7.78,4294/5521,7.82,8.1,7.78,8.05,4.076433,2.31889E7,33,001258,20260304
002148.SZ,北纬科技,7.89,0.6377551020408141,7.9,7.88,-0.37831021,8.04,7.78,4294/5521,7.88,8.04,7.78,7.9,3.278688,1.1155881E7,33,002148,20260304
300426.SZ,华智数媒,7.5,0.9421265141319016,7.9,7.86,-0.37831021,7.96,7.77,4296/5521,7.86,7.96,7.77,7.9,2.395964,7710027,33,300426,20260304
601236.SH,红塔证券,7.5,-2.849740932642484,7.89,8.02,-2.10918114,8.02,7.77,4296/5521,8.02,8.02,7.77,7.89,3.101736,2.8145954E7,17,601236,20260304
600051.SH,宁波联合,7.77,0.5174644243208169,7.79,7.85,-1.39240506,7.94,7.76,4298/5521,7.85,7.94,7.76,7.79,2.278481,7231200,17,600051,20260304
600597.SH,光明乳业,7.4,-0.8042895442359197,7.78,7.89,-1.64348925,7.89,7.76,4298/5521,7.89,7.89,7.76,7.78,1.643489,1.4010873E7,17,600597,20260304
601111.SH,中国国航,6.73,0.14880952380953386,7.79,7.86,-1.64141414,8.06,7.76,4298/5521,7.86,8.06,7.76,7.79,3.787878,1.29778024E8,17,601111,20260304
002367.SZ,康力电梯,6.16,-1.123595505617982,7.8,7.85,-1.51515152,7.93,7.75,4301/5521,7.85,7.93,7.75,7.8,2.272727,8075473,33,002367,20260304
300133.SZ,华策影视,8.74,-0.6818181818181874,7.82,7.8,-0.76142132,7.92,7.75,4301/5521,7.8,7.92,7.75,7.82,2.15736,5.5072998E7,33,300133,20260304
300636.SZ,同和药业,7.82,0.6435006435006527,7.81,7.86,-1.51324086,7.95,7.75,4301/5521,7.86,7.95,7.75,7.81,2.522068,6313940,33,300636,20260304
600110.SH,诺德股份,10.75,-2.18380345768881,7.88,7.75,-1.25313283,8.16,7.75,4301/5521,7.75,8.16,7.75,7.88,5.137844,8.9074652E7,17,600110,20260304
920970.BJ,大禹生物,7.24,1.54277699859748,7.8,7.83,-0.63694268,8.16,7.74,4305/5521,7.83,8.16,7.74,7.8,5.350318,1839722,151,920970,20260304
002348.SZ,高乐股份,11.13,5.099150141643069,8.43,7.73,6.97969543,8.65,7.73,4306/5521,7.73,8.65,7.73,8.43,11.675126,6.0492409E7,33,002348,20260304
300030.SZ,阳普医疗,8.32,1.8359853121175074,7.94,7.79,0.76142132,8.01,7.73,4306/5521,7.79,8.01,7.73,7.94,3.553299,6394000,33,300030,20260304
920146.BJ,华阳变速,6.95,1.6081871345029286,7.77,7.98,-2.99625468,8.04,7.73,4306/5521,7.98,8.04,7.73,7.77,3.870162,1632598,151,920146,20260304
300162.SZ,雷曼光电,9.06,3.071672354948821,7.9,7.8,-0.12642225,8.09,7.72,4309/5521,7.8,8.09,7.72,7.9,4.677623,1.2022981E7,33,300162,20260304
601921.SH,浙版传媒,7.6,-1.4267185473411197,7.78,7.84,-1.14358323,7.86,7.72,4309/5521,7.84,7.86,7.72,7.78,1.778907,1.3282464E7,17,601921,20260304
002199.SZ,*ST东晶,10.56,3.225806451612904,7.77,7.7,-0.63938619,8.02,7.7,4311/5521,7.7,8.02,7.7,7.77,4.092071,2225000,33,002199,20260304
002369.SZ,卓翼科技,7.34,0.5479452054794526,7.72,7.75,-1.15236876,7.85,7.7,4311/5521,7.75,7.85,7.7,7.72,1.920614,9937941,33,002369,20260304
002471.SZ,中超控股,8.46,0.9546539379474948,8.22,7.7,2.23880597,8.42,7.7,4311/5521,7.7,8.42,7.7,8.22,8.955223,1.32476284E8,33,002471,20260304
003035.SZ,南网能源,7.4,-4.761904761904752,8.4,7.74,4.34782609,8.58,7.7,4311/5521,7.74,8.58,7.7,8.4,10.931677,2.11405412E8,33,003035,20260304
600996.SH,贵广网络,8.45,0.8353221957040394,7.79,7.85,-1.14213198,7.93,7.7,4311/5521,7.85,7.93,7.7,7.79,2.918781,1.9113421E7,17,600996,20260304
601007.SH,金陵饭店,7.67,-3.5220125786163554,7.77,7.71,-0.63938619,7.89,7.7,4311/5521,7.71,7.89,7.7,7.77,2.429667,7607760,17,601007,20260304
002406.SZ,远东传动,7.96,-0.9950248756218805,7.78,7.79,-1.26903553,7.89,7.69,4317/5521,7.79,7.89,7.69,7.78,2.538071,1.8331415E7,33,002406,20260304
603012.SH,创力集团,8.66,-0.9153318077803212,7.92,7.7,1.53846154,8.05,7.69,4317/5521,7.7,8.05,7.69,7.92,4.615384,2.0239526E7,17,603012,20260304
000156.SZ,华数传媒,7.41,-0.9358288770053513,7.74,7.72,-0.64184852,7.83,7.68,4319/5521,7.72,7.83,7.68,7.74,1.925545,1.828266E7,33,000156,20260304
002786.SZ,银宝山新,7.84,0.9009009009009046,7.78,7.76,-1.39416984,7.87,7.68,4319/5521,7.76,7.87,7.68,7.78,2.408111,8636748,33,002786,20260304
002996.SZ,顺博合金,7.53,0.2663115845539343,7.82,7.73,0.12804097,7.99,7.68,4319/5521,7.73,7.99,7.68,7.82,3.96927,1.4076575E7,33,002996,20260304
300048.SZ,合康新能,6.44,0.4680187207488338,7.81,7.7,0.25673941,8.08,7.68,4319/5521,7.7,8.08,7.68,7.81,5.134788,6.1299325E7,33,300048,20260304
300665.SZ,飞鹿股份,8.49,2.5362318840579814,7.78,7.77,-1.14358323,7.92,7.68,4319/5521,7.77,7.92,7.68,7.78,3.049555,7516809,33,300665,20260304
600305.SH,恒顺醋业,7.53,0.4000000000000033,7.71,7.78,-1.40664962,7.8,7.68,4319/5521,7.78,7.8,7.68,7.71,1.534526,1.268427E7,17,600305,20260304
601238.SH,广汽集团,7.03,0.0,7.71,7.79,-1.40664962,7.79,7.68,4319/5521,7.79,7.79,7.68,7.71,1.406649,2.3798623E7,17,601238,20260304
688189.SH,南新制药,8.95,11.457036114570363,7.79,7.85,-1.39240506,7.9,7.68,4319/5521,7.85,7.9,7.68,7.79,2.78481,5853308,17,688189,20260304
920985.BJ,海泰新能,6.41,-0.9273570324574901,7.78,7.7,-0.1283697,7.99,7.68,4319/5521,7.7,7.99,7.68,7.78,3.97946,4715892,151,920985,20260304
002731.SZ,ST萃华,4.35,-5.0218340611353804,7.85,7.79,-2.72614622,8.04,7.67,4328/5521,7.79,8.04,7.67,7.85,4.584882,2.9640329E7,33,002731,20260304
000890.SZ,法尔胜,15.66,-8.953488372093018,8.87,7.88,10.04962779,8.87,7.66,4329/5521,7.88,8.87,7.66,8.87,15.012406,1.17110916E8,33,000890,20260304
603421.SH,鼎信通讯,8.19,-1.798561151079141,8.1,7.67,3.97946085,8.2,7.66,4329/5521,7.67,8.2,7.66,8.1,6.931964,2.727218E7,17,603421,20260304
300240.SZ,飞力达,6.94,0.14430014430015406,7.72,8.1,-4.92610837,8.17,7.65,4331/5521,8.1,8.17,7.65,7.72,6.40394,3.5582105E7,33,300240,20260304
300276.SZ,三丰智能,6.85,1.33136094674556,8.15,7.71,4.89060489,8.33,7.65,4331/5521,7.71,8.33,7.65,8.15,8.751608,4.639383E7,33,300276,20260304
600733.SH,北汽蓝谷,7.11,-0.5594405594405599,7.79,7.75,0.51612903,7.84,7.65,4331/5521,7.75,7.84,7.65,7.79,2.451612,7.4785483E7,17,600733,20260304
600692.SH,亚通股份,7.85,2.614379084967311,7.74,7.76,-0.76923077,7.86,7.64,4334/5521,7.76,7.86,7.64,7.74,2.820512,9258588,17,600692,20260304
000663.SZ,永安林业,6.88,1.624815361890699,7.73,7.8,-1.02432778,7.85,7.63,4335/5521,7.8,7.85,7.63,7.73,2.816901,1.05174E7,33,000663,20260304
000731.SZ,四川美丰,7.24,-0.6858710562414242,7.79,7.7,0.64599483,8,7.63,4335/5521,7.7,8,7.63,7.79,4.780361,6.9949322E7,33,000731,20260304
002538.SZ,ST司特,7.33,0.13661202185792057,7.89,7.65,1.41388175,8.04,7.63,4335/5521,7.65,8.04,7.63,7.89,5.269922,3.3978725E7,33,002538,20260304
300296.SZ,利亚德,6.36,-0.6250000000000006,8.13,7.63,4.23076923,8.4,7.63,4335/5521,7.63,8.4,7.63,8.13,9.871794,2.76430841E8,33,300296,20260304
002483.SZ,润邦股份,6.54,-0.1526717557251876,7.72,7.65,-0.64350064,7.91,7.62,4339/5521,7.65,7.91,7.62,7.72,3.732303,1.4428114E7,33,002483,20260304
000925.SZ,众合科技,9.19,-5.840163934426233,7.76,7.61,0.51813472,7.79,7.61,4340/5521,7.61,7.79,7.61,7.76,2.331606,1.46662E7,33,000925,20260304
300097.SZ,智云股份,10.73,-2.2768670309653913,8.11,7.82,2.65822785,8.17,7.61,4340/5521,7.82,8.17,7.61,8.11,7.088607,8270962,33,300097,20260304
002161.SZ,远望谷,6.74,-4.125177809388336,7.71,7.65,-1.15384615,7.84,7.6,4342/5521,7.65,7.84,7.6,7.71,3.076923,3.0338254E7,33,002161,20260304
600744.SH,华银电力,8.54,-4.15263748597083,8.22,7.66,-2.02622169,8.7,7.6,4342/5521,7.66,8.7,7.6,8.22,13.110846,3.4476275E8,17,600744,20260304
600851.SH,海欣股份,8.33,-0.5966587112171922,7.75,7.6,0.64935065,7.79,7.6,4342/5521,7.6,7.79,7.6,7.75,2.467532,6464302,17,600851,20260304
600866.SH,星湖科技,5.82,-7.32484076433121,7.62,7.63,-1.03896104,7.77,7.6,4342/5521,7.63,7.77,7.6,7.62,2.207792,3.8857079E7,17,600866,20260304
300096.SZ,ST易联众,9.18,1.436464088397779,7.7,7.66,0.52219321,7.84,7.58,4346/5521,7.66,7.84,7.58,7.7,3.394255,3907000,33,300096,20260304
300692.SZ,中赋科技,9.11,3.7585421412300692,7.78,7.61,-2.13836478,7.92,7.58,4346/5521,7.61,7.92,7.58,7.78,4.276729,2.1354099E7,33,300692,20260304
600478.SH,科力远,7.59,-5.125000000000002,7.67,7.57,-0.38961039,7.91,7.57,4348/5521,7.57,7.91,7.57,7.67,4.415584,6.9318246E7,17,600478,20260304
000936.SZ,华西股份,7.18,-2.0463847203274264,7.6,7.65,-1.17035111,7.8,7.56,4349/5521,7.65,7.8,7.56,7.6,3.120936,1.8254623E7,33,000936,20260304
300219.SZ,鸿利智汇,7.66,1.0554089709762542,7.7,7.6,0.13003901,7.84,7.56,4349/5521,7.6,7.84,7.56,7.7,3.641092,2.5487905E7,33,300219,20260304
603018.SH,华设集团,7.52,2.5920873124147272,7.69,7.66,0.13020833,7.72,7.56,4349/5521,7.66,7.72,7.56,7.69,2.083333,1.2707271E7,17,603018,20260304
605001.SH,威奥股份,7.51,1.3495276653171342,7.64,7.71,-0.9079118,7.78,7.56,4349/5521,7.71,7.78,7.56,7.64,2.853437,6091830,17,605001,20260304
002673.SZ,西部证券,7.18,0.4195804195804106,7.58,7.69,-2.06718346,7.73,7.55,4353/5521,7.69,7.73,7.55,7.58,2.325581,4.1707943E7,33,002673,20260304
002763.SZ,汇洁股份,9.41,10.058479532163735,7.65,7.74,-1.03492885,7.75,7.55,4353/5521,7.74,7.75,7.55,7.65,2.587322,5417904,33,002763,20260304
000060.SZ,中金岭南,6.75,1.5037593984962352,7.82,7.6,1.16429495,8,7.52,4355/5521,7.6,8,7.52,7.82,6.209573,1.96278921E8,33,000060,20260304
002282.SZ,博深股份,6.95,0.5788712011577429,7.59,7.57,0,7.67,7.52,4355/5521,7.57,7.67,7.52,7.59,1.976284,7151206,33,002282,20260304
000670.SZ,盈方微,7.57,2.297297297297296,7.74,7.54,0.78125,7.86,7.51,4357/5521,7.54,7.86,7.51,7.74,4.557291,2.9096449E7,33,000670,20260304
002510.SZ,天汽模,6.79,1.041666666666671,7.77,7.56,1.171875,7.93,7.51,4357/5521,7.56,7.93,7.51,7.77,5.46875,4.31557E7,33,002510,20260304
300105.SZ,龙源技术,6.91,0.2902757619738819,7.7,7.55,1.1826544,7.77,7.51,4357/5521,7.55,7.77,7.51,7.7,3.416557,1.1408448E7,33,300105,20260304
601990.SH,南京证券,7.35,0.5471956224350211,7.52,7.63,-1.69934641,7.64,7.51,4357/5521,7.63,7.64,7.51,7.52,1.699346,2.2517419E7,17,601990,20260304
300334.SZ,津膜科技,8.08,1.5075376884422125,7.63,7.58,-0.90909091,7.71,7.5,4361/5521,7.58,7.71,7.5,7.63,2.727272,9533600,33,300334,20260304
600493.SH,凤竹纺织,7.56,1.340482573726537,7.64,7.61,-1.03626943,7.73,7.5,4361/5521,7.61,7.73,7.5,7.64,2.979274,6699800,17,600493,20260304
600731.SH,湖南海利,6.84,-0.8695652173913115,7.6,7.51,0.39630119,7.71,7.5,4361/5521,7.51,7.71,7.5,7.6,2.774108,1.2435354E7,17,600731,20260304
000783.SZ,长江证券,7.99,10.055096418732788,7.51,7.61,-2.46753247,7.65,7.49,4364/5521,7.61,7.65,7.49,7.51,2.077922,6.7353057E7,33,000783,20260304
603839.SH,安正时尚,8.09,3.057324840764334,7.53,7.66,-1.56862745,7.72,7.49,4364/5521,7.66,7.72,7.49,7.53,3.006535,3941659,17,603839,20260304
002238.SZ,天威视讯,7.31,0.6887052341597771,7.51,7.59,-2.34070221,7.75,7.48,4366/5521,7.59,7.75,7.48,7.51,3.511053,1.5303533E7,33,002238,20260304
002999.SZ,天禾股份,7.27,-0.8185538881309754,7.58,7.5,-1.17340287,7.75,7.48,4366/5521,7.5,7.75,7.48,7.58,3.520208,1.4074094E7,33,002999,20260304
300283.SZ,温州宏丰,12.45,2.3848684210526248,7.81,7.54,1.82529335,7.9,7.48,4366/5521,7.54,7.9,7.48,7.81,5.47588,2.0100298E7,33,300283,20260304
300472.SZ,*ST新元,8.12,0.3708281829418957,7.53,7.62,-0.52840159,7.69,7.48,4366/5521,7.62,7.69,7.48,7.53,2.774108,2889220,33,300472,20260304
300591.SZ,万里马,7.92,3.125000000000003,7.61,7.65,-1.29701686,7.84,7.48,4366/5521,7.65,7.84,7.48,7.61,4.66926,1.065317E7,33,300591,20260304
600421.SH,*ST华嵘,4.08,0.0,7.55,7.52,0,7.61,7.48,4366/5521,7.52,7.61,7.48,7.55,1.721854,1520500,22,600421,20260304
600676.SH,交运股份,8.18,0.0,7.59,7.66,-1.68393782,7.67,7.48,4366/5521,7.66,7.67,7.48,7.59,2.461139,1.8034794E7,17,600676,20260304
002073.SZ,软控股份,6.77,-4.781997187060488,7.5,7.64,-2.47074122,7.71,7.47,4373/5521,7.64,7.71,7.47,7.5,3.120936,3.7032672E7,33,002073,20260304
002753.SZ,永东股份,7.41,0.2706359945872864,7.55,7.66,-1.43603133,7.7,7.47,4373/5521,7.66,7.7,7.47,7.55,3.00261,7726053,33,002753,20260304
000630.SZ,铜陵有色,6.15,-2.8436018957345928,7.74,7.5,-0.25773196,7.92,7.46,4375/5521,7.5,7.92,7.46,7.74,5.927835,3.86902807E8,33,000630,20260304
002366.SZ,融发核电,7.49,0.5369127516778528,7.72,7.5,1.04712042,7.82,7.46,4375/5521,7.5,7.82,7.46,7.72,4.712041,5.0171095E7,33,002366,20260304
600971.SH,恒源煤电,8.29,0.36319612590798256,7.75,7.7,0.64935065,7.79,7.46,4375/5521,7.7,7.79,7.46,7.75,4.285714,4.718047E7,17,600971,20260304
603126.SH,中材节能,8.18,-0.4866180048661912,7.65,7.51,1.86418109,7.71,7.46,4375/5521,7.51,7.71,7.46,7.65,3.328894,1.019215E7,17,603126,20260304
600156.SH,华升股份,10.8,-3.3124440465532605,7.73,7.54,1.97889182,7.76,7.45,4379/5521,7.54,7.76,7.45,7.73,4.089709,5454470,17,600156,20260304
600173.SH,卧龙新能,7.28,-1.488497970230033,7.69,7.58,0.26075619,7.8,7.45,4379/5521,7.58,7.8,7.45,7.69,4.563233,1.21345E7,17,600173,20260304
603330.SH,天洋新材,7.4,0.0,7.54,7.47,-0.13245033,7.64,7.45,4379/5521,7.47,7.64,7.45,7.54,2.516556,9369291,17,603330,20260304
688571.SH,杭华股份,9.12,4.827586206896552,7.49,7.66,-2.47395833,7.69,7.45,4379/5521,7.66,7.69,7.45,7.49,3.125,4724773,17,688571,20260304
000735.SZ,罗牛山,6.58,2.6521060842433686,7.6,7.51,0.26385224,7.63,7.43,4383/5521,7.51,7.63,7.43,7.6,2.638522,2.9225731E7,33,000735,20260304
600037.SH,歌华有线,7.99,1.139240506329112,7.49,7.56,-1.31752306,7.62,7.43,4383/5521,7.56,7.62,7.43,7.49,2.503293,1.8492065E7,17,600037,20260304
600098.SH,广州发展,7.11,-1.795580110497236,7.63,7.58,-0.52151239,7.69,7.43,4383/5521,7.58,7.69,7.43,7.63,3.38983,5.0220159E7,17,600098,20260304
600284.SH,浦东建设,7.05,-2.0833333333333384,7.48,7.58,-1.96592398,7.64,7.43,4383/5521,7.58,7.64,7.43,7.48,2.752293,1.3841197E7,17,600284,20260304
003037.SZ,三和管桩,7.2,0.27855153203343264,7.52,7.47,-0.13280212,7.59,7.42,4387/5521,7.47,7.59,7.42,7.52,2.257636,4156400,33,003037,20260304
300441.SZ,鲍斯股份,7.0,0.14306151645207132,7.44,7.5,-1.8469657,7.6,7.41,4388/5521,7.5,7.6,7.41,7.44,2.506596,7563234,33,300441,20260304
000875.SZ,电投绿能,6.53,-0.6088280060882806,7.84,7.44,4.53333333,8.08,7.4,4389/5521,7.44,8.08,7.4,7.84,9.066666,1.6490017E8,33,000875,20260304
601187.SH,厦门银行,7.72,0.9150326797385542,7.5,7.46,-0.66225166,7.64,7.4,4389/5521,7.46,7.64,7.4,7.5,3.178807,2.4235838E7,17,601187,20260304
603567.SH,珍宝岛,7.08,6.146926536731637,7.46,7.62,-2.61096606,7.63,7.4,4389/5521,7.62,7.63,7.4,7.46,3.00261,1.3478083E7,17,603567,20260304
002724.SZ,海洋王,6.34,-1.5527950310559089,7.52,7.46,-0.79155673,7.61,7.39,4392/5521,7.46,7.61,7.39,7.52,2.902374,1.686035E7,33,002724,20260304
603321.SH,梅轮电梯,7.74,3.0625832223701788,7.47,7.53,-0.92838196,7.61,7.38,4393/5521,7.53,7.61,7.38,7.47,3.050397,4968100,17,603321,20260304
603682.SH,锦和商管,8.65,2.1251475796930306,7.46,7.74,-1.71277997,7.74,7.37,4394/5521,7.52,7.52,7.15,7.24,4.874835,1.47504E7,17,603682,20260304
000726.SZ,鲁泰A,6.55,-1.355421686746986,7.37,7.41,-1.0738255,7.53,7.36,4395/5521,7.41,7.53,7.36,7.37,2.281879,1.5831131E7,33,000726,20260304
002700.SZ,万憬能源,6.94,-0.14388489208632788,7.39,7.77,-9.65770171,7.78,7.36,4395/5521,7.77,7.78,7.36,7.39,5.134474,4.521439E7,33,002700,20260304
600481.SH,双良节能,6.08,-0.9771986970683976,7.58,7.37,-0.26315789,7.85,7.36,4395/5521,7.37,7.85,7.36,7.58,6.447368,1.69898005E8,17,600481,20260304
002797.SZ,第一创业,7.63,1.4627659574468128,7.44,7.36,-0.66755674,7.55,7.35,4398/5521,7.36,7.55,7.35,7.44,2.670226,1.663589E8,33,002797,20260304
603616.SH,韩建河山,6.17,1.1475409836065622,7.35,7.69,-10.03671971,7.75,7.35,4398/5521,7.69,7.75,7.35,7.35,4.89596,4.26444E7,17,603616,20260304
920832.BJ,齐鲁华信,6.89,2.377414561664179,7.4,7.88,-6.32911392,7.9,7.35,4398/5521,7.88,7.9,7.35,7.4,6.962025,7440880,151,920832,20260304
600628.SH,新世界,7.2,1.4084507042253598,7.47,7.45,-0.4,7.51,7.34,4401/5521,7.45,7.51,7.34,7.47,2.266666,9228680,17,600628,20260304
300232.SZ,洲明科技,6.35,-0.31397174254317833,7.36,7.45,-2.25763612,7.59,7.32,4402/5521,7.45,7.59,7.32,7.36,3.585657,6.965917E7,33,300232,20260304
002540.SZ,亚太科技,6.04,-0.8210180623973699,7.42,7.36,0,7.59,7.31,4403/5521,7.36,7.59,7.31,7.42,3.773584,1.7545128E7,33,002540,20260304
601901.SH,方正证券,7.18,0.4195804195804106,7.33,7.37,-1.21293801,7.4,7.31,4403/5521,7.37,7.4,7.31,7.33,1.212938,7.1341023E7,17,601901,20260304
000019.SZ,深粮控股,7.69,-0.7741935483870918,7.46,7.34,1.63487738,7.58,7.3,4405/5521,7.34,7.58,7.3,7.46,3.814713,3.7975921E7,33,000019,20260304
000633.SZ,合金投资,6.83,0.14662756598240156,7.49,7.37,0.53691275,7.59,7.3,4405/5521,7.37,7.59,7.3,7.49,3.892617,1.027712E7,33,000633,20260304
002099.SZ,海翔药业,6.34,-3.6474164133738634,7.63,7.36,2.41610738,7.7,7.3,4405/5521,7.36,7.7,7.3,7.63,5.369127,4.6240212E7,33,002099,20260304
002629.SZ,仁智股份,6.47,-1.371951219512193,7.3,7.73,-9.98766954,7.75,7.3,4405/5521,7.73,7.75,7.3,7.3,5.548705,7.0756081E7,33,002629,20260304
300291.SZ,百纳千成,6.33,2.926829268292678,7.43,7.35,0.67750678,7.53,7.3,4405/5521,7.35,7.53,7.3,7.43,3.116531,1.6013512E7,33,300291,20260304
301090.SZ,华润材料,9.18,-0.9708737864077654,7.34,7.4,-1.74029451,7.5,7.29,4410/5521,7.4,7.5,7.29,7.34,2.811244,8516094,33,301090,20260304
600011.SH,华能国际,6.99,-0.4273504273504183,7.39,7.37,-0.53835801,7.46,7.29,4410/5521,7.37,7.46,7.29,7.39,2.288021,1.31869884E8,17,600011,20260304
000017.SZ,深中华A,6.41,0.0,7.39,7.33,-0.13513514,7.46,7.28,4412/5521,7.33,7.46,7.28,7.39,2.432432,7725234,33,000017,20260304
002349.SZ,精华制药,7.52,2.872777017783857,7.3,7.4,-2.01342282,7.45,7.28,4412/5521,7.4,7.45,7.28,7.3,2.281879,1.64896E7,33,002349,20260304
002599.SZ,盛通股份,6.85,0.0,7.36,7.38,-1.20805369,7.51,7.27,4414/5521,7.38,7.51,7.27,7.36,3.221476,1.3140855E7,33,002599,20260304
002696.SZ,百洋股份,6.82,1.1869436201780426,7.32,7.42,-1.8766756,7.51,7.27,4414/5521,7.42,7.51,7.27,7.32,3.217158,9814130,33,002696,20260304
600354.SH,敦煌种业,6.26,1.7886178861788524,7.65,7.27,5.95567867,7.78,7.27,4414/5521,7.27,7.78,7.27,7.65,7.063711,1.32628547E8,17,600354,20260304
002550.SZ,千红制药,7.0,-1.2693935119887145,7.31,7.35,-0.94850949,7.41,7.26,4417/5521,7.35,7.41,7.26,7.31,2.03252,1.2786788E7,33,002550,20260304
601330.SH,绿色动力,8.57,-4.883462819089894,7.35,7.36,-0.13586957,7.42,7.26,4417/5521,7.36,7.42,7.26,7.35,2.173913,1.32805E7,17,601330,20260304
000952.SZ,广济药业,7.39,1.650618982118296,7.37,7.36,-0.80753701,7.45,7.25,4419/5521,7.36,7.45,7.25,7.37,2.69179,6780201,33,000952,20260304
002376.SZ,新北洋,7.36,1.2379642365887311,7.33,7.31,-0.54274084,7.42,7.25,4419/5521,7.31,7.42,7.25,7.33,2.306648,1.40478E7,33,002376,20260304
001313.SZ,粤海饲料,8.47,-0.9356725146198838,7.34,7.32,0.96286107,7.44,7.23,4421/5521,7.32,7.44,7.23,7.34,2.888583,7956588,33,001313,20260304
002498.SZ,汉缆股份,8.72,-3.3259423503325825,8.13,7.28,10.0135318,8.13,7.23,4421/5521,7.28,8.13,7.23,8.13,12.178619,2.32337573E8,33,002498,20260304
300176.SZ,鸿特科技,6.93,0.4347826086956429,7.52,7.3,1.62162162,7.59,7.23,4421/5521,7.3,7.59,7.23,7.52,4.864864,1.8289155E7,33,300176,20260304
600336.SH,澳柯玛,7.55,1.342281879194626,7.26,7.25,-1.2244898,7.37,7.23,4421/5521,7.25,7.37,7.23,7.26,1.904761,8050220,17,600336,20260304
000910.SZ,大亚圣象,6.79,-1.4513788098693707,7.25,7.34,-1.36054422,7.37,7.22,4425/5521,7.34,7.37,7.22,7.25,2.040816,4753850,33,000910,20260304
002092.SZ,中泰化学,6.92,-0.14430014430014124,7.3,7.65,-5.80645161,7.84,7.22,4425/5521,7.65,7.84,7.22,7.3,8,1.11482734E8,33,002092,20260304
603609.SH,禾丰股份,7.01,0.5738880918220952,7.25,7.32,-0.95628415,7.39,7.22,4425/5521,7.32,7.39,7.22,7.25,2.322404,4986965,17,603609,20260304
600468.SH,百利电气,7.44,-1.587301587301577,7.77,7.3,4.15549598,7.87,7.21,4428/5521,7.3,7.87,7.21,7.77,8.847184,6.5344492E7,17,600468,20260304
600470.SH,六国化工,6.98,-2.3776223776223766,7.92,7.3,4.34782609,8.22,7.21,4428/5521,7.3,8.22,7.21,7.92,13.306982,8.4679273E7,17,600470,20260304
688468.SH,科美诊断,7.49,1.079622132253712,7.27,7.41,-2.67737617,7.49,7.21,4428/5521,7.41,7.49,7.21,7.27,3.748326,4983043,17,688468,20260304
000983.SZ,山西焦煤,7.02,0.28571428571427965,7.43,7.43,-1.71957672,7.48,7.2,4431/5521,7.43,7.48,7.2,7.43,3.703703,1.30325854E8,33,000983,20260304
002072.SZ,凯瑞德,7.28,-1.8867924528301845,7.35,7.42,-1.34228188,7.53,7.2,4431/5521,7.42,7.53,7.2,7.35,4.42953,8474231,33,002072,20260304
002585.SZ,双星新材,7.75,-0.38560411311054305,7.39,7.21,0.95628415,7.51,7.2,4431/5521,7.21,7.51,7.2,7.39,4.234972,3.1615017E7,33,002585,20260304
300066.SZ,三川智慧,6.24,-0.319488817891367,7.44,7.24,0.67658999,7.65,7.2,4431/5521,7.24,7.65,7.2,7.44,6.089309,5.4483307E7,33,300066,20260304
300103.SZ,达刚控股,8.25,2.103960396039603,7.32,7.43,-0.94722598,7.47,7.2,4431/5521,7.43,7.47,7.2,7.32,3.653585,1.03408E7,33,300103,20260304
300140.SZ,节能环境,6.62,-0.7496251874062942,7.5,7.21,2.59917921,7.59,7.2,4431/5521,7.21,7.59,7.2,7.5,5.335157,4.13855E7,33,300140,20260304
300272.SZ,开能健康,7.49,-3.1047865459249704,7.34,7.21,0.96286107,7.51,7.2,4431/5521,7.21,7.51,7.2,7.34,4.264099,1.3155625E7,33,300272,20260304
603617.SH,君禾股份,7.59,-0.13157894736841824,7.34,7.31,-0.27173913,7.4,7.2,4431/5521,7.31,7.4,7.2,7.34,2.717391,6310800,17,603617,20260304
000417.SZ,合百集团,6.69,2.1374045801526806,7.28,7.26,-0.81743869,7.39,7.19,4439/5521,7.26,7.39,7.19,7.28,2.724795,1.6630193E7,33,000417,20260304
600127.SH,金健米业,6.81,-0.7288629737609432,7.36,7.2,3.66197183,7.6,7.19,4439/5521,7.2,7.6,7.19,7.36,5.774647,1.09603295E8,17,600127,20260304
300345.SZ,华民股份,6.44,0.6250000000000006,7.4,7.26,-1.98675497,7.6,7.18,4441/5521,7.26,7.6,7.18,7.4,5.562913,4.07515E7,33,300345,20260304
600219.SH,南山铝业,5.37,-0.739371534195934,7.76,7.18,7.77777778,7.85,7.18,4441/5521,7.18,7.85,7.18,7.76,9.305555,5.56015173E8,17,600219,20260304
601608.SH,中信重工,6.05,1.851851851851842,7.2,7.28,-2.04081633,7.41,7.18,4441/5521,7.28,7.41,7.18,7.2,3.129251,6.4608625E7,17,601608,20260304
000505.SZ,京粮控股,6.61,2.959501557632405,7.65,7.32,4.50819672,7.66,7.17,4444/5521,7.32,7.66,7.17,7.65,6.693989,6.1667246E7,33,000505,20260304
000626.SZ,远大控股,9.35,1.6304347826086996,7.23,7.25,-0.68681319,7.35,7.17,4444/5521,7.25,7.35,7.17,7.23,2.472527,6776100,33,000626,20260304
600210.SH,紫江企业,6.98,-2.240896358543407,7.2,7.42,-3.48525469,7.46,7.17,4444/5521,7.42,7.46,7.17,7.2,3.887399,3.4782463E7,17,600210,20260304
600651.SH,飞乐音响,6.89,4.236006051437206,7.35,7.27,-1.07671602,7.46,7.17,4444/5521,7.27,7.46,7.17,7.35,3.903095,1.9724196E7,17,600651,20260304
000410.SZ,沈阳机床,6.16,-0.16207455429497222,7.3,7.2,0.27472527,7.42,7.16,4448/5521,7.2,7.42,7.16,7.3,3.571428,2.2452401E7,33,000410,20260304
300214.SZ,日科化学,8.23,-0.48367593712211787,7.32,7.21,0.54945055,7.41,7.16,4448/5521,7.21,7.41,7.16,7.32,3.434065,8583400,33,300214,20260304
600061.SH,国投资本,6.71,2.5993883792048917,7.18,7.35,-2.44565217,7.37,7.16,4448/5521,7.35,7.37,7.16,7.18,2.85326,5.2818646E7,17,600061,20260304
002094.SZ,青岛金王,5.96,0.3367003367003295,7.2,7.39,-3.74331551,7.4,7.14,4451/5521,7.39,7.4,7.14,7.2,3.475935,3.1414952E7,33,002094,20260304
300123.SZ,ST亚光,3.99,4.4502617801047215,7.57,7.2,0.66489362,7.73,7.14,4451/5521,7.2,7.73,7.14,7.57,7.845744,5.3440248E7,33,300123,20260304
300732.SZ,设研院,7.49,2.4623803009576006,7.21,7.2,-0.96153846,7.3,7.14,4451/5521,7.2,7.3,7.14,7.21,2.197802,5646374,33,300732,20260304
600469.SH,风神股份,6.39,0.15673981191222236,7.19,7.28,-2.17687075,7.39,7.14,4451/5521,7.28,7.39,7.14,7.19,3.40136,1.51249E7,17,600469,20260304
000430.SZ,ST张家界,7.73,-1.7789072426937698,7.15,7.17,-1.10650069,7.28,7.13,4455/5521,7.17,7.28,7.13,7.15,2.074688,4628490,33,000430,20260304
002676.SZ,顺威股份,7.12,0.14064697609001106,7.21,7.15,-0.41436464,7.3,7.13,4455/5521,7.15,7.3,7.13,7.21,2.348066,1.0045148E7,33,002676,20260304
002100.SZ,天康生物,7.95,1.4030612244898,7.17,7.16,0.1396648,7.24,7.12,4457/5521,7.16,7.24,7.12,7.17,1.675977,2.71755E7,33,002100,20260304
300281.SZ,金明精机,7.41,0.2706359945872864,7.24,7.14,-0.41265475,7.34,7.12,4457/5521,7.14,7.34,7.12,7.24,3.026134,4533800,33,300281,20260304
600212.SH,绿能慧充,7.06,-5.740987983978646,7.28,7.12,0.4137931,7.34,7.12,4457/5521,7.12,7.34,7.12,7.28,3.034482,7724886,17,600212,20260304
600784.SH,鲁银投资,7.5,-0.924702774108326,7.23,7.15,0.69637883,7.35,7.12,4457/5521,7.15,7.35,7.12,7.23,3.203342,1.0825019E7,17,600784,20260304
601118.SH,海南橡胶,7.19,1.6973125884016989,7.48,7.19,0.94466937,7.59,7.12,4457/5521,7.19,7.59,7.12,7.48,6.34278,9.5133746E7,17,601118,20260304
601186.SH,中国铁建,6.75,-0.5891016200294557,7.14,7.24,-1.51724138,7.25,7.12,4457/5521,7.24,7.25,7.12,7.14,1.793103,1.22505314E8,17,601186,20260304
603113.SH,金能科技,6.71,-9.932885906040273,7.18,7.27,-0.69156293,7.31,7.12,4457/5521,7.27,7.31,7.12,7.18,2.627939,1.677867E7,17,603113,20260304
002105.SZ,信隆健康,6.79,1.6467065868263522,7.27,7.21,0.27586207,7.36,7.11,4464/5521,7.21,7.36,7.11,7.27,3.448275,8586802,33,002105,20260304
603717.SH,天域生物,7.54,10.072992700729934,7.26,7.16,0.13793103,7.31,7.11,4464/5521,7.16,7.31,7.11,7.26,2.75862,6961640,17,603717,20260304
000571.SZ,新大洲A,5.56,0.0,7.42,7.27,0,7.47,7.1,4466/5521,7.27,7.47,7.1,7.42,4.986522,2.2826867E7,33,000571,20260304
300640.SZ,德艺文创,7.4,2.3513139695712297,7.2,7.15,-0.41493776,7.34,7.1,4466/5521,7.15,7.34,7.1,7.2,3.319502,1.13883E7,33,300640,20260304
600720.SH,中交设计,6.66,-2.05882352941176,7.12,7.23,-1.92837466,7.25,7.1,4466/5521,7.23,7.25,7.1,7.12,2.066115,1.6493294E7,17,600720,20260304
600821.SH,金开新能,7.8,-10.03460207612457,7.87,7.1,10.06993007,7.87,7.1,4466/5521,7.1,7.87,7.1,7.87,10.76923,2.90118176E8,17,600821,20260304
601998.SH,中信银行,8.41,0.1190476190476165,7.16,7.23,-1.64835165,7.25,7.1,4466/5521,7.23,7.25,7.1,7.16,2.060439,7.2906597E7,17,601998,20260304
600403.SH,大有能源,5.79,-2.03045685279188,7.26,7.76,-7.8680203,7.76,7.09,4471/5521,7.76,7.76,7.09,7.26,8.502538,1.23915145E8,17,600403,20260304
000421.SZ,南京公用,6.33,-1.0937500000000044,7.19,7.72,-6.98576973,7.73,7.08,4472/5521,7.72,7.73,7.08,7.19,8.408796,6.1917622E7,33,000421,20260304
601139.SH,深圳燃气,6.93,-1.7021276595744697,7.3,7.95,-7.24269377,7.95,7.08,4472/5521,7.95,7.95,7.08,7.3,11.054637,1.30517618E8,17,601139,20260304
603569.SH,长久物流,6.69,-0.4464285714285619,7.12,7.38,-4.30107527,7.39,7.08,4472/5521,7.38,7.39,7.08,7.12,4.166666,9926920,17,603569,20260304
000713.SZ,国投丰乐,6.5,-2.6946107784431095,7.34,7.1,3.23488045,7.41,7.07,4475/5521,7.1,7.41,7.07,7.34,4.781997,5.9208366E7,33,000713,20260304
603980.SH,吉华集团,6.35,2.584814216478178,7.54,7.08,3.57142857,7.84,7.07,4475/5521,7.08,7.84,7.07,7.54,10.576923,8.1951382E7,17,603980,20260304
000919.SZ,金陵药业,7.39,0.9562841530054562,7.14,7.2,-1.10803324,7.24,7.06,4477/5521,7.2,7.24,7.06,7.14,2.493074,9365116,33,000919,20260304
000930.SZ,中粮科技,6.08,0.8291873963515725,7.1,7.23,-1.52565881,7.39,7.06,4477/5521,7.23,7.39,7.06,7.1,4.576976,8.072676E7,33,000930,20260304
600019.SH,宝钢股份,6.31,-2.6234567901234693,7.1,7.16,-1.11420613,7.23,7.06,4477/5521,7.16,7.23,7.06,7.1,2.367688,1.61845318E8,17,600019,20260304
300040.SZ,九洲集团,7.22,-3.0872483221476568,7.52,7.1,3.86740331,7.63,7.05,4480/5521,7.1,7.63,7.05,7.52,8.011049,7.9462368E7,33,300040,20260304
300076.SZ,GQY视讯,,,7.28,7.2,0.13755158,7.42,7.05,4480/5521,7.2,7.42,7.05,7.28,5.089408,8438484,33,300076,20260304
603559.SH,ST通脉,7.64,4.945054945054937,7.17,7.15,-0.82987552,7.27,7.05,4480/5521,7.15,7.27,7.05,7.17,3.042876,6287698,22,603559,20260304
600028.SH,中国石化,5.39,-0.5535055350553552,7.4,8.1,-5.37084399,8.11,7.04,4483/5521,8.1,8.11,7.04,7.4,13.682864,1.23381456E9,17,600028,20260304
603999.SH,读者传媒,6.71,-0.14880952380952064,7.11,7.17,-1.79558011,7.29,7.04,4483/5521,7.17,7.29,7.04,7.11,3.453038,1.2290227E7,17,603999,20260304
000159.SZ,国际实业,6.5,0.0,7.25,7.65,-7.17029449,7.65,7.03,4485/5521,7.65,7.65,7.03,7.25,7.93854,6.9462622E7,33,000159,20260304
300313.SZ,*ST天山,8.51,-1.390498261877184,7.12,7.12,-0.28011204,7.32,7.03,4485/5521,7.12,7.32,7.03,7.12,4.061624,1637500,33,300313,20260304
300511.SZ,雪榕生物,8.03,-2.5485436893203985,7.11,7.06,0.28208745,7.23,7.03,4485/5521,7.06,7.23,7.03,7.11,2.820874,2.8402603E7,33,300511,20260304
300284.SZ,苏交科,6.76,0.5952380952380958,7.06,7.04,-0.56338028,7.22,7.02,4488/5521,7.04,7.22,7.02,7.06,2.816901,7579680,33,300284,20260304
601128.SH,常熟银行,7.32,-0.8130081300812956,7.08,7.13,-1.25523013,7.15,7.02,4488/5521,7.13,7.15,7.02,7.08,1.81311,5.6471948E7,17,601128,20260304
002200.SZ,*ST交投,7.58,-0.39421813403416883,7.31,7.19,1.52777778,7.34,7.01,4490/5521,7.19,7.34,7.01,7.31,4.583333,1765356,33,002200,20260304
600223.SH,福瑞达,6.55,-0.4559270516717363,7.02,7.1,-1.40449438,7.14,7.01,4490/5521,7.1,7.14,7.01,7.02,1.825842,6989020,17,600223,20260304
601398.SH,工商银行,7.45,-0.2677376171352018,7.08,7.1,-0.56179775,7.12,7.01,4490/5521,7.1,7.12,7.01,7.08,1.544943,3.78868061E8,17,601398,20260304
000605.SZ,渤海股份,7.2,0.9817671809256702,7.04,7.12,-1.67597765,7.16,7,4493/5521,7.12,7.16,7,7.04,2.234636,6741260,33,000605,20260304
002301.SZ,齐心集团,6.9,0.7299270072992805,7.05,7.02,-0.98314607,7.15,7,4493/5521,7.02,7.15,7,7.05,2.106741,1.2075907E7,33,002301,20260304
002685.SZ,华东重机,9.15,9.975961538461538,7.13,7.05,0.14044944,7.25,7,4493/5521,7.05,7.25,7,7.13,3.511235,1.8183905E7,33,002685,20260304
300271.SZ,华宇软件,6.34,-0.3144654088050387,7.07,7.11,-1.6689847,7.22,7,4493/5521,7.11,7.22,7,7.07,3.059805,1.5418491E7,33,300271,20260304
300737.SZ,科顺股份,6.81,-0.14662756598241458,7.1,7,-0.83798883,7.39,7,4493/5521,7,7.39,7,7.1,5.446927,2.6057231E7,33,300737,20260304
600399.SH,抚顺特钢,5.47,-2.146690518783544,7.26,7.05,0.97357441,7.47,7,4493/5521,7.05,7.47,7,7.26,6.536856,1.25155135E8,17,600399,20260304
601339.SH,百隆东方,9.29,5.688282138794085,7.09,7.25,-3.66847826,7.33,7,4493/5521,7.25,7.33,7,7.09,4.483695,1.951081E7,17,601339,20260304
000404.SZ,长虹华意,8.28,-0.12062726176115546,7.03,7.12,-1.54061625,7.15,6.99,4500/5521,7.12,7.15,6.99,7.03,2.240896,1.4551301E7,33,000404,20260304
000753.SZ,漳州发展,6.67,2.1439509954058145,7.28,7.06,1.67597765,7.44,6.99,4500/5521,7.06,7.44,6.99,7.28,6.284916,3.3030318E7,33,000753,20260304
000953.SZ,河化股份,6.99,1.0115606936416226,7.27,7.07,1.11265647,7.38,6.99,4500/5521,7.07,7.38,6.99,7.27,5.4242,1.2078401E7,33,000953,20260304
002693.SZ,*ST双成,8.58,-0.3484320557491215,7.1,7,-0.83798883,7.16,6.99,4500/5521,7,7.16,6.99,7.1,2.374301,4112600,33,002693,20260304
002198.SZ,嘉应制药,,,7.33,7,3.82436261,7.35,6.98,4504/5521,7,7.35,6.98,7.33,5.240793,2.5058504E7,33,002198,20260304
600517.SH,国网英大,5.92,-7.788161993769471,7.2,7.01,1.4084507,7.28,6.98,4504/5521,7.01,7.28,6.98,7.2,4.225352,5.4648434E7,17,600517,20260304
000089.SZ,深圳机场,7.13,0.2812939521800221,6.97,7.08,-1.96905767,7.15,6.97,4506/5521,7.08,7.15,6.97,6.97,2.531645,1.8131832E7,33,000089,20260304
002909.SZ,集泰股份,6.69,-0.1492537313432804,7.08,7.06,-0.14104372,7.22,6.97,4506/5521,7.06,7.22,6.97,7.08,3.526093,1.0623836E7,33,002909,20260304
600215.SH,派斯林,6.84,5.718701700154562,7.05,7.09,-1.3986014,7.19,6.97,4506/5521,7.09,7.19,6.97,7.05,3.076923,9223685,17,600215,20260304
300044.SZ,*ST赛为,6.44,2.875399361022374,7.55,6.99,4.86111111,7.57,6.96,4509/5521,6.99,7.57,6.96,7.55,8.472222,4.172385E7,33,300044,20260304
300209.SZ,行云科技,17.47,2.583675866118601,7.49,6.98,4.90196078,7.53,6.96,4509/5521,6.98,7.53,6.96,7.49,7.983193,3.5608185E7,33,300209,20260304
300269.SZ,联建光电,6.3,0.6389776357827482,7.2,7.01,1.12359551,7.31,6.96,4509/5521,7.01,7.31,6.96,7.2,4.91573,3.16493E7,33,300269,20260304
600177.SH,雅戈尔,7.69,1.9893899204244079,6.98,7.2,-3.32409972,7.21,6.96,4509/5521,7.12,7.13,6.88,6.9,3.462603,4.7465668E7,17,600177,20260304
000928.SZ,中钢国际,6.5,-0.6116207951070342,7.21,6.99,1.98019802,7.35,6.95,4513/5521,6.99,7.35,6.95,7.21,5.657708,6.2776322E7,33,000928,20260304
002012.SZ,凯恩股份,6.69,-0.8888888888888831,7.02,6.95,-0.42553191,7.18,6.95,4513/5521,6.95,7.18,6.95,7.02,3.262411,1.5127275E7,33,002012,20260304
603300.SH,海南华铁,6.58,-2.66272189349112,6.97,6.99,-1.27478754,7.09,6.95,4513/5521,6.99,7.09,6.95,6.97,1.983002,5.6953385E7,17,603300,20260304
600682.SH,南京新百,6.77,-1.0233918128655013,7.04,7,0.14224751,7.09,6.94,4516/5521,7,7.09,6.94,7.04,2.133712,1.4191644E7,17,600682,20260304
002591.SZ,恒大高新,8.36,9.999999999999996,7.21,7.17,0.13888889,7.32,6.93,4517/5521,7.17,7.32,6.93,7.21,5.416666,1.15662E7,33,002591,20260304
600903.SH,贵州燃气,6.47,-0.46153846153846534,7.15,7.63,-7.14285714,7.63,6.93,4517/5521,7.63,7.63,6.93,7.15,9.090909,9.1384479E7,17,600903,20260304
605138.SH,盛泰集团,7.7,2.393617021276604,7.02,7,-0.84745763,7.11,6.93,4517/5521,7,7.11,6.93,7.02,2.542372,3165100,17,605138,20260304
920809.BJ,安达科技,8.96,-0.444444444444435,7.04,6.93,0.71530758,7.15,6.93,4517/5521,6.93,7.15,6.93,7.04,3.147353,1.260017E7,151,920809,20260304
600507.SH,方大特钢,5.82,-1.6891891891891833,6.97,7.02,-2.10674157,7.13,6.92,4521/5521,7.02,7.13,6.92,6.97,2.949438,3.677946E7,17,600507,20260304
688223.SH,晶科能源,6.65,3.5825545171339632,7.1,7.02,-2.06896552,7.2,6.92,4521/5521,7.02,7.2,6.92,7.1,3.862068,1.9948381E8,17,688223,20260304
000027.SZ,深圳能源,6.84,-1.7241379310344842,6.98,7.08,-1.13314448,7.13,6.91,4523/5521,7.08,7.13,6.91,6.98,3.116147,5.118181E7,33,000027,20260304
002031.SZ,巨轮智能,5.71,1.2411347517730547,7.26,7,2.6874116,7.34,6.91,4523/5521,7,7.34,6.91,7.26,6.082036,7.1939226E7,33,002031,20260304
688469.SH,芯联集成,6.89,2.0740740740740695,6.94,6.95,-1.42045455,7.08,6.91,4523/5521,6.95,7.08,6.91,6.94,2.414772,1.12359463E8,17,688469,20260304
002682.SZ,龙洲股份,6.01,1.6920473773265592,7.08,7.67,-7.69230769,7.67,6.9,4526/5521,7.67,7.67,6.9,7.08,10.039113,1.47778669E8,33,002682,20260304
301175.SZ,中科环保,6.16,-0.9646302250803797,7.18,6.94,1.98863636,7.33,6.9,4526/5521,6.94,7.33,6.9,7.18,6.107954,8.7924322E7,33,301175,20260304
002204.SZ,大连重工,6.85,-0.2911208151382891,6.91,6.9,-1.28571429,7.05,6.89,4528/5521,6.9,7.05,6.89,6.91,2.285714,3.2172995E7,33,002204,20260304
920964.BJ,润农节水,6.07,0.16501650165017617,7.02,7.18,-0.98730606,7.27,6.88,4529/5521,7.18,7.27,6.88,7.02,5.500705,7864389,151,920964,20260304
600603.SH,广汇物流,5.86,0.34246575342466545,7.03,7,-0.42492918,7.1,6.87,4530/5521,7,7.1,6.87,7.03,3.25779,1.715886E7,17,600603,20260304
000679.SZ,大连友谊,7.24,1.971830985915501,6.9,6.99,-1.98863636,7.07,6.86,4531/5521,6.99,7.07,6.86,6.9,2.982954,6233900,33,000679,20260304
600289.SH,ST信通,6.21,-4.900459418070448,6.93,6.86,-1,7.01,6.86,4531/5521,6.86,7.01,6.86,6.93,2.142857,5358101,22,600289,20260304
000598.SZ,兴蓉环境,6.9,-1.0043041606886571,6.87,6.97,-1.57593123,6.98,6.85,4533/5521,6.97,6.98,6.85,6.87,1.862464,4.3847681E7,33,000598,20260304
002564.SZ,天沃科技,6.17,-3.5937500000000067,6.97,6.85,0.14367816,7.04,6.85,4533/5521,6.85,7.04,6.85,6.97,2.729885,1.0607378E7,33,002564,20260304
600235.SH,民丰特纸,6.95,1.0174418604651205,6.91,6.9,-1.70697013,7.05,6.84,4535/5521,6.9,7.05,6.84,6.91,2.987197,7886900,17,600235,20260304
601999.SH,出版传媒,7.31,-1.8791946308724907,6.9,7.03,-2.54237288,7.07,6.84,4535/5521,7.03,7.07,6.84,6.9,3.248587,6390847,17,601999,20260304
600063.SH,皖维高新,7.04,-1.8131101813110166,6.86,6.92,-2,7.07,6.83,4537/5521,6.92,7.07,6.83,6.86,3.428571,3.5442541E7,17,600063,20260304
002707.SZ,众信旅游,6.29,-0.4746835443038014,6.9,6.87,-0.71942446,7.01,6.82,4538/5521,6.87,7.01,6.82,6.9,2.733812,1.996568E7,33,002707,20260304
003012.SZ,东鹏控股,5.88,-1.5075376884422087,6.87,6.96,-1.99714693,7.05,6.82,4538/5521,6.96,7.05,6.82,6.87,3.281027,1.00117E7,33,003012,20260304
300376.SZ,易事特,5.82,-1.8549747048903784,7.11,6.88,3.19303338,7.31,6.82,4538/5521,6.88,7.31,6.82,7.11,7.111756,3.8414634E7,33,300376,20260304
300464.SZ,星徽股份,7.91,0.0,6.94,6.85,0.14430014,7.01,6.82,4538/5521,6.85,7.01,6.82,6.94,2.741702,1.080335E7,33,300464,20260304
600167.SH,联美控股,6.67,-0.5961251862891213,6.84,7.03,-2.7027027,7.04,6.82,4538/5521,7.03,7.04,6.82,6.84,3.129445,1.50875E7,17,600167,20260304
688238.SH,和元生物,6.79,-0.585651537335286,6.88,6.86,0,7.02,6.82,4538/5521,6.86,7.02,6.82,6.88,2.906976,7860496,17,688238,20260304
920057.BJ,百甲科技,6.18,1.4778325123152687,6.89,6.9,-1.43061516,7.1,6.82,4538/5521,6.9,7.1,6.82,6.89,4.005722,2839631,151,920057,20260304
002427.SZ,尤夫股份,5.79,-0.3442340791738309,6.83,6.93,-2.42857143,7.01,6.81,4545/5521,6.93,7.01,6.81,6.83,2.857142,1.7524467E7,33,002427,20260304
002107.SZ,沃华医药,7.31,-3.0503978779840906,6.86,6.83,-0.29069767,6.94,6.8,4546/5521,6.684,6.794,6.654,6.71,2.034883,8242940,33,002107,20260304
603817.SH,海峡环保,7.36,0.27247956403270385,6.88,6.96,-1.57367668,6.96,6.8,4546/5521,6.96,6.96,6.8,6.88,2.288984,1.2826189E7,17,603817,20260304
601956.SH,东贝集团,5.93,-0.5033557046979907,6.86,6.78,-1.01010101,6.96,6.78,4548/5521,6.78,6.96,6.78,6.86,2.597402,7322412,17,601956,20260304
603168.SH,莎普爱思,6.74,0.0,6.88,6.9,-1.00719424,6.98,6.78,4548/5521,6.9,6.98,6.78,6.88,2.877697,6842806,17,603168,20260304
002206.SZ,海利得,6.18,-0.1615508885298978,6.85,6.82,-0.72463768,6.93,6.77,4550/5521,6.82,6.93,6.77,6.85,2.31884,2.1915522E7,33,002206,20260304
300307.SZ,慈星股份,7.04,2.028985507246372,6.83,6.92,-1.44300144,6.96,6.77,4550/5521,6.92,6.96,6.77,6.83,2.741702,1.1624432E7,33,300307,20260304
600222.SH,太龙药业,6.8,-3.2716927453769618,6.87,6.85,-0.14534884,6.92,6.77,4550/5521,6.85,6.92,6.77,6.87,2.180232,1.3104606E7,17,600222,20260304
600973.SH,宝胜股份,7.28,-2.150537634408604,7.21,6.81,2.12464589,7.31,6.77,4550/5521,6.81,7.31,6.77,7.21,7.648725,4.1447201E7,17,600973,20260304
600116.SH,三峡水利,6.58,-0.3030303030302966,6.81,6.78,-0.43859649,6.89,6.76,4554/5521,6.78,6.89,6.76,6.81,1.900584,2.1858343E7,17,600116,20260304
603111.SH,康尼机电,6.92,1.0218978102189824,6.79,6.91,-2.72206304,6.98,6.76,4554/5521,6.91,6.98,6.76,6.79,3.151862,1.3932497E7,17,603111,20260304
000978.SZ,桂林旅游,6.67,-1.9117647058823515,6.84,6.82,-0.1459854,6.91,6.75,4556/5521,6.82,6.91,6.75,6.84,2.335766,7098500,33,000978,20260304
002412.SZ,汉森制药,6.99,-0.28530670470755454,6.83,6.91,-2.00860832,6.97,6.75,4556/5521,6.91,6.97,6.75,6.83,3.156384,1.959278E7,33,002412,20260304
300261.SZ,雅本化学,5.96,0.0,6.82,6.77,-0.14641288,6.96,6.75,4556/5521,6.77,6.96,6.75,6.82,3.07467,1.8871971E7,33,300261,20260304
000702.SZ,正虹科技,7.13,1.8571428571428557,6.84,6.81,0.58823529,6.93,6.73,4559/5521,6.81,6.93,6.73,6.84,2.941176,5626700,33,000702,20260304
002291.SZ,遥望科技,6.7,0.7518796992481176,6.85,6.81,-1.15440115,6.96,6.73,4559/5521,6.81,6.96,6.73,6.85,3.318903,3.6359802E7,33,002291,20260304
600735.SH,ST新华锦,7.4,-5.0064184852374805,6.73,6.73,,6.73,6.73,4559/5521,6.73,6.73,6.73,6.73,,,22,600735,20260304
605199.SH,ST葫芦娃,6.79,-0.29368575624081605,6.82,6.89,-2.01149425,6.9,6.73,4559/5521,6.89,6.9,6.73,6.82,2.442528,3624200,22,605199,20260304
002277.SZ,友阿股份,6.17,5.65068493150685,7.02,6.94,0.14265335,7.07,6.72,4563/5521,6.94,7.07,6.72,7.02,4.992867,1.8719132E7,33,002277,20260304
600257.SH,大湖股份,6.1,-0.48939641109298937,6.78,6.89,-1.45348837,6.97,6.72,4563/5521,6.89,6.97,6.72,6.78,3.63372,2.1331871E7,17,600257,20260304
600084.SH,*ST尼雅,5.35,-4.973357015985795,6.96,6.84,1.01596517,6.99,6.71,4565/5521,6.84,6.99,6.71,6.96,4.06386,9658800,22,600084,20260304
603385.SH,惠达卫浴,6.76,0.5952380952380958,6.74,6.82,-2.74170274,6.94,6.71,4565/5521,6.82,6.94,6.71,6.74,3.318903,5540400,17,603385,20260304
002381.SZ,双箭股份,6.72,-0.1485884101040219,6.77,6.8,-0.87847731,6.9,6.7,4567/5521,6.8,6.9,6.7,6.77,2.928257,6846519,33,002381,20260304
002575.SZ,群兴玩具,6.81,-0.5839416058394166,6.93,6.77,0,7.03,6.7,4567/5521,6.77,7.03,6.7,6.93,4.761904,3.4386575E7,33,002575,20260304
300405.SZ,科隆股份,6.89,3.143712574850299,6.95,6.77,1.31195335,7.07,6.7,4567/5521,6.77,7.07,6.7,6.95,5.393586,1.259756E7,33,300405,20260304
600015.SH,华夏银行,6.89,-4.702627939142472,6.75,6.78,-0.58910162,6.79,6.7,4567/5521,6.78,6.79,6.7,6.75,1.325478,7.5868839E7,17,600015,20260304
601636.SH,旗滨集团,6.33,-2.764976958525341,6.81,7.05,-4.62184874,7.18,6.7,4567/5521,7.05,7.18,6.7,6.81,6.722689,1.03845718E8,17,601636,20260304
002120.SZ,韵达股份,7.86,-0.12706480304955256,6.7,6.8,-2.47452693,6.84,6.69,4572/5521,6.8,6.84,6.69,6.7,2.183406,4.6036135E7,33,002120,20260304
002327.SZ,富安娜,7.37,0.4087193460490497,6.77,6.85,-0.87847731,6.9,6.69,4572/5521,6.85,6.9,6.69,6.77,3.07467,8016752,33,002327,20260304
300332.SZ,天壕能源,5.75,-1.3722126929674112,7.08,7.78,-2.20994475,7.85,6.68,4574/5521,7.78,7.85,6.68,7.08,16.16022,2.47174584E8,33,300332,20260304
600561.SH,江西长运,6.94,-0.8571428571428515,6.72,6.81,-2.89017341,6.92,6.68,4574/5521,6.81,6.92,6.68,6.72,3.468208,5476900,17,600561,20260304
920090.BJ,*ST同辉,4.85,0.0,6.74,6.82,-1.17302053,7.16,6.68,4574/5521,6.82,7.16,6.68,6.74,7.038123,1.6666507E7,151,920090,20260304
000949.SZ,新乡化纤,8.08,3.0612244897959213,7.25,6.69,5.6851312,7.45,6.67,4577/5521,6.69,7.45,6.67,7.25,11.370262,1.02379318E8,33,000949,20260304
600796.SH,钱江生化,6.34,-0.3144654088050387,6.76,6.77,-1.31386861,6.88,6.67,4577/5521,6.77,6.88,6.67,6.76,3.065693,1.3844E7,17,600796,20260304
000531.SZ,穗恒运A,7.05,-3.159340659340665,6.76,6.71,-0.14771049,6.86,6.65,4579/5521,6.71,6.86,6.65,6.76,3.10192,1.8660933E7,33,000531,20260304
000800.SZ,一汽解放,6.73,-4.267425320056896,6.65,6.77,-2.49266862,6.78,6.65,4579/5521,6.77,6.78,6.65,6.65,1.906158,2.4708131E7,33,000800,20260304
002404.SZ,嘉欣丝绸,7.04,1.7341040462427761,6.7,6.76,-1.75953079,6.79,6.65,4579/5521,6.46,6.49,6.35,6.4,2.052785,1.003412E7,33,002404,20260304
000911.SZ,*ST广糖,5.73,-4.97512437810945,6.7,6.85,-3.87374462,6.91,6.64,4582/5521,6.85,6.91,6.64,6.7,3.873744,2.2418441E7,33,000911,20260304
000035.SZ,中国天楹,6.53,-2.53731343283582,7.57,6.9,2.71370421,7.67,6.63,4583/5521,6.9,7.67,6.63,7.57,14.111261,2.3932246E8,33,000035,20260304
002027.SZ,分众传媒,6.29,-2.0249221183800605,6.67,6.75,-1.62241888,6.78,6.63,4583/5521,6.75,6.78,6.63,6.67,2.212389,1.25366516E8,33,002027,20260304
300010.SZ,豆神教育,,,6.9,6.66,1.7699115,6.9,6.63,4583/5521,6.66,6.9,6.63,6.9,3.9823,4.8438052E7,33,300010,20260304
600029.SH,南方航空,5.41,-1.6363636363636338,6.66,6.72,-1.7699115,6.9,6.63,4583/5521,6.72,6.9,6.63,6.66,3.9823,1.00803221E8,17,600029,20260304
002513.SZ,蓝丰生化,6.51,1.086956521739121,6.83,6.86,-0.72674419,6.95,6.62,4587/5521,6.86,6.95,6.62,6.83,4.796511,1.58086E7,33,002513,20260304
300670.SZ,大烨智能,7.24,0.6954102920723202,7.09,6.67,4.41826215,7.46,6.62,4587/5521,6.67,7.46,6.62,7.09,12.371134,2.475281E7,33,300670,20260304
600778.SH,友好集团,6.83,1.7883755588673638,6.72,6.71,-1.03092784,6.79,6.62,4587/5521,6.71,6.79,6.62,6.72,2.503681,7715030,17,600778,20260304
601619.SH,嘉泽新能,5.64,-2.0833333333333353,7.04,6.62,5.38922156,7.07,6.62,4587/5521,6.62,7.07,6.62,7.04,6.736526,1.97679252E8,17,601619,20260304
601077.SH,渝农商行,7.28,-0.9523809523809442,6.75,6.68,0.59612519,6.77,6.61,4591/5521,6.68,6.77,6.61,6.75,2.3845,9.1172268E7,17,601077,20260304
603021.SH,ST华鹏,7.5,0.0,6.64,6.61,-4.59770115,6.83,6.61,4591/5521,6.61,6.83,6.61,6.64,3.160919,1.7015938E7,22,603021,20260304
002187.SZ,广百股份,6.19,0.3241491085899589,6.7,6.62,0,6.73,6.6,4593/5521,6.62,6.73,6.6,6.7,1.940298,1.12929E7,33,002187,20260304
601328.SH,交通银行,6.8,-2.1582733812949693,6.66,6.74,-1.18694362,6.74,6.6,4593/5521,6.74,6.74,6.6,6.66,2.077151,2.54138271E8,17,601328,20260304
600123.SH,兰花科创,7.08,2.6086956521739086,6.88,6.84,-1.43266476,6.99,6.59,4595/5521,6.84,6.99,6.59,6.88,5.730659,7.6041799E7,17,600123,20260304
603828.SH,*ST利达,4.79,5.043859649122817,6.86,6.61,1.93164933,6.86,6.59,4595/5521,6.61,6.86,6.59,6.86,4.011887,3581980,22,603828,20260304
000751.SZ,锌业股份,6.11,0.0,6.98,6.58,0.43165468,7.1,6.58,4597/5521,6.58,7.1,6.58,6.98,7.482014,1.38840604E8,33,000751,20260304
300128.SZ,锦富技术,6.45,4.707792207792208,6.74,6.64,-0.14814815,6.94,6.58,4597/5521,6.64,6.94,6.58,6.74,5.333333,2.5886972E7,33,300128,20260304
601801.SH,皖新传媒,6.04,-0.9836065573770428,6.63,6.84,-3.91304348,6.88,6.58,4597/5521,6.84,6.88,6.58,6.63,4.347826,2.2427758E7,17,601801,20260304
002634.SZ,*ST棒杰,5.31,4.940711462450594,6.69,6.81,-2.76162791,6.95,6.57,4600/5521,6.81,6.95,6.57,6.69,5.523255,1.368318E7,33,002634,20260304
300883.SZ,龙利得,7.12,2.890173410404627,6.63,6.6,0,6.71,6.57,4600/5521,6.6,6.71,6.57,6.63,2.111613,7714616,33,300883,20260304
000599.SZ,青岛双星,5.96,3.4722222222222254,6.73,6.71,0.29806259,6.76,6.56,4602/5521,6.71,6.76,6.56,6.73,2.980625,2.088715E7,33,000599,20260304
002328.SZ,新朋股份,10.35,-2.9990627928772287,6.62,6.58,0.15128593,6.72,6.55,4603/5521,6.58,6.72,6.55,6.62,2.57186,1.4132754E7,33,002328,20260304
600755.SH,厦门国贸,6.19,1.6420361247947544,6.65,6.8,-2.77777778,6.8,6.55,4603/5521,6.8,6.8,6.55,6.65,3.65497,5.5909251E7,17,600755,20260304
000862.SZ,银星能源,6.47,-3.143712574850299,7.34,6.6,10.04497751,7.34,6.54,4605/5521,6.6,7.34,6.54,7.34,11.994002,6.8123279E7,33,000862,20260304
002343.SZ,慈文传媒,6.2,-1.7432646592709895,6.62,6.61,-1.34128167,6.72,6.54,4605/5521,6.61,6.72,6.54,6.62,2.682563,1.38439E7,33,002343,20260304
002355.SZ,兴民智通,6.0,1.0101010101010035,6.66,6.62,0.60422961,6.75,6.54,4605/5521,6.62,6.75,6.54,6.66,3.172205,3.571218E7,33,002355,20260304
002686.SZ,亿利达,7.42,-1.591511936339524,6.69,6.58,0.29985007,6.78,6.54,4605/5521,6.58,6.78,6.54,6.69,3.5982,1.0682281E7,33,002686,20260304
301215.SZ,中汽股份,6.25,0.16025641025640683,6.6,6.7,-1.93164933,6.74,6.54,4605/5521,6.7,6.74,6.54,6.6,2.971768,1.5709668E7,33,301215,20260304
600155.SH,华创云信,6.27,1.4563106796116483,6.54,6.67,-3.11111111,6.73,6.54,4605/5521,6.67,6.73,6.54,6.54,2.814814,3.6727768E7,17,600155,20260304
600906.SH,财达证券,6.42,5.766062602965397,6.55,6.71,-3.10650888,6.74,6.53,4611/5521,6.71,6.74,6.53,6.55,3.106508,4.09031E7,17,600906,20260304
601288.SH,农业银行,6.92,-0.2881844380403525,6.68,6.72,-0.74294205,6.73,6.53,4611/5521,6.72,6.73,6.53,6.68,2.971768,5.88819034E8,17,601288,20260304
000822.SZ,山东海化,5.95,-2.4590163934426146,6.61,6.75,-8.70165746,6.83,6.52,4613/5521,6.75,6.83,6.52,6.61,4.281767,8.2417032E7,33,000822,20260304
002188.SZ,中天服务,7.22,4.941860465116277,6.66,6.6,-0.59701493,6.74,6.52,4613/5521,6.6,6.74,6.52,6.66,3.283582,1.1081711E7,33,002188,20260304
600048.SH,保利发展,6.14,0.0,6.59,6.66,-1.34730539,6.7,6.52,4613/5521,6.66,6.7,6.52,6.59,2.69461,1.69397856E8,17,600048,20260304
600073.SH,光明肉业,5.88,-0.6756756756756763,6.54,6.63,-1.65413534,6.67,6.52,4613/5521,6.63,6.67,6.52,6.54,2.255639,1.4748683E7,17,600073,20260304
603060.SH,国检集团,6.68,-1.764705882352943,6.59,6.55,-1.1994003,6.67,6.52,4613/5521,6.55,6.67,6.52,6.59,2.248875,9167157,17,603060,20260304
002556.SZ,辉隆股份,6.33,0.3169572107765525,6.75,6.55,2.11800303,6.81,6.51,4618/5521,6.55,6.81,6.51,6.75,4.538577,3.2586174E7,33,002556,20260304
600006.SH,东风股份,6.71,-0.2971768202080306,6.86,6.65,2.54110613,7.05,6.51,4618/5521,6.65,7.05,6.51,6.86,8.071748,3.4679116E7,17,600006,20260304
000958.SZ,电投产融,5.92,-1.1686143572621082,6.57,6.51,-0.30349014,6.63,6.5,4620/5521,6.51,6.63,6.5,6.57,1.972685,2.8770729E7,33,000958,20260304
002274.SZ,华昌化工,6.75,-0.14792899408283708,6.61,6.6,-1.19581465,6.75,6.5,4620/5521,6.6,6.75,6.5,6.61,3.73692,2.917552E7,33,002274,20260304
600683.SH,京投发展,14.5,5.762217359591532,7.03,7.06,0.42857143,7.06,6.5,4620/5521,7.06,7.06,6.5,7.03,8,3.19131E7,17,600683,20260304
300289.SZ,利德曼,6.71,-0.7396449704141986,6.6,6.57,-0.15128593,6.62,6.49,4623/5521,6.57,6.62,6.49,6.6,1.966717,4967052,33,300289,20260304
300352.SZ,北信源,,,6.63,6.5,1.37614679,6.74,6.49,4623/5521,6.5,6.74,6.49,6.63,3.822629,4.4971751E7,33,300352,20260304
002562.SZ,兄弟科技,5.87,0.17064846416381887,6.65,6.56,-2.20588235,6.85,6.48,4625/5521,6.56,6.85,6.48,6.65,5.441176,5.1632911E7,33,002562,20260304
603359.SH,*ST东珠,4.32,-5.054945054945045,6.63,6.61,1.06707317,6.64,6.48,4625/5521,6.61,6.64,6.48,6.63,2.439024,1.1923061E7,22,603359,20260304
603815.SH,交建股份,7.28,3.5561877667140824,6.61,6.51,0.60882801,6.66,6.46,4627/5521,6.51,6.66,6.46,6.61,3.04414,1.1410783E7,17,603815,20260304
002529.SZ,*ST海源,7.74,1.4416775884665836,6.59,6.5,0.304414,6.63,6.45,4628/5521,6.5,6.63,6.45,6.59,2.739726,3023400,33,002529,20260304
300381.SZ,溢多利,6.92,-0.5747126436781614,6.49,6.55,-1.36778116,6.62,6.45,4628/5521,6.55,6.62,6.45,6.49,2.583586,7745722,33,300381,20260304
600125.SH,铁龙物流,6.14,1.3201320132013215,6.47,6.64,-3.86329866,6.66,6.45,4628/5521,6.64,6.66,6.45,6.47,3.120356,4.5243658E7,17,600125,20260304
600635.SH,大众公用,5.29,-3.6429872495446296,6.93,7.37,0.2894356,7.38,6.45,4628/5521,7.37,7.38,6.45,6.93,13.458755,3.81878443E8,17,600635,20260304
600638.SH,新黄浦,6.25,1.957585644371943,6.55,6.52,-0.45592705,6.6,6.45,4628/5521,6.52,6.6,6.45,6.55,2.279635,1.0037628E7,17,600638,20260304
002135.SZ,东南网架,8.51,8.132147395171534,6.81,6.48,3.96946565,6.82,6.44,4633/5521,6.48,6.82,6.44,6.81,5.801526,4.1289305E7,33,002135,20260304
605388.SH,均瑶健康,7.01,2.6354319180087806,6.5,6.46,-0.6116208,6.54,6.44,4633/5521,6.46,6.54,6.44,6.5,1.529051,4681599,17,605388,20260304
003032.SZ,*ST传智,6.54,-0.6079027355623106,6.55,6.42,0.4601227,6.58,6.42,4635/5521,6.42,6.58,6.42,6.55,2.453987,3426700,33,003032,20260304
300180.SZ,华峰超纤,5.28,-0.9380863039399592,6.54,6.43,-0.456621,6.64,6.42,4635/5521,6.43,6.64,6.42,6.54,3.348554,4.0439821E7,33,300180,20260304
600075.SH,新疆天业,6.86,0.0,6.5,6.47,-2.2556391,6.65,6.42,4635/5521,6.47,6.65,6.42,6.5,3.458646,2.9987564E7,17,600075,20260304
002762.SZ,*ST金比,8.71,3.4441805225653317,6.5,6.47,-0.45941807,6.62,6.41,4638/5521,6.47,6.62,6.41,6.5,3.215926,1392700,33,002762,20260304
300575.SZ,中旗股份,6.68,-0.2985074626865741,6.72,6.53,1.97268589,6.79,6.41,4638/5521,6.53,6.79,6.41,6.72,5.766312,1.2397718E7,33,300575,20260304
600256.SH,广汇能源,6.75,1.6566265060241012,6.88,7.1,-3.37078652,7.25,6.41,4638/5521,7.1,7.25,6.41,6.88,11.797752,8.54282163E8,17,600256,20260304
600351.SH,亚宝药业,7.08,2.3121387283237014,6.43,6.55,-1.83206107,6.56,6.41,4638/5521,6.55,6.56,6.41,6.43,2.290076,1.2167348E7,17,600351,20260304
002337.SZ,赛象科技,6.24,0.48309178743961756,6.54,6.44,0.77041602,6.6,6.4,4642/5521,6.44,6.6,6.4,6.54,3.081664,1.1685207E7,33,002337,20260304
002614.SZ,奥佳华,5.76,0.17391304347825717,6.48,6.5,-1.06870229,6.53,6.4,4642/5521,6.5,6.53,6.4,6.48,1.984732,1.2448464E7,33,002614,20260304
600780.SH,通宝能源,6.82,-1.445086705202307,6.52,6.5,0,6.6,6.4,4642/5521,6.5,6.6,6.4,6.52,3.067484,2.2464624E7,17,600780,20260304
601949.SH,中国出版,5.87,0.0,6.4,6.57,-3.03030303,6.59,6.4,4642/5521,6.57,6.59,6.4,6.4,2.878787,2.2089872E7,17,601949,20260304
002370.SZ,亚太药业,6.73,1.6616314199395819,6.49,6.45,0.30911901,6.57,6.39,4646/5521,6.45,6.57,6.39,6.49,2.782071,1.3665404E7,33,002370,20260304
300305.SZ,裕兴股份,6.76,1.197604790419163,6.64,6.43,1.9969278,6.67,6.39,4646/5521,6.43,6.67,6.39,6.64,4.301075,8917650,33,300305,20260304
300335.SZ,迪森股份,6.6,-0.7518796992481309,6.69,6.81,-3.04347826,6.87,6.39,4646/5521,6.81,6.87,6.39,6.69,6.956521,7.292302E7,33,300335,20260304
600707.SH,彩虹股份,8.09,-8.068181818181827,6.4,6.56,-3.7593985,6.85,6.39,4646/5521,6.56,6.85,6.39,6.4,6.917293,4.745153E7,17,600707,20260304
600820.SH,隧道股份,5.94,-1.4925373134328335,6.39,6.49,-1.99386503,6.53,6.39,4646/5521,6.49,6.53,6.39,6.39,2.147239,2.9916215E7,17,600820,20260304
002650.SZ,ST加加,7.86,2.2106631989596868,6.38,6.45,-1.39103555,6.54,6.38,4651/5521,6.45,6.54,6.38,6.38,2.472952,3504450,33,002650,20260304
600185.SH,珠免集团,5.94,0.0,6.48,6.5,-1.36986301,6.61,6.38,4651/5521,6.5,6.61,6.38,6.48,3.500761,4.9132921E7,17,600185,20260304
600719.SH,大连热电,7.75,0.649350649350647,6.5,6.47,0.46367852,6.57,6.38,4651/5521,6.47,6.57,6.38,6.5,2.93663,9375602,17,600719,20260304
000153.SZ,丰原药业,6.45,-0.3091190108191588,6.44,6.51,-0.92307692,6.53,6.37,4654/5521,6.51,6.53,6.37,6.44,2.461538,8208875,33,000153,20260304
000932.SZ,华菱钢铁,4.64,-5.882352941176472,6.41,6.52,-2.58358663,6.59,6.37,4654/5521,6.52,6.59,6.37,6.41,3.343465,6.7112875E7,33,000932,20260304
002391.SZ,长青股份,6.64,0.6060606060606066,6.44,6.47,-0.30959752,6.54,6.37,4654/5521,6.47,6.54,6.37,6.44,2.631578,1.0745084E7,33,002391,20260304
002476.SZ,宝莫股份,5.84,-0.5110732538330536,6.55,6.97,-7.48587571,6.97,6.37,4654/5521,6.97,6.97,6.37,6.55,8.474576,4.6685889E7,33,002476,20260304
300350.SZ,华鹏飞,5.35,0.18726591760299227,6.73,6.55,3.2208589,6.73,6.37,4654/5521,6.55,6.73,6.37,6.73,5.521472,6.3451255E7,33,300350,20260304
300647.SZ,超频三,7.07,0.855920114122689,6.46,6.56,-2.41691843,6.65,6.37,4654/5521,6.56,6.65,6.37,6.46,4.229607,1.9956406E7,33,300647,20260304
601377.SH,兴业证券,6.07,1.845637583892623,6.41,6.47,-1.53609831,6.49,6.37,4654/5521,6.47,6.49,6.37,6.41,1.843317,9.5005237E7,17,601377,20260304
603779.SH,威龙股份,7.45,7.194244604316546,6.39,6.42,-1.69230769,6.55,6.36,4661/5521,6.42,6.55,6.36,6.39,2.923076,6465970,17,603779,20260304
000892.SZ,欢瑞世纪,4.96,1.4314928425357931,6.4,6.45,-1.99081164,6.56,6.35,4662/5521,6.45,6.56,6.35,6.4,3.215926,3.7263782E7,33,000892,20260304
600901.SH,江苏金租,6.9,-0.5763688760806921,6.41,6.38,-0.15576324,6.46,6.35,4662/5521,6.38,6.46,6.35,6.41,1.713395,2.9805165E7,17,600901,20260304
000707.SZ,双环科技,5.95,-0.9983361064891783,6.38,6.41,-1.08527132,6.53,6.34,4664/5521,6.41,6.53,6.34,6.38,2.945736,1.644017E7,33,000707,20260304
002746.SZ,仙坛股份,6.4,1.4263074484944651,6.35,6.37,-0.47021944,6.45,6.33,4665/5521,6.37,6.45,6.33,6.35,1.880877,1.7745193E7,33,002746,20260304
300175.SZ,ST朗源,6.13,-1.9200000000000017,6.52,6.38,1.71606864,6.57,6.32,4666/5521,6.38,6.57,6.32,6.52,3.900156,6451400,33,300175,20260304
600997.SH,开滦股份,5.89,-0.8417508417508537,6.6,6.6,-2.51107829,6.65,6.32,4666/5521,6.6,6.65,6.32,6.6,4.874446,4.406076E7,17,600997,20260304
000759.SZ,中百集团,5.49,0.0,6.31,6.45,-4.68277946,6.5,6.31,4668/5521,6.45,6.5,6.31,6.31,2.87009,2.2945401E7,33,000759,20260304
002587.SZ,奥拓电子,7.0,2.7900146842878177,6.37,6.33,-0.15673981,6.46,6.31,4668/5521,6.33,6.46,6.31,6.37,2.351097,1.8745655E7,33,002587,20260304
600724.SH,宁波富达,6.97,0.14367816091953717,6.34,6.5,-3.64741641,6.73,6.31,4668/5521,6.5,6.73,6.31,6.34,6.382978,1.7192801E7,17,600724,20260304
300343.SZ,ST联创,6.56,0.923076923076917,6.38,6.31,0.31446541,6.53,6.3,4671/5521,6.31,6.53,6.3,6.38,3.616352,2.327771E7,33,300343,20260304
600929.SH,雪天盐业,6.93,-0.8583690987124535,6.38,6.33,-0.3125,6.49,6.3,4671/5521,6.33,6.49,6.3,6.38,2.96875,1.9970058E7,17,600929,20260304
300182.SZ,捷成股份,5.6,-0.8849557522124019,6.32,6.28,-0.62893082,6.47,6.28,4673/5521,6.28,6.47,6.28,6.32,2.987421,1.77251558E8,33,300182,20260304
002442.SZ,龙星科技,6.24,-2.0408163265306105,6.36,6.33,0.31545741,6.58,6.27,4674/5521,6.33,6.58,6.27,6.36,4.889589,1.16781E7,33,002442,20260304
300299.SZ,富春股份,6.16,0.48939641109298937,6.36,6.31,0,6.46,6.27,4674/5521,6.31,6.46,6.27,6.36,2.987421,1.9257162E7,33,300299,20260304
920030.BJ,德众汽车,5.68,0.17636684303350594,6.27,6.47,-2.94117647,6.53,6.27,4674/5521,6.47,6.53,6.27,6.27,4.024767,1901262,151,920030,20260304
002467.SZ,二六三,6.82,1.0370370370370412,6.33,6.26,-2.46533128,6.52,6.26,4677/5521,6.26,6.52,6.26,6.33,4.006163,9.1475295E7,33,002467,20260304
000572.SZ,海马汽车,5.59,1.8214936247723068,6.33,6.29,-0.78369906,6.43,6.25,4678/5521,6.29,6.43,6.25,6.33,2.821316,3.7596323E7,33,000572,20260304
002044.SZ,美年健康,5.43,3.231939163498098,6.37,6.31,-0.46875,6.44,6.25,4678/5521,6.31,6.44,6.25,6.37,2.96875,1.13726922E8,33,002044,20260304
300088.SZ,长信科技,6.55,-2.5297619047619038,6.34,6.25,-0.15748031,6.5,6.25,4678/5521,6.25,6.5,6.25,6.34,3.937007,7.49781E7,33,300088,20260304
600736.SH,苏州高新,8.15,-2.9761904761904763,6.39,6.29,0.78864353,6.49,6.25,4678/5521,6.29,6.49,6.25,6.39,3.785488,2.0902719E7,17,600736,20260304
600864.SH,哈投股份,6.11,-2.239999999999995,6.26,6.42,-3.09597523,6.45,6.25,4678/5521,6.42,6.45,6.25,6.26,3.095975,3.770277E7,17,600864,20260304
600335.SH,国机汽车,6.07,1.1666666666666714,6.27,6.43,-3.09119011,6.46,6.24,4683/5521,6.43,6.46,6.24,6.27,3.400309,2.2809708E7,17,600335,20260304
600556.SH,天下秀,5.95,-0.5016722408026797,6.45,6.25,0.62402496,6.56,6.24,4683/5521,6.25,6.56,6.24,6.45,4.992199,6.0748513E7,17,600556,20260304
600874.SH,创业环保,6.21,-1.740506329113929,6.33,6.3,-0.31496063,6.39,6.24,4683/5521,6.3,6.39,6.24,6.33,2.362204,1.476249E7,17,600874,20260304
002302.SZ,西部建设,5.55,-1.2455516014234926,6.3,6.36,-2.17391304,6.44,6.23,4686/5521,6.36,6.44,6.23,6.3,3.260869,2.1696144E7,33,002302,20260304
600149.SH,廊坊发展,6.43,2.2257551669316324,6.97,6.23,9.93690852,6.97,6.23,4686/5521,6.23,6.97,6.23,6.97,11.671924,6.9826476E7,17,600149,20260304
002010.SZ,传化智联,5.83,1.2152777777777828,6.26,6.29,-1.57232704,6.42,6.22,4688/5521,6.29,6.42,6.22,6.26,3.144654,3.6408954E7,33,002010,20260304
300169.SZ,天晟新材,6.46,1.89274447949527,6.35,6.25,-0.1572327,6.43,6.22,4688/5521,6.25,6.43,6.22,6.35,3.301886,9617600,33,300169,20260304
600358.SH,国旅联合,5.89,-0.8417508417508537,6.34,6.25,0.63492063,6.42,6.22,4688/5521,6.25,6.42,6.22,6.34,3.174603,7503100,17,600358,20260304
600398.SH,海澜之家,6.61,2.3219814241486123,6.3,6.33,-1.0989011,6.5,6.22,4688/5521,6.33,6.5,6.22,6.3,4.395604,5.22919E7,17,600398,20260304
300419.SZ,ST浩丰,7.05,0.8583690987124407,6.48,6.32,1.72684458,6.55,6.21,4692/5521,6.32,6.55,6.21,6.48,5.337519,6360200,33,300419,20260304
300639.SZ,凯普生物,6.06,-1.1419249592169705,6.29,6.23,0.31897927,6.36,6.21,4692/5521,6.23,6.36,6.21,6.29,2.392344,1.847631E7,33,300639,20260304
600620.SH,天宸股份,5.52,-9.951060358890706,6.3,6.23,-0.94339623,6.4,6.21,4692/5521,6.23,6.4,6.21,6.3,2.987421,6074013,17,600620,20260304
600918.SH,中泰证券,6.02,0.3333333333333262,6.22,6.28,-1.42630745,6.29,6.19,4695/5521,6.28,6.29,6.19,6.22,1.584786,3.6380825E7,17,600918,20260304
300310.SZ,宜通世纪,5.72,-1.0380622837370328,6.26,6.2,-1.10584518,6.36,6.18,4696/5521,6.2,6.36,6.18,6.26,2.843601,2.8139073E7,33,300310,20260304
300569.SZ,天能重工,6.18,-1.5923566878980977,6.33,6.17,0,6.43,6.17,4697/5521,6.17,6.43,6.17,6.33,4.107424,2.6187081E7,33,300569,20260304
300039.SZ,上海凯宝,5.78,-0.6872852233676982,6.2,6.23,-1.27388535,6.33,6.16,4698/5521,6.23,6.33,6.16,6.2,2.707006,2.4077459E7,33,300039,20260304
601107.SH,四川成渝,6.13,-0.48701298701299106,6.16,6.36,-2.68562401,6.38,6.16,4698/5521,6.36,6.38,6.16,6.16,3.475513,1.7549219E7,17,601107,20260304
603880.SH,南卫股份,7.45,4.781997187060476,6.21,6.26,-1.74050633,6.36,6.16,4698/5521,6.26,6.36,6.16,6.21,3.164556,5798109,17,603880,20260304
002225.SZ,濮耐股份,4.5,-2.173913043478253,6.23,6.18,-0.32,6.44,6.15,4701/5521,6.18,6.44,6.15,6.23,4.64,3.0643064E7,33,002225,20260304
002752.SZ,昇兴股份,7.4,0.2710027100271065,6.2,6.2,-0.32154341,6.3,6.15,4701/5521,6.2,6.3,6.15,6.2,2.411575,1.1377456E7,33,002752,20260304
002252.SZ,上海莱士,5.56,0.18018018018017634,6.17,6.27,-2.06349206,6.28,6.14,4703/5521,6.27,6.28,6.14,6.17,2.222222,5.1530884E7,33,002252,20260304
002620.SZ,*ST瑞和,9.98,-4.952380952380948,6.35,6.25,-0.47021944,6.42,6.14,4703/5521,6.25,6.42,6.14,6.35,4.388714,9138327,33,002620,20260304
603378.SH,亚士创能,5.21,0.0,6.25,6.2,-1.57480315,6.41,6.14,4703/5521,6.2,6.41,6.14,6.25,4.251968,9965680,17,603378,20260304
000521.SZ,长虹美菱,5.66,-0.35211267605633056,6.17,6.23,-1.59489633,6.25,6.13,4706/5521,6.23,6.25,6.13,6.17,1.913875,1.7253893E7,33,000521,20260304
002193.SZ,如意集团,,,6.34,6.22,1.27795527,6.44,6.13,4706/5521,6.22,6.44,6.13,6.34,4.952076,1.136E7,33,002193,20260304
600728.SH,佳都科技,5.34,-3.7837837837837833,6.15,6.19,-1.28410915,6.28,6.13,4706/5521,6.19,6.28,6.13,6.15,2.407704,3.577134E7,17,600728,20260304
600802.SH,福建水泥,5.66,0.8912655971479468,6.29,6.21,0,6.33,6.13,4706/5521,6.21,6.33,6.13,6.29,3.17965,1.055158E7,17,600802,20260304
601068.SH,中铝国际,6.22,0.0,6.46,6.18,4.36187399,6.68,6.12,4710/5521,6.18,6.68,6.12,6.46,9.046849,5.63309E7,17,601068,20260304
000619.SZ,海螺新材,6.18,0.8156606851549727,6.16,6.15,-0.48465267,6.26,6.11,4711/5521,6.15,6.26,6.11,6.16,2.423263,7916000,33,000619,20260304
600516.SH,方大炭素,5.66,2.1660649819494604,6.25,6.16,0.32102729,6.36,6.11,4711/5521,6.16,6.36,6.11,6.25,4.012841,9.506164E7,17,600516,20260304
601766.SH,中国中车,5.97,1.0152284263959324,6.15,6.22,-1.9138756,6.24,6.11,4711/5521,6.22,6.24,6.11,6.15,2.073365,2.32787972E8,17,601766,20260304
002063.SZ,远光软件,6.28,-1.4128728414442677,6.15,6.13,-0.32414911,6.26,6.1,4714/5521,6.13,6.26,6.1,6.15,2.593192,4.5114954E7,33,002063,20260304
002548.SZ,金新农,5.39,6.102362204724401,6.36,6.16,2.25080386,6.47,6.1,4714/5521,6.16,6.47,6.1,6.36,5.948553,4.2492632E7,33,002548,20260304
600119.SH,*ST长投,6.15,3.885135135135142,6.17,6.15,-1.12179487,6.28,6.1,4714/5521,6.15,6.28,6.1,6.17,2.884615,7134801,22,600119,20260304
600163.SH,中闽能源,6.17,0.0,6.28,6.11,0.80256822,6.36,6.1,4714/5521,6.11,6.36,6.1,6.28,4.173354,4.0520572E7,17,600163,20260304
000886.SZ,海南高速,5.53,2.7881040892193374,6.17,6.15,-0.48387097,6.24,6.09,4718/5521,6.15,6.24,6.09,6.17,2.419354,1.7894881E7,33,000886,20260304
600229.SH,城市传媒,6.32,2.931596091205222,6.13,6.17,-1.76282051,6.24,6.09,4718/5521,6.17,6.24,6.09,6.13,2.403846,6065421,17,600229,20260304
000530.SZ,冰山冷热,5.91,0.3395585738539977,6.31,6.14,1.77419355,6.38,6.08,4720/5521,6.14,6.38,6.08,6.31,4.838709,2.2160488E7,33,000530,20260304
600120.SH,浙江东方,5.59,-1.7574692442882343,6.13,6.1,-0.64829822,6.23,6.08,4720/5521,6.1,6.23,6.08,6.13,2.431118,4.8874684E7,17,600120,20260304
600558.SH,大西洋,5.75,1.9503546099290838,6.15,6.1,-0.32414911,6.25,6.08,4720/5521,6.1,6.25,6.08,6.15,2.755267,1.7014666E7,17,600558,20260304
601686.SH,友发集团,5.57,-0.5357142857142744,6.08,6.2,-2.72,6.27,6.08,4720/5521,6.2,6.27,6.08,6.08,3.04,1.4371501E7,17,601686,20260304
002055.SZ,ST得润,5.93,-0.6700167504187611,6.21,6.08,1.3050571,6.28,6.07,4724/5521,6.08,6.28,6.07,6.21,3.425774,1.5572715E7,33,002055,20260304
600576.SH,祥源文旅,5.96,-0.16750418760468655,6.18,6.15,-0.48309179,6.24,6.07,4724/5521,6.15,6.24,6.07,6.18,2.73752,1.1362148E7,17,600576,20260304
600613.SH,神奇制药,5.88,0.1703577512776795,6.14,6.15,-1.12721417,6.22,6.07,4724/5521,6.15,6.22,6.07,6.14,2.415458,7105101,17,600613,20260304
002516.SZ,旷达科技,6.06,1.5075376884422087,6.12,6.12,-0.97087379,6.27,6.06,4727/5521,6.12,6.27,6.06,6.12,3.398058,1.76777E7,33,002516,20260304
300587.SZ,天铁科技,6.16,0.6535947712418306,6.15,6.1,-0.80645161,6.32,6.06,4727/5521,6.1,6.32,6.06,6.15,4.193548,2.0724762E7,33,300587,20260304
601222.SH,林洋能源,6.08,-0.9771986970683976,6.14,6.08,0.6557377,6.2,6.06,4727/5521,6.08,6.2,6.06,6.14,2.295081,3.203605E7,17,601222,20260304
002226.SZ,江南化工,5.37,-1.1049723756906007,6.07,6.08,-0.97879282,6.21,6.05,4730/5521,6.08,6.21,6.05,6.07,2.610114,2.884098E7,33,002226,20260304
300366.SZ,ST创意,5.61,3.888888888888888,6.12,6.1,-0.81037277,6.22,6.05,4730/5521,6.1,6.22,6.05,6.12,2.755267,1.0335486E7,33,300366,20260304
600538.SH,国发股份,6.72,-1.8978102189781008,6.11,6.22,-2.70700637,6.27,6.05,4730/5521,6.22,6.27,6.05,6.11,3.503184,1.22723E7,17,600538,20260304
000525.SZ,红太阳,5.55,-0.35906642728905674,6.83,6.06,9.98389694,6.83,6.03,4733/5521,6.06,6.83,6.03,6.83,12.882447,9.0981042E7,33,000525,20260304
300241.SZ,瑞丰光电,6.82,-1.0159651669085543,6.16,6.07,0,6.28,6.03,4733/5521,6.07,6.28,6.03,6.16,4.058441,2.8547828E7,33,300241,20260304
600281.SH,华阳新材,5.6,-0.8849557522124019,6.22,6.05,-0.48,6.31,6.03,4733/5521,6.05,6.31,6.03,6.22,4.48,1.5366405E7,17,600281,20260304
600909.SH,华安证券,5.56,0.36101083032490205,6.06,6.18,-2.57234727,6.19,6.03,4733/5521,6.18,6.19,6.03,6.06,2.572347,8.6920373E7,17,600909,20260304
603007.SH,花王股份,5.86,-3.934426229508186,6.31,6.21,-0.47318612,6.39,6.03,4733/5521,6.21,6.39,6.03,6.31,5.678233,2.6608344E7,17,603007,20260304
002038.SZ,双鹭药业,6.49,-3.8518518518518485,6.07,6.11,-0.97879282,6.17,6.02,4738/5521,6.11,6.17,6.02,6.07,2.446982,1.5990767E7,33,002038,20260304
600586.SH,金晶科技,5.86,3.169014084507053,6.19,6.08,0.32414911,6.3,6.02,4738/5521,6.08,6.3,6.02,6.19,4.538087,5.9295911E7,17,600586,20260304
000059.SZ,华锦股份,5.69,1.4260249554367213,6.15,6.61,-7.79610195,6.61,6.01,4740/5521,6.61,6.61,6.01,6.15,8.995502,9.5930282E7,33,000059,20260304
000498.SZ,山东路桥,5.54,-4.647160068846809,6.01,6.18,-3.22061192,6.2,6.01,4740/5521,6.18,6.2,6.01,6.01,3.059581,2.3434925E7,33,000498,20260304
002798.SZ,帝欧水华,7.93,0.5069708491761729,6.1,6.12,-1.13452188,6.18,6.01,4740/5521,6.12,6.18,6.01,6.1,2.755267,9509329,33,002798,20260304
600202.SH,哈空调,6.36,1.4354066985646052,6.12,6.1,-0.64935065,6.24,6.01,4740/5521,6.1,6.24,6.01,6.12,3.733766,1.0685E7,17,600202,20260304
000595.SZ,*ST宝实,6.36,-0.6250000000000006,6.18,6.02,1.31147541,6.22,6,4744/5521,6.02,6.22,6,6.18,3.606557,1.10869E7,33,000595,20260304
002354.SZ,天娱数科,6.2,4.201680672268908,6.06,6.01,-0.32894737,6.17,6,4744/5521,6.01,6.17,6,6.06,2.796052,7.0814504E7,33,002354,20260304
300168.SZ,万达信息,5.78,3.7701974865350083,6.04,6.01,-0.65789474,6.12,6,4744/5521,6.01,6.12,6,6.04,1.973684,1.558492E7,33,300168,20260304
002035.SZ,华帝股份,5.89,-0.8417508417508537,6.03,6.15,-2.26904376,6.18,5.99,4747/5521,6.15,6.18,5.99,6.03,3.079416,1.4560504E7,33,002035,20260304
000419.SZ,通程控股,5.83,1.2152777777777828,6.06,6.1,-1.46341463,6.15,5.98,4748/5521,6.1,6.15,5.98,6.06,2.764227,9667457,33,000419,20260304
000788.SZ,北大医药,6.12,-2.0799999999999983,6.04,6.03,-0.49423394,6.09,5.97,4749/5521,5.862,5.922,5.802,5.87,1.976935,1.1575954E7,33,000788,20260304
002408.SZ,齐翔腾达,6.58,-1.6442451420029942,6.04,6.02,-0.82101806,6.12,5.97,4749/5521,6.02,6.12,5.97,6.04,2.463054,4.3870263E7,33,002408,20260304
600582.SH,天地科技,5.69,-0.8710801393728191,5.97,6.06,-1.80921053,6.1,5.97,4749/5521,6.06,6.1,5.97,5.97,2.138157,5.0602349E7,17,600582,20260304
601199.SH,江南水务,5.31,-0.7476635514018699,6.09,6.05,0.32948929,6.15,5.97,4749/5521,6.05,6.15,5.97,6.09,2.965403,1.15608E7,17,601199,20260304
000546.SZ,金圆股份,7.72,4.748982360922654,6.09,5.97,-0.16393443,6.22,5.96,4753/5521,5.97,6.22,5.96,6.09,4.262295,3.2054847E7,33,000546,20260304
300318.SZ,博晖创新,5.6,-0.5328596802841963,6.03,6.03,-0.16556291,6.09,5.96,4753/5521,6.03,6.09,5.96,6.03,2.152317,7902511,33,300318,20260304
002386.SZ,天原股份,6.99,-3.983516483516484,6.03,6,-1.14754098,6.18,5.95,4755/5521,6,6.18,5.95,6.03,3.770491,3.5710646E7,33,002386,20260304
300365.SZ,恒华科技,5.95,0.6768189509306266,6.13,5.98,1.49006623,6.2,5.95,4755/5521,5.98,6.2,5.95,6.13,4.139072,1.5178112E7,33,300365,20260304
002178.SZ,延华智能,5.83,-3.795379537953788,6.68,5.94,10.04942339,6.68,5.94,4757/5521,5.94,6.68,5.94,6.68,12.191103,4.9844479E7,33,002178,20260304
002702.SZ,海欣食品,6.01,1.0084033613445311,6.08,6.04,-0.49099836,6.14,5.94,4757/5521,6.04,6.14,5.94,6.08,3.273322,2.4335646E7,33,002702,20260304
688496.SH,ST清越,4.46,-19.928186714542193,6.08,6.01,0.16474465,6.1,5.94,4757/5521,6.01,6.1,5.94,6.08,2.635914,4690113,22,688496,20260304
002453.SZ,华软科技,5.61,10.000000000000014,6.07,5.97,1.16666667,6.12,5.93,4760/5521,5.97,6.12,5.93,6.07,3.166666,1.360184E7,33,002453,20260304
600712.SH,南宁百货,6.31,1.6103059581320394,6.09,5.96,0,6.12,5.93,4760/5521,5.96,6.12,5.93,6.09,3.119868,7245703,17,600712,20260304
000004.SZ,*ST国华,,,5.92,5.92,-4.97592295,5.92,5.92,4762/5521,5.92,5.92,5.92,5.92,0,301000,33,000004,20260304
000541.SZ,佛山照明,5.66,0.0,5.97,6.1,-2.45098039,6.12,5.92,4762/5521,6.1,6.12,5.92,5.97,3.267973,1.6566951E7,33,000541,20260304
002570.SZ,贝因美,5.03,1.6161616161616175,6.06,6.22,-3.80952381,6.33,5.92,4762/5521,6.22,6.33,5.92,6.06,6.507936,9.3027593E7,33,002570,20260304
000906.SZ,浙商中拓,6.34,0.4754358161648217,5.92,6.11,-3.7398374,6.11,5.91,4765/5521,6.11,6.11,5.91,5.92,3.252032,1.2514592E7,33,000906,20260304
002382.SZ,蓝帆医疗,7.43,1.9204389574759901,6.19,5.95,3.8590604,6.28,5.91,4765/5521,5.95,6.28,5.91,6.19,6.208053,2.8352022E7,33,002382,20260304
600106.SH,重庆路桥,5.94,-1.1647254575707056,5.92,5.93,-1.49750416,5.99,5.91,4765/5521,5.93,5.99,5.91,5.92,1.331114,1.014773E7,17,600106,20260304
600930.SH,华电新能,6.17,-1.9077901430842623,5.97,5.95,-0.16722408,5.99,5.91,4765/5521,5.95,5.99,5.91,5.97,1.337792,6.7745217E7,17,600930,20260304
000715.SZ,中兴商业,5.99,-4.006410256410256,6.01,5.95,0,6.08,5.9,4769/5521,5.95,6.08,5.9,6.01,2.995008,9341177,33,000715,20260304
002688.SZ,金河生物,6.02,0.0,5.94,5.93,-0.66889632,6,5.9,4769/5521,5.93,6,5.9,5.94,1.67224,1.03908E7,33,002688,20260304
300172.SZ,中电环保,5.43,0.5555555555555437,6.18,6.06,-1.74880763,6.26,5.9,4769/5521,6.06,6.26,5.9,6.18,5.72337,6.5866515E7,33,300172,20260304
600825.SH,新华传媒,5.86,0.34246575342466545,5.94,5.93,-0.83472454,6.08,5.9,4769/5521,5.93,6.08,5.9,5.94,3.005008,1.1402875E7,17,600825,20260304
300326.SZ,ST凯利,7.1,3.1976744186046475,6.03,5.9,0.5,6.07,5.89,4773/5521,5.9,6.07,5.89,6.03,3,6907800,33,300326,20260304
000553.SZ,安道麦A,6.82,10.000000000000002,5.97,5.88,0,6.07,5.88,4774/5521,5.88,6.07,5.88,5.97,3.182579,9444800,33,000553,20260304
600858.SH,银座股份,5.79,-0.1724137931034446,5.95,5.98,-1.32669983,6.05,5.88,4774/5521,5.98,6.05,5.88,5.95,2.819237,1.0303351E7,17,600858,20260304
603128.SH,华贸物流,5.58,0.35971223021583565,5.91,6.06,-3.90243902,6.09,5.88,4774/5521,6.06,6.09,5.88,5.91,3.414634,4.0418398E7,17,603128,20260304
002681.SZ,奋达科技,5.22,1.754385964912278,5.91,5.99,-1.82724252,6.06,5.87,4777/5521,5.99,6.06,5.87,5.91,3.156146,2.8938527E7,33,002681,20260304
603956.SH,威派格,5.9,0.5110732538330536,5.95,5.95,-0.99833611,6.01,5.87,4777/5521,5.95,6.01,5.87,5.95,2.32945,1.55263E7,17,603956,20260304
000701.SZ,厦门信达,5.93,0.3384094754653058,5.93,5.92,-0.5033557,6.02,5.86,4779/5521,5.92,6.02,5.86,5.93,2.684563,1.208315E7,33,000701,20260304
300057.SZ,万顺新材,9.76,0.30832476875641684,5.99,5.98,-0.66334992,6.08,5.86,4779/5521,5.98,6.08,5.86,5.99,3.648424,3.8809E7,33,300057,20260304
600333.SH,长春燃气,5.77,-1.3675213675213689,5.86,6.5,-9.98463902,6.5,5.86,4779/5521,6.5,6.5,5.86,5.86,9.831029,7.4299368E7,17,600333,20260304
601216.SH,君正集团,5.59,-1.061946902654876,6.07,5.91,1.84563758,6.33,5.86,4779/5521,5.91,6.33,5.86,6.07,7.885906,2.59989594E8,17,601216,20260304
000529.SZ,广弘控股,5.66,-0.5272407732864718,5.88,5.95,-1.83639399,5.95,5.85,4783/5521,5.95,5.95,5.85,5.88,1.669449,8750907,33,000529,20260304
002030.SZ,达安基因,5.78,-0.17271157167529858,5.92,5.9,-0.67114094,5.95,5.85,4783/5521,5.9,5.95,5.85,5.92,1.677852,2.0590439E7,33,002030,20260304
601390.SH,中国中铁,5.08,-3.053435114503819,5.91,5.96,-1.66389351,6.05,5.85,4783/5521,5.96,6.05,5.85,5.91,3.327787,3.89678332E8,17,601390,20260304
000909.SZ,*ST数源,4.66,-5.091649694501018,5.99,5.97,-1.80327869,6.09,5.84,4786/5521,5.97,6.09,5.84,5.99,4.09836,6502051,33,000909,20260304
002480.SZ,新筑股份,6.6,0.3039513677811485,5.91,5.92,-1.33555927,5.99,5.84,4786/5521,5.92,5.99,5.84,5.91,2.504173,1.27379E7,33,002480,20260304
603879.SH,永悦科技,5.9,0.8547008547008669,5.96,5.89,0.16806723,6.02,5.84,4786/5521,5.89,6.02,5.84,5.96,3.02521,9402293,17,603879,20260304
002574.SZ,明牌珠宝,5.71,0.5281690140845114,5.98,5.89,-0.16694491,6.01,5.83,4789/5521,5.89,6.01,5.83,5.98,3.005008,1.38428E7,33,002574,20260304
002016.SZ,世荣兆业,5.38,1.7013232514177667,5.87,5.85,0.17064846,5.96,5.82,4790/5521,5.85,5.96,5.82,5.87,2.389078,1.2386012E7,33,002016,20260304
002218.SZ,拓日新能,5.46,-2.6737967914438565,6.11,5.91,-0.6504065,6.22,5.8,4791/5521,5.91,6.22,5.8,6.11,6.829268,9.6938401E7,33,002218,20260304
002520.SZ,日发精机,5.93,3.130434782608691,6.15,5.82,3.36134454,6.35,5.8,4791/5521,5.82,6.35,5.8,6.15,9.243697,5.1884577E7,33,002520,20260304
300167.SZ,ST迪威迅,5.71,-9.936908517350156,6.11,5.88,3.91156463,6.29,5.8,4791/5521,5.88,6.29,5.8,6.11,8.333333,1.49455E7,33,300167,20260304
600395.SH,盘江股份,5.53,-1.2499999999999893,6.04,6,-0.330033,6.09,5.8,4791/5521,6,6.09,5.8,6.04,4.785478,5.3499774E7,17,600395,20260304
600530.SH,交大昂立,5.43,5.029013539651833,5.8,5.82,-2.35690236,5.95,5.8,4791/5521,5.82,5.95,5.8,5.8,2.525252,5859101,17,600530,20260304
603843.SH,*ST正平,8.97,5.0351288056206265,5.8,5.8,-4.91803279,5.8,5.8,4791/5521,5.8,5.8,5.8,5.8,0,2123600,22,603843,20260304
603959.SH,ST百利,4.55,-5.0104384133611735,6.03,5.88,1.68634064,6.09,5.79,4797/5521,5.88,6.09,5.79,6.03,5.059021,1.8762992E7,22,603959,20260304
600917.SH,重庆燃气,5.27,-0.3780718336484019,5.91,6.42,-7.94392523,6.43,5.78,4798/5521,6.42,6.43,5.78,5.91,10.12461,8.5694577E7,17,600917,20260304
601728.SH,中国电信,6.03,-0.16556291390728123,5.87,5.86,-0.17006803,5.9,5.78,4798/5521,5.86,5.9,5.78,5.87,2.040816,1.75837251E8,17,601728,20260304
000782.SZ,恒申新材,7.38,3.9436619718309895,6.0,5.81,1.35135135,6.05,5.75,4800/5521,5.81,6.05,5.75,6.0,5.067567,2.0042271E7,33,000782,20260304
002631.SZ,德尔未来,7.89,3.6793692509855367,5.85,5.79,0.86206897,5.94,5.75,4800/5521,5.79,5.94,5.75,5.85,3.275862,1.609235E7,33,002631,20260304
600282.SH,南钢股份,5.39,-0.5535055350553552,5.78,5.83,-0.85763293,5.86,5.75,4800/5521,5.83,5.86,5.75,5.78,1.886792,3.9784725E7,17,600282,20260304
002500.SZ,山西证券,5.65,0.533807829181499,5.75,5.9,-3.03541315,5.91,5.73,4803/5521,5.9,5.91,5.73,5.75,3.035413,4.4049381E7,33,002500,20260304
600787.SH,中储股份,5.27,-1.4953271028037398,5.75,5.86,-2.54237288,5.89,5.73,4803/5521,5.86,5.89,5.73,5.75,2.711864,4.3771348E7,17,600787,20260304
000937.SZ,冀中能源,5.62,-1.2302284710017624,5.9,5.88,-0.84033613,5.96,5.72,4805/5521,5.88,5.96,5.72,5.9,4.033613,5.0908439E7,33,000937,20260304
002160.SZ,常铝股份,4.88,-1.214574898785435,5.88,5.75,1.73010381,6.13,5.72,4805/5521,5.75,6.13,5.72,5.88,7.093425,6.764377E7,33,002160,20260304
002616.SZ,长青集团,6.09,2.525252525252516,5.81,5.79,-0.85324232,5.9,5.72,4805/5521,5.79,5.9,5.72,5.81,3.071672,1.4012164E7,33,002616,20260304
600963.SH,岳阳林纸,4.64,-0.8547008547008556,5.93,6,-2.78688525,6.22,5.72,4805/5521,6,6.22,5.72,5.93,8.196721,8.0787974E7,17,600963,20260304
000650.SZ,仁和药业,5.69,-0.1754385964912243,5.72,5.79,-2.05479452,5.84,5.71,4809/5521,5.79,5.84,5.71,5.72,2.226027,2.01195E7,33,000650,20260304
601598.SH,中国外运,6.0,-0.9900990099009838,5.75,6.15,-7.1082391,6.16,5.71,4809/5521,6.15,6.16,5.71,5.75,7.269789,5.34129E7,17,601598,20260304
300050.SZ,世纪鼎利,7.3,3.2531824611032465,5.85,5.75,0.34305317,5.92,5.7,4811/5521,5.75,5.92,5.7,5.85,3.773584,1.52936E7,33,300050,20260304
600526.SH,菲达环保,5.43,-2.338129496402876,5.78,5.73,-0.34482759,5.84,5.7,4811/5521,5.73,5.84,5.7,5.78,2.413793,1.3416186E7,17,600526,20260304
600908.SH,无锡银行,5.73,-0.5208333333333223,5.72,5.88,-2.55536627,5.88,5.7,4811/5521,5.88,5.88,5.7,5.72,3.066439,3.1718111E7,17,600908,20260304
600965.SH,福成股份,3.81,0.0,5.81,5.8,-0.51369863,5.94,5.7,4811/5521,5.8,5.94,5.7,5.81,4.109589,1.5236428E7,17,600965,20260304
603116.SH,红蜻蜓,6.52,2.51572327044024,5.76,5.8,-1.36986301,5.85,5.7,4811/5521,5.8,5.85,5.7,5.76,2.568493,7296580,17,603116,20260304
920433.BJ,大唐药业,5.15,1.7786561264822283,5.75,5.78,-0.51903114,5.83,5.7,4811/5521,5.78,5.83,5.7,5.75,2.249134,1273594,151,920433,20260304
600770.SH,综艺股份,7.62,-3.422053231939158,5.82,5.73,0.51813472,5.95,5.69,4817/5521,5.73,5.95,5.69,5.82,4.4905,4.2570297E7,17,600770,20260304
000908.SZ,ST景峰,7.12,-3.3921302578018997,5.79,5.9,-2.52525253,5.97,5.68,4818/5521,4.03482396,4.08269476,3.8843729,3.96,4.882154,1.900298E7,33,000908,20260304
001391.SZ,国货航,5.2,0.19267822736030416,5.71,5.8,-1.89003436,5.8,5.68,4818/5521,5.8,5.8,5.68,5.71,2.061855,2.7003426E7,33,001391,20260304
300664.SZ,鹏鹞环保,5.6,-0.5328596802841963,5.74,5.81,-1.88034188,5.86,5.67,4820/5521,5.81,5.86,5.67,5.74,3.247863,2.247915E7,33,300664,20260304
601997.SH,贵阳银行,6.01,-0.33167495854063783,5.69,5.78,-1.72711572,5.79,5.67,4820/5521,5.78,5.79,5.67,5.69,2.072538,5.555852E7,17,601997,20260304
300043.SZ,星辉娱乐,5.85,-2.0100502512562834,5.74,5.66,-0.69204152,5.8,5.66,4822/5521,5.66,5.8,5.66,5.74,2.422145,3.2018599E7,33,300043,20260304
600975.SH,新五丰,5.62,0.17825311942958622,5.69,5.67,0,5.74,5.65,4823/5521,5.67,5.74,5.65,5.69,1.581722,1.72107E7,17,600975,20260304
000570.SZ,苏常柴A,6.42,-1.3824884792626706,5.73,5.75,-1.54639175,5.81,5.64,4824/5521,5.75,5.81,5.64,5.73,2.920962,1.42052E7,33,000570,20260304
688009.SH,中国通号,5.13,-2.8409090909090975,5.71,5.76,-1.7211704,5.79,5.64,4824/5521,5.76,5.79,5.64,5.71,2.581755,5.9246595E7,17,688009,20260304
002022.SZ,科华生物,5.97,0.674536256323778,5.7,5.72,-0.86956522,5.75,5.63,4826/5521,5.72,5.75,5.63,5.7,2.086956,8312512,33,002022,20260304
002333.SZ,罗普斯金,5.5,-1.079136690647475,5.69,5.73,-1.21527778,5.83,5.63,4826/5521,5.73,5.83,5.63,5.69,3.472222,1.1335504E7,33,002333,20260304
300234.SZ,开尔新材,6.66,3.0959752321981453,5.9,5.79,1.02739726,6.05,5.63,4826/5521,5.79,6.05,5.63,5.9,7.19178,1.5391531E7,33,300234,20260304
600287.SH,苏豪时尚,5.92,-0.16863406408094075,5.66,5.7,-2.07612457,5.8,5.63,4826/5521,5.7,5.8,5.63,5.66,2.941176,7823100,17,600287,20260304
002678.SZ,珠江钢琴,5.99,3.454231433506048,5.78,5.74,-0.68728522,5.8,5.62,4830/5521,5.74,5.8,5.62,5.78,3.092783,2.0752211E7,33,002678,20260304
300239.SZ,东宝生物,5.56,0.36101083032490205,5.69,5.69,-0.1754386,5.78,5.62,4830/5521,5.69,5.78,5.62,5.69,2.807017,8267411,33,300239,20260304
600828.SH,茂业商业,5.0,-0.3984063745019836,5.94,5.72,0.33783784,5.99,5.62,4830/5521,5.72,5.99,5.62,5.94,6.25,3.6676482E7,17,600828,20260304
603117.SH,万林物流,4.68,-2.702702702702701,5.7,5.78,-0.86956522,5.86,5.61,4833/5521,5.78,5.86,5.61,5.7,4.347826,2.34094E7,17,603117,20260304
688119.SH,中钢洛耐,5.22,1.162790697674411,5.73,5.67,0.3502627,5.88,5.61,4833/5521,5.67,5.88,5.61,5.73,4.728546,2.354049E7,17,688119,20260304
002863.SZ,今飞凯达,5.58,-0.7117437722419935,5.66,5.67,-1.22164049,5.77,5.6,4835/5521,5.67,5.77,5.6,5.66,2.966841,1.4712313E7,33,002863,20260304
601665.SH,齐鲁银行,6.39,-1.0835913312693541,5.6,5.67,-1.92644483,5.69,5.6,4835/5521,5.67,5.69,5.6,5.6,1.576182,5.77675E7,17,601665,20260304
603335.SH,迪生力,7.07,-2.4827586206896513,5.67,5.77,-1.2195122,5.78,5.6,4835/5521,5.77,5.78,5.6,5.67,3.135888,1.0845997E7,17,603335,20260304
000789.SZ,万年青,4.96,-0.6012024048096242,5.64,5.66,-0.52910053,5.7,5.59,4838/5521,5.66,5.7,5.59,5.64,1.940035,6825663,33,000789,20260304
000950.SZ,重药控股,5.8,-1.6949152542372972,5.61,5.7,-1.75131349,5.74,5.59,4838/5521,5.7,5.74,5.59,5.61,2.62697,2.270361E7,33,000950,20260304
300025.SZ,华星创业,5.75,1.4109347442680789,5.65,5.7,-1.56794425,5.77,5.59,4838/5521,5.7,5.77,5.59,5.65,3.135888,1.3208918E7,33,300025,20260304
300098.SZ,高新兴,5.51,-0.8992805755395652,5.63,5.61,-1.22807018,5.75,5.59,4838/5521,5.61,5.75,5.59,5.63,2.807017,4.1360291E7,33,300098,20260304
000591.SZ,太阳能,4.99,-2.9182879377431803,5.8,5.61,2.47349823,5.88,5.58,4842/5521,5.61,5.88,5.58,5.8,5.300353,1.84510464E8,33,000591,20260304
600107.SH,ST尔雅,6.01,0.0,5.77,5.81,0.17361111,5.83,5.58,4842/5521,5.81,5.83,5.58,5.77,4.340277,4442901,22,600107,20260304
601700.SH,风范股份,5.43,5.029013539651833,5.93,5.58,3.4904014,6,5.58,4842/5521,5.58,6,5.58,5.93,7.329842,3.4400969E7,17,601700,20260304
002671.SZ,龙泉股份,4.95,1.4344262295082026,5.67,5.61,0,5.75,5.57,4845/5521,5.61,5.75,5.57,5.67,3.174603,1.39749E7,33,002671,20260304
300158.SZ,振东制药,5.72,-0.34843205574913694,5.64,5.58,-0.52910053,5.7,5.57,4845/5521,5.58,5.7,5.57,5.64,2.292768,2.0747695E7,33,300158,20260304
601968.SH,宝钢包装,5.15,0.0,5.67,5.66,-0.87412587,5.79,5.57,4845/5521,5.66,5.79,5.57,5.67,3.846153,1.3188316E7,17,601968,20260304
300079.SZ,数码视讯,5.56,0.5424954792043284,5.62,5.6,-0.88183422,5.72,5.56,4848/5521,5.6,5.72,5.56,5.62,2.821869,4.1540336E7,33,300079,20260304
300160.SZ,秀强股份,5.26,0.38167938931296896,5.6,5.62,-1.2345679,5.71,5.56,4848/5521,5.62,5.71,5.56,5.6,2.645502,1.05719E7,33,300160,20260304
601096.SH,宏盛华源,5.56,-1.592920353982314,6.28,5.6,9.98248687,6.28,5.56,4848/5521,5.6,6.28,5.56,6.28,12.609457,1.64625242E8,17,601096,20260304
002515.SZ,金字火腿,6.52,3.164556962025305,5.7,5.61,0.52910053,5.75,5.55,4851/5521,5.61,5.75,5.55,5.7,3.527336,1.9119366E7,33,002515,20260304
002697.SZ,红旗连锁,5.2,0.38610038610039504,5.58,5.63,-1.58730159,5.68,5.55,4851/5521,5.63,5.68,5.55,5.58,2.292768,2.9474E7,33,002697,20260304
600249.SH,两面针,5.99,0.335008375209388,5.58,5.67,-2.44755245,5.7,5.55,4851/5521,5.67,5.7,5.55,5.58,2.622377,1.2367061E7,17,600249,20260304
600704.SH,物产中大,5.12,0.0,5.54,5.65,-2.63620387,5.71,5.54,4854/5521,5.65,5.71,5.54,5.54,2.987697,9.134877E7,17,600704,20260304
601008.SH,连云港,4.79,-0.2083333333333289,5.54,5.8,-10.06493506,5.8,5.54,4854/5521,5.8,5.8,5.54,5.54,4.220779,8.9155829E7,17,601008,20260304
002593.SZ,日上集团,5.38,0.9380863039399592,5.6,5.56,-0.88495575,5.68,5.53,4856/5521,5.56,5.68,5.53,5.6,2.654867,1.88528E7,33,002593,20260304
600186.SH,莲花控股,10.72,-0.9242144177449135,5.56,5.59,-2.28471002,5.71,5.53,4856/5521,5.59,5.71,5.53,5.56,3.163444,7.0856716E7,17,600186,20260304
000566.SZ,海南海药,5.0,0.8064516129032265,5.6,5.56,-0.17825312,5.69,5.52,4858/5521,5.56,5.69,5.52,5.6,3.030303,3.246041E7,33,000566,20260304
688373.SH,盟科药业,6.02,0.8375209380234476,5.57,5.7,-3.96551724,5.73,5.52,4858/5521,5.7,5.73,5.52,5.57,3.620689,1.5712283E7,17,688373,20260304
000716.SZ,黑芝麻,5.14,-0.7722007722007729,5.81,5.66,1.57342657,5.88,5.51,4860/5521,5.66,5.88,5.51,5.81,6.468531,1.7965788E7,33,000716,20260304
002075.SZ,沙钢股份,4.44,-0.6711409395973011,5.53,5.56,-1.07334526,5.67,5.51,4860/5521,5.56,5.67,5.51,5.53,2.862254,4.899016E7,33,002075,20260304
601669.SH,中国电建,5.59,-1.5845070422535188,5.6,5.55,0.17889088,5.67,5.51,4860/5521,5.55,5.67,5.51,5.6,2.862254,2.28359222E8,17,601669,20260304
002659.SZ,凯文教育,5.34,1.7142857142857115,5.57,5.56,-1.24113475,5.66,5.5,4863/5521,5.56,5.66,5.5,5.57,2.836879,1.798132E7,33,002659,20260304
600662.SH,外服控股,5.07,0.0,5.51,5.67,-1.78253119,5.67,5.5,4863/5521,5.67,5.67,5.5,5.51,3.030303,1.6938515E7,17,600662,20260304
000548.SZ,湖南投资,5.33,-0.559701492537318,5.52,5.56,-1.42857143,5.63,5.48,4865/5521,5.56,5.63,5.48,5.52,2.678571,1.0508034E7,33,000548,20260304
002522.SZ,浙江众成,6.35,-1.397515527950322,5.63,5.55,0,5.78,5.48,4865/5521,5.55,5.78,5.48,5.63,5.328596,2.8994598E7,33,002522,20260304
300150.SZ,世纪瑞尔,5.09,-0.3913894324853319,5.56,5.51,-0.17953321,5.62,5.48,4865/5521,5.51,5.62,5.48,5.56,2.513464,1.2914459E7,33,300150,20260304
601003.SH,柳钢股份,4.57,0.0,5.5,5.53,-1.78571429,5.65,5.47,4868/5521,5.53,5.65,5.47,5.5,3.214285,2.34272E7,17,601003,20260304
000507.SZ,珠海港,5.19,-0.38387715930901295,5.52,5.66,-5.80204778,5.66,5.46,4869/5521,5.66,5.66,5.46,5.52,3.412969,5.6268578E7,33,000507,20260304
002162.SZ,悦心健康,4.47,-0.4454342984409902,6.08,5.49,9.94575045,6.08,5.46,4869/5521,5.49,6.08,5.46,6.08,11.211573,8.7915956E7,33,002162,20260304
600390.SH,五矿资本,5.24,0.0,5.48,5.53,-1.7921147,5.61,5.46,4869/5521,5.53,5.61,5.46,5.48,2.688172,4.234422E7,17,600390,20260304
000959.SZ,首钢股份,4.56,-2.7718550106609974,5.48,5.5,-1.96779964,5.63,5.45,4872/5521,5.5,5.63,5.45,5.48,3.220035,2.87801E7,33,000959,20260304
002743.SZ,富煌钢构,5.13,-3.5714285714285787,5.51,5.55,-1.07719928,5.63,5.45,4872/5521,5.55,5.63,5.45,5.51,3.231597,7999400,33,002743,20260304
600812.SH,华北制药,5.21,-1.1385199240986643,5.45,5.57,-2.3297491,5.57,5.45,4872/5521,5.57,5.57,5.45,5.45,2.150537,2.035633E7,17,600812,20260304
601218.SH,吉鑫科技,6.47,-4.1481481481481515,5.54,5.48,1.2797075,5.58,5.45,4872/5521,5.48,5.58,5.45,5.54,2.376599,3.8244495E7,17,601218,20260304
002512.SZ,ST达华,4.31,4.866180048661783,5.44,5.44,-5.06108202,5.44,5.44,4876/5521,5.44,5.44,5.44,5.44,0,248300,33,002512,20260304
000407.SZ,胜利股份,4.84,-0.2061855670103049,5.63,5.96,-3.92491468,6.19,5.41,4877/5521,5.96,6.19,5.41,5.63,13.31058,1.94161864E8,33,000407,20260304
000567.SZ,海德股份,6.67,10.06600660066007,5.45,5.5,-1.8018018,5.59,5.41,4877/5521,5.5,5.59,5.41,5.45,3.243243,1.8201587E7,33,000567,20260304
002666.SZ,德联集团,5.19,1.5655577299412928,5.5,5.44,-0.54249548,5.6,5.41,4877/5521,5.44,5.6,5.41,5.5,3.435804,1.288338E7,33,002666,20260304
600611.SH,大众交通,4.53,-3.4115138592750562,5.41,5.46,-0.91575092,5.47,5.4,4880/5521,5.46,5.47,5.4,5.41,1.282051,1.3275036E7,17,600611,20260304
000863.SZ,三湘印象,4.85,6.359649122807019,5.68,5.48,2.52707581,5.75,5.39,4881/5521,5.48,5.75,5.39,5.68,6.498194,2.8014465E7,33,000863,20260304
002145.SZ,钛能化学,4.58,-3.171247357293876,5.41,5.42,-1.27737226,5.63,5.38,4882/5521,5.42,5.63,5.38,5.41,4.562043,1.21626299E8,33,002145,20260304
002479.SZ,富春环保,5.52,0.3636363636363559,5.46,5.4,0.73800738,5.51,5.38,4882/5521,5.4,5.51,5.38,5.46,2.398523,1.97429E7,33,002479,20260304
002494.SZ,华斯股份,6.21,4.721753794266446,5.45,5.48,-1.26811594,5.56,5.38,4882/5521,5.48,5.56,5.38,5.45,3.260869,1.28314E7,33,002494,20260304
300412.SZ,迦南科技,5.33,1.523809523809525,5.47,5.43,-0.54545455,5.53,5.38,4882/5521,5.43,5.53,5.38,5.47,2.727272,1.501806E7,33,300412,20260304
603176.SH,汇通集团,5.71,1.9642857142857202,5.47,5.45,0,5.55,5.38,4882/5521,5.45,5.55,5.38,5.47,3.107861,4397400,17,603176,20260304
002259.SZ,升达林业,5.42,-0.3676470588235379,5.52,5.65,-4.16666667,5.67,5.37,4887/5521,5.65,5.67,5.37,5.52,5.208333,6.2481466E7,33,002259,20260304
002628.SZ,成都路桥,5.51,0.18181818181817794,5.44,5.57,-1.27041742,5.7,5.37,4887/5521,5.57,5.7,5.37,5.44,5.98911,7.2863003E7,33,002628,20260304
300187.SZ,永清环保,5.62,-3.436426116838491,5.66,5.55,-0.52724077,5.79,5.36,4889/5521,5.55,5.79,5.36,5.66,7.557117,3.21599E7,33,300187,20260304
002398.SZ,垒知集团,5.06,-0.3937007874015839,5.44,5.36,0.55452865,5.53,5.35,4890/5521,5.36,5.53,5.35,5.44,3.327171,1.55865E7,33,002398,20260304
600578.SH,京能电力,4.88,-1.014198782961457,5.4,5.39,-1.45985401,5.52,5.34,4891/5521,5.39,5.52,5.34,5.4,3.284671,5.2038801E7,17,600578,20260304
603789.SH,*ST星农,5.67,-1.219512195121956,5.4,5.45,-0.91743119,5.5,5.34,4891/5521,5.45,5.5,5.34,5.4,2.935779,3203700,22,603789,20260304
000755.SZ,山西高速,5.03,-0.19841269841269418,5.45,5.38,0.36832413,5.47,5.33,4893/5521,5.38,5.47,5.33,5.45,2.578268,1.1825799E7,33,000755,20260304
002360.SZ,ST同德,6.22,4.013377926421393,5.48,5.41,0,5.57,5.33,4893/5521,5.41,5.57,5.33,5.48,4.379562,1.74279E7,33,002360,20260304
002419.SZ,天虹股份,5.51,0.18181818181817794,5.35,5.45,-1.83486239,5.47,5.33,4893/5521,5.45,5.47,5.33,5.35,2.568807,1.5667929E7,33,002419,20260304
601678.SH,滨化股份,5.35,0.943396226415091,5.38,5.39,-2.18181818,5.57,5.33,4893/5521,5.39,5.57,5.33,5.38,4.363636,8.3746025E7,17,601678,20260304
002692.SZ,远程股份,5.61,-3.44234079173837,5.65,5.35,4.24354244,5.68,5.32,4897/5521,5.35,5.68,5.32,5.65,6.642066,2.163647E7,33,002692,20260304
002712.SZ,思美传媒,5.58,-0.5347593582887744,5.41,5.34,0.18518519,5.47,5.32,4897/5521,5.34,5.47,5.32,5.41,2.777777,1.6962019E7,33,002712,20260304
300165.SZ,天瑞仪器,7.39,7.412790697674415,5.51,5.37,1.84842884,5.58,5.32,4897/5521,5.37,5.58,5.32,5.51,4.805914,1.26775E7,33,300165,20260304
300375.SZ,鹏翎股份,4.81,-0.2074688796680638,5.41,5.35,0.55762082,5.49,5.32,4897/5521,5.35,5.49,5.32,5.41,3.159851,1.9435265E7,33,300375,20260304
601169.SH,北京银行,5.3,0.0,5.35,5.41,-1.1090573,5.42,5.32,4897/5521,5.41,5.42,5.32,5.35,1.848428,1.87279461E8,17,601169,20260304
002485.SZ,ST雪发,4.91,1.446280991735543,5.31,5.31,-5.00894454,5.86,5.31,4902/5521,5.31,5.86,5.31,5.31,9.838998,2.191103E7,33,002485,20260304
600023.SH,浙能电力,5.7,-0.3496503496503422,5.41,5.37,0.18518519,5.44,5.31,4902/5521,5.37,5.44,5.31,5.41,2.407407,1.36743964E8,17,600023,20260304
002004.SZ,华邦健康,4.97,-0.20080321285141917,5.33,5.36,-1.66051661,5.45,5.3,4904/5521,5.36,5.45,5.3,5.33,2.767527,3.2098702E7,33,002004,20260304
600207.SH,安彩高科,5.59,-2.101576182136604,5.49,5.38,-0.36297641,5.53,5.3,4904/5521,5.38,5.53,5.3,5.49,4.174228,3.1093212E7,17,600207,20260304
000850.SZ,华茂股份,4.54,-1.0893246187363796,5.37,5.32,-0.18587361,5.5,5.29,4906/5521,5.32,5.5,5.29,5.37,3.903345,1.4633905E7,33,000850,20260304
600375.SH,汉马科技,5.37,1.7045454545454517,5.37,5.31,-0.92250923,5.45,5.29,4906/5521,5.31,5.45,5.29,5.37,2.952029,1.8657185E7,17,600375,20260304
600238.SH,*ST椰岛,5.64,2.5454545454545396,5.29,5.3,-1.12149533,5.37,5.28,4908/5521,5.3,5.37,5.28,5.29,1.682242,4726700,22,600238,20260304
600320.SH,振华重工,5.42,0.9310986964618216,5.36,5.29,-0.18621974,5.45,5.28,4908/5521,5.29,5.45,5.28,5.36,3.165735,5.2631868E7,17,600320,20260304
600960.SH,渤海汽车,4.97,-4.789272030651341,5.36,5.39,-1.47058824,5.45,5.28,4908/5521,5.39,5.45,5.28,5.36,3.125,3.33071E7,17,600960,20260304
601988.SH,中国银行,5.75,-0.6908462867012096,5.35,5.41,-1.29151292,5.42,5.28,4908/5521,5.41,5.42,5.28,5.35,2.583025,4.23813553E8,17,601988,20260304
000955.SZ,欣龙控股,5.2,0.38610038610039504,5.35,5.32,0.18726592,5.41,5.27,4912/5521,5.32,5.41,5.27,5.35,2.621722,1.43229E7,33,000955,20260304
600805.SH,悦达投资,5.3,-1.119402985074636,5.34,5.41,-2.90909091,5.46,5.27,4912/5521,5.41,5.46,5.27,5.34,3.454545,2.7041682E7,17,600805,20260304
601368.SH,绿城水务,4.97,-0.7984031936127752,5.34,5.31,-0.18691589,5.4,5.27,4912/5521,5.31,5.4,5.27,5.34,2.429906,1.13953E7,17,601368,20260304
601528.SH,瑞丰银行,5.23,-1.8761726078799184,5.27,5.41,-3.30275229,5.43,5.27,4912/5521,5.41,5.43,5.27,5.27,2.935779,3.6142136E7,17,601528,20260304
000601.SZ,韶能股份,6.57,-2.232142857142849,5.5,5.26,-0.9009009,5.56,5.26,4916/5521,5.26,5.56,5.26,5.5,5.405405,7.4858573E7,33,000601,20260304
002316.SZ,亚联发展,5.54,2.214022140221404,5.43,5.28,1.4953271,5.46,5.26,4916/5521,5.28,5.46,5.26,5.43,3.738317,1.89049E7,33,002316,20260304
002701.SZ,奥瑞金,5.5,0.9174311926605472,5.27,5.42,-3.125,5.45,5.26,4916/5521,5.42,5.45,5.26,5.27,3.492647,4.6257432E7,33,002701,20260304
600228.SH,*ST返利,6.17,1.8151815181518205,5.4,5.34,0.74626866,5.55,5.26,4916/5521,5.34,5.55,5.26,5.4,5.410447,3835000,22,600228,20260304
600540.SH,新赛股份,5.58,10.059171597633132,5.35,5.36,-0.18656716,5.49,5.26,4916/5521,5.36,5.49,5.26,5.35,4.291044,5.9161425E7,17,600540,20260304
002563.SZ,森马服饰,6.06,0.0,5.24,5.37,-2.23880597,5.37,5.22,4921/5521,5.37,5.37,5.22,5.24,2.798507,2.4488242E7,33,002563,20260304
002948.SZ,青岛银行,6.08,0.49586776859504544,5.3,5.29,-0.18832392,5.37,5.22,4921/5521,5.29,5.37,5.22,5.3,2.824858,5.538904E7,33,002948,20260304
600279.SH,重庆港,4.88,-0.40816326530613184,5.35,5.54,-6.79442509,5.55,5.22,4921/5521,5.54,5.55,5.22,5.35,5.749128,3.4259376E7,17,600279,20260304
600713.SH,南京医药,5.28,-2.9411764705882377,5.25,5.34,-2.41635688,5.36,5.22,4921/5521,5.34,5.36,5.22,5.25,2.60223,1.4250676E7,17,600713,20260304
000030.SZ,富奥股份,5.09,-0.19607843137254485,5.21,5.37,-3.69685767,5.4,5.21,4925/5521,5.37,5.4,5.21,5.21,3.512014,1.8367496E7,33,000030,20260304
300080.SZ,易成新能,4.5,-0.6622516556291446,5.42,5.21,-0.73260073,5.54,5.21,4925/5521,5.21,5.54,5.21,5.42,6.043956,7.4498135E7,33,300080,20260304
600226.SH,亨通股份,5.4,2.857142857142864,5.45,5.21,0.18382353,5.5,5.21,4925/5521,5.21,5.5,5.21,5.45,5.330882,6.8070547E7,17,600226,20260304
300217.SZ,东方电热,5.12,-0.19493177387913815,5.24,5.24,-1.31826742,5.39,5.2,4928/5521,5.24,5.39,5.2,5.24,3.578154,6.102854E7,33,300217,20260304
600115.SH,中国东航,4.32,-0.9174311926605512,5.23,5.34,-3.50553506,5.47,5.2,4928/5521,5.34,5.47,5.2,5.23,4.981549,1.58374176E8,17,600115,20260304
600525.SH,ST长园,5.19,-2.259887005649703,5.4,5.25,2.85714286,5.51,5.2,4928/5521,5.25,5.51,5.2,5.4,5.904761,4.0151181E7,22,600525,20260304
600266.SH,城建发展,5.14,5.544147843942496,5.23,5.24,-0.9469697,5.31,5.19,4931/5521,5.24,5.31,5.19,5.23,2.272727,4.2388371E7,17,600266,20260304
002067.SZ,景兴纸业,4.89,-0.4073319755600909,5.25,5.23,-1.31578947,5.38,5.17,4932/5521,5.23,5.38,5.17,5.25,3.947368,5.7107866E7,33,002067,20260304
002766.SZ,索菱股份,4.69,-0.21276595744680396,5.26,5.21,-0.56710775,5.33,5.17,4932/5521,5.21,5.33,5.17,5.26,3.024574,1.8754218E7,33,002766,20260304
300071.SZ,福石控股,4.86,0.41322314049587733,5.32,5.29,-0.37453184,5.42,5.17,4932/5521,5.29,5.42,5.17,5.32,4.681647,3.9384304E7,33,300071,20260304
300311.SZ,ST任子行,5.42,0.0,5.36,5.2,2.0952381,5.38,5.17,4932/5521,5.2,5.38,5.17,5.36,4,1.4678055E7,33,300311,20260304
601002.SH,晋亿实业,6.22,-0.7974481658692157,5.22,5.21,-0.57142857,5.29,5.17,4932/5521,5.21,5.29,5.17,5.22,2.285714,1.3933E7,17,601002,20260304
603188.SH,亚邦股份,5.32,6.400000000000006,5.37,5.19,1.89753321,5.68,5.17,4932/5521,5.19,5.68,5.17,5.37,9.677419,3.01399E7,17,603188,20260304
000825.SZ,太钢不锈,4.25,-1.1627906976744145,5.19,5.23,-1.89035917,5.38,5.16,4938/5521,5.23,5.38,5.16,5.19,4.15879,8.1395204E7,33,000825,20260304
000877.SZ,天山股份,4.64,-1.0660980810234693,5.22,5.28,-2.06378987,5.34,5.16,4938/5521,5.28,5.34,5.16,5.22,3.37711,2.2857501E7,33,000877,20260304
600168.SH,武汉控股,5.07,-0.3929273084479288,5.18,5.27,-1.89393939,5.27,5.16,4938/5521,5.27,5.27,5.16,5.18,2.083333,1.153942E7,17,600168,20260304
600616.SH,金枫酒业,5.0,-0.7936507936507944,5.19,5.24,-1.51802657,5.25,5.16,4938/5521,5.24,5.25,5.16,5.19,1.707779,1.0615973E7,17,600616,20260304
688425.SH,铁建重工,4.73,-0.8385744234800661,5.18,5.23,-1.52091255,5.29,5.16,4938/5521,5.23,5.29,5.16,5.18,2.471482,3.1741134E7,17,688425,20260304
000723.SZ,美锦能源,4.46,-0.6681514476614755,5.24,5.4,-4.90018149,5.4,5.15,4943/5521,5.4,5.4,5.15,5.24,4.537205,2.61771794E8,33,000723,20260304
600405.SH,动力源,5.24,0.7692307692307699,5.26,5.21,0.38167939,5.3,5.15,4943/5521,5.21,5.3,5.15,5.26,2.862595,1.1184309E7,17,600405,20260304
000637.SZ,茂化实华,4.82,1.9027484143763183,5.13,5.35,-10,5.42,5.13,4945/5521,5.35,5.42,5.13,5.13,5.087719,5.7667962E7,33,000637,20260304
603866.SH,桃李面包,4.98,-1.3861386138613743,5.15,5.26,-2.09125475,5.26,5.13,4945/5521,5.26,5.26,5.13,5.15,2.471482,1.8305449E7,17,603866,20260304
000796.SZ,凯撒旅业,5.21,1.3618677042801612,5.29,5.18,0.57034221,5.3,5.12,4947/5521,5.18,5.3,5.12,5.29,3.422053,4.5425601E7,33,000796,20260304
601015.SH,陕西黑猫,4.02,-1.7114914425427943,5.4,5.84,-5.09666081,5.87,5.12,4947/5521,5.84,5.87,5.12,5.4,13.181019,2.34591937E8,17,601015,20260304
300278.SZ,华昌达,4.83,2.3305084745762783,5.15,5.14,-0.96153846,5.24,5.11,4949/5521,5.14,5.24,5.11,5.15,2.5,2.33333E7,33,300278,20260304
300359.SZ,全通教育,5.0,0.6036217303822988,5.18,5.16,-1.14503817,5.25,5.11,4949/5521,5.16,5.25,5.11,5.18,2.671755,1.18019E7,33,300359,20260304
600429.SH,三元股份,6.09,4.459691252144078,5.21,5.23,-1.51228733,5.31,5.11,4949/5521,5.23,5.31,5.11,5.21,3.780718,2.27406E7,17,600429,20260304
000597.SZ,东北制药,4.93,-0.6048387096774244,5.12,5.16,-1.34874759,5.19,5.1,4952/5521,5.16,5.19,5.1,5.12,1.734104,1.4977231E7,33,000597,20260304
601006.SH,大秦铁路,5.27,-2.4074074074074217,5.18,5.18,-0.38461538,5.2,5.1,4952/5521,5.18,5.2,5.1,5.18,1.923076,2.40017575E8,17,601006,20260304
000736.SZ,*ST中地,5.5,0.3649635036496272,5.17,5.21,-1.33587786,5.25,5.09,4954/5521,5.21,5.25,5.09,5.17,3.053435,9249500,33,000736,20260304
300315.SZ,掌趣科技,5.01,1.0080645161290287,5.13,5.12,-0.96525097,5.22,5.09,4954/5521,5.12,5.22,5.09,5.13,2.509652,7.8132617E7,33,300315,20260304
300506.SZ,ST名家汇,4.64,-3.9337474120082896,5.13,5.18,-1.53550864,5.25,5.09,4954/5521,5.18,5.25,5.09,5.13,3.071017,1.0399101E7,33,300506,20260304
600604.SH,市北高新,4.83,-0.4123711340206098,5.12,5.16,-1.72744722,5.26,5.09,4954/5521,5.16,5.26,5.09,5.12,3.262955,9841706,17,600604,20260304
600998.SH,九州通,5.17,-0.38535645472062546,5.15,5.23,-2.27703985,5.24,5.09,4954/5521,5.23,5.24,5.09,5.15,2.846299,5.0961365E7,17,600998,20260304
000665.SZ,湖北广电,4.79,0.8421052631578955,5.08,5.2,-3.23809524,5.26,5.08,4959/5521,5.2,5.26,5.08,5.08,3.428571,1.8473623E7,33,000665,20260304
300317.SZ,珈伟新能,5.13,-2.8409090909090975,5.74,5.25,7.08955224,6.05,5.08,4959/5521,5.25,6.05,5.08,5.74,18.097014,2.29999351E8,33,300317,20260304
300324.SZ,旋极信息,4.92,3.361344537815129,5.13,5.12,-1.72413793,5.25,5.08,4959/5521,5.12,5.25,5.08,5.13,3.256704,4.5386557E7,33,300324,20260304
600979.SH,广安爱众,4.99,-2.9182879377431803,5.28,5.1,0.38022814,5.3,5.08,4959/5521,5.1,5.3,5.08,5.28,4.182509,1.10942206E8,17,600979,20260304
600027.SH,华电国际,4.99,-0.5976095617529753,5.13,5.13,-0.58139535,5.17,5.07,4963/5521,5.13,5.17,5.07,5.13,1.937984,1.50612854E8,17,600027,20260304
600863.SH,华能蒙电,4.64,-1.0660980810234693,5.25,5.16,2.14007782,5.27,5.07,4963/5521,5.16,5.27,5.07,5.25,3.89105,1.07385702E8,17,600863,20260304
600543.SH,*ST莫高,4.96,-2.74509803921568,5.11,5.1,-0.58365759,5.22,5.06,4965/5521,5.1,5.22,5.06,5.11,3.11284,5840200,22,600543,20260304
600854.SH,春兰股份,5.42,1.3084112149532765,5.12,5.11,-0.7751938,5.17,5.06,4965/5521,5.11,5.17,5.06,5.12,2.131782,8490805,17,600854,20260304
000778.SZ,新兴铸管,4.6,-2.127659574468096,5.09,5.05,-0.5859375,5.19,5.05,4967/5521,5.05,5.19,5.05,5.09,2.734375,6.7657001E7,33,000778,20260304
300230.SZ,永利股份,5.03,1.8218623481781346,5.07,5.12,-2.12355212,5.2,5.05,4967/5521,5.12,5.2,5.05,5.07,2.895752,2.0863531E7,33,300230,20260304
600880.SH,博瑞传播,5.13,0.39138943248531455,5.17,5.16,0,5.24,5.04,4969/5521,5.16,5.24,5.04,5.17,3.868471,2.402596E7,17,600880,20260304
002872.SZ,ST天圣,5.42,-0.3676470588235379,5.25,5.06,3.14341847,5.26,5.03,4970/5521,5.06,5.26,5.03,5.25,4.518664,6692150,33,002872,20260304
000036.SZ,华联控股,5.59,2.757352941176461,5.13,5.05,0.1953125,5.17,5.02,4971/5521,5.05,5.17,5.02,5.13,2.929687,3.9424533E7,33,000036,20260304
002307.SZ,北新路桥,4.32,-0.6896551724137785,5.08,5.03,-0.58708415,5.2,5.02,4971/5521,5.03,5.2,5.02,5.08,3.522504,4.4393287E7,33,002307,20260304
600018.SH,上港集团,5.0,1.4198782961460505,5.05,5.16,-2.69749518,5.17,5.01,4973/5521,5.16,5.17,5.01,5.05,3.082851,1.43176362E8,17,600018,20260304
000415.SZ,渤海租赁,4.68,-1.8867924528301858,5.06,5.2,-3.80228137,5.27,5,4974/5521,5.2,5.27,5,5.06,5.133079,1.17631239E8,33,000415,20260304
002388.SZ,新亚制程,5.42,0.7434944237918223,5.09,5.02,-0.5859375,5.15,5,4974/5521,5.02,5.15,5,5.09,2.929687,1.8782484E7,33,002388,20260304
600968.SH,海油发展,4.43,0.2262443438913979,5.63,5.73,1.62454874,5.8,5,4974/5521,5.73,5.8,5,5.63,14.440433,4.95016804E8,17,600968,20260304
601616.SH,广电电气,4.64,-1.0660980810234693,5.4,5.05,4.85436893,5.54,5,4974/5521,5.05,5.54,5,5.4,10.485436,1.15296801E8,17,601616,20260304
000401.SZ,金隅冀东,4.28,-7.359307359307356,5.03,5.04,-1.17878193,5.11,4.99,4978/5521,5.04,5.11,4.99,5.03,2.357563,1.909616E7,33,000401,20260304
300425.SZ,中建环能,4.98,-0.7968127490039671,5.05,5.06,-1.75097276,5.14,4.99,4978/5521,5.06,5.14,4.99,5.05,2.918287,1.0940104E7,33,300425,20260304
600624.SH,ST复华,4.62,4.999999999999994,5.02,5.09,-1.76125245,5.11,4.99,4978/5521,5.09,5.11,4.99,5.02,2.348336,7139000,22,600624,20260304
601816.SH,京沪高铁,4.9,-0.809716599190284,5.04,5.08,-1.17647059,5.08,4.99,4978/5521,5.08,5.08,4.99,5.04,1.764705,2.58540116E8,17,601816,20260304
000912.SZ,泸天化,4.87,-7.414448669201516,5.68,5.22,5.18518519,5.69,4.97,4982/5521,5.22,5.69,4.97,5.68,13.333333,1.48616519E8,33,000912,20260304
600684.SH,珠江股份,4.47,-2.826086956521737,5.06,4.98,0,5.15,4.97,4982/5521,4.98,5.15,4.97,5.06,3.557312,2.3767714E7,17,600684,20260304
300081.SZ,ST恒信,4.14,0.24213075060532172,5.03,5.03,-0.98425197,5.1,4.96,4984/5521,5.03,5.1,4.96,5.03,2.755905,2.2579546E7,33,300081,20260304
300155.SZ,安居宝,5.0,0.8064516129032265,5.05,4.99,-0.19762846,5.09,4.96,4984/5521,4.99,5.09,4.96,5.05,2.569169,8665506,33,300155,20260304
000757.SZ,浩物股份,4.89,0.4106776180698064,4.98,5,-1.38613861,5.07,4.95,4986/5521,5,5.07,4.95,4.98,2.376237,1.0672793E7,33,000757,20260304
600655.SH,豫园股份,4.93,-0.40404040404041336,4.94,5.01,-2.17821782,5.02,4.94,4987/5521,5.01,5.02,4.94,4.94,1.584158,2.0288053E7,17,600655,20260304
601668.SH,中国建筑,4.91,0.20408163265305687,4.97,5.02,-1.38888889,5.03,4.94,4987/5521,5.02,5.03,4.94,4.97,1.785714,4.78012304E8,17,601668,20260304
300032.SZ,金龙机电,5.23,-0.9469696969696936,4.96,5.03,-2.74509804,5.1,4.93,4989/5521,5.03,5.1,4.93,4.96,3.333333,4.3133611E7,33,300032,20260304
300422.SZ,博世科,5.6,-2.0979020979020997,5.01,5.01,-1.37795276,5.14,4.93,4989/5521,5.01,5.14,4.93,5.01,4.133858,1.1438873E7,33,300422,20260304
600376.SH,首开股份,4.53,2.721088435374152,5.05,4.93,0,5.11,4.93,4989/5521,4.93,5.11,4.93,5.05,3.564356,3.4101189E7,17,600376,20260304
600658.SH,电子城,5.1,2.4096385542168517,4.97,4.93,1.22199593,5.03,4.92,4992/5521,4.93,5.03,4.92,4.97,2.240325,1.0260458E7,17,600658,20260304
000557.SZ,西部创业,4.7,0.21321961620468627,4.93,5.06,-3.14341847,5.06,4.91,4993/5521,5.06,5.06,4.91,4.93,2.946954,2.037702E7,33,000557,20260304
300029.SZ,*ST天龙,,,4.98,4.91,-0.4,5.11,4.91,4993/5521,4.91,5.11,4.91,4.98,4,3844600,33,300029,20260304
600738.SH,丽尚国潮,4.8,-0.41493775933610916,4.97,5,-0.6,5.03,4.91,4993/5521,5,5.03,4.91,4.97,2.4,1.36634E7,17,600738,20260304
601658.SH,邮储银行,5.07,-1.5533980582524285,4.93,5.03,-2.18253968,5.04,4.91,4993/5521,5.03,5.04,4.91,4.93,2.579365,2.40432466E8,17,601658,20260304
000539.SZ,粤电力A,6.53,-6.71428571428571,5.01,4.96,-0.19920319,5.07,4.9,4997/5521,4.96,5.07,4.9,5.01,3.386454,3.3832792E7,33,000539,20260304
002687.SZ,乔治白,5.04,1.0020040080160284,4.95,4.94,-1,5.03,4.89,4998/5521,4.94,5.03,4.89,4.95,2.8,8977435,33,002687,20260304
600725.SH,云维股份,4.23,0.7142857142857202,5.02,5,-1.37524558,5.16,4.89,4998/5521,5,5.16,4.89,5.02,5.304518,3.507668E7,17,600725,20260304
000931.SZ,中关村,4.75,0.21097046413501658,4.9,4.97,-1.6064257,4.99,4.88,5000/5521,4.97,4.99,4.88,4.9,2.208835,1.0469591E7,33,000931,20260304
002059.SZ,云南旅游,4.9,-1.0101010101010064,4.93,4.96,-1.00401606,4.98,4.88,5000/5521,4.96,4.98,4.88,4.93,2.008032,1.3248335E7,33,002059,20260304
002108.SZ,沧州明珠,5.62,-3.103448275862064,4.94,4.96,-1.78926441,5.06,4.88,5000/5521,4.96,5.06,4.88,4.94,3.578528,6.669139E7,33,002108,20260304
002424.SZ,ST百灵,5.03,-0.9842519685039335,5.18,4.92,4.01606426,5.22,4.88,5000/5521,4.92,5.22,4.88,5.18,6.827309,2.8582743E7,33,002424,20260304
300451.SZ,创业慧康,4.41,0.0,4.94,4.9,-0.60362173,4.99,4.88,5000/5521,4.9,4.99,4.88,4.94,2.213279,2.6271952E7,33,300451,20260304
600599.SH,*ST熊猫,3.95,0.0,4.88,4.88,-5.05836576,4.95,4.88,5000/5521,4.88,4.95,4.88,4.88,1.361867,1131900,22,600599,20260304
600792.SH,云煤能源,4.51,0.2222222222222175,4.88,5.11,-9.96309963,5.12,4.88,5000/5521,5.11,5.12,4.88,4.88,4.428044,6.8217999E7,17,600792,20260304
603797.SH,联泰环保,4.91,0.20408163265305687,4.92,4.96,-1.20481928,4.99,4.88,5000/5521,4.96,4.99,4.88,4.92,2.208835,7669480,17,603797,20260304
002330.SZ,得利斯,4.75,-0.41928721174003303,4.91,4.93,-1.40562249,5,4.87,5008/5521,4.93,5,4.87,4.91,2.610441,1.4287502E7,33,002330,20260304
600748.SH,上实发展,5.3,-3.1078610603290664,4.89,4.9,-1.01214575,5.01,4.87,5008/5521,4.9,5.01,4.87,4.89,2.834008,1.4394188E7,17,600748,20260304
601789.SH,宁波建工,5.89,-2.3217247097844207,4.92,4.9,-1.00603622,4.99,4.87,5008/5521,4.9,4.99,4.87,4.92,2.414486,2.51738E7,17,601789,20260304
603323.SH,苏农银行,4.97,0.6072874493926995,4.88,5,-2.78884462,5.01,4.87,5008/5521,5,5.01,4.87,4.88,2.788844,5.1480643E7,17,603323,20260304
002266.SZ,浙富控股,5.28,4.761904761904766,4.94,4.89,-0.80321285,5.07,4.86,5012/5521,4.89,5.07,4.86,4.94,4.216867,9.9405292E7,33,002266,20260304
300242.SZ,佳云科技,4.91,0.8213552361396311,5.0,4.89,2.04081633,5.01,4.86,5012/5521,4.89,5.01,4.86,5.0,3.061224,2.68332E7,33,300242,20260304
600269.SH,赣粤高速,4.43,-0.6726457399103195,4.88,4.94,-1.81086519,4.95,4.85,5014/5521,4.94,4.95,4.85,4.88,2.012072,2.98936E7,17,600269,20260304
600795.SH,国电电力,4.74,-2.469135802469138,4.95,4.92,-0.2016129,4.99,4.85,5014/5521,4.92,4.99,4.85,4.95,2.82258,2.30301703E8,17,600795,20260304
000589.SZ,贵州轮胎,5.03,-1.3725490196078314,4.82,5.02,-3.98406375,5.02,4.82,5016/5521,5.02,5.02,4.82,4.82,3.984063,5.762591E7,33,000589,20260304
600982.SH,宁波能源,6.06,2.3648648648648596,4.93,4.86,0.81799591,4.97,4.82,5016/5521,4.86,4.97,4.82,4.93,3.067484,3.2788095E7,17,600982,20260304
000166.SZ,申万宏源,4.74,0.0,4.81,4.92,-2.82828283,4.93,4.81,5018/5521,4.92,4.93,4.81,4.81,2.424242,1.37040169E8,33,000166,20260304
002183.SZ,怡亚通,5.59,-2.951388888888888,4.83,4.83,-1.42857143,4.93,4.8,5019/5521,4.83,4.93,4.8,4.83,2.653061,6.0395999E7,33,002183,20260304
300225.SZ,*ST金泰,6.54,1.8691588785046747,4.94,4.91,-0.2020202,5,4.8,5019/5521,4.91,5,4.8,4.94,4.040404,5571600,33,300225,20260304
600050.SH,中国联通,4.52,-0.4405286343612437,4.85,4.86,-0.81799591,4.88,4.8,5019/5521,4.86,4.88,4.8,4.85,1.635991,2.63651267E8,17,600050,20260304
603023.SH,威帝股份,4.55,0.8869179600886926,4.86,4.83,-0.61349693,4.96,4.8,5019/5521,4.83,4.96,4.8,4.86,3.271983,1.31623E7,17,603023,20260304
002586.SZ,ST围海,4.71,-1.0504201680672232,4.87,4.84,-0.20491803,4.96,4.79,5023/5521,4.84,4.96,4.79,4.87,3.483606,1.29555E7,33,002586,20260304
601399.SH,国机重装,4.29,3.3734939759036067,4.91,4.79,1.2371134,4.99,4.79,5023/5521,4.79,4.99,4.79,4.91,4.123711,9.5126847E7,17,601399,20260304
000632.SZ,ST三木,3.9,-4.8780487804877986,4.97,4.88,0.81135903,5,4.78,5025/5521,4.88,5,4.78,4.97,4.462474,1.783888E7,33,000632,20260304
002672.SZ,东江环保,4.42,-0.896860986547086,4.99,4.86,2.46406571,5.07,4.78,5025/5521,4.86,5.07,4.78,4.99,5.954825,2.0650994E7,33,002672,20260304
600179.SH,安通控股,4.21,-1.4051522248243469,4.9,5.22,-7.37240076,5.22,4.76,5027/5521,5.22,5.22,4.76,4.9,8.695652,1.7438047E8,17,600179,20260304
300163.SZ,先锋新材,4.36,1.1600928074246106,4.95,4.83,0.81466395,5.03,4.75,5028/5521,4.83,5.03,4.75,4.95,5.702647,3.19642E7,33,300163,20260304
600925.SH,苏能股份,4.69,0.2136752136752281,4.82,4.82,-0.6185567,4.85,4.75,5028/5521,4.82,4.85,4.75,4.82,2.061855,2.4962971E7,17,600925,20260304
000012.SZ,南玻A,4.03,-0.7389162561576198,4.78,4.76,-1.03519669,4.86,4.74,5030/5521,4.76,4.86,4.74,4.78,2.484472,4.1879628E7,33,000012,20260304
002506.SZ,协鑫集成,4.23,-1.3986013986013894,5.15,4.94,-0.19379845,5.22,4.74,5030/5521,4.94,5.22,4.74,5.15,9.302325,1.43518807E9,33,002506,20260304
000883.SZ,湖北能源,4.86,-0.2053388090349032,4.77,4.76,-0.41753653,4.83,4.73,5032/5521,4.76,4.83,4.73,4.77,2.087682,4.6700002E7,33,000883,20260304
300021.SZ,大禹节水,4.51,0.44543429844097043,4.92,4.78,1.65289256,4.95,4.73,5032/5521,4.78,4.95,4.73,4.92,4.545454,4.3202953E7,33,300021,20260304
000514.SZ,渝开发,4.93,1.2320328542094376,4.79,4.79,-0.82815735,4.82,4.72,5034/5521,4.79,4.82,4.72,4.79,2.070393,1.1573E7,33,000514,20260304
002481.SZ,双塔食品,4.56,0.0,4.74,4.77,-1.04384134,4.78,4.71,5035/5521,4.77,4.78,4.71,4.74,1.461377,1.0735627E7,33,002481,20260304
300072.SZ,海新能科,4.58,-1.2931034482758537,4.9,5.13,-5.58766859,5.13,4.71,5035/5521,5.13,5.13,4.71,4.9,8.092485,1.09774938E8,33,300072,20260304
000100.SZ,TCL科技,4.27,-1.1574074074074239,4.74,4.72,-0.21052632,4.88,4.7,5037/5521,4.72,4.88,4.7,4.74,3.789473,4.21814223E8,33,000100,20260304
300006.SZ,莱美药业,6.39,-0.7763975155279613,4.76,4.77,-0.20964361,4.84,4.7,5037/5521,4.77,4.84,4.7,4.76,2.93501,2.1853E7,33,300006,20260304
002514.SZ,宝馨科技,,,4.84,4.8,0.83333333,4.88,4.69,5039/5521,4.8,4.88,4.69,4.84,3.958333,1.2929537E7,33,002514,20260304
300067.SZ,安诺其,6.85,-3.7921348314606806,4.83,4.7,0.83507307,4.97,4.69,5039/5521,4.7,4.97,4.69,4.83,5.845511,6.0188882E7,33,300067,20260304
600649.SH,城投控股,4.27,0.0,4.75,4.75,-0.83507307,4.85,4.69,5039/5521,4.75,4.85,4.69,4.75,3.340292,4.4514705E7,17,600649,20260304
002418.SZ,康盛股份,5.64,-3.754266211604106,4.77,4.71,0,4.84,4.68,5042/5521,4.71,4.84,4.68,4.77,3.354297,3.3144426E7,33,002418,20260304
600502.SH,安徽建工,5.39,-1.4625228519195625,4.69,4.76,-1.67714885,4.78,4.68,5042/5521,4.76,4.78,4.68,4.69,2.096436,2.5202058E7,17,600502,20260304
600984.SH,建设机械,4.16,2.7160493827160574,4.75,4.73,0.42283298,4.84,4.68,5042/5521,4.73,4.84,4.68,4.75,3.382663,3.513996E7,17,600984,20260304
688509.SH,正元地信,4.51,0.2222222222222175,4.74,4.68,0.42372881,4.77,4.67,5045/5521,4.68,4.77,4.67,4.74,2.118644,1.0515794E7,17,688509,20260304
300247.SZ,融捷健康,4.28,-0.46511627906975755,4.8,4.7,1.05263158,4.83,4.66,5046/5521,4.7,4.83,4.66,4.8,3.578947,1.7108302E7,33,300247,20260304
600777.SH,*ST新潮,6.01,0.8389261744966413,4.82,5.15,-1.63265306,5.15,4.66,5046/5521,5.15,5.15,4.66,4.82,10,1.3639491E8,22,600777,20260304
600740.SH,山西焦化,4.3,-2.050113895216398,4.87,5.1,-5.80270793,5.1,4.65,5048/5521,5.1,5.1,4.65,4.87,8.704061,1.68481409E8,17,600740,20260304
002808.SZ,*ST恒久,2.83,-5.033557046979863,4.63,4.87,-4.92813142,4.87,4.63,5049/5521,4.87,4.87,4.63,4.63,4.928131,5496476,33,002808,20260304
002554.SZ,惠博普,3.49,0.8670520231213945,4.7,5.08,-8.38206628,5.08,4.62,5050/5521,5.08,5.08,4.62,4.7,8.966861,2.59691582E8,33,002554,20260304
300145.SZ,南方泵业,4.84,-1.825557809330626,4.66,4.63,-0.85106383,4.77,4.62,5050/5521,4.63,4.77,4.62,4.66,3.191489,5.3920204E7,33,300145,20260304
300287.SZ,飞利信,4.32,-0.4608294930875478,4.67,4.66,-0.63829787,4.74,4.62,5050/5521,4.66,4.74,4.62,4.67,2.553191,2.12811E7,33,300287,20260304
600339.SH,中油工程,4.07,0.24630541871922848,5.24,5.45,2.14424951,5.54,4.62,5050/5521,5.45,5.54,4.62,5.24,17.933723,5.18614467E8,17,600339,20260304
000520.SZ,凤凰航运,3.95,-1.0025062656641612,4.61,4.91,-9.9609375,4.91,4.61,5054/5521,4.91,4.91,4.61,4.61,5.859375,6.3073201E7,33,000520,20260304
002047.SZ,*ST宝鹰,5.25,-2.052238805970155,4.82,4.61,1.47368421,4.86,4.61,5054/5521,4.61,4.86,4.61,4.82,5.263157,1.71807E7,33,002047,20260304
600717.SH,天津港,4.74,0.42372881355933184,4.62,4.8,-4.74226804,4.8,4.61,5054/5521,4.8,4.8,4.61,4.62,3.917525,5.4785759E7,17,600717,20260304
000966.SZ,长源电力,4.56,-1.9354838709677578,4.72,4.62,0.63965885,4.76,4.6,5057/5521,4.62,4.76,4.6,4.72,3.411513,5.9597916E7,33,000966,20260304
600495.SH,晋西车轴,4.29,0.23364485981307911,4.63,4.77,-3.13807531,4.8,4.6,5057/5521,4.77,4.8,4.6,4.63,4.1841,2.6111228E7,17,600495,20260304
000002.SZ,万科A,3.91,1.0335917312661507,4.62,4.64,-1.07066381,4.68,4.59,5059/5521,4.64,4.68,4.59,4.62,1.927194,1.17689639E8,33,000002,20260304
603718.SH,海利生物,3.9,0.0,4.71,4.61,0.42643923,4.74,4.59,5059/5521,4.61,4.74,4.59,4.71,3.198294,1.37148E7,17,603718,20260304
000868.SZ,安凯客车,4.46,-0.6681514476614755,4.61,4.62,-0.86021505,4.67,4.58,5061/5521,4.62,4.67,4.58,4.61,1.935483,8490200,33,000868,20260304
600121.SH,郑州煤电,4.25,-0.9324009324009332,4.78,4.82,-2.44897959,4.85,4.58,5061/5521,4.82,4.85,4.58,4.78,5.510204,8.2629415E7,17,600121,20260304
300292.SZ,吴通控股,5.11,-2.1072796934865794,4.6,4.59,-1.70940171,4.69,4.57,5063/5521,4.59,4.69,4.57,4.6,2.564102,4.6126897E7,33,300292,20260304
601975.SH,招商南油,4.48,-1.9693654266958391,5.22,5.4,5.03018109,5.4,4.57,5063/5521,5.4,5.4,4.57,5.22,16.700201,1.16607072E9,17,601975,20260304
601106.SH,中国一重,4.54,9.927360774818405,4.74,4.57,0.85106383,4.88,4.56,5065/5521,4.57,4.88,4.56,4.74,6.80851,1.13553118E8,17,601106,20260304
000558.SZ,天府文旅,4.25,1.9184652278177476,4.57,4.65,-3.38266385,4.68,4.55,5066/5521,4.65,4.68,4.55,4.57,2.748414,4.088771E7,33,000558,20260304
600361.SH,创新新材,4.47,-0.6666666666666722,4.66,4.58,0.43103448,4.79,4.55,5066/5521,4.58,4.79,4.55,4.66,5.172413,7.550196E7,17,600361,20260304
000690.SZ,宝新能源,5.28,-1.1235955056179703,4.59,4.57,-0.64935065,4.65,4.54,5068/5521,4.57,4.65,4.54,4.59,2.380952,6.6933012E7,33,000690,20260304
002344.SZ,海宁皮城,4.48,0.0,4.67,4.57,1.08225108,4.75,4.54,5068/5521,4.57,4.75,4.54,4.67,4.545454,1.8981002E7,33,002344,20260304
300259.SZ,新天科技,4.46,-0.8888888888888897,4.67,4.57,1.30151844,4.7,4.52,5070/5521,4.57,4.7,4.52,4.67,3.904555,2.270246E7,33,300259,20260304
601158.SH,重庆水务,4.43,0.0,4.55,4.59,-0.87145969,4.59,4.52,5070/5521,4.59,4.59,4.52,4.55,1.525054,1.73573E7,17,601158,20260304
000088.SZ,盐田港,4.53,0.0,4.54,4.6,-2.15517241,4.61,4.51,5072/5521,4.6,4.61,4.51,4.54,2.155172,5.9557327E7,33,000088,20260304
600425.SH,青松建化,4.1,0.0,4.53,4.56,-1.52173913,4.64,4.51,5072/5521,4.56,4.64,4.51,4.53,2.826086,3.1055998E7,17,600425,20260304
002793.SZ,罗欣药业,5.53,2.597402597402608,4.57,4.64,-1.72043011,4.64,4.5,5074/5521,4.64,4.64,4.5,4.57,3.010752,1.4226501E7,33,002793,20260304
600643.SH,爱建集团,4.82,0.4166666666666763,4.58,4.63,-1.92719486,4.7,4.5,5074/5521,4.63,4.7,4.5,4.58,4.282655,1.9274423E7,17,600643,20260304
002251.SZ,步步高,4.15,0.24154589371982307,4.5,4.56,-2.5974026,4.59,4.49,5076/5521,4.56,4.59,4.49,4.5,2.164502,6.647125E7,33,002251,20260304
300020.SZ,ST银江,3.52,0.2849002849002915,4.56,4.52,1.33333333,4.66,4.49,5076/5521,4.52,4.66,4.49,4.56,3.777777,1.64297E7,33,300020,20260304
300205.SZ,*ST天喻,6.11,0.16393442622951926,4.53,4.48,-0.22026432,4.6,4.47,5078/5521,4.48,4.6,4.47,4.53,2.863436,2023397,33,300205,20260304
600500.SH,中化国际,4.6,3.8374717832957095,4.51,4.5,-1.09649123,4.63,4.47,5078/5521,4.5,4.63,4.47,4.51,3.508771,5.29691E7,17,600500,20260304
000516.SZ,国际医学,4.6,-0.8620689655172422,4.49,4.49,-0.66371681,4.53,4.46,5080/5521,4.49,4.53,4.46,4.49,1.548672,2.5933832E7,33,000516,20260304
002224.SZ,三力士,4.37,1.1574074074074032,4.54,4.49,0,4.58,4.46,5080/5521,4.49,4.58,4.46,4.54,2.643171,2.0951296E7,33,002224,20260304
002807.SZ,江阴银行,4.58,-1.0799136069114432,4.47,4.56,-2.40174672,4.57,4.46,5080/5521,4.56,4.57,4.46,4.47,2.401746,5.4072343E7,33,002807,20260304
300135.SZ,宝利国际,4.11,3.526448362720406,4.67,4.89,-9.49612403,4.89,4.46,5080/5521,4.89,4.89,4.46,4.67,8.333333,1.31868377E8,33,300135,20260304
002110.SZ,三钢闽光,3.42,-2.005730659025796,4.48,4.57,-2.18340611,4.61,4.45,5084/5521,4.57,4.61,4.45,4.48,3.493449,3.1827697E7,33,002110,20260304
600108.SH,亚盛集团,4.34,0.9302325581395358,5.29,4.82,9.97920998,5.29,4.45,5084/5521,4.82,5.29,4.45,5.29,17.463617,3.63539675E8,17,600108,20260304
603183.SH,建研院,4.9,1.6597510373443998,4.54,4.54,-0.87336245,4.59,4.45,5084/5521,4.54,4.59,4.45,4.54,3.056768,1.1944024E7,17,603183,20260304
600094.SH,大名城,4.71,-0.4228329809725256,4.49,4.53,-1.9650655,4.6,4.44,5087/5521,4.53,4.6,4.44,4.49,3.493449,1.719477E7,17,600094,20260304
601113.SH,华鼎股份,4.6,0.21786492374727204,4.5,4.5,-0.66225166,4.59,4.44,5087/5521,4.5,4.59,4.44,4.5,3.311258,2.5583901E7,17,601113,20260304
601366.SH,利群股份,4.04,-0.7371007371007432,4.47,4.5,-1.10619469,4.52,4.44,5087/5521,4.5,4.52,4.44,4.47,1.769911,1.4849829E7,17,601366,20260304
601515.SH,衢州东峰,4.54,-0.4385964912280609,4.46,4.46,-0.88888889,4.54,4.44,5087/5521,4.46,4.54,4.44,4.46,2.222222,2.9784941E7,17,601515,20260304
300148.SZ,天舟文化,4.16,-0.7159904534606264,4.51,4.45,-0.4415011,4.56,4.43,5091/5521,4.45,4.56,4.43,4.51,2.869757,3.6362579E7,33,300148,20260304
002109.SZ,兴化股份,,,4.68,4.59,-1.88679245,4.76,4.41,5092/5521,4.59,4.76,4.41,4.68,7.337526,1.0756235E8,33,002109,20260304
002524.SZ,光正眼科,4.41,1.6129032258064582,4.46,4.48,-1.76211454,4.53,4.41,5092/5521,4.48,4.53,4.41,4.46,2.643171,2.02902E7,33,002524,20260304
300510.SZ,金冠股份,4.18,0.0,4.58,4.43,1.77777778,4.63,4.41,5092/5521,4.43,4.63,4.41,4.58,4.888888,3.2220951E7,33,300510,20260304
600716.SH,凤凰股份,4.43,1.3729977116704715,4.47,4.56,-2.40174672,4.57,4.41,5092/5521,4.56,4.57,4.41,4.47,3.493449,1.6923924E7,17,600716,20260304
601778.SH,晶科科技,6.5,-6.609195402298851,4.54,4.45,0.22075055,4.62,4.41,5092/5521,4.45,4.62,4.41,4.54,4.635761,1.42164367E8,17,601778,20260304
002839.SZ,张家港行,4.56,-1.5118790496760321,4.43,4.51,-2.42290749,4.51,4.4,5097/5521,4.51,4.51,4.4,4.43,2.422907,4.8072999E7,33,002839,20260304
300173.SZ,ST福能,4.28,0.0,4.51,4.46,0.22222222,4.58,4.4,5097/5521,4.46,4.58,4.4,4.51,4,1.46686E7,33,300173,20260304
300459.SZ,汤姆猫,4.22,1.1990407673860868,4.45,4.43,-0.44742729,4.52,4.4,5097/5521,4.43,4.52,4.4,4.45,2.684563,7.8007336E7,33,300459,20260304
300074.SZ,华平股份,4.41,0.9153318077803212,4.46,4.44,-0.44642857,4.5,4.38,5100/5521,4.44,4.5,4.38,4.46,2.678571,1.8731205E7,33,300074,20260304
600130.SH,波导股份,4.62,0.43478260869566226,4.47,4.39,0.67567568,4.52,4.37,5101/5521,4.39,4.52,4.37,4.47,3.378378,1.4528E7,17,600130,20260304
600681.SH,百川能源,4.06,-0.49019607843138385,4.68,4.72,-1.68067227,4.76,4.36,5102/5521,4.72,4.76,4.36,4.68,8.403361,1.75662232E8,17,600681,20260304
601500.SH,通用股份,4.66,6.392694063926946,4.36,4.38,-1.13378685,4.43,4.34,5103/5521,4.38,4.43,4.34,4.36,2.040816,1.759398E7,17,601500,20260304
600800.SH,渤海化学,4.59,1.3245033112582694,4.37,4.61,-9.14760915,4.62,4.33,5104/5521,4.61,4.62,4.33,4.37,6.029106,9.7606102E7,17,600800,20260304
920023.BJ,*ST田野,2.65,2.3166023166023186,4.36,4.35,-0.22883295,4.45,4.33,5104/5521,4.35,4.45,4.33,4.36,2.745995,7224320,151,920023,20260304
600609.SH,金杯汽车,4.02,0.49999999999998934,4.36,4.36,-0.456621,4.41,4.31,5106/5521,4.36,4.41,4.31,4.36,2.283105,1.54137E7,17,600609,20260304
600369.SH,西南证券,4.24,0.4739336492891105,4.32,4.42,-2.7027027,4.43,4.3,5107/5521,4.42,4.43,4.3,4.32,2.927927,6.0760789E7,17,600369,20260304
600572.SH,康恩贝,4.48,0.2237136465324536,4.31,4.4,-2.48868778,4.42,4.3,5107/5521,4.4,4.42,4.3,4.31,2.714932,6.4916655E7,17,600572,20260304
300190.SZ,维尔利,4.2,1.2048192771084294,4.33,4.33,-0.68807339,4.41,4.29,5109/5521,4.33,4.41,4.29,4.33,2.752293,2.537894E7,33,300190,20260304
000536.SZ,华映科技,3.94,-1.253132832080207,4.31,4.3,-1.59817352,4.37,4.28,5110/5521,4.3,4.37,4.28,4.31,2.054794,4.0097625E7,33,000536,20260304
000981.SZ,山子高科,3.84,2.3999999999999964,4.44,4.52,-4.10367171,4.52,4.28,5110/5521,4.52,4.52,4.28,4.44,5.183585,4.39002239E8,33,000981,20260304
002652.SZ,扬子新材,5.93,-4.045307443365696,4.56,4.36,3.63636364,4.7,4.28,5110/5521,4.36,4.7,4.28,4.56,9.545454,3.5704833E7,33,002652,20260304
600496.SH,精工钢构,4.15,0.0,4.3,4.38,-2.93453725,4.46,4.28,5110/5521,4.38,4.46,4.28,4.3,4.063205,2.3640072E7,17,600496,20260304
000659.SZ,珠海中富,4.03,-1.9464720194647218,4.34,4.29,-1.13895216,4.41,4.26,5114/5521,4.29,4.41,4.26,4.34,3.416856,2.4818727E7,33,000659,20260304
000725.SZ,京东方A,4.08,-2.158273381294961,4.32,4.29,0,4.38,4.26,5114/5521,4.29,4.38,4.26,4.32,2.777777,6.7947142E8,33,000725,20260304
002578.SZ,闽发铝业,4.16,-0.7159904534606264,4.46,4.35,0.6772009,4.58,4.26,5114/5521,4.35,4.58,4.26,4.46,7.223476,4.48839E7,33,002578,20260304
002641.SZ,公元股份,4.26,0.2352941176470538,4.26,4.31,-2.29357798,4.35,4.24,5117/5521,4.31,4.35,4.24,4.26,2.522935,1.6066753E7,33,002641,20260304
688287.SH,*ST观典,0.93,0.0,4.36,4.5,-3.32594235,4.53,4.24,5117/5521,4.5,4.53,4.24,4.36,6.430155,8259881,22,688287,20260304
002567.SZ,唐人神,4.16,0.24096385542168158,4.26,4.31,-1.61662818,4.34,4.23,5119/5521,4.31,4.34,4.23,4.26,2.540415,3.3917E7,33,002567,20260304
601568.SH,北元集团,3.91,-1.7587939698492423,4.25,4.23,-0.93240093,4.34,4.22,5120/5521,4.23,4.34,4.22,4.25,2.797202,3.0673537E7,17,601568,20260304
603669.SH,灵康药业,4.48,-1.5384615384615252,4.3,4.32,-1.60183066,4.39,4.22,5120/5521,4.32,4.39,4.22,4.3,3.89016,8165241,17,603669,20260304
000900.SZ,现代投资,4.22,0.476190476190466,4.23,4.29,-2.08333333,4.29,4.21,5122/5521,4.29,4.29,4.21,4.23,1.851851,1.7931232E7,33,000900,20260304
601279.SH,英利汽车,3.98,1.01522842639594,4.26,4.26,-0.6993007,4.36,4.21,5122/5521,4.26,4.36,4.21,4.26,3.496503,1.09148E7,17,601279,20260304
000420.SZ,吉林化纤,5.11,-0.7766990291262142,4.28,4.22,0.23419204,4.35,4.2,5124/5521,4.22,4.35,4.2,4.28,3.51288,7.2733461E7,33,000420,20260304
300078.SZ,思创智联,3.9,-0.5102040816326535,4.31,4.22,0.46620047,4.34,4.2,5124/5521,4.22,4.34,4.2,4.31,3.263403,2.8149777E7,33,300078,20260304
600824.SH,益民集团,4.1,0.4901960784313621,4.24,4.25,-0.70257611,4.29,4.2,5124/5521,4.25,4.29,4.2,4.24,2.107728,1.2065688E7,17,600824,20260304
000607.SZ,华媒控股,4.14,1.9704433497536966,4.25,4.23,-0.23474178,4.3,4.19,5127/5521,4.23,4.3,4.19,4.25,2.582159,1.8145107E7,33,000607,20260304
601375.SH,中原证券,4.06,0.7444168734491156,4.19,4.31,-3.00925926,4.32,4.19,5127/5521,4.31,4.32,4.19,4.19,3.009259,6.56177E7,17,601375,20260304
002385.SZ,大北农,3.89,-0.5115089514066501,4.42,4.24,4.24528302,4.45,4.18,5129/5521,4.24,4.45,4.18,4.42,6.367924,4.39860747E8,33,002385,20260304
600052.SH,东望时代,4.44,9.90099009900991,4.22,4.22,-0.93896714,4.28,4.18,5129/5521,4.22,4.28,4.18,4.22,2.347417,1.055489E7,17,600052,20260304
600798.SH,宁波海运,3.63,0.0,4.24,4.63,-8.62068966,4.63,4.18,5129/5521,4.63,4.63,4.18,4.24,9.698275,1.95087156E8,17,600798,20260304
600808.SH,马钢股份,3.87,-0.7692307692307643,4.2,4.2,-0.70921986,4.31,4.18,5129/5521,4.2,4.31,4.18,4.2,3.073286,7.8563004E7,17,600808,20260304
601000.SH,唐山港,4.65,-1.6913319238900648,4.21,4.22,-0.94117647,4.27,4.18,5129/5521,4.22,4.27,4.18,4.21,2.117647,4.7258951E7,17,601000,20260304
002042.SZ,华孚时尚,4.93,-0.8048289738430591,4.25,4.23,-0.93240093,4.33,4.17,5134/5521,4.23,4.33,4.17,4.25,3.729603,2.9190184E7,33,002042,20260304
002523.SZ,天桥起重,3.88,1.0416666666666676,4.29,4.19,0.94117647,4.34,4.17,5134/5521,4.19,4.34,4.17,4.29,4,3.4684633E7,33,002523,20260304
002742.SZ,*ST三圣,,,4.25,4.21,0.95011876,4.28,4.17,5134/5521,4.21,4.28,4.17,4.25,2.612826,2521945,33,002742,20260304
300111.SZ,向日葵,3.88,0.5181347150259072,4.25,4.28,0.47281324,4.35,4.16,5137/5521,4.28,4.35,4.16,4.25,4.491725,4.8234636E7,33,300111,20260304
603363.SH,傲农生物,3.39,-0.8771929824561346,4.25,4.19,0.71090047,4.29,4.16,5137/5521,4.19,4.29,4.16,4.25,3.080568,8.92102E7,17,603363,20260304
002356.SZ,赫美集团,3.3,-0.3021148036253846,4.36,4.4,-2.89532294,4.51,4.15,5139/5521,4.4,4.51,4.15,4.36,8.017817,1.45306657E8,33,002356,20260304
300194.SZ,福安药业,4.13,-0.24154589371980165,4.18,4.22,-1.41509434,4.25,4.15,5139/5521,4.22,4.25,4.15,4.18,2.35849,1.7410477E7,33,300194,20260304
600193.SH,*ST创兴,2.17,0.0,4.22,4.15,-0.70588235,4.26,4.15,5139/5521,4.15,4.26,4.15,4.22,2.588235,3460100,22,600193,20260304
002172.SZ,澳洋健康,3.81,-0.5221932114882512,4.28,4.18,1.9047619,4.38,4.14,5142/5521,4.18,4.38,4.14,4.28,5.714285,2.8980351E7,33,002172,20260304
600308.SH,华泰股份,3.89,-2.749999999999997,4.18,4.14,0.48076923,4.26,4.13,5143/5521,4.14,4.26,4.13,4.18,3.125,3.0971356E7,17,600308,20260304
600905.SH,三峡能源,4.09,-0.24390243902438508,4.21,4.18,0.47732697,4.23,4.13,5143/5521,4.18,4.23,4.13,4.21,2.386634,2.50749377E8,17,600905,20260304
000812.SZ,陕西金叶,4.1,0.24449877750610727,4.18,4.17,-0.71258907,4.22,4.12,5145/5521,4.17,4.22,4.12,4.18,2.375296,1.5660203E7,33,000812,20260304
002228.SZ,合兴包装,3.9,1.0362694300518145,4.17,4.15,-0.47732697,4.23,4.12,5145/5521,4.15,4.23,4.12,4.17,2.625298,2.2971956E7,33,002228,20260304
000573.SZ,粤宏远A,5.03,1.4112903225806508,4.2,4.15,0.96153846,4.25,4.11,5147/5521,4.15,4.25,4.11,4.2,3.365384,2.00823E7,33,000573,20260304
002775.SZ,文科股份,4.0,0.7556675062972242,4.2,4.15,0.4784689,4.25,4.11,5147/5521,4.15,4.25,4.11,4.2,3.349282,1.0448404E7,33,002775,20260304
600386.SH,北巴传媒,4.15,0.0,4.15,4.17,-1.19047619,4.21,4.11,5147/5521,4.17,4.21,4.11,4.15,2.380952,1.1551043E7,17,600386,20260304
600626.SH,申达股份,3.92,-0.2544529262086573,4.49,4.56,-1.75054705,4.57,4.11,5147/5521,4.56,4.57,4.11,4.49,10.065645,1.7832122E7,17,600626,20260304
001213.SZ,中铁特货,3.98,-0.5000000000000004,4.12,4.17,-2.60047281,4.18,4.1,5151/5521,4.17,4.18,4.1,4.12,1.891252,3.0568067E7,33,001213,20260304
000802.SZ,北京文化,4.31,0.46620046620045624,4.15,4.11,-0.24038462,4.17,4.09,5152/5521,4.11,4.17,4.09,4.15,1.923076,1.3492332E7,33,000802,20260304
300355.SZ,蒙草生态,3.64,-0.5464480874316945,4.35,4.16,3.57142857,4.38,4.09,5152/5521,4.16,4.38,4.09,4.35,6.904761,1.04733755E8,33,300355,20260304
600782.SH,新钢股份,3.09,-2.5236593059936934,4.12,4.15,-1.9047619,4.23,4.09,5152/5521,4.15,4.23,4.09,4.12,3.333333,7.0322444E7,17,600782,20260304
002397.SZ,梦洁股份,4.83,2.5477707006369448,4.14,4.13,-0.71942446,4.2,4.07,5155/5521,4.13,4.2,4.07,4.14,3.117505,1.49861E7,33,002397,20260304
600310.SH,广西能源,4.94,-2.371541501976269,4.15,4.07,0.72815534,4.17,4.06,5156/5521,4.07,4.17,4.06,4.15,2.669902,3.4601873E7,17,600310,20260304
600325.SH,华发股份,3.46,-3.351955307262573,4.09,4.1,-1.20772947,4.17,4.05,5157/5521,4.1,4.17,4.05,4.09,2.89855,4.4675102E7,17,600325,20260304
920370.BJ,新安洁,3.43,0.5865102639296192,4.06,4.19,0.74441687,4.23,4.04,5158/5521,4.19,4.23,4.04,4.06,4.71464,1.0590586E7,151,920370,20260304
002061.SZ,浙江交科,3.89,0.0,4.04,4.07,-1.46341463,4.12,4.03,5159/5521,4.07,4.12,4.03,4.04,2.195121,3.122074E7,33,002061,20260304
600020.SH,中原高速,4.04,5.48302872062663,4.05,4.13,-2.17391304,4.13,4.03,5159/5521,4.13,4.13,4.03,4.05,2.415458,1.8920304E7,17,600020,20260304
600831.SH,广电网络,3.86,-0.5154639175257737,4.12,4.09,-1.19904077,4.19,4.03,5159/5521,4.09,4.19,4.03,4.12,3.83693,1.2680201E7,17,600831,20260304
000652.SZ,泰达股份,4.29,-0.6944444444444502,4.03,4.14,-3.35731415,4.16,4.02,5162/5521,4.14,4.16,4.02,4.03,3.357314,2.7041738E7,33,000652,20260304
600488.SH,津药药业,5.7,-2.730375426621163,4.03,4.11,-2.89156627,4.13,4.02,5162/5521,4.11,4.13,4.02,4.03,2.650602,1.2573138E7,17,600488,20260304
601018.SH,宁波港,3.7,-2.374670184696566,4.2,4.17,-0.47393365,4.25,4.02,5162/5521,4.17,4.25,4.02,4.2,5.450236,1.26465318E8,17,601018,20260304
601933.SH,永辉超市,3.84,0.5235602094240842,4.04,4.1,-3.3492823,4.11,4.02,5162/5521,4.1,4.11,4.02,4.04,2.15311,1.62505525E8,17,601933,20260304
000750.SZ,国海证券,3.91,1.0335917312661507,4.02,4.07,-2.18978102,4.09,4.01,5166/5521,4.07,4.09,4.01,4.02,1.946472,6.1127005E7,33,000750,20260304
000629.SZ,钒钛股份,3.64,-1.3550135501354965,4.04,4.01,-0.49261084,4.17,4,5167/5521,4.01,4.17,4,4.04,4.187192,2.05446068E8,33,000629,20260304
600853.SH,龙建股份,3.96,-0.25188916876574885,4.02,4.12,-3.13253012,4.15,4,5167/5521,4.12,4.15,4,4.02,3.614457,2.7345262E7,17,600853,20260304
601599.SH,浙文影业,3.71,0.0,4.03,4.04,-0.73891626,4.08,4,5167/5521,4.04,4.08,4,4.03,1.970443,3.9514502E7,17,601599,20260304
002375.SZ,亚厦股份,4.18,0.4807692307692205,4.01,4.06,-1.95599022,4.1,3.99,5170/5521,4.06,4.1,3.99,4.01,2.689486,2.3168528E7,33,002375,20260304
600067.SH,冠城新材,3.64,-9.677419354838712,4.06,4.01,0.4950495,4.12,3.99,5170/5521,4.01,4.12,3.99,4.06,3.217821,2.3544201E7,17,600067,20260304
600217.SH,中再资环,3.78,-1.3054830287206336,4.03,4.01,0,4.08,3.99,5170/5521,4.01,4.08,3.99,4.03,2.23325,2.427062E7,17,600217,20260304
000669.SZ,ST金鸿,4.19,-2.7842227378190074,3.98,3.98,-5.01193317,4.03,3.98,5173/5521,3.98,4.03,3.98,3.98,1.193317,4.51077E7,33,000669,20260304
600515.SH,海南机场,3.61,1.690140845070424,4.02,3.99,-0.24813896,4.06,3.98,5173/5521,3.99,4.06,3.98,4.02,1.985111,9.5958099E7,17,600515,20260304
600708.SH,光明地产,3.8,1.6042780748662997,4.04,4.05,-1.70316302,4.12,3.98,5173/5521,4.05,4.12,3.98,4.04,3.406326,3.8907479E7,17,600708,20260304
002596.SZ,海南瑞泽,3.76,2.73224043715846,4.05,4,0.74626866,4.08,3.97,5176/5521,4,4.08,3.97,4.05,2.736318,3.95935E7,33,002596,20260304
600327.SH,大东方,3.97,2.056555269922881,4.04,4,0,4.06,3.97,5176/5521,4,4.06,3.97,4.04,2.227722,1.272077E7,17,600327,20260304
600751.SH,海航科技,3.68,-2.6455026455026363,4.0,4.08,-3.84615385,4.1,3.97,5176/5521,4.08,4.1,3.97,4.0,3.125,8.8129282E7,17,600751,20260304
300070.SZ,碧水源,3.92,-1.010101010101011,3.98,4.02,-1.72839506,4.06,3.96,5179/5521,4.02,4.06,3.96,3.98,2.469135,5.24667E7,33,300070,20260304
003816.SZ,中国广核,4.58,0.8810572687224677,4.05,4.01,0.74626866,4.08,3.95,5180/5521,4.01,4.08,3.95,4.05,3.23383,2.38163709E8,33,003816,20260304
600368.SH,五洲交通,3.89,-0.25641025641025095,3.96,4.03,-1.98019802,4.04,3.95,5180/5521,4.03,4.04,3.95,3.96,2.227722,2.2883066E7,17,600368,20260304
601099.SH,太平洋,3.68,-0.540540540540541,3.96,3.98,-1.7369727,4.03,3.95,5180/5521,3.98,4.03,3.95,3.96,1.985111,1.19161438E8,17,601099,20260304
601388.SH,怡球资源,4.08,-0.9708737864077678,4.11,3.96,2.23880597,4.21,3.95,5180/5521,3.96,4.21,3.95,4.11,6.467661,9.8497916E7,17,601388,20260304
600758.SH,辽宁能源,3.98,-2.2113022113022187,4.06,4.11,-3.1026253,4.12,3.94,5184/5521,4.11,4.12,3.94,4.06,4.295942,5.9398235E7,17,600758,20260304
600035.SH,楚天高速,3.84,0.5235602094240842,3.94,3.99,-1.74563591,3.99,3.92,5185/5521,3.99,3.99,3.92,3.94,1.745635,2.0852917E7,17,600035,20260304
600734.SH,*ST实达,2.23,-5.106382978723409,4.04,3.98,-0.24691358,4.11,3.92,5185/5521,3.98,4.11,3.92,4.04,4.691358,5.498366E7,22,600734,20260304
601162.SH,天风证券,3.58,-3.5040431266846332,3.93,3.93,-1.00755668,3.98,3.92,5185/5521,3.93,3.98,3.92,3.93,1.511335,1.03837319E8,17,601162,20260304
601991.SH,大唐发电,4.16,-3.0303030303030276,4.0,3.93,0,4.06,3.92,5185/5521,3.93,4.06,3.92,4.0,3.5,1.49341618E8,17,601991,20260304
002613.SZ,北玻股份,3.99,0.7575757575757639,3.98,3.92,0.50505051,4.02,3.91,5189/5521,3.92,4.02,3.91,3.98,2.777777,1.6718376E7,33,002613,20260304
300013.SZ,新宁物流,4.14,1.470588235294108,4.05,4.05,-1.937046,4.09,3.91,5189/5521,4.05,4.09,3.91,4.05,4.358353,2.968175E7,33,300013,20260304
600794.SH,保税科技,3.58,0.0,3.99,4.06,-2.91970803,4.06,3.91,5189/5521,4.06,4.06,3.91,3.99,3.649635,5.38194E7,17,600794,20260304
000698.SZ,ST沈化,3.86,-0.5154639175257737,3.96,3.91,0,4.04,3.9,5192/5521,3.91,4.04,3.9,3.96,3.535353,1.2759549E7,33,000698,20260304
000790.SZ,华神科技,4.57,10.120481927710841,3.96,3.95,-0.50251256,4.03,3.9,5192/5521,3.95,4.03,3.9,3.96,3.266331,1.9684745E7,33,000790,20260304
002573.SZ,清新环境,3.74,3.314917127071826,3.91,3.99,-2.97766749,4.03,3.89,5194/5521,3.99,4.03,3.89,3.91,3.473945,2.8911946E7,33,002573,20260304
002168.SZ,*ST惠程,4.27,1.6666666666666523,3.91,3.88,1.82291667,4.02,3.88,5195/5521,3.88,4.02,3.88,3.91,3.645833,1.03675E7,33,002168,20260304
601908.SH,京运通,3.93,-1.5037593984962419,3.9,3.92,-1.01522843,3.99,3.87,5196/5521,3.92,3.99,3.87,3.9,3.045685,7.2958944E7,17,601908,20260304
300420.SZ,五洋自控,3.65,0.0,3.96,3.9,0.76335878,3.99,3.86,5197/5521,3.9,3.99,3.86,3.96,3.307888,3.0119595E7,33,300420,20260304
920819.BJ,颖泰生物,3.43,0.5865102639296192,3.91,3.9,-0.25510204,3.99,3.86,5197/5521,3.9,3.99,3.86,3.91,3.316326,1.1110843E7,151,920819,20260304
000010.SZ,*ST美丽,2.89,-4.934210526315787,4.42,3.99,9.95024876,4.42,3.83,5199/5521,3.99,4.42,3.83,4.42,14.676616,1.36966424E8,33,000010,20260304
002060.SZ,广东建工,3.76,-2.8423772609819205,3.84,3.85,-1.03092784,3.9,3.83,5199/5521,3.85,3.9,3.83,3.84,1.804123,2.78934E7,33,002060,20260304
002426.SZ,胜利精密,3.72,0.0,3.97,3.87,1.53452685,4.12,3.83,5199/5521,3.87,4.12,3.83,3.97,7.416879,1.76272932E8,33,002426,20260304
000692.SZ,惠天热电,5.0,0.8064516129032265,3.93,3.93,-1.5037594,3.99,3.82,5202/5521,3.93,3.99,3.82,3.93,4.260651,1.61134E7,33,000692,20260304
300267.SZ,尔康制药,4.36,3.809523809523813,3.95,3.85,0.25380711,4.02,3.82,5202/5521,3.85,4.02,3.82,3.95,5.076142,8.58197E7,33,300267,20260304
600594.SH,益佰制药,4.05,-1.699029126213599,3.86,3.85,-0.51546392,3.9,3.82,5202/5521,3.85,3.9,3.82,3.86,2.061855,8672334,17,600594,20260304
002154.SZ,报喜鸟,4.16,1.2165450121654457,3.82,3.86,-1.79948586,3.87,3.81,5205/5521,3.86,3.87,3.81,3.82,1.542416,1.9986996E7,33,002154,20260304
600016.SH,民生银行,3.7,-1.069518716577541,3.84,3.91,-2.04081633,3.92,3.81,5205/5521,3.91,3.92,3.81,3.84,2.806122,3.90409868E8,17,600016,20260304
600423.SH,*ST柳化,3.09,0.6514657980456032,3.88,3.83,-0.25706941,3.95,3.81,5205/5521,3.83,3.95,3.81,3.88,3.598971,1.40746E7,22,600423,20260304
600936.SH,北投科技,4.13,0.9779951100244508,3.85,3.84,-0.77319588,3.91,3.81,5205/5521,3.84,3.91,3.81,3.85,2.577319,2.1037E7,17,600936,20260304
000965.SZ,天保基建,3.73,2.4725274725274686,3.83,3.9,-2.54452926,3.93,3.8,5209/5521,3.9,3.93,3.8,3.83,3.307888,2.6630117E7,33,000965,20260304
002069.SZ,獐子岛,3.89,-0.25641025641025095,3.91,3.86,1.82291667,3.98,3.8,5209/5521,3.86,3.98,3.8,3.91,4.6875,2.1280901E7,33,002069,20260304
002662.SZ,峰璟股份,3.93,-3.6764705882352917,3.84,3.87,-1.79028133,3.92,3.8,5209/5521,3.87,3.92,3.8,3.84,3.069053,2.7959592E7,33,002662,20260304
600959.SH,江苏有线,3.88,-0.2570694087403658,3.83,3.84,-1.54241645,3.9,3.8,5209/5521,3.84,3.9,3.8,3.83,2.570694,6.4717881E7,17,600959,20260304
002726.SZ,ST龙大,2.86,-4.983388704318934,3.82,3.97,-4.0201005,3.98,3.79,5213/5521,3.97,3.98,3.79,3.82,4.773869,2.9078534E7,33,002726,20260304
600790.SH,轻纺城,4.2,2.1897810218978067,3.8,3.85,-2.31362468,3.88,3.79,5213/5521,3.85,3.88,3.79,3.8,2.313624,1.5846714E7,17,600790,20260304
000090.SZ,天健集团,3.52,0.571428571428572,3.85,3.85,0,3.88,3.78,5215/5521,3.85,3.88,3.78,3.85,2.597402,2.5473997E7,33,000090,20260304
000816.SZ,智慧农业,3.23,0.6230529595015581,3.93,3.81,1.02827763,4,3.78,5215/5521,3.81,4,3.78,3.93,5.655526,9.0772332E7,33,000816,20260304
002191.SZ,劲嘉股份,3.79,1.8817204301075225,3.83,3.83,-0.26041667,3.84,3.78,5215/5521,3.83,3.84,3.78,3.83,1.5625,1.278969E7,33,002191,20260304
002141.SZ,贤丰控股,3.64,-1.3550135501354965,3.9,3.79,0.51546392,3.95,3.77,5218/5521,3.79,3.95,3.77,3.9,4.639175,4.12813E7,33,002141,20260304
000677.SZ,恒天海龙,,,3.87,3.83,0.25906736,3.89,3.76,5219/5521,3.83,3.89,3.76,3.87,3.367875,2.1125662E7,33,000677,20260304
000055.SZ,方大集团,3.65,0.27472527472526886,3.8,3.85,-2.06185567,3.89,3.75,5220/5521,3.85,3.89,3.75,3.8,3.608247,1.344745E7,33,000055,20260304
002303.SZ,美盈森,3.4,0.29498525073745685,3.75,3.84,-3.35051546,3.85,3.73,5221/5521,3.84,3.85,3.73,3.75,3.092783,3.7287822E7,33,002303,20260304
002084.SZ,海鸥住工,3.86,0.0,3.81,3.78,0.26315789,3.83,3.7,5222/5521,3.78,3.83,3.7,3.81,3.421052,1.7342019E7,33,002084,20260304
300338.SZ,*ST开元,3.68,0.5464480874316945,3.79,3.72,-0.52493438,3.84,3.7,5222/5521,3.72,3.84,3.7,3.79,3.67454,7163300,33,300338,20260304
600165.SH,ST宁科,3.38,-2.3121387283237014,3.73,3.7,-0.53333333,3.8,3.7,5222/5521,3.7,3.8,3.7,3.73,2.666666,5064802,22,600165,20260304
600408.SH,安泰集团,3.3,-1.197604790419163,3.7,3.97,-9.75609756,3.97,3.69,5225/5521,3.97,3.97,3.69,3.7,6.829268,1.23962169E8,17,600408,20260304
000720.SZ,新能泰山,4.54,-1.5184381778741927,3.87,3.71,3.47593583,3.89,3.68,5226/5521,3.71,3.89,3.68,3.87,5.614973,3.6003516E7,33,000720,20260304
000428.SZ,华天酒店,3.86,-0.7712082262210861,3.71,3.69,0,3.8,3.66,5227/5521,3.69,3.8,3.66,3.71,3.773584,1.6546144E7,33,000428,20260304
002132.SZ,恒星科技,4.83,-0.4123711340206098,3.68,3.72,-2.3872679,3.78,3.66,5227/5521,3.72,3.78,3.66,3.68,3.183023,4.11E7,33,002132,20260304
600033.SH,福建高速,3.64,-0.2739726027397202,3.74,3.78,-1.57894737,3.8,3.66,5227/5521,3.78,3.8,3.66,3.74,3.68421,6.7354523E7,17,600033,20260304
601011.SH,宝泰隆,3.14,-0.946372239747628,3.74,3.93,-6.26566416,3.93,3.65,5230/5521,3.93,3.93,3.65,3.74,7.017543,1.6268467E8,17,601011,20260304
600255.SH,鑫科材料,3.65,0.5509641873278242,3.67,3.67,-0.54200542,3.75,3.64,5231/5521,3.67,3.75,3.64,3.67,2.981029,5.1877615E7,17,600255,20260304
600575.SH,淮河能源,3.61,-2.695417789757415,3.72,3.7,0,3.74,3.64,5231/5521,3.7,3.74,3.64,3.72,2.688172,6.8009026E7,17,600575,20260304
300094.SZ,国联水产,3.17,4.96688741721854,3.69,3.64,3.0726257,3.76,3.63,5233/5521,3.64,3.76,3.63,3.69,3.631284,1.04747698E8,33,300094,20260304
002535.SZ,林州重机,3.53,-0.8426966292134901,3.67,3.65,-0.27173913,3.7,3.62,5234/5521,3.65,3.7,3.62,3.67,2.173913,1.235618E7,33,002535,20260304
002689.SZ,ST远智,3.58,-1.9178082191780779,3.72,3.62,0,3.77,3.62,5234/5521,3.62,3.77,3.62,3.72,4.032258,1.5075928E7,33,002689,20260304
600868.SH,梅雁吉祥,3.41,1.1869436201780426,3.76,3.65,1.62162162,3.82,3.62,5234/5521,3.65,3.82,3.62,3.76,5.405405,1.08107292E8,17,600868,20260304
002526.SZ,山东矿机,3.31,-1.1940298507462697,3.68,3.64,0.27247956,3.72,3.61,5237/5521,3.64,3.72,3.61,3.68,2.997275,4.6752528E7,33,002526,20260304
600103.SH,青山纸业,4.46,-4.086021505376352,3.62,3.64,-1.63043478,3.7,3.61,5237/5521,3.64,3.7,3.61,3.62,2.445652,5.8359759E7,17,600103,20260304
600261.SH,阳光照明,3.56,-9.644670050761418,3.7,3.64,1.09289617,3.73,3.61,5237/5521,3.64,3.73,3.61,3.7,3.278688,1.5566265E7,17,600261,20260304
600928.SH,西安银行,3.69,-0.8064516129032324,3.62,3.7,-2.68817204,3.71,3.61,5237/5521,3.7,3.71,3.61,3.62,2.688172,4.351071E7,17,600928,20260304
603818.SH,曲美家居,3.7,4.8158640226628995,3.65,3.63,-1.35135135,3.71,3.61,5237/5521,3.63,3.71,3.61,3.65,2.702702,1.67615E7,17,603818,20260304
000631.SZ,顺发恒能,3.21,-0.31055900621118726,3.7,3.61,1.36986301,3.76,3.6,5242/5521,3.61,3.76,3.6,3.7,4.383561,1.5681066E7,33,000631,20260304
000972.SZ,*ST中基,3.86,2.93333333333333,3.74,3.64,0.80862534,3.78,3.6,5242/5521,3.64,3.78,3.6,3.74,4.851752,6770394,33,000972,20260304
002329.SZ,皇氏集团,4.4,6.796116504854375,3.65,3.65,-1.35135135,3.69,3.6,5242/5521,3.65,3.69,3.6,3.65,2.432432,1.7459299E7,33,002329,20260304
000711.SZ,ST京蓝,4.92,2.9288702928870225,3.82,3.61,4.94505495,3.82,3.58,5245/5521,3.61,3.82,3.58,3.82,6.593406,7.2181983E7,33,000711,20260304
600871.SH,石化油服,2.72,0.7407407407407414,4.27,4.27,10.05154639,4.27,3.58,5245/5521,4.27,4.27,3.58,4.27,17.783505,1.25062218E9,17,600871,20260304
000761.SZ,本钢板材,2.95,-2.6402640264026283,3.6,3.65,-2.7027027,3.69,3.57,5247/5521,3.65,3.69,3.57,3.6,3.243243,2.3875265E7,33,000761,20260304
300256.SZ,星星科技,3.36,0.2985074626865608,3.62,3.61,-0.82191781,3.67,3.57,5247/5521,3.61,3.67,3.57,3.62,2.739726,2.243505E7,33,300256,20260304
002133.SZ,广宇集团,3.47,2.058823529411773,3.6,3.58,-0.55248619,3.65,3.56,5249/5521,3.58,3.65,3.56,3.6,2.486187,1.5138927E7,33,002133,20260304
600666.SH,奥瑞德,5.24,-5.585585585585579,3.62,3.59,-0.54945055,3.74,3.56,5249/5521,3.59,3.74,3.56,3.62,4.945054,1.0872812E8,17,600666,20260304
600180.SH,*ST瑞茂,2.91,-4.901960784313722,3.56,3.66,-3.78378378,3.7,3.55,5251/5521,3.66,3.7,3.55,3.56,4.054054,1.8963642E7,22,600180,20260304
600243.SH,*ST海华,4.16,3.740648379052378,3.67,3.55,-0.81081081,3.76,3.55,5251/5521,3.55,3.76,3.55,3.67,5.675675,6616001,22,600243,20260304
600892.SH,*ST大晟,3.65,-4.45026178010471,3.58,3.63,-2.45231608,3.7,3.55,5251/5521,3.63,3.7,3.55,3.58,4.087193,9559000,22,600892,20260304
002551.SZ,尚荣医疗,3.58,0.28011204481793367,3.57,3.6,-1.38121547,3.63,3.54,5254/5521,3.6,3.63,3.54,3.57,2.486187,1.2625865E7,33,002551,20260304
600248.SH,陕建股份,3.48,-1.4164305949008449,3.55,3.65,-3.79403794,3.66,3.54,5254/5521,3.65,3.66,3.54,3.55,3.252032,4.2376457E7,17,600248,20260304
600300.SH,维维股份,3.74,5.3521126760563495,3.57,3.6,-1.65289256,3.66,3.54,5254/5521,3.6,3.66,3.54,3.57,3.305785,5.62426E7,17,600300,20260304
688055.SH,龙腾光电,4.04,-1.9417475728155356,3.54,3.61,-2.74725275,3.63,3.54,5254/5521,3.61,3.63,3.54,3.54,2.472527,9099038,17,688055,20260304
000523.SZ,红棉股份,3.45,0.5830903790087468,3.57,3.55,-0.83333333,3.63,3.52,5258/5521,3.55,3.63,3.52,3.57,3.055555,3.2255426E7,33,000523,20260304
002211.SZ,ST宏达,3.66,-0.27247956403269175,3.67,3.57,2.51396648,3.74,3.52,5258/5521,3.57,3.74,3.52,3.67,6.145251,7077400,33,002211,20260304
601326.SH,秦港股份,3.5,-1.1299435028248597,3.54,3.62,-3.27868852,3.62,3.52,5258/5521,3.62,3.62,3.52,3.54,2.73224,4.8394917E7,17,601326,20260304
000813.SZ,德展健康,3.64,0.5524861878453043,3.56,3.54,-0.55865922,3.61,3.51,5261/5521,3.54,3.61,3.51,3.56,2.793296,2.3837842E7,33,000813,20260304
002256.SZ,兆新股份,4.59,0.4376367614879556,3.62,3.53,0.8356546,3.68,3.51,5261/5521,3.53,3.68,3.51,3.62,4.735376,6.16413E7,33,002256,20260304
600076.SH,康欣新材,3.33,-5.397727272727271,3.57,3.56,-1.10803324,3.65,3.51,5261/5521,3.56,3.65,3.51,3.57,3.878116,2.0770144E7,17,600076,20260304
300026.SZ,红日药业,3.42,-0.2915451895043799,3.51,3.55,-1.68067227,3.57,3.49,5264/5521,3.55,3.57,3.49,3.51,2.240896,3.77108E7,33,300026,20260304
601188.SH,龙江交通,3.36,0.2985074626865608,3.51,3.61,-3.83561644,3.62,3.49,5264/5521,3.61,3.62,3.49,3.51,3.561643,4.0243898E7,17,601188,20260304
603377.SH,ST东时,3.67,0.27322404371584114,3.6,3.53,1.4084507,3.61,3.49,5264/5521,3.53,3.61,3.49,3.6,3.380281,5696660,22,603377,20260304
002377.SZ,国创高新,3.59,-2.710027100271005,3.63,3.59,1.11420613,3.72,3.47,5267/5521,3.59,3.72,3.47,3.63,6.963788,5.0062102E7,33,002377,20260304
002640.SZ,跨境通,3.65,9.939759036144581,3.72,3.57,1.91780822,3.87,3.47,5267/5521,3.57,3.87,3.47,3.72,10.958904,5.71518E7,33,002640,20260304
600617.SH,国新能源,3.59,2.8653295128939726,3.6,3.96,-2.7027027,3.96,3.47,5267/5521,3.96,3.96,3.47,3.6,13.243243,1.90838879E8,17,600617,20260304
600688.SH,上海石化,3.11,6.872852233676966,3.6,3.89,-6.25,3.89,3.46,5270/5521,3.89,3.89,3.46,3.6,11.197916,4.20154732E8,17,600688,20260304
600691.SH,潞化科技,3.35,-0.8875739644970356,3.57,3.52,-1.65289256,3.74,3.46,5270/5521,3.52,3.74,3.46,3.57,7.713498,1.95360335E8,17,600691,20260304
000767.SZ,晋控电力,3.78,-3.5714285714285747,3.61,3.46,2.55681818,3.71,3.45,5272/5521,3.46,3.71,3.45,3.61,7.386363,1.87085749E8,33,000767,20260304
002081.SZ,金螳螂,5.9,10.074626865671641,3.46,3.51,-1.98300283,3.55,3.45,5272/5521,3.51,3.55,3.45,3.46,2.832861,2.7708491E7,33,002081,20260304
000016.SZ,*ST康佳A,3.24,-4.985337243401757,3.46,3.47,-1.14285714,3.54,3.44,5274/5521,3.47,3.54,3.44,3.46,2.857142,3.4428062E7,33,000016,20260304
000563.SZ,陕国投A,3.26,-0.3058103975535239,3.46,3.5,-1.42450142,3.51,3.44,5274/5521,3.44,3.45,3.38,3.4,1.994301,7.1994297E7,33,000563,20260304
002489.SZ,浙江永强,3.25,-2.6946107784431095,3.45,3.48,-1.98863636,3.52,3.44,5274/5521,3.48,3.52,3.44,3.45,2.272727,2.9868019E7,33,002489,20260304
600664.SH,哈药股份,3.58,-2.7173913043478284,3.45,3.47,-1.14613181,3.49,3.43,5277/5521,3.47,3.49,3.43,3.45,1.719197,2.6451664E7,17,600664,20260304
600208.SH,衢州发展,4.55,9.903381642512082,3.45,3.45,-1.14613181,3.5,3.42,5278/5521,3.45,3.5,3.42,3.45,2.292263,5.5043248E7,17,600208,20260304
601228.SH,广州港,3.24,-0.6134969325153243,3.45,3.51,-3.36134454,3.53,3.42,5278/5521,3.51,3.53,3.42,3.45,3.081232,6.7770677E7,17,601228,20260304
000889.SZ,中嘉博创,4.42,-8.108108108108103,3.44,3.47,-0.86455331,3.5,3.4,5280/5521,3.47,3.5,3.4,3.44,2.881844,1.7854877E7,33,000889,20260304
600082.SH,ST海泰,3.34,0.0,3.57,3.5,0.28089888,3.62,3.39,5281/5521,3.5,3.62,3.39,3.57,6.460674,5.1145411E7,22,600082,20260304
600293.SH,三峡新材,3.16,-0.3154574132492046,3.44,3.42,-1.14942529,3.51,3.38,5282/5521,3.42,3.51,3.38,3.44,3.735632,3.78963E7,17,600293,20260304
600477.SH,杭萧钢构,3.02,-0.33003300330032304,3.51,3.39,0.28571429,3.53,3.38,5282/5521,3.39,3.53,3.38,3.51,4.285714,6.7794926E7,17,600477,20260304
600654.SH,中安科,3.92,-3.4482758620689578,3.43,3.41,-0.57971014,3.47,3.38,5282/5521,3.41,3.47,3.38,3.43,2.608695,4.4795989E7,17,600654,20260304
600665.SH,天地源,3.6,1.6949152542372896,3.43,3.44,-0.57971014,3.46,3.38,5282/5521,3.44,3.46,3.38,3.43,2.31884,8662300,17,600665,20260304
002425.SZ,凯撒文化,3.56,-0.28011204481792124,3.43,3.42,-0.86705202,3.47,3.36,5286/5521,3.42,3.47,3.36,3.43,3.17919,1.94726E7,33,002425,20260304
600433.SH,冠豪高新,4.84,9.999999999999988,3.37,3.44,-3.71428571,3.48,3.36,5286/5521,3.44,3.48,3.36,3.37,3.428571,4.8681493E7,17,600433,20260304
000068.SZ,华控赛格,3.28,0.0,3.37,3.4,-1.4619883,3.43,3.35,5288/5521,3.4,3.43,3.35,3.37,2.339181,1.325912E7,33,000068,20260304
000820.SZ,*ST节能,3.75,-3.1007751937984525,3.4,3.36,0,3.41,3.34,5289/5521,3.36,3.41,3.34,3.4,2.058823,3053980,33,000820,20260304
002102.SZ,ST能特,2.65,-5.01792114695341,3.36,3.36,-1.17647059,3.42,3.34,5289/5521,3.36,3.42,3.34,3.36,2.352941,3.6525503E7,33,002102,20260304
002263.SZ,大东南,4.03,-3.818615751789979,3.38,3.37,-0.58823529,3.45,3.33,5291/5521,3.37,3.45,3.33,3.38,3.529411,4.1360779E7,33,002263,20260304
002547.SZ,*ST春兴,3.02,-5.031446540880507,3.47,3.43,0.28901734,3.54,3.33,5291/5521,3.43,3.54,3.33,3.47,6.069364,3.1942248E7,33,002547,20260304
600280.SH,中央商场,3.18,2.2508038585209094,3.4,3.34,0,3.42,3.33,5291/5521,3.34,3.42,3.33,3.4,2.647058,2.03372E7,17,600280,20260304
603557.SH,ST起步,4.26,0.0,3.41,3.33,0.5899705,3.46,3.33,5291/5521,3.33,3.46,3.33,3.41,3.834808,9327400,22,603557,20260304
000608.SZ,*ST阳光,3.78,2.7173913043478164,3.36,3.33,0.29850746,3.42,3.3,5295/5521,3.33,3.42,3.3,3.36,3.582089,2.0462346E7,33,000608,20260304
002374.SZ,中锐股份,3.22,-0.30959752321980766,3.43,3.39,0.58651026,3.47,3.3,5295/5521,3.39,3.47,3.3,3.43,4.985337,3.0373828E7,33,002374,20260304
000545.SZ,金浦钛业,3.02,-0.33003300330032304,3.4,3.27,-2.01729107,3.52,3.27,5297/5521,3.27,3.52,3.27,3.4,7.20461,1.26363629E8,33,000545,20260304
000031.SZ,大悦城,3.06,3.0303030303030254,3.29,3.4,-3.80116959,3.42,3.26,5298/5521,3.4,3.42,3.26,3.29,4.678362,3.4734301E7,33,000031,20260304
000809.SZ,和展能源,3.77,-0.7894736842105212,3.35,3.32,0.90361446,3.37,3.26,5298/5521,3.32,3.37,3.26,3.35,3.313253,1.49959E7,33,000809,20260304
601718.SH,际华集团,2.93,0.0,3.37,3.3,0.59701493,3.42,3.26,5298/5521,3.3,3.42,3.26,3.37,4.776119,8.8665137E7,17,601718,20260304
002309.SZ,中利集团,4.29,-4.878048780487799,3.36,3.3,-0.88495575,3.42,3.25,5301/5521,3.3,3.42,3.25,3.36,5.014749,1.62417525E8,33,002309,20260304
002021.SZ,中捷资源,3.18,6.000000000000004,3.45,3.31,2.67857143,3.47,3.23,5302/5521,3.31,3.47,3.23,3.45,7.142857,6.8242848E7,33,002021,20260304
002822.SZ,ST中装,3.2,-1.538461538461533,3.39,3.36,1.49700599,3.41,3.22,5303/5521,3.36,3.41,3.22,3.39,5.688622,1.039462E7,33,002822,20260304
000509.SZ,华塑控股,3.59,1.1267605633802829,3.3,3.25,0.6097561,3.31,3.21,5304/5521,3.25,3.31,3.21,3.3,3.04878,1.21326E7,33,000509,20260304
002390.SZ,信邦制药,3.37,2.12121212121213,3.21,3.27,-2.43161094,3.28,3.2,5305/5521,3.27,3.28,3.2,3.21,2.43161,3.9002405E7,33,002390,20260304
600396.SH,华电辽能,9.92,-4.889741131351868,3.29,3.26,0.30487805,3.32,3.2,5305/5521,3.26,3.32,3.2,3.29,3.658536,3.591744E7,17,600396,20260304
600303.SH,曙光股份,3.31,0.6079027355623106,3.22,3.23,-0.92307692,3.26,3.19,5307/5521,3.23,3.26,3.19,3.22,2.153846,1.70993E7,17,600303,20260304
600657.SH,信达地产,3.11,1.3029315960912065,3.21,3.28,-2.13414634,3.3,3.19,5307/5521,3.28,3.3,3.19,3.21,3.353658,1.85951E7,17,600657,20260304
002437.SZ,誉衡药业,3.52,-2.7624309392265216,3.22,3.23,-1.22699387,3.28,3.18,5309/5521,3.23,3.28,3.18,3.22,3.067484,5.535275E7,33,002437,20260304
601016.SH,节能风电,4.26,-6.5789473684210495,3.24,3.19,0.62111801,3.28,3.18,5309/5521,3.19,3.28,3.18,3.24,3.10559,1.16406157E8,17,601016,20260304
601818.SH,光大银行,3.12,-1.2658227848101276,3.2,3.25,-1.8404908,3.26,3.18,5309/5521,3.25,3.26,3.18,3.2,2.453987,4.39094256E8,17,601818,20260304
601929.SH,吉视传媒,2.91,0.6920415224913501,3.28,3.2,0.3058104,3.32,3.18,5309/5521,3.2,3.32,3.18,3.28,4.281345,8.0975649E7,17,601929,20260304
002542.SZ,*ST中岩,1.75,-2.7777777777777803,3.21,3.21,-0.92592593,3.24,3.17,5313/5521,3.21,3.24,3.17,3.21,2.160493,1.5452399E7,33,002542,20260304
000078.SZ,海王生物,,,3.21,3.17,-0.61919505,3.25,3.14,5314/5521,3.17,3.25,3.14,3.21,3.405572,4.8520934E7,33,000078,20260304
600448.SH,华纺股份,3.59,2.571428571428567,3.19,3.19,-0.93167702,3.23,3.14,5314/5521,3.19,3.23,3.14,3.19,2.795031,1.7279342E7,17,600448,20260304
600844.SH,金煤科技,3.73,4.1899441340782095,3.32,3.39,-3.76811594,3.4,3.14,5314/5521,3.39,3.4,3.14,3.32,7.536231,6.5387001E7,17,600844,20260304
000560.SZ,我爱我家,2.97,1.0204081632653146,3.24,3.16,0.93457944,3.28,3.13,5317/5521,3.16,3.28,3.13,3.24,4.672897,1.38774705E8,33,000560,20260304
002638.SZ,勤上股份,4.68,5.40540540540539,3.21,3.19,0.94339623,3.25,3.13,5317/5521,3.19,3.25,3.13,3.21,3.773584,4.76096E7,33,002638,20260304
002721.SZ,金一文化,3.07,4.42176870748299,3.17,3.16,-1.24610592,3.21,3.13,5317/5521,3.16,3.21,3.13,3.17,2.492211,4.1548E7,33,002721,20260304
600017.SH,日照港,2.96,-1.0033444816053594,3.16,3.2,-2.16718266,3.21,3.13,5317/5521,3.2,3.21,3.13,3.16,2.47678,7.2900187E7,17,600017,20260304
600807.SH,济高发展,3.13,2.2875816993463998,3.23,3.17,0.9375,3.28,3.13,5317/5521,3.17,3.28,3.13,3.23,4.6875,2.3577454E7,17,600807,20260304
000615.SZ,*ST美谷,3.33,-0.892857142857137,3.17,3.11,0.3164557,3.19,3.11,5322/5521,3.11,3.19,3.11,3.17,2.531645,5434660,33,000615,20260304
002157.SZ,正邦科技,3.47,5.151515151515163,3.19,3.12,1.26984127,3.2,3.11,5322/5521,3.12,3.2,3.11,3.19,2.857142,1.31178482E8,33,002157,20260304
300110.SZ,华仁药业,3.15,0.0,3.12,3.13,-0.95238095,3.17,3.11,5322/5521,3.13,3.17,3.11,3.12,1.904761,1.9196555E7,33,300110,20260304
600008.SH,首创环保,3.06,0.327868852459024,3.13,3.14,-0.63492063,3.18,3.11,5322/5521,3.14,3.18,3.11,3.13,2.222222,1.2709066E8,17,600008,20260304
600939.SH,重庆建工,3.05,2.693602693602681,3.11,3.14,-1.89274448,3.18,3.1,5326/5521,3.14,3.18,3.1,3.11,2.523659,1.89903E7,17,600939,20260304
300159.SZ,*ST新研,3.37,-1.1730205278592385,3.13,3.09,-0.31847134,3.19,3.06,5327/5521,3.09,3.19,3.06,3.13,4.140127,2.1629785E7,33,300159,20260304
600815.SH,厦工股份,4.41,-0.4514672686230152,3.14,3.11,-0.63291139,3.18,3.06,5327/5521,3.11,3.18,3.06,3.14,3.797468,3.1397826E7,17,600815,20260304
601618.SH,中国中冶,2.93,-1.013513513513507,3.09,3.1,-0.96153846,3.14,3.06,5327/5521,3.1,3.14,3.06,3.09,2.564102,2.42274761E8,17,601618,20260304
002589.SZ,瑞康医药,3.18,-2.153846153846149,3.08,3.08,-0.64516129,3.11,3.05,5330/5521,3.08,3.11,3.05,3.08,1.935483,3.127646E7,33,002589,20260304
002958.SZ,青农商行,3.04,-0.9771986970683976,3.07,3.11,-1.91693291,3.12,3.05,5330/5521,3.11,3.12,3.05,3.07,2.236421,7.82263E7,33,002958,20260304
600383.SH,金地集团,2.9,1.04529616724738,3.09,3.1,-0.96153846,3.13,3.05,5330/5521,3.1,3.13,3.05,3.09,2.564102,7.9493142E7,17,600383,20260304
600537.SH,*ST亿晶,3.2,-5.044510385756674,3.24,3.06,0.93457944,3.27,3.05,5330/5521,3.06,3.27,3.05,3.24,6.853582,1.35194496E8,22,600537,20260304
000839.SZ,国安股份,2.97,0.0,3.16,3.09,0.31746032,3.19,3.04,5334/5521,3.09,3.19,3.04,3.16,4.761904,1.0544335E8,33,000839,20260304
300185.SZ,通裕重工,3.17,0.3164556962025249,3.07,3.05,0,3.11,3.04,5334/5521,3.05,3.11,3.04,3.07,2.28013,1.05721806E8,33,300185,20260304
600981.SH,苏豪汇鸿,2.85,-0.3496503496503422,3.08,3.1,-1.28205128,3.14,3.04,5334/5521,3.1,3.14,3.04,3.08,3.205128,2.7283999E7,17,600981,20260304
601333.SH,广深铁路,3.22,5.228758169934645,3.05,3.13,-2.86624204,3.13,3.04,5334/5521,3.13,3.13,3.04,3.05,2.866242,9.3030661E7,17,601333,20260304
600365.SH,ST通葡,3.09,0.32467532467531773,3.07,3.06,-0.32467532,3.09,3.03,5338/5521,3.06,3.09,3.03,3.07,1.948051,4613702,22,600365,20260304
600491.SH,龙元建设,1.99,0.0,3.07,3.07,-0.96774194,3.12,3.02,5339/5521,3.07,3.12,3.02,3.07,3.225806,1.6445E7,17,600491,20260304
600545.SH,卓郎智能,4.89,-9.94475138121547,3.43,3.07,9.93589744,3.43,3.02,5339/5521,3.07,3.43,3.02,3.43,13.141025,1.74461844E8,17,600545,20260304
002175.SZ,*ST东智,2.75,-4.84429065743945,3.06,3.05,-0.97087379,3.13,3,5341/5521,3.05,3.13,3,3.06,4.207119,3.7140776E7,33,002175,20260304
002239.SZ,奥特佳,2.89,-0.3448275862068892,3.02,3,-0.65789474,3.06,2.99,5342/5521,3,3.06,2.99,3.02,2.302631,7.3595392E7,33,002239,20260304
600227.SH,赤天化,4.09,-2.8503562945368195,3.2,3.14,-3.61445783,3.38,2.99,5342/5521,3.14,3.38,2.99,3.2,11.746987,2.23481286E8,17,600227,20260304
600608.SH,*ST沪科,2.07,0.0,3.05,3.06,-2.86624204,3.11,2.98,5344/5521,3.06,3.11,2.98,3.05,4.140127,4098891,22,600608,20260304
600166.SH,福田汽车,3.53,-4.594594594594604,2.99,2.99,-1.32013201,3.04,2.97,5345/5521,2.99,3.04,2.97,2.99,2.310231,1.21081371E8,17,600166,20260304
002005.SZ,ST德豪,2.89,-1.0273972602739658,2.97,2.98,-0.33557047,3.06,2.95,5346/5521,2.98,3.06,2.95,2.97,3.691275,1.34251E7,33,002005,20260304
002127.SZ,南极电商,3.03,0.0,2.96,2.98,-1.33333333,3.01,2.95,5346/5521,2.98,3.01,2.95,2.96,2,2.4089584E7,33,002127,20260304
002694.SZ,*ST顾地,2.88,-4.950495049504948,2.98,2.99,-2.29508197,3.09,2.95,5346/5521,2.99,3.09,2.95,2.98,4.590163,1.9211229E7,33,002694,20260304
600010.SH,包钢股份,2.7,-2.173913043478247,3.09,2.96,2.65780731,3.25,2.95,5346/5521,2.96,3.25,2.95,3.09,9.966777,2.1601873E9,17,600010,20260304
601916.SH,浙商银行,2.97,0.33783783783784566,2.96,2.99,-1.33333333,3,2.95,5346/5521,2.99,3,2.95,2.96,1.666666,1.82915088E8,17,601916,20260304
000797.SZ,中国武夷,2.9,3.9426523297490994,3.0,2.98,-0.33222591,3.03,2.94,5351/5521,2.98,3.03,2.94,3.0,2.990033,2.7636705E7,33,000797,20260304
601866.SH,中远海发,2.66,-1.4814814814814827,2.94,3.15,-9.53846154,3.15,2.93,5352/5521,3.15,3.15,2.93,2.94,6.76923,6.15158107E8,17,601866,20260304
002210.SZ,飞马国际,2.98,-9.969788519637465,2.99,2.97,-0.66445183,3.02,2.9,5353/5521,2.97,3.02,2.9,2.99,3.98671,5.4508766E7,33,002210,20260304
601518.SH,吉林高速,2.93,-1.013513513513507,2.91,2.95,-1.68918919,2.96,2.89,5354/5521,2.95,2.96,2.89,2.91,2.364864,2.3186364E7,17,601518,20260304
002122.SZ,ST汇洲,2.98,-0.33444816053512477,2.96,2.91,0.33898305,2.97,2.88,5355/5521,2.91,2.97,2.88,2.96,3.050847,2.4441793E7,33,002122,20260304
002486.SZ,嘉麟杰,2.91,-1.6891891891891833,2.95,2.94,-0.33783784,2.97,2.88,5355/5521,2.94,2.97,2.88,2.95,3.04054,3.64891E7,33,002486,20260304
600159.SH,大龙地产,3.33,2.461538461538464,2.95,2.97,0.34013605,2.98,2.87,5357/5521,2.97,2.98,2.87,2.95,3.741496,1.79318E7,17,600159,20260304
600381.SH,*ST春天,3.59,4.970760233918127,2.9,2.87,-3.97350993,3.03,2.87,5357/5521,2.87,3.03,2.87,2.9,5.298013,6176286,22,600381,20260304
600117.SH,西宁特钢,2.61,0.7722007722007729,2.87,2.88,-1.03448276,2.94,2.85,5359/5521,2.88,2.94,2.85,2.87,3.103448,2.5998301E7,17,600117,20260304
002247.SZ,聚力文化,2.88,-0.3460207612456827,2.89,2.88,-0.34482759,2.95,2.84,5360/5521,2.88,2.95,2.84,2.89,3.793103,2.90465E7,33,002247,20260304
300091.SZ,*ST金灵,3.26,2.839116719242898,2.91,2.86,1.04166667,2.91,2.84,5360/5521,2.86,2.91,2.84,2.91,2.430555,1.44572E7,33,300091,20260304
300370.SZ,安控科技,2.58,0.0,2.89,2.96,-3.66666667,3.01,2.84,5360/5521,2.96,3.01,2.84,2.89,5.666666,9.94366E7,33,300370,20260304
000927.SZ,中国铁物,2.81,-1.0563380281690073,2.85,2.86,-1.72413793,2.88,2.82,5363/5521,2.86,2.88,2.82,2.85,2.068965,9.47754E7,33,000927,20260304
000008.SZ,神州高铁,2.69,-0.3703703703703789,2.83,2.87,-1.39372822,2.88,2.81,5364/5521,2.87,2.88,2.81,2.83,2.439024,5.3338771E7,33,000008,20260304
600170.SH,上海建工,2.7,1.123595505617987,2.8,2.81,-1.06007067,2.85,2.79,5365/5521,2.81,2.85,2.79,2.8,2.120141,2.14003159E8,17,600170,20260304
000785.SZ,居然智家,2.58,-1.5267175572519096,2.81,2.81,-0.70671378,2.84,2.78,5366/5521,2.81,2.84,2.78,2.81,2.120141,4.1777208E7,33,000785,20260304
002445.SZ,中南文化,3.64,-4.712041884816746,2.78,2.78,,2.78,2.78,5366/5521,2.78,2.78,2.78,2.78,,,33,002445,20260304
002528.SZ,*ST英飞,4.81,4.3383947939262315,3.01,2.9,2.73037543,3.05,2.78,5366/5521,2.9,3.05,2.78,3.01,9.215017,3.4424144E7,33,002528,20260304
600581.SH,*ST八钢,2.82,1.0752688172042941,2.8,2.8,-1.75438596,2.88,2.78,5366/5521,2.8,2.88,2.78,2.8,3.508771,3.68938E7,22,600581,20260304
000620.SZ,盈新发展,2.8,-0.3558718861210047,2.89,2.83,1.40350877,2.96,2.77,5370/5521,2.83,2.96,2.77,2.89,6.666666,1.24572999E8,33,000620,20260304
600935.SH,华塑股份,2.67,-0.3731343283582175,2.79,2.8,-1.06382979,2.84,2.76,5371/5521,2.8,2.84,2.76,2.79,2.836879,3.71636E7,17,600935,20260304
600622.SH,光大嘉宝,2.67,2.2988505747126458,2.77,2.77,-0.71684588,2.79,2.75,5372/5521,2.77,2.79,2.75,2.77,1.433691,2.0846E7,17,600622,20260304
603077.SH,和邦生物,2.96,-2.6315789473684235,2.82,2.76,0.35587189,2.92,2.74,5373/5521,2.76,2.92,2.74,2.82,6.405693,4.07561369E8,17,603077,20260304
300301.SZ,ST长方,3.69,2.499999999999996,2.77,2.78,-1.07142857,2.84,2.73,5374/5521,2.78,2.84,2.73,2.77,3.928571,2.09246E7,33,300301,20260304
002622.SZ,皓宸医疗,2.8,1.449275362318842,2.79,2.78,0.35971223,2.82,2.72,5375/5521,2.78,2.82,2.72,2.79,3.597122,2.21449E7,33,002622,20260304
601860.SH,紫金银行,2.69,-0.3703703703703789,2.74,2.79,-2.14285714,2.79,2.72,5375/5521,2.79,2.79,2.72,2.74,2.5,6.61861E7,17,601860,20260304
600568.SH,ST中珠,2.66,-2.2058823529411784,2.77,2.7,1.46520147,2.79,2.7,5377/5521,2.7,2.79,2.7,2.77,3.296703,2.04717E7,22,600568,20260304
600675.SH,中华企业,2.58,0.7812500000000007,2.7,2.74,-2.52707581,2.77,2.69,5378/5521,2.74,2.77,2.69,2.7,2.888086,5.4638223E7,17,600675,20260304
600816.SH,建元信托,2.94,6.5217391304347885,2.71,2.76,-2.51798561,2.78,2.69,5378/5521,2.76,2.78,2.69,2.71,3.23741,6.6805137E7,17,600816,20260304
000402.SZ,金融街,3.17,10.069444444444446,2.7,2.72,-1.0989011,2.74,2.68,5380/5521,2.72,2.74,2.68,2.7,2.197802,2.5729474E7,33,000402,20260304
000518.SZ,*ST四环,2.91,1.0416666666666754,2.78,2.71,1.83150183,2.78,2.68,5380/5521,2.71,2.78,2.68,2.78,3.663003,1.1308801E7,33,000518,20260304
002421.SZ,达实智能,2.9,3.9426523297490994,2.82,2.71,2.54545455,2.89,2.68,5380/5521,2.71,2.89,2.68,2.82,7.636363,8.1372021E7,33,002421,20260304
002656.SZ,*ST摩登,3.22,-0.30959752321980766,2.74,2.7,1.10701107,2.74,2.68,5380/5521,2.7,2.74,2.68,2.74,2.214022,7862900,33,002656,20260304
002217.SZ,合力泰,2.89,-5.8631921824104145,2.79,2.76,-0.35714286,2.82,2.67,5384/5521,2.76,2.82,2.67,2.79,5.357142,8.20284E7,33,002217,20260304
000639.SZ,ST西王,2.03,-5.140186915887865,2.72,2.71,-0.72992701,2.75,2.65,5385/5521,2.71,2.75,2.65,2.72,3.649635,3.2203406E7,33,000639,20260304
000717.SZ,中南股份,2.48,-0.40160642570282046,2.67,2.71,-1.47601476,2.74,2.65,5385/5521,2.71,2.74,2.65,2.67,3.321033,3.1884852E7,33,000717,20260304
000793.SZ,*ST华闻,2.73,-0.727272727272728,2.71,2.65,-1.45454545,2.77,2.65,5385/5521,2.65,2.77,2.65,2.71,4.363636,2.7459458E7,33,000793,20260304
300477.SZ,ST合纵,2.76,12.653061224489779,2.76,2.65,1.84501845,2.83,2.64,5388/5521,2.65,2.83,2.64,2.76,7.01107,3.3464509E7,33,300477,20260304
600726.SH,华电能源,6.59,-7.183098591549293,2.72,2.69,0,2.75,2.64,5388/5521,2.69,2.75,2.64,2.72,4.044117,6.3797677E7,17,600726,20260304
600439.SH,瑞贝卡,2.62,0.0,2.66,2.67,-1.11524164,2.69,2.63,5390/5521,2.67,2.69,2.63,2.66,2.230483,1.7324707E7,17,600439,20260304
002285.SZ,世联行,3.12,3.654485049833898,2.7,2.66,0.74626866,2.7,2.62,5391/5521,2.66,2.7,2.62,2.7,2.985074,3.5860844E7,33,002285,20260304
000980.SZ,众泰汽车,2.52,10.043668122270741,2.73,2.71,-1.79856115,2.79,2.61,5392/5521,2.71,2.79,2.61,2.73,6.47482,8.9708987E7,33,000980,20260304
000903.SZ,ST云动,2.19,-3.524229074889871,2.63,2.63,0,2.67,2.6,5393/5521,2.63,2.67,2.6,2.63,2.661596,2.6663622E7,33,000903,20260304
002607.SZ,中公教育,2.65,3.112840466926073,2.69,2.64,-1.46520147,2.73,2.59,5394/5521,2.64,2.73,2.59,2.69,5.128205,1.80975721E8,33,002607,20260304
002470.SZ,金正大,2.83,-3.7414965986394515,2.82,2.65,1.07526882,2.94,2.58,5395/5521,2.65,2.94,2.58,2.82,12.903225,5.53805981E8,33,002470,20260304
002495.SZ,佳隆股份,2.72,-0.3663003663003585,2.65,2.63,0,2.66,2.58,5395/5521,2.63,2.66,2.58,2.65,3.018867,2.532432E7,33,002495,20260304
000898.SZ,鞍钢股份,2.29,-1.716738197424894,2.59,2.61,-1.89393939,2.66,2.57,5397/5521,2.61,2.66,2.57,2.59,3.40909,7.6466978E7,33,000898,20260304
000552.SZ,甘肃能化,2.88,-1.7064846416382342,2.65,2.64,-0.74906367,2.67,2.56,5398/5521,2.64,2.67,2.56,2.65,4.11985,1.52556713E8,33,000552,20260304
300198.SZ,*ST纳川,2.55,1.5936254980079696,2.58,2.6,-1.52671756,2.65,2.56,5398/5521,2.6,2.65,2.56,2.58,3.435114,1.845648E7,33,300198,20260304
603030.SH,全筑股份,2.65,9.958506224066381,2.6,2.6,-0.38314176,2.63,2.56,5398/5521,2.6,2.63,2.56,2.6,2.681992,1.87652E7,17,603030,20260304
000709.SZ,河钢股份,2.33,-4.115226337448563,2.56,2.58,-1.91570881,2.64,2.54,5401/5521,2.58,2.64,2.54,2.56,3.831417,1.4837418E8,33,000709,20260304
600569.SH,安阳钢铁,2.09,-3.6866359447004644,2.55,2.55,-1.92307692,2.62,2.52,5402/5521,2.55,2.62,2.52,2.55,3.846153,4.1398777E7,17,600569,20260304
300266.SZ,兴源环境,2.43,-2.0161290322580574,2.56,2.53,-0.38910506,2.6,2.51,5403/5521,2.53,2.6,2.51,2.56,3.501945,2.6596E7,33,300266,20260304
600467.SH,好当家,2.45,2.510460251046027,2.54,2.57,-1.16731518,2.59,2.51,5403/5521,2.57,2.59,2.51,2.54,3.11284,4.6631471E7,17,600467,20260304
600533.SH,栖霞建设,2.58,3.614457831325295,2.53,2.55,-1.9379845,2.59,2.5,5405/5521,2.55,2.59,2.5,2.53,3.488372,1.5032192E7,17,600533,20260304
601868.SH,中国能建,2.83,-0.7017543859649129,2.54,2.51,0.79365079,2.55,2.5,5405/5521,2.51,2.55,2.5,2.54,1.984126,5.51368041E8,17,601868,20260304
002314.SZ,南山控股,2.52,2.024291497975701,2.51,2.51,-1.18110236,2.55,2.49,5407/5521,2.51,2.55,2.49,2.51,2.362204,2.4560432E7,33,002314,20260304
000727.SZ,冠捷科技,2.65,-0.3759398496240688,2.48,2.51,-1.97628458,2.54,2.48,5408/5521,2.51,2.54,2.48,2.48,2.371541,8.2088853E7,33,000727,20260304
601828.SH,美凯龙,2.67,2.692307692307686,2.5,2.52,-1.57480315,2.53,2.48,5408/5521,2.52,2.53,2.48,2.5,1.968503,1.747433E7,17,601828,20260304
600252.SH,中恒集团,2.46,-1.6000000000000014,2.48,2.52,-1.97628458,2.54,2.47,5410/5521,2.52,2.54,2.47,2.48,2.766798,4.2439803E7,17,600252,20260304
002630.SZ,*ST华西,1.99,-4.784688995215305,2.51,2.47,1.6194332,2.55,2.46,5411/5521,2.47,2.55,2.46,2.51,3.643724,2.147774E7,33,002630,20260304
600503.SH,华丽家族,2.57,1.984126984126977,2.58,2.48,3.61445783,2.6,2.45,5412/5521,2.48,2.6,2.45,2.58,6.024096,3.9668937E7,17,600503,20260304
002431.SZ,ST棕榈,2.08,-5.022831050228305,2.52,2.48,0.8,2.54,2.44,5413/5521,2.48,2.54,2.44,2.52,4,3.1598751E7,33,002431,20260304
688538.SH,和辉光电,2.26,0.0,2.44,2.47,-1.61290323,2.49,2.43,5414/5521,2.47,2.49,2.43,2.44,2.419354,6.2584852E7,17,688538,20260304
600169.SH,ST太重,2.39,-0.4166666666666578,2.45,2.44,0,2.47,2.42,5415/5521,2.44,2.47,2.42,2.45,2.040816,2.238412E7,22,600169,20260304
600337.SH,美克家居,2.89,0.0,2.46,2.43,-1.20481928,2.52,2.42,5415/5521,2.43,2.52,2.42,2.46,4.016064,3.1051042E7,17,600337,20260304
002124.SZ,天邦食品,2.61,-1.5094339622641524,2.42,2.46,-2.0242915,2.47,2.41,5417/5521,2.46,2.47,2.41,2.42,2.429149,3.877514E7,33,002124,20260304
000069.SZ,华侨城A,2.26,0.444444444444435,2.42,2.48,-2.81124498,2.5,2.39,5418/5521,2.48,2.5,2.39,2.42,4.41767,9.846386E7,33,000069,20260304
000838.SZ,*ST发展,1.95,4.838709677419347,2.48,2.42,1.2244898,2.5,2.39,5418/5521,2.42,2.5,2.39,2.48,4.489795,2.4266968E7,33,000838,20260304
600512.SH,腾达建设,2.4,-1.234567901234578,2.4,2.45,-2.43902439,2.47,2.39,5418/5521,2.45,2.47,2.39,2.4,3.252032,3.69146E7,17,600512,20260304
300237.SZ,ST美晨,2.29,-0.43478260869564295,2.41,2.38,0,2.45,2.36,5421/5521,2.38,2.45,2.36,2.41,3.734439,2.1023936E7,33,300237,20260304
601996.SH,丰林集团,2.72,0.0,2.39,2.42,-1.23966942,2.43,2.36,5421/5521,2.42,2.43,2.36,2.39,2.892561,2.137807E7,17,601996,20260304
601010.SH,ST文峰,2.21,-5.150214592274683,2.37,2.37,-0.83682008,2.4,2.34,5423/5521,2.37,2.4,2.34,2.37,2.51046,2.2287115E7,22,601010,20260304
600231.SH,凌钢股份,2.17,-3.555555555555559,2.32,2.31,-1.69491525,2.4,2.31,5424/5521,2.31,2.4,2.31,2.32,3.813559,3.230725E7,17,600231,20260304
002306.SZ,*ST云网,2.39,-1.2396694214875952,2.36,2.38,-2.47933884,2.41,2.3,5425/5521,2.38,2.41,2.3,2.36,4.545454,2.28222E7,33,002306,20260304
002219.SZ,新里程,2.31,-1.2820512820512737,2.33,2.28,0.43103448,2.35,2.28,5426/5521,2.28,2.35,2.28,2.33,3.017241,8.4418846E7,33,002219,20260304
001227.SZ,兰州银行,2.23,-0.8888888888888897,2.27,2.31,-2.15517241,2.32,2.27,5427/5521,2.31,2.32,2.27,2.27,2.155172,1.062826E8,33,001227,20260304
002321.SZ,华英农业,2.13,0.4716981132075371,2.32,2.3,0.43290043,2.35,2.27,5427/5521,2.3,2.35,2.27,2.32,3.463203,3.9112101E7,33,002321,20260304
000488.SZ,ST晨鸣,2.57,-1.9083969465648956,2.33,2.27,2.64317181,2.38,2.26,5429/5521,2.27,2.38,2.26,2.33,5.286343,4.128805E7,33,000488,20260304
002310.SZ,东方新能,3.06,-4.075235109717865,2.32,2.25,1.75438596,2.32,2.24,5430/5521,2.25,2.32,2.24,2.32,3.508771,5.8841063E7,33,002310,20260304
000826.SZ,*ST启环,1.96,1.5544041450777217,2.38,2.35,-2.45901639,2.51,2.2,5431/5521,2.35,2.51,2.2,2.38,12.704918,1.78453761E8,33,000826,20260304
002086.SZ,东方海洋,2.05,0.9852216748768483,2.24,2.22,0,2.26,2.2,5431/5521,2.22,2.26,2.2,2.24,2.678571,4.7391467E7,33,002086,20260304
600239.SH,ST云城,1.93,-4.9261083743842295,2.23,2.26,-1.76211454,2.28,2.2,5431/5521,2.26,2.28,2.2,2.23,3.524229,2.3632431E7,22,600239,20260304
600527.SH,江南高纤,2.95,4.609929078014197,2.22,2.25,-2.20264317,2.27,2.2,5431/5521,2.25,2.27,2.2,2.22,3.0837,5.292616E7,17,600527,20260304
000564.SZ,供销大集,1.75,0.5747126436781614,2.19,2.21,-2.23214286,2.22,2.18,5435/5521,2.21,2.22,2.18,2.19,1.785714,1.70095544E8,33,000564,20260304
600322.SH,津投城开,2.73,10.080645161290322,2.22,2.21,-0.89285714,2.24,2.18,5435/5521,2.21,2.24,2.18,2.22,2.678571,2.069411E7,17,600322,20260304
000718.SZ,苏宁环球,2.19,1.8604651162790715,2.2,2.23,-2.22222222,2.24,2.17,5437/5521,2.23,2.24,2.17,2.2,3.111111,4.2139356E7,33,000718,20260304
600400.SH,红豆股份,2.76,9.9601593625498,2.2,2.21,-1.34529148,2.22,2.17,5437/5521,2.21,2.22,2.17,2.2,2.242152,2.7399552E7,17,600400,20260304
300152.SZ,*ST动力,2.0,12.35955056179775,2.27,2.2,2.71493213,2.28,2.16,5439/5521,2.2,2.28,2.16,2.27,5.429864,2.6199681E7,33,300152,20260304
000897.SZ,津滨发展,2.18,1.395348837209314,2.17,2.2,-1.36363636,2.21,2.15,5440/5521,2.2,2.21,2.15,2.17,2.727272,3.8995128E7,33,000897,20260304
000926.SZ,福星股份,2.13,2.898550724637684,2.16,2.17,-0.91743119,2.17,2.13,5441/5521,2.17,2.17,2.13,2.16,1.834862,2.4008141E7,33,000926,20260304
600715.SH,文投控股,2.04,-0.48780487804877015,2.15,2.15,-1.37614679,2.17,2.13,5441/5521,2.15,2.17,2.13,2.15,1.834862,3.91382E7,17,600715,20260304
600370.SH,*ST三房,2.54,-4.8689138576778985,2.13,2.18,-2.73972603,2.19,2.12,5443/5521,2.18,2.19,2.12,2.13,3.196347,4.22273E7,22,600370,20260304
000638.SZ,*ST万方,,,2.08,2.08,-5.02283105,2.08,2.08,5444/5521,2.08,2.08,2.08,2.08,0,437100,33,000638,20260304
002305.SZ,*ST南置,2.23,-0.4464285714285817,2.09,2.08,-0.47619048,2.12,2.07,5445/5521,2.08,2.12,2.07,2.09,2.380952,1.39613E7,33,002305,20260304
002323.SZ,*ST雅博,1.67,-5.113636363636368,2.18,2.1,1.39534884,2.21,2.07,5445/5521,2.1,2.21,2.07,2.18,6.511627,2.15280069E8,33,002323,20260304
002663.SZ,普邦股份,2.21,4.739336492891,2.16,2.11,1.4084507,2.18,2.07,5445/5521,2.11,2.18,2.07,2.16,5.164319,3.5226164E7,33,002663,20260304
000517.SZ,荣安地产,2.02,1.0000000000000009,2.06,2.05,-0.48309179,2.09,2.03,5448/5521,2.05,2.09,2.03,2.06,2.89855,2.18839E7,33,000517,20260304
002076.SZ,*ST星光,2.19,-4.36681222707424,2.04,2.04,-0.97087379,2.07,1.99,5449/5521,2.04,2.07,1.99,2.04,3.883495,2.38835E7,33,002076,20260304
600187.SH,国中水务,1.84,0.0,2.0,2,-1.47783251,2.02,1.96,5450/5521,2,2.02,1.96,2.0,2.955665,3.9997267E7,17,600187,20260304
002501.SZ,*ST利源,1.48,-5.128205128205132,1.95,1.92,-0.51020408,1.98,1.91,5451/5521,1.92,1.98,1.91,1.95,3.571428,7.352638E7,33,002501,20260304
002496.SZ,*ST辉丰,2.12,-1.3953488372092933,1.95,1.89,3.17460317,1.98,1.88,5452/5521,1.89,1.98,1.88,1.95,5.291005,2.62732E7,33,002496,20260304
600743.SH,华远控股,2.47,2.9166666666666785,1.91,1.9,0,1.92,1.88,5452/5521,1.9,1.92,1.88,1.91,2.09424,1.9312628E7,17,600743,20260304
002936.SZ,郑州银行,1.83,-1.081081081081082,1.88,1.91,-2.08333333,1.92,1.87,5454/5521,1.91,1.92,1.87,1.88,2.604166,1.45232367E8,33,002936,20260304
601992.SH,金隅集团,1.66,-2.3529411764705905,1.87,1.88,-1.57894737,1.92,1.86,5455/5521,1.88,1.92,1.86,1.87,3.157894,9.9781727E7,17,601992,20260304
600518.SH,康美药业,1.71,-1.1560693641618507,1.86,1.87,-1.06382979,1.88,1.85,5456/5521,1.87,1.88,1.85,1.86,1.595744,1.74931819E8,17,600518,20260304
000056.SZ,*ST皇庭,1.74,-4.91803278688525,1.95,1.87,1.03626943,1.99,1.84,5457/5521,1.87,1.99,1.84,1.95,7.77202,7.4145377E7,33,000056,20260304
600653.SH,申华控股,1.84,0.5464480874316945,1.85,1.86,-1.06951872,1.87,1.84,5457/5521,1.86,1.87,1.84,1.85,1.604278,3.0033344E7,17,600653,20260304
600307.SH,酒钢宏兴,1.77,-1.117318435754191,1.85,1.85,-1.06951872,1.92,1.83,5459/5521,1.85,1.92,1.83,1.85,4.812834,8.98581E7,17,600307,20260304
600696.SH,*ST岩石,1.31,0.0,1.85,1.82,-3.14136126,1.9,1.82,5460/5521,1.82,1.9,1.82,1.85,4.188481,5614300,22,600696,20260304
000882.SZ,华联股份,1.65,1.226993865030676,1.82,1.85,-2.15053763,1.85,1.81,5461/5521,1.85,1.85,1.81,1.82,2.150537,5.7723284E7,33,000882,20260304
600136.SH,ST明诚,1.79,0.0,1.85,1.83,0,1.89,1.81,5461/5521,1.83,1.89,1.81,1.85,4.324324,2.24588E7,22,600136,20260304
600162.SH,香江控股,1.89,4.999999999999992,1.8,1.81,-1.0989011,1.83,1.78,5463/5521,1.81,1.83,1.78,1.8,2.747252,4.1716168E7,17,600162,20260304
601588.SH,北辰实业,2.0,9.890109890109885,1.8,1.82,-1.63934426,1.83,1.78,5463/5521,1.82,1.83,1.78,1.8,2.73224,3.1224976E7,17,601588,20260304
002269.SZ,美邦服饰,1.7,6.918238993710684,1.79,1.8,-1.10497238,1.81,1.77,5465/5521,1.8,1.81,1.77,1.79,2.209944,5.3817915E7,33,002269,20260304
600157.SH,永泰能源,1.77,-1.117318435754191,1.84,1.81,0,1.87,1.77,5465/5521,1.81,1.87,1.77,1.84,5.434782,1.61339002E9,17,600157,20260304
300197.SZ,节能铁汉,1.69,1.8072289156626522,1.78,1.76,0,1.81,1.75,5467/5521,1.76,1.81,1.75,1.78,3.370786,6.3408711E7,33,300197,20260304
601880.SH,辽港股份,1.64,-1.7964071856287442,1.71,1.73,-3.93258427,1.74,1.69,5468/5521,1.73,1.74,1.69,1.71,2.808988,2.93347634E8,17,601880,20260304
002482.SZ,广田集团,1.71,0.5882352941176476,1.71,1.7,-0.58139535,1.73,1.68,5469/5521,1.7,1.73,1.68,1.71,2.906976,5.073735E7,33,002482,20260304
600022.SH,山东钢铁,1.44,-1.3698630136986314,1.7,1.69,-0.58479532,1.75,1.68,5469/5521,1.69,1.75,1.68,1.7,4.093567,1.93391746E8,17,600022,20260304
600881.SH,亚泰集团,1.56,-1.2658227848101276,1.7,1.73,-2.29885057,1.73,1.68,5469/5521,1.73,1.73,1.68,1.7,2.873563,4.2568612E7,17,600881,20260304
002717.SZ,*ST岭南,1.37,-3.521126760563368,1.7,1.68,1.19047619,1.71,1.65,5472/5521,1.68,1.71,1.65,1.7,3.571428,5.9887423E7,33,002717,20260304
600567.SH,山鹰国际,1.45,-1.3605442176870761,1.66,1.68,-1.77514793,1.7,1.65,5472/5521,1.68,1.7,1.65,1.66,2.958579,1.15192869E8,17,600567,20260304
300027.SZ,ST华谊,1.82,4.5977011494252915,1.68,1.63,0.5988024,1.7,1.62,5474/5521,1.63,1.7,1.62,1.68,4.790419,7.9937485E7,33,300027,20260304
600606.SH,绿地控股,1.57,6.80272108843538,1.61,1.61,-0.61728395,1.63,1.59,5475/5521,1.61,1.63,1.59,1.61,2.469135,9.3355359E7,17,600606,20260304
601005.SH,重庆钢铁,1.4,-0.7092198581560291,1.56,1.55,0,1.59,1.54,5476/5521,1.55,1.59,1.54,1.56,3.205128,1.76161992E8,17,601005,20260304
002146.SZ,荣盛发展,1.35,1.5037593984962419,1.55,1.52,0.64935065,1.55,1.51,5477/5521,1.52,1.55,1.51,1.55,2.597402,1.11738049E8,33,002146,20260304
600221.SH,海航控股,1.51,4.861111111111116,1.53,1.54,-1.92307692,1.55,1.51,5477/5521,1.54,1.55,1.51,1.53,2.564102,5.30959338E8,17,600221,20260304
002024.SZ,ST易购,1.34,1.5151515151515165,1.5,1.51,-1.31578947,1.52,1.49,5479/5521,1.51,1.52,1.49,1.5,1.973684,2.44035E7,33,002024,20260304
600340.SH,华夏幸福,1.28,0.0,1.55,1.51,0.64935065,1.56,1.49,5479/5521,1.51,1.56,1.49,1.55,4.545454,8.8565001E7,17,600340,20260304
000656.SZ,*ST金科,1.4,0.0,1.37,1.37,-0.72463768,1.38,1.35,5481/5521,1.37,1.38,1.35,1.37,2.173913,7.61593E7,33,000656,20260304
