股票代码,股票简称,最新价,chg_pct,p_close,p_open,涨跌幅:前复权[20260331],p_high,p_low,p_low,开盘价:前复权[20260331],最高价:前复权[20260331],最低价:前复权[20260331],收盘价:前复权[20260331],振幅[20260331],成交量[20260331],market_code,code,date
600519.SH,贵州茅台,1384.79,-1.1690230307528786,1450.0,1468,2.11267606,1479.93,1448.41,1/5521,1468,1479.93,1448.41,1450.0,2.219718,6169066,17,600519,20260331
688498.SH,源杰科技,1571.0,3.6963696369636962,1005.44,1025,-5.32580038,1043.03,996,2/5521,1025,1043.03,996,1005.44,4.428436,3396122,17,688498,20260331
688256.SH,寒武纪,1699.96,20.00028236024932,983.0,1001.06,-2.62023874,1019.98,983,3/5521,1001.06,1019.98,983,983.0,3.663381,5075376,17,688256,20260331
688802.SH,沐曦股份,758.03,6.261915442413362,602.0,620,-3.98877211,626,597.79,4/5521,620,626,597.79,602.0,4.49913,1941439,17,688802,20260331
688795.SH,摩尔线程,715.7,3.784802784222741,557.87,563,0.31828808,577.5,557.87,5/5521,563,577.5,557.87,557.87,3.52994,1969847,17,688795,20260331
300308.SZ,中际旭创,857.5,1.4792899408284024,569.41,571,-3.33910505,585.9,555,6/5521,570,584.9,554,568.41,5.245467,2.6120231E7,33,300308,20260331
688027.SH,国盾量子,572.19,2.385212754536027,532.9,550.19,-3.28669171,556,531.01,7/5521,550.19,556,531.01,532.9,4.535307,1854314,17,688027,20260331
002371.SZ,北方华创,536.99,5.145777447083478,447.0,464.9,-4.65830561,466.99,447,8/5521,464.9,466.99,447,447.0,4.263714,6956601,33,002371,20260331
300502.SZ,新易盛,525.79,-2.0875232774674184,442.84,445.65,-3.39020027,454.5,434.7,9/5521,445.65,454.5,434.7,442.84,4.31956,2.8328996E7,33,300502,20260331
300750.SZ,宁德时代,436.0,-2.0224719101123596,401.7,413,-2.73607748,416.95,401.58,10/5521,406.043,409.993,394.623,394.74,3.721549,2.4925645E7,33,300750,20260331
300757.SZ,罗博特科,482.1,-1.2737549148099547,380.61,381,-1.79833841,396.21,375.16,11/5521,381,396.21,375.16,380.61,5.431136,7059026,33,300757,20260331
688072.SH,拓荆科技,445.0,5.034578799537371,370.0,384.37,-4.42240132,388.86,365.53,12/5521,384.37,388.86,365.53,370.0,6.026555,6029946,17,688072,20260331
001309.SZ,德明利,524.81,0.3595127454917476,380.1,380.3,-5.04621534,393.17,363.74,13/5521,379.9,392.77,363.34,379.7,7.351986,2.1072084E7,33,001309,20260331
603444.SH,吉比特,406.61,-2.163137632338789,362.7,363.8,-0.22008253,371.33,361.65,14/5521,363.8,371.33,361.65,362.7,2.662998,1261094,17,603444,20260331
920045.BJ,蘅东光,551.02,-3.41793451588025,322.01,339.09,-6.9442839,343,320.47,15/5521,339.09,343,320.47,322.01,6.510807,1205708,151,920045,20260331
688167.SH,炬光科技,357.98,2.4556382369776877,324.99,334,-6.48308011,341.26,319.02,16/5521,334,341.26,319.02,324.99,6.399631,6091478,17,688167,20260331
688012.SH,中微公司,376.3,4.597509450744947,306.38,318,-3.27082149,322.98,306.09,17/5521,318,322.98,306.09,306.38,5.332449,8095368,17,688012,20260331
688809.SH,强一股份,423.25,3.8650306748466257,305.8,318.9,-5.14888337,320.2,303.33,18/5521,318.9,320.2,303.33,305.8,5.23263,1325394,17,688809,20260331
688502.SH,茂莱光学,474.5,-0.08422825858074906,299.59,306.22,-2.91963707,309.83,298.66,19/5521,306.22,309.83,298.66,299.59,3.619572,468941,17,688502,20260331
300394.SZ,天孚通信,307.5,-1.1540068790382125,301.6,308.6,-4.80098482,316,298.22,20/5521,308.6,316,298.22,301.6,5.612196,2.7057578E7,33,300394,20260331
300033.SZ,同花顺,235.0,0.6639537374170107,298.5,301.99,-0.99502488,312,297.18,21/5521,212.06428571,219.21428571,208.62857143,209.57,4.915422,6950195,33,300033,20260331
301308.SZ,江波龙,401.12,-3.1812696113927124,297.08,302,-5.68888889,304.98,291,22/5521,302,304.98,291,297.08,4.438095,1.5063469E7,33,301308,20260331
601869.SH,长飞光纤,353.9,-4.485587822519704,309.49,300,2.58543538,320,287.01,23/5521,300,320,287.01,309.49,10.935065,2.1301014E7,17,601869,20260331
688785.SH,恒运昌,325.05,3.4861509073543417,281.95,293.72,-4.03335602,293.8,280,24/5521,293.72,293.8,280,281.95,4.697072,547741,17,688785,20260331
688506.SH,百利天恒,272.74,0.64206642066421,278.0,277,0.2849825,289,274.3,25/5521,277,289,274.3,278.0,5.302839,2206732,17,688506,20260331
603061.SH,金海通,254.85,0.8867424092474488,270.33,288.2,-5.03741174,290,265.34,26/5521,198.49655172,199.73793103,182.73103448,186.17,8.662662,3140098,17,603061,20260331
688195.SH,腾景科技,332.0,2.5450951321966917,270.54,274.9,-4.90685413,278.5,263.5,27/5521,274.9,278.5,263.5,270.54,5.272407,7554233,17,688195,20260331
688200.SH,华峰测控,349.5,4.315902578796555,262.8,280.14,-7.1279641,282.1,261.49,28/5521,280.14,282.1,261.49,262.8,7.283457,4239482,17,688200,20260331
300476.SZ,胜宏科技,328.49,-1.6114056369245502,251.0,256,-2.4409204,261,250.8,29/5521,254.0050623,259.0050623,248.8050623,249.01,3.964552,2.1968499E7,33,300476,20260331
688019.SH,安集科技,250.2,2.147464685229032,250.68,254.64,-3.00263117,258.35,248.88,30/5521,254.64,258.35,248.88,250.68,3.664293,3130296,17,688019,20260331
688617.SH,惠泰医疗,237.87,-2.0143351458230296,249.99,247.51,1.21872216,254.81,247.12,31/5521,247.51,254.81,247.12,249.99,3.113612,1267881,17,688617,20260331
301626.SZ,苏州天脉,279.16,3.638253638253642,245.5,257.26,-4.54898911,259,243.88,32/5521,257.26,259,243.88,245.5,5.878693,2449538,33,301626,20260331
300870.SZ,欧陆通,404.0,7.44966621452698,243.18,250.4,-3.2234957,254.79,240.6,33/5521,250.4,254.79,240.6,243.18,5.647086,3211303,33,300870,20260331
301629.SZ,矽电股份,305.13,-1.1564625850340113,238.5,244.11,-2.59342455,245.65,236.88,34/5521,244.11,245.65,236.88,238.5,3.581784,809300,33,301629,20260331
603986.SH,兆易创新,312.99,1.327333354915997,238.1,249.9,-6.93765878,252,236.86,35/5521,249.9,252,236.86,238.1,5.917529,4.2762334E7,17,603986,20260331
688111.SH,金山办公,251.94,1.075182540319348,233.56,237.66,-1.36407787,240.3,233.03,36/5521,237.66,240.3,233.03,233.56,3.070231,4539443,17,688111,20260331
688411.SH,海博思创,257.3,0.6611634912562097,233.63,262.68,-12.27141301,262.8,232.8,37/5521,262.68,262.8,232.8,233.63,11.265067,9935429,17,688411,20260331
688235.SH,百济神州,234.8,-0.6389911556853247,233.59,237.99,-0.72673183,241.88,232.69,38/5521,237.99,241.88,232.69,233.59,3.905652,3123496,17,688235,20260331
300751.SZ,迈为股份,238.88,7.914709071196233,228.7,230.53,-0.79382293,237.39,227.85,39/5521,230.53,237.39,227.85,228.7,4.13829,1.0308379E7,33,300751,20260331
688627.SH,精智达,293.03,1.7500607659988068,227.75,238.95,-5.69358178,238.95,226,40/5521,238.95,238.95,226,227.75,5.362318,3116402,17,688627,20260331
603129.SH,春风动力,274.73,-0.46014492753622527,228.6,225,1.6,232.56,222.84,41/5521,225,232.56,222.84,228.6,4.32,1719962,17,603129,20260331
688766.SH,普冉股份,271.09,1.266342921180421,225.19,237.67,-5.81764952,239.41,222.23,42/5521,237.67,239.41,222.23,225.19,7.185278,6429873,17,688766,20260331
002916.SZ,深南电路,312.5,-0.6390893771263206,219.51,225.17,-2.69084139,225.32,217.68,43/5521,225.17,225.32,217.68,219.51,3.386825,8601381,33,002916,20260331
688125.SH,安达智能,212.69,-0.3793911007025772,215.0,226.47,-6.96265524,230.88,210.89,44/5521,226.47,230.88,210.89,215.0,8.650309,1268694,17,688125,20260331
688041.SH,海光信息,296.25,6.270402123614456,210.26,214.56,-2.53557688,218.04,210.01,45/5521,214.56,218.04,210.01,210.26,3.722245,1.4481294E7,17,688041,20260331
688025.SH,杰普特,356.01,9.879629629629626,213.5,225.01,-8.9940324,228,209.5,46/5521,225.01,228,209.5,213.5,7.885763,7757800,17,688025,20260331
688525.SH,佰维存储,265.08,-1.4572490706319763,211.99,220.02,-8.62106125,220.08,209.2,47/5521,220.02,220.08,209.2,211.99,4.689857,4.2365631E7,17,688525,20260331
301345.SZ,涛涛车业,270.01,2.2339176858127208,217.0,212.51,0.88331009,218.03,207.99,48/5521,211.01,216.53,206.49,215.5,4.667596,1346175,33,301345,20260331
301205.SZ,联特科技,235.4,-1.4732965009208028,208.68,217,-6.68097666,217,207.67,49/5521,217,217,207.67,208.68,4.172256,7980100,33,301205,20260331
300857.SZ,协创数据,259.7,-4.441255473378222,209.32,216.8,-2.55121043,217.45,206.81,50/5521,154.61428571,155.07857143,147.47857143,149.27,4.953445,7633099,33,300857,20260331
688692.SH,达梦数据,263.73,2.5588178106163877,209.58,206.9,1.51118861,216.6,206.77,51/5521,206.9,216.6,206.77,209.58,4.761212,1208279,17,688692,20260331
605499.SH,东鹏饮料,203.84,-2.155234483751744,205.27,221.16,-9.96534936,222.44,205.22,52/5521,221.16,222.44,205.22,205.27,7.552962,1.0451643E7,17,605499,20260331
688048.SH,长光华芯,352.03,0.23633257403188615,206.0,213.5,-7.6895501,215.8,204.6,53/5521,213.5,215.8,204.6,206.0,5.01882,1.5273224E7,17,688048,20260331
688807.SH,优迅股份,355.0,-2.2577092511013186,208.86,214.54,-3.34582813,214.54,203.88,54/5521,214.54,214.54,203.88,208.86,4.933129,1493624,17,688807,20260331
688521.SH,芯原股份,280.88,19.99829110949716,202.3,210.51,-4.71031559,212,199.99,55/5521,210.51,212,199.99,202.3,5.657089,1.6943508E7,17,688521,20260331
002028.SZ,思源电气,195.0,-0.944833892106072,202.0,205.98,-1.96078431,208.03,199.87,56/5521,205.98,208.03,199.87,202.0,3.960396,1.0343454E7,33,002028,20260331
688630.SH,芯碁微装,257.75,-2.7174938667673105,193.4,196,-3.09164704,200,190.9,57/5521,195.3,199.3,190.2,192.7,4.559803,6331090,17,688630,20260331
301377.SZ,鼎泰高科,234.66,2.921052631578946,192.96,192.7,-0.0621504,197,187.6,58/5521,192.2,196.5,187.1,192.46,4.868448,4200973,33,301377,20260331
688017.SH,绿的谐波,224.12,4.237012231989216,187.16,191.99,-2.14367876,194.85,187.1,59/5521,191.99,194.85,187.1,187.16,4.052075,4142983,17,688017,20260331
688775.SH,影石创新,192.86,0.8418300653594842,188.27,189.92,-1.07713325,190.6,186.21,60/5521,189.92,190.6,186.21,188.27,2.306641,619164,17,688775,20260331
688205.SH,德科立,240.96,2.6235093696763188,184.0,196.12,-10.92607833,198,182.73,61/5521,196.12,198,182.73,184.0,7.392167,1.2922283E7,17,688205,20260331
300972.SZ,万辰集团,226.81,0.9839715048975993,182.5,183.65,-0.84216246,187.29,182.34,62/5521,183.65,187.29,182.34,182.5,2.689486,1117678,33,300972,20260331
603929.SH,亚翔集成,188.3,-2.120802578230577,179.9,186.71,-4.00725682,186.71,176,63/5521,186.71,186.71,176,179.9,5.714743,5243800,17,603929,20260331
002850.SZ,科达利,190.45,-0.08394103142543675,179.0,180,0.94743966,183.99,175.65,64/5521,180,183.99,175.65,179.0,4.703361,1.9111042E7,33,002850,20260331
300620.SZ,光库科技,237.96,1.1519659936238078,178.03,185.22,-5.55437666,185.66,175.4,65/5521,185.22,185.66,175.4,178.03,5.44297,1.7060768E7,33,300620,20260331
300953.SZ,震裕科技,220.6,4.733418791245311,174.52,179.5,-2.80686122,181.86,174.26,66/5521,179.5,181.86,174.26,174.52,4.232568,4104524,33,300953,20260331
688120.SH,华海清科,197.43,2.1894409937888293,174.0,180.51,-4.34304563,181.91,174,67/5521,180.51,181.91,174,174.0,4.348543,4675528,17,688120,20260331
688536.SH,思瑞浦,268.1,12.950792045837549,171.93,183,-7.06486486,183,171.58,68/5521,183,183,171.58,171.93,6.172972,5891289,17,688536,20260331
688615.SH,合合信息,137.1,5.429098738849587,169.8,170.98,-0.8640822,174.47,169.3,69/5521,120.95,123.44285714,119.75,120.11,3.018449,1969043,17,688615,20260331
301232.SZ,飞沃科技,217.72,7.782178217821782,171.3,170.26,0.15201123,185,169,70/5521,170.26,185,169,171.3,9.354536,8354389,33,301232,20260331
301630.SZ,同宇新材,249.1,-3.3447151947850506,169.0,173.39,-3.07409956,175,168.68,71/5521,173.39,175,168.68,169.0,3.624684,437462,33,301630,20260331
688608.SH,恒玄科技,169.63,-2.089466089466092,175.69,167.79,4.73323398,180.69,167.79,72/5521,167.79,180.69,167.79,175.69,7.690014,5705649,17,688608,20260331
688037.SH,芯源微,232.11,13.224390243902446,167.56,174.5,-4.91431166,175.66,167.3,73/5521,174.5,175.66,167.3,167.56,4.744069,4180035,17,688037,20260331
688702.SH,盛科通信,322.16,-1.7804878048780413,166.88,176,-5.50396376,177.21,166.88,74/5521,176,177.21,166.88,166.88,5.849377,5130083,17,688702,20260331
300760.SZ,迈瑞医疗,168.4,0.0,164.66,167.36,-3.57791181,169,164.66,75/5521,167.36,169,164.66,164.66,2.541429,8970621,33,300760,20260331
301590.SZ,优优绿能,177.19,0.045169668567547894,164.62,169.14,-2.75857995,170,164.2,76/5521,169.14,170,164.2,164.62,3.426073,437435,33,301590,20260331
001400.SZ,江顺科技,204.67,-0.6456310679611711,166.65,166.4,1.55393053,180.18,164.12,77/5521,166.4,180.18,164.12,166.65,9.786715,4424662,33,001400,20260331
301489.SZ,思泉新材,229.56,5.554533750229913,164.88,173.99,-5.42617873,174.79,164,78/5521,173.99,174.79,164,164.88,6.189055,2821632,33,301489,20260331
301338.SZ,凯格精机,193.93,4.668609671848017,168.93,168.34,-0.20086253,173,163.01,79/5521,168.34,173,163.01,168.93,5.901813,3000096,33,301338,20260331
301005.SZ,超捷股份,174.6,4.375896700143468,165.35,162.18,1.95461833,174.94,162.18,80/5521,162.18,174.94,162.18,165.35,7.867801,1.8845714E7,33,301005,20260331
301589.SZ,诺瓦星云,171.4,1.8540527691942028,160.03,163.28,-1.99044586,164.3,159.71,81/5521,163.28,164.3,159.71,160.03,2.811121,493762,33,301589,20260331
301200.SZ,大族数控,182.59,-1.3613527091999407,162.2,171.85,-7.92984049,175.6,155.2,82/5521,171.85,175.6,155.2,162.2,11.579724,7716547,33,301200,20260331
301550.SZ,斯菱智驱,159.95,4.235907461713913,154.02,158.77,-2.51898734,159.88,153.8,83/5521,158.77,159.88,153.8,154.02,3.848101,4967748,33,301550,20260331
301183.SZ,东田微,180.99,2.1445905525142566,160.0,157.04,-1.83446837,163.94,153.53,84/5521,157.04,163.94,153.53,160.0,6.386894,7009867,33,301183,20260331
301396.SZ,宏景科技,316.74,-3.270728355474112,153.29,161.48,-4.19375,162.16,153.27,85/5521,161.48,162.16,153.27,153.29,5.55625,8412724,33,301396,20260331
301306.SZ,西测测试,165.72,11.184166387118406,157.16,160.01,-2.40933929,176,152.9,86/5521,160.01,176,152.9,157.16,14.344262,1.2819624E7,33,301306,20260331
688279.SH,峰岹科技,197.45,0.74493596612071,152.31,155.47,-0.07216901,157.5,152.31,87/5521,155.47,157.5,152.31,152.31,3.405064,885165,17,688279,20260331
688361.SH,中科飞测,196.6,4.797441364605544,152.05,159,-4.35302258,160.98,152.05,88/5521,159,160.98,152.05,152.05,5.617412,3851678,17,688361,20260331
600436.SH,片仔癀,143.55,3.0361757105943283,151.1,153.59,-0.91803279,154.37,151.08,89/5521,153.59,154.37,151.08,151.1,2.157377,1698520,17,600436,20260331
300274.SZ,阳光电源,137.41,-0.4780183964655585,150.76,155.54,-4.03564609,157.66,150.69,90/5521,155.54,157.66,150.69,150.76,4.436664,6.1477946E7,33,300274,20260331
300672.SZ,国科微,178.31,11.027397260273979,154.19,163.51,-6.38698318,164.68,150.69,90/5521,163.51,164.68,150.69,154.19,8.493716,1.1373754E7,33,300672,20260331
920982.BJ,锦波生物,175.9,0.45688178183895567,150.05,153.05,-1.60655738,154.96,150.04,92/5521,153.05,154.96,150.04,150.05,3.226229,601941,151,920982,20260331
300548.SZ,长芯博创,256.69,3.713131313131312,153.15,156.03,-3.86667504,158.24,149,93/5521,156.03,158.24,149,153.15,5.800012,2.3710361E7,33,300548,20260331
603893.SH,瑞芯微,182.9,0.2906179744475523,152.23,149.28,1.8601539,156.66,148.8,94/5521,149.28,156.66,148.8,152.23,5.259284,7766822,17,603893,20260331
688052.SH,纳芯微,198.0,4.767448013122382,147.88,153,-2.64006847,155.8,147.37,95/5521,153,155.8,147.37,147.88,5.550069,3006601,17,688052,20260331
688270.SH,ST臻镭,130.38,7.707558859975215,148.25,147.78,0.29089433,156.06,147.2,96/5521,147.78,156.06,147.2,148.25,5.993776,1.8828335E7,22,688270,20260331
301486.SZ,致尚科技,217.3,-0.18373909049149162,151.97,151.28,-1.06119792,155.18,146.88,97/5521,151.28,155.18,146.88,151.97,5.403645,6823308,33,301486,20260331
688018.SH,乐鑫科技,172.12,2.0998932257681764,146.96,143.15,2.19749652,152.32,143.15,98/5521,143.15,152.32,143.15,146.96,6.376912,3735687,17,688018,20260331
600809.SH,山西汾酒,143.35,0.1467095151599888,143.06,149.64,-2.46795746,150,142.88,99/5521,149.64,150,142.88,143.06,4.854104,6797882,17,600809,20260331
920493.BJ,并行科技,152.39,2.1106941838649003,142.33,143.58,-1.7329467,147.58,141.85,100/5521,143.58,147.58,141.85,142.33,3.956089,1136555,151,920493,20260331
688082.SH,盛美上海,154.11,3.422589087980688,141.61,147.39,-2,147.8,141.2,101/5521,147.39,147.8,141.2,141.61,4.567474,2593174,17,688082,20260331
300666.SZ,江丰电子,179.71,2.463082273789852,139.22,144.8,-4.9627961,145.3,138.6,102/5521,144.8,145.3,138.6,139.22,4.573691,8950644,33,300666,20260331
301128.SZ,强瑞技术,178.31,-3.092391304347825,148.03,138.01,9.22305025,156.78,138.01,103/5521,138.01,156.78,138.01,148.03,13.849332,1.4317701E7,33,301128,20260331
688031.SH,星环科技,132.0,0.8942903003898092,138.6,141.4,-2.84592738,145.61,137.79,104/5521,141.4,145.61,137.79,138.6,5.481564,5405862,17,688031,20260331
301031.SZ,中熔电气,160.4,-2.764306498545103,138.22,142.65,-3.94718555,144.28,137,105/5521,142.65,144.28,137,138.22,5.059068,2008088,33,301031,20260331
603516.SH,淳中科技,142.25,-9.996836444163247,138.41,140.3,-1.35414439,141.17,135.67,106/5521,140.3,141.17,135.67,138.41,3.919891,3720422,17,603516,20260331
301662.SZ,宏工科技,182.26,5.048991354466853,135.01,139.5,-3.21863799,141,135,107/5521,139.5,141,135,135.01,4.301075,1193395,33,301662,20260331
301563.SZ,云汉芯城,163.9,0.570657176167397,134.2,142.49,-6.64347826,142.49,134.08,108/5521,142.49,142.49,134.08,134.2,5.850434,1517094,33,301563,20260331
301369.SZ,联动科技,170.07,5.371747211895903,134.15,139,-3.32228308,141.28,134.01,109/5521,139,141.28,134.01,134.15,5.239262,863550,33,301369,20260331
688787.SH,海天瑞声,130.1,1.2215047070722735,132.51,138.5,-6.0212766,144.43,132.14,110/5521,138.5,144.43,132.14,132.51,8.716312,3071668,17,688787,20260331
603402.SH,陕西旅游,111.17,-4.205084015510552,132.15,137.51,-4.10710398,139.99,131,111/5521,137.51,139.99,131,132.15,6.523474,1374811,17,603402,20260331
688047.SH,龙芯中科,166.23,6.612365315546436,130.55,134.03,-2.97287254,135.33,130.51,112/5521,134.03,135.33,130.51,130.55,3.582311,3707160,17,688047,20260331
688188.SH,柏楚电子,141.78,2.3608403725362863,129.45,131.3,-1.39396709,132.68,129.45,113/5521,131.3,132.68,129.45,129.45,2.46039,1183551,17,688188,20260331
688790.SH,昂瑞微,142.81,2.8075732488661767,128.83,131.67,-2.23857945,132,128.69,114/5521,131.67,132,128.69,128.83,2.511762,364973,17,688790,20260331
688519.SH,南亚新材,174.19,-0.5197030268418028,129.78,132.6,-2.21518987,135.59,127.5,115/5521,132.6,135.59,127.5,129.78,6.095539,6451327,17,688519,20260331
301488.SZ,豪恩汽电,125.07,0.8791740603323029,127.2,129.3,-2.40159595,131.6,127.2,116/5521,129.3,131.6,127.2,127.2,3.376045,933909,33,301488,20260331
688372.SH,伟测科技,151.39,2.881413523615345,127.8,133.46,-4.62686567,133.46,126.94,117/5521,133.46,133.46,126.94,127.8,4.865671,7996962,17,688372,20260331
688331.SH,荣昌生物,129.31,-1.2900763358778609,128.77,130,-1.25,132.99,126.5,118/5521,130,132.99,126.5,128.77,4.976993,8582275,17,688331,20260331
301086.SZ,鸿富瀚,197.06,3.280922431865823,128.07,128.48,-0.43535723,131.37,126.19,119/5521,128.48,131.37,126.19,128.07,4.027054,1696450,33,301086,20260331
605117.SH,德业股份,150.63,2.03210729526519,131.46,129,1.02205487,136.88,125.68,120/5521,129,136.88,125.68,131.46,8.606777,1.5262848E7,17,605117,20260331
300567.SZ,精测电子,145.05,6.662254577542468,125.7,132.07,-5.77211394,133.51,125.11,121/5521,132.07,133.51,125.11,125.7,6.296851,6855530,33,300567,20260331
688008.SH,澜起科技,173.3,2.001177163037084,125.28,130,-5.09090909,130,125,122/5521,130,130,125,125.28,3.787878,3.6443845E7,17,688008,20260331
688368.SH,晶丰明源,154.3,5.504273504273512,125.0,129.6,-3.51960482,131.26,125,122/5521,129.6,131.26,125,125.0,4.831738,1701052,17,688368,20260331
600563.SH,法拉电子,118.02,2.4479166666666607,124.91,131.78,-5.72830189,132.4,124.65,124/5521,131.78,132.4,124.65,124.91,5.849056,1.1896096E7,17,600563,20260331
300475.SZ,香农芯创,174.7,0.22948938611587907,125.63,133.34,-8.36615609,133.76,124.41,125/5521,133.34,133.76,124.41,125.63,6.819839,3.5261692E7,33,300475,20260331
688032.SH,禾迈股份,112.61,-2.9558772836952834,124.82,126.18,-3.05242718,129.97,124.21,126/5521,126.18,129.97,124.21,124.82,4.473786,3005353,17,688032,20260331
688668.SH,鼎通科技,220.0,0.4336909381419715,125.9,128.9,-3.63566781,130.8,124.11,127/5521,128.9,130.8,124.11,125.9,5.120551,4240925,17,688668,20260331
300969.SZ,恒帅股份,122.4,2.641509433962269,122.66,126.98,-3.4097173,127.95,122.66,128/5521,126.98,127.95,122.66,122.66,4.165682,1225040,33,300969,20260331
301191.SZ,菲菱科思,142.54,-4.534190610139984,126.0,127.27,-1.49323743,130.03,122.11,129/5521,127.27,130.03,122.11,126.0,6.191853,3494580,33,301191,20260331
688109.SH,品茗科技,95.51,-0.09414225941421465,130.16,123.28,4.38687946,130.98,122.01,130/5521,123.28,130.98,122.01,130.16,7.19384,1696729,17,688109,20260331
601799.SH,星宇股份,124.08,-1.2887828162291206,122.01,123.8,-1.44588045,125.15,121.91,131/5521,123.8,125.15,121.91,122.01,2.617124,1862524,17,601799,20260331
688656.SH,浩欧博,130.33,1.8203125000000098,121.59,124.93,-2.67349716,127.36,121.59,132/5521,124.93,127.36,121.59,121.59,4.618586,372318,17,688656,20260331
688068.SH,热景生物,112.2,1.492537313432841,122.3,125.2,-2.32409552,128.99,121.53,133/5521,125.2,128.99,121.53,122.3,5.95799,2915831,17,688068,20260331
300604.SZ,长川科技,174.2,-0.057372346528986075,121.05,125.11,-3.53813053,125.6,120.9,134/5521,125.11,125.6,120.9,121.05,3.745318,1.2884994E7,33,300604,20260331
688353.SH,华盛锂电,109.95,-12.654909437559576,120.5,127.47,-7.86052913,129.48,120.46,135/5521,127.47,129.48,120.46,120.5,6.897079,1.0697257E7,17,688353,20260331
688169.SH,石头科技,115.8,-1.7478364160868847,119.98,122,-1.42141155,123,119.8,136/5521,122,123,119.8,119.98,2.6292,2307441,17,688169,20260331
301326.SZ,捷邦科技,183.97,6.341040462427745,119.18,123.21,-3.27083841,124.87,119,137/5521,123.21,124.87,119,119.18,4.764223,906795,33,301326,20260331
688325.SH,赛微微电,121.91,2.1278378151964414,119.58,127.28,-6.04965431,133.79,119,137/5521,127.28,133.79,119,119.58,11.62005,2420506,17,688325,20260331
300896.SZ,爱美客,115.05,-0.9641043298614139,117.24,119.19,-1.26326427,120.58,117.22,139/5521,118.39,119.78,116.42,116.44,2.829711,1837824,33,300896,20260331
688583.SH,思看科技,124.2,3.3277870216306153,121.35,118.74,4.24362168,127.5,116.95,140/5521,118.74,127.5,116.95,121.35,9.062795,2315572,17,688583,20260331
688515.SH,裕太微,172.6,13.418320410040732,116.69,120,-3.66548336,121.41,116.51,141/5521,120,121.41,116.51,116.69,4.04524,1085524,17,688515,20260331
688332.SH,中科蓝讯,113.5,0.39805395842547797,117.29,116.2,0.80790718,120.93,116.2,142/5521,116.2,120.93,116.2,117.29,4.06532,1706936,17,688332,20260331
301357.SZ,北方长龙,107.65,0.711011320048653,116.7,118.95,-3.73669884,122.2,116.18,143/5521,118.95,122.2,116.18,116.7,4.965767,3682814,33,301357,20260331
688717.SH,艾罗能源,121.66,3.98290598290598,117.0,118.23,-2.16573292,123.1,116.11,144/5521,118.23,123.1,116.11,117.0,5.84497,7049144,17,688717,20260331
301682.SZ,宏明电子,125.63,2.1797478649857607,116.19,119.2,-4.74667978,122.88,115.81,145/5521,119.2,122.88,115.81,116.19,5.796032,8226894,33,301682,20260331
301413.SZ,安培龙,100.69,1.8820196296671046,115.36,116.51,-1.67064439,120.85,115.12,146/5521,116.51,120.85,115.12,115.36,4.884077,3157724,33,301413,20260331
688585.SH,上纬新材,119.92,3.3258659314147847,114.97,118.5,-2.39409118,121.88,114.97,147/5521,118.5,121.88,114.97,114.97,5.866372,2382419,17,688585,20260331
001389.SZ,广合科技,163.25,-0.4573170731707317,116.33,117.43,-0.86919472,122,114,148/5521,117.43,122,114,116.33,6.817213,9536377,33,001389,20260331
301529.SZ,福赛科技,138.11,11.884316267012327,114.33,115.53,-1.1840968,118.51,113,149/5521,115.53,118.51,113,114.33,4.762316,2548171,33,301529,20260331
301592.SZ,六九一二,130.81,1.8769470404984396,113.43,114.85,-1.13309509,115.51,112.74,150/5521,114.85,115.51,112.74,113.43,2.414364,764397,33,301592,20260331
688326.SH,经纬恒润,89.19,-2.118086040386311,112.89,114.64,-1.58660971,116.47,112.44,151/5521,114.64,116.47,112.44,112.89,3.513207,1269180,17,688326,20260331
603268.SH,松发股份,149.5,4.036186499652061,112.2,116.21,-5.00381001,117.79,112.2,152/5521,116.21,117.79,112.2,112.2,4.732876,3989900,17,603268,20260331
688271.SH,联影医疗,109.95,-2.240597492664707,112.0,113,-0.75321223,114.49,111.97,153/5521,113,114.49,111.97,112.0,2.233052,3353532,17,688271,20260331
001270.SZ,*ST铖昌,140.35,4.997381611431142,112.5,112.43,3.22047894,114.44,111.68,154/5521,112.43,114.44,111.68,112.5,2.532342,9404502,33,001270,20260331
688059.SH,华锐精密,142.24,0.8865877012554081,111.0,123,-5.46755238,123,109,155/5521,123,123,109,111.0,11.923011,5790490,17,688059,20260331
688375.SH,国博电子,122.51,-0.4307542262678813,110.91,109,1.07536681,116,109,155/5521,109,116,109,110.91,6.379294,6486266,17,688375,20260331
688110.SH,东芯股份,143.77,6.57524091919941,108.68,112.02,-3.83151933,113.6,108.38,157/5521,112.02,113.6,108.38,108.68,4.61906,1.219832E7,17,688110,20260331
300866.SZ,安克创新,125.44,4.5072065317004055,108.19,110.33,-2.82917191,111.7,108.06,158/5521,110.33,111.7,108.06,108.19,3.269265,6156872,33,300866,20260331
688275.SH,万润新能,154.77,-5.0490797546012205,107.61,112.99,-4.89615555,114.56,107.48,159/5521,112.99,114.56,107.48,107.61,6.25718,7467150,17,688275,20260331
301392.SZ,汇成真空,156.11,-0.4400510204081618,106.32,111.89,-4.97810349,111.89,106.1,160/5521,111.89,111.89,106.1,106.32,5.174725,1904508,33,301392,20260331
688258.SH,卓易信息,120.41,1.3552188552188549,106.44,107,-1.88957508,111.5,106.1,160/5521,107,111.5,106.1,106.44,4.977417,2759495,17,688258,20260331
300570.SZ,太辰光,135.92,-1.699573298618661,107.66,111.82,-8.14776896,112,106.03,162/5521,111.82,112,106.03,107.66,5.093422,2.5304867E7,33,300570,20260331
002821.SZ,凯莱英,125.56,-0.9779179810725512,110.77,105.67,10,110.77,105.67,163/5521,105.67,110.77,105.67,110.77,5.064548,1.7004989E7,33,002821,20260331
688347.SH,华虹公司,141.0,6.688861985472157,105.9,110.8,-4.42238267,110.8,105.55,164/5521,110.8,110.8,105.55,105.9,4.738267,1.2983112E7,17,688347,20260331
300724.SZ,捷佳伟创,93.24,2.4390243902439015,105.34,110.63,-5.98839804,112.23,105.33,165/5521,110.63,112.23,105.33,105.34,6.157965,2.3058735E7,33,300724,20260331
002594.SZ,比亚迪,102.98,-2.2960151802656563,105.25,107,-0.75436115,108.49,105.1,166/5521,107,108.49,105.1,105.25,3.196605,5.8865901E7,33,002594,20260331
688301.SH,奕瑞科技,114.59,1.8577777777777809,108.69,105.9,5.02464006,110.3,105.1,166/5521,105.9,110.3,105.1,108.69,5.02464,6781222,17,688301,20260331
000568.SZ,泸州老窖,100.1,-1.602280546544785,104.68,107.35,-0.58879392,108.5,104.6,168/5521,107.35,108.5,104.6,104.68,3.703703,8996592,33,000568,20260331
603163.SH,圣晖集成,98.0,-2.1467798302546237,104.9,112,-5.79254603,113,104.56,169/5521,112,113,104.56,104.9,7.579703,3450125,17,603163,20260331
688318.SH,财富趋势,111.0,0.6802721088435374,104.8,105.85,-1.1786893,108.7,104.18,170/5521,105.85,108.7,104.18,104.8,4.26214,1993171,17,688318,20260331
688392.SH,骄成超声,139.8,-0.042900042900044524,106.0,105.01,0.32178686,109.95,104.06,171/5521,105.01,109.95,104.06,106.0,5.574484,3341472,17,688392,20260331
002920.SZ,德赛西威,103.07,-0.8560984994228555,103.88,105.02,-1.06666667,106.15,103.84,172/5521,103.77,104.9,102.59,102.63,2.2,4504484,33,002920,20260331
300223.SZ,北京君正,124.18,-0.9096712416214383,104.3,108.88,-5.56813038,110,103.76,173/5521,108.88,110,103.76,104.3,5.649615,2.0993952E7,33,300223,20260331
301680.SZ,固德电材,105.57,-0.5932203389830599,104.0,111.49,-7.28358741,111.49,103.68,174/5521,111.49,111.49,103.68,104.0,6.962645,3939726,33,301680,20260331
688160.SH,步科股份,107.42,4.697855750487337,103.8,105.51,-1.61137441,107.79,103.39,175/5521,105.51,107.79,103.39,103.8,4.170616,1349457,17,688160,20260331
688535.SH,华海诚科,90.53,2.2591212018524796,103.71,106.5,-4.82701661,107.39,103.3,176/5521,71.89189189,72.49324324,69.72972973,70.01,3.753326,2129137,17,688535,20260331
000858.SZ,五粮液,97.08,-1.281269066503971,103.27,105,-0.18364585,105.8,103.27,177/5521,105,105.8,103.27,103.27,2.445389,1.7834771E7,33,000858,20260331
688629.SH,华丰科技,136.2,7.109153821956584,103.28,107.96,-4.26399703,109,103.07,178/5521,107.96,109,103.07,103.28,5.496848,1.261931E7,17,688629,20260331
688123.SH,聚辰股份,123.49,9.964381121994656,103.12,105.23,-3.15552216,106.6,103,179/5521,104.53,105.9,102.3,102.42,3.380916,5950547,17,688123,20260331
000596.SZ,古井贡酒,107.23,-1.7590471827759977,102.85,107.01,-2.11287713,108,102.55,180/5521,107.01,108,102.55,102.85,5.187018,3762979,33,000596,20260331
000988.SZ,华工科技,119.53,0.41162634408601717,103.5,105.8,-3.22580645,106.65,102.11,181/5521,105.8,106.65,102.11,103.5,4.244974,5.8170384E7,33,000988,20260331
688228.SH,开普云,105.51,0.9375298957237195,102.5,105.15,-2.90802311,106.18,101.8,182/5521,105.15,106.18,101.8,102.5,4.148905,1841172,17,688228,20260331
300454.SZ,深信服,117.18,3.1514084507042366,101.72,103,-1.37676944,105.5,101.55,183/5521,103,105.5,101.55,101.72,3.829745,6030976,33,300454,20260331
603290.SH,斯达半导,103.92,-5.4413102820746175,101.45,107.14,-5.1957761,107.14,101.45,184/5521,107.14,107.14,101.45,101.45,5.31726,7095697,17,603290,20260331
688016.SH,心脉医疗,102.32,3.2596629326874456,101.54,106,-4.21658334,107,101.37,185/5521,106,107,101.37,101.54,5.310819,3204645,17,688016,20260331
688002.SH,睿创微纳,146.01,0.35051546391751953,101.2,103.35,-2.49542345,105.32,101.13,186/5521,103.35,105.32,101.13,101.2,4.036997,5563766,17,688002,20260331
603083.SH,剑桥科技,174.97,2.4954601370745655,101.6,105,-3.50460633,105.53,101,187/5521,105,105.53,101,101.6,4.302402,1.8602428E7,17,603083,20260331
002384.SZ,东山精密,186.73,1.3459972862957883,103.3,102.9,-1.61904762,107,100.57,188/5521,102.9,107,100.57,103.3,6.123809,5.6663002E7,33,002384,20260331
300763.SZ,锦浪科技,95.06,-0.3563941299790392,99.9,100.1,-2.7453271,104.7,99.45,189/5521,100.1,104.7,99.45,99.9,5.110981,2.1342178E7,33,300763,20260331
603124.SH,江南新材,127.1,-0.8425651427679922,103.21,103.59,-0.5588207,104.44,99.38,190/5521,103.59,104.44,99.38,103.21,4.875228,2730493,17,603124,20260331
688652.SH,京仪装备,120.8,3.4246575342465753,99.93,104,-4.09788868,104.56,99.33,191/5521,104,104.56,99.33,99.93,5.019193,2984429,17,688652,20260331
603297.SH,永新光学,114.76,0.719677022994565,99.0,101.97,-3.20688307,103.09,99,192/5521,101.97,103.09,99,99.0,3.998826,921400,17,603297,20260331
301600.SZ,慧翰股份,108.98,1.9457436856875567,102.09,98.99,3.13162946,105.4,98.97,193/5521,98.99,105.4,98.97,102.09,6.495605,1572931,33,301600,20260331
300436.SZ,广生堂,117.3,0.41948463316496437,99.19,99.9,-1.07709185,104.58,98.7,194/5521,99.9,104.58,98.7,99.19,5.864166,7072270,33,300436,20260331
301225.SZ,恒勃股份,103.62,7.333747669359848,100.4,103.89,-1.42366225,105.31,98.7,194/5521,103.89,105.31,98.7,100.4,6.489936,3302200,33,301225,20260331
301362.SZ,民爆光电,157.0,8.17142069725783,100.02,103.6,-2.34329233,103.96,98.7,194/5521,103.6,103.96,98.7,100.02,5.135715,2176560,33,301362,20260331
603991.SH,至正股份,112.63,-0.8626001232285926,98.8,101,-2.54488065,101.68,98.68,197/5521,101,101.68,98.68,98.8,2.959163,1412600,17,603991,20260331
688198.SH,佰仁医疗,96.69,0.7187499999999977,99.34,98.28,1.07855108,101.28,98.26,198/5521,98.28,101.28,98.26,99.34,3.072853,364762,17,688198,20260331
301196.SZ,唯科科技,118.5,5.006645990252553,99.6,102,-4.21234853,105.75,98,199/5521,102,105.75,98,99.6,7.453356,6764679,33,301196,20260331
605123.SH,派克新材,106.77,10.004121162167724,97.62,98.18,-0.53998981,101.2,97.59,200/5521,97.9,100.92,97.31,97.34,3.678043,3672709,17,605123,20260331
688667.SH,菱电电控,148.26,-4.032623470774819,97.97,99.83,-2.8364574,100.97,97.5,201/5521,99.83,100.97,97.5,97.97,3.441436,787367,17,688667,20260331
605255.SH,天普股份,102.04,2.0910455227613842,99.01,97.98,-3.72423182,103.2,97.48,202/5521,97.98,103.2,97.48,99.01,5.562038,1913982,17,605255,20260331
300803.SZ,指南针,98.39,1.0786932401890252,97.28,98.87,-1.6380182,101.75,97.18,203/5521,98.87,101.75,97.18,97.28,4.620829,1.2696833E7,33,300803,20260331
603301.SH,振德医疗,92.3,2.544161759804457,99.23,97.6,1.79524005,103,97,204/5521,97.6,103,97,99.23,6.155108,4608378,17,603301,20260331
603259.SH,药明康德,109.55,-1.466091023565398,98.1,96.75,1.54228341,100.21,96.75,205/5521,96.75,100.21,96.75,98.1,3.581409,5.264395E7,17,603259,20260331
301611.SZ,珂玛科技,105.18,0.17142857142857792,96.91,101.86,-4.85961123,102.57,96.68,206/5521,101.86,102.57,96.68,96.91,5.782446,5767387,33,301611,20260331
301628.SZ,强达电路,104.92,-1.1866641552081418,97.06,99.95,-2.90116046,100.48,96.5,207/5521,99.95,100.48,96.5,97.06,3.981592,1229915,33,301628,20260331
002851.SZ,麦格米特,120.21,3.978894559294174,97.2,100.46,-3.23544052,100.61,96.08,208/5521,100.46,100.61,96.08,97.2,4.509706,1.1317784E7,33,002851,20260331
002353.SZ,杰瑞股份,137.0,7.662082514734774,96.8,98,3.20929737,100.2,96.03,209/5521,98,100.2,96.03,96.8,4.446102,3.7570223E7,33,002353,20260331
003021.SZ,兆威机电,96.59,2.8647497337593157,96.0,97.95,-1.42725126,99.7,96,210/5521,97.95,99.7,96,96.0,3.799158,3249592,33,003021,20260331
601100.SH,恒立液压,104.98,-0.019047619047615257,96.0,97.32,-0.87764584,99.67,96,210/5521,97.32,99.67,96,96.0,3.789364,7953486,17,601100,20260331
688578.SH,艾力斯,92.6,-1.036657048199208,96.0,96.66,-0.15600624,100.8,96,210/5521,96.66,100.8,96,96.0,4.992199,5922626,17,688578,20260331
688266.SH,泽璟制药,104.0,3.5856573705179224,98.8,96,2.37281111,101.1,95.51,213/5521,96,101.1,95.51,98.8,5.792145,5137271,17,688266,20260331
301557.SZ,常友科技,109.08,2.1348314606741585,95.09,98.8,-2.15064828,98.8,94.67,214/5521,98.8,98.8,94.67,95.09,4.249845,603754,33,301557,20260331
603501.SH,豪威集团,98.3,-3.238507727138504,94.96,98.8,-5.34290271,99.66,94.56,215/5521,98.8,99.66,94.56,94.96,5.083732,2.1256123E7,17,603501,20260331
688981.SH,中芯国际,118.73,5.565928692095674,94.05,95.8,-1.85745591,97.4,94,216/5521,95.8,97.4,94,94.05,3.547949,2.9383903E7,17,688981,20260331
605289.SH,罗曼股份,150.05,-2.2602918186555487,94.69,102.49,-6.23824141,102.49,93.69,217/5521,102.49,102.49,93.69,94.69,8.713734,6088200,17,605289,20260331
600941.SH,中国移动,96.63,0.08285862247539959,93.79,93.4,0.41755889,94.49,93.21,218/5521,93.4,94.49,93.21,93.79,1.370449,8758634,17,600941,20260331
688190.SH,云路股份,81.29,-1.2032085561497263,94.15,98.07,-4.80283114,98.89,93,219/5521,98.07,98.89,93,94.15,5.95551,1053074,17,688190,20260331
603202.SH,天有为,79.48,-0.40100250626565564,93.78,93.58,0.032,93.92,92.5,220/5521,93.58,93.92,92.5,93.78,1.514666,917008,17,603202,20260331
688333.SH,铂力特,87.58,4.673120592805064,92.39,93.06,-0.03246051,95.87,92.39,221/5521,93.06,95.87,92.39,92.39,3.765418,7925485,17,688333,20260331
301042.SZ,安联锐视,108.28,1.6713615023474189,92.32,93,-1.28314799,94.6,92.3,222/5521,93,94.6,92.3,92.32,2.459366,1141900,33,301042,20260331
301292.SZ,海科新源,84.83,-6.574889867841408,93.3,98,-5.92861464,98.68,92.28,223/5521,98,98.68,92.28,93.3,6.452913,2.2321219E7,33,301292,20260331
688356.SH,键凯科技,97.35,-1.9637462235649576,92.42,95.25,-2.2010582,97.31,92.02,224/5521,95.25,97.31,92.02,92.42,5.597883,581446,17,688356,20260331
605376.SH,博迁新材,131.58,9.998328038789507,92.22,95.56,-1.97704082,98.05,91.52,225/5521,95.56,98.05,91.52,92.22,6.940901,7738294,17,605376,20260331
603345.SH,安井食品,109.39,-0.39154980877799367,93.26,91.5,3.62222222,95.35,91.3,226/5521,91.5,95.35,91.3,93.26,4.5,8829274,17,603345,20260331
300395.SZ,菲利华,108.98,-2.3214125661019893,91.4,94.89,-4.64267084,95.48,91.2,227/5521,94.89,95.48,91.2,91.4,4.46531,1.9566487E7,33,300395,20260331
301018.SZ,申菱环境,116.81,0.24888431170615025,91.52,97.33,-5.75635877,97.99,91.19,228/5521,97.33,97.99,91.19,91.52,7.002368,9636484,33,301018,20260331
688390.SH,固德威,108.2,6.464626586637811,94.55,93.34,0.31830239,100,90.93,229/5521,93.34,100,90.93,94.55,9.623342,1.436169E7,17,688390,20260331
688268.SH,华特气体,188.3,-1.0145613205067436,91.0,95.62,-7.62359151,98.9,90.9,230/5521,95.62,98.9,90.9,91.0,8.121002,1.0414911E7,17,688268,20260331
300779.SZ,惠城环保,69.82,-0.8520306731042439,91.32,92.7,-0.64193233,94.5,90.86,231/5521,92.7,94.5,90.86,91.32,3.960396,6292454,33,300779,20260331
601127.SH,赛力斯,88.75,-1.8794914317302407,90.83,91.41,-3.61842105,92.88,90.28,232/5521,91.41,92.88,90.28,90.83,2.758913,2.7569073E7,17,601127,20260331
688409.SH,富创精密,128.56,4.946938775510206,90.1,93.65,-4.9477793,94.76,89.9,233/5521,93.65,94.76,89.9,90.1,5.127123,4522387,17,688409,20260331
688691.SH,灿芯股份,122.8,15.849056603773583,88.8,94.1,-5.32039663,94.1,88.8,234/5521,94.1,94.1,88.8,88.8,5.650922,4090788,17,688691,20260331
688796.SH,百奥赛图,96.33,2.7410409556313917,93.02,92.9,-0.9371672,95.72,88.7,235/5521,92.9,95.72,88.7,93.02,7.476038,2785868,17,688796,20260331
688686.SH,奥普特,109.31,2.7349624060150344,90.0,88.65,0.35682426,91.86,88.65,236/5521,88.65,91.86,88.65,90.0,3.579393,774087,17,688686,20260331
688696.SH,极米科技,90.04,-0.19951230325869276,88.88,90.5,-2.16840947,90.86,88.62,237/5521,90.5,90.86,88.62,88.88,2.465602,629485,17,688696,20260331
002779.SZ,中坚科技,80.05,5.816259087904813,88.3,90.47,-1.03115893,92.26,88.23,238/5521,90.47,92.26,88.23,88.3,4.516924,2855050,33,002779,20260331
688622.SH,*ST禾信,74.97,-7.169390787518582,88.33,91.31,-2.93406593,91.68,88.22,239/5521,91.31,91.68,88.22,88.33,3.802197,1534134,22,688622,20260331
301479.SZ,弘景光电,113.3,6.086142322097379,88.33,92.05,-4.42544904,93.32,88,240/5521,92.05,93.32,88,88.33,5.756329,2520630,33,301479,20260331
605288.SH,凯迪股份,83.0,3.491271820448874,88.2,89.94,-1.86915888,91.18,87.9,241/5521,89.94,91.18,87.9,88.2,3.64931,866700,17,605288,20260331
920116.BJ,星图测控,100.8,4.531784714300518,89.9,87.43,2.88395514,94.53,87.38,242/5521,87.43,94.53,87.38,89.9,8.18265,5145078,151,920116,20260331
301209.SZ,联合化学,88.57,0.0790960451977324,86.6,88.78,-2.455508,89,86.6,243/5521,88.78,89,86.6,86.6,2.703311,710400,33,301209,20260331
301667.SZ,纳百川,110.2,1.8955154877484948,86.96,92.02,-6.17177385,93.5,86.53,244/5521,92.02,93.5,86.53,86.96,7.5205,6607193,33,301667,20260331
603026.SH,石大胜华,114.92,-3.6310272536687616,86.65,92.62,-6.88802923,94.8,86.3,245/5521,92.62,94.8,86.3,86.65,9.133892,2.6589842E7,17,603026,20260331
603822.SH,ST嘉澳,76.98,-4.998148833765269,86.13,90.66,-4.99669093,90.99,86.13,246/5521,90.66,90.99,86.13,86.13,5.360688,1383600,22,603822,20260331
000661.SZ,长春高新,84.93,-0.6201731804352761,85.87,86.62,-0.65941694,87.97,85.85,247/5521,86.62,87.97,85.85,85.87,2.452568,3714046,33,000661,20260331
301312.SZ,智立方,115.08,2.8969957081545017,86.0,89.52,-6.94654837,89.99,84.71,248/5521,89.52,89.99,84.71,86.0,5.713049,5617397,33,301312,20260331
688776.SH,国光电气,80.96,3.4897098299884823,84.7,87.35,-2.44183368,88.7,84.52,249/5521,87.35,88.7,84.52,84.7,4.814558,1845567,17,688776,20260331
688623.SH,双元科技,93.1,1.9715224534501612,84.92,86.62,-2.75964731,87.7,84.5,250/5521,86.62,87.7,84.5,84.92,3.664261,441875,17,688623,20260331
688229.SH,博睿数据,86.08,-0.13921113689095654,84.5,88.66,-6.42303433,89.99,84.1,251/5521,88.66,89.99,84.1,84.5,6.522702,1975327,17,688229,20260331
002281.SZ,光迅科技,144.28,8.58734101000978,84.3,87.18,-4.31328036,87.18,83.84,252/5521,87.18,87.18,83.84,84.3,3.791146,4.3775656E7,33,002281,20260331
301631.SZ,壹连科技,107.92,-0.9181050312155711,84.0,85.51,-1.90353848,86.6,83.81,253/5521,85.51,86.6,83.81,84.0,3.258203,703823,33,301631,20260331
002837.SZ,英维克,94.6,0.1058201058200998,84.35,88.89,-6.03765178,89.5,83.8,254/5521,88.89,89.5,83.8,84.35,6.349559,5.1803264E7,33,002837,20260331
688028.SH,沃尔德,116.8,1.388888888888884,85.09,87.4,-1.03512445,87.8,83.8,254/5521,87.4,87.8,83.8,85.09,4.652244,4382897,17,688028,20260331
688610.SH,埃科光电,124.7,1.962387571545385,85.0,87,-3.32120109,87.8,83.74,256/5521,87,87.8,83.74,85.0,4.617834,1862788,17,688610,20260331
688183.SH,生益电子,109.6,-4.002802837873353,83.66,84.35,-1.12279872,87.8,83.5,257/5521,84.35,87.8,83.5,83.66,5.082141,1.2615532E7,17,688183,20260331
920119.BJ,美德乐,93.85,0.1814688300597646,83.68,85.83,-2.11720669,85.83,83.46,258/5521,85.83,85.83,83.46,83.68,2.772254,395593,151,920119,20260331
688300.SH,联瑞新材,87.43,2.6414651326602487,84.06,86.53,-4.47727273,87.14,83.25,259/5521,86.53,87.14,83.25,84.06,4.420454,4840389,17,688300,20260331
301285.SZ,鸿日达,103.5,-0.009660902328282404,84.0,85,-1.38530171,86.3,83.2,260/5521,85,86.3,83.2,84.0,3.639351,2407273,33,301285,20260331
688507.SH,索辰科技,91.65,0.869469513537317,83.05,85,-2.29411765,86.78,83.02,261/5521,85,86.78,83.02,83.05,4.423529,934239,17,688507,20260331
301093.SZ,华兰股份,85.39,1.5580399619410112,83.18,89.8,-7.45438362,89.8,83,262/5521,89.8,89.8,83,83.18,7.565643,4468997,33,301093,20260331
688503.SH,聚和材料,102.97,1.2786466017507594,82.74,85.3,-3.84660081,86.83,82.74,263/5521,85.3,86.83,82.74,82.74,4.75305,5716400,17,688503,20260331
688313.SH,仕佳光子,131.82,0.5032021957913972,83.19,87.96,-7.38142953,87.96,82.66,264/5521,87.96,87.96,82.66,83.19,5.90069,3.3950769E7,17,688313,20260331
301421.SZ,波长光电,103.78,3.1712893925837533,82.45,84.63,-2.58742911,85.4,82.4,265/5521,84.63,85.4,82.4,82.45,3.544423,1682624,33,301421,20260331
301556.SZ,托普云农,84.41,-1.1245168091835631,81.9,84,-1.93965517,84.09,81.63,266/5521,84,84.09,81.63,81.9,2.945402,1175973,33,301556,20260331
301269.SZ,华大九天,88.82,4.926166568222076,81.12,82.02,-1.49362477,83.45,81.1,267/5521,82.02,83.45,81.1,81.12,2.853673,2509280,33,301269,20260331
920029.BJ,开发科技,70.9,-2.341597796143235,81.2,82.29,-1.44435004,82.79,81.1,267/5521,82.29,82.79,81.1,81.2,2.051219,239014,151,920029,20260331
600118.SH,中国卫星,102.8,4.972939854998458,81.86,81.11,0.89979046,85.46,80.88,269/5521,81.11,85.46,80.88,81.86,5.64526,5.7323277E7,17,600118,20260331
300442.SZ,润泽科技,89.06,-1.5258735072976508,80.8,82.62,-2.41545894,84.31,80.8,270/5521,82.62,84.31,80.8,80.8,4.23913,2.7794981E7,33,300442,20260331
300842.SZ,帝科股份,90.89,0.8992007104795763,81.39,83.8,-2.71336361,85.06,80.58,271/5521,83.8,85.06,80.58,81.39,5.355008,5343217,33,300842,20260331
688020.SH,方邦股份,147.52,7.131445170660873,81.22,82.19,-2.73053892,84.3,80.58,271/5521,82.19,84.3,80.58,81.22,4.455089,1657052,17,688020,20260331
301608.SZ,博实结,93.3,-0.21390374331551107,81.19,81.77,-0.01231527,84.01,80.5,273/5521,81.77,84.01,80.5,81.19,4.32266,761584,33,301608,20260331
001280.SZ,中国铀业,81.84,-2.3854961832061066,80.71,81.5,-1.93195626,82.38,80.41,274/5521,81.5,82.38,80.41,80.71,2.393681,8016385,33,001280,20260331
920002.BJ,万达轴承,83.08,1.6393442622950862,83.81,81.1,4.21536931,86.21,80.2,275/5521,81.1,86.21,80.2,83.81,7.473265,1362470,151,920002,20260331
300814.SZ,中富电路,108.1,5.073872472783825,80.33,81.99,-2.58307058,83.27,79.95,276/5521,81.99,83.27,79.95,80.33,4.026194,4512123,33,300814,20260331
603296.SH,华勤技术,103.61,1.122389225063445,80.13,82.09,-2.63669502,82.88,79.75,277/5521,82.09,82.88,79.75,80.13,3.803159,9304233,17,603296,20260331
300782.SZ,卓胜微,99.62,-2.314179250833496,79.73,83.61,-4.81136581,84.54,79.7,278/5521,83.61,84.54,79.7,79.73,5.778414,1.5802848E7,33,300782,20260331
688800.SH,瑞可达,105.0,13.611772343648559,80.28,83.88,-4.72347496,84.9,79.41,279/5521,83.88,84.9,79.41,80.28,6.515547,9465036,17,688800,20260331
600309.SH,万华化学,89.54,-0.8965135583840488,79.45,80.71,-1.43902742,81.2,79.22,280/5521,80.71,81.2,79.22,79.45,2.45627,1.8698095E7,17,600309,20260331
688099.SH,晶晨股份,105.8,3.8782523318605824,79.2,81.99,-2.59500676,82.87,79.2,281/5521,81.99,82.87,79.2,79.2,4.513589,8454629,17,688099,20260331
688234.SH,天岳先进,101.0,-4.010644364189317,81.9,79.19,3.12263913,84.95,79,282/5521,79.19,84.95,79,81.9,7.491815,1.0559507E7,17,688234,20260331
000408.SZ,藏格矿业,89.26,-1.9228656191627294,79.27,81,-2.17203505,81.25,78.82,283/5521,79.5,79.75,77.32,77.77,2.998889,1.3977026E7,33,000408,20260331
688213.SH,思特威,87.91,-1.124732875941964,82.6,78.88,4.25343935,84.89,78.71,284/5521,78.88,84.89,78.71,82.6,7.800075,1.3042069E7,17,688213,20260331
002409.SZ,雅克科技,84.71,0.9173218965927997,78.74,84.43,-8.63309353,84.43,78.7,285/5521,84.43,84.43,78.7,78.74,6.648874,1.6300384E7,33,002409,20260331
603040.SH,新坐标,79.62,0.1257545271629886,79.41,80,-0.78710645,80.91,78.68,286/5521,80,80.91,78.68,79.41,2.786106,1090465,17,603040,20260331
603019.SH,中科曙光,92.96,2.8091130280911214,78.6,79.64,-1.62703379,80.45,78.58,287/5521,79.64,80.45,78.58,78.6,2.340425,2.0223637E7,17,603019,20260331
300990.SZ,同飞股份,80.39,-3.83971291866028,78.88,80.96,-1.89054726,82.38,78.48,288/5521,80.96,82.38,78.48,78.88,4.850746,2557900,33,300990,20260331
300835.SZ,龙磁科技,99.23,8.058368724817605,78.89,78.58,0.24142313,81.81,78.22,289/5521,78.58,81.81,78.22,78.89,4.561626,3802400,33,300835,20260331
688308.SH,欧科亿,95.64,1.8855864493448342,78.22,89.57,-17.64582017,89.78,78.22,289/5521,89.57,89.78,78.22,78.22,12.170983,3.0727421E7,17,688308,20260331
688603.SH,天承科技,93.22,-0.9141156462585028,78.95,78.81,-0.31565657,83.93,77.88,291/5521,78.81,83.93,77.88,78.95,7.638888,3820427,17,688603,20260331
688386.SH,泛亚微透,87.99,1.7813765182186143,78.5,80.92,-2.61754125,81.6,77.8,292/5521,80.92,81.6,77.8,78.5,4.714055,1709594,17,688386,20260331
002460.SZ,赣锋锂业,88.68,2.0483314154200243,78.38,79.7,-2.20835933,81,77.75,293/5521,79.7,81,77.75,78.38,4.054897,8.0925558E7,33,002460,20260331
603175.SH,超颖电子,96.18,5.8551617873651844,78.78,83.66,-7.29583431,83.99,77.59,294/5521,83.66,83.99,77.59,78.78,7.531183,5630598,17,603175,20260331
600259.SH,中稀有色,92.01,-1.772178926016864,78.56,78.45,0.84724005,81.4,77.35,295/5521,78.3,81.25,77.2,78.41,5.198973,1.1481224E7,17,600259,20260331
688359.SH,三孚新科,99.49,2.482488669138851,76.77,78,-2.47713415,79.5,76.6,296/5521,78,79.5,76.6,76.77,3.683943,1156859,17,688359,20260331
688480.SH,赛恩斯,97.81,2.8496319663512177,76.92,84.71,-7.42568299,84.75,76.33,297/5521,84.71,84.75,76.33,76.92,10.13359,5301296,17,688480,20260331
301035.SZ,润丰股份,84.75,-3.209227957971679,76.24,77,-1.57500645,79.42,76.16,298/5521,77,79.42,76.16,76.24,4.208623,1318100,33,301035,20260331
301165.SZ,锐捷网络,92.92,1.4964500273074872,76.56,79.04,-3.95182537,79.95,76.09,299/5521,79.04,79.95,76.09,76.56,4.842554,7530158,33,301165,20260331
301261.SZ,恒工精密,86.78,-1.7547831993660106,75.75,77.53,-2.29588546,78.19,75.75,300/5521,77.53,78.19,75.75,75.75,3.147168,1014457,33,301261,20260331
002595.SZ,豪迈科技,87.45,-2.95194761957607,79.18,81.38,-4.37198068,81.98,75.61,301/5521,81.38,81.98,75.61,79.18,7.693236,1.1652336E7,33,002595,20260331
002192.SZ,融捷股份,109.22,10.001007150770462,76.28,82.24,-6.95291535,82.8,75.6,302/5521,82.24,82.8,75.6,76.28,8.782629,5.2013708E7,33,002192,20260331
301358.SZ,湖南裕能,102.24,-4.448598130841126,75.58,78.78,-5.67827281,79.41,75.43,303/5521,78.78,79.41,75.43,75.58,4.966928,2.5469429E7,33,301358,20260331
002463.SZ,沪电股份,102.57,0.5785448127083636,75.97,78.8,-4.06616997,78.94,75.35,304/5521,78.8,78.94,75.35,75.97,4.5334,6.3612762E7,33,002463,20260331
688322.SH,奥比中光,79.58,2.0125624919881977,75.0,75.62,-1.1466983,77.49,75,305/5521,75.62,77.49,75,75.0,3.281929,3895484,17,688322,20260331
688336.SH,三生国健,73.19,0.027333606669394588,75.58,80.77,-7.20687538,81,74.95,306/5521,80.77,81,74.95,75.58,7.427869,1.3844679E7,17,688336,20260331
301538.SZ,骏鼎达,74.59,0.6612685560054105,75.2,78,-2.36302259,78,74.84,307/5521,78,78,74.84,75.2,4.10283,1072060,33,301538,20260331
300959.SZ,线上线下,94.37,-0.6631578947368373,74.83,76.07,-1.93945748,78.4,74.83,308/5521,76.07,78.4,74.83,74.83,4.678285,1638626,33,300959,20260331
603306.SH,华懋科技,101.45,0.515208560388384,75.6,77.5,-3.06449545,77.97,74.5,309/5521,77.5,77.97,74.5,75.6,4.449288,8363677,17,603306,20260331
688343.SH,云天励飞,88.0,5.087174588010515,74.6,75.89,-2.25366876,77.43,74.5,309/5521,75.89,77.43,74.5,74.6,3.839098,6498914,17,688343,20260331
002756.SZ,永兴材料,87.24,4.105011933174222,74.82,78.73,-6.6733192,78.98,74.43,311/5521,78.73,78.98,74.43,74.82,5.675439,2.271823E7,33,002756,20260331
688676.SH,金盘科技,88.1,-0.7547594908189723,74.5,76.65,-2.9062948,77.5,74.32,312/5521,76.65,77.5,74.32,74.5,4.144402,1.0562374E7,17,688676,20260331
000333.SZ,美的集团,81.1,-0.25827081539786984,76.35,75.05,5.89459085,77.32,74.31,313/5521,75.05,77.32,74.31,76.35,4.174757,6.9491461E7,33,000333,20260331
003031.SZ,中瓷电子,123.52,-0.3308319212458733,75.05,78,-5.08410269,78.51,74.25,314/5521,78,78.51,74.25,75.05,5.387631,1.10489E7,33,003031,20260331
688063.SH,派能科技,76.92,-1.4604150653343588,74.37,78.33,-5.14030612,78.95,74.13,315/5521,78.33,78.95,74.13,74.37,6.147959,1.3872659E7,17,688063,20260331
688433.SH,华曙高科,79.31,1.2899106002554344,75.18,76.52,-1.49371069,78.62,74,316/5521,76.52,78.62,74,75.18,6.053459,4180602,17,688433,20260331
002896.SZ,中大力德,70.28,2.8839115795637515,74.95,75.52,-0.75476695,77.4,73.77,317/5521,75.52,77.4,73.77,74.95,4.806673,7334743,33,002896,20260331
920576.BJ,天力复合,72.98,3.6647727272727244,80.93,75,7.90666667,86.8,73.59,318/5521,75,86.8,73.59,80.93,17.613333,9232080,151,920576,20260331
002432.SZ,九安医疗,73.5,-2.208621607237888,73.58,75.5,-2.54304636,81.91,73.5,319/5521,75.5,81.91,73.5,73.58,11.139072,6.1560253E7,33,002432,20260331
600486.SH,扬农化工,72.34,-2.2696568495001253,75.0,77.14,-2.5974026,78.1,73.5,319/5521,77.14,78.1,73.5,75.0,5.974025,5197177,17,600486,20260331
001301.SZ,尚太科技,85.65,1.577324478178383,74.28,75.65,-2.58360656,76.95,73.21,321/5521,75.65,76.95,73.21,74.28,4.904918,5483600,33,001301,20260331
300811.SZ,铂科新材,96.61,6.857648490211263,74.38,75.4,-1.88629468,76.63,73.2,322/5521,75.4,76.63,73.2,74.38,4.524469,5242505,33,300811,20260331
300236.SZ,上海新阳,94.77,-1.178310740354546,73.46,76.77,-5.16395559,76.99,73.15,323/5521,76.77,76.99,73.15,73.46,4.957397,6264028,33,300236,20260331
605318.SH,法狮龙,101.18,3.076609616951926,73.56,74.55,-1.28824477,76.25,73.1,324/5521,74.55,76.25,73.1,73.56,4.227053,1715630,17,605318,20260331
301061.SZ,匠心家居,62.2,-4.278239458294862,73.1,74.1,-0.88135593,74.66,73.02,325/5521,74.1,74.66,73.02,73.1,2.223728,551711,33,301061,20260331
688661.SH,和林微纳,121.48,-1.8502060273087113,73.78,83.19,-10.97972973,83.19,73,326/5521,83.19,83.19,73,73.78,12.294884,8098774,17,688661,20260331
300776.SZ,帝尔激光,104.6,-2.7248209801915806,72.95,74.02,-1.98844552,75.94,72.95,327/5521,74.02,75.94,72.95,72.95,4.017197,4362961,33,300776,20260331
301449.SZ,天溯计量,68.02,-0.7441996206041225,72.86,76.36,-5.01890236,76.7,72.85,328/5521,76.36,76.7,72.85,72.86,5.018902,1901750,33,301449,20260331
688383.SH,新益昌,101.2,0.7767377016530583,75.56,72.84,2.69094863,78.49,72.84,329/5521,72.84,78.49,72.84,75.56,7.678717,2260503,17,688383,20260331
603119.SH,浙江荣泰,82.51,9.998666844420743,72.74,74.52,-2.42790074,75.49,72.67,330/5521,74.52,75.49,72.67,72.74,3.782696,7060207,17,603119,20260331
603236.SH,移远通信,72.3,-1.4583617282268058,74.2,72.6,2.20385675,76,72.17,331/5521,72.6,76,72.17,74.2,5.275482,7037915,17,603236,20260331
002738.SZ,中矿资源,90.79,-0.5585980284775366,74.3,72.8,1.12971281,76.54,72.16,332/5521,72.8,76.54,72.16,74.3,5.961616,3.5178575E7,33,002738,20260331
688155.SH,先惠技术,103.57,19.997682771405387,72.51,76,-3.9602649,76,72.15,333/5521,76,76,72.15,72.51,5.099337,2275853,17,688155,20260331
603325.SH,博隆技术,64.65,-0.691244239631319,72.17,73.43,-1.7426821,74.2,71.88,334/5521,73.43,74.2,71.88,72.17,3.158611,491940,17,603325,20260331
688778.SH,厦钨新能,82.55,-3.291940018744145,71.9,74,-2.96896086,74.14,71.8,335/5521,74,74.14,71.8,71.9,3.157894,3499499,17,688778,20260331
688029.SH,南微医学,85.02,1.3832578106367714,72.17,72.04,0.50132294,73.76,71.71,336/5521,72.04,73.76,71.71,72.17,2.854755,1271865,17,688029,20260331
688281.SH,华秦科技,74.86,3.7129398725408596,71.7,74.01,-2.35598529,74.56,71.7,337/5521,74.01,74.56,71.7,71.7,3.894865,2157026,17,688281,20260331
002865.SZ,钧达股份,80.65,4.931043455633628,71.98,72,-0.86764908,75.89,71.3,338/5521,72,75.89,71.3,71.98,6.321443,1.4374301E7,33,002865,20260331
688516.SH,奥特维,81.7,7.584935475375302,73.38,72.67,0.9770194,75.06,71.2,339/5521,72.67,75.06,71.2,73.38,5.311682,1.0337274E7,17,688516,20260331
301327.SZ,华宝新能,62.5,-2.1143304620203622,71.4,74.22,-4.57097033,75.18,71,340/5521,74.22,75.18,71,71.4,5.586741,8351124,33,301327,20260331
688122.SH,西部超导,64.72,2.94257992683315,70.91,71.5,-0.61667835,73.2,70.9,341/5521,71.5,73.2,70.9,70.91,3.223545,1.1866138E7,17,688122,20260331
603091.SH,众鑫股份,81.06,-0.17241379310344898,71.01,71.96,-1.38869601,72.41,70.88,342/5521,71.96,72.41,70.88,71.01,2.124704,336033,17,603091,20260331
605389.SH,长龄液压,116.98,9.840375586854464,71.71,70.86,1.09967574,72.18,70.84,343/5521,70.86,72.18,70.84,71.71,1.889186,978550,17,605389,20260331
920037.BJ,广信科技,75.18,-0.5029115934356743,71.78,73.86,-0.51282051,75.09,70.52,344/5521,73.86,75.09,70.52,71.78,6.334026,1008892,151,920037,20260331
601888.SH,中国中免,65.62,-0.5003790750568586,70.38,71.35,-0.67739204,73.24,70.38,345/5521,71.35,73.24,70.38,70.38,4.036127,2.1218819E7,17,601888,20260331
301047.SZ,义翘神州,71.05,0.1550606146038898,70.92,70.88,-0.05636979,72.12,70.23,346/5521,70.88,72.12,70.23,70.92,2.663472,622960,33,301047,20260331
002975.SZ,博杰股份,110.38,0.2452093361184234,70.2,72.08,-2.63522885,72.66,70.11,347/5521,72.08,72.66,70.11,70.2,3.536754,3016388,33,002975,20260331
688215.SH,瑞晟智能,74.8,0.5376344086021391,70.75,71.88,-1.50355005,72.12,70,348/5521,71.88,72.12,70,70.75,2.951413,698219,17,688215,20260331
688416.SH,恒烁股份,97.23,1.3868613138686112,71.24,72.77,-3.49498781,73.96,69.91,349/5521,72.77,73.96,69.91,71.24,5.486318,4890962,17,688416,20260331
301580.SZ,爱迪特,72.19,-2.7744107744107773,70.0,71.26,-0.99009901,73.6,69.83,350/5521,71.26,73.6,69.83,70.0,5.33239,3999989,33,301580,20260331
688196.SH,卓越新能,52.42,-1.7616191904047933,70.01,75,-6.65333333,75.38,69.7,351/5521,75,75.38,69.7,70.01,7.573333,1982039,17,688196,20260331
688095.SH,福昕软件,78.46,1.6321243523315945,69.84,72,-2.00645433,72.48,69.62,352/5521,72,72.48,69.62,69.84,4.012908,1412696,17,688095,20260331
001359.SZ,平安电工,87.75,5.089820359281437,70.22,71.46,-2.06415621,72.2,69.58,353/5521,71.46,72.2,69.58,70.22,3.654114,823300,33,001359,20260331
301525.SZ,儒竞科技,69.9,1.040763226366,69.68,72.5,-3.73031224,72.55,69.5,354/5521,72.5,72.55,69.5,69.68,4.213871,1270300,33,301525,20260331
301603.SZ,乔锋智能,108.85,-3.458980044345903,72.12,70.08,3.19072829,72.8,69.27,355/5521,70.08,72.8,69.27,72.12,5.050794,3325819,33,301603,20260331
920808.BJ,曙光数创,78.73,2.472992320708064,69.2,70.49,-1.02974828,71.57,69.2,356/5521,70.49,71.57,69.2,69.2,3.389588,1047435,151,920808,20260331
002487.SZ,大金重工,84.0,-1.7199017199017186,69.7,73.85,-5.17006803,74.12,69.08,357/5521,73.763,74.033,68.993,69.61,6.857142,2.3523905E7,33,002487,20260331
603256.SH,宏和科技,119.1,-1.2601558613828636,70.05,71.6,-2.89714444,73,69.08,357/5521,71.6,73,69.08,70.05,5.433878,2.804075E7,17,603256,20260331
688316.SH,青云科技,69.9,-0.35637918745545255,69.28,71.39,-3.71091035,72.45,69,359/5521,71.39,72.45,69,69.28,4.794996,2813649,17,688316,20260331
001283.SZ,豪鹏科技,74.88,1.766784452296816,69.01,70.61,-2.66572638,70.9,68.42,360/5521,70.61,70.9,68.42,69.01,3.497884,5320889,33,001283,20260331
688168.SH,安博通,86.81,-0.7545444152280744,68.5,69.09,-1.80619266,70.5,68.39,361/5521,69.09,70.5,68.39,68.5,3.024655,579387,17,688168,20260331
688307.SH,中润光学,88.88,-7.982192773579054,68.35,73.88,-8.24271714,74,68.33,362/5521,73.88,74,68.33,68.35,7.611759,8175315,17,688307,20260331
300695.SZ,兆丰股份,60.47,0.2819237147595385,68.13,68.9,-1.13191119,71.3,68.13,363/5521,68.9,71.3,68.13,68.13,4.600203,868410,33,300695,20260331
688261.SH,东微半导,73.46,2.0986796386379303,68.39,70.8,-2.78606965,70.8,68.05,364/5521,70.8,70.8,68.05,68.39,3.909026,2251698,17,688261,20260331
300718.SZ,长盛轴承,70.52,1.4238458219473535,69.79,68.12,2.10680322,72.02,67.88,365/5521,68.12,72.02,67.88,69.79,6.057059,6643201,33,300718,20260331
688576.SH,西山科技,70.69,1.6098893201092492,68.06,69.52,-1.90256558,70.31,67.82,366/5521,69.52,70.31,67.82,68.06,3.58893,382035,17,688576,20260331
002812.SZ,恩捷股份,82.95,-1.7994554279625856,67.78,73,-8.65229111,74.19,67.76,367/5521,73,74.19,67.76,67.78,8.665768,4.1463886E7,33,002812,20260331
300624.SZ,万兴科技,63.92,-2.158273381294959,67.99,68.67,-0.55579933,69.68,67.74,368/5521,68.67,69.68,67.74,67.99,2.837501,5393189,33,300624,20260331
002222.SZ,福晶科技,86.82,-0.19542476146683724,68.02,70.72,-5.44898527,71,67.7,369/5521,70.72,71,67.7,68.02,4.587155,3.6609549E7,33,002222,20260331
688011.SH,新光光电,63.93,-2.871467639015487,68.1,69.98,-2.5751073,71.57,67.66,370/5521,69.98,71.57,67.66,68.1,5.593705,2833949,17,688011,20260331
001306.SZ,夏厦精密,69.63,0.8691873098652677,67.71,68.38,-0.97981866,69,67.6,371/5521,68.38,69,67.6,67.71,2.047382,443599,33,001306,20260331
300661.SZ,圣邦股份,91.94,4.477272727272725,67.63,70.86,-4.88045007,71.2,67.5,372/5521,70.86,71.2,67.5,67.63,5.203938,1.8618855E7,33,300661,20260331
002931.SZ,锋龙股份,57.38,0.5431925705274264,67.78,68.63,-1.20973619,69.83,67.47,373/5521,68.63,69.83,67.47,67.78,3.439731,8455667,33,002931,20260331
688233.SH,神工股份,71.28,1.8140265676331895,67.35,69.28,-3.59290009,69.97,67.3,374/5521,69.28,69.97,67.3,67.35,3.821929,3756612,17,688233,20260331
688131.SH,皓元医药,74.56,2.403516000549375,69.31,67.29,3.07852469,71.09,67.29,375/5521,67.29,71.09,67.29,69.31,5.651397,6688323,17,688131,20260331
301213.SZ,观想科技,71.74,2.617651265913315,67.21,67.71,-1.08903606,69.53,67.21,376/5521,67.71,69.53,67.21,67.21,3.414275,1426223,33,301213,20260331
301536.SZ,星宸科技,82.45,0.7453567937438897,67.71,69.14,-2.16731686,70.77,67.17,377/5521,69.14,70.77,67.17,67.71,5.20156,6027410,33,301536,20260331
301606.SZ,绿联科技,75.78,1.3643659711075387,67.69,70.27,-2.64633971,71.1,67.11,378/5521,70.27,71.1,67.11,67.69,5.73853,4385196,33,301606,20260331
688220.SH,翱捷科技,101.46,12.50831669993345,67.12,69.85,-4.15536199,70.35,67.01,379/5521,69.85,70.35,67.01,67.12,4.769384,6725809,17,688220,20260331
302132.SZ,中航成飞,67.09,-0.3416518122400324,67.05,67.9,-1.062417,68.99,67,380/5521,67.9,68.99,67,67.05,2.936402,5244684,33,302132,20260331
301155.SZ,海力风电,62.54,1.328580686973429,67.94,72.43,-6.22498275,72.75,66.99,381/5521,72.43,72.75,66.99,67.94,7.95031,8544685,33,301155,20260331
300124.SZ,汇川技术,68.6,1.4943038911081385,67.0,68.15,-0.56396557,68.88,66.95,382/5521,68.15,68.88,66.95,67.0,2.864351,1.4616997E7,33,300124,20260331
603400.SH,华之杰,67.69,2.966230605415277,67.0,67.75,-1.10701107,69.49,66.92,383/5521,67.75,69.49,66.92,67.0,3.793357,965883,17,603400,20260331
688710.SH,益诺思,67.0,-1.44160047072669,71.0,69.79,1.71919771,71.55,66.92,383/5521,69.79,71.55,66.92,71.0,6.633237,3022087,17,688710,20260331
001221.SZ,悍高集团,57.02,2.7387387387387445,68.5,67.3,2.23880597,69.94,66.91,385/5521,67.3,69.94,66.91,68.5,4.522388,1753651,33,001221,20260331
688720.SH,艾森股份,80.13,3.6878881987577565,67.08,66.9,-0.82791248,68.8,66.89,386/5521,66.9,68.8,66.89,67.08,2.823772,2218318,17,688720,20260331
688698.SH,伟创电气,68.24,3.818652061463549,66.67,68.02,-1.95588235,69.59,66.67,387/5521,68.02,69.59,66.67,66.67,4.294117,3409738,17,688698,20260331
301367.SZ,瑞迈特,66.33,-1.3826940231935871,67.39,66.63,1.14062735,69.11,66.61,388/5521,66.63,69.11,66.61,67.39,3.752063,1292200,33,301367,20260331
688385.SH,复旦微电,68.07,-2.35260364366662,66.63,68.43,-1.5368701,69.95,66.56,389/5521,68.43,69.95,66.56,66.63,5.009605,8993071,17,688385,20260331
688543.SH,国科军工,63.65,-0.20382565067419656,66.77,67.88,-1.31540053,68.78,66.56,389/5521,67.88,68.78,66.56,66.77,3.281111,5819761,17,688543,20260331
688257.SH,新锐股份,75.88,-4.4693440765454,70.0,75.06,-4.09645157,76,66.51,391/5521,75.06,76,66.51,70.0,13.001781,2.3359842E7,17,688257,20260331
301360.SZ,荣旗科技,85.36,0.7078810759792288,66.62,66.75,-0.32914423,68.56,66.5,392/5521,66.75,68.56,66.5,66.62,3.081986,972531,33,301360,20260331
300895.SZ,铜牛信息,61.0,-3.358681875792138,66.37,68.1,-3.95079595,70.55,66.37,393/5521,68.1,70.55,66.37,66.37,6.049204,1.6195195E7,33,300895,20260331
603667.SH,五洲新春,66.38,3.4762275915822127,66.33,67.07,-1.02954342,68.62,66.3,394/5521,67.07,68.62,66.3,66.33,3.461653,1.4653677E7,17,603667,20260331
301299.SZ,卓创资讯,64.29,0.8312421580928612,67.54,66.79,2.00876001,71.88,66.26,395/5521,66.79,71.88,66.26,67.54,8.488143,3930696,33,301299,20260331
300373.SZ,扬杰科技,75.88,-2.580562331493138,67.47,69.15,-7.29596043,69.65,66.2,396/5521,69.15,69.65,66.2,67.47,4.740313,2.3466413E7,33,300373,20260331
688185.SH,康希诺,61.51,-2.827804107424959,67.0,68.2,-2.16121495,69.1,66.05,397/5521,68.2,69.1,66.05,67.0,4.453855,2512095,17,688185,20260331
002049.SZ,紫光国微,77.32,1.8977332630469133,66.04,67.4,-2.35102765,68.18,65.9,398/5521,67.4,68.18,65.9,66.04,3.371284,1.2649762E7,33,002049,20260331
603160.SH,汇顶科技,64.89,0.27816411682893966,65.9,66.57,-1.30298038,67.19,65.83,399/5521,66.57,67.19,65.83,65.9,2.036842,3231875,17,603160,20260331
300573.SZ,兴齐眼药,69.45,-1.2933484934621895,65.8,66.2,-0.60422961,67.31,65.73,400/5521,66.2,67.31,65.73,65.8,2.386706,3929767,33,300573,20260331
688531.SH,日联科技,120.6,19.999999999999996,65.7,68.92,-3.89116442,68.92,65.69,401/5521,68.92,68.92,65.69,65.7,4.724985,2360285,17,688531,20260331
301391.SZ,卡莱特,83.24,3.4037267080745277,65.6,66.53,-1.63442795,68.37,65.6,402/5521,66.53,68.37,65.6,65.6,4.153546,759700,33,301391,20260331
688798.SH,艾为电子,67.61,1.6997593261131099,65.6,65.97,-0.8763977,67.4,65.6,402/5521,65.97,67.4,65.6,65.6,2.719854,1497632,17,688798,20260331
300487.SZ,蓝晓科技,63.75,-1.9381633594831642,65.56,66.85,-2.22222222,67.88,65.56,404/5521,66.85,67.88,65.56,65.56,3.460104,1975506,33,300487,20260331
603092.SH,德力佳,73.0,-4.274849200104911,65.78,67.9,-3.4351145,68,65.43,405/5521,67.9,68,65.43,65.78,3.772753,2391645,17,603092,20260331
603391.SH,力聚热能,60.59,-4.205533596837939,65.6,67.3,-1.45711281,67.65,65.39,406/5521,67.3,67.65,65.39,65.6,3.394922,832300,17,603391,20260331
301162.SZ,国能日新,62.88,-3.7059724349157652,65.45,70.39,-6.81947608,70.4,65.32,407/5521,70.39,70.4,65.32,65.45,7.232346,2378575,33,301162,20260331
301293.SZ,三博脑科,64.12,0.3757044458359455,65.22,66.37,-1.92481203,67.79,65.22,408/5521,66.37,67.79,65.22,65.22,3.864661,6805460,33,301293,20260331
301548.SZ,崇德科技,80.8,-1.3431013431013534,65.2,67,-2.49738298,67.69,65.12,409/5521,67,67.69,65.12,65.2,3.843278,1276587,33,301548,20260331
301095.SZ,广立微,83.7,1.9116035553391058,65.57,68.02,-3.43151694,68.5,65,410/5521,68.02,68.5,65,65.57,5.154639,4590699,33,301095,20260331
603179.SH,新泉股份,61.4,7.0245773052117855,65.1,66.12,-1.67648391,67.17,65,410/5521,66.12,67.17,65,65.1,3.27745,9554291,17,603179,20260331
301636.SZ,泽润新能,61.29,0.7727721144360389,66.52,65.99,1.26351043,70.2,64.92,412/5521,65.99,70.2,64.92,66.52,8.037753,3702007,33,301636,20260331
688278.SH,特宝生物,58.25,-1.8534119629317631,64.8,65.19,-0.67443286,66.15,64.8,413/5521,65.19,66.15,64.8,64.8,2.069282,1751423,17,688278,20260331
301373.SZ,凌玮科技,115.98,3.859586281006539,65.5,69,-6.24105354,69.8,64.78,414/5521,69,69.8,64.78,65.5,7.1858,7184636,33,301373,20260331
688286.SH,敏芯股份,65.88,-10.159552706941229,64.76,64.76,-0.58335892,66.47,64.64,415/5521,64.76,66.47,64.64,64.76,2.809333,1075259,17,688286,20260331
300731.SZ,科创新源,70.56,0.014174344436577061,65.77,68.5,-2.76463631,69.17,64.3,416/5521,68.5,69.17,64.3,65.77,7.199881,7355100,33,300731,20260331
688777.SH,中控技术,79.29,2.3625096824167477,64.45,65.09,-0.54012346,66.9,64.3,416/5521,65.09,66.9,64.3,64.45,4.012345,1.0670717E7,17,688777,20260331
688765.SH,禾元生物,55.07,3.2239925023430156,64.28,64.72,-0.75652308,67.14,64.28,418/5521,64.72,67.14,64.28,64.28,4.415624,979233,17,688765,20260331
688513.SH,苑东生物,64.38,0.972396486825592,64.39,66.31,-2.95403165,67,64.2,419/5521,66.31,67,64.2,64.39,4.220045,2355862,17,688513,20260331
688621.SH,阳光诺和,57.68,-1.5027322404371628,64.18,64.35,-0.26418026,66.8,64.13,420/5521,64.35,66.8,64.13,64.18,4.149184,2342646,17,688621,20260331
688789.SH,宏华数科,60.12,-10.335570469798657,65.41,68.68,-4.71959213,68.97,64.1,421/5521,68.68,68.97,64.1,65.41,7.093954,4012078,17,688789,20260331
301596.SZ,瑞迪智驱,68.54,1.2706855791962166,64.18,65,-1.06366579,65.5,64.09,422/5521,65,65.5,64.09,64.18,2.173577,367720,33,301596,20260331
688147.SH,微导纳米,79.36,8.623049548316448,64.05,65.68,-3.46646571,67.02,63.93,423/5521,65.68,67.02,63.93,64.05,4.657121,5704164,17,688147,20260331
605178.SH,时空科技,68.84,-0.058072009291509935,64.08,65.5,-3.05597579,66.08,63.9,424/5521,65.5,66.08,63.9,64.08,3.298033,2104700,17,605178,20260331
301333.SZ,诺思格,63.76,0.456908775799589,68.65,63.84,7.85545954,73.08,63.84,425/5521,63.84,73.08,63.84,68.65,14.516889,5716750,33,301333,20260331
688084.SH,晶品特装,68.73,0.8362676056338137,64.3,65.89,-3.14806447,66.5,63.68,426/5521,65.89,66.5,63.68,64.3,4.247627,1522372,17,688084,20260331
300136.SZ,信维通信,91.3,6.771137878610679,64.96,64.13,0.99502488,68.83,63.6,427/5521,64.13,68.83,63.6,64.96,8.131218,1.17093962E8,33,300136,20260331
688282.SH,理工导航,77.54,-1.0843219798443606,63.66,65,-1.25639832,67.77,63.55,428/5521,65,67.77,63.55,63.66,6.54568,1255856,17,688282,20260331
688577.SH,浙海德曼,74.66,5.825655563430191,63.65,64.2,-0.93385214,65.35,63.41,429/5521,64.2,65.35,63.41,63.65,3.019455,844987,17,688577,20260331
920009.BJ,丹娜生物,62.98,-1.5937500000000049,63.78,64.31,-1.33044554,65.57,63.11,430/5521,64.31,65.57,63.11,63.78,3.805693,141296,151,920009,20260331
603087.SH,甘李药业,58.85,-1.605082762079921,64.0,63.49,2.74522395,65,63,431/5521,63.49,65,63,64.0,3.210788,1.3050854E7,17,603087,20260331
301571.SZ,国科天成,69.32,-0.5451936872310038,63.19,65.52,-3.23124043,66.45,62.93,432/5521,65.52,66.45,62.93,63.19,5.390505,6104325,33,301571,20260331
002025.SZ,航天电器,73.19,8.157233633811135,62.87,65.15,-5.43020457,66,62.76,433/5521,65.15,66,62.76,62.87,4.873646,2.4247514E7,33,002025,20260331
301070.SZ,开勒股份,90.68,-2.494623655913971,63.5,68.97,-7.83744557,69.55,62.33,434/5521,68.97,69.55,62.33,63.5,10.478955,3666697,33,301070,20260331
301075.SZ,多瑞医药,83.45,2.4554941682013505,62.2,66.01,-5.29841657,66.13,62.2,435/5521,66.01,66.13,62.2,62.2,5.983556,2402923,33,301075,20260331
300816.SZ,艾可蓝,72.35,6.194040804344634,62.61,63.65,-1.72657354,64.36,62.05,436/5521,63.65,64.36,62.05,62.61,3.625804,1230600,33,300816,20260331
920106.BJ,林泰新材,55.88,-11.287505953325924,62.13,62.85,-1.20845921,63.66,62.04,437/5521,62.85,63.66,62.04,62.13,2.575926,414187,151,920106,20260331
001233.SZ,海安集团,60.63,1.8820366324987474,62.03,64.35,-3.60528361,64.74,62.03,438/5521,64.35,64.74,62.03,62.03,4.211344,1619200,33,001233,20260331
688202.SH,美迪西,63.26,-3.7870722433460107,62.4,62.95,0,65.8,62,439/5521,62.95,65.8,62,62.4,6.089743,5905963,17,688202,20260331
002970.SZ,锐明技术,69.78,-3.284823284823291,62.72,66.06,-5.27110708,66.06,61.96,440/5521,65.46,65.46,61.36,62.12,6.192418,7237541,33,002970,20260331
603629.SH,利通电子,144.41,9.993144946302083,64.24,64.37,-0.20195743,66.05,61.91,441/5521,64.37,66.05,61.91,64.24,6.431567,2.618186E7,17,603629,20260331
300014.SZ,亿纬锂能,72.59,-2.037786774628868,62.23,67.15,-9.92907801,67.5,61.88,442/5521,67.15,67.5,61.88,62.23,8.134317,1.19911679E8,33,300014,20260331
600600.SH,青岛啤酒,63.41,0.3164056320202432,61.86,62.57,-0.51463493,62.94,61.85,443/5521,62.57,62.94,61.85,61.86,1.752975,4982346,17,600600,20260331
688606.SH,奥泰生物,54.01,-1.3696128560993426,62.78,62,0.04780876,63.86,61.85,443/5521,62,63.86,61.85,62.78,3.203187,365818,17,688606,20260331
301577.SZ,美信科技,67.88,5.53482587064677,63.1,62.5,1.28410915,64.8,61.66,445/5521,62.5,64.8,61.66,63.1,5.040128,1377707,33,301577,20260331
300964.SZ,本川智能,71.15,2.0803443328550975,62.48,65,-4.61068702,65.8,61.61,446/5521,65,65.8,61.61,62.48,6.396946,4782444,33,300964,20260331
601336.SH,新华保险,64.4,0.4680187207488477,61.53,61.82,-0.64589052,63.15,61.51,447/5521,61.82,63.15,61.51,61.53,2.648151,1.6673091E7,17,601336,20260331
688816.SH,易思维,61.38,-3.6420722135007852,61.53,63.16,-3.02600473,63.9,61.5,448/5521,63.16,63.9,61.5,61.53,3.782505,1083674,17,688816,20260331
603308.SH,应流股份,75.58,-1.0862452558565612,61.73,63.9,-3.47146208,64.2,61.3,449/5521,63.9,64.2,61.3,61.73,4.534792,1.286783E7,17,603308,20260331
603379.SH,三美股份,65.27,-1.6277317256970587,61.63,62.83,-2.0502225,63.44,61.25,450/5521,62.83,63.44,61.25,61.63,3.48061,3753579,17,603379,20260331
301528.SZ,多浦乐,75.31,0.6414539623145851,61.99,61.15,1.57299689,63.49,61.02,451/5521,61.15,63.49,61.02,61.99,4.047189,697700,33,301528,20260331
603486.SH,科沃斯,65.16,-1.526371467432379,61.02,62.15,-1.59651669,62.6,61.02,451/5521,62.15,62.6,61.02,61.02,2.547976,2947934,17,603486,20260331
002294.SZ,信立泰,51.29,-1.1753371868978795,61.31,63,-2.83676704,63.42,60.9,453/5521,63,63.42,60.9,61.31,3.99366,8608760,33,002294,20260331
688227.SH,品高股份,143.55,6.176035502958597,60.95,62.35,-3.10015898,64.79,60.88,454/5521,62.35,64.79,60.88,60.95,6.216216,1483773,17,688227,20260331
002008.SZ,大族激光,100.72,-2.5353203019160095,61.28,63.9,-4.02505873,64.55,60.82,455/5521,63.9,64.55,60.82,61.28,5.841816,2.4924444E7,33,002008,20260331
603605.SH,珀莱雅,61.88,-0.626304801670147,60.82,61.6,-1.12176882,62.6,60.72,456/5521,61.6,62.6,60.72,60.82,3.056413,2346284,17,603605,20260331
002718.SZ,友邦吊顶,72.38,2.7395315826827433,60.6,60.6,,60.6,60.6,457/5521,60.6,60.6,60.6,60.6,,,33,002718,20260331
300720.SZ,海川智能,63.12,0.7662835249042096,61.95,65.72,-5.85106383,65.99,60.56,458/5521,65.72,65.99,60.56,61.95,8.252279,1.6694662E7,33,300720,20260331
688523.SH,航天环宇,65.51,4.050190597204581,64.59,60.55,5.97210829,67.5,60.55,459/5521,60.55,67.5,60.55,64.59,11.402789,1.1751337E7,17,688523,20260331
688230.SH,芯导科技,70.98,4.229074889867856,60.69,61.01,-2.5373374,62.51,60.51,460/5521,61.01,62.51,60.51,60.69,3.211819,534647,17,688230,20260331
000893.SZ,亚钾国际,54.05,-1.959005985851633,61.1,63.88,-4.91752256,64.5,60.4,461/5521,63.88,64.5,60.4,61.1,6.380329,1.2881309E7,33,000893,20260331
920091.BJ,大鹏工业,51.15,1.953358580825188,60.7,63.2,-4.40944882,63.83,60.4,461/5521,63.2,63.83,60.4,60.7,5.401574,1199993,151,920091,20260331
688568.SH,中科星图,56.65,3.375912408759127,61.0,60.28,1.12732095,63.3,60.28,463/5521,60.28,63.3,60.28,61.0,5.006631,1.40804E7,17,688568,20260331
603606.SH,东方电缆,62.13,-1.9876952200662534,60.54,61,-0.91653028,61.84,60.27,464/5521,61,61.84,60.27,60.54,2.569558,1.1204914E7,17,603606,20260331
301633.SZ,港迪技术,62.15,1.3535551206784056,61.3,60.24,1.75962815,62.9,60.2,465/5521,60.24,62.9,60.2,61.3,4.482071,636484,33,301633,20260331
603052.SH,可川科技,81.44,-5.533000811970765,65.62,62.38,3.07885642,66.66,60.07,466/5521,62.38,66.66,60.07,65.62,10.351869,1.2122513E7,17,603052,20260331
603090.SH,宏盛股份,64.15,-4.110612855007473,60.31,64,-5.32182104,64,60.01,467/5521,64,64,60.01,60.31,6.263736,3400405,17,603090,20260331
002290.SZ,禾盛新材,81.28,5.627030539311239,60.53,60.65,-0.19785655,61.86,60,468/5521,60.65,61.86,60,60.53,3.066776,2989701,33,002290,20260331
688605.SH,先锋精科,66.67,2.758939580764498,60.11,61.52,-3.54621309,61.97,59.92,469/5521,61.52,61.97,59.92,60.11,3.289473,2739301,17,688605,20260331
300469.SZ,信息发展,59.67,6.935483870967751,60.02,62.5,-3.95263242,62.69,59.81,470/5521,62.5,62.69,59.81,60.02,4.608737,6400800,33,300469,20260331
301219.SZ,腾远钴业,88.7,1.8720569656598252,60.1,60.9,-1.62055983,61.31,59.73,471/5521,60.9,61.31,59.73,60.1,2.586348,3994567,33,301219,20260331
301157.SZ,华塑科技,71.03,-3.596634093376772,63.5,61.05,3.82603009,65.9,59.68,472/5521,61.05,65.9,59.68,63.5,10.170045,4785073,33,301157,20260331
603186.SH,华正新材,79.18,-1.9199801808497425,59.9,61.65,-3.05874737,62.39,59.51,473/5521,61.65,62.39,59.51,59.9,4.660948,6344619,17,603186,20260331
001339.SZ,智微智能,89.85,0.03340013360053567,59.7,62.72,-3.92661732,64.2,59.5,474/5521,62.72,64.2,59.5,59.7,7.563566,7976500,33,001339,20260331
301622.SZ,英思特,54.48,-0.7650273224043748,59.74,60.2,-0.7641196,60.6,59.5,474/5521,60.2,60.6,59.5,59.74,1.827242,941867,33,301622,20260331
300139.SZ,晓程科技,52.88,0.07570022710067968,59.41,60.14,-0.75175409,63.85,59.26,476/5521,60.14,63.85,59.26,59.41,7.667891,5.1841996E7,33,300139,20260331
002847.SZ,盐津铺子,58.72,-1.5095605501509537,59.37,60.44,-1.4114912,60.91,59.25,477/5521,60.44,60.91,59.25,59.37,2.756559,1656845,33,002847,20260331
300516.SZ,久之洋,51.4,2.9029029029028943,59.56,59.46,-0.2846141,61.9,59.18,478/5521,59.46,61.9,59.18,59.56,4.553825,4510250,33,300516,20260331
688563.SH,航材股份,57.43,1.1091549295774694,59.1,59.8,-0.68895984,60.99,59,479/5521,59.8,60.99,59,59.1,3.343975,2287402,17,688563,20260331
688818.SH,电科蓝天,68.6,1.4042867701404118,60.74,60.58,-0.47517614,63.88,59,479/5521,60.58,63.88,59,60.74,7.996067,2.4814672E7,17,688818,20260331
301033.SZ,迈普医学,55.06,-1.1844938980617312,59.18,61.63,-3.89736928,62.76,58.6,481/5521,61.63,62.76,58.6,59.18,6.75544,1520327,33,301033,20260331
300904.SZ,威力传动,58.7,-0.5084745762711816,58.69,61.2,-4.67760273,61.38,58.58,482/5521,61.2,61.38,58.58,58.69,4.547669,1317400,33,300904,20260331
688607.SH,康众医疗,66.03,5.09310838771288,59.48,62.49,-4.04904017,62.49,58.5,483/5521,62.49,62.49,58.5,59.48,6.436522,2407761,17,688607,20260331
301105.SZ,鸿铭股份,59.1,0.3395585738539946,58.75,60.55,-3.06880053,60.68,58.4,484/5521,60.55,60.68,58.4,58.75,3.761755,899500,33,301105,20260331
301598.SZ,博科测试,63.75,-0.7009345794392567,58.64,58.94,-0.44142615,59.57,58.33,485/5521,58.94,59.57,58.33,58.64,2.105263,360403,33,301598,20260331
603799.SH,华友钴业,66.59,-1.581436594738388,58.73,59.57,-1.70711297,60.04,58.22,486/5521,59.57,60.04,58.22,58.73,3.046025,4.4504323E7,17,603799,20260331
300677.SZ,英科医疗,57.02,-1.315334025614396,58.68,59.56,-1.0455312,60.5,58.14,487/5521,59.56,60.5,58.14,58.68,3.979763,1.4442856E7,33,300677,20260331
301678.SZ,新恒汇,58.79,2.5824463444425003,58.22,59.86,-3.11199867,60.38,58.13,488/5521,59.86,60.38,58.13,58.22,3.744383,1302000,33,301678,20260331
300390.SZ,天华新能,110.5,0.0,58.5,61.85,-6.65390139,62.67,58.1,489/5521,61.85,62.67,58.1,58.5,7.292165,4.5031479E7,33,300390,20260331
300496.SZ,中科创达,63.91,-0.03128421711247165,58.42,59.05,-0.7306712,59.88,58.1,489/5521,59.05,59.88,58.1,58.42,3.024638,8104715,33,300496,20260331
002897.SZ,意华股份,57.43,-1.8122756026671265,58.23,60,-3.38476854,60.9,58.03,491/5521,60,60.9,58.03,58.23,4.761904,7040706,33,002897,20260331
688003.SH,天准科技,72.08,3.2664756446991423,58.23,60.54,-3.99010717,60.6,58.01,492/5521,60.54,60.6,58.01,58.23,4.270403,1813923,17,688003,20260331
301182.SZ,凯旺科技,69.16,2.096250369058166,58.1,58.3,-0.34305317,61,58,493/5521,58.3,61,58,58.1,5.145797,4429874,33,301182,20260331
688309.SH,恒誉环保,70.49,4.259724892767335,58.77,64.67,-9.12324107,64.97,58,493/5521,64.67,64.97,58,58.77,10.777794,4409373,17,688309,20260331
688348.SH,昱能科技,51.66,-0.44324532665254185,58.0,61.95,-7.70210057,63.11,58,493/5521,61.95,63.11,58,58.0,8.131763,5660638,17,688348,20260331
688248.SH,南网科技,54.91,-2.710843373493978,57.93,60.83,-5.75890678,61.71,57.92,496/5521,60.83,61.71,57.92,57.93,6.165609,6002915,17,688248,20260331
300049.SZ,福瑞医科,50.36,-0.35615354174910907,57.9,58.8,-1.36286201,59.95,57.9,497/5521,58.8,59.95,57.9,57.9,3.492333,5089597,33,300049,20260331
688376.SH,美埃科技,70.18,0.7031137896398466,58.1,60.9,-4.94109948,61.18,57.71,498/5521,60.9,61.18,57.71,58.1,5.677356,1944703,17,688376,20260331
300936.SZ,中英科技,72.93,3.7116040955631595,57.68,59.61,-4.31320504,60.78,57.65,499/5521,59.61,60.78,57.65,57.68,5.192435,3836221,33,300936,20260331
301085.SZ,亚康股份,70.09,-1.9034289713086066,57.7,59.01,-3.04150563,61.28,57.6,500/5521,59.01,61.28,57.6,57.7,6.183834,3598368,33,301085,20260331
300474.SZ,景嘉微,65.98,6.902138690861966,57.61,58.3,-1.14962251,59.25,57.57,501/5521,58.3,59.25,57.57,57.61,2.882635,5540624,33,300474,20260331
003009.SZ,中天火箭,60.06,2.824858757062157,57.74,57.6,0.3301477,59.64,57.49,502/5521,57.6,59.64,57.49,57.74,3.735881,5494869,33,003009,20260331
920088.BJ,科力股份,48.44,1.7006088599621985,57.73,62.2,-8.97193314,63.2,57.39,503/5521,62.2,63.2,57.39,57.73,9.161147,7507007,151,920088,20260331
300461.SZ,田中精机,52.78,-0.41509433962263936,59.13,59.05,1.42367067,62.2,57.35,504/5521,59.05,62.2,57.35,59.13,8.319039,1.3180522E7,33,300461,20260331
300492.SZ,华图山鼎,49.78,-1.073131955484895,57.7,58.59,-0.17301038,59.23,57.33,505/5521,58.59,59.23,57.33,57.7,3.287197,1095420,33,300492,20260331
603713.SH,密尔克卫,56.87,-1.829794579665117,57.28,58.01,-1.24137931,59.08,57.28,506/5521,58.01,59.08,57.28,57.28,3.103448,851800,17,603713,20260331
688486.SH,龙迅股份,79.64,-0.4499999999999993,57.6,57.79,-0.62111801,58.88,57.28,506/5521,57.79,58.88,57.28,57.6,2.760524,1337683,17,688486,20260331
000423.SZ,东阿阿胶,55.0,0.36496350364964025,57.17,57.34,-0.57391304,58.36,57.05,508/5521,57.34,58.36,57.05,57.17,2.27826,6602200,33,000423,20260331
603200.SH,上海洗霸,62.03,0.12913640032283824,57.15,59.3,-3.46283784,59.5,57.05,508/5521,59.3,59.5,57.05,57.15,4.138513,4366076,17,603200,20260331
688582.SH,芯动联科,50.75,-0.6071288679984377,57.52,57.03,0.34891835,59.22,57.03,510/5521,56.882,59.072,56.882,57.37,3.820655,2886807,17,688582,20260331
600660.SH,福耀玻璃,58.87,-0.8922558922558942,57.0,57.01,-0.34965035,58.08,57,511/5521,57.01,58.08,57,57.0,1.888111,1.0498992E7,17,600660,20260331
603728.SH,鸣志电器,59.35,1.5397775876817767,56.98,57.9,-1.17932709,58.63,56.93,512/5521,57.9,58.63,56.93,56.98,2.948317,3482105,17,603728,20260331
688091.SH,上海谊众,55.35,0.7279344858962667,57.0,58.98,-3.16004077,60,56.88,513/5521,58.98,60,56.88,57.0,5.300713,5038831,17,688091,20260331
601689.SH,拓普集团,60.14,4.445988190343874,56.8,57.49,-1.04529617,58.97,56.8,514/5521,57.49,58.97,56.8,56.8,3.780487,1.8523035E7,17,601689,20260331
688663.SH,新风光,68.28,0.8567208271787271,57.64,59,-2.43737305,59.23,56.66,515/5521,59,59.23,56.66,57.64,4.350033,3491727,17,688663,20260331
688662.SH,富信科技,70.25,3.9970392301998565,56.65,59,-5.18828452,59.29,56.6,516/5521,59,59.29,56.6,56.65,4.502092,3617360,17,688662,20260331
688508.SH,芯朋微,83.9,7.854480010284098,56.58,57.5,-2.21223643,58.37,56.58,517/5521,57.5,58.37,56.58,56.58,3.093674,1748416,17,688508,20260331
603979.SH,金诚信,62.3,-0.843546076714947,56.83,56.9,0.0528169,58.15,56.56,518/5521,56.9,58.15,56.56,56.83,2.799295,1.14681E7,17,603979,20260331
600132.SH,重庆啤酒,55.01,-2.100017796760989,56.68,57.47,-0.38664323,57.66,56.51,519/5521,57.47,57.66,56.51,56.68,2.021089,3112539,17,600132,20260331
688239.SH,航宇科技,68.48,13.471416735708372,56.52,58.18,-2.66919235,59.22,56.5,520/5521,58.18,59.22,56.5,56.52,4.684002,4301632,17,688239,20260331
300841.SZ,康华生物,57.08,-0.9027777777777832,56.88,56.57,0.19376431,57.66,56.29,521/5521,56.57,57.66,56.29,56.88,2.413246,1231129,33,300841,20260331
300037.SZ,新宙邦,69.1,-2.580008459044145,56.32,58.42,-4.86486486,58.68,56.27,522/5521,57.92,58.18,55.77,55.82,4.070945,1.6587007E7,33,300037,20260331
301595.SZ,太力科技,44.62,1.2020866409616557,56.29,57.98,-2.94827586,59.8,56.26,523/5521,57.98,59.8,56.26,56.29,6.103448,1251894,33,301595,20260331
601318.SH,中国平安,59.37,-0.1009591115598221,56.78,56.29,0.79886384,57.69,56.21,524/5521,56.29,57.69,56.21,56.78,2.627374,7.6411377E7,17,601318,20260331
920227.BJ,美登科技,61.59,1.6840019811788065,58.02,56.69,2.38221281,58.62,56.11,525/5521,56.69,58.62,56.11,58.02,4.429151,488949,151,920227,20260331
688626.SH,翔宇医疗,58.64,1.3831258644536604,56.68,56.6,0.05295675,58.79,56.08,526/5521,56.6,58.79,56.08,56.68,4.783759,2377432,17,688626,20260331
300438.SZ,鹏辉能源,86.1,6.29629629629629,56.44,56.89,-1.5008726,59.93,56.03,527/5521,56.89,59.93,56.03,56.44,6.806282,4.0544474E7,33,300438,20260331
000977.SZ,浪潮信息,69.75,-3.5002767017155523,56.08,56.5,-1.09347443,57.75,56.01,528/5521,56.5,57.75,56.01,56.08,3.068783,2.3462835E7,33,000977,20260331
603530.SH,神马电力,60.95,-2.07262210796915,56.0,57.59,-3.1309462,58.2,56,529/5521,57.59,58.2,56,56.0,3.805569,3753588,17,603530,20260331
688305.SH,科德数控,60.47,2.110773387369132,56.1,56.2,-0.53191489,57.18,56,529/5521,56.2,57.18,56,56.1,2.092198,1127858,17,688305,20260331
688127.SH,蓝特光学,76.8,8.169014084507038,56.83,57.2,-1.13082811,58.05,55.96,531/5521,57.2,58.05,55.96,56.83,3.636047,6869982,17,688127,20260331
301087.SZ,可孚医疗,53.02,-0.6185567010309246,56.23,56.3,-0.10659087,57.23,55.7,532/5521,55.1,56.03,54.5,55.03,2.718067,2105070,33,301087,20260331
688143.SH,长盈通,62.4,-2.393242609103709,56.0,59.01,-5.37343697,59.18,55.51,533/5521,59.01,59.18,55.51,56.0,6.201419,9396057,17,688143,20260331
300617.SZ,安靠智电,60.32,-2.0938159389709448,55.75,56.85,-2.63709396,58.88,55.5,534/5521,56.85,58.88,55.5,55.75,5.902899,5603832,33,300617,20260331
301186.SZ,超达装备,66.46,2.2461538461538364,56.2,55.5,0.21398003,59.63,55.5,534/5521,55.5,59.63,55.5,56.2,7.364479,3999205,33,301186,20260331
301323.SZ,新莱福,66.67,1.0151515151515178,62.86,55.65,12.49105225,64.8,55.48,536/5521,55.65,64.8,55.48,62.86,16.678596,6999599,33,301323,20260331
301110.SZ,青木科技,67.28,-1.8096906012842893,55.41,56.37,-1.72046825,57.24,55.38,537/5521,56.37,57.24,55.38,55.41,3.299042,1362853,33,301110,20260331
002466.SZ,天齐锂业,80.03,5.971927966101702,55.48,57.1,-3.07477289,57.19,55.29,538/5521,57.1,57.19,55.29,55.48,3.319357,5.1270286E7,33,002466,20260331
600549.SH,厦门钨业,57.78,-2.841768959139058,55.62,57.35,-2.76223776,57.9,55.23,539/5521,57.35,57.9,55.23,55.62,4.667832,5.0549749E7,17,600549,20260331
600276.SH,恒瑞医药,53.88,-2.018548827059464,55.22,55.86,-0.96843615,57.38,55.2,540/5521,55.86,57.38,55.2,55.22,3.909612,6.9292392E7,17,600276,20260331
301257.SZ,普蕊斯,52.4,-2.9988893002591714,55.46,56.15,-0.12605799,59.27,55.18,541/5521,56.15,59.27,55.18,55.46,7.365388,2828510,33,301257,20260331
603286.SH,日盈电子,64.52,6.57416584076643,57.69,56.5,2.85255839,60.85,55.1,542/5521,56.5,60.85,55.1,57.69,10.251381,4990800,17,603286,20260331
301150.SZ,中一科技,68.52,3.8653933606184587,55.93,57.59,-3.35234145,57.98,55.03,543/5521,57.59,57.98,55.03,55.93,5.097632,1.0989987E7,33,301150,20260331
002335.SZ,科华数据,60.89,-1.4724919093851079,55.33,58.15,-4.83316133,58.4,55,544/5521,58.15,58.4,55,55.33,5.847953,2.4883642E7,33,002335,20260331
603662.SH,柯力传感,56.2,1.4074341392998937,55.29,55.01,0.16304348,55.99,54.89,545/5521,55.01,55.99,54.89,55.29,1.992753,2041237,17,603662,20260331
603228.SH,景旺电子,70.17,-3.6787920384351307,56.38,56.43,2.13768116,58.6,54.85,546/5521,56.43,58.6,54.85,56.38,6.793478,2.7271261E7,17,603228,20260331
301517.SZ,陕西华达,70.2,10.620863536085727,55.02,54.98,-0.14519056,57.19,54.83,547/5521,54.98,57.19,54.83,55.02,4.283121,5189482,33,301517,20260331
000538.SZ,云南白药,53.05,0.0,54.86,54.81,0.20091324,55.43,54.8,548/5521,53.227,53.847,53.217,53.28,1.150684,5506938,33,000538,20260331
003043.SZ,华亚智能,57.84,4.593128390596757,55.7,55.01,0.88752038,57.35,54.78,549/5521,55.01,57.35,54.78,55.7,4.654953,4259409,33,003043,20260331
301251.SZ,威尔高,62.93,-0.9911894273127794,55.32,56.31,-2.07116304,57.75,54.75,550/5521,56.31,57.75,54.75,55.32,5.310674,3510162,33,301251,20260331
688295.SH,中复神鹰,57.15,-2.491042484217712,55.05,57,-4.44367297,57.38,54.63,551/5521,57,57.38,54.63,55.05,4.773476,1.5756084E7,17,688295,20260331
920007.BJ,酉立智能,52.1,-2.48923825566161,54.7,56.51,-2.99698528,57.12,54.54,552/5521,56.51,57.12,54.54,54.7,4.575279,281569,151,920007,20260331
001325.SZ,元创股份,54.65,-0.5278485620677087,55.88,55.57,1.82215743,56.49,54.53,553/5521,55.57,56.49,54.53,55.88,3.571428,4362289,33,001325,20260331
688726.SH,拉普拉斯,62.24,3.61245213917097,54.87,56.16,-3.87175893,57.85,54.5,554/5521,56.16,57.85,54.5,54.87,5.868955,1.3115252E7,17,688726,20260331
688073.SH,毕得医药,63.52,6.3452201573748646,55.4,54.49,2.02578269,57.88,54.49,555/5521,54.49,57.88,54.49,55.4,6.243093,1298852,17,688073,20260331
301617.SZ,博苑股份,60.03,-2.453688657783552,54.5,56.56,-3.74425998,57.3,54.35,556/5521,56.56,57.3,54.35,54.5,5.210173,2337885,33,301617,20260331
002653.SZ,海思科,58.53,5.4024851431658565,54.28,55.61,-2.95011622,55.85,54.2,557/5521,55.61,55.85,54.2,54.28,2.950116,3380700,33,002653,20260331
301160.SZ,翔楼新材,59.88,4.721930745015745,54.2,55.13,-1.38282387,55.54,54.08,558/5521,55.13,55.54,54.08,54.2,2.656477,1519515,33,301160,20260331
300836.SZ,佰奥智能,59.81,2.8016500515641156,54.55,55.69,-1.8531846,56.3,54.05,559/5521,55.69,56.3,54.05,54.55,4.048218,892853,33,300836,20260331
001331.SZ,胜通能源,46.65,3.4138771890933257,54.17,54.97,-0.64196625,56.48,54.03,560/5521,54.97,56.48,54.03,54.17,4.493763,6226498,33,001331,20260331
688788.SH,科思科技,53.88,1.0881801125703667,54.05,55.75,-2.13652001,56.52,54.02,561/5521,55.75,56.52,54.02,54.05,4.526525,1374390,17,688788,20260331
688036.SH,传音控股,57.75,-1.180698151950715,54.85,54.4,1.19926199,57.42,54,562/5521,54.4,57.42,54,54.85,6.309963,1.3246656E7,17,688036,20260331
003033.SZ,征和工业,56.3,3.568800588668134,60.61,56.01,10,60.61,53.98,563/5521,55.51,60.11,53.48,60.11,12.032667,5188043,33,003033,20260331
688192.SH,迪哲医药,56.7,2.106969205834687,54.19,55.5,-2.53597122,56.5,53.92,564/5521,55.5,56.5,53.92,54.19,4.640287,3668953,17,688192,20260331
688035.SH,德邦科技,73.83,-0.8993288590604049,54.02,56.09,-4.8273432,56.71,53.8,565/5521,56.09,56.71,53.8,54.02,5.126849,4038388,17,688035,20260331
603257.SH,中国瑞林,60.01,-1.9764782750735068,53.72,54.98,-2.27396762,55.4,53.63,566/5521,54.98,55.4,53.63,53.72,3.219938,1143456,17,603257,20260331
603786.SH,科博达,53.75,2.1280638419152527,54.54,54.1,0.81330869,55.62,53.55,567/5521,54.1,55.62,53.55,54.54,3.826247,3612414,17,603786,20260331
688799.SH,华纳药厂,58.68,0.8074214052568267,54.99,55.27,0.51178944,55.66,53.51,568/5521,55.27,55.66,53.51,54.99,3.929811,7008334,17,688799,20260331
688581.SH,安杰思,60.6,-3.457065477138763,53.67,53.98,-0.61111111,54.65,53.5,569/5521,53.98,54.65,53.5,53.67,2.129629,243746,17,688581,20260331
600183.SH,生益科技,76.51,-1.9102564102564037,54.17,54.6,-1.68784029,55.6,53.41,570/5521,54.6,55.6,53.41,54.17,3.974591,3.2352426E7,17,600183,20260331
300976.SZ,达瑞电子,63.93,1.2031027386417572,54.35,53.31,1.39925373,54.85,53.25,571/5521,53.31,54.85,53.25,54.35,2.985074,1458651,33,300976,20260331
300868.SZ,杰美特,72.49,2.517324282279736,54.06,55.25,-3.13563877,57,53.22,572/5521,55.25,57,53.22,54.06,6.772979,7764862,33,300868,20260331
301043.SZ,绿岛风,54.74,2.9915333960489248,53.5,54.09,-0.90757548,55.49,53.18,573/5521,54.09,55.49,53.18,53.5,4.27857,857300,33,301043,20260331
603833.SH,欧派家居,47.0,-3.688524590163929,53.3,54.59,-1.85969435,55.55,53.13,574/5521,54.59,55.55,53.13,53.3,4.455901,1718900,17,603833,20260331
300347.SZ,泰格医药,55.2,-2.092940759134444,53.83,53.11,2.18299165,55.98,52.92,575/5521,53.11,55.98,52.92,53.83,5.808656,2.1528201E7,33,300347,20260331
301280.SZ,珠城科技,44.32,4.824976348155154,52.92,57.5,-4.25185453,57.5,52.71,576/5521,40.92857143,40.92857143,37.50714286,37.66,8.666546,2931456,33,301280,20260331
688625.SH,呈和科技,73.0,1.108033240997226,53.18,54.5,-2.7965637,55.18,52.7,577/5521,54.5,55.18,52.7,53.18,4.532992,2303190,17,688625,20260331
300408.SZ,三环集团,85.7,4.4994512864284815,52.85,54.1,-2.31053604,54.78,52.64,578/5521,54.1,54.78,52.64,52.85,3.955637,1.5066563E7,33,300408,20260331
688448.SH,磁谷科技,63.51,0.2683928007578064,52.75,54.8,-3.95120175,55.02,52.55,579/5521,54.8,55.02,52.55,52.75,4.49745,1148454,17,688448,20260331
688631.SH,莱斯信息,56.52,0.6410256410256527,52.4,53.63,-1.0013225,55.4,52.4,580/5521,53.63,55.4,52.4,52.4,5.667863,2189206,17,688631,20260331
688399.SH,硕世生物,61.75,1.7298187808896164,52.5,54.34,-3.72272144,55.66,52.39,581/5521,54.34,55.66,52.39,52.5,5.996699,1167315,17,688399,20260331
300965.SZ,恒宇信通,,,52.36,52.37,-0.45627376,54.05,52.36,582/5521,52.37,54.05,52.36,52.36,3.212927,650800,33,300965,20260331
688097.SH,博众精工,57.78,0.6444870231667037,52.82,53.7,-2.25758697,54.38,52.36,582/5521,53.7,54.38,52.36,52.82,3.737971,9371878,17,688097,20260331
688601.SH,力芯微,52.85,4.343534057255682,52.4,53.48,-1.74385899,54.1,52.23,584/5521,53.48,54.1,52.23,52.4,3.506469,3666048,17,688601,20260331
001332.SZ,锡装股份,62.8,-1.828982335469754,52.34,53.03,-1.63503101,54.35,52.21,585/5521,53.03,54.35,52.21,52.34,4.0218,1413501,33,001332,20260331
605098.SH,行动教育,61.75,-1.5151515151515196,52.85,53.56,-1.27031571,54.85,52.2,586/5521,53.56,54.85,52.2,52.85,4.950495,1830391,17,605098,20260331
688708.SH,佳驰科技,52.1,2.4783634933123486,52.56,53.06,0,53.37,52.05,587/5521,53.06,53.37,52.05,52.56,2.511415,904859,17,688708,20260331
300648.SZ,星云股份,49.46,0.3652597402597397,52.0,53,-1.49649555,53.87,51.9,588/5521,53,53.87,51.9,52.0,3.731767,2164200,33,300648,20260331
300984.SZ,金沃股份,63.75,5.024711696869847,51.96,52.94,-0.30698388,53.68,51.9,588/5521,52.94,53.68,51.9,51.96,3.415195,1698219,33,300984,20260331
301289.SZ,国缆检测,55.56,0.5975013579576416,51.88,52.66,-1.33130468,53.59,51.86,590/5521,52.66,53.59,51.86,51.88,3.290224,619377,33,301289,20260331
301237.SZ,和顺科技,67.66,-2.577393808495329,51.81,55.79,-4.98807996,55.79,51.81,591/5521,55.79,55.79,51.81,51.81,7.298734,1202774,33,301237,20260331
688500.SH,慧辰股份,46.63,-1.769538655993251,51.8,52.1,-0.57581574,53.55,51.75,592/5521,52.1,53.55,51.75,51.8,3.454894,1520013,17,688500,20260331
301021.SZ,英诺激光,61.5,-1.4580996635154568,51.69,52.87,-2.69201807,53.95,51.69,593/5521,52.87,53.95,51.69,51.69,4.254518,3315609,33,301021,20260331
688103.SH,国力电子,60.19,1.2106944677988882,51.67,52.79,-2.65636775,53.47,51.67,594/5521,52.79,53.47,51.67,51.67,3.391107,1240062,17,688103,20260331
301097.SZ,天益医疗,58.63,1.278286405251342,51.67,52.23,-1.05323631,53.77,51.66,595/5521,52.23,53.77,51.66,51.67,4.040597,528800,33,301097,20260331
301368.SZ,丰立智能,49.4,1.479046836483153,52.2,51.8,0.32673458,53.36,51.64,596/5521,51.8,53.36,51.64,52.2,3.305785,1942100,33,301368,20260331
688456.SH,有研粉材,66.06,3.2187500000000036,51.57,52.5,-2.27401933,53.98,51.57,597/5521,52.5,53.98,51.57,51.57,4.566988,2184672,17,688456,20260331
300843.SZ,胜蓝股份,82.34,12.779071360087656,53.25,52.1,1.52526215,55.8,51.53,598/5521,52.1,55.8,51.53,53.25,8.141086,6636052,33,300843,20260331
300863.SZ,卡倍亿,57.19,-1.3114754098360744,51.84,54.8,-6.42599278,55.49,51.5,599/5521,54.8,55.49,51.5,51.84,7.202166,5204029,33,300863,20260331
688611.SH,杭州柯林,63.06,0.6383657835940084,51.76,53,-2.06244087,53.23,51.5,599/5521,53,53.23,51.5,51.76,3.273415,580041,17,688611,20260331
301349.SZ,信德新材,58.73,-1.177856301531218,51.49,54.01,-3.75700935,54.87,51.49,601/5521,54.01,54.87,51.49,51.49,6.317757,5409077,33,301349,20260331
688050.SH,爱博医疗,51.29,0.7662082514734786,51.86,51.41,0.38714673,52.29,51.41,602/5521,51.41,52.29,51.41,51.86,1.703445,1504314,17,688050,20260331
300073.SZ,当升科技,63.44,-2.3549330460212423,51.36,53.81,-4.80074143,53.98,51.36,603/5521,53.81,53.98,51.36,51.36,4.856348,1.569634E7,33,300073,20260331
688648.SH,中邮科技,49.63,-1.9169960474308276,51.53,51.89,0.52672649,53.3,51.35,604/5521,51.89,53.3,51.35,51.53,3.804135,1581396,17,688648,20260331
600487.SH,亨通光电,65.7,-2.4933214603739873,52.66,53.31,-2.20984215,54.66,51.34,605/5521,53.31,54.66,51.34,52.66,6.165273,1.76089922E8,17,600487,20260331
688193.SH,仁度生物,60.62,-1.702610669693537,51.4,51.51,-0.21355077,52.85,51.33,606/5521,51.51,52.85,51.33,51.4,2.950883,450758,17,688193,20260331
301687.SZ,新广益,57.8,-0.34482758620690146,51.52,54.69,-5.39845758,54.69,51.31,607/5521,54.69,54.69,51.31,51.52,6.20639,3277461,33,301687,20260331
605588.SH,冠石科技,56.84,-0.2807017543859589,51.3,52.78,-2.96954795,53.1,51.22,608/5521,52.78,53.1,51.22,51.3,3.555891,1413200,17,605588,20260331
688141.SH,杰华特,92.88,16.786118445869477,51.3,52.9,-3.02457467,53.75,51.15,609/5521,52.9,53.75,51.15,51.3,4.914933,1.1186949E7,17,688141,20260331
002149.SZ,西部材料,63.51,9.993072393488042,51.54,52.5,-3.02916275,56,51.08,610/5521,52.5,56,51.08,51.54,9.25682,1.07604557E8,33,002149,20260331
301169.SZ,零点有数,70.02,3.228659885006631,51.2,52.08,-2.45761097,53.84,51.03,611/5521,52.08,53.84,51.03,51.2,5.3534,879500,33,301169,20260331
688580.SH,伟思医疗,64.26,1.1968503937007955,51.03,51.56,-1.77093359,52.96,51.03,611/5521,51.56,52.96,51.03,51.03,3.71511,1096723,17,688580,20260331
300342.SZ,天银机电,68.31,0.07324934075592902,51.08,52.79,-5.16152989,56.18,51,613/5521,52.79,56.18,51,51.08,9.617526,7.2211864E7,33,300342,20260331
688187.SH,时代电气,48.42,-1.3246382718565286,51.95,51.18,2.30405672,53.02,50.98,614/5521,51.18,53.02,50.98,51.95,4.017329,4558178,17,688187,20260331
301498.SZ,乖宝宠物,54.8,-2.317290552584678,50.97,52,-1.04834013,52.05,50.97,615/5521,52,52.05,50.97,50.97,2.09668,1990172,33,301498,20260331
301336.SZ,趣睡科技,55.75,2.632547864506627,50.96,52,-1.79225284,52.47,50.82,616/5521,52,52.47,50.82,50.96,3.179803,598300,33,301336,20260331
001326.SZ,联域股份,56.19,-0.4782146652497399,50.74,52.77,-2.83416316,53.76,50.74,617/5521,52.77,53.76,50.74,50.74,5.783224,1001378,33,001326,20260331
002304.SZ,洋河股份,49.23,-1.1048613901165212,50.74,51.79,-0.68506557,52.08,50.73,618/5521,51.79,52.08,50.73,50.74,2.642395,5537807,33,002304,20260331
300807.SZ,天迈科技,,,50.72,51.68,-1.03414634,52.79,50.72,619/5521,51.68,52.79,50.72,50.72,4.039024,1459700,33,300807,20260331
301096.SZ,百诚医药,58.56,4.664879356568363,50.84,51.58,-1.47286822,52.17,50.66,620/5521,51.58,52.17,50.66,50.84,2.926356,1724007,33,301096,20260331
688080.SH,映翰通,44.77,-0.8416389811738548,50.69,51.6,-1.66828322,52.2,50.61,621/5521,51.6,52.2,50.61,50.69,3.084384,825762,17,688080,20260331
301123.SZ,奕东电子,67.28,1.5700483091787536,50.63,51.2,-2.01277337,52.38,50.5,622/5521,51.2,52.38,50.5,50.63,3.638474,2709993,33,301123,20260331
603737.SH,三棵树,42.67,-0.8826945412311161,50.7,52.92,-3.6121673,53.35,50.48,623/5521,52.92,53.35,50.48,50.7,5.456273,5463645,17,603737,20260331
000628.SZ,高新发展,66.18,10.00664893617023,50.76,52.13,-2.19653179,52.21,50.35,624/5521,52.13,52.21,50.35,50.76,3.583815,6792672,33,000628,20260331
301291.SZ,明阳电气,58.94,-5.0273928456332655,50.51,51.94,-3.66202556,52.4,50.33,625/5521,51.94,52.4,50.33,50.51,3.948121,8405805,33,301291,20260331
002947.SZ,恒铭达,81.27,4.058898847631244,50.5,52,-3.29375718,53.07,50.13,626/5521,51.5,52.57,49.63,50.0,5.630026,7777413,33,002947,20260331
301233.SZ,盛帮股份,57.29,1.4700673042862173,50.57,51.41,-0.99843383,51.83,50.13,626/5521,51.41,51.83,50.13,50.57,3.328112,591799,33,301233,20260331
301393.SZ,昊帆生物,58.82,-0.4400812457684462,52.01,50.58,2.78656126,54.09,50.02,628/5521,50.58,54.09,50.02,52.01,8.043478,2603400,33,301393,20260331
603171.SH,税友股份,55.29,-0.5575539568345365,50.07,50.96,-1.82352941,51.45,50,629/5521,50.96,51.45,50,50.07,2.843137,2161900,17,603171,20260331
002938.SZ,鹏鼎控股,72.05,-1.0574018126888163,52.17,50.65,3.00098717,54.56,49.87,630/5521,50.65,54.56,49.87,52.17,9.259624,4.3036663E7,33,002938,20260331
600363.SH,联创光电,48.0,-6.796116504854369,49.88,50.2,-0.73631841,51.01,49.82,631/5521,50.2,51.01,49.82,49.88,2.368159,4674680,17,600363,20260331
002311.SZ,海大集团,49.98,0.3412969283276342,49.81,50.86,-1.65844028,51.13,49.81,632/5521,50.86,51.13,49.81,49.81,2.60612,5537870,33,002311,20260331
301317.SZ,鑫磊股份,58.88,-1.9483763530391252,51.43,50.52,1.84158416,53.29,49.81,632/5521,50.52,53.29,49.81,51.43,6.891089,5607091,33,301317,20260331
603418.SH,友升股份,51.65,1.036776212832553,49.8,49.98,-0.3202562,50.39,49.8,634/5521,49.98,50.39,49.8,49.8,1.180944,576857,17,603418,20260331
605060.SH,联德股份,58.54,-1.6960537363560002,49.85,54,-7.22129164,54.29,49.8,634/5521,54,54.29,49.8,49.85,8.356597,7149179,17,605060,20260331
688297.SH,中无人机,45.92,1.3015662916390986,49.8,51.22,-3.26340326,51.8,49.8,634/5521,51.22,51.8,49.8,49.8,3.885003,9274388,17,688297,20260331
301387.SZ,光大同创,68.34,2.3820224719101173,49.98,50.87,-1.84603299,51.48,49.77,637/5521,50.87,51.48,49.77,49.98,3.358208,864735,33,301387,20260331
301003.SZ,江苏博云,52.88,-10.31207598371777,50.67,51.18,-1.97330238,51.89,49.7,638/5521,51.18,51.89,49.7,50.67,4.236796,2262793,33,301003,20260331
603334.SH,丰倍生物,48.55,-3.498310475054671,49.88,50.5,-1.46187278,51.23,49.6,639/5521,50.5,51.23,49.6,49.88,3.220071,1555624,17,603334,20260331
688646.SH,ST逸飞,59.3,3.9621318373071492,50.2,50.21,-1.16164599,51.7,49.55,640/5521,50.21,51.7,49.55,50.2,4.233116,798950,22,688646,20260331
688677.SH,海泰新光,110.0,-0.9009009009009009,54.69,49.8,14.34246289,57.4,49.5,641/5521,49.8,57.4,49.5,54.69,16.51683,1.4909981E7,17,688677,20260331
688439.SH,振华风光,48.94,-1.8845228548516535,49.56,50.5,-2.30632762,51.14,49.42,642/5521,50.5,51.14,49.42,49.56,3.390498,2205270,17,688439,20260331
603267.SH,鸿远电子,52.87,2.302631578947364,49.46,50.12,-1.13931641,50.92,49.39,643/5521,50.12,50.92,49.39,49.46,3.058165,4539506,17,603267,20260331
300919.SZ,中伟新材,63.73,-2.4938800489596122,49.4,50.81,-1.92574945,51.5,49.38,644/5521,50.81,51.5,49.38,49.4,4.208854,1.321211E7,33,300919,20260331
001285.SZ,瑞立科密,52.06,-0.4779200917606576,50.4,49.39,2.12765957,51.1,49.37,645/5521,49.39,51.1,49.37,50.4,3.505572,2050926,33,001285,20260331
603920.SH,世运电路,52.65,-3.765307987570832,49.64,50.9,-2.28346457,51.3,49.3,646/5521,50.9,51.3,49.3,49.64,3.937007,1.7373808E7,17,603920,20260331
300054.SZ,鼎龙股份,62.36,5.748685772426659,49.3,52.02,-5.19230769,52.44,49.29,647/5521,52.02,52.44,49.29,49.3,6.057692,5.1867906E7,33,300054,20260331
688090.SH,瑞松科技,74.35,7.863049470477277,49.28,49.7,-1.183076,50.87,49.28,648/5521,49.7,50.87,49.28,49.28,3.188289,1827984,17,688090,20260331
688065.SH,凯赛生物,48.11,0.7750314201927051,49.45,50.93,-2.25340976,51.11,49.25,649/5521,50.93,51.11,49.25,49.45,3.676615,4407361,17,688065,20260331
300503.SZ,昊志机电,62.65,-2.717391304347837,52.03,49.53,4.85691254,53.34,49.24,650/5521,49.53,53.34,49.24,52.03,8.262797,2.6271264E7,33,300503,20260331
688237.SH,超卓航科,56.33,1.5137862677959926,50.4,50.26,0.73955627,50.94,49.24,650/5521,50.26,50.94,49.24,50.4,3.397961,1240059,17,688237,20260331
600113.SH,浙江东日,44.68,-1.150442477876113,49.28,50.26,-1.94986072,50.79,49.23,652/5521,50.13,50.66,49.1,49.15,3.103859,3217570,17,600113,20260331
688693.SH,锴威特,96.0,7.526881720430106,49.7,53.4,-9.47176685,56.89,49.22,653/5521,53.4,56.89,49.22,49.7,13.970856,9022516,17,688693,20260331
688114.SH,华大智造,51.0,-2.764537654909443,49.18,49.29,-0.94662638,50.56,49.18,654/5521,49.29,50.56,49.18,49.18,2.779456,2290058,17,688114,20260331
301148.SZ,嘉戎技术,69.01,-0.2889755815633415,49.12,49.93,-1.72068828,50.52,49.11,655/5521,49.93,50.52,49.11,49.12,2.821128,716500,33,301148,20260331
603650.SH,彤程新材,53.96,-1.5328467153284604,49.15,50.65,-3.13362239,50.65,49.1,656/5521,50.65,50.65,49.1,49.15,3.054789,6419557,17,603650,20260331
301178.SZ,天亿马,54.55,0.055025678650025736,49.12,49.76,0.08149959,52.62,49,657/5521,49.76,52.62,49,49.12,7.375713,3066846,33,301178,20260331
300418.SZ,昆仑万维,48.86,-2.6305300916699887,49.0,50.03,-1.80360721,51.25,48.99,658/5521,50.03,51.25,48.99,49.0,4.529058,4.2110108E7,33,300418,20260331
003041.SZ,真爱美家,52.4,-0.28544243577544925,49.38,49.77,-0.78360458,51.2,48.97,659/5521,49.77,51.2,48.97,49.38,4.48061,2861000,33,003041,20260331
300832.SZ,新产业,48.25,-0.289315974374872,49.07,49.66,-1.18807894,50.1,48.94,660/5521,49.66,50.1,48.94,49.07,2.335884,2409250,33,300832,20260331
001212.SZ,中旗新材,55.77,2.3302752293578037,48.92,50.5,-2.78219396,50.78,48.8,661/5521,50.5,50.78,48.8,48.92,3.934817,3389280,33,001212,20260331
301141.SZ,中科磁业,52.48,-0.793950850661629,48.82,49.5,-1.0739615,49.9,48.8,661/5521,49.5,49.9,48.8,48.82,2.228976,1537766,33,301141,20260331
301389.SZ,隆扬电子,62.49,-4.023959453232987,49.1,52,-6.24403284,52.22,48.78,663/5521,52,52.22,48.78,49.1,6.568646,9281987,33,301389,20260331
600760.SH,中航沈飞,46.97,-0.4451038575667674,49.1,48.75,2.03657523,50.44,48.75,664/5521,48.75,50.44,48.75,49.1,3.512053,2.7735443E7,17,600760,20260331
002991.SZ,甘源食品,51.43,0.0,48.79,50.03,-2.45901639,50.37,48.72,665/5521,50.03,50.37,48.72,48.79,3.29868,809000,33,002991,20260331
301491.SZ,汉桑科技,49.2,0.9644982556946563,48.83,49.39,-0.95334686,49.77,48.67,666/5521,49.39,49.77,48.67,48.83,2.231237,475694,33,301491,20260331
688314.SH,康拓医疗,42.79,-0.27965509205312855,49.92,52.92,-9.23636364,52.98,48.58,667/5521,52.92,52.98,48.58,49.92,8,5982955,17,688314,20260331
688559.SH,海目星,58.61,-2.883181441590724,48.7,50.8,-4.15272584,51.47,48.58,667/5521,50.8,51.47,48.58,48.7,5.687856,6638692,17,688559,20260331
601138.SH,工业富联,62.88,-5.101116812556598,51.46,49,4.44489547,52.85,48.53,669/5521,49,52.85,48.53,51.46,8.768012,2.38674008E8,17,601138,20260331
301668.SZ,昊创瑞通,44.39,-0.47085201793722165,48.56,51.1,-5.26726492,51.27,48.52,670/5521,51.1,51.27,48.52,48.56,5.364806,2590586,33,301668,20260331
002929.SZ,润建股份,59.68,10.009216589861751,48.47,50.35,-4.32293723,50.48,48.47,671/5521,50.35,50.48,48.47,48.47,3.967627,8895792,33,002929,20260331
688700.SH,东威科技,61.1,-2.083333333333329,48.94,51.04,-5.06304559,52.17,48.46,672/5521,51.04,52.17,48.46,48.94,7.196896,1.2338623E7,17,688700,20260331
920100.BJ,三协电机,48.83,2.8649673477986086,48.38,48.95,-0.84033613,49.5,48.35,673/5521,48.95,49.5,48.35,48.38,2.35704,615936,151,920100,20260331
688166.SH,博瑞医药,63.1,6.768189509306261,48.47,49.6,-2.31761387,50.1,48.2,674/5521,49.6,50.1,48.2,48.47,3.829101,8541447,17,688166,20260331
600301.SH,华锡有色,50.53,1.1206724034420699,48.3,50.09,-3.22580645,50.91,48.16,675/5521,50.09,50.91,48.16,48.3,5.509917,1.1427165E7,17,600301,20260331
603699.SH,纽威股份,62.74,5.039343713376871,48.31,50.09,-3.55360351,50.5,48.13,676/5521,50.09,50.5,48.13,48.31,4.731483,5741622,17,603699,20260331
301609.SZ,山大电力,45.17,-0.9429824561403503,48.18,51,-6.26459144,51.7,48.07,677/5521,51,51.7,48.07,48.18,7.062256,5637770,33,301609,20260331
603416.SH,信捷电气,54.36,3.7800687285223304,48.05,48.74,-1.27388535,49.18,48.05,678/5521,48.74,49.18,48.05,48.05,2.321758,877700,17,603416,20260331
300785.SZ,值得买,49.32,-0.5645161290322603,48.78,48.51,0.37037037,50.37,48.03,679/5521,48.51,50.37,48.03,48.78,4.814814,1.1205407E7,33,300785,20260331
001225.SZ,和泰机电,50.54,1.0395841663334586,49.0,48.26,1.55440415,51.69,48.01,680/5521,48.26,51.69,48.01,49.0,7.626943,2817885,33,001225,20260331
002428.SZ,云南锗业,70.01,1.1412886449003268,48.91,52,-6.57115568,52.8,48.01,680/5521,52,52.8,48.01,48.91,9.149952,9.2306711E7,33,002428,20260331
002475.SZ,立讯精密,67.0,-2.38927738927739,49.26,48.4,1.02543068,50.62,48,682/5521,48.4,50.62,48,49.26,5.373256,1.67150472E8,33,002475,20260331
002992.SZ,宝明科技,52.44,3.1268436578171017,48.64,49.62,-1.89592578,49.9,48,682/5521,49.62,49.9,48,48.64,3.83219,1326000,33,002992,20260331
600893.SH,航发动力,46.25,1.7377914650241952,48.06,49.11,-1.15178939,49.7,47.97,684/5521,49.11,49.7,47.97,48.06,3.558206,2.8402388E7,17,600893,20260331
001337.SZ,四川黄金,53.73,5.291005291005282,50.16,48.14,5.13519178,52.48,47.82,685/5521,48.14,52.48,47.82,50.16,9.767344,2.8672996E7,33,001337,20260331
603338.SH,浙江鼎力,55.12,-4.965517241379314,48.38,48.93,-0.88096701,49.39,47.81,686/5521,48.93,49.39,47.81,48.38,3.237041,4739300,17,603338,20260331
301315.SZ,威士顿,51.05,1.1291600633914427,47.8,48.66,-1.44329897,49.38,47.75,687/5521,48.66,49.38,47.75,47.8,3.360824,896244,33,301315,20260331
603049.SH,中策橡胶,48.94,-0.8910490076954329,48.06,47.8,0.54393305,48.56,47.71,688/5521,47.8,48.56,47.71,48.06,1.778242,2419400,17,603049,20260331
688083.SH,中望软件,56.71,5.723340790454884,47.8,48.9,-2.08930766,49.28,47.71,688/5521,48.9,49.28,47.71,47.8,3.215895,3297364,17,688083,20260331
301201.SZ,诚达药业,41.24,0.02425418384672597,51.7,47.7,9.00274088,54.1,47.7,690/5521,47.7,54.1,47.7,51.7,13.493569,1.9169457E7,33,301201,20260331
300450.SZ,先导智能,55.22,-1.057158215373595,47.7,49.96,-3.67528271,50.5,47.69,691/5521,49.96,50.5,47.69,47.7,5.674474,4.961038E7,33,300450,20260331
000831.SZ,中国稀土,54.44,0.7588376827688258,47.99,48,0.06255213,48.71,47.59,692/5521,48,48.71,47.59,47.99,2.335279,2.429249E7,33,000831,20260331
300910.SZ,瑞丰新材,46.54,-0.06441915396178041,48.54,47.5,2.03910027,48.88,47.39,693/5521,47.5,48.88,47.39,48.54,3.132226,3306414,33,300910,20260331
300784.SZ,利安科技,50.47,1.345381526104421,47.37,48.61,-2.26944502,48.96,47.36,694/5521,48.61,48.96,47.36,47.37,3.30101,783200,33,300784,20260331
301221.SZ,光庭信息,47.84,-1.0957204879057143,47.41,48.38,-1.53686397,48.88,47.34,695/5521,48.38,48.88,47.34,47.41,3.198338,1332500,33,301221,20260331
688023.SH,安恒信息,44.69,-2.529989094874599,47.33,47.32,-0.60898782,49.93,47.32,696/5521,47.32,49.93,47.32,47.33,5.48089,2849370,17,688023,20260331
301398.SZ,星源卓镁,43.8,1.0147601476014707,47.31,49.15,-4.11430888,49.8,47.31,697/5521,49.15,49.8,47.31,47.31,5.046615,1595100,33,301398,20260331
301468.SZ,博盈特焊,53.96,5.721003134796241,47.57,48.05,-0.39782245,49.67,47.31,697/5521,48.05,49.67,47.31,47.57,4.941373,5284685,33,301468,20260331
688401.SH,路维光电,65.28,2.1436394930370906,48.04,48.58,-1.69838347,48.83,47.31,697/5521,48.58,48.83,47.31,48.04,3.110292,2599011,17,688401,20260331
301658.SZ,首航新能,42.09,3.1870556508948376,47.5,50.42,-7.33515412,50.88,47.23,700/5521,50.42,50.88,47.23,47.5,7.120561,1.3549355E7,33,301658,20260331
000657.SZ,中钨高新,58.19,1.5355086372360764,47.71,49.79,-2.27365834,49.92,47.2,701/5521,49.79,49.92,47.2,47.71,5.571487,4.9810075E7,33,000657,20260331
688171.SH,纬德信息,51.79,-0.3463536655762935,47.16,49.5,-3.77473985,49.98,47.16,702/5521,49.5,49.98,47.16,47.16,5.753927,1067504,17,688171,20260331
002338.SZ,奥普光电,61.06,-0.31020408163264934,47.12,48.11,-2.13914849,48.48,47.12,703/5521,48.11,48.48,47.12,47.12,2.824506,2145700,33,002338,20260331
001317.SZ,三羊马,52.83,0.2466793168880369,47.22,48.59,-2.51857969,49.1,47.1,704/5521,48.59,49.1,47.1,47.22,4.128819,2166668,33,001317,20260331
300684.SZ,中石科技,54.38,-2.3347701149425237,47.74,48.41,-2.17213115,48.87,47.1,704/5521,48.41,48.87,47.1,47.74,3.627049,5010176,33,300684,20260331
920522.BJ,纳科诺尔,55.24,-1.180679785330942,47.39,49.45,-4.74371859,50,47.1,704/5521,49.45,50,47.1,47.39,5.829145,2956468,151,920522,20260331
688312.SH,燕麦科技,70.07,1.6686012768427039,47.12,49.54,-5.01914937,49.54,47.08,707/5521,49.54,49.54,47.08,47.12,4.958677,4703230,17,688312,20260331
001316.SZ,润贝航科,51.9,10.004239084357776,47.35,47.3,0.16924053,49.44,47.06,708/5521,47.3,49.44,47.06,47.35,5.034905,4151557,33,001316,20260331
605598.SH,上海港湾,48.3,6.9293779056896065,47.69,47.51,1.27415587,48.66,47.03,709/5521,47.51,48.66,47.03,47.69,3.461456,4946680,17,605598,20260331
688499.SH,利元亨,54.11,-2.4165915238954074,47.1,50.1,-5.42168675,50.22,47.03,709/5521,50.1,50.22,47.03,47.1,6.405622,5318168,17,688499,20260331
600111.SH,北方稀土,53.04,4.102060843964664,47.68,47.11,1.2099342,48.08,47.02,711/5521,47.11,48.08,47.02,47.68,2.250053,7.2261826E7,17,600111,20260331
688813.SH,泰金新能,92.4,6.857869781427093,49.47,49,88.24200913,60.55,47.01,712/5521,49,60.55,47.01,49.47,51.52207,2.3554053E7,17,688813,20260331
001238.SZ,浙江正特,48.9,0.30769230769230477,48.06,48.58,-0.14543943,49.3,47,713/5521,48.58,49.3,47,48.06,4.778724,549700,33,001238,20260331
300489.SZ,光智科技,96.8,2.6184670836425306,47.94,47,0.08350731,49.46,47,713/5521,47,49.46,47,47.94,5.135699,8313122,33,300489,20260331
002768.SZ,国恩股份,52.8,-2.8161236885698533,47.02,50.36,-4.75997569,51.24,46.95,715/5521,50.36,51.24,46.95,47.02,8.689487,4961733,33,002768,20260331
301568.SZ,思泰克,56.97,1.9323671497584511,47.0,49.01,-4.15986949,49.02,46.9,716/5521,49.01,49.02,46.9,47.0,4.323001,3041851,33,301568,20260331
688070.SH,纵横股份,45.5,-2.1294902129490256,46.94,48.17,-3.21649485,49.28,46.9,716/5521,48.17,49.28,46.9,46.94,4.907216,1501832,17,688070,20260331
605196.SH,华通线缆,42.7,-1.4539579967689717,47.08,49.66,-3.30663381,49.9,46.88,718/5521,49.66,49.9,46.88,47.08,6.202505,1.09957E7,17,605196,20260331
301618.SZ,长联科技,48.82,0.47334842560196927,46.89,47.77,-2.33284732,48.32,46.83,719/5521,47.77,48.32,46.83,46.89,3.10352,331820,33,301618,20260331
603150.SH,万朗磁塑,60.63,-0.8665794637017562,48.0,46.76,2.65183918,50.66,46.76,720/5521,46.76,50.66,46.76,48.0,8.340461,3301700,17,603150,20260331
300913.SZ,兆龙互连,52.59,0.4392666157372116,47.33,47.94,-2.33182006,48.4,46.75,721/5521,47.94,48.4,46.75,47.33,3.404869,3905384,33,300913,20260331
688330.SH,宏力达,40.4,-10.579902611775124,47.15,46.85,0.08490766,48.39,46.71,722/5521,46.85,48.39,46.71,47.15,3.566121,2486596,17,688330,20260331
601088.SH,中国神华,48.0,0.04168403501459593,46.75,47.73,-2.23755751,48.19,46.6,723/5521,47.73,48.19,46.6,46.75,3.324968,3.9112101E7,17,601088,20260331
688680.SH,海优新材,49.75,1.4271151885830844,46.6,48.5,-4.99490316,49.3,46.6,723/5521,48.5,49.3,46.6,46.6,5.504587,3471802,17,688680,20260331
600498.SH,烽火通信,46.68,-9.359223300970873,50.48,47.6,3.44262295,52.41,46.5,725/5521,47.6,52.41,46.5,50.48,12.110655,1.49775125E8,17,600498,20260331
688290.SH,景业智能,60.01,2.406143344709892,46.34,47.46,-3.31733778,48.6,46.34,726/5521,47.46,48.6,46.34,46.34,4.715209,618026,17,688290,20260331
301616.SZ,浙江华业,45.09,-1.4426229508196646,46.36,46.55,-0.68551842,47.25,46.33,727/5521,46.55,47.25,46.33,46.36,1.970865,433862,33,301616,20260331
688170.SH,德龙激光,60.46,3.0861040068201233,46.45,48.4,-5.20408163,49.75,46.33,727/5521,48.4,49.75,46.33,46.45,6.979591,9176067,17,688170,20260331
688727.SH,恒坤新材,50.46,2.8536485935589044,46.41,47.51,-3.13087038,47.78,46.25,729/5521,47.51,47.78,46.25,46.41,3.193487,2145244,17,688727,20260331
301189.SZ,奥尼电子,81.3,0.2713369511593474,46.69,47.02,-0.42653018,48.66,46.2,730/5521,47.02,48.66,46.2,46.69,5.246321,3799600,33,301189,20260331
601021.SH,春秋航空,47.18,-0.04237288135593882,46.2,46.24,-0.06489293,47.68,46.19,731/5521,46.24,47.68,46.19,46.2,3.223015,8552724,17,601021,20260331
603062.SH,麦加芯彩,53.75,-1.0128913443830518,46.29,49.3,-6.89863234,49.85,46.16,732/5521,49.3,49.85,46.16,46.29,7.42156,2303800,17,603062,20260331
920394.BJ,民士达,48.6,-1.1793411956079674,46.4,48,-3.25271059,48.43,46.12,733/5521,47.8,48.23,45.92,46.2,4.816513,1019275,151,920394,20260331
300689.SZ,澄天伟业,53.76,0.037216226274648344,46.76,49,-6.75972084,49,46.1,734/5521,49,49,46.1,46.76,5.782652,3981090,33,300689,20260331
002230.SZ,科大讯飞,47.79,-0.5617977528089952,46.21,46.4,-0.40948276,47.15,46.06,735/5521,46.4,47.15,46.06,46.21,2.349137,2.4872262E7,33,002230,20260331
301137.SZ,哈焊华通,42.91,1.2505899008966352,47.71,46.03,3.08988764,48.4,46.03,736/5521,46.03,48.4,46.03,47.71,5.121002,7024037,33,301137,20260331
603031.SH,安孚科技,41.5,1.0223953261927987,46.18,48,-3.10532942,48,45.93,737/5521,33.02068966,33.02068966,31.59310345,31.77,4.343264,4290484,17,603031,20260331
300991.SZ,创益通,50.68,3.8099139696845543,46.15,49,-4.41176471,49,45.9,738/5521,49,49,45.9,46.15,6.420878,2484293,33,300991,20260331
301050.SZ,雷电微力,39.74,1.1968423733129585,46.0,46.27,0.26155187,47.56,45.88,739/5521,46.27,47.56,45.88,46.0,3.661726,8316605,33,301050,20260331
002943.SZ,宇晶股份,68.81,8.430507406240153,45.99,47,-1.79372197,48.26,45.83,740/5521,47,48.26,45.83,45.99,5.188981,4406215,33,002943,20260331
002913.SZ,奥士康,52.25,1.0247486465583935,47.84,46.59,2.3315508,48.91,45.8,741/5521,46.59,48.91,45.8,47.84,6.652406,9393184,33,002913,20260331
002959.SZ,小熊电器,41.28,-3.3934004212496975,45.99,46.19,-0.43299415,47.2,45.8,741/5521,46.19,47.2,45.8,45.99,3.030959,2142050,33,002959,20260331
301004.SZ,嘉益股份,43.43,-0.7767877541695303,45.96,46.38,-0.94827586,46.76,45.74,743/5521,46.38,46.76,45.74,45.96,2.198275,346986,33,301004,20260331
002709.SZ,天赐材料,60.51,2.0060687795010077,46.0,47.5,-4.50487856,47.98,45.7,744/5521,47.2,47.68,45.4,45.7,4.733236,1.00265754E8,33,002709,20260331
002993.SZ,奥海科技,47.49,-1.0624999999999958,45.8,46.45,-1.7167382,48.79,45.66,745/5521,46.45,48.79,45.66,45.8,6.716738,5647100,33,002993,20260331
300260.SZ,新莱应材,51.78,3.8299578905153475,45.72,46.97,-3.21761219,47.26,45.66,745/5521,46.97,47.26,45.66,45.72,3.38696,6967329,33,300260,20260331
688545.SH,兴福电子,54.89,5.456292026897221,45.66,47.5,-4.57680251,47.77,45.54,747/5521,47.5,47.77,45.54,45.66,4.660397,3508170,17,688545,20260331
001223.SZ,欧克科技,55.72,1.309090909090907,45.5,46.6,-2.59045172,47.48,45.5,748/5521,46.6,47.48,45.5,45.5,4.238921,633880,33,001223,20260331
301328.SZ,维峰电子,62.16,0.6476683937823812,45.67,46.13,-0.99718188,46.52,45.5,748/5521,46.13,46.52,45.5,45.67,2.211142,750072,33,301328,20260331
605298.SH,必得科技,58.67,-0.8952702702702722,46.58,45.5,3.12154085,48.42,45.5,748/5521,45.5,48.42,45.5,46.58,6.464467,2714559,17,605298,20260331
600418.SH,江淮汽车,47.34,-1.661819692563351,46.2,45.49,1.04986877,47.17,45.49,751/5521,45.49,47.17,45.49,46.2,3.67454,3.4568028E7,17,600418,20260331
000733.SZ,振华科技,42.61,-2.135966926963711,45.39,45.84,-0.98167539,46.44,45.34,752/5521,45.84,46.44,45.34,45.39,2.39965,8758402,33,000733,20260331
603284.SH,林平发展,47.02,-0.6549757025142514,46.65,45.32,2.84391534,46.8,45.32,753/5521,45.32,46.8,45.32,46.65,3.262786,3021616,17,603284,20260331
301248.SZ,杰创智能,85.2,0.023479690068086426,45.3,49.02,-7.5698837,49.25,45.25,754/5521,49.02,49.25,45.25,45.3,8.161599,9905429,33,301248,20260331
600702.SH,舍得酒业,44.25,-1.139410187667556,45.22,46.67,0.11069294,47.1,45.2,755/5521,46.67,47.1,45.2,45.22,4.206331,6426658,17,600702,20260331
002796.SZ,世嘉科技,55.07,0.5661066471877324,45.76,47.01,-4.26778243,47.36,45.19,756/5521,47.01,47.36,45.19,45.76,4.539748,1.461474E7,33,002796,20260331
300946.SZ,恒而达,47.65,2.1874329830581085,45.86,45.18,1.50509075,46.81,45.18,757/5521,45.18,46.81,45.18,45.86,3.607791,1312938,33,300946,20260331
300804.SZ,广康生化,51.8,-0.6520905255082535,45.8,47.31,-2.09491236,48.4,45.16,758/5521,47.31,48.4,45.16,45.8,6.926036,2919190,33,300804,20260331
688768.SH,容知日新,41.04,-0.6776379477250754,45.04,45.57,-0.55199823,46.94,45.02,759/5521,45.57,46.94,45.02,45.04,4.239346,1339792,17,688768,20260331
300346.SZ,南大光电,51.52,1.457266640409614,45.14,46.25,-2.44218716,46.45,45.01,760/5521,46.25,46.45,45.01,45.14,3.112167,1.6169135E7,33,300346,20260331
688657.SH,浩辰软件,52.4,0.019087612139717523,45.11,45.28,-0.2432552,45.99,44.96,761/5521,45.28,45.99,44.96,45.11,2.277753,932889,17,688657,20260331
301613.SZ,新铝时代,46.93,0.4065040650406455,44.94,46.02,-3.89221557,46.65,44.93,762/5521,46.02,46.65,44.93,44.94,3.678357,1711309,33,301613,20260331
002518.SZ,科士达,46.55,-1.1257434154630441,45.1,45.66,-1.74291939,46.7,44.81,763/5521,45.66,46.7,44.81,45.1,4.117647,7245006,33,002518,20260331
300820.SZ,英杰电气,49.25,12.881045152418055,44.84,46.02,-2.39442751,46.4,44.77,764/5521,46.02,46.4,44.77,44.84,3.548106,2254305,33,300820,20260331
688679.SH,通源环境,52.3,-0.15273004963727643,44.8,47.24,-3.26063485,47.95,44.71,765/5521,47.24,47.95,44.71,44.8,6.996329,1766433,17,688679,20260331
301314.SZ,科瑞思,51.5,1.3380558835104284,44.79,45.6,-1.64690382,46.5,44.68,766/5521,45.6,46.5,44.68,44.79,3.996486,725436,33,301314,20260331
301581.SZ,黄山谷捷,46.93,1.2295081967213122,44.66,45.47,-1.58660203,45.98,44.62,767/5521,45.47,45.98,44.62,44.66,2.996914,348234,33,301581,20260331
301575.SZ,艾芬达,46.57,2.1271929824561377,44.57,45.16,-1.41561601,45.73,44.57,768/5521,45.16,45.73,44.57,44.57,2.565804,403534,33,301575,20260331
603271.SH,永杰新材,52.0,4.0,44.65,47.11,-5,47.37,44.51,769/5521,47.11,47.37,44.51,44.65,6.085106,4374147,17,603271,20260331
688379.SH,华光新材,65.76,-0.8593396653098043,44.66,45.24,-1.21654501,45.76,44.5,770/5521,45.24,45.76,44.5,44.66,2.786994,878259,17,688379,20260331
688396.SH,华润微,56.65,1.9618430525557888,44.54,45.18,-1.6559947,46.16,44.5,770/5521,45.18,46.16,44.5,44.54,3.665268,1.0896957E7,17,688396,20260331
301512.SZ,智信精密,50.3,2.799918250562022,44.41,46.25,-2.4170512,46.26,44.41,772/5521,46.25,46.26,44.41,44.41,4.06504,644900,33,301512,20260331
301283.SZ,聚胶股份,48.16,0.22892819979188228,44.28,44.66,-1.6655563,45.5,44.17,773/5521,44.66,45.5,44.17,44.28,2.953586,742400,33,301283,20260331
688049.SH,炬芯科技,48.07,2.5821596244131473,44.46,44.22,-0.64804469,45.8,44.16,774/5521,44.22,45.8,44.16,44.46,3.664804,4195571,17,688049,20260331
301607.SZ,富特科技,50.53,-3.568702290076331,44.15,45.41,-2.77471922,46.09,44.15,775/5521,45.41,46.09,44.15,44.15,4.272186,2693840,33,301607,20260331
301235.SZ,华康洁净,50.6,2.18093699515347,44.39,48.08,-7.78977981,48.08,44.13,776/5521,48.08,48.08,44.13,44.39,8.205234,6808123,33,301235,20260331
301171.SZ,易点天下,33.47,0.0,45.93,44.2,3.21348315,47.12,44.12,777/5521,33.97307692,36.21923077,33.91153846,35.3,6.741573,4.7704163E7,33,301171,20260331
001396.SZ,誉帆科技,46.85,-1.8025571159086133,44.49,46.06,-3.00850229,46.06,44.1,778/5521,46.06,46.06,44.1,44.49,4.272945,1585599,33,001396,20260331
603009.SH,北特科技,45.94,1.0558732952045686,44.1,45.54,-3.11950791,46.27,44.1,778/5521,45.54,46.27,44.1,44.1,4.767135,4983073,17,603009,20260331
301286.SZ,侨源股份,50.7,7.210826813279771,44.06,45.27,-3.05830583,45.8,44.05,780/5521,45.27,45.8,44.05,44.06,3.850385,1340299,33,301286,20260331
300584.SZ,海辰药业,42.27,-2.423822714681434,44.08,46.32,-4.11137698,46.32,44.01,781/5521,46.32,46.32,44.01,44.08,5.025016,7511380,33,300584,20260331
603016.SH,新宏泰,54.94,-8.249832999332005,48.13,45.6,6.90804087,48.97,44,782/5521,45.6,48.97,44,48.13,11.039537,9852651,17,603016,20260331
000962.SZ,东方钽业,43.87,-1.1714350078846658,44.41,46.55,-5.95086828,47.05,43.93,783/5521,46.55,47.05,43.93,44.41,6.607369,2.3971103E7,33,000962,20260331
689009.SH,九号公司,43.74,-3.8681318681318637,44.22,45.16,-1.14017438,46.64,43.93,783/5521,45.16,46.64,43.93,44.22,6.058573,1.6220589E7,17,689009,20260331
603275.SH,众辰科技,46.32,-4.769736842105264,44.0,44.2,-0.27198549,44.88,43.92,785/5521,44.2,44.88,43.92,44.0,2.175883,1137228,17,603275,20260331
688682.SH,霍莱沃,47.85,4.70459518599562,44.04,44.51,0.18198362,46.5,43.92,785/5521,44.51,46.5,43.92,44.04,5.868971,2119895,17,688682,20260331
603596.SH,伯特利,45.88,-0.5635023840485436,43.96,44.44,-1.1023622,44.88,43.9,787/5521,44.44,44.88,43.9,43.96,2.204724,7846414,17,603596,20260331
300456.SZ,赛微电子,45.82,2.071730897750055,43.93,45.5,-4.58297133,45.65,43.89,788/5521,45.13,45.28,43.52,43.56,3.822762,3.1461664E7,33,300456,20260331
002032.SZ,苏泊尔,47.09,-1.0506408909434755,43.85,44.2,-0.92634433,44.66,43.85,789/5521,44.2,44.66,43.85,43.85,1.830094,1357100,33,002032,20260331
300769.SZ,德方纳米,71.95,12.9158819836786,43.85,45.81,-5.4345482,46.3,43.78,790/5521,45.81,46.3,43.78,43.85,5.434548,2.2354094E7,33,300769,20260331
002046.SZ,国机精工,52.21,4.128440366972478,43.76,44.22,-0.81595648,45.2,43.76,791/5521,44.22,45.2,43.76,43.76,3.263825,9763217,33,002046,20260331
300875.SZ,捷强装备,39.3,1.8926626912107776,43.7,45.97,-8.53913771,46.82,43.7,792/5521,45.97,46.82,43.7,43.7,6.529928,1.0981099E7,33,300875,20260331
920036.BJ,觅睿科技,41.02,1.9130434782608774,43.68,46.58,-6.96485623,46.89,43.68,793/5521,46.58,46.89,43.68,43.68,6.83706,2079315,151,920036,20260331
688805.SH,健信超导,51.98,-3.221001675665619,43.65,44.96,-3.74862183,45.49,43.65,794/5521,44.96,45.49,43.65,43.65,4.057331,1678138,17,688805,20260331
002901.SZ,大博医疗,43.4,2.576223115102804,43.78,43.77,0.38981885,44.33,43.6,795/5521,43.77,44.33,43.6,43.78,1.673927,1128200,33,002901,20260331
300558.SZ,贝达药业,51.94,7.826447996678422,43.6,43.93,-0.99909173,44.98,43.51,796/5521,43.93,44.98,43.51,43.6,3.337874,6018874,33,300558,20260331
301099.SZ,雅创电子,58.47,-1.1161846778285196,43.52,45.49,-5.37073277,45.79,43.43,797/5521,45.49,45.79,43.43,43.52,5.13155,6338547,33,301099,20260331
300979.SZ,华利集团,38.13,-0.05242463958059246,43.51,43.68,-0.20642202,44.04,43.35,798/5521,43.68,44.04,43.35,43.51,1.582568,994145,33,300979,20260331
688272.SH,富吉瑞,42.0,2.7900146842878133,43.59,46.01,-3.36954112,46.5,43.34,799/5521,46.01,46.5,43.34,43.59,7.005098,3914537,17,688272,20260331
603115.SH,海星股份,56.89,-1.4038128249566764,43.95,44.6,-2.70090768,45.2,43.2,800/5521,44.6,45.2,43.2,43.95,4.427717,1.31794E7,17,603115,20260331
688665.SH,四方光电,48.96,1.7667844522968228,43.21,43.22,-0.46072334,44,43.03,801/5521,43.22,44,43.03,43.21,2.234508,324431,17,688665,20260331
601126.SH,四方股份,56.05,3.8155213928505187,43.08,45.3,-3.98930243,45.61,43,802/5521,45.3,45.61,43,43.08,5.816804,2.2667196E7,17,601126,20260331
603370.SH,华新精科,41.78,0.9178743961352719,43.18,43.16,-0.25410025,43.8,43,802/5521,43.16,43.8,43,43.18,1.848001,462765,17,603370,20260331
688293.SH,奥浦迈,50.24,-2.9366306027820634,43.0,43.68,-0.23201856,45.08,43,802/5521,43.68,45.08,43,43.0,4.825986,1099754,17,688293,20260331
300693.SZ,盛弘股份,46.47,-1.169715014887291,43.7,44.37,-1.90796857,45.29,42.94,805/5521,44.37,45.29,42.94,43.7,5.274971,1.2980634E7,33,300693,20260331
600362.SH,江西铜业,45.46,-1.9836136265631774,43.0,44.1,-1.78163545,44.3,42.9,806/5521,44.1,44.3,42.9,43.0,3.197807,2.5015976E7,17,600362,20260331
603389.SH,*ST亚振,61.82,4.993206521739126,43.07,43.89,-1.86830713,44.18,42.9,806/5521,43.89,44.18,42.9,43.07,2.916381,1181200,22,603389,20260331
600988.SH,赤峰黄金,38.0,-2.263374485596714,43.15,43,0.48905449,43.85,42.8,808/5521,43,43.85,42.8,43.15,2.445272,7.9600397E7,17,600988,20260331
000799.SZ,酒鬼酒,42.7,0.35252643948297463,42.78,44.68,-0.94929382,45.24,42.78,809/5521,44.68,45.24,42.78,42.78,5.695762,1.0182067E7,33,000799,20260331
301228.SZ,实朴检测,53.1,-1.8484288354898335,42.75,43.33,-0.09347978,44.92,42.75,810/5521,43.33,44.92,42.75,42.75,5.071278,2752208,33,301228,20260331
688552.SH,航天南湖,40.08,1.084489281210592,42.84,43.79,-2.59208731,45.25,42.73,811/5521,43.79,45.25,42.73,42.84,5.729877,7368284,17,688552,20260331
605286.SH,同力天启,40.68,-1.5727074764093845,42.78,43.66,-3.23456232,44.3,42.68,812/5521,43.66,44.3,42.68,42.78,3.664329,3728891,17,605286,20260331
688060.SH,云涌科技,47.63,2.2103004291845516,42.88,43.59,-2.05573321,44.18,42.68,812/5521,43.59,44.18,42.68,42.88,3.426222,329805,17,688060,20260331
688719.SH,爱科赛博,59.96,1.0959366042825807,42.94,43.66,-2.40909091,44.4,42.68,812/5521,43.66,44.4,42.68,42.94,3.90909,2709732,17,688719,20260331
301502.SZ,华阳智能,49.58,3.5938152946092745,42.73,43.48,-1.90541781,44.29,42.65,815/5521,43.48,44.29,42.65,42.73,3.764921,611190,33,301502,20260331
002792.SZ,通宇通讯,43.66,2.4882629107981105,44.55,42.7,4.40590579,46.72,42.61,816/5521,42.7,46.72,42.61,44.55,9.632059,7.8225197E7,33,002792,20260331
688191.SH,智洋创新,45.78,2.6457399103139005,43.21,44,-2.92069198,45.55,42.58,817/5521,44,45.55,42.58,43.21,6.672657,4961687,17,688191,20260331
688709.SH,成都华微,37.67,-7.193890120719392,42.69,42.96,-1.34042061,44.55,42.57,818/5521,42.96,44.55,42.57,42.69,4.575918,4654173,17,688709,20260331
301325.SZ,曼恩斯特,43.79,1.2251502542764705,42.66,43.9,-3.08950477,44.33,42.55,819/5521,43.9,44.33,42.55,42.66,4.043616,1784116,33,301325,20260331
300850.SZ,新强联,42.84,2.8324531925108185,44.28,43.66,2.47627864,46.28,42.51,820/5521,43.365,45.985,42.215,43.99,8.724832,2.9767994E7,33,300850,20260331
600345.SH,长江通信,48.66,-5.952841128720537,43.13,42.9,-0.23132084,44.4,42.5,821/5521,42.9,44.4,42.5,43.13,4.395095,2.3288818E7,17,600345,20260331
688146.SH,中船特气,80.35,5.570884246485344,42.56,43.2,-2.91970803,43.59,42.5,821/5521,43.2,43.59,42.5,42.56,2.486313,5070684,17,688146,20260331
002050.SZ,三花智控,46.92,4.685408299866134,42.53,43.06,-1.16198001,43.76,42.46,823/5521,43.06,43.76,42.46,42.53,3.021148,5.8480963E7,33,002050,20260331
301117.SZ,佳缘科技,43.9,1.8325214567385737,43.52,42.5,2.13564891,45.25,42.28,824/5521,42.5,45.25,42.28,43.52,6.970194,8264900,33,301117,20260331
301080.SZ,百普赛斯,44.7,-1.7366454165750695,43.78,42.38,2.93910181,44.57,42.27,825/5521,42.38,44.57,42.27,43.78,5.407947,5100930,33,301080,20260331
300007.SZ,汉威科技,42.95,1.9463565155471165,42.28,42.6,-0.82101806,43.6,42.26,826/5521,42.6,43.6,42.26,42.28,3.143326,7965495,33,300007,20260331
688045.SH,必易微,60.65,3.1989110090181985,42.42,42.53,-1.23399302,43.95,42.24,827/5521,42.53,43.95,42.24,42.42,3.981373,1325989,17,688045,20260331
300660.SZ,江苏雷利,42.53,0.7342491710090059,42.25,42.49,-0.96108767,43.49,42.2,828/5521,42.49,43.49,42.2,42.25,3.023909,4648449,33,300660,20260331
688699.SH,明微电子,55.43,20.004329941545794,42.23,43.78,-2.91954023,44.1,42.13,829/5521,43.78,44.1,42.13,42.23,4.528735,1683991,17,688699,20260331
301586.SZ,佳力奇,42.0,1.64569215876089,42.27,43.24,-2.26589595,43.76,42.1,830/5521,43.24,43.76,42.1,42.27,3.83815,674700,33,301586,20260331
300806.SZ,斯迪克,74.2,0.8289169724147295,42.09,43.05,-2.79445727,44.3,42.09,831/5521,43.05,44.3,42.09,42.09,5.103926,9174844,33,300806,20260331
688226.SH,威腾电气,55.72,3.858341099720411,42.45,45.18,-5.70857397,45.18,42.05,832/5521,45.18,45.18,42.05,42.45,6.952465,7022669,17,688226,20260331
301159.SZ,三维天地,38.84,0.595700595700606,42.2,42.01,0.16615239,44.55,42.01,833/5521,42.01,44.55,42.01,42.2,6.028957,3156431,33,301159,20260331
603373.SH,安邦护卫,39.45,0.1777552056881673,42.16,42,0.45270431,43.47,41.98,834/5521,42,43.47,41.98,42.16,3.550154,2056370,17,603373,20260331
688685.SH,迈信林,48.67,2.8964059196617433,42.25,43.31,-2.24433133,43.85,41.98,834/5521,43.31,43.85,41.98,42.25,4.3267,2277011,17,688685,20260331
301226.SZ,祥明智能,38.59,-0.592478104070059,42.92,42.95,-4.11081323,44.2,41.92,836/5521,42.95,44.2,41.92,42.92,5.093833,1.484392E7,33,301226,20260331
600763.SH,通策医疗,42.18,-2.4965325936199685,42.07,41.89,0.47766898,43.07,41.88,837/5521,41.89,43.07,41.88,42.07,2.84213,7474098,17,600763,20260331
301520.SZ,万邦医药,42.46,0.8551068883610438,42.05,42.1,0.11904762,43.08,41.8,838/5521,42.1,43.08,41.8,42.05,3.047619,931628,33,301520,20260331
002126.SZ,银轮股份,46.02,-1.5193665739353601,42.51,42.02,1.26250596,43.92,41.78,839/5521,42.02,43.92,41.78,42.51,5.097665,2.4239356E7,33,002126,20260331
301173.SZ,毓恬冠佳,43.77,0.8990318118948837,41.88,42.51,-1.3195099,42.85,41.73,840/5521,42.51,42.85,41.73,41.88,2.639019,515482,33,301173,20260331
301300.SZ,远翔新材,42.79,-0.023364485981303765,41.71,42.56,-2.95486273,43.4,41.71,841/5521,42.56,43.4,41.71,41.71,3.932061,808700,33,301300,20260331
300331.SZ,苏大维格,53.01,0.7794676806083585,41.85,43.1,-3.05767894,43.25,41.68,842/5521,43.1,43.25,41.68,41.85,3.636784,7266741,33,300331,20260331
688449.SH,联芸科技,55.05,14.14057640472735,41.71,43.19,-5.31214529,43.48,41.68,842/5521,43.19,43.48,41.68,41.71,4.086265,7780651,17,688449,20260331
301287.SZ,康力源,44.48,2.041752695572364,41.7,41.7,-0.07189073,42.88,41.67,844/5521,41.7,42.88,41.67,41.7,2.899592,841700,33,301287,20260331
688628.SH,优利德,97.0,-1.060791513667897,42.34,42,0.80952381,42.79,41.66,845/5521,42,42.79,41.66,42.34,2.690476,823609,17,688628,20260331
603283.SH,赛腾股份,53.83,0.05576208178438873,42.02,42.85,-2.79898219,43.14,41.65,846/5521,42.85,43.14,41.65,42.02,3.44668,6128319,17,603283,20260331
603039.SH,泛微网络,45.55,0.6852343059239504,43.45,42.47,10,43.45,41.62,847/5521,42.47,43.45,41.62,43.45,4.632911,6353689,17,603039,20260331
301131.SZ,聚赛龙,43.48,3.082029397818865,41.6,42.7,-1.51515152,43.04,41.6,848/5521,42.7,43.04,41.6,41.6,3.40909,1297846,33,301131,20260331
920159.BJ,农大科技,40.48,-0.0740557886941524,41.92,43.2,-4.37956204,43.58,41.56,849/5521,43.2,43.58,41.56,41.92,4.607664,1908885,151,920159,20260331
300683.SZ,海特生物,35.34,0.2553191489361799,43.36,42.12,2.89511153,45.95,41.54,850/5521,42.12,45.95,41.54,43.36,10.465116,2.2358949E7,33,300683,20260331
603507.SH,振江股份,47.78,-3.785743052758751,42.3,43,-2.93712712,43.33,41.5,851/5521,43,43.33,41.5,42.3,4.199173,1.5684648E7,17,603507,20260331
688551.SH,科威尔,46.02,1.2541254125412546,41.62,45.35,-7.20178372,45.35,41.5,851/5521,45.35,45.35,41.5,41.62,8.584169,4483086,17,688551,20260331
300726.SZ,宏达电子,49.16,-0.1624695369618306,41.65,42.3,-1.74569474,43.08,41.49,853/5521,42.3,43.08,41.49,41.65,3.750884,4438400,33,300726,20260331
300042.SZ,朗科科技,52.27,1.6926070038910594,41.7,43.02,-5.78400362,43.19,41.4,854/5521,43.02,43.19,41.4,41.7,4.044283,2.5051431E7,33,300042,20260331
688418.SH,震有科技,47.03,10.789163722025908,41.42,41.36,-0.81417625,42.91,41.36,855/5521,41.36,42.91,41.36,41.42,3.711685,7037315,17,688418,20260331
300618.SZ,寒锐钴业,48.18,0.47966631908237095,41.38,42.3,-2.74970623,42.59,41.35,856/5521,42.3,42.59,41.35,41.38,2.914218,6860938,33,300618,20260331
605099.SH,共创草坪,48.42,9.995456610631528,43.81,41.6,4.48366325,44.68,41.33,857/5521,41.6,44.68,41.33,43.81,7.989506,8869079,17,605099,20260331
688337.SH,普源精电,60.39,-1.660967269174395,41.5,41.6,0,42.8,41.32,858/5521,41.6,42.8,41.32,41.5,3.566265,3573958,17,688337,20260331
688210.SH,统联精密,44.92,3.5023041474654453,42.59,42.71,-0.42085574,43.97,41.3,859/5521,42.71,43.97,41.3,42.59,6.242693,4688176,17,688210,20260331
600612.SH,老凤祥,39.41,-0.8553459119496941,41.57,41.32,0.84910238,41.85,41.27,860/5521,41.32,41.85,41.27,41.57,1.407083,1391909,17,600612,20260331
002714.SZ,牧原股份,44.7,0.17929179740028106,41.71,43.13,-3.5160768,43.35,41.23,861/5521,43.13,43.35,41.23,41.71,4.904001,6.5797009E7,33,002714,20260331
002156.SZ,通富微电,51.77,4.585858585858592,41.33,42.38,-2.75294118,42.58,41.21,862/5521,42.38,42.58,41.21,41.33,3.223529,3.3875585E7,33,002156,20260331
603195.SH,公牛集团,44.85,8.490566037735842,41.85,41.21,1.55302111,42,41.17,863/5521,41.21,42,41.17,41.85,2.014074,3183045,17,603195,20260331
688435.SH,英方软件,41.03,2.575000000000003,41.79,43.29,-2.10822207,43.46,41.16,864/5521,43.29,43.46,41.16,41.79,5.387678,1423407,17,688435,20260331
688592.SH,司南导航,45.0,0.7838745800671925,41.7,41.53,0,42.55,41.12,865/5521,41.53,42.55,41.12,41.7,3.429256,1034457,17,688592,20260331
300316.SZ,晶盛机电,42.62,1.937335565654138,41.11,42.02,-2.16563541,43.28,41.11,866/5521,42.02,43.28,41.11,41.11,5.164207,1.9271285E7,33,300316,20260331
001335.SZ,信凯科技,47.9,0.27213732468075247,41.08,41.87,-1.81644359,42.88,41.02,867/5521,41.87,42.88,41.02,41.08,4.445506,651660,33,001335,20260331
300596.SZ,利安隆,43.41,-2.273750562809557,41.08,41.82,-1.79297155,42.28,41,868/5521,41.82,42.28,41,41.08,3.060004,2667946,33,300596,20260331
301591.SZ,肯特股份,39.89,0.17579105976896103,41.26,41.75,-1.43334926,42.26,41,868/5521,41.75,42.26,41,41.26,3.010033,1506570,33,301591,20260331
301567.SZ,贝隆精密,43.63,1.9630754849263927,41.04,42.63,-2.54096414,42.69,40.97,870/5521,42.63,42.69,40.97,41.04,4.08454,894500,33,301567,20260331
603102.SH,百合股份,41.08,1.332017760236801,41.2,41.7,-0.60313631,41.99,40.97,870/5521,41.7,41.99,40.97,41.2,2.460796,527200,17,603102,20260331
603688.SH,石英股份,55.18,-0.8801868151607724,41.16,41.9,-2.13980029,42.56,40.96,872/5521,41.9,42.56,40.96,41.16,3.804089,1.0216873E7,17,603688,20260331
300652.SZ,雷迪克,39.43,2.4421927773447587,41.01,41.35,-0.65406977,42.08,40.92,873/5521,41.35,42.08,40.92,41.01,2.810077,1706328,33,300652,20260331
688363.SH,华熙生物,41.35,-4.61361014994233,40.9,41.59,-1.63540164,42.06,40.9,874/5521,41.59,42.06,40.9,40.9,2.789802,2178960,17,688363,20260331
001226.SZ,拓山重工,47.84,1.4849384811200739,41.09,42.46,-3.22656618,42.76,40.89,875/5521,42.46,42.76,40.89,41.09,4.404145,674900,33,001226,20260331
688388.SH,嘉元科技,50.18,-1.8003913894324886,41.48,42.55,-4.4679871,43.2,40.8,876/5521,42.55,43.2,40.8,41.48,5.527406,2.3887374E7,17,688388,20260331
688419.SH,耐科装备,42.1,2.2589264027204266,40.86,41.9,-4.48807854,43.53,40.8,876/5521,41.9,43.53,40.8,40.86,6.381486,1305898,17,688419,20260331
688380.SH,中微半导,47.89,4.3127858854280205,40.85,41.8,-3.01519468,42.28,40.79,878/5521,41.8,42.28,40.79,40.85,3.537511,5319486,17,688380,20260331
600329.SH,达仁堂,40.6,1.601601601601603,40.9,43.3,-6.02022059,43.3,40.77,879/5521,43.3,43.3,40.77,40.9,5.813419,1.096221E7,17,600329,20260331
300881.SZ,盛德鑫泰,50.0,2.2494887525562404,41.0,43.45,-4.89445604,43.45,40.76,880/5521,43.45,43.45,40.76,41.0,6.239851,1639520,33,300881,20260331
688265.SH,南模生物,41.4,-0.048285852245299674,41.03,41.51,-0.65375303,42.95,40.71,881/5521,41.51,42.95,40.71,41.03,5.423728,558258,17,688265,20260331
301319.SZ,唯特偶,70.77,2.1064781416822878,40.7,42.4,-3.85069691,42.93,40.7,882/5521,42.4,42.93,40.7,40.7,5.268131,1847991,33,301319,20260331
601606.SH,长城军工,37.62,0.45393858477969184,40.7,41.71,-3.64583333,42.47,40.68,883/5521,41.71,42.47,40.68,40.7,4.237689,3.0435103E7,17,601606,20260331
605305.SH,中际联合,47.8,-1.2396694214876063,40.93,41.94,-2.36164122,42.14,40.67,884/5521,41.94,42.14,40.67,40.93,3.506679,6222590,17,605305,20260331
301509.SZ,金凯生科,34.84,-1.637492941840763,40.79,42.02,-3.97834275,42.8,40.66,885/5521,42.02,42.8,40.66,40.79,5.037664,8773981,33,301509,20260331
603288.SH,海天味业,38.64,-1.6042780748663166,41.0,40.65,1.63609321,41.78,40.65,886/5521,40.65,41.78,40.65,41.0,2.801189,4.273372E7,17,603288,20260331
003007.SZ,直真科技,44.72,0.7888212756366947,40.63,41.79,-2.3786641,42.24,40.61,887/5521,41.79,42.24,40.61,40.63,3.916386,1660800,33,003007,20260331
603663.SH,三祥新材,46.35,-1.8216479559415366,40.98,41.73,-1.39557267,42,40.6,888/5521,41.73,42,40.6,40.98,3.368623,4389694,17,603663,20260331
688039.SH,当虹科技,42.13,2.2324678476098074,40.68,41.4,-1.8102824,42.06,40.6,888/5521,41.4,42.06,40.6,40.68,3.524016,1554033,17,688039,20260331
688636.SH,智明达,43.83,2.0251396648044633,40.68,41,-1.1181332,42.29,40.59,890/5521,40.9,42.19,40.49,40.58,4.132231,3624965,17,688636,20260331
301316.SZ,慧博云通,50.95,7.512133361468669,40.55,41.51,-2.85098227,41.95,40.5,891/5521,41.51,41.95,40.5,40.55,3.473885,4599000,33,301316,20260331
600211.SH,西藏药业,40.46,-1.772274823986397,40.58,40.8,-0.83088954,41.44,40.5,891/5521,40.8,41.44,40.5,40.58,2.297165,2047308,17,600211,20260331
300920.SZ,润阳科技,38.79,-0.8942258559018943,40.62,44.34,-6.98419968,44.34,40.45,893/5521,44.34,44.34,40.45,40.62,8.907716,4397601,33,300920,20260331
301220.SZ,亚香股份,37.52,-2.113227237151044,40.45,42.25,-3.27594452,42.25,40.41,894/5521,42.25,42.25,40.41,40.45,4.399808,2250146,33,301220,20260331
605100.SH,华丰股份,48.97,0.28670899037477077,40.45,41.36,-2.20019342,41.76,40.35,895/5521,41.36,41.76,40.35,40.45,3.40909,1845000,17,605100,20260331
301168.SZ,通灵股份,42.51,1.166111375535447,40.7,41.95,-2.97973778,42.52,40.34,896/5521,41.95,42.52,40.34,40.7,5.196662,1905140,33,301168,20260331
688520.SH,神州细胞,41.18,-0.38703434929850916,40.32,40.85,-1.94552529,42.12,40.32,897/5521,40.85,42.12,40.32,40.32,4.377431,2832971,17,688520,20260331
603260.SH,合盛硅业,44.6,-1.8701870187018732,40.46,41.54,-2.57645076,41.86,40.25,898/5521,41.54,41.86,40.25,40.46,3.876715,5505666,17,603260,20260331
301119.SZ,正强股份,40.9,1.7412935323382976,41.03,41.08,0.09758478,43.1,40.2,899/5521,41.08,43.1,40.2,41.03,7.074896,1911096,33,301119,20260331
605287.SH,德才股份,55.32,-0.5572532806039947,40.98,42.46,-2.33555767,42.76,40.16,900/5521,42.46,42.76,40.16,40.98,6.196377,4852200,17,605287,20260331
600547.SH,山东黄金,34.38,-2.8813559322033786,40.25,40.88,-1.08134677,41.5,40.14,901/5521,40.88,41.5,40.14,40.25,3.342344,5.812137E7,17,600547,20260331
603757.SH,大元泵业,50.58,-1.2109375000000089,40.32,44.29,-9.53556204,44.89,40.12,902/5521,44.29,44.89,40.12,40.32,10.702266,1.76135E7,17,603757,20260331
603173.SH,福斯达,38.9,-0.7653061224489904,40.27,40.7,-1.61250916,41.51,40.11,903/5521,40.7,41.51,40.11,40.27,3.420473,1425800,17,603173,20260331
688302.SH,海创药业,44.0,7.94896957801767,44.02,40.58,9.1765873,45.2,39.99,904/5521,40.58,45.2,39.99,44.02,12.921626,4838903,17,688302,20260331
000426.SZ,兴业银锡,42.38,-2.2150438394093235,40.22,40.56,-0.0993542,41.86,39.9,905/5521,40.56,41.86,39.9,40.22,4.868355,6.9221986E7,33,000426,20260331
301275.SZ,汉朔科技,45.03,0.9188704616763866,40.0,40.27,-0.89197225,41.1,39.9,905/5521,40.27,41.1,39.9,40.0,2.97324,4829863,33,301275,20260331
600938.SH,中国海油,39.99,0.10012515644555481,40.0,41.06,-2.67639903,41.45,39.9,905/5521,41.06,41.45,39.9,40.0,3.771289,5.8721335E7,17,600938,20260331
603312.SH,西典新能,39.49,-1.3982521847690268,40.41,40.18,0.59746079,40.68,39.9,905/5521,40.18,40.68,39.9,40.41,1.941747,1353213,17,603312,20260331
688137.SH,近岸蛋白,48.48,0.41425020712509475,40.48,39.89,0.82191781,41.5,39.89,909/5521,39.89,41.5,39.89,40.48,4.009962,659925,17,688137,20260331
300756.SZ,金马游乐,53.74,0.09312721177128751,39.94,40.65,-2.05983325,41.2,39.87,910/5521,40.65,41.2,39.87,39.94,3.261402,2240405,33,300756,20260331
920179.BJ,凯德石英,47.95,1.4814814814814874,39.99,41.85,-5.21450581,41.95,39.81,911/5521,41.85,41.95,39.81,39.99,5.072292,1980608,151,920179,20260331
300676.SZ,华大基因,39.94,-0.8933002481389565,39.85,40.18,-1.0920824,41.23,39.78,912/5521,40.18,41.23,39.78,39.85,3.598907,4728300,33,300676,20260331
688158.SH,优刻得,45.03,-1.7026850032743965,40.2,40.93,-2.42718447,41.36,39.77,913/5521,40.93,41.36,39.77,40.2,3.859223,2.7256535E7,17,688158,20260331
603392.SH,万泰生物,39.3,0.5886869721013486,39.75,40.24,-1.56017831,40.76,39.75,914/5521,40.24,40.76,39.75,39.75,2.501238,2727361,17,603392,20260331
300852.SZ,四会富仕,45.57,-0.1971090670170747,39.8,41.6,-10.15801354,41.68,39.71,915/5521,41.46,41.54,39.57,39.66,4.446952,9164585,33,300852,20260331
001203.SZ,大中矿业,52.31,1.9688109161793472,39.93,41.78,-5.0190295,41.8,39.7,916/5521,41.78,41.8,39.7,39.93,4.995242,3.5411433E7,33,001203,20260331
002240.SZ,盛新锂能,60.09,9.994508511806702,40.1,41.33,-4.70532319,41.89,39.7,916/5521,41.33,41.89,39.7,40.1,5.204372,5.7528694E7,33,002240,20260331
688115.SH,思林杰,55.99,8.19323671497585,39.68,40.5,-1.68483647,41.48,39.62,918/5521,40.5,41.48,39.62,39.68,4.608523,739649,17,688115,20260331
002980.SZ,华盛昌,79.94,-1.7332513829133334,42.1,44.02,-3.83736866,44.92,39.6,919/5521,44.02,44.92,39.6,42.1,12.151667,1.8021022E7,33,002980,20260331
301230.SZ,泓博医药,41.4,-1.3110846245530494,40.61,40.17,2.99264519,41.8,39.59,920/5521,40.17,41.8,39.59,40.61,5.604869,1.8914396E7,33,301230,20260331
001388.SZ,信通电子,37.52,0.4013914905004166,39.86,39.9,-0.30015008,40.53,39.58,921/5521,39.9,40.53,39.58,39.86,2.376188,882226,33,001388,20260331
688116.SH,天奈科技,42.87,-1.2666973744818153,39.56,40.61,-3.20528505,41.36,39.5,922/5521,40.61,41.36,39.5,39.56,4.551015,7461023,17,688116,20260331
300619.SZ,金银河,41.03,-2.3095238095238066,39.45,41.03,-3.94448503,41.48,39.45,923/5521,41.03,41.48,39.45,39.45,4.94278,5242619,33,300619,20260331
300613.SZ,富瀚微,59.05,-0.8895602551191695,39.5,40.04,-1.27468133,40.84,39.41,924/5521,40.04,40.84,39.41,39.5,3.574106,3158463,33,300613,20260331
002315.SZ,焦点科技,30.44,0.06574621959237203,39.9,39.51,0.96153846,40.97,39.4,925/5521,29.85384615,30.97692308,29.76923077,30.15,3.972672,7310542,33,002315,20260331
688638.SH,誉辰智能,43.6,0.6231248557581425,39.54,39.6,-0.32770355,41.43,39.4,925/5521,39.6,41.43,39.4,39.54,5.117217,1704391,17,688638,20260331
600391.SH,航发科技,37.19,2.4235747727898524,39.39,40.5,-1.81954138,40.98,39.39,927/5521,40.5,40.98,39.39,39.39,3.96311,1.0338965E7,17,600391,20260331
600316.SH,洪都航空,36.61,2.006129841181384,39.58,41.2,-4.30367505,41.5,39.38,928/5521,41.2,41.5,39.38,39.58,5.125725,1.1522068E7,17,600316,20260331
002895.SZ,川恒股份,36.48,-4.25196850393702,39.52,40.47,-2.56410256,40.54,39.31,929/5521,40.47,40.54,39.31,39.52,3.032544,6918469,33,002895,20260331
600036.SH,招商银行,38.27,-0.5974025974025893,39.32,39.54,-0.40526849,39.73,39.28,930/5521,39.54,39.73,39.28,39.32,1.139817,6.6309671E7,17,600036,20260331
002859.SZ,洁美科技,51.0,3.0303030303030303,39.76,41.99,-5.33333333,41.99,39.26,931/5521,41.99,41.99,39.26,39.76,6.5,9818823,33,002859,20260331
301045.SZ,天禄科技,48.4,5.67685589519651,39.24,40,-2.7027027,40.9,39.21,932/5521,40,40.9,39.21,39.24,4.190428,2257300,33,301045,20260331
001314.SZ,亿道信息,50.72,1.2375249500997954,39.39,39.41,-0.48004042,40.28,39.2,933/5521,39.41,40.28,39.2,39.39,2.72865,1507070,33,001314,20260331
002080.SZ,中材科技,55.17,-3.040421792618624,39.27,40.49,-3.86780906,40.78,39.11,934/5521,40.49,40.78,39.11,39.27,4.088127,2.8104143E7,33,002080,20260331
688291.SH,金橙子,46.18,3.2185963343763917,39.3,39.7,-1.18179532,40.86,39.1,935/5521,39.7,40.86,39.1,39.3,4.425446,2082515,17,688291,20260331
301272.SZ,英华特,44.6,-0.6460236132768972,39.09,39.8,-1.66037736,40.35,39.03,936/5521,39.8,40.35,39.03,39.09,3.320754,688600,33,301272,20260331
301203.SZ,国泰环保,45.56,-0.34995625546805903,39.17,41,-5.24915336,41.96,39.02,937/5521,41,41.96,39.02,39.17,7.111756,1951216,33,301203,20260331
603538.SH,美诺华,62.46,-4.349157733537514,40.9,43.97,-5.10440835,43.99,39.02,937/5521,43.97,43.99,39.02,40.9,11.531322,8.5845024E7,17,603538,20260331
301518.SZ,长华化学,36.71,0.35538545653363196,39.1,39.79,-2.49376559,40.59,39.01,939/5521,39.79,40.59,39.01,39.1,3.940149,1633603,33,301518,20260331
002683.SZ,广东宏大,36.32,-0.6292749658002651,39.16,39.8,-1.7314931,40.38,39,940/5521,39.35,39.93,38.55,38.71,3.462986,7006860,33,002683,20260331
300819.SZ,聚杰微纤,56.94,-3.064351378958128,40.86,39.37,3.81097561,42.13,39,940/5521,39.37,42.13,39,40.86,7.952235,9895350,33,300819,20260331
300938.SZ,信测标准,56.85,4.696132596685091,39.09,41.4,-6.03365385,41.68,38.98,942/5521,41.4,41.68,38.98,39.09,6.490384,8528767,33,300938,20260331
605198.SH,安德利,45.84,-0.06540222367559197,40.35,38.98,2.82874618,43.16,38.98,942/5521,38.98,43.16,38.98,40.35,10.652395,5763189,17,605198,20260331
688081.SH,兴图新科,52.6,2.514129799259402,40.86,38.9,4.39448135,41.74,38.9,944/5521,38.9,41.74,38.9,40.86,7.256004,3058188,17,688081,20260331
301419.SZ,阿莱德,40.08,-0.44709388971683983,38.98,40.5,-5.77713319,40.67,38.88,945/5521,40.5,40.67,38.88,38.98,4.326806,8051581,33,301419,20260331
600298.SH,安琪酵母,37.6,-2.159771012230024,40.41,41.95,-2.76708373,41.98,38.88,945/5521,41.95,41.98,38.88,40.41,7.459095,1.8375914E7,17,600298,20260331
301181.SZ,标榜股份,44.53,-0.7134894091415837,39.19,39.7,-1.16015132,40.45,38.84,947/5521,39.7,40.45,38.84,39.19,4.060529,1510165,33,301181,20260331
300770.SZ,新媒股份,37.95,-1.1461318051575873,38.82,39.18,-0.63987714,39.49,38.8,948/5521,39.18,39.49,38.8,38.82,1.76606,1687422,33,300770,20260331
300827.SZ,上能电气,37.83,0.6920415224913442,38.88,41.49,-7.42857143,42.24,38.8,948/5521,41.49,42.24,38.8,38.88,8.190476,5.4394048E7,33,300827,20260331
300339.SZ,润和软件,45.21,2.493765586034916,38.78,39.3,-1.19745223,39.93,38.78,950/5521,39.3,39.93,38.78,38.78,2.929936,1.3380282E7,33,300339,20260331
001220.SZ,世盟股份,39.87,0.5548549810844864,38.78,39.01,-1.19745223,39.59,38.77,951/5521,39.01,39.59,38.77,38.78,2.089171,1057233,33,001220,20260331
000603.SZ,盛达资源,36.48,-2.720000000000008,38.8,39.28,0,40.6,38.76,952/5521,39.28,40.6,38.76,38.8,4.742268,2.3487473E7,33,000603,20260331
605118.SH,力鼎光电,48.32,-1.9480519480519498,38.9,39.61,-1.61861406,39.79,38.72,953/5521,39.61,39.79,38.72,38.9,2.70612,1454562,17,605118,20260331
300680.SZ,隆盛科技,40.1,3.993775933609956,41.1,38.9,5.65552699,41.98,38.7,954/5521,38.9,41.98,38.7,41.1,8.431876,1.8279923E7,33,300680,20260331
688283.SH,坤恒顺维,41.15,5.296827021494371,38.7,39.1,-1.7018034,40.16,38.7,954/5521,39.1,40.16,38.7,38.7,3.708407,901077,17,688283,20260331
688159.SH,有方科技,47.99,9.892374627891,39.6,39.02,0,41.82,38.69,956/5521,39.02,41.82,38.69,39.6,7.90404,3900150,17,688159,20260331
688366.SH,昊海生科,39.65,-0.07560483870968028,38.73,39.12,-0.87023292,39.65,38.68,957/5521,39.12,39.65,38.68,38.73,2.482723,396992,17,688366,20260331
000688.SZ,国城矿业,51.48,4.337251722740157,38.87,41.22,-8.3254717,41.99,38.67,958/5521,41.09,41.86,38.54,38.74,7.830188,4.4033858E7,33,000688,20260331
001395.SZ,亚联机械,40.1,0.6021073758153588,38.79,39.49,-0.94484168,39.55,38.65,959/5521,39.49,39.55,38.65,38.79,2.298263,499940,33,001395,20260331
301266.SZ,宇邦新材,42.29,0.37977688108235597,38.62,41.66,-7.8721374,41.66,38.62,960/5521,41.66,41.66,38.62,38.62,7.251908,5280759,33,301266,20260331
688087.SH,英科再生,46.7,3.227232537577367,38.7,39.5,-2.19863533,40.13,38.6,961/5521,39.5,40.13,38.6,38.7,3.866565,2620154,17,688087,20260331
688550.SH,瑞联新材,39.75,0.5311077389984847,38.75,39.39,-2.1711689,39.7,38.59,962/5521,39.39,39.7,38.59,38.75,2.802322,3115436,17,688550,20260331
688721.SH,龙图光罩,45.57,0.6404593639575953,38.59,40,-2.32852442,40.13,38.56,963/5521,40,40.13,38.56,38.59,3.973677,973136,17,688721,20260331
600584.SH,长电科技,45.56,2.70513976555456,38.75,39.5,-2.73594378,39.6,38.55,964/5521,39.5,39.6,38.55,38.75,2.635542,4.0400504E7,17,600584,20260331
301023.SZ,奕帆传动,41.51,1.990171990171978,38.53,39,-1.15443817,39.76,38.53,965/5521,39,39.76,38.53,38.53,3.155464,1127862,33,301023,20260331
301307.SZ,美利信,46.95,0.08526966531657697,38.54,39.56,-2.99521772,40.88,38.52,966/5521,39.56,40.88,38.52,38.54,5.940095,6352530,33,301307,20260331
603199.SH,九华旅游,36.48,-1.6446481531410257,38.56,38.8,-1.10284688,39.55,38.52,966/5521,38.8,39.55,38.52,38.56,2.641703,1994900,17,603199,20260331
688150.SH,莱特光电,52.66,2.891754591637352,38.71,40.5,-5.30821918,40.66,38.51,968/5521,40.5,40.66,38.51,38.71,5.259295,1.2732073E7,17,688150,20260331
301071.SZ,力量钻石,54.01,3.5070908394020663,38.68,40.02,-3.70923575,40.3,38.5,969/5521,40.02,40.3,38.5,38.68,4.480955,7926886,33,301071,20260331
301210.SZ,金杨精密,39.01,2.2274633123689767,38.53,39.11,-0.87471057,39.66,38.45,970/5521,39.11,39.66,38.45,38.53,3.11294,1784305,33,301210,20260331
603130.SH,云中马,45.66,-1.5736150032334641,38.56,39.26,-2.03252033,39.58,38.45,970/5521,39.03,39.35,38.22,38.33,2.870934,1666700,17,603130,20260331
605090.SH,九丰能源,45.56,-3.392705682782007,38.5,40.2,-5.33562823,40.67,38.42,972/5521,40.2,40.67,38.42,38.5,5.532333,1.850984E7,17,605090,20260331
002625.SZ,光启技术,39.18,0.9013649240278172,38.38,39,-1.89161554,39.59,38.35,973/5521,39,39.59,38.35,38.38,3.169734,1.4945977E7,33,002625,20260331
688088.SH,虹软科技,42.6,4.977821586988672,38.39,38.65,-0.95459236,39.33,38.3,974/5521,38.65,39.33,38.3,38.39,2.657378,4104727,17,688088,20260331
301511.SZ,德福科技,75.2,4.444444444444448,38.95,39.97,-3.20576541,40.13,38.23,975/5521,39.97,40.13,38.23,38.95,4.721669,2.3972337E7,33,301511,20260331
688112.SH,鼎阳科技,61.58,0.0,38.28,38.98,-2.57062866,39.65,38.23,975/5521,38.98,39.65,38.23,38.28,3.614151,1315825,17,688112,20260331
301053.SZ,远信工业,64.0,0.0,40.46,38.9,4.90018149,40.6,38.22,977/5521,38.9,40.6,38.22,40.46,6.170598,8587532,33,301053,20260331
603120.SH,肯特催化,39.12,0.5397070161912128,38.23,39.65,-4.08931259,40,38.2,978/5521,39.65,40,38.2,38.23,4.515805,1009425,17,603120,20260331
688345.SH,博力威,52.5,-3.0112691668206217,38.21,40.77,-6.80487805,41.5,38.18,979/5521,40.77,41.5,38.18,38.21,8.09756,3995847,17,688345,20260331
688197.SH,首药控股,40.85,0.6157635467980296,38.58,38.16,0.05186722,39.55,38.16,980/5521,38.16,39.55,38.16,38.58,3.604771,1162709,17,688197,20260331
603337.SH,杰克科技,39.54,-0.2774274905422432,38.19,38.58,-1.01088647,39.2,38.12,981/5521,38.58,39.2,38.12,38.19,2.799377,1192300,17,603337,20260331
300900.SZ,广联航空,44.45,4.1471415182755464,38.6,39.54,1.15303983,40.22,38,982/5521,39.54,40.22,38,38.6,5.81761,6.2554901E7,33,300900,20260331
002881.SZ,美格智能,39.07,0.6439979392065945,38.24,38.07,0.39380415,38.87,37.96,983/5521,38.07,38.87,37.96,38.24,2.389078,3828900,33,002881,20260331
300553.SZ,集智股份,44.1,3.182030884417406,37.96,39,-2.59173723,39.47,37.96,983/5521,39,39.47,37.96,37.96,3.874775,2176810,33,300553,20260331
603881.SH,数据港,36.91,-0.832885545405702,38.33,38.3,0.07832898,39.32,37.95,985/5521,38.3,39.32,37.95,38.33,3.577023,5.7489954E7,17,603881,20260331
300709.SZ,精研科技,41.58,-0.40718562874251907,39.51,37.99,3.32112971,40.42,37.93,986/5521,37.99,40.42,37.93,39.51,6.511506,8878755,33,300709,20260331
688712.SH,北芯生命,41.69,0.822249093107609,38.01,38.62,-2.3381295,39.2,37.93,986/5521,38.62,39.2,37.93,38.01,3.263103,2167878,17,688712,20260331
300949.SZ,奥雅股份,40.63,1.2964348042882152,37.95,39.02,-2.7920082,39.52,37.89,988/5521,39.02,39.52,37.89,37.95,4.175204,891800,33,300949,20260331
300191.SZ,潜能恒信,43.38,-5.428384565075202,38.43,38.91,-2.56085193,40.38,37.88,989/5521,38.91,40.38,37.88,38.43,6.338742,1.6655191E7,33,300191,20260331
603307.SH,扬州金泉,42.32,1.730769230769228,37.9,38.44,-0.78534031,38.7,37.86,990/5521,38.44,38.7,37.86,37.9,2.198952,463100,17,603307,20260331
301008.SZ,宏昌科技,31.69,3.2247557003257397,42.29,41.45,20.00567537,42.29,37.85,991/5521,41.45,42.29,37.85,42.29,12.599318,2.886914E7,33,301008,20260331
002151.SZ,北斗星通,40.9,2.3523523523523466,37.88,37.89,0.02640613,39.1,37.83,992/5521,37.89,39.1,37.83,37.88,3.353578,2.3690288E7,33,002151,20260331
300957.SZ,贝泰妮,40.88,-1.0409101912369878,37.95,38.33,-0.93970243,38.8,37.83,992/5521,38.33,38.8,37.83,37.95,2.531975,3167781,33,300957,20260331
301310.SZ,鑫宏业,66.65,8.550488599348546,40.37,38.2,6.2088924,40.37,37.83,992/5521,38.2,40.37,37.83,40.37,6.682451,4305844,33,301310,20260331
001215.SZ,千味央厨,46.86,9.999999999999995,37.87,38.25,-0.47306176,39.43,37.75,995/5521,38.25,39.43,37.75,37.87,4.415243,3423357,33,001215,20260331
603800.SH,洪田股份,51.92,6.480721903199351,38.12,38.68,-1.37128072,38.99,37.74,996/5521,38.68,38.99,37.74,38.12,3.234152,2655200,17,603800,20260331
688172.SH,燕东微,42.49,6.464545226760225,37.9,39.93,-6.25772941,40.39,37.7,997/5521,39.93,40.39,37.7,37.9,6.653475,1.2593917E7,17,688172,20260331
000651.SZ,格力电器,40.05,-1.03780578206079,37.82,37.65,0.45152722,38.37,37.65,998/5521,37.65,38.37,37.65,37.82,1.91235,3.0643446E7,33,000651,20260331
603341.SH,龙旗科技,36.81,1.9667590027700854,37.7,38.56,-0.34364261,38.88,37.65,998/5521,38.56,38.88,37.65,37.7,3.251387,5980489,17,603341,20260331
301459.SZ,丰茂股份,36.84,0.3814713896457781,37.76,38.53,-1.79453836,38.65,37.6,1000/5521,38.53,38.65,37.6,37.76,2.730819,712987,33,301459,20260331
688400.SH,凌云光,59.32,20.008092251669026,37.57,39.11,-4.64467005,39.34,37.57,1001/5521,39.11,39.34,37.57,37.57,4.492385,8281132,17,688400,20260331
301076.SZ,新瀚新材,36.72,-0.21739130434782147,37.59,37.95,-0.21237059,38.88,37.55,1002/5521,37.95,38.88,37.55,37.59,3.530661,4337254,33,301076,20260331
002352.SZ,顺丰控股,37.1,0.7057546145493974,38.04,37.53,3.4820457,38.46,37.53,1003/5521,37.53,38.46,37.53,38.04,2.529923,5.475477E7,33,002352,20260331
920183.BJ,海菲曼,37.98,1.877682403433465,37.98,39.51,-3.28495034,39.51,37.53,1003/5521,39.51,39.51,37.53,37.98,5.042016,814629,151,920183,20260331
300085.SZ,银之杰,37.28,3.1258644536652906,37.53,38.51,-3.47222222,40.22,37.51,1005/5521,38.51,40.22,37.51,37.53,6.970164,3.6636959E7,33,300085,20260331
688113.SH,联测科技,43.03,1.0568341944574986,37.55,38.55,-1.98381624,38.86,37.51,1005/5521,38.55,38.86,37.51,37.55,3.523884,596300,17,688113,20260331
301278.SZ,快可电子,38.92,0.6725297465080319,37.64,39.13,-3.88151175,39.49,37.5,1007/5521,39.13,39.49,37.5,37.64,5.081716,2860267,33,301278,20260331
603409.SH,汇通控股,43.34,2.45862884160758,37.81,38.41,-1.53645833,38.9,37.45,1008/5521,38.41,38.9,37.45,37.81,3.776041,1519705,17,603409,20260331
002785.SZ,万里石,51.16,9.997849924747364,37.44,38.66,-2.98004664,38.85,37.42,1009/5521,38.66,38.85,37.42,37.44,3.705623,3953800,33,002785,20260331
301132.SZ,满坤科技,36.68,-2.834437086092716,38.0,38.56,-2.18790219,40.18,37.42,1009/5521,38.56,40.18,37.42,38.0,7.104247,5800354,33,301132,20260331
301390.SZ,经纬股份,37.7,2.362204724409461,37.5,38.28,-2.03761755,38.64,37.42,1009/5521,38.28,38.64,37.42,37.5,3.187042,893400,33,301390,20260331
688651.SH,盛邦安全,39.0,1.1148561057816948,37.59,39.1,-3.61538462,39.93,37.39,1012/5521,39.1,39.93,37.39,37.59,6.51282,2045881,17,688651,20260331
301448.SZ,开创电气,39.35,1.7321613236814937,38.31,39.3,-0.77700078,39.3,37.37,1013/5521,39.3,39.3,37.37,38.31,4.998704,738300,33,301448,20260331
688489.SH,三未信安,39.99,1.7039674465920693,37.37,37.83,-2.14715894,38.8,37.35,1014/5521,37.83,38.8,37.35,37.37,3.796805,452091,17,688489,20260331
300255.SZ,常山药业,41.36,0.3396409509946642,37.38,38.04,-1.73501577,38.79,37.32,1015/5521,38.04,38.79,37.32,37.38,3.864353,1.3661985E7,33,300255,20260331
688269.SH,凯立新材,40.75,-0.1959343619887296,37.37,38.27,-2.35171152,38.6,37.31,1016/5521,38.27,38.6,37.31,37.37,3.370786,1079608,17,688269,20260331
301446.SZ,福事特,42.87,6.827809618739085,37.3,37.92,-1.60907412,38.65,37.3,1017/5521,37.92,38.65,37.3,37.3,3.561065,871800,33,301446,20260331
603352.SH,至信股份,35.72,-1.380452788514633,37.29,37.52,-0.21407546,38.23,37.27,1018/5521,37.52,38.23,37.27,37.29,2.568905,1915908,17,603352,20260331
920505.BJ,九菱科技,39.0,-1.2158054711246122,37.33,38.17,-1.29561079,38.88,37.27,1018/5521,38.17,38.88,37.27,37.33,4.257006,641994,151,920505,20260331
688157.SH,松井股份,36.05,-1.0702524698133935,37.69,38.9,-2.98584299,38.9,37.26,1020/5521,38.9,38.9,37.26,37.69,4.221364,1816365,17,688157,20260331
301552.SZ,科力装备,40.94,2.2222222222222237,37.28,37.4,-0.32085561,38.06,37.25,1021/5521,37.4,38.06,37.25,37.28,2.165775,559440,33,301552,20260331
688102.SH,斯瑞新材,41.75,6.750191766811558,37.26,37.32,-0.37433155,39.17,37.25,1021/5521,37.32,39.17,37.25,37.26,5.133689,2.3174838E7,17,688102,20260331
688273.SH,麦澜德,46.75,0.10706638115631083,37.55,38.53,-2.72020725,39.17,37.25,1021/5521,38.53,39.17,37.25,37.55,4.974093,1724140,17,688273,20260331
688311.SH,盟升电子,34.39,2.3511904761904736,37.44,37.43,-0.02670227,38.98,37.21,1024/5521,37.43,38.98,37.21,37.44,4.726301,4443544,17,688311,20260331
300939.SZ,秋田微,38.64,0.8613938919342163,37.29,39.8,-7.49193748,39.97,37.16,1025/5521,39.8,39.97,37.16,37.29,6.970974,9838701,33,300939,20260331
002868.SZ,*ST绿康,38.82,1.251956181533638,37.29,37.75,-1.21854305,38.18,37.14,1026/5521,37.75,38.18,37.14,37.29,2.754966,734300,33,002868,20260331
300909.SZ,汇创达,46.88,3.8776866829160204,37.17,38.34,-3.07692308,38.34,37.11,1027/5521,38.34,38.34,37.11,37.17,3.207301,1438300,33,300909,20260331
600580.SH,卧龙电驱,37.85,1.5017430946634547,37.12,37.7,-1.01333333,38.09,37.11,1027/5521,37.52,37.91,36.93,36.94,2.613333,3.0924531E7,17,600580,20260331
688053.SH,ST思科瑞,39.5,3.6745406824146944,37.11,38,-2.49605885,38.99,37.1,1029/5521,38,38.99,37.1,37.11,4.965843,1209898,22,688053,20260331
603950.SH,长源东谷,55.65,-1.0490753911806603,37.09,37.09,,37.09,37.09,1030/5521,37.09,37.09,37.09,37.09,,,17,603950,20260331
300671.SZ,富满微,46.53,1.483097055616139,37.08,38.43,-4.18604651,38.7,37.08,1031/5521,38.43,38.7,37.08,37.08,4.186046,5949101,33,300671,20260331
301234.SZ,五洲医疗,41.42,2.2716049382716093,37.16,38.62,-2.92580982,38.62,37.05,1032/5521,38.62,38.62,37.05,37.16,4.101358,748950,33,301234,20260331
301217.SZ,铜冠铜箔,78.34,10.369118061425754,37.5,38.48,-3.79681888,38.95,37.02,1033/5521,38.48,38.95,37.02,37.5,4.951257,2.8088071E7,33,301217,20260331
301079.SZ,邵阳液压,43.41,3.332539871459173,44.76,37,20,44.76,37,1034/5521,37,44.76,37,44.76,20.804289,1.8241069E7,33,301079,20260331
920174.BJ,五新隧装,38.77,-1.5989847715735925,39.32,37.29,5.07749866,40.97,37,1034/5521,37.29,40.97,37,39.32,10.609299,4549651,151,920174,20260331
688755.SH,汉邦科技,40.4,0.6226650062266501,36.98,37.5,-0.75147611,37.77,36.98,1036/5521,37.5,37.77,36.98,36.98,2.120236,272597,17,688755,20260331
603655.SH,朗博科技,43.74,-2.821595201066421,37.31,37.56,0.34965035,38.98,36.96,1037/5521,37.56,38.98,36.96,37.31,5.433028,1669400,17,603655,20260331
920748.BJ,路桥信息,33.66,1.0507355148603852,38.32,37,4.13043478,39.44,36.95,1038/5521,37,39.44,36.95,38.32,6.766304,2278091,151,920748,20260331
300378.SZ,鼎捷数智,38.92,-0.866021395822711,37.0,37.1,-0.51089002,37.98,36.92,1039/5521,37.1,37.98,36.92,37.0,2.850228,7120214,33,300378,20260331
301309.SZ,万得凯,33.53,0.5095923261390939,36.91,36.91,,36.91,36.91,1040/5521,36.91,36.91,36.91,36.91,,,33,301309,20260331
301501.SZ,恒鑫生活,33.46,-1.4432989690721707,37.1,37.03,0.37878788,38.01,36.91,1040/5521,37.03,38.01,36.91,37.1,2.97619,1276010,33,301501,20260331
920005.BJ,鼎佳精密,34.75,0.8415554265815414,38.03,37.21,2.42391597,38.91,36.88,1042/5521,37.21,38.91,36.88,38.03,5.467277,815822,151,920005,20260331
688075.SH,安旭生物,37.42,-0.4257583821181389,37.23,36.97,0.75778078,37.86,36.86,1043/5521,36.97,37.86,36.86,37.23,2.706359,608285,17,688075,20260331
301236.SZ,软通动力,39.44,0.0,36.9,37.5,-1.626233,37.85,36.85,1044/5521,37.5,37.85,36.85,36.9,2.665955,1.1749056E7,33,301236,20260331
001267.SZ,汇绿生态,53.96,0.07418397626112601,37.76,38.17,-3.550447,38.64,36.8,1045/5521,38.17,38.64,36.8,37.76,4.699872,4.2477785E7,33,001267,20260331
601601.SH,中国太保,37.23,-1.0366826156299855,37.09,36.8,1.2005457,37.7,36.8,1045/5521,36.8,37.7,36.8,37.09,2.455661,3.1000399E7,17,601601,20260331
603590.SH,康辰药业,35.4,-2.371759514616656,36.94,36.99,-0.13517167,37.97,36.8,1045/5521,36.99,37.97,36.8,36.94,3.163017,2050600,17,603590,20260331
688212.SH,澳华内镜,34.96,-4.350205198358403,37.3,36.89,0.51199138,38.39,36.71,1048/5521,36.89,38.39,36.71,37.3,4.527081,1722962,17,688212,20260331
603014.SH,威高血净,35.95,-0.24972253052163237,36.8,37,-0.54054054,37.34,36.68,1049/5521,37,37.34,36.68,36.8,1.783783,1074277,17,603014,20260331
688362.SH,甬矽电子,49.21,5.329623287671237,36.84,38,-3.83711825,38.37,36.66,1050/5521,38,38.37,36.66,36.84,4.463586,8977682,17,688362,20260331
920699.BJ,海达尔,41.6,-2.0023557126030656,36.94,37.05,-0.69892473,37.79,36.65,1051/5521,37.05,37.79,36.65,36.94,3.064516,100735,151,920699,20260331
688251.SH,井松智能,31.47,2.8095393662201875,36.71,38.5,-3.79979036,38.78,36.57,1052/5521,38.5,38.78,36.57,36.71,5.791404,3711969,17,688251,20260331
920015.BJ,锦华新材,37.39,-5.889755852000998,36.53,37.7,-3.05201699,37.89,36.53,1053/5521,37.7,37.89,36.53,36.53,3.609341,1048428,151,920015,20260331
301418.SZ,协昌科技,42.59,1.1879306248515085,36.81,37.12,-0.64777328,37.85,36.46,1054/5521,37.12,37.85,36.46,36.81,3.751686,814600,33,301418,20260331
300598.SZ,诚迈科技,36.53,-1.0563380281690156,36.55,37.22,-1.82648402,37.67,36.45,1055/5521,37.22,37.67,36.45,36.55,3.276927,2584330,33,300598,20260331
300980.SZ,祥源新材,33.21,-1.9196692262256307,36.76,38.41,-4.27083333,38.83,36.43,1056/5521,38.41,38.83,36.43,36.76,6.25,5673126,33,300980,20260331
001255.SZ,博菲电气,34.82,1.7533606078316817,36.59,37.53,-1.53390743,37.8,36.38,1057/5521,37.53,37.8,36.38,36.59,3.821313,1380000,33,001255,20260331
688100.SH,威胜信息,37.37,3.1181015452538503,36.36,36.51,-0.70999454,37.3,36.33,1058/5521,36.21,37,36.03,36.06,2.648825,1951381,17,688100,20260331
000792.SZ,盐湖股份,39.29,-0.5316455696202553,37.0,37.25,-5.27393753,37.85,36.32,1059/5521,37.25,37.85,36.32,37.0,3.91705,1.48505445E8,33,000792,20260331
601628.SH,中国人寿,36.67,0.08187772925764503,36.34,36.52,-0.92693566,37.27,36.29,1060/5521,36.52,37.27,36.29,36.34,2.671755,2.6100586E7,17,601628,20260331
600536.SH,中国软件,37.78,1.8603397142086753,36.26,36.59,-0.90188576,36.85,36.25,1061/5521,36.59,36.85,36.25,36.26,1.639792,7335434,17,600536,20260331
002985.SZ,北摩高科,35.63,0.0842696629213515,36.23,36.82,-1.57565879,37.42,36.22,1062/5521,36.69,37.29,36.09,36.1,3.259983,6476602,33,002985,20260331
301202.SZ,朗威股份,40.39,0.597758405977589,36.35,37.2,-2.28494624,37.38,36.21,1063/5521,37.2,37.38,36.21,36.35,3.145161,1064008,33,301202,20260331
301560.SZ,众捷汽车,42.01,-4.522727272727277,36.53,38.8,-5.58283794,39.15,36.2,1064/5521,38.8,39.15,36.2,36.53,7.624709,3021381,33,301560,20260331
603859.SH,能科科技,39.2,0.5128205128205201,36.24,37.38,-1.78861789,37.38,36.2,1064/5521,37.38,37.38,36.2,36.24,3.197831,3067776,17,603859,20260331
605168.SH,三人行,47.06,-2.969072164948449,36.2,36.77,-1.03881903,37.29,36.2,1064/5521,36.77,37.29,36.2,36.2,2.97977,7271203,17,605168,20260331
688377.SH,迪威尔,37.89,1.718120805369129,36.38,37.2,-2.07267833,37.36,36.2,1064/5521,37.2,37.36,36.2,36.38,3.122476,1153227,17,688377,20260331
605111.SH,新洁能,40.68,2.28815690218757,36.5,37.2,-2.38031559,37.43,36.18,1068/5521,37.2,37.43,36.18,36.5,3.343139,1.0131947E7,17,605111,20260331
300725.SZ,药石科技,39.85,-0.39990002499374305,36.25,36.22,0.05520287,37.42,36.15,1069/5521,36.22,37.42,36.15,36.25,3.505382,7299595,33,300725,20260331
300855.SZ,图南股份,39.28,1.106821106821106,36.19,36.71,-1.60413268,37.66,36.14,1070/5521,36.71,37.66,36.14,36.19,4.13268,3196600,33,300855,20260331
002891.SZ,中宠股份,33.65,-3.719599427753946,36.13,36.85,-2.37773575,37.37,36.13,1071/5521,36.85,37.37,36.13,36.13,3.350445,8623418,33,002891,20260331
688013.SH,天臣医疗,36.21,-2.713594841483068,37.17,37.3,3.45115502,41.68,36.07,1072/5521,37.3,41.68,36.07,37.17,15.613693,3675779,17,688013,20260331
600426.SH,华鲁恒升,38.5,-1.7606532278642453,36.2,37.1,-2.60963142,37.87,36.05,1073/5521,37.1,37.87,36.05,36.2,4.896421,2.4630544E7,17,600426,20260331
300668.SZ,杰恩股份,55.29,-9.73061224489796,37.35,37.37,0.78251484,38.47,36.02,1074/5521,37.37,38.47,36.02,37.35,6.610901,9408200,33,300668,20260331
300899.SZ,*ST凯鑫,36.65,-1.0796221322537074,36.76,39.01,-6.70050761,39.78,36,1075/5521,39.01,39.78,36,36.76,9.593908,1858467,33,300899,20260331
301133.SZ,金钟股份,46.4,1.7543859649122744,36.15,37,-2.2972973,37.03,36,1075/5521,37,37.03,36,36.15,2.783783,1702222,33,301133,20260331
600593.SH,大连圣亚,34.08,-0.7860262008733715,36.21,37.5,-2.79194631,37.71,36,1075/5521,37.5,37.71,36,36.21,4.590604,4323200,17,600593,20260331
920055.BJ,隆源股份,35.13,1.737619461337971,37.8,36,53.03643725,43.11,36,1075/5521,36,43.11,36,37.8,28.785425,1.4282618E7,151,920055,20260331
688062.SH,迈威生物,35.73,3.7155297532655847,36.01,36.3,-1.20713306,37.37,35.96,1079/5521,36.3,37.37,35.96,36.01,3.868312,8742961,17,688062,20260331
002472.SZ,双环传动,39.27,2.5326370757180316,36.01,36.1,0.22265516,36.93,35.93,1080/5521,36.1,36.93,35.93,36.01,2.783189,1.0628255E7,33,002472,20260331
688253.SH,英诺特,52.05,7.853294653957727,36.03,36.72,-1.74529588,36.98,35.93,1080/5521,36.72,36.98,35.93,36.03,2.863376,1058413,17,688253,20260331
688759.SH,必贝特,31.81,3.1118314424635245,36.65,37.73,-1.53143471,38,35.91,1082/5521,37.73,38,35.91,36.65,5.61526,2864128,17,688759,20260331
603375.SH,盛景微,45.25,9.990277102576567,36.56,36.05,1.4147018,38.12,35.86,1083/5521,36.05,38.12,35.86,36.56,6.26907,1876536,17,603375,20260331
920187.BJ,通领科技,35.5,1.3706453455168384,36.03,35.97,0.36211699,36.58,35.86,1083/5521,35.97,36.58,35.86,36.03,2.005571,931638,151,920187,20260331
920438.BJ,戈碧迦,43.39,-2.800179211469534,35.85,37.06,-3.29107095,37.6,35.85,1085/5521,37.06,37.6,35.85,35.85,4.720798,1653614,151,920438,20260331
301002.SZ,崧盛股份,47.89,1.1190878378378402,36.08,36.22,-0.38652678,37.22,35.82,1086/5521,36.22,37.22,35.82,36.08,3.865267,2529100,33,301002,20260331
920121.BJ,江天科技,36.75,3.3755274261603456,36.15,36.04,-0.19326339,36.46,35.82,1086/5521,36.04,36.46,35.82,36.15,1.766979,182831,151,920121,20260331
001229.SZ,魅视科技,37.01,0.08112493239589275,36.06,36.75,-2.48783126,37.6,35.8,1088/5521,36.75,37.6,35.8,36.06,4.867495,2493134,33,001229,20260331
300955.SZ,嘉亨家化,36.58,0.41174855888004,37.26,36.2,2.19418541,37.8,35.8,1088/5521,36.2,37.8,35.8,37.26,5.485463,3161900,33,300955,20260331
301361.SZ,众智科技,35.88,-1.0752688172043026,35.81,37.13,-3.5810447,37.3,35.76,1090/5521,37.13,37.3,35.76,35.81,4.146472,2040000,33,301361,20260331
300952.SZ,恒辉安防,33.5,2.697731453096268,35.82,36.66,-2.45098039,37.35,35.74,1091/5521,36.66,37.35,35.74,35.82,4.384531,4030297,33,300952,20260331
603393.SH,新天然气,31.54,-7.398708162066949,35.99,37.69,-4.83870968,38.16,35.73,1092/5521,37.69,38.16,35.73,35.99,6.425171,1.8600075E7,17,603393,20260331
688539.SH,高华科技,37.36,3.0905077262693084,35.89,36.13,-1.2383049,37.58,35.73,1092/5521,36.13,37.58,35.73,35.89,5.090809,3326574,17,688539,20260331
603072.SH,天和磁材,37.54,0.7785234899328837,35.76,36.15,-1.07883817,36.5,35.72,1094/5521,36.15,36.5,35.72,35.76,2.157676,1686400,17,603072,20260331
688408.SH,中信博,40.53,-5.170800187178289,35.68,36.98,-3.33243024,37.34,35.68,1095/5521,36.98,37.34,35.68,35.68,4.497426,4797805,17,688408,20260331
002074.SZ,国轩高科,36.74,-2.6754966887417164,35.7,36.77,-3.51351351,36.96,35.65,1096/5521,36.77,36.96,35.65,35.7,3.54054,3.8545186E7,33,002074,20260331
603396.SH,金辰股份,35.28,-0.4514672686230152,35.99,39.01,-9.13910629,39.03,35.65,1096/5521,39.01,39.03,35.65,35.99,8.533198,8537522,17,603396,20260331
003026.SZ,中晶科技,49.99,5.419654154365246,35.6,36,-2.6790596,36.66,35.59,1098/5521,36,36.66,35.59,35.6,2.925095,6716550,33,003026,20260331
300837.SZ,浙矿股份,34.4,-1.0925819436457807,35.85,36.36,-1.51098901,36.85,35.55,1099/5521,36.36,36.85,35.55,35.85,3.571428,1395900,33,300837,20260331
603226.SH,菲林格尔,39.22,0.8226221079691525,35.75,35.65,-0.69444444,36.55,35.54,1100/5521,35.65,36.55,35.54,35.75,2.805555,2915600,17,603226,20260331
002870.SZ,香山股份,39.58,10.005558643690943,35.77,36.78,-2.93080054,36.94,35.51,1101/5521,36.78,36.94,35.51,35.77,3.880597,3886501,33,002870,20260331
301252.SZ,同星科技,36.85,0.7656549083948623,36.42,37,0.55218112,38.47,35.5,1102/5521,37,38.47,35.5,36.42,8.199889,4870643,33,301252,20260331
300762.SZ,上海瀚讯,43.42,13.81389252948887,36.4,35.68,2.39099859,38.08,35.49,1103/5521,35.68,38.08,35.49,36.4,7.285513,4.4804483E7,33,300762,20260331
300508.SZ,维宏股份,32.1,-0.3105590062111845,35.49,36.5,-2.68714012,36.55,35.45,1104/5521,36.5,36.55,35.45,35.49,3.016177,1852220,33,300508,20260331
300951.SZ,博硕科技,32.85,1.7973349860551542,36.33,35.43,1.96463654,36.96,35.43,1105/5521,35.43,36.96,35.43,36.33,4.294134,2729610,33,300951,20260331
300777.SZ,中简科技,37.04,-1.5417331206804847,35.41,35.56,-0.47779651,36.45,35.4,1106/5521,35.56,36.45,35.4,35.41,2.951096,9509479,33,300777,20260331
301281.SZ,科源制药,37.69,-0.5278437582475662,35.52,37.18,-5.28,37.49,35.4,1106/5521,37.18,37.49,35.4,35.52,5.573333,3989504,33,301281,20260331
688781.SH,视涯科技,40.45,0.37220843672457987,35.7,37.81,-6.07734807,37.96,35.36,1108/5521,37.81,37.96,35.36,35.7,6.840305,9867782,17,688781,20260331
688367.SH,工大高科,40.6,0.4950495049505021,36.32,36.17,1.50922303,37.35,35.35,1109/5521,36.17,37.35,35.35,36.32,5.589714,2081323,17,688367,20260331
301295.SZ,美硕科技,44.57,0.9970541581690407,35.51,35.7,-0.42063937,36.4,35.34,1110/5521,35.7,36.4,35.34,35.51,2.972518,2318777,33,301295,20260331
000963.SZ,华东医药,33.35,-0.5664877757900946,35.32,35.6,-0.70283947,36.28,35.32,1111/5521,35.6,36.28,35.32,35.32,2.698903,9463556,33,000963,20260331
300775.SZ,三角防务,29.82,1.879057055005127,37.19,35.55,4.73106167,38.75,35.3,1112/5521,35.55,38.75,35.3,37.19,9.715573,5.083405E7,33,300775,20260331
600066.SH,宇通客车,35.41,-1.4198218262806377,35.86,35.86,10,35.86,35.3,1112/5521,35.86,35.86,35.3,35.86,1.717791,3.3446127E7,17,600066,20260331
002979.SZ,雷赛智能,43.88,0.9431792040487778,35.6,35.32,0.82129708,36,35.29,1114/5521,35.32,36,35.29,35.6,2.010761,2592720,33,002979,20260331
920069.BJ,普昂医疗,39.18,0.797530228968362,35.72,35.79,-2.6172301,37.3,35.28,1115/5521,35.79,37.3,35.28,35.72,5.507088,3407139,151,920069,20260331
301138.SZ,华研精机,33.33,-1.6233766233766358,35.39,35.48,-0.05648122,36.21,35.23,1116/5521,35.48,36.21,35.23,35.39,2.767579,974673,33,301138,20260331
688591.SH,泰凌微,34.74,2.7202838557066875,35.36,35.3,-0.36630037,36.38,35.22,1117/5521,35.3,36.38,35.22,35.36,3.268526,3145773,17,688591,20260331
301239.SZ,普瑞眼科,46.83,3.6061946902654762,35.3,36.43,-3.10183914,36.96,35.21,1118/5521,36.43,36.96,35.21,35.3,4.803733,3228839,33,301239,20260331
002922.SZ,伊戈尔,39.54,-2.6348190100960363,35.3,36.02,-6.09204576,37.14,35.2,1119/5521,36.02,37.14,35.2,35.3,5.160947,2.243316E7,33,002922,20260331
300766.SZ,每日互动,29.22,-1.7484868863483511,36.21,35.35,2.92779989,37.5,35.2,1119/5521,35.35,37.5,35.2,36.21,6.537805,3.5283675E7,33,300766,20260331
603099.SH,长白山,34.95,-0.370581527936133,35.39,35.68,-0.72931276,36.25,35.13,1121/5521,35.68,36.25,35.13,35.39,3.141654,3759500,17,603099,20260331
300470.SZ,中密控股,33.96,1.798561151079141,35.24,35.69,-1.28851541,35.85,35.11,1122/5521,35.69,35.85,35.11,35.24,2.072829,2247100,33,300470,20260331
000534.SZ,万泽股份,39.53,-2.8746928746928786,35.44,36.8,-1.44605117,36.96,35.03,1123/5521,36.8,36.96,35.03,35.44,5.367074,2.0257514E7,33,000534,20260331
920199.BJ,倍益康,32.93,4.274857504749846,35.11,36.68,-4.28026172,37.18,35.03,1123/5521,36.68,37.18,35.03,35.11,5.861504,1295821,151,920199,20260331
300781.SZ,因赛集团,34.22,-0.3204194581998236,35.11,35.59,-0.39716312,36.15,35.01,1125/5521,35.59,36.15,35.01,35.11,3.234042,3685439,33,300781,20260331
300499.SZ,高澜股份,38.45,-1.410256410256403,35.12,36.11,-3.99125205,36.98,34.94,1126/5521,36.11,36.98,34.94,35.12,5.576817,2.4145012E7,33,300499,20260331
001277.SZ,速达股份,37.22,3.475118154017237,34.91,35.97,-2.94690019,36.07,34.89,1127/5521,35.97,36.07,34.89,34.91,3.280511,1543300,33,001277,20260331
600875.SH,东方电气,39.01,-2.3773773773773845,35.05,35.89,-2.06761665,36.6,34.89,1127/5521,35.89,36.6,34.89,35.05,4.77787,5.4966735E7,17,600875,20260331
301503.SZ,智迪科技,35.82,0.7311586051743476,34.93,35.38,-1.27190503,35.87,34.88,1129/5521,35.38,35.87,34.88,34.93,2.798191,822000,33,301503,20260331
603203.SH,快克智能,46.88,0.06403415154749442,35.09,36.17,-2.98589992,36.31,34.88,1129/5521,36.17,36.31,34.88,35.09,3.953552,2136080,17,603203,20260331
688117.SH,圣诺生物,37.41,0.45649838882920135,35.39,35.12,0.53977273,36.27,34.85,1131/5521,35.12,36.27,34.85,35.39,4.03409,3842794,17,688117,20260331
301227.SZ,森鹰窗业,31.66,-1.4321295143212869,35.01,36.99,-4.10846343,37.09,34.71,1132/5521,36.99,37.09,34.71,35.01,6.518761,1573000,33,301227,20260331
688328.SH,深科达,54.18,-0.47759000734753493,34.83,36.09,-5.14705882,36.62,34.7,1133/5521,36.09,36.62,34.7,34.83,5.228758,5850932,17,688328,20260331
300380.SZ,安硕信息,37.49,5.694953481815628,34.83,35.2,-1.47100424,36.1,34.69,1134/5521,35.2,36.1,34.69,34.83,3.988684,1812588,33,300380,20260331
301428.SZ,世纪恒通,32.95,0.0,34.69,35.74,-3.90581717,35.85,34.65,1135/5521,35.74,35.85,34.65,34.69,3.324099,6292995,33,301428,20260331
603280.SH,南方路机,34.08,0.5013270421704563,34.84,34.65,0.25899281,36.09,34.65,1135/5521,34.65,36.09,34.65,34.84,4.143884,1963600,17,603280,20260331
300520.SZ,科大国创,34.9,1.7789442986293365,34.67,35.28,-2.06214689,36.06,34.63,1137/5521,35.28,36.06,34.63,34.67,4.039548,8737300,33,300520,20260331
603350.SH,安乃达,34.91,-0.7110352673492606,35.05,34.98,0.66053992,35.79,34.61,1138/5521,34.98,35.79,34.61,35.05,3.388856,797600,17,603350,20260331
300458.SZ,全志科技,35.8,3.8283062645011614,34.59,35.22,-0.23074704,35.69,34.58,1139/5521,29.18333333,29.575,28.65,28.66,3.201615,1.4163851E7,33,300458,20260331
300354.SZ,东华测试,35.74,1.5340909090909065,34.62,34.69,0.14463408,35.82,34.56,1140/5521,34.69,35.82,34.56,34.62,3.644778,2317201,33,300354,20260331
605086.SH,龙高股份,32.52,-0.3371130861170684,34.57,35.82,-1.14383758,35.82,34.55,1141/5521,35.82,35.82,34.55,34.57,3.631684,1063123,17,605086,20260331
002001.SZ,新和成,34.8,-0.45766590389017076,34.55,35.7,-4.02777778,35.98,34.52,1142/5521,35.7,35.98,34.52,34.55,4.055555,3.9379156E7,33,002001,20260331
301121.SZ,紫建电子,38.97,-0.5867346938775612,34.56,35.36,-2.34529528,35.65,34.51,1143/5521,35.36,35.65,34.51,34.56,3.221248,1404320,33,301121,20260331
002759.SZ,天际股份,38.09,5.776173285198571,34.5,36.54,-6.40260445,36.73,34.5,1144/5521,36.54,36.73,34.5,34.5,6.049918,5.0739925E7,33,002759,20260331
688259.SH,创耀科技,38.32,1.7525225703664464,34.5,35.28,-2.81690141,35.85,34.5,1144/5521,35.28,35.85,34.5,34.5,3.802816,1425666,17,688259,20260331
603261.SH,*ST立航,33.79,1.0164424514200188,36.16,35,4.84198318,36.21,34.49,1146/5521,35,36.21,34.49,36.16,4.986952,1706039,22,603261,20260331
002422.SZ,科伦药业,34.57,1.3782991202346007,34.69,34.9,-0.08640553,35.37,34.45,1147/5521,34.9,35.37,34.45,34.69,2.649769,1.8565109E7,33,002422,20260331
001373.SZ,翔腾新材,37.51,1.8463209340211777,34.5,35.14,-2.01647259,35.73,34.44,1148/5521,35.14,35.73,34.44,34.5,3.663731,1018700,33,001373,20260331
688484.SH,南芯科技,38.41,0.9196006305832746,34.37,35.03,-2.02394527,35.37,34.37,1149/5521,35.03,35.37,34.37,34.37,2.850627,3075628,17,688484,20260331
603406.SH,天富龙,33.83,-0.17704337562703532,34.38,34.7,-1.23527722,35.13,34.25,1150/5521,34.7,35.13,34.25,34.38,2.528009,1165279,17,603406,20260331
920640.BJ,富士达,35.49,2.2471910112359583,34.35,34.92,-1.74485126,36.13,34.25,1150/5521,34.92,36.13,34.25,34.35,5.377574,5720645,151,920640,20260331
002261.SZ,拓维信息,35.44,1.5181896304783764,34.18,34.61,-2.42649158,35.61,34.18,1152/5521,34.61,35.61,34.18,34.18,4.082215,7.6843617E7,33,002261,20260331
920101.BJ,志高机械,34.34,0.29205607476635925,34.4,34.61,-0.72150072,35.72,34.18,1152/5521,34.61,35.72,34.18,34.4,4.444444,619250,151,920101,20260331
688378.SH,奥来德,44.3,2.665121668597911,34.53,35.1,-1.39920046,35.2,34.16,1154/5521,35.1,35.2,34.16,34.53,2.969731,3204350,17,688378,20260331
688180.SH,君实生物,40.38,0.19851116625311516,34.83,34.19,1.87189237,35.04,34.1,1155/5521,34.19,35.04,34.1,34.83,2.749341,1.6692939E7,17,688180,20260331
300606.SZ,金太阳,37.72,-2.0768431983385365,34.14,35.13,-3.55932203,35.66,34.08,1156/5521,35.13,35.66,34.08,34.14,4.463276,9228300,33,300606,20260331
600895.SH,张江高科,36.62,4.4197319646421365,34.05,34.55,-1.447178,35.19,34.04,1157/5521,34.55,35.19,34.04,34.05,3.328509,1.3712791E7,17,600895,20260331
603082.SH,北自科技,33.96,0.0,34.14,34.23,-0.4084014,34.7,34.02,1158/5521,34.23,34.7,34.02,34.14,1.983663,700100,17,603082,20260331
600160.SH,巨化股份,36.63,-0.5160239000543121,34.15,34.61,-1.47143681,34.97,34,1159/5521,34.61,34.97,34,34.15,2.798615,1.5518109E7,17,600160,20260331
603619.SH,中曼石油,33.66,-2.716763005780361,34.37,35.2,-2.60697081,35.58,33.96,1160/5521,35.2,35.58,33.96,34.37,4.590535,2.5792452E7,17,603619,20260331
605088.SH,冠盛股份,35.46,1.3432409259788478,34.0,34.32,-1.04772992,34.62,33.95,1161/5521,34.32,34.62,33.95,34.0,1.949941,1575661,17,605088,20260331
000513.SZ,丽珠集团,32.65,-0.5482790130977756,34.01,34.1,0,34.57,33.94,1162/5521,34.1,34.57,33.94,34.01,1.852396,5109367,33,000513,20260331
002223.SZ,鱼跃医疗,29.28,-0.40816326530611374,33.9,34.22,-1.13735783,34.65,33.9,1163/5521,34.22,34.65,33.9,33.9,2.187226,6225332,33,002223,20260331
603678.SH,火炬电子,32.51,0.0,33.98,34.24,-0.99067599,34.92,33.9,1163/5521,34.24,34.92,33.9,33.98,2.972027,5783684,17,603678,20260331
300698.SZ,万马科技,37.68,-0.44914134742404677,33.89,34.38,-1.91027496,34.82,33.88,1165/5521,34.38,34.82,33.88,33.89,2.720694,1621600,33,300698,20260331
688056.SH,莱伯泰科,36.73,0.2182810368349203,34.16,34.49,-1.81086519,35.13,33.85,1166/5521,34.49,35.13,33.85,34.16,3.679218,611072,17,688056,20260331
920368.BJ,连城数控,32.99,2.45341614906832,33.86,34.3,-1.59837257,35.3,33.8,1167/5521,34.3,35.3,33.8,33.86,4.359197,7462590,151,920368,20260331
300679.SZ,电连技术,45.0,-0.5085120495246449,33.77,34.05,-0.53019146,34.75,33.74,1168/5521,34.05,34.75,33.74,33.77,2.974963,6826280,33,300679,20260331
300818.SZ,耐普矿机,33.05,-0.6612563871355754,34.09,34.86,-1.89928058,35.08,33.74,1168/5521,34.86,35.08,33.74,34.09,3.856115,2086540,33,300818,20260331
002138.SZ,顺络电子,33.95,-3.46886551037816,33.88,34.76,-3.2,35.19,33.73,1170/5521,33.96,34.39,32.93,33.08,4.171428,1.75694E7,33,002138,20260331
688450.SH,光格科技,46.38,4.10774410774412,34.53,36.01,-3.14165498,36.01,33.72,1171/5521,36.01,36.01,33.72,34.53,6.423562,2277782,17,688450,20260331
688335.SH,复洁科技,31.87,2.0166453265044897,33.87,35.46,-3.20091455,35.46,33.7,1172/5521,35.46,35.46,33.7,33.87,5.030008,2266780,17,688335,20260331
300699.SZ,光威复材,33.0,0.5790917403230653,34.4,33.8,2.35049093,35.46,33.68,1173/5521,33.8,35.46,33.68,34.4,5.296042,2.9085328E7,33,300699,20260331
002179.SZ,中航光电,36.56,0.8551724137931097,33.8,33.94,-0.44182622,34.39,33.63,1174/5521,33.94,34.39,33.63,33.8,2.238586,1.726783E7,33,002179,20260331
300792.SZ,壹网壹创,34.77,1.1049723756906151,33.68,33.9,-0.79528719,34.65,33.62,1175/5521,33.9,34.65,33.62,33.68,3.033873,4514950,33,300792,20260331
301458.SZ,钧崴电子,39.99,1.1125158027813018,33.76,33.99,-1.1420205,34.9,33.62,1175/5521,33.99,34.9,33.62,33.76,3.748169,3268500,33,301458,20260331
600038.SH,中直股份,31.21,-1.576789656259855,33.76,34.02,-1.31540485,34.43,33.61,1177/5521,34.02,34.43,33.61,33.76,2.396959,8065672,17,600038,20260331
300609.SZ,汇纳科技,42.99,6.8871208354052795,33.65,34.14,-1.43526655,34.98,33.6,1178/5521,34.14,34.98,33.6,33.65,4.042179,2310100,33,300609,20260331
600976.SH,健民集团,31.69,-1.0923845193508048,33.61,33.93,-1.52358629,34.21,33.59,1179/5521,33.03,33.31,32.69,32.71,1.816583,3246544,17,600976,20260331
920110.BJ,雷特科技,32.56,1.243781094527381,33.65,33.67,0.0892326,34.16,33.51,1180/5521,33.67,34.16,33.51,33.65,1.933372,100046,151,920110,20260331
300576.SZ,容大感光,37.05,-1.3840830449827073,33.59,34.27,-2.06997085,34.43,33.5,1181/5521,34.27,34.43,33.5,33.59,2.71137,4253709,33,300576,20260331
600456.SH,宝钛股份,33.41,-0.595060993751868,33.61,33.9,-1.35016143,34.35,33.48,1182/5521,33.9,34.35,33.48,33.61,2.553566,7142919,17,600456,20260331
300995.SZ,奇德新材,35.47,-1.444845790497369,34.28,33.75,1.60047421,34.79,33.46,1183/5521,33.63,34.67,33.34,34.16,3.941908,2373286,33,300995,20260331
603358.SH,华达科技,31.32,-3.808353808353814,34.5,33.85,3.51035104,35.98,33.43,1184/5521,33.85,35.98,33.43,34.5,7.650765,3.5754315E7,17,603358,20260331
603658.SH,安图生物,33.5,-1.0632014176018885,33.45,33.52,-0.26833631,33.86,33.38,1185/5521,33.52,33.86,33.38,33.45,1.431127,2207578,17,603658,20260331
000034.SZ,神州数码,37.67,0.61431623931625,33.37,34.54,-4.13674232,34.65,33.36,1186/5521,34.54,34.65,33.36,33.37,3.705831,1.690242E7,33,000034,20260331
002864.SZ,盘龙药业,30.24,-0.230946882217091,33.39,34,-1.70738887,34.43,33.35,1187/5521,34,34.43,33.35,33.39,3.179275,3512221,33,002864,20260331
301052.SZ,果麦文化,32.24,0.530090427190526,33.45,34.01,-0.91824645,34.58,33.33,1188/5521,33.992,34.562,33.312,33.43,3.702606,4052430,33,301052,20260331
301222.SZ,浙江恒威,48.39,-2.478839177750901,34.02,33.92,-0.70052539,34.46,33.33,1188/5521,33.92,34.46,33.33,34.02,3.298307,2695315,33,301222,20260331
603816.SH,顾家家居,29.04,-1.2580754845290751,33.4,34.29,-2.19619327,34.84,33.33,1188/5521,34.29,34.84,33.33,33.4,4.421669,3120775,17,603816,20260331
301007.SZ,德迈仕,36.1,1.4044943820224718,33.61,33.43,0.53843853,34.45,33.29,1191/5521,33.43,34.45,33.29,33.61,3.469937,2069300,33,301007,20260331
600096.SH,云天化,36.18,-1.3631406761177753,33.39,34.94,-4.54545455,35.05,33.27,1192/5521,34.94,35.05,33.27,33.39,5.088622,5.6047209E7,17,600096,20260331
603380.SH,易德龙,36.88,2.2172949002217415,33.28,33.48,-0.71599045,34,33.22,1193/5521,33.48,34,33.22,33.28,2.326968,854700,17,603380,20260331
600141.SH,兴发集团,32.64,-2.741358760429087,33.38,34.33,-2.73892774,34.43,33.2,1194/5521,34.33,34.43,33.2,33.38,3.583916,1.7808681E7,17,600141,20260331
301024.SZ,霍普股份,41.25,2.4081429990069485,33.2,34.65,-1.80419994,34.65,33.19,1195/5521,34.65,34.65,33.19,33.2,4.318249,1086700,33,301024,20260331
920799.BJ,艾融软件,34.79,1.8740849194729154,33.19,33.56,-0.59898173,34,33.16,1196/5521,33.56,34,33.16,33.19,2.515723,1831068,151,920799,20260331
603376.SH,大明电子,30.27,-0.42763157894736514,33.13,33.48,-0.98625224,33.77,33.1,1197/5521,33.48,33.77,33.1,33.13,2.00239,927185,17,603376,20260331
301282.SZ,金禄电子,39.57,-6.34319526627219,34.5,33.44,4.32416087,35.32,33.06,1198/5521,33.44,35.32,33.06,34.5,6.833988,1.7814519E7,33,301282,20260331
300844.SZ,山水比德,35.14,0.9480034472852579,33.38,34.48,-3.02149913,34.76,33.05,1199/5521,34.48,34.76,33.05,33.38,4.968041,689500,33,300844,20260331
603489.SH,八方股份,37.15,1.088435374149656,33.15,33.84,-3.01345816,34.15,33.03,1200/5521,33.84,34.15,33.03,33.15,3.27677,4937860,17,603489,20260331
301101.SZ,明月镜片,35.54,-1.2777777777777801,33.01,33.49,-1.13806529,33.79,33.01,1201/5521,33.49,33.79,33.01,33.01,2.336028,1071861,33,301101,20260331
300888.SZ,稳健医疗,31.34,0.1277955271565468,33.02,33.42,-1.19688809,33.83,33,1202/5521,33.42,33.83,33,33.02,2.483542,2493879,33,300888,20260331
300627.SZ,华测导航,31.69,-0.47110552763818647,33.26,33,0.84899939,33.8,32.96,1203/5521,33,33.8,32.96,33.26,2.546998,8302510,33,300627,20260331
601231.SH,环旭电子,37.8,-6.156901688182731,33.0,33.66,-2.45344369,34.52,32.96,1203/5521,33.66,34.52,32.96,33.0,4.611291,3.3133101E7,17,601231,20260331
920592.BJ,华信永道,31.47,6.353497803311926,32.93,33.59,-0.81325301,34,32.93,1205/5521,33.59,34,32.93,32.93,3.222891,1241550,151,920592,20260331
300321.SZ,同大股份,37.8,1.6402258671685923,33.23,33.51,-0.74671446,34.06,32.9,1206/5521,33.51,34.06,32.9,33.23,3.464755,1369600,33,300321,20260331
301208.SZ,中亦科技,34.01,1.0098010098009988,32.92,33.66,-2.19845514,33.99,32.9,1206/5521,33.66,33.99,32.9,32.92,3.238265,844207,33,301208,20260331
301330.SZ,熵基科技,30.92,-1.3086498563676878,32.91,33.55,-2.05357143,34.04,32.9,1206/5521,33.55,34.04,32.9,32.91,3.392857,1922050,33,301330,20260331
301297.SZ,富乐德,43.2,-2.394938996836862,32.95,33.27,-1.22901679,33.68,32.89,1209/5521,33.27,33.68,32.89,32.95,2.368105,2585700,33,301297,20260331
688153.SH,唯捷创芯,31.99,3.1602708803611637,32.89,33.3,-2.37459187,33.99,32.89,1209/5521,33.3,33.99,32.89,32.89,3.265063,2412130,17,688153,20260331
301578.SZ,辰奕智能,34.73,1.6388645010242762,33.0,33.49,-0.96038415,33.79,32.88,1211/5521,33.49,33.79,32.88,33.0,2.731092,733410,33,301578,20260331
605258.SH,协和电子,34.73,-2.003386004514675,32.97,33.71,-2.31111111,33.98,32.82,1212/5521,33.71,33.98,32.82,32.97,3.437037,2089900,17,605258,20260331
600779.SH,水井坊,32.51,0.7437248218159122,32.79,33.58,-0.12183978,34.12,32.79,1213/5521,33.58,34.12,32.79,32.79,4.051172,3781832,17,600779,20260331
300812.SZ,易天股份,35.02,-0.39817974971556735,33.03,34.29,-4.56515458,34.53,32.78,1214/5521,34.29,34.53,32.78,33.03,5.056342,7128220,33,300812,20260331
920112.BJ,巴兰仕,32.47,0.6197706848465935,32.95,33.19,0.18242627,33.33,32.76,1215/5521,33.19,33.33,32.76,32.95,1.733049,168191,151,920112,20260331
688152.SH,麒麟信安,35.29,3.217315004387252,32.81,33.41,-2.23480334,34.03,32.75,1216/5521,33.41,34.03,32.75,32.81,3.814064,951020,17,688152,20260331
002933.SZ,新兴装备,30.72,-2.7848101265822867,32.76,33.12,-0.99728015,33.6,32.71,1217/5521,33.12,33.6,32.71,32.76,2.689634,1959466,33,002933,20260331
603722.SH,阿科力,39.08,0.20512820512820076,32.77,33.2,-1.1761158,33.44,32.71,1217/5521,33.2,33.44,32.71,32.77,2.201447,776131,17,603722,20260331
688357.SH,建龙微纳,36.56,-3.4846884899683217,33.25,32.8,1.37195122,34.28,32.7,1219/5521,32.8,34.28,32.7,33.25,4.817073,1571178,17,688357,20260331
603773.SH,沃格光电,69.35,-0.5592199598508756,32.76,34.09,-4.01406387,34.4,32.68,1220/5521,34.09,34.4,32.68,32.76,5.039554,6974135,17,603773,20260331
603272.SH,*ST联翔,26.8,5.015673981191227,33.0,36.26,-7.17299578,37,32.67,1221/5521,36.26,37,32.67,33.0,12.180028,1.3432161E7,22,603272,20260331
301382.SZ,蜂助手,44.0,2.972150713784234,32.66,33.04,-1.74488568,34.2,32.63,1222/5521,33.04,34.2,32.63,32.66,4.723225,7021565,33,301382,20260331
688458.SH,美芯晟,36.86,0.6004366812227043,32.75,33.05,-1.2066365,34.2,32.62,1223/5521,33.05,34.2,32.62,32.75,4.766214,1914036,17,688458,20260331
002978.SZ,安宁股份,31.11,-1.4882837238758673,32.67,33.4,-1.89189189,33.52,32.6,1224/5521,33.4,33.52,32.6,32.67,2.762762,3276381,33,002978,20260331
300992.SZ,泰福泵业,30.59,1.157407407407412,41.88,33.51,20,41.88,32.6,1224/5521,33.51,41.88,32.6,41.88,26.590257,1.5634493E7,33,300992,20260331
601698.SH,中国卫通,36.67,2.976691940466168,33.0,32.82,0.67114094,34.26,32.6,1224/5521,32.82,34.26,32.6,33.0,5.064063,6.697437E7,17,601698,20260331
601899.SH,紫金矿业,33.3,-2.4604569420035247,32.72,32.98,-0.18303844,33.5,32.6,1224/5521,32.98,33.5,32.6,32.72,2.745576,2.53105884E8,17,601899,20260331
600343.SH,航天动力,34.52,3.7883343355381998,34.38,32.58,5.52486188,35.75,32.58,1228/5521,32.58,35.75,32.58,34.38,9.729895,1.29497889E8,17,600343,20260331
601877.SH,正泰电器,32.73,0.39877300613495537,32.65,33.29,-1.71583384,34.05,32.55,1229/5521,33.29,34.05,32.55,32.65,4.515352,3.0159221E7,17,601877,20260331
605058.SH,澳弘电子,34.48,-1.654306902452953,32.67,32.97,-1.89189189,33.79,32.55,1229/5521,32.97,33.79,32.55,32.67,3.723723,2739750,17,605058,20260331
688262.SH,国芯科技,38.97,3.8646055437100095,32.81,32.78,0.06099421,34.29,32.53,1231/5521,32.78,34.29,32.53,32.81,5.36749,8582825,17,688262,20260331
605358.SH,立昂微,41.06,5.228088159917988,32.57,33.35,-2.8051328,33.65,32.52,1232/5521,33.35,33.65,32.52,32.57,3.372127,8881348,17,605358,20260331
300809.SZ,华辰装备,32.05,2.8892455858747947,32.94,32.51,0.98099326,33.38,32.51,1233/5521,32.51,33.38,32.51,32.94,2.667075,3912749,33,300809,20260331
002841.SZ,视源股份,36.91,0.0,32.59,32.7,-0.36686029,33.22,32.5,1234/5521,31.98,32.5,31.78,31.87,2.201161,4058279,33,002841,20260331
301057.SZ,汇隆新材,32.34,-0.5229160258381871,32.59,34,-3.57988166,34,32.5,1234/5521,34,34,32.5,32.59,4.437869,1625279,33,301057,20260331
301218.SZ,华是科技,34.76,-0.6857142857142914,34.0,33.01,2.99909118,36.38,32.5,1234/5521,33.01,36.38,32.5,34.0,11.754013,7209629,33,301218,20260331
300859.SZ,西域旅游,31.36,-1.1660888748818183,32.56,32.9,-1.48260212,33.69,32.48,1237/5521,32.6,33.39,32.18,32.26,3.661119,3397739,33,300859,20260331
603556.SH,海兴电力,28.72,-2.6110545947778894,32.8,33.39,-1.35338346,33.6,32.47,1238/5521,33.39,33.6,32.47,32.8,3.398496,5014491,17,603556,20260331
300833.SZ,浩洋股份,37.32,3.955431754874657,32.6,32.66,0.06138735,33.59,32.46,1239/5521,32.66,33.59,32.46,32.6,3.468385,1284750,33,300833,20260331
603194.SH,中力股份,34.87,-0.6835659356308801,32.59,32.73,-0.42774213,33.14,32.46,1239/5521,32.73,33.14,32.46,32.59,2.077604,1116200,17,603194,20260331
603198.SH,迎驾贡酒,38.0,-2.162718846549957,32.5,34,0.33961099,34.89,32.46,1239/5521,34,34.89,32.46,32.5,7.502315,8720994,17,603198,20260331
603281.SH,江瀚新材,33.82,-1.6288539848749337,33.08,32.61,0.97680098,33.76,32.46,1239/5521,32.61,33.76,32.46,33.08,3.968253,3304994,17,603281,20260331
000063.SZ,中兴通讯,36.7,0.7688083470620569,32.44,32.5,-0.46026388,33.29,32.43,1243/5521,32.5,33.29,32.43,32.44,2.638846,5.9161649E7,33,000063,20260331
688716.SH,中研股份,32.12,0.75282308657465,32.42,33.09,-2.0247809,33.58,32.41,1244/5521,33.09,33.58,32.41,32.42,3.535811,1043780,17,688716,20260331
002827.SZ,高争民爆,30.2,-1.4038524322559573,32.91,32.5,1.01289134,33.45,32.4,1245/5521,32.5,33.45,32.4,32.91,3.222836,3285800,33,002827,20260331
300628.SZ,亿联网络,36.53,-0.7336956521739023,32.74,32.53,0.55282555,32.99,32.4,1245/5521,32.53,32.99,32.4,32.74,1.812039,6040598,33,300628,20260331
300723.SZ,一品红,41.45,4.0934203917629395,32.43,32.96,-1.57814871,33.71,32.4,1245/5521,32.96,33.71,32.4,32.43,3.97572,1.0277171E7,33,300723,20260331
300973.SZ,立高食品,29.78,-2.0072392234287575,32.4,33.31,-2.64423077,33.71,32.4,1245/5521,33.31,33.71,32.4,32.4,3.936298,2149377,33,300973,20260331
601995.SH,中金公司,34.23,-0.5808887598025061,32.39,32.81,-0.61368518,33.05,32.39,1249/5521,32.81,33.05,32.39,32.39,2.025161,1.1974363E7,17,601995,20260331
301092.SZ,争光股份,41.13,8.151459374178284,32.52,32.99,-2.04819277,33.59,32.35,1250/5521,32.99,33.59,32.35,32.52,3.734939,1313517,33,301092,20260331
920779.BJ,武汉蓝电,32.3,-4.26793123888561,32.44,34,-5.97101449,34.55,32.35,1250/5521,33.3,33.85,31.65,31.74,6.376811,1622267,151,920779,20260331
603868.SH,飞科电器,34.5,2.071005917159772,32.47,32.87,-1.36695018,33.47,32.31,1252/5521,32.87,33.47,32.31,32.47,3.523693,2186190,17,603868,20260331
002842.SZ,翔鹭钨业,38.49,10.002857959416975,32.75,33.8,-3.10650888,34.08,32.26,1253/5521,33.8,34.08,32.26,32.75,5.384615,3.5905879E7,33,002842,20260331
301112.SZ,信邦智能,35.7,0.6768189509306316,32.5,32.48,0.43263288,32.92,32.25,1254/5521,32.48,32.92,32.25,32.5,2.070457,808349,33,301112,20260331
301555.SZ,惠柏新材,36.17,-1.6317650258362832,32.22,33.88,-4.95575221,33.96,32.15,1255/5521,33.88,33.96,32.15,32.22,5.339233,2617655,33,301555,20260331
920035.BJ,精创电气,31.92,6.400000000000006,33.0,32.14,3.67577757,33.96,32.14,1256/5521,26.36666667,27.88333333,26.36666667,27.08,5.717876,966495,151,920035,20260331
605488.SH,福莱新材,33.19,0.7283763277693319,32.17,32.6,-1.10667077,33.34,32.13,1257/5521,32.6,33.34,32.13,32.17,3.719643,4209960,17,605488,20260331
688819.SH,天能股份,30.48,-14.788929270338278,32.31,32.27,-0.88957055,33.18,32.11,1258/5521,32.27,33.18,32.11,32.31,3.282208,5775774,17,688819,20260331
300571.SZ,平治信息,44.35,4.352941176470591,32.1,32.82,-3.37146297,33.4,32.09,1259/5521,32.82,33.4,32.09,32.1,3.943407,7839616,33,300571,20260331
300917.SZ,特发服务,33.72,3.2455603184323403,32.05,32.88,-0.55848588,33.08,32.05,1260/5521,32.88,33.08,32.05,32.05,3.19578,3299758,33,300917,20260331
603353.SH,和顺石油,43.09,-1.6659059790050135,32.06,32.98,-3.20048309,33.4,32.03,1261/5521,32.98,33.4,32.03,32.06,4.136473,6104155,17,603353,20260331
603285.SH,键邦股份,43.59,1.7507002801120446,32.7,33.2,-0.456621,33.96,32,1262/5521,33.2,33.96,32,32.7,5.966514,4617094,17,603285,20260331
603127.SH,昭衍新药,38.87,0.5952380952380871,34.2,32,6.54205607,35.31,31.99,1263/5521,32,35.31,31.99,34.2,10.342679,5.5774268E7,17,603127,20260331
603659.SH,璞泰来,36.27,-3.5885167464114684,31.98,33.61,-4.8497471,33.61,31.98,1264/5521,33.38,33.38,31.75,31.75,4.849747,7.1985983E7,17,603659,20260331
300810.SZ,中科海讯,32.9,1.2307692307692264,31.93,32.35,-1.51141271,33.05,31.92,1265/5521,32.35,33.05,31.92,31.93,3.485502,1991550,33,300810,20260331
301388.SZ,欣灵电气,31.94,-0.031298904538334935,32.03,33.34,-4.01558286,33.51,31.92,1265/5521,33.34,33.51,31.92,32.03,4.764758,2231909,33,301388,20260331
603529.SH,爱玛科技,23.41,-0.5099872503187463,32.35,32.01,1.06216807,33.36,31.91,1267/5521,32.01,33.36,31.91,32.35,4.529834,2.7208976E7,17,603529,20260331
603216.SH,梦天家居,29.6,0.06761325219744127,31.92,32.65,-0.9618368,32.85,31.9,1268/5521,32.65,32.85,31.9,31.92,2.947564,2624500,17,603216,20260331
300903.SZ,科翔股份,49.67,-1.1542288557213896,31.97,32.9,-2.41147741,33.77,31.88,1269/5521,32.9,33.77,31.88,31.97,5.76923,1.6755532E7,33,300903,20260331
603197.SH,保隆科技,33.84,-0.7624633431084985,31.97,31.88,0.28230866,32.34,31.88,1269/5521,31.88,32.34,31.88,31.97,1.44291,1434800,17,603197,20260331
301380.SZ,挖金客,34.38,0.5851375073142272,32.61,32.18,1.33623369,33.38,31.82,1271/5521,32.18,33.38,31.82,32.61,4.847731,1928045,33,301380,20260331
603097.SH,江苏华辰,27.08,-1.7059891107078127,31.99,32.85,-3.23653962,33.4,31.82,1271/5521,32.85,33.4,31.82,31.99,4.779189,2773500,17,603097,20260331
605128.SH,上海沿浦,34.2,2.70270270270272,31.82,32.77,-2.36268794,32.78,31.82,1271/5521,32.77,32.78,31.82,31.82,2.945688,1716800,17,605128,20260331
300906.SZ,日月明,35.63,1.8000000000000074,33.45,32.04,5.02354788,34.19,31.79,1274/5521,32.04,34.19,31.79,33.45,7.535321,4507917,33,300906,20260331
301258.SZ,富士莱,30.0,0.4016064257028146,31.75,31.94,-1.42812791,32.62,31.74,1275/5521,31.94,32.62,31.74,31.75,2.73207,961400,33,301258,20260331
002150.SZ,正泰电源,29.06,1.3956734124214885,31.8,33.16,-5.38530199,33.89,31.71,1276/5521,33.16,33.89,31.71,31.8,6.486164,3.5124123E7,33,002150,20260331
603583.SH,捷昌驱动,28.88,-1.5006821282401135,31.65,31.66,0,32.05,31.6,1277/5521,31.66,32.05,31.6,31.65,1.4218,2201654,17,603583,20260331
603860.SH,中公高科,32.8,0.18326206475258144,31.6,31.66,-0.34689372,32.62,31.51,1278/5521,31.66,32.62,31.51,31.6,3.500473,1833800,17,603860,20260331
002831.SZ,裕同科技,37.84,-2.0196789228378926,31.7,32.89,-3.82281553,33.38,31.5,1279/5521,32.89,33.38,31.5,31.7,5.703883,8984783,33,002831,20260331
300765.SZ,新诺威,30.37,1.4362057448229784,31.76,32.28,-1.48883375,33.1,31.5,1279/5521,32.28,33.1,31.5,31.76,4.962779,1.1345629E7,33,300765,20260331
603992.SH,松霖科技,31.9,-3.799758745476472,31.55,34.52,-8.63017666,34.74,31.5,1279/5521,34.52,34.74,31.5,31.55,9.383145,1.0500034E7,17,603992,20260331
688683.SH,莱尔科技,44.0,-1.895206243032333,31.57,32.14,-1.12746633,32.89,31.5,1279/5521,32.14,32.89,31.5,31.57,4.353272,706793,17,688683,20260331
920050.BJ,爱舍伦,33.08,1.3790989886607286,31.98,31.45,1.49158997,32.57,31.45,1283/5521,31.45,32.57,31.45,31.98,3.554427,422573,151,920050,20260331
000960.SZ,锡业股份,35.25,-1.5638089919017097,31.56,32.47,-2.83251232,32.86,31.41,1284/5521,32.22,32.61,31.16,31.31,4.464285,4.4981049E7,33,000960,20260331
301533.SZ,威马农机,33.13,0.7603406326034062,31.5,32.3,-1.5625,32.3,31.41,1284/5521,32.3,32.3,31.41,31.5,2.78125,781861,33,301533,20260331
002558.SZ,巨人网络,32.82,-2.059086839749322,31.54,31.59,0.34998409,32.75,31.4,1286/5521,31.59,32.75,31.4,31.54,4.295259,3.5832579E7,33,002558,20260331
001328.SZ,登康口腔,31.8,-3.1078610603290664,31.7,32.18,-0.9375,32.49,31.39,1287/5521,32.18,32.49,31.39,31.7,3.4375,1640500,33,001328,20260331
300557.SZ,理工光科,35.28,0.6849315068493208,31.59,32.12,-2.37948084,32.62,31.37,1288/5521,32.12,32.62,31.37,31.59,3.862793,3222339,33,300557,20260331
688208.SH,道通科技,33.87,-0.8199121522694031,31.45,31.88,-1.31785378,32.29,31.37,1288/5521,31.88,32.29,31.37,31.45,2.886727,6204308,17,688208,20260331
600745.SH,闻泰科技,28.12,0.0,31.36,31.75,-1.96936543,32.07,31.35,1290/5521,31.75,32.07,31.35,31.36,2.250703,1.4493864E7,17,600745,20260331
688522.SH,纳睿雷达,34.95,1.5103107754865035,31.38,31.74,-1.10305704,32.37,31.33,1291/5521,31.74,32.37,31.33,31.38,3.277655,3001083,17,688522,20260331
300706.SZ,阿石创,42.5,3.9119804400978033,31.38,32.42,-3.20789636,32.46,31.32,1292/5521,32.42,32.46,31.32,31.38,3.516347,3995900,33,300706,20260331
601069.SH,西部黄金,32.59,1.022938623682596,31.45,31.5,0.5756316,32.46,31.32,1292/5521,31.5,32.46,31.32,31.45,3.645666,1.8129074E7,17,601069,20260331
603059.SH,倍加洁,34.58,-2.0396600566572207,31.32,32.09,-2.36907731,32.41,31.31,1294/5521,32.09,32.41,31.31,31.32,3.428927,2722900,17,603059,20260331
603897.SH,长城科技,52.36,9.999999999999995,31.31,33,-4.80389176,33.05,31.31,1294/5521,33,33.05,31.31,31.31,5.290361,1.1807236E7,17,603897,20260331
001279.SZ,强邦新材,30.46,0.8275405494869248,31.28,31.49,-0.63532402,31.97,31.21,1296/5521,31.49,31.97,31.21,31.28,2.414231,752200,33,001279,20260331
300905.SZ,宝丽迪,68.12,0.029368575624097257,31.3,32.3,-3.36523618,32.34,31.2,1297/5521,32.3,32.34,31.2,31.3,3.519604,2596919,33,300905,20260331
600482.SH,中国动力,38.57,-3.2605969400551724,31.33,32,-1.32283465,33.07,31.2,1297/5521,32,33.07,31.2,31.33,5.889763,3.2879586E7,17,600482,20260331
920086.BJ,科马材料,29.57,2.212236432768754,31.24,31.49,0.41787207,32.55,31.2,1297/5521,31.49,32.55,31.2,31.24,4.33944,1986261,151,920086,20260331
688139.SH,海尔生物,31.4,-4.004891470498325,31.21,31.75,-0.92063492,31.83,31.19,1300/5521,31.75,31.83,31.19,31.21,2.031746,1775205,17,688139,20260331
000915.SZ,华特达因,28.96,1.117318435754191,31.19,31.33,-0.25583626,31.69,31.18,1301/5521,31.33,31.69,31.18,31.19,1.630956,2450000,33,000915,20260331
300115.SZ,长盈精密,33.25,4.231974921630099,31.18,31.65,-1.82619647,32.2,31.18,1301/5521,31.65,32.2,31.18,31.18,3.211586,2.923183E7,33,300115,20260331
301270.SZ,汉仪股份,33.34,-0.8033323415649986,31.18,31.9,-1.73337535,32.5,31.16,1303/5521,31.9,32.5,31.16,31.18,4.223132,1695800,33,301270,20260331
002378.SZ,章源钨业,33.86,2.855407047387599,31.31,32.49,-2.82433271,32.7,31.14,1304/5521,32.49,32.7,31.14,31.31,4.841713,4.7183451E7,33,002378,20260331
688071.SH,华依科技,33.24,2.0571077678845615,31.33,31.27,0.41666667,32.88,31.13,1305/5521,31.27,32.88,31.13,31.33,5.608974,2033825,17,688071,20260331
688557.SH,兰剑智能,34.88,1.9883040935672505,31.2,32.57,-2.01005025,32.57,31.13,1305/5521,32.57,32.57,31.13,31.2,4.522613,1352254,17,688557,20260331
301469.SZ,恒达新材,36.25,-1.2530645600653796,31.12,31.94,-2.56731371,32.28,31.12,1307/5521,31.94,32.28,31.12,31.12,3.631809,857300,33,301469,20260331
002190.SZ,成飞集成,29.52,0.9921313718782044,31.12,31.25,-0.73365231,31.59,31.11,1308/5521,31.25,31.59,31.11,31.12,1.5311,3462099,33,002190,20260331
301067.SZ,显盈科技,32.66,-2.6817640047675972,31.16,31.45,-0.1921845,32.65,31.11,1308/5521,31.45,32.65,31.11,31.16,4.932735,1861600,33,301067,20260331
301130.SZ,西点药业,32.12,1.581277672359255,31.14,31.66,-1.64245104,32.18,31.1,1310/5521,31.66,32.18,31.1,31.14,3.411244,2055930,33,301130,20260331
301522.SZ,上大股份,31.79,1.7605633802816925,31.18,31.33,0.06418485,31.92,31.1,1310/5521,31.33,31.92,31.1,31.18,2.631578,5198736,33,301522,20260331
688767.SH,博拓生物,34.89,-2.8674832962138117,31.12,31.74,-1.95337114,32.1,31.1,1310/5521,31.74,32.1,31.1,31.12,3.150598,1111478,17,688767,20260331
920026.BJ,卓兆点胶,33.61,-1.725146198830419,31.37,31.06,1.09571383,32.22,31.06,1313/5521,31.06,32.22,31.06,31.37,3.738317,457018,151,920026,20260331
301259.SZ,艾布鲁,40.09,2.0621181262729182,31.09,32.35,-3.50713842,32.35,31.03,1314/5521,32.35,32.35,31.03,31.09,4.096834,2073597,33,301259,20260331
301378.SZ,通达海,33.19,0.9735320961362954,31.23,31.72,-1.01426307,32.61,31.03,1314/5521,31.72,32.61,31.03,31.23,5.007923,1628307,33,301378,20260331
920060.BJ,万源通,31.09,-4.426683061789121,31.09,31.6,-2.2327044,32.13,31.03,1314/5521,31.1,31.63,30.53,30.59,3.459119,2389558,151,920060,20260331
001259.SZ,利仁科技,34.34,0.8813160987074156,31.16,32.5,-2.53362527,32.5,31.01,1317/5521,32.5,32.5,31.01,31.16,4.660619,1230100,33,001259,20260331
002940.SZ,昂利康,33.08,-3.189932689493718,31.71,31.11,1.34228188,32.28,31,1318/5521,31.11,32.28,31,31.71,4.090763,1.6004122E7,33,002940,20260331
001311.SZ,多利科技,30.26,2.3680649526387105,31.5,31,2.00777202,32.23,30.98,1319/5521,31,32.23,30.98,31.5,4.047927,3810473,33,001311,20260331
600645.SH,中源协和,25.87,-2.192816635160674,30.9,31.58,-2.98273155,32.08,30.9,1320/5521,31.58,32.08,30.9,30.9,3.704866,1.6607077E7,17,600645,20260331
920839.BJ,万通液压,31.38,0.3517748640869825,32.09,31.16,3.44938749,32.99,30.87,1321/5521,31.16,32.99,30.87,32.09,6.8343,1384546,151,920839,20260331
688510.SH,航亚科技,33.28,4.687008493236873,30.86,32.13,-2.92544825,32.79,30.86,1322/5521,32.13,32.79,30.86,30.86,6.071091,7628858,17,688510,20260331
603068.SH,博通集成,35.48,3.712364805612382,30.9,31.47,-2.06022187,31.74,30.85,1323/5521,31.47,31.74,30.85,30.9,2.820919,1603064,17,603068,20260331
600150.SH,中国船舶,41.76,1.4577259475218696,30.84,30.9,0.9492635,31.53,30.81,1324/5521,30.9,31.53,30.81,30.84,2.356792,8.2588127E7,17,600150,20260331
603067.SH,振华股份,34.98,-1.6033755274261612,31.38,32.13,-2.84829721,32.94,30.8,1325/5521,32.13,32.94,30.8,31.38,6.625386,1.8097474E7,17,603067,20260331
003010.SZ,若羽臣,31.02,0.42084817092910004,30.85,32.01,-3.86413213,32.16,30.79,1326/5521,32.01,32.16,30.79,30.85,4.269242,8867250,33,003010,20260331
300102.SZ,乾照光电,32.82,2.2111491747119305,32.29,30.98,3.92661732,34.18,30.77,1327/5521,30.98,34.18,30.77,32.29,10.975217,1.01860756E8,33,300102,20260331
001266.SZ,宏英智能,40.59,2.7074898785425106,30.75,31.6,-2.19465649,31.96,30.75,1328/5521,31.6,31.96,30.75,30.75,3.8486,1440000,33,001266,20260331
300669.SZ,沪宁股份,32.28,0.5607476635514009,31.46,30.86,1.87823834,32.5,30.75,1328/5521,30.86,32.5,30.75,31.46,5.667098,1881200,33,300669,20260331
688211.SH,中科微至,34.7,2.9062870699881493,30.72,31.27,-0.6146878,31.46,30.68,1330/5521,31.27,31.46,30.68,30.72,2.523455,424605,17,688211,20260331
300748.SZ,金力永磁,32.96,-1.582561958793673,30.69,30.94,-1.15942029,31.39,30.67,1331/5521,30.94,31.39,30.67,30.69,2.31884,1.8428781E7,33,300748,20260331
688689.SH,银河微电,39.09,0.462606013878198,30.65,31.18,-2.60565618,32.1,30.65,1332/5521,31.18,32.1,30.65,30.65,4.607562,2364169,17,688689,20260331
003019.SZ,宸展光电,35.18,-0.789622109419067,30.89,31.08,-0.93008339,31.48,30.61,1333/5521,31.08,31.48,30.61,30.89,2.79025,1982641,33,003019,20260331
603063.SH,禾望电气,43.88,4.153809636838357,30.86,32.51,-6.68279407,32.66,30.61,1333/5521,32.51,32.66,30.61,30.86,6.198971,3.1173494E7,17,603063,20260331
603661.SH,恒林股份,30.53,-4.890965732087228,30.85,30.99,-0.09715026,31.26,30.61,1333/5521,30.99,31.26,30.61,30.85,2.104922,550029,17,603661,20260331
002380.SZ,科远智慧,34.74,-2.058077248378903,30.81,31.48,-2.43825206,31.81,30.6,1336/5521,31.48,31.81,30.6,30.81,3.831538,4230800,33,002380,20260331
300285.SZ,国瓷材料,35.78,-3.2449972958355757,30.7,31.53,0.19582245,32.14,30.6,1336/5521,31.53,32.14,30.6,30.7,5.026109,3.6509462E7,33,300285,20260331
301231.SZ,荣信文化,30.0,2.880658436213991,30.7,31.41,-2.16698534,31.8,30.6,1336/5521,31.41,31.8,30.6,30.7,3.824091,2603023,33,301231,20260331
603698.SH,航天工程,43.97,10.007505629221917,30.63,30.75,-0.68093385,31.8,30.6,1336/5521,30.75,31.8,30.6,30.63,3.89105,2.0608689E7,17,603698,20260331
688069.SH,德林海,39.0,7.586206896551724,30.73,31.18,-0.99871134,32.56,30.6,1336/5521,31.18,32.56,30.6,30.73,6.314432,3541375,17,688069,20260331
688175.SH,高凌信息,36.67,3.0924936744447606,33.5,36.5,-5.50070522,36.52,30.6,1336/5521,36.5,36.52,30.6,33.5,16.699576,8527858,17,688175,20260331
688206.SH,概伦电子,34.01,1.856843366277321,30.76,31.03,-1.15681234,31.48,30.6,1336/5521,31.03,31.48,30.6,30.76,2.827763,2500107,17,688206,20260331
000526.SZ,学大教育,34.76,4.7619047619047565,30.69,31.19,-1.60307791,31.65,30.58,1343/5521,31.19,31.65,30.58,30.69,3.430586,1612000,33,000526,20260331
688479.SH,友车科技,40.84,4.450127877237857,31.57,30.73,2.80039075,32.3,30.58,1343/5521,30.73,32.3,30.58,31.57,5.600781,2379356,17,688479,20260331
920396.BJ,常辅股份,28.85,1.4773126978543851,30.95,30.58,0.48701299,31.5,30.58,1343/5521,30.58,31.5,30.58,30.95,2.987012,1386102,151,920396,20260331
000807.SZ,云铝股份,31.8,-3.9855072463768018,31.0,31,-1.46217419,31.68,30.55,1346/5521,31,31.68,30.55,31.0,3.591862,6.4846273E7,33,000807,20260331
001228.SZ,永泰运,30.27,-3.011855174623522,30.61,31.53,-2.45379222,31.82,30.54,1347/5521,31.53,31.82,30.54,30.61,4.079031,1044000,33,001228,20260331
301195.SZ,北路智控,31.97,0.7881462799495587,30.53,30.85,-0.65082981,31.45,30.51,1348/5521,30.85,31.45,30.51,30.53,3.0589,951800,33,301195,20260331
000933.SZ,神火股份,32.13,-2.783661119515869,30.8,31.98,-3.14465409,32.05,30.5,1349/5521,31.98,32.05,30.5,30.8,4.874213,5.6996036E7,33,000933,20260331
603322.SH,超讯通信,32.5,1.0572139303482695,30.55,31.35,-2.95425667,31.77,30.5,1349/5521,31.35,31.77,30.5,30.55,4.034307,3471000,17,603322,20260331
920735.BJ,德源药业,28.41,1.4642857142857149,30.75,30.67,0.26084121,31.66,30.42,1351/5521,27.51818182,28.41818182,27.29090909,27.59,4.043038,1791966,151,920735,20260331
301366.SZ,一博科技,38.35,0.313889615485233,30.48,30.77,-1.61394448,31.33,30.41,1352/5521,30.77,31.33,30.41,30.48,2.969657,1316952,33,301366,20260331
003017.SZ,大洋生物,32.12,1.0698552548772697,30.45,30.84,-1.26459144,31.5,30.4,1353/5521,30.84,31.5,30.4,30.45,3.566796,1869418,33,003017,20260331
688093.SH,世华科技,32.5,2.3622047244094486,30.4,30.87,-1.93548387,31.35,30.36,1354/5521,30.87,31.35,30.36,30.4,3.193548,2099577,17,688093,20260331
600378.SH,昊华科技,36.4,2.0465377067563693,30.39,31.23,-2.752,31.46,30.31,1355/5521,31.23,31.46,30.31,30.39,3.68,4915276,17,600378,20260331
002415.SZ,海康威视,36.29,4.251651824188443,30.42,30.35,-0.36030134,30.68,30.26,1356/5521,30.35,30.68,30.26,30.42,1.375696,2.3340712E7,33,002415,20260331
603867.SH,新化股份,34.28,0.029180040852051385,30.35,31.01,-2.97314578,31.88,30.24,1357/5521,31.01,31.88,30.24,30.35,5.242966,6490493,17,603867,20260331
920099.BJ,瑞华技术,29.7,-0.8016032064128322,30.26,31.28,-3.19897633,31.44,30.24,1357/5521,31.28,31.44,30.24,30.26,3.838771,870624,151,920099,20260331
603319.SH,美湖股份,38.21,1.4873837981407763,30.25,30.36,-0.26376525,31.95,30.22,1359/5521,30.36,31.95,30.22,30.25,5.703923,1.0113108E7,17,603319,20260331
688181.SH,八亿时空,35.57,-0.19640852974186387,30.3,31.3,-4.26540284,31.6,30.22,1359/5521,31.3,31.6,30.22,30.3,4.360189,2970588,17,688181,20260331
688001.SH,华兴源创,52.91,-3.800000000000006,30.29,30.51,-1.0130719,31.69,30.21,1361/5521,30.51,31.69,30.21,30.29,4.836601,3235718,17,688001,20260331
300890.SZ,翔丰华,40.6,-4.358068315665492,30.28,31.5,-3.99492708,31.54,30.2,1362/5521,31.5,31.54,30.2,30.28,4.248573,5137552,33,300890,20260331
600673.SH,东阳光,35.4,6.819553409776699,30.3,30.56,-0.85078534,31.22,30.2,1362/5521,30.56,31.22,30.2,30.3,3.337696,3.8480504E7,17,600673,20260331
300473.SZ,德尔股份,33.15,-1.3392857142857226,30.26,31.25,-3.41525694,31.72,30.16,1364/5521,31.25,31.72,30.16,30.26,4.979253,4404850,33,300473,20260331
002318.SZ,久立特材,30.12,-1.116217990807616,30.28,30.95,-2.00647249,31.19,30.13,1365/5521,30.95,31.19,30.13,30.28,3.43042,5922782,33,002318,20260331
002801.SZ,微光股份,32.47,1.1841695232159408,30.23,30.57,-1.04746318,30.87,30.13,1365/5521,30.57,30.87,30.13,30.23,2.422258,1900774,33,002801,20260331
301166.SZ,优宁维,31.02,0.4533678756476702,30.15,30.73,-1.66340509,31.4,30.13,1365/5521,30.73,31.4,30.13,30.15,4.142204,1750200,33,301166,20260331
300046.SZ,台基股份,32.24,2.642470550780012,30.16,30.9,-2.86634461,31.24,30.12,1368/5521,30.9,31.24,30.12,30.16,3.607085,3731903,33,300046,20260331
300690.SZ,双一科技,28.69,-0.5890505890505826,30.17,32,-5.74820369,32.14,30.12,1368/5521,32,32.14,30.12,30.17,6.310527,1.3248083E7,33,300690,20260331
688320.SH,禾川科技,33.73,1.2304921968787412,30.16,30.8,-0.23155805,30.85,30.1,1370/5521,30.8,30.85,30.1,30.16,2.480979,1593119,17,688320,20260331
002155.SZ,湖南黄金,29.07,0.27595722662987876,30.9,30.41,1.64473684,31.48,30.09,1371/5521,30.41,31.48,30.09,30.9,4.572368,1.14216776E8,33,002155,20260331
002128.SZ,电投能源,32.36,-1.3113754193351623,30.07,31.37,-3.99106003,31.78,30.06,1372/5521,31.37,31.78,30.06,30.07,5.491698,1.3780223E7,33,002128,20260331
002142.SZ,宁波银行,33.2,-1.0432190760059443,30.45,30.1,1.09561753,30.98,30.06,1372/5521,30.1,30.98,30.06,30.45,3.054448,2.627972E7,33,002142,20260331
688161.SH,威高骨科,27.86,-5.2380952380952355,30.79,30.2,2.12271973,31.25,30.06,1372/5521,30.2,31.25,30.06,30.79,3.946932,3238589,17,688161,20260331
300468.SZ,四方精创,28.47,0.24647887323943762,30.05,31.5,-4.42111959,31.54,30.04,1375/5521,31.5,31.54,30.04,30.05,4.770992,2.8201658E7,33,300468,20260331
300563.SZ,神宇股份,32.32,-0.09273570324575313,30.05,30.4,-1.95758564,30.89,30.02,1376/5521,30.4,30.89,30.02,30.05,2.838499,2547126,33,300563,20260331
688051.SH,佳华科技,42.02,1.8419777023751942,30.03,31.17,-3.12903226,31.69,30.01,1377/5521,31.17,31.69,30.01,30.03,5.419354,648776,17,688051,20260331
002636.SZ,金安国纪,44.9,-0.970445522717258,30.15,32,-6.39552934,32.55,29.93,1378/5521,32,32.55,29.93,30.15,8.134119,4.0287681E7,33,002636,20260331
301510.SZ,固高科技,38.66,1.7368421052631489,30.0,30.4,-1.05540897,30.85,29.93,1378/5521,30.4,30.85,29.93,30.0,3.0343,3209618,33,301510,20260331
603156.SH,养元饮品,37.55,4.771205357142839,29.96,30.57,-1.64149705,30.85,29.92,1380/5521,30.57,30.85,29.92,29.96,3.053184,4422418,17,603156,20260331
920092.BJ,汉鑫科技,28.92,2.0465772759350807,30.12,30.45,-0.26490066,30.89,29.91,1381/5521,30.45,30.89,29.91,30.12,3.245033,771755,151,920092,20260331
002988.SZ,豪美新材,34.65,0.5513639001741083,30.06,30,-0.85751979,31.15,29.9,1382/5521,30,31.15,29.9,30.06,4.122691,2465582,33,002988,20260331
603665.SH,康隆达,28.4,2.6011560693641576,30.18,30.05,0.09950249,30.52,29.9,1382/5521,30.05,30.52,29.9,30.18,2.056384,2097700,17,603665,20260331
301068.SZ,大地海洋,34.95,-2.374301675977638,29.96,31.22,-3.91276459,31.5,29.89,1384/5521,31.22,31.5,29.89,29.96,5.163566,1379800,33,301068,20260331
688618.SH,三旺通信,35.99,-1.559080962800876,31.72,31.23,3.59242325,32.98,29.89,1384/5521,31.23,32.98,29.89,31.72,10.091443,3533674,17,688618,20260331
300545.SZ,联得装备,33.92,0.35502958579883004,30.35,30.14,0.13196965,31.43,29.82,1386/5521,30.14,31.43,29.82,30.35,5.311778,9053591,33,300545,20260331
300100.SZ,双林股份,28.51,1.4590747330960858,29.97,29.92,-0.1998002,30.42,29.81,1387/5521,29.82,30.32,29.71,29.87,2.031302,7085750,33,300100,20260331
688107.SH,安路科技,33.67,6.821065989847723,30.0,30.62,-3.25701387,31.08,29.81,1387/5521,30.62,31.08,29.81,30.0,4.095453,1.0383297E7,17,688107,20260331
300547.SZ,川环科技,38.92,5.331529093369415,29.8,30.2,-1.8121911,30.82,29.8,1389/5521,30.2,30.82,29.8,29.8,3.36079,4724000,33,300547,20260331
688162.SH,巨一科技,32.35,-0.5838967424707981,29.8,29.9,-0.66666667,30.63,29.8,1389/5521,29.9,30.63,29.8,29.8,2.766666,1014240,17,688162,20260331
002402.SZ,和而泰,31.66,2.0960980328926104,29.91,29.79,0.23458445,30.5,29.79,1391/5521,29.79,30.5,29.79,29.91,2.379356,2.5186485E7,33,002402,20260331
300749.SZ,顶固集创,24.29,0.12366034624895954,29.82,30.5,-2.19744178,32.3,29.71,1392/5521,30.5,32.3,29.71,29.82,8.494588,1.19514E7,33,300749,20260331
688786.SH,悦安新材,31.05,-2.419861722187302,29.89,30.56,-1.54808959,30.65,29.71,1392/5521,30.56,30.65,29.71,29.89,3.096179,1704113,17,688786,20260331
001207.SZ,联科科技,18.37,1.10071546505228,29.65,31.49,-4.84595635,31.49,29.63,1394/5521,22.13571429,22.13571429,20.80714286,20.82,5.969191,7321757,33,001207,20260331
300602.SZ,飞荣达,35.73,-2.510231923601642,29.72,30.29,-2.04350692,30.71,29.58,1395/5521,30.29,30.71,29.58,29.72,3.724456,1.0543725E7,33,300602,20260331
300727.SZ,润禾材料,34.18,-1.070911722141816,29.79,30.45,-2.64705882,30.64,29.55,1396/5521,30.45,30.64,29.55,29.79,3.562091,2220570,33,300727,20260331
003004.SZ,*ST声迅,33.1,3.4051858794126946,29.81,29.51,-1.38934833,30.57,29.51,1397/5521,29.51,30.57,29.51,29.81,3.50645,471100,33,003004,20260331
603395.SH,红四方,27.64,0.7288629737609303,29.52,30.3,-1.79640719,30.3,29.49,1398/5521,30.3,30.3,29.49,29.52,2.69461,2954490,17,603395,20260331
688593.SH,新相微,32.94,5.984555984555983,29.6,29.48,-0.20229265,30.97,29.48,1399/5521,29.48,30.97,29.48,29.6,5.0236,8287499,17,688593,20260331
002997.SZ,瑞鹄模具,29.98,2.0422055820285956,29.5,29.66,-0.40513167,30.08,29.45,1400/5521,29.66,30.08,29.45,29.5,2.126941,4021749,33,002997,20260331
688061.SH,灿瑞科技,35.2,1.3532968615030407,29.6,30.63,-2.63157895,30.63,29.45,1400/5521,30.63,30.63,29.45,29.6,3.881578,1415941,17,688061,20260331
688231.SH,隆达股份,38.48,4.056246619794484,29.9,30,-0.06684492,30.58,29.42,1402/5521,30,30.58,29.42,29.9,3.877005,2953344,17,688231,20260331
000975.SZ,山金国际,26.05,-4.263138552002941,29.68,30.18,-0.63608972,30.34,29.4,1403/5521,29.6995979,29.8595979,28.9195979,29.2,3.14697,2.954119E7,33,000975,20260331
300712.SZ,永福股份,26.64,-1.1135857461024525,29.42,30.74,-4.69711694,30.78,29.4,1403/5521,30.74,30.78,29.4,29.42,4.470359,4763684,33,300712,20260331
301273.SZ,瑞晨环保,37.59,3.925905446502631,29.52,30.54,-0.93959732,30.66,29.39,1405/5521,30.54,30.66,29.39,29.52,4.261744,1226500,33,301273,20260331
688136.SH,科兴制药,25.07,-3.16724604094245,29.6,30.13,0.20311442,31.33,29.39,1405/5521,30.13,31.33,29.39,29.6,6.567366,9979596,17,688136,20260331
300937.SZ,药易购,27.77,-2.732049036777587,29.42,29.83,-1.07599193,30.45,29.38,1407/5521,29.83,30.45,29.38,29.42,3.597848,1558900,33,300937,20260331
301499.SZ,维科精密,35.78,3.590040532715698,29.48,29.75,-1.00738751,30.26,29.38,1407/5521,29.75,30.26,29.38,29.48,2.955003,1646800,33,301499,20260331
300928.SZ,华安鑫创,32.27,4.806755440077961,29.45,29.87,-1.3400335,30.24,29.35,1409/5521,29.87,30.24,29.35,29.45,2.981574,887100,33,300928,20260331
688338.SH,赛科希德,30.08,-0.5619834710743858,29.45,29.95,-1.40609307,30.41,29.35,1409/5521,29.95,30.41,29.35,29.45,3.548711,825078,17,688338,20260331
600323.SH,瀚蓝环境,32.01,-1.4166923313828175,29.34,29.89,-1.97126629,30.17,29.34,1411/5521,29.89,30.17,29.34,29.34,2.773137,4479600,17,600323,20260331
301108.SZ,洁雅股份,27.27,0.7760532150776085,29.44,29.81,-1.24119423,30.43,29.32,1412/5521,29.81,30.43,29.32,29.44,3.723582,997572,33,301108,20260331
600511.SH,国药股份,28.66,-0.24364775495997315,29.3,29.38,-0.17035775,29.78,29.3,1413/5521,29.38,29.78,29.3,29.3,1.635434,6009366,17,600511,20260331
688561.SH,奇安信,30.11,1.7573504562352131,29.49,29.29,0.51124744,30.25,29.29,1414/5521,29.29,30.25,29.29,29.49,3.271983,5118867,17,688561,20260331
688566.SH,吉贝尔,28.0,0.14306151645207132,29.36,29.56,0.17059024,30.15,29.25,1415/5521,29.56,30.15,29.25,29.36,3.070624,2132023,17,688566,20260331
300788.SZ,中信出版,35.58,0.9361702127659526,29.26,30.02,-2.79069767,30.29,29.24,1416/5521,30.02,30.29,29.24,29.26,3.488372,3229900,33,300788,20260331
002444.SZ,巨星科技,34.19,-1.29907621247114,29.78,29.74,0.74424899,30.04,29.22,1417/5521,29.74,30.04,29.22,29.78,2.774018,1.2745789E7,33,002444,20260331
301322.SZ,绿通科技,38.8,7.897664071190202,29.45,29.98,-2.45114276,30.5,29.22,1417/5521,29.98,30.5,29.22,29.45,4.239814,1153749,33,301322,20260331
920239.BJ,长虹能源,30.93,-0.9288917360666212,29.28,29.97,-2.3023023,30.33,29.2,1419/5521,29.97,30.33,29.2,29.28,3.770437,1368740,151,920239,20260331
688595.SH,芯海科技,34.26,-1.5517241379310323,29.27,30.28,-4.12708811,30.57,29.19,1420/5521,30.28,30.57,29.19,29.27,4.520144,2962246,17,688595,20260331
920169.BJ,七丰精工,27.41,1.7823988117341272,29.55,29.41,0.3736413,30.6,29.17,1421/5521,29.41,30.6,29.17,29.55,4.857336,2898429,151,920169,20260331
301012.SZ,扬电科技,35.23,-2.598838816698935,29.41,29.94,-1.67168171,30.81,29.16,1422/5521,29.94,30.81,29.16,29.41,5.516549,8860618,33,301012,20260331
002213.SZ,大为股份,37.3,0.7835720075655206,29.13,30.33,-6.03225806,30.45,29.13,1423/5521,30.33,30.45,29.13,29.13,4.258064,2.7442938E7,33,002213,20260331
301161.SZ,唯万密封,32.26,1.5423355366698095,29.22,29.39,-0.57842804,30.28,29.13,1423/5521,29.39,30.28,29.13,29.22,3.912895,2297037,33,301161,20260331
603685.SH,晨丰科技,32.82,-4.1471962616822475,29.8,29.5,0.30292831,31.39,29.12,1425/5521,29.5,31.39,29.12,29.8,7.640525,5139300,17,603685,20260331
601208.SH,东材科技,39.14,1.2415933781686601,29.35,30.38,-3.35857754,30.67,29.08,1426/5521,30.38,30.67,29.08,29.35,5.235429,3.2136614E7,17,601208,20260331
920185.BJ,贝特瑞,30.74,-3.937500000000005,29.07,30.49,-4.68852459,30.67,29.07,1427/5521,30.49,30.67,29.07,29.07,5.245901,7246413,151,920185,20260331
300505.SZ,川金诺,25.29,-1.7482517482517457,29.13,30.68,-6.00193611,31.18,29.05,1428/5521,30.68,31.18,29.05,29.13,6.873184,3.1185661E7,33,300505,20260331
300916.SZ,朗特智能,37.37,2.9760264535684717,29.1,29.71,-2.9029029,30.05,29.03,1429/5521,29.71,30.05,29.03,29.1,3.403403,1434745,33,300916,20260331
688319.SH,欧林生物,30.88,3.139612558450226,29.06,30,-2.61394102,31.2,29,1430/5521,30,31.2,29,29.06,7.372654,1.1855882E7,17,688319,20260331
688358.SH,祥生医疗,31.36,2.0501138952163975,29.09,29.37,-1.356392,29.88,28.99,1431/5521,29.37,29.88,28.99,29.09,3.017972,878923,17,688358,20260331
300983.SZ,尤安设计,31.98,1.523809523809525,29.02,29.71,-2.55204835,29.96,28.98,1432/5521,29.71,29.96,28.98,29.02,3.290799,649451,33,300983,20260331
603829.SH,洛凯股份,28.65,2.79870828848223,29.51,29.55,1.02704553,29.86,28.97,1433/5521,29.55,29.86,28.97,29.51,3.046901,8166707,17,603829,20260331
000762.SZ,西藏矿业,38.7,-0.5141388174807089,29.04,30.59,-6.01941748,30.59,28.9,1434/5521,30.59,30.59,28.9,29.04,5.469255,3.6179377E7,33,000762,20260331
600989.SH,宝丰能源,30.7,-1.381304208159331,29.06,29.99,-3.61525705,30.75,28.9,1434/5521,29.57,30.33,28.48,28.64,6.135986,1.17851821E8,17,600989,20260331
300813.SZ,泰林生物,25.63,0.7864726700747121,28.97,30.8,-6.18523316,30.87,28.88,1436/5521,30.8,30.87,28.88,28.97,6.4443,8477823,33,300813,20260331
301508.SZ,中机认检,29.39,0.1362862010221436,28.95,29.25,-1.05946685,29.49,28.85,1437/5521,29.25,29.49,28.85,28.95,2.187286,1648350,33,301508,20260331
605589.SH,圣泉集团,39.08,-4.239157069345758,28.83,29.66,-2.60135135,29.69,28.83,1438/5521,29.66,29.69,28.83,28.83,2.905405,1.1936513E7,17,605589,20260331
002484.SZ,江海股份,38.35,0.4452592980618169,28.92,29.65,-2.82258065,30.04,28.81,1439/5521,29.65,30.04,28.81,28.92,4.133064,2.1325106E7,33,002484,20260331
300722.SZ,新余国科,28.27,0.5691924581999294,29.24,28.9,1.00172712,29.53,28.81,1439/5521,28.9,29.53,28.81,29.24,2.487046,3159436,33,300722,20260331
301456.SZ,盘古智能,31.34,0.5776636713735549,28.89,29.71,-4.17910448,30.15,28.8,1441/5521,29.71,30.15,28.8,28.89,4.477611,4095210,33,301456,20260331
920976.BJ,视声智能,30.58,4.08441116405718,29.68,29.38,1.12436116,29.69,28.8,1441/5521,29.38,29.69,28.8,29.68,3.032367,1247592,151,920976,20260331
300657.SZ,弘信电子,35.76,1.5043996593812126,28.84,29.62,-3.22147651,30.15,28.75,1443/5521,29.62,30.15,28.75,28.84,4.697986,1.9892821E7,33,300657,20260331
301040.SZ,中环海陆,32.3,4.193548387096765,28.83,29.74,-3.35232987,30.43,28.75,1443/5521,29.74,30.43,28.75,28.83,5.631914,8122451,33,301040,20260331
301163.SZ,宏德股份,30.9,1.3114754098360608,28.86,29.55,-2.33502538,29.9,28.75,1443/5521,29.55,29.9,28.75,28.86,3.891708,2171700,33,301163,20260331
688391.SH,钜泉科技,31.13,2.1325459317585254,28.75,29.34,-3.03541315,29.84,28.75,1443/5521,29.34,29.84,28.75,28.75,3.676222,885791,17,688391,20260331
300851.SZ,交大思诺,30.68,1.2875536480686713,29.47,29.25,0.95923261,30.72,28.73,1447/5521,29.25,30.72,28.73,29.47,6.817403,2675300,33,300851,20260331
001268.SZ,联合精密,38.41,9.994272623138587,28.8,29.3,-2.04081633,29.69,28.72,1448/5521,29.3,29.69,28.72,28.8,3.299319,902900,33,001268,20260331
600389.SH,江山股份,28.9,-1.466075690419365,29.03,29.43,-1.39266304,29.67,28.7,1449/5521,29.43,29.67,28.7,29.03,3.294836,9616663,17,600389,20260331
300204.SZ,舒泰神,27.63,-0.7899461400359152,30.03,28.77,4.37956204,30.54,28.68,1450/5521,28.77,30.54,28.68,30.03,6.465067,8.1593761E7,33,300204,20260331
688612.SH,威迈斯,32.82,0.15257857796764465,28.75,29.46,-2.37691002,29.46,28.67,1451/5521,29.46,29.46,28.67,28.75,2.682512,3043518,17,688612,20260331
300999.SZ,金龙鱼,28.54,1.783166904422254,28.67,29.01,-1.34205093,29.35,28.66,1452/5521,29.01,29.35,28.66,28.67,2.374397,1.2052232E7,33,300999,20260331
301000.SZ,肇民科技,27.36,-0.14598540145985092,28.66,28.95,-0.89903181,29.59,28.66,1452/5521,28.95,29.59,28.66,28.66,3.215767,3243553,33,301000,20260331
688530.SH,欧莱新材,53.2,7.04225352112676,28.89,31.59,-8.05219605,31.59,28.65,1454/5521,31.59,31.59,28.65,28.89,9.357097,9627784,17,688530,20260331
300644.SZ,南京聚隆,28.11,0.7888131946934344,28.66,28.97,-0.86475268,29.37,28.61,1455/5521,28.97,29.37,28.61,28.66,2.628848,2066735,33,300644,20260331
688478.SH,晶升股份,41.94,0.5996641880546895,28.63,29.3,-2.32002729,29.89,28.6,1456/5521,29.3,29.89,28.6,28.63,4.401228,1507587,17,688478,20260331
688076.SH,ST诺泰,29.73,1.74537987679672,29.07,28.62,1.43056525,29.36,28.59,1457/5521,28.62,29.36,28.59,29.07,2.686671,2733281,22,688076,20260331
001288.SZ,运机集团,28.11,1.7004341534008642,29.05,28.74,1.75131349,30.17,28.58,1458/5521,28.74,30.17,28.58,29.05,5.569176,4885500,33,001288,20260331
300886.SZ,华业香料,29.95,2.0790729379686415,28.71,29.08,-1.34020619,29.46,28.56,1459/5521,29.08,29.46,28.56,28.71,3.092783,1327561,33,300886,20260331
600685.SH,中船防务,32.15,-0.648949320148334,28.58,28.89,-1.3121547,29.41,28.56,1459/5521,28.89,29.41,28.56,28.58,2.935082,1.3220586E7,17,600685,20260331
605003.SH,众望布艺,29.75,4.679802955665019,28.56,29.11,-3.41562394,29.76,28.56,1459/5521,29.11,29.76,28.56,28.56,4.058167,1329901,17,605003,20260331
688321.SH,微芯生物,31.32,5.348133198789101,28.57,29.33,-3.21815718,29.75,28.55,1462/5521,29.33,29.75,28.55,28.57,4.06504,9305809,17,688321,20260331
301122.SZ,采纳股份,31.9,1.2055837563451746,28.8,29.99,-2.80121498,30.17,28.54,1463/5521,29.99,30.17,28.54,28.8,5.501181,1690710,33,301122,20260331
603383.SH,顶点软件,32.46,-1.5468607825295664,28.65,29.18,-1.4786795,29.5,28.53,1464/5521,29.18,29.5,28.53,28.65,3.335625,2805200,17,603383,20260331
002990.SZ,盛视科技,53.83,9.991826726604007,29.27,28.84,0.79201102,29.84,28.52,1465/5521,28.84,29.84,28.52,29.27,4.545454,7480037,33,002990,20260331
002965.SZ,祥鑫科技,29.43,-0.7085020242915009,28.53,28.64,-0.34928397,29.14,28.51,1466/5521,28.64,29.14,28.51,28.53,2.200488,3322467,33,002965,20260331
301397.SZ,溯联股份,39.7,2.8497409326424905,28.5,29.37,-2.89608177,29.57,28.5,1467/5521,29.37,29.57,28.5,28.5,3.645655,1743900,33,301397,20260331
920058.BJ,华洋赛车,27.56,-0.10873504893077614,33.17,28.5,18.08472766,35,28.5,1467/5521,28.5,35,28.5,33.17,23.139907,3610881,151,920058,20260331
920284.BJ,灵鸽科技,31.7,-2.5814382298709275,28.66,29.05,-2.28435049,29.86,28.5,1467/5521,29.05,29.86,28.5,28.66,4.63689,1443103,151,920284,20260331
300935.SZ,盈建科,34.31,5.993203583565045,28.5,29.37,-2.43067443,29.75,28.49,1470/5521,29.37,29.75,28.49,28.5,4.313591,1404251,33,300935,20260331
920689.BJ,克莱特,27.91,0.68542568542569,28.88,28.59,1.51142355,29.9,28.47,1471/5521,28.59,29.9,28.47,28.88,5.026362,1273007,151,920689,20260331
300127.SZ,银河磁体,31.35,0.15974440894568917,28.46,29.01,-2.13204952,29.27,28.46,1472/5521,29.01,29.27,28.46,28.46,2.785419,4700200,33,300127,20260331
605009.SH,豪悦护理,28.82,0.3132613992342494,28.51,28.69,-0.76575009,29,28.44,1473/5521,28.69,29,28.44,28.51,1.949182,794252,17,605009,20260331
300854.SZ,中兰环保,33.85,5.649188514357061,28.59,30.54,-5.29976814,31.33,28.41,1474/5521,30.54,31.33,28.41,28.59,9.672076,7666659,33,300854,20260331
300651.SZ,金陵体育,36.08,13.245448838669175,30.11,28.38,5.09598604,31.59,28.38,1475/5521,28.38,31.59,28.38,30.11,11.204188,2.232839E7,33,300651,20260331
301313.SZ,凡拓数创,35.65,-0.39117071807767695,28.41,29.27,-2.70547945,29.6,28.35,1476/5521,29.27,29.6,28.35,28.41,4.280821,1479000,33,301313,20260331
920725.BJ,惠丰钻石,31.32,3.537190082644629,28.35,29.32,-3.27533265,29.6,28.35,1476/5521,29.32,29.6,28.35,28.35,4.264756,1076440,151,920725,20260331
300594.SZ,ST朗进,18.3,-20.01748251748251,28.92,28.69,1.72353148,30.39,28.33,1478/5521,28.69,30.39,28.33,28.92,7.245867,4483800,33,300594,20260331
920953.BJ,国子软件,28.54,-1.1430550744717765,28.35,28.8,-1.15062762,29.1,28.31,1479/5521,28.8,29.1,28.31,28.35,2.754532,724565,151,920953,20260331
002773.SZ,康弘药业,24.63,-1.004823151125402,28.9,28.48,1.54602952,29.15,28.3,1480/5521,28.48,29.15,28.3,28.9,2.986647,1.9082764E7,33,002773,20260331
002899.SZ,英派斯,33.78,2.5500910746812493,28.39,28.53,-1.42361111,29.24,28.3,1480/5521,28.53,29.24,28.3,28.39,3.263888,2601551,33,002899,20260331
688639.SH,华恒生物,28.0,-0.8147360963514008,28.36,29.38,-3.00957592,29.51,28.3,1480/5521,29.38,29.51,28.3,28.36,4.138166,4168759,17,688639,20260331
688005.SH,容百科技,34.83,-9.532467532467537,28.33,29.8,-4.96477692,29.8,28.27,1483/5521,29.8,29.8,28.27,28.33,5.132505,1.9149699E7,17,688005,20260331
301022.SZ,海泰科,29.41,0.7882111034955464,28.29,28.62,-1.15303983,29.06,28.26,1484/5521,28.62,29.06,28.26,28.29,2.795248,1644003,33,301022,20260331
301365.SZ,矩阵股份,35.18,-1.9782669267205373,29.86,28.45,4.99296765,30.77,28.24,1485/5521,28.45,30.77,28.24,29.86,8.895921,9236789,33,301365,20260331
000895.SZ,双汇发展,27.73,0.3982621288921051,28.4,28.53,-0.07037298,28.65,28.21,1486/5521,27.73,27.85,27.41,27.6,1.548205,1.1259494E7,33,000895,20260331
000547.SZ,航天发展,24.58,2.1612635078969227,28.46,28.67,-0.76708508,29.78,28.2,1487/5521,28.67,29.78,28.2,28.46,5.509065,2.50427091E8,33,000547,20260331
300611.SZ,美力科技,24.9,0.7689194658033093,28.26,30.41,-7.37463127,30.49,28.2,1487/5521,30.41,30.49,28.2,28.26,7.505735,1.2651666E7,33,300611,20260331
002971.SZ,和远气体,31.74,-1.9765287214329958,28.27,29.36,-4.10447761,29.38,28.18,1489/5521,29.36,29.38,28.18,28.27,4.070556,3623030,33,002971,20260331
301106.SZ,骏成科技,35.8,2.4027459954233303,28.27,28.83,-2.04435204,29.15,28.18,1489/5521,28.83,29.15,28.18,28.27,3.361053,1218340,33,301106,20260331
920570.BJ,坤博精工,29.52,3.072625698324019,28.18,28.9,-2.62612301,29.32,28.18,1489/5521,28.9,29.32,28.18,28.18,3.939184,393827,151,920570,20260331
300678.SZ,中科信息,28.52,0.7773851590105967,28.31,28.17,0.53267045,28.94,28.16,1492/5521,28.17,28.94,28.16,28.31,2.769886,5062765,33,300678,20260331
001298.SZ,好上好,23.16,1.3566739606126859,28.2,28.8,-3.05947061,29.04,28.15,1493/5521,19.8137931,19.97931034,19.36551724,19.4,3.05947,4168788,33,001298,20260331
300443.SZ,金雷股份,30.28,1.7473118279569877,28.17,29.58,-5.69132909,30.1,28.15,1493/5521,29.58,30.1,28.15,28.17,6.528289,1.7729727E7,33,300443,20260331
688092.SH,爱科科技,29.65,-0.5033557046979937,28.35,28.57,-1.4255911,28.97,28.14,1495/5521,28.57,28.97,28.14,28.35,2.885952,907558,17,688092,20260331
003018.SZ,金富科技,53.2,-3.3781329458772236,29.1,29,-1.72239108,30.61,28.12,1496/5521,29,30.61,28.12,29.1,8.409321,1.74743E7,33,003018,20260331
301170.SZ,锡南科技,29.55,0.37364130434782417,28.28,28.38,-0.9110021,28.95,28.12,1496/5521,28.38,28.95,28.12,28.28,2.908199,1118700,33,301170,20260331
688350.SH,富淼科技,29.31,-1.9076305220883545,28.71,28.12,-0.24322446,29.57,28.12,1496/5521,28.12,29.57,28.12,28.71,5.03822,2696804,17,688350,20260331
603076.SH,乐惠国际,32.2,5.781865965834434,28.2,29.1,-1.60502442,29.5,28.07,1499/5521,29.1,29.5,28.07,28.2,4.989532,8035787,17,603076,20260331
601020.SH,华钰矿业,28.66,-2.417432754511409,28.19,28.59,-1.0877193,28.94,28.05,1500/5521,28.59,28.94,28.05,28.19,3.122807,2.7699911E7,17,601020,20260331
605566.SH,福莱蒽特,32.9,3.818239192174179,28.36,28.1,1.14122682,29.2,28.05,1500/5521,28.1,29.2,28.05,28.36,4.101283,3054421,17,605566,20260331
600522.SH,中天科技,33.12,-3.3838973162193806,30.09,28.86,3.79441187,31.1,28.03,1502/5521,28.86,31.1,28.03,30.09,10.589858,2.33570576E8,17,600522,20260331
603496.SH,恒为科技,30.51,1.026490066225173,28.21,28.68,-1.9123783,29.18,28.02,1503/5521,28.68,29.18,28.02,28.21,4.033379,8966280,17,603496,20260331
300834.SZ,星辉环材,37.05,-1.2789768185451744,30.2,30.18,19.98410807,30.2,28.01,1504/5521,30.18,30.2,28.01,30.2,8.700834,1.1395193E7,33,300834,20260331
301001.SZ,凯淳股份,30.39,2.014098690835856,28.01,28.49,-2.02868136,28.85,28.01,1504/5521,28.49,28.85,28.01,28.01,2.93809,1440900,33,301001,20260331
301551.SZ,无线传媒,27.42,-4.058782365290401,28.15,28.44,-1.15870787,28.82,28.01,1504/5521,28.44,28.82,28.01,28.15,2.844101,2709529,33,301551,20260331
603045.SH,福达合金,46.68,9.990574929311975,28.2,28.95,-2.79214064,29.46,28,1507/5521,28.95,29.46,28,28.2,5.032747,2879773,17,603045,20260331
688558.SH,国盛智科,35.6,-1.3850415512465373,28.03,28.32,-0.74362606,28.82,28,1507/5521,28.32,28.82,28,28.03,2.903682,853647,17,688558,20260331
300846.SZ,首都在线,26.75,-0.9992598075499615,28.16,28.96,-2.42550243,29.38,27.98,1509/5521,28.96,29.38,27.98,28.16,4.851004,3.0928902E7,33,300846,20260331
688010.SH,福光股份,33.45,0.7833684844832935,28.01,28.95,-2.23385689,28.95,27.98,1509/5521,28.95,28.95,27.98,28.01,3.385689,1954406,17,688010,20260331
300433.SZ,蓝思科技,25.69,-0.503485670023234,27.98,28.31,-1.13074205,28.91,27.97,1511/5521,28.31,28.91,27.97,27.98,3.321554,4.7903186E7,33,300433,20260331
300930.SZ,屹通新材,31.45,-1.7187500000000022,28.01,28.94,-3.34713596,29.08,27.97,1511/5521,28.94,29.08,27.97,28.01,3.830227,1438345,33,300930,20260331
000999.SZ,华润三九,25.91,-0.5755947812739777,27.94,28.2,-1.27208481,28.52,27.94,1513/5521,28.2,28.52,27.94,27.94,2.049469,1.0774834E7,33,000999,20260331
301152.SZ,天力锂能,33.94,1.5255758300927251,27.95,29.34,-4.67257844,29.43,27.91,1514/5521,29.34,29.43,27.91,27.95,5.184174,3694200,33,301152,20260331
002430.SZ,杭氧股份,31.43,-2.482159478746501,27.94,28.76,-3.38865837,29.01,27.9,1515/5521,28.76,29.01,27.9,27.94,3.838174,1.1625249E7,33,002430,20260331
300257.SZ,开山股份,30.77,3.8124156545209145,27.97,28.81,-2.71304348,28.98,27.89,1516/5521,28.81,28.98,27.89,27.97,3.791304,9153155,33,300257,20260331
300467.SZ,迅游科技,37.29,-1.3752975403332535,27.94,28.1,-0.67543548,28.63,27.88,1517/5521,28.1,28.63,27.88,27.94,2.666192,2079200,33,300467,20260331
301036.SZ,双乐股份,28.24,-0.38800705467373187,27.93,28.28,-1.23762376,28.57,27.88,1517/5521,28.28,28.57,27.88,27.93,2.439886,881892,33,301036,20260331
301089.SZ,拓新药业,26.92,1.4318010550113134,27.93,28.33,-1.79324895,28.84,27.87,1519/5521,28.33,28.84,27.87,27.93,3.410689,1886026,33,301089,20260331
688178.SH,万德斯,33.77,-4.03523728331911,28.2,28.95,-2.65792199,28.97,27.86,1520/5521,28.95,28.97,27.86,28.2,3.831549,1366086,17,688178,20260331
920509.BJ,同惠电子,31.78,2.4170157911698356,27.98,29.05,-2.8134769,29.05,27.84,1521/5521,29.05,29.05,27.84,27.98,4.202848,1554064,151,920509,20260331
002407.SZ,多氟多,36.31,1.2266517981600358,27.82,28.46,-3.57019064,28.88,27.81,1522/5521,28.46,28.88,27.81,27.82,3.708838,5.4698478E7,33,002407,20260331
688596.SH,正帆科技,32.66,0.15332720024531482,27.85,28.8,-3.16411683,28.9,27.77,1523/5521,28.8,28.9,27.77,27.85,3.929068,4193627,17,688596,20260331
600605.SH,汇通能源,31.6,-1.7718371153248376,28.01,28.28,-0.91970287,28.48,27.72,1524/5521,28.24,28.44,27.68,27.97,2.688362,2075361,17,600605,20260331
300488.SZ,恒锋工具,30.46,0.9946949602122039,27.93,29.4,1.30576714,29.56,27.71,1525/5521,29.4,29.56,27.71,27.93,6.710192,6098302,33,300488,20260331
300710.SZ,万隆光电,32.79,3.0483972344437427,27.75,28.32,-2.46045694,29.03,27.7,1526/5521,28.32,29.03,27.7,27.75,4.674868,1962970,33,300710,20260331
600085.SH,同仁堂,27.77,1.3873676524278897,27.78,28.06,-1.45441646,28.38,27.69,1527/5521,28.06,28.38,27.69,27.78,2.447676,8838993,17,600085,20260331
001211.SZ,双枪科技,41.73,3.037037037037029,27.82,28.73,-3.16742081,28.95,27.68,1528/5521,28.73,28.95,27.68,27.82,4.420466,2021800,33,001211,20260331
603755.SH,日辰股份,29.09,0.20668274199103934,27.7,28.34,-2.70460133,28.58,27.68,1528/5521,28.34,28.58,27.68,27.7,3.161222,944500,17,603755,20260331
600885.SH,宏发股份,31.14,7.379310344827588,27.76,27.88,-0.39468963,28.29,27.66,1530/5521,27.88,28.29,27.66,27.76,2.260495,1.4420569E7,17,600885,20260331
301026.SZ,浩通科技,31.12,-1.3629160063391432,27.7,28.06,-1.10674759,28.37,27.64,1531/5521,28.06,28.37,27.64,27.7,2.606212,2763360,33,301026,20260331
600114.SH,东睦股份,34.08,4.15647921760391,27.76,27.75,-0.71530758,28.51,27.62,1532/5521,27.75,28.51,27.62,27.76,3.183118,9755557,17,600114,20260331
600009.SH,上海机场,27.24,-0.5476451259583868,27.62,27.7,-0.39668229,28.04,27.6,1533/5521,27.7,28.04,27.6,27.62,1.586729,7265885,17,600009,20260331
300907.SZ,康平科技,30.6,1.526211015262113,27.66,28.33,-2.15776441,28.58,27.58,1534/5521,28.33,28.58,27.58,27.66,3.537318,1600400,33,300907,20260331
300943.SZ,春晖智控,28.44,-2.7027027027027,27.58,28.84,-4.73229706,29.49,27.56,1535/5521,28.84,29.49,27.56,27.58,6.666666,1.0012484E7,33,300943,20260331
603207.SH,小方制药,26.25,0.038109756097566935,27.53,27.62,-0.32585083,28.09,27.53,1536/5521,27.62,28.09,27.53,27.53,2.027516,698760,17,603207,20260331
603255.SH,鼎际得,31.19,-0.3195909236177625,27.51,28.58,-2.72277228,28.64,27.51,1537/5521,28.58,28.64,27.51,27.51,3.995756,812100,17,603255,20260331
688058.SH,宝兰德,29.72,2.5888850535036245,27.5,27.81,-1.92582026,28.59,27.5,1538/5521,27.81,28.59,27.5,27.5,3.887303,1358724,17,688058,20260331
920078.BJ,族兴新材,27.61,9.13043478260869,28.6,28.56,-3.7037037,30.51,27.49,1539/5521,28.56,30.51,27.49,28.6,10.16835,9787439,151,920078,20260331
300759.SZ,康龙化成,29.31,-1.4789915966386598,27.98,27.69,4.55904335,29.09,27.46,1540/5521,27.69,29.09,27.46,27.98,6.09118,5.5593551E7,33,300759,20260331
301177.SZ,迪阿股份,29.03,-0.5140507196710027,27.49,27.93,-1.57536699,28.32,27.46,1540/5521,27.93,28.32,27.46,27.49,3.079126,1088624,33,301177,20260331
301585.SZ,蓝宇股份,30.46,-1.3920362576885714,27.62,27.9,-1.10991765,28.17,27.46,1540/5521,27.9,28.17,27.46,27.62,2.542069,495450,33,301585,20260331
688267.SH,中触媒,30.53,0.2956636005256237,27.6,27.62,-0.82644628,28.07,27.45,1543/5521,27.62,28.07,27.45,27.6,2.227811,1627805,17,688267,20260331
920651.BJ,天罡股份,27.67,-3.9236111111111076,27.55,29.36,-6.16485014,29.89,27.45,1543/5521,29.36,29.89,27.45,27.55,8.310626,1141138,151,920651,20260331
002536.SZ,飞龙股份,35.88,-1.2658227848101289,27.48,29.51,-5.98699966,29.53,27.44,1545/5521,29.51,29.53,27.44,27.48,7.150188,3.3436549E7,33,002536,20260331
002648.SZ,卫星化学,29.6,1.26582278481013,27.62,28.81,-3.29131653,28.94,27.43,1546/5521,28.81,28.94,27.43,27.62,5.287114,6.2025445E7,33,002648,20260331
002906.SZ,华阳集团,30.1,-2.840542285345381,27.47,27.43,0.62271062,27.8,27.43,1546/5521,27.43,27.8,27.43,27.47,1.355311,7260691,33,002906,20260331
300923.SZ,研奥股份,28.89,2.0127118644067807,27.71,27.56,0.50779833,28.49,27.42,1548/5521,27.56,28.49,27.42,27.71,3.88103,1885200,33,300923,20260331
300753.SZ,爱朋医疗,27.28,1.1119347664937016,27.48,28.12,-2.27596017,28.29,27.41,1549/5521,28.12,28.29,27.41,27.48,3.129445,3664798,33,300753,20260331
300161.SZ,华中数控,32.48,4.909560723514199,27.53,27.51,0.07270084,28.15,27.4,1550/5521,27.51,28.15,27.4,27.53,2.726281,2356985,33,300161,20260331
300878.SZ,维康药业,28.58,3.927272727272721,27.5,28.12,-1.92582026,28.78,27.4,1550/5521,28.12,28.78,27.4,27.5,4.92154,2176020,33,300878,20260331
300533.SZ,冰川网络,26.61,-4.004329004329002,27.47,27.7,-0.57908071,28.07,27.37,1552/5521,27.7,28.07,27.37,27.47,2.533478,3477798,33,300533,20260331
603355.SH,莱克电气,32.04,2.593659942363108,27.36,27.94,-1.75942549,28.08,27.36,1553/5521,27.94,28.08,27.36,27.36,2.585278,1965600,17,603355,20260331
301337.SZ,亚华电子,28.1,0.7890961262553889,27.42,27.66,-0.8318264,28.07,27.33,1554/5521,27.66,28.07,27.33,27.42,2.676311,1371009,33,301337,20260331
603248.SH,锡华科技,25.61,-1.5378700499807847,27.34,28.71,-4.27170868,28.96,27.31,1555/5521,28.71,28.96,27.31,27.34,5.77731,1.2963306E7,17,603248,20260331
002903.SZ,宇环数控,37.37,1.9923580786026116,27.3,28.07,-2.77777778,28.21,27.3,1556/5521,28.07,28.21,27.3,27.3,3.24074,6395510,33,002903,20260331
300572.SZ,安车检测,30.58,5.593922651933693,27.64,27.25,1.43119266,28.35,27.25,1557/5521,27.25,28.35,27.25,27.64,4.036697,7763774,33,300572,20260331
300908.SZ,仲景食品,28.7,-0.5544005544005549,27.43,28.12,-1.15315315,28.15,27.25,1557/5521,28.12,28.15,27.25,27.43,3.243243,1751122,33,300908,20260331
300539.SZ,横河精密,29.19,3.5841022001419502,27.24,27.91,-2.60993922,28.15,27.24,1559/5521,27.91,28.15,27.24,27.24,3.253485,4018300,33,300539,20260331
605296.SH,神农集团,29.96,1.7317487266553533,27.33,28.55,-4.37368789,28.87,27.23,1560/5521,28.55,28.87,27.23,27.33,5.738278,4592966,17,605296,20260331
002882.SZ,金龙羽,26.94,-1.5350877192982388,27.26,27.9,-2.4686941,28.12,27.2,1561/5521,27.9,28.12,27.2,27.26,3.291592,3613400,33,002882,20260331
301279.SZ,金道科技,29.18,-0.5114217524718669,27.42,27.5,1.89520624,28.05,27.2,1561/5521,27.5,28.05,27.2,27.42,3.158677,2828890,33,301279,20260331
688077.SH,大地熊,30.26,-0.09904258831296661,27.21,27.55,-1.76895307,28.16,27.2,1561/5521,27.55,28.16,27.2,27.21,3.465703,3147679,17,688077,20260331
002977.SZ,*ST天箭,27.11,4.99612703330751,27.42,27.3,0.84589923,28.06,27.18,1564/5521,27.3,28.06,27.18,27.42,3.236484,2815036,33,002977,20260331
300001.SZ,特锐德,29.5,-2.6402640264026425,27.2,27.5,-2.15827338,27.91,27.18,1564/5521,27.5,27.91,27.18,27.2,2.625899,1.8328144E7,33,300001,20260331
000400.SZ,许继电气,25.19,-0.7094994087504916,27.17,27.68,-2.19582433,28.05,27.15,1566/5521,27.68,28.05,27.15,27.17,3.23974,1.7267554E7,33,000400,20260331
300892.SZ,品渥食品,28.35,0.7820831852115265,27.21,27.78,-1.44875045,28.49,27.1,1567/5521,27.78,28.49,27.1,27.21,5.034407,1614704,33,300892,20260331
603382.SH,海阳科技,26.11,1.3980582524271823,27.11,27.41,-0.9499452,27.52,27.08,1568/5521,27.41,27.52,27.08,27.11,1.607599,820444,17,603382,20260331
920207.BJ,众诚科技,28.75,-2.0109066121336054,27.14,28.1,-2.79369628,28.81,27.08,1568/5521,28.1,28.81,27.08,27.14,6.196275,3328912,151,920207,20260331
600900.SH,长江电力,27.32,2.0545386626821096,27.04,27.14,-0.36845984,27.33,27.04,1570/5521,27.14,27.33,27.04,27.04,1.068533,8.0258884E7,17,600900,20260331
920252.BJ,天宏锂电,26.5,-2.2140221402214073,27.05,27.85,-3.04659498,27.85,27.03,1571/5521,27.85,27.85,27.03,27.05,2.939068,2604063,151,920252,20260331
002082.SZ,万邦德,,,30.2,28.27,10.01821494,30.2,27.01,1572/5521,28.27,30.2,27.01,30.2,11.621129,7.0479348E7,33,002082,20260331
600171.SH,上海贝岭,28.7,1.6648955012398117,27.01,27.19,-1.63874727,27.49,27.01,1572/5521,27.19,27.49,27.01,27.01,1.747997,7210317,17,600171,20260331
300745.SZ,欣锐科技,33.66,-2.4630541871921223,27.35,27.57,0.40381791,27.82,27,1574/5521,27.57,27.82,27,27.35,3.010279,4858313,33,300745,20260331
603344.SH,星德胜,27.92,0.7215007215007317,27.0,27.52,-1.53172867,27.63,27,1574/5521,27.52,27.63,27,27.0,2.297592,1146600,17,603344,20260331
920003.BJ,中诚咨询,30.79,1.3495720868992764,27.1,27.23,-0.69622572,27.78,26.98,1576/5521,27.23,27.78,26.98,27.1,2.931476,246898,151,920003,20260331
301383.SZ,天键股份,28.78,0.27874564459930956,26.96,27.26,-1.13678034,27.65,26.96,1577/5521,27.26,27.65,26.96,26.96,2.530253,1043655,33,301383,20260331
300747.SZ,锐科激光,36.0,0.44642857142856185,26.96,27.63,-2.21254987,27.88,26.93,1578/5521,27.63,27.88,26.93,26.96,3.445774,1.0489285E7,33,300747,20260331
301587.SZ,中瑞股份,29.0,-5.104712041884813,26.94,27.64,-2.53256151,27.95,26.91,1579/5521,27.64,27.95,26.91,26.94,3.762662,1.0734745E7,33,301587,20260331
002270.SZ,华明装备,24.49,-3.1633056544088602,27.06,27.35,-0.84279956,27.74,26.9,1580/5521,27.14,27.53,26.69,26.85,3.07805,8886118,33,002270,20260331
300579.SZ,数字认证,26.53,-0.26315789473684315,26.98,28.17,-4.49557522,28.23,26.9,1580/5521,28.17,28.23,26.9,26.98,4.707964,4119116,33,300579,20260331
301073.SZ,君亭酒店,24.76,-2.519685039370067,27.2,27.36,-0.58479532,28.28,26.9,1580/5521,27.36,28.28,26.9,27.2,5.043859,3792224,33,301073,20260331
600105.SH,永鼎股份,42.41,-2.1006463527239236,27.74,27.13,0.1805706,28.28,26.9,1580/5521,27.13,28.28,26.9,27.74,4.983748,1.3408498E8,17,600105,20260331
688216.SH,气派科技,30.64,6.425842306356379,26.9,27.6,-2.57153205,28.11,26.9,1580/5521,27.6,28.11,26.9,26.9,4.38247,1834711,17,688216,20260331
002880.SZ,卫光生物,25.71,-0.11655011655010718,26.93,27.29,-1.31916453,27.6,26.89,1585/5521,27.29,27.6,26.89,26.93,2.601685,1705740,33,002880,20260331
300480.SZ,光力科技,35.87,-1.29334067143645,26.98,28.7,-5.49912434,28.72,26.88,1586/5521,28.7,28.72,26.88,26.98,6.444833,1.5332251E7,33,300480,20260331
688428.SH,诺诚健华,26.65,-0.5597014925373214,27.02,26.88,-0.25839793,27.93,26.88,1586/5521,26.88,27.93,26.88,27.02,3.875968,1.8507358E7,17,688428,20260331
301135.SZ,瑞德智能,26.9,0.9002250562640601,26.86,27.32,-2.61058738,27.82,26.86,1588/5521,27.32,27.82,26.86,26.86,3.480783,1078785,33,301135,20260331
920018.BJ,宏远股份,28.31,-0.31690140845070375,26.87,27.71,-2.39738467,27.97,26.86,1588/5521,27.71,27.97,26.86,26.87,4.031965,1288322,151,920018,20260331
003036.SZ,泰坦股份,32.75,-6.562054208273887,27.86,26.91,2.80442804,28.88,26.85,1590/5521,26.91,28.88,26.85,27.86,7.490774,2.1183327E7,33,003036,20260331
300696.SZ,爱乐达,39.25,2.8563941299790447,27.15,28.1,-4.06360424,28.3,26.85,1590/5521,28.1,28.3,26.85,27.15,5.123674,3648266,33,300696,20260331
301107.SZ,瑜欣电子,28.0,1.3391241404270757,26.85,27.15,-1.10497238,27.53,26.81,1592/5521,27.15,27.53,26.81,26.85,2.651933,1257706,33,301107,20260331
688511.SH,天微电子,21.17,-7.473776223776212,26.81,27.77,-1.43382353,28.08,26.81,1592/5521,21.13076923,21.36923077,20.39230769,20.39,4.669117,1401423,17,688511,20260331
301353.SZ,普莱得,29.35,0.6861063464837147,26.93,27.5,-1.35531136,27.6,26.8,1594/5521,27.5,27.6,26.8,26.93,2.930402,1022840,33,301353,20260331
600513.SH,联环药业,22.78,4.0657834627683895,27.96,27.54,-0.74547391,30.7,26.78,1595/5521,27.54,30.7,26.78,27.96,13.915512,5.9648882E7,17,600513,20260331
603360.SH,百傲化学,22.66,9.999999999999995,26.81,27.65,-3.03797468,27.73,26.78,1595/5521,27.65,27.73,26.78,26.81,3.435804,1.0940711E7,17,603360,20260331
300927.SZ,江天化学,30.33,-1.6855753646677571,27.02,27.52,-2.91052821,28.6,26.75,1597/5521,27.52,28.6,26.75,27.02,6.647502,8138707,33,300927,20260331
688255.SH,凯尔达,30.34,1.9146792072556273,26.8,27.06,-0.88757396,27.47,26.71,1598/5521,27.06,27.47,26.71,26.8,2.81065,1592956,17,688255,20260331
920166.BJ,海圣医疗,27.25,0.4053058216654364,27.1,27.22,-1.84715683,27.48,26.71,1598/5521,27.22,27.48,26.71,27.1,2.788844,983353,151,920166,20260331
603618.SH,杭电股份,28.26,-4.105870376654216,28.49,27,6.66417072,29.38,26.7,1600/5521,27,29.38,26.7,28.49,10.033695,1.4511113E8,17,603618,20260331
688163.SH,赛伦生物,35.2,-0.1418439716311976,27.67,26.93,2.6716141,28.04,26.69,1601/5521,26.93,28.04,26.69,27.67,5.009276,4357930,17,688163,20260331
301192.SZ,泰祥股份,27.73,0.9832483612527296,26.68,27.68,-3.22814654,27.96,26.68,1602/5521,27.68,27.96,26.68,26.68,4.642727,1160720,33,301192,20260331
301212.SZ,联盛化学,28.55,-0.07000350017500725,26.69,27.43,-1.91106211,27.69,26.68,1602/5521,27.43,27.69,26.68,26.69,3.71187,995800,33,301212,20260331
920046.BJ,亿能电力,24.74,-2.6750590086546153,26.75,27.5,-1.1090573,27.72,26.66,1604/5521,27.5,27.72,26.66,26.75,3.918669,3819861,151,920046,20260331
603931.SH,格林达,38.82,-0.9441183975503891,26.64,27.27,-2.41758242,27.41,26.64,1605/5521,27.27,27.41,26.64,26.64,2.820512,1496760,17,603931,20260331
688118.SH,普元信息,27.23,0.22083179977916348,26.66,27.4,-1.91317145,27.63,26.63,1606/5521,27.4,27.63,26.63,26.66,3.679175,2320656,17,688118,20260331
600455.SH,博通股份,28.09,1.8491660623640378,26.62,26.92,-1.15113257,27.34,26.61,1607/5521,26.92,27.34,26.61,26.62,2.710731,1810900,17,600455,20260331
300364.SZ,中文在线,28.78,-2.770270270270271,26.68,27.11,-1.76730486,27.42,26.6,1608/5521,27.11,27.42,26.6,26.68,3.019145,4.8907519E7,33,300364,20260331
300623.SZ,捷捷微电,28.95,1.436580238262089,26.62,27.14,-2.31192661,27.39,26.6,1608/5521,27.14,27.39,26.6,26.62,2.899082,8305944,33,300623,20260331
300877.SZ,金春股份,29.77,3.4758428919012863,27.35,27.17,1.40897293,28.74,26.6,1608/5521,27.17,28.74,26.6,27.35,7.934742,4836650,33,300877,20260331
301290.SZ,东星医疗,29.8,0.3367003367003415,26.62,27.01,-1.44390966,27.86,26.6,1608/5521,27.01,27.86,26.6,26.62,4.664938,1564262,33,301290,20260331
600196.SH,复星医药,24.89,-1.542721518987344,26.63,26.71,-0.11252813,27.18,26.6,1608/5521,26.71,27.18,26.6,26.63,2.175543,2.9497287E7,17,600196,20260331
605116.SH,奥锐特,22.6,-1.7391304347826024,29.39,26.65,9.99251497,29.39,26.6,1608/5521,26.65,29.39,26.6,29.39,10.441616,1.3817778E7,17,605116,20260331
688182.SH,灿勤科技,30.36,-5.243445692883895,26.6,27.18,-1.91740413,27.56,26.57,1614/5521,27.18,27.56,26.57,26.6,3.650442,3302828,17,688182,20260331
001336.SZ,楚环科技,28.92,-0.5159958720330189,26.62,27,-0.78270593,27.36,26.52,1615/5521,27,27.36,26.52,26.62,3.130823,1736774,33,001336,20260331
600750.SH,华润江中,23.92,-0.2502085070892357,26.72,26.8,-0.33569564,26.99,26.51,1616/5521,26.8,26.99,26.51,26.72,1.790376,5469960,17,600750,20260331
002957.SZ,科瑞技术,43.62,-0.9311832841244689,26.6,27.36,-3.79746835,27.5,26.5,1617/5521,27.36,27.5,26.5,26.6,3.616636,1.464906E7,33,002957,20260331
600089.SH,特变电工,26.82,-1.5779816513761458,26.5,27.77,-4.57328052,27.96,26.5,1617/5521,27.77,27.96,26.5,26.5,5.257472,1.91245621E8,17,600089,20260331
600489.SH,中金黄金,25.96,-0.42194092827004,26.71,27.17,-0.14953271,27.47,26.5,1617/5521,27.17,27.47,26.5,26.71,3.626168,8.3429136E7,17,600489,20260331
603369.SH,今世缘,27.44,-1.2239020878329727,26.5,27.34,-1.11940299,27.58,26.5,1617/5521,27.34,27.58,26.5,26.5,4.02985,1.0448653E7,17,603369,20260331
600754.SH,锦江酒店,25.56,-3.5107587768969415,26.87,26.77,0.37355248,27.77,26.47,1621/5521,26.77,27.77,26.47,26.87,4.856182,1.1474869E7,17,600754,20260331
000880.SZ,潍柴重机,30.9,8.155407770388514,26.46,27,-1.85459941,27.19,26.45,1622/5521,27,27.19,26.45,26.46,2.744807,9524996,33,000880,20260331
300911.SZ,亿田智能,31.26,-0.7933989209774674,26.64,27.22,-2.13078619,27.85,26.41,1623/5521,27.22,27.85,26.41,26.64,5.290227,5574168,33,300911,20260331
603983.SH,丸美生物,25.17,0.9222133119486785,26.5,26.66,-0.63742032,26.98,26.39,1624/5521,26.66,26.98,26.39,26.5,2.212223,1193498,17,603983,20260331
603139.SH,康惠股份,36.3,-1.3050570962479717,26.42,26.79,-1.41791045,27.45,26.38,1625/5521,26.79,27.45,26.38,26.42,3.992537,1917790,17,603139,20260331
002379.SZ,宏桥控股,24.9,-1.4251781472684202,27.08,27.96,-2.69493352,28.2,26.37,1626/5521,27.71,27.95,26.12,26.83,6.575637,3.5394237E7,33,002379,20260331
003028.SZ,振邦智能,27.68,1.5779816513761458,26.39,27.03,-2.79926335,27.5,26.37,1626/5521,27.03,27.5,26.37,26.39,4.162062,1851740,33,003028,20260331
300113.SZ,顺网科技,25.26,-2.5086839058278603,26.43,27.27,-4.61927102,27.67,26.37,1626/5521,27.27,27.67,26.37,26.43,4.691447,4.4531194E7,33,300113,20260331
300808.SZ,久量股份,25.79,-3.227016885553469,26.5,26.75,-0.93457944,27.5,26.37,1626/5521,26.75,27.5,26.37,26.5,4.224299,1624400,33,300808,20260331
688288.SH,鸿泉技术,25.01,1.0913500404203846,30.6,27.11,16.26139818,31.58,26.37,1626/5521,27.11,31.58,26.37,30.6,19.794832,1.4300189E7,17,688288,20260331
688249.SH,晶合集成,33.8,6.9281872825055295,26.38,27.16,-3.19266055,27.55,26.35,1631/5521,27.16,27.55,26.35,26.38,4.403669,2.3665585E7,17,688249,20260331
605133.SH,嵘泰股份,32.63,1.556178026766262,26.4,26.77,-1.12359551,26.99,26.33,1632/5521,26.77,26.99,26.33,26.4,2.47191,2266190,17,605133,20260331
688006.SH,杭可科技,31.9,-0.1252348152786559,26.86,26.74,0.41121495,27.6,26.33,1632/5521,26.74,27.6,26.33,26.86,4.747663,1.2322173E7,17,688006,20260331
920790.BJ,联迪信息,24.32,1.2911286963765043,26.63,26.33,1.0626186,27.68,26.33,1632/5521,26.33,27.68,26.33,26.63,5.123339,966999,151,920790,20260331
002289.SZ,*ST宇顺,36.56,4.997128087306152,26.55,26.73,-1.37444279,27.17,26.32,1635/5521,26.73,27.17,26.32,26.55,3.157503,1457452,33,002289,20260331
600887.SH,伊利股份,27.46,3.3496424538953726,26.35,26.48,-0.18939394,26.73,26.32,1635/5521,26.48,26.73,26.32,26.35,1.55303,2.5987679E7,17,600887,20260331
603005.SH,晶方科技,31.1,1.4681892332789652,26.36,26.85,-2.18923933,27.08,26.32,1635/5521,26.85,27.08,26.32,26.36,2.820037,1.6944028E7,17,603005,20260331
688475.SH,萤石网络,31.18,1.069692058346834,26.34,26.34,-0.37821483,26.79,26.29,1638/5521,26.34,26.79,26.29,26.34,1.891074,2548738,17,688475,20260331
920693.BJ,阿为特,30.61,5.008576329331049,26.6,26.99,-0.15015015,27.2,26.29,1638/5521,26.99,27.2,26.29,26.6,3.415915,616683,151,920693,20260331
301302.SZ,华如科技,24.3,0.2061855670103122,26.3,27.39,-3.87426901,27.68,26.27,1640/5521,27.39,27.68,26.27,26.3,5.153508,9362200,33,301302,20260331
605398.SH,新炬网络,26.61,-0.8199776369735329,26.3,26.82,-3.34435869,27.09,26.26,1641/5521,26.82,27.09,26.26,26.3,3.050349,1975100,17,605398,20260331
603948.SH,建业股份,27.6,-1.2875536480686673,26.26,26.98,-1.6110903,26.98,26.25,1642/5521,26.98,26.98,26.25,26.26,2.735106,1314900,17,603948,20260331
603683.SH,晶华新材,28.87,1.369382022471912,26.39,27.3,-3.33333333,27.31,26.24,1643/5521,27.3,27.31,26.24,26.39,3.919413,9936928,17,603683,20260331
002976.SZ,瑞玛精密,30.12,1.2436974789916,26.24,26.49,-1.24200226,27.12,26.23,1644/5521,26.49,27.12,26.23,26.24,3.349642,2184020,33,002976,20260331
600566.SH,济川药业,27.69,0.6177325581395411,26.32,26.31,0.03800836,26.6,26.23,1644/5521,26.31,26.6,26.23,26.32,1.406309,3909872,17,600566,20260331
920981.BJ,晶赛科技,34.4,-2.7974003955919806,26.27,26.7,-1.57362308,27.03,26.23,1644/5521,26.7,27.03,26.23,26.27,2.997377,580471,151,920981,20260331
002955.SZ,鸿合科技,25.83,1.0563380281690125,26.3,26.7,-1.27627628,26.75,26.22,1647/5521,26.7,26.75,26.22,26.3,1.989489,2105420,33,002955,20260331
688067.SH,爱威科技,28.4,2.0481494789795196,26.26,26.76,-1.86846039,27.58,26.22,1647/5521,26.76,27.58,26.22,26.26,5.082212,1607891,17,688067,20260331
002956.SZ,西麦食品,33.15,1.9686250384497097,26.24,26.58,-1.05580694,26.9,26.2,1649/5521,26.58,26.9,26.2,26.24,2.639517,935200,33,002956,20260331
300879.SZ,大叶股份,24.24,0.706273369339419,26.2,27.68,-6.99325524,27.99,26.2,1649/5521,27.68,27.99,26.2,26.2,6.354277,1.1077315E7,33,300879,20260331
601567.SH,三星电气,20.06,-3.2786885245901627,26.22,27.39,-3.46097202,27.69,26.19,1651/5521,27.39,27.69,26.19,26.22,5.522827,1.9666847E7,17,601567,20260331
603235.SH,天新药业,25.8,-2.0872865275142343,26.49,26.23,0.5313093,26.67,26.12,1652/5521,26.23,26.67,26.12,26.49,2.087286,783206,17,603235,20260331
301077.SZ,星华新材,30.8,-8.114558472553705,26.1,26.79,-1.87969925,26.8,26.1,1653/5521,26.79,26.8,26.1,26.1,2.631578,922566,33,301077,20260331
000028.SZ,国药一致,24.54,-1.0483870967741997,26.14,26.13,-0.15278839,26.52,26.08,1654/5521,26.13,26.52,26.08,26.14,1.680672,6488640,33,000028,20260331
300865.SZ,大宏立,30.44,-0.49035632559659553,26.15,26.57,-0.72133637,27.18,26.07,1655/5521,26.57,27.18,26.07,26.15,4.214123,1344025,33,300865,20260331
688217.SH,睿昂基因,29.52,2.039405461458693,27.87,28.31,-1.55422112,28.74,26.05,1656/5521,28.31,28.74,26.05,27.87,9.501942,728660,17,688217,20260331
301665.SZ,泰禾股份,27.45,-0.1818181818181844,26.07,27.39,-4.78451424,27.53,26.04,1657/5521,27.39,27.53,26.04,26.07,5.441928,4241817,33,301665,20260331
605028.SH,世茂能源,27.55,-4.47295423023578,26.04,26.82,-3.66259711,27.64,26.04,1657/5521,26.22,27.04,25.44,25.44,5.919348,3245600,17,605028,20260331
002912.SZ,中新赛克,24.3,-0.49140049140049546,26.12,26.32,-0.75987842,27.02,26.03,1659/5521,26.32,27.02,26.03,26.12,3.761398,6323372,33,002912,20260331
002364.SZ,中恒电气,40.79,2.6163522012578593,26.02,27.13,-5.03649635,27.45,26.02,1660/5521,27.13,27.45,26.02,26.02,5.218978,2.8985883E7,33,002364,20260331
300530.SZ,领湃科技,23.61,-1.8295218295218347,26.04,27.2,-3.1610264,27.2,26.02,1660/5521,27.2,27.2,26.02,26.04,4.388248,1801730,33,300530,20260331
688106.SH,金宏气体,34.89,-13.100871731008713,26.12,28.57,-9.5567867,28.94,26.02,1660/5521,28.57,28.94,26.02,26.12,10.110803,3.9877856E7,17,688106,20260331
688711.SH,宏微科技,27.03,-2.5945945945945903,26.02,26.27,-1.66288738,26.76,26.02,1660/5521,26.27,26.76,26.02,26.02,2.796674,3083635,17,688711,20260331
000049.SZ,德赛电池,29.04,-2.3208879919273504,26.04,27.15,-4.61538462,27.24,26.01,1664/5521,27.15,27.24,26.01,26.04,4.505494,1.4780023E7,33,000049,20260331
920978.BJ,开特股份,25.3,-4.239212717638156,27.34,26.1,5.03265463,27.43,26.01,1664/5521,26.1,27.43,26.01,27.34,5.455243,3404880,151,920978,20260331
002202.SZ,金风科技,27.55,7.073455110765644,26.3,27.75,-5.12265512,27.98,26,1666/5521,27.75,27.98,26,26.3,7.142857,2.63142062E8,33,002202,20260331
301584.SZ,建发致新,26.25,0.0,27.12,26.32,3.39306138,28.2,26,1666/5521,26.32,28.2,26,27.12,8.387342,6586692,33,301584,20260331
603196.SH,璞源材料,28.69,-0.6922810661128393,26.04,27.53,-5.27464533,28.19,26,1666/5521,27.53,28.19,26,26.04,7.966533,5187105,17,603196,20260331
688339.SH,亿华通,26.15,9.460025115110916,26.08,26.87,-2.54110613,27.28,26,1666/5521,26.87,27.28,26,26.08,4.783258,3593653,17,688339,20260331
600406.SH,国电南瑞,25.97,-2.4417731029301355,25.99,26.66,-2.40330454,26.85,25.99,1670/5521,26.66,26.85,25.99,25.99,3.22944,6.4987179E7,17,600406,20260331
688260.SH,昀冢科技,35.8,0.22396416573347788,26.02,26.78,-2.98284862,26.99,25.99,1670/5521,26.78,26.99,25.99,26.02,3.72856,2014254,17,688260,20260331
301372.SZ,科净源,36.4,3.8220193953222936,26.02,26.59,-2.14366303,26.98,25.96,1672/5521,26.59,26.98,25.96,26.02,3.836028,1063881,33,301372,20260331
300457.SZ,赢合科技,28.99,0.520110957004156,26.03,27.15,-4.1252302,27.36,25.94,1673/5521,27.15,27.36,25.94,26.03,5.230202,2.3689748E7,33,300457,20260331
605068.SH,明新旭腾,25.71,-0.31019775106629816,26.05,26.8,-2.50748503,26.93,25.94,1673/5521,26.8,26.93,25.94,26.05,3.705089,1446200,17,605068,20260331
301318.SZ,维海德,25.06,0.03992015968063078,25.99,26.33,-1.25379939,26.82,25.93,1675/5521,26.33,26.82,25.93,25.99,3.381458,972919,33,301318,20260331
002902.SZ,铭普光磁,30.39,-1.9361084220716291,26.16,26.61,-9.10354413,27.97,25.9,1676/5521,26.61,27.97,25.9,26.16,7.192494,5.8127435E7,33,002902,20260331
003002.SZ,壶化股份,27.61,0.07249003262051314,25.95,26.75,-3.53159851,26.87,25.9,1676/5521,26.75,26.87,25.9,25.95,3.605947,3348700,33,003002,20260331
688138.SH,清溢光电,30.94,0.9132420091324238,25.91,26.45,-2.59398496,26.67,25.88,1678/5521,26.45,26.67,25.88,25.91,2.969924,1558140,17,688138,20260331
000786.SZ,北新建材,25.94,-0.8788689338937731,26.08,25.97,0.23059185,26.68,25.85,1679/5521,25.97,26.68,25.85,26.08,3.189853,1.6108798E7,33,000786,20260331
603882.SH,金域医学,27.3,-0.7994186046511587,26.26,25.85,0.80614203,26.6,25.85,1679/5521,25.85,26.6,25.85,26.26,2.879078,5135880,17,603882,20260331
603895.SH,天永智能,28.67,1.5226628895184253,25.93,26.84,-2.88389513,26.94,25.85,1679/5521,26.84,26.94,25.85,25.93,4.082397,1431500,17,603895,20260331
300521.SZ,爱司凯,28.9,1.6531832571227536,26.4,26.06,1.61662818,27.99,25.84,1682/5521,26.06,27.99,25.84,26.4,8.275596,4971700,33,300521,20260331
300801.SZ,泰和科技,30.3,-1.6233766233766234,25.83,26.33,-2.15909091,26.56,25.83,1683/5521,26.33,26.56,25.83,25.83,2.765151,4425901,33,300801,20260331
301206.SZ,三元生物,27.23,0.8145131432802624,25.87,26.15,-1.0707457,26.29,25.82,1684/5521,26.15,26.29,25.82,25.87,1.797323,732150,33,301206,20260331
301331.SZ,恩威医药,27.11,0.5190952910641474,25.9,26.31,-1.55834284,26.75,25.81,1685/5521,26.31,26.75,25.81,25.9,3.572786,1180800,33,301331,20260331
300926.SZ,博俊科技,22.77,-0.13157894736842604,25.86,27.48,-8.20021299,27.73,25.8,1686/5521,27.48,27.73,25.8,25.86,6.85126,1.2751295E7,33,300926,20260331
301638.SZ,南网数字,28.57,-1.4487754398068236,25.86,27.36,-3.83042023,27.36,25.8,1686/5521,27.36,27.36,25.8,25.86,5.801413,2.4086574E7,33,301638,20260331
002989.SZ,中天精装,29.21,10.018832391713747,25.82,26.29,-1.29969419,26.91,25.79,1688/5521,26.29,26.91,25.79,25.82,4.281345,2157859,33,002989,20260331
301263.SZ,泰恩康,28.85,0.6980802792321217,25.84,26.5,-2.23231177,26.69,25.75,1689/5521,26.5,26.69,25.75,25.84,3.556564,2924900,33,301263,20260331
300631.SZ,久吾高科,28.25,1.4362657091561888,25.73,26.08,-1.56847743,26.56,25.73,1690/5521,26.08,26.56,25.73,25.73,3.17521,2674500,33,300631,20260331
603666.SH,亿嘉和,28.3,-3.313973351554489,26.44,25.72,2.83936212,27.19,25.71,1691/5521,25.72,27.19,25.71,26.44,5.756514,4445980,17,603666,20260331
688733.SH,壹石通,29.9,2.5728987993138936,25.71,26.48,-3.45475028,26.8,25.71,1691/5521,26.48,26.8,25.71,25.71,4.093128,2930451,17,688733,20260331
000021.SZ,深科技,29.22,-0.034211426616495254,25.79,26.68,-4.79881875,26.7,25.7,1693/5521,26.68,26.7,25.7,25.79,3.691399,8.3822345E7,33,000021,20260331
002937.SZ,兴瑞科技,33.55,2.2865853658536586,26.43,26.05,1.73210162,26.53,25.7,1693/5521,26.05,26.53,25.7,26.43,3.194765,7024041,33,002937,20260331
300153.SZ,科泰电源,31.66,6.420168067226891,25.69,26.5,-3.99850523,26.58,25.69,1695/5521,26.5,26.58,25.69,25.69,3.325859,1.0996825E7,33,300153,20260331
301216.SZ,万凯新材,29.99,-1.76875204716673,26.53,26.3,-1.74074074,27.35,25.66,1696/5521,26.3,27.35,25.66,26.53,6.259259,1.747155E7,33,301216,20260331
000833.SZ,粤桂股份,31.72,9.986130374479885,25.8,26.78,-3.69540873,27.53,25.65,1697/5521,26.78,27.53,25.65,25.8,7.017543,3.7287648E7,33,000833,20260331
300435.SZ,中泰股份,23.5,-1.591289782244552,25.67,26.2,-3.09550774,26.54,25.65,1697/5521,26.2,26.54,25.65,25.67,3.359758,9503800,33,300435,20260331
603612.SH,索通发展,24.91,-2.771272443403594,25.87,26.21,-2.26671704,26.48,25.62,1699/5521,26.21,26.48,25.62,25.87,3.248961,1.05346E7,17,603612,20260331
920942.BJ,恒立钻具,24.65,0.53017944535073,28.62,25.62,8.77993158,30.36,25.62,1699/5521,25.62,30.36,25.62,28.62,18.015963,5780286,151,920942,20260331
603738.SH,泰晶科技,38.32,-3.7669512807634353,25.92,26.34,-3.46368715,26.83,25.61,1701/5521,26.34,26.83,25.61,25.92,4.543761,4.1131933E7,17,603738,20260331
603508.SH,思维列控,26.16,0.0,25.81,25.63,0.62378168,26.15,25.58,1702/5521,25.63,26.15,25.58,25.81,2.222222,3274276,17,603508,20260331
920022.BJ,世昌股份,26.28,1.2326656394453015,25.6,25.86,-0.96711799,26.2,25.56,1703/5521,25.86,26.2,25.56,25.6,2.475822,205089,151,920022,20260331
603205.SH,健尔康,26.03,-2.3630907726931696,25.67,25.87,-0.38804812,26.05,25.55,1704/5521,25.87,26.05,25.55,25.67,1.94024,551560,17,603205,20260331
605507.SH,国邦医药,23.92,-1.2386457473162558,25.99,25.87,2.36313509,26.12,25.55,1704/5521,25.87,26.12,25.55,25.99,2.244978,4581167,17,605507,20260331
600570.SH,恒生电子,26.79,2.4866105585309817,25.53,25.68,-0.23446659,25.96,25.52,1706/5521,25.68,25.96,25.52,25.53,1.719421,1.7044156E7,17,600570,20260331
688395.SH,正弦电气,29.18,4.625313732520613,25.87,26.15,-1.14635078,26.37,25.52,1706/5521,26.15,26.37,25.52,25.87,3.247993,1189919,17,688395,20260331
300357.SZ,我武生物,25.4,-1.8167761886354943,25.68,25.55,-0.31055901,26.25,25.5,1708/5521,25.55,26.25,25.5,25.68,2.91149,1.1182915E7,33,300357,20260331
600460.SH,士兰微,28.9,3.8074712643678117,25.52,25.79,-1.65703276,26.19,25.5,1708/5521,25.79,26.19,25.5,25.52,2.658959,2.0070702E7,17,600460,20260331
603657.SH,春光科技,29.33,7.830882352941172,27.94,25.87,10,27.94,25.5,1708/5521,25.87,27.94,25.5,27.94,9.606299,5246254,17,603657,20260331
688443.SH,智翔金泰,29.62,-3.83116883116883,25.66,25.91,-0.96487843,26.65,25.5,1708/5521,25.91,26.65,25.5,25.66,4.43844,3140868,17,688443,20260331
688135.SH,利扬芯片,36.89,1.6813671444321925,25.53,26.54,-2.18390805,26.54,25.49,1712/5521,26.54,26.54,25.49,25.53,4.022988,7257449,17,688135,20260331
920098.BJ,科隆新材,24.66,-2.452531645569624,25.5,26.01,-2.14888718,26.44,25.49,1712/5521,26.01,26.44,25.49,25.5,3.645433,473703,151,920098,20260331
600562.SH,国睿科技,27.46,-0.18175209014903929,25.46,25.6,-0.4691165,26.13,25.45,1714/5521,25.6,26.13,25.45,25.46,2.658326,7813300,17,600562,20260331
601225.SH,陕西煤业,26.13,0.0,25.59,26.13,-2.588504,26.45,25.45,1714/5521,26.13,26.45,25.45,25.59,3.806623,4.8227517E7,17,601225,20260331
301363.SZ,美好医疗,26.76,0.4127579737335947,25.43,25.51,-0.15704751,26.08,25.41,1716/5521,25.51,26.08,25.41,25.43,2.630545,7614195,33,301363,20260331
603351.SH,威尔药业,27.14,0.4069552349241562,26.24,25.89,3.30708661,26.28,25.4,1717/5521,25.89,26.28,25.4,26.24,3.464566,2056262,17,603351,20260331
002876.SZ,三利谱,30.91,0.7168458781361969,25.5,26.14,-1.80978052,26.14,25.36,1718/5521,26.14,26.14,25.36,25.5,3.003465,3261723,33,002876,20260331
300633.SZ,开立医疗,24.35,0.2057613168724309,25.56,25.45,1.38833796,26.05,25.36,1718/5521,25.45,26.05,25.36,25.56,2.737009,3007400,33,300633,20260331
002544.SZ,普天科技,25.52,1.4308426073131932,25.85,25.56,1.13458529,26.8,25.35,1720/5521,25.56,26.8,25.35,25.85,5.672926,1.8493658E7,33,002544,20260331
301041.SZ,金百泽,29.75,1.2938372488934253,25.4,26.25,-3.56871678,26.65,25.34,1721/5521,26.25,26.65,25.34,25.4,4.973424,3096303,33,301041,20260331
603813.SH,*ST原尚,37.0,1.36986301369863,25.33,25.33,-4.98874719,26.9,25.33,1722/5521,25.33,26.9,25.33,25.33,5.888972,1400300,22,603813,20260331
605333.SH,沪光股份,22.75,-0.08783487044356422,25.36,26.1,-3.0210325,26.1,25.33,1722/5521,26.1,26.1,25.33,25.36,2.94455,2232762,17,605333,20260331
002396.SZ,星网锐捷,26.5,-0.2634550244636819,25.48,25.96,-2.22563315,26.25,25.3,1724/5521,25.96,26.25,25.3,25.48,3.645433,1.7202091E7,33,002396,20260331
001234.SZ,泰慕士,31.2,3.4825870646766193,25.27,25.51,-0.43341214,26.07,25.27,1725/5521,25.51,26.07,25.27,25.27,3.152088,1845300,33,001234,20260331
920188.BJ,悦龙科技,27.83,2.8835489833641317,25.29,27.03,-16.25827815,27.19,25.26,1726/5521,27.03,27.19,25.26,25.29,6.390728,1.1489022E7,151,920188,20260331
300398.SZ,飞凯材料,30.41,-1.6812156482379552,25.6,26.03,-1.8404908,26.3,25.25,1727/5521,26.03,26.3,25.25,25.6,4.026073,2.5149011E7,33,300398,20260331
001367.SZ,海森药业,23.7,-0.04217629692113692,25.45,25.9,-2.0777222,26.24,25.24,1728/5521,25.9,26.24,25.24,25.45,3.847633,1.0613183E7,33,001367,20260331
002048.SZ,宁波华翔,26.03,-1.736504341260843,25.69,25.45,1.34122288,26.28,25.23,1729/5521,25.45,26.28,25.23,25.69,4.142011,1.5461806E7,33,002048,20260331
688533.SH,上声电子,26.56,0.11307953260458946,25.23,25.54,-1.05882353,25.84,25.23,1729/5521,25.54,25.84,25.23,25.23,2.392156,597116,17,688533,20260331
300207.SZ,欣旺达,27.43,-1.1531531531531543,25.21,26.6,-5.68649458,26.6,25.21,1731/5521,26.6,26.6,25.21,25.21,5.200149,9.2037031E7,33,300207,20260331
920008.BJ,成电光信,25.79,2.5447316103379745,25.2,25.6,-1.71606864,26.15,25.2,1732/5521,25.6,26.15,25.2,25.2,3.705148,703844,151,920008,20260331
920122.BJ,中纺标,26.35,1.502311248073962,25.6,25.2,1.06592973,26.1,25.2,1732/5521,25.2,26.1,25.2,25.6,3.553099,465291,151,920122,20260331
301113.SZ,雅艺科技,27.07,1.3478098090602748,25.2,26,-2.21187427,26.11,25.19,1734/5521,26,26.11,25.19,25.2,3.570042,1045200,33,301113,20260331
688222.SH,成都先导,28.61,2.5815704553603402,25.78,25.17,1.37632717,26.78,25.17,1735/5521,25.17,26.78,25.17,25.78,6.331104,2.0843736E7,17,688222,20260331
001358.SZ,兴欣新材,28.71,-0.8290155440414454,25.27,26.98,-6.75276753,27.11,25.16,1736/5521,26.73,26.86,24.91,25.02,7.195571,2187700,33,001358,20260331
300876.SZ,蒙泰高新,30.48,3.2870213486953537,25.23,26,-2.13343677,26.3,25.16,1736/5521,26,26.3,25.16,25.23,4.422032,1275600,33,300876,20260331
600993.SH,马应龙,26.03,-0.3063960168517744,25.15,25.2,-0.3960396,25.4,25.13,1738/5521,25.2,25.4,25.13,25.15,1.069306,2243925,17,600993,20260331
688669.SH,聚石化学,32.5,3.9334825711544625,25.22,26.01,-3.59327217,26.28,25.13,1738/5521,26.01,26.28,25.13,25.22,4.396024,1272148,17,688669,20260331
605338.SH,巴比食品,23.2,-1.1082693947144142,25.15,25.88,-2.7831465,26.03,25.1,1740/5521,25.88,26.03,25.1,25.15,3.594897,2019712,17,605338,20260331
688021.SH,奥福科技,30.3,16.314779270633398,25.25,26.17,-4.21092564,26.78,25.1,1740/5521,26.17,26.78,25.1,25.25,6.373292,3365214,17,688021,20260331
300552.SZ,万集科技,26.56,0.9118541033434591,25.15,26.35,-4.59028832,26.46,25.09,1742/5521,26.35,26.46,25.09,25.15,5.197268,7008280,33,300552,20260331
300607.SZ,拓斯达,29.18,2.206654991243429,25.07,25.14,-0.31809145,25.65,25.07,1743/5521,25.14,25.65,25.07,25.07,2.306163,7958816,33,300607,20260331
002838.SZ,道恩股份,30.04,-2.308943089430897,25.05,25.05,-0.35799523,26.26,25,1744/5521,25.05,26.26,25,25.05,5.011933,5444291,33,002838,20260331
603778.SH,国晟科技,26.6,-2.813299232736571,25.0,26,-1.18577075,26.63,25,1744/5521,26,26.63,25,25.0,6.442687,1.19414986E8,17,603778,20260331
603899.SH,晨光股份,24.54,-1.3268998793727456,25.27,25,0.7174173,25.69,25,1744/5521,25,25.69,25,25.27,2.750099,4346845,17,603899,20260331
603220.SH,中贝通信,28.26,-2.383419689119163,25.09,25.65,-1.41453831,26.33,24.99,1747/5521,25.65,26.33,24.99,25.09,5.265225,2.549055E7,17,603220,20260331
000935.SZ,四川双马,26.72,-3.711711711711716,24.97,25.38,-1.42123964,25.48,24.96,1748/5521,25.38,25.48,24.96,24.97,2.052901,3487242,33,000935,20260331
300921.SZ,南凌科技,26.94,0.2978406552494484,24.99,25.1,-1.80746562,25.79,24.96,1748/5521,25.1,25.79,24.96,24.99,3.261296,5866260,33,300921,20260331
688690.SH,纳微科技,32.62,-0.790754257907558,25.1,25,0.11966494,25.62,24.96,1748/5521,25,25.62,24.96,25.1,2.632628,3969360,17,688690,20260331
601168.SH,西部矿业,29.59,-2.4719841793012525,25.0,25.58,-1.92232248,25.9,24.95,1751/5521,25.58,25.9,24.95,25.0,3.726951,4.417516E7,17,601168,20260331
603568.SH,伟明环保,21.47,1.2258368694012165,25.09,25.6,-2.94003868,26.15,24.95,1751/5521,25.6,26.15,24.95,25.09,4.642166,6310940,17,603568,20260331
920593.BJ,鼎智科技,27.43,2.6187803965581717,25.16,24.97,0.5997601,25.88,24.94,1753/5521,24.97,25.88,24.94,25.16,3.758496,1752167,151,920593,20260331
002173.SZ,创新医疗,23.26,0.3018542475204842,24.92,25.53,-2.38934587,25.85,24.91,1754/5521,25.53,25.85,24.91,24.92,3.681942,2.2982167E7,33,002173,20260331
002869.SZ,金溢科技,21.09,-0.9394081728511005,25.25,25.4,-0.55139819,25.63,24.91,1754/5521,25.4,25.63,24.91,25.25,2.835762,6695043,33,002869,20260331
300638.SZ,广和通,22.45,-0.22222222222222537,24.92,25.31,-3.03501946,25.72,24.91,1754/5521,25.31,25.72,24.91,24.92,3.15175,1.4223476E7,33,300638,20260331
300889.SZ,爱克股份,23.99,-0.6625258799171849,24.98,25.87,-0.55732484,25.98,24.88,1757/5521,25.87,25.98,24.88,24.98,4.37898,4092382,33,300889,20260331
001230.SZ,劲旅环境,26.9,-0.2965159377316599,25.17,25.02,0.35885167,25.43,24.87,1758/5521,25.02,25.43,24.87,25.17,2.232854,4158661,33,001230,20260331
300912.SZ,凯龙高科,26.3,-0.37878787878787074,24.87,25.4,-1.23113582,25.66,24.8,1759/5521,25.4,25.66,24.8,24.87,3.415409,4418073,33,300912,20260331
600410.SH,华胜天成,21.92,-2.621057307863171,24.81,25.3,-3.04806565,26.17,24.8,1759/5521,25.3,26.17,24.8,24.81,5.353653,1.3640171E8,17,600410,20260331
300286.SZ,安科瑞,24.18,0.2072109407376739,24.8,26.05,-4.90797546,26.06,24.76,1761/5521,26.05,26.06,24.76,24.8,4.984662,1.1805765E7,33,300286,20260331
603159.SH,上海亚虹,25.8,-0.4245465071400982,24.75,26.3,-4.29234339,26.3,24.75,1762/5521,26.3,26.3,24.75,24.75,5.993812,2723720,17,603159,20260331
301335.SZ,天元宠物,26.09,0.4234026173979963,24.74,25.09,-1.708383,25.45,24.74,1763/5521,25.09,25.45,24.74,24.74,2.820818,957500,33,301335,20260331
603262.SH,技源集团,25.91,1.0530421216848658,24.74,24.8,-0.44265594,25.1,24.73,1764/5521,24.8,25.1,24.73,24.74,1.488933,1066479,17,603262,20260331
603324.SH,盛剑科技,26.02,2.440944881889768,24.75,25.48,-1.94136292,25.6,24.73,1764/5521,25.48,25.6,24.73,24.75,3.446909,3551320,17,603324,20260331
603211.SH,晋拓股份,26.8,0.5628517823639855,25.31,25.7,0.35685964,26.08,24.72,1766/5521,25.7,26.08,24.72,25.31,5.392545,7844300,17,603211,20260331
000062.SZ,深圳华强,36.92,3.562412342215998,24.71,25.88,-6.4369557,26.5,24.71,1767/5521,25.78,26.4,24.61,24.61,6.777735,3.4065063E7,33,000062,20260331
600699.SH,均胜电子,28.52,0.17562346329469866,24.78,25.34,-2.89968652,25.4,24.7,1768/5521,25.34,25.4,24.7,24.78,2.742946,3.8422647E7,17,600699,20260331
603190.SH,亚通精工,28.33,10.01941747572815,24.76,25.02,-1.11821086,25.52,24.7,1768/5521,25.02,25.52,24.7,24.76,3.27476,1358700,17,603190,20260331
603589.SH,口子窖,23.86,-1.8106995884773716,24.7,25.28,-0.2020202,25.54,24.7,1768/5521,25.28,25.54,24.7,24.7,3.393939,4278200,17,603589,20260331
603613.SH,国联股份,27.13,-3.5549235691432637,24.82,24.77,0.20185709,25.35,24.7,1768/5521,24.77,25.35,24.7,24.82,2.624142,6469361,17,603613,20260331
603978.SH,深圳新星,26.94,-1.7147026632615792,24.76,25.6,-3.84466019,25.84,24.7,1768/5521,25.6,25.84,24.7,24.76,4.427184,9976260,17,603978,20260331
688128.SH,中国电研,26.51,0.3406510219530653,24.74,25.06,-1.5910899,25.45,24.7,1768/5521,25.06,25.45,24.7,24.74,2.983293,2043916,17,688128,20260331
002667.SZ,威领股份,,,25.38,26.67,-4.8012003,26.72,24.65,1774/5521,26.67,26.72,24.65,25.38,7.764441,1.8294749E7,33,002667,20260331
603826.SH,坤彩科技,33.79,-2.7625899280575563,27.67,24.8,10.01988072,27.67,24.61,1775/5521,24.8,27.67,24.61,27.67,12.166998,2.5673904E7,17,603826,20260331
000768.SZ,中航西飞,23.5,0.0,24.66,25.08,-1.75298805,25.41,24.6,1776/5521,25.08,25.41,24.6,24.66,3.227091,2.6439121E7,33,000768,20260331
603533.SH,掌阅科技,25.02,-1.3017751479290014,24.6,25.02,-1.63934426,25.4,24.6,1776/5521,25.02,25.4,24.6,24.6,3.19872,1.21196E7,17,603533,20260331
300226.SZ,上海钢联,24.81,1.017915309446254,24.55,25.57,-4.02658327,25.64,24.55,1778/5521,25.57,25.64,24.55,24.55,4.261141,8131452,33,300226,20260331
300986.SZ,志特新材,22.8,-0.5235602094240881,24.53,24.99,-0.92891761,25.89,24.53,1779/5521,24.99,25.89,24.53,24.53,5.49273,2.7357864E7,33,300986,20260331
301386.SZ,未来电器,25.79,0.9788566953797965,24.6,25.27,-2.14797136,25.38,24.51,1780/5521,25.27,25.38,24.51,24.6,3.46062,1633100,33,301386,20260331
603057.SH,紫燕食品,27.78,3.928170594837264,24.54,25.4,-2.92721519,25.65,24.51,1780/5521,25.4,25.65,24.51,24.54,4.509493,1820999,17,603057,20260331
603955.SH,大千生态,25.99,-2.035431586882784,24.58,25.24,-1.68,25.6,24.51,1780/5521,25.24,25.6,24.51,24.58,4.36,1316700,17,603955,20260331
002733.SZ,雄韬股份,27.66,-6.68016194331984,24.52,26.23,-7.12121212,26.26,24.5,1783/5521,26.23,26.26,24.5,24.52,6.666666,2.6597683E7,33,002733,20260331
300409.SZ,道氏技术,26.93,-1.8943533697632042,24.58,25.15,-3.07570978,25.35,24.5,1783/5521,25.15,25.35,24.5,24.58,3.351735,2.0063726E7,33,300409,20260331
300711.SZ,广哈通信,20.87,-0.9492168960607466,24.52,24.8,-0.84917105,25.25,24.5,1783/5521,24.8,25.25,24.5,24.52,3.032753,3380258,33,300711,20260331
688739.SH,成大生物,23.05,-0.9028374892519383,24.62,24.6,0.24429967,24.85,24.5,1783/5521,24.6,24.85,24.5,24.62,1.425081,1225795,17,688739,20260331
301176.SZ,逸豪新材,37.35,-1.3731185635067231,24.6,26.36,-7.20482837,26.68,24.47,1787/5521,26.36,26.68,24.47,24.6,8.336476,5614590,33,301176,20260331
603217.SH,元利科技,30.71,-1.0950080515297902,24.47,25.06,-1.4101531,26.25,24.47,1787/5521,25.06,26.25,24.47,24.47,7.171635,4932386,17,603217,20260331
000938.SZ,紫光股份,31.99,-1.3263417643430082,24.9,24.75,0.32232071,25.72,24.46,1789/5521,24.75,25.72,24.46,24.9,5.076551,8.6936413E7,33,000938,20260331
605020.SH,永和股份,26.9,-0.6280014776505419,24.56,25,-1.68134508,25.05,24.46,1789/5521,25,25.05,24.46,24.56,2.361889,5941417,17,605020,20260331
605319.SH,无锡振华,26.82,0.789177001127399,24.47,24.75,-0.93117409,25.08,24.45,1791/5521,24.75,25.08,24.45,24.47,2.550607,5612757,17,605319,20260331
300988.SZ,津荣天宇,27.25,2.098164106406889,24.49,25.15,-3.16330565,25.73,24.44,1792/5521,25.15,25.73,24.44,24.49,5.10083,3435499,33,300988,20260331
002853.SZ,皮阿诺,26.87,1.7803030303030396,24.59,24.87,-0.84677419,25.3,24.43,1793/5521,24.87,25.3,24.43,24.59,3.508064,3080500,33,002853,20260331
603298.SH,杭叉集团,27.17,-1.1999999999999937,24.5,24.79,-1.01010101,25.39,24.42,1794/5521,24.79,25.39,24.42,24.5,3.919191,4889162,17,603298,20260331
001368.SZ,通达创智,30.57,0.0,24.42,24.54,-0.48899756,25.34,24.4,1795/5521,24.54,25.34,24.4,24.42,3.83048,2937000,33,001368,20260331
300455.SZ,航天智装,26.29,4.657643312101904,24.42,24.56,-0.57003257,25.38,24.4,1795/5521,24.56,25.38,24.4,24.42,3.990228,1.7076829E7,33,300455,20260331
300739.SZ,明阳电路,27.13,-1.4171511627906999,24.41,24.86,-2.51597444,25.44,24.4,1795/5521,24.86,25.44,24.4,24.41,4.153354,1.1178868E7,33,300739,20260331
301255.SZ,通力科技,29.0,2.8004253810705393,29.76,24.4,20,29.76,24.4,1795/5521,24.4,29.76,24.4,29.76,21.612903,8654391,33,301255,20260331
001319.SZ,铭科精技,23.88,0.8445945945945916,24.47,24.6,-0.52845528,24.86,24.38,1799/5521,24.6,24.86,24.38,24.47,1.951219,2236300,33,001319,20260331
300688.SZ,创业黑马,25.99,0.5804953560371462,24.41,25.01,-2.39904038,25.22,24.38,1799/5521,25.01,25.22,24.38,24.41,3.358656,3808125,33,300688,20260331
001218.SZ,丽臣实业,27.63,9.992038216560502,24.31,25.11,-3.18598168,25.2,24.31,1801/5521,25.11,25.2,24.31,24.31,3.544404,1467180,33,001218,20260331
600262.SH,北方股份,24.51,1.030502885408079,24.35,24.97,-2.98804781,25.22,24.31,1801/5521,24.97,25.22,24.31,24.35,3.625498,3750300,17,600262,20260331
605016.SH,百龙创园,27.19,5.5922330097087425,24.9,24.91,-0.43982407,25.11,24.3,1803/5521,24.91,25.11,24.3,24.9,3.238704,3438230,17,605016,20260331
688678.SH,福立旺,23.73,2.0206362854686106,24.5,25.69,-4.85436893,25.8,24.3,1803/5521,18.27857143,18.35714286,17.28571429,17.43,5.825242,1.3961365E7,17,688678,20260331
301158.SZ,德石股份,26.45,-1.416325009317924,24.33,24.68,-1.89516129,25.16,24.28,1805/5521,24.68,25.16,24.28,24.33,3.548387,5521281,33,301158,20260331
001333.SZ,光华股份,23.84,-0.16750418760468655,24.32,24.71,-1.57830838,24.9,24.27,1806/5521,24.71,24.9,24.27,24.32,2.549575,2787800,33,001333,20260331
301046.SZ,能辉科技,24.97,1.5453436356242334,24.3,25.32,-4.14201183,25.39,24.26,1807/5521,25.32,25.39,24.26,24.3,4.457593,2909314,33,301046,20260331
603988.SH,中电电机,24.91,-2.6192337763877958,24.26,24.87,-1.38211382,25.45,24.26,1807/5521,24.87,25.45,24.26,24.26,4.837398,4291100,17,603988,20260331
688455.SH,科捷智能,21.0,1.1073663938372673,27.17,24.24,13.25552313,27.78,24.24,1809/5521,24.24,27.78,24.24,27.17,14.756148,8614748,17,688455,20260331
688078.SH,龙软科技,27.25,3.1806134040136307,24.44,24.68,-0.73111292,25.18,24.21,1810/5521,24.68,25.18,24.21,24.44,3.939886,861915,17,688078,20260331
920128.BJ,胜业电气,24.1,0.5004170141784862,24.3,24.46,-0.65412919,24.95,24.2,1811/5521,24.46,24.95,24.2,24.3,3.06623,430619,151,920128,20260331
003020.SZ,立方制药,22.73,-0.698995194408039,24.27,24.39,-0.49200492,24.91,24.19,1812/5521,24.39,24.91,24.19,24.27,2.952029,1613300,33,003020,20260331
002730.SZ,电光科技,33.66,5.94900849858356,26.5,24.32,8.56206473,26.85,24.18,1813/5521,24.32,26.85,24.18,26.5,10.93814,5.476861E7,33,002730,20260331
002813.SZ,路畅科技,26.46,1.4959723820483335,24.17,24.55,-1.22599101,25.2,24.17,1814/5521,24.55,25.2,24.17,24.17,4.209235,1943100,33,002813,20260331
688695.SH,中创股份,25.37,1.9694533762057957,24.25,24.61,-1.38267588,24.96,24.17,1814/5521,24.61,24.96,24.17,24.25,3.212688,747829,17,688695,20260331
920971.BJ,天马新材,28.59,-0.24424284717376232,24.17,25.06,-2.77554304,25.15,24.17,1814/5521,24.86,24.95,23.97,23.97,3.942075,977749,151,920971,20260331
301129.SZ,瑞纳智能,27.1,-0.3310040456050013,24.13,24.9,-3.17014446,25.05,24.1,1817/5521,24.9,25.05,24.1,24.13,3.812199,1937500,33,301129,20260331
688420.SH,美腾科技,27.25,0.4423147806855916,24.17,24.38,-1.4274062,24.96,24.1,1817/5521,24.38,24.96,24.1,24.17,3.50734,869869,17,688420,20260331
300960.SZ,通业科技,20.99,0.9620009620009586,27.49,24.08,14.58941226,27.99,24.08,1819/5521,24.08,27.99,24.08,27.49,16.298457,1.0437577E7,33,300960,20260331
603690.SH,至纯科技,24.87,-1.5829046299960372,24.12,24.7,-2.85944422,24.9,24.08,1819/5521,24.7,24.9,24.08,24.12,3.302456,6772091,17,603690,20260331
603939.SH,益丰药房,23.2,-0.9816474605207018,24.4,24.08,0.95159288,24.75,24.08,1819/5521,24.08,24.75,24.08,24.4,2.772031,6237968,17,603939,20260331
688485.SH,九州一轨,55.2,1.8450184501845017,24.7,26.31,-7.90454884,26.32,24.07,1822/5521,26.31,26.32,24.07,24.7,8.389261,8507298,17,688485,20260331
920047.BJ,诺思兰德,27.11,4.069097888675619,24.2,24.52,-2.0242915,25.06,24.06,1823/5521,24.52,25.06,24.06,24.2,4.048582,2515952,151,920047,20260331
603270.SH,金帝股份,28.13,2.964860907759878,24.55,24.15,1.6563147,24.77,24.05,1824/5521,24.15,24.77,24.05,24.55,2.981366,3940620,17,603270,20260331
688737.SH,中自科技,29.25,-1.812688821752263,24.12,25.14,-3.90438247,25.69,24.04,1825/5521,25.14,25.69,24.04,24.12,6.573705,1990504,17,688737,20260331
600030.SH,中信证券,27.22,-0.3660322108345586,24.04,24.1,-0.24896266,24.44,24.03,1826/5521,24.1,24.44,24.03,24.04,1.701244,1.0224855E8,17,600030,20260331
301153.SZ,中科江南,20.64,-0.4821600771456021,24.84,24.13,2.72952854,24.96,24.02,1827/5521,23.9712659,24.8012659,23.8612659,24.68,3.88751,1.6905973E7,33,301153,20260331
000338.SZ,潍柴动力,31.2,3.4825870646766193,24.24,24.32,-0.7777323,24.76,24.01,1828/5521,24.32,24.76,24.01,24.24,3.069995,9.9295205E7,33,000338,20260331
001296.SZ,长江材料,22.95,0.2621231979030088,24.06,24.54,-1.95599022,24.68,24,1829/5521,24.54,24.68,24,24.06,2.770986,1498794,33,001296,20260331
003011.SZ,海象新材,23.8,1.4060502769493048,24.31,24.24,0.57923045,24.96,23.99,1830/5521,24.24,24.96,23.99,24.31,4.013239,3020200,33,003011,20260331
002246.SZ,北化股份,24.36,1.7118997912317335,25.0,26.24,-6.15615616,26.24,23.98,1831/5521,26.24,26.24,23.98,25.0,8.483483,4.8869506E7,33,002246,20260331
301172.SZ,君逸数码,30.95,-0.896573807236635,24.1,24.78,-3.01810865,25,23.98,1831/5521,24.78,25,23.98,24.1,4.104627,3388303,33,301172,20260331
002819.SZ,东方中科,26.37,0.34246575342465696,23.99,24.19,-0.99050764,24.66,23.96,1833/5521,24.19,24.66,23.96,23.99,2.88898,1762080,33,002819,20260331
688329.SH,艾隆科技,24.07,3.3047210300429164,23.97,24.57,-2.91616039,25,23.95,1834/5521,24.57,25,23.95,23.97,4.252733,1513039,17,688329,20260331
600176.SH,中国巨石,34.5,-3.3613445378151336,24.31,24.7,-2.17303823,25.03,23.9,1835/5521,24.7,25.03,23.9,24.31,4.547283,5.1591572E7,17,600176,20260331
001323.SZ,慕思股份,23.84,-1.3653289201489525,24.22,23.89,1.55136268,24.38,23.88,1836/5521,23.89,24.38,23.88,24.22,2.096436,1160005,33,001323,20260331
301379.SZ,天山电子,26.51,1.6877637130801737,23.92,24.33,-1.92701927,24.39,23.83,1837/5521,24.33,24.39,23.83,23.92,2.296022,3005930,33,301379,20260331
002009.SZ,天奇股份,23.22,0.17256255392579442,23.85,24.18,-1.40553948,24.55,23.82,1838/5521,24.18,24.55,23.82,23.85,3.017775,1.5800035E7,33,002009,20260331
300897.SZ,山科智能,26.54,2.194840200231037,23.87,24.44,-2.01149425,24.68,23.81,1839/5521,24.44,24.68,23.81,23.87,3.571428,1056140,33,300897,20260331
688501.SH,青达环保,24.36,-0.12300123001230479,23.99,24.7,-2.83515593,24.84,23.81,1839/5521,24.7,24.84,23.81,23.99,4.171729,1001033,17,688501,20260331
002969.SZ,嘉美包装,22.6,-0.5281690140844958,24.12,26,-1.55102041,26.89,23.8,1841/5521,26,26.89,23.8,24.12,12.612244,8.8505345E7,33,002969,20260331
920662.BJ,方盛股份,23.64,-1.2531328320802033,23.88,24.06,-0.74812968,24.7,23.8,1841/5521,24.06,24.7,23.8,23.88,3.740648,678993,151,920662,20260331
300871.SZ,回盛生物,26.28,-1.388367729831135,23.83,24.24,-1.36589404,24.46,23.77,1843/5521,24.24,24.46,23.77,23.83,2.85596,5616859,33,300871,20260331
001287.SZ,中电港,26.46,3.278688524590163,24.23,24.37,-2.02183583,24.83,23.76,1844/5521,24.37,24.83,23.76,24.23,4.326728,2.3199382E7,33,001287,20260331
920706.BJ,铁拓机械,22.67,1.1601963409192395,24.01,23.93,0.04166667,25.3,23.76,1844/5521,23.93,25.3,23.76,24.01,6.416666,3744536,151,920706,20260331
600764.SH,中国海防,23.62,-1.5833333333333293,23.75,23.93,-0.87646077,24.25,23.75,1846/5521,23.93,24.25,23.75,23.75,2.086811,3315500,17,600764,20260331
300415.SZ,伊之密,24.22,1.3389121338912147,23.74,24.1,-1.41196013,24.23,23.7,1847/5521,24.1,24.23,23.7,23.74,2.200996,4454400,33,300415,20260331
688398.SH,赛特新材,31.91,0.25133521834747674,23.7,24,-1.7005392,24.27,23.7,1847/5521,24,24.27,23.7,23.7,2.364164,1171589,17,688398,20260331
688218.SH,江苏北人,34.0,6.25,24.05,23.86,0.12489592,24.52,23.68,1849/5521,23.86,24.52,23.68,24.05,3.497085,4760559,17,688218,20260331
688518.SH,联赢激光,28.66,6.820723071188975,23.7,24.14,-2.02563043,24.64,23.68,1849/5521,24.14,24.64,23.68,23.7,3.968582,7452514,17,688518,20260331
300634.SZ,彩讯股份,22.59,-3.1718816973853343,23.69,24.01,-1.0029252,24.45,23.66,1851/5521,24.01,24.45,23.66,23.69,3.301295,1.3700016E7,33,300634,20260331
300860.SZ,锋尚文化,25.04,2.8336755646817156,24.02,23.92,0.46005855,24.76,23.66,1851/5521,23.92,24.76,23.66,24.02,4.600585,2735214,33,300860,20260331
601595.SH,上海电影,24.25,-0.16467682173733697,23.85,23.66,0.84566596,24.17,23.66,1851/5521,23.66,24.17,23.66,23.85,2.156448,4817300,17,601595,20260331
002393.SZ,力生制药,16.7,-0.6543723973825071,23.66,23.81,-1.49875104,24.42,23.65,1854/5521,19.34166667,19.85,19.20833333,19.22,3.205661,7619640,33,002393,20260331
002265.SZ,建设工业,22.51,1.5794223826714866,23.64,24.68,-4.33023068,24.95,23.62,1855/5521,24.68,24.95,23.62,23.64,5.382436,3.1948275E7,33,002265,20260331
688349.SH,三一重能,24.8,0.8950366151342654,23.62,24.35,-3.03776683,24.56,23.62,1855/5521,24.35,24.56,23.62,23.62,3.858784,5969749,17,688349,20260331
600520.SH,三佳科技,29.46,-1.1409395973154357,23.6,24.21,-2.51961999,24.42,23.6,1857/5521,24.21,24.42,23.6,23.6,3.38703,2757100,17,600520,20260331
002885.SZ,京泉华,31.26,1.9902120717781502,23.58,24.52,-3.79436965,24.65,23.58,1858/5521,24.52,24.65,23.58,23.58,4.365565,1.1246041E7,33,002885,20260331
301015.SZ,百洋医药,24.65,-2.722967640094717,24.08,23.78,1.26156434,24.39,23.54,1859/5521,23.78,24.39,23.54,24.08,3.574432,8374900,33,301015,20260331
603938.SH,三孚股份,28.22,-3.3561643835616453,24.1,24.16,-1.18901189,24.45,23.54,1859/5521,24.16,24.45,23.54,24.1,3.731037,1.124718E7,17,603938,20260331
301011.SZ,华立科技,19.91,0.45408678102926264,23.76,24.18,-1.85873606,24.39,23.53,1861/5521,24.18,24.39,23.53,23.76,3.552251,2014094,33,301011,20260331
688393.SH,安必平,24.6,1.0266940451745379,23.53,23.97,-1.30033557,25.23,23.51,1862/5521,23.97,25.23,23.51,23.53,7.214765,1508541,17,688393,20260331
688633.SH,星球石墨,36.2,-1.0388190267905835,23.74,23.78,-0.21017234,24.27,23.51,1862/5521,23.78,24.27,23.51,23.74,3.194619,1327342,17,688633,20260331
002981.SZ,朝阳科技,24.58,-4.543689320388356,23.54,23.6,-0.25423729,24.09,23.5,1864/5521,23.6,24.09,23.5,23.54,2.5,2496819,33,002981,20260331
300322.SZ,硕贝德,30.21,-1.0157273918741767,23.76,23.59,0.46511628,24.45,23.5,1864/5521,23.59,24.45,23.5,23.76,4.016913,1.6638144E7,33,300322,20260331
301118.SZ,恒光股份,28.52,2.5899280575539527,23.5,24.41,-3.80679492,25.04,23.5,1864/5521,24.41,25.04,23.5,23.5,6.303724,2996132,33,301118,20260331
001231.SZ,农心科技,25.49,0.6714060031595503,23.53,23.97,-1.83562787,24.18,23.48,1867/5521,23.97,24.18,23.48,23.53,2.920317,1708500,33,001231,20260331
920690.BJ,捷众科技,26.43,0.45610034207526035,23.6,23.46,0.16977929,24.18,23.46,1868/5521,23.46,24.18,23.46,23.6,3.056027,668046,151,920690,20260331
603381.SH,永臻股份,24.14,1.3434089000839642,23.49,24.2,-3.8477282,24.65,23.45,1869/5521,24.2,24.65,23.45,23.49,4.911993,8322756,17,603381,20260331
920299.BJ,灿能电力,22.29,-1.284322409211688,23.51,24.37,-3.33059211,24.58,23.44,1870/5521,24.37,24.58,23.44,23.51,4.6875,1904211,151,920299,20260331
300588.SZ,熙菱信息,24.11,0.5421184320266847,23.42,24,-2.13121605,24.32,23.42,1871/5521,24,24.32,23.42,23.42,3.760969,2468700,33,300588,20260331
301063.SZ,海锅股份,24.06,0.0,23.47,24.19,-2.77547639,24.32,23.42,1871/5521,24.19,24.32,23.42,23.47,3.728251,2613410,33,301063,20260331
920857.BJ,泓禧科技,18.4,-0.9154550350027016,23.43,23.99,-1.92549184,24.26,23.41,1873/5521,23.99,24.26,23.41,23.43,3.557974,636088,151,920857,20260331
002130.SZ,沃尔核材,22.74,-0.6986899563318784,23.47,23.66,-1.01223113,23.89,23.4,1874/5521,23.66,23.89,23.4,23.47,2.066638,2.5265602E7,33,002130,20260331
920564.BJ,天润科技,24.24,1.0421008753647354,24.3,23.64,3.05343511,25,23.4,1874/5521,23.64,25,23.4,24.3,6.785411,2924958,151,920564,20260331
300736.SZ,百邦科技,27.6,-0.9687836383207734,23.38,23.38,,23.38,23.38,1876/5521,23.38,23.38,23.38,23.38,,,33,300736,20260331
300327.SZ,中颖电子,27.34,1.4094955489614207,23.51,23.93,-2.40763802,24.24,23.36,1877/5521,23.93,24.24,23.36,23.51,3.652968,7525456,33,300327,20260331
300400.SZ,劲拓股份,25.02,-2.1509581540868234,23.4,24.41,-5.03246753,24.5,23.35,1878/5521,24.41,24.5,23.35,23.4,4.667207,1.30514E7,33,300400,20260331
301305.SZ,朗坤科技,26.68,-0.7440476190476164,23.37,23.89,-2.625,24.11,23.32,1879/5521,23.89,24.11,23.32,23.37,3.291666,4058300,33,301305,20260331
300970.SZ,华绿生物,35.3,-2.7548209366391188,23.4,24,-2.58118235,24.5,23.28,1880/5521,24,24.5,23.28,23.4,5.0791,2954584,33,300970,20260331
002921.SZ,联诚精密,29.74,0.3712453594330052,23.55,23.54,0,23.98,23.27,1881/5521,23.54,23.98,23.27,23.55,3.014861,3224196,33,002921,20260331
688793.SH,倍轻松,22.0,3.7246581801037206,23.43,24,-4.56211813,24.65,23.25,1882/5521,24,24.65,23.25,23.43,5.702647,4212352,17,688793,20260331
001378.SZ,德冠新材,26.79,2.290950744558984,23.28,23.43,-0.25706941,23.85,23.24,1883/5521,23.43,23.85,23.24,23.28,2.613538,1901200,33,001378,20260331
605089.SH,味知香,26.77,-2.7959331880900495,23.25,23.38,0.04302926,23.58,23.24,1883/5521,23.38,23.58,23.24,23.25,1.462994,1710500,17,605089,20260331
301348.SZ,蓝箭电子,25.08,2.6606631191158354,23.26,24.18,-4.16151628,24.3,23.23,1885/5521,24.18,24.3,23.23,23.26,4.408735,9437100,33,301348,20260331
603192.SH,汇得科技,22.72,-4.256215760640546,23.22,23.49,-1.40127389,23.81,23.22,1886/5521,23.49,23.81,23.22,23.22,2.505307,935700,17,603192,20260331
688757.SH,胜科纳米,28.16,7.8927203065134055,23.32,23.52,-1.81052632,23.93,23.21,1887/5521,23.52,23.93,23.21,23.32,3.031578,1306803,17,688757,20260331
300662.SZ,科锐国际,24.34,-0.20500205002050312,23.4,23.23,0.47230571,23.71,23.2,1888/5521,23.23,23.71,23.2,23.4,2.189781,3686940,33,300662,20260331
688199.SH,久日新材,27.4,-0.3273917788286645,23.29,23.96,-3.11980033,24.22,23.2,1888/5521,23.96,24.22,23.2,23.29,4.242928,2353403,17,688199,20260331
688292.SH,浩瀚深度,22.46,1.1711711711711783,23.18,23.4,-0.98248612,24.14,23.18,1890/5521,23.4,24.14,23.18,23.18,4.100811,3599212,17,688292,20260331
300898.SZ,熊猫乳品,24.04,-0.45548654244306186,23.31,23.95,-1.10309716,24.11,23.17,1891/5521,23.95,24.11,23.17,23.31,3.98812,2309600,33,300898,20260331
603103.SH,横店影视,20.66,1.0763209393346322,23.17,23.26,0,23.6,23.15,1892/5521,23.26,23.6,23.15,23.17,1.942166,5687315,17,603103,20260331
605056.SH,咸亨国际,25.04,-2.111024237685689,23.95,23.43,2.6575225,24.4,23.15,1892/5521,23.43,24.4,23.15,23.95,5.357908,9184900,17,605056,20260331
600585.SH,海螺水泥,21.13,-0.6114769520225896,23.16,23.38,-1.11016225,23.48,23.14,1894/5521,23.38,23.48,23.14,23.16,1.45175,2.0697453E7,17,600585,20260331
001256.SZ,炜冈科技,25.11,0.6009615384615328,23.14,24.64,-6.99356913,24.76,23.13,1895/5521,24.64,24.76,23.13,23.14,6.551446,5012502,33,001256,20260331
002553.SZ,南方精工,22.01,-7.404291123264611,24.7,23.13,6.46551724,25.52,23.13,1895/5521,23.13,25.52,23.13,24.7,10.301724,1.9127415E7,33,002553,20260331
300885.SZ,海昌新材,28.64,19.98324256388772,23.87,23.29,2.27077978,24.07,23.13,1895/5521,23.29,24.07,23.13,23.87,4.02742,1.331121E7,33,300885,20260331
688370.SH,丛麟科技,25.36,2.258064516129027,23.55,23.51,1.24677558,24.28,23.13,1895/5521,23.51,24.28,23.13,23.55,4.94411,1231396,17,688370,20260331
920242.BJ,建邦科技,25.2,0.6389776357827482,23.12,23.78,-2.15827338,23.8,23.1,1899/5521,23.78,23.8,23.1,23.12,2.962336,652112,151,920242,20260331
920080.BJ,奥美森,24.66,3.439597315436243,23.16,23.24,0,23.58,23.09,1900/5521,23.24,23.58,23.09,23.16,2.115716,279732,151,920080,20260331
301246.SZ,宏源药业,29.97,15.758980301274617,23.11,23.8,-5.05341002,23.99,23.08,1901/5521,23.8,23.99,23.08,23.11,3.738701,2.1144483E7,33,301246,20260331
000048.SZ,京基智农,14.74,0.1358695652173884,23.66,23.3,4.64396285,24.24,23.06,1902/5521,23.3,24.24,23.06,23.66,5.218929,3.7530182E7,33,000048,20260331
603239.SH,浙江仙通,23.81,-1.3261500207210952,23.89,23.39,1.83290708,24.05,23.06,1902/5521,23.39,24.05,23.06,23.89,4.219948,1.01546E7,17,603239,20260331
688156.SH,路德科技,25.48,2.4115755627009703,23.68,23.41,-2.22956235,24.5,23.06,1902/5521,23.41,24.5,23.06,23.68,5.945499,1.002181E7,17,688156,20260331
688600.SH,皖仪科技,28.96,1.3296011196641098,23.29,24.1,-3.11980033,24.34,23.06,1902/5521,24.1,24.34,23.06,23.29,5.324459,1810357,17,688600,20260331
300432.SZ,富临精工,28.12,1.8471568272365142,23.1,24.22,-6.05937373,24.3,23.05,1906/5521,24.22,24.3,23.05,23.1,5.083367,1.16304348E8,33,300432,20260331
300421.SZ,力星股份,23.78,3.7521815008725974,23.01,23.3,-1.07480653,23.71,23.01,1907/5521,23.3,23.71,23.01,23.01,3.009458,6689084,33,300421,20260331
920245.BJ,威博液压,24.84,0.36363636363636304,23.58,23.27,1.33218737,24.17,23.01,1907/5521,23.27,24.17,23.01,23.58,4.984959,281067,151,920245,20260331
688655.SH,迅捷兴,45.53,18.59859338369367,23.27,24.4,-6.05571256,24.79,23,1909/5521,24.4,24.79,23,23.27,7.226483,8727664,17,688655,20260331
600845.SH,宝信软件,22.68,-0.7005253940455348,23.0,23.82,-3.40193196,23.82,22.98,1910/5521,23.82,23.82,22.98,23.0,3.527929,2.649983E7,17,600845,20260331
300622.SZ,博士眼镜,24.78,-0.28169014084507155,23.0,23.25,-1.20274914,23.66,22.97,1911/5521,23.25,23.66,22.97,23.0,2.963917,3476182,33,300622,20260331
300790.SZ,宇瞳光学,29.0,2.4373013069586764,23.01,23.18,-0.94705123,23.67,22.96,1912/5521,23.18,23.67,22.96,23.01,3.056392,4774181,33,300790,20260331
002287.SZ,奇正藏药,22.74,-0.2631578947368521,22.99,23.02,-0.60527454,23.35,22.95,1913/5521,23.02,23.35,22.95,22.99,1.729355,2139920,33,002287,20260331
601089.SH,福元医药,20.59,0.48804294777941154,23.06,23.28,0.17376195,23.63,22.95,1913/5521,23.28,23.63,22.95,23.06,2.953953,4203800,17,601089,20260331
603908.SH,牧高笛,24.18,1.6393442622950845,23.1,23.24,-0.34512511,23.75,22.95,1913/5521,23.24,23.75,22.95,23.1,3.451251,1791234,17,603908,20260331
002952.SZ,亚世光电,27.6,-2.1970233876683114,22.98,23.93,-4.96277916,24.01,22.94,1916/5521,23.93,24.01,22.94,22.98,4.425144,4747300,33,002952,20260331
002497.SZ,雅化集团,30.67,1.2879788639365937,23.2,23.58,-2.48003363,23.76,22.93,1917/5521,23.58,23.76,22.93,23.2,3.48886,3.3917136E7,33,002497,20260331
300065.SZ,海兰信,25.88,2.5762980578676125,23.64,23.06,2.73794003,24.62,22.9,1918/5521,23.06,24.62,22.9,23.64,7.47501,8.5107017E7,33,300065,20260331
603716.SH,塞力医疗,21.26,0.9496676163342965,23.65,23.3,3.95604396,24.06,22.9,1918/5521,23.3,24.06,22.9,23.65,5.098901,4.148329E7,17,603716,20260331
002597.SZ,金禾实业,23.33,1.0831889081455808,23.1,23.08,-0.3021148,23.48,22.89,1920/5521,23.08,23.48,22.89,23.1,2.546396,5838400,33,002597,20260331
301601.SZ,惠通科技,21.95,-1.3039568345323704,22.96,23.3,-1.03448276,23.57,22.89,1920/5521,23.3,23.57,22.89,22.96,2.931034,839869,33,301601,20260331
603185.SH,弘元绿能,21.71,-1.2733060482037182,22.91,23.58,-3.61800589,24.02,22.89,1920/5521,23.58,24.02,22.89,22.91,4.753891,2.0332992E7,17,603185,20260331
003023.SZ,彩虹集团,30.3,2.572782667569403,22.86,23.03,-0.4788855,23.59,22.86,1923/5521,23.03,23.59,22.86,22.86,3.178058,3047600,33,003023,20260331
300702.SZ,天宇股份,21.09,-1.0323791647113978,23.38,22.95,2.31947484,23.69,22.86,1923/5521,22.95,23.69,22.86,23.38,3.632385,6742385,33,300702,20260331
920418.BJ,苏轴股份,24.39,-1.3748483623129797,23.28,22.99,1.70380079,23.66,22.85,1925/5521,22.99,23.66,22.85,23.28,3.538663,2206692,151,920418,20260331
600332.SH,白云山,22.65,-0.9619588981198182,22.86,23.04,-0.78125,23.22,22.84,1926/5521,23.04,23.22,22.84,22.86,1.649305,1.1437953E7,17,600332,20260331
300773.SZ,拉卡拉,26.94,-0.29607698001479754,22.88,23.36,-2.55536627,23.6,22.82,1927/5521,23.36,23.6,22.82,22.88,3.321976,2.6904935E7,33,300773,20260331
600602.SH,云赛智联,21.77,-0.36613272311213657,23.23,23.33,-0.42863266,23.97,22.81,1928/5521,23.33,23.97,22.81,23.23,4.972138,1.44503155E8,17,600602,20260331
605033.SH,美邦股份,23.24,1.2636165577342011,22.82,23.25,-2.47863248,23.39,22.81,1928/5521,23.25,23.39,22.81,22.82,2.478632,3364900,17,605033,20260331
002326.SZ,永太科技,24.46,-0.5286701911346036,22.8,23.31,-3.43074968,23.58,22.8,1930/5521,23.31,23.58,22.8,22.8,3.303684,3.2763306E7,33,002326,20260331
300486.SZ,东杰智能,23.16,0.08643042350907335,22.91,22.8,-0.21777003,23.46,22.8,1930/5521,22.8,23.46,22.8,22.91,2.874564,7953700,33,300486,20260331
301276.SZ,嘉曼服饰,27.28,1.1869436201780426,23.0,23.5,-3.36134454,23.87,22.8,1930/5521,23.5,23.87,22.8,23.0,4.495798,1552500,33,301276,20260331
300658.SZ,延江股份,21.73,-0.22956841138659645,22.98,24.08,-4.8053024,24.13,22.79,1933/5521,24.08,24.13,22.79,22.98,5.550952,1.7546169E7,33,300658,20260331
601858.SH,中国科传,25.38,2.794653705953818,22.87,23.82,-4.3496445,24.14,22.79,1933/5521,23.82,24.14,22.79,22.87,5.646173,1.584236E7,17,601858,20260331
920906.BJ,舜宇精工,23.26,0.6926406926406932,23.25,22.76,2.37780713,23.7,22.76,1935/5521,22.76,23.7,22.76,23.25,4.139145,984589,151,920906,20260331
301262.SZ,海看股份,23.67,-0.8793969849246118,22.79,23.04,-1.08506944,23.35,22.74,1936/5521,23.04,23.35,22.74,22.79,2.647569,3195511,33,301262,20260331
300478.SZ,杭州高新,29.91,0.36912751677852157,22.84,23.59,-2.26786478,23.6,22.73,1937/5521,23.59,23.6,22.73,22.84,3.722721,2062400,33,300478,20260331
605080.SH,浙江自然,25.39,0.6740681998414025,22.88,22.79,0.70422535,23.07,22.73,1937/5521,22.79,23.07,22.73,22.88,1.496478,717800,17,605080,20260331
300130.SZ,新国都,22.12,-0.6289308176100654,22.76,22.86,-0.82788671,23.25,22.72,1939/5521,22.86,23.25,22.72,22.76,2.309368,5268764,33,300130,20260331
301065.SZ,本立科技,24.33,-0.6533278889342595,22.75,22.86,-0.65502183,23.38,22.72,1939/5521,22.86,23.38,22.72,22.75,2.882096,1836600,33,301065,20260331
600137.SH,浪莎股份,23.4,-2.1739130434782736,22.97,23,0.52516411,23.6,22.72,1939/5521,23,23.6,22.72,22.97,3.851203,6053301,17,600137,20260331
688298.SH,东方生物,22.33,0.676284941388632,22.8,22.81,0,23.12,22.72,1939/5521,22.81,23.12,22.72,22.8,1.754385,1083269,17,688298,20260331
002810.SZ,山东赫达,26.74,-2.975326560232222,23.44,22.97,2.3580786,24.5,22.7,1943/5521,22.97,24.5,22.7,23.44,7.860262,4.2486752E7,33,002810,20260331
300629.SZ,新劲刚,25.13,1.126760563380272,22.79,22.87,-0.61055386,23.59,22.7,1943/5521,22.87,23.59,22.7,22.79,3.881378,1.1242038E7,33,300629,20260331
301029.SZ,怡合达,28.34,-0.8397480755773213,22.83,22.88,0.04382121,23.32,22.7,1943/5521,22.88,23.32,22.7,22.83,2.716914,6613208,33,301029,20260331
688129.SH,东来技术,29.44,-3.2215647600262995,22.78,23.4,-2.06362855,23.76,22.7,1943/5521,23.4,23.76,22.7,22.78,4.557179,675357,17,688129,20260331
003008.SZ,开普检测,23.5,2.485826428259923,22.74,22.95,-0.87183958,23.45,22.68,1947/5521,22.95,23.45,22.68,22.74,3.356582,1655170,33,003008,20260331
300491.SZ,通合科技,25.79,0.1553398058252394,22.68,23.69,-3.77598642,23.69,22.68,1947/5521,23.61,23.61,22.6,22.6,4.285108,5412800,33,300491,20260331
301179.SZ,泽宇智能,23.14,-4.0630182421227214,25.35,22.98,11.37961336,25.9,22.66,1949/5521,22.98,25.9,22.66,25.35,14.2355,3.4416326E7,33,301179,20260331
002995.SZ,天地在线,22.4,2.611085661933121,24.66,22.8,9.99107939,24.66,22.63,1950/5521,22.8,24.66,22.63,24.66,9.054415,1.3319287E7,33,002995,20260331
300593.SZ,新雷能,28.59,-1.7188037126160192,22.74,23.33,-2.27761066,23.69,22.62,1951/5521,23.33,23.69,22.62,22.74,4.598195,1.3187997E7,33,300593,20260331
301515.SZ,港通医疗,23.93,-1.1157024793388413,22.77,22.74,0.75221239,23.28,22.6,1952/5521,22.74,23.28,22.6,22.77,3.008849,2094285,33,301515,20260331
920523.BJ,德瑞锂电,23.15,-1.1106364801367004,22.58,22.91,-1.78338408,23.23,22.58,1953/5521,22.91,23.23,22.58,22.58,2.827316,757119,151,920523,20260331
600990.SH,四创电子,23.12,1.3146362839614405,22.62,22.82,-0.87642419,23.28,22.57,1954/5521,22.82,23.28,22.57,22.62,3.111305,3933609,17,600990,20260331
600850.SH,电科数字,19.34,-2.814070351758788,22.58,23.12,-2.08152645,23.16,22.55,1955/5521,23.12,23.16,22.55,22.58,2.645273,8186127,17,600850,20260331
301399.SZ,英特科技,21.0,-2.3255813953488373,24.89,22.53,7.74891775,25.38,22.53,1956/5521,22.53,25.38,22.53,24.89,12.337662,2.142721E7,33,301399,20260331
000901.SZ,航天科技,24.0,3.359173126614992,22.52,22.63,0.13339262,23.15,22.51,1957/5521,22.63,23.15,22.51,22.52,2.845709,2.9048054E7,33,000901,20260331
603701.SH,德宏股份,24.99,1.1331444759206701,22.49,23.4,-4.29787234,23.48,22.46,1958/5521,23.4,23.48,22.46,22.49,4.340425,5722300,17,603701,20260331
920491.BJ,奥迪威,24.93,2.6771004942339314,22.61,22.42,1.11806798,23.08,22.42,1959/5521,22.12,22.78,22.12,22.31,2.951699,2065966,151,920491,20260331
301371.SZ,敷尔佳,29.04,-0.6160164271047218,22.42,22.66,-0.84033613,22.78,22.41,1960/5521,22.66,22.78,22.41,22.42,1.636444,745510,33,301371,20260331
920111.BJ,聚星科技,31.5,-5.120481927710851,22.72,22.73,0.88809947,23.09,22.41,1960/5521,22.73,23.09,22.41,22.72,3.019538,803010,151,920111,20260331
605599.SH,菜百股份,19.19,-8.705994291151276,22.55,22.79,-1.52838428,23.05,22.4,1962/5521,22.79,23.05,22.4,22.55,2.838427,3781600,17,605599,20260331
920914.BJ,远航精密,25.79,-1.414373088685019,22.5,23.09,-2.80777538,23.58,22.4,1962/5521,23.09,23.58,22.4,22.5,5.097192,1005947,151,920914,20260331
300915.SZ,海融科技,24.76,1.475409836065586,22.39,23.26,-1.36563877,23.26,22.39,1964/5521,23.26,23.26,22.39,22.39,3.832599,1093448,33,300915,20260331
300685.SZ,艾德生物,20.21,-1.4627011214041965,22.45,22.6,-1.31868132,22.93,22.38,1965/5521,22.6,22.93,22.38,22.45,2.417582,9136658,33,300685,20260331
688186.SH,广大特材,19.72,-3.522504892367918,22.41,22.74,-2.31037489,23.25,22.38,1965/5521,22.74,23.25,22.38,22.41,3.792502,6437088,17,688186,20260331
301199.SZ,迈赫股份,21.53,1.5566037735849145,22.41,22.53,-0.48845471,22.95,22.37,1967/5521,22.53,22.95,22.37,22.41,2.575488,1219800,33,301199,20260331
002262.SZ,恩华药业,22.42,0.04462293618920823,22.4,22.55,-0.88495575,22.8,22.34,1968/5521,22.55,22.8,22.34,22.4,2.035398,5264400,33,002262,20260331
600285.SH,羚锐制药,22.36,-0.8865248226950324,22.35,22.6,-1.10619469,22.79,22.33,1969/5521,22.6,22.79,22.33,22.35,2.035398,4744344,17,600285,20260331
600501.SH,航天晨光,23.61,2.163565556036348,22.7,22.42,1.24888492,23.29,22.32,1970/5521,22.42,23.29,22.32,22.7,4.326494,1.0610069E7,17,600501,20260331
002241.SZ,歌尔股份,24.5,-0.8097165991902805,22.36,22.42,-0.2676182,22.95,22.31,1971/5521,22.42,22.95,22.31,22.36,2.854594,5.2364095E7,33,002241,20260331
300971.SZ,博亚精工,24.36,0.7444168734491303,22.4,22.57,-0.35587189,22.91,22.3,1972/5521,22.57,22.91,22.3,22.4,2.713523,2647580,33,300971,20260331
603933.SH,睿能科技,24.44,5.027932960893862,22.3,22.3,,22.3,22.3,1972/5521,22.3,22.3,22.3,22.3,,,17,603933,20260331
002829.SZ,星网宇达,21.89,3.5477767265846736,22.3,22.41,-0.66815145,23.09,22.29,1974/5521,22.41,23.09,22.29,22.3,3.563474,4955900,33,002829,20260331
603733.SH,仙鹤股份,22.03,-2.823114247904722,22.41,22.48,-0.3113879,22.49,22.28,1975/5521,22.48,22.49,22.28,22.41,0.934163,2170736,17,603733,20260331
000777.SZ,中核科技,19.86,0.6079027355623151,22.27,22.66,-1.72109444,22.85,22.25,1976/5521,22.66,22.85,22.25,22.27,2.647837,6021492,33,000777,20260331
600392.SH,盛和资源,26.03,-0.6109201985490651,22.4,22.37,0.13410818,22.79,22.25,1976/5521,22.37,22.79,22.25,22.4,2.413947,5.0484058E7,17,600392,20260331
920876.BJ,慧为智能,22.22,-0.1348314606741624,22.31,23,-2.78867102,23.5,22.25,1976/5521,23,23.5,22.25,22.31,5.446623,764812,151,920876,20260331
300982.SZ,苏文电能,23.15,-2.608329827513677,22.32,23.26,-4.24710425,23.34,22.23,1979/5521,23.26,23.34,22.23,22.32,4.761904,5311121,33,300982,20260331
688277.SH,天智航,19.92,4.347826086956531,22.83,22.51,2.05632544,23.3,22.2,1980/5521,22.51,23.3,22.2,22.83,4.917299,1.0469277E7,17,688277,20260331
688598.SH,金博股份,24.79,-0.48173424327579684,22.23,23.03,-3.72455608,23.33,22.19,1981/5521,23.03,23.33,22.19,22.23,4.937202,3713073,17,688598,20260331
605277.SH,新亚电子,22.83,-0.3056768558951978,22.25,22.38,-1.6357206,22.8,22.18,1982/5521,22.38,22.8,22.18,22.25,2.740937,4469500,17,605277,20260331
301190.SZ,善水科技,23.19,0.04314063848145627,22.18,22.73,-2.20458554,22.95,22.17,1983/5521,22.73,22.95,22.17,22.18,3.439153,1664005,33,301190,20260331
600729.SH,重庆百货,21.35,-1.9742883379247,22.19,22.17,-0.04504505,22.52,22.17,1983/5521,22.17,22.52,22.17,22.19,1.576576,2324238,17,600729,20260331
600803.SH,新奥股份,20.26,-5.282842449742866,22.18,22.67,-2.5483304,22.95,22.16,1985/5521,22.67,22.95,22.16,22.18,3.471001,9706336,17,600803,20260331
605222.SH,起帆电缆,36.37,10.012099213551105,22.96,22.24,2.68336315,23.98,22.14,1986/5521,22.24,23.98,22.14,22.96,8.22898,2.4448113E7,17,605222,20260331
603726.SH,朗迪集团,24.85,10.004426737494475,22.43,22.39,0.40286482,22.88,22.13,1987/5521,22.39,22.88,22.13,22.43,3.357206,3127700,17,603726,20260331
920403.BJ,康农种业,22.54,1.0309278350515483,22.18,22.8,-3.69083804,22.91,22.12,1988/5521,22.8,22.91,22.12,22.18,3.430308,2035320,151,920403,20260331
000951.SZ,中国重汽,21.85,-3.7444933920704755,22.25,22.54,-1.1550422,22.75,22.1,1989/5521,22.54,22.75,22.1,22.25,2.887605,1.2364519E7,33,000951,20260331
301505.SZ,苏州规划,23.31,1.7903930131004373,22.09,22.83,-2.170062,22.88,22.08,1990/5521,22.83,22.88,22.08,22.09,3.542958,1909033,33,301505,20260331
301016.SZ,雷尔伟,16.29,3.824091778202675,23.4,22.5,4.37109723,23.99,22.07,1991/5521,15.96428571,17.02857143,15.65714286,16.61,8.563782,7768136,33,301016,20260331
920208.BJ,青矩技术,23.37,0.42973785990546376,22.07,22.17,-0.45105999,22.6,22.07,1991/5521,22.17,22.6,22.07,22.07,2.390617,485613,151,920208,20260331
002961.SZ,瑞达期货,24.76,0.16181229773463876,22.46,22.22,1.12561909,22.74,22.04,1993/5521,22.22,22.74,22.04,22.46,3.151733,9338457,33,002961,20260331
301072.SZ,中捷精工,24.65,1.607584501236591,22.16,22.66,-2.03359859,23.13,22.04,1993/5521,22.66,23.13,22.04,22.16,4.818744,1159200,33,301072,20260331
301329.SZ,信音电子,25.24,2.062272543469462,22.04,22.14,-0.89928058,22.64,22.04,1993/5521,22.14,22.64,22.04,22.04,2.697841,2837420,33,301329,20260331
688548.SH,广钢气体,30.06,-1.3455858221201187,22.25,23.3,-5.72033898,23.5,22.03,1996/5521,23.3,23.5,22.03,22.25,6.228813,2.559406E7,17,688548,20260331
002273.SZ,水晶光电,33.0,-0.990099009900985,22.04,22.37,-1.51921358,22.68,22.01,1997/5521,22.37,22.68,22.01,22.04,2.993744,2.6953792E7,33,002273,20260331
301049.SZ,超越科技,27.0,7.784431137724549,22.06,22.77,-2.172949,22.95,22,1998/5521,22.77,22.95,22,22.06,4.21286,1277500,33,301049,20260331
920961.BJ,创远信科,19.01,-3.5025380710659784,22.03,22.28,-1.12208259,23.2,22,1998/5521,22.28,23.2,22,22.03,5.385996,2867589,151,920961,20260331
301193.SZ,家联科技,27.03,9.521880064829828,22.01,22.26,-0.94509451,22.76,21.99,2000/5521,22.26,22.76,21.99,22.01,3.465346,2650025,33,301193,20260331
920061.BJ,西磁科技,25.2,-2.3255813953488427,22.1,22.6,-2.2556391,23.07,21.99,2000/5521,22.6,23.07,21.99,22.1,4.776647,513737,151,920061,20260331
301588.SZ,美新科技,34.35,13.704071499503478,22.08,22.75,-3.03030303,23.18,21.96,2002/5521,22.75,23.18,21.96,22.08,5.357927,2302367,33,301588,20260331
002158.SZ,汉钟精机,27.61,9.999999999999991,21.97,22.33,-1.87583743,22.66,21.93,2003/5521,22.33,22.66,21.93,21.97,3.260384,3692038,33,002158,20260331
300580.SZ,贝斯特,28.95,2.0084566596194513,22.4,22.44,-1.4084507,23.07,21.93,2003/5521,22.44,23.07,21.93,22.4,5.017605,1.0793594E7,33,300580,20260331
600879.SH,航天电子,23.97,3.9011703511053253,22.24,21.92,1.73833486,23.18,21.89,2005/5521,21.92,23.18,21.89,22.24,5.901189,2.31317797E8,17,600879,20260331
920533.BJ,骏创科技,22.78,0.7964601769911491,22.08,21.88,0.36363636,22.56,21.88,2006/5521,21.88,22.56,21.88,22.08,3.090909,1560514,151,920533,20260331
300035.SZ,中科电气,21.0,-6.208128628852169,21.86,22.9,-5.85701981,22.93,21.86,2007/5521,22.9,22.93,21.86,21.86,4.608096,5.3903063E7,33,300035,20260331
603876.SH,鼎胜新材,29.76,4.2016806722689175,22.16,22.72,-4.81099656,23.2,21.86,2007/5521,22.72,23.2,21.86,22.16,5.756013,4.2615125E7,17,603876,20260331
002389.SZ,航天彩虹,21.97,1.5249537892791047,21.86,22.2,-2.0609319,22.58,21.85,2009/5521,22.2,22.58,21.85,21.86,3.270609,2.6780208E7,33,002389,20260331
002657.SZ,中科金财,20.75,2.8755577590480823,21.95,22.31,-1.61362618,22.56,21.85,2009/5521,22.31,22.56,21.85,21.95,3.182429,5246782,33,002657,20260331
300998.SZ,宁波方正,27.11,-0.11053795136330559,21.93,22.52,-2.44661922,22.63,21.85,2009/5521,22.52,22.63,21.85,21.93,3.46975,1618000,33,300998,20260331
600835.SH,上海机电,24.15,1.3003355704697932,21.89,21.88,-0.18239854,22.44,21.85,2009/5521,21.88,22.44,21.85,21.89,2.690378,6623741,17,600835,20260331
688729.SH,屹唐股份,23.61,4.37665782493368,21.91,22.09,-0.94936709,22.34,21.82,2013/5521,22.09,22.34,21.82,21.91,2.350813,3277757,17,688729,20260331
920006.BJ,晟楠科技,19.57,0.20481310803891012,21.88,22.03,-0.63578565,22.55,21.82,2013/5521,22.03,22.55,21.82,21.88,3.315168,914081,151,920006,20260331
600060.SH,海信视像,25.6,2.1548284118116627,22.36,21.81,5.52147239,22.95,21.81,2015/5521,21.81,22.95,21.81,22.36,5.379896,3.3069267E7,17,600060,20260331
300738.SZ,奥飞数据,24.94,-0.6374501992031878,21.83,22,-1.62235241,23.11,21.79,2016/5521,22,23.11,21.79,21.83,5.948625,6.4386824E7,33,300738,20260331
300780.SZ,德恩精工,25.08,0.1597444089456835,22.51,22.08,2.83234354,23.8,21.79,2016/5521,22.08,23.8,21.79,22.51,9.182275,2.3683697E7,33,300780,20260331
920225.BJ,利通科技,26.82,-1.5779816513761458,21.85,23,-5.73770492,23.51,21.79,2016/5521,23,23.51,21.79,21.85,7.420189,3278379,151,920225,20260331
001872.SZ,招商港口,22.15,1.792279411764692,21.8,22.32,-2.37348858,22.51,21.78,2019/5521,22.32,22.51,21.78,21.8,3.269144,2664054,33,001872,20260331
688015.SH,交控科技,21.66,2.5568181818181777,22.64,21.89,4.18775886,23.25,21.76,2020/5521,21.89,23.25,21.76,22.64,6.856879,3994166,17,688015,20260331
600506.SH,统一股份,22.64,0.2657218777679463,21.8,21.82,-1.84601531,22.35,21.75,2021/5521,21.82,22.35,21.75,21.8,2.701485,9499255,17,600506,20260331
688351.SH,微电生理,23.4,3.129131776112813,21.92,21.9,0.96729618,22.45,21.71,2022/5521,21.9,22.45,21.71,21.92,3.408567,4458501,17,688351,20260331
001269.SZ,欧晶科技,21.56,0.7476635514018699,21.76,22.68,-4.97816594,22.73,21.7,2023/5521,22.68,22.73,21.7,21.76,4.497816,4269440,33,001269,20260331
600671.SH,天目药业,19.91,1.3747454175152727,21.76,22.22,-2.29007634,22.5,21.7,2023/5521,22.22,22.5,21.7,21.76,3.592276,2331600,17,600671,20260331
603906.SH,龙蟠科技,33.17,0.5456198848135789,22.52,22.47,0.44603033,23.8,21.7,2023/5521,22.47,23.8,21.7,22.52,9.366636,6.9627904E7,17,603906,20260331
688004.SH,博汇科技,23.21,1.4423076923077005,21.75,22.14,-2.07113913,22.48,21.7,2023/5521,22.14,22.48,21.7,21.75,3.511931,1956335,17,688004,20260331
000738.SZ,航发控制,20.73,2.11822660098522,21.71,22.17,-0.77696527,22.49,21.68,2027/5521,22.17,22.49,21.68,21.71,3.70201,2.3129297E7,33,000738,20260331
300045.SZ,华力创通,22.36,3.9516503951650295,21.76,21.68,-0.18348624,22.47,21.68,2027/5521,21.68,22.47,21.68,21.76,3.623853,2.089378E7,33,300045,20260331
300940.SZ,南极光,19.77,-2.7066929133858304,21.71,21.96,-1.54195011,22.46,21.67,2029/5521,21.96,22.46,21.67,21.71,3.582766,3074925,33,300940,20260331
600026.SH,中远海能,21.59,-0.6899724011039493,22.0,22.92,-2.65486726,23.09,21.66,2030/5521,22.92,23.09,21.66,22.0,6.327433,9.5743341E7,17,600026,20260331
603078.SH,江化微,24.81,2.8180687940323237,21.69,22.13,-2.51685393,22.19,21.66,2030/5521,22.13,22.19,21.66,21.69,2.382022,7333450,17,603078,20260331
002983.SZ,芯瑞达,23.3,-0.29952931108258574,21.66,22.45,-3.30357143,22.49,21.65,2032/5521,22.45,22.49,21.65,21.66,3.75,2434600,33,002983,20260331
920056.BJ,能之光,22.13,0.18107741059302465,21.7,21.65,0.23094688,22.31,21.64,2033/5521,21.65,22.31,21.64,21.7,3.094688,642360,151,920056,20260331
002545.SZ,东方铁塔,23.99,-2.677484787018256,21.87,22.77,-4.20499343,22.88,21.63,2034/5521,22.77,22.88,21.63,21.87,5.475251,1.7913578E7,33,002545,20260331
002866.SZ,传艺科技,25.86,-1.560715645222688,21.75,22.55,-4.60526316,22.79,21.63,2034/5521,22.55,22.79,21.63,21.75,5.087719,3.5587738E7,33,002866,20260331
002857.SZ,三晖电气,22.0,2.2304832713754665,21.67,22.25,-2.65049416,22.71,21.62,2036/5521,22.25,22.71,21.62,21.67,4.896675,3416100,33,002857,20260331
920168.BJ,通宝光电,20.52,-3.7974683544303742,21.77,21.99,-0.45724737,22.12,21.6,2037/5521,21.99,22.12,21.6,21.77,2.377686,1000479,151,920168,20260331
603607.SH,京华激光,23.58,0.21249468763279708,21.61,22.15,-2.52593595,22.28,21.58,2038/5521,22.15,22.28,21.58,21.61,3.157419,3142000,17,603607,20260331
603004.SH,鼎龙科技,20.73,-1.1916110581506196,21.58,21.82,-1.14521301,22.15,21.55,2039/5521,21.82,22.15,21.55,21.58,2.748511,1628300,17,603004,20260331
688177.SH,百奥泰,20.6,-0.4349927501208306,21.71,21.55,-0.18390805,22.49,21.55,2039/5521,21.55,22.49,21.55,21.71,4.321839,2357710,17,688177,20260331
603626.SH,科森科技,25.16,5.008347245409012,22.08,21.75,1.47058824,23.4,21.54,2041/5521,21.75,23.4,21.54,22.08,8.547794,3.8220584E7,17,603626,20260331
002623.SZ,亚玛顿,21.19,1.7771373679154707,21.73,22,-1.6296967,22.3,21.53,2042/5521,22,22.3,21.53,21.73,3.48574,4694000,33,002623,20260331
301356.SZ,天振股份,23.4,7.685227795674175,21.57,22.07,-1.41681901,22.07,21.53,2042/5521,22.07,22.07,21.53,21.57,2.468007,1134500,33,301356,20260331
002816.SZ,*ST和科,23.3,-2.632678646050978,21.55,22.5,-3.88046387,22.95,21.5,2044/5521,22.5,22.95,21.5,21.55,6.467439,2745644,33,002816,20260331
300873.SZ,海晨股份,21.07,-0.6600660066006627,21.48,21.75,-1.1504832,21.96,21.46,2045/5521,21.75,21.96,21.46,21.48,2.300966,1958100,33,300873,20260331
601066.SH,中信建投,23.0,4.072398190045242,21.45,21.61,-0.83217753,21.85,21.45,2046/5521,21.61,21.85,21.45,21.45,1.849283,7684432,17,601066,20260331
603790.SH,雅运股份,24.54,0.6150061500614947,22.0,21.7,3.04449649,23.28,21.45,2046/5521,21.7,23.28,21.45,22.0,8.571428,5541300,17,603790,20260331
001382.SZ,新亚电缆,20.06,-0.7912957467853617,21.84,21.86,-0.41039672,22.42,21.44,2048/5521,21.86,22.42,21.44,21.84,4.468764,7978577,33,001382,20260331
301013.SZ,利和兴,25.25,1.405622489959845,21.44,21.88,-2.01096892,22.12,21.44,2048/5521,21.88,22.12,21.44,21.44,3.107861,4799656,33,301013,20260331
600346.SH,恒力石化,22.09,-0.5850585058505806,21.65,21.93,-1.45653163,22.12,21.43,2050/5521,21.93,22.12,21.43,21.65,3.140646,2.6833273E7,17,600346,20260331
600980.SH,北矿科技,23.06,0.6108202443280847,21.44,21.95,-2.01096892,21.95,21.41,2051/5521,21.95,21.95,21.41,21.44,2.468007,3649584,17,600980,20260331
603080.SH,新疆火炬,21.94,0.0,21.46,21.94,-2.32134729,22.11,21.41,2051/5521,21.94,22.11,21.41,21.46,3.186162,1936000,17,603080,20260331
002760.SZ,凤形股份,22.75,0.22026431718061987,21.44,21.91,-1.10701107,22.19,21.4,2053/5521,21.91,22.19,21.4,21.44,3.643911,3591500,33,002760,20260331
300880.SZ,迦南智能,22.35,-1.6285211267605522,21.43,21.83,-2.5022748,22.85,21.4,2053/5521,21.83,22.85,21.4,21.43,6.596906,9170528,33,300880,20260331
603193.SH,润本股份,25.97,-0.6123230003827025,22.24,21.4,3.97381954,22.49,21.4,2053/5521,21.4,22.49,21.4,22.24,5.095839,4575600,17,603193,20260331
920190.BJ,雷神科技,23.45,0.4282655246252585,21.43,21.63,-0.46446818,22.03,21.4,2053/5521,21.63,22.03,21.4,21.43,2.926149,764498,151,920190,20260331
920160.BJ,北矿检测,23.99,3.1827956989247244,22.25,21.46,3.72960373,22.67,21.39,2057/5521,21.46,22.67,21.39,22.25,5.967365,1468937,151,920160,20260331
600690.SH,海尔智家,21.53,-0.5083179297597016,21.38,21.6,-0.97267253,22.04,21.38,2058/5521,21.6,22.04,21.38,21.38,3.05697,8.5991643E7,17,600690,20260331
688232.SH,新点软件,22.12,0.1811594202898673,21.35,21.59,-1.74873447,21.95,21.35,2059/5521,21.59,21.95,21.35,21.35,2.761159,1890621,17,688232,20260331
600862.SH,中航高科,20.0,0.10010010010009797,21.33,21.44,-0.74453234,21.86,21.32,2060/5521,21.44,21.86,21.32,21.33,2.512796,1.9485655E7,17,600862,20260331
603585.SH,苏利股份,19.33,-0.41215868109223003,22.2,22.75,-2.67426567,22.8,21.31,2061/5521,22.75,22.8,21.31,22.2,6.532222,2.0372138E7,17,603585,20260331
688369.SH,致远互联,24.26,0.12381345439538233,21.55,21.6,0.4193849,22.01,21.31,2061/5521,21.6,22.01,21.31,21.55,3.261882,3718507,17,688369,20260331
688671.SH,碧兴物联,23.7,2.597402597402588,21.41,21.9,-2.23744292,22.33,21.3,2063/5521,21.9,22.33,21.3,21.41,4.703196,1012729,17,688671,20260331
920547.BJ,无锡晶海,23.0,1.3215859030837036,21.49,21.82,-0.27842227,21.85,21.3,2063/5521,21.82,21.85,21.3,21.49,2.552204,353084,151,920547,20260331
002555.SZ,三七互娱,21.43,-2.502274795268429,21.41,21.35,0.18717829,21.8,21.27,2065/5521,21.35,21.8,21.27,21.41,2.480112,2.5218741E7,33,002555,20260331
301120.SZ,新特电气,19.63,-1.850000000000005,21.34,22.44,-4.77465417,22.66,21.27,2065/5521,22.44,22.66,21.27,21.34,6.202588,2.0302159E7,33,301120,20260331
603499.SH,翔港科技,20.81,1.6609672691744009,21.62,21.86,-0.68902159,22.01,21.27,2065/5521,21.86,22.01,21.27,21.62,3.399173,4743300,17,603499,20260331
002058.SZ,*ST威尔,25.1,-3.3127889060092426,21.61,21.94,0.0462963,22,21.26,2068/5521,21.94,22,21.26,21.61,3.425925,1099000,33,002058,20260331
300523.SZ,辰安科技,21.93,0.87396504139835,21.3,21.5,-0.46728972,22.05,21.25,2069/5521,21.5,22.05,21.25,21.3,3.738317,2186600,33,300523,20260331
300554.SZ,三超新材,25.35,2.590044516390128,21.32,21.99,-2.87015945,22.15,21.25,2069/5521,21.99,22.15,21.25,21.32,4.100227,2753575,33,300554,20260331
301010.SZ,晶雪节能,22.12,1.1431184270690442,21.36,22.3,-2.9972752,22.37,21.24,2071/5521,22.3,22.37,21.24,21.36,5.131698,2425300,33,301010,20260331
300789.SZ,唐源电气,22.75,1.6987036209208717,21.63,21.49,1.64473684,22.99,21.23,2072/5521,21.49,22.99,21.23,21.63,8.270676,4066693,33,300789,20260331
000921.SZ,海信家电,24.03,2.124946876328092,21.54,21.24,0.79550772,22.02,21.22,2073/5521,21.24,22.02,21.22,21.54,3.743565,1.4569547E7,33,000921,20260331
300537.SZ,广信材料,22.52,-1.010989010989013,21.27,21.52,-1.57334567,21.81,21.22,2073/5521,21.52,21.81,21.22,21.27,2.730217,3045400,33,300537,20260331
300862.SZ,蓝盾光电,24.08,2.207130730050932,21.25,21.51,-1.62037037,22.09,21.22,2073/5521,21.51,22.09,21.22,21.25,4.027777,3381857,33,300862,20260331
003029.SZ,吉大正元,21.01,0.9125840537944345,21.26,21.7,-1.48285449,21.83,21.2,2076/5521,21.7,21.83,21.2,21.26,2.919369,1848001,33,003029,20260331
001379.SZ,腾达科技,21.97,1.6658954187875958,21.18,21.39,-0.98176718,21.79,21.18,2077/5521,21.39,21.79,21.18,21.18,2.851799,1784000,33,001379,20260331
688589.SH,力合微,23.03,2.4466192170818535,21.19,21.7,-2.35023041,21.94,21.17,2078/5521,21.7,21.94,21.17,21.19,3.548387,1881750,17,688589,20260331
002557.SZ,洽洽食品,23.27,0.518358531317499,21.17,21.33,-0.75011721,21.5,21.15,2079/5521,21.33,21.5,21.15,21.17,1.640881,2700180,33,002557,20260331
603048.SH,浙江黎明,23.41,6.02355072463769,21.46,21.21,1.56176053,22.33,21.15,2079/5521,21.21,22.33,21.15,21.46,5.584477,3844300,17,603048,20260331
920357.BJ,雅葆轩,25.4,-2.6819923371647616,21.17,21.36,-0.75011721,21.88,21.15,2079/5521,21.36,21.88,21.15,21.17,3.422409,522724,151,920357,20260331
002800.SZ,天顺股份,17.65,0.11344299489506282,22.91,21.23,9.9855977,22.91,21.14,2082/5521,21.23,22.91,21.14,22.91,8.497359,1.0607352E7,33,002800,20260331
603075.SH,热威股份,23.54,-0.8842105263157931,21.7,21.13,2.69758637,21.97,21.13,2083/5521,21.13,21.97,21.13,21.7,3.97539,2980401,17,603075,20260331
688355.SH,明志科技,23.37,0.38659793814432925,21.2,21.85,-3.46083789,21.89,21.13,2083/5521,21.85,21.89,21.13,21.2,3.460837,3004593,17,688355,20260331
301656.SZ,联合动力,19.57,-0.9113924050632897,21.19,21.87,-2.75355668,21.91,21.11,2085/5521,21.87,21.91,21.11,21.19,3.671408,1.2965865E7,33,301656,20260331
603051.SH,鹿山新材,23.42,4.647006255585357,21.14,21.7,-2.17491902,21.85,21.11,2085/5521,21.7,21.85,21.11,21.14,3.42434,3362122,17,603051,20260331
002830.SZ,名雕股份,22.27,1.0894235133908234,21.17,21.36,-1.35135135,21.72,21.1,2087/5521,21.36,21.72,21.1,21.17,2.889095,1736701,33,002830,20260331
605259.SH,绿田机械,19.95,-5.0000000000000036,21.12,21.59,-1.99535963,22.27,21.08,2088/5521,21.59,22.27,21.08,21.12,5.522041,1399640,17,605259,20260331
920504.BJ,博迅生物,21.72,0.18450184501844624,21.29,21.17,0.18823529,21.49,21.08,2088/5521,21.17,21.49,21.08,21.29,1.929411,434064,151,920504,20260331
688783.SH,西安奕材,23.7,5.850826261723979,21.12,21.4,-1.26227209,21.56,21.06,2090/5521,21.4,21.56,21.06,21.12,2.33754,2791109,17,688783,20260331
001360.SZ,南矿集团,21.5,0.9389671361502314,21.07,21.3,-0.75365049,21.92,21.05,2091/5521,21.3,21.92,21.05,21.07,4.097974,2164526,33,001360,20260331
000818.SZ,航锦科技,15.32,-0.6485084306095956,21.04,21.3,-1.91142191,21.96,21.04,2092/5521,21.3,21.96,21.04,21.04,4.289044,2.1219227E7,33,000818,20260331
600801.SH,华新建材,21.51,-4.527296937416775,21.2,21.22,0.56925996,21.5,21.03,2093/5521,21.22,21.5,21.03,21.2,2.229601,1.334636E7,17,600801,20260331
002782.SZ,可立克,19.31,-1.5800203873598484,21.02,22.55,-7.31922399,22.59,21.02,2094/5521,22.55,22.59,21.02,21.02,6.922398,2.1675393E7,33,002782,20260331
001278.SZ,一彬科技,22.0,-2.955447728275261,21.24,22.23,-2.96939242,22.29,21,2095/5521,22.23,22.29,21,21.24,5.893101,3494300,33,001278,20260331
301051.SZ,信濠光电,23.46,-0.5932203389830533,21.01,21.38,-2.27906977,21.63,21,2095/5521,21.38,21.63,21,21.01,2.930232,2443515,33,301051,20260331
603109.SH,神驰机电,22.4,0.3584229390680927,21.3,21,-7.79220779,21.88,21,2095/5521,21,21.88,21,21.3,3.809523,5950352,17,603109,20260331
605580.SH,恒盛能源,21.47,0.7981220657276908,21.0,21.62,-1.59325211,21.71,21,2095/5521,21.62,21.71,21,21.0,3.327085,3160200,17,605580,20260331
688334.SH,西高院,20.88,-0.5714285714285762,21.08,21.39,-1.03286385,21.53,21,2095/5521,21.39,21.53,21,21.08,2.488262,2110758,17,688334,20260331
920066.BJ,科拜尔,21.77,1.776531089294058,21.19,21.27,-0.28235294,21.65,21,2095/5521,21.27,21.65,21,21.19,3.058823,222887,151,920066,20260331
920273.BJ,一致魔芋,21.23,-2.120792992162291,21.04,21.61,-2.59259259,21.9,21,2095/5521,21.11,21.4,20.5,20.54,4.166666,935690,151,920273,20260331
300950.SZ,德固特,21.76,0.4153207198892471,21.03,21.49,-1.26760563,21.65,20.96,2102/5521,21.49,21.65,20.96,21.03,3.239436,1837950,33,300950,20260331
603191.SH,望变电气,19.6,-2.825979176995539,20.96,21.8,-4.72727273,22.03,20.96,2102/5521,21.8,22.03,20.96,20.96,4.863636,1.3012888E7,17,603191,20260331
300681.SZ,英搏尔,30.66,-2.2944550669216026,21.05,21.21,-0.75436115,21.35,20.95,2104/5521,21.21,21.35,20.95,21.05,1.885902,4594256,33,300681,20260331
301091.SZ,深城交,21.25,-0.7936507936508016,20.96,21,0.38314176,21.43,20.92,2105/5521,21,21.43,20.92,20.96,2.442528,4032024,33,301091,20260331
300735.SZ,光弘科技,20.81,-1.0461245839277338,20.99,21.18,-1.13047574,21.48,20.91,2106/5521,21.18,21.48,20.91,20.99,2.684879,5502000,33,300735,20260331
600783.SH,鲁信创投,21.73,4.722891566265062,21.07,21,0,21.85,20.91,2106/5521,21,21.85,20.91,21.07,4.461319,1.7282067E7,17,600783,20260331
300363.SZ,博腾股份,21.21,-0.32894736842105393,21.0,20.91,0.4784689,21.78,20.9,2108/5521,20.91,21.78,20.9,21.0,4.210526,1.5147869E7,33,300363,20260331
300546.SZ,雄帝科技,19.74,0.15220700152205774,20.91,21.18,-1.83098592,21.48,20.9,2108/5521,21.18,21.48,20.9,20.91,2.723004,2338580,33,300546,20260331
603172.SH,万丰股份,21.58,0.372093023255806,20.91,21.31,-2.01499531,21.46,20.89,2110/5521,21.31,21.46,20.89,20.91,2.67104,1809500,17,603172,20260331
600367.SH,红星发展,23.47,1.0766580534022394,20.88,22.4,-6.15730337,22.5,20.87,2111/5521,22.4,22.5,20.87,20.88,7.325842,3.7787821E7,17,600367,20260331
300882.SZ,万胜智能,18.24,-1.458670988654798,21.08,21.06,0.23775559,21.68,20.85,2112/5521,21.06,21.68,20.85,21.08,3.946742,5215910,33,300882,20260331
301565.SZ,中仑新材,22.21,1.8340210912425592,20.96,21.29,-1.36470588,21.36,20.85,2112/5521,21.29,21.36,20.85,20.96,2.4,2179612,33,301565,20260331
001206.SZ,依依股份,18.94,-1.1482254697285954,20.84,21.16,-1.41911069,21.46,20.83,2114/5521,21.16,21.46,20.83,20.84,2.980132,2072433,33,001206,20260331
688303.SH,大全能源,22.25,-3.0923344947735227,21.0,21.45,-3.13653137,21.67,20.83,2114/5521,21.45,21.67,20.83,21.0,3.874538,1.0907599E7,17,688303,20260331
920076.BJ,国亮新材,21.3,1.4768937589328361,20.85,21.44,-2.52454418,21.44,20.83,2114/5521,21.44,21.44,20.83,20.85,2.851799,508890,151,920076,20260331
003027.SZ,同兴科技,23.72,0.21123785382339313,20.89,21.55,-3.37650324,21.67,20.82,2117/5521,21.55,21.67,20.82,20.89,3.931544,3313650,33,003027,20260331
688381.SH,帝奥微,31.97,-2.974203338391514,20.82,21.2,-1.56028369,21.38,20.81,2118/5521,21.2,21.38,20.81,20.82,2.695035,2022838,17,688381,20260331
001257.SZ,盛龙股份,22.52,-0.7492287351256135,27.68,23.46,253.96419437,30,20.8,2119/5521,23.46,30,20.8,27.68,117.647058,1.07670568E8,33,001257,20260331
002112.SZ,三变科技,20.14,-1.177625122669276,20.81,21.72,-4.67246908,22.28,20.8,2119/5521,21.72,22.28,20.8,20.81,6.779661,2.8622537E7,33,002112,20260331
600315.SH,上海家化,20.17,-1.6097560975609673,21.04,21.23,-0.94161959,21.3,20.8,2119/5521,21.23,21.3,20.8,21.04,2.354048,5019700,17,600315,20260331
603922.SH,ST金鸿顺,19.91,-5.009541984732827,21.01,21.56,-2.77649236,21.98,20.8,2119/5521,21.56,21.98,20.8,21.01,5.460434,3777400,22,603922,20260331
688613.SH,奥精医疗,20.6,4.303797468354437,20.8,21.52,-2.80373832,21.88,20.8,2119/5521,21.52,21.88,20.8,20.8,5.046728,2518206,17,688613,20260331
920405.BJ,海希通讯,17.19,0.058207217695003276,21.08,21.49,-2.09010683,21.89,20.8,2119/5521,21.49,21.89,20.8,21.08,5.062703,1199392,151,920405,20260331
300893.SZ,松原安全,22.58,-0.39700044111161625,20.9,21.28,-1.78571429,21.57,20.78,2125/5521,21.28,21.57,20.78,20.9,3.712406,1991131,33,300893,20260331
001210.SZ,金房能源,21.35,0.5652378709373574,20.82,21.42,-3.0726257,21.64,20.77,2126/5521,21.42,21.64,20.77,20.82,4.050279,2480849,33,001210,20260331
300250.SZ,初灵信息,19.65,0.0,20.8,21.2,-2.209685,21.45,20.76,2127/5521,21.2,21.45,20.76,20.8,3.244005,3850500,33,300250,20260331
603656.SH,泰禾智能,19.96,0.15052684395384414,20.92,21.11,-1.22757318,21.25,20.75,2128/5521,21.11,21.25,20.75,20.92,2.360717,2244492,17,603656,20260331
301020.SZ,密封科技,23.26,1.2625163256421537,20.75,20.89,-0.52732502,21.27,20.72,2129/5521,20.89,21.27,20.72,20.75,2.636625,1155100,33,301020,20260331
603282.SH,亚光股份,17.85,-9.29878048780487,20.86,20.97,0.67567568,21.13,20.72,2129/5521,20.97,21.13,20.72,20.86,1.978764,1761200,17,603282,20260331
301069.SZ,凯盛新材,22.1,-0.8524001794526592,20.73,21.25,-2.12464589,21.35,20.71,2131/5521,21.25,21.35,20.71,20.73,3.021718,6204695,33,301069,20260331
001260.SZ,坤泰股份,21.84,-0.9972801450589251,20.72,21.25,-1.61443495,21.3,20.7,2132/5521,21.25,21.3,20.7,20.72,2.849002,1492200,33,001260,20260331
300966.SZ,共同药业,26.66,6.597361055577763,21.08,20.99,0.71667463,21.3,20.7,2132/5521,20.99,21.3,20.7,21.08,2.866698,2365000,33,300966,20260331
301027.SZ,华蓝集团,24.69,-1.7117834394904448,20.83,21.36,-2.43559719,22.09,20.7,2132/5521,21.36,22.09,20.7,20.83,6.510538,6553800,33,301027,20260331
605177.SH,东亚药业,20.92,-0.8060692271218499,20.85,21.32,-2.57009346,21.61,20.7,2132/5521,21.32,21.61,20.7,20.85,4.252336,1528600,17,605177,20260331
920751.BJ,惠同新材,23.77,2.6781857451403934,20.92,21.47,-3.19296622,21.62,20.66,2136/5521,21.47,21.62,20.66,20.92,4.442387,1003588,151,920751,20260331
603011.SH,合锻智能,20.58,1.5293537247163234,20.69,21.05,-1.33524082,21.56,20.65,2137/5521,21.05,21.56,20.65,20.69,4.339532,1.6588146E7,17,603011,20260331
688569.SH,铁科轨道,20.24,0.6464445549477822,21.86,20.65,5.29865125,22.49,20.65,2137/5521,20.65,22.49,20.65,21.86,8.863198,6706153,17,688569,20260331
001380.SZ,华纬科技,18.92,-1.9180922757905519,20.7,20.75,-0.24096386,21.05,20.64,2139/5521,20.75,21.05,20.64,20.7,1.975903,1630352,33,001380,20260331
920274.BJ,宏裕包材,21.83,-2.01974865350091,20.67,21.33,-2.13068182,21.33,20.62,2140/5521,21.33,21.33,20.62,20.67,3.361742,1085123,151,920274,20260331
001390.SZ,古麒绒材,21.33,-0.14044943820225253,20.67,20.86,-1.00574713,21.08,20.61,2141/5521,20.86,21.08,20.61,20.67,2.250957,1370191,33,001390,20260331
300413.SZ,芒果超媒,19.44,-1.9172552976791069,20.6,20.7,-0.48309179,21.07,20.6,2142/5521,20.7,21.07,20.6,20.6,2.270531,1.1133804E7,33,300413,20260331
603365.SH,水星家纺,22.37,2.9926335174954057,20.89,20.88,0.19184652,21.08,20.6,2142/5521,20.88,21.08,20.6,20.89,2.302158,1715800,17,603365,20260331
000969.SZ,安泰科技,21.37,1.0879848628193018,20.62,20.82,-0.76997113,21.19,20.59,2144/5521,20.82,21.19,20.59,20.62,2.887391,2.0920533E7,33,000969,20260331
300864.SZ,南大环境,22.27,1.5041020966271572,20.65,20.92,-1.10153257,21.17,20.59,2144/5521,20.92,21.17,20.59,20.65,2.777777,1408400,33,300864,20260331
003030.SZ,祖名股份,22.16,1.6047684548372372,20.64,20.99,-1.6674607,21.27,20.57,2146/5521,20.99,21.27,20.57,20.64,3.334921,1985200,33,003030,20260331
300717.SZ,华信新材,22.08,1.8920166128287796,20.63,20.96,-1.5274463,21.27,20.55,2147/5521,20.96,21.27,20.55,20.63,3.436754,1774150,33,300717,20260331
603131.SH,上海沪工,22.52,10.014655593551542,20.68,20.61,0.38834951,21.31,20.55,2147/5521,20.61,21.31,20.55,20.68,3.68932,9469800,17,603131,20260331
002767.SZ,先锋电子,20.72,1.6683022571148178,20.53,20.67,-0.91698842,21.11,20.53,2149/5521,20.67,21.11,20.53,20.53,2.799227,1946300,33,002767,20260331
001209.SZ,洪兴股份,22.02,1.0091743119266003,20.58,20.82,-1.62523901,21.11,20.52,2150/5521,20.82,21.11,20.52,20.58,2.820267,3543800,33,001209,20260331
920068.BJ,天工股份,19.36,-4.395061728395064,20.63,20.57,0.24295432,21.45,20.51,2151/5521,20.47,21.35,20.41,20.53,4.567541,2348768,151,920068,20260331
920118.BJ,太湖远大,21.39,5.213969503197257,20.5,20.79,-1.25240848,21.06,20.5,2152/5521,20.79,21.06,20.5,20.5,2.697495,220059,151,920118,20260331
002508.SZ,老板电器,17.93,-2.660152008686221,21.12,20.5,3.02439024,21.43,20.49,2153/5521,20.5,21.43,20.49,21.12,4.585365,9986128,33,002508,20260331
300656.SZ,民德电子,25.29,5.155925155925149,20.49,21.02,-2.4750119,21.31,20.49,2153/5521,21.02,21.31,20.49,20.49,3.902903,2164213,33,300656,20260331
600007.SH,中国国贸,21.0,-2.7777777777777843,20.79,20.6,0.9223301,20.9,20.48,2155/5521,20.6,20.9,20.48,20.79,2.038834,3457865,17,600007,20260331
002843.SZ,泰嘉股份,26.58,2.3882896764252597,20.81,20.95,-1.09315589,22,20.45,2156/5521,20.95,22,20.45,20.81,7.36692,1.8414775E7,33,002843,20260331
301038.SZ,深水规院,19.48,-0.1537672988211232,20.47,20.83,-1.91662674,21,20.44,2157/5521,20.83,21,20.44,20.47,2.683277,2361947,33,301038,20260331
300428.SZ,立中集团,21.34,1.5223596574690785,20.52,20.75,-1.53550864,20.92,20.43,2158/5521,20.75,20.92,20.43,20.52,2.351247,7111247,33,300428,20260331
300740.SZ,水羊股份,25.66,0.39123630672927007,20.46,20.82,-1.49253731,21.03,20.43,2158/5521,20.82,21.03,20.43,20.46,2.888781,5931940,33,300740,20260331
600206.SH,有研新材,27.37,2.0126723816623286,20.48,20.92,-2.93838863,20.99,20.43,2158/5521,20.92,20.99,20.43,20.48,2.654028,2.2567698E7,17,600206,20260331
605011.SH,杭州热电,20.74,0.24166263895600365,20.86,20.53,0.67567568,21.54,20.43,2158/5521,20.53,21.54,20.43,20.86,5.357142,9420831,17,605011,20260331
300399.SZ,天利科技,22.03,1.6143911439114458,20.47,20.9,-1.49181906,21.32,20.41,2162/5521,20.9,21.32,20.41,20.47,4.37921,3173000,33,300399,20260331
301487.SZ,盟固利,24.36,-1.7741935483871019,20.43,21.05,-3.67751061,21.17,20.4,2163/5521,21.05,21.17,20.4,20.43,3.630363,9921957,33,301487,20260331
603960.SH,克来机电,22.29,-1.849405548216652,20.4,21.02,-2.76453765,21.06,20.4,2163/5521,21.02,21.06,20.4,20.4,3.145853,7675334,17,603960,20260331
688252.SH,天德钰,22.63,1.343484102104795,20.44,20.9,-2.43436754,20.99,20.4,2163/5521,20.9,20.99,20.4,20.44,2.816229,2911920,17,688252,20260331
300815.SZ,玉禾田,21.39,0.3754106053496098,20.38,20.62,-1.21182744,20.93,20.38,2166/5521,20.62,20.93,20.38,20.38,2.66602,2948968,33,300815,20260331
688130.SH,晶华微,27.1,7.326732673267332,20.38,21.16,-3.64066194,21.39,20.38,2166/5521,21.16,21.39,20.38,20.38,4.775413,981426,17,688130,20260331
920075.BJ,柏星龙,21.66,4.08457472369054,20.5,20.71,-0.63015027,21.37,20.37,2168/5521,20.71,21.37,20.37,20.5,4.847309,484076,151,920075,20260331
601717.SH,中创智领,18.67,-9.98071359691416,20.39,21.06,-7.02234382,21.15,20.36,2169/5521,21.06,21.15,20.36,20.39,3.602371,4.7559057E7,17,601717,20260331
301632.SZ,广东建科,20.69,1.07474352711286,20.45,20.71,-0.82444229,21.02,20.35,2170/5521,20.71,21.02,20.35,20.45,3.249272,1897931,33,301632,20260331
300179.SZ,四方达,29.06,0.379965457685663,20.43,21.34,-3.58659745,21.36,20.34,2171/5521,21.34,21.36,20.34,20.43,4.813591,2.2968051E7,33,300179,20260331
301197.SZ,工大科雅,30.35,0.29742233972240534,20.38,21.11,-3.59508042,21.44,20.33,2172/5521,21.11,21.44,20.33,20.38,5.250709,2097617,33,301197,20260331
002605.SZ,姚记科技,20.49,5.076923076923069,20.36,20.41,-0.34263338,20.8,20.32,2173/5521,20.41,20.8,20.32,20.36,2.349486,5185801,33,002605,20260331
688323.SH,瑞华泰,23.99,-9.642184557438803,20.38,21.69,-4.45382091,21.78,20.32,2173/5521,21.69,21.78,20.32,20.38,6.844819,5333175,17,688323,20260331
301019.SZ,宁波色母,22.87,0.8822232024702218,20.33,20.75,-1.92957067,20.95,20.31,2175/5521,20.75,20.95,20.31,20.33,3.087313,1096851,33,301019,20260331
000581.SZ,威孚高科,19.54,0.153767298821105,20.35,20.47,-0.58622374,20.72,20.3,2176/5521,20.47,20.72,20.3,20.35,2.051783,9775641,33,000581,20260331
002541.SZ,鸿路钢构,19.41,-4.43131462333825,20.53,20.74,-1.67624521,21.1,20.3,2176/5521,20.74,21.1,20.3,20.53,3.831417,4152029,33,002541,20260331
002915.SZ,中欣氟材,18.47,-1.2827365045430357,20.36,20.65,-1.59497342,20.86,20.3,2176/5521,20.65,20.86,20.3,20.36,2.706621,4637485,33,002915,20260331
301265.SZ,华新科技,26.06,0.2693343593689892,21.33,20.48,3.84615385,21.42,20.3,2176/5521,20.48,21.42,20.3,21.33,5.452775,1.2671374E7,33,301265,20260331
600265.SH,*ST景谷,22.02,-0.13605442176871263,20.87,20.56,-0.28666985,20.9,20.3,2176/5521,20.56,20.9,20.3,20.87,2.866698,647500,22,600265,20260331
300031.SZ,宝通科技,23.13,0.4778453518679385,20.36,20.52,-0.73135056,20.65,20.28,2181/5521,20.52,20.65,20.28,20.36,1.803998,4570100,33,300031,20260331
600312.SH,平高电气,21.96,-0.49841413683733315,20.28,20.71,-2.31213873,20.9,20.28,2181/5521,20.71,20.9,20.28,20.28,2.986512,1.5364301E7,17,600312,20260331
603611.SH,诺力股份,19.98,-0.7451564828613939,20.28,20.52,-1.31386861,20.81,20.27,2183/5521,20.52,20.81,20.27,20.28,2.627737,3477849,17,603611,20260331
300985.SZ,致远新能,23.05,1.6762240846934229,20.35,20.57,-0.34280118,21.07,20.25,2184/5521,20.57,21.07,20.25,20.35,4.01567,3518500,33,300985,20260331
601633.SH,长城汽车,19.89,-0.3007518796992417,20.63,20.3,1.57557853,20.92,20.25,2184/5521,20.3,20.92,20.25,20.63,3.298867,1.4964926E7,17,601633,20260331
002879.SZ,长缆科技,17.98,-3.124999999999991,20.28,20.68,-1.93423598,21.03,20.24,2186/5521,20.18,20.53,19.74,19.78,3.820116,4957369,33,002879,20260331
605005.SH,合兴股份,19.14,-1.8461538461538431,20.45,20.34,0.39273441,20.66,20.24,2186/5521,20.34,20.66,20.24,20.45,2.061855,3533300,17,605005,20260331
300791.SZ,仙乐健康,19.5,0.3602676273803411,20.32,20.5,-0.87804878,20.65,20.22,2188/5521,20.5,20.65,20.22,20.32,2.09756,1821668,33,300791,20260331
002967.SZ,广电计量,21.37,-0.6508600650860091,20.23,20.37,-0.29571217,20.75,20.21,2189/5521,20.37,20.75,20.21,20.23,2.661409,5856800,33,002967,20260331
688151.SH,华强科技,19.83,0.8646998982705908,20.82,20.55,1.21536218,21.32,20.16,2190/5521,20.55,21.32,20.16,20.82,5.63928,5070703,17,688151,20260331
300101.SZ,振芯科技,19.59,-0.40671072699543387,20.2,20.32,-1.22249389,20.95,20.15,2191/5521,20.32,20.95,20.15,20.2,3.91198,1.5289199E7,33,300101,20260331
600629.SH,华建集团,20.4,1.8981018981018931,20.15,20.39,-1.08001964,20.83,20.15,2191/5521,20.39,20.83,20.15,20.15,3.338242,1.5219364E7,17,600629,20260331
301268.SZ,铭利达,23.01,6.774941995359632,20.23,21.1,-3.94112061,21.16,20.14,2193/5521,21.1,21.16,20.14,20.23,4.843304,3289488,33,301268,20260331
300518.SZ,新迅达,24.93,0.3623188405797096,20.11,20.78,-3.36376742,20.94,20.1,2194/5521,20.78,20.94,20.1,20.11,4.03652,6059589,33,300518,20260331
600233.SH,圆通速递,21.5,-2.0054694621695592,20.15,20.65,-1.94647202,20.89,20.1,2194/5521,20.65,20.89,20.1,20.15,3.844282,1.1918598E7,17,600233,20260331
000681.SZ,视觉中国,21.82,5.207328833172623,20.07,20.45,-2.57281553,20.64,20.05,2196/5521,20.45,20.64,20.05,20.07,2.864077,2.115903E7,33,000681,20260331
000997.SZ,新大陆,19.89,-0.8474576271186349,20.1,20.24,-0.4950495,20.47,20.05,2196/5521,20.24,20.47,20.05,20.1,2.079207,1.1628912E7,33,000997,20260331
002134.SZ,天津普林,25.32,0.7961783439490417,20.08,20.52,-2.28710462,20.8,20.04,2198/5521,20.52,20.8,20.04,20.08,3.698296,5428310,33,002134,20260331
688687.SH,凯因科技,19.76,-1.5445939212755293,20.05,20.3,-0.98765432,20.8,20.04,2198/5521,20.3,20.8,20.04,20.05,3.753086,3016117,17,688687,20260331
301115.SZ,联检科技,21.07,4.203758654797237,20.03,20.45,-2.10166178,20.78,20.03,2200/5521,20.45,20.78,20.03,20.03,3.665689,3022150,33,301115,20260331
002886.SZ,沃特股份,22.53,3.1593406593406654,20.06,20.58,-2.52672498,20.77,20.02,2201/5521,20.58,20.77,20.02,20.06,3.644314,5532680,33,002886,20260331
300446.SZ,航天智造,18.99,0.21108179419524617,20.15,20.02,0.44865404,20.57,20.02,2201/5521,20.02,20.57,20.02,20.15,2.741774,1.47345E7,33,300446,20260331
002747.SZ,埃斯顿,21.87,5.14423076923077,20.03,20.19,-0.49677099,20.43,20,2203/5521,20.19,20.43,20,20.03,2.136115,9710006,33,002747,20260331
300077.SZ,国民技术,23.05,4.016245487364624,20.01,20.48,-2.7696793,21.23,20,2203/5521,20.48,21.23,20,20.01,5.976676,2.8356947E7,33,300077,20260331
002436.SZ,兴森科技,27.71,0.9104151493080844,20.05,20.56,-2.48054475,20.94,19.98,2205/5521,20.56,20.94,19.98,20.05,4.66926,4.6823931E7,33,002436,20260331
688426.SH,康为世纪,20.84,2.1568627450980458,20.03,20.6,-1.03754941,20.83,19.98,2205/5521,20.6,20.83,19.98,20.03,4.199604,1525899,17,688426,20260331
301535.SZ,浙江华远,18.83,-0.21197668256493216,19.96,20.29,-1.96463654,20.98,19.96,2207/5521,20.29,20.98,19.96,19.96,5.009823,3403277,33,301535,20260331
920924.BJ,广脉科技,20.44,1.0380622837370284,19.99,20.56,-3.05528613,20.87,19.96,2207/5521,20.56,20.87,19.96,19.99,4.413191,2107482,151,920924,20260331
001324.SZ,长青科技,20.68,0.4371053909664879,20.01,20.24,-0.89153046,20.47,19.95,2209/5521,20.24,20.47,19.95,20.01,2.575532,3410975,33,001324,20260331
300674.SZ,宇信科技,19.47,0.7242628039317154,20.0,20.47,-1.62321692,20.6,19.94,2210/5521,20.47,20.6,19.94,20.0,3.246433,1.1901078E7,33,300674,20260331
300997.SZ,欢乐家,19.72,-0.2024291497975845,20.33,20.81,0.44466403,20.95,19.94,2210/5521,20.61,20.75,19.74,20.13,4.990118,8973294,33,300997,20260331
002119.SZ,康强电子,21.01,1.0096153846153886,20.04,20.85,-3.88489209,20.89,19.93,2212/5521,20.85,20.89,19.93,20.04,4.604316,1.7617134E7,33,002119,20260331
002757.SZ,南兴股份,23.16,1.7127799736495415,19.98,20.1,-1.43068574,20.56,19.93,2212/5521,20.1,20.56,19.93,19.98,3.108041,7187919,33,002757,20260331
301187.SZ,欧圣电气,20.37,1.545363908275186,19.93,20.18,-1.91929134,20.42,19.93,2212/5521,20.18,20.42,19.93,19.93,2.411417,1439740,33,301187,20260331
002368.SZ,太极股份,17.24,-10.020876826722347,19.95,20.63,-3.94800193,20.78,19.92,2215/5521,20.63,20.78,19.92,19.95,4.140587,1.0673693E7,33,002368,20260331
300641.SZ,正丹股份,17.5,-0.9060022650056633,20.04,20.58,-3.51468464,20.97,19.92,2215/5521,20.58,20.97,19.92,20.04,5.055368,2.1300467E7,33,300641,20260331
300578.SZ,会畅科技,21.6,1.6949152542373023,19.99,20.1,-0.9905894,20.68,19.91,2217/5521,20.1,20.68,19.91,19.99,3.813769,4214300,33,300578,20260331
300483.SZ,首华燃气,22.68,-0.56992547128452,20.1,21.48,-8.55323021,21.66,19.9,2218/5521,21.48,21.66,19.9,20.1,8.007279,5.4416521E7,33,300483,20260331
603320.SH,迪贝电气,24.24,-0.8588957055214759,19.98,20.25,-1.81818182,20.75,19.9,2218/5521,20.25,20.75,19.9,19.98,4.176904,2059643,17,603320,20260331
920634.BJ,新威凌,21.02,-3.6663611365719557,19.98,20.52,-3.00970874,20.8,19.89,2220/5521,20.52,20.8,19.89,19.98,4.417475,919922,151,920634,20260331
301359.SZ,东南电子,23.39,3.130511463844801,19.92,20.48,-2.68685882,20.85,19.88,2221/5521,20.48,20.85,19.88,19.92,4.738641,2271240,33,301359,20260331
301321.SZ,翰博高新,26.27,-1.7943925233644875,19.97,21.35,-5.97928437,21.65,19.86,2222/5521,21.35,21.65,19.86,19.97,8.427495,7026740,33,301321,20260331
603579.SH,荣泰健康,22.3,0.6772009029345469,19.85,20.73,-0.7996002,20.73,19.85,2223/5521,20.73,20.73,19.85,19.85,4.397801,3641384,17,603579,20260331
688108.SH,赛诺医疗,21.44,2.095238095238101,20.34,19.85,2.41691843,21.19,19.85,2223/5521,19.85,21.19,19.85,20.34,6.74723,1.5448777E7,17,688108,20260331
002826.SZ,易明医药,19.5,-0.10245901639344045,19.95,20.2,-0.54835494,20.23,19.84,2225/5521,20.2,20.23,19.84,19.95,1.944167,3833200,33,002826,20260331
001386.SZ,马可波罗,18.63,-0.48076923076923006,19.87,20.12,-1.1934361,20.28,19.83,2226/5521,20.12,20.28,19.83,19.87,2.237692,2597693,33,001386,20260331
603050.SH,科林电气,21.7,7.692307692307696,19.91,20.69,-3.67682632,20.69,19.82,2227/5521,20.69,20.69,19.82,19.91,4.208998,5682734,17,603050,20260331
603888.SH,新华网,20.09,-1.3261296660117858,19.88,20,-0.5005005,20.22,19.82,2227/5521,20,20.22,19.82,19.88,2.002002,7778470,17,603888,20260331
300069.SZ,金利华电,30.6,6.955609926599099,21.08,19.9,6.14300101,21.69,19.81,2229/5521,19.9,21.69,19.81,21.08,9.466263,2.7314913E7,33,300069,20260331
300445.SZ,康斯特,21.88,2.2429906542056095,19.82,20,-1.7839445,20.56,19.8,2230/5521,20,20.56,19.8,19.82,3.766105,4842700,33,300445,20260331
300828.SZ,锐新科技,21.62,-1.9945602901178503,19.81,20.67,-4.16061925,20.67,19.8,2230/5521,20.67,20.67,19.8,19.81,4.208998,7131150,33,300828,20260331
600592.SH,龙溪股份,19.09,1.976495726495732,20.01,19.9,0.55276382,20.49,19.8,2230/5521,19.9,20.49,19.8,20.01,3.467336,8562701,17,600592,20260331
605378.SH,野马电池,20.3,-1.408450704225348,19.77,20.3,-1.98314328,20.3,19.76,2233/5521,20.3,20.3,19.76,19.77,2.677243,1653272,17,605378,20260331
003022.SZ,联泓新科,24.09,-3.9856516540454363,19.83,20.21,-1.83168317,20.3,19.75,2234/5521,20.14,20.23,19.68,19.76,2.722772,1.377983E7,33,003022,20260331
301602.SZ,超研股份,18.18,-0.9803921568627436,19.84,19.98,-0.15098138,20.79,19.75,2234/5521,19.98,20.79,19.75,19.84,5.234021,2484016,33,301602,20260331
300302.SZ,同有科技,27.72,-3.1446540880503218,19.83,20.42,-4.89208633,20.67,19.74,2236/5521,20.42,20.67,19.74,19.83,4.460431,2.8029442E7,33,300302,20260331
603073.SH,彩蝶实业,21.0,1.6949152542372952,19.73,20.15,-2.80788177,20.41,19.73,2237/5521,20.15,20.41,19.73,19.73,3.349753,1891947,17,603073,20260331
688133.SH,泰坦科技,22.45,-2.518454190186721,19.74,20.03,-1.98609732,20.47,19.73,2237/5521,20.03,20.47,19.73,19.74,3.67428,2701749,17,688133,20260331
002066.SZ,瑞泰科技,23.33,2.7753303964757667,19.9,19.71,0.9127789,20.19,19.71,2239/5521,19.71,20.19,19.71,19.9,2.434077,3271613,33,002066,20260331
301180.SZ,万祥科技,17.74,-3.691639522258432,19.84,20.58,-4.8441247,21.15,19.7,2240/5521,20.58,21.15,19.7,19.84,6.954436,8832579,33,301180,20260331
300829.SZ,金丹科技,17.39,-1.640271493212665,19.69,20.69,-5.38202787,20.81,19.69,2241/5521,20.69,20.81,19.69,19.69,5.382027,9953829,33,300829,20260331
002919.SZ,名臣健康,23.98,2.0425531914893633,19.74,20.06,-1.15172759,20.25,19.66,2242/5521,20.06,20.25,19.66,19.74,2.954431,3196265,33,002919,20260331
300761.SZ,立华股份,22.75,1.0213143872113697,19.72,20.54,-3.99221032,20.79,19.66,2242/5521,20.54,20.79,19.66,19.72,5.50146,6306021,33,300761,20260331
301429.SZ,森泰股份,21.43,1.5158692562766476,19.73,20,-1.64506481,20.53,19.65,2244/5521,20,20.53,19.65,19.73,4.386839,2491701,33,301429,20260331
603976.SH,正川股份,21.15,-0.09447331128957547,20.02,19.87,0.75490689,20.35,19.65,2244/5521,19.87,20.35,19.65,20.02,3.522898,1603000,17,603976,20260331
300941.SZ,创识科技,17.76,0.0,19.66,20.22,-2.57680872,20.41,19.64,2246/5521,20.22,20.41,19.64,19.66,3.815659,2791850,33,300941,20260331
603232.SH,格尔软件,18.65,2.8681742967457233,19.66,20.19,-1.84722916,20.24,19.64,2246/5521,20.19,20.24,19.64,19.66,2.995506,5472300,17,603232,20260331
603000.SH,人民网,18.98,-2.7165556125064128,19.63,19.81,-0.908632,20.04,19.61,2248/5521,19.81,20.04,19.61,19.63,2.17062,1.90096E7,17,603000,20260331
603958.SH,哈森股份,24.26,-0.24671052631578422,19.65,20.87,-5.52884615,21.2,19.61,2248/5521,20.87,21.2,19.61,19.65,7.64423,1.04556E7,17,603958,20260331
603215.SH,比依股份,18.29,-8.550000000000004,19.78,19.7,0,19.94,19.6,2250/5521,19.7,19.94,19.6,19.78,1.718907,2276612,17,603215,20260331
603598.SH,引力传媒,20.8,2.1109474717722128,19.81,19.66,0.35460993,20.28,19.6,2250/5521,19.66,20.28,19.6,19.81,3.444782,1.27594E7,17,603598,20260331
920879.BJ,基康技术,16.4,-2.958579881656805,19.99,19.6,1.98979592,20.33,19.6,2250/5521,16.20833333,16.81666667,16.20833333,16.53,3.724489,1227138,151,920879,20260331
002791.SZ,坚朗五金,18.36,-0.5955603681645882,19.79,20.03,-1.83531746,20.38,19.59,2253/5521,20.03,20.38,19.59,19.79,3.91865,6285100,33,002791,20260331
001282.SZ,三联锻造,20.88,2.4031387935262307,19.64,19.8,-0.80808081,20.04,19.58,2254/5521,19.8,20.04,19.58,19.64,2.323232,2206334,33,001282,20260331
603638.SH,艾迪精密,23.24,2.3337736679876597,19.63,20.2,-2.14356929,20.31,19.58,2254/5521,20.2,20.31,19.58,19.63,3.639082,5197568,17,603638,20260331
688209.SH,英集芯,24.27,5.430060816681147,19.58,20.15,-2.92513634,20.27,19.57,2256/5521,20.15,20.27,19.57,19.58,3.4705,4016125,17,688209,20260331
301103.SZ,何氏眼科,19.85,0.2019182231196502,19.65,19.87,-1.10719678,20.2,19.56,2257/5521,19.87,20.2,19.56,19.65,3.220936,1701850,33,301103,20260331
688066.SH,航天宏图,15.69,0.0,19.66,19.55,-2.67326733,20.67,19.55,2258/5521,19.55,20.67,19.55,19.66,5.544554,1.2775615E7,17,688066,20260331
300922.SZ,天秦装备,18.67,1.3022246337493326,19.54,19.97,-2.00601805,20.09,19.53,2259/5521,19.97,20.09,19.53,19.54,2.808425,4774702,33,300922,20260331
300540.SZ,蜀道装备,33.49,-1.673517322372285,19.79,19.79,0.55894309,20.17,19.51,2260/5521,19.79,20.17,19.51,19.79,3.353658,6892574,33,300540,20260331
688236.SH,春立医疗,17.3,-10.962429233144617,20.06,19.47,2.034588,20.95,19.47,2261/5521,19.47,20.95,19.47,20.06,7.527975,4333843,17,688236,20260331
688246.SH,嘉和美康,21.0,-0.09514747859181528,19.51,20.15,-2.83864542,20.39,19.45,2262/5521,20.15,20.39,19.45,19.51,4.681274,2271676,17,688246,20260331
600459.SH,贵研铂业,20.09,-2.0477815699658786,19.5,19.58,-0.35769034,20.14,19.43,2263/5521,19.58,20.14,19.43,19.5,3.628002,1.8647476E7,17,600459,20260331
688038.SH,中科通达,20.96,-2.51162790697674,19.5,19.84,-1.21580547,20.09,19.43,2263/5521,19.84,20.09,19.43,19.5,3.343465,1586193,17,688038,20260331
001308.SZ,康冠科技,20.34,1.5476784822765786,19.84,19.53,1.37966275,20.04,19.42,2265/5521,19.53,20.04,19.42,19.84,3.168114,2222056,33,001308,20260331
300385.SZ,ST雪浪,16.21,7.493368700265258,20.62,19.82,4.03632694,22.1,19.42,2265/5521,19.82,22.1,19.42,20.62,13.521695,7.9411135E7,33,300385,20260331
605186.SH,健麾信息,19.95,0.0,19.42,19.85,-0.66496164,19.93,19.42,2265/5521,19.85,19.93,19.42,19.42,2.608695,1630000,17,605186,20260331
920821.BJ,则成电子,22.0,-0.990099009900985,19.47,19.56,0.25746653,19.8,19.42,2265/5521,19.56,19.8,19.42,19.47,1.956745,759972,151,920821,20260331
000985.SZ,大庆华科,20.23,-0.2957121734844688,19.41,19.73,-1.72151899,20.03,19.41,2269/5521,19.73,20.03,19.41,19.41,3.13924,1471600,33,000985,20260331
603093.SH,南华期货,20.95,1.1588604538870035,19.54,20.7,-4.44987775,20.73,19.41,2269/5521,20.7,20.73,19.41,19.54,6.454767,1.30902E7,17,603093,20260331
603706.SH,东方环宇,21.63,1.358950328022489,19.48,19.73,-1.91339376,19.95,19.41,2269/5521,19.73,19.95,19.41,19.48,2.719033,976300,17,603706,20260331
920130.BJ,立方控股,18.9,1.17773019271948,19.45,19.9,-1.81726401,20.17,19.41,2269/5521,19.9,20.17,19.41,19.45,3.836446,794650,151,920130,20260331
300626.SZ,华瑞股份,26.78,2.881290818286592,19.41,20.19,-3.86329866,20.52,19.4,2273/5521,20.19,20.52,19.4,19.41,5.5473,6406300,33,300626,20260331
603348.SH,文灿股份,18.62,-1.3248542660307365,19.59,19.47,0.35860656,19.71,19.4,2273/5521,19.47,19.71,19.4,19.59,1.588114,1581500,17,603348,20260331
920247.BJ,华密新材,18.99,1.44230769230769,19.53,19.58,-0.40795512,20.22,19.4,2273/5521,16.22333333,16.75666667,16.07333333,16.18,4.18154,1180776,151,920247,20260331
920346.BJ,威贸电子,20.49,0.6385068762278929,19.42,19.75,-0.76647931,19.97,19.4,2273/5521,19.75,19.97,19.4,19.42,2.912621,504659,151,920346,20260331
300867.SZ,圣元环保,20.57,-2.880075542965059,19.62,20.4,-4.94186047,20.67,19.38,2277/5521,20.4,20.67,19.38,19.62,6.25,1.1665752E7,33,300867,20260331
300653.SZ,正海生物,18.35,-1.4500537056928011,19.5,19.5,0.7751938,20.12,19.37,2278/5521,19.5,20.12,19.37,19.5,3.875968,2309625,33,300653,20260331
300948.SZ,冠中生态,20.8,4.785894206549115,19.58,19.6,-0.81053698,20.33,19.37,2278/5521,19.6,20.33,19.37,19.58,4.863221,4350161,33,300948,20260331
000766.SZ,通化金马,24.67,3.135451505016722,19.36,19.5,-1.07307103,19.64,19.36,2280/5521,19.5,19.64,19.36,19.36,1.430761,1.233279E7,33,000766,20260331
002664.SZ,信质集团,20.12,1.4112903225806508,19.45,19.55,0.10293361,19.85,19.35,2281/5521,19.55,19.85,19.35,19.45,2.57334,6063748,33,002664,20260331
002778.SZ,中晟高科,20.25,-0.0493583415597313,19.45,19.7,-0.71465033,19.94,19.35,2281/5521,19.7,19.94,19.35,19.45,3.01174,1923300,33,002778,20260331
301566.SZ,达利凯普,24.16,-0.8210180623973699,19.37,19.71,-1.72501268,20.05,19.35,2281/5521,19.71,20.05,19.35,19.37,3.551496,6712313,33,301566,20260331
300849.SZ,锦盛新材,22.88,-0.39181541140618137,19.4,19.95,-3.0969031,20.25,19.34,2284/5521,19.95,20.25,19.34,19.4,4.545454,2131100,33,300849,20260331
688105.SH,诺唯赞,19.95,0.25125628140703876,19.55,19.43,0.66941298,20,19.34,2284/5521,19.43,20,19.34,19.55,3.398558,1072514,17,688105,20260331
300703.SZ,创源股份,17.93,0.900393922341025,19.36,19.62,-0.10319917,19.85,19.33,2286/5521,19.62,19.85,19.33,19.36,2.683178,4267600,33,300703,20260331
920943.BJ,优机股份,17.02,-13.163265306122456,20.01,19.68,2.87917738,20.55,19.33,2286/5521,19.68,20.55,19.33,20.01,6.272493,1565672,151,920943,20260331
301238.SZ,瑞泰新材,22.29,0.08980691513246329,19.32,20,-3.92839383,20.02,19.32,2288/5521,20,20.02,19.32,19.32,3.480855,8045070,33,301238,20260331
001208.SZ,华菱线缆,19.16,1.3220518244315178,19.45,19.4,0.25773196,20.32,19.31,2289/5521,19.4,20.32,19.31,19.45,5.206185,2.4775478E7,33,001208,20260331
600188.SH,兖矿能源,22.85,-1.3810962451445847,19.35,19.93,-3.97022333,20.39,19.3,2290/5521,19.93,20.39,19.3,19.35,5.409429,7.6815124E7,17,600188,20260331
920262.BJ,太湖雪,16.75,1.5151515151515151,19.43,19.3,0.67357513,19.77,19.3,2290/5521,16,16.39166667,16,16.11,2.435233,310738,151,920262,20260331
301125.SZ,腾亚精工,23.18,0.5639913232104078,19.32,19.3,0.67743616,20.35,19.28,2292/5521,19.3,20.35,19.28,19.32,5.57582,4140400,33,301125,20260331
920627.BJ,力王股份,20.31,-3.744075829383899,19.3,20.11,-3.5964036,20.12,19.28,2292/5521,20.11,20.12,19.28,19.3,4.195804,1115627,151,920627,20260331
920885.BJ,星辰科技,18.23,-0.10958904109588807,19.42,19.28,0.88311688,20.31,19.28,2292/5521,19.28,20.31,19.28,19.42,5.350649,4640856,151,920885,20260331
920344.BJ,三元基因,20.38,1.2922465208747416,19.29,19.87,-2.13089802,20.1,19.26,2295/5521,19.87,20.1,19.26,19.29,4.261796,347698,151,920344,20260331
002189.SZ,中光学,21.1,2.876645538761579,19.26,19.55,-1.43295803,19.64,19.25,2296/5521,19.55,19.64,19.25,19.26,1.995905,2942171,33,002189,20260331
603721.SH,*ST天择,24.63,3.3137583892617415,19.49,19.47,-0.25588536,19.78,19.25,2296/5521,19.47,19.78,19.25,19.49,2.712384,653800,22,603721,20260331
000869.SZ,张裕A,19.35,0.4151530877010994,19.26,19.38,-0.3621314,19.49,19.22,2298/5521,19.38,19.49,19.22,19.26,1.396792,774900,33,000869,20260331
301207.SZ,华兰疫苗,19.5,1.2987012987012987,19.25,19.63,-1.98574338,19.84,19.22,2298/5521,19.63,19.84,19.22,19.25,3.156822,7662179,33,301207,20260331
920476.BJ,海能技术,19.66,0.25497195308516424,19.28,19.58,-1.9328586,19.94,19.22,2298/5521,19.48,19.84,19.12,19.18,3.662258,701159,151,920476,20260331
301381.SZ,赛维时代,20.72,-0.6711409395973181,19.26,19.39,-0.61919505,19.65,19.21,2301/5521,19.39,19.65,19.21,19.26,2.270381,1816900,33,301381,20260331
920508.BJ,殷图网联,19.05,0.15772870662461166,19.3,19.55,-1.02564103,19.9,19.21,2301/5521,19.55,19.9,19.21,19.3,3.538461,424581,151,920508,20260331
300535.SZ,达威股份,19.79,1.5392508978963608,19.37,19.9,-2.41813602,20.13,19.2,2303/5521,19.9,20.13,19.2,19.37,4.685138,2779768,33,300535,20260331
300353.SZ,东土科技,18.55,2.542841348811503,19.2,19.52,-1.58892875,19.75,19.18,2304/5521,19.52,19.75,19.18,19.2,2.921578,9899878,33,300353,20260331
301500.SZ,飞南资源,29.14,-1.3874788494077839,19.26,19.67,-2.48101266,20,19.18,2304/5521,19.67,20,19.18,19.26,4.151898,8992806,33,301500,20260331
603100.SH,川仪股份,19.49,-0.5612244897959335,19.25,19.2,0.26041667,19.45,19.17,2306/5521,19.2,19.45,19.17,19.25,1.458333,6073650,17,603100,20260331
000029.SZ,深深房A,21.26,1.4797136038186267,19.12,19.54,-1.64609053,19.67,19.12,2307/5521,19.54,19.67,19.12,19.12,2.829218,3267180,33,000029,20260331
001222.SZ,源飞宠物,18.84,0.31948881789136696,19.17,19.52,-1.79303279,19.68,19.12,2307/5521,19.52,19.68,19.12,19.17,2.868852,1196328,33,001222,20260331
300531.SZ,优博讯,18.93,-2.221074380165288,19.15,19.52,-3.67203219,19.73,19.11,2309/5521,19.52,19.73,19.11,19.15,3.118712,2.097825E7,33,300531,20260331
688573.SH,信宇人,21.91,-1.8369175627240149,19.11,19.77,-2.99492386,19.98,19.11,2309/5521,19.77,19.98,19.11,19.11,4.416243,1548865,17,688573,20260331
300093.SZ,*ST金刚,22.08,2.793296089385465,19.35,19.38,-0.15479876,19.63,19.08,2311/5521,19.38,19.63,19.08,19.35,2.837977,4341430,33,300093,20260331
300170.SZ,汉得信息,19.82,-0.9990009990009955,19.1,19.3,-0.62434964,19.72,19.07,2312/5521,19.3,19.72,19.07,19.1,3.381893,4.8016651E7,33,300170,20260331
600872.SH,中炬高新,20.78,-2.6241799437675666,19.06,19.11,-0.41797283,19.37,19.05,2313/5521,19.11,19.37,19.05,19.06,1.671891,9210995,17,600872,20260331
601702.SH,华峰铝业,18.52,-1.4893617021276655,19.36,19.69,-2.46851385,19.79,19.05,2313/5521,19.69,19.79,19.05,19.36,3.727959,1.5536781E7,17,601702,20260331
605266.SH,健之佳,20.06,1.1088709677419297,19.04,19.26,-0.78165711,19.5,19.03,2315/5521,19.26,19.5,19.03,19.04,2.449192,1414900,17,605266,20260331
002703.SZ,浙江世宝,17.03,-2.07015526164462,20.15,19.55,4.18821096,20.91,19.01,2316/5521,19.55,20.91,19.01,20.15,9.824198,7.3828514E7,33,002703,20260331
300772.SZ,运达股份,16.22,1.185277604491564,19.05,19.58,-2.70684372,19.99,19.01,2316/5521,19.58,19.99,19.01,19.05,5.005107,1.860088E7,33,300772,20260331
605299.SH,舒华体育,25.98,9.991532599491952,21.33,19.43,10.0051573,21.33,19.01,2316/5521,19.23,21.13,18.81,21.13,11.96493,4.1635208E7,17,605299,20260331
002942.SZ,新农股份,20.14,0.6496751624187855,19.12,19.68,-2.79613625,19.8,19,2319/5521,19.68,19.8,19,19.12,4.067107,1417250,33,002942,20260331
600741.SH,华域汽车,18.66,-2.6096033402922756,19.21,19.1,7.43847875,19.67,19,2319/5521,19.1,19.67,19,19.21,3.747203,5.7602162E7,17,600741,20260331
601026.SH,道生天合,17.57,-0.4532577903682623,19.05,19.37,-1.14167099,19.42,19,2319/5521,19.37,19.42,19,19.05,2.179553,4014875,17,601026,20260331
920392.BJ,佳合科技,19.33,0.1554404145077595,19.65,19.8,-0.65722952,19.99,19,2319/5521,19.8,19.99,19,19.65,5.005055,915370,151,920392,20260331
601112.SH,振石股份,20.1,-1.6152716593245144,19.0,19.61,-3.16004077,19.69,18.99,2323/5521,19.61,19.69,18.99,19.0,3.567787,1.7384886E7,17,601112,20260331
002017.SZ,东信和平,18.93,0.5310674455655944,18.99,19.2,-1.09375,19.44,18.98,2324/5521,19.2,19.44,18.98,18.99,2.395833,8152024,33,002017,20260331
002925.SZ,盈趣科技,19.21,1.2118018967334059,18.98,19.39,-2.36625514,19.6,18.98,2324/5521,19.39,19.6,18.98,18.98,3.1893,6026844,33,002925,20260331
603138.SH,海量数据,18.21,-3.292618162506625,20.53,19.3,7.20626632,21.07,18.98,2324/5521,19.3,21.07,18.98,20.53,10.913838,2.5144914E7,17,603138,20260331
603727.SH,博迈科,18.85,-0.21175224986765032,18.99,20.2,-5.99009901,20.25,18.97,2327/5521,20.2,20.25,18.97,18.99,6.336633,1.2071905E7,17,603727,20260331
001696.SZ,宗申动力,17.36,0.05763688760805769,19.9,19.2,5.45839958,19.97,18.96,2328/5521,19.2,19.97,18.96,19.9,5.352411,5.5780889E7,33,001696,20260331
600031.SH,三一重工,20.35,-0.7317073170731638,19.22,19,1.85479597,19.8,18.96,2328/5521,19,19.8,18.96,19.22,4.45151,1.22997001E8,17,600031,20260331
301223.SZ,中荣股份,20.05,1.2626262626262625,19.0,19.27,-1.55440415,19.42,18.95,2330/5521,19.27,19.42,18.95,19.0,2.435233,1195800,33,301223,20260331
688562.SH,航天软件,18.59,-2.054794520547948,19.26,18.98,3.93955747,20.06,18.95,2330/5521,18.98,20.06,18.95,19.26,5.990286,1.2449675E7,17,688562,20260331
688382.SH,益方生物,23.3,4.954954954954961,19.02,19.38,-2.56147541,19.9,18.94,2332/5521,19.38,19.9,18.94,19.02,4.918032,1.0814849E7,17,688382,20260331
920374.BJ,云里物里,19.09,0.10487676979548806,19.58,19,3.32453826,19.96,18.94,2332/5521,19,19.96,18.94,19.58,5.382585,1086690,151,920374,20260331
603515.SH,欧普照明,20.26,-1.0742187499999944,19.09,19.23,-0.72802912,19.41,18.92,2334/5521,19.23,19.41,18.92,19.09,2.548101,2054254,17,603515,20260331
000636.SZ,风华高科,25.09,-0.7515822784810177,18.93,19.31,-2.22107438,19.68,18.9,2335/5521,19.31,19.68,18.9,18.93,4.028925,3.2818766E7,33,000636,20260331
603013.SH,亚普股份,20.41,1.8971542685970992,18.96,19.1,-0.52465897,19.36,18.9,2335/5521,19.1,19.36,18.9,18.96,2.413431,3047400,17,603013,20260331
603042.SH,华脉科技,19.3,-2.819738167170185,20.27,20.4,-1.64968462,20.59,18.9,2335/5521,20.4,20.59,18.9,20.27,8.199902,2.4680887E7,17,603042,20260331
002875.SZ,安奈儿,25.32,2.8014616321559127,18.93,19.15,-1.8153527,19.85,18.89,2338/5521,19.15,19.85,18.89,18.93,4.979253,4338487,33,002875,20260331
002824.SZ,和胜股份,25.09,-2.5631067961165055,19.31,19.44,-0.71979434,19.44,18.88,2339/5521,19.44,19.44,18.88,19.31,2.879177,1.0523779E7,33,002824,20260331
300199.SZ,翰宇药业,20.74,-1.1439466158246043,18.88,19,-1.6154247,19.45,18.88,2339/5521,19,19.45,18.88,18.88,2.970297,3.4748477E7,33,300199,20260331
301111.SZ,粤万年青,19.9,1.3238289205702547,18.9,19.06,-0.99528549,19.6,18.88,2339/5521,19.06,19.6,18.88,18.9,3.771608,2855000,33,301111,20260331
688317.SH,之江生物,19.5,-1.960784313725493,18.88,19.12,-1.25523013,19.39,18.88,2339/5521,19.12,19.39,18.88,18.88,2.667364,1103738,17,688317,20260331
300059.SZ,东方财富,20.36,0.49358341559722535,18.89,19.07,-0.94389093,19.37,18.85,2343/5521,18.97,19.27,18.75,18.79,2.726796,1.69290727E8,33,300059,20260331
300019.SZ,硅宝科技,17.81,-0.5583472920156417,18.85,19.26,-2.2809746,19.35,18.84,2344/5521,18.96,19.05,18.54,18.55,2.643856,5555600,33,300019,20260331
301539.SZ,宏鑫科技,18.57,0.9787928221859691,18.9,19.2,-1.4084507,19.4,18.84,2344/5521,19.2,19.4,18.84,18.9,2.921231,1274200,33,301539,20260331
002346.SZ,柘中股份,17.74,0.8527572484366036,19.09,19.35,-1.0880829,19.39,18.83,2346/5521,19.35,19.39,18.83,19.09,2.901554,3105500,33,002346,20260331
688584.SH,上海合晶,20.71,1.5693967631191774,18.83,19.16,-1.82481752,19.34,18.82,2347/5521,19.16,19.34,18.82,18.83,2.711157,3030780,17,688584,20260331
000815.SZ,美利云,19.02,-4.229607250755286,18.82,19.7,-6.04093859,19.82,18.81,2348/5521,19.7,19.82,18.81,18.82,5.042436,1.06215542E8,33,000815,20260331
600079.SH,ST人福,18.88,-1.7178552837064125,18.83,19.04,0.10632642,19.31,18.81,2348/5521,19.04,19.31,18.81,18.83,2.65816,1.75873E7,22,600079,20260331
600962.SH,国投中鲁,21.75,0.9749303621169957,18.88,19.12,-1.6154247,19.26,18.81,2348/5521,19.12,19.26,18.81,18.88,2.344971,2033700,17,600962,20260331
603855.SH,华荣股份,18.68,-1.268498942917558,18.85,19.28,-1.97607904,19.28,18.8,2351/5521,19.28,19.28,18.8,18.85,2.496099,1350000,17,603855,20260331
688221.SH,前沿生物,20.93,-0.8056872037914772,18.95,19.78,-4.53400504,20.21,18.8,2351/5521,19.78,20.21,18.8,18.95,7.103274,1.4073006E7,17,688221,20260331
920526.BJ,凯华材料,23.51,4.628393413440155,18.8,19.39,-3.49075975,19.7,18.8,2351/5521,19.39,19.7,18.8,18.8,4.620123,907715,151,920526,20260331
300402.SZ,宝色股份,18.39,0.27262813522355894,18.81,19.12,-1.62133891,19.4,18.78,2354/5521,19.12,19.4,18.78,18.81,3.242677,2862145,33,300402,20260331
300977.SZ,深圳瑞捷,21.12,3.7328094302554105,18.82,18.82,0.10638298,19.48,18.78,2354/5521,18.82,19.48,18.78,18.82,3.723404,2051587,33,300977,20260331
002729.SZ,好利科技,18.42,1.320132013201331,18.84,19.4,-3.6809816,19.6,18.77,2356/5521,19.4,19.6,18.77,18.84,4.243353,6122200,33,002729,20260331
002159.SZ,三特索道,16.34,-3.370786516853934,18.97,19.25,-1.14643043,19.83,18.7,2357/5521,19.25,19.83,18.7,18.97,5.888483,4225906,33,002159,20260331
601166.SH,兴业银行,17.93,-1.375137513751375,18.82,18.72,0.69555912,18.96,18.69,2358/5521,18.72,18.96,18.69,18.82,1.444622,7.5026646E7,17,601166,20260331
603180.SH,金牌家居,18.52,-2.1141649048625903,18.7,18.84,-0.58479532,19.16,18.66,2359/5521,18.84,19.16,18.66,18.7,2.65816,761496,17,603180,20260331
603767.SH,中马传动,19.41,0.8835758835758926,18.83,18.65,0.64136825,19.25,18.65,2360/5521,18.65,19.25,18.65,18.83,3.206841,5109360,17,603767,20260331
605365.SH,立达信,29.47,0.20401224073443971,18.71,18.65,0.32171582,19.2,18.65,2360/5521,18.65,19.2,18.65,18.71,2.949061,4278376,17,605365,20260331
300853.SZ,申昊科技,29.88,-2.4167210973220183,18.69,19.09,-2.14659686,19.28,18.63,2362/5521,19.09,19.28,18.63,18.69,3.403141,1975420,33,300853,20260331
688360.SH,德马科技,18.24,1.3896609227348529,18.64,19.15,-3.16883117,19.35,18.6,2363/5521,19.15,19.35,18.6,18.64,3.896103,2564116,17,688360,20260331
002039.SZ,黔源电力,20.28,-1.4098201263976624,18.59,18.96,-3.12662845,19.5,18.58,2364/5521,18.96,19.5,18.58,18.59,4.794163,2.5843238E7,33,002039,20260331
600071.SH,凤凰光学,19.42,-3.142144638403985,18.69,18.83,-0.63795853,19.07,18.56,2365/5521,18.83,19.07,18.56,18.69,2.711323,2129909,17,600071,20260331
002056.SZ,横店东磁,18.94,-1.1482254697285954,18.6,19.6,-5.87044534,19.65,18.55,2366/5521,19.6,19.65,18.55,18.6,5.566801,6.2110143E7,33,002056,20260331
603896.SH,寿仙谷,17.48,0.05724098454494313,18.59,18.75,-1.43160127,19.03,18.55,2366/5521,18.75,19.03,18.55,18.59,2.545068,1261260,17,603896,20260331
920237.BJ,力佳科技,19.72,-2.3762376237623783,18.57,19.14,-2.10859251,19.15,18.55,2366/5521,19.14,19.15,18.55,18.57,3.162888,602648,151,920237,20260331
300294.SZ,博雅生物,17.48,-1.3544018058690657,18.56,18.72,-1.27659574,18.95,18.54,2369/5521,18.72,18.95,18.54,18.56,2.180851,3746250,33,300294,20260331
601882.SH,海天精工,20.08,1.825557809330626,18.58,18.59,0.32397408,18.85,18.53,2370/5521,18.29,18.55,18.23,18.28,1.727861,2947400,17,601882,20260331
603985.SH,恒润股份,26.12,-3.1516499814608747,18.6,19.01,-2.87206266,19.66,18.53,2370/5521,19.01,19.66,18.53,18.6,5.900783,2.8229258E7,17,603985,20260331
688371.SH,菲沃泰,24.72,11.85520361990949,18.58,18.81,-1.53683095,19.06,18.53,2370/5521,18.81,19.06,18.53,18.58,2.808691,1696365,17,688371,20260331
600062.SH,华润双鹤,17.85,-0.6124721603563442,18.57,18.53,-0.42895442,18.73,18.5,2373/5521,18.53,18.73,18.5,18.57,1.233243,8212540,17,600062,20260331
600230.SH,沧州大化,18.97,-4.143506821627086,18.6,18.85,-2.56678889,19.49,18.5,2373/5521,18.85,19.49,18.5,18.6,5.185961,1.9988779E7,17,600230,20260331
603029.SH,天鹅股份,19.95,1.6819571865443337,18.5,18.5,-3.09062336,19.35,18.5,2373/5521,18.5,19.35,18.5,18.5,4.452592,4316742,17,603029,20260331
688085.SH,三友医疗,17.69,1.085714285714293,18.63,18.74,-0.85151676,19.19,18.5,2373/5521,18.74,19.19,18.5,18.63,3.672166,2949475,17,688085,20260331
920027.BJ,交大铁发,18.89,5.8263305322128796,21.78,18.5,15.97444089,22.9,18.5,2373/5521,18.5,22.9,18.5,21.78,23.429179,1.0774839E7,151,920027,20260331
002935.SZ,天奥电子,22.78,1.0199556541019974,18.51,18.55,0.37960954,19.1,18.48,2378/5521,18.55,19.1,18.48,18.51,3.362255,7427529,33,002935,20260331
300192.SZ,科德教育,19.69,1.3381369016984126,18.5,19.03,-1.28068303,19.1,18.48,2378/5521,19.03,19.1,18.48,18.5,3.308431,6480447,33,300192,20260331
301156.SZ,美农生物,20.47,1.9930244145490712,18.53,19.05,-2.26793249,19.2,18.48,2378/5521,19.05,19.2,18.48,18.53,3.797468,1952500,33,301156,20260331
003042.SZ,中农联合,17.09,1.1841326228537554,18.61,19.92,-5.86747597,20.09,18.46,2381/5521,19.92,20.09,18.46,18.61,8.244815,2.8158554E7,33,003042,20260331
300244.SZ,迪安诊断,19.34,-0.7696254489481713,18.46,18.64,-1.4941302,19.16,18.46,2381/5521,18.64,19.16,18.46,18.46,3.735325,1.785763E7,33,300244,20260331
601958.SH,金钼股份,19.58,-1.1610297829379124,18.6,19.04,-1.11642743,19.05,18.45,2383/5521,19.04,19.05,18.45,18.6,3.189792,2.9422545E7,17,601958,20260331
002362.SZ,汉王科技,18.52,1.535087719298252,18.47,18.75,-1.2827365,18.93,18.44,2384/5521,18.75,18.93,18.44,18.47,2.61892,2568220,33,002362,20260331
300687.SZ,赛意信息,25.24,1.0408326661328984,18.49,18.75,-1.38666667,19.02,18.44,2384/5521,18.75,19.02,18.44,18.49,3.093333,4006941,33,300687,20260331
300783.SZ,三只松鼠,19.41,-1.4720812182741074,18.44,18.78,-1.23192287,18.87,18.4,2386/5521,18.78,18.87,18.4,18.44,2.517407,3846700,33,300783,20260331
301100.SZ,风光股份,18.75,-0.5305039787798483,18.45,18.95,-2.27754237,19.07,18.4,2386/5521,18.95,19.07,18.4,18.45,3.548728,1366900,33,301100,20260331
920195.BJ,三祥科技,16.5,-3.1121550205519735,18.55,18.46,0.54200542,18.83,18.38,2388/5521,18.46,18.83,18.38,18.55,2.439024,442288,151,920195,20260331
920641.BJ,格利尔,17.23,-0.6343713956170671,18.37,19.05,-3.67068694,19.36,18.37,2389/5521,19.05,19.36,18.37,18.37,5.1914,3416836,151,920641,20260331
002317.SZ,众生药业,18.39,-0.1628664495114068,18.4,18.55,-1.34048257,18.89,18.36,2390/5521,18.55,18.89,18.36,18.4,2.841823,2.1366498E7,33,002317,20260331
600131.SH,国网信通,17.14,-0.9248554913294805,18.38,19.09,-3.00791557,19.18,18.36,2390/5521,19.09,19.18,18.36,18.38,4.327176,1.7966653E7,17,600131,20260331
600641.SH,先导基电,27.62,2.069475240206956,18.38,18.7,-2.33793836,18.94,18.36,2390/5521,18.7,18.94,18.36,18.38,3.081827,2.523355E7,17,600641,20260331
301055.SZ,张小泉,29.47,-1.7666666666666704,18.36,18.69,-1.50214592,18.9,18.35,2393/5521,18.69,18.9,18.35,18.36,2.950643,1971800,33,301055,20260331
300447.SZ,全信股份,19.25,1.7979904812268632,18.94,18.49,1.93756728,19.64,18.33,2394/5521,18.43,19.58,18.27,18.88,7.050592,1.835111E7,33,300447,20260331
920267.BJ,鑫汇科,18.46,0.27159152634438194,18.5,18.35,-0.43057051,19.05,18.33,2394/5521,18.35,19.05,18.33,18.5,3.875134,591900,151,920267,20260331
300733.SZ,西菱动力,20.0,-0.49751243781095233,19.2,18.44,4.23452769,19.22,18.32,2396/5521,18.44,19.22,18.32,19.2,4.885993,1.352194E7,33,300733,20260331
688244.SH,永信至诚,19.74,1.334702258726889,18.42,19.1,-3.15457413,19.21,18.32,2396/5521,19.1,19.21,18.32,18.42,4.679284,1417198,17,688244,20260331
300482.SZ,万孚生物,18.29,-1.930294906166217,18.34,18.46,-0.75757576,18.63,18.31,2398/5521,18.46,18.63,18.31,18.34,1.731601,2902890,33,300482,20260331
603686.SH,福龙马,18.96,0.42372881355933184,18.33,18.74,-1.13268608,18.89,18.31,2398/5521,18.74,18.89,18.31,18.33,3.128371,1.4137923E7,17,603686,20260331
301185.SZ,鸥玛软件,18.09,0.4441976679622337,18.35,18.6,-1.07816712,18.81,18.3,2400/5521,18.6,18.81,18.3,18.35,2.749326,2118200,33,301185,20260331
600882.SH,妙可蓝多,20.68,1.57170923379175,18.35,18.55,-0.97139773,18.89,18.3,2400/5521,18.55,18.89,18.3,18.35,3.184025,5713899,17,600882,20260331
603266.SH,天龙股份,20.23,2.6382546930492112,18.35,18.44,-0.81081081,18.65,18.3,2400/5521,18.44,18.65,18.3,18.35,1.891891,1544140,17,603266,20260331
605183.SH,确成股份,16.97,-1.9075144508670627,18.36,18.89,-2.85714286,18.98,18.3,2400/5521,18.89,18.98,18.3,18.36,3.597883,3528300,17,605183,20260331
600529.SH,山东药玻,18.64,-0.9037745879851046,18.52,18.31,1.14691425,18.7,18.29,2404/5521,18.31,18.7,18.29,18.52,2.239213,6868167,17,600529,20260331
300767.SZ,震安科技,23.28,0.6485084306096072,18.28,19.04,-3.63732209,19.13,18.26,2405/5521,19.04,19.13,18.26,18.28,4.586188,6012320,33,300767,20260331
603273.SH,天元智能,17.91,1.761363636363629,18.3,18.45,-1.24123044,18.85,18.26,2405/5521,18.45,18.85,18.26,18.3,3.184025,1313800,17,603273,20260331
605151.SH,西上海,21.76,3.9655996177735395,18.26,18.59,-1.08342362,18.82,18.26,2405/5521,18.59,18.82,18.26,18.26,3.033586,1605507,17,605151,20260331
688681.SH,科汇股份,20.37,1.850000000000005,18.3,18.95,-2.81465746,19.08,18.26,2405/5521,18.95,19.08,18.26,18.3,4.354753,1845024,17,688681,20260331
300277.SZ,汽轮科技,17.97,-0.33277870216307415,18.25,18.9,-1.77610334,19.19,18.25,2409/5521,18.9,19.19,18.25,18.25,5.059203,2.8337486E7,33,300277,20260331
600021.SH,上海电力,17.0,-1.0477299185098936,18.25,18.85,-3.18302387,18.9,18.25,2409/5521,18.85,18.9,18.25,18.25,3.448275,3.9087576E7,17,600021,20260331
603615.SH,茶花股份,20.55,0.04868549172347402,19.12,18.34,3.68763557,19.3,18.25,2409/5521,18.34,19.3,18.25,19.12,5.694143,6795583,17,603615,20260331
920425.BJ,乐创技术,25.25,13.228699551569504,18.35,18.58,-1.2378902,18.94,18.23,2412/5521,18.58,18.94,18.23,18.35,3.821313,918236,151,920425,20260331
003005.SZ,竞业达,17.94,-0.11135857461024261,18.22,18.4,-1.35354629,18.61,18.22,2413/5521,18.4,18.61,18.22,18.22,2.111532,1826500,33,003005,20260331
920578.BJ,巨能股份,18.39,1.996672212978366,18.66,18.74,-0.90281466,18.88,18.21,2414/5521,18.74,18.88,18.21,18.66,3.558151,607059,151,920578,20260331
002884.SZ,凌霄泵业,18.82,1.182795698924725,18.22,18.45,-1.30010834,18.7,18.19,2415/5521,18.45,18.7,18.19,18.22,2.76273,3207732,33,002884,20260331
002888.SZ,惠威科技,19.08,0.8456659619450136,18.21,18.66,-2.41157556,18.84,18.15,2416/5521,18.66,18.84,18.15,18.21,3.697749,1796540,33,002888,20260331
600793.SH,宜宾纸业,16.31,-8.576233183856509,18.21,18.6,-1.67386609,18.75,18.15,2416/5521,18.6,18.75,18.15,18.21,3.23974,1721200,17,600793,20260331
600773.SH,西藏城投,27.2,-3.2028469750889754,18.23,19.33,-7.08460754,19.5,18.14,2418/5521,19.33,19.5,18.14,18.23,6.931702,4.44372E7,17,600773,20260331
688365.SH,光云科技,19.72,0.9728622631848322,18.22,18.43,-0.27367269,18.91,18.12,2419/5521,18.43,18.91,18.12,18.22,4.324028,1.1506429E7,17,688365,20260331
300577.SZ,开润股份,21.2,3.112840466926073,18.13,18.28,-0.82056893,18.51,18.11,2420/5521,18.28,18.51,18.11,18.13,2.188183,1163870,33,300577,20260331
600148.SH,长春一东,19.13,0.3146303093864642,18.21,18.56,-1.14006515,18.68,18.11,2420/5521,18.56,18.68,18.11,18.21,3.094462,1641328,17,600148,20260331
688758.SH,赛分科技,19.47,-2.30807827395886,19.65,18.77,10.08403361,20.19,18.11,2420/5521,18.77,20.19,18.11,19.65,11.652661,1.0241025E7,17,688758,20260331
000973.SZ,佛塑科技,20.99,-1.4091122592766592,18.3,19.09,-4.4386423,19.15,18.1,2423/5521,19.09,19.15,18.1,18.3,5.483028,6.9504286E7,33,000973,20260331
300034.SZ,钢研高纳,19.65,1.393188854489162,18.1,18.16,-0.05521811,18.65,18.08,2424/5521,18.16,18.65,18.08,18.1,3.147432,1.6489322E7,33,300034,20260331
301516.SZ,中远通,20.56,3.472571716154996,19.32,18.66,3.98277718,20.13,18.07,2425/5521,18.66,20.13,18.07,19.32,11.08719,1.7848918E7,33,301516,20260331
301151.SZ,冠龙节能,17.65,1.3785180930499623,18.16,18.25,-0.27457441,18.64,18.06,2426/5521,18.25,18.64,18.06,18.16,3.185063,1506900,33,301151,20260331
601137.SH,博威合金,17.51,-2.505567928730508,18.06,18.45,-2.11382114,18.47,18.05,2427/5521,18.45,18.47,18.05,18.06,2.276422,9821972,17,601137,20260331
603586.SH,金麒麟,16.36,0.49140049140048087,18.27,18.1,0.71664829,18.4,18.05,2427/5521,18.1,18.4,18.05,18.27,1.929437,2299700,17,603586,20260331
000032.SZ,深桑达A,17.34,-2.5295109612141613,18.06,18.83,-5.29627687,19.13,18.04,2429/5521,18.83,19.13,18.04,18.06,5.715783,3.2135521E7,33,000032,20260331
002395.SZ,双象股份,20.17,2.489837398373994,18.49,18.11,1.59340659,18.79,18.03,2430/5521,18.11,18.79,18.03,18.49,4.175824,7044142,33,002395,20260331
600756.SH,浪潮软件,16.51,1.6000000000000096,18.31,18.59,-2.45071923,19.11,18.01,2431/5521,18.59,19.11,18.01,18.31,5.860415,3.0771784E7,17,600756,20260331
920367.BJ,新赣江,18.47,0.54436581382688,18.11,18.5,-2.6344086,18.98,18.01,2431/5521,18.5,18.98,18.01,18.11,5.215053,1067204,151,920367,20260331
000878.SZ,云南铜业,19.1,-1.6477857878475812,18.03,18.45,-1.90424374,18.62,18,2433/5521,18.45,18.62,18,18.03,3.373231,3.5861186E7,33,000878,20260331
688089.SH,嘉必优,16.03,-0.18679950186798,18.0,18.35,-1.90735695,18.53,18,2433/5521,18.35,18.53,18,18.0,2.888283,1584472,17,688089,20260331
920753.BJ,天纺标,18.88,1.0706638115631655,18.2,17.99,1.3363029,18.67,17.99,2435/5521,17.99,18.67,17.99,18.2,3.786191,451906,151,920753,20260331
688289.SH,圣湘生物,17.15,-1.549942594718732,18.06,17.98,0.27762354,18.36,17.98,2436/5521,17.98,18.36,17.98,18.06,2.109938,4737533,17,688289,20260331
002549.SZ,凯美特气,19.81,-2.60570304818093,18.0,18.69,-4.25531915,18.75,17.97,2437/5521,18.69,18.75,17.97,18.0,4.148936,4.2485756E7,33,002549,20260331
603036.SH,如通股份,17.28,-0.9742120343839437,17.98,18.3,-1.80229383,18.46,17.97,2437/5521,18.3,18.46,17.97,17.98,2.676133,2801000,17,603036,20260331
000776.SZ,广发证券,21.23,-0.23496240601504093,17.96,18.22,-1.21012101,18.46,17.96,2439/5521,18.22,18.46,17.96,17.96,2.750275,3.9544255E7,33,000776,20260331
000887.SZ,中鼎股份,17.4,-0.5714285714285795,17.96,18.08,-0.66371681,18.34,17.95,2440/5521,18.08,18.34,17.95,17.96,2.157079,1.2544605E7,33,000887,20260331
300479.SZ,神思电子,17.31,1.2280701754385805,18.02,18.46,-1.79836512,18.63,17.94,2441/5521,18.46,18.63,17.94,18.02,3.760217,3858200,33,300479,20260331
920407.BJ,驰诚股份,17.71,0.6249999999999967,18.3,18.09,0.71546505,18.51,17.94,2441/5521,18.09,18.51,17.94,18.3,3.137039,679181,151,920407,20260331
002946.SZ,新乳业,19.91,1.117318435754184,17.98,18.14,-0.66298343,18.38,17.93,2443/5521,18.14,18.38,17.93,17.98,2.486187,4455696,33,002946,20260331
002833.SZ,弘亚数控,20.41,-0.24437927663734463,17.94,18.15,-1.04798676,18.33,17.91,2444/5521,18.15,18.33,17.91,17.94,2.316602,4147326,33,002833,20260331
300497.SZ,富祥药业,19.32,-2.5718608169440142,18.15,19.44,-6.53964985,19.65,17.91,2444/5521,19.44,19.65,17.91,18.15,8.959835,1.03802289E8,33,300497,20260331
688517.SH,金冠电气,21.69,-3.169642857142845,17.94,18.54,-3.4965035,18.64,17.91,2444/5521,18.54,18.64,17.91,17.94,3.926842,4120907,17,688517,20260331
300858.SZ,科拓生物,17.85,-2.4056861673045256,18.63,18.12,-0.85151676,18.63,17.9,2447/5521,18.12,18.63,17.9,18.63,3.885045,1.8803356E7,33,300858,20260331
920599.BJ,同力股份,18.94,0.47745358090185597,18.0,18.06,0,18.25,17.9,2447/5521,18.06,18.25,17.9,18.0,1.944444,2941664,151,920599,20260331
600761.SH,安徽合力,18.03,-1.2595837897042739,18.02,18.31,-3.58480471,18.6,17.88,2449/5521,18.31,18.6,17.88,18.02,3.852327,1.7880031E7,17,600761,20260331
300389.SZ,艾比森,16.37,-2.848664688427302,18.27,19.22,-6.92817117,19.24,17.87,2450/5521,19.22,19.24,17.87,18.27,6.979113,1.6546526E7,33,300389,20260331
002229.SZ,鸿博股份,16.39,1.8645121193287801,17.84,18.16,-2.77929155,18.43,17.84,2451/5521,18.16,18.43,17.84,17.84,3.215258,4.1657002E7,33,002229,20260331
601233.SH,桐昆股份,24.21,4.986990459670435,18.05,18.17,-1.09589041,18.4,17.84,2451/5521,18.17,18.4,17.84,18.05,3.068493,3.4053467E7,17,601233,20260331
000739.SZ,普洛药业,18.27,-1.0828370330265258,17.83,17.99,-0.27964206,18.4,17.83,2453/5521,17.752,18.162,17.592,17.59,3.187919,7227100,33,000739,20260331
002741.SZ,光华科技,21.7,-0.22988505747126764,17.87,18.75,-4.54059829,18.76,17.83,2453/5521,18.75,18.76,17.83,17.87,4.967948,1.5894975E7,33,002741,20260331
300229.SZ,拓尔思,17.87,-0.4456824512534724,17.86,18.04,-1.10741971,18.4,17.83,2453/5521,18.04,18.4,17.83,17.86,3.156146,1.5610739E7,33,300229,20260331
002214.SZ,*ST大立,18.57,-2.3659305993690816,17.86,18.08,-0.77777778,18.2,17.82,2456/5521,18.08,18.2,17.82,17.86,2.111111,1905631,33,002214,20260331
920089.BJ,禾昌聚合,17.86,0.224466891133553,17.9,17.93,-0.05583473,18.26,17.81,2457/5521,17.93,18.26,17.81,17.9,2.512562,929131,151,920089,20260331
000923.SZ,河钢资源,16.8,-2.211874272409773,17.88,18.16,-2.02739726,18.43,17.79,2458/5521,18.16,18.43,17.79,17.88,3.506849,1.27332E7,33,000923,20260331
601688.SH,华泰证券,19.15,-0.7257646448937303,17.8,18.17,-2.25151016,18.29,17.79,2458/5521,18.17,18.29,17.79,17.8,2.745744,9.2808751E7,17,601688,20260331
301083.SZ,百胜智能,17.49,0.2866972477064057,17.76,18.22,-2.73822563,18.33,17.75,2460/5521,18.22,18.33,17.75,17.76,3.176341,1710900,33,301083,20260331
600388.SH,龙净环保,18.62,-1.4814814814814687,17.79,18.05,-1.38580931,18.33,17.75,2460/5521,18.05,18.33,17.75,17.79,3.215077,1.0678409E7,17,600388,20260331
603505.SH,金石资源,18.34,3.6158192090395516,17.77,18.2,-2.78993435,18.32,17.74,2462/5521,18.2,18.32,17.74,17.77,3.172866,1.0674511E7,17,603505,20260331
300377.SZ,赢时胜,16.99,1.372315035799504,17.77,18.2,-2.09366391,18.78,17.73,2463/5521,18.2,18.78,17.73,17.77,5.785123,2.4752726E7,33,300377,20260331
002232.SZ,启明信息,17.68,1.1441647597253963,17.78,18,-1.2770683,18.34,17.72,2464/5521,18,18.34,17.72,17.78,3.442531,5965496,33,002232,20260331
000550.SZ,江铃汽车,18.75,-1.986408782017768,18.23,17.71,2.93619424,18.61,17.71,2465/5521,17.71,18.61,17.71,18.23,5.081874,1.0004931E7,33,000550,20260331
300529.SZ,健帆生物,19.04,-0.10493179433368087,17.73,17.85,-0.44918585,18.11,17.71,2465/5521,17.85,18.11,17.71,17.73,2.245929,3107841,33,300529,20260331
002299.SZ,圣农发展,18.6,-0.053734551316485815,17.7,17.98,-1.55728587,18.34,17.7,2467/5521,17.98,18.34,17.7,17.7,3.55951,9370000,33,002299,20260331
002517.SZ,恺英网络,17.98,-1.2087912087912025,17.7,17.95,-1.39275766,18.23,17.7,2467/5521,17.95,18.23,17.7,17.7,2.952646,3.1760786E7,33,002517,20260331
301229.SZ,纽泰格,17.35,0.46323103647945485,17.71,18.13,-2.31660232,18.39,17.7,2467/5521,18.13,18.39,17.7,17.71,3.805846,2085532,33,301229,20260331
603926.SH,铁流股份,21.75,6.0458313018039895,17.71,18.46,-2.04646018,18.46,17.7,2467/5521,18.46,18.46,17.7,17.71,4.203539,4024600,17,603926,20260331
603189.SH,网达软件,12.26,0.0,17.76,18.61,-5.48163917,18.96,17.69,2471/5521,18.61,18.96,17.69,17.76,6.758914,1.20456E7,17,603189,20260331
920351.BJ,华光源海,16.6,1.6533986527863023,17.73,18.28,-1.93584071,18.36,17.69,2471/5521,18.28,18.36,17.69,17.73,3.705752,1403974,151,920351,20260331
002611.SZ,东方精工,17.2,2.5641025641025625,17.99,18.36,0.22284123,18.48,17.68,2473/5521,18.36,18.48,17.68,17.99,4.456824,5.3442624E7,33,002611,20260331
003001.SZ,中岩大地,17.05,1.7303102625298277,17.74,17.8,-0.56053812,18.1,17.66,2474/5521,17.8,18.1,17.66,17.74,2.466367,1463860,33,003001,20260331
603776.SH,永安行,19.83,-0.15105740181269456,17.68,17.96,-1.44927536,18.13,17.65,2475/5521,17.96,18.13,17.65,17.68,2.675585,1641300,17,603776,20260331
688276.SH,百克生物,18.17,0.2206287920573784,17.66,17.8,-0.73074761,18.05,17.65,2475/5521,17.8,18.05,17.65,17.66,2.248454,1062887,17,688276,20260331
300817.SZ,双飞集团,20.18,-0.04952947003467837,17.68,17.83,-0.84127874,18.08,17.64,2477/5521,17.83,18.08,17.64,17.68,2.46775,2289260,33,300817,20260331
603233.SH,大参林,18.72,-3.255813953488385,17.78,17.65,1.13765643,18.02,17.63,2478/5521,17.65,18.02,17.63,17.78,2.21843,3978178,17,603233,20260331
688750.SH,金天钛业,18.68,1.3564839934888768,17.7,17.93,-1.55728587,18.09,17.63,2478/5521,17.93,18.09,17.63,17.7,2.558398,2542953,17,688750,20260331
603919.SH,金徽酒,17.76,-2.148760330578496,17.62,18.33,-0.95559303,18.58,17.62,2480/5521,18.33,18.58,17.62,17.62,5.39629,9943785,17,603919,20260331
603095.SH,越剑智能,25.37,10.017346053772776,17.83,17.65,0.62076749,18.2,17.61,2481/5521,17.65,18.2,17.61,17.83,3.329571,3854340,17,603095,20260331
300265.SZ,通光线缆,17.21,-5.0744622173193505,19.14,18,3.96523628,19.2,17.6,2482/5521,18,19.2,17.6,19.14,8.690928,9.0130117E7,33,300265,20260331
920019.BJ,铜冠矿建,18.04,1.2345679012345614,17.6,18.03,-1.28996074,18.12,17.58,2483/5521,18.03,18.12,17.58,17.6,3.028603,1332997,151,920019,20260331
300902.SZ,国安达,17.9,-0.33407572383074763,17.58,17.78,-1.01351351,18.08,17.57,2484/5521,17.78,18.08,17.57,17.58,2.871621,3483340,33,300902,20260331
000623.SZ,吉林敖东,18.87,1.0712372790573073,17.6,17.62,-0.11350738,17.93,17.56,2485/5521,17.62,17.93,17.56,17.6,2.099886,1.0027065E7,33,000623,20260331
300515.SZ,三德科技,17.13,-0.29103608847497503,17.64,18,-1.7270195,18.15,17.56,2485/5521,18,18.15,17.56,17.64,3.286908,3115900,33,300515,20260331
600686.SH,金龙汽车,15.54,-5.243902439024387,17.95,17.62,3.39861751,18.5,17.56,2485/5521,17.62,18.5,17.56,17.95,5.414746,3.4875697E7,17,600686,20260331
603069.SH,海汽集团,17.02,2.902055622732772,17.56,17.91,-1.78970917,18.22,17.56,2485/5521,17.91,18.22,17.56,17.56,3.691275,3286938,17,603069,20260331
300802.SZ,矩子科技,20.09,0.4499999999999993,17.67,17.91,-1.72413793,18.07,17.55,2489/5521,17.91,18.07,17.55,17.67,2.892102,3789217,33,300802,20260331
603806.SH,福斯特,18.74,0.26752273943283655,17.55,18.86,-7.14285714,19.5,17.55,2489/5521,18.86,19.5,17.55,17.55,10.31746,6.0849531E7,17,603806,20260331
002624.SZ,完美世界,15.21,-8.593749999999998,17.57,17.92,-2.00780814,18.23,17.54,2491/5521,17.92,18.23,17.54,17.57,3.848298,3.8369186E7,33,002624,20260331
603032.SH,德新科技,23.31,0.9965337954939361,17.55,18.14,-3.57142857,18.3,17.54,2491/5521,18.14,18.3,17.54,17.55,4.175824,4968182,17,603032,20260331
601012.SH,隆基绿能,16.46,-0.5438066465256789,17.54,17.9,-2.33853007,18.02,17.53,2493/5521,17.9,18.02,17.53,17.54,2.728285,1.60019139E8,17,601012,20260331
002633.SZ,申科股份,19.73,3.6784025223331542,17.53,18.47,-4.3644299,18.47,17.5,2494/5521,18.47,18.47,17.5,17.53,5.291871,3703900,33,002633,20260331
300556.SZ,丝路视觉,20.07,2.607361963190192,17.49,17.81,-1.7967434,18.09,17.49,2495/5521,17.81,18.09,17.49,17.49,3.368893,2797000,33,300556,20260331
002626.SZ,金达威,15.21,-3.9166140240050487,17.54,17.87,-1.23873874,17.99,17.48,2496/5521,17.87,17.99,17.48,17.54,2.871621,4051700,33,002626,20260331
603210.SH,泰鸿万立,16.52,1.5990159901598893,17.49,17.68,-0.73779796,17.74,17.46,2497/5521,17.68,17.74,17.46,17.49,1.589103,1065262,17,603210,20260331
002805.SZ,丰元股份,22.85,10.014443909484843,17.46,17.8,-3.37576093,18.04,17.45,2498/5521,17.8,18.04,17.45,17.46,3.26508,1.681436E7,33,002805,20260331
300196.SZ,长海股份,19.55,-3.217821782178211,17.52,17.97,-2.34113712,17.97,17.45,2498/5521,17.97,17.97,17.45,17.52,2.89855,7513400,33,300196,20260331
300925.SZ,法本信息,18.57,-0.6420545746388496,17.48,17.71,-1.35440181,17.95,17.45,2498/5521,17.71,17.95,17.45,17.48,2.82167,4404954,33,300925,20260331
300430.SZ,诚益通,,,17.44,17.76,-1.85706246,18.06,17.44,2501/5521,17.76,18.06,17.44,17.44,3.489026,4443800,33,300430,20260331
300967.SZ,晓鸣股份,16.61,0.060240963855409696,17.49,17.9,-2.29050279,18.06,17.44,2501/5521,17.9,18.06,17.44,17.49,3.463687,3523900,33,300967,20260331
001216.SZ,华瓷股份,18.27,3.1038374717833,17.44,17.7,-0.85275725,18.05,17.43,2503/5521,17.7,18.05,17.43,17.44,3.524729,4008300,33,001216,20260331
603995.SH,甬金股份,19.38,-1.273560876209883,17.49,17.61,-0.51194539,17.75,17.43,2503/5521,17.61,17.75,17.43,17.49,1.82025,2203600,17,603995,20260331
600475.SH,华光环能,16.89,0.11855364552459735,17.42,17.99,-3.11457175,18.14,17.42,2505/5521,17.99,18.14,17.42,17.42,4.004449,1.0231873E7,17,600475,20260331
600714.SH,金瑞矿业,22.1,10.004977600796424,17.43,18.36,-4.70202296,18.84,17.42,2505/5521,18.36,18.84,17.42,17.43,7.763805,2.3223598E7,17,600714,20260331
002601.SZ,龙佰集团,16.91,-1.1111111111111185,17.41,17.66,-1.41562854,17.78,17.4,2507/5521,17.66,17.78,17.4,17.41,2.151755,1.6226702E7,33,002601,20260331
301139.SZ,元道通信,18.06,2.207130730050917,17.44,17.65,-1.74647887,17.95,17.4,2507/5521,17.65,17.95,17.4,17.44,3.098591,2368400,33,301139,20260331
603580.SH,*ST艾艾,21.21,5.000000000000008,17.52,17.78,0.92165899,18.23,17.4,2507/5521,17.78,18.23,17.4,17.52,4.781105,3350780,22,603580,20260331
600768.SH,宁波富邦,18.88,3.2258064516129026,17.42,17.67,-2.18978102,18.07,17.39,2510/5521,17.67,18.07,17.39,17.42,3.818079,6707226,17,600768,20260331
002690.SZ,美亚光电,17.52,-0.5675368898978513,17.38,18.02,-5.28610354,18.09,17.37,2511/5521,18.02,18.09,17.37,17.38,3.923705,1.1827372E7,33,002690,20260331
003006.SZ,百亚股份,18.51,-1.594896331738422,17.37,17.53,-0.74285714,18.06,17.37,2511/5521,17.53,18.06,17.37,17.37,3.942857,3807500,33,003006,20260331
300119.SZ,瑞普生物,18.0,-0.7717750826901906,17.43,17.73,-4.59770115,17.98,17.37,2511/5521,17.73,17.98,17.37,17.43,3.338806,7612571,33,300119,20260331
300416.SZ,苏试试验,16.99,1.2514898688915215,17.67,17.49,3.33333333,18.19,17.37,2511/5521,17.49,18.19,17.37,17.67,4.795321,3.3197145E7,33,300416,20260331
002927.SZ,泰永长征,18.24,1.6155988857938672,17.37,17.76,-3.12325711,17.95,17.35,2515/5521,17.76,17.95,17.35,17.37,3.346346,5293859,33,002927,20260331
300840.SZ,酷特智能,21.3,4.874446085672093,17.38,17.7,-1.97405527,18.04,17.35,2515/5521,17.7,18.04,17.35,17.38,3.891708,4784236,33,300840,20260331
688570.SH,天玛智控,17.57,0.5148741418764293,17.42,17.57,-0.85372795,17.75,17.34,2517/5521,17.57,17.75,17.34,17.42,2.333523,425683,17,688570,20260331
002532.SZ,天山铝业,16.64,-4.092219020172915,17.79,17.98,0.33840948,18.57,17.33,2518/5521,17.98,18.57,17.33,17.79,6.993795,2.15007752E8,33,002532,20260331
300501.SZ,海顺新材,13.74,-0.9372746935832661,17.58,17.78,-0.95774648,18.11,17.32,2519/5521,11.76712329,11.99315068,11.45205479,11.63,4.450704,1.1352187E7,33,300501,20260331
605369.SH,拱东医疗,19.7,3.4663865546218497,17.37,17.42,0,17.6,17.32,2519/5521,17.42,17.6,17.32,17.37,1.611974,753700,17,605369,20260331
600955.SH,维远股份,19.41,-1.9696969696969724,17.34,18.74,-7.56929638,18.79,17.31,2521/5521,18.74,18.79,17.31,17.34,7.889125,2.7286897E7,17,600955,20260331
603098.SH,森特股份,14.19,-6.950819672131152,17.33,18,-3.72222222,18.1,17.31,2521/5521,18,18.1,17.31,17.33,4.388888,1.2631686E7,17,603098,20260331
603096.SH,新经典,18.44,1.766004415011039,17.36,17.61,-0.8,17.84,17.3,2523/5521,17.61,17.84,17.3,17.36,3.085714,1601300,17,603096,20260331
603681.SH,永冠新材,18.15,0.0551267916207167,17.46,17.63,-1.30016959,17.78,17.3,2523/5521,17.63,17.78,17.3,17.46,2.713397,6696011,17,603681,20260331
002734.SZ,利民股份,18.03,0.16666666666667299,17.31,18.05,-4.04656319,18.1,17.28,2525/5521,18.05,18.1,17.28,17.31,4.545454,1.9837138E7,33,002734,20260331
920579.BJ,机科股份,17.5,0.11441647597253761,17.28,17.55,0.46511628,17.69,17.28,2525/5521,17.55,17.69,17.28,17.28,2.38372,907621,151,920579,20260331
000158.SZ,常山北明,17.2,-0.9216589861751161,17.4,17.4,-0.05743825,17.6,17.27,2527/5521,17.4,17.6,17.27,17.4,1.895462,1.8201275E7,33,000158,20260331
688466.SH,金科环境,18.36,2.684563758389264,17.28,17.62,-2.15175538,17.92,17.26,2528/5521,17.62,17.92,17.26,17.28,3.737259,1225766,17,688466,20260331
300566.SZ,激智科技,19.05,0.5807814149947171,17.3,17.7,-2.25988701,17.76,17.25,2529/5521,17.7,17.76,17.25,17.3,2.881355,5809428,33,300566,20260331
300743.SZ,天地数码,19.65,0.665983606557372,17.25,17.59,-1.70940171,17.76,17.25,2529/5521,17.59,17.76,17.25,17.25,2.905982,2589640,33,300743,20260331
600961.SH,株冶集团,26.49,-4.402742692168901,17.39,17.5,-0.17221584,17.86,17.25,2529/5521,17.5,17.86,17.25,17.39,3.501722,1.6223874E7,17,600961,20260331
603231.SH,索宝蛋白,17.09,-4.418344519015656,17.27,17.59,-1.25786164,17.75,17.25,2529/5521,17.59,17.75,17.25,17.27,2.858776,1862101,17,603231,20260331
603356.SH,华菱精工,19.1,4.200763775231878,17.65,17.93,0.28409091,18.5,17.25,2529/5521,17.93,18.5,17.25,17.65,7.102272,9340900,17,603356,20260331
002006.SZ,精工科技,17.81,2.4741081703107004,17.26,17.43,-0.74755607,17.78,17.24,2534/5521,17.43,17.78,17.24,17.26,3.105232,8017037,33,002006,20260331
301082.SZ,久盛电气,12.35,-1.5151515151515114,17.29,17.56,-2.09513024,17.84,17.24,2534/5521,13.44615385,13.66153846,13.2,13.24,3.397508,3999300,33,301082,20260331
002576.SZ,通达动力,18.53,-1.436170212765955,17.34,18.48,-7.17344754,18.53,17.23,2536/5521,18.48,18.53,17.23,17.34,6.959314,1.0710652E7,33,002576,20260331
600855.SH,航天长峰,18.62,1.416122004357307,17.2,17.29,-0.63547083,17.71,17.2,2537/5521,17.29,17.71,17.2,17.2,2.946273,1.0229182E7,17,600855,20260331
603729.SH,ST龙韵,16.37,-4.991294254207774,17.25,17.5,-1.42857143,17.84,17.2,2537/5521,17.5,17.84,17.2,17.25,3.657142,2476060,22,603729,20260331
000811.SZ,冰轮环境,24.95,1.299228583028828,17.22,17.67,-2.98591549,17.93,17.17,2539/5521,17.67,17.93,17.17,17.22,4.28169,1.6285852E7,33,000811,20260331
002655.SZ,共达电声,31.52,2.671009771986972,18.1,17.52,3.42857143,19.14,17.17,2539/5521,17.52,19.14,17.17,18.1,11.257142,4.6947399E7,33,002655,20260331
000099.SZ,中信海直,17.67,-0.897363993269751,17.15,17.18,0,17.43,17.13,2541/5521,17.18,17.43,17.13,17.15,1.749271,7811401,33,000099,20260331
605179.SH,一鸣食品,17.25,0.2906976744186088,17.19,17.38,-1.09321059,17.57,17.13,2541/5521,17.38,17.57,17.13,17.19,2.531645,1665900,17,605179,20260331
002272.SZ,川润股份,17.3,-0.6318207926479003,17.1,17.93,-5.31561462,18.11,17.1,2543/5521,17.93,18.11,17.1,17.1,5.592469,6.4885915E7,33,002272,20260331
002832.SZ,比音勒芬,20.24,2.897813929842383,17.12,17.5,-2.17142857,17.54,17.1,2543/5521,17.5,17.54,17.1,17.12,2.514285,8221300,33,002832,20260331
002878.SZ,元隆雅图,19.55,4.601391118245047,17.35,17.09,1.40268849,17.62,17.09,2545/5521,17.09,17.62,17.09,17.35,3.097603,1.16683E7,33,002878,20260331
300383.SZ,光环新网,15.9,-1.5479876160990604,17.12,17.64,-2.78250994,17.98,17.09,2545/5521,17.64,17.98,17.09,17.12,5.053946,1.65680513E8,33,300383,20260331
601156.SH,东航物流,16.0,-1.295496607032701,17.17,17.47,-1.99771689,17.8,17.09,2545/5521,17.47,17.8,17.09,17.17,4.052511,8130485,17,601156,20260331
601965.SH,中国汽研,16.1,0.3740648379052511,17.23,17.13,0.70134424,17.53,17.09,2545/5521,17.13,17.53,17.09,17.23,2.571595,6675729,17,601965,20260331
603456.SH,九洲药业,13.79,-1.217765042979955,17.22,17.1,0.76067876,17.63,17.09,2545/5521,17.1,17.63,17.09,17.22,3.159742,2.2071758E7,17,603456,20260331
603993.SH,洛阳钼业,18.62,-2.9702970297029716,17.15,17.66,-1.6064257,17.79,17.09,2545/5521,17.66,17.79,17.09,17.15,4.016064,2.0301451E8,17,603993,20260331
688670.SH,金迪克,17.92,1.071630005640165,17.12,17.6,-2.3945268,17.84,17.09,2545/5521,17.6,17.84,17.09,17.12,4.27594,1170053,17,688670,20260331
002639.SZ,雪人集团,17.72,0.3397508493771162,17.11,17.23,-1.0410642,17.69,17.08,2552/5521,17.23,17.69,17.08,17.11,3.52805,4.1434015E7,33,002639,20260331
601838.SH,成都银行,19.15,0.7894736842105189,17.12,17.08,0.23419204,17.26,17.08,2552/5521,17.08,17.26,17.08,17.12,1.053864,1.4850846E7,17,601838,20260331
002803.SZ,吉宏股份,19.92,1.6845329249617247,17.11,17.79,-3.98428732,18,17.07,2554/5521,17.79,18,17.07,17.11,5.218855,8226202,33,002803,20260331
600444.SH,国机通用,17.31,0.46430644225187634,17.08,17.31,-1.2716763,17.55,17.07,2554/5521,17.31,17.55,17.07,17.08,2.774566,2057600,17,600444,20260331
601133.SH,柏诚股份,22.78,-2.399314481576687,17.14,17.92,-5.61674009,17.99,17.05,2556/5521,17.92,17.99,17.05,17.14,5.176211,1.7701313E7,17,601133,20260331
688658.SH,悦康药业,19.6,1.712506486767005,17.13,17.1,-0.46484602,17.87,17.02,2557/5521,17.1,17.87,17.02,17.13,4.938988,9782666,17,688658,20260331
600338.SH,西藏珠峰,27.58,-0.10865628395509286,17.02,17.65,-4.00451213,17.72,17,2558/5521,17.65,17.72,17,17.02,4.060913,5.7326963E7,17,600338,20260331
601898.SH,中煤能源,18.72,0.053447354355948745,17.2,17.7,-3.96426577,18.05,17,2558/5521,17.7,18.05,17,17.2,5.862646,5.4957684E7,17,601898,20260331
688529.SH,豪森智能,19.73,0.6632653061224438,17.04,17.25,-0.64139942,17.69,17,2558/5521,17.25,17.69,17,17.04,4.023323,1062181,17,688529,20260331
920679.BJ,前进科技,18.22,1.8446059250978104,17.01,17.13,-0.35149385,17.53,17,2558/5521,17.13,17.53,17,17.01,3.104862,303188,151,920679,20260331
300109.SZ,新开源,18.92,-0.05282620179608035,17.13,17.46,-1.83381089,17.79,16.99,2562/5521,17.46,17.79,16.99,17.13,4.584527,6495448,33,300109,20260331
603122.SH,合富中国,15.05,-1.3114754098360608,17.36,16.97,2.60047281,17.9,16.97,2563/5521,16.97,17.9,16.97,17.36,5.496453,7.91971E7,17,603122,20260331
603125.SH,常青科技,22.07,-2.603706972639011,16.99,17.27,-1.8486424,17.45,16.97,2563/5521,17.27,17.45,16.97,16.99,2.772963,1672405,17,603125,20260331
002034.SZ,旺能环境,17.49,-1.1305822498586933,17.0,17.65,-3.73725934,17.66,16.96,2565/5521,17.65,17.66,16.96,17.0,3.963759,6315038,33,002034,20260331
601615.SH,明阳智能,15.84,4.14201183431952,16.97,17.25,-1.3372093,17.68,16.95,2566/5521,17.25,17.68,16.95,16.97,4.244186,6.98546E7,17,601615,20260331
301408.SZ,华人健康,21.37,1.8103858980467011,17.0,17.18,-1.73410405,17.64,16.94,2567/5521,17.18,17.64,16.94,17.0,4.046242,9288518,33,301408,20260331
000506.SZ,招金黄金,16.0,1.1378002528444988,16.96,17.19,-1.28055879,17.85,16.93,2568/5521,17.19,17.85,16.93,16.96,5.355064,4.0186241E7,33,000506,20260331
002568.SZ,百润股份,19.06,4.381161007667016,16.95,17.53,-1.73913043,17.65,16.93,2568/5521,17.53,17.65,16.93,16.95,4.173913,6401876,33,002568,20260331
600785.SH,新华百货,17.36,-1.8654607122668276,16.95,17.54,-2.5862069,17.55,16.93,2568/5521,17.54,17.55,16.93,16.95,3.563218,4072000,17,600785,20260331
601607.SH,上海医药,17.09,0.9450679267572365,17.05,16.91,1.48809524,17.25,16.9,2571/5521,16.91,17.25,16.9,17.05,2.083333,1.8691431E7,17,601607,20260331
603368.SH,柳药集团,16.74,-1.4134275618374674,16.99,17,0,17.13,16.9,2571/5521,17,17.13,16.9,16.99,1.353737,3243840,17,603368,20260331
688126.SH,沪硅产业,20.61,2.537313432835811,16.9,17.21,-2.14244354,17.5,16.9,2571/5521,17.21,17.5,16.9,16.9,3.474232,2.0897689E7,17,688126,20260331
300053.SZ,航宇微,17.9,6.738223017292779,16.89,17.15,-0.3539823,17.74,16.89,2574/5521,17.15,17.74,16.89,16.89,5.014749,3.672366E7,33,300053,20260331
300017.SZ,网宿科技,16.0,-2.735562310030391,16.9,17.31,-3.42857143,17.79,16.87,2575/5521,17.31,17.79,16.87,16.9,5.257142,1.48209585E8,33,300017,20260331
603279.SH,景津装备,18.75,-2.5974025974025974,16.89,17.29,-2.313476,17.39,16.87,2575/5521,17.29,17.39,16.87,16.89,3.007518,6310244,17,603279,20260331
000519.SZ,中兵红箭,17.74,2.0713463751438406,16.85,17.08,-2.03488372,17.26,16.85,2577/5521,17.08,17.26,16.85,16.85,2.38372,2.4486395E7,33,000519,20260331
301006.SZ,迈拓股份,17.96,3.1591039632395215,16.85,17.09,-1.05695831,17.51,16.85,2577/5521,17.09,17.51,16.85,16.85,3.875513,2308600,33,301006,20260331
920167.BJ,同享科技,19.3,0.6781429316640532,16.91,17.25,-1.80023229,17.49,16.85,2577/5521,17.25,17.49,16.85,16.91,3.716608,1454934,151,920167,20260331
920171.BJ,志晟信息,20.45,2.3523523523523466,16.89,17.22,-1.05448155,17.54,16.85,2577/5521,17.22,17.54,16.85,16.89,4.042179,1326920,151,920171,20260331
603709.SH,中源家居,19.52,-0.7625826131164317,16.86,17.24,-2.1474173,17.61,16.82,2581/5521,17.24,17.61,16.82,16.86,4.585026,1954416,17,603709,20260331
300987.SZ,川网传媒,17.1,0.11709601873538131,16.84,17.18,-2.14991284,17.48,16.81,2582/5521,17.18,17.48,16.81,16.84,3.893085,4106581,33,300987,20260331
600933.SH,爱柯迪,16.97,2.8484848484848415,16.86,16.91,-0.23668639,17.1,16.81,2582/5521,16.91,17.1,16.81,16.86,1.715976,7455323,17,600933,20260331
603949.SH,雪龙集团,17.81,0.2815315315315155,16.81,17.4,-3.22394934,17.65,16.81,2582/5521,17.4,17.65,16.81,16.81,4.835924,8536713,17,603949,20260331
605555.SH,德昌股份,15.37,0.7868852459016342,16.81,16.81,,16.81,16.81,2582/5521,16.81,16.81,16.81,16.81,,,17,605555,20260331
002603.SZ,以岭药业,17.04,0.4124926340601078,16.84,16.9,-0.29603316,17.18,16.8,2586/5521,16.9,17.18,16.8,16.84,2.249851,1.4217741E7,33,002603,20260331
002984.SZ,森麒麟,17.18,-1.0938399539435881,17.0,16.83,1.01010101,17.24,16.8,2586/5521,16.83,17.24,16.8,17.0,2.614379,1.1489637E7,33,002984,20260331
603367.SH,辰欣药业,15.55,-0.7024265644955264,16.83,16.86,-0.11869436,17.18,16.8,2586/5521,16.86,17.18,16.8,16.83,2.255192,8330600,17,603367,20260331
301267.SZ,华厦眼科,18.19,0.0,16.86,16.96,-0.82352941,17.14,16.78,2589/5521,16.96,17.14,16.78,16.86,2.117647,2824963,33,301267,20260331
600771.SH,广誉远,16.76,-0.8284023668638877,16.91,16.77,0.0591716,17.13,16.77,2590/5521,16.77,17.13,16.77,16.91,2.130177,5123081,17,600771,20260331
300549.SZ,优德精密,18.21,0.4966887417218535,16.82,17.18,-1.6374269,17.4,16.75,2591/5521,17.18,17.4,16.75,16.82,3.801169,2137100,33,300549,20260331
920017.BJ,星昊医药,17.96,3.0407343660355775,16.75,17.01,-1.64415737,17.58,16.75,2591/5521,17.01,17.58,16.75,16.75,4.873752,2280694,151,920017,20260331
001202.SZ,炬申股份,16.97,0.05896226415093166,16.77,17.14,-1.81498829,17.94,16.74,2593/5521,17.14,17.94,16.74,16.77,7.025761,2171560,33,001202,20260331
002268.SZ,电科网安,15.68,0.3841229193341901,16.72,16.88,-1.12359551,17.08,16.71,2594/5521,16.88,17.08,16.71,16.72,2.188054,8506874,33,002268,20260331
301320.SZ,豪江智能,17.54,1.328711727325248,16.76,17.08,-1.70087977,17.24,16.71,2594/5521,17.08,17.24,16.71,16.76,3.108504,2424344,33,301320,20260331
603079.SH,圣达生物,15.96,-0.80795525170913,16.71,17.01,-1.8213866,17.74,16.71,2594/5521,17.01,17.74,16.71,16.71,6.051703,3521337,17,603079,20260331
300774.SZ,倍杰特,16.2,0.43397396156230805,16.78,17.3,-3.28530259,17.57,16.7,2597/5521,17.3,17.57,16.7,16.78,5.014409,7482233,33,300774,20260331
300963.SZ,中洲特材,16.84,1.2627781118460666,16.74,17.11,-2.73097037,17.33,16.7,2597/5521,17.11,17.33,16.7,16.74,3.660662,7556233,33,300963,20260331
605188.SH,国光连锁,16.12,1.7034700315457498,16.75,17,-0.17878427,17.15,16.7,2597/5521,17,17.15,16.7,16.75,2.681764,3507900,17,605188,20260331
920726.BJ,朱老六,18.69,0.429876410531982,16.71,16.8,-0.05980861,17.5,16.7,2597/5521,16.8,17.5,16.7,16.71,4.784688,1444776,151,920726,20260331
301288.SZ,*ST清研,17.35,-1.6439909297052104,16.7,17.05,-1.88014101,17.23,16.68,2601/5521,17.05,17.23,16.68,16.7,3.231492,475800,33,301288,20260331
605218.SH,伟时电子,17.03,-3.403289846851945,16.73,17.05,-1.87683284,17.35,16.68,2601/5521,17.05,17.35,16.68,16.73,3.929618,1913900,17,605218,20260331
688179.SH,阿拉丁,19.73,2.1221532091097317,16.81,17.2,-2.83236994,17.2,16.68,2601/5521,17.2,17.2,16.68,16.81,3.00578,4942812,17,688179,20260331
920028.BJ,新恒泰,17.0,-2.5787965616045807,16.72,17.67,-6.59217877,17.78,16.68,2601/5521,17.67,17.78,16.68,16.72,6.145251,8869312,151,920028,20260331
920077.BJ,吉林碳谷,18.09,-3.1584582441113485,16.74,17.24,-2.90023202,17.56,16.68,2601/5521,17.24,17.56,16.68,16.74,5.104408,8547920,151,920077,20260331
600129.SH,太极集团,15.56,0.0,16.68,16.69,-0.83234245,16.93,16.65,2606/5521,16.69,16.93,16.65,16.68,1.664684,1.0748753E7,17,600129,20260331
600598.SH,北大荒,16.75,0.9036144578313167,16.7,17.33,-4.46224256,17.48,16.65,2606/5521,17.33,17.48,16.65,16.7,4.748283,7.6249793E7,17,600598,20260331
688553.SH,汇宇制药,19.98,2.4090210148641664,16.7,17.06,-2.1675454,17.35,16.65,2606/5521,17.06,17.35,16.65,16.7,4.100761,4397384,17,688553,20260331
603977.SH,国泰集团,13.87,0.872727272727267,16.7,17.01,-1.76470588,17.37,16.64,2609/5521,17.01,17.37,16.64,16.7,4.294117,2.3328928E7,17,603977,20260331
600143.SH,金发科技,17.15,0.645539906103283,16.7,16.74,-0.23894863,17.04,16.63,2610/5521,16.74,17.04,16.63,16.7,2.449223,4.9977927E7,17,600143,20260331
601579.SH,会稽山,17.85,-0.9433962264150841,16.73,17.18,-0.29797378,17.41,16.63,2610/5521,17.18,17.41,16.63,16.73,4.64839,8441680,17,601579,20260331
603237.SH,五芳斋,17.08,-1.9517795637198816,16.65,16.95,-1.18694362,16.95,16.62,2612/5521,16.95,16.95,16.62,16.65,1.958456,1443527,17,603237,20260331
603696.SH,安记食品,15.92,2.1822849807445435,17.03,16.65,1.00830368,17.8,16.62,2612/5521,16.65,17.8,16.62,17.03,6.998813,1.8768175E7,17,603696,20260331
001289.SZ,龙源电力,16.8,3.83189122373301,16.68,17.72,-5.54926387,17.76,16.61,2614/5521,17.72,17.76,16.61,16.68,6.511891,1.3521891E7,33,001289,20260331
002236.SZ,大华股份,18.49,1.09349371241115,16.85,16.67,0.89820359,17.06,16.61,2614/5521,16.67,17.06,16.61,16.85,2.69461,2.5033308E7,33,002236,20260331
300293.SZ,蓝英装备,18.62,2.2515101592531583,16.61,16.97,-2.17903416,17.13,16.61,2614/5521,16.97,17.13,16.61,16.61,3.062426,3037200,33,300293,20260331
300498.SZ,温氏股份,16.44,1.985111662531019,16.62,16.84,-1.24777184,17.02,16.61,2614/5521,16.84,17.02,16.61,16.62,2.436125,3.9107655E7,33,300498,20260331
603132.SH,金徽股份,19.47,-2.0130850528434934,16.9,17.3,-0.47114252,17.34,16.61,2614/5521,17.3,17.34,16.61,16.9,4.299175,9771377,17,603132,20260331
920694.BJ,中裕科技,17.33,0.2313475997686475,16.84,16.93,0.35756853,17.14,16.61,2614/5521,16.63,16.84,16.31,16.54,3.158522,494745,151,920694,20260331
300645.SZ,正元智慧,16.6,-0.6582884500299188,16.63,16.95,-1.8879056,17.2,16.6,2620/5521,16.95,17.2,16.6,16.63,3.539823,3688500,33,300645,20260331
301188.SZ,力诺药包,26.85,4.474708171206234,17.04,16.6,2.65060241,17.12,16.6,2620/5521,16.6,17.12,16.6,17.04,3.13253,5280368,33,301188,20260331
920139.BJ,华岭股份,17.95,3.757225433526003,16.62,16.85,-0.89445438,17.07,16.6,2620/5521,16.85,17.07,16.6,16.62,2.802623,1960941,151,920139,20260331
600926.SH,杭州银行,17.4,0.0,16.75,16.67,0.78219013,16.95,16.58,2623/5521,16.67,16.95,16.58,16.75,2.226233,2.4699584E7,17,600926,20260331
601211.SH,国泰海通,16.12,0.0,16.59,16.74,-0.59916117,16.97,16.58,2623/5521,16.74,16.97,16.58,16.59,2.336728,6.3593801E7,17,601211,20260331
002645.SZ,华宏科技,25.77,9.98719590268886,16.75,16.99,-1.70187793,17.12,16.57,2625/5521,16.99,17.12,16.57,16.75,3.227699,1.9248514E7,33,002645,20260331
300484.SZ,蓝海华腾,16.58,-0.36057692307693673,16.59,16.98,-1.36741974,17.11,16.57,2625/5521,16.98,17.11,16.57,16.59,3.210463,2560491,33,300484,20260331
603225.SH,新凤鸣,18.52,0.5975013579576286,16.74,17.07,-1.87573271,17.2,16.57,2625/5521,17.07,17.2,16.57,16.74,3.692848,1.6956517E7,17,603225,20260331
603989.SH,艾华集团,19.86,0.812182741116752,16.66,16.86,-1.82675309,17,16.56,2628/5521,16.86,17,16.56,16.66,2.59281,3043390,17,603989,20260331
688132.SH,邦彦技术,17.92,4.428904428904438,16.58,16.99,-1.54394299,17.14,16.56,2628/5521,16.99,17.14,16.56,16.58,3.44418,1301539,17,688132,20260331
688299.SH,长阳科技,17.87,0.16816143497758484,16.61,17.11,-2.75175644,17.26,16.56,2628/5521,17.11,17.26,16.56,16.61,4.09836,3327760,17,688299,20260331
002245.SZ,蔚蓝锂芯,20.66,-2.9135338345864707,16.62,17.82,-7.56395996,17.82,16.55,2631/5521,17.82,17.82,16.55,16.62,7.063403,9.0500576E7,33,002245,20260331
002612.SZ,朗姿股份,16.09,-1.590214067278297,16.6,16.71,-0.18039687,16.92,16.55,2631/5521,16.71,16.92,16.55,16.6,2.224894,4301912,33,002612,20260331
002849.SZ,威星智能,17.3,0.8158508158508192,16.55,16.88,-1.72209026,17.07,16.55,2631/5521,16.88,17.07,16.55,16.55,3.087885,5958437,33,002849,20260331
300642.SZ,透景生命,16.51,0.3037667071688986,16.54,16.74,-1.19474313,17.05,16.54,2634/5521,16.74,17.05,16.54,16.54,3.046594,3360700,33,300642,20260331
300975.SZ,商络电子,20.46,2.3000000000000043,17.16,17.4,-3.48706412,17.59,16.53,2635/5521,17.4,17.59,16.53,17.16,5.961754,4.2771232E7,33,300975,20260331
002095.SZ,生意宝,16.17,0.8733624454148506,16.54,16.66,-1.43027414,17,16.52,2636/5521,16.66,17,16.52,16.54,2.860548,3231136,33,002095,20260331
688165.SH,埃夫特,18.24,6.916764361078545,16.53,16.75,-1.66567519,17.09,16.52,2636/5521,16.75,17.09,16.52,16.53,3.390838,4158358,17,688165,20260331
002180.SZ,奔图科技,19.16,1.8065887353878844,16.55,16.84,-1.72209026,17.1,16.51,2638/5521,16.84,17.1,16.51,16.55,3.503562,1.07978E7,33,002180,20260331
688225.SH,亚信安全,15.85,0.5072923272035516,16.53,16.63,-1.48986889,17.21,16.49,2639/5521,16.63,17.21,16.49,16.53,4.290822,2417088,17,688225,20260331
300424.SZ,航新科技,18.37,1.10071546505228,16.49,16.84,-1.96195006,17.02,16.48,2640/5521,16.84,17.02,16.48,16.49,3.210463,6170000,33,300424,20260331
600438.SH,通威股份,17.37,0.2308136180034778,16.52,16.72,-1.37313433,16.85,16.48,2640/5521,16.72,16.85,16.48,16.52,2.208955,3.3302675E7,17,600438,20260331
603927.SH,中科软,16.44,0.24390243902440673,16.52,16.6,-0.78078078,16.84,16.48,2640/5521,16.6,16.84,16.48,16.52,2.162162,6302381,17,603927,20260331
688599.SH,天合光能,17.36,7.425742574257422,16.48,17.28,-5.55873926,17.57,16.48,2640/5521,17.28,17.57,16.48,16.48,6.246418,4.9569843E7,17,688599,20260331
603858.SH,步长制药,16.28,-1.393095093882498,16.48,16.6,-0.60313631,16.83,16.47,2644/5521,16.6,16.83,16.47,16.48,2.17129,4767924,17,603858,20260331
002077.SZ,大港股份,16.51,3.0586766541822845,16.53,16.84,-2.47787611,16.89,16.45,2645/5521,16.84,16.89,16.45,16.53,2.59587,2.4547929E7,33,002077,20260331
688722.SH,同益中,18.16,1.8508132361189114,16.47,16.71,-2.37107291,17.1,16.45,2645/5521,16.71,17.1,16.45,16.47,3.852993,2332359,17,688722,20260331
920180.BJ,爱得科技,14.87,0.9504412763068485,16.5,16.69,-1.13840623,16.95,16.44,2647/5521,16.69,16.95,16.44,16.5,3.055721,1334653,151,920180,20260331
002771.SZ,真视通,14.76,-1.7964071856287398,17.13,16.63,1.66172107,17.22,16.43,2648/5521,16.63,17.22,16.43,17.13,4.688427,2.8331513E7,33,002771,20260331
600694.SH,大商股份,18.2,-0.2739726027397299,16.45,16.48,-0.18203883,16.66,16.42,2649/5521,16.48,16.66,16.42,16.45,1.45631,1933579,17,600694,20260331
300328.SZ,宜安科技,18.06,1.6319639842431015,17.37,16.61,3.45443716,17.62,16.41,2650/5521,16.61,17.62,16.41,17.37,7.20667,5.7422982E7,33,300328,20260331
605108.SH,同庆楼,15.92,-7.28013977868376,16.55,16.41,0.24227741,16.76,16.41,2650/5521,16.41,16.76,16.41,16.55,2.119927,1814607,17,605108,20260331
000422.SZ,湖北宜化,16.9,-1.0538641686182655,16.44,17.01,-4.9161365,17.16,16.4,2652/5521,17.01,17.16,16.4,16.44,4.395604,5.6927514E7,33,000422,20260331
002777.SZ,久远银海,15.73,-0.6944444444444409,16.42,16.8,-1.67664671,16.92,16.4,2652/5521,16.8,16.92,16.4,16.42,3.113772,5510707,33,002777,20260331
603276.SH,恒兴新材,18.01,0.8963585434173676,16.62,16.8,-1.1302796,16.98,16.4,2652/5521,16.8,16.98,16.4,16.62,3.450327,1479570,17,603276,20260331
603121.SH,华培动力,20.09,-0.1491053677932462,16.42,16.6,-1.67664671,16.83,16.37,2655/5521,16.6,16.83,16.37,16.42,2.754491,5408862,17,603121,20260331
605167.SH,利柏特,17.49,0.6908462867011942,16.42,17.12,-3.46854791,17.43,16.37,2655/5521,17.12,17.43,16.37,16.42,6.231628,5064400,17,605167,20260331
002732.SZ,燕塘乳业,16.42,-0.4244996967859111,16.44,17.07,-4.13994169,17.17,16.36,2657/5521,17.07,17.17,16.36,16.44,4.723032,3166000,33,002732,20260331
603151.SH,邦基科技,15.79,0.06337135614702019,16.37,16.56,-1.02781137,16.75,16.36,2657/5521,16.56,16.75,16.36,16.37,2.35792,1911000,17,603151,20260331
605303.SH,园林股份,23.14,1.0480349344978253,16.37,17.09,-4.21299005,17.18,16.36,2657/5521,17.09,17.18,16.36,16.37,4.798127,4047400,17,605303,20260331
600765.SH,中航重机,15.95,1.982097186700759,16.36,16.41,-0.30469226,16.8,16.34,2660/5521,16.41,16.8,16.34,16.36,2.803168,2.4295044E7,17,600765,20260331
301311.SZ,昆船智能,16.87,0.05931198102017535,16.4,16.38,-0.36452005,16.75,16.33,2661/5521,16.38,16.75,16.33,16.4,2.55164,2234211,33,301311,20260331
603311.SH,金海高科,19.75,-1.594419531639264,16.41,16.45,-0.36429872,16.99,16.33,2661/5521,16.45,16.99,16.33,16.41,4.007285,4776300,17,603311,20260331
603258.SH,电魂网络,17.05,-2.849002849002849,16.5,16.58,-0.78171978,16.73,16.32,2663/5521,16.58,16.73,16.32,16.5,2.465423,3564027,17,603258,20260331
688026.SH,洁特生物,15.94,-2.388242498469068,16.42,16.66,-1.73548773,16.99,16.32,2663/5521,16.66,16.99,16.32,16.42,4.009575,1540073,17,688026,20260331
002438.SZ,江苏神通,16.12,-0.4323656578134668,16.4,16.68,-1.20481928,16.89,16.3,2665/5521,16.68,16.89,16.3,16.4,3.554216,9121187,33,002438,20260331
603201.SH,常润股份,16.05,1.6466117796073565,16.34,16.46,-0.7290401,16.68,16.29,2666/5521,16.46,16.68,16.29,16.34,2.36938,1473671,17,603201,20260331
300947.SZ,德必集团,17.52,0.9798270893371651,16.31,16.75,-1.80614088,16.99,16.28,2667/5521,16.75,16.99,16.28,16.31,4.274533,2866054,33,300947,20260331
301167.SZ,建研设计,17.72,1.7221584385763324,16.42,16.45,-0.30358227,16.77,16.28,2667/5521,16.45,16.77,16.28,16.42,2.975106,3199160,33,301167,20260331
300643.SZ,万通智控,17.85,-0.3350083752093731,16.48,16.71,-1.84633711,16.88,16.27,2669/5521,16.71,16.88,16.27,16.48,3.633114,4129700,33,300643,20260331
601059.SH,信达证券,16.91,0.6547619047619013,16.3,16.38,-0.48840049,16.55,16.27,2669/5521,16.38,16.55,16.27,16.3,1.709401,5915600,17,601059,20260331
300962.SZ,中金辐照,16.2,-0.0616903146206142,16.35,16.49,-1.97841727,16.61,16.26,2671/5521,16.49,16.61,16.26,16.35,2.098321,3797000,33,300962,20260331
601136.SH,首创证券,16.62,-0.8944543828264674,16.22,16.41,-1.09756098,16.54,16.22,2672/5521,16.41,16.54,16.22,16.22,1.951219,6079111,17,601136,20260331
605339.SH,南侨食品,16.1,1.7056222362602738,16.25,16.5,-0.67237164,16.55,16.22,2672/5521,16.5,16.55,16.22,16.25,2.017114,715500,17,605339,20260331
002987.SZ,京北方,14.98,-0.1998667554963315,16.28,16.26,-0.06138735,16.5,16.21,2674/5521,16.26,16.5,16.21,16.28,1.780233,5637390,33,002987,20260331
600861.SH,北京人力,15.9,-0.9345794392523387,16.24,16.27,-0.36809816,16.45,16.21,2674/5521,16.27,16.45,16.21,16.24,1.472392,1964100,17,600861,20260331
920925.BJ,锦好医疗,14.91,-8.63970588235294,16.35,16.58,-0.54744526,16.82,16.21,2674/5521,16.58,16.82,16.21,16.35,3.710462,1472996,151,920925,20260331
000708.SZ,中信特钢,15.25,-1.4857881136950932,16.34,16.59,-1.56626506,16.65,16.17,2677/5521,16.59,16.65,16.17,16.34,2.891566,1.1400172E7,33,000708,20260331
001300.SZ,三柏硕,18.05,3.4383954154727876,16.6,16.38,1.2195122,16.88,16.17,2677/5521,16.38,16.88,16.17,16.6,4.329268,4129500,33,001300,20260331
600184.SH,光电股份,21.87,-2.9294274300932095,18.41,16.41,9.97610514,18.41,16.17,2677/5521,16.41,18.41,16.17,18.41,13.381123,3.78899E7,17,600184,20260331
300360.SZ,炬华科技,14.47,-1.6983695652173911,16.18,16.28,-0.97919217,16.53,16.15,2680/5521,16.28,16.53,16.15,16.18,2.325581,6044609,33,300360,20260331
300003.SZ,乐普医疗,14.35,-0.6232686980609409,16.2,16.38,-1.0989011,16.66,16.14,2681/5521,16.38,16.66,16.14,16.2,3.174603,2.1485043E7,33,300003,20260331
920896.BJ,旺成科技,16.91,0.5350772889417352,16.75,16.29,4.10192666,17.32,16.14,2681/5521,16.29,17.32,16.14,16.75,7.333747,1340313,151,920896,20260331
002534.SZ,西子洁能,17.6,-1.0123734533183335,16.16,16.57,-1.5234613,16.64,16.13,2683/5521,16.57,16.64,16.13,16.16,3.107861,6773712,33,002534,20260331
920016.BJ,中草香料,16.82,0.9603841536614655,16.13,16.29,-0.98219767,16.6,16.11,2684/5521,16.29,16.6,16.11,16.13,3.00798,404806,151,920016,20260331
300249.SZ,依米康,17.56,0.0,16.11,16.65,-4.10714286,16.92,16.09,2685/5521,16.65,16.92,16.09,16.11,4.940476,2.1630181E7,33,300249,20260331
300823.SZ,建科智能,18.81,0.37353255069370483,16.11,16.39,-1.64835165,16.73,16.08,2686/5521,16.39,16.73,16.08,16.11,3.968253,3909040,33,300823,20260331
600897.SH,厦门空港,16.12,0.24875621890548946,16.33,16.12,1.42857143,16.47,16.08,2686/5521,16.12,16.47,16.08,16.33,2.42236,4694827,17,600897,20260331
300826.SZ,测绘股份,17.0,1.2507444907683196,16.14,16.62,-1.34474328,16.62,16.07,2688/5521,16.62,16.62,16.07,16.14,3.361858,2110500,33,300826,20260331
600216.SH,浙江医药,14.54,-1.0884353741496609,16.07,16.58,-3.19277108,16.81,16.07,2688/5521,16.58,16.81,16.07,16.07,4.457831,3.328155E7,17,600216,20260331
603310.SH,巍华新材,16.59,-0.4201680672268925,16.1,16.33,-1.34803922,16.42,16.07,2688/5521,16.33,16.42,16.07,16.1,2.144607,1124806,17,603310,20260331
603712.SH,七一二,16.1,2.2871664548920028,16.11,16.4,-1.28676471,16.63,16.07,2688/5521,16.4,16.63,16.07,16.11,3.431372,9623571,17,603712,20260331
002580.SZ,圣阳股份,27.48,-3.9160839160839194,17.61,16.12,9.9937539,17.61,16.06,2692/5521,16.12,17.61,16.06,17.61,9.681449,1.14913149E8,33,002580,20260331
002871.SZ,伟隆股份,18.44,3.131991051454152,16.18,16.85,-3.97626113,16.99,16.06,2692/5521,16.85,16.99,16.06,16.18,5.519287,4336144,33,002871,20260331
603214.SH,爱婴室,16.69,1.2742718446601993,16.11,16.22,-0.49413218,16.48,16.06,2692/5521,16.22,16.48,16.06,16.11,2.594193,2763500,17,603214,20260331
920478.BJ,峆一药业,15.63,-0.5725190839694647,16.28,16.06,0.86741016,16.75,16.06,2692/5521,16.06,16.75,16.06,16.28,4.275092,1140566,151,920478,20260331
000830.SZ,鲁西化工,17.06,0.4120070629782242,16.05,16.75,-5.0295858,17.1,16.02,2696/5521,16.75,17.1,16.02,16.05,6.390532,3.4198486E7,33,000830,20260331
300528.SZ,幸福蓝海,15.7,0.9646302250803767,16.11,16.33,-0.55555556,16.62,16.01,2697/5521,16.33,16.62,16.01,16.11,3.765432,8948820,33,300528,20260331
600521.SH,华海药业,16.29,1.8124999999999947,16.06,16.05,-0.74165637,16.39,16.01,2697/5521,16.05,16.39,16.01,16.06,2.348578,2.1963021E7,17,600521,20260331
920608.BJ,丰安股份,16.52,0.42553191489361875,16.18,16.04,0.43451273,16.43,16.01,2697/5521,16.04,16.43,16.01,16.18,2.607076,230026,151,920608,20260331
002932.SZ,*ST明德,16.97,0.4142011834319544,16.05,16.23,-2.19378428,16.5,16,2700/5521,16.23,16.5,16,16.05,3.046922,8674912,33,002932,20260331
300118.SZ,东方日升,17.74,3.5610040863981287,16.06,16.37,-1.893708,16.86,16,2700/5521,16.37,16.86,16,16.06,5.253512,5.7506212E7,33,300118,20260331
920670.BJ,数字人,14.89,-0.8655126498002597,16.01,16.4,-1.35551448,16.55,16,2700/5521,16.34,16.49,15.94,15.95,3.388786,1563182,151,920670,20260331
300713.SZ,英可瑞,17.31,0.9918319719953217,16.0,16.58,-3.20629159,16.73,15.98,2703/5521,16.58,16.73,15.98,16.0,4.537205,3898641,33,300713,20260331
301376.SZ,致欧科技,16.65,-5.2901023890784975,15.99,16.08,-0.80645161,16.36,15.97,2704/5521,16.08,16.36,15.97,15.99,2.419354,1682043,33,301376,20260331
300589.SZ,江龙船艇,16.53,0.1818181818181887,15.96,16.05,-1.17647059,16.57,15.96,2705/5521,16.05,16.57,15.96,15.96,3.777089,1.7154436E7,33,300589,20260331
603861.SH,白云电器,15.92,-2.9859841560024387,15.98,16.5,-3.6769138,16.66,15.96,2705/5521,16.5,16.66,15.96,15.98,4.219409,1.4795642E7,17,603861,20260331
603887.SH,城地香江,15.19,-4.465408805031452,15.96,16.14,-1.2987013,17.06,15.96,2705/5521,16.14,17.06,15.96,15.96,6.802721,2.507995E7,17,603887,20260331
002552.SZ,宝鼎科技,22.07,-1.561106155218561,16.0,16.4,-2.31990232,16.56,15.95,2708/5521,16.4,16.56,15.95,16.0,3.724053,5116900,33,002552,20260331
600749.SH,西藏旅游,16.24,-2.8126870137642275,16.04,16,0.25,16.33,15.95,2708/5521,16,16.33,15.95,16.04,2.375,3547600,17,600749,20260331
002250.SZ,联化科技,16.55,0.24227740763173317,16.56,15.93,3.4353529,16.74,15.93,2710/5521,15.93,16.74,15.93,16.56,5.059337,2.6913602E7,33,002250,20260331
300752.SZ,隆利科技,19.38,1.9463440294581662,16.04,16.3,-1.59509202,16.37,15.93,2710/5521,16.3,16.37,15.93,16.04,2.699386,3081216,33,300752,20260331
600619.SH,海立股份,17.9,5.046948356807508,15.96,16.28,-1.96560197,16.38,15.93,2710/5521,16.28,16.38,15.93,15.96,2.764127,1.3263014E7,17,600619,20260331
601001.SH,晋控煤业,19.33,0.05175983436851972,16.43,16.52,-1.49880096,16.7,15.93,2710/5521,16.52,16.7,15.93,16.43,4.616306,2.6946628E7,17,601001,20260331
003040.SZ,楚天龙,14.79,0.5438477226376498,15.95,16.2,-1.54320988,16.38,15.92,2714/5521,16.2,16.38,15.92,15.95,2.839506,3773100,33,003040,20260331
601872.SH,招商轮船,17.6,-0.05678591709254975,16.36,17.32,-3.93423371,17.37,15.92,2714/5521,17.32,17.37,15.92,16.36,8.514386,1.51989625E8,17,601872,20260331
301559.SZ,中集环科,16.86,1.4440433212996295,15.91,16,-0.62460962,16.21,15.91,2716/5521,16,16.21,15.91,15.91,1.873828,1604100,33,301559,20260331
920158.BJ,长江能科,16.48,1.728395061728402,15.91,16.8,-4.67345716,16.88,15.91,2716/5521,16.8,16.88,15.91,15.91,5.811863,5524327,151,920158,20260331
300585.SZ,奥联电子,19.51,-3.1761786600496134,15.95,16.67,-3.33333333,16.72,15.9,2718/5521,16.67,16.72,15.9,15.95,4.969696,8606700,33,300585,20260331
300872.SZ,天阳科技,16.51,4.69245402663286,15.92,16.3,-2.80830281,16.47,15.9,2718/5521,16.3,16.47,15.9,15.92,3.479853,6763238,33,300872,20260331
603112.SH,华翔股份,20.75,-0.5273250239693166,16.11,16.66,-3.30132053,16.79,15.9,2718/5521,16.66,16.79,15.9,16.11,5.342136,8806216,17,603112,20260331
301136.SZ,招标股份,16.13,2.80433397068196,16.06,15.97,-0.43397396,16.7,15.89,2721/5521,15.97,16.7,15.89,16.06,5.021698,1.5031052E7,33,301136,20260331
002015.SZ,协鑫能科,17.75,-5.02942750133762,15.94,16.71,-4.66507177,16.72,15.88,2722/5521,16.71,16.72,15.88,15.94,5.023923,1.33547914E8,33,002015,20260331
300490.SZ,华自科技,19.9,-0.300601202404821,15.97,16.8,-6.16921269,16.98,15.88,2722/5521,16.8,16.98,15.88,15.97,6.462984,2.53472E7,33,300490,20260331
920895.BJ,花溪科技,16.47,2.425373134328362,15.96,16.49,-1.42063002,16.49,15.87,2724/5521,16.49,16.49,15.87,15.96,3.829524,482867,151,920895,20260331
300298.SZ,三诺生物,16.63,0.30156815440289936,15.87,16.14,-1.67286245,16.24,15.86,2725/5521,16.14,16.24,15.86,15.87,2.354399,3947300,33,300298,20260331
000025.SZ,特力A,16.6,1.281269066503971,16.03,16,0.12492192,16.31,15.85,2726/5521,16,16.31,15.85,16.03,2.873204,4391315,33,000025,20260331
002862.SZ,实丰文化,18.53,0.5425935973955585,15.9,16.2,-1.18085768,16.29,15.85,2726/5521,16.2,16.29,15.85,15.9,2.734617,2461740,33,002862,20260331
000020.SZ,深华发A,15.96,0.1883239171374836,15.93,16.15,-1.66666667,16.33,15.83,2728/5521,16.15,16.33,15.83,15.93,3.086419,1.257277E7,33,000020,20260331
000155.SZ,川能动力,17.42,-9.506493506493497,15.87,16.9,-7.46355685,17.1,15.83,2728/5521,16.9,17.1,15.83,15.87,7.405247,1.34895031E8,33,000155,20260331
002361.SZ,神剑股份,20.55,2.493765586034913,16.5,16.15,10,16.5,15.83,2728/5521,16.15,16.5,15.83,16.5,4.466666,1.91788022E8,33,002361,20260331
002772.SZ,众兴菌业,17.24,-0.5193306405077892,15.94,16.44,-2.44798042,17.02,15.83,2728/5521,16.44,17.02,15.83,15.94,7.282741,9856400,33,002772,20260331
300741.SZ,华宝股份,16.58,0.4239854633555223,15.85,16.09,-1.43034826,16.41,15.83,2728/5521,16.06,16.38,15.8,15.82,3.606965,2478200,33,300741,20260331
605155.SH,西大门,15.81,0.700636942675167,15.85,15.87,0.57106599,16.1,15.83,2728/5521,15.87,16.1,15.83,15.85,1.713197,2912100,17,605155,20260331
300831.SZ,派瑞股份,20.22,3.7455105182144712,15.84,16.46,-3.76670717,16.56,15.82,2734/5521,16.46,16.56,15.82,15.84,4.495747,9276000,33,300831,20260331
300174.SZ,元力股份,17.82,-2.356164383561642,15.85,16.19,-2.70104359,16.29,15.79,2735/5521,16.19,16.29,15.79,15.85,3.069367,6412800,33,300174,20260331
688101.SH,三达膜,21.92,-0.09115770282588684,15.84,16.01,-1.49253731,16.21,15.78,2736/5521,16.01,16.21,15.78,15.84,2.674129,2069778,17,688101,20260331
603630.SH,拉芳家化,16.62,-1.4819205690574984,15.84,15.78,-0.25188917,16.2,15.77,2737/5521,15.78,16.2,15.77,15.84,2.707808,3134530,17,603630,20260331
002602.SZ,世纪华通,16.01,-8.930602957906693,15.96,15.8,0.75757576,16.3,15.76,2738/5521,15.8,16.3,15.76,15.96,3.40909,7.3484571E7,33,002602,20260331
300994.SZ,久祺股份,13.87,0.289226319595077,16.52,16.01,4.82233503,16.85,15.76,2738/5521,16.01,16.85,15.76,16.52,6.916243,1.7657706E7,33,300994,20260331
600877.SH,电科芯片,16.45,2.1104903786468023,15.92,15.83,0.06285355,16.35,15.76,2738/5521,15.83,16.35,15.76,15.92,3.708359,1.8188504E7,17,600877,20260331
601808.SH,中海油服,15.1,-0.3300330033003347,15.79,16.12,-2.4706609,16.36,15.76,2738/5521,16.12,16.36,15.76,15.79,3.705991,2.4258347E7,17,601808,20260331
603153.SH,上海建科,17.43,6.345332519829158,15.77,15.87,-0.18987342,16.06,15.74,2742/5521,15.87,16.06,15.74,15.77,2.025316,1548400,17,603153,20260331
300440.SZ,运达科技,18.3,3.273137697516941,15.85,15.8,0.37998733,16.1,15.71,2743/5521,15.8,16.1,15.71,15.85,2.469917,9738400,33,300440,20260331
300719.SZ,安达维尔,15.34,1.054018445322794,15.74,16.08,-1.68644597,16.23,15.71,2743/5521,16.08,16.23,15.71,15.74,3.24797,5290960,33,300719,20260331
920363.BJ,莱赛激光,16.39,-0.9068923821039818,15.95,15.75,1.07731305,16.32,15.71,2743/5521,15.75,16.32,15.71,15.95,3.865652,1110162,151,920363,20260331
001376.SZ,百通能源,15.17,-0.5245901639344267,15.76,16,-1.5,17.44,15.7,2746/5521,16,17.44,15.7,15.76,10.875,2.60849E7,33,001376,20260331
002858.SZ,力盛体育,17.1,2.8262176788935807,16.1,15.85,1.70562224,16.58,15.7,2746/5521,15.85,16.58,15.7,16.1,5.559065,1.73149E7,33,002858,20260331
301298.SZ,东利机械,16.59,1.2202562538132964,15.73,15.94,-0.88216761,16.23,15.7,2746/5521,15.94,16.23,15.7,15.73,3.339634,2894500,33,301298,20260331
603238.SH,诺邦股份,15.94,0.3146633102580172,15.8,15.85,-0.31545741,16.21,15.7,2746/5521,15.85,16.21,15.7,15.8,3.217665,2659400,17,603238,20260331
301395.SZ,仁信新材,13.55,2.7293404094010705,15.71,16,-1.31909548,16.3,15.68,2750/5521,16,16.3,15.68,15.71,3.894472,3956700,33,301395,20260331
000902.SZ,新洋丰,15.24,-2.9299363057324785,15.68,16,-2.18340611,16.17,15.67,2751/5521,16,16.17,15.67,15.68,3.119151,1.04147E7,33,000902,20260331
002020.SZ,京新药业,14.78,-1.0709504685408309,15.72,15.69,0.38314176,16.26,15.66,2752/5521,15.69,16.26,15.66,15.72,3.831417,1.26881E7,33,002020,20260331
603863.SH,松炀资源,18.1,-0.3852504127683009,16.47,16.72,-3.51493849,16.75,15.65,2753/5521,16.72,16.75,15.65,16.47,6.444053,1.46242E7,17,603863,20260331
920087.BJ,秋乐种业,13.58,0.9665427509293739,15.8,15.95,-3.00798036,16.15,15.64,2754/5521,15.95,16.15,15.64,15.8,3.130755,7735407,151,920087,20260331
920770.BJ,艾能聚,14.87,-3.7540453074433664,15.64,15.78,-0.94996833,16.06,15.64,2754/5521,15.78,16.06,15.64,15.64,2.659911,2130656,151,920770,20260331
603810.SH,丰山集团,16.07,-0.062189054726355796,15.64,16.11,-3.15789474,16.23,15.63,2756/5521,16.11,16.23,15.63,15.64,3.71517,2528396,17,603810,20260331
300861.SZ,美畅股份,19.79,4.26765015806111,15.63,15.89,-2.25140713,16.12,15.62,2757/5521,15.89,16.12,15.62,15.63,3.126954,7085464,33,300861,20260331
301109.SZ,军信股份,16.69,0.24024024024025648,16.52,16.67,-1.8419489,17.05,15.62,2757/5521,16.67,17.05,15.62,16.52,8.496732,2.1950056E7,33,301109,20260331
600499.SH,科达制造,19.25,-3.9900249376558636,15.89,15.88,-0.37617555,16.19,15.62,2757/5521,15.88,16.19,15.62,15.89,3.573667,2.8028304E7,17,600499,20260331
603182.SH,嘉华股份,15.05,1.689189189189189,16.24,15.62,3.43949045,16.43,15.62,2757/5521,15.62,16.43,15.62,16.24,5.159235,6154814,17,603182,20260331
000593.SZ,德龙汇能,25.3,-5.278921752152751,15.75,15.66,0.70332481,16.35,15.61,2761/5521,15.66,16.35,15.61,15.75,4.731457,2.547041E7,33,000593,20260331
300351.SZ,永贵电器,22.7,1.9766397124887587,15.66,15.63,0.19193858,16.23,15.61,2761/5521,15.63,16.23,15.61,15.66,3.96673,1.1738706E7,33,300351,20260331
301439.SZ,泓淋电力,16.48,2.679127725856696,15.61,15.77,-1.57629256,16.17,15.61,2761/5521,15.77,16.17,15.61,15.61,3.530895,4380900,33,301439,20260331
002401.SZ,中远海科,14.19,-2.6080988332189485,15.6,15.7,0.51546392,15.92,15.6,2764/5521,15.7,15.92,15.6,15.6,2.061855,5920975,33,002401,20260331
002923.SZ,润都股份,13.22,-0.45180722891565306,15.67,15.84,-1.07323232,16.04,15.6,2764/5521,15.84,16.04,15.6,15.67,2.777777,6925698,33,002923,20260331
300682.SZ,朗新科技,13.64,-0.6554989075018198,15.6,16.02,-2.62172285,16.17,15.6,2764/5521,16.02,16.17,15.6,15.6,3.558052,1.8016545E7,33,300682,20260331
002941.SZ,新疆交建,13.9,-2.043692741367154,15.66,15.66,-0.12755102,16,15.59,2767/5521,15.66,16,15.59,15.66,2.614795,1.64084E7,33,002941,20260331
300945.SZ,曼卡龙,15.44,-1.4048531289910642,15.59,15.8,-1.32911392,16.15,15.59,2767/5521,15.8,16.15,15.59,15.59,3.544303,9397437,33,300945,20260331
603477.SH,巨星农牧,18.81,1.6756756756756688,15.72,16.46,-4.49574727,16.51,15.59,2767/5521,16.46,16.51,15.59,15.72,5.589307,1.59433E7,17,603477,20260331
300181.SZ,佐力药业,15.21,-1.3618677042801497,15.63,15.71,-0.95057034,15.92,15.58,2770/5521,15.71,15.92,15.58,15.63,2.154626,8584535,33,300181,20260331
603043.SH,广州酒家,15.52,-1.7721518987341844,15.6,15.77,-0.63694268,15.98,15.58,2770/5521,15.77,15.98,15.58,15.6,2.54777,3450620,17,603043,20260331
688772.SH,珠海冠宇,16.6,-4.1016753321779165,15.6,15.96,-2.74314214,16.15,15.58,2770/5521,15.96,16.15,15.58,15.6,3.553615,2.5459897E7,17,688772,20260331
920527.BJ,夜光明,17.5,1.8033740546829475,15.71,15.7,0.25526484,15.9,15.55,2773/5521,15.7,15.9,15.55,15.71,2.233567,380329,151,920527,20260331
002835.SZ,同为股份,15.49,0.3238341968911963,15.58,15.69,-0.76433121,15.95,15.53,2774/5521,15.69,15.95,15.53,15.58,2.675159,1634100,33,002835,20260331
002945.SZ,华林证券,15.52,1.2393998695368527,15.53,15.72,-1.83312263,15.91,15.53,2774/5521,15.72,15.91,15.53,15.53,2.402022,1.24252E7,33,002945,20260331
920124.BJ,南特科技,15.26,0.9927200529450719,15.57,15.83,-0.32010243,15.83,15.53,2774/5521,15.83,15.83,15.53,15.57,1.920614,536743,151,920124,20260331
002643.SZ,万润股份,16.56,0.24213075060532172,15.53,15.85,-2.20403023,15.9,15.52,2777/5521,15.85,15.9,15.52,15.53,2.392947,8006338,33,002643,20260331
002755.SZ,奥赛康,16.95,4.565083281924728,15.66,15.8,0.38461538,15.97,15.51,2778/5521,15.8,15.97,15.51,15.66,2.948717,2.4570644E7,33,002755,20260331
603017.SH,中衡设计,15.4,0.7194244604316626,16.32,16.2,3.55329949,17.34,15.51,2778/5521,16.2,17.34,15.51,16.32,11.611675,6.881134E7,17,603017,20260331
002565.SZ,顺灏股份,19.02,2.699784017278618,17.01,15.52,10.02587322,17.01,15.5,2780/5521,15.52,17.01,15.5,17.01,9.767141,1.17276217E8,33,002565,20260331
920223.BJ,荣亿精密,17.0,-1.1627906976744145,15.55,15.81,-1.76879343,16.06,15.5,2780/5521,15.81,16.06,15.5,15.55,3.537586,1221570,151,920223,20260331
300996.SZ,普联软件,12.5,0.6441223832528186,15.51,15.97,-2.94117647,16.21,15.48,2782/5521,11.33571429,11.50714286,10.98571429,11.01,4.56821,6122231,33,300996,20260331
301127.SZ,武汉天源,13.72,-1.6487455197132521,15.55,15.82,-1.76879343,15.91,15.48,2782/5521,15.82,15.91,15.48,15.55,2.716361,8327300,33,301127,20260331
000070.SZ,特发信息,18.08,-6.466632177961718,17.8,16.05,10.01236094,17.8,15.45,2784/5521,16.05,17.8,15.45,17.8,14.524103,1.57552271E8,33,000070,20260331
300667.SZ,必创科技,19.24,-1.0288065843621546,15.63,15.54,0.643915,16.16,15.45,2784/5521,15.54,16.16,15.45,15.63,4.571796,7976100,33,300667,20260331
603110.SH,东方材料,22.13,2.4062933826931956,15.49,15.62,-1.08556833,16.09,15.45,2784/5521,15.62,16.09,15.45,15.49,4.086845,5405854,17,603110,20260331
001369.SZ,双欣材料,15.21,-1.1053315994798434,15.47,16.3,-4.97542998,16.36,15.44,2787/5521,16.3,16.36,15.44,15.47,5.651105,2.9390196E7,33,001369,20260331
300707.SZ,威唐工业,15.19,-0.718954248366021,15.52,15.92,-3,16.18,15.43,2788/5521,15.92,16.18,15.43,15.52,4.6875,1.03295E7,33,300707,20260331
603155.SH,新亚强,17.68,1.2600229095074391,15.48,15.76,-1.77664975,15.86,15.43,2788/5521,15.76,15.86,15.43,15.48,2.728426,3034900,17,603155,20260331
002209.SZ,达意隆,15.06,-9.982068141063957,15.45,15.7,-1.59235669,15.87,15.42,2790/5521,15.7,15.87,15.42,15.45,2.866242,5745652,33,002209,20260331
300218.SZ,安利股份,15.28,1.5957446808510654,15.42,15.5,-0.25873221,15.73,15.42,2790/5521,15.5,15.73,15.42,15.42,2.005174,2379000,33,300218,20260331
603823.SH,百合花,16.7,4.24469413233458,15.46,15.73,0,15.89,15.41,2792/5521,15.73,15.89,15.41,15.46,3.104786,3652490,17,603823,20260331
000559.SZ,万向钱潮,16.09,1.5782828282828283,15.43,15.4,0.19480519,15.95,15.4,2793/5521,15.4,15.95,15.4,15.43,3.571428,6.4552589E7,33,000559,20260331
600330.SH,天通股份,27.89,8.690568978955575,15.63,16.32,-5.72979493,16.4,15.4,2793/5521,16.32,16.4,15.4,15.63,6.031363,1.23794711E8,17,600330,20260331
603206.SH,嘉环科技,16.6,-0.7177033492822814,15.44,15.53,-0.25839793,15.73,15.4,2793/5521,15.53,15.73,15.4,15.44,2.131782,1459100,17,603206,20260331
002104.SZ,恒宝股份,14.23,0.14074595355383232,15.41,15.71,-1.90961171,15.82,15.39,2796/5521,15.71,15.82,15.39,15.41,2.73711,1.3901132E7,33,002104,20260331
300519.SZ,新光药业,16.31,0.7411982705373529,15.39,15.53,-0.901481,15.81,15.38,2797/5521,15.53,15.81,15.38,15.39,2.768834,2416000,33,300519,20260331
300847.SZ,中船汉光,16.08,0.5628517823639655,15.39,15.66,-1.72413793,15.8,15.38,2797/5521,15.66,15.8,15.38,15.39,2.681992,3792877,33,300847,20260331
603165.SH,荣晟环保,17.4,1.1627906976744145,15.46,15.78,-2.7672956,15.95,15.38,2797/5521,15.78,15.95,15.38,15.46,3.584905,1.7872162E7,17,603165,20260331
603610.SH,麒盛科技,16.9,1.1976047904191576,15.51,16,-2.14511041,16.3,15.38,2797/5521,16,16.3,15.38,15.51,5.804416,6871900,17,603610,20260331
920152.BJ,昆工科技,13.8,-3.6312849162011145,15.61,17.17,-7.90560472,17.18,15.38,2797/5521,17.17,17.18,15.38,15.61,10.619469,2938017,151,920152,20260331
920000.BJ,安徽凤凰,15.73,0.25493945188018435,15.86,15.41,2.98701299,16.18,15.37,2802/5521,15.41,16.18,15.37,15.86,5.25974,1305275,151,920000,20260331
002182.SZ,宝武镁业,15.69,0.3838771593090129,15.4,15.75,-2.22222222,15.84,15.36,2803/5521,15.75,15.84,15.36,15.4,3.047619,2.587296E7,33,002182,20260331
300768.SZ,迪普科技,17.22,0.3496503496503422,15.36,15.55,-1.03092784,15.73,15.33,2804/5521,15.55,15.73,15.33,15.36,2.577319,3159250,33,300768,20260331
603178.SH,圣龙股份,19.46,10.005652911249289,15.34,15.54,-1.28700129,15.7,15.33,2804/5521,15.54,15.7,15.33,15.34,2.380952,1264100,17,603178,20260331
000555.SZ,神州信息,13.71,0.2192982456140434,15.35,15.66,-1.79142674,15.89,15.31,2806/5521,15.66,15.89,15.31,15.35,3.710812,2.1858049E7,33,000555,20260331
603595.SH,ST东尼,18.08,-2.691065662002153,15.36,15.39,-0.38910506,15.7,15.31,2806/5521,15.39,15.7,15.31,15.36,2.529182,2058100,22,603595,20260331
002271.SZ,东方雨虹,14.96,-0.5980066445182715,15.31,15.35,-0.32552083,15.83,15.3,2808/5521,15.35,15.83,15.3,15.31,3.45052,3.5686999E7,33,002271,20260331
002577.SZ,雷柏科技,17.19,3.3674082982561773,15.3,15.48,-0.64935065,15.67,15.3,2808/5521,15.48,15.67,15.3,15.3,2.402597,2001045,33,002577,20260331
605336.SH,*ST帅电,16.68,-1.1848341232227446,15.51,15.73,-0.25723473,16.1,15.3,2808/5521,15.73,16.1,15.3,15.51,5.144694,3042000,22,605336,20260331
002890.SZ,弘宇股份,17.0,-2.0172910662824286,15.54,16.22,0.84360805,16.22,15.29,2811/5521,16.22,16.22,15.29,15.54,6.035042,2855438,33,002890,20260331
600999.SH,招商证券,15.72,0.31908104658583736,15.44,15.29,1.04712042,15.61,15.29,2811/5521,15.29,15.61,15.29,15.44,2.09424,3.8219099E7,17,600999,20260331
300164.SZ,通源石油,13.48,1.9667170953101345,15.31,16.17,-7.32445521,16.3,15.28,2813/5521,16.17,16.3,15.28,15.31,6.174334,1.49344908E8,33,300164,20260331
920270.BJ,天铭科技,15.57,1.8979057591623099,15.4,15.41,-0.12970169,15.77,15.28,2813/5521,15.41,15.77,15.28,15.4,3.177691,727918,151,920270,20260331
600012.SH,皖通高速,15.66,-0.948766603415562,15.45,15.34,0.78277886,15.59,15.27,2815/5521,15.34,15.59,15.27,15.45,2.08741,4502574,17,600012,20260331
300092.SZ,科新机电,16.74,0.35971223021581966,15.29,15.83,-3.83647799,15.98,15.26,2816/5521,15.83,15.98,15.26,15.29,4.528301,5797600,33,300092,20260331
603219.SH,富佳股份,16.63,1.1557177615571637,15.45,15.54,-0.3868472,15.65,15.25,2817/5521,15.54,15.65,15.25,15.45,2.578981,4735600,17,603219,20260331
300437.SZ,清水源,16.04,-1.4742014742014864,15.24,15.88,-4.75,16.14,15.24,2818/5521,15.88,16.14,15.24,15.24,5.625,1.7477519E7,33,300437,20260331
601788.SH,光大证券,15.19,2.913279132791326,15.24,15.35,-0.78125,15.49,15.24,2818/5521,15.35,15.49,15.24,15.24,1.627604,1.2133451E7,17,601788,20260331
603677.SH,奇精机械,15.74,0.5108556832694768,15.3,15.58,-1.29032258,15.7,15.24,2818/5521,15.38,15.5,15.04,15.1,2.967741,1575000,17,603677,20260331
603848.SH,好太太,16.1,1.1306532663316677,15.25,15.47,-1.4221073,15.72,15.22,2821/5521,15.47,15.72,15.22,15.25,3.232062,1575200,17,603848,20260331
920001.BJ,纬达光电,14.44,1.404494382022467,15.22,15.77,-3.36507937,15.85,15.22,2821/5521,15.77,15.85,15.22,15.22,4,1499942,151,920001,20260331
920020.BJ,泰凯英,16.16,2.2137887413029707,15.26,15.21,0.3287311,15.55,15.21,2823/5521,15.21,15.55,15.21,15.26,2.235371,797500,151,920020,20260331
002715.SZ,登云股份,17.5,2.1003500583430537,15.28,15.49,-2.36421725,15.84,15.2,2824/5521,15.49,15.84,15.2,15.28,4.089456,4216700,33,002715,20260331
002780.SZ,三夫户外,16.77,2.56880733944953,15.26,15.4,0.99272005,15.67,15.2,2824/5521,15.4,15.67,15.2,15.26,3.110522,7409248,33,002780,20260331
300691.SZ,联合光电,16.4,-0.6060606060606146,15.25,15.55,-2.24358974,15.67,15.2,2824/5521,15.55,15.67,15.2,15.25,3.01282,3725780,33,300691,20260331
601179.SH,中国西电,16.92,-1.3411078717200986,15.21,15.86,-3.73417722,15.97,15.2,2824/5521,15.86,15.97,15.2,15.21,4.873417,1.53562859E8,17,601179,20260331
601677.SH,明泰铝业,17.75,-1.0039040713887324,15.24,15.65,-3.84858044,15.76,15.16,2828/5521,15.65,15.76,15.16,15.24,3.785488,3.6293319E7,17,601677,20260331
920656.BJ,海昇药业,16.33,1.3656114214773363,15.37,15.59,-1.97704082,15.73,15.16,2828/5521,15.59,15.73,15.16,15.37,3.635204,687671,151,920656,20260331
920950.BJ,迅安科技,15.8,0.19023462270133887,15.28,15.39,0.19672131,15.6,15.16,2828/5521,15.39,15.6,15.16,15.28,2.885245,250800,151,920950,20260331
300151.SZ,昌红科技,17.7,0.16977928692698122,15.14,15.4,-1.36807818,15.83,15.12,2831/5521,15.4,15.83,15.12,15.14,4.625407,9078600,33,300151,20260331
300542.SZ,新晨科技,15.27,0.9253139458030323,15.15,15.4,-1.75097276,15.62,15.12,2831/5521,15.4,15.62,15.12,15.15,3.242542,2990300,33,300542,20260331
300251.SZ,光线传媒,14.78,0.6811989100817415,15.38,15.12,1.98938992,15.75,15.11,2833/5521,15.12,15.75,15.11,15.38,4.244031,9.4304884E7,33,300251,20260331
300036.SZ,超图软件,14.95,0.5379959650302628,15.12,15.24,-1.1118378,15.52,15.1,2834/5521,15.24,15.52,15.1,15.12,2.746893,6935701,33,300036,20260331
000586.SZ,汇源通信,17.71,-1.6657412548584158,15.47,15.71,-1.71537484,15.77,15.08,2835/5521,15.71,15.77,15.08,15.47,4.383735,8628500,33,000586,20260331
688310.SH,迈得医疗,17.39,6.2309102015882685,15.11,15.5,-1.88311688,15.6,15.08,2835/5521,15.5,15.6,15.08,15.11,3.376623,1629042,17,688310,20260331
600161.SH,天坛生物,14.26,-1.3148788927335606,15.11,15.2,-0.59210526,15.34,15.07,2837/5521,15.2,15.34,15.07,15.11,1.776315,7161124,17,600161,20260331
920833.BJ,美心翼申,15.11,-0.3955174686882037,15.62,15.33,2.76315789,16.22,15.06,2838/5521,15.33,16.22,15.06,15.62,7.631578,2255254,151,920833,20260331
600053.SH,*ST九鼎,10.86,-4.9868766404199505,15.04,15.47,-1.50622135,15.47,15.04,2839/5521,15.47,15.47,15.04,15.04,2.815979,2908701,22,600053,20260331
300493.SZ,润欣科技,16.19,1.5683814303638757,15.04,15.26,-1.82767624,15.49,15.03,2840/5521,15.26,15.49,15.03,15.04,3.00261,7928192,33,300493,20260331
920033.BJ,康普化学,17.55,5.3421368547419,15.19,15.09,1.40186916,15.5,15.03,2840/5521,15.09,15.5,15.03,15.19,3.137516,901271,151,920033,20260331
000948.SZ,南天信息,14.49,0.48543689320388544,15.04,15.24,-1.37704918,15.38,15.02,2842/5521,15.24,15.38,15.02,15.04,2.360655,2476450,33,000948,20260331
300901.SZ,中胤时尚,16.01,1.0094637223974885,15.01,15.33,-2.02349869,15.56,15.01,2843/5521,15.33,15.56,15.01,15.01,3.590078,2627200,33,300901,20260331
301081.SZ,严牌股份,15.89,-2.215384615384612,15.2,15.11,-0.78328982,15.89,15.01,2843/5521,15.11,15.89,15.01,15.2,5.744125,1.00111E7,33,301081,20260331
600234.SH,科新发展,24.4,1.6666666666666607,15.0,15.51,-3.22580645,15.66,15,2845/5521,15.51,15.66,15,15.0,4.258064,3931500,17,600234,20260331
600550.SH,保变电气,14.95,-1.3201320132013272,15.01,15.28,-2.08741031,15.61,15,2845/5521,15.28,15.61,15,15.01,3.979125,4.8578324E7,17,600550,20260331
601919.SH,中远海控,14.12,-1.6713091922005587,15.01,15.41,-2.34222511,15.48,15,2845/5521,15.41,15.48,15,15.01,3.122966,8.2819805E7,17,601919,20260331
688410.SH,山外山,17.17,5.2728387492336175,15.03,15.23,-0.46357616,15.5,15,2845/5521,15.23,15.5,15,15.03,3.311258,3515026,17,688410,20260331
920701.BJ,豪声电子,14.44,0.20818875780707397,15.04,15,0.13315579,15.36,15,2845/5521,15,15.36,15,15.04,2.396804,449910,151,920701,20260331
300838.SZ,浙江力诺,17.79,4.34017595307917,15.04,15.39,-2.27420403,15.66,14.98,2850/5521,15.39,15.66,14.98,15.04,4.418453,2919500,33,300838,20260331
920855.BJ,浙江大农,15.61,0.7746933505487361,15.18,14.98,0.33046927,15.45,14.98,2850/5521,14.98,15.45,14.98,15.18,3.106411,242699,151,920855,20260331
002465.SZ,海格通信,16.1,5.022831050228319,14.99,15,0,15.49,14.97,2852/5521,15,15.49,14.97,14.99,3.468979,7.7638973E7,33,002465,20260331
600776.SH,东方通信,16.62,-2.4647887323943554,15.13,15.03,0.26507621,15.49,14.97,2852/5521,15.03,15.49,14.97,15.13,3.44599,2.00955E7,17,600776,20260331
603693.SH,江苏新能,14.73,-2.643754130865832,15.02,15.79,-4.39210694,16,14.97,2852/5521,15.79,16,14.97,15.02,6.556333,2.9613991E7,17,603693,20260331
300122.SZ,智飞生物,15.15,0.6644518272425225,14.96,15.25,-1.51415405,15.39,14.96,2855/5521,15.25,15.39,14.96,14.96,2.830809,1.4850119E7,33,300122,20260331
002861.SZ,瀛通通讯,16.34,0.6157635467980384,14.98,15.36,-2.47395833,15.45,14.95,2856/5521,15.36,15.45,14.95,14.98,3.255208,4259500,33,002861,20260331
300452.SZ,山河药辅,14.11,0.0,14.96,15.1,-1.44927536,15.34,14.95,2856/5521,15.1,15.34,14.95,14.96,2.569169,5307997,33,300452,20260331
600258.SH,首旅酒店,15.65,-2.3705552089831614,14.98,15.5,-3.72750643,15.67,14.94,2858/5521,15.5,15.67,14.94,14.98,4.691516,2.2591115E7,17,600258,20260331
603628.SH,清源股份,12.4,-2.3622047244094406,15.15,15.51,-3.50318471,15.97,14.94,2858/5521,15.51,15.97,14.94,15.15,6.560509,1.9632693E7,17,603628,20260331
300560.SZ,中富通,14.41,1.33614627285513,14.94,15.07,-1.19047619,15.41,14.92,2860/5521,15.07,15.41,14.92,14.94,3.24074,9061900,33,300560,20260331
002324.SZ,普利特,14.63,-2.401601067378248,15.0,15.09,-0.59642147,15.32,14.91,2861/5521,15.09,15.32,14.91,15.0,2.717031,1.6270838E7,33,002324,20260331
300246.SZ,宝莱特,17.7,4.05643738977071,14.93,15.71,-2.54569191,16.25,14.91,2861/5521,15.71,16.25,14.91,14.93,8.746736,2.0547646E7,33,300246,20260331
301260.SZ,格力博,17.13,2.513464991023328,14.91,15.17,-1.51915456,15.33,14.91,2861/5521,15.17,15.33,14.91,14.91,2.774108,1743400,33,301260,20260331
603990.SH,麦迪科技,15.82,4.976775049767751,14.97,15.09,-0.79522863,15.22,14.91,2861/5521,15.09,15.22,14.91,14.97,2.05434,7338200,17,603990,20260331
603787.SH,新日股份,11.96,0.673400673400674,16.56,15.28,5.81469649,17.11,14.9,2865/5521,15.28,17.11,14.9,16.56,14.121405,3.6562602E7,17,603787,20260331
603788.SH,宁波高发,16.88,0.7159904534606052,14.93,15.12,-1.12582781,15.29,14.9,2865/5521,15.12,15.29,14.9,14.93,2.582781,1156760,17,603788,20260331
000913.SZ,钱江摩托,13.5,-0.9537784299339749,16.67,15,10.0330033,16.67,14.88,2867/5521,15,16.67,14.88,16.67,11.815181,3.3870411E7,33,000913,20260331
002725.SZ,跃岭股份,16.9,5.164903546981943,14.89,15.27,-2.67973856,15.28,14.88,2867/5521,15.27,15.28,14.88,14.89,2.614379,5664200,33,002725,20260331
002788.SZ,鹭燕医药,13.66,-0.726744186046509,16.17,14.88,10,16.17,14.88,2867/5521,14.88,16.17,14.88,16.17,8.77551,1.0429686E8,33,002788,20260331
000995.SZ,皇台酒业,13.48,-0.148148148148145,15.0,15.19,3.87811634,15.88,14.87,2870/5521,15.19,15.88,14.87,15.0,6.994459,5.1548467E7,33,000995,20260331
600674.SH,川投能源,15.31,-0.32552083333332643,14.89,15.09,-1.52116402,15.23,14.87,2870/5521,15.09,15.23,14.87,14.89,2.380952,2.3235144E7,17,600674,20260331
000756.SZ,新华制药,14.08,-1.262272089761569,14.88,15.01,-1.19521912,15.14,14.86,2872/5521,15.01,15.14,14.86,14.88,1.859229,5748600,33,000756,20260331
002963.SZ,豪尔赛,17.1,-1.780585870189539,14.88,15.21,-1.97628458,15.5,14.86,2872/5521,15.21,15.5,14.86,14.88,4.216073,3035300,33,002963,20260331
600722.SH,金牛化工,13.61,0.5169867060561321,14.87,16.01,-9.87878788,16.98,14.86,2872/5521,16.01,16.98,14.86,14.87,12.848484,1.25392759E8,17,600722,20260331
300612.SZ,宣亚国际,15.19,0.6626905235255113,14.87,15.06,-0.93271153,15.33,14.85,2875/5521,15.06,15.33,14.85,14.87,3.197868,6365584,33,300612,20260331
300675.SZ,建科院,16.48,1.3530135301352941,14.9,15.19,-1.97368421,15.36,14.85,2875/5521,15.19,15.36,14.85,14.9,3.355263,2474700,33,300675,20260331
601033.SH,永兴股份,15.43,0.5211726384364825,14.87,15.18,-2.04216074,15.19,14.85,2875/5521,15.18,15.19,14.85,14.87,2.239789,1.1088282E7,17,601033,20260331
603209.SH,兴通股份,14.88,-0.7999999999999948,14.86,15.01,-0.99933378,15.15,14.84,2878/5521,15.01,15.15,14.84,14.86,2.065289,3846480,17,603209,20260331
002043.SZ,兔宝宝,14.83,-0.33602150537634884,15.36,14.83,3.57383682,15.58,14.83,2879/5521,14.83,15.58,14.83,15.36,5.057316,1.149723E7,33,002043,20260331
002237.SZ,恒邦股份,16.61,-2.0636792452830273,14.9,15.15,-0.60040027,15.32,14.81,2880/5521,15.15,15.32,14.81,14.9,3.402268,2.8752128E7,33,002237,20260331
300384.SZ,三联虹普,14.21,-1.5246015246015168,14.81,15.08,-1.79045093,15.18,14.81,2880/5521,15.08,15.18,14.81,14.81,2.45358,3229683,33,300384,20260331
603309.SH,维力医疗,13.67,-0.3644314868804716,14.91,15.54,-4.05405405,15.63,14.81,2880/5521,15.54,15.63,14.81,14.91,5.276705,6224061,17,603309,20260331
002468.SZ,申通快递,16.35,-1.327700663850325,14.82,15.04,-1.13408939,15.35,14.8,2883/5521,15.04,15.35,14.8,14.82,3.669112,2.0137196E7,33,002468,20260331
600295.SH,鄂尔多斯,15.67,1.7532467532467504,14.9,15.17,-0.79893475,15.41,14.8,2883/5521,15.17,15.41,14.8,14.9,4.061251,8894765,17,600295,20260331
603038.SH,华立股份,16.84,0.4773269689737368,14.83,15.31,-3.19843342,15.35,14.8,2883/5521,15.31,15.35,14.8,14.83,3.590078,3304480,17,603038,20260331
688619.SH,罗普特,16.02,2.038216560509556,14.83,15.02,-2.30566535,15.76,14.8,2883/5521,15.02,15.76,14.8,14.83,6.32411,3014005,17,688619,20260331
002705.SZ,新宝股份,15.13,-5.437499999999995,14.85,15.01,-1.98019802,15.2,14.79,2887/5521,15.01,15.2,14.79,14.85,2.70627,2.2565663E7,33,002705,20260331
605077.SH,华康股份,17.04,-0.23419203747072104,14.89,14.87,0.26936027,15.02,14.79,2887/5521,14.87,15.02,14.79,14.89,1.548821,1968620,17,605077,20260331
603331.SH,百达精工,14.08,0.2135231316725933,14.8,15.01,-1.39906729,15.16,14.78,2889/5521,15.01,15.16,14.78,14.8,2.531645,5586700,17,603331,20260331
688488.SH,艾迪药业,17.26,-0.231213872832365,14.85,15.52,-4.25531915,15.78,14.77,2890/5521,15.52,15.78,14.77,14.85,6.511927,8462324,17,688488,20260331
920184.BJ,国源科技,15.52,1.4379084967320186,14.81,14.83,0.1352265,15.24,14.76,2891/5521,14.83,15.24,14.76,14.81,3.245436,1860458,151,920184,20260331
300005.SZ,探路者,16.66,-0.5966587112171922,14.9,15.14,-1.062417,15.43,14.75,2892/5521,15.14,15.43,14.75,14.9,4.515272,4.5680638E7,33,300005,20260331
300504.SZ,天邑股份,17.26,0.4656577415599642,14.76,15.15,-3.1496063,15.23,14.75,2892/5521,15.15,15.23,14.75,14.76,3.149606,6701600,33,300504,20260331
300564.SZ,筑博设计,15.89,-0.4385964912280719,14.83,15.09,-1.72299536,15.33,14.75,2892/5521,15.09,15.33,14.75,14.83,3.843605,1785400,33,300564,20260331
603588.SH,高能环境,14.58,-1.2863913337846953,14.95,15.04,-0.33333333,15.71,14.75,2892/5521,14.94,15.61,14.65,14.85,6.4,9.1169611E7,17,603588,20260331
920082.BJ,方正阀门,14.87,-0.06720430107527932,14.88,14.84,0.74475288,15.12,14.75,2892/5521,14.84,15.12,14.75,14.88,2.505077,972263,151,920082,20260331
920932.BJ,科达自控,14.58,2.1723896285914543,14.84,15.3,-1.00066711,15.33,14.75,2892/5521,15.3,15.33,14.75,14.84,3.869246,1091864,151,920932,20260331
002078.SZ,太阳纸业,14.71,-2.647253474520176,14.83,15.08,-1.3962766,15.28,14.73,2898/5521,15.08,15.28,14.73,14.83,3.656914,1.5540426E7,33,002078,20260331
603687.SH,大胜达,17.18,9.987195902688864,14.9,15.83,-7.56823821,16.2,14.73,2898/5521,15.83,16.2,14.73,14.9,9.119106,8.4077114E7,17,603687,20260331
300568.SZ,星源材质,16.43,-1.3805522208883578,14.81,15.31,-3.64346129,15.37,14.72,2900/5521,15.31,15.37,14.72,14.81,4.229017,7.941654E7,33,300568,20260331
000066.SZ,中国长城,19.82,9.988901220865708,14.71,14.84,-1.34138162,15.08,14.7,2901/5521,14.84,15.08,14.7,14.71,2.548625,4.7396423E7,33,000066,20260331
000510.SZ,新金路,14.14,1.4347202295552444,14.75,15.27,-2.64026403,15.56,14.7,2901/5521,15.27,15.56,14.7,14.75,5.676567,3.6411933E7,33,000510,20260331
000993.SZ,闽东电力,12.24,-1.2903225806451624,16.31,14.84,9.97977073,16.31,14.7,2901/5521,14.84,16.31,14.7,16.31,10.856372,3.8051551E7,33,000993,20260331
003039.SZ,顺控发展,14.3,-1.7182130584192439,14.7,15.02,-2.13049268,15.12,14.7,2901/5521,15.02,15.12,14.7,14.7,2.796271,4237500,33,003039,20260331
300848.SZ,美瑞新材,17.8,-1.5486725663716683,14.73,14.99,-2.38568588,15.15,14.69,2905/5521,14.99,15.15,14.69,14.73,3.048376,3972600,33,300848,20260331
600967.SH,内蒙一机,14.1,0.07097232079488848,14.72,15,-2.51655629,15.15,14.69,2905/5521,15,15.15,14.69,14.72,3.046357,2.6297969E7,17,600967,20260331
300024.SZ,机器人,14.98,2.252559726962458,14.71,14.79,-0.54090602,14.99,14.68,2907/5521,14.79,14.99,14.68,14.71,2.09601,1.2197895E7,33,300024,20260331
300481.SZ,濮阳惠成,14.6,-4.88599348534202,14.77,15.19,-3.21100917,15.33,14.68,2907/5521,15.19,15.33,14.68,14.77,4.259501,7958906,33,300481,20260331
603008.SH,ST喜临门,10.32,-4.972375690607727,14.94,15.4,-4.96183206,15.66,14.67,2909/5521,15.4,15.66,14.67,14.94,6.297709,2.7645133E7,22,603008,20260331
603739.SH,蔚蓝生物,15.05,0.4672897196261701,14.69,14.93,-1.60750167,15.05,14.67,2909/5521,14.93,15.05,14.67,14.69,2.54521,4051634,17,603739,20260331
603915.SH,国茂股份,15.71,-0.569620253164556,14.72,14.7,0.20422056,14.98,14.66,2911/5521,14.7,14.98,14.66,14.72,2.178352,6615260,17,603915,20260331
688718.SH,唯赛勃,17.02,1.1890606420927425,14.8,15.28,-3.58306189,15.4,14.66,2911/5521,15.28,15.4,14.66,14.8,4.820846,2136655,17,688718,20260331
600055.SH,万东医疗,14.45,-4.050464807436927,14.74,14.82,-0.67385445,15.03,14.64,2913/5521,14.82,15.03,14.64,14.74,2.628032,3216479,17,600055,20260331
600435.SH,北方导航,14.45,1.8322762508809005,14.65,14.81,-1.28032345,15.04,14.63,2914/5521,14.81,15.04,14.63,14.65,2.762803,2.782812E7,17,600435,20260331
002007.SZ,华兰生物,14.42,-0.8253094910591419,14.65,14.67,-0.20435967,14.85,14.62,2915/5521,14.67,14.85,14.62,14.65,1.566757,8842980,33,002007,20260331
002569.SZ,*ST步森,14.41,1.4788732394366257,14.81,15.5,-2.17965654,15.5,14.62,2915/5521,15.5,15.5,14.62,14.81,5.812417,2433818,33,002569,20260331
002823.SZ,凯中精密,16.24,0.3708281829418957,14.62,14.81,-1.08254398,14.99,14.62,2915/5521,14.81,14.99,14.62,14.62,2.503382,4226686,33,002823,20260331
300697.SZ,电工合金,16.13,-0.18564356435644266,14.64,14.69,-0.74576271,14.99,14.62,2915/5521,14.69,14.99,14.62,14.64,2.508474,5819236,33,300697,20260331
000668.SZ,*ST荣控,15.85,1.5374759769378619,14.7,15.1,0,15.44,14.61,2919/5521,15.1,15.44,14.61,14.7,5.646258,2981200,33,000668,20260331
300465.SZ,高伟达,14.22,0.779588944011348,14.64,15,-2.52996005,15.15,14.61,2919/5521,15,15.15,14.61,14.64,3.595206,9465200,33,300465,20260331
920204.BJ,沪江材料,15.75,-0.8186397984886699,14.71,14.69,0.75342466,14.98,14.61,2919/5521,14.69,14.98,14.61,14.71,2.534246,675010,151,920204,20260331
000722.SZ,湖南发展,14.24,-1.7931034482758605,14.61,15.47,-7.00190961,15.88,14.6,2922/5521,15.47,15.88,14.6,14.61,8.147676,7.1826871E7,33,000722,20260331
600397.SH,江钨装备,14.35,-1.1707988980716248,14.7,15.13,-3.3530572,15.3,14.6,2922/5521,15.13,15.3,14.6,14.7,4.602235,4.0199487E7,17,600397,20260331
688030.SH,山石网科,16.57,1.345565749235467,14.6,14.87,-3.11877903,15.23,14.6,2922/5521,14.87,15.23,14.6,14.6,4.180491,2696154,17,688030,20260331
301037.SZ,保立佳,16.92,3.803680981595098,14.61,14.99,-2.01207243,15.25,14.59,2925/5521,14.99,15.25,14.59,14.61,4.426559,2216500,33,301037,20260331
688387.SH,信科移动,19.58,8.117062396466034,14.92,14.75,1.42760027,15.64,14.57,2926/5521,14.75,15.64,14.57,14.92,7.273963,8.7760078E7,17,688387,20260331
603070.SH,万控智造,13.85,-8.460013218770662,14.56,14.85,-2.08473436,14.93,14.56,2927/5521,14.85,14.93,14.56,14.56,2.488231,2792800,17,603070,20260331
603305.SH,旭升集团,15.41,1.8506278916060763,14.63,14.55,0.06839945,14.95,14.55,2928/5521,14.55,14.95,14.55,14.63,2.735978,2.9627559E7,17,603305,20260331
001239.SZ,永达股份,15.19,-0.19710906701709024,15.86,14.53,9.98613037,15.86,14.53,2929/5521,14.53,15.86,14.53,15.86,9.2233,7440700,33,001239,20260331
300797.SZ,钢研纳克,15.87,0.5066497783407224,14.57,14.78,-0.68166326,14.85,14.53,2929/5521,14.78,14.85,14.53,14.57,2.181322,2456263,33,300797,20260331
600539.SH,狮头股份,17.56,-4.3051771117166355,14.67,15.18,-6.14203455,15.8,14.5,2931/5521,15.18,15.8,14.5,14.67,8.317338,3.7483324E7,17,600539,20260331
002735.SZ,王子新材,14.45,0.5567153792623526,14.53,14.61,-0.88676671,14.91,14.49,2932/5521,14.61,14.91,14.49,14.53,2.864938,9017122,33,002735,20260331
300650.SZ,太龙股份,15.92,0.759493670886071,14.53,14.94,-3.51925631,15.09,14.48,2933/5521,14.94,15.09,14.48,14.53,4.050464,5507510,33,300650,20260331
688526.SH,科前生物,14.41,-1.8392370572207055,14.52,14.58,-0.47978067,14.77,14.48,2933/5521,14.58,14.77,14.48,14.52,1.987662,1800662,17,688526,20260331
603277.SH,银都股份,13.03,-0.07668711656441554,14.55,15,0.13764625,15,14.47,2935/5521,15,15,14.47,14.55,3.647625,1461345,17,603277,20260331
002357.SZ,富临运业,11.72,3.8086802480070996,14.46,14.46,,14.46,14.46,2936/5521,14.46,14.46,14.46,14.46,,,33,002357,20260331
002911.SZ,佛燃能源,12.22,0.08190008190008015,14.48,14.6,-1.22783083,14.91,14.46,2936/5521,14.33,14.64,14.19,14.21,3.069577,9505018,33,002911,20260331
002275.SZ,桂林三金,14.31,0.5621925509487005,14.48,14.45,0.55555556,14.6,14.45,2938/5521,14.45,14.6,14.45,14.48,1.041666,3339128,33,002275,20260331
688575.SH,亚辉龙,13.81,-3.6287508722958797,14.62,14.68,-0.67934783,14.85,14.45,2938/5521,14.68,14.85,14.45,14.62,2.717391,4961667,17,688575,20260331
300238.SZ,冠昊生物,14.21,-1.5246015246015168,14.48,14.71,-1.89701897,15.18,14.44,2940/5521,14.71,15.18,14.44,14.48,5.01355,6832500,33,300238,20260331
300956.SZ,英力股份,15.76,0.8962868117797732,14.5,14.85,-2.35690236,15,14.44,2940/5521,14.75,14.9,14.34,14.4,3.771043,2704143,33,300956,20260331
605180.SH,华生科技,15.85,1.2779552715654907,14.65,14.95,-1.74379611,15.15,14.44,2940/5521,14.95,15.15,14.44,14.65,4.761904,1439300,17,605180,20260331
920992.BJ,中科美菱,15.19,0.6626905235255113,14.62,14.63,0.68870523,14.76,14.44,2940/5521,14.63,14.76,14.44,14.62,2.203856,1278538,151,920992,20260331
301303.SZ,真兰仪表,15.43,0.3903708523096975,14.47,14.61,-0.95824778,14.74,14.43,2944/5521,14.61,14.74,14.43,14.47,2.121834,1923800,33,301303,20260331
300673.SZ,佩蒂股份,16.12,-0.1857585139318736,14.41,14.64,-1.57103825,14.79,14.41,2945/5521,14.64,14.79,14.41,14.41,2.595628,2245000,33,300673,20260331
603218.SH,日月股份,12.75,-1.9230769230769231,14.4,14.8,-3.09555855,14.98,14.4,2946/5521,14.8,14.98,14.4,14.4,3.903095,1.7561834E7,17,603218,20260331
603316.SH,诚邦股份,15.59,-4.939024390243895,14.5,14.95,-2.35690236,16.28,14.4,2946/5521,14.95,16.28,14.4,14.5,12.659932,2.13795E7,17,603316,20260331
002462.SZ,嘉事堂,13.8,-1.2168933428775943,14.4,14.53,-0.89470062,14.71,14.39,2948/5521,14.53,14.71,14.39,14.4,2.202339,3030101,33,002462,20260331
600331.SH,宏达股份,18.14,-1.0905125408942165,14.68,14.54,2.44242847,15.06,14.39,2948/5521,14.54,15.06,14.39,14.68,4.675505,7.86534E7,17,600331,20260331
002455.SZ,百川股份,10.36,-3.8961038961038956,14.5,14.89,-2.15924426,15.28,14.38,2950/5521,14.89,15.28,14.38,14.5,6.072874,1.41265168E8,33,002455,20260331
002986.SZ,宇新股份,14.39,-3.874415497661991,14.49,14.8,-2.09459459,15.18,14.38,2950/5521,14.8,15.18,14.38,14.49,5.405405,5701996,33,002986,20260331
002258.SZ,利尔化学,12.9,-0.4629629629629668,14.4,14.85,-3.54989953,15.04,14.37,2952/5521,14.85,15.04,14.37,14.4,4.487608,1.395154E7,33,002258,20260331
600104.SH,上汽集团,13.78,0.6574141709276834,14.59,14.38,1.46036161,14.79,14.37,2952/5521,14.38,14.79,14.37,14.59,2.920723,6.5880334E7,17,600104,20260331
600560.SH,金自天正,14.53,0.9728978457261903,14.38,14.55,-1.10041265,14.74,14.37,2952/5521,14.55,14.74,14.37,14.38,2.544704,2069200,17,600560,20260331
001219.SZ,青岛食品,15.79,2.2006472491909377,14.74,14.46,2.07756233,15.06,14.36,2955/5521,14.46,15.06,14.36,14.74,4.847645,6578693,33,001219,20260331
002144.SZ,宏达高科,14.25,-0.2100840336134409,14.39,14.61,-1.57318741,14.82,14.35,2956/5521,14.61,14.82,14.35,14.39,3.214774,3321300,33,002144,20260331
920145.BJ,恒合股份,14.21,-0.14054813773717198,14.43,14.88,-2.5,14.88,14.35,2956/5521,14.88,14.88,14.35,14.43,3.581081,736540,151,920145,20260331
300716.SZ,ST泉为,,,14.49,14.6,-1.5625,14.88,14.34,2958/5521,14.6,14.88,14.34,14.49,3.668478,5810500,33,300716,20260331
603107.SH,上海汽配,14.31,0.13995801259623059,14.39,14.37,0.20891365,14.6,14.34,2958/5521,14.37,14.6,14.34,14.39,1.810584,2019900,17,603107,20260331
003038.SZ,鑫铂股份,14.6,-0.47716428084526435,14.4,14.82,-2.57104195,14.82,14.33,2960/5521,14.82,14.82,14.33,14.4,3.31529,4845919,33,003038,20260331
300058.SZ,蓝色光标,17.12,-1.552616446233465,14.8,14.34,2.77777778,15.26,14.33,2960/5521,14.34,15.26,14.33,14.8,6.458333,4.85863649E8,33,300058,20260331
300538.SZ,同益股份,16.34,-0.244200244200239,14.42,14.82,-2.23728814,14.87,14.33,2960/5521,14.82,14.87,14.33,14.42,3.661016,2395250,33,300538,20260331
601177.SH,杭齿前进,15.93,-0.06273525721455324,14.4,14.46,0.27855153,14.6,14.33,2960/5521,14.46,14.6,14.33,14.4,1.880222,3848259,17,601177,20260331
300329.SZ,海伦钢琴,14.02,1.1544011544011554,14.4,15.05,-4.06395736,15.05,14.32,2964/5521,15.05,15.05,14.32,14.4,4.863424,5005584,33,300329,20260331
600535.SH,天士力,15.13,-0.39499670836075523,14.35,14.36,-0.06963788,14.56,14.32,2964/5521,14.36,14.56,14.32,14.35,1.671309,7716700,17,600535,20260331
603303.SH,得邦照明,18.08,4.448295782784515,14.33,14.81,-3.30634278,14.94,14.31,2966/5521,14.81,14.94,14.31,14.33,4.251012,1907882,17,603303,20260331
688560.SH,明冠新材,16.87,0.6563245823388987,14.35,14.8,-3.04054054,14.95,14.31,2966/5521,14.8,14.95,14.31,14.35,4.324324,4541797,17,688560,20260331
002846.SZ,英联股份,15.4,-0.9646302250803881,14.31,14.64,-2.78532609,14.76,14.3,2968/5521,14.64,14.76,14.3,14.31,3.125,5530100,33,002846,20260331
600268.SH,国电南自,14.97,-1.2532981530342975,15.48,14.47,6.75862069,15.5,14.3,2968/5521,14.47,15.5,14.3,15.48,8.275862,9.4419182E7,17,600268,20260331
603161.SH,科华控股,14.81,0.7482993197278994,14.3,14.58,-1.24309392,14.65,14.3,2968/5521,14.58,14.65,14.3,14.3,2.417127,1799642,17,603161,20260331
603599.SH,广信股份,14.85,-1.6556291390728477,14.49,14.84,-1.8957346,14.95,14.3,2968/5521,14.84,14.95,14.3,14.49,4.400812,1.3462049E7,17,603599,20260331
688046.SH,药康生物,20.6,-0.2904162633107392,14.48,14.31,0.76548365,15.04,14.3,2968/5521,14.31,15.04,14.3,14.48,5.149617,4897512,17,688046,20260331
300300.SZ,海峡创新,12.55,1.1281224818694646,14.82,14.41,4.36619718,15.51,14.28,2973/5521,14.41,15.51,14.28,14.82,8.661971,2.1268168E8,33,300300,20260331
603928.SH,兴业股份,15.95,0.3144654088050247,14.3,14.55,-1.65061898,14.61,14.28,2973/5521,14.55,14.61,14.28,14.3,2.269601,2456170,17,603928,20260331
002722.SZ,物产金轮,15.7,0.8997429305912519,14.31,14.36,-0.27874564,14.61,14.26,2975/5521,14.36,14.61,14.26,14.31,2.439024,2466837,33,002722,20260331
300171.SZ,东富龙,13.12,-0.5307050796057641,14.28,14.5,-0.76441974,14.72,14.26,2975/5521,14.5,14.72,14.26,14.28,3.196664,5615587,33,300171,20260331
300961.SZ,深水海纳,13.57,1.26865671641791,14.44,14.68,0.41724618,15.08,14.25,2977/5521,14.68,15.08,14.25,14.44,5.771905,1.8662221E7,33,300961,20260331
688403.SH,汇成股份,17.01,4.805914972273574,14.28,14.5,-2.3255814,14.63,14.25,2977/5521,14.5,14.63,14.25,14.28,2.599179,2.6603358E7,17,688403,20260331
000819.SZ,岳阳兴长,16.34,-0.5477784540474733,14.37,14.77,-2.64227642,14.82,14.24,2979/5521,14.77,14.82,14.24,14.37,3.929539,4401195,33,000819,20260331
301017.SZ,漱玉平民,13.11,-2.4553571428571437,14.43,14.32,0.76815642,14.97,14.24,2979/5521,14.32,14.97,14.24,14.43,5.097765,1.3042487E7,33,301017,20260331
600587.SH,新华医疗,13.75,0.36496350364964025,14.27,14.41,-0.69589422,14.47,14.23,2981/5521,14.41,14.47,14.23,14.27,1.670146,5605090,17,600587,20260331
002670.SZ,国盛证券,12.64,0.3174603174603248,14.25,14.43,-1.04166667,14.58,14.22,2982/5521,14.43,14.58,14.22,14.25,2.5,1.019053E7,33,002670,20260331
603601.SH,再升科技,15.85,4.276315789473686,15.49,14.5,6.82758621,15.95,14.22,2982/5521,14.5,15.95,14.22,15.49,11.931034,4.58118753E8,17,603601,20260331
001205.SZ,盛航股份,15.12,0.0,14.22,14.38,-1.11265647,14.53,14.21,2984/5521,14.38,14.53,14.21,14.22,2.225312,2447500,33,001205,20260331
600201.SH,生物股份,14.59,3.991446899501073,14.4,14.24,0.9110021,14.85,14.21,2984/5521,14.24,14.85,14.21,14.4,4.484933,2.2231514E7,17,600201,20260331
000014.SZ,沙河股份,13.2,0.0,14.22,15.12,-4.81927711,15.15,14.2,2986/5521,15.12,15.15,14.2,14.22,6.358768,1.593212E7,33,000014,20260331
300649.SZ,杭州园林,19.19,-1.5897435897435832,14.27,14.53,-2.26027397,14.78,14.2,2986/5521,14.53,14.78,14.2,14.27,3.972602,2141577,33,300649,20260331
301056.SZ,森赫股份,14.09,-0.28308563340411125,14.24,14.86,-3.58835477,14.95,14.2,2986/5521,14.86,14.95,14.2,14.24,5.07786,2698100,33,301056,20260331
600088.SH,中视传媒,14.61,2.5983146067415674,14.34,14.19,0.34989503,14.64,14.19,2989/5521,14.19,14.64,14.19,14.34,3.149055,2876105,17,600088,20260331
000533.SZ,顺钠股份,12.63,-3.954372623574141,14.23,14.81,-4.56069752,14.9,14.18,2990/5521,14.81,14.9,14.18,14.23,4.828973,7.1515789E7,33,000533,20260331
601865.SH,福莱特,13.52,-1.8155410312273057,14.19,14.88,-5.46302465,14.94,14.18,2990/5521,14.88,14.94,14.18,14.19,5.063291,3.7834048E7,17,601865,20260331
688429.SH,时创能源,14.16,2.3861171366594367,14.19,15.17,-7.07269155,15.23,14.18,2990/5521,15.17,15.23,14.18,14.19,6.876227,6772139,17,688429,20260331
920765.BJ,美之高,16.39,24.733637747336378,14.35,14.33,0.27952481,14.96,14.18,2990/5521,14.33,14.96,14.18,14.35,5.450733,1136296,151,920765,20260331
002169.SZ,智光电气,13.1,1.3147718484145392,14.23,14.45,-1.45429363,14.73,14.17,2994/5521,14.45,14.73,14.17,14.23,3.878116,1.9881132E7,33,002169,20260331
002539.SZ,云图控股,15.39,-0.5171299288946352,14.2,14.51,-2.60631001,14.61,14.17,2994/5521,14.51,14.61,14.17,14.2,3.017832,1.7271752E7,33,002539,20260331
601116.SH,三江购物,13.64,-0.7278020378457034,14.28,14.26,0.21052632,14.65,14.17,2994/5521,14.26,14.65,14.17,14.28,3.368421,1.1176581E7,17,601116,20260331
605050.SH,福然德,12.66,-1.248049921996881,14.27,14.77,-1.6540317,14.77,14.17,2994/5521,14.77,14.77,14.17,14.27,4.135079,1.61653E7,17,605050,20260331
300374.SZ,中铁装配,13.94,0.14367816091953717,14.61,14.23,2.67041462,14.93,14.16,2998/5521,14.23,14.93,14.16,14.61,5.411103,8341130,33,300374,20260331
600353.SH,旭光电子,17.23,-2.6553672316384116,14.18,14.41,-1.52777778,14.67,14.15,2999/5521,14.41,14.67,14.15,14.18,3.611111,1.810436E7,17,600353,20260331
600886.SH,国投电力,13.63,0.14695077149156024,14.16,14.4,-1.59833218,14.5,14.15,2999/5521,14.4,14.5,14.15,14.16,2.432244,1.9159309E7,17,600886,20260331
300290.SZ,荣科科技,15.82,0.12658227848100995,14.13,14.3,-1.60167131,14.6,14.13,3001/5521,14.3,14.6,14.13,14.13,3.27298,1.4082316E7,33,300290,20260331
300583.SZ,赛托生物,15.12,1.9554956169925768,14.14,14.25,-0.77192982,14.55,14.13,3001/5521,14.25,14.55,14.13,14.14,2.947368,2887904,33,300583,20260331
603181.SH,皇马科技,15.18,-3.496503496503501,14.15,14.38,-1.73611111,14.52,14.13,3001/5521,14.38,14.52,14.13,14.15,2.708333,3737506,17,603181,20260331
688697.SH,纽威数控,17.4,3.7567084078711925,14.18,14.17,-0.56100982,14.44,14.13,3001/5521,14.17,14.44,14.13,14.18,2.173913,1783348,17,688697,20260331
300341.SZ,麦克奥迪,15.3,-0.584795321637426,14.15,14.28,-1.04895105,14.51,14.12,3005/5521,14.28,14.51,14.12,14.15,2.727272,3426064,33,300341,20260331
300595.SZ,欧普康视,14.42,0.9097270818754429,14.13,14.2,-0.56298381,14.38,14.12,3005/5521,14.2,14.38,14.12,14.13,1.829697,5460130,33,300595,20260331
300655.SZ,晶瑞电材,14.42,-2.6333558406482145,14.16,14.4,-2.34482759,14.55,14.12,3005/5521,14.4,14.55,14.12,14.16,2.965517,1.9835615E7,33,300655,20260331
002907.SZ,华森制药,13.95,0.1435750179468742,14.23,14.14,0.92198582,14.5,14.1,3008/5521,14.14,14.5,14.1,14.23,2.836879,5650119,33,002907,20260331
600737.SH,中粮糖业,15.05,1.5519568151147127,14.12,14.41,-3.02197802,14.53,14.1,3008/5521,14.41,14.53,14.1,14.12,2.953296,2.0401712E7,17,600737,20260331
920375.BJ,派诺科技,13.13,-1.9417475728155322,14.11,14.78,-4.20909708,14.9,14.1,3008/5521,14.78,14.9,14.1,14.11,5.431093,5954872,151,920375,20260331
920510.BJ,丰光精密,15.15,2.9911624745071346,14.19,14.2,0.56697378,14.45,14.1,3008/5521,14.2,14.45,14.1,14.19,2.48051,1384470,151,920510,20260331
600889.SH,*ST京化,15.39,2.943143812709039,14.2,14.16,0.28248588,14.48,14.09,3012/5521,14.16,14.48,14.09,14.2,2.754237,2723060,22,600889,20260331
003015.SZ,日久光电,15.15,-1.1741682974559668,14.09,14.38,-2.0847811,14.49,14.07,3013/5521,14.38,14.49,14.07,14.09,2.918693,5156000,33,003015,20260331
300224.SZ,正海磁材,13.22,-0.07558578987150254,14.09,14.31,-2.0847811,14.36,14.05,3014/5521,14.31,14.36,14.05,14.09,2.154273,2.5814427E7,33,300224,20260331
300989.SZ,蕾奥规划,15.09,1.071667782987275,14.09,14.35,-1.60614525,14.43,14.05,3014/5521,14.35,14.43,14.05,14.09,2.653631,3087237,33,300989,20260331
600288.SH,大恒科技,15.18,4.043865661411925,14.07,14.28,-1.88284519,14.5,14.05,3014/5521,14.28,14.5,14.05,14.07,3.138075,3481300,17,600288,20260331
300786.SZ,国林科技,16.38,2.2471910112359517,14.06,14.61,-3.69863014,14.67,14.04,3017/5521,14.61,14.67,14.04,14.06,4.315068,3604700,33,300786,20260331
301088.SZ,戎美股份,14.75,0.9582477754962394,14.03,14.29,-1.54385965,14.46,14.03,3018/5521,14.29,14.46,14.03,14.03,3.017543,1779700,33,301088,20260331
301519.SZ,舜禹股份,15.51,1.8384766907419525,14.15,14.39,-2.07612457,14.78,14.03,3018/5521,14.39,14.78,14.03,14.15,5.190311,3166473,33,301519,20260331
920663.BJ,明阳科技,15.45,0.5859374999999991,14.38,14.21,2.0581973,14.74,14.03,3018/5521,14.21,14.74,14.03,14.38,5.039034,1057345,151,920663,20260331
002276.SZ,万马股份,12.9,-3.9463886820550957,14.04,14.2,-1.12676056,14.35,14.02,3021/5521,14.2,14.35,14.02,14.04,2.323943,1.5792236E7,33,002276,20260331
300166.SZ,东方国信,15.44,-0.1293661060802157,14.15,14.41,-3.14852841,14.68,14.02,3021/5521,14.41,14.68,14.02,14.15,4.517453,8.0167944E7,33,300166,20260331
605189.SH,富春染织,16.95,-4.828747894441323,14.23,14.68,-1.86206897,15.28,14.01,3023/5521,14.68,15.28,14.01,14.23,8.75862,8732547,17,605189,20260331
920892.BJ,广咨国际,14.98,-1.8348623853210968,14.07,14.1,-0.21276596,14.37,14.01,3023/5521,14.1,14.37,14.01,14.07,2.553191,430009,151,920892,20260331
002675.SZ,东诚药业,12.99,-2.477477477477478,14.16,14.97,-2.20994475,15,14,3025/5521,14.8893805,14.9193805,13.9193805,14.08,6.906077,7.1430746E7,33,002675,20260331
301198.SZ,喜悦智行,18.9,8.371559633027505,14.07,14.45,-1.67714885,14.5,14,3025/5521,14.45,14.5,14,14.07,3.49406,3079926,33,301198,20260331
600732.SH,爱旭股份,15.38,4.483695652173914,14.01,14.65,-4.36860068,15.03,14,3025/5521,14.65,15.03,14,14.01,7.030716,6.4521398E7,17,600732,20260331
603558.SH,健盛集团,13.02,0.30816640986131855,14.78,14.09,4.74840539,14.91,14,3025/5521,13.74,14.56,13.65,14.43,6.449326,1.6716649E7,17,603558,20260331
601155.SH,新城控股,14.78,0.4758667573079436,14.01,14.56,-3.24585635,14.75,13.99,3029/5521,14.56,14.75,13.99,14.01,5.248618,1.908729E7,17,601155,20260331
600995.SH,南网储能,14.38,-1.3717421124828484,13.98,14.55,-4.70347648,14.71,13.98,3030/5521,14.55,14.71,13.98,13.98,4.976141,3.536593E7,17,600995,20260331
300386.SZ,飞天诚信,12.69,0.6344171292624907,13.98,14.34,-1.89473684,14.45,13.97,3031/5521,14.34,14.45,13.97,13.98,3.368421,3387100,33,300386,20260331
601611.SH,中国核建,13.34,1.8320610687022918,14.01,14.15,-0.98939929,14.41,13.97,3031/5521,14.15,14.41,13.97,14.01,3.10954,3.9323421E7,17,601611,20260331
300605.SZ,恒锋信息,13.17,3.213166144200628,14.03,14.34,-1.68185004,14.48,13.96,3033/5521,14.34,14.48,13.96,14.03,3.644008,3471645,33,300605,20260331
688022.SH,瀚川智能,16.35,0.0,14.07,14.22,-0.63559322,14.44,13.96,3033/5521,14.22,14.44,13.96,14.07,3.38983,3546318,17,688022,20260331
601966.SH,玲珑轮胎,13.22,-1.3432835820895501,13.98,14.03,-0.35637919,14.16,13.95,3035/5521,14.03,14.16,13.95,13.98,1.496792,7204675,17,601966,20260331
605399.SH,晨光新材,14.68,-0.4745762711864426,13.98,14.38,-2.57839721,14.44,13.95,3035/5521,14.38,14.44,13.95,13.98,3.414634,3363390,17,605399,20260331
301507.SZ,民生健康,14.76,0.7508532423208152,14.01,14.18,-1.19887165,14.4,13.94,3037/5521,14.18,14.4,13.94,14.01,3.244005,3194700,33,301507,20260331
600621.SH,华鑫股份,14.14,-0.7719298245613995,13.96,14.12,-1.20311394,14.33,13.94,3037/5521,14.12,14.33,13.94,13.96,2.760084,9319580,17,600621,20260331
600769.SH,祥龙电业,16.0,5.401844532279317,14.05,14.16,0.35714286,14.4,13.93,3039/5521,14.16,14.4,13.93,14.05,3.357142,1.6835525E7,17,600769,20260331
601163.SH,三角轮胎,14.68,-0.7437457741717338,13.94,14,-0.14326648,14.2,13.93,3039/5521,14,14.2,13.93,13.94,1.934097,3524803,17,601163,20260331
603187.SH,海容冷链,13.98,-3.652653342522394,14.06,14.17,-0.28368794,14.32,13.92,3041/5521,14.17,14.32,13.92,14.06,2.836879,7253454,17,603187,20260331
000065.SZ,北方国际,12.79,1.1067193675889233,14.55,13.98,5.05415162,14.96,13.91,3042/5521,13.98,14.96,13.91,14.55,7.581227,8.0777406E7,33,000065,20260331
002085.SZ,万丰奥威,13.63,-0.5109489051094782,14.07,13.94,0.86021505,14.26,13.91,3042/5521,13.94,14.26,13.91,14.07,2.50896,2.673898E7,33,002085,20260331
300401.SZ,花园生物,13.05,-1.2112036336109018,13.96,14.13,-1.55148096,14.25,13.91,3042/5521,14.13,14.25,13.91,13.96,2.397743,1.0304645E7,33,300401,20260331
002951.SZ,金时科技,14.94,0.1340482573726513,14.14,14.27,-0.98039216,14.38,13.9,3045/5521,14.27,14.38,13.9,14.14,3.361344,4721500,33,002951,20260331
300601.SZ,康泰生物,14.1,-0.4940014114326061,13.91,14.09,-0.99644128,14.28,13.9,3045/5521,14.09,14.28,13.9,13.91,2.704626,8462164,33,300601,20260331
301028.SZ,鼎熔岩,14.11,0.07092198581560133,13.89,13.99,-0.71479628,14.38,13.89,3047/5521,13.99,14.38,13.89,13.89,3.502501,3225900,33,301028,20260331
000890.SZ,法尔胜,15.66,-8.953488372093018,15.43,14.42,4.045853,15.8,13.88,3048/5521,14.42,15.8,13.88,15.43,12.946729,1.22619068E8,33,000890,20260331
603798.SH,康普顿,18.21,-3.854276663146781,13.9,14.3,-1.76678445,14.3,13.87,3049/5521,14.3,14.3,13.87,13.9,3.038869,2509900,17,603798,20260331
300012.SZ,华测检测,16.54,-0.06042296072508497,13.96,14.12,-1.13314448,14.46,13.86,3050/5521,13.97,14.31,13.71,13.81,4.249291,3.00073E7,33,300012,20260331
603071.SH,物产环能,14.03,-0.21337126600285303,13.9,14.58,-5.3133515,14.67,13.86,3050/5521,14.58,14.67,13.86,13.9,5.517711,7537700,17,603071,20260331
002203.SZ,海亮股份,17.99,-0.05555555555556424,13.9,14.68,-5.11945392,14.72,13.85,3052/5521,14.68,14.72,13.85,13.9,5.938566,3.3755219E7,33,002203,20260331
002448.SZ,中原内配,15.11,-0.9829619921363064,13.97,13.94,0.28715004,14.35,13.85,3052/5521,13.94,14.35,13.85,13.97,3.589375,1.21072E7,33,002448,20260331
300565.SZ,科信技术,12.71,0.47430830039526084,14.15,14.33,-0.97970609,14.38,13.85,3052/5521,14.33,14.38,13.85,14.15,3.708887,2.300565E7,33,300565,20260331
603937.SH,丽岛新材,15.25,10.028860028860034,13.88,14.24,-4.80109739,14.5,13.85,3052/5521,14.24,14.5,13.85,13.88,4.458161,1.9014833E7,17,603937,20260331
000026.SZ,飞亚达,18.13,0.2211166390270821,13.92,14.28,-1.76429076,14.39,13.84,3056/5521,14.28,14.39,13.84,13.92,3.881439,2761300,33,000026,20260331
300793.SZ,佳禾智能,14.08,-0.7052186177715066,13.84,14.06,-1.56472262,14.22,13.82,3057/5521,14.06,14.22,13.82,13.84,2.84495,4099400,33,300793,20260331
301066.SZ,万事利,14.92,0.8789722785666044,13.85,14.19,-1.63352273,14.37,13.82,3057/5521,14.19,14.37,13.82,13.85,3.90625,3762234,33,301066,20260331
001366.SZ,播恩集团,15.5,1.174934725848562,13.88,14.29,-2.52808989,14.38,13.81,3059/5521,14.29,14.38,13.81,13.88,4.002808,3086800,33,001366,20260331
002365.SZ,永安药业,13.7,3.630862329803318,13.81,13.95,-1.28663331,14.24,13.81,3059/5521,13.95,14.24,13.81,13.81,3.073624,5363850,33,002365,20260331
300220.SZ,金运激光,14.54,0.9722222222222138,13.86,14.22,-2.25669958,14.35,13.81,3059/5521,14.22,14.35,13.81,13.86,3.80818,2060800,33,300220,20260331
688207.SH,格灵深瞳,15.08,2.5152957171991788,13.87,14.12,-1.63120567,14.35,13.81,3059/5521,14.12,14.35,13.81,13.87,3.829787,3570607,17,688207,20260331
002322.SZ,理工能科,12.09,-0.24752475247524228,13.8,14.3,-5.02408809,14.36,13.8,3063/5521,13.97,14.03,13.47,13.47,3.854094,1.06879E7,33,002322,20260331
300705.SZ,九典制药,12.85,-0.695517774343121,13.84,13.91,-0.9305655,14.12,13.8,3063/5521,13.91,14.12,13.8,13.84,2.290622,6695100,33,300705,20260331
300822.SZ,贝仕达克,15.15,2.9911624745071346,13.83,14.08,-1.5658363,14.29,13.8,3063/5521,14.08,14.29,13.8,13.83,3.487544,1337200,33,300822,20260331
603877.SH,太平鸟,14.23,-0.6284916201117309,13.83,14.04,-1.5658363,14.19,13.8,3063/5521,14.04,14.19,13.8,13.83,2.7758,1250700,17,603877,20260331
688315.SH,诺禾致源,14.23,-1.997245179063355,13.89,13.92,-0.21551724,14.24,13.8,3063/5521,13.92,14.24,13.8,13.89,3.160919,2840705,17,688315,20260331
600523.SH,贵航股份,13.7,0.2928257686676365,13.79,13.83,-0.64841499,14.07,13.79,3068/5521,13.83,14.07,13.79,13.79,2.017291,3100800,17,600523,20260331
603315.SH,福鞍股份,16.81,-4.597048808172544,13.83,14.08,-1.98440822,14.41,13.79,3068/5521,14.08,14.41,13.79,13.83,4.394046,4553500,17,603315,20260331
605228.SH,神通科技,14.39,-1.4383561643835554,13.82,14.37,-3.76044568,14.64,13.77,3070/5521,14.37,14.64,13.77,13.82,6.058495,1.5675571E7,17,605228,20260331
920870.BJ,恒进感应,14.56,0.7612456747404929,13.86,13.81,0.14450867,14.02,13.76,3071/5521,13.81,14.02,13.76,13.86,1.878612,605141,151,920870,20260331
300233.SZ,金城医药,15.52,-0.7672634271099807,13.91,13.93,-0.21520803,14.2,13.75,3072/5521,13.93,14.2,13.75,13.91,3.22812,8222201,33,300233,20260331
603025.SH,大豪科技,16.36,0.24509803921568105,13.76,13.87,-0.79307859,13.97,13.75,3072/5521,13.87,13.97,13.75,13.76,1.586157,6973972,17,603025,20260331
920261.BJ,一诺威,15.54,0.5174644243208169,13.95,13.84,0.79479769,14.18,13.75,3072/5521,13.84,14.18,13.75,13.95,3.106936,1588040,151,920261,20260331
920926.BJ,鸿智科技,14.17,1.2866333095067886,13.8,13.79,0.14513788,14.11,13.75,3072/5521,13.79,14.11,13.75,13.8,2.612481,459125,151,920926,20260331
688586.SH,江航装备,13.15,1.5444015444015526,13.8,14.3,-3.5639413,14.39,13.74,3076/5521,14.3,14.39,13.74,13.8,4.542278,7859827,17,688586,20260331
300730.SZ,科创信息,13.45,0.8245877061469223,13.93,13.95,-0.42887777,14.37,13.73,3077/5521,13.95,14.37,13.73,13.93,4.574696,1.7440505E7,33,300730,20260331
001896.SZ,豫能控股,15.24,-9.982279976373299,13.72,14.16,-7.85762257,14.58,13.72,3078/5521,14.16,14.58,13.72,13.72,5.775688,1.78706687E8,33,001896,20260331
300414.SZ,中光防雷,14.21,1.0668563300142273,13.75,13.81,-0.93659942,14.16,13.72,3078/5521,13.81,14.16,13.72,13.75,3.170028,7898470,33,300414,20260331
600927.SH,永安期货,14.82,0.8849557522123948,13.76,13.84,-0.50614606,14,13.71,3080/5521,13.84,14,13.71,13.76,2.09689,4139300,17,600927,20260331
300183.SZ,东软载波,13.02,0.15384615384615058,13.73,13.79,-0.7230658,14.09,13.7,3081/5521,13.79,14.09,13.7,13.73,2.819956,5563619,33,300183,20260331
300551.SZ,古鳌科技,14.35,1.9176136363636334,13.76,14.22,-3.43859649,14.37,13.7,3081/5521,14.22,14.37,13.7,13.76,4.701754,1.22021E7,33,300551,20260331
603679.SH,华体科技,14.95,2.327173169062285,13.86,14.33,-2.3943662,14.35,13.7,3081/5521,14.33,14.35,13.7,13.86,4.577464,7127573,17,603679,20260331
603898.SH,好莱客,13.81,2.448071216617211,14.11,15.16,-7.29303548,15.16,13.7,3081/5521,15.16,15.16,13.7,14.11,9.592641,8303200,17,603898,20260331
688296.SH,和达科技,15.39,3.776129467296025,13.82,14.15,-2.33215548,14.45,13.69,3085/5521,14.15,14.45,13.69,13.82,5.371024,1860066,17,688296,20260331
002196.SZ,方正电机,13.97,1.4524328249818523,13.68,13.74,-0.36416606,14.06,13.66,3086/5521,13.74,14.06,13.66,13.68,2.913328,2.120324E7,33,002196,20260331
002930.SZ,宏川智慧,12.99,3.8369304556354953,13.7,14.01,-2.21270521,14.2,13.66,3086/5521,14.01,14.2,13.66,13.7,3.854389,8611786,33,002930,20260331
300349.SZ,金卡智能,13.08,-0.9090909090909032,13.67,13.8,-0.94202899,14.12,13.66,3086/5521,13.8,14.12,13.66,13.67,3.333333,6254640,33,300349,20260331
603035.SH,常熟汽饰,13.47,-1.7505470459518615,14.05,13.68,2.33066278,14.17,13.66,3086/5521,13.68,14.17,13.66,14.05,3.714493,5759900,17,603035,20260331
920271.BJ,邦德股份,12.81,0.07812499999999833,13.83,13.81,0.14482259,14.08,13.66,3086/5521,13.81,14.08,13.66,13.83,3.041274,549492,151,920271,20260331
000045.SZ,深纺织A,12.01,2.561912894961562,13.97,14.35,-3.9862543,14.91,13.65,3091/5521,14.35,14.91,13.65,13.97,8.659793,3.0290791E7,33,000045,20260331
300582.SZ,英飞特,15.06,-3.2133676092544987,13.68,13.9,-0.94134685,14.59,13.65,3091/5521,13.9,14.59,13.65,13.68,6.806661,9292100,33,300582,20260331
300245.SZ,ST天玑,8.22,-15.432098765432098,13.68,14.28,-6.30136986,14.3,13.63,3093/5521,14.28,14.3,13.63,13.68,4.589041,3.9872108E7,33,300245,20260331
300715.SZ,凯伦股份,13.8,0.8771929824561476,13.68,14,-2.35546039,14.06,13.63,3093/5521,14,14.06,13.63,13.68,3.069236,8192900,33,300715,20260331
300721.SZ,怡达股份,20.0,-9.049567985447924,13.7,14.08,-3.72452565,14.34,13.63,3093/5521,14.08,14.34,13.63,13.7,4.989458,6847920,33,300721,20260331
603213.SH,镇洋发展,13.85,0.21707670043414876,13.66,13.72,-0.87082729,13.95,13.63,3093/5521,13.72,13.95,13.63,13.66,2.322206,6541300,17,603213,20260331
603511.SH,爱慕股份,14.78,0.6811989100817415,13.69,13.72,-0.36390102,13.93,13.63,3093/5521,13.72,13.93,13.63,13.69,2.183406,1352700,17,603511,20260331
603890.SH,春秋电子,18.87,-3.181118522319125,13.66,13.65,-0.43731778,14.01,13.63,3093/5521,13.65,14.01,13.63,13.66,2.769679,7378764,17,603890,20260331
002836.SZ,新宏泽,13.45,1.893939393939394,13.63,14.11,-3.47025496,14.19,13.61,3099/5521,14.11,14.19,13.61,13.63,4.107648,2492312,33,002836,20260331
003025.SZ,思进智能,13.59,0.8160237388723993,13.62,13.83,-0.94545455,14.12,13.61,3099/5521,13.83,14.12,13.61,13.62,3.70909,3199640,33,003025,20260331
600557.SH,康缘药业,13.48,-3.369175627240135,13.63,13.83,-1.23188406,13.97,13.61,3099/5521,13.83,13.97,13.61,13.63,2.608695,5052300,17,600557,20260331
000885.SZ,城发环境,14.11,-0.28268551236749767,13.62,13.73,-0.65645514,13.82,13.6,3102/5521,13.73,13.82,13.6,13.62,1.604668,4098161,33,000885,20260331
001318.SZ,阳光乳业,13.35,0.4514672686230286,13.61,13.71,-0.65693431,13.88,13.6,3102/5521,13.71,13.88,13.6,13.61,2.043795,1741600,33,001318,20260331
300615.SZ,欣天科技,13.72,0.8082292432035357,13.68,14.54,-6.68485675,14.54,13.6,3102/5521,14.54,14.54,13.6,13.68,6.412005,1.067687E7,33,300615,20260331
300686.SZ,智动力,17.8,-1.9823788546255474,13.64,14.16,-3.67231638,14.3,13.6,3102/5521,14.16,14.3,13.6,13.64,4.943502,3302400,33,300686,20260331
920802.BJ,保丽洁,15.7,4.042412193505629,13.92,13.61,2.27773696,13.92,13.6,3102/5521,13.61,13.92,13.6,13.92,2.351212,417545,151,920802,20260331
002815.SZ,崇达技术,13.9,-2.524544179523138,13.59,14,-2.92857143,14.1,13.58,3107/5521,14,14.1,13.58,13.59,3.714285,2.0685719E7,33,002815,20260331
600182.SH,S佳通,14.54,-2.6773761713520776,13.62,13.7,-1.30434783,13.86,13.58,3107/5521,13.7,13.86,13.58,13.62,2.028985,1888200,17,600182,20260331
002949.SZ,华阳国际,14.39,0.0,13.59,13.9,-1.23546512,13.99,13.57,3109/5521,13.9,13.99,13.57,13.59,3.052325,2757074,33,002949,20260331
300771.SZ,智莱科技,14.0,-0.213827512473267,13.59,13.7,-0.80291971,14.05,13.57,3109/5521,13.7,14.05,13.57,13.59,3.503649,3561040,33,300771,20260331
600151.SH,航天机电,14.51,4.614275414563811,13.67,13.59,0.73691968,14.1,13.56,3111/5521,13.59,14.1,13.56,13.67,3.979366,6.5524292E7,17,600151,20260331
001299.SZ,美能能源,10.94,-3.9508340649692806,13.63,13.62,0.81360947,13.84,13.55,3112/5521,10.09230769,10.26153846,10.03846154,10.1,2.14497,4683780,33,001299,20260331
002350.SZ,北京科锐,14.1,1.0752688172043037,13.59,14,-4.09315455,14.25,13.55,3112/5521,14,14.25,13.55,13.59,4.940014,3.1943832E7,33,002350,20260331
603918.SH,金桥信息,13.4,-0.3717472118959029,13.56,13.62,-0.65934066,13.85,13.53,3114/5521,13.62,13.85,13.53,13.56,2.344322,5020040,17,603918,20260331
600505.SH,西昌电力,13.78,1.3235294117647038,13.54,14.34,-5.57880056,14.53,13.52,3115/5521,14.34,14.53,13.52,13.54,7.043235,2.3522E7,17,600505,20260331
601699.SH,潞安环能,16.16,-0.24691358024690832,13.55,14.57,-6.74466621,14.95,13.52,3115/5521,14.57,14.95,13.52,13.55,9.841706,5.2043632E7,17,601699,20260331
603883.SH,老百姓,14.0,-0.7795889440113355,13.53,13.57,-0.66079295,13.77,13.52,3115/5521,13.57,13.77,13.52,13.53,1.835535,5986747,17,603883,20260331
600559.SH,老白干酒,13.57,-1.309090909090907,13.54,13.79,0.14792899,13.99,13.51,3118/5521,13.79,13.99,13.51,13.54,3.550295,1.0385248E7,17,600559,20260331
002394.SZ,联发股份,14.11,5.141579731743662,13.51,13.7,-1.53061224,13.9,13.5,3119/5521,13.7,13.9,13.5,13.51,2.915451,4056200,33,002394,20260331
300541.SZ,先进数通,12.11,-1.544715447154482,13.53,13.65,-1.52838428,13.89,13.5,3119/5521,13.65,13.89,13.5,13.53,2.838427,8338480,33,300541,20260331
300561.SZ,*ST汇科,17.06,-3.5613340870548473,13.55,14.35,-6.42265193,14.66,13.5,3119/5521,14.35,14.66,13.5,13.55,8.011049,1.3664095E7,33,300561,20260331
300839.SZ,博汇股份,14.66,2.018093249826033,13.77,13.77,2,14.61,13.5,3119/5521,13.77,14.61,13.5,13.77,8.222222,1.7733645E7,33,300839,20260331
600985.SH,淮北矿业,14.81,-0.20215633423180163,13.55,14.01,-4.0368272,14.16,13.5,3119/5521,14.01,14.16,13.5,13.55,4.67422,2.8408333E7,17,600985,20260331
920436.BJ,大地电气,14.52,0.41493775933609073,13.68,13.5,1.55902004,13.93,13.5,3119/5521,13.5,13.93,13.5,13.68,3.192279,1037247,151,920436,20260331
920489.BJ,佳先股份,14.61,1.2474012474012455,13.53,13.71,-1.31291028,13.97,13.5,3119/5521,13.71,13.97,13.5,13.53,3.428154,991392,151,920489,20260331
300918.SZ,南山智尚,14.23,0.4943502824858777,13.54,13.89,-2.16763006,14.04,13.49,3126/5521,13.89,14.04,13.49,13.54,3.973988,5696954,33,300918,20260331
920221.BJ,易实精密,15.1,0.9358288770053395,13.7,13.5,1.10701107,13.96,13.49,3126/5521,13.5,13.96,13.49,13.7,3.468634,762782,151,920221,20260331
300758.SZ,七彩化学,13.32,-2.7027027027026973,13.51,13.73,-1.95936139,13.92,13.48,3128/5521,13.73,13.92,13.48,13.51,3.193033,7709222,33,300758,20260331
002982.SZ,湘佳股份,14.5,1.4695591322603279,13.5,13.81,-2.24475018,14,13.46,3129/5521,13.81,14,13.46,13.5,3.910209,2953152,33,002982,20260331
300635.SZ,中达安,14.74,2.5034770514603575,13.74,13.62,0.36523009,13.97,13.46,3129/5521,13.62,13.97,13.46,13.74,3.725346,5794900,33,300635,20260331
688007.SH,光峰科技,14.88,1.362397820163495,13.5,13.8,-2.17391304,13.88,13.45,3131/5521,13.8,13.88,13.45,13.5,3.115942,5564546,17,688007,20260331
603137.SH,恒尚节能,13.84,-0.2881844380403525,13.64,13.66,-0.21945867,13.91,13.44,3132/5521,13.66,13.91,13.44,13.64,3.438185,2037100,17,603137,20260331
603639.SH,海利尔,12.75,-0.9324009324009264,13.61,14.33,-4.49122807,14.4,13.43,3133/5521,14.33,14.4,13.43,13.61,6.807017,8799985,17,603639,20260331
688432.SH,有研硅,16.24,5.798045602605856,13.43,13.84,-3.03249097,13.87,13.43,3133/5521,13.84,13.87,13.43,13.43,3.176895,8848882,17,688432,20260331
000922.SZ,佳电股份,14.78,0.7498295841854086,13.46,13.57,-0.81061164,13.89,13.41,3135/5521,13.57,13.89,13.41,13.46,3.537214,8625876,33,000922,20260331
002848.SZ,*ST高斯,15.37,-1.7891373801917005,13.54,13.68,-0.87847731,13.8,13.41,3135/5521,13.68,13.8,13.41,13.54,2.855051,2753300,33,002848,20260331
002962.SZ,五方光电,16.47,-1.0216346153846256,13.46,13.73,-2.03784571,13.8,13.41,3135/5521,13.73,13.8,13.41,13.46,2.838427,3465800,33,002962,20260331
300203.SZ,聚光科技,13.6,-0.22010271460015507,13.42,13.81,-2.25782957,13.88,13.41,3135/5521,13.81,13.88,13.41,13.42,3.42316,4255666,33,300203,20260331
601811.SH,新华文轩,13.59,-0.3665689149560169,13.52,13.48,0.29673591,13.72,13.41,3135/5521,13.48,13.72,13.41,13.52,2.299703,2256906,17,601811,20260331
600977.SH,中国电影,13.78,1.6974169741697316,13.43,13.44,-0.14869888,13.65,13.4,3140/5521,13.44,13.65,13.4,13.43,1.858736,2.5389469E7,17,600977,20260331
002654.SZ,万润科技,14.52,5.6768558951965025,13.47,14.36,-6.26304802,14.36,13.39,3141/5521,14.36,14.36,13.39,13.47,6.750173,6.3341068E7,33,002654,20260331
600508.SH,上海能源,13.88,-0.14388489208632788,13.39,14.16,-5.43785311,14.24,13.39,3141/5521,14.16,14.24,13.39,13.39,6.002824,2.0902346E7,17,600508,20260331
603269.SH,海鸥股份,14.92,0.6747638326585671,13.4,13.71,-2.54545455,13.98,13.38,3143/5521,13.71,13.98,13.38,13.4,4.363636,8603729,17,603269,20260331
688173.SH,希荻微,16.8,8.177720540888613,13.41,13.81,-3.03687636,13.95,13.38,3143/5521,13.81,13.95,13.38,13.41,4.121475,5263136,17,688173,20260331
002527.SZ,新时达,12.92,1.7322834645669343,13.41,13.5,-0.66666667,13.73,13.37,3145/5521,13.5,13.73,13.37,13.41,2.666666,6648590,33,002527,20260331
603967.SH,中创物流,13.93,0.5776173285198561,13.38,13.61,-1.68993387,13.67,13.37,3145/5521,13.61,13.67,13.37,13.38,2.204261,5101730,17,603967,20260331
688201.SH,ST信安,7.87,-13.421342134213418,13.42,13.72,-2.18658892,13.97,13.37,3145/5521,13.72,13.97,13.37,13.42,4.373177,5224071,22,688201,20260331
002811.SZ,郑中设计,13.88,1.9838354151359394,13.65,13.56,0.58953574,13.76,13.36,3148/5521,13.56,13.76,13.36,13.65,2.947678,4111700,33,002811,20260331
603519.SH,立霸股份,14.44,3.6611629576453684,13.41,13.47,-0.4454343,13.69,13.36,3148/5521,13.47,13.69,13.36,13.41,2.449888,2495700,17,603519,20260331
301059.SZ,金三江,14.56,0.4830917874396155,13.39,13.43,-0.5939124,13.68,13.35,3150/5521,13.43,13.68,13.35,13.39,2.449888,2960780,33,301059,20260331
600292.SH,电投水电,15.32,-1.3522215067611016,13.43,13.34,-0.44477391,13.71,13.34,3151/5521,13.34,13.71,13.34,13.43,2.742772,9042419,17,600292,20260331
603208.SH,江山欧派,13.66,0.36737692872888106,13.38,13.52,-1.25461255,13.82,13.34,3151/5521,13.52,13.82,13.34,13.38,3.542435,1453930,17,603208,20260331
920703.BJ,广厦环能,11.73,-0.9290540540540493,13.46,13.75,0,13.75,13.34,3151/5521,13.75,13.75,13.34,13.46,3.046062,601622,151,920703,20260331
600869.SH,远东股份,16.99,-2.356321839080461,13.48,14.14,-5.931612,14.2,13.31,3154/5521,14.14,14.2,13.31,13.48,6.210746,8.30602E7,17,600869,20260331
600775.SH,南京熊猫,12.35,0.40650406504064174,13.36,13.52,-1.32939439,13.78,13.3,3155/5521,13.52,13.78,13.3,13.36,3.545051,2.3491436E7,17,600775,20260331
000695.SZ,滨海能源,15.5,-1.0217113665389537,13.27,13.98,-5.07868383,14.02,13.27,3156/5521,13.98,14.02,13.27,13.27,5.364806,2.10091E7,33,000695,20260331
300869.SZ,康泰医学,12.91,0.7020280811232438,13.27,13.48,-1.33828996,13.62,13.27,3156/5521,13.48,13.62,13.27,13.27,2.60223,2445577,33,300869,20260331
605007.SH,五洲特纸,15.86,1.7971758664955029,13.31,13.6,-1.77121771,13.61,13.26,3158/5521,13.6,13.61,13.26,13.31,2.583025,3456400,17,605007,20260331
000737.SZ,北方铜业,14.34,3.0913012221423415,13.29,13.48,-0.82089552,13.63,13.25,3159/5521,13.48,13.63,13.25,13.29,2.83582,3.3835611E7,33,000737,20260331
000532.SZ,华金资本,12.66,-0.3149606299212531,13.27,13.46,-1.11773472,13.57,13.23,3160/5521,13.46,13.57,13.23,13.27,2.533532,4286201,33,000532,20260331
000551.SZ,创元科技,16.28,3.299492385786811,13.24,13.28,-0.74962519,13.6,13.23,3160/5521,13.28,13.6,13.23,13.24,2.773613,8286809,33,000551,20260331
002845.SZ,同兴达,13.67,-0.6540697674418594,13.26,13.49,-1.85048113,13.62,13.23,3160/5521,13.49,13.62,13.23,13.26,2.88675,5357280,33,002845,20260331
600884.SH,杉杉股份,16.65,-1.4792899408284026,13.27,13.65,-3.27988338,13.67,13.23,3160/5521,13.65,13.67,13.23,13.27,3.206997,5.9522289E7,17,600884,20260331
002413.SZ,雷科防务,13.14,3.139717425431714,13.45,13.3,0.37313433,13.98,13.22,3164/5521,13.3,13.98,13.22,13.45,5.671641,1.86772425E8,33,002413,20260331
603700.SH,宁水集团,12.94,0.15479876160990383,13.24,13.35,-1.04633782,13.69,13.22,3164/5521,13.35,13.69,13.22,13.24,3.512705,3388500,17,603700,20260331
688616.SH,西力科技,14.46,0.8368200836820153,13.26,13.49,-1.85048113,13.7,13.21,3166/5521,13.49,13.7,13.21,13.26,3.626943,2248300,17,688616,20260331
000801.SZ,四川九洲,12.78,-1.1600928074245966,13.6,13.22,3.03030303,13.95,13.2,3167/5521,13.22,13.95,13.2,13.6,5.681818,2.1747986E7,33,000801,20260331
002635.SZ,安洁科技,16.5,-0.42245021122510734,13.41,13.42,-0.29739777,13.84,13.2,3167/5521,13.42,13.84,13.2,13.41,4.758364,1.30966E7,33,002635,20260331
003013.SZ,地铁设计,13.75,0.1456664238892904,13.29,13.49,-2.85087719,13.49,13.2,3167/5521,13.49,13.49,13.2,13.29,2.119883,6362516,33,003013,20260331
300268.SZ,*ST佳沃,13.94,0.7225433526011535,13.28,13.65,-3.8377987,13.85,13.2,3167/5521,13.65,13.85,13.2,13.28,4.706734,1384772,33,300268,20260331
300632.SZ,光莆股份,24.47,20.009808729769485,13.21,13.62,-3.57664234,13.7,13.2,3167/5521,13.62,13.7,13.2,13.21,3.649635,6373600,33,300632,20260331
603162.SH,海通发展,14.87,-1.9775873434410067,13.21,13.58,-2.86764706,13.73,13.2,3167/5521,13.58,13.73,13.2,13.21,3.897058,9625313,17,603162,20260331
001338.SZ,永顺泰,13.27,4.241948153967,13.21,13.28,-0.90022506,13.45,13.19,3173/5521,13.28,13.45,13.19,13.21,1.950487,8151700,33,001338,20260331
600571.SH,信雅达,12.68,-2.5365103766333594,13.21,13.43,-1.41791045,13.56,13.19,3173/5521,13.43,13.56,13.19,13.21,2.761194,5544700,17,600571,20260331
600847.SH,万里股份,14.77,0.06775067750677362,13.19,13.65,-3.65230095,13.88,13.19,3173/5521,13.65,13.88,13.19,13.19,5.040175,4014500,17,600847,20260331
002205.SZ,国统股份,13.38,0.4504504504504542,13.18,13.32,-0.97670924,13.65,13.18,3176/5521,13.32,13.65,13.18,13.18,3.531179,3205180,33,002205,20260331
002533.SZ,金杯电工,13.3,-1.262063845582776,13.21,13.88,-5.44022906,13.88,13.18,3176/5521,13.88,13.88,13.18,13.21,5.010737,2.6792003E7,33,002533,20260331
002698.SZ,博实股份,12.78,-0.4672897196261721,13.2,13.24,0,13.42,13.18,3176/5521,13.24,13.42,13.18,13.2,1.818181,6235192,33,002698,20260331
300958.SZ,建工修复,14.33,1.8479033404406524,13.21,13.59,-2.50922509,13.7,13.18,3176/5521,13.59,13.7,13.18,13.21,3.837638,2784200,33,300958,20260331
600531.SH,豫光金铅,14.73,-3.4098360655737676,13.18,13.39,-0.67822155,13.64,13.18,3176/5521,13.39,13.64,13.18,13.18,3.466465,4.7863389E7,17,600531,20260331
603166.SH,福达股份,13.66,1.9402985074626848,13.18,13.31,-1.12528132,13.44,13.18,3176/5521,13.31,13.44,13.18,13.18,1.950487,6410656,17,603166,20260331
603871.SH,嘉友国际,12.74,-4.282494365138995,13.45,13.62,-0.59127864,13.78,13.18,3176/5521,13.62,13.78,13.18,13.45,4.434589,1.34208E7,17,603871,20260331
300444.SZ,双杰电气,15.77,-4.250151791135393,13.17,13.55,-3.30396476,13.8,13.17,3183/5521,13.55,13.8,13.17,13.17,4.62555,3.4733151E7,33,300444,20260331
300663.SZ,科蓝软件,12.82,-0.07794232268121423,13.17,13.47,-1.34831461,13.68,13.16,3184/5521,13.47,13.68,13.16,13.17,3.895131,9143100,33,300663,20260331
605122.SH,四方新材,14.72,6.5123010130246035,13.23,13.18,-0.37650602,13.7,13.16,3184/5521,13.18,13.7,13.16,13.23,4.066265,3571800,17,605122,20260331
001387.SZ,雪祺电气,14.2,1.5010721944245824,13.28,13.42,-0.44977511,13.57,13.15,3186/5521,13.42,13.57,13.15,13.28,3.148425,3049073,33,001387,20260331
001201.SZ,东瑞股份,13.23,0.07564296520423439,13.16,13.54,-2.80649926,13.68,13.14,3187/5521,13.54,13.68,13.14,13.16,3.988183,4462500,33,001201,20260331
002284.SZ,亚太股份,13.29,0.5295007564296408,13.18,13.8,-6.85512367,13.83,13.13,3188/5521,13.8,13.83,13.13,13.18,4.946996,3.0072652E7,33,002284,20260331
300884.SZ,狄耐克,12.97,0.23183925811438283,13.17,13.39,-1.12612613,13.58,13.13,3188/5521,13.39,13.58,13.13,13.17,3.378378,3572200,33,300884,20260331
920454.BJ,同心传动,14.45,0.4169562195969334,13.42,13.23,1.28301887,13.75,13.13,3188/5521,13.23,13.75,13.13,13.42,4.679245,1439584,151,920454,20260331
300981.SZ,中红医疗,14.64,-1.8766756032171539,13.13,13.56,-2.66864344,14.15,13.12,3191/5521,13.56,14.15,13.12,13.13,7.635285,1.3990008E7,33,300981,20260331
000719.SZ,中原传媒,13.42,-1.9722425127830503,13.31,13.14,1.29375951,13.56,13.11,3192/5521,13.14,13.56,13.11,13.31,3.424657,8575204,33,000719,20260331
300659.SZ,中孚信息,13.08,1.7898832684824937,13.12,13.56,-3.17343173,13.64,13.1,3193/5521,13.56,13.64,13.1,13.12,3.985239,6687800,33,300659,20260331
603766.SH,隆鑫通用,15.36,-0.19493177387914967,13.5,13.95,-0.58910162,14.21,13.1,3193/5521,13.95,14.21,13.1,13.5,8.173784,6.6586247E7,17,603766,20260331
002163.SZ,海南发展,12.46,2.382908792111758,13.11,13.12,-0.53110774,13.44,13.08,3195/5521,13.12,13.44,13.08,13.11,2.731411,2.4418381E7,33,002163,20260331
003003.SZ,天元股份,13.86,2.061855670103088,13.13,13.27,-1.0550113,13.45,13.08,3195/5521,13.27,13.45,13.08,13.13,2.788244,5159600,33,003003,20260331
300004.SZ,南风股份,13.52,3.363914373088681,13.12,13.26,-0.83144369,13.75,13.08,3195/5521,13.26,13.75,13.08,13.12,5.064247,1.9263E7,33,300004,20260331
603386.SH,骏亚科技,13.37,2.2953328232593644,13.13,13.36,-1.64794007,13.48,13.08,3195/5521,13.36,13.48,13.08,13.13,2.996254,3384200,17,603386,20260331
688176.SH,亚虹医药,12.86,0.7836990595611257,13.08,13.39,-2.24215247,13.84,13.08,3195/5521,13.39,13.84,13.08,13.08,5.680119,1.5401569E7,17,688176,20260331
002889.SZ,东方嘉盛,13.13,-0.6807866868381229,13.07,13.23,-1.35849057,13.39,13.07,3200/5521,13.23,13.39,13.07,13.07,2.415094,1282817,33,002889,20260331
300932.SZ,三友联众,14.38,-0.06949270326615557,13.09,13.28,1.15919629,13.51,13.07,3200/5521,13.28,13.51,13.07,13.09,3.400309,1.3964989E7,33,300932,20260331
600689.SH,上海三毛,13.54,0.4451038575667561,13.11,13.28,-1.35440181,13.48,13.07,3200/5521,13.28,13.48,13.07,13.11,3.085026,2046255,17,600689,20260331
603680.SH,今创集团,14.36,0.7719298245613995,13.38,13.2,1.36363636,13.76,13.07,3200/5521,13.2,13.76,13.07,13.38,5.227272,6022059,17,603680,20260331
688590.SH,新致软件,14.87,2.6224982746721808,13.1,13.45,-2.16579537,13.58,13.07,3200/5521,13.45,13.58,13.07,13.1,3.808812,4928364,17,688590,20260331
920871.BJ,派特尔,12.94,1.2519561815336475,13.14,13.87,-5.60344828,13.87,13.06,3205/5521,13.87,13.87,13.06,13.14,5.818965,1356202,151,920871,20260331
000729.SZ,燕京啤酒,13.3,0.6813020439061306,13.1,13.3,-0.98261527,13.44,13.05,3206/5521,13.3,13.44,13.05,13.1,2.947845,1.9510125E7,33,000729,20260331
300206.SZ,理邦仪器,14.91,1.290760869565214,13.08,14.21,-7.95214638,14.21,13.05,3206/5521,13.899,13.899,12.739,12.77,8.163265,2.2423155E7,33,300206,20260331
688556.SH,高测股份,13.37,1.67300380228136,13.08,13.45,-2.75092937,13.98,13.05,3206/5521,13.45,13.98,13.05,13.08,6.914498,2.916578E7,17,688556,20260331
002125.SZ,湘潭电化,15.27,1.6644474034620507,13.07,13.41,-3.11341735,13.46,13.04,3209/5521,13.41,13.46,13.04,13.07,3.113417,1.6636687E7,33,002125,20260331
300252.SZ,金信诺,14.76,-2.1220159151193654,13.09,13.09,-0.75815011,13.44,13.04,3209/5521,13.09,13.44,13.04,13.09,3.0326,1.676508E7,33,300252,20260331
603037.SH,凯众股份,13.76,-0.5780346820809253,13.08,13.46,-3.18282754,13.59,13.04,3209/5521,13.46,13.59,13.04,13.08,4.071058,5968319,17,603037,20260331
688567.SH,孚能科技,13.92,-1.2765957446808491,13.04,13.48,-4.04709345,13.65,13.04,3209/5521,13.48,13.65,13.04,13.04,4.488594,1.1386015E7,17,688567,20260331
600299.SH,安迪苏,13.29,-7.062937062937073,13.03,14.13,-8.56140351,14.13,13.03,3213/5521,14.13,14.13,13.03,13.03,7.719298,3.0968822E7,17,600299,20260331
300068.SZ,ST南都,8.85,-19.981916817359863,13.04,13.32,-2.54110613,13.85,13.02,3214/5521,13.32,13.85,13.02,13.04,6.203288,5.332757E7,33,300068,20260331
600352.SH,浙江龙盛,13.12,-1.204819277108435,13.01,13.26,-1.88536953,13.39,13.01,3215/5521,13.26,13.39,13.01,13.01,2.865761,3.1597916E7,17,600352,20260331
300614.SZ,百川畅银,13.84,1.1695906432748548,13.02,13.52,-3.26894502,13.64,13,3216/5521,13.52,13.64,13,13.02,4.754829,3113500,33,300614,20260331
603212.SH,赛伍技术,13.7,3.085026335590671,13.03,13.56,-4.68178493,13.65,13,3216/5521,13.56,13.65,13,13.03,4.754937,1.819827E7,17,603212,20260331
920132.BJ,泰鹏智能,13.89,2.9651593773165335,13.01,13.11,-0.76277651,13.38,13,3216/5521,13.11,13.38,13,13.01,2.89855,477489,151,920132,20260331
600650.SH,锦江在线,12.49,0.4019292604501665,13.0,13.13,-0.76335878,13.3,12.99,3219/5521,13.13,13.3,12.99,13.0,2.366412,2672600,17,600650,20260331
920419.BJ,路斯股份,13.1,-0.6069802731411235,13.0,13.07,-0.45941807,13.24,12.99,3219/5521,13.07,13.24,12.99,13.0,1.914241,524385,151,920419,20260331
002749.SZ,国光股份,12.74,-0.39093041438623094,13.14,13.25,-1.05421687,13.28,12.98,3221/5521,13.25,13.28,12.98,13.14,2.259036,2237423,33,002749,20260331
300700.SZ,岱勒新材,17.36,3.210463733650411,13.0,13.46,-2.69461078,13.55,12.98,3221/5521,13.46,13.55,12.98,13.0,4.266467,4859321,33,300700,20260331
600372.SH,中航机载,13.0,0.07698229407236172,13.0,13.05,-0.30674847,13.36,12.98,3221/5521,13.05,13.36,12.98,13.0,2.91411,4.0677144E7,17,600372,20260331
603777.SH,来伊份,16.43,4.05319822672578,13.11,13.4,-6.08882521,13.72,12.98,3221/5521,13.4,13.72,12.98,13.11,5.300859,2.1088385E7,17,603777,20260331
002416.SZ,爱施德,13.77,0.3644314868804587,13.06,13.09,-0.53313024,13.53,12.97,3225/5521,13.09,13.53,12.97,13.06,4.265041,2.361727E7,33,002416,20260331
002917.SZ,金奥博,12.98,-0.38372985418264727,13.45,13.05,3.0651341,13.92,12.97,3225/5521,13.05,13.92,12.97,13.45,7.279693,1.040565E7,33,002917,20260331
300581.SZ,晨曦航空,12.62,2.685109845402767,12.99,13.17,-1.3667426,13.3,12.97,3225/5521,13.17,13.3,12.97,12.99,2.505694,8462491,33,300581,20260331
300929.SZ,华骐环保,14.19,1.3571428571428537,13.03,13.55,-3.62426036,13.71,12.97,3225/5521,13.55,13.71,12.97,13.03,5.473372,6464700,33,300929,20260331
603917.SH,合力科技,12.51,-5.656108597285068,13.04,13.1,-0.38197097,13.33,12.97,3225/5521,13.1,13.33,12.97,13.04,2.75019,3526900,17,603917,20260331
688565.SH,力源科技,12.94,0.7788161993769442,13.16,13.75,-2.30141054,13.75,12.97,3225/5521,13.75,13.75,12.97,13.16,5.790645,2719015,17,688565,20260331
601900.SH,南方传媒,12.5,-0.7936507936507908,12.99,12.98,0.30888031,13.22,12.95,3231/5521,12.98,13.22,12.95,12.99,2.084942,7896625,17,601900,20260331
603602.SH,纵横通信,13.18,1.7760617760617794,12.97,13.12,-1.59332322,13.33,12.95,3231/5521,13.12,13.33,12.95,12.97,2.883156,2736752,17,603602,20260331
688707.SH,振华新材,16.52,-3.8976148923792997,12.97,13.46,-4.35103245,13.56,12.95,3231/5521,13.46,13.56,12.95,12.97,4.498525,8485426,17,688707,20260331
688728.SH,格科微,13.79,3.840361445783131,12.96,13.23,-1.36986301,13.26,12.95,3231/5521,13.23,13.26,12.95,12.96,2.359208,9778501,17,688728,20260331
000403.SZ,派林生物,11.95,-1.807723911257195,12.94,13.01,-0.53804766,13.26,12.93,3235/5521,13.01,13.26,12.93,12.94,2.53651,6600565,33,000403,20260331
600415.SH,小商品城,13.25,-1.8518518518518519,12.94,13.11,-1.44706778,13.18,12.92,3236/5521,13.11,13.18,12.92,12.94,1.980198,2.9306317E7,17,600415,20260331
301339.SZ,通行宝,13.13,0.07621951219513387,13.07,12.97,1.00463679,13.3,12.91,3237/5521,12.97,13.3,12.91,13.07,3.01391,4715795,33,301339,20260331
000429.SZ,粤高速A,12.58,-0.5533596837944686,13.05,13.04,0.15349194,13.12,12.9,3238/5521,13.04,13.12,12.9,13.05,1.688411,6822731,33,000429,20260331
300755.SZ,华致酒行,13.66,-0.726744186046509,12.94,14.05,-0.91883614,14.09,12.9,3238/5521,14.05,14.09,12.9,12.94,9.111791,8850466,33,300755,20260331
920014.BJ,特瑞斯,12.02,2.647309991460279,12.9,13.6,-5.35583272,13.6,12.9,3238/5521,13.6,13.6,12.9,12.9,5.13573,5414259,151,920014,20260331
300562.SZ,乐心医疗,14.29,-1.1756569847856273,12.89,13.18,-2.49621785,13.34,12.89,3241/5521,13.18,13.34,12.89,12.89,3.403933,4183500,33,300562,20260331
000899.SZ,赣能股份,12.48,-3.554868624420395,12.93,13.43,-3.65126677,13.63,12.88,3242/5521,13.43,13.63,12.88,12.93,5.588673,4.6555313E7,33,000899,20260331
603836.SH,海程邦达,14.3,1.8518518518518632,12.94,13.06,-1.22137405,13.3,12.88,3242/5521,13.06,13.3,12.88,12.94,3.206106,1921700,17,603836,20260331
000007.SZ,全新好,15.51,10.0,12.95,13.45,-1.89393939,13.45,12.87,3244/5521,13.45,13.45,12.87,12.95,4.393939,5449700,33,000007,20260331
603332.SH,苏州龙杰,14.34,2.064056939501773,12.87,13.09,-1.68067227,13.39,12.87,3244/5521,13.09,13.39,12.87,12.87,3.972498,4889270,17,603332,20260331
603856.SH,东宏股份,13.09,-0.5319148936170234,12.95,13.13,-1.44596651,13.27,12.87,3244/5521,13.13,13.27,12.87,12.95,3.04414,2645200,17,603856,20260331
605208.SH,永茂泰,14.73,-1.4056224899598333,13.05,12.87,-0.2293578,13.44,12.87,3244/5521,12.87,13.44,12.87,13.05,4.357798,8370695,17,605208,20260331
000672.SZ,上峰水泥,14.0,6.141015921152393,12.89,13.12,-0.9984639,13.5,12.85,3248/5521,13.12,13.5,12.85,12.89,4.992319,1.0968204E7,33,000672,20260331
002802.SZ,洪汇新材,13.9,-2.932960893854748,12.87,13.1,-2.05479452,13.32,12.85,3248/5521,13.1,13.32,12.85,12.87,3.576864,3733830,33,002802,20260331
600590.SH,泰豪科技,15.69,-1.506591337099813,12.87,13.3,-3.37837838,13.61,12.85,3248/5521,13.3,13.61,12.85,12.87,5.705705,5.0647599E7,17,600590,20260331
300304.SZ,云意电气,11.83,2.158894645941278,12.89,13.2,-2.93674699,13.43,12.84,3251/5521,13.2,13.43,12.84,12.89,4.442771,1.6629545E7,33,300304,20260331
301256.SZ,华融化学,13.73,-0.7947976878612676,12.84,13.2,-2.9478458,13.28,12.84,3251/5521,13.2,13.28,12.84,12.84,3.325774,6131588,33,301256,20260331
000860.SZ,顺鑫农业,12.7,-0.3921568627451036,12.88,13.17,0,13.19,12.83,3253/5521,13.17,13.19,12.83,12.88,2.795031,6185784,33,000860,20260331
601058.SH,赛轮轮胎,13.92,-2.7253668763102765,12.87,12.96,-0.77101002,13.13,12.83,3253/5521,12.96,13.13,12.83,12.87,2.31303,2.3253038E7,17,601058,20260331
600054.SH,黄山旅游,11.89,-0.1679261125104918,13.0,13.2,-1.73847317,13.48,12.82,3255/5521,13.2,13.48,12.82,13.0,4.988662,9800836,17,600054,20260331
002342.SZ,巨力索具,19.81,4.814814814814816,14.4,12.96,10.00763942,14.4,12.81,3256/5521,12.96,14.4,12.81,14.4,12.146676,1.76155339E8,33,002342,20260331
002600.SZ,领益智造,14.06,0.21382751247327966,12.83,12.93,-0.85007728,13.14,12.81,3256/5521,12.93,13.14,12.81,12.83,2.550231,6.1684332E7,33,002600,20260331
002170.SZ,芭田股份,13.9,-1.9746121297602213,12.86,13.3,-3.5982009,13.35,12.8,3258/5521,13.3,13.35,12.8,12.86,4.122938,2.9026993E7,33,002170,20260331
300141.SZ,和顺电气,12.68,-1.705426356589152,12.82,13.25,-2.73141123,13.34,12.8,3258/5521,13.25,13.34,12.8,12.82,4.097116,4938200,33,300141,20260331
300348.SZ,长亮科技,11.81,-1.4190317195325537,12.83,13.15,-2.8030303,13.34,12.8,3258/5521,13.15,13.34,12.8,12.83,4.090909,1.6149545E7,33,300348,20260331
688472.SH,阿特斯,14.43,0.4175365344467676,12.8,13.35,-4.90341753,13.51,12.78,3261/5521,13.35,13.51,12.78,12.8,5.423476,5.5618926E7,17,688472,20260331
300514.SZ,友讯达,12.47,1.2997562956945583,12.77,13.08,-1.54202005,13.18,12.77,3262/5521,13.08,13.18,12.77,12.77,3.161141,3216300,33,300514,20260331
002439.SZ,启明星辰,15.62,3.034300791556722,12.79,12.91,-0.92951201,13.04,12.76,3263/5521,12.91,13.04,12.76,12.79,2.168861,7697748,33,002439,20260331
002860.SZ,星帅尔,12.81,0.07812499999999833,12.83,13,-1.61042945,13.1,12.76,3263/5521,13,13.1,12.76,12.83,2.607361,7044387,33,002860,20260331
600072.SH,中船科技,13.68,6.046511627906972,12.76,13.2,-3.62537764,13.3,12.75,3265/5521,13.2,13.3,12.75,12.76,4.154078,2.8745344E7,17,600072,20260331
603819.SH,神力股份,14.8,3.351955307262573,13.03,12.8,1.00775194,13.19,12.75,3265/5521,12.8,13.19,12.75,13.03,3.410852,9029200,17,603819,20260331
600449.SH,宁夏建材,12.91,0.310800310800318,12.75,12.93,-1.39211137,13.07,12.73,3267/5521,12.93,13.07,12.73,12.75,2.629543,5019768,17,600449,20260331
002026.SZ,山东威达,12.85,-0.695517774343121,12.73,12.9,-0.85669782,13.03,12.72,3268/5521,12.9,13.03,12.72,12.73,2.41433,4525591,33,002026,20260331
600272.SH,开开实业,12.64,3.0995106035889135,12.75,12.85,-0.77821012,13.05,12.71,3269/5521,12.85,13.05,12.71,12.75,2.645914,2271600,17,600272,20260331
300337.SZ,银邦股份,13.96,1.8978102189781136,13.58,12.9,2.95678544,13.7,12.7,3270/5521,12.9,13.7,12.7,13.58,7.581501,8.5533742E7,33,300337,20260331
600416.SH,湘电股份,12.37,-1.0400000000000063,12.74,12.83,-0.7014809,13.12,12.7,3270/5521,12.83,13.12,12.7,12.74,3.273577,1.5768174E7,17,600416,20260331
002414.SZ,高德红外,14.83,3.2729805013927624,12.69,12.7,0.1578532,13.02,12.69,3272/5521,12.7,13.02,12.69,12.69,2.604577,4.9822627E7,33,002414,20260331
002828.SZ,贝肯能源,11.57,-4.380165289256193,12.93,13.02,-1.74772036,13.4,12.69,3272/5521,13.02,13.4,12.69,12.93,5.395136,2.395234E7,33,002828,20260331
603118.SH,共进股份,14.64,-0.06825938566552756,13.16,12.96,0.53475936,13.38,12.69,3272/5521,12.96,13.38,12.69,13.16,5.271199,4.8356357E7,17,603118,20260331
603970.SH,中农立华,13.21,-1.1227544910179534,12.68,13.15,-3.4272658,13.21,12.68,3275/5521,13.15,13.21,12.68,12.68,4.036557,4314360,17,603970,20260331
601881.SH,中国银河,12.78,-1.1600928074245966,12.74,13.2,-4.85436893,13.25,12.67,3276/5521,13.2,13.25,12.67,12.74,4.33159,9.3805708E7,17,601881,20260331
603339.SH,四方科技,13.67,0.588668138337013,12.68,12.89,-1.47630148,12.95,12.67,3276/5521,12.89,12.95,12.67,12.68,2.175602,2008788,17,603339,20260331
603968.SH,醋化股份,11.93,-2.052545155993432,12.7,13.1,-2.68199234,13.11,12.67,3276/5521,13.1,13.11,12.67,12.7,3.371647,3475200,17,603968,20260331
605577.SH,龙版传媒,11.7,-1.0989010989011054,12.7,12.89,-1.47401086,13.11,12.67,3276/5521,12.89,13.11,12.67,12.7,3.413498,2418700,17,605577,20260331
002019.SZ,亿帆医药,11.18,-0.533807829181499,12.68,13,-2.23592907,13.22,12.66,3280/5521,13,13.22,12.66,12.68,4.317656,2.0958459E7,33,002019,20260331
002727.SZ,一心堂,12.68,-0.5490196078431395,12.68,12.75,-0.70477682,12.89,12.66,3280/5521,12.75,12.89,12.66,12.68,1.801096,4655920,33,002727,20260331
300243.SZ,瑞丰高材,17.64,-5.110274341043568,12.68,13.41,-5.58451229,13.55,12.66,3280/5521,13.41,13.55,12.66,12.68,6.626954,2.05443E7,33,300243,20260331
002972.SZ,科安达,13.43,-0.14869888475836116,12.86,12.65,1.66007905,13.32,12.65,3283/5521,12.5,13.17,12.5,12.71,5.296442,1.6437303E7,33,002972,20260331
002973.SZ,侨银股份,12.59,-1.9470404984423677,12.66,13.07,-2.98850575,13.15,12.65,3283/5521,13.07,13.15,12.65,12.66,3.831417,2168247,33,002973,20260331
002572.SZ,索菲亚,11.99,-6.4742589703588145,12.67,12.75,-0.47132757,12.9,12.64,3285/5521,12.75,12.9,12.64,12.67,2.042419,5095300,33,002572,20260331
300559.SZ,佳发教育,13.97,-0.28551034975017237,12.68,13.26,-3.79362671,13.44,12.64,3285/5521,13.26,13.44,12.64,12.68,6.069802,1.9259582E7,33,300559,20260331
601038.SH,一拖股份,13.84,1.243599122165325,12.73,12.73,-0.15686275,12.88,12.64,3285/5521,12.73,12.88,12.64,12.73,1.882352,7812975,17,601038,20260331
000888.SZ,峨眉山A,11.85,-0.4201680672268967,12.69,12.78,-0.70422535,13.02,12.63,3288/5521,12.78,13.02,12.63,12.69,3.051643,1.0048723E7,33,000888,20260331
600250.SH,南京商旅,10.91,1.112140871177025,14.05,12.64,10.02349256,14.05,12.63,3288/5521,12.64,14.05,12.63,14.05,11.119812,6.1071586E7,17,600250,20260331
920580.BJ,科创新材,13.55,0.968703427719827,12.7,12.68,0.15772871,12.9,12.63,3288/5521,12.68,12.9,12.63,12.7,2.129337,750821,151,920580,20260331
000823.SZ,超声电子,14.88,-2.040816326530604,12.65,13.03,-3.28746177,13.13,12.62,3291/5521,13.03,13.13,12.62,12.65,3.899082,1.7263914E7,33,000823,20260331
300143.SZ,盈康生命,11.25,-0.08880994671403009,12.62,12.93,-4.17615793,12.95,12.62,3291/5521,12.93,12.95,12.62,12.62,2.505694,2.8776658E7,33,300143,20260331
603006.SH,联明股份,13.46,0.0,12.64,12.8,-0.8627451,12.96,12.62,3291/5521,12.8,12.96,12.62,12.64,2.666666,1864500,17,603006,20260331
603108.SH,润达医疗,13.43,-0.8856088560885682,12.63,12.84,-1.78849145,13.03,12.62,3291/5521,12.84,13.03,12.62,12.63,3.18818,1.0280329E7,17,603108,20260331
300137.SZ,先河环保,16.66,-1.361752516281826,12.71,14.01,-4.0754717,14.03,12.61,3295/5521,14.01,14.03,12.61,12.71,10.716981,2.9331935E7,33,300137,20260331
300314.SZ,戴维医疗,11.54,-0.8591065292096342,12.65,12.72,0,12.93,12.61,3295/5521,12.72,12.93,12.61,12.65,2.529644,2614727,33,300314,20260331
603041.SH,美思德,14.12,1.436781609195397,12.69,12.89,-1.55159038,13.06,12.61,3295/5521,12.89,13.06,12.61,12.69,3.491078,2461900,17,603041,20260331
002136.SZ,安纳达,15.09,-1.4369693011103895,12.63,12.8,-1.328125,13.09,12.6,3298/5521,12.8,13.09,12.6,12.63,3.828125,7220500,33,002136,20260331
002674.SZ,兴业科技,13.48,-1.3899049012435956,12.61,12.85,-1.17554859,12.95,12.58,3299/5521,12.85,12.95,12.58,12.61,2.899686,2173400,33,002674,20260331
603578.SH,三星新材,13.71,1.031687546057484,12.66,12.97,-2.46533128,13.17,12.58,3299/5521,12.97,13.17,12.58,12.66,4.545454,4180464,17,603578,20260331
603936.SH,博敏电子,15.5,-1.8987341772151942,12.67,13.11,-4.59337349,13.35,12.58,3299/5521,13.11,13.35,12.58,12.67,5.798192,3.3441092E7,17,603936,20260331
300129.SZ,泰胜风能,11.36,3.9341262580054868,12.6,13.02,-4.18250951,13.4,12.57,3302/5521,13.02,13.4,12.57,12.6,6.311787,6.3600305E7,33,300129,20260331
920856.BJ,浩淼科技,12.03,-0.16597510373445104,12.7,12.68,0.07880221,12.99,12.57,3302/5521,12.68,12.99,12.57,12.7,3.309692,722875,151,920856,20260331
002216.SZ,三全食品,14.38,-1.3717421124828484,12.65,12.62,0.15835313,12.96,12.56,3304/5521,12.62,12.96,12.56,12.65,3.167062,1.228018E7,33,002216,20260331
688327.SH,云从科技,13.78,-0.43352601156069726,12.61,12.76,-1.33020344,13.05,12.56,3304/5521,12.76,13.05,12.56,12.61,3.834115,1.5366482E7,17,688327,20260331
300235.SZ,方直科技,14.09,2.7716994894237708,12.62,12.63,0.63795853,13.08,12.55,3306/5521,12.63,13.08,12.55,12.62,4.226475,8110500,33,300235,20260331
300471.SZ,厚普股份,11.98,-0.7456503728251852,12.55,13.1,-3.08880309,13.26,12.54,3307/5521,13.1,13.26,12.54,12.55,5.559845,1.1604985E7,33,300471,20260331
600711.SH,盛屯矿业,13.76,-1.220387652548456,12.67,12.61,0.9561753,13.13,12.54,3307/5521,12.61,13.13,12.54,12.67,4.701195,1.48158041E8,17,600711,20260331
002140.SZ,东华科技,12.51,-0.7142857142857132,12.6,13.11,-3.89016018,13.13,12.52,3309/5521,13.11,13.13,12.52,12.6,4.652936,1.7522054E7,33,002140,20260331
600446.SH,金证股份,13.68,1.3333333333333313,12.52,12.81,-2.3400936,12.96,12.5,3310/5521,12.81,12.96,12.5,12.52,3.588143,1.08917E7,17,600446,20260331
603551.SH,奥普科技,12.2,2.17755443886097,12.67,12.57,0.63542494,12.8,12.5,3310/5521,12.57,12.8,12.5,12.67,2.382843,2923740,17,603551,20260331
688660.SH,电气风电,12.24,2.255639097744357,12.51,12.85,-2.72161742,13.05,12.5,3310/5521,12.85,13.05,12.5,12.51,4.276827,1.1910715E7,17,688660,20260331
920429.BJ,康比特,12.16,0.9966777408637957,12.59,12.67,-0.63141279,13.03,12.5,3310/5521,12.67,13.03,12.5,12.59,4.183109,1317733,151,920429,20260331
300075.SZ,数字政通,13.29,-0.7468259895444467,12.54,12.71,-1.3375295,12.9,12.49,3314/5521,12.71,12.9,12.49,12.54,3.225806,6076920,33,300075,20260331
920475.BJ,三友科技,14.59,3.0367231638418057,12.71,12.56,2.17041801,13.2,12.49,3314/5521,12.56,13.2,12.49,12.71,5.707395,812865,151,920475,20260331
002737.SZ,葵花药业,13.88,5.954198473282451,12.47,12.54,-0.6374502,12.7,12.47,3316/5521,12.54,12.7,12.47,12.47,1.832669,4041296,33,002737,20260331
002507.SZ,涪陵榨菜,12.58,-0.7886435331230256,12.49,12.46,0.24077047,12.61,12.46,3317/5521,12.46,12.61,12.46,12.49,1.203852,1.2413374E7,33,002507,20260331
300407.SZ,凯发电气,13.18,0.5339435545385224,12.96,12.57,3.18471338,13.29,12.46,3317/5521,12.57,13.29,12.46,12.96,6.60828,9502500,33,300407,20260331
600618.SH,氯碱化工,12.87,0.7830853563038344,12.49,12.69,-2.03921569,12.82,12.46,3317/5521,12.69,12.82,12.46,12.49,2.823529,9178276,17,600618,20260331
300018.SZ,中元股份,13.64,-2.7797576621525217,12.47,12.84,-2.88161994,12.97,12.45,3320/5521,12.84,12.97,12.45,12.47,4.049844,9705846,33,300018,20260331
603711.SH,香飘飘,14.28,10.015408320493057,12.46,12.6,-0.63795853,12.73,12.45,3320/5521,12.6,12.73,12.45,12.46,2.232854,1374900,17,603711,20260331
300600.SZ,国瑞科技,12.97,0.6987577639751541,12.46,12.48,-0.63795853,12.88,12.43,3322/5521,12.48,12.88,12.43,12.46,3.588516,4676046,33,300600,20260331
603758.SH,秦安股份,12.24,-0.3257328990227944,12.43,12.58,-1.73913043,12.75,12.42,3323/5521,12.58,12.75,12.42,12.43,2.608695,3000336,17,603758,20260331
603886.SH,元祖股份,12.77,1.4297061159650495,12.47,12.58,-0.87440382,12.78,12.42,3323/5521,12.58,12.78,12.42,12.47,2.861685,7209695,17,603886,20260331
002669.SZ,康达新材,13.47,-0.590405904059041,12.42,12.66,-2.05047319,12.79,12.41,3325/5521,12.66,12.79,12.41,12.42,2.996845,6443400,33,002669,20260331
300288.SZ,朗玛信息,12.45,0.48426150121064343,12.45,12.64,-1.50316456,12.75,12.41,3325/5521,12.64,12.75,12.41,12.45,2.689873,3219300,33,300288,20260331
603803.SH,瑞斯康达,14.3,-3.8332212508406087,12.44,13.3,-8.05617147,13.48,12.41,3325/5521,13.3,13.48,12.41,12.44,7.908351,7.3912675E7,17,603803,20260331
300746.SZ,汉嘉数智,12.48,-1.1093502377178985,12.45,12.61,-1.19047619,12.86,12.4,3328/5521,12.61,12.86,12.4,12.45,3.650793,5959185,33,300746,20260331
920414.BJ,欧普泰,11.37,1.7905102954341925,12.44,12.64,-1.73775671,12.92,12.39,3329/5521,12.64,12.92,12.39,12.44,4.186413,3172383,151,920414,20260331
300142.SZ,沃森生物,13.0,0.8533747090767992,12.39,12.54,-1.11731844,12.78,12.37,3330/5521,12.54,12.78,12.37,12.39,3.272146,4.5970053E7,33,300142,20260331
300417.SZ,南华仪器,14.17,2.458423716558206,12.43,12.74,-2.50980392,12.94,12.37,3330/5521,12.74,12.94,12.37,12.43,4.470588,4591970,33,300417,20260331
002806.SZ,华锋股份,14.08,-0.4243281471004278,12.4,12.88,-3.57698289,12.93,12.35,3332/5521,12.88,12.93,12.35,12.4,4.510108,8764344,33,002806,20260331
300052.SZ,中青宝,11.73,-4.634146341463417,12.37,13.16,-6.07441154,13.18,12.35,3332/5521,13.16,13.18,12.35,12.37,6.302201,1.48836E7,33,300052,20260331
300462.SZ,ST华铭,13.16,-1.5706806282722445,12.45,12.79,-3.33850932,12.92,12.35,3332/5521,12.79,12.92,12.35,12.45,4.425465,4296800,33,300462,20260331
920718.BJ,合肥高科,12.17,-4.549019607843138,12.64,12.48,1.28205128,12.84,12.35,3332/5521,12.48,12.84,12.35,12.64,3.926282,523590,151,920718,20260331
603703.SH,盛洋科技,13.68,1.7100371747211929,12.37,12.49,-1.43426295,12.75,12.34,3336/5521,12.49,12.75,12.34,12.37,3.266932,9898960,17,603703,20260331
300429.SZ,强力新材,14.11,0.5702066999287247,12.35,12.6,-2.2943038,12.71,12.33,3337/5521,12.6,12.71,12.33,12.35,3.006329,7846800,33,300429,20260331
603566.SH,普莱柯,11.97,-0.3330557868442893,12.36,12.48,-0.96153846,12.62,12.33,3337/5521,12.48,12.62,12.33,12.36,2.323717,3241513,17,603566,20260331
601198.SH,东兴证券,13.2,0.8403361344537772,12.32,12.45,-0.7252216,12.58,12.32,3339/5521,12.45,12.58,12.32,12.32,2.095084,1.9353832E7,17,601198,20260331
920471.BJ,美邦科技,14.26,-2.7948193592365382,12.38,12.5,-0.40225261,12.74,12.31,3340/5521,12.5,12.74,12.31,12.38,3.459372,1798581,151,920471,20260331
300931.SZ,通用电梯,15.1,-2.6434558349451978,12.42,12.82,-2.20472441,12.82,12.3,3341/5521,12.82,12.82,12.3,12.42,4.094488,4819995,33,300931,20260331
600710.SH,苏美达,12.22,-2.4740622505985534,12.38,12.46,-0.96,12.63,12.3,3341/5521,12.46,12.63,12.3,12.38,2.64,1.4141642E7,17,600710,20260331
002053.SZ,云南能投,11.57,-0.85689802913453,12.34,13.08,-6.30220197,13.33,12.29,3343/5521,13.08,13.33,12.29,12.34,7.896735,2.3265625E7,33,002053,20260331
603170.SH,宝立食品,13.65,-2.29062276306371,12.35,12.65,-2.98507463,13.14,12.29,3343/5521,12.65,13.14,12.29,12.35,6.67714,4904500,17,603170,20260331
688653.SH,康希通信,15.05,3.793103448275867,12.29,12.56,-2.14968153,12.65,12.29,3343/5521,12.56,12.65,12.29,12.29,2.866242,4649459,17,688653,20260331
920010.BJ,凯添燃气,11.83,0.6808510638297879,12.34,13.07,-6.37329287,13.18,12.29,3343/5521,13.07,13.18,12.29,12.34,6.752655,1.7212843E7,151,920010,20260331
603317.SH,天味食品,17.13,-0.8680555555555678,12.28,12.46,-1.44462279,12.59,12.28,3347/5521,12.46,12.59,12.28,12.28,2.487961,4227934,17,603317,20260331
920163.BJ,方大新材,12.41,-0.48115477145148755,12.28,12.57,-0.96774194,12.74,12.28,3347/5521,12.57,12.74,12.28,12.28,3.709677,455327,151,920163,20260331
300555.SZ,ST路通,13.47,0.14869888475837437,12.37,12.72,-2.75157233,12.86,12.27,3349/5521,12.72,12.86,12.27,12.37,4.638364,2300500,33,300555,20260331
603506.SH,南都物业,13.53,3.917050691244238,12.34,12.55,-1.43769968,12.7,12.26,3350/5521,12.55,12.7,12.26,12.34,3.514376,1945080,17,603506,20260331
300188.SZ,国投智能,12.45,-1.1119936457506003,12.3,12.29,0.32626427,12.52,12.25,3351/5521,12.29,12.52,12.25,12.3,2.202283,8206348,33,300188,20260331
600992.SH,贵绳股份,11.4,-5.236907730673309,12.3,12.35,-0.32414911,12.6,12.24,3352/5521,12.35,12.6,12.24,12.3,2.917341,3609000,17,600992,20260331
300371.SZ,汇中股份,13.44,2.2053231939163433,12.25,12.57,-2.62321145,12.73,12.22,3353/5521,12.57,12.73,12.22,12.25,4.054054,2634100,33,300371,20260331
300778.SZ,新城市,13.05,4.1500399042298595,12.26,12.62,-2.23285486,12.7,12.22,3353/5521,12.62,12.7,12.22,12.26,3.827751,2795300,33,300778,20260331
603015.SH,弘讯科技,11.79,0.9417808219178033,12.22,12.32,-1.21261116,12.55,12.22,3353/5521,12.32,12.55,12.22,12.22,2.667744,4167000,17,603015,20260331
300856.SZ,科思股份,13.96,-0.35688793718771544,12.22,12.31,-1.05263158,12.45,12.21,3356/5521,12.31,12.45,12.21,12.22,1.943319,2765360,33,300856,20260331
601696.SH,中银证券,12.42,1.2224938875305653,12.21,12.33,-0.89285714,12.44,12.21,3356/5521,12.33,12.44,12.21,12.21,1.866883,1.8934318E7,17,601696,20260331
603089.SH,正裕工业,11.59,-0.2581755593803732,12.24,12.25,-0.48780488,12.48,12.21,3356/5521,12.25,12.48,12.21,12.24,2.195121,1716662,17,603089,20260331
920837.BJ,华原股份,13.12,-0.15220700152208028,12.93,12.28,5.8968059,13.43,12.21,3356/5521,12.28,13.43,12.21,12.93,9.991809,3353588,151,920837,20260331
603966.SH,法兰泰克,13.57,-0.8765522279035736,12.29,12.35,0,12.48,12.19,3360/5521,12.35,12.48,12.19,12.29,2.359641,7431658,17,603966,20260331
002893.SZ,京能热力,10.98,1.198156682027657,12.19,13,-7.15917746,13.24,12.18,3361/5521,13,13.24,12.18,12.19,8.073115,4.0671286E7,33,002893,20260331
688389.SH,普门科技,13.05,0.3846153846153901,12.2,12.38,-1.85036203,12.52,12.18,3361/5521,12.38,12.52,12.18,12.2,2.735317,2175155,17,688389,20260331
600859.SH,王府井,12.37,-0.5627009646302273,12.18,12.26,-0.57142857,12.47,12.17,3363/5521,12.26,12.47,12.17,12.18,2.448979,1.0858626E7,17,600859,20260331
601857.SH,中国石油,12.22,-0.24489795918366825,12.19,12.44,-2.0096463,12.62,12.17,3363/5521,12.44,12.62,12.17,12.19,3.617363,2.3420041E8,17,601857,20260331
605169.SH,洪通燃气,12.14,-1.2205044751830643,12.18,13,-6.52340752,13.05,12.16,3365/5521,13,13.05,12.16,12.18,6.830391,9076008,17,605169,20260331
603587.SH,地素时尚,13.34,1.2908124525436593,12.19,12.15,-0.65199674,12.35,12.15,3366/5521,12.15,12.35,12.15,12.19,1.629991,1168742,17,603587,20260331
605268.SH,王力安防,12.98,-7.351891506067091,12.24,12.25,0,12.46,12.15,3366/5521,12.25,12.46,12.15,12.24,2.532679,7268700,17,605268,20260331
002167.SZ,东方锆业,12.91,-1.9741837509491251,12.13,12.39,-2.09846651,12.49,12.13,3368/5521,12.39,12.49,12.13,12.13,2.905569,2.0720709E7,33,002167,20260331
300993.SZ,玉马科技,12.24,0.0817661488143891,12.15,12.29,-0.97799511,12.45,12.13,3368/5521,12.29,12.45,12.13,12.15,2.607986,2348700,33,300993,20260331
920123.BJ,芭薇股份,13.48,1.9667170953101345,12.19,12.29,0.32921811,12.35,12.13,3368/5521,12.29,12.35,12.13,12.19,1.810699,516844,151,920123,20260331
300306.SZ,远方信息,12.65,1.2000000000000028,12.12,12.35,-1.7828201,12.48,12.11,3371/5521,12.35,12.48,12.11,12.12,2.998379,2747400,33,300306,20260331
002115.SZ,三维通信,14.41,-1.8392370572207055,12.18,12.13,0.24691358,12.63,12.1,3372/5521,12.13,12.63,12.1,12.18,4.362139,5.0142508E7,33,002115,20260331
920304.BJ,迪尔化工,11.3,-2.3336214347450266,12.14,12.6,-2.80224179,12.6,12.1,3372/5521,12.6,12.6,12.1,12.14,4.003202,2305281,151,920304,20260331
002590.SZ,万安科技,11.89,-0.5852842809364572,12.11,12.21,-0.81900082,12.33,12.09,3374/5521,12.21,12.33,12.09,12.11,1.965601,5872600,33,002590,20260331
002855.SZ,捷荣技术,12.58,1.8623481781376554,12.16,12.09,0.5789909,12.58,12.09,3374/5521,12.09,12.58,12.09,12.16,4.052936,5000200,33,002855,20260331
600191.SH,华资实业,12.7,-3.0534351145038197,12.11,12.42,-3.58280255,12.72,12.09,3374/5521,12.42,12.72,12.09,12.11,5.015923,6254501,17,600191,20260331
600633.SH,浙数文化,13.12,-2.526002971768214,12.1,12.19,-1.14379085,12.41,12.09,3374/5521,12.19,12.41,12.09,12.1,2.614379,1.548327E7,17,600633,20260331
000682.SZ,东方电子,13.05,-2.320359281437116,12.09,12.41,-2.42130751,12.48,12.08,3378/5521,12.41,12.48,12.08,12.09,3.22841,1.5658851E7,33,000682,20260331
600573.SH,惠泉啤酒,13.74,1.327433628318582,12.14,12.22,0,12.43,12.08,3378/5521,12.22,12.43,12.08,12.14,2.883031,6067600,17,600573,20260331
300138.SZ,晨光生物,11.53,-1.3686911890504718,12.1,12.86,-7.56302521,12.95,12.07,3380/5521,12.86,12.95,12.07,12.1,6.722689,2.5920237E7,33,300138,20260331
920415.BJ,恒拓开源,12.33,1.8166804293971979,12.09,12.16,0.33195021,12.39,12.07,3380/5521,12.16,12.39,12.07,12.09,2.655601,1077915,151,920415,20260331
300729.SZ,乐歌股份,12.39,-1.3535031847133752,12.06,12.18,-0.90386196,12.26,12.05,3382/5521,12.18,12.26,12.05,12.06,1.725554,2328500,33,300729,20260331
301032.SZ,新柴股份,12.95,-0.9938837920489356,12.06,12.12,-0.4950495,12.55,12.05,3382/5521,12.12,12.55,12.05,12.06,4.125412,5611071,33,301032,20260331
300427.SZ,红相股份,10.89,-0.1833180568285937,12.32,12.11,0.9009009,12.8,12.04,3384/5521,12.11,12.8,12.04,12.32,6.224406,4.70717E7,33,300427,20260331
002139.SZ,拓邦股份,10.71,-1.3812154696132466,12.05,12.15,-1.06732348,12.24,12.03,3385/5521,12.15,12.24,12.03,12.05,1.724137,9770411,33,002139,20260331
600197.SH,伊力特,12.26,0.0,12.04,12.28,0.41701418,12.37,12.03,3385/5521,12.28,12.37,12.03,12.04,2.835696,4572105,17,600197,20260331
600697.SH,欧亚集团,12.55,2.19869706840392,12.06,12.24,-1.47058824,12.45,12.03,3385/5521,12.24,12.45,12.03,12.06,3.431372,3072800,17,600697,20260331
603668.SH,天马科技,13.52,3.363914373088681,12.7,12.06,4.26929392,12.88,12.02,3388/5521,12.06,12.88,12.02,12.7,7.060755,2.3355698E7,17,603668,20260331
000703.SZ,恒逸石化,17.65,2.675974403723079,12.19,12.26,-1.29554656,12.51,12.01,3389/5521,12.26,12.51,12.01,12.19,4.048582,1.8790402E7,33,000703,20260331
301355.SZ,南王科技,12.99,1.484374999999996,12.01,12.25,-2.11898941,12.4,12.01,3389/5521,12.25,12.4,12.01,12.01,3.178484,3299800,33,301355,20260331
002164.SZ,宁波东力,12.56,0.7217321571772242,12.06,12.05,0.3327787,12.28,12,3391/5521,12.05,12.28,12,12.06,2.32945,8804400,33,002164,20260331
002248.SZ,华东数控,13.06,1.0835913312693541,12.01,12.13,-1.23355263,12.37,12,3391/5521,12.13,12.37,12,12.01,3.042763,1.08713E7,33,002248,20260331
300550.SZ,和仁科技,13.82,2.67459138187221,12.02,12.2,-1.06995885,12.37,12,3391/5521,12.2,12.37,12,12.02,3.045267,3186513,33,300550,20260331
600377.SH,宁沪高速,12.3,0.654664484451719,12.05,12.04,0.66833751,12.18,11.99,3394/5521,12.04,12.18,11.99,12.05,1.587301,1.029257E7,17,600377,20260331
688079.SH,美迪凯,14.81,-4.636188023180933,11.99,12.65,-6.25488663,12.77,11.99,3394/5521,12.65,12.77,11.99,11.99,6.098514,6612152,17,688079,20260331
605008.SH,长鸿高科,12.05,0.24958402662230564,11.98,12.26,-1.56121611,12.27,11.98,3396/5521,12.26,12.27,11.98,11.98,2.382908,1855200,17,605008,20260331
002716.SZ,湖南白银,11.56,1.2259194395796897,12.04,12.16,0.33333333,12.56,11.96,3397/5521,12.16,12.56,11.96,12.04,5,2.2759886E8,33,002716,20260331
002950.SZ,奥美医疗,13.77,-0.2896451846488119,12.04,12.33,-3.13757039,12.6,11.96,3397/5521,12.33,12.6,11.96,12.04,5.148833,1.637564E7,33,002950,20260331
600679.SH,上海凤凰,11.23,0.8078994614003577,12.06,11.96,0.8361204,12.22,11.96,3397/5521,11.96,12.22,11.96,12.06,2.173913,3959001,17,600679,20260331
600833.SH,第一医药,12.35,4.219409282700422,12.03,12.14,-0.5785124,12.28,11.96,3397/5521,12.14,12.28,11.96,12.03,2.644628,2597602,17,600833,20260331
001217.SZ,华尔泰,12.02,-0.8250825082508222,11.98,12.3,-2.75974026,12.36,11.95,3401/5521,12.3,12.36,11.95,11.98,3.327922,4894700,33,001217,20260331
002787.SZ,华源控股,19.4,0.9890681936491292,12.02,12.7,-5.13022889,12.73,11.95,3401/5521,12.7,12.73,11.95,12.02,6.156274,1.24635E7,33,002787,20260331
300616.SZ,尚品宅配,13.61,-3.3380681818181865,11.98,12.22,-1.72272354,12.44,11.95,3401/5521,12.22,12.44,11.95,11.98,4.019688,2914214,33,300616,20260331
920541.BJ,铁大科技,12.1,0.0,13.02,12.07,6.80885972,13.59,11.94,3404/5521,12.07,13.59,11.94,13.02,13.535684,6131560,151,920541,20260331
002493.SZ,荣盛石化,13.95,2.272727272727263,12.0,12.11,-0.41493776,12.33,11.93,3405/5521,12.11,12.33,11.93,12.0,3.319502,3.5746582E7,33,002493,20260331
002867.SZ,周大生,13.26,-0.8968609865470926,11.94,11.96,-0.25062657,12.08,11.92,3406/5521,11.96,12.08,11.92,11.94,1.336675,5178500,33,002867,20260331
688352.SH,颀中科技,12.97,1.3281249999999993,11.96,12.12,-1.64473684,12.33,11.92,3406/5521,12.12,12.33,11.92,11.96,3.37171,7905179,17,688352,20260331
301211.SZ,亨迪药业,11.49,0.34934497816594695,12.04,12.14,-0.66006601,12.23,11.91,3408/5521,12.14,12.23,11.91,12.04,2.640264,4079809,33,301211,20260331
600753.SH,*ST海钦,13.04,1.4785992217898793,12.0,12.1,-1.31578947,12.47,11.9,3409/5521,12.1,12.47,11.9,12.0,4.6875,3483200,22,600753,20260331
000592.SZ,平潭发展,10.76,1.127819548872173,12.78,12.06,9.9827883,12.78,11.88,3410/5521,12.06,12.78,11.88,12.78,7.745266,4.45250757E8,33,000592,20260331
002181.SZ,粤传媒,16.49,10.00667111407604,12.3,11.89,2.0746888,12.66,11.88,3410/5521,11.89,12.66,11.88,12.3,6.473029,9.4258159E7,33,002181,20260331
603088.SH,宁波精达,11.94,-2.9268292682926926,11.87,12.3,-3.02287582,12.6,11.87,3412/5521,12.3,12.6,11.87,11.87,5.964052,1.6634173E7,17,603088,20260331
603230.SH,内蒙新华,10.76,0.46685340802986863,11.88,12.2,-2.62295082,12.26,11.87,3412/5521,12.2,12.26,11.87,11.88,3.196721,4115200,17,603230,20260331
603291.SH,联合水务,11.46,1.6858917480035607,11.91,12,-0.99750623,12.17,11.87,3412/5521,12,12.17,11.87,11.91,2.493765,4508412,17,603291,20260331
688203.SH,海正生材,13.55,-1.8115942028985506,11.95,12.2,-1.40264026,12.3,11.87,3412/5521,12.2,12.3,11.87,11.95,3.547854,1809731,17,688203,20260331
920685.BJ,新芝生物,12.65,1.0383386581469711,11.93,12.08,-0.58333333,12.25,11.87,3412/5521,12.08,12.25,11.87,11.93,3.166666,664304,151,920685,20260331
603637.SH,镇海股份,16.88,5.040448039825754,11.88,12.18,-2.46305419,12.3,11.86,3417/5521,12.18,12.3,11.86,11.88,3.612479,4575000,17,603637,20260331
603885.SH,吉祥航空,11.44,-1.294219154443489,11.99,12.08,0.16708438,12.28,11.86,3417/5521,12.08,12.28,11.86,11.99,3.508771,2.6872466E7,17,603885,20260331
002632.SZ,道明光学,11.04,-1.340482573726545,11.85,12.56,-5.95238095,12.74,11.85,3419/5521,12.56,12.74,11.85,11.85,7.063492,3.057831E7,33,002632,20260331
603811.SH,诚意药业,11.86,-1.0016694490818112,11.86,11.89,-1.00166945,12.1,11.85,3419/5521,11.89,12.1,11.85,11.86,2.086811,6695405,17,603811,20260331
002014.SZ,永新股份,11.19,-0.7978723404255307,11.86,12.12,-2.14521452,12.19,11.84,3421/5521,12.12,12.19,11.84,11.86,2.887788,3352830,33,002014,20260331
300047.SZ,天源迪科,12.34,-0.5640612409347323,11.85,12.12,-0.67057837,12.19,11.83,3422/5521,12.12,12.19,11.83,11.85,3.017602,1.1765563E7,33,300047,20260331
688057.SH,金达莱,12.47,1.1354420113544248,11.9,11.98,-0.66777963,12.2,11.83,3422/5521,11.98,12.2,11.83,11.9,3.08848,1699750,17,688057,20260331
002278.SZ,神开股份,10.39,0.19286403085825798,12.09,11.92,1.08695652,12.3,11.82,3424/5521,11.92,12.3,11.82,12.09,4.013377,2.1815E7,33,002278,20260331
300406.SZ,九强生物,12.7,2.584814216478178,11.83,11.88,-0.42087542,12.04,11.82,3424/5521,11.88,12.04,11.82,11.83,1.851851,2938400,33,300406,20260331
600577.SH,精达股份,13.03,4.490777866880503,11.84,12.05,-1.98675497,12.25,11.82,3424/5521,12.05,12.25,11.82,11.84,3.559602,4.0467713E7,17,600577,20260331
300258.SZ,精锻科技,11.31,0.8920606601248853,11.82,11.96,-1.5,12.21,11.81,3427/5521,11.96,12.21,11.81,11.82,3.333333,1.3853069E7,33,300258,20260331
920642.BJ,通易航天,12.39,2.566225165562918,12.0,11.89,0.84033613,12.46,11.81,3427/5521,11.89,12.46,11.81,12.0,5.462184,1969662,151,920642,20260331
600640.SH,国脉文化,12.4,-1.5873015873015817,11.84,11.8,0.16920474,12.07,11.8,3429/5521,11.8,12.07,11.8,11.84,2.284263,5301601,17,600640,20260331
600846.SH,同济科技,12.76,-2.297090352220526,11.83,12.25,-3.27064595,12.31,11.8,3429/5521,12.25,12.31,11.8,11.83,4.170073,2852242,17,600846,20260331
600857.SH,宁波中百,12.71,2.7485852869846537,11.84,12.4,-3.34693878,12.49,11.8,3429/5521,12.4,12.49,11.8,11.84,5.632653,3492877,17,600857,20260331
000612.SZ,焦作万方,13.29,-0.968703427719827,11.89,12.27,-3.49025974,12.41,11.79,3432/5521,12.27,12.41,11.79,11.89,5.032467,4.8257066E7,33,000612,20260331
002713.SZ,*ST东易,12.78,3.9024390243902327,11.86,12.9,-4.04530744,12.98,11.78,3433/5521,12.9,12.98,11.78,11.86,9.708737,4.3833886E7,33,002713,20260331
002900.SZ,哈三联,11.56,0.08658008658008473,11.79,11.94,-0.67396799,12.04,11.78,3433/5521,11.94,12.04,11.78,11.79,2.190395,3823272,33,002900,20260331
002960.SZ,青鸟智控,12.1,1.1705685618728996,11.85,11.82,1.7167382,12.25,11.76,3435/5521,11.82,12.25,11.76,11.85,4.206008,2.4746525E7,33,002960,20260331
301277.SZ,新天地,11.4,0.6178287731685815,11.78,11.76,-0.5907173,12.09,11.76,3435/5521,11.56,11.89,11.56,11.58,2.78481,3092532,33,301277,20260331
002011.SZ,盾安环境,11.68,-1.5177065767284967,11.75,11.99,-1.83792815,12.06,11.72,3437/5521,11.99,12.06,11.72,11.75,2.840434,9598500,33,002011,20260331
603408.SH,建霖家居,11.83,-0.6717044500419821,11.79,11.81,-0.84104289,12.06,11.72,3437/5521,11.81,12.06,11.72,11.79,2.859545,1546600,17,603408,20260331
002083.SZ,孚日股份,11.3,-1.4821272885789007,11.77,11.96,-2.88778878,12.03,11.7,3439/5521,11.96,12.03,11.7,11.77,2.722772,4.9235952E7,33,002083,20260331
002708.SZ,光洋股份,13.34,1.2908124525436593,11.72,11.95,-1.51260504,11.97,11.7,3439/5521,11.95,11.97,11.7,11.72,2.268907,6666100,33,002708,20260331
600552.SH,凯盛科技,15.54,0.8436080467229008,11.86,12.01,-1.98347107,12.17,11.7,3439/5521,12.01,12.17,11.7,11.86,3.884297,3.3323726E7,17,600552,20260331
603997.SH,继峰股份,12.17,0.0822368421052614,11.76,11.86,-0.67567568,12.1,11.7,3439/5521,11.86,12.1,11.7,11.76,3.378378,1.24681E7,17,603997,20260331
920931.BJ,无锡鼎邦,11.9,1.018675721561978,11.99,11.9,0.75630252,12.13,11.7,3439/5521,11.9,12.13,11.7,11.99,3.613445,289766,151,920931,20260331
002789.SZ,*ST建艺,12.89,3.7007240547063627,11.83,12.1,-3.82113821,12.65,11.69,3444/5521,12.1,12.65,11.69,11.83,7.804878,4598876,33,002789,20260331
603058.SH,永吉股份,11.05,4.739336492890995,11.81,11.7,0.08474576,12.5,11.69,3444/5521,11.7,12.5,11.69,11.81,6.864406,6517300,17,603058,20260331
000151.SZ,中成股份,11.84,0.1692047377326529,11.7,11.77,-0.67911715,11.99,11.68,3446/5521,11.77,11.99,11.68,11.7,2.631578,3644900,33,000151,20260331
600366.SH,宁波韵升,13.27,-0.9701492537313491,11.75,11.74,0.08517888,11.91,11.68,3446/5521,11.74,11.91,11.68,11.75,1.959114,1.604942E7,17,600366,20260331
920834.BJ,三维装备,11.61,0.4325259515570842,11.78,11.86,-0.5907173,12.01,11.68,3446/5521,11.86,12.01,11.68,11.78,2.78481,1049362,151,920834,20260331
000700.SZ,模塑科技,12.04,6.172839506172833,11.68,11.91,-1.68350168,12.17,11.67,3449/5521,11.91,12.17,11.67,11.68,4.208754,2.5035312E7,33,000700,20260331
603081.SH,大丰实业,12.46,4.267782426778256,11.67,11.84,-1.10169492,11.96,11.67,3449/5521,11.84,11.96,11.67,11.67,2.457627,3546300,17,603081,20260331
000821.SZ,ST京机,10.3,-0.866217516843117,11.67,11.87,-1.76767677,12.15,11.66,3451/5521,11.87,12.15,11.66,11.67,4.124579,1.6424376E7,33,000821,20260331
300795.SZ,米奥会展,10.89,0.18399264029440066,11.68,11.99,-2.99003322,12.16,11.66,3451/5521,11.79,11.96,11.46,11.48,4.152823,6250947,33,300795,20260331
601083.SH,锦江航运,12.11,-3.1974420463629127,11.75,12.04,-2.48962656,12.1,11.66,3451/5521,12.04,12.1,11.66,11.75,3.651452,1.08135E7,17,601083,20260331
300396.SZ,迪瑞医疗,,,11.67,11.71,0.17167382,11.91,11.65,3454/5521,11.71,11.91,11.65,11.67,2.231759,2451140,33,300396,20260331
920720.BJ,吉冈精密,12.03,-0.4139072847682178,11.83,11.76,0.85251492,12.08,11.65,3454/5521,11.76,12.08,11.65,11.83,3.665814,1152204,151,920720,20260331
002185.SZ,华天科技,13.11,2.6624902114330453,11.64,12.15,-4.59016393,12.17,11.63,3456/5521,12.15,12.17,11.63,11.64,4.426229,1.04709967E8,33,002185,20260331
600703.SH,三安光电,13.67,-1.9368723098995666,11.67,12.17,-4.10846343,12.28,11.63,3456/5521,12.17,12.28,11.63,11.67,5.341002,1.94715775E8,17,600703,20260331
601061.SH,中信金属,13.86,-1.2820512820512802,11.63,11.74,-0.68317677,11.95,11.63,3456/5521,11.74,11.95,11.63,11.63,2.732707,1.3038958E7,17,601061,20260331
000680.SZ,山推股份,11.91,0.761421319796953,11.62,11.7,0.17241379,11.97,11.62,3459/5521,11.7,11.97,11.62,11.62,3.017241,2.533586E7,33,000680,20260331
002208.SZ,合肥城建,13.74,5.855161787365175,12.12,12.3,-1.86234818,12.94,11.62,3459/5521,12.3,12.94,11.62,12.12,10.688259,5.640652E7,33,002208,20260331
300121.SZ,阳谷华泰,12.33,-2.529644268774706,11.62,12.12,-4.12541254,12.17,11.62,3459/5521,12.12,12.17,11.62,11.62,4.537953,1.0301155E7,33,300121,20260331
300603.SZ,立昂技术,10.2,-2.578796561604597,11.68,11.73,-1.35135135,12.18,11.62,3459/5521,11.73,12.18,11.62,11.68,4.729729,5.2785244E7,33,300603,20260331
600588.SH,用友网络,11.68,-1.6006739679865165,11.64,11.75,-0.76726343,11.97,11.62,3459/5521,11.75,11.97,11.62,11.64,2.983802,2.9467285E7,17,600588,20260331
600458.SH,时代新材,12.01,0.08333333333333155,11.65,11.79,-2.26510067,12.02,11.61,3464/5521,11.79,12.02,11.61,11.65,3.439597,2.7441254E7,17,600458,20260331
920427.BJ,华维设计,12.2,2.9535864978902926,11.65,11.69,-0.68201194,11.98,11.61,3464/5521,11.69,11.98,11.61,11.65,3.154305,853847,151,920427,20260331
000590.SZ,古汉医药,11.16,0.540540540540545,11.68,12,-2.50417362,12.12,11.6,3466/5521,12,12.12,11.6,11.68,4.340567,4268400,33,000590,20260331
000905.SZ,厦门港务,10.91,1.112140871177025,11.81,11.58,1.63511188,12.15,11.58,3467/5521,11.58,12.15,11.58,11.81,4.905335,3.9713906E7,33,000905,20260331
300592.SZ,华凯易佰,13.01,-0.5351681957186566,11.63,11.68,-0.42808219,11.87,11.58,3467/5521,11.68,11.87,11.58,11.63,2.482876,3983300,33,300592,20260331
300800.SZ,力合科技,12.81,1.5055467511885998,11.63,11.86,-2.02190396,11.96,11.57,3469/5521,11.86,11.96,11.57,11.63,3.285593,3059918,33,300800,20260331
600644.SH,乐山电力,11.58,-1.8644067796610222,11.6,12.2,-5.61432059,12.28,11.57,3469/5521,12.2,12.28,11.57,11.6,5.777054,4.3693536E7,17,600644,20260331
688588.SH,凌志软件,11.75,1.555747623163351,11.61,12.15,-1.19148936,12.15,11.57,3469/5521,12.15,12.15,11.57,11.61,4.93617,3644953,17,688588,20260331
300368.SZ,汇金股份,10.2,0.4926108374384131,11.57,11.8,-2.52737995,12.55,11.56,3472/5521,11.8,12.55,11.56,11.57,8.340353,3.36916E7,33,300368,20260331
300403.SZ,汉宇集团,10.9,1.019462465245609,11.58,11.6,0.17301038,11.81,11.56,3472/5521,11.6,11.81,11.56,11.58,2.162629,6739600,33,300403,20260331
002045.SZ,国光电器,11.28,-1.052631578947377,11.56,11.62,-0.68728522,11.77,11.55,3474/5521,11.62,11.77,11.55,11.56,1.890034,6926500,33,002045,20260331
300694.SZ,蠡湖股份,12.74,1.1914217633042126,11.59,11.62,-0.17226529,11.98,11.55,3474/5521,11.62,11.98,11.55,11.59,3.703703,5323000,33,300694,20260331
603299.SH,苏盐井神,10.87,-1.2715712988192605,11.6,11.8,-1.52801358,11.85,11.55,3474/5521,11.8,11.85,11.55,11.6,2.546689,6512967,17,603299,20260331
300051.SZ,琏升科技,16.45,0.4273504273504291,12.18,11.55,3.04568528,12.8,11.54,3477/5521,11.55,12.8,11.54,12.18,10.659898,5.01151E7,33,300051,20260331
301009.SZ,可靠股份,11.3,0.26619343389530736,11.54,11.66,-1.36752137,11.85,11.54,3477/5521,11.66,11.85,11.54,11.54,2.649572,2573200,33,301009,20260331
603390.SH,通达电气,13.35,-1.9823788546255476,11.55,11.52,-0.25906736,11.77,11.52,3479/5521,11.52,11.77,11.52,11.55,2.158894,2857500,17,603390,20260331
605069.SH,正和生态,14.19,-1.9350380096751978,11.6,12.14,-3.41382182,12.15,11.52,3479/5521,12.14,12.15,11.52,11.6,5.245628,4164860,17,605069,20260331
002312.SZ,川发龙蟒,10.95,-2.1447721179624684,11.53,11.87,-3.51464435,12,11.51,3481/5521,11.87,12,11.51,11.53,4.100418,3.8335441E7,33,002312,20260331
000678.SZ,襄阳轴承,11.64,1.3054830287206296,12.64,11.53,10.00870322,12.64,11.5,3482/5521,11.53,12.64,11.5,12.64,9.921671,2.5075726E7,33,000678,20260331
000970.SZ,中科三环,12.08,-0.4942339373970387,11.54,11.54,-0.17301038,11.75,11.5,3482/5521,11.54,11.75,11.5,11.54,2.162629,1.7142485E7,33,000970,20260331
603517.SH,ST绝味,12.68,-0.7824726134585263,11.7,11.76,-0.42553191,11.94,11.5,3482/5521,11.76,11.94,11.5,11.7,3.74468,3608710,22,603517,20260331
002096.SZ,易普力,10.86,-6.459948320413437,11.53,11.99,-3.83653044,12,11.48,3485/5521,11.99,12,11.48,11.53,4.336947,2.0463616E7,33,002096,20260331
002887.SZ,绿茵生态,13.3,1.0638297872340468,11.55,11.61,-0.60240964,11.87,11.48,3485/5521,11.61,11.87,11.48,11.55,3.356282,6513730,33,002887,20260331
300063.SZ,天龙集团,11.43,0.5277044854881311,11.59,11.5,0,11.97,11.48,3485/5521,11.5,11.97,11.48,11.59,4.227782,5.7469093E7,33,300063,20260331
300397.SZ,天和防务,12.69,0.15785319652722632,11.49,11.72,-2.54452926,11.9,11.47,3488/5521,11.72,11.9,11.47,11.49,3.647158,1.2524231E7,33,300397,20260331
300787.SZ,海能实业,10.91,2.057998129092616,11.47,11.58,-1.62950257,11.81,11.47,3488/5521,11.58,11.81,11.47,11.47,2.915951,3502035,33,300787,20260331
002898.SZ,*ST赛隆,8.3,-5.0343249427917565,11.52,11.57,-0.43215212,11.68,11.46,3490/5521,11.57,11.68,11.46,11.52,1.901469,614270,33,002898,20260331
002968.SZ,新大正,12.32,2.666666666666669,11.51,11.75,-1.37103685,11.92,11.46,3490/5521,11.75,11.92,11.46,11.51,3.94173,3507600,33,002968,20260331
600251.SH,冠农股份,12.95,1.8882769472855894,11.5,11.75,-2.7072758,11.85,11.46,3490/5521,11.75,11.85,11.46,11.5,3.299492,1.314112E7,17,600251,20260331
600873.SH,梅花生物,9.92,-0.9980039920159646,11.45,11.66,-1.96917808,11.8,11.45,3493/5521,11.66,11.8,11.45,11.45,2.996575,3.15643E7,17,600873,20260331
002649.SZ,博彦科技,10.47,-1.1331444759206726,11.45,11.62,-1.29310345,11.71,11.42,3494/5521,11.62,11.71,11.42,11.45,2.5,6882100,33,002649,20260331
002953.SZ,日丰股份,11.84,-0.5042016806722731,11.46,11.5,-0.8650519,11.73,11.42,3494/5521,11.5,11.73,11.42,11.46,2.68166,5892104,33,002953,20260331
600615.SH,鑫源智造,11.87,1.1935208866155054,11.45,11.67,-1.37812231,11.82,11.42,3494/5521,11.67,11.82,11.42,11.45,3.445305,2357420,17,600615,20260331
603565.SH,中谷物流,10.85,0.18467220683286772,11.47,11.52,-0.52038161,11.67,11.42,3494/5521,11.52,11.67,11.42,11.47,2.168256,1.832855E7,17,603565,20260331
301149.SZ,隆华新材,13.69,0.735835172921263,11.46,11.63,-1.46173689,11.74,11.41,3498/5521,11.63,11.74,11.41,11.46,2.837489,8239373,33,301149,20260331
603398.SH,*ST沐邦,12.45,4.974704890387858,11.51,11.65,-1.03181427,11.92,11.41,3498/5521,11.65,11.92,11.41,11.51,4.38521,6457460,22,603398,20260331
002748.SZ,世龙实业,12.83,-0.696594427244581,11.41,11.68,-2.47863248,11.79,11.4,3500/5521,11.68,11.79,11.4,11.41,3.333333,4079400,33,002748,20260331
603901.SH,永创智能,12.22,-4.231974921630087,11.4,11.4,-0.78328982,11.84,11.4,3500/5521,11.4,11.84,11.4,11.4,3.829416,6990450,17,603901,20260331
000920.SZ,沃顿科技,11.52,-2.372881355932213,11.45,11.51,1.05913504,11.99,11.39,3502/5521,11.51,11.99,11.39,11.45,5.295675,1.5441163E7,33,000920,20260331
600379.SH,宝光股份,16.78,10.032786885245908,11.92,11.55,2.93609672,12.27,11.39,3502/5521,11.55,12.27,11.39,11.92,7.599309,1.0066969E7,17,600379,20260331
600422.SH,昆药集团,9.5,0.0,11.4,11.5,-1.04166667,11.63,11.39,3502/5521,11.5,11.63,11.39,11.4,2.083333,4841602,17,600422,20260331
000037.SZ,深南电A,10.8,-1.0989010989010917,13.02,11.6,9.96621622,13.02,11.38,3505/5521,11.6,13.02,11.38,13.02,13.851351,8.2606424E7,33,000037,20260331
920300.BJ,辰光医疗,11.35,0.17652250661959024,11.45,11.65,-1.20793788,11.88,11.38,3505/5521,11.65,11.88,11.38,11.45,4.314063,1419024,151,920300,20260331
002152.SZ,广电运通,11.66,-0.2566295979469578,11.37,11.53,-1.21633362,11.62,11.37,3507/5521,11.53,11.62,11.37,11.37,2.172024,1.8342682E7,33,002152,20260331
002201.SZ,九鼎新材,13.39,-4.014336917562715,11.62,11.39,1.04347826,11.88,11.37,3507/5521,11.39,11.88,11.37,11.62,4.434782,4.298094E7,33,002201,20260331
300212.SZ,*ST易录,6.55,-20.02442002442002,11.43,11.84,-5.2238806,12.27,11.37,3507/5521,11.84,12.27,11.37,11.43,7.462686,3.9657678E7,33,300212,20260331
601969.SH,海南矿业,12.23,-2.4720893141945672,11.38,11.95,-5.48172757,12.11,11.37,3507/5521,11.95,12.11,11.37,11.38,6.146179,3.5852644E7,17,601969,20260331
300131.SZ,英唐智控,16.25,-2.1084337349397675,11.38,11.78,-4.84949833,11.84,11.36,3511/5521,11.78,11.84,11.36,11.38,4.013377,6.1825207E7,33,300131,20260331
600078.SH,澄星股份,13.21,-1.1227544910179534,11.36,11.71,-4.29654591,11.88,11.36,3511/5521,11.71,11.88,11.36,11.36,4.380791,1.8427802E7,17,600078,20260331
603903.SH,中持股份,12.24,3.553299492385786,11.41,11.66,-3.2230704,11.92,11.36,3511/5521,11.66,11.92,11.36,11.41,4.749787,4443000,17,603903,20260331
920519.BJ,万德股份,12.23,3.381234150464923,11.49,11.49,-0.17376195,11.61,11.36,3511/5521,11.49,11.61,11.36,11.49,2.172024,382238,151,920519,20260331
000856.SZ,冀东装备,10.3,2.487562189054726,11.35,11.5,-1.98618307,11.89,11.35,3515/5521,11.5,11.89,11.35,11.35,4.663212,1.5847038E7,33,000856,20260331
300845.SZ,捷安高科,13.73,0.6598240469208201,11.38,11.49,-0.43744532,11.77,11.35,3515/5521,11.49,11.77,11.35,11.38,3.67454,5228202,33,300845,20260331
002571.SZ,德力股份,11.42,1.7825311942958937,11.35,11.77,-3.56839422,11.77,11.34,3517/5521,11.77,11.77,11.34,11.35,3.653355,6073900,33,002571,20260331
300968.SZ,格林精密,11.79,0.9417808219178033,11.36,11.62,-1.81503889,11.74,11.34,3517/5521,11.62,11.74,11.34,11.36,3.457216,3279000,33,300968,20260331
601600.SH,中国铝业,11.65,-2.183039462636438,11.4,11.98,-4.76190476,12,11.34,3517/5521,11.98,12,11.34,11.4,5.513784,4.09060071E8,17,601600,20260331
002184.SZ,海得控制,11.69,4.096170970614417,11.33,11.56,-1.81975737,11.66,11.33,3520/5521,11.56,11.66,11.33,11.33,2.859618,3787832,33,002184,20260331
002637.SZ,赞宇科技,12.78,0.3139717425431644,11.37,11.92,-4.53400504,12.16,11.33,3520/5521,11.92,12.16,11.33,11.37,6.968933,1.50158E7,33,002637,20260331
688512.SH,慧智微,12.68,5.666666666666664,11.35,11.79,-3.48639456,11.9,11.32,3522/5521,11.79,11.9,11.32,11.35,4.931972,8723320,17,688512,20260331
603221.SH,爱丽家居,12.55,3.037766830870287,11.38,11.55,-1.3864818,11.76,11.31,3523/5521,11.55,11.76,11.31,11.38,3.89948,2224100,17,603221,20260331
603909.SH,建发合诚,12.15,-1.0586319218240963,11.43,11.66,-1.88841202,11.84,11.3,3524/5521,11.66,11.84,11.3,11.43,4.635193,5144948,17,603909,20260331
600452.SH,涪陵电力,11.61,-2.3549201009251566,11.3,11.5,-1.99479618,11.82,11.29,3525/5521,11.5,11.82,11.29,11.3,4.596704,4.3729325E7,17,600452,20260331
002296.SZ,辉煌科技,11.3,-0.4405286343612241,11.54,11.37,1.67400881,11.8,11.28,3526/5521,11.37,11.8,11.28,11.54,4.581497,2.06889E7,33,002296,20260331
300590.SZ,移为通信,14.67,-2.5896414342629517,11.42,11.38,0.1754386,11.66,11.28,3526/5521,11.38,11.66,11.28,11.42,3.333333,5233203,33,300590,20260331
603399.SH,永杉锂业,19.39,9.98298355076575,11.29,11.49,-2.92347377,11.64,11.28,3526/5521,11.49,11.64,11.28,11.29,3.095442,3.024649E7,17,603399,20260331
600099.SH,林海股份,11.7,1.5624999999999976,11.32,11.4,0.71174377,11.7,11.27,3529/5521,11.4,11.7,11.27,11.32,3.825622,1.147364E7,17,600099,20260331
300254.SZ,仟源医药,13.5,5.386416861826693,11.28,11.68,-3.34190231,11.84,11.26,3530/5521,11.68,11.84,11.26,11.28,4.970008,1.15824E7,33,300254,20260331
300625.SZ,三雄极光,11.86,-0.1683501683501797,11.29,11.52,-1.99652778,11.65,11.26,3530/5521,11.52,11.65,11.26,11.29,3.385416,1949200,33,300625,20260331
600693.SH,东百集团,11.35,-1.3043478260869596,11.31,11.3,-0.61511424,11.85,11.25,3532/5521,11.3,11.85,11.25,11.31,5.272407,5.3201605E7,17,600693,20260331
002399.SZ,海普瑞,10.87,0.9285051067780841,11.34,11.27,0.8,11.44,11.24,3533/5521,11.27,11.44,11.24,11.34,1.777777,5398320,33,002399,20260331
300382.SZ,斯莱克,15.6,1.7612524461839503,11.42,11.3,0.52816901,11.78,11.24,3533/5521,11.3,11.78,11.24,11.42,4.753521,1.6612753E7,33,300382,20260331
300509.SZ,新美星,11.39,-0.43706293706292776,11.28,11.68,-2.92598967,11.7,11.24,3533/5521,11.68,11.7,11.24,11.28,3.958691,1.1064938E7,33,300509,20260331
603177.SH,德创环保,12.09,2.8936170212765946,11.27,11.61,-3.09544282,11.69,11.24,3533/5521,11.61,11.69,11.24,11.27,3.869303,3786200,17,603177,20260331
002440.SZ,闰土股份,10.86,-3.8086802480070836,11.27,11.4,-2.08514335,11.64,11.23,3537/5521,11.4,11.64,11.23,11.27,3.562119,2.266825E7,33,002440,20260331
603105.SH,芯能科技,9.73,-2.6026026026026003,11.28,11.7,-5.05050505,11.96,11.23,3537/5521,11.7,11.96,11.23,11.28,6.144781,4.6153357E7,17,603105,20260331
002372.SZ,伟星新材,11.07,2.121771217712181,11.22,11.26,-0.88339223,11.5,11.22,3539/5521,11.26,11.5,11.22,11.22,2.473498,5687097,33,002372,20260331
301526.SZ,国际复材,16.08,-5.633802816901413,11.28,11.54,-3.42465753,11.67,11.22,3539/5521,11.54,11.67,11.22,11.28,3.852739,1.00572719E8,33,301526,20260331
002856.SZ,*ST美芝,13.78,5.03048780487805,11.24,11.7,-2.68398268,11.7,11.21,3541/5521,11.7,11.7,11.21,11.24,4.242424,4378200,33,002856,20260331
603136.SH,天目湖,11.04,-1.07526881720431,11.26,11.34,-1.57342657,11.61,11.21,3541/5521,11.34,11.61,11.21,11.26,3.496503,4477180,17,603136,20260331
002736.SZ,国信证券,10.72,-3.597122302158261,11.21,11.3,-0.79646018,11.42,11.2,3543/5521,11.3,11.42,11.2,11.21,1.946902,2.1597122E7,33,002736,20260331
300231.SZ,银信科技,10.57,-2.4907749077490737,11.21,11.6,-7.27874276,11.78,11.2,3543/5521,11.6,11.78,11.2,11.21,4.797353,3.7266632E7,33,300231,20260331
002582.SZ,好想你,12.55,0.8842443729903634,11.23,11.31,-0.53144376,11.42,11.19,3545/5521,11.31,11.42,11.19,11.23,2.037201,1.219433E7,33,002582,20260331
301126.SZ,达嘉维康,11.89,1.2776831345826265,11.26,11.4,-1.05448155,11.68,11.19,3545/5521,11.4,11.68,11.19,11.26,4.305799,3500100,33,301126,20260331
300701.SZ,森霸传感,12.03,1.0075566750629656,11.18,11.36,-1.75746924,11.54,11.18,3547/5521,11.36,11.54,11.18,11.18,3.163444,3235700,33,300701,20260331
601009.SH,南京银行,11.75,0.1705029838022129,11.39,11.28,0.79646018,11.49,11.18,3547/5521,11.28,11.49,11.18,11.39,2.743362,6.6579377E7,17,601009,20260331
920212.BJ,智新电子,11.74,-1.178451178451183,11.23,11.34,-0.17777778,11.56,11.18,3547/5521,11.34,11.56,11.18,11.23,3.377777,503893,151,920212,20260331
300055.SZ,万邦达,11.62,1.9298245614034988,11.21,11.34,-0.70859167,11.54,11.17,3550/5521,11.34,11.54,11.17,11.21,3.277236,2.7294212E7,33,300055,20260331
600739.SH,辽宁成大,11.9,0.0,11.24,11.19,0.80717489,11.59,11.17,3550/5521,11.19,11.59,11.17,11.24,3.766816,1.1274717E7,17,600739,20260331
600865.SH,百大集团,11.51,2.5846702317290475,11.21,11.3,-0.70859167,11.54,11.16,3552/5521,11.3,11.54,11.16,11.21,3.36581,5417500,17,600865,20260331
600081.SH,东风科技,11.29,3.388278388278381,11.28,11.22,0.71428571,11.44,11.15,3553/5521,11.22,11.44,11.15,11.28,2.589285,1833725,17,600081,20260331
603158.SH,腾龙股份,12.76,-1.391035548686242,11.16,11.38,-2.61780105,11.7,11.15,3553/5521,11.38,11.7,11.15,11.16,4.799301,2.28003E7,17,603158,20260331
600380.SH,健康元,10.93,-1.531531531531531,11.2,11.18,0.17889088,11.32,11.14,3555/5521,11.18,11.32,11.14,11.2,1.610017,1.548208E7,17,600380,20260331
603527.SH,众源新材,12.96,4.3478260869565295,11.16,11.37,-2.36220472,11.55,11.14,3555/5521,11.37,11.55,11.14,11.16,3.587051,1.3256207E7,17,603527,20260331
002679.SZ,福建金森,10.9,0.36832412523021113,11.25,11.13,0.80645161,11.63,11.13,3557/5521,11.13,11.63,11.13,11.25,4.480286,9138252,33,002679,20260331
300494.SZ,盛天网络,11.03,-1.868327402135239,11.14,11.33,-2.02286719,11.49,11.13,3557/5521,11.33,11.49,11.13,11.14,3.166226,6779300,33,300494,20260331
002253.SZ,*ST智胜,10.91,-0.8181818181818169,11.14,11.55,-3.79965458,11.6,11.12,3559/5521,11.55,11.6,11.12,11.14,4.145077,4708779,33,002253,20260331
002579.SZ,中京电子,11.85,-4.126213592233008,11.17,11.69,-4.77408355,11.78,11.11,3560/5521,11.69,11.78,11.11,11.17,5.711849,3.7901394E7,33,002579,20260331
002809.SZ,红墙股份,10.66,0.5660377358490614,11.13,11.35,-2.28270413,11.5,11.11,3560/5521,11.35,11.5,11.11,11.13,3.424056,8971137,33,002809,20260331
600860.SH,京城股份,10.79,0.27881040892192716,11.13,11.61,-1.59151194,11.68,11.11,3560/5521,11.61,11.68,11.11,11.13,5.039787,1.4360238E7,17,600860,20260331
000957.SZ,中通客车,11.93,-0.9958506224066472,11.52,11.1,3.97111913,12.1,11.1,3563/5521,11.1,12.1,11.1,11.52,9.02527,4.3702762E7,33,000957,20260331
002171.SZ,楚江新材,11.31,-0.9632224168126045,11.36,11.12,2.34234234,11.47,11.1,3563/5521,11.12,11.47,11.1,11.36,3.333333,4.6671077E7,33,002171,20260331
002910.SZ,庄园牧场,11.31,2.168021680216804,11.1,11.36,-1.9434629,11.49,11.1,3563/5521,11.36,11.49,11.1,11.1,3.445229,4778300,33,002910,20260331
300319.SZ,麦捷科技,12.46,-0.8750994431185316,11.13,11.42,-2.53940455,11.51,11.1,3563/5521,11.42,11.51,11.1,11.13,3.590192,2.4360276E7,33,300319,20260331
600178.SH,东安动力,10.2,-1.1627906976744282,11.1,11.25,-1.68290523,11.36,11.1,3563/5521,11.25,11.36,11.1,11.1,2.302922,3976600,17,600178,20260331
002351.SZ,漫步者,11.11,-0.8035714285714274,11.24,11.21,0.71684588,11.41,11.09,3568/5521,11.21,11.41,11.09,11.24,2.867383,8357317,33,002351,20260331
600476.SH,*ST湘邮,11.56,4.995458673932795,11.3,11.1,1.89359784,11.74,11.09,3568/5521,11.1,11.74,11.09,11.3,5.861136,7894430,22,600476,20260331
300610.SZ,晨化股份,12.34,-0.32310177705978127,11.1,11.34,-2.11640212,11.42,11.07,3570/5521,11.34,11.42,11.07,11.1,3.086419,3747799,33,300610,20260331
600135.SH,乐凯胶片,11.43,4.098360655737698,11.12,11.6,0.54249548,12.14,11.07,3570/5521,11.6,12.14,11.07,11.12,9.674502,6.698569E7,17,600135,20260331
603500.SH,祥和实业,10.71,1.3245033112582836,11.16,11.11,0.90415913,11.48,11.07,3570/5521,11.11,11.48,11.07,11.16,3.707052,5975106,17,603500,20260331
001356.SZ,富岭股份,10.9,-0.45662100456620036,11.07,11.15,-0.71748879,11.27,11.06,3573/5521,11.15,11.27,11.06,11.07,1.883408,2481600,33,001356,20260331
002488.SZ,金固股份,12.45,3.7499999999999942,11.08,11.39,-2.72168569,11.57,11.06,3573/5521,11.39,11.57,11.06,11.08,4.477611,1.43851E7,33,002488,20260331
002606.SZ,大连电瓷,14.49,-0.617283950617283,11.05,11.25,-2.21238938,11.44,11.05,3575/5521,11.25,11.44,11.05,11.05,3.451327,1.362493E7,33,002606,20260331
002918.SZ,蒙娜丽莎,10.84,-2.9543419874664285,11.05,11.28,-1.86500888,11.52,11.05,3575/5521,11.28,11.52,11.05,11.05,4.174067,5851050,33,002918,20260331
300821.SZ,东岳硅材,15.18,-2.941176470588241,11.15,11.33,-2.62008734,11.46,11.05,3575/5521,11.33,11.46,11.05,11.15,3.580786,1.7125E7,33,300821,20260331
920807.BJ,奔朗新材,11.33,0.0,11.08,11.32,-2.46478873,11.52,11.05,3575/5521,11.32,11.52,11.05,11.08,4.137323,1856426,151,920807,20260331
600546.SH,山煤国际,14.06,2.4034959941733436,11.1,11.5,-4.22778257,11.82,11.04,3579/5521,11.5,11.82,11.04,11.1,6.729939,4.4288437E7,17,600546,20260331
920806.BJ,云星宇,11.49,0.34934497816594695,11.05,11.12,0,11.29,11.04,3579/5521,11.12,11.29,11.04,11.05,2.262443,1352382,151,920806,20260331
002410.SZ,广联达,10.98,-0.3629764065335676,11.07,11.17,-0.80645161,11.38,11.03,3581/5521,11.17,11.38,11.03,11.07,3.1362,2.8860154E7,33,002410,20260331
002728.SZ,特一药业,9.93,0.0,11.02,11.14,-1.43112701,11.27,11.01,3582/5521,11.14,11.27,11.01,11.02,2.325581,1.55606E7,33,002728,20260331
603328.SH,依顿电子,11.45,-4.74209650582363,11.06,11.36,-3.32167832,11.48,11.01,3582/5521,11.36,11.48,11.01,11.06,4.108391,2.102934E7,17,603328,20260331
603020.SH,爱普股份,10.87,0.0,11.05,11.13,-0.80789946,11.25,11,3584/5521,11.13,11.25,11,11.05,2.244165,6881070,17,603020,20260331
603708.SH,家家悦,10.82,0.0,11.09,11.03,0.45289855,11.25,11,3584/5521,11.03,11.25,11,11.09,2.264492,3134190,17,603708,20260331
603768.SH,常青股份,11.87,0.08431703204047038,11.0,11.2,-1.2567325,11.33,11,3584/5521,11.2,11.33,11,11.0,2.962298,2034000,17,603768,20260331
000001.SZ,平安银行,11.49,-0.26041666666666113,11.08,11,0.8189263,11.18,10.99,3587/5521,11,11.18,10.99,11.08,1.728844,1.16456534E8,33,000001,20260331
300637.SZ,扬帆新材,11.05,-2.03900709219857,10.99,11.18,-1.7873101,11.49,10.99,3587/5521,11.18,11.49,10.99,10.99,4.468275,5925900,33,300637,20260331
002319.SZ,乐通股份,11.74,0.08525149190110645,11.0,11.22,-1.96078431,11.45,10.98,3589/5521,11.22,11.45,10.98,11.0,4.188948,7027200,33,002319,20260331
300517.SZ,海波重科,12.48,0.8892481810832757,11.0,11.29,-2.56864482,11.45,10.97,3590/5521,11.29,11.45,10.97,11.0,4.25155,3377300,33,300517,20260331
300146.SZ,汤臣倍健,10.5,-0.47393364928910625,10.98,11.09,-0.72332731,11.18,10.96,3591/5521,10.64,10.73,10.51,10.53,1.98915,9496900,33,300146,20260331
600158.SH,中体产业,11.85,10.027855153203342,11.99,10.96,10,11.99,10.96,3591/5521,10.96,11.99,10.96,11.99,9.449541,1.27449008E8,17,600158,20260331
605567.SH,春雪食品,11.34,0.8896797153024879,11.05,11.11,-0.80789946,11.29,10.96,3591/5521,11.11,11.29,10.96,11.05,2.962298,4356600,17,605567,20260331
600639.SH,浦东金桥,10.32,-5.839416058394165,10.98,10.96,-0.18181818,11.14,10.95,3594/5521,10.96,11.14,10.95,10.98,1.727272,7209443,17,600639,20260331
603439.SH,三力制药,11.25,0.6261180679785356,10.96,11.08,-0.90415913,11.13,10.94,3595/5521,11.08,11.13,10.94,10.96,1.717902,1717000,17,603439,20260331
603278.SH,大业股份,11.2,-3.7800687285223478,10.94,10.98,-0.45495905,11.25,10.93,3596/5521,10.98,11.25,10.93,10.94,2.911737,7617319,17,603278,20260331
603289.SH,泰瑞机器,11.66,1.6564952048822972,11.2,11.08,1.81818182,11.49,10.93,3596/5521,11.08,11.49,10.93,11.2,5.090909,8868150,17,603289,20260331
002531.SZ,天顺风能,12.02,1.520270270270268,11.13,11.18,-0.53619303,11.72,10.92,3598/5521,11.18,11.72,10.92,11.13,7.14924,7.5240471E7,33,002531,20260331
002820.SZ,桂发祥,11.49,2.9569892473118284,10.94,11.16,-1.26353791,11.28,10.92,3598/5521,11.16,11.28,10.92,10.94,3.249097,4300400,33,002820,20260331
300340.SZ,科恒股份,11.19,-1.235657546337163,10.93,11.15,-3.10283688,11.3,10.92,3598/5521,11.15,11.3,10.92,10.93,3.368794,5694900,33,300340,20260331
300522.SZ,世名科技,13.21,-1.1967090501121793,10.95,11.11,-1.44014401,11.22,10.92,3598/5521,11.07,11.18,10.88,10.91,2.70027,3028880,33,300522,20260331
603123.SH,翠微股份,11.6,0.6944444444444451,10.93,11.16,-1.88509874,11.27,10.92,3598/5521,11.16,11.27,10.92,10.93,3.141831,1.22472E7,17,603123,20260331
600203.SH,福日电子,12.21,0.5766062602965427,10.92,10.94,-0.72727273,11.18,10.9,3603/5521,10.94,11.18,10.9,10.92,2.545454,8325176,17,600203,20260331
000810.SZ,创维数字,12.69,0.07886435331230116,10.93,10.95,-0.54595086,11.2,10.89,3604/5521,10.95,11.2,10.89,10.93,2.820746,1.6106762E7,33,000810,20260331
002459.SZ,晶澳科技,10.87,1.1162790697674345,10.9,11.29,-4.38596491,11.42,10.89,3604/5521,11.29,11.42,10.89,10.9,4.649122,7.8081563E7,33,002459,20260331
000685.SZ,中山公用,11.73,-0.8453085376162269,11.11,10.9,1.55393053,11.42,10.88,3606/5521,10.9,11.42,10.88,11.11,4.936014,1.801082E7,33,000685,20260331
002101.SZ,广东鸿图,10.01,0.3006012024048032,10.94,10.94,0,11.11,10.88,3606/5521,10.94,11.11,10.88,10.94,2.102376,5527500,33,002101,20260331
300532.SZ,今天国际,11.46,0.0,11.14,11,6.50095602,11.35,10.88,3606/5521,11,11.35,10.88,11.14,4.493307,2.7104591E7,33,300532,20260331
002297.SZ,博云新材,24.5,5.557949159844891,10.93,10.99,-0.27372263,11.27,10.87,3609/5521,10.99,11.27,10.87,10.93,3.649635,2.1049321E7,33,002297,20260331
601098.SH,中南传媒,11.37,1.5178571428571423,10.99,10.9,0.82568807,11.08,10.87,3609/5521,10.9,11.08,10.87,10.99,1.926605,7343991,17,601098,20260331
600817.SH,宇通重工,11.85,-0.7537688442211044,11.02,10.87,1.10091743,11.38,10.86,3611/5521,10.87,11.38,10.86,11.02,4.770642,6152699,17,600817,20260331
000411.SZ,英特集团,10.6,-0.18832391713747246,10.85,10.95,-0.8226691,11.06,10.85,3612/5521,10.95,11.06,10.85,10.85,1.919561,3072145,33,000411,20260331
002457.SZ,青龙管业,11.54,-2.3688663282572007,10.85,11.09,-1.98735321,11.13,10.84,3613/5521,11.09,11.13,10.84,10.85,2.619692,7257200,33,002457,20260331
002695.SZ,煌上煌,12.49,3.4797017398508694,11.1,10.92,1.64835165,11.25,10.84,3613/5521,10.92,11.25,10.84,11.1,3.754578,9104597,33,002695,20260331
002892.SZ,科力尔,10.39,0.8737864077669889,10.85,10.9,-0.4587156,11.03,10.83,3615/5521,10.9,11.03,10.83,10.85,1.834862,5024497,33,002892,20260331
600919.SH,江苏银行,11.3,-0.8771929824561372,10.92,10.87,1.01757632,11,10.83,3615/5521,10.87,11,10.83,10.92,1.572617,1.10767762E8,17,600919,20260331
603010.SH,万盛股份,13.02,-2.2522522522522577,10.97,11.02,0.45787546,11.06,10.83,3615/5521,11.02,11.06,10.83,10.97,2.106227,6171401,17,603010,20260331
300275.SZ,梅安森,11.39,-0.08771929824561216,10.89,10.95,-0.27472527,11.24,10.82,3618/5521,10.95,11.24,10.82,10.89,3.846153,4554800,33,300275,20260331
605337.SH,李子园,10.84,0.0,10.84,10.91,-0.91407678,11.09,10.82,3618/5521,10.91,11.09,10.82,10.84,2.468007,3133674,17,605337,20260331
920108.BJ,宏海科技,11.7,8.938547486033512,11.27,10.85,3.58455882,11.52,10.82,3618/5521,10.85,11.52,10.82,11.27,6.433823,2149322,151,920108,20260331
300485.SZ,赛升药业,10.91,-0.8181818181818169,10.81,10.9,-1.27853881,11.13,10.81,3621/5521,10.9,11.13,10.81,10.81,2.922374,7627900,33,300485,20260331
301048.SZ,金鹰重工,10.93,2.054154995331455,13.09,10.81,19.98166819,13.09,10.81,3621/5521,10.81,13.09,10.81,13.09,20.898258,4.9130691E7,33,301048,20260331
600058.SH,五矿发展,11.12,-1.3309671694764895,11.09,11.21,-2.80455741,11.34,10.81,3621/5521,11.21,11.34,10.81,11.09,4.645048,1.204847E7,17,600058,20260331
300184.SZ,力源信息,13.35,1.2898330804248856,10.8,11.13,-3.48525469,11.21,10.8,3624/5521,11.13,11.21,10.8,10.8,3.663985,5.6807624E7,33,300184,20260331
920792.BJ,东和新材,11.56,0.4344048653344979,10.82,10.96,-1.27737226,11.12,10.8,3624/5521,10.96,11.12,10.8,10.82,2.919708,779484,151,920792,20260331
600128.SH,苏豪弘业,10.61,0.0,10.83,10.93,-0.73327223,11.1,10.79,3626/5521,10.93,11.1,10.79,10.83,2.841429,4331701,17,600128,20260331
300227.SZ,光韵达,10.99,-0.3626473254759669,10.79,10.91,-1.28087832,11.22,10.78,3627/5521,10.91,11.22,10.78,10.79,4.025617,1.481015E7,33,300227,20260331
605366.SH,宏柏新材,13.34,3.0911901081916566,10.84,11.49,-4.40917108,11.6,10.78,3627/5521,11.49,11.6,10.78,10.84,7.23104,3.252947E7,17,605366,20260331
000039.SZ,中集集团,12.39,-0.3218020917135893,10.83,11.23,-3.5618878,11.37,10.77,3629/5521,11.23,11.37,10.77,10.83,5.342831,7.100925E7,33,000039,20260331
000582.SZ,北部湾港,11.56,2.30088495575221,10.79,10.86,-1.37111517,10.99,10.77,3629/5521,10.86,10.99,10.77,10.79,2.010968,2.8676346E7,33,000582,20260331
920810.BJ,春光智能,11.17,0.4496402877697906,10.83,10.81,0.18501388,11.04,10.77,3629/5521,10.81,11.04,10.77,10.83,2.497687,846471,151,920810,20260331
001286.SZ,陕西能源,11.8,-0.25359256128486357,10.78,10.97,-1.91082803,11.14,10.76,3632/5521,10.97,11.14,10.76,10.78,3.457688,2.2383596E7,33,001286,20260331
603520.SH,司太立,12.08,1.5126050420168042,10.77,10.78,-0.09276438,11.28,10.76,3632/5521,10.78,11.28,10.76,10.77,4.823747,4.3434725E7,17,603520,20260331
002255.SZ,海陆重工,11.28,1.3477088948786933,10.75,11,-2.00546946,11.07,10.75,3634/5521,11,11.07,10.75,10.75,2.917046,1.8261981E7,33,002255,20260331
300500.SZ,启迪设计,11.71,1.8260869565217466,10.77,11.14,-3.40807175,11.24,10.75,3634/5521,11.14,11.24,10.75,10.77,4.394618,4215200,33,300500,20260331
600097.SH,开创国际,10.46,1.2584704743465709,10.78,11.05,-1.73199635,11.08,10.75,3634/5521,11.05,11.08,10.75,10.78,3.008204,4538900,17,600097,20260331
601566.SH,九牧王,10.86,0.36968576709795886,10.75,10.77,-0.55504163,11.05,10.75,3634/5521,10.77,11.05,10.75,10.75,2.775208,8394200,17,601566,20260331
300608.SZ,思特奇,13.44,0.0744601638123588,10.73,11.08,-4.02504472,11.2,10.73,3638/5521,11.08,11.2,10.73,10.73,4.203935,6580338,33,300608,20260331
920665.BJ,科强股份,10.72,1.1320754716981227,11.23,10.73,4.65983225,11.36,10.73,3638/5521,10.73,11.36,10.73,11.23,5.871388,3729403,151,920665,20260331
002840.SZ,华统股份,12.72,4.006541291905153,10.78,11.42,-5.52147239,11.42,10.72,3640/5521,11.42,11.42,10.72,10.78,6.134969,4.7146854E7,33,002840,20260331
300978.SZ,东箭科技,10.89,-0.1833180568285937,10.75,10.83,-0.8302583,11.02,10.72,3640/5521,10.83,11.02,10.72,10.75,2.767527,4439800,33,300978,20260331
002295.SZ,精艺股份,11.23,1.3537906137184148,10.72,10.82,-0.74074074,11.04,10.71,3642/5521,10.82,11.04,10.71,10.72,3.055555,4820500,33,002295,20260331
301102.SZ,兆讯传媒,10.74,1.129943502824868,10.73,10.8,-0.64814815,11,10.71,3642/5521,10.8,11,10.71,10.73,2.685185,2492415,33,301102,20260331
300463.SZ,迈克生物,10.49,-0.9442870632672299,10.72,10.89,-1.65137615,11.01,10.7,3644/5521,10.89,11.01,10.7,10.72,2.844036,4891000,33,300463,20260331
603085.SH,天成自控,12.28,2.333333333333328,10.8,10.76,0.37174721,11.13,10.7,3644/5521,10.76,11.13,10.7,10.8,3.996282,5732100,17,603085,20260331
000752.SZ,*ST西发,10.0,-1.1857707509881346,10.72,10.81,0,11.04,10.69,3646/5521,10.81,11.04,10.69,10.72,3.264925,4073934,33,000752,20260331
002491.SZ,通鼎互联,15.8,-4.646952323476159,12.2,11.31,4.72103004,12.8,10.69,3646/5521,11.31,12.8,10.69,12.2,18.111587,2.5721709E8,33,002491,20260331
301301.SZ,川宁生物,10.03,2.7663934426229466,10.7,11.11,-4.37890974,11.23,10.69,3646/5521,10.937,11.057,10.517,10.53,4.825737,2.57081E7,33,301301,20260331
920957.BJ,汉维科技,11.27,-2.8448275862068972,10.87,10.77,1.68381665,11.09,10.69,3646/5521,10.77,11.09,10.69,10.87,3.741814,704662,151,920957,20260331
301030.SZ,仕净科技,,,10.81,10.75,0.74557316,11.35,10.68,3650/5521,10.75,11.35,10.68,10.81,6.244175,1.2315924E7,33,301030,20260331
600302.SH,标准股份,9.54,0.0,10.74,11.17,-2.54083485,11.17,10.68,3650/5521,11.17,11.17,10.68,10.74,4.44646,8983431,17,600302,20260331
300084.SZ,海默科技,11.81,3.415061295971984,10.78,11.08,-1.73199635,11.1,10.67,3652/5521,11.08,11.1,10.67,10.78,3.919781,1.94265E7,33,300084,20260331
603809.SH,豪能股份,11.03,2.319109461966605,10.81,10.69,1.88501414,10.98,10.67,3652/5521,10.69,10.98,10.67,10.81,2.921771,1.9175946E7,17,603809,20260331
002769.SZ,普路通,9.88,-1.1999999999999922,10.67,10.98,-2.73473108,11.06,10.66,3654/5521,10.98,11.06,10.66,10.67,3.646308,6500995,33,002769,20260331
300222.SZ,科大智能,11.2,0.6289308176100494,10.66,10.92,-2.29147571,11.04,10.66,3654/5521,10.88,11,10.62,10.62,3.483043,1.3961964E7,33,300222,20260331
300270.SZ,中威电子,13.36,3.9688715953307376,10.72,11.08,-3.51035104,11.25,10.66,3654/5521,11.08,11.25,10.66,10.72,5.310531,8667700,33,300270,20260331
603998.SH,方盛制药,10.99,0.09107468123861372,10.81,10.93,-1.45852325,11.08,10.66,3654/5521,10.93,11.08,10.66,10.81,3.828623,9580300,17,603998,20260331
688121.SH,卓然股份,6.48,-16.0621761658031,10.72,10.79,-0.64874884,11.03,10.66,3654/5521,10.79,11.03,10.66,10.72,3.429101,3057510,17,688121,20260331
600596.SH,新安股份,12.49,-1.7309205350118066,10.69,11.04,-3.08250227,11.1,10.65,3659/5521,11.04,11.1,10.65,10.69,4.079782,2.0996742E7,17,600596,20260331
002905.SZ,金逸影视,9.53,-3.7373737373737472,10.71,10.72,-0.55710306,10.9,10.64,3660/5521,10.72,10.9,10.64,10.71,2.414113,7659704,33,002905,20260331
600589.SH,大位科技,10.07,3.494347379239464,10.68,10.86,-1.74793008,11.18,10.64,3660/5521,10.86,11.18,10.64,10.68,4.967801,1.30467511E8,17,600589,20260331
002774.SZ,快意电梯,12.16,1.3333333333333346,10.68,10.85,-1.01946247,10.97,10.63,3662/5521,10.85,10.97,10.63,10.68,3.151065,3537950,33,002774,20260331
300201.SZ,海伦哲,11.84,0.08453085376162119,10.63,10.98,-3.18761384,11.1,10.63,3662/5521,10.98,11.1,10.63,10.63,4.28051,3.5716219E7,33,300201,20260331
300830.SZ,金现代,10.46,0.867888138862118,10.64,10.9,-1.11524164,11.11,10.63,3662/5521,10.9,11.11,10.63,10.64,4.460966,2.1324269E7,33,300830,20260331
601360.SH,三六零,11.17,1.9160583941605753,10.7,10.73,-0.74211503,10.91,10.63,3662/5521,10.73,10.91,10.63,10.7,2.597402,6.5264596E7,17,601360,20260331
603577.SH,汇金通,11.03,-0.6306306306306332,10.66,10.76,-1.38760407,11.03,10.63,3662/5521,10.76,11.03,10.63,10.66,3.700277,9412550,17,603577,20260331
688528.SH,秦川物联,12.35,3.868797308662734,10.69,10.95,-2.10622711,11.11,10.63,3662/5521,10.95,11.11,10.63,10.69,4.395604,1531040,17,688528,20260331
605300.SH,佳禾食品,11.1,0.0901713255184832,10.63,10.74,-0.93196645,10.87,10.62,3668/5521,10.74,10.87,10.62,10.63,2.329916,1192616,17,605300,20260331
920230.BJ,欧康医药,11.81,-1.0058675607711587,10.72,10.77,-0.27906977,10.89,10.62,3668/5521,10.77,10.89,10.62,10.72,2.511627,584222,151,920230,20260331
920422.BJ,润普食品,11.5,1.1433597185576148,10.74,10.7,0.75046904,11.05,10.62,3668/5521,10.7,11.05,10.62,10.74,4.033771,1288888,151,920422,20260331
000301.SZ,东方盛虹,13.27,0.07541478129713264,10.65,10.81,-1.48011101,10.99,10.61,3671/5521,10.81,10.99,10.61,10.65,3.515263,1.4722225E7,33,000301,20260331
000524.SZ,岭南控股,10.16,-1.8357487922705267,10.75,11.16,-4.18894831,11.44,10.61,3671/5521,11.16,11.44,10.61,10.75,7.397504,2.321932E7,33,000524,20260331
002818.SZ,富森美,12.15,-0.6541291905151273,10.75,10.95,-5.20282187,10.96,10.6,3673/5521,10.95,10.96,10.6,10.75,3.174603,1.3677798E7,33,002818,20260331
600479.SH,千金药业,11.01,-0.542005420054205,10.74,10.67,0.65604499,10.84,10.6,3673/5521,10.67,10.84,10.6,10.74,2.249297,8566920,17,600479,20260331
002090.SZ,金智科技,11.23,0.8984725965858009,10.6,10.8,-1.76088971,10.92,10.58,3675/5521,10.8,10.92,10.58,10.6,3.151065,7154800,33,002090,20260331
603676.SH,卫信康,10.6,0.0,10.6,10.67,-0.65604499,10.8,10.58,3675/5521,10.67,10.8,10.58,10.6,2.061855,1987400,17,603676,20260331
600420.SH,国药现代,9.59,-0.10416666666666445,10.61,10.69,-0.8411215,10.87,10.57,3677/5521,10.69,10.87,10.57,10.61,2.803738,1.2284705E7,17,600420,20260331
603808.SH,歌力思,11.1,4.914933837429108,10.58,10.64,1.14722753,11.18,10.57,3677/5521,10.64,11.18,10.57,10.58,5.831739,1.692386E7,17,603808,20260331
603916.SH,苏博特,12.07,3.0742954739538804,10.55,10.72,-1.5858209,10.8,10.54,3679/5521,10.72,10.8,10.54,10.55,2.425373,5683000,17,603916,20260331
920768.BJ,拾比佰,12.5,1.050929668552957,10.6,10.63,-0.28222013,10.86,10.54,3679/5521,10.63,10.86,10.54,10.6,3.010348,1021871,151,920768,20260331
920263.BJ,中航泰达,10.29,-1.531100478468901,10.56,10.62,-0.84507042,10.85,10.53,3681/5521,10.62,10.85,10.53,10.56,3.004694,513481,151,920263,20260331
600350.SH,山东高速,10.7,-0.3724394785847386,10.7,10.61,0.94339623,10.74,10.52,3682/5521,10.61,10.74,10.52,10.7,2.075471,6510982,17,600350,20260331
000837.SZ,秦川机床,11.11,1.4611872146118736,10.53,10.62,-0.47258979,10.76,10.51,3683/5521,10.62,10.76,10.51,10.53,2.362948,1.4089848E7,33,000837,20260331
002403.SZ,爱仕达,11.04,3.7593984962405878,10.55,10.6,-0.84586466,10.76,10.51,3683/5521,10.6,10.76,10.51,10.55,2.349624,2021085,33,002403,20260331
002339.SZ,积成电子,9.89,-0.4028197381671616,10.49,10.78,-2.69016698,10.96,10.49,3685/5521,10.78,10.96,10.49,10.49,4.359925,2.6119208E7,33,002339,20260331
603022.SH,新通联,11.3,2.447869446962841,10.54,10.6,-0.93984962,10.81,10.49,3685/5521,10.6,10.81,10.49,10.54,3.007518,4635416,17,603022,20260331
300082.SZ,奥克股份,11.63,-5.906148867313904,10.51,10.61,-2.68518519,10.89,10.47,3687/5521,10.61,10.89,10.47,10.51,3.888888,2.8482849E7,33,300082,20260331
605018.SH,长华集团,12.82,0.470219435736681,10.47,10.56,-1.13314448,10.68,10.46,3688/5521,10.56,10.68,10.46,10.47,2.077431,2145900,17,605018,20260331
002186.SZ,全聚德,10.69,-1.201478743068399,10.46,10.45,0.09569378,10.67,10.44,3689/5521,10.45,10.67,10.44,10.46,2.200956,3872000,33,002186,20260331
002254.SZ,泰和新材,11.34,3.5616438356164437,10.47,10.71,-2.33208955,10.79,10.44,3689/5521,10.71,10.79,10.44,10.47,3.264925,1.4727087E7,33,002254,20260331
002298.SZ,中电鑫龙,9.8,0.30706243602867084,10.44,10.89,-4.74452555,11.16,10.44,3689/5521,10.89,11.16,10.44,10.44,6.569343,6.4356444E7,33,002298,20260331
002041.SZ,登海种业,10.24,1.3861386138613918,10.44,10.86,-4.3956044,10.92,10.42,3692/5521,10.86,10.92,10.42,10.44,4.578754,2.3138212E7,33,002041,20260331
301025.SZ,读客文化,11.25,0.5361930294906211,10.44,10.58,-1.13636364,10.78,10.42,3692/5521,10.58,10.78,10.42,10.44,3.40909,5749300,33,301025,20260331
300654.SZ,世纪天鸿,10.96,-0.634632819582942,10.42,10.78,-3.06976744,10.91,10.41,3694/5521,10.78,10.91,10.41,10.42,4.651162,7574000,33,300654,20260331
600152.SH,维科技术,14.85,2.4137931034482736,10.46,11.5,-7.67872904,11.81,10.41,3694/5521,11.5,11.81,10.41,10.46,12.356575,1.10537646E8,17,600152,20260331
601963.SH,重庆银行,10.5,-1.0367577756833124,10.47,10.48,0.19138756,10.58,10.41,3694/5521,10.48,10.58,10.41,10.47,1.626794,1.146049E7,17,601963,20260331
601519.SH,大智慧,10.24,0.09775171065493438,10.42,10.53,-1.04463438,10.72,10.4,3697/5521,10.53,10.72,10.4,10.42,3.038936,2.0064693E7,17,601519,20260331
603329.SH,上海雅仕,11.25,0.17809439002671035,10.45,10.65,-1.41509434,10.75,10.4,3697/5521,10.65,10.75,10.4,10.45,3.301886,1879700,17,603329,20260331
688219.SH,会通股份,11.26,3.6832412523020293,10.45,10.45,-0.38131554,10.7,10.4,3697/5521,10.45,10.7,10.4,10.45,2.859866,5322690,17,688219,20260331
000829.SZ,天音控股,11.7,2.0052310374890903,10.38,10.44,-0.47938639,10.79,10.38,3700/5521,10.44,10.79,10.38,10.38,3.930968,2.0427557E7,33,000829,20260331
002423.SZ,中粮资本,10.24,-0.19493177387913815,10.41,10.51,-0.95147479,10.59,10.38,3700/5521,10.51,10.59,10.38,10.41,1.998097,1.76666E7,33,002423,20260331
600678.SH,ST金顶,10.38,-5.032021957913988,10.5,10.42,0.19083969,10.87,10.38,3700/5521,10.42,10.87,10.38,10.5,4.675572,1.4801208E7,22,600678,20260331
301370.SZ,国科恒泰,10.47,0.5763688760806964,10.39,10.42,-0.38350911,10.62,10.37,3703/5521,10.42,10.62,10.37,10.39,2.396931,2282100,33,301370,20260331
002588.SZ,史丹利,10.94,-3.185840707964612,10.38,10.77,-4.15512465,11.12,10.36,3704/5521,10.77,11.12,10.36,10.38,7.017543,2.31725E7,33,002588,20260331
003000.SZ,劲仔食品,11.27,-0.2654867256637269,10.44,10.36,1.65530672,10.87,10.36,3704/5521,10.36,10.87,10.36,10.44,4.96592,6628257,33,003000,20260331
688620.SH,安凯微,13.44,4.428904428904431,10.36,10.68,-1.70777989,10.7,10.36,3704/5521,10.68,10.7,10.36,10.36,3.225806,3446334,17,688620,20260331
920062.BJ,科润智控,10.19,0.19665683382497123,10.36,10.49,-0.19267823,10.73,10.36,3704/5521,10.49,10.73,10.36,10.36,3.564547,3606221,151,920062,20260331
002106.SZ,莱宝高科,10.48,-1.5037593984962419,10.36,10.7,-4.16281221,10.76,10.35,3708/5521,10.7,10.76,10.35,10.36,3.792784,1.6384013E7,33,002106,20260331
300149.SZ,睿智医药,9.99,-0.09999999999999787,10.35,10.44,-0.0965251,10.89,10.35,3708/5521,10.44,10.89,10.35,10.35,5.212355,2.0851085E7,33,300149,20260331
002029.SZ,七匹狼,11.12,-0.9795191451469386,10.37,10.58,-0.86042065,10.72,10.34,3710/5521,10.58,10.72,10.34,10.37,3.632887,1.4442215E7,33,002029,20260331
600267.SH,海正药业,11.32,-1.3077593722755043,10.47,10.38,0.67307692,10.63,10.34,3710/5521,10.38,10.63,10.34,10.47,2.788461,1.2461602E7,17,600267,20260331
002052.SZ,同洲电子,10.09,6.210526315789473,10.39,10.83,-4.32780847,10.95,10.33,3712/5521,10.83,10.95,10.33,10.39,5.709023,1.39038E7,33,002052,20260331
002215.SZ,诺普信,10.92,-0.09149130832570711,10.4,10.45,-0.66857689,10.6,10.32,3713/5521,10.45,10.6,10.32,10.4,2.674307,8735860,33,002215,20260331
300894.SZ,火星人,10.46,0.5769230769230816,10.32,10.53,-1.99430199,10.68,10.32,3713/5521,10.53,10.68,10.32,10.32,3.418803,3924702,33,300894,20260331
000710.SZ,贝瑞基因,9.99,0.7056451612903254,10.32,10.42,-1.14942529,10.67,10.31,3715/5521,10.42,10.67,10.31,10.32,3.448275,6015754,33,000710,20260331
002194.SZ,武汉凡谷,11.03,1.0999083409715784,10.34,10.45,-0.76775432,10.6,10.31,3715/5521,10.45,10.6,10.31,10.34,2.783109,1.0794106E7,33,002194,20260331
600483.SH,福能股份,10.01,1.5212981744421943,10.4,10.42,-0.19193858,10.58,10.31,3715/5521,10.42,10.58,10.31,10.4,2.59117,2.6130136E7,17,600483,20260331
600970.SH,中材国际,9.33,-1.7894736842105257,10.33,10.35,-0.19323671,10.49,10.31,3715/5521,10.35,10.49,10.31,10.33,1.73913,1.637385E7,17,600970,20260331
600996.SH,贵广网络,8.45,0.8353221957040394,10.34,10.5,-6.17059891,11.1,10.31,3715/5521,10.5,11.1,10.31,10.34,7.168784,1.09210543E8,17,600996,20260331
600668.SH,尖峰集团,10.96,-1.8800358102059005,10.35,10.34,0.0967118,10.43,10.3,3720/5521,10.34,10.43,10.3,10.35,1.257253,3005380,17,600668,20260331
688779.SH,五矿新能,10.8,-4.17036379769298,10.41,10.67,-2.43673852,10.68,10.3,3720/5521,10.67,10.68,10.3,10.41,3.561387,3.0733194E7,17,688779,20260331
002825.SZ,纳尔股份,9.99,-1.186943620178034,10.49,10.3,2.04280156,11.09,10.29,3722/5521,10.3,11.09,10.29,10.49,7.782101,1.3343203E7,33,002825,20260331
300041.SZ,回天新材,11.52,-1.6225448334756727,10.53,10.3,1.73913043,10.77,10.28,3723/5521,10.3,10.77,10.28,10.53,4.734299,1.9571904E7,33,300041,20260331
600648.SH,外高桥,10.03,-5.37735849056604,10.38,10.33,0.48402711,10.52,10.28,3723/5521,10.33,10.52,10.28,10.38,2.32333,3787400,17,600648,20260331
603536.SH,惠发食品,10.53,0.8620689655172401,10.3,10.53,-1.05667627,10.68,10.28,3723/5521,10.53,10.68,10.28,10.3,3.842459,7085956,17,603536,20260331
000968.SZ,蓝焰控股,9.15,0.32894736842106514,10.28,10.8,-6.11872146,10.93,10.27,3726/5521,10.8,10.93,10.27,10.28,6.027397,9.6138405E7,33,000968,20260331
002345.SZ,潮宏基,10.57,-6.044444444444442,10.3,10.38,0,10.45,10.26,3727/5521,10.38,10.45,10.26,10.3,1.84466,1.7412473E7,33,002345,20260331
603600.SH,永艺股份,12.0,0.8403361344537785,10.26,10.4,-1.06075217,10.55,10.26,3727/5521,10.4,10.55,10.26,10.26,2.796528,2452400,17,603600,20260331
000409.SZ,云鼎科技,10.16,0.2961500493583352,10.24,10.32,-0.67895247,10.46,10.24,3729/5521,10.32,10.46,10.24,10.24,2.13385,4630661,33,000409,20260331
002064.SZ,华峰化学,11.76,1.2919896640826904,10.26,10.6,-2.65654649,10.7,10.24,3729/5521,10.6,10.7,10.24,10.26,4.364326,3.1430223E7,33,002064,20260331
002176.SZ,江特电机,16.05,-0.24860161591049812,10.26,10.59,-4.20168067,10.6,10.24,3729/5521,10.59,10.6,10.24,10.26,3.361344,1.35259712E8,33,002176,20260331
600056.SH,中国医药,10.36,-0.38461538461539346,10.27,10.26,0.09746589,10.38,10.23,3732/5521,10.26,10.38,10.23,10.27,1.461988,1.233828E7,17,600056,20260331
605166.SH,聚合顺,11.7,0.0,10.26,10.25,0.09756098,10.38,10.21,3733/5521,10.25,10.38,10.21,10.26,1.658536,3395550,17,605166,20260331
920719.BJ,宁新新材,10.84,-4.6613896218117805,10.26,10.5,-2.28571429,10.65,10.21,3733/5521,10.5,10.65,10.21,10.26,4.190476,1240604,151,920719,20260331
002452.SZ,长高电新,10.96,0.36630036630037477,10.21,10.82,-7.09736124,10.9,10.19,3735/5521,10.82,10.9,10.19,10.21,6.460418,3.9003773E7,33,002452,20260331
002478.SZ,常宝股份,8.95,-1.9715224534501805,10.2,10.8,-3.95480226,10.84,10.19,3735/5521,10.8,10.84,10.19,10.2,6.120527,2.5626192E7,33,002478,20260331
002023.SZ,海特高新,12.6,3.194103194103184,10.19,10.3,-1.06796117,10.45,10.18,3737/5521,10.3,10.45,10.18,10.19,2.621359,9646443,33,002023,20260331
600721.SH,百花医药,8.43,-1.0563380281690125,10.18,10.18,,10.18,10.18,3737/5521,10.18,10.18,10.18,10.18,,,17,600721,20260331
600838.SH,上海九百,9.59,-0.10416666666666445,10.2,10.27,-1.25847047,10.45,10.18,3737/5521,10.27,10.45,10.18,10.2,2.613746,8122788,17,600838,20260331
000712.SZ,锦龙股份,10.42,2.2571148184494647,10.19,10.35,-1.83044316,10.48,10.17,3740/5521,10.35,10.48,10.17,10.19,2.986512,9666710,33,000712,20260331
300805.SZ,电声股份,10.4,-0.8579599618684448,10.18,10.32,-2.11538462,10.48,10.17,3740/5521,10.32,10.48,10.17,10.18,2.980769,1.0114744E7,33,300805,20260331
600983.SH,惠而浦,9.4,-0.8438818565400851,10.2,10.39,-1.1627907,10.53,10.17,3740/5521,10.39,10.53,10.17,10.2,3.488372,5349513,17,600983,20260331
601890.SH,亚星锚链,10.93,0.5519779208831693,10.2,10.2,-0.58479532,10.47,10.17,3740/5521,10.2,10.47,10.17,10.2,2.923976,3.2588442E7,17,601890,20260331
605162.SH,新中港,11.16,-2.702702702702707,11.61,10.2,10.04739336,11.61,10.16,3744/5521,10.2,11.61,10.16,11.61,13.744075,3.2621079E7,17,605162,20260331
002116.SZ,中国海诚,9.73,-0.5112474437627703,10.28,10.24,0.09737098,10.47,10.15,3745/5521,10.24,10.47,10.15,10.28,3.115871,4488600,33,002116,20260331
300525.SZ,博思软件,10.05,0.6006006006006056,10.17,10.28,-1.16618076,10.41,10.15,3745/5521,10.28,10.41,10.15,10.17,2.526724,8097680,33,300525,20260331
600829.SH,人民同泰,9.72,0.41322314049587733,10.19,10.17,-0.39100684,10.42,10.14,3747/5521,10.17,10.42,10.14,10.19,2.737047,8189000,17,600829,20260331
601952.SH,苏垦农发,9.96,-1.3861386138613743,10.2,10.8,-5.73012939,10.85,10.14,3747/5521,10.8,10.85,10.14,10.2,6.561922,5.4674757E7,17,601952,20260331
300248.SZ,新开普,9.62,-0.3108808290155558,10.12,10.32,-1.9379845,10.5,10.11,3749/5521,10.32,10.5,10.11,10.12,3.779069,6729422,33,300248,20260331
603719.SH,良品铺子,11.09,-0.7162041181736801,10.12,10.25,-0.88148874,10.4,10.11,3749/5521,10.25,10.4,10.11,10.12,2.840352,2520900,17,603719,20260331
688579.SH,地纬智能,10.11,-6.128133704735378,10.13,10.4,-2.40847784,10.5,10.11,3749/5521,10.4,10.5,10.11,10.13,3.757225,5403357,17,688579,20260331
600822.SH,上海物贸,9.93,0.30303030303029654,10.1,10.18,-0.78585462,10.56,10.1,3752/5521,10.18,10.56,10.1,10.1,4.518664,7654600,17,600822,20260331
000798.SZ,中水渔业,9.31,0.5399568034557313,10.11,10.25,-1.93986421,10.42,10.09,3753/5521,10.25,10.42,10.09,10.11,3.200775,1.06403E7,33,000798,20260331
002873.SZ,新天药业,10.1,2.8513238289205636,10.12,10.14,-0.2955665,10.32,10.09,3753/5521,10.14,10.32,10.09,10.12,2.266009,7297220,33,002873,20260331
000537.SZ,绿发电力,9.89,-3.5121951219512137,10.11,10.6,-4.98120301,10.69,10.08,3755/5521,10.6,10.69,10.08,10.11,5.733082,7.8895374E7,33,000537,20260331
000859.SZ,国风新材,9.04,1.5730337078651548,10.08,10.33,-3.07692308,10.38,10.07,3756/5521,10.33,10.38,10.07,10.08,2.980769,3.6799979E7,33,000859,20260331
600039.SH,四川路桥,8.19,-6.2929061784897105,10.07,10.06,-0.2970297,10.27,10.06,3757/5521,10.06,10.27,10.06,10.07,2.079207,1.5879637E7,17,600039,20260331
002040.SZ,南京港,9.95,-0.300601202404821,10.07,10.24,-1.66015625,10.34,10.05,3758/5521,10.24,10.34,10.05,10.07,2.832031,7262630,33,002040,20260331
300411.SZ,金盾股份,10.29,0.48828124999998956,11.21,10.06,11.43141153,11.3,10.05,3758/5521,10.06,11.3,10.05,11.21,12.425447,2.2593662E7,33,300411,20260331
603135.SH,中重科技,11.96,5.0966608084358525,10.07,10.17,-0.2970297,10.29,10.05,3758/5521,10.17,10.29,10.05,10.07,2.376237,2076738,17,603135,20260331
603053.SH,成都燃气,9.69,-0.30864197530865367,10.05,10.25,-1.85546875,10.37,10.04,3761/5521,10.25,10.37,10.04,10.05,3.222656,5744700,17,603053,20260331
601369.SH,陕鼓动力,9.18,-1.6077170418006468,10.07,10.14,-1.0805501,10.27,10.03,3762/5521,10.14,10.27,10.03,10.07,2.357563,8048621,17,601369,20260331
601609.SH,金田股份,10.14,-2.4061597690086622,10.29,10.14,4.36105477,10.45,10.03,3762/5521,10.14,10.45,10.03,10.29,4.259634,4.7455629E7,17,601609,20260331
600742.SH,富维股份,9.42,0.10626992561104981,10.19,10.09,0.5923001,10.36,10.02,3764/5521,10.09,10.36,10.02,10.19,3.356367,1.167604E7,17,600742,20260331
603066.SH,音飞储存,11.6,2.383053839364515,10.05,10.12,-0.6916996,10.28,10.02,3764/5521,10.12,10.28,10.02,10.05,2.569169,2466900,17,603066,20260331
605136.SH,丽人丽妆,10.94,1.390176088971273,10.03,10.08,-0.19900498,10.26,10.02,3764/5521,10.08,10.26,10.02,10.03,2.388059,6008854,17,605136,20260331
000504.SZ,*ST生物,9.18,-3.2665964172813537,10.06,10.2,-0.78895464,10.27,10.01,3767/5521,10.2,10.27,10.01,10.06,2.564102,2343329,33,000504,20260331
000096.SZ,广聚能源,9.73,-0.20512820512820076,10.04,10.18,-1.76125245,10.28,10,3768/5521,10.18,10.28,10,10.04,2.739726,8157102,33,000096,20260331
300134.SZ,大富科技,11.0,-0.4524886877828118,10.02,10.1,-1.28078818,10.33,10,3768/5521,10.1,10.33,10,10.02,3.251231,6317110,33,300134,20260331
300824.SZ,北鼎股份,10.09,0.8999999999999986,10.01,10.14,-1.08695652,10.31,10,3768/5521,10.025,10.195,9.885,9.9,3.063241,3511350,33,300824,20260331
002293.SZ,罗莱生活,11.26,2.177858439201454,10.02,10.32,-2.62390671,10.37,9.99,3771/5521,10.32,10.37,9.99,10.02,3.692905,7310697,33,002293,20260331
300016.SZ,北陆药业,9.47,-1.6614745586708217,10.0,10.13,-2.15264188,10.43,9.99,3771/5521,10.13,10.43,9.99,10.0,4.305283,2.9109245E7,33,300016,20260331
300209.SZ,行云科技,17.47,2.583675866118601,10.0,11.5,-8.42490842,11.53,9.99,3771/5521,11.5,11.53,9.99,10.0,14.102564,1.00130768E8,33,300209,20260331
002088.SZ,鲁阳节能,9.87,-2.8543307086614265,9.99,10.08,-0.89285714,10.31,9.98,3774/5521,10.08,10.31,9.98,9.99,3.273809,2880160,33,002088,20260331
002560.SZ,通达股份,14.67,-5.7803468208092506,10.79,10.27,9.98980632,10.79,9.98,3774/5521,10.27,10.79,9.98,10.79,8.25688,5.6590339E7,33,002560,20260331
002583.SZ,海能达,9.94,-2.8347996089931664,9.98,10,-1.09018831,10.16,9.98,3774/5521,10,10.16,9.98,9.98,1.783944,1.5446692E7,33,002583,20260331
002706.SZ,良信股份,11.57,2.208480565371025,9.99,10.6,-6.54817587,10.62,9.98,3774/5521,10.6,10.62,9.98,9.99,5.986903,4.8712191E7,33,002706,20260331
300887.SZ,谱尼测试,9.65,2.3329798515376527,10.0,10.24,-2.43902439,10.6,9.97,3778/5521,10.24,10.6,9.97,10.0,6.146341,1.4935442E7,33,300887,20260331
600032.SH,浙江新能,9.87,-4.174757281553412,9.97,10.56,-6.12052731,10.62,9.97,3778/5521,10.56,10.62,9.97,9.97,6.120527,1.07929885E8,17,600032,20260331
600848.SH,上海临港,8.98,-0.663716814159278,9.98,10,-0.2997003,10.2,9.97,3778/5521,10,10.2,9.97,9.98,2.297702,6373900,17,600848,20260331
000625.SZ,长安汽车,9.53,-1.6511867905056774,10.0,9.96,0.50251256,10.19,9.96,3781/5521,9.96,10.19,9.96,10.0,2.311557,6.4090059E7,33,000625,20260331
603387.SH,基蛋生物,9.65,5.46448087431694,10.02,10.15,-1.86092067,10.25,9.96,3781/5521,10.15,10.25,9.96,10.02,2.840352,4.3703276E7,17,603387,20260331
000828.SZ,东莞控股,10.38,-0.38387715930901295,9.99,10.04,-0.69582505,10.14,9.95,3783/5521,10.04,10.14,9.95,9.99,1.888667,1.2278727E7,33,000828,20260331
600000.SH,浦发银行,9.27,-1.1727078891258123,10.18,10.01,1.6983017,10.28,9.95,3783/5521,10.01,10.28,9.95,10.18,3.296703,9.6580613E7,17,600000,20260331
000425.SZ,徐工机械,9.95,-3.398058252427198,10.08,9.96,1.51057402,10.28,9.94,3785/5521,9.96,10.28,9.94,10.08,3.423967,9.7299104E7,33,000425,20260331
002117.SZ,东港股份,10.2,1.1904761904761827,9.96,10.3,-4.1385948,10.31,9.93,3786/5521,10.3,10.31,9.93,9.96,3.657362,1.5582614E7,33,002117,20260331
301058.SZ,中粮科工,9.74,-0.30706243602865263,9.95,10,-1.28968254,10.15,9.93,3786/5521,10,10.15,9.93,9.95,2.182539,7100888,33,301058,20260331
002765.SZ,蓝黛科技,9.42,-0.5279831045406622,9.94,10.14,-1.68150346,10.19,9.92,3788/5521,10.14,10.19,9.92,9.94,2.670623,1.1025671E7,33,002765,20260331
002123.SZ,梦网科技,9.48,0.0,9.92,9.99,-1.19521912,10.15,9.91,3789/5521,9.99,10.15,9.91,9.92,2.390438,8414881,33,002123,20260331
300106.SZ,西部牧业,11.56,5.378304466727437,9.96,10.18,-1.48367953,10.32,9.91,3789/5521,10.18,10.32,9.91,9.96,4.05539,5702600,33,300106,20260331
300434.SZ,金石亚药,11.44,1.1494252873563129,9.9,9.91,-0.60240964,10.13,9.9,3791/5521,9.91,10.13,9.9,9.9,2.309236,5928280,33,300434,20260331
600876.SH,凯盛新能,9.43,-5.0352467270896275,9.91,10.4,-6.68549906,10.71,9.9,3791/5521,10.4,10.71,9.9,9.91,7.627118,1.4859972E7,17,600876,20260331
600025.SH,华能水电,9.51,-0.9374999999999986,9.91,10.1,-1.88118812,10.19,9.89,3793/5521,10.1,10.19,9.89,9.91,2.970297,2.4371069E7,17,600025,20260331
600463.SH,空港股份,10.79,0.6529850746268517,9.94,10.09,-0.99601594,10.19,9.89,3793/5521,10.09,10.19,9.89,9.94,2.988047,2172300,17,600463,20260331
000998.SZ,隆平高科,9.14,-0.760043431053206,9.9,10.2,-3.69649805,10.29,9.88,3795/5521,10.2,10.29,9.88,9.9,3.988326,4.0878885E7,33,000998,20260331
002097.SZ,山河智能,9.92,-0.8000000000000007,10.26,9.97,2.4975025,10.43,9.88,3795/5521,9.97,10.43,9.88,10.26,5.494505,4.1112289E7,33,002097,20260331
002441.SZ,众业达,10.15,1.8054162487462357,9.89,10.04,-1.88492063,10.14,9.88,3795/5521,10.04,10.14,9.88,9.89,2.579365,7080793,33,002441,20260331
002446.SZ,盛路通信,10.0,1.8329938900203637,9.9,10,-0.9009009,10.23,9.88,3795/5521,10,10.23,9.88,9.9,3.503503,3.04572E7,33,002446,20260331
301060.SZ,兰卫医学,10.33,-1.8060836501901094,9.89,9.96,-0.80240722,10.18,9.88,3795/5521,9.96,10.18,9.88,9.89,3.009027,4641456,33,301060,20260331
301116.SZ,益客食品,11.03,0.7305936073059368,9.88,10.18,-2.56410256,10.34,9.88,3795/5521,10.18,10.34,9.88,9.88,4.536489,3403800,33,301116,20260331
600601.SH,方正科技,11.67,-1.185436071126169,9.88,9.91,-1.2,10.28,9.88,3795/5521,9.91,10.28,9.88,9.88,4,6.5025209E7,17,600601,20260331
600969.SH,郴电国际,9.93,-0.5010020040080231,9.9,10.36,-3.50877193,10.36,9.88,3795/5521,10.36,10.36,9.88,9.9,4.678362,1.05232E7,17,600969,20260331
601229.SH,上海银行,9.38,-1.6771488469601508,9.91,9.94,-0.10080645,10,9.88,3795/5521,9.94,10,9.88,9.91,1.209677,3.651455E7,17,601229,20260331
603169.SH,兰石重装,8.43,1.0791366906474804,9.9,10.1,-2.27048371,10.25,9.88,3795/5521,10.1,10.25,9.88,9.9,3.652517,2.6102808E7,17,603169,20260331
688184.SH,ST帕瓦,13.02,-1.4383043149129544,9.95,9.9,-0.10040161,10.25,9.88,3795/5521,9.9,10.25,9.88,9.95,3.714859,840049,22,688184,20260331
603229.SH,奥翔药业,9.83,1.9709543568464678,10.12,9.9,2.22222222,10.33,9.86,3806/5521,9.9,10.33,9.86,10.12,4.747474,1.7306471E7,17,603229,20260331
603488.SH,展鹏科技,11.65,2.1929824561403506,9.96,10.29,-3.76811594,10.39,9.86,3806/5521,10.29,10.39,9.86,9.96,5.120772,1.06839E7,17,603488,20260331
603648.SH,畅联股份,10.16,0.1972386587771161,9.87,9.89,-0.40363269,10.07,9.86,3806/5521,9.89,10.07,9.86,9.87,2.119071,1880800,17,603648,20260331
920826.BJ,盖世食品,10.23,-1.4450867052023155,9.86,9.9,-0.20242915,10.1,9.86,3806/5521,9.9,10.1,9.86,9.86,2.429149,2117648,151,920826,20260331
600706.SH,曲江文旅,9.54,0.5268703898840773,9.88,10,-1.2,10.17,9.85,3810/5521,10,10.17,9.85,9.88,3.2,4819400,17,600706,20260331
001965.SZ,招商公路,9.4,0.9667024704618674,9.86,9.95,-0.80482897,10.06,9.84,3811/5521,9.95,10.06,9.84,9.86,2.213279,1.076479E7,33,001965,20260331
002153.SZ,石基信息,10.08,1.2048192771084258,9.85,9.91,-0.70564516,10.11,9.84,3811/5521,9.91,10.11,9.84,9.85,2.721774,1.51208E7,33,002153,20260331
300320.SZ,海达股份,9.51,-0.5230125523012626,9.86,10.07,-1.89054726,10.35,9.84,3811/5521,10.07,10.35,9.84,9.86,5.074626,1.205205E7,33,300320,20260331
601777.SH,千里科技,11.23,-0.17777777777777398,9.87,9.88,0.10141988,10.08,9.84,3811/5521,9.88,10.08,9.84,9.87,2.434077,1.9034651E7,17,601777,20260331
300453.SZ,三鑫医疗,10.08,-2.0408163265306034,9.86,9.95,-1.20240481,10.03,9.83,3815/5521,9.95,10.03,9.83,9.86,2.004008,7277500,33,300453,20260331
600461.SH,洪城环境,10.28,-0.38759689922481516,9.86,9.92,-0.70493454,10,9.83,3815/5521,9.92,10,9.83,9.86,1.711983,6612985,17,600461,20260331
603697.SH,有友食品,10.56,0.3802281368821381,9.84,10.15,-3.43473994,10.25,9.82,3817/5521,10.15,10.25,9.82,9.84,4.219823,9158973,17,603697,20260331
920675.BJ,秉扬科技,9.56,0.9503695881731768,9.91,10.19,-4.34362934,10.36,9.82,3817/5521,10.19,10.36,9.82,9.91,5.212355,3905964,151,920675,20260331
920260.BJ,中寰股份,9.56,0.7376185458377269,9.92,10,-0.99800399,10.07,9.81,3819/5521,10,10.07,9.81,9.92,2.59481,2272982,151,920260,20260331
920566.BJ,梓橦宫,10.92,1.298701298701304,9.82,9.93,-0.90817356,10.12,9.81,3819/5521,9.93,10.12,9.81,9.82,3.128153,1417584,151,920566,20260331
920571.BJ,国航远洋,10.56,-1.3084112149532598,9.81,10.3,-5.12572534,10.43,9.81,3819/5521,10.3,10.43,9.81,9.81,5.996131,2.5784052E7,151,920571,20260331
002165.SZ,红宝丽,8.58,-1.26582278481012,9.81,10.05,-2.58192651,10.22,9.8,3822/5521,10.05,10.22,9.8,9.81,4.170804,7.4318977E7,33,002165,20260331
002758.SZ,浙农股份,9.16,-1.716738197424894,9.8,10.14,-3.92156863,10.37,9.8,3822/5521,10.14,10.37,9.8,9.8,5.588235,1.2752303E7,33,002758,20260331
002003.SZ,伟星股份,10.0,-1.4778325123152745,9.85,9.81,0.4077472,9.95,9.79,3824/5521,9.81,9.95,9.79,9.85,1.630988,5367290,33,002003,20260331
603002.SH,宏昌电子,13.82,-3.6262203626220333,9.84,10.28,-3.52941176,10.28,9.79,3824/5521,10.28,10.28,9.79,9.84,4.803921,3.303325E7,17,603002,20260331
000990.SZ,诚志股份,12.6,-2.6275115919629046,9.8,10.33,-5.58766859,10.46,9.78,3826/5521,10.33,10.46,9.78,9.8,6.551059,6.9675591E7,33,000990,20260331
600480.SH,凌云股份,10.11,0.0,9.86,9.81,0.509684,10,9.78,3826/5521,9.81,10,9.78,9.86,2.242609,1.1407329E7,17,600480,20260331
600246.SH,万通发展,11.28,10.048780487804873,9.88,9.87,0.508647,10.08,9.77,3828/5521,9.87,10.08,9.77,9.88,3.153611,3.2626679E7,17,600246,20260331
002852.SZ,道道全,9.09,-1.4099783080260389,9.78,9.88,-1.11223458,10.06,9.76,3829/5521,9.76,9.94,9.64,9.66,3.033367,7410200,33,002852,20260331
603033.SH,三维股份,11.24,-1.4899211218229618,9.82,9.94,-1.60320641,10.06,9.76,3829/5521,9.94,10.06,9.76,9.82,3.006012,4046600,17,603033,20260331
920445.BJ,龙竹科技,9.61,-0.9278350515463903,9.84,9.8,0.1017294,10.08,9.76,3829/5521,9.8,10.08,9.76,9.84,3.25534,2055354,151,920445,20260331
000617.SZ,中油资本,9.44,-0.526870389884096,10.2,10.06,-0.09794319,10.55,9.75,3832/5521,10.06,10.55,9.75,10.2,7.835455,3.65391307E8,33,000617,20260331
001914.SZ,招商积余,10.25,-1.2524084778420113,9.75,9.93,-1.71370968,10.02,9.75,3832/5521,9.93,10.02,9.75,9.75,2.721774,6146096,33,001914,20260331
002235.SZ,安妮股份,11.2,10.019646365422393,9.82,10.04,-2.09371884,10.12,9.75,3832/5521,10.04,10.12,9.75,9.82,3.688933,2.5469897E7,33,002235,20260331
002244.SZ,滨江集团,9.55,1.5957446808510676,9.76,9.76,0.20533881,9.99,9.75,3832/5521,9.76,9.99,9.75,9.76,2.464065,2.5652274E7,33,002244,20260331
603707.SH,健友股份,9.18,-2.754237288135591,9.79,9.77,-0.30549898,9.88,9.75,3832/5521,9.77,9.88,9.75,9.79,1.323828,1.0645282E7,17,603707,20260331
002739.SZ,儒意电影,10.11,2.6395939086294398,9.77,9.8,-0.6103764,9.86,9.73,3837/5521,9.8,9.86,9.73,9.77,1.322482,2.8240454E7,33,002739,20260331
002883.SZ,中设股份,,,9.81,9.9,-0.90909091,10.1,9.73,3837/5521,9.9,10.1,9.73,9.81,3.737373,4983116,33,002883,20260331
300404.SZ,博济医药,10.74,1.4164305949008533,9.92,9.8,1.01832994,10.15,9.72,3839/5521,9.8,10.15,9.72,9.92,4.378818,1.344422E7,33,300404,20260331
000561.SZ,烽火电子,9.51,2.3681377825619014,9.69,9.76,-0.71721311,9.92,9.69,3840/5521,9.76,9.92,9.69,9.69,2.356557,1.0049694E7,33,000561,20260331
600241.SH,时代万恒,9.76,0.7223942208462362,9.85,9.69,0.81883316,10.26,9.69,3840/5521,9.69,10.26,9.69,9.85,5.834186,1.88478E7,17,600241,20260331
601928.SH,凤凰传媒,9.43,-0.9453781512605027,9.78,9.71,0.92879257,9.83,9.69,3840/5521,9.71,9.83,9.69,9.78,1.444788,7694864,17,601928,20260331
600683.SH,京投发展,14.5,5.762217359591532,9.76,10.27,-3.55731225,10.36,9.68,3843/5521,10.27,10.36,9.68,9.76,6.719367,2.60344E7,17,600683,20260331
002111.SZ,威海广泰,11.02,4.554079696394691,9.77,9.69,1.03412616,9.98,9.67,3844/5521,9.69,9.98,9.67,9.77,3.205791,7594284,33,002111,20260331
600826.SH,兰生股份,9.57,-3.722334004024137,9.67,9.75,-0.82051282,9.89,9.67,3844/5521,9.75,9.89,9.67,9.67,2.25641,3725821,17,600826,20260331
600986.SH,浙文互联,9.99,-6.896551724137933,9.74,9.76,0.41237113,10.03,9.67,3844/5521,9.76,10.03,9.67,9.74,3.71134,7.8104772E7,17,600986,20260331
920149.BJ,旭杰科技,10.19,1.696606786427145,9.73,9.79,-0.30737705,9.98,9.67,3844/5521,9.79,9.98,9.67,9.73,3.176229,556062,151,920149,20260331
001236.SZ,弘业期货,9.55,2.0299145299145436,9.68,9.8,-1.525941,9.92,9.66,3848/5521,9.8,9.92,9.66,9.68,2.644964,1.1519164E7,33,001236,20260331
300221.SZ,银禧科技,11.23,0.6272401433691782,9.66,9.9,-2.52270434,9.96,9.66,3848/5521,9.9,9.96,9.66,9.66,3.027245,1.179034E7,33,300221,20260331
300295.SZ,*ST三六五,12.62,1.2028869286286974,9.71,9.85,-1.52129817,10.1,9.66,3848/5521,9.85,10.1,9.66,9.71,4.462474,4364861,33,300295,20260331
002383.SZ,合众思壮,9.31,1.3057671381936997,9.67,9.72,-0.41194645,9.94,9.65,3851/5521,9.72,9.94,9.65,9.67,2.986611,1.48292E7,33,002383,20260331
601878.SH,浙商证券,9.85,0.0,9.66,9.7,-0.41237113,9.78,9.65,3851/5521,9.7,9.78,9.65,9.66,1.340206,1.6613977E7,17,601878,20260331
300439.SZ,美康生物,10.09,0.0,9.65,9.75,-0.92402464,9.86,9.63,3853/5521,9.75,9.86,9.63,9.65,2.361396,3472000,33,300439,20260331
002286.SZ,保龄宝,10.28,1.0816125860373593,9.63,9.83,-2.23350254,9.95,9.61,3854/5521,9.83,9.95,9.61,9.63,3.451776,6556346,33,002286,20260331
603759.SH,海天股份,9.03,-3.111587982832628,9.96,9.62,2.68041237,10.36,9.61,3854/5521,9.62,10.36,9.61,9.96,7.731958,1.4991226E7,17,603759,20260331
688659.SH,元琛科技,11.53,2.488888888888883,9.7,9.93,-1.52284264,10.08,9.61,3854/5521,9.93,10.08,9.61,9.7,4.771573,3315335,17,688659,20260331
920021.BJ,流金科技,10.03,5.801687763713069,10.17,9.8,5.49792531,10.44,9.61,3854/5521,9.8,10.44,9.61,10.17,8.609958,3.302153E7,151,920021,20260331
600791.SH,京能置业,13.45,0.8245877061469223,9.7,9.84,-1.42276423,10.05,9.6,3858/5521,9.84,10.05,9.6,9.7,4.57317,1.76497E7,17,600791,20260331
603458.SH,勘设股份,11.96,0.16750418760470143,9.62,10.15,-4.56349206,10.15,9.6,3858/5521,10.15,10.15,9.6,9.62,5.456349,1.190826E7,17,603458,20260331
920175.BJ,东方碳素,9.83,-0.6066734074823104,9.7,9.87,-1.22199593,9.92,9.6,3858/5521,9.87,9.92,9.6,9.7,3.258655,541806,151,920175,20260331
600623.SH,华谊集团,10.88,0.18416206261511373,9.64,9.92,-2.03252033,10.4,9.59,3861/5521,9.92,10.4,9.59,9.64,8.231707,3.3670166E7,17,600623,20260331
600661.SH,昂立教育,10.2,1.1904761904761827,9.61,9.72,-0.92783505,9.88,9.59,3861/5521,9.72,9.88,9.59,9.61,2.98969,2725588,17,600661,20260331
688280.SH,精进电动,7.28,-11.864406779661012,9.63,9.67,-1.63432074,9.96,9.59,3861/5521,9.67,9.96,9.59,9.63,3.779366,1.7025697E7,17,688280,20260331
300543.SZ,朗科智能,9.73,1.4598540145985461,9.59,9.65,-1.13402062,9.84,9.57,3864/5521,9.65,9.84,9.57,9.59,2.783505,6173824,33,300543,20260331
600101.SH,明星电力,9.82,-0.7077856420626925,9.6,10.13,-5.51181102,10.13,9.57,3864/5521,10.13,10.13,9.57,9.6,5.511811,4.2328054E7,17,600101,20260331
002451.SZ,摩恩电气,9.53,-1.4477766287487133,9.55,9.75,-2.35173824,9.93,9.55,3866/5521,9.75,9.93,9.55,9.55,3.88548,1.078676E7,33,002451,20260331
300323.SZ,华灿光电,12.1,5.1259774109470015,9.64,9.99,-2.72452069,9.99,9.55,3866/5521,9.99,9.99,9.55,9.64,4.439959,4.7988106E7,33,300323,20260331
300798.SZ,锦鸡股份,10.19,-4.048964218455741,9.56,9.84,-2.94416244,10.15,9.55,3866/5521,9.84,10.15,9.55,9.56,6.09137,2.1052673E7,33,300798,20260331
601577.SH,长沙银行,9.97,0.8088978766430744,9.63,9.59,0.62695925,9.71,9.55,3866/5521,9.59,9.71,9.55,9.63,1.671891,1.3444151E7,17,601577,20260331
002373.SZ,千方科技,8.95,-0.6659267480577192,9.57,9.63,-0.93167702,9.79,9.54,3870/5521,9.63,9.79,9.54,9.57,2.587991,1.9916E7,33,002373,20260331
002174.SZ,游族网络,10.24,0.5893909626719106,9.54,9.55,-0.20920502,9.73,9.53,3871/5521,9.55,9.73,9.53,9.54,2.09205,1.2928003E7,33,002174,20260331
002490.SZ,山东墨龙,10.06,1.0040160642570244,9.53,9.79,-2.95315682,9.97,9.52,3872/5521,9.79,9.97,9.52,9.53,4.582484,6.2804001E7,33,002490,20260331
002242.SZ,九阳股份,10.88,1.8726591760299727,9.57,9.55,0,9.76,9.51,3873/5521,9.55,9.76,9.51,9.57,2.61233,8614764,33,002242,20260331
300015.SZ,爱尔眼科,10.78,-1.5525114155251136,9.51,9.68,-1.75619835,9.76,9.51,3873/5521,9.68,9.76,9.51,9.51,2.582644,5.0552387E7,33,300015,20260331
601939.SH,建设银行,9.95,1.4271151885830662,9.65,9.54,1.4721346,9.68,9.51,3873/5521,9.54,9.68,9.51,9.65,1.787592,1.01959537E8,17,601939,20260331
688247.SH,宣泰医药,9.3,1.5283842794759888,9.52,9.55,-0.31413613,9.75,9.51,3873/5521,9.55,9.75,9.51,9.52,2.513089,1751393,17,688247,20260331
300393.SZ,中来股份,10.12,1.6064257028112285,9.71,9.88,-1.72064777,10,9.5,3877/5521,9.88,10,9.5,9.71,5.060728,4.7971089E7,33,300393,20260331
603608.SH,天创时尚,13.17,1.2298232129131448,9.51,9.88,-2.7607362,9.88,9.5,3877/5521,9.88,9.88,9.5,9.51,3.88548,8397900,17,603608,20260331
002093.SZ,国脉科技,8.32,-1.0701545778834705,9.5,9.51,-0.31479538,9.65,9.49,3879/5521,9.51,9.65,9.49,9.5,1.678908,9674354,33,002093,20260331
600419.SH,天润乳业,9.62,0.0,9.52,9.49,1.16896918,9.77,9.48,3880/5521,9.49,9.77,9.48,9.52,3.081827,1.056154E7,17,600419,20260331
600916.SH,中国黄金,8.94,0.11198208286673894,9.48,9.57,-0.94043887,9.72,9.46,3881/5521,9.57,9.72,9.46,9.48,2.716823,3.16104E7,17,600916,20260331
920395.BJ,朗鸿科技,9.67,0.10351966873705783,9.48,9.71,-0.73298429,9.77,9.46,3881/5521,9.71,9.77,9.46,9.48,3.246073,601347,151,920395,20260331
920946.BJ,森萱医药,10.25,3.7449392712550527,9.51,9.51,0,9.66,9.46,3881/5521,9.51,9.66,9.46,9.51,2.103049,1430860,151,920946,20260331
600894.SH,广日股份,9.48,-0.5246589716684044,9.59,9.45,9.97706422,9.59,9.45,3884/5521,9.45,9.59,9.45,9.59,1.605504,1.5103029E7,17,600894,20260331
300095.SZ,华伍股份,9.84,1.9689119170984404,9.44,9.55,-1.04821803,9.75,9.44,3885/5521,9.55,9.75,9.44,9.44,3.249475,7269600,33,300095,20260331
002207.SZ,*ST准油,6.87,5.045871559633029,9.44,9.63,-2.1761658,9.76,9.43,3886/5521,9.63,9.76,9.43,9.44,3.419689,2.09067E7,33,002207,20260331
920556.BJ,雅达股份,9.04,0.444444444444435,9.44,9.48,-1.04821803,9.72,9.43,3886/5521,9.48,9.72,9.43,9.44,3.039832,2041581,151,920556,20260331
600637.SH,东方明珠,9.98,-1.3833992094861542,9.42,9.54,-1.25786164,9.66,9.42,3888/5521,9.54,9.66,9.42,9.42,2.515723,2.642474E7,17,600637,20260331
600867.SH,通化东宝,9.23,-3.451882845188285,9.49,9.5,-0.52410901,9.67,9.42,3888/5521,9.5,9.67,9.42,9.49,2.620545,8.242545E7,17,600867,20260331
601311.SH,骆驼股份,9.95,-2.6418786692759424,9.45,9.57,-1.76715177,9.75,9.42,3888/5521,9.57,9.75,9.42,9.45,3.430353,2.059113E7,17,601311,20260331
600843.SH,上工申贝,8.72,2.3474178403755994,9.4,9.47,-0.73917635,9.61,9.4,3891/5521,9.47,9.61,9.4,9.4,2.217529,6867700,17,600843,20260331
603227.SH,雪峰科技,8.61,-0.5773672055427334,9.88,9.41,4.32946146,10.1,9.4,3891/5521,9.41,10.1,9.4,9.88,7.391763,7.4330384E7,17,603227,20260331
603429.SH,*ST集友,10.3,0.3898635477582936,9.95,9.62,4.95780591,9.95,9.4,3891/5521,9.62,9.95,9.4,9.95,5.801687,6148612,22,603429,20260331
002300.SZ,太阳电缆,9.37,-3.302373581011355,9.59,9.46,0.10438413,9.94,9.39,3894/5521,9.46,9.94,9.39,9.59,5.741127,4.3841171E7,33,002300,20260331
603055.SH,台华新材,9.07,-2.473118279569897,9.39,9.73,-3.19587629,9.79,9.38,3895/5521,9.73,9.79,9.38,9.39,4.226804,7652300,17,603055,20260331
603869.SH,ST智知,10.44,0.9671179883945807,9.42,9.59,-1.875,9.69,9.38,3895/5521,9.59,9.69,9.38,9.42,3.229166,769000,22,603869,20260331
605055.SH,迎丰股份,11.21,-0.8841732979663982,9.56,9.44,1.378579,9.8,9.38,3895/5521,9.44,9.8,9.38,9.56,4.45387,6397104,17,605055,20260331
002651.SZ,利君股份,9.58,1.1615628299894343,9.46,9.4,0.21186441,9.67,9.37,3898/5521,9.4,9.67,9.37,9.46,3.177966,7706800,33,002651,20260331
002429.SZ,兆驰股份,11.05,-1.8650088809946632,9.46,9.68,-3.07377049,9.77,9.36,3899/5521,9.68,9.77,9.36,9.46,4.200819,8.5205874E7,33,002429,20260331
002461.SZ,珠江啤酒,10.38,0.5813953488372141,9.37,9.5,-0.53078556,9.63,9.36,3899/5521,9.5,9.63,9.36,9.37,2.866242,9799100,33,002461,20260331
300009.SZ,安科生物,8.84,-1.2290502793296028,9.45,9.4,0.53191489,9.68,9.36,3899/5521,9.4,9.68,9.36,9.45,3.404255,2.6040807E7,33,300009,20260331
300147.SZ,*ST香雪,10.02,6.48246546227417,9.36,9.49,-0.63694268,9.75,9.36,3899/5521,9.49,9.75,9.36,9.36,4.140127,1.2124191E7,33,300147,20260331
300263.SZ,隆华科技,10.57,0.09469696969696767,9.39,9.67,-2.1875,9.76,9.36,3899/5521,9.67,9.76,9.36,9.39,4.166666,3.0576251E7,33,300263,20260331
000929.SZ,*ST兰黄,10.33,0.4863813229572054,9.44,9.62,-2.1761658,9.79,9.35,3904/5521,9.62,9.79,9.35,9.44,4.559585,3752254,33,000929,20260331
002233.SZ,塔牌集团,8.56,-5.622932745314221,9.37,9.41,-0.53078556,9.52,9.35,3904/5521,8.93,9.04,8.87,8.89,1.80467,9566801,33,002233,20260331
300358.SZ,楚天科技,9.79,1.4507772020725263,9.41,9.6,-1.77453027,9.67,9.35,3904/5521,9.6,9.67,9.35,9.41,3.340292,1.1936107E7,33,300358,20260331
000917.SZ,电广传媒,8.74,-1.4656144306651524,9.35,9.46,-0.10683761,9.55,9.33,3907/5521,9.46,9.55,9.33,9.35,2.350427,3.0475416E7,33,000917,20260331
600326.SH,西藏天路,9.37,0.42872454448016234,9.34,9.37,-0.32017076,9.53,9.33,3907/5521,9.37,9.53,9.33,9.34,2.134471,1.7313884E7,17,600326,20260331
000989.SZ,九芝堂,9.65,-0.9240246406570827,9.35,9.38,-0.95338983,9.54,9.32,3909/5521,9.38,9.54,9.32,9.35,2.330508,2.1459463E7,33,000989,20260331
300002.SZ,神州泰岳,9.73,1.038421599169259,9.32,9.4,-1.06157113,9.54,9.32,3909/5521,9.4,9.54,9.32,9.32,2.335456,2.29793E7,33,300002,20260331
600236.SH,桂冠电力,10.09,0.7992007992007999,9.45,9.55,0.53191489,9.62,9.32,3909/5521,9.55,9.62,9.32,9.45,3.191489,1.7680802E7,17,600236,20260331
000528.SZ,柳工,9.66,-2.6209677419354818,9.32,9.35,0,9.54,9.31,3912/5521,9.35,9.54,9.31,9.32,2.467811,2.7758051E7,33,000528,20260331
000697.SZ,ST炼石,,,9.35,9.61,-2.60416667,9.69,9.31,3912/5521,9.61,9.69,9.31,9.35,3.958333,6247896,33,000697,20260331
300534.SZ,陇神戎发,9.47,0.0,9.33,9.39,-0.63897764,9.53,9.31,3912/5521,9.39,9.53,9.31,9.33,2.342917,5351500,33,300534,20260331
603027.SH,千禾味业,9.15,-9.4059405940594,9.34,9.54,-1.05932203,9.58,9.31,3912/5521,9.54,9.58,9.31,9.34,2.860169,1.1422704E7,17,603027,20260331
002079.SZ,苏州固锝,11.7,0.08554319931565259,9.31,9.45,-2,9.52,9.3,3916/5521,9.45,9.52,9.3,9.31,2.315789,1.3938414E7,33,002079,20260331
300200.SZ,高盟新材,10.01,-1.3793103448275918,9.28,9.57,-3.03030303,9.63,9.28,3917/5521,9.57,9.63,9.28,9.28,3.657262,1.12399E7,33,300200,20260331
603366.SH,日出东方,8.36,-0.2386634844868896,9.29,9.6,-3.22916667,9.7,9.28,3917/5521,9.6,9.7,9.28,9.29,4.375,3.749657E7,17,603366,20260331
603843.SH,*ST正平,8.97,5.0351288056206265,9.28,9.28,,9.28,9.28,3917/5521,9.28,9.28,9.28,9.28,,,22,603843,20260331
300708.SZ,聚灿光电,8.85,0.2265005662514108,9.29,9.43,-1.17021277,9.69,9.26,3920/5521,9.4,9.66,9.23,9.26,4.574468,5.4612545E7,33,300708,20260331
600095.SH,湘财股份,8.88,0.3389830508474705,9.27,9.37,-1.38297872,9.5,9.26,3920/5521,9.37,9.5,9.26,9.27,2.553191,1.5698E7,17,600095,20260331
603466.SH,风语筑,9.72,0.309597523219826,9.25,9.36,-1.38592751,9.48,9.25,3922/5521,9.36,9.48,9.25,9.25,2.452025,1.5429076E7,17,603466,20260331
002405.SZ,四维图新,9.03,1.4606741573033595,9.26,9.48,-2.42360379,9.57,9.24,3923/5521,9.48,9.57,9.24,9.26,3.477344,5.4153862E7,33,002405,20260331
603167.SH,渤海轮渡,9.07,-2.8907922912205524,9.25,9.3,-0.64446831,9.39,9.24,3923/5521,9.3,9.39,9.24,9.25,1.61117,4983400,17,603167,20260331
920039.BJ,国义招标,9.39,1.5135135135135196,9.31,9.3,-0.32119914,9.52,9.24,3923/5521,9.3,9.52,9.24,9.31,2.997858,757950,151,920039,20260331
603969.SH,银龙股份,8.91,0.11235955056179535,9.22,9.31,-1.39037433,9.54,9.21,3926/5521,9.31,9.54,9.21,9.22,3.529411,8607743,17,603969,20260331
603636.SH,南威软件,8.96,0.7874015748031528,9.2,9.26,-1.07526882,9.43,9.2,3927/5521,9.26,9.43,9.2,9.2,2.473118,4947773,17,603636,20260331
688459.SH,哈铁科技,9.06,0.11049723756905841,9.45,9.2,2.16216216,9.58,9.2,3927/5521,9.2,9.58,9.2,9.45,4.108108,4841261,17,688459,20260331
002057.SZ,中钢天源,9.65,-0.4127966976264102,9.2,9.34,-1.49892934,9.39,9.19,3929/5521,9.34,9.39,9.19,9.2,2.141327,8617979,33,002057,20260331
002598.SZ,ST章鼓,8.09,-0.736196319018411,9.2,9.25,-0.75512406,9.43,9.19,3929/5521,9.25,9.43,9.19,9.2,2.588996,4675100,33,002598,20260331
002783.SZ,凯龙股份,8.92,-1.7621145374449354,9.2,9.35,-1.91897655,9.46,9.18,3931/5521,9.35,9.46,9.18,9.2,2.985074,1.0010041E7,33,002783,20260331
300228.SZ,富瑞特装,9.31,-0.5341880341880229,9.28,9.23,0.65075922,9.41,9.18,3931/5521,9.23,9.41,9.18,9.28,2.494577,2.798692E7,33,300228,20260331
000600.SZ,建投能源,9.52,-2.65848670756646,9.2,9.55,-2.85110876,9.67,9.17,3933/5521,9.55,9.67,9.17,9.2,5.279831,4.5989523E7,33,000600,20260331
002227.SZ,*ST特迅,8.78,-3.938730853391698,9.18,9.4,-2.13219616,9.61,9.16,3934/5521,9.4,9.61,9.16,9.18,4.797441,4465108,33,002227,20260331
002559.SZ,亚威股份,10.32,-1.5267175572519096,9.16,9.38,-2.65674814,9.47,9.16,3934/5521,9.38,9.47,9.16,9.16,3.294367,1.389895E7,33,002559,20260331
600138.SH,中青旅,9.01,-1.0976948408342442,9.18,9.18,-0.10881393,9.27,9.16,3934/5521,9.18,9.27,9.16,9.18,1.196953,5652252,17,600138,20260331
688701.SH,卓锦股份,10.2,2.7190332326283944,9.23,9.64,-3.45188285,9.69,9.16,3934/5521,9.64,9.69,9.16,9.23,5.543933,2427794,17,688701,20260331
000576.SZ,甘化科工,8.82,-5.76923076923076,9.16,9.31,-1.92719486,9.42,9.15,3938/5521,9.31,9.42,9.15,9.16,2.890792,8360000,33,000576,20260331
002249.SZ,大洋电机,9.38,2.963776070252485,9.16,9.22,-0.97297297,9.36,9.15,3938/5521,9.22,9.36,9.15,9.16,2.27027,2.8850952E7,33,002249,20260331
002661.SZ,克明食品,8.92,-1.7621145374449354,9.17,9.24,-0.75757576,9.37,9.15,3938/5521,9.24,9.37,9.15,9.17,2.380952,5577628,33,002661,20260331
300586.SZ,美联新材,11.65,-2.835696413678064,9.16,9.45,-3.06878307,9.56,9.15,3938/5521,9.45,9.56,9.15,9.16,4.338624,7381690,33,300586,20260331
600283.SH,钱江水利,9.16,-1.0799136069114432,9.23,9.24,-0.32397408,9.32,9.15,3938/5521,9.24,9.32,9.15,9.23,1.835853,4419940,17,600283,20260331
300264.SZ,佳创视讯,9.36,5.286839145106849,9.22,9.61,-4.35684647,9.91,9.14,3943/5521,9.61,9.91,9.14,9.22,7.987551,2.7345E7,33,300264,20260331
605377.SH,华旺科技,9.83,3.911205073995763,9.2,9.3,-1.18152524,9.33,9.14,3943/5521,9.3,9.33,9.14,9.2,2.040816,7855869,17,605377,20260331
300022.SZ,吉峰科技,9.75,-0.914634146341462,9.35,9.36,0.97192225,9.5,9.13,3945/5521,9.36,9.5,9.13,9.35,3.99568,3.17774E7,33,300022,20260331
300279.SZ,和晶科技,7.87,-0.12690355329948969,9.14,9.59,-4.6923879,9.65,9.12,3946/5521,9.59,9.65,9.12,9.14,5.52659,1.978946E7,33,300279,20260331
301332.SZ,德尔玛,9.36,-0.5313496280552679,9.13,9.21,-0.65288357,9.31,9.12,3946/5521,9.21,9.31,9.12,9.13,2.067464,2208371,33,301332,20260331
600273.SH,嘉化能源,8.17,-2.2727272727272667,9.13,9.27,-1.40388769,9.31,9.11,3948/5521,9.27,9.31,9.11,9.13,2.159827,1.3924601E7,17,600273,20260331
920496.BJ,许昌智能,8.65,-3.4598214285714337,9.11,9.34,-1.93756728,9.48,9.11,3948/5521,9.34,9.48,9.11,9.11,3.982777,2370421,151,920496,20260331
000610.SZ,*ST西旅,7.75,-0.7682458386683689,9.12,9.1,-0.7616975,9.38,9.1,3950/5521,9.1,9.38,9.1,9.12,3.046789,5691600,33,000610,20260331
001258.SZ,立新能源,9.01,-1.6375545851528424,9.13,9.56,-5.97322348,9.69,9.1,3950/5521,9.56,9.69,9.1,9.13,6.07621,6.0267576E7,33,001258,20260331
002166.SZ,莱茵生物,8.78,2.211874272409773,9.32,9.1,4.48430493,9.48,9.1,3950/5521,9.1,9.48,9.1,9.32,4.260089,2.8319171E7,33,002166,20260331
300599.SZ,雄塑科技,11.95,3.373702422145318,9.16,9.59,-3.57894737,9.59,9.1,3950/5521,9.59,9.59,9.1,9.16,5.157894,5418064,33,300599,20260331
920371.BJ,欧福蛋业,9.16,0.10928961748633646,9.16,9.13,0,9.29,9.1,3950/5521,9.13,9.29,9.1,9.16,2.074235,851208,151,920371,20260331
002592.SZ,ST八菱,7.94,-0.37641154328731946,9.14,9.3,-2.45464248,9.44,9.08,3955/5521,9.3,9.44,9.08,9.14,3.842049,2937477,33,002592,20260331
600218.SH,全柴动力,9.66,2.439024390243907,9.11,9.26,-1.61987041,9.34,9.08,3955/5521,9.26,9.34,9.08,9.11,2.807775,8413975,17,600218,20260331
300796.SZ,贝斯美,9.0,2.389078498293525,9.1,9.38,-2.77777778,9.44,9.07,3957/5521,9.38,9.44,9.07,9.1,3.952991,4907500,33,300796,20260331
601456.SH,国联民生,9.63,0.3125000000000119,9.08,9.15,-0.76502732,9.21,9.07,3957/5521,9.15,9.21,9.07,9.08,1.530054,1.7377566E7,17,601456,20260331
600548.SH,深高速,9.07,0.0,9.34,9.08,2.18818381,9.39,9.06,3959/5521,9.08,9.39,9.06,9.34,3.610503,1.18388E7,17,600548,20260331
601226.SH,华电科工,8.86,-2.530253025302535,9.07,9.31,-2.47311828,9.47,9.06,3959/5521,9.31,9.47,9.06,9.07,4.408602,2.7905052E7,17,601226,20260331
603327.SH,福蓉科技,10.8,-1.0989010989010917,9.08,9.16,-0.87336245,9.27,9.06,3959/5521,9.16,9.27,9.06,9.08,2.292576,1.0961226E7,17,603327,20260331
605500.SH,森林包装,9.18,0.6578947368421107,9.08,9.3,-2.04962244,9.32,9.06,3959/5521,9.3,9.32,9.06,9.08,2.804746,4122400,17,605500,20260331
601985.SH,中国核电,8.99,0.0,9.05,9.14,-1.09289617,9.22,9.05,3963/5521,9.14,9.22,9.05,9.05,1.857923,1.33749182E8,17,601985,20260331
002091.SZ,江苏国泰,8.95,-9.321175278622087,9.07,9.31,-2.89079229,9.33,9.04,3964/5521,9.31,9.33,9.04,9.07,3.104925,2.212513E7,33,002091,20260331
002098.SZ,浔兴股份,8.62,0.5834305717619479,9.07,9.18,-0.54824561,9.25,9.04,3964/5521,9.18,9.25,9.04,9.07,2.302631,3115200,33,002098,20260331
601798.SH,蓝科高新,9.11,2.4746906636670287,9.05,9.14,-1.416122,9.28,9.04,3964/5521,9.14,9.28,9.04,9.05,2.614379,5449001,17,601798,20260331
600958.SH,东方证券,9.34,0.0,9.04,9.1,-0.65934066,9.19,9.03,3967/5521,9.1,9.19,9.03,9.04,1.758241,3.0967489E7,17,600958,20260331
002332.SZ,仙琚制药,8.77,-0.45402951191828517,9.06,9.05,0.11049724,9.12,9.02,3968/5521,9.05,9.12,9.02,9.06,1.104972,1.0736414E7,33,002332,20260331
603421.SH,鼎信通讯,8.19,-1.798561151079141,9.04,9.33,-5.53814002,9.48,9.02,3968/5521,9.33,9.48,9.02,9.04,4.806687,3.641852E7,17,603421,20260331
600718.SH,东软集团,8.84,-0.2257336343115076,9.03,9.09,-0.87815587,9.2,9.01,3970/5521,9.09,9.2,9.01,9.03,2.08562,1.1216116E7,17,600718,20260331
603801.SH,志邦家居,8.74,-1.9079685746352404,9.04,9.08,-0.11049724,9.2,9.01,3970/5521,9.08,9.2,9.01,9.04,2.099447,2104312,17,603801,20260331
002195.SZ,岩山科技,8.61,-1.8244013683010278,9.02,9.08,-0.66079295,9.25,9,3972/5521,9.08,9.25,9,9.02,2.753303,1.6955547E8,33,002195,20260331
600610.SH,中毅达,9.29,0.10775862068965289,9.01,9.2,-1.95865071,9.29,9,3972/5521,9.2,9.29,9,9.01,3.155603,2.0176542E7,17,600610,20260331
002033.SZ,丽江股份,9.47,-2.672147995889001,9.09,9.11,-0.21953897,9.29,8.99,3974/5521,9.11,9.29,8.99,9.09,3.293084,1.4144752E7,33,002033,20260331
002543.SZ,万和电气,8.25,-0.6024096385542254,9.01,9.2,-2.48917749,9.27,8.99,3974/5521,9.2,9.27,8.99,9.01,3.030303,1.1160394E7,33,002543,20260331
300597.SZ,吉大通信,9.83,0.7172131147541013,9.01,9.18,-1.85185185,9.3,8.99,3974/5521,9.18,9.3,8.99,9.01,3.376906,4592500,33,300597,20260331
002458.SZ,益生股份,11.21,0.9909909909910019,8.99,9.5,-4.56475584,9.52,8.97,3977/5521,9.5,9.52,8.97,8.99,5.838641,1.7992129E7,33,002458,20260331
002908.SZ,德生科技,8.43,-0.5896226415094423,8.96,9.1,-1.53846154,9.18,8.96,3978/5521,9.1,9.18,8.96,8.96,2.417582,3465832,33,002908,20260331
688306.SH,均普智能,9.28,-0.10764262648008383,8.98,9.05,-0.66371681,9.17,8.96,3978/5521,9.05,9.17,8.96,8.98,2.323008,5755441,17,688306,20260331
002719.SZ,ST麦趣,7.66,-4.844720496894417,8.98,9.32,-3.0237581,9.44,8.95,3980/5521,9.32,9.44,8.95,8.98,5.291576,6561600,33,002719,20260331
601825.SH,沪农商行,8.98,0.4474272930648873,9.11,9,1.44766147,9.16,8.95,3980/5521,9,9.16,8.95,9.11,2.33853,2.4826888E7,17,601825,20260331
600004.SH,白云机场,8.73,-2.999999999999995,8.97,9,-0.11135857,9.07,8.94,3982/5521,9,9.07,8.94,8.97,1.447661,9406100,17,600004,20260331
603912.SH,佳力图,10.58,1.2440191387559885,9.09,9.36,-2.46781116,9.68,8.94,3982/5521,9.36,9.68,8.94,9.09,7.939914,3.5051354E7,17,603912,20260331
600428.SH,中远海特,8.56,-0.23310023310022812,8.99,9.12,-1.8558952,9.25,8.93,3984/5521,9.12,9.25,8.93,8.99,3.493449,6.1902793E7,17,600428,20260331
601022.SH,宁波远洋,8.66,-0.8018327605956505,8.95,9.16,-2.92841649,9.24,8.93,3984/5521,9.16,9.24,8.93,8.95,3.362255,1.34189E7,17,601022,20260331
603222.SH,济民健康,9.8,2.510460251046027,8.94,9.11,-1.86608123,9.3,8.93,3984/5521,9.11,9.3,8.93,8.94,4.06147,1.3112182E7,17,603222,20260331
600667.SH,太极实业,9.59,-0.41536863966771465,8.94,9.56,-8.02469136,9.63,8.92,3987/5521,9.56,9.63,8.92,8.94,7.304526,1.99905791E8,17,600667,20260331
600797.SH,浙大网新,8.76,-0.680272108843543,8.94,9.01,-1.43329658,9.17,8.92,3987/5521,9.01,9.17,8.92,8.94,2.756339,1.9725E7,17,600797,20260331
603001.SH,奥康国际,8.23,-2.94811320754717,9.02,9.17,-1.95652174,9.35,8.92,3987/5521,9.17,9.35,8.92,9.02,4.673913,6315700,17,603001,20260331
603106.SH,恒银科技,8.9,2.416570771001161,8.92,9.05,-1.65380375,9.16,8.92,3987/5521,9.05,9.16,8.92,8.92,2.646085,3996221,17,603106,20260331
600642.SH,申能股份,9.06,-0.4395604395604302,8.91,9.04,-1.54696133,9.1,8.91,3991/5521,9.04,9.1,8.91,8.91,2.099447,2.0186025E7,17,600642,20260331
002668.SZ,TCL智家,9.55,-0.10460251046024881,8.9,8.95,-0.44742729,9.1,8.9,3992/5521,8.95,9.1,8.9,8.9,2.237136,8457552,33,002668,20260331
600746.SH,江苏索普,8.28,-3.2710280373831906,9.02,9.17,-0.22123894,9.36,8.9,3992/5521,9.17,9.36,8.9,9.02,5.088495,4.7745801E7,17,600746,20260331
603518.SH,锦泓集团,9.95,2.26104830421376,8.9,8.97,-0.78037904,9.13,8.9,3992/5521,8.97,9.13,8.9,8.9,2.564102,4155200,17,603518,20260331
002939.SZ,长城证券,8.89,-1.1123470522803074,8.89,8.95,-0.67039106,9.06,8.89,3995/5521,8.95,9.06,8.89,8.89,1.899441,1.3606E7,33,002939,20260331
002471.SZ,中超控股,8.46,0.9546539379474948,9.28,9.02,1.08932462,9.89,8.88,3996/5521,9.02,9.89,8.88,9.28,11.002178,3.31410982E8,33,002471,20260331
002723.SZ,小崧股份,11.17,4.981203007518791,8.88,9.05,-2.09481808,9.2,8.87,3997/5521,9.05,9.2,8.87,8.88,3.638368,8374000,33,002723,20260331
600818.SH,ST中路,7.77,-5.012224938875308,8.88,9,-1.22358176,9.17,8.87,3997/5521,9,9.17,8.87,8.88,3.337041,3858400,22,600818,20260331
300333.SZ,兆日科技,9.27,1.311475409836057,8.88,9.11,-2.52469813,9.25,8.86,3999/5521,9.11,9.25,8.86,8.88,4.281009,5841500,33,300333,20260331
600059.SH,古越龙山,8.91,-0.6688963210702397,8.88,8.99,-0.2247191,9.07,8.86,3999/5521,8.99,9.07,8.86,8.88,2.35955,6504083,17,600059,20260331
601019.SH,山东出版,7.46,0.403768506056531,8.9,8.89,-0.44742729,9.06,8.86,3999/5521,8.89,9.06,8.86,8.9,2.237136,7498770,17,601019,20260331
300512.SZ,中亚股份,9.29,1.308615049073056,8.86,8.97,-1.44605117,9.17,8.85,4002/5521,8.97,9.17,8.85,8.86,3.55951,3603450,33,300512,20260331
600153.SH,建发股份,9.51,0.955414012738852,8.88,9.02,-1.66112957,9.14,8.85,4002/5521,9.02,9.14,8.85,8.88,3.211517,1.5514985E7,17,600153,20260331
002546.SZ,新联电子,8.22,-0.12150668286755512,8.85,9.11,-2.85400659,9.15,8.84,4004/5521,8.99,9.03,8.72,8.73,3.402854,2.4344E7,33,002546,20260331
600730.SH,*ST高科,8.97,5.0351288056206265,8.85,9.21,-2.42557883,9.22,8.84,4004/5521,9.21,9.22,8.84,8.85,4.189636,1.2640583E7,22,600730,20260331
000042.SZ,中洲控股,9.63,8.568207440811744,8.86,9.06,-2.31532525,9.18,8.83,4006/5521,9.06,9.18,8.83,8.86,3.858875,6698300,33,000042,20260331
600360.SH,*ST华微,10.18,3.2454361054766765,8.84,8.92,-1.11856823,8.99,8.83,4006/5521,8.92,8.99,8.83,8.84,1.789709,8466150,22,600360,20260331
603660.SH,苏州科达,12.16,6.479859894921193,9.74,8.83,10.05649718,9.74,8.83,4006/5521,8.83,9.74,8.83,9.74,10.282485,3.5791558E7,17,603660,20260331
603730.SH,岱美股份,10.94,3.2075471698113196,8.9,8.88,0.22522523,9.08,8.83,4006/5521,8.88,9.08,8.83,8.9,2.815315,1.5316571E7,17,603730,20260331
920469.BJ,富恒新材,6.95,-19.091967403958087,8.92,8.98,1.94285714,9.28,8.83,4006/5521,8.98,9.28,8.83,8.92,5.142857,2708439,151,920469,20260331
000009.SZ,中国宝安,8.65,-6.788793103448266,8.81,9,-2.43632337,9.05,8.81,4011/5521,9,9.05,8.81,8.81,2.657807,1.8817926E7,33,000009,20260331
600348.SH,华阳股份,10.45,0.8687258687258674,8.81,9.25,-5.37056928,9.33,8.81,4011/5521,9.25,9.33,8.81,8.81,5.585392,5.3216248E7,17,600348,20260331
600774.SH,汉商集团,8.78,0.22831050228310015,8.82,8.96,-1.34228188,9.09,8.81,4011/5521,8.96,9.09,8.81,8.82,3.131991,3559582,17,600774,20260331
002454.SZ,松芝股份,9.91,-4.158607350096709,9.24,9.08,10,9.24,8.8,4014/5521,9.08,9.24,8.8,9.24,5.238095,1.43786E7,33,002454,20260331
002647.SZ,仁东控股,12.41,-0.9577015163607281,8.84,9.13,-3.80848749,9.21,8.8,4014/5521,9.13,9.21,8.8,8.84,4.461371,1.5801E7,33,002647,20260331
601086.SH,国芳集团,8.93,9.975369458128087,8.8,8.89,-0.6772009,8.98,8.8,4014/5521,8.89,8.98,8.8,8.8,2.031602,5268400,17,601086,20260331
603838.SH,*ST四通,8.97,0.7865168539325874,8.88,9.07,1.36986301,9.2,8.8,4014/5521,9.07,9.2,8.8,8.88,4.56621,3047100,22,603838,20260331
000705.SZ,浙江震元,8.26,0.24271844660193656,8.8,8.86,-1.01237345,9.01,8.79,4018/5521,8.86,9.01,8.79,8.8,2.47469,4661410,33,000705,20260331
000779.SZ,甘咨询,8.86,0.5675368898978312,8.8,8.99,-2.43902439,9.05,8.79,4018/5521,8.99,9.05,8.79,8.8,2.882483,6336047,33,000779,20260331
002068.SZ,黑猫股份,9.51,6.138392857142844,8.78,9.19,-3.51648352,9.19,8.78,4020/5521,9.19,9.19,8.78,8.78,4.505494,2.14081E7,33,002068,20260331
002129.SZ,TCL中环,8.66,0.46403712296984834,8.78,9.13,-3.62239297,9.23,8.78,4020/5521,9.13,9.23,8.78,8.78,4.939626,9.6367504E7,33,002129,20260331
002644.SZ,佛慈制药,8.39,2.0681265206812642,8.85,8.97,-1.77580466,9.32,8.78,4020/5521,8.97,9.32,8.78,8.85,5.99334,2.6046998E7,33,002644,20260331
601117.SH,中国化学,8.6,-0.692840646651276,8.79,9.02,-2.98013245,9.1,8.78,4020/5521,9.02,9.1,8.78,8.79,3.532008,1.11715653E8,17,601117,20260331
301039.SZ,中集车辆,8.93,0.0,8.79,8.83,-0.45300113,9.04,8.77,4024/5521,8.83,9.04,8.77,8.79,3.057757,1.0389693E7,33,301039,20260331
600821.SH,金开新能,7.8,-10.03460207612457,8.78,9.25,-4.04371585,9.45,8.77,4024/5521,9.25,9.45,8.77,8.78,7.431693,3.15660718E8,17,600821,20260331
605006.SH,山东玻纤,11.69,-3.6273701566364487,8.79,9.13,-3.82932166,9.14,8.77,4024/5521,9.13,9.14,8.77,8.79,4.04814,1.87372E7,17,605006,20260331
603725.SH,天安新材,9.81,0.0,8.79,8.96,-1.23595506,9.08,8.76,4027/5521,8.96,9.08,8.76,8.79,3.595505,3649400,17,603725,20260331
920402.BJ,硅烷科技,9.07,-4.122621564482035,8.78,8.85,0,8.94,8.76,4027/5521,8.85,8.94,8.76,8.78,2.050113,2633052,151,920402,20260331
600110.SH,诺德股份,10.75,-2.18380345768881,9.22,9.08,1.31868132,9.49,8.75,4029/5521,9.08,9.49,8.75,9.22,8.131868,3.2775138E8,17,600110,20260331
688597.SH,煜邦电力,8.36,-0.8303677342823285,8.78,9.06,-3.51648352,9.14,8.75,4029/5521,9.06,9.14,8.75,8.78,4.285714,3996590,17,688597,20260331
000655.SZ,金岭矿业,8.3,-1.4251781472683993,8.77,8.97,-2.55555556,9.04,8.74,4031/5521,8.97,9.04,8.74,8.77,3.333333,9448701,33,000655,20260331
688285.SH,高铁电气,9.45,2.9411764705882306,9.23,8.77,4.53001133,9.75,8.74,4031/5521,8.77,9.75,8.74,9.23,11.438278,2.1743649E7,17,688285,20260331
600830.SH,香溢融通,9.9,-2.3668639053254457,8.77,8.9,-1.12739572,8.98,8.73,4033/5521,8.9,8.98,8.73,8.77,2.818489,3790356,17,600830,20260331
000609.SZ,*ST中迪,14.42,5.0254916241806225,8.72,9.18,-5.01089325,9.24,8.72,4034/5521,9.18,9.24,8.72,8.72,5.664488,1.1550511E7,33,000609,20260331
000795.SZ,英洛华,9.23,0.0,8.75,8.77,-0.22805017,8.85,8.72,4034/5521,8.77,8.85,8.72,8.75,1.482326,9326183,33,000795,20260331
002469.SZ,三维化学,7.19,-1.1004126547455184,8.76,9,-2.99003322,9.09,8.72,4034/5521,9,9.09,8.72,8.76,4.097452,1.7795801E7,33,002469,20260331
300387.SZ,富邦科技,9.19,0.21810250817883942,8.74,9.1,-3.95604396,9.16,8.72,4034/5521,9.1,9.16,8.72,8.74,4.835164,1.30496E7,33,300387,20260331
300460.SZ,ST惠伦,9.39,-0.21253985122209962,8.75,8.9,-1.46396396,9.08,8.72,4034/5521,8.9,9.08,8.72,8.75,4.054054,3998400,33,300460,20260331
600757.SH,长江传媒,8.61,-1.0344827586206882,8.83,8.78,0.45506257,8.91,8.71,4039/5521,8.78,8.91,8.71,8.83,2.275312,9394831,17,600757,20260331
600133.SH,东湖高新,8.98,1.0123734533183335,8.74,8.79,-0.90702948,8.9,8.7,4040/5521,8.79,8.9,8.7,8.74,2.267573,1.31591E7,17,600133,20260331
002313.SZ,日海智能,9.61,-3.7074148296593283,8.7,8.91,-2.35690236,8.96,8.68,4041/5521,8.91,8.96,8.68,8.7,3.142536,4224651,33,002313,20260331
603987.SH,康德莱,8.4,-0.23752969121139636,8.68,8.75,-0.4587156,8.87,8.68,4041/5521,8.75,8.87,8.68,8.68,2.178899,5357600,17,603987,20260331
002036.SZ,联创电子,7.68,-2.7848101265822867,8.69,8.78,-1.36208854,8.89,8.67,4043/5521,8.78,8.89,8.67,8.69,2.497162,1.8101944E7,33,002036,20260331
300132.SZ,青松股份,9.44,-0.21141649048627217,8.7,8.74,-0.7981756,9.03,8.67,4043/5521,8.74,9.03,8.67,8.7,4.104903,1.58448E7,33,300132,20260331
600382.SH,广东明珠,8.37,-2.333722287047854,8.7,8.99,-2.79329609,9.48,8.67,4043/5521,8.99,9.48,8.67,8.7,9.050279,2.0576418E7,17,600382,20260331
002620.SZ,*ST瑞和,9.98,-4.952380952380948,9.3,9.2,1.97368421,9.58,8.66,4046/5521,9.2,9.58,8.66,9.3,10.087719,7.909549E7,33,002620,20260331
300513.SZ,恒实科技,9.08,1.6797312430011238,8.68,8.82,-1.58730159,8.96,8.66,4046/5521,8.82,8.96,8.66,8.68,3.40136,5935026,33,300513,20260331
600328.SH,中盐化工,8.1,-7.5342465753424674,8.67,9.31,-7.47065101,9.35,8.66,4046/5521,9.31,9.35,8.66,8.67,7.363927,5.5353017E7,17,600328,20260331
600839.SH,四川长虹,8.74,0.807381776239911,8.67,8.7,-0.80091533,8.83,8.66,4046/5521,8.7,8.83,8.66,8.67,1.94508,4.1813485E7,17,600839,20260331
600237.SH,铜峰电子,8.88,-2.417582417582405,8.66,8.98,-4.20353982,9,8.65,4050/5521,8.98,9,8.65,8.66,3.871681,3.0037689E7,17,600237,20260331
002221.SZ,东华能源,8.05,-2.542372881355921,8.67,8.9,-3.23660714,9.07,8.64,4051/5521,8.9,9.07,8.64,8.67,4.799107,3.1271501E7,33,002221,20260331
002283.SZ,天润工业,11.23,-1.0572687224669535,9.05,9.31,-1.84381779,9.32,8.64,4051/5521,9.31,9.32,8.64,9.05,7.375271,3.6586561E7,33,002283,20260331
300303.SZ,聚飞光电,8.89,-2.9475982532751046,8.66,8.91,-3.24022346,9,8.64,4051/5521,8.91,9,8.64,8.66,4.022346,6.0680428E7,33,300303,20260331
601512.SH,中新集团,10.06,-4.190476190476185,8.64,8.76,-0.23094688,8.82,8.64,4051/5521,8.76,8.82,8.64,8.64,2.078521,3216700,17,601512,20260331
920717.BJ,瑞星股份,9.13,2.584269662921353,8.74,8.7,0,8.91,8.64,4051/5521,8.7,8.91,8.64,8.74,3.089244,1065569,151,920717,20260331
300125.SZ,*ST聆达,9.82,2.9350104821803056,8.65,9.21,-6.7887931,9.4,8.63,4056/5521,9.21,9.4,8.63,8.65,8.297413,1.2532051E7,33,300125,20260331
600192.SH,长城电工,8.26,0.36452004860266535,8.64,8.8,-1.81818182,8.88,8.62,4057/5521,8.8,8.88,8.62,8.64,2.954545,7348296,17,600192,20260331
688098.SH,申联生物,8.84,-1.0078387458006703,8.63,8.71,-0.23121387,8.89,8.62,4057/5521,8.71,8.89,8.62,8.63,3.121387,2257840,17,688098,20260331
002051.SZ,中工国际,10.12,0.09891196834816803,8.96,8.72,2.28310502,9.14,8.61,4059/5521,8.72,9.14,8.61,8.96,6.050228,3.2235226E7,33,002051,20260331
600356.SH,恒丰纸业,9.93,1.0172939979654083,8.64,8.72,-1.03092784,8.86,8.61,4059/5521,8.72,8.86,8.61,8.64,2.863688,4049401,17,600356,20260331
000006.SZ,深振业A,9.7,1.9978969505783335,8.6,8.81,-2.71493213,9.04,8.6,4061/5521,8.81,9.04,8.6,8.6,4.977375,2.2410046E7,33,000006,20260331
002456.SZ,欧菲光,8.71,-0.2290950744558943,8.64,8.61,0,8.77,8.59,4062/5521,8.61,8.77,8.59,8.64,2.083333,4.1517347E7,33,002456,20260331
601886.SH,江河集团,9.58,2.7896995708154484,8.65,8.6,0,8.75,8.58,4063/5521,8.25,8.4,8.23,8.3,1.965317,8486400,17,601886,20260331
600841.SH,动力新科,8.3,0.6060606060606146,8.59,8.7,0.46783626,8.98,8.57,4064/5521,8.7,8.98,8.57,8.59,4.795321,2.61899E7,17,600841,20260331
688096.SH,京源环保,8.38,-0.4750593824227927,8.62,8.84,-3.25476992,9.09,8.57,4064/5521,8.84,9.09,8.57,8.62,5.836139,7495272,17,688096,20260331
002114.SZ,罗平锌电,9.0,-1.746724890829696,8.56,8.77,-1.94730813,8.78,8.56,4066/5521,8.77,8.78,8.56,8.56,2.520045,8308900,33,002114,20260331
002530.SZ,金财互联,9.1,0.9988901220865689,8.57,8.68,-1.49425287,8.79,8.56,4066/5521,8.68,8.79,8.56,8.57,2.643678,1.0582242E7,33,002530,20260331
600271.SH,航天信息,8.41,1.8159806295399559,8.57,8.64,-0.69524913,8.8,8.56,4066/5521,8.64,8.8,8.56,8.57,2.780996,1.86899E7,17,600271,20260331
002877.SZ,智能自控,9.13,0.772626931567332,8.57,8.75,-2.05714286,8.84,8.55,4069/5521,8.75,8.84,8.55,8.57,3.314285,8457300,33,002877,20260331
688549.SH,中巨芯,12.29,10.62106210621062,8.56,8.79,-2.9478458,8.83,8.55,4069/5521,8.79,8.83,8.55,8.56,3.174603,1.7319265E7,17,688549,20260331
000501.SZ,武商集团,8.38,-0.11918951132300103,8.57,8.64,-1.03926097,8.74,8.54,4071/5521,8.64,8.74,8.54,8.57,2.309468,7275704,33,000501,20260331
000635.SZ,英力特,8.16,-1.0909090909090893,8.55,8.8,-3.49887133,8.88,8.54,4071/5521,8.8,8.88,8.54,8.55,3.837471,8024656,33,000635,20260331
002320.SZ,海峡股份,8.5,1.796407185628747,8.56,9.02,-6.44808743,9.03,8.54,4071/5521,8.98,8.99,8.5,8.52,5.355191,4.0758388E7,33,002320,20260331
603336.SH,宏辉果蔬,11.75,-4.081632653061225,8.55,8.82,-2.17391304,8.82,8.54,4071/5521,8.82,8.82,8.54,8.55,3.203661,4244660,17,603336,20260331
000157.SZ,中联重科,7.95,-1.972872996300854,8.6,8.58,2.8708134,8.78,8.53,4075/5521,8.58,8.78,8.53,8.6,2.99043,1.0177093E8,33,000157,20260331
002054.SZ,德美化工,8.63,5.889570552147244,8.57,8.78,-1.72018349,8.79,8.53,4075/5521,8.71,8.72,8.46,8.5,2.981651,1.27207E7,33,002054,20260331
601298.SH,青岛港,8.85,-1.8847006651884695,8.61,8.6,0.58411215,8.7,8.53,4075/5521,8.6,8.7,8.53,8.61,1.985981,1.52963E7,17,601298,20260331
002400.SZ,省广集团,8.96,5.660377358490571,8.53,8.62,-1.95402299,8.78,8.52,4078/5521,8.62,8.78,8.52,8.53,2.988505,6.6200819E7,33,002400,20260331
300162.SZ,雷曼光电,9.06,3.071672354948821,8.86,8.64,2.30946882,9.1,8.52,4078/5521,8.64,9.1,8.52,8.86,6.697459,3.3555757E7,33,300162,20260331
600371.SH,万向德农,8.79,1.1507479861910201,8.53,8.81,-3.83314543,8.98,8.52,4078/5521,8.81,8.98,8.52,8.53,5.18602,1.2013E7,17,600371,20260331
600956.SH,新天绿能,8.2,-2.497027348394778,8.55,8.94,-3.93258427,8.95,8.52,4078/5521,8.94,8.95,8.52,8.55,4.83146,3.7739099E7,17,600956,20260331
920553.BJ,凯腾精工,8.88,3.2558139534883854,8.52,8.54,-0.23419204,8.71,8.52,4078/5521,8.49,8.66,8.47,8.47,2.224824,769117,151,920553,20260331
600080.SH,ST金花,7.62,-4.9875311720698186,8.54,8.69,-1.61290323,8.73,8.51,4083/5521,8.69,8.73,8.51,8.54,2.534562,5916500,22,600080,20260331
000967.SZ,盈峰环境,13.57,-3.8270729978738425,8.51,8.74,-2.63157895,9.2,8.5,4084/5521,8.74,9.2,8.5,8.51,8.009153,6.1589054E7,33,000967,20260331
002243.SZ,力合科创,8.53,-1.158748551564327,8.54,8.8,-3.50282486,8.92,8.5,4084/5521,8.8,8.92,8.5,8.54,4.745762,1.51234E7,33,002243,20260331
300056.SZ,中创环保,11.1,2.777777777777768,8.56,8.69,-1.38248848,8.86,8.5,4084/5521,8.69,8.86,8.5,8.56,4.147465,1.0159602E7,33,300056,20260331
002660.SZ,茂硕电源,8.94,0.11198208286673894,8.49,8.65,-1.73611111,8.76,8.48,4087/5521,8.65,8.76,8.48,8.49,3.24074,4549400,33,002660,20260331
920378.BJ,泰德股份,8.66,4.08653846153846,8.61,8.48,1.41342756,8.73,8.48,4087/5521,8.48,8.73,8.48,8.61,2.94464,851218,151,920378,20260331
000011.SZ,深物业A,8.07,0.0,8.59,8.51,0.94007051,8.68,8.46,4089/5521,8.51,8.68,8.46,8.59,2.585193,7134101,33,000011,20260331
300466.SZ,赛摩智能,9.12,1.5590200445434164,8.5,8.64,-1.62037037,8.75,8.46,4089/5521,8.64,8.75,8.46,8.5,3.356481,4668800,33,300466,20260331
603028.SH,赛福天,8.68,1.0477299185098936,8.51,8.66,-1.61849711,8.78,8.46,4089/5521,8.66,8.78,8.46,8.51,3.699421,5630400,17,603028,20260331
002609.SZ,捷顺科技,8.6,3.9903264812575583,8.47,8.56,-1.28205128,8.66,8.45,4092/5521,8.56,8.66,8.45,8.47,2.447552,5531355,33,002609,20260331
600373.SH,中文传媒,8.3,-0.12033694344163401,8.46,8.51,-0.23584906,8.62,8.45,4092/5521,8.51,8.62,8.45,8.46,2.004716,7392300,17,600373,20260331
601101.SH,昊华能源,11.69,6.855575868372943,8.48,8.9,-5.46265329,8.95,8.45,4092/5521,8.9,8.95,8.45,8.48,5.574136,2.7574673E7,17,601101,20260331
603326.SH,我乐家居,8.7,-3.2258064516129132,8.45,8.65,-6.73289183,8.82,8.45,4092/5521,8.65,8.82,8.45,8.45,4.083885,1.095154E7,17,603326,20260331
000670.SZ,盈方微,7.57,2.297297297297296,8.76,8.65,-0.56753689,9.06,8.44,4096/5521,8.65,9.06,8.44,8.76,7.037457,9.3395995E7,33,000670,20260331
300193.SZ,佳士科技,8.84,-1.1185682326621884,8.45,8.52,-1.28504673,8.63,8.44,4096/5521,8.52,8.63,8.44,8.45,2.219626,6068700,33,300193,20260331
920198.BJ,微创光电,8.7,1.1627906976744145,8.44,8.57,-1.05509965,8.67,8.44,4096/5521,8.57,8.67,8.44,8.44,2.696365,863367,151,920198,20260331
000544.SZ,中原环保,8.45,-0.3537735849056738,8.44,8.53,-1.17096019,8.61,8.43,4099/5521,8.53,8.61,8.43,8.44,2.107728,4766971,33,000544,20260331
000987.SZ,越秀资本,9.0,-3.2258064516129106,8.44,8.75,-2.08816705,8.8,8.43,4099/5521,8.75,8.8,8.43,8.44,4.292343,6.6885135E7,33,000987,20260331
600827.SH,百联股份,8.27,0.36407766990290485,8.49,8.44,0.47337278,8.61,8.43,4099/5521,8.44,8.61,8.43,8.49,2.130177,8663402,17,600827,20260331
002745.SZ,木林森,9.49,0.4232804232804331,8.42,8.72,-3.2183908,8.76,8.42,4102/5521,8.72,8.76,8.42,8.42,3.908045,3.3119508E7,33,002745,20260331
603825.SH,ST华扬,8.77,-0.7918552036199127,8.42,8.55,-1.63551402,8.65,8.42,4102/5521,8.55,8.65,8.42,8.42,2.686915,2624100,22,603825,20260331
301098.SZ,金埔园林,9.45,0.5319148936170099,8.43,8.59,-1.86263097,8.75,8.41,4104/5521,8.59,8.75,8.41,8.43,3.95809,5192800,33,301098,20260331
001979.SZ,招商蛇口,8.7,-1.4722536806342104,8.41,8.63,-2.20930233,8.7,8.4,4105/5521,8.63,8.7,8.4,8.41,3.488372,7.7940172E7,33,001979,20260331
002634.SZ,*ST棒杰,5.31,4.940711462450594,8.94,8.7,9.96309963,8.94,8.4,4105/5521,8.7,8.94,8.4,8.94,6.642066,3.5294172E7,33,002634,20260331
002799.SZ,环球印务,8.64,1.4084507042253638,8.5,8.45,0.35419126,8.67,8.4,4105/5521,8.45,8.67,8.4,8.5,3.187721,9517700,33,002799,20260331
000803.SZ,山高环能,8.79,3.9007092198581357,8.42,8.66,-3.10701956,8.77,8.39,4108/5521,8.66,8.77,8.39,8.42,4.372842,1.277168E7,33,000803,20260331
300253.SZ,卫宁健康,8.64,1.1709601873536468,8.39,8.44,-0.71005917,8.58,8.39,4108/5521,8.44,8.58,8.39,8.39,2.24852,4.0087244E7,33,300253,20260331
601200.SH,上海环境,8.19,-0.2436053593179214,8.41,8.68,-2.9988466,8.72,8.39,4108/5521,8.68,8.72,8.39,8.41,3.806228,1.6566924E7,17,601200,20260331
601330.SH,绿色动力,8.57,-4.883462819089894,8.4,8.68,-3.66972477,8.78,8.39,4108/5521,8.68,8.78,8.39,8.4,4.472477,5.847735E7,17,601330,20260331
603535.SH,嘉诚国际,7.93,-2.3399014778325062,8.42,8.46,-0.94117647,8.61,8.39,4108/5521,8.46,8.61,8.39,8.42,2.588235,2565600,17,603535,20260331
300825.SZ,阿尔特,9.83,-0.40526849037486473,9.4,8.38,12.44019139,9.65,8.38,4113/5521,8.38,9.65,8.38,9.4,15.191387,3.6787954E7,33,300825,20260331
002498.SZ,汉缆股份,8.72,-3.3259423503325825,8.82,8.57,2.32018561,9.16,8.37,4114/5521,8.57,9.16,8.37,8.82,9.164733,2.68192713E8,33,002498,20260331
600109.SH,国金证券,8.97,-0.22246941045605753,8.38,8.4,-0.23809524,8.53,8.37,4114/5521,8.4,8.53,8.37,8.38,1.904761,2.3581988E7,17,600109,20260331
000683.SZ,博源化工,8.96,-1.5384615384615252,8.41,8.41,-0.70838253,8.64,8.36,4116/5521,8.41,8.64,8.36,8.41,3.305785,3.5316751E7,33,000683,20260331
002511.SZ,中顺洁柔,8.53,-3.2879818594104413,8.37,8.41,-0.47562426,8.6,8.36,4116/5521,8.41,8.6,8.36,8.37,2.853745,1.296535E7,33,002511,20260331
300942.SZ,易瑞生物,7.89,0.0,8.4,8.52,-1.4084507,8.65,8.36,4116/5521,8.52,8.65,8.36,8.4,3.403755,5360500,33,300942,20260331
600468.SH,百利电气,7.44,-1.587301587301577,8.4,8.63,-5.40540541,9.3,8.36,4116/5521,8.63,9.3,8.36,8.4,10.585585,7.3161523E7,17,600468,20260331
002443.SZ,金洲管道,11.84,0.08453085376162119,8.37,8.66,-3.01274623,8.77,8.35,4120/5521,8.66,8.77,8.35,8.37,4.866743,1.1196891E7,33,002443,20260331
300062.SZ,中能电气,7.67,0.5242463958060293,8.36,8.56,-3.35260116,8.74,8.35,4120/5521,8.56,8.74,8.35,8.36,4.50867,1.8569505E7,33,300062,20260331
300210.SZ,森远股份,10.8,10.996916752312439,8.39,8.53,-1.5258216,8.62,8.35,4120/5521,8.53,8.62,8.35,8.39,3.169014,4801600,33,300210,20260331
603223.SH,恒通股份,9.03,-0.6600660066006655,8.36,8.39,-0.83036773,8.56,8.35,4120/5521,8.39,8.56,8.35,8.36,2.491103,5827528,17,603223,20260331
000543.SZ,皖能电力,8.08,-0.12360939431396523,8.42,8.61,-2.32018561,8.61,8.34,4124/5521,8.61,8.61,8.34,8.42,3.13225,5.9318351E7,33,000543,20260331
002658.SZ,雪迪龙,8.51,-2.183908045977006,8.35,8.56,-2.45327103,8.65,8.34,4124/5521,8.56,8.65,8.34,8.35,3.621495,1.0297E7,33,002658,20260331
600064.SH,南京高科,8.03,-0.7416563658838133,8.35,8.37,-0.23894863,8.49,8.34,4124/5521,8.37,8.49,8.34,8.35,1.792114,1.2335443E7,17,600064,20260331
002103.SZ,广博股份,7.99,-1.2360939431396742,8.36,8.4,-0.11947431,8.5,8.33,4127/5521,8.4,8.5,8.33,8.36,2.031063,5624800,33,002103,20260331
002519.SZ,银河电子,8.13,3.172588832487321,8.82,8.41,3.27868852,8.95,8.33,4127/5521,8.41,8.95,8.33,8.82,7.259953,1.52159518E8,33,002519,20260331
600126.SH,杭钢股份,8.74,-3.638368246968027,8.56,8.37,2.14797136,9.05,8.33,4127/5521,8.37,9.05,8.33,8.56,8.591885,1.55471019E8,17,600126,20260331
600528.SH,中铁工业,7.79,0.0,9.17,8.36,9.95203837,9.17,8.33,4127/5521,8.36,9.17,8.33,9.17,10.071942,1.48953705E8,17,600528,20260331
002966.SZ,苏州银行,8.52,-0.3508771929824694,8.36,8.34,0.23980815,8.43,8.32,4131/5521,8.34,8.43,8.32,8.36,1.318944,3.0330448E7,33,002966,20260331
601065.SH,江盐集团,8.29,0.12077294685990082,8.33,8.45,-1.53664303,8.51,8.32,4131/5521,8.45,8.51,8.32,8.33,2.245862,6965392,17,601065,20260331
002347.SZ,泰尔股份,8.13,3.4351145038168,8.32,8.32,-0.12004802,8.59,8.31,4133/5521,8.32,8.59,8.31,8.32,3.361344,1.4781506E7,33,002347,20260331
603689.SH,皖天然气,8.43,0.8373205741626829,8.32,8.4,-1.30486358,8.5,8.31,4133/5521,8.4,8.5,8.31,8.32,2.253855,4109900,17,603689,20260331
002264.SZ,新华都,8.35,0.6024096385542039,8.3,8.45,-0.47961631,8.51,8.3,4135/5521,8.45,8.51,8.3,8.3,2.517985,1.90358E7,33,002264,20260331
300099.SZ,尤洛卡,9.12,3.050847457627114,8.36,8.33,0.36014406,8.69,8.3,4135/5521,8.19,8.55,8.16,8.22,4.681872,2.6836735E7,33,300099,20260331
300472.SZ,*ST新元,8.12,0.3708281829418957,8.59,8.3,2.8742515,8.95,8.3,4135/5521,8.3,8.95,8.3,8.59,7.784431,1.2182621E7,33,300472,20260331
600834.SH,申通地铁,8.02,-2.195121951219509,8.65,8.36,4.21686747,8.78,8.3,4135/5521,8.36,8.78,8.3,8.65,5.783132,1.1897538E7,17,600834,20260331
002575.SZ,群兴玩具,6.81,-0.5839416058394166,8.36,8.72,-5.85585586,8.8,8.29,4139/5521,8.72,8.8,8.29,8.36,5.743243,8.4735554E7,33,002575,20260331
002926.SZ,华西证券,8.72,-0.11454753722794715,8.32,8.29,0.24096386,8.41,8.29,4139/5521,8.29,8.41,8.29,8.32,1.445783,1.0417366E7,33,002926,20260331
300891.SZ,惠云钛业,8.6,-1.8264840182648419,8.3,8.67,-4.59770115,8.75,8.29,4139/5521,8.67,8.75,8.29,8.3,5.287356,1.0879177E7,33,300891,20260331
002199.SZ,*ST东晶,10.56,3.225806451612904,8.31,8.59,-2.46478873,8.67,8.27,4142/5521,8.59,8.67,8.27,8.31,4.694835,4283200,33,002199,20260331
600789.SH,鲁抗医药,8.14,-0.24509803921568105,8.3,8.34,-0.47961631,8.44,8.27,4142/5521,8.34,8.44,8.27,8.3,2.038369,1.3030503E7,17,600789,20260331
601998.SH,中信银行,8.41,0.1190476190476165,8.3,8.28,0.24154589,8.41,8.27,4142/5521,8.28,8.41,8.27,8.3,1.690821,4.0452425E7,17,601998,20260331
301078.SZ,孩子王,8.84,-0.2257336343115076,8.27,8.3,-0.48134777,8.46,8.23,4145/5521,8.3,8.46,8.23,8.27,2.767749,1.7304036E7,33,301078,20260331
600198.SH,大唐电信,8.4,-0.8264462809917388,8.23,8.27,-0.48367594,8.41,8.23,4145/5521,8.27,8.41,8.23,8.23,2.176541,1.29967E7,17,600198,20260331
600199.SH,金种子酒,7.94,-0.37641154328731946,8.23,8.38,1.85643564,8.63,8.23,4145/5521,8.38,8.63,8.23,8.23,4.950495,1.8936612E7,17,600199,20260331
300086.SZ,康芝药业,7.4,2.493074792243776,8.23,8.42,-2.83353011,8.56,8.22,4148/5521,8.42,8.56,8.22,8.23,4.014167,1.44075E7,33,300086,20260331
600692.SH,亚通股份,7.85,2.614379084967311,8.25,8.36,-0.96038415,8.52,8.21,4149/5521,8.36,8.52,8.21,8.25,3.721488,8910831,17,600692,20260331
000554.SZ,泰山石油,8.19,1.2360939431396742,8.24,8.42,-2.4852071,8.55,8.19,4150/5521,8.42,8.55,8.19,8.24,4.260355,3.3419028E7,33,000554,20260331
000876.SZ,新希望,8.73,0.11467889908256636,8.2,8.28,-0.84643289,8.33,8.19,4150/5521,8.28,8.33,8.19,8.2,1.692865,1.8548286E7,33,000876,20260331
002234.SZ,民和股份,8.65,0.0,8.21,8.37,-2.26190476,8.48,8.18,4152/5521,8.37,8.48,8.18,8.21,3.571428,5697100,33,002234,20260331
605368.SH,蓝天燃气,7.77,-0.2567394094993641,8.21,8.26,-1.32211538,8.33,8.18,4152/5521,8.26,8.33,8.18,8.21,1.802884,6695621,17,605368,20260331
300423.SZ,昇辉科技,7.83,-0.8860759493670922,8.16,8.51,-3.54609929,8.65,8.16,4154/5521,8.51,8.65,8.16,8.16,5.791962,1.68391E7,33,300423,20260331
600509.SH,天富能源,8.1,0.621118012422347,8.18,8.41,-3.08056872,8.57,8.16,4154/5521,8.41,8.57,8.16,8.18,4.857819,4.1133429E7,17,600509,20260331
601827.SH,三峰环境,8.24,2.2332506203473907,8.29,8.81,-7.88888889,8.82,8.16,4154/5521,8.81,8.82,8.16,8.29,7.333333,5.7739363E7,17,601827,20260331
002279.SZ,久其软件,7.52,-5.408805031446548,8.15,8.25,-1.33171913,8.36,8.15,4157/5521,8.25,8.36,8.15,8.15,2.542372,1.570401E7,33,002279,20260331
003016.SZ,欣贺股份,8.55,0.8254716981132109,8.18,8.19,-0.72815534,8.37,8.15,4157/5521,8.19,8.37,8.15,8.18,2.669902,3921420,33,003016,20260331
300692.SZ,中赋科技,9.11,3.7585421412300692,8.25,8.17,1.10294118,8.51,8.15,4157/5521,8.17,8.51,8.15,8.25,4.411764,2.538515E7,33,300692,20260331
601007.SH,金陵饭店,7.67,-3.5220125786163554,8.37,8.21,2.1978022,8.51,8.15,4157/5521,8.21,8.51,8.15,8.37,4.395604,2.2118285E7,17,601007,20260331
002608.SZ,江苏国信,7.62,-1.8041237113402022,8.18,8.47,-3.42384888,8.47,8.14,4161/5521,8.47,8.47,8.14,8.18,3.896103,2.5212077E7,33,002608,20260331
601666.SH,平煤股份,8.62,0.46620046620045624,8.16,8.49,-5.11627907,8.61,8.13,4162/5521,8.49,8.61,8.13,8.16,5.581395,4.8841865E7,17,601666,20260331
002761.SZ,浙江建投,8.37,0.35971223021581966,8.57,8.12,4.89596083,8.73,8.12,4163/5521,8.12,8.73,8.12,8.57,7.46634,3.8987399E7,33,002761,20260331
300507.SZ,苏奥传感,8.16,-0.8505467800729074,8.13,8.23,-0.97442144,8.31,8.12,4163/5521,8.23,8.31,8.12,8.13,2.31425,8354248,33,300507,20260331
603065.SH,宿迁联盛,8.27,-0.24125452352231092,8.13,8.3,-2.04819277,8.35,8.12,4163/5521,8.3,8.35,8.12,8.13,2.771084,4050220,17,603065,20260331
920682.BJ,球冠电缆,8.51,-4.4893378226711596,8.25,8.24,0.97919217,8.36,8.12,4163/5521,8.24,8.36,8.12,8.25,2.937576,2420973,151,920682,20260331
300177.SZ,中海达,8.34,2.331288343558276,8.13,8.24,-1.33495146,8.33,8.11,4167/5521,8.24,8.33,8.11,8.13,2.669902,7971100,33,300177,20260331
300369.SZ,绿盟科技,7.34,-1.6085790884718514,8.15,8.53,-4.45486518,8.53,8.11,4167/5521,8.53,8.53,8.11,8.15,4.923798,3.570374E7,33,300369,20260331
002561.SZ,徐家汇,8.14,0.24630541871922848,8.11,8.19,-0.85574572,8.29,8.1,4169/5521,8.19,8.29,8.1,8.11,2.322738,3513700,33,002561,20260331
002566.SZ,益盛药业,8.33,0.48250904704464326,8.11,8.15,-0.85574572,8.3,8.1,4169/5521,8.15,8.3,8.1,8.11,2.444987,7431300,33,002566,20260331
600698.SH,湖南天雁,7.31,0.6887052341597771,8.13,8.31,-3.67298578,8.55,8.1,4169/5521,8.31,8.55,8.1,8.13,5.331753,4.926887E7,17,600698,20260331
300061.SZ,旗天科技,9.59,-0.6217616580310932,8.1,8.27,-2.40963855,8.39,8.09,4172/5521,8.27,8.39,8.09,8.1,3.614457,9064200,33,300061,20260331
002331.SZ,皖通科技,9.27,-0.21528525296016765,8.09,8.11,-0.12345679,8.26,8.08,4173/5521,8.11,8.26,8.08,8.09,2.222222,6506843,33,002331,20260331
601212.SH,白银有色,7.63,-0.3916449086161912,8.12,8.28,-0.73349633,8.47,8.08,4173/5521,8.28,8.47,8.08,8.12,4.767726,1.47562833E8,17,601212,20260331
688033.SH,天宜新材,8.23,0.0,8.09,8.49,-4.37352246,8.59,8.08,4173/5521,8.49,8.59,8.08,8.09,6.028368,1.5002656E7,17,688033,20260331
000626.SZ,远大控股,9.35,1.6304347826086996,8.07,8.24,-2.18181818,8.34,8.07,4176/5521,8.24,8.34,8.07,8.07,3.272727,1.0514E7,33,000626,20260331
300621.SZ,维业股份,9.09,1.3377926421404593,8.11,8.32,-2.40673887,8.45,8.06,4177/5521,8.32,8.45,8.06,8.11,4.69314,4840262,33,300621,20260331
600232.SH,金鹰股份,8.58,0.3508771929824486,8.1,8.14,0.12360939,8.35,8.06,4177/5521,8.14,8.35,8.06,8.1,3.584672,8716500,17,600232,20260331
000686.SZ,东北证券,8.67,0.5800464037123053,8.06,8.11,-0.61652281,8.2,8.05,4179/5521,8.11,8.2,8.05,8.06,1.849568,1.2759916E7,33,000686,20260331
002817.SZ,黄山胶囊,8.27,1.4723926380368002,8.06,8.14,-0.98280098,8.29,8.05,4179/5521,8.14,8.29,8.05,8.06,2.948402,8353997,33,002817,20260331
300636.SZ,同和药业,7.82,0.6435006435006527,8.15,8.06,1.11662531,8.29,8.05,4179/5521,8.06,8.29,8.05,8.15,2.977667,9973400,33,300636,20260331
603357.SH,设计总院,7.72,-5.276073619631909,8.06,8.11,-0.61652281,8.18,8.05,4179/5521,8.11,8.18,8.05,8.06,1.602959,4759760,17,603357,20260331
603528.SH,多伦科技,7.72,-4.9261083743842295,8.08,8.14,-0.98039216,8.26,8.05,4179/5521,8.14,8.26,8.05,8.08,2.573529,5890500,17,603528,20260331
002646.SZ,天佑德酒,8.09,-0.6142506142506229,8.05,8.33,-1.22699387,8.37,8.04,4184/5521,8.33,8.37,8.04,8.05,4.049079,6440316,33,002646,20260331
300087.SZ,荃银高科,8.48,1.6786570743405345,8.07,8.28,-3.35329341,8.4,8.04,4184/5521,8.28,8.4,8.04,8.07,4.311377,1.9466616E7,33,300087,20260331
600057.SH,厦门象屿,7.23,-0.8230452674897065,8.08,8.12,-1.22249389,8.24,8.04,4184/5521,8.12,8.24,8.04,8.08,2.444987,1.5985916E7,17,600057,20260331
300154.SZ,瑞凌股份,8.91,4.332552693208443,8.03,8.17,-1.10837438,8.27,8.03,4187/5521,8.17,8.27,8.03,8.03,2.955665,3220368,33,300154,20260331
300211.SZ,*ST亿通,8.9,1.7142857142857184,8.06,8.37,-3.35731415,8.39,8.03,4187/5521,8.37,8.39,8.03,8.06,4.316546,1983500,33,300211,20260331
300527.SZ,ST应急,8.15,-0.12254901960784052,8.04,8.11,-0.74074074,8.16,8.03,4187/5521,8.11,8.16,8.03,8.04,1.604938,6484054,33,300527,20260331
603313.SH,梦百合,6.42,-8.022922636103159,8.17,8.05,1.36476427,8.34,8.03,4187/5521,8.05,8.34,8.03,8.17,3.846153,1.1158428E7,17,603313,20260331
301558.SZ,三态股份,8.27,0.608272506082712,8.05,8.11,-0.98400984,8.25,8.02,4191/5521,8.11,8.25,8.02,8.05,2.829028,5533302,33,301558,20260331
603101.SH,汇嘉时代,11.06,0.2719854941069913,8.03,8.16,-1.35135135,8.25,8.02,4191/5521,8.16,8.25,8.02,8.03,2.825552,3326201,17,603101,20260331
002334.SZ,英威腾,7.8,0.3861003861003893,8.02,8.26,-3.14009662,8.27,8.01,4193/5521,8.26,8.27,8.01,8.02,3.140096,2.5236187E7,33,002334,20260331
002037.SZ,保利联合,8.55,-1.2702078521939888,8.03,8.09,-0.86419753,8.19,8,4194/5521,8.09,8.19,8,8.03,2.345679,4641900,33,002037,20260331
002137.SZ,实益达,8.26,-0.12091898428052947,8.0,8.13,-1.8404908,8.22,8,4194/5521,8.13,8.22,8,8.0,2.699386,9553600,33,002137,20260331
002998.SZ,优彩资源,9.52,0.5279831045406435,8.01,8.17,-1.71779141,8.36,8,4194/5521,8.17,8.36,8,8.01,4.417177,5203400,33,002998,20260331
300272.SZ,开能健康,7.49,-3.1047865459249704,8.06,8.01,0,8.21,8,4194/5521,8.01,8.21,8,8.06,2.605459,2.2214837E7,33,300272,20260331
600883.SH,博闻科技,9.01,4.282407407407398,8.05,8.23,-1.94884287,8.32,8,4194/5521,8.23,8.32,8,8.05,3.897685,4327600,17,600883,20260331
605066.SH,天正电气,8.06,4.539559014267192,8.01,8.08,-1.23304562,8.22,8,4194/5521,8.08,8.22,8,8.01,2.7127,7870200,17,605066,20260331
920339.BJ,恒太照明,8.14,0.12300123001229749,8.13,8.1,0,8.16,8,4194/5521,8.1,8.16,8,8.13,1.968019,455567,151,920339,20260331
002521.SZ,齐峰新材,8.35,0.24009603841536103,8.13,8,1.75219024,8.27,7.99,4201/5521,8,8.27,7.99,8.13,3.50438,6492937,33,002521,20260331
002642.SZ,荣联科技,7.81,-1.3888888888888928,8.03,7.98,0,8.25,7.98,4202/5521,7.98,8.25,7.98,8.03,3.362391,1.461775E7,33,002642,20260331
600510.SH,黑牡丹,11.06,0.7285974499089259,8.04,8.17,-1.83150183,8.27,7.98,4202/5521,8.17,8.27,7.98,8.04,3.540903,8298200,17,600510,20260331
600888.SH,新疆众和,8.62,-1.7103762827822162,7.99,8.35,-5.21945433,8.4,7.98,4202/5521,8.35,8.4,7.98,7.99,4.982206,5.6535686E7,17,600888,20260331
688609.SH,九联科技,10.15,1.3986013986014043,7.99,8.16,-1.84275184,8.23,7.98,4202/5521,8.16,8.23,7.98,7.99,3.071253,4464688,17,688609,20260331
000848.SZ,承德露露,8.9,-0.22421524663676654,7.98,8,-0.25,8.05,7.97,4206/5521,8,8.05,7.97,7.98,1,5169230,33,000848,20260331
002677.SZ,浙江美大,7.99,1.0113780025284458,8.01,8.08,0,8.25,7.97,4206/5521,8.08,8.25,7.97,8.01,3.49563,6035500,33,002677,20260331
000691.SZ,*ST亚太,7.65,1.7287234042553297,7.96,8.41,-5.01193317,8.46,7.96,4208/5521,8.41,8.46,7.96,7.96,5.966587,1.2573825E7,33,000691,20260331
601727.SH,上海电气,8.08,1.7632241813601974,7.96,8.03,-0.99502488,8.12,7.96,4208/5521,8.03,8.12,7.96,7.96,1.990049,9.280356E7,17,601727,20260331
688505.SH,复旦张江,8.05,3.870967741935493,7.97,8.03,-0.87064677,8.19,7.96,4208/5521,8.03,8.19,7.96,7.97,2.860696,4603718,17,688505,20260331
000058.SZ,深赛格,8.2,0.8610086100860824,7.97,8.08,-1.11662531,8.19,7.95,4211/5521,8.08,8.19,7.95,7.97,2.977667,6023023,33,000058,20260331
002363.SZ,隆基机械,8.4,1.3268998793727529,7.97,8.06,-1.48331273,8.19,7.95,4211/5521,8.06,8.19,7.95,7.97,2.966625,6859100,33,002363,20260331
002065.SZ,东华软件,8.23,0.0,7.96,8,-0.62421973,8.1,7.94,4213/5521,8,8.1,7.94,7.96,1.997503,2.3762762E7,33,002065,20260331
300388.SZ,节能国祯,8.19,0.24479804161566185,7.99,8.03,-0.9913259,8.14,7.94,4213/5521,8.03,8.14,7.94,7.99,2.478314,4499134,33,300388,20260331
600551.SH,时代出版,8.12,-0.6119951040391763,7.95,7.96,0,8.09,7.94,4213/5521,7.96,8.09,7.94,7.95,1.886792,3242721,17,600551,20260331
002693.SZ,*ST双成,8.58,-0.3484320557491215,7.97,8.25,-4.20673077,8.63,7.92,4216/5521,8.25,8.63,7.92,7.97,8.533653,1.53854E7,33,002693,20260331
600579.SH,中化装备,7.84,0.25575447570331933,7.92,8.03,-1.36986301,8.1,7.92,4216/5521,8.03,8.1,7.92,7.92,2.241594,4012700,17,600579,20260331
300313.SZ,*ST天山,8.51,-1.390498261877184,8.11,8.38,-4.81220657,8.39,7.91,4218/5521,8.38,8.39,7.91,8.11,5.633802,8340268,33,300313,20260331
300410.SZ,正业科技,9.92,-0.8991008991008977,7.93,8.18,-3.17460317,8.27,7.91,4218/5521,8.18,8.27,7.91,7.93,4.395604,1.01969E7,33,300410,20260331
600630.SH,龙头股份,8.33,0.8474576271186476,7.93,8.02,-0.50188206,8.09,7.91,4218/5521,8.02,8.09,7.91,7.93,2.258469,4564334,17,600630,20260331
000050.SZ,深天马A,7.62,-6.845965770171144,7.91,8.05,-1.9826518,8.15,7.9,4221/5521,8.05,8.15,7.9,7.91,3.097893,2.1436784E7,33,000050,20260331
002627.SZ,三峡旅游,7.49,-0.9259259259259179,7.94,8.07,-1.85414091,8.32,7.9,4221/5521,8.07,8.32,7.9,7.94,5.191594,1.4935236E7,33,002627,20260331
688148.SH,芳源股份,10.85,-1.0036496350365074,7.91,8.16,-3.65408039,8.21,7.9,4221/5521,8.16,8.21,7.9,7.91,3.775883,1.6989954E7,17,688148,20260331
002686.SZ,亿利达,7.42,-1.591511936339524,7.89,7.89,,7.89,7.89,4224/5521,7.89,7.89,7.89,7.89,,,33,002686,20260331
600156.SH,华升股份,10.8,-3.3124440465532605,7.89,7.99,-1.86567164,8.16,7.89,4224/5521,7.99,8.16,7.89,7.89,3.358208,6140200,17,600156,20260331
920786.BJ,骑士乳业,8.3,0.3627569528416099,7.91,8.05,-0.87719298,8.15,7.89,4224/5521,8.05,8.15,7.89,7.91,3.258145,3347474,151,920786,20260331
300215.SZ,电科院,8.56,-0.46511627906975755,7.89,8.1,-3.19018405,8.18,7.88,4227/5521,8.1,8.18,7.88,7.89,3.680981,1.5961E7,33,300215,20260331
301062.SZ,上海艾录,8.08,-0.8588957055214759,7.9,8.08,-1.3732834,8.12,7.88,4227/5521,8.08,8.12,7.88,7.9,2.996254,7029100,33,301062,20260331
600100.SH,同方股份,7.98,-0.12515644555694352,7.9,7.96,-1.25,8.1,7.88,4227/5521,7.96,8.1,7.88,7.9,2.75,3.1287608E7,17,600100,20260331
002434.SZ,万里扬,7.1,-1.3888888888888962,7.87,7.91,-0.75662043,8.01,7.86,4230/5521,7.91,8.01,7.86,7.87,1.891551,1.05026E7,33,002434,20260331
002340.SZ,格林美,9.14,-5.186721991701244,7.89,8.04,-2.23048327,8.05,7.85,4231/5521,8.04,8.05,7.85,7.89,2.478314,1.28334302E8,33,002340,20260331
002795.SZ,永和智控,9.19,1.9977802441731378,7.93,7.88,-0.12594458,8.05,7.85,4231/5521,7.88,8.05,7.85,7.93,2.518891,1.4320404E7,33,002795,20260331
000503.SZ,国新健康,7.91,2.1963824289405673,7.86,8.06,-2.36024845,8.13,7.84,4233/5521,8.06,8.13,7.84,7.86,3.602484,9036700,33,000503,20260331
300096.SZ,ST易联众,9.18,1.436464088397779,7.87,7.87,0.38265306,8.04,7.84,4233/5521,7.87,8.04,7.84,7.87,2.55102,3396600,33,300096,20260331
601999.SH,出版传媒,7.31,-1.8791946308724907,7.84,8.03,-3.20987654,8.07,7.84,4233/5521,8.03,8.07,7.84,7.84,2.839506,1.9142261E7,17,601999,20260331
000721.SZ,西安饮食,7.59,-0.5242463958060293,7.84,7.9,-0.88495575,8.04,7.82,4236/5521,7.9,8.04,7.82,7.84,2.781289,7215800,33,000721,20260331
002197.SZ,证通电子,8.05,0.7509386733416833,7.83,8.1,-3.21384425,8.19,7.82,4236/5521,8.1,8.19,7.82,7.83,4.573547,1.7109E7,33,002197,20260331
002928.SZ,华夏航空,7.92,-1.246882793017452,7.84,7.97,-1.75438596,8.08,7.82,4236/5521,7.97,8.08,7.82,7.84,3.258145,2.4976825E7,33,002928,20260331
300011.SZ,鼎汉技术,7.36,0.5464480874316945,8.15,7.85,3.68956743,8.22,7.82,4236/5521,7.85,8.22,7.82,8.15,5.089058,2.5115843E7,33,300011,20260331
002267.SZ,陕天然气,7.93,-1.3681592039800925,7.82,8.01,-2.25,8.04,7.81,4240/5521,8.01,8.04,7.81,7.82,2.875,1.27406E7,33,002267,20260331
600497.SH,驰宏锌锗,8.98,-0.9922822491730965,7.86,8.04,-2.23880597,8.1,7.81,4240/5521,8.04,8.1,7.81,7.86,3.606965,1.0022952E8,17,600497,20260331
600172.SH,黄河旋风,8.43,1.3221153846153777,7.89,8.05,-2.47218789,8.22,7.8,4242/5521,8.05,8.22,7.8,7.89,5.191594,8.4253932E7,17,600172,20260331
600313.SH,农发种业,7.12,-0.8356545961002732,7.85,8.38,-7.75558167,8.46,7.8,4242/5521,8.38,8.46,7.8,7.85,7.755581,1.18998996E8,17,600313,20260331
603318.SH,水发燃气,14.26,-1.9931271477663293,7.87,8.2,-4.72154964,8.27,7.8,4242/5521,8.2,8.27,7.8,7.87,5.690072,3.3963666E7,17,603318,20260331
601921.SH,浙版传媒,7.6,-1.4267185473411197,7.81,7.84,-0.25542784,7.94,7.79,4245/5521,7.84,7.94,7.79,7.81,1.915708,1.337693E7,17,601921,20260331
002584.SZ,西陇科学,8.05,0.6250000000000089,7.8,7.96,-2.13299875,8,7.78,4246/5521,7.96,8,7.78,7.8,2.760351,9693100,33,002584,20260331
920729.BJ,永顺生物,7.91,1.4102564102564144,7.85,7.86,0.77021823,7.92,7.78,4246/5521,7.86,7.92,7.78,7.85,1.797175,873470,151,920729,20260331
002121.SZ,科陆电子,6.95,-1.4184397163120517,7.79,8.18,-4.65116279,8.19,7.77,4248/5521,8.18,8.19,7.77,7.79,5.140758,3.649875E7,33,002121,20260331
300144.SZ,宋城演艺,7.7,-0.6451612903225784,7.78,7.79,0.12870013,7.91,7.76,4249/5521,7.79,7.91,7.76,7.78,1.930501,1.91252E7,33,300144,20260331
300213.SZ,佳讯飞鸿,8.36,3.082614056720099,7.8,7.77,-0.12804097,8,7.76,4249/5521,7.77,8,7.76,7.8,3.072983,9155800,33,300213,20260331
300536.SZ,农尚环境,10.16,13.266443701226303,7.8,8.2,-5.10948905,8.24,7.76,4249/5521,8.2,8.24,7.76,7.8,5.839416,9539300,33,300536,20260331
601555.SH,东吴证券,8.04,-0.7407407407407469,7.84,7.78,0.77120823,7.92,7.76,4249/5521,7.78,7.92,7.76,7.84,2.056555,5.5171194E7,17,601555,20260331
000019.SZ,深粮控股,7.69,-0.7741935483870918,7.79,7.83,-1.88916877,7.95,7.75,4253/5521,7.83,7.95,7.75,7.79,2.518891,2.6272098E7,33,000019,20260331
000908.SZ,ST景峰,7.12,-3.3921302578018997,7.75,8.57,-5.0245098,8.57,7.75,4253/5521,8.57,8.57,7.75,7.75,10.049019,6.4994488E7,33,000908,20260331
300112.SZ,万讯自控,8.4,1.3268998793727529,7.77,7.94,-2.26415094,8.08,7.75,4253/5521,7.94,8.08,7.75,7.77,4.150943,6998490,33,300112,20260331
002537.SZ,海联金汇,7.28,-1.3550135501354965,7.76,7.9,-2.51256281,7.99,7.74,4256/5521,7.9,7.99,7.74,7.76,3.140703,2.9927215E7,33,002537,20260331
600851.SH,海欣股份,8.33,-0.5966587112171922,7.84,7.74,-0.12738854,8,7.74,4256/5521,7.74,8,7.74,7.84,3.312101,8155801,17,600851,20260331
002790.SZ,瑞尔特,7.57,2.574525745257458,7.76,7.9,-1.64765526,7.99,7.73,4258/5521,7.9,7.99,7.73,7.76,3.29531,4245900,33,002790,20260331
002474.SZ,榕基软件,7.37,0.0,7.72,7.78,-1.27877238,7.94,7.71,4259/5521,7.78,7.94,7.71,7.72,2.941176,1.2437553E7,33,002474,20260331
300933.SZ,中辰股份,8.16,0.3690036900368925,7.73,7.91,-2.3989899,8.13,7.71,4259/5521,7.91,8.13,7.71,7.73,5.30303,1.1950188E7,33,300933,20260331
600663.SH,陆家嘴,8.23,3.391959798994981,7.74,7.84,-0.76923077,7.97,7.71,4259/5521,7.84,7.97,7.71,7.74,3.333333,7531484,17,600663,20260331
301296.SZ,新巨丰,7.65,0.1308900523560298,7.7,7.82,-1.28205128,7.91,7.7,4262/5521,7.82,7.91,7.7,7.7,2.692307,2794600,33,301296,20260331
603333.SH,尚纬股份,8.44,5.236907730673316,7.71,7.78,-0.89974293,7.89,7.7,4262/5521,7.78,7.89,7.7,7.71,2.442159,6373000,17,603333,20260331
603982.SH,泉峰汽车,7.6,0.39630118890355825,7.74,7.86,-1.2755102,7.96,7.7,4262/5521,7.86,7.96,7.7,7.74,3.316326,5031240,17,603982,20260331
300097.SZ,智云股份,10.73,-2.2768670309653913,7.7,8,-8.87573964,8.24,7.69,4265/5521,8,8.24,7.69,7.7,6.508875,2.713985E7,33,300097,20260331
600051.SH,宁波联合,7.77,0.5174644243208169,7.72,7.79,-0.77120823,7.91,7.69,4265/5521,7.79,7.91,7.69,7.72,2.827763,6799601,17,600051,20260331
600810.SH,神马股份,7.64,0.9247027741083144,7.7,7.93,-2.16010165,7.94,7.69,4265/5521,7.93,7.94,7.69,7.7,3.17662,1.20855E7,17,600810,20260331
002198.SZ,嘉应制药,,,7.68,7.91,-2.78481013,8,7.68,4268/5521,7.91,8,7.68,7.68,4.050632,1.5135359E7,33,002198,20260331
002292.SZ,奥飞娱乐,8.32,0.9708737864077678,7.69,7.7,-0.12987013,7.82,7.68,4268/5521,7.7,7.82,7.68,7.69,1.818181,2.0448449E7,33,002292,20260331
002763.SZ,汇洁股份,9.41,10.058479532163735,7.7,7.72,-0.25906736,7.9,7.68,4268/5521,7.72,7.9,7.68,7.7,2.84974,5586980,33,002763,20260331
300126.SZ,锐奇股份,8.14,2.132998745294866,7.7,7.97,-2.03562341,8.03,7.68,4268/5521,7.97,8.03,7.68,7.7,4.452926,3809500,33,300126,20260331
300426.SZ,华智数媒,7.5,0.9421265141319016,7.9,7.79,1.93548387,8.35,7.68,4268/5521,7.79,8.35,7.68,7.9,8.645161,1.8531654E7,33,300426,20260331
600814.SH,杭州解百,7.77,1.3037809647979093,7.69,7.7,-0.64599483,7.84,7.68,4268/5521,7.7,7.84,7.68,7.69,2.067183,6772800,17,600814,20260331
600177.SH,雅戈尔,7.69,1.9893899204244079,7.67,7.7,-0.13020833,7.81,7.67,4274/5521,7.7,7.81,7.67,7.67,1.822916,2.7424945E7,17,600177,20260331
300283.SZ,温州宏丰,12.45,2.3848684210526248,7.68,7.73,0,7.98,7.66,4275/5521,7.73,7.98,7.66,7.68,4.166666,1.8706672E7,33,300283,20260331
601236.SH,红塔证券,7.5,-2.849740932642484,7.66,7.75,-1.28865979,7.81,7.66,4275/5521,7.75,7.81,7.66,7.66,1.932989,1.5649173E7,17,601236,20260331
920266.BJ,生物谷,8.19,0.49079754601225944,7.68,7.72,-0.51813472,7.83,7.66,4275/5521,7.72,7.83,7.66,7.68,2.202072,657360,151,920266,20260331
001313.SZ,粤海饲料,8.47,-0.9356725146198838,7.77,7.68,2.23684211,7.85,7.65,4278/5521,7.68,7.85,7.65,7.77,2.631578,2.63794E7,33,001313,20260331
603889.SH,新澳股份,8.71,-0.7972665148063612,7.67,7.69,-0.26007802,7.85,7.65,4278/5521,7.69,7.85,7.65,7.67,2.60078,5822100,17,603889,20260331
000881.SZ,中广核技,7.8,0.7751937984496073,7.67,7.97,-4.60199005,7.97,7.64,4280/5521,7.97,7.97,7.64,7.67,4.104477,2.9897062E7,33,000881,20260331
300030.SZ,阳普医疗,8.32,1.8359853121175074,7.67,7.78,-1.66666667,7.98,7.64,4280/5521,7.78,7.98,7.64,7.67,4.358974,8225800,33,300030,20260331
300120.SZ,经纬辉开,7.55,0.6666666666666643,7.67,7.76,-1.79257362,7.85,7.64,4280/5521,7.76,7.85,7.64,7.67,2.68886,7040655,33,300120,20260331
600305.SH,恒顺醋业,7.53,0.4000000000000033,7.64,7.69,-0.13071895,7.75,7.64,4280/5521,7.69,7.75,7.64,7.64,1.437908,7339196,17,600305,20260331
600636.SH,*ST国化,4.51,0.0,7.65,7.81,-2.04865557,7.85,7.63,4284/5521,7.81,7.85,7.63,7.65,2.816901,4643400,22,600636,20260331
600727.SH,鲁北化工,8.07,-0.12376237623762112,7.65,7.9,-2.5477707,7.98,7.63,4284/5521,7.9,7.98,7.63,7.65,4.458598,3.40471E7,17,600727,20260331
688189.SH,南新制药,8.95,11.457036114570363,7.65,7.72,-1.29032258,7.94,7.63,4284/5521,7.72,7.94,7.63,7.65,4,4785584,17,688189,20260331
000728.SZ,国元证券,7.35,-0.13586956521740046,7.67,7.63,0.78843627,7.91,7.62,4287/5521,7.63,7.91,7.62,7.67,3.810775,4.0189472E7,33,000728,20260331
002131.SZ,利欧股份,6.45,-1.8264840182648416,7.81,7.67,1.03492885,8.11,7.62,4287/5521,7.67,8.11,7.62,7.81,6.338939,6.14532833E8,33,002131,20260331
601108.SH,财通证券,8.27,0.608272506082712,7.62,7.62,-0.39215686,7.74,7.62,4287/5521,7.62,7.74,7.62,7.62,1.568627,2.4850425E7,17,601108,20260331
002691.SZ,*ST冀凯,5.46,-5.043478260869565,7.62,7.85,-2.92993631,7.92,7.61,4290/5521,7.85,7.92,7.61,7.62,3.949044,4694900,33,002691,20260331
600490.SH,鹏欣资源,8.19,-1.4440433212996509,7.63,7.75,-0.90909091,7.92,7.61,4290/5521,7.75,7.92,7.61,7.63,4.025974,5.7364667E7,17,600490,20260331
000791.SZ,甘肃能源,8.06,-3.5885167464114707,7.66,7.82,-3.76884422,7.96,7.6,4292/5521,7.82,7.96,7.6,7.66,4.522613,7.641157E7,33,000791,20260331
002550.SZ,千红制药,7.0,-1.2693935119887145,7.64,7.63,-0.26109661,7.8,7.6,4292/5521,7.63,7.8,7.6,7.64,2.610966,2.4231E7,33,002550,20260331
002382.SZ,蓝帆医疗,7.43,1.9204389574759901,7.96,7.8,2.05128205,8.09,7.59,4294/5521,7.8,8.09,7.59,7.96,6.410256,6.6659488E7,33,002382,20260331
002449.SZ,国星光电,7.93,0.7623888182973266,7.59,7.71,-2.56739409,7.84,7.59,4294/5521,7.71,7.84,7.59,7.59,3.209242,1.40252E7,33,002449,20260331
002753.SZ,永东股份,7.41,0.2706359945872864,7.61,7.79,-2.80970626,8.02,7.59,4294/5521,7.79,8.02,7.59,7.61,5.491698,7252740,33,002753,20260331
300464.SZ,星徽股份,7.91,0.0,7.88,7.63,3.14136126,7.98,7.59,4294/5521,7.63,7.98,7.59,7.88,5.104712,2.6843533E7,33,300464,20260331
601187.SH,厦门银行,7.72,0.9150326797385542,7.65,7.68,-0.64935065,7.78,7.59,4294/5521,7.68,7.78,7.59,7.65,2.467532,1.52681E7,17,601187,20260331
000676.SZ,智度股份,7.38,0.1356852103120731,7.6,7.65,-0.26246719,7.75,7.58,4299/5521,7.65,7.75,7.58,7.6,2.230971,1.4972748E7,33,000676,20260331
002387.SZ,维信诺,8.08,0.0,7.59,7.69,-2.06451613,7.77,7.58,4299/5521,7.69,7.77,7.58,7.59,2.451612,9347600,33,002387,20260331
300083.SZ,创世纪,10.19,20.023557126030617,7.62,7.59,0.13140604,7.7,7.58,4299/5521,7.59,7.7,7.58,7.62,1.576872,2.275125E7,33,300083,20260331
600597.SH,光明乳业,7.4,-0.8042895442359197,7.58,7.6,-0.26315789,7.66,7.58,4299/5521,7.6,7.66,7.58,7.58,1.052631,6558749,17,600597,20260331
600319.SH,亚星化学,8.08,0.7481296758104801,7.58,7.8,-1.8134715,7.83,7.57,4303/5521,7.8,7.83,7.57,7.58,3.367875,3832500,17,600319,20260331
605001.SH,威奥股份,7.51,1.3495276653171342,7.65,7.57,1.86418109,7.87,7.56,4304/5521,7.57,7.87,7.56,7.65,4.127829,1.142135E7,17,605001,20260331
601398.SH,工商银行,7.45,-0.2677376171352018,7.64,7.57,0.92470277,7.69,7.55,4305/5521,7.57,7.69,7.55,7.64,1.849405,3.91473536E8,17,601398,20260331
601800.SH,中国交建,7.01,-0.8486562942008556,7.61,7.56,-1.04031209,7.66,7.55,4305/5521,7.56,7.66,7.55,7.61,1.430429,3.1489518E7,17,601800,20260331
920249.BJ,利尔达,9.98,2.044989775051136,7.6,8.03,-5,8.05,7.55,4305/5521,8.03,8.05,7.55,7.6,6.25,8969146,151,920249,20260331
002615.SZ,哈尔斯,8.16,-0.48780487804877015,7.69,7.68,0.39164491,7.8,7.54,4308/5521,7.68,7.8,7.54,7.69,3.394255,8536541,33,002615,20260331
600744.SH,华银电力,8.54,-4.15263748597083,7.56,7.66,-2.4516129,8,7.54,4308/5521,7.66,8,7.54,7.56,5.935483,1.40135774E8,17,600744,20260331
000978.SZ,桂林旅游,6.67,-1.9117647058823515,7.7,7.53,2.39361702,7.95,7.53,4310/5521,7.53,7.95,7.53,7.7,5.585106,4.607463E7,33,000978,20260331
300665.SZ,飞鹿股份,8.49,2.5362318840579814,7.55,7.69,-1.94805195,7.96,7.53,4310/5521,7.69,7.96,7.53,7.55,5.584415,1.1587718E7,33,300665,20260331
688571.SH,杭华股份,9.12,4.827586206896552,7.78,7.56,2.77410832,7.85,7.53,4310/5521,7.56,7.85,7.53,7.78,4.227212,7021244,17,688571,20260331
002731.SZ,ST萃华,4.35,-5.0218340611353804,7.53,7.94,-4.92424242,8.22,7.52,4313/5521,7.94,8.22,7.52,7.53,8.838383,3.087554E7,33,002731,20260331
603633.SH,徕木股份,8.28,1.3463892288861619,7.53,7.7,-1.82529335,7.78,7.52,4313/5521,7.7,7.78,7.52,7.53,3.38983,5970024,17,603633,20260331
603839.SH,安正时尚,8.09,3.057324840764334,7.56,7.62,-0.65703022,7.77,7.52,4313/5521,7.62,7.77,7.52,7.56,3.285151,2495000,17,603839,20260331
603900.SH,莱绅通灵,7.98,3.2341526520051747,7.55,7.7,-1.43603133,7.79,7.52,4313/5521,7.7,7.79,7.52,7.55,3.524804,4695900,17,603900,20260331
688602.SH,康鹏科技,7.98,-0.24999999999999467,7.52,7.66,-2.59067358,7.76,7.52,4313/5521,7.66,7.76,7.52,7.52,3.108808,5224047,17,688602,20260331
300008.SZ,天海防务,8.17,1.870324189526189,7.53,7.58,-0.92105263,7.75,7.51,4318/5521,7.58,7.75,7.51,7.53,3.157894,8.1705034E7,33,300008,20260331
301090.SZ,华润材料,9.18,-0.9708737864077654,7.53,7.84,-3.83141762,7.9,7.51,4318/5521,7.84,7.9,7.51,7.53,4.980842,1.0134488E7,33,301090,20260331
600318.SH,新力金融,7.85,-0.2541296060991164,7.52,7.67,-2.33766234,7.79,7.51,4318/5521,7.67,7.79,7.51,7.52,3.636363,1.37218E7,17,600318,20260331
603086.SH,先达股份,7.35,-0.2713704206241582,7.52,7.81,-4.20382166,7.84,7.51,4318/5521,7.81,7.84,7.51,7.52,4.203821,1.582542E7,17,603086,20260331
600493.SH,凤竹纺织,7.56,1.340482573726537,7.55,7.5,0.13262599,7.77,7.5,4322/5521,7.5,7.77,7.5,7.55,3.580901,1.10113E7,17,600493,20260331
601918.SH,新集能源,8.95,-0.5555555555555635,7.54,7.83,-4.07124682,7.92,7.5,4322/5521,7.83,7.92,7.5,7.54,5.343511,7.2398975E7,17,601918,20260331
605158.SH,华达新材,8.01,2.29885057471264,7.5,7.6,-1.18577075,7.67,7.5,4322/5521,7.6,7.67,7.5,7.5,2.239789,2832240,17,605158,20260331
002161.SZ,远望谷,6.74,-4.125177809388336,7.53,7.58,-1.56862745,7.75,7.48,4325/5521,7.58,7.75,7.48,7.53,3.529411,2.0360801E7,33,002161,20260331
003035.SZ,南网能源,7.4,-4.761904761904752,7.5,7.87,-4.94296578,7.92,7.48,4325/5521,7.87,7.92,7.48,7.5,5.576679,1.04482095E8,33,003035,20260331
603012.SH,创力集团,8.66,-0.9153318077803212,7.61,7.67,-1.42487047,7.78,7.48,4325/5521,7.67,7.78,7.48,7.61,3.88601,1.3083197E7,17,603012,20260331
300195.SZ,长荣股份,6.98,-0.8522727272727217,7.48,7.68,-2.85714286,7.8,7.47,4328/5521,7.68,7.8,7.47,7.48,4.285714,8458300,33,300195,20260331
600189.SH,泉阳泉,8.29,-1.893491124260357,7.49,7.72,-1.70603675,8.05,7.47,4328/5521,7.72,8.05,7.47,7.49,7.611548,1.78953E7,17,600189,20260331
002148.SZ,北纬科技,7.89,0.6377551020408141,7.47,7.55,-1.05960265,7.64,7.46,4330/5521,7.55,7.64,7.46,7.47,2.384105,7404124,33,002148,20260331
920639.BJ,晨光电缆,7.75,0.649350649350647,7.55,7.55,0.80106809,7.74,7.46,4330/5521,7.55,7.74,7.46,7.55,3.738317,2480911,151,920639,20260331
920781.BJ,瑞奇智造,7.33,-0.4076086956521773,7.54,7.55,-0.13245033,7.69,7.46,4330/5521,7.55,7.69,7.46,7.54,3.046357,1644946,151,920781,20260331
002786.SZ,银宝山新,7.84,0.9009009009009046,7.47,7.55,-1.05960265,7.63,7.45,4333/5521,7.55,7.63,7.45,7.47,2.384105,4301100,33,002786,20260331
300044.SZ,*ST赛为,6.44,2.875399361022374,7.79,7.54,3.45285525,7.95,7.45,4333/5521,7.54,7.95,7.45,7.79,6.640106,3.536072E7,33,300044,20260331
300345.SZ,华民股份,6.44,0.6250000000000006,7.5,7.77,-4.94296578,7.98,7.45,4333/5521,7.77,7.98,7.45,7.5,6.717363,6.2353358E7,33,300345,20260331
603817.SH,海峡环保,7.36,0.27247956403270385,7.45,7.71,-3.62225097,8.03,7.45,4333/5521,7.71,8.03,7.45,7.45,7.503234,3.13704E7,17,603817,20260331
002062.SZ,宏润建设,8.85,-1.117318435754186,7.43,7.53,0,7.8,7.43,4337/5521,7.53,7.8,7.43,7.43,4.979811,1.7579431E7,33,002062,20260331
600676.SH,交运股份,8.18,0.0,7.48,7.46,0.80862534,7.73,7.43,4337/5521,7.46,7.73,7.43,7.48,4.043126,1.6196057E7,17,600676,20260331
920455.BJ,汇隆活塞,7.98,1.2690355329949305,7.54,7.44,1.34408602,7.66,7.43,4337/5521,7.44,7.66,7.43,7.54,3.091397,1107528,151,920455,20260331
603878.SH,武进不锈,7.95,-1.730531520395546,7.44,7.6,-2.74509804,7.69,7.42,4340/5521,7.6,7.69,7.42,7.44,3.529411,8870888,17,603878,20260331
600127.SH,金健米业,6.81,-0.7288629737609432,7.51,7.57,0,7.65,7.41,4341/5521,7.57,7.65,7.41,7.51,3.195739,1.15723969E8,17,600127,20260331
600195.SH,中牧股份,7.52,-0.9222661396574477,7.41,7.58,-2.11360634,7.61,7.4,4342/5521,7.58,7.61,7.4,7.41,2.774108,7783626,17,600195,20260331
600971.SH,恒源煤电,8.29,0.36319612590798256,7.42,7.6,-3.38541667,7.72,7.4,4342/5521,7.6,7.72,7.4,7.42,4.166666,2.2064069E7,17,600971,20260331
920974.BJ,凯大催化,8.12,-0.975609756097562,7.4,7.49,-1.46471372,7.58,7.4,4342/5521,7.49,7.58,7.4,7.4,2.396804,1769770,151,920974,20260331
000156.SZ,华数传媒,7.41,-0.9358288770053513,7.39,7.41,-0.13513514,7.54,7.39,4345/5521,7.41,7.54,7.39,7.39,2.027027,1.1210309E7,33,000156,20260331
300334.SZ,津膜科技,8.08,1.5075376884422125,7.39,7.62,-2.76315789,7.72,7.39,4345/5521,7.62,7.72,7.39,7.39,4.342105,5820500,33,300334,20260331
002581.SZ,*ST未名,6.75,-5.06329113924051,7.38,7.49,-1.07238606,7.62,7.38,4347/5521,7.49,7.62,7.38,7.38,3.217158,3298601,33,002581,20260331
002492.SZ,恒基达鑫,8.04,-0.7407407407407469,7.4,7.46,-1.46471372,7.63,7.36,4348/5521,7.46,7.63,7.36,7.4,3.595206,5722150,33,002492,20260331
600289.SH,ST信通,6.21,-4.900459418070448,7.4,7.36,0.27100271,7.5,7.36,4348/5521,7.36,7.5,7.36,7.4,1.897018,5156900,22,600289,20260331
603321.SH,梅轮电梯,7.74,3.0625832223701788,7.43,7.46,0,7.6,7.36,4348/5521,7.46,7.6,7.36,7.43,3.230148,6424602,17,603321,20260331
920278.BJ,鹿得医疗,7.92,1.4084507042253562,7.42,7.53,-1.32978723,7.68,7.36,4348/5521,7.53,7.68,7.36,7.42,4.255319,1613998,151,920278,20260331
000430.SZ,ST张家界,7.73,-1.7789072426937698,7.37,7.43,-0.80753701,7.51,7.35,4352/5521,7.43,7.51,7.35,7.37,2.153432,3127800,33,000430,20260331
001322.SZ,箭牌家居,7.19,-0.27739251040221324,7.36,7.44,-1.20805369,7.58,7.35,4352/5521,7.44,7.58,7.35,7.36,3.087248,3302100,33,001322,20260331
002177.SZ,御银股份,7.47,0.4032258064516043,7.35,7.6,-3.28947368,7.64,7.35,4352/5521,7.6,7.64,7.35,7.35,3.815789,4.4218601E7,33,002177,20260331
002238.SZ,天威视讯,7.31,0.6887052341597771,7.41,7.37,0.13513514,7.53,7.35,4352/5521,7.37,7.53,7.35,7.41,2.432432,6670501,33,002238,20260331
600987.SH,航民股份,7.12,-0.5586592178770955,7.39,7.35,-0.67204301,7.55,7.35,4352/5521,7.35,7.55,7.35,7.39,2.688172,8023758,17,600987,20260331
000061.SZ,农产品,7.38,-0.9395973154362454,7.38,7.45,-1.3368984,7.58,7.34,4357/5521,7.45,7.58,7.34,7.38,3.208556,2.2999522E7,33,000061,20260331
000565.SZ,渝三峡A,7.87,-2.1144278606965057,7.37,7.4,-0.67385445,7.54,7.34,4357/5521,7.4,7.54,7.34,7.37,2.695417,8734444,33,000565,20260331
002366.SZ,融发核电,7.49,0.5369127516778528,7.35,7.59,-3.28947368,7.66,7.34,4357/5521,7.59,7.66,7.34,7.35,4.210526,5.7966342E7,33,002366,20260331
920575.BJ,康乐卫士,,,7.35,7.68,-3.28947368,7.68,7.34,4357/5521,7.68,7.68,7.34,7.35,4.473684,3598112,151,920575,20260331
688468.SH,科美诊断,7.49,1.079622132253712,7.37,7.39,-0.27063599,7.51,7.33,4361/5521,7.39,7.51,7.33,7.37,2.435723,3326597,17,688468,20260331
920866.BJ,绿亨科技,7.65,1.1904761904762005,7.36,7.55,-2.3872679,7.55,7.33,4361/5521,7.55,7.55,7.33,7.36,2.917771,1369269,151,920866,20260331
002349.SZ,精华制药,7.52,2.872777017783857,7.32,7.32,-0.40816327,7.5,7.32,4363/5521,7.32,7.5,7.32,7.32,2.448979,1.21561E7,33,002349,20260331
002358.SZ,森源电气,7.41,-1.3315579227696357,7.33,7.52,-2.39680426,7.61,7.32,4363/5521,7.52,7.61,7.32,7.33,3.861517,2.79519E7,33,002358,20260331
600037.SH,歌华有线,7.99,1.139240506329112,7.34,7.47,-1.60857909,7.54,7.32,4363/5521,7.47,7.54,7.32,7.34,2.949061,1.33915E7,17,600037,20260331
601121.SH,宝地矿业,7.78,-2.261306532663313,7.34,7.6,-3.42105263,7.62,7.32,4363/5521,7.6,7.62,7.32,7.34,3.947368,1.21977E7,17,601121,20260331
600396.SH,华电辽能,9.92,-4.889741131351868,8.35,7.52,3.21384425,8.72,7.31,4367/5521,7.52,8.72,7.31,8.35,17.428924,4.03749409E8,17,600396,20260331
002212.SZ,天融信,7.28,-6.0645161290322545,7.31,7.41,-1.61507402,7.52,7.3,4368/5521,7.41,7.52,7.3,7.31,2.960969,1.76241E7,33,002212,20260331
002348.SZ,高乐股份,11.13,5.099150141643069,7.41,7.53,-1.5936255,7.56,7.3,4368/5521,7.53,7.56,7.3,7.41,3.452855,1.2385804E7,33,002348,20260331
002617.SZ,露笑科技,7.69,0.5228758169934645,7.3,7.48,-2.66666667,7.56,7.3,4368/5521,7.48,7.56,7.3,7.3,3.466666,4.9870743E7,33,002617,20260331
601990.SH,南京证券,7.35,0.5471956224350211,7.33,7.32,0.13661202,7.42,7.3,4368/5521,7.32,7.42,7.3,7.33,1.639344,1.3499102E7,17,601990,20260331
002685.SZ,华东重机,9.15,9.975961538461538,7.28,7.42,-3.32005312,7.64,7.28,4372/5521,7.42,7.64,7.28,7.28,4.780876,3.863541E7,33,002685,20260331
603018.SH,华设集团,7.52,2.5920873124147272,7.29,7.33,-0.40983607,7.43,7.28,4372/5521,7.33,7.43,7.28,7.29,2.04918,6125976,17,603018,20260331
002467.SZ,二六三,6.82,1.0370370370370412,7.37,7.27,-0.27063599,7.59,7.27,4374/5521,7.27,7.59,7.27,7.37,4.330175,1.56462684E8,33,002467,20260331
601319.SH,中国人保,7.18,-0.2777777777777842,7.27,7.34,-1.08843537,7.47,7.27,4374/5521,7.34,7.47,7.27,7.27,2.721088,8.0460702E7,17,601319,20260331
002673.SZ,西部证券,7.18,0.4195804195804106,7.28,7.27,0,7.39,7.26,4376/5521,7.27,7.39,7.26,7.28,1.785714,2.0606277E7,33,002673,20260331
600278.SH,东方创业,7.06,-0.5633802816901414,7.32,7.35,-0.54347826,7.5,7.26,4376/5521,7.35,7.5,7.26,7.32,3.260869,6709800,17,600278,20260331
600359.SH,新农开发,7.62,4.670329670329668,7.31,7.62,-4.44444444,7.62,7.26,4376/5521,7.62,7.62,7.26,7.31,4.705882,3.0001095E7,17,600359,20260331
300269.SZ,联建光电,6.3,0.6389776357827482,7.25,7.59,-4.47957839,7.65,7.25,4379/5521,7.59,7.65,7.25,7.25,5.270092,2.87348E7,33,300269,20260331
300335.SZ,迪森股份,6.6,-0.7518796992481309,7.46,7.8,-6.16352201,7.97,7.25,4379/5521,7.8,7.97,7.25,7.46,9.056603,7.6287606E7,33,300335,20260331
600173.SH,卧龙新能,7.28,-1.488497970230033,7.26,7.44,-2.68096515,7.53,7.25,4379/5521,7.44,7.53,7.25,7.26,3.753351,1.8986E7,17,600173,20260331
002100.SZ,天康生物,7.95,1.4030612244898,7.28,7.37,-1.22116689,7.45,7.24,4382/5521,7.37,7.45,7.24,7.28,2.849389,1.8629895E7,33,002100,20260331
300040.SZ,九洲集团,7.22,-3.0872483221476568,7.28,7.8,-8.08080808,7.84,7.24,4382/5521,7.8,7.84,7.24,7.28,7.575757,1.01454313E8,33,300040,20260331
000731.SZ,四川美丰,7.24,-0.6858710562414242,7.23,7.63,-5.49019608,7.68,7.23,4384/5521,7.63,7.68,7.23,7.23,5.882352,2.757772E7,33,000731,20260331
000925.SZ,众合科技,9.19,-5.840163934426233,7.3,7.25,1.10803324,7.51,7.23,4384/5521,7.25,7.51,7.23,7.3,3.878116,2.6452463E7,33,000925,20260331
000952.SZ,广济药业,7.39,1.650618982118296,7.25,7.32,-0.95628415,7.45,7.23,4384/5521,7.32,7.45,7.23,7.25,3.005464,6492401,33,000952,20260331
600015.SH,华夏银行,6.89,-4.702627939142472,7.32,7.26,1.66666667,7.43,7.23,4384/5521,7.26,7.43,7.23,7.32,2.777777,1.05966792E8,17,600015,20260331
002200.SZ,*ST交投,7.58,-0.39421813403416883,7.27,7.47,-2.28494624,7.53,7.22,4388/5521,7.47,7.53,7.22,7.27,4.166666,2642783,33,002200,20260331
603126.SH,中材节能,8.18,-0.4866180048661912,7.26,7.38,-1.35869565,7.51,7.22,4388/5521,7.38,7.51,7.22,7.26,3.940217,1.0364877E7,17,603126,20260331
920809.BJ,安达科技,8.96,-0.444444444444435,7.24,7.4,-2.81879195,7.49,7.22,4388/5521,7.4,7.49,7.22,7.24,3.624161,1.4723429E7,151,920809,20260331
002406.SZ,远东传动,7.96,-0.9950248756218805,7.24,7.25,-0.13793103,7.35,7.21,4391/5521,7.25,7.35,7.21,7.24,1.931034,1.7874263E7,33,002406,20260331
002420.SZ,毅昌科技,7.32,-0.5434782608695656,7.22,7.34,-1.90217391,7.44,7.21,4391/5521,7.34,7.44,7.21,7.22,3.125,6838300,33,002420,20260331
605081.SH,*ST太和,5.03,0.0,7.21,7.21,-5.00658762,7.44,7.21,4391/5521,7.21,7.44,7.21,7.21,3.030303,3932320,22,605081,20260331
603617.SH,君禾股份,7.59,-0.13157894736841824,7.22,7.29,-0.96021948,7.43,7.2,4394/5521,7.29,7.43,7.2,7.22,3.155006,4787711,17,603617,20260331
600212.SH,绿能慧充,7.06,-5.740987983978646,7.18,7.31,-2.31292517,7.38,7.18,4395/5521,7.31,7.38,7.18,7.18,2.721088,9746871,17,600212,20260331
600628.SH,新世界,7.2,1.4084507042253598,7.2,7.27,-1.2345679,7.38,7.18,4395/5521,7.27,7.38,7.18,7.2,2.743484,9241411,17,600628,20260331
300133.SZ,华策影视,8.74,-0.6818181818181874,7.19,7.25,-0.69060773,7.34,7.16,4397/5521,7.25,7.34,7.16,7.19,2.486187,3.0576197E7,33,300133,20260331
300419.SZ,ST浩丰,7.05,0.8583690987124407,7.18,7.26,-1.10192837,7.38,7.16,4397/5521,7.26,7.38,7.16,7.18,3.030303,5373300,33,300419,20260331
300640.SZ,德艺文创,7.4,2.3513139695712297,7.2,7.39,-2.04081633,7.46,7.16,4397/5521,7.39,7.46,7.16,7.2,4.081632,1.1270961E7,33,300640,20260331
600819.SH,耀皮玻璃,6.83,-0.726744186046509,7.17,7.37,-2.71370421,7.42,7.16,4397/5521,7.37,7.42,7.16,7.17,3.527815,7035616,17,600819,20260331
000936.SZ,华西股份,7.18,-2.0463847203274264,7.16,7.27,-1.5130674,7.33,7.15,4401/5521,7.27,7.33,7.15,7.16,2.475928,1.1007887E7,33,000936,20260331
002328.SZ,新朋股份,10.35,-2.9990627928772287,7.33,7.23,1.38312586,7.63,7.15,4401/5521,7.23,7.63,7.15,7.33,6.639004,7.2117633E7,33,002328,20260331
003037.SZ,三和管桩,7.2,0.27855153203343264,7.19,7.2,-0.13888889,7.29,7.15,4401/5521,7.2,7.29,7.15,7.19,1.944444,2951239,33,003037,20260331
600478.SH,科力远,7.59,-5.125000000000002,7.17,7.45,-4.78087649,7.48,7.15,4401/5521,7.45,7.48,7.15,7.17,4.38247,5.7571457E7,17,600478,20260331
600733.SH,北汽蓝谷,7.11,-0.5594405594405599,7.15,7.2,-0.96952909,7.34,7.15,4401/5521,7.2,7.34,7.15,7.15,2.631578,5.5385097E7,17,600733,20260331
000919.SZ,金陵药业,7.39,0.9562841530054562,7.18,7.28,-1.64383562,7.34,7.14,4406/5521,7.28,7.34,7.14,7.18,2.739726,1.15367E7,33,000919,20260331
300296.SZ,利亚德,6.36,-0.6250000000000006,7.16,7.35,-2.84938942,7.42,7.14,4406/5521,7.35,7.42,7.14,7.16,3.799185,9.192943E7,33,300296,20260331
600075.SH,新疆天业,6.86,0.0,7.28,7.35,-2.54350736,7.45,7.14,4406/5521,7.35,7.45,7.14,7.28,4.149933,3.3449662E7,17,600075,20260331
600098.SH,广州发展,7.11,-1.795580110497236,7.14,7.28,-2.98913043,7.42,7.14,4406/5521,7.28,7.42,7.14,7.14,3.804347,4.824366E7,17,600098,20260331
600284.SH,浦东建设,7.05,-2.0833333333333384,7.16,7.26,-1.5130674,7.41,7.14,4406/5521,7.26,7.41,7.14,7.16,3.713892,1.3818193E7,17,600284,20260331
600866.SH,星湖科技,5.82,-7.32484076433121,7.13,7.3,-2.4623803,7.36,7.13,4411/5521,7.3,7.36,7.13,7.13,3.146374,2.3994651E7,17,600866,20260331
002797.SZ,第一创业,7.63,1.4627659574468128,7.13,7.36,-3.77867746,7.54,7.12,4412/5521,7.36,7.54,7.12,7.13,5.668016,1.75749976E8,33,002797,20260331
002996.SZ,顺博合金,7.53,0.2663115845539343,7.12,7.43,-3.91363023,7.45,7.12,4412/5521,7.43,7.45,7.12,7.12,4.453441,1.787474E7,33,002996,20260331
601128.SH,常熟银行,7.32,-0.8130081300812956,7.14,7.12,0.28089888,7.22,7.12,4412/5521,7.12,7.22,7.12,7.14,1.404494,3.2709589E7,17,601128,20260331
000753.SZ,漳州发展,6.67,2.1439509954058145,7.36,7.14,2.08044383,7.75,7.1,4415/5521,7.14,7.75,7.1,7.36,9.015256,1.24795842E8,33,000753,20260331
300214.SZ,日科化学,8.23,-0.48367593712211787,7.12,7.38,-3.65358593,7.41,7.1,4415/5521,7.38,7.41,7.1,7.12,4.194857,1.16713E7,33,300214,20260331
300219.SZ,鸿利智汇,7.66,1.0554089709762542,7.12,7.24,-2.46575342,7.35,7.1,4415/5521,7.24,7.35,7.1,7.12,3.424657,1.7826681E7,33,300219,20260331
600186.SH,莲花控股,10.72,-0.9242144177449135,7.1,7.26,-3.92422192,7.35,7.1,4415/5521,7.26,7.35,7.1,7.1,3.382949,2.25785577E8,17,600186,20260331
601238.SH,广汽集团,7.03,0.0,7.19,7.1,0.70028011,7.31,7.1,4415/5521,7.1,7.31,7.1,7.19,2.941176,1.9942744E7,17,601238,20260331
002099.SZ,海翔药业,6.34,-3.6474164133738634,7.11,7.25,-0.97493036,7.32,7.09,4420/5521,7.25,7.32,7.09,7.11,3.203342,3.0914161E7,33,002099,20260331
600595.SH,中孚实业,7.73,-2.7672955974842735,7.21,7.68,-4.50331126,7.68,7.09,4420/5521,7.68,7.68,7.09,7.21,7.814569,7.5010244E7,17,600595,20260331
002599.SZ,盛通股份,6.85,0.0,7.08,7.18,-1.66666667,7.25,7.07,4422/5521,7.18,7.25,7.07,7.08,2.5,5847600,33,002599,20260331
002999.SZ,天禾股份,7.27,-0.8185538881309754,7.08,7.31,-3.01369863,7.43,7.06,4423/5521,7.31,7.43,7.06,7.08,5.068493,1.062044E7,33,002999,20260331
600222.SH,太龙药业,6.8,-3.2716927453769618,7.07,7.11,-0.5625879,7.27,7.06,4423/5521,7.11,7.27,7.06,7.07,2.953586,1.31107E7,17,600222,20260331
600470.SH,六国化工,6.98,-2.3776223776223766,7.08,7.51,-4.96644295,7.54,7.06,4423/5521,7.51,7.54,7.06,7.08,6.442953,5.4447685E7,17,600470,20260331
603567.SH,珍宝岛,7.08,6.146926536731637,7.08,7.08,-0.84033613,7.31,7.06,4423/5521,7.08,7.31,7.06,7.08,3.5014,9516844,17,603567,20260331
000404.SZ,长虹华意,8.28,-0.12062726176115546,7.05,7.11,-0.70422535,7.17,7.05,4427/5521,7.11,7.17,7.05,7.05,1.69014,8634448,33,000404,20260331
002510.SZ,天汽模,6.79,1.041666666666671,7.05,7.08,-0.56417489,7.2,7.05,4427/5521,7.08,7.2,7.05,7.05,2.115655,2.06143E7,33,002510,20260331
300176.SZ,鸿特科技,6.93,0.4347826086956429,7.06,7.12,-0.42313117,7.26,7.05,4427/5521,7.12,7.26,7.05,7.06,2.961918,1.08753E7,33,300176,20260331
300441.SZ,鲍斯股份,7.0,0.14306151645207132,7.08,7.15,-0.70126227,7.19,7.05,4427/5521,7.15,7.19,7.05,7.08,1.963534,3966200,33,300441,20260331
300591.SZ,万里马,7.92,3.125000000000003,7.07,7.2,-1.80555556,7.28,7.05,4427/5521,7.2,7.28,7.05,7.07,3.194444,1.0324345E7,33,300591,20260331
920275.BJ,驱动力,7.46,1.773533424283764,7.2,7.08,1.4084507,7.24,7.05,4427/5521,7.08,7.24,7.05,7.2,2.676056,995676,151,920275,20260331
002370.SZ,亚太药业,6.73,1.6616314199395819,7.43,7.18,3.48189415,7.78,7.04,4433/5521,7.18,7.78,7.04,7.43,10.306406,1.39056444E8,33,002370,20260331
601139.SH,深圳燃气,6.93,-1.7021276595744697,7.06,7.21,-2.88858322,7.37,7.04,4433/5521,7.21,7.37,7.04,7.06,4.539202,5.1482227E7,17,601139,20260331
300189.SZ,神农种业,6.11,1.4950166112956935,7.1,7.3,-4.95314592,7.4,7.03,4435/5521,7.3,7.4,7.03,7.1,4.953145,1.30651122E8,33,300189,20260331
002072.SZ,凯瑞德,7.28,-1.8867924528301845,7.2,7.25,-1.2345679,7.33,7.02,4436/5521,7.25,7.33,7.02,7.2,4.2524,8214900,33,002072,20260331
002073.SZ,软控股份,6.77,-4.781997187060488,7.05,7.12,-0.84388186,7.18,7.02,4436/5521,7.12,7.18,7.02,7.05,2.250351,1.4558309E7,33,002073,20260331
603168.SH,莎普爱思,6.74,0.0,7.05,7.17,-0.42372881,7.22,7.02,4436/5521,7.17,7.22,7.02,7.05,2.824858,8559500,17,603168,20260331
000910.SZ,大亚圣象,6.79,-1.4513788098693707,7.03,7.29,-3.30123796,7.37,7.01,4439/5521,7.29,7.37,7.01,7.03,4.951856,1.11526E7,33,000910,20260331
600784.SH,鲁银投资,7.5,-0.924702774108326,7.01,7.17,-2.63888889,7.18,7.01,4439/5521,7.17,7.18,7.01,7.01,2.361111,7821200,17,600784,20260331
000726.SZ,鲁泰A,6.55,-1.355421686746986,7.02,7.04,-0.56657224,7.14,7,4441/5521,7.04,7.14,7,7.02,1.983002,6457901,33,000726,20260331
000953.SZ,河化股份,6.99,1.0115606936416226,7.0,7.15,-2.23463687,7.25,7,4441/5521,7.15,7.25,7,7.0,3.49162,8441600,33,000953,20260331
300240.SZ,飞力达,6.94,0.14430014430015406,7.03,7.12,-1.12517581,7.23,7,4441/5521,7.12,7.23,7,7.03,3.23488,6423400,33,300240,20260331
600011.SH,华能国际,6.99,-0.4273504273504183,7.02,7.16,-1.95530726,7.19,7,4441/5521,7.16,7.19,7,7.02,2.653631,1.19835751E8,17,600011,20260331
601339.SH,百隆东方,9.29,5.688282138794085,7.16,7.21,-0.69348128,7.28,7,4441/5521,7.21,7.28,7,7.16,3.883495,1.1269002E7,17,601339,20260331
603113.SH,金能科技,6.71,-9.932885906040273,7.13,7.21,-2.99319728,7.32,7,4441/5521,7.21,7.32,7,7.13,4.353741,2.8281837E7,17,603113,20260331
603880.SH,南卫股份,7.45,4.781997187060476,7.05,7.2,-2.48962656,7.28,7,4441/5521,7.2,7.28,7,7.05,3.872752,6232185,17,603880,20260331
002282.SZ,博深股份,6.95,0.5788712011577429,7.0,7.01,0,7.11,6.99,4448/5521,7.01,7.11,6.99,7.0,1.714285,7170700,33,002282,20260331
300107.SZ,建新股份,7.33,-1.3458950201884206,7.0,7.19,-2.0979021,7.21,6.99,4448/5521,7.19,7.21,6.99,7.0,3.076923,8319800,33,300107,20260331
601077.SH,渝农商行,7.28,-0.9523809523809442,7.05,7.03,0.57061341,7.1,6.99,4448/5521,7.03,7.1,6.99,7.05,1.569186,3.7829305E7,17,601077,20260331
920985.BJ,海泰新能,6.41,-0.9273570324574901,7.01,7.33,-4.36562074,7.36,6.99,4448/5521,7.33,7.36,6.99,7.01,5.047748,6636868,151,920985,20260331
002591.SZ,恒大高新,8.36,9.999999999999996,7.01,7.21,-2.7739251,7.26,6.98,4452/5521,7.21,7.26,6.98,7.01,3.883495,9226987,33,002591,20260331
002762.SZ,*ST金比,8.71,3.4441805225653317,7.22,7.01,3.29041488,7.34,6.98,4452/5521,7.01,7.34,6.98,7.22,5.150214,8124775,33,002762,20260331
600163.SH,中闽能源,6.17,0.0,7.62,7.14,4.95867769,7.79,6.98,4452/5521,7.14,7.79,6.98,7.62,11.157024,1.94906583E8,17,600163,20260331
601328.SH,交通银行,6.8,-2.1582733812949693,7.0,6.99,0.43041607,7.13,6.98,4452/5521,6.99,7.13,6.98,7.0,2.15208,2.03256317E8,17,601328,20260331
600731.SH,湖南海利,6.84,-0.8695652173913115,6.99,7.3,-7.17131474,7.33,6.97,4456/5521,7.3,7.33,6.97,6.99,4.780876,2.2555371E7,17,600731,20260331
601186.SH,中国铁建,6.75,-0.5891016200294557,7.05,7,0.14204545,7.11,6.97,4456/5521,7,7.11,6.97,7.05,1.988636,7.8114195E7,17,601186,20260331
001330.SZ,博纳影业,8.27,2.7329192546583707,6.98,6.99,-0.42796006,7.12,6.96,4458/5521,6.99,7.12,6.96,6.98,2.282453,5.43512E7,33,001330,20260331
002369.SZ,卓翼科技,7.34,0.5479452054794526,6.99,7.1,-1.68776371,7.16,6.96,4458/5521,7.1,7.16,6.96,6.99,2.812939,8178262,33,002369,20260331
300449.SZ,汉邦高科,7.54,2.029769959404606,6.97,7.31,-4.12654746,7.34,6.95,4460/5521,7.31,7.34,6.95,6.97,5.364511,1.118374E7,33,300449,20260331
600084.SH,*ST尼雅,5.35,-4.973357015985795,6.97,7.14,-1.69252468,7.22,6.95,4460/5521,7.14,7.22,6.95,6.97,3.80818,7604100,22,600084,20260331
920146.BJ,华阳变速,6.95,1.6081871345029286,7.17,6.97,2.72206304,7.34,6.95,4460/5521,6.97,7.34,6.95,7.17,5.587392,7023605,151,920146,20260331
000027.SZ,深圳能源,6.84,-1.7241379310344842,6.95,7.32,-5.69877883,7.39,6.94,4463/5521,7.32,7.39,6.94,6.95,6.105834,1.17152503E8,33,000027,20260331
000663.SZ,永安林业,6.88,1.624815361890699,6.99,7.06,-0.56899004,7.2,6.94,4463/5521,7.06,7.2,6.94,6.99,3.698435,9123140,33,000663,20260331
002724.SZ,海洋王,6.34,-1.5527950310559089,6.94,6.98,-0.85714286,7.15,6.94,4463/5521,6.98,7.15,6.94,6.94,3,9482345,33,002724,20260331
600651.SH,飞乐音响,6.89,4.236006051437206,6.94,7.05,-1.42045455,7.15,6.94,4463/5521,7.05,7.15,6.94,6.94,2.982954,1.6924232E7,17,600651,20260331
000531.SZ,穗恒运A,7.05,-3.159340659340665,6.96,7.28,-4.26409904,7.47,6.93,4467/5521,7.28,7.47,6.93,6.96,7.427785,4.5772208E7,33,000531,20260331
300103.SZ,达刚控股,8.25,2.103960396039603,7.02,7,0.86206897,7.13,6.93,4467/5521,7,7.13,6.93,7.02,2.873563,7682615,33,300103,20260331
300511.SZ,雪榕生物,8.03,-2.5485436893203985,6.93,7.14,-3.61613352,7.24,6.93,4467/5521,7.14,7.24,6.93,6.93,4.311543,1.6259215E7,33,300511,20260331
603021.SH,ST华鹏,7.5,0.0,6.93,7.16,-1.84135977,7.16,6.93,4467/5521,7.16,7.16,6.93,6.93,3.25779,8708840,22,603021,20260331
002327.SZ,富安娜,7.37,0.4087193460490497,6.93,6.93,0,7.02,6.92,4471/5521,6.93,7.02,6.92,6.93,1.443001,7626200,33,002327,20260331
300140.SZ,节能环境,6.62,-0.7496251874062942,7.01,7.1,-1.68302945,7.2,6.92,4471/5521,7.1,7.2,6.92,7.01,3.927068,3.6283038E7,33,300140,20260331
600682.SH,南京新百,6.77,-1.0233918128655013,6.93,7.05,-0.8583691,7.14,6.92,4471/5521,7.05,7.14,6.92,6.93,3.147353,1.8678836E7,17,600682,20260331
600780.SH,通宝能源,6.82,-1.445086705202307,7.01,7.08,-3.31034483,7.34,6.92,4471/5521,7.08,7.34,6.92,7.01,5.793103,7.3547896E7,17,600780,20260331
002392.SZ,北京利尔,9.21,-0.32467532467531773,6.92,7.02,-1.42450142,7.07,6.91,4475/5521,7.02,7.07,6.91,6.92,2.279202,7701300,33,002392,20260331
600409.SH,三友化工,7.76,-1.7721518987341844,6.94,7.22,-3.87811634,7.26,6.91,4475/5521,7.22,7.26,6.91,6.94,4.847645,3.1038011E7,17,600409,20260331
600720.SH,中交设计,6.66,-2.05882352941176,7.04,6.92,1.73410405,7.15,6.91,4475/5521,6.92,7.15,6.91,7.04,3.468208,1.8774646E7,17,600720,20260331
000505.SZ,京粮控股,6.61,2.959501557632405,6.93,7.2,-3.2122905,7.22,6.9,4478/5521,7.2,7.22,6.9,6.93,4.469273,2.0146688E7,33,000505,20260331
000605.SZ,渤海股份,7.2,0.9817671809256702,6.93,7.07,-1.70212766,7.13,6.9,4478/5521,7.07,7.13,6.9,6.93,3.262411,5221600,33,000605,20260331
000852.SZ,石化机械,7.27,0.832177531206652,6.9,6.99,-1.56918688,7.09,6.9,4478/5521,6.99,7.09,6.9,6.9,2.710413,1.3786896E7,33,000852,20260331
002092.SZ,中泰化学,6.92,-0.14430014430014124,6.92,7.21,-4.81430536,7.33,6.9,4478/5521,7.21,7.33,6.9,6.92,5.914718,7.5959909E7,33,002092,20260331
300732.SZ,设研院,7.49,2.4623803009576006,6.92,7.05,-1.56472262,7.14,6.9,4478/5521,7.05,7.14,6.9,6.92,3.41394,5148524,33,300732,20260331
600125.SH,铁龙物流,6.14,1.3201320132013215,6.93,6.95,-0.28776978,7.18,6.9,4478/5521,6.95,7.18,6.9,6.93,4.028776,4.402539E7,17,600125,20260331
600149.SH,廊坊发展,6.43,2.2257551669316324,7.04,6.9,4.2962963,7.43,6.9,4478/5521,6.9,7.43,6.9,7.04,7.851851,8.6513704E7,17,600149,20260331
600719.SH,大连热电,7.75,0.649350649350647,6.96,7.05,-2.24719101,7.39,6.9,4478/5521,7.05,7.39,6.9,6.96,6.882022,2.87092E7,17,600719,20260331
000017.SZ,深中华A,6.41,0.0,6.9,6.98,-1.42857143,7.11,6.89,4486/5521,6.98,7.11,6.89,6.9,3.142857,6497816,33,000017,20260331
002404.SZ,嘉欣丝绸,7.04,1.7341040462427761,6.91,6.9,1.02339181,7.07,6.89,4486/5521,6.6,6.77,6.59,6.61,2.631578,1.626632E7,33,002404,20260331
600210.SH,紫江企业,6.98,-2.240896358543407,6.89,6.94,-0.86330935,7.01,6.89,4486/5521,6.94,7.01,6.89,6.89,1.726618,1.5558343E7,17,600210,20260331
600336.SH,澳柯玛,7.55,1.342281879194626,6.91,7.05,-1.9858156,7.15,6.89,4486/5521,7.05,7.15,6.89,6.91,3.687943,1.0048616E7,17,600336,20260331
002538.SZ,ST司特,7.33,0.13661202185792057,6.88,6.88,-4.97237569,6.88,6.88,4490/5521,6.88,6.88,6.88,6.88,0,3667600,33,002538,20260331
002696.SZ,百洋股份,6.82,1.1869436201780426,6.91,7.05,-2.12464589,7.14,6.88,4490/5521,7.05,7.14,6.88,6.91,3.682719,6765997,33,002696,20260331
300276.SZ,三丰智能,6.85,1.33136094674556,6.92,6.91,0.1447178,7.04,6.88,4490/5521,6.91,7.04,6.88,6.92,2.315484,1.690042E7,33,300276,20260331
300448.SZ,浩云科技,8.11,3.841229193341867,6.9,7.19,-3.36134454,7.19,6.88,4490/5521,7.19,7.19,6.88,6.9,4.341736,2.278977E7,33,300448,20260331
002376.SZ,新北洋,7.36,1.2379642365887311,6.89,6.93,-0.43352601,7.14,6.87,4494/5521,6.93,7.14,6.87,6.89,3.901734,1.0721E7,33,002376,20260331
002301.SZ,齐心集团,6.9,0.7299270072992805,6.87,6.93,-0.43478261,7.07,6.86,4495/5521,6.93,7.07,6.86,6.87,3.043478,9730188,33,002301,20260331
600061.SH,国投资本,6.71,2.5993883792048917,6.93,6.87,0.72674419,7.02,6.86,4495/5521,6.87,7.02,6.86,6.93,2.325581,2.9936784E7,17,600061,20260331
603569.SH,长久物流,6.69,-0.4464285714285619,6.86,6.95,-1.15273775,7.08,6.85,4497/5521,6.95,7.08,6.85,6.86,3.314121,3339800,17,603569,20260331
000783.SZ,长江证券,7.99,10.055096418732788,6.86,6.89,-0.43541364,6.99,6.84,4498/5521,6.89,6.99,6.84,6.86,2.177068,3.7125691E7,33,000783,20260331
600223.SH,福瑞达,6.55,-0.4559270516717363,6.88,6.84,0.58479532,6.95,6.84,4498/5521,6.84,6.95,6.84,6.88,1.608187,6779796,17,600223,20260331
603999.SH,读者传媒,6.71,-0.14880952380952064,6.84,6.91,-1.0130246,7.03,6.83,4500/5521,6.91,7.03,6.83,6.84,2.894356,6879200,17,603999,20260331
920305.BJ,*ST云创,,,6.85,7.21,-2.56045519,7.22,6.83,4500/5521,7.21,7.22,6.83,6.85,5.547652,3447103,151,920305,20260331
002483.SZ,润邦股份,6.54,-0.1526717557251876,6.83,7,-2.00860832,7.05,6.82,4502/5521,7,7.05,6.82,6.83,3.299856,8132276,33,002483,20260331
002587.SZ,奥拓电子,7.0,2.7900146842878177,6.85,6.96,-1.72166428,7.08,6.82,4502/5521,6.96,7.08,6.82,6.85,3.730272,2.152234E7,33,002587,20260331
603559.SH,ST通脉,7.64,4.945054945054937,7.16,6.82,4.98533724,7.16,6.82,4502/5521,6.82,7.16,6.82,7.16,4.985337,3636581,22,603559,20260331
002038.SZ,双鹭药业,6.49,-3.8518518518518485,7.59,6.81,4.40165062,7.8,6.81,4505/5521,6.81,7.8,6.81,7.59,13.617606,1.72938193E8,33,002038,20260331
600421.SH,*ST华嵘,4.08,0.0,6.89,6.98,-1.57142857,7.07,6.81,4505/5521,6.98,7.07,6.81,6.89,3.714285,2316000,22,600421,20260331
000601.SZ,韶能股份,6.57,-2.232142857142849,6.85,7.33,-6.67574932,7.36,6.8,4507/5521,7.33,7.36,6.8,6.85,7.629427,1.8560127E8,33,000601,20260331
000862.SZ,银星能源,6.47,-3.143712574850299,6.8,7.11,-4.76190476,7.19,6.8,4507/5521,7.11,7.19,6.8,6.8,5.462184,8.250517E7,33,000862,20260331
605138.SH,盛泰集团,7.7,2.393617021276604,6.83,6.88,-0.87082729,7.03,6.8,4507/5521,6.88,7.03,6.8,6.83,3.338171,2630300,17,605138,20260331
000598.SZ,兴蓉环境,6.9,-1.0043041606886571,6.82,6.79,0.29411765,6.91,6.78,4510/5521,6.79,6.91,6.78,6.82,1.911764,1.9171601E7,33,000598,20260331
002585.SZ,双星新材,7.75,-0.38560411311054305,6.79,7.18,-5.56328234,7.19,6.78,4510/5521,7.18,7.19,6.78,6.79,5.702364,3.69547E7,33,002585,20260331
300232.SZ,洲明科技,6.35,-0.31397174254317833,6.81,6.97,-2.43553009,7.03,6.78,4510/5521,6.97,7.03,6.78,6.81,3.581661,2.9735039E7,33,300232,20260331
300569.SZ,天能重工,6.18,-1.5923566878980977,6.8,7.08,-5.29247911,7.18,6.78,4510/5521,7.08,7.18,6.78,6.8,5.57103,7.2204463E7,33,300569,20260331
601901.SH,方正证券,7.18,0.4195804195804106,6.79,6.88,-1.45137881,6.94,6.78,4510/5521,6.88,6.94,6.78,6.79,2.322206,7.1703446E7,17,601901,20260331
603609.SH,禾丰股份,7.01,0.5738880918220952,6.79,6.89,-1.45137881,6.96,6.78,4510/5521,6.89,6.96,6.78,6.79,2.612481,2464051,17,603609,20260331
000928.SZ,中钢国际,6.5,-0.6116207951070342,6.84,6.78,0.58823529,6.95,6.77,4516/5521,6.78,6.95,6.77,6.84,2.647058,2.7075504E7,33,000928,20260331
000035.SZ,中国天楹,6.53,-2.53731343283582,6.77,7.12,-4.24328147,7.28,6.76,4517/5521,7.12,7.28,6.76,6.77,7.355021,7.3442325E7,33,000035,20260331
002529.SZ,*ST海源,7.74,1.4416775884665836,6.77,6.9,-1.88405797,6.95,6.75,4518/5521,6.9,6.95,6.75,6.77,2.89855,2866900,33,002529,20260331
605388.SH,均瑶健康,7.01,2.6354319180087806,6.76,6.93,-1.60116448,6.93,6.75,4518/5521,6.93,6.93,6.75,6.76,2.620087,1.3875518E7,17,605388,20260331
002120.SZ,韵达股份,7.86,-0.12706480304955256,6.76,6.76,-0.14771049,6.86,6.74,4520/5521,6.76,6.86,6.74,6.76,1.772525,1.8023458E7,33,002120,20260331
300105.SZ,龙源技术,6.91,0.2902757619738819,6.76,6.95,-2.73381295,6.99,6.73,4521/5521,6.95,6.99,6.73,6.76,3.741007,9772200,33,300105,20260331
600215.SH,派斯林,6.84,5.718701700154562,6.73,6.83,-1.17474302,6.92,6.73,4521/5521,6.83,6.92,6.73,6.73,2.790014,3902300,17,600215,20260331
600735.SH,ST新华锦,7.4,-5.0064184852374805,6.73,6.73,,6.73,6.73,4521/5521,6.73,6.73,6.73,6.73,,,22,600735,20260331
002700.SZ,万憬能源,6.94,-0.14388489208632788,6.76,6.86,-1.45772595,6.92,6.72,4524/5521,6.86,6.92,6.72,6.76,2.915451,5173600,33,002700,20260331
300057.SZ,万顺新材,9.76,0.30832476875641684,6.73,6.9,-3.0259366,7.08,6.72,4524/5521,6.9,7.08,6.72,6.73,5.187319,1.20423012E8,33,300057,20260331
603717.SH,天域生物,7.54,10.072992700729934,6.74,6.89,-2.4602026,7.04,6.71,4526/5521,6.89,7.04,6.71,6.74,4.775687,5474700,17,603717,20260331
000089.SZ,深圳机场,7.13,0.2812939521800221,6.71,6.74,0.14925373,6.8,6.7,4527/5521,6.74,6.8,6.7,6.71,1.492537,7607800,33,000089,20260331
000930.SZ,中粮科技,6.08,0.8291873963515725,6.75,6.99,-3.29512894,7.05,6.7,4527/5521,6.99,7.05,6.7,6.75,5.014326,4.595332E7,33,000930,20260331
002035.SZ,华帝股份,5.89,-0.8417508417508537,6.7,6.82,-2.33236152,6.94,6.7,4527/5521,6.82,6.94,6.7,6.7,3.498542,4.6087939E7,33,002035,20260331
600063.SH,皖维高新,7.04,-1.8131101813110166,6.74,6.94,-2.74170274,7.01,6.7,4527/5521,6.94,7.01,6.7,6.74,4.473304,4.1731373E7,17,600063,20260331
600116.SH,三峡水利,6.58,-0.3030303030302966,6.7,6.86,-2.61627907,6.92,6.7,4527/5521,6.86,6.92,6.7,6.7,3.197674,3.778998E7,17,600116,20260331
600167.SH,联美控股,6.67,-0.5961251862891213,6.74,6.95,-3.57653791,7.03,6.7,4527/5521,6.95,7.03,6.7,6.74,4.72103,2.3129128E7,17,600167,20260331
600864.SH,哈投股份,6.11,-2.239999999999995,6.72,6.82,-2.04081633,6.88,6.7,4527/5521,6.82,6.88,6.7,6.72,2.623906,6.0725541E7,17,600864,20260331
601111.SH,中国国航,6.73,0.14880952380953386,6.73,6.85,-1.75182482,6.97,6.7,4527/5521,6.85,6.97,6.7,6.73,3.941605,8.2922849E7,17,601111,20260331
000421.SZ,南京公用,6.33,-1.0937500000000044,6.69,6.8,-2.04978038,6.88,6.69,4535/5521,6.8,6.88,6.69,6.69,2.781844,7412680,33,000421,20260331
000702.SZ,正虹科技,7.13,1.8571428571428557,6.7,6.72,-0.44576523,6.97,6.69,4535/5521,6.72,6.97,6.69,6.7,4.160475,1.13606E7,33,000702,20260331
300281.SZ,金明精机,7.41,0.2706359945872864,6.69,6.8,-1.32743363,6.9,6.69,4535/5521,6.8,6.9,6.69,6.69,3.097345,5565683,33,300281,20260331
300289.SZ,利德曼,6.71,-0.7396449704141986,6.72,6.76,-0.88495575,6.9,6.69,4535/5521,6.76,6.9,6.69,6.72,3.097345,8411240,33,300289,20260331
600538.SH,国发股份,6.72,-1.8978102189781008,6.7,6.81,-1.47058824,6.85,6.68,4539/5521,6.81,6.85,6.68,6.7,2.5,1.50533E7,17,600538,20260331
000417.SZ,合百集团,6.69,2.1374045801526806,6.7,6.84,-1.75953079,6.93,6.67,4540/5521,6.84,6.93,6.67,6.7,3.812316,1.2394072E7,33,000417,20260331
000633.SZ,合金投资,6.83,0.14662756598240156,6.69,6.81,-1.76211454,6.93,6.67,4540/5521,6.81,6.93,6.67,6.69,3.817914,9959200,33,000633,20260331
300291.SZ,百纳千成,6.33,2.926829268292678,6.68,6.8,-1.62002946,6.92,6.67,4540/5521,6.8,6.92,6.67,6.68,3.681885,1.220981E7,33,300291,20260331
603300.SH,海南华铁,6.58,-2.66272189349112,6.68,6.84,-2.48175182,6.88,6.67,4540/5521,6.84,6.88,6.67,6.68,3.065693,4.2398497E7,17,603300,20260331
603385.SH,惠达卫浴,6.76,0.5952380952380958,6.72,6.76,-0.88495575,6.9,6.67,4540/5521,6.76,6.9,6.67,6.72,3.39233,3439200,17,603385,20260331
688238.SH,和元生物,6.79,-0.585651537335286,6.71,6.77,-1.61290323,7.03,6.67,4540/5521,6.77,7.03,6.67,6.71,5.278592,9383550,17,688238,20260331
000735.SZ,罗牛山,6.58,2.6521060842433686,6.68,6.8,-2.19619327,6.88,6.66,4546/5521,6.8,6.88,6.66,6.68,3.221083,1.694474E7,33,000735,20260331
000983.SZ,山西焦煤,7.02,0.28571428571427965,6.68,6.9,-4.43490701,6.94,6.66,4546/5521,6.9,6.94,6.66,6.68,4.005722,1.36842267E8,33,000983,20260331
000679.SZ,大连友谊,7.24,1.971830985915501,6.72,6.78,-0.59171598,6.95,6.65,4548/5521,6.78,6.95,6.65,6.72,4.437869,4485600,33,000679,20260331
002412.SZ,汉森制药,6.99,-0.28530670470755454,6.67,6.73,-0.89153046,6.82,6.65,4548/5521,6.73,6.82,6.65,6.67,2.526002,9528134,33,002412,20260331
600256.SH,广汇能源,6.75,1.6566265060241012,6.67,6.98,-5.39007092,6.98,6.65,4548/5521,6.98,6.98,6.65,6.67,4.680851,2.39058449E8,17,600256,20260331
603330.SH,天洋新材,7.4,0.0,6.66,6.91,-2.77372263,6.92,6.65,4548/5521,6.91,6.92,6.65,6.66,3.941605,4460188,17,603330,20260331
002188.SZ,中天服务,7.22,4.941860465116277,6.64,6.87,-2.7818448,6.95,6.63,4552/5521,6.87,6.95,6.63,6.64,4.685212,1.08502E7,33,002188,20260331
600561.SH,江西长运,6.94,-0.8571428571428515,6.7,6.73,-0.59347181,6.87,6.63,4552/5521,6.73,6.87,6.63,6.7,3.56083,5334300,17,600561,20260331
002204.SZ,大连重工,6.85,-0.2911208151382891,6.64,6.62,0.15082956,6.81,6.62,4554/5521,6.62,6.81,6.62,6.64,2.865761,2.9978377E7,33,002204,20260331
300048.SZ,合康新能,6.44,0.4680187207488338,6.63,6.71,-1.33928571,6.86,6.62,4554/5521,6.71,6.86,6.62,6.63,3.571428,2.2310839E7,33,300048,20260331
600351.SH,亚宝药业,7.08,2.3121387283237014,6.67,6.65,0.30075188,6.76,6.62,4554/5521,6.65,6.76,6.62,6.67,2.105263,2.2182923E7,17,600351,20260331
600354.SH,敦煌种业,6.26,1.7886178861788524,6.63,6.94,-5.42082739,7.01,6.61,4557/5521,6.94,7.01,6.61,6.63,5.706134,5.0536678E7,17,600354,20260331
000911.SZ,*ST广糖,5.73,-4.97512437810945,6.62,6.79,-2.79001468,6.91,6.6,4558/5521,6.79,6.91,6.6,6.62,4.552129,7955901,33,000911,20260331
002631.SZ,德尔未来,7.89,3.6793692509855367,6.63,6.85,-3.07017544,6.89,6.6,4558/5521,6.85,6.89,6.6,6.63,4.239766,1.3100013E7,33,002631,20260331
300271.SZ,华宇软件,6.34,-0.3144654088050387,6.63,6.72,-1.63204748,6.82,6.6,4558/5521,6.72,6.82,6.6,6.63,3.264094,8555500,33,300271,20260331
600235.SH,民丰特纸,6.95,1.0174418604651205,6.67,6.73,-1.18518519,6.87,6.6,4558/5521,6.73,6.87,6.6,6.67,4,7746553,17,600235,20260331
600603.SH,广汇物流,5.86,0.34246575342466545,6.63,7.07,-6.22347949,7.17,6.6,4558/5521,7.07,7.17,6.6,6.63,8.062234,2.1068153E7,17,600603,20260331
603111.SH,康尼机电,6.92,1.0218978102189824,6.85,6.62,2.69865067,7.01,6.6,4558/5521,6.62,7.01,6.6,6.85,6.146926,1.89173E7,17,603111,20260331
002367.SZ,康力电梯,6.16,-1.123595505617982,6.63,6.61,0,6.74,6.59,4564/5521,6.61,6.74,6.59,6.63,2.262443,2.6693678E7,33,002367,20260331
000546.SZ,金圆股份,7.72,4.748982360922654,6.6,6.71,-3.36749634,6.86,6.58,4565/5521,6.71,6.86,6.58,6.6,4.09956,9.2170484E7,33,000546,20260331
002650.SZ,ST加加,7.86,2.2106631989596868,6.64,6.58,0.9118541,6.71,6.57,4566/5521,6.58,6.71,6.57,6.64,2.127659,6146200,33,002650,20260331
600973.SH,宝胜股份,7.28,-2.150537634408604,6.61,6.66,-1.04790419,6.82,6.57,4566/5521,6.66,6.82,6.57,6.61,3.742514,2.7772432E7,17,600973,20260331
000800.SZ,一汽解放,6.73,-4.267425320056896,6.64,6.59,1.52905199,6.78,6.56,4568/5521,6.59,6.78,6.56,6.64,3.363914,2.4666479E7,33,000800,20260331
600469.SH,风神股份,6.39,0.15673981191222236,6.56,6.63,-1.64917541,6.73,6.56,4568/5521,6.63,6.73,6.56,6.56,2.548725,5941224,17,600469,20260331
600796.SH,钱江生化,6.34,-0.3144654088050387,6.59,6.75,-2.65878877,6.85,6.56,4568/5521,6.75,6.85,6.56,6.59,4.283604,8525200,17,600796,20260331
600901.SH,江苏金租,6.9,-0.5763688760806921,6.72,6.59,2.28310502,6.78,6.56,4568/5521,6.59,6.78,6.56,6.72,3.348554,4.1491181E7,17,600901,20260331
920873.BJ,中设咨询,9.3,-1.3785790031813256,6.65,6.63,0.60514372,6.8,6.55,4572/5521,6.63,6.8,6.55,6.65,3.782148,1625057,151,920873,20260331
000410.SZ,沈阳机床,6.16,-0.16207455429497222,6.56,6.59,-0.4552352,6.66,6.54,4573/5521,6.59,6.66,6.54,6.56,1.82094,1.3809283E7,33,000410,20260331
000758.SZ,中色股份,7.01,-0.8486562942008556,6.55,6.68,-2.23880597,6.72,6.54,4573/5521,6.68,6.72,6.54,6.55,2.686567,4.1781082E7,33,000758,20260331
002135.SZ,东南网架,8.51,8.132147395171534,6.54,6.76,-2.82317979,6.88,6.54,4573/5521,6.76,6.88,6.54,6.54,5.052005,1.79041E7,33,002135,20260331
002629.SZ,仁智股份,6.47,-1.371951219512193,6.63,6.56,1.22137405,6.88,6.54,4573/5521,6.56,6.88,6.54,6.63,5.190839,2.5184104E7,33,002629,20260331
300381.SZ,溢多利,6.92,-0.5747126436781614,6.55,6.69,-1.5037594,6.77,6.54,4573/5521,6.69,6.77,6.54,6.55,3.458646,7510900,33,300381,20260331
600481.SH,双良节能,6.08,-0.9771986970683976,6.56,6.84,-4.09356725,6.95,6.54,4573/5521,6.84,6.95,6.54,6.56,5.994152,8.3037177E7,17,600481,20260331
000153.SZ,丰原药业,6.45,-0.3091190108191588,6.56,6.56,0,6.66,6.53,4579/5521,6.56,6.66,6.53,6.56,1.981707,1.047056E7,33,000153,20260331
002381.SZ,双箭股份,6.72,-0.1485884101040219,6.57,6.64,-1.05421687,6.75,6.53,4579/5521,6.64,6.75,6.53,6.57,3.313253,6306950,33,002381,20260331
002909.SZ,集泰股份,6.69,-0.1492537313432804,6.56,6.67,-1.64917541,6.77,6.53,4579/5521,6.67,6.77,6.53,6.56,3.5982,7236372,33,002909,20260331
300365.SZ,恒华科技,5.95,0.6768189509306266,6.55,6.79,-3.39233038,6.81,6.53,4579/5521,6.79,6.81,6.53,6.55,4.129793,2.747676E7,33,300365,20260331
600123.SH,兰花科创,7.08,2.6086956521739086,6.56,6.88,-5.61151079,6.94,6.53,4579/5521,6.88,6.94,6.53,6.56,5.89928,5.9092466E7,17,600123,20260331
600257.SH,大湖股份,6.1,-0.48939641109298937,6.56,6.6,-0.30395137,6.8,6.53,4579/5521,6.6,6.8,6.53,6.56,4.103343,2.13485E7,17,600257,20260331
601956.SH,东贝集团,5.93,-0.5033557046979907,6.53,6.62,0.30721966,6.7,6.52,4585/5521,6.62,6.7,6.52,6.53,2.764976,8251040,17,601956,20260331
002105.SZ,信隆健康,6.79,1.6467065868263522,6.53,6.57,0,6.69,6.51,4586/5521,6.57,6.69,6.51,6.53,2.756508,8969400,33,002105,20260331
601288.SH,农业银行,6.92,-0.2881844380403525,6.7,6.51,3.2357473,6.75,6.51,4586/5521,6.51,6.75,6.51,6.7,3.697996,5.83642537E8,17,601288,20260331
000713.SZ,国投丰乐,6.5,-2.6946107784431095,6.52,6.77,-2.97619048,6.77,6.5,4588/5521,6.77,6.77,6.5,6.52,4.017857,1.3865225E7,33,000713,20260331
600398.SH,海澜之家,6.61,2.3219814241486123,6.53,6.57,0.46153846,6.64,6.5,4588/5521,6.57,6.64,6.5,6.53,2.153846,8.8966554E7,17,600398,20260331
600583.SH,海油工程,6.77,-1.1678832116788331,6.51,6.68,-2.3988006,6.72,6.5,4588/5521,6.68,6.72,6.5,6.51,3.29835,5.236239E7,17,600583,20260331
688223.SH,晶科能源,6.65,3.5825545171339632,6.51,7.06,-8.05084746,7.06,6.5,4588/5521,7.06,7.06,6.5,6.51,7.909604,2.51181115E8,17,688223,20260331
000159.SZ,国际实业,6.5,0.0,6.5,6.56,-0.76335878,6.66,6.49,4592/5521,6.56,6.66,6.49,6.5,2.595419,1.509784E7,33,000159,20260331
002094.SZ,青岛金王,5.96,0.3367003367003295,6.5,6.58,-0.76335878,6.66,6.49,4592/5521,6.58,6.66,6.49,6.5,2.595419,1.1538467E7,33,002094,20260331
300284.SZ,苏交科,6.76,0.5952380952380958,6.52,6.49,0.30769231,6.64,6.49,4592/5521,6.49,6.64,6.49,6.52,2.307692,7849760,33,300284,20260331
603682.SH,锦和商管,8.65,2.1251475796930306,6.53,7,-4.53216374,7.38,6.49,4592/5521,6.78,7.16,6.27,6.31,13.011695,2.0756042E7,17,603682,20260331
000875.SZ,电投绿能,6.53,-0.6088280060882806,6.51,6.81,-2.69058296,6.95,6.48,4596/5521,6.81,6.95,6.48,6.51,7.025411,9.5362176E7,33,000875,20260331
920970.BJ,大禹生物,7.24,1.54277699859748,6.52,6.63,-1.51057402,6.71,6.48,4596/5521,6.63,6.71,6.48,6.52,3.47432,1155052,151,920970,20260331
002540.SZ,亚太科技,6.04,-0.8210180623973699,6.49,6.6,-1.81543116,6.61,6.47,4598/5521,6.6,6.61,6.47,6.49,2.118003,1.57966E7,33,002540,20260331
002707.SZ,众信旅游,6.29,-0.4746835443038014,6.47,6.55,-1.22137405,6.64,6.47,4598/5521,6.55,6.64,6.47,6.47,2.595419,1.30177E7,33,002707,20260331
300157.SZ,新锦动力,5.73,0.17482517482518664,6.49,6.56,-1.96374622,6.78,6.47,4598/5521,6.56,6.78,6.47,6.49,4.682779,5.2675915E7,33,300157,20260331
000949.SZ,新乡化纤,8.08,3.0612244897959213,6.55,6.7,-2.23880597,6.84,6.46,4601/5521,6.7,6.84,6.46,6.55,5.671641,5.4559115E7,33,000949,20260331
002187.SZ,广百股份,6.19,0.3241491085899589,6.48,6.61,-0.91743119,6.68,6.46,4601/5521,6.61,6.68,6.46,6.48,3.363914,1.16469E7,33,002187,20260331
002291.SZ,遥望科技,6.7,0.7518796992481176,6.53,6.6,-1.06060606,6.69,6.46,4601/5521,6.6,6.69,6.46,6.53,3.484848,2.7069E7,33,002291,20260331
002676.SZ,顺威股份,7.12,0.14064697609001106,6.47,6.59,-1.82094082,6.68,6.46,4601/5521,6.59,6.68,6.46,6.47,3.338391,8739900,33,002676,20260331
600778.SH,友好集团,6.83,1.7883755588673638,6.5,6.59,-1.81268882,6.72,6.46,4601/5521,6.59,6.72,6.46,6.5,3.927492,8701980,17,600778,20260331
002027.SZ,分众传媒,6.29,-2.0249221183800605,6.55,6.45,1.39318885,6.64,6.45,4606/5521,6.45,6.64,6.45,6.55,2.941176,1.08982954E8,33,002027,20260331
002355.SZ,兴民智通,6.0,1.0101010101010035,6.48,6.71,-3.28358209,6.71,6.45,4606/5521,6.71,6.71,6.45,6.48,3.880597,2.5053937E7,33,002355,20260331
605199.SH,ST葫芦娃,6.79,-0.29368575624081605,6.83,6.49,5.07692308,6.83,6.45,4606/5521,6.49,6.83,6.45,6.83,5.846153,3283200,22,605199,20260331
300883.SZ,龙利得,7.12,2.890173410404627,6.49,6.55,-1.51745068,6.71,6.44,4609/5521,6.55,6.71,6.44,6.49,4.097116,8321513,33,300883,20260331
300241.SZ,瑞丰光电,6.82,-1.0159651669085543,6.45,6.63,-2.86144578,6.7,6.43,4610/5521,6.63,6.7,6.43,6.45,4.066265,3.7165012E7,33,300241,20260331
300307.SZ,慈星股份,7.04,2.028985507246372,6.52,6.43,1.08527132,6.63,6.43,4610/5521,6.43,6.63,6.43,6.52,3.100775,1.11603E7,33,300307,20260331
002063.SZ,远光软件,6.28,-1.4128728414442677,6.46,6.65,-3.29341317,6.66,6.42,4612/5521,6.65,6.66,6.42,6.46,3.592814,6.2918138E7,33,002063,20260331
002107.SZ,沃华医药,7.31,-3.0503978779840906,6.46,6.51,0,6.65,6.42,4612/5521,6.51,6.65,6.42,6.46,3.560371,9071840,33,002107,20260331
603980.SH,吉华集团,6.35,2.584814216478178,6.44,6.55,-0.92307692,6.63,6.42,4612/5521,6.55,6.63,6.42,6.44,3.230769,1.69005E7,17,603980,20260331
920090.BJ,*ST同辉,4.85,0.0,6.88,6.84,2.99401198,6.94,6.42,4612/5521,6.84,6.94,6.42,6.88,7.784431,8508716,151,920090,20260331
920832.BJ,齐鲁华信,6.89,2.377414561664179,6.48,6.54,-0.61349693,6.63,6.42,4612/5521,6.54,6.63,6.42,6.48,3.220858,1301176,151,920832,20260331
000595.SZ,*ST宝实,6.36,-0.6250000000000006,6.41,6.5,-0.62015504,6.64,6.41,4617/5521,6.5,6.64,6.41,6.41,3.565891,1.7193402E7,33,000595,20260331
600019.SH,宝钢股份,6.31,-2.6234567901234693,6.41,6.48,-1.23266564,6.55,6.41,4617/5521,6.48,6.55,6.41,6.41,2.157164,7.0422783E7,17,600019,20260331
002012.SZ,凯恩股份,6.69,-0.8888888888888831,6.42,6.71,-3.89221557,6.73,6.4,4619/5521,6.71,6.73,6.4,6.42,4.940119,1.207147E7,33,002012,20260331
300405.SZ,科隆股份,6.89,3.143712574850299,6.43,6.55,-2.27963526,6.66,6.4,4619/5521,6.55,6.66,6.4,6.43,3.951367,9774930,33,300405,20260331
600966.SH,博汇纸业,6.35,1.5999999999999943,6.41,6.53,-1.98776758,6.64,6.4,4619/5521,6.53,6.64,6.4,6.41,3.669724,1.657728E7,17,600966,20260331
300050.SZ,世纪鼎利,7.3,3.2531824611032465,6.4,6.51,-2.58751903,6.62,6.39,4622/5521,6.51,6.62,6.39,6.4,3.500761,2.30974E7,33,300050,20260331
300343.SZ,ST联创,6.56,0.923076923076917,6.39,6.5,-1.38888889,6.64,6.39,4622/5521,6.5,6.64,6.39,6.39,3.858024,1.69804E7,33,300343,20260331
603616.SH,韩建河山,6.17,1.1475409836065622,6.4,6.62,-3.46907994,6.65,6.39,4622/5521,6.62,6.65,6.39,6.4,3.921568,2.37171E7,17,603616,20260331
002343.SZ,慈文传媒,6.2,-1.7432646592709895,6.39,6.38,0.15673981,6.54,6.38,4625/5521,6.38,6.54,6.38,6.39,2.507836,1.0254E7,33,002343,20260331
600906.SH,财达证券,6.42,5.766062602965397,6.41,6.38,0.31298905,6.51,6.38,4625/5521,6.38,6.51,6.38,6.41,2.034428,1.5278842E7,17,600906,20260331
300670.SZ,大烨智能,7.24,0.6954102920723202,6.39,6.56,-2.59146341,6.62,6.37,4627/5521,6.56,6.62,6.37,6.39,3.810975,7832000,33,300670,20260331
600249.SH,两面针,5.99,0.335008375209388,6.37,6.37,,6.37,6.37,4627/5521,6.37,6.37,6.37,6.37,,,17,600249,20260331
600903.SH,贵州燃气,6.47,-0.46153846153846534,6.38,6.5,-2.29709035,6.53,6.37,4627/5521,6.5,6.53,6.37,6.38,2.450229,1.322134E7,17,600903,20260331
603007.SH,花王股份,5.86,-3.934426229508186,6.39,6.5,-2.44274809,6.62,6.37,4627/5521,6.5,6.62,6.37,6.39,3.816793,1.4741673E7,17,603007,20260331
600517.SH,国网英大,5.92,-7.788161993769471,6.38,6.5,-2.14723926,6.57,6.36,4631/5521,6.5,6.57,6.36,6.38,3.220858,2.139082E7,17,600517,20260331
002616.SZ,长青集团,6.09,2.525252525252516,6.52,6.42,2.03442879,6.92,6.35,4632/5521,6.42,6.92,6.35,6.52,8.920187,6.3385265E7,33,002616,20260331
600006.SH,东风股份,6.71,-0.2971768202080306,6.37,6.37,0.1572327,6.48,6.35,4632/5521,6.37,6.48,6.35,6.37,2.044025,1.232281E7,17,600006,20260331
300123.SZ,ST亚光,3.99,4.4502617801047215,6.35,6.41,-1.24416796,6.55,6.33,4634/5521,6.41,6.55,6.33,6.35,3.421461,2.2644868E7,33,300123,20260331
600755.SH,厦门国贸,6.19,1.6420361247947544,6.4,6.36,0.47095761,6.47,6.33,4634/5521,6.36,6.47,6.33,6.4,2.197802,2.8829382E7,17,600755,20260331
002360.SZ,ST同德,6.22,4.013377926421393,6.37,6.48,-0.93312597,6.5,6.32,4636/5521,6.48,6.5,6.32,6.37,2.799377,1.31205E7,33,002360,20260331
601949.SH,中国出版,5.87,0.0,6.34,6.35,-0.62695925,6.47,6.32,4636/5521,6.35,6.47,6.32,6.34,2.351097,8569499,17,601949,20260331
300261.SZ,雅本化学,5.96,0.0,6.32,6.47,-2.31839258,6.5,6.31,4638/5521,6.47,6.5,6.31,6.32,2.93663,1.37164E7,33,300261,20260331
600620.SH,天宸股份,5.52,-9.951060358890706,6.33,6.4,-1.55520995,6.55,6.31,4638/5521,6.4,6.55,6.31,6.33,3.732503,4995000,17,600620,20260331
301175.SZ,中科环保,6.16,-0.9646302250803797,6.3,6.46,-2.62751159,6.48,6.3,4640/5521,6.46,6.48,6.3,6.3,2.782071,2.4632655E7,33,301175,20260331
002274.SZ,华昌化工,6.75,-0.14792899408283708,6.3,6.58,-5.12048193,6.71,6.29,4641/5521,6.58,6.71,6.29,6.3,6.325301,3.4409163E7,33,002274,20260331
300639.SZ,凯普生物,6.06,-1.1419249592169705,6.3,6.47,-2.17391304,6.55,6.29,4641/5521,6.47,6.55,6.29,6.3,4.037267,1.2968926E7,33,300639,20260331
000553.SZ,安道麦A,6.82,10.000000000000002,6.32,6.47,-2.31839258,6.49,6.28,4643/5521,6.47,6.49,6.28,6.32,3.245749,1.8741205E7,33,000553,20260331
300169.SZ,天晟新材,6.46,1.89274447949527,6.34,6.38,-1.09204368,6.48,6.28,4643/5521,6.38,6.48,6.28,6.34,3.120124,9924400,33,300169,20260331
603779.SH,威龙股份,7.45,7.194244604316546,6.31,6.4,-1.09717868,6.48,6.28,4643/5521,6.4,6.48,6.28,6.31,3.134796,8698665,17,603779,20260331
300352.SZ,北信源,,,6.33,6.33,0,6.48,6.27,4646/5521,6.33,6.48,6.27,6.33,3.317535,5.5751897E7,33,300352,20260331
600802.SH,福建水泥,5.66,0.8912655971479468,6.4,6.27,0.47095761,6.58,6.27,4646/5521,6.27,6.58,6.27,6.4,4.866562,3.8068328E7,17,600802,20260331
600930.SH,华电新能,6.17,-1.9077901430842623,6.28,6.36,-2.02808112,6.45,6.27,4646/5521,6.36,6.45,6.27,6.28,2.808112,2.72003332E8,17,600930,20260331
688469.SH,芯联集成,6.89,2.0740740740740695,6.3,6.41,-1.71606864,6.46,6.27,4646/5521,6.41,6.46,6.27,6.3,2.964118,6.0100088E7,17,688469,20260331
002513.SZ,蓝丰生化,6.51,1.086956521739121,6.28,6.49,-3.2357473,6.54,6.26,4650/5521,6.49,6.54,6.26,6.28,4.314329,9104700,33,002513,20260331
600155.SH,华创云信,6.27,1.4563106796116483,6.29,6.29,-0.15873016,6.38,6.26,4650/5521,6.29,6.38,6.26,6.29,1.904761,1.6438021E7,17,600155,20260331
000958.SZ,电投产融,5.92,-1.1686143572621082,6.26,6.35,-2.3400936,6.42,6.25,4652/5521,6.35,6.42,6.25,6.26,2.652106,3.2660308E7,33,000958,20260331
601118.SH,海南橡胶,7.19,1.6973125884016989,6.29,6.59,-5.27108434,6.68,6.25,4652/5521,6.59,6.68,6.25,6.29,6.475903,6.600408E7,17,601118,20260331
002614.SZ,奥佳华,5.76,0.17391304347825717,6.25,6.29,-0.63593005,6.39,6.24,4654/5521,6.29,6.39,6.24,6.25,2.384737,8015400,33,002614,20260331
300076.SZ,GQY视讯,,,6.26,6.4,-1.57232704,6.6,6.24,4654/5521,6.4,6.6,6.24,6.26,5.660377,1.69481E7,33,300076,20260331
601801.SH,皖新传媒,6.04,-0.9836065573770428,6.25,6.32,-0.79365079,6.37,6.24,4654/5521,6.32,6.37,6.24,6.25,2.063492,9785900,17,601801,20260331
002031.SZ,巨轮智能,5.71,1.2411347517730547,6.34,6.3,0.47543582,6.45,6.23,4657/5521,6.3,6.45,6.23,6.34,3.486529,4.77962E7,33,002031,20260331
002480.SZ,新筑股份,6.6,0.3039513677811485,6.25,6.51,-4.14110429,6.54,6.23,4657/5521,6.51,6.54,6.23,6.25,4.754601,2.20504E7,33,002480,20260331
300326.SZ,ST凯利,7.1,3.1976744186046475,6.27,6.32,1.12903226,6.4,6.23,4657/5521,6.32,6.4,6.23,6.27,2.741935,1.1164079E7,33,300326,20260331
603060.SH,国检集团,6.68,-1.764705882352943,6.23,6.26,0,6.36,6.22,4660/5521,6.26,6.36,6.22,6.23,2.247191,5655373,17,603060,20260331
002218.SZ,拓日新能,5.46,-2.6737967914438565,6.93,6.31,10,6.93,6.21,4661/5521,6.31,6.93,6.21,6.93,11.428571,3.12645227E8,33,002218,20260331
002391.SZ,长青股份,6.64,0.6060606060606066,6.23,6.38,-2.65625,6.46,6.21,4661/5521,6.38,6.46,6.21,6.23,3.90625,1.1439245E7,33,002391,20260331
003032.SZ,*ST传智,6.54,-0.6079027355623106,6.21,6.29,-1.42857143,6.4,6.21,4661/5521,6.29,6.4,6.21,6.21,3.015873,6135000,33,003032,20260331
003012.SZ,东鹏控股,5.88,-1.5075376884422087,6.22,6.27,-0.95541401,6.4,6.2,4664/5521,6.27,6.4,6.2,6.22,3.184713,7772742,33,003012,20260331
300066.SZ,三川智慧,6.24,-0.319488817891367,6.2,6.3,-1.43084261,6.37,6.2,4664/5521,6.3,6.37,6.2,6.2,2.702702,1.6195924E7,33,300066,20260331
600712.SH,南宁百货,6.31,1.6103059581320394,6.21,6.28,-0.9569378,6.37,6.2,4664/5521,6.28,6.37,6.2,6.21,2.711323,5858400,17,600712,20260331
600997.SH,开滦股份,5.89,-0.8417508417508537,6.2,6.56,-7.04647676,6.62,6.18,4667/5521,6.56,6.62,6.18,6.2,6.596701,3.5598804E7,17,600997,20260331
601608.SH,中信重工,6.05,1.851851851851842,6.21,6.2,0.64829822,6.29,6.17,4668/5521,6.2,6.29,6.17,6.21,1.944894,3.374615E7,17,601608,20260331
300010.SZ,豆神教育,,,6.18,6.29,0.32467532,6.38,6.16,4669/5521,6.29,6.38,6.16,6.18,3.571428,4.4062841E7,33,300010,20260331
600358.SH,国旅联合,5.89,-0.8417508417508537,6.18,6.4,-3.88802488,6.41,6.16,4669/5521,6.4,6.41,6.16,6.18,3.888024,1.0459642E7,17,600358,20260331
000822.SZ,山东海化,5.95,-2.4590163934426146,6.17,6.41,-3.29153605,6.51,6.15,4671/5521,6.41,6.51,6.15,6.17,5.642633,5.0246453E7,33,000822,20260331
002752.SZ,昇兴股份,7.4,0.2710027100271065,6.16,6.24,-1.44,6.3,6.15,4671/5521,6.24,6.3,6.15,6.16,2.4,1.123355E7,33,002752,20260331
300305.SZ,裕兴股份,6.76,1.197604790419163,6.27,6.26,0.32,6.33,6.15,4671/5521,6.26,6.33,6.15,6.27,2.88,7640800,33,300305,20260331
300376.SZ,易事特,5.82,-1.8549747048903784,6.23,6.15,1.63132137,6.41,6.15,4671/5521,6.15,6.41,6.15,6.23,4.241435,3.1179045E7,33,300376,20260331
688373.SH,盟科药业,6.02,0.8375209380234476,6.18,6.22,-0.32258065,6.49,6.15,4671/5521,6.22,6.49,6.15,6.18,5.48387,1.3708066E7,17,688373,20260331
603959.SH,ST百利,4.55,-5.0104384133611735,6.16,6.25,-0.3236246,6.41,6.14,4676/5521,6.25,6.41,6.14,6.16,4.368932,2.2899904E7,22,603959,20260331
000521.SZ,长虹美菱,5.66,-0.35211267605633056,6.17,6.14,0.48859935,6.25,6.13,4677/5521,6.14,6.25,6.13,6.17,1.954397,7743562,33,000521,20260331
002178.SZ,延华智能,5.83,-3.795379537953788,6.13,6.25,-1.28824477,6.32,6.13,4677/5521,6.25,6.32,6.13,6.13,3.059581,1.3969649E7,33,002178,20260331
002427.SZ,尤夫股份,5.79,-0.3442340791738309,6.14,6.23,-1.6025641,6.33,6.13,4677/5521,6.23,6.33,6.13,6.14,3.205128,1.71759E7,33,002427,20260331
002682.SZ,龙洲股份,6.01,1.6920473773265592,6.14,6.19,-1.28617363,6.46,6.13,4677/5521,6.19,6.46,6.13,6.14,5.305466,4.6274007E7,33,002682,20260331
600107.SH,ST尔雅,6.01,0.0,6.19,6.35,-2.21169036,6.58,6.13,4677/5521,6.35,6.58,6.13,6.19,7.109004,5624400,22,600107,20260331
600207.SH,安彩高科,5.59,-2.101576182136604,6.7,6.29,4.03726708,7.08,6.13,4677/5521,6.29,7.08,6.13,6.7,14.751552,1.12817248E8,17,600207,20260331
000060.SZ,中金岭南,6.75,1.5037593984962352,6.12,6.23,-1.76565008,6.29,6.11,4683/5521,6.23,6.29,6.11,6.12,2.889245,8.6338245E7,33,000060,20260331
300234.SZ,开尔新材,6.66,3.0959752321981453,6.19,6.15,0.32414911,6.38,6.11,4683/5521,6.15,6.38,6.11,6.19,4.376012,1.8260074E7,33,300234,20260331
600219.SH,南山铝业,5.37,-0.739371534195934,6.13,6.55,-5.54699538,6.58,6.11,4683/5521,6.55,6.58,6.11,6.13,7.24191,4.11418664E8,17,600219,20260331
601218.SH,吉鑫科技,6.47,-4.1481481481481515,6.12,6.55,-6.5648855,6.65,6.11,4683/5521,6.55,6.65,6.11,6.12,8.244274,1.3424097E8,17,601218,20260331
300175.SZ,ST朗源,6.13,-1.9200000000000017,6.16,6.35,-2.83911672,6.39,6.1,4687/5521,6.35,6.39,6.1,6.16,4.574132,5584500,33,300175,20260331
300575.SZ,中旗股份,6.68,-0.2985074626865741,6.12,6.28,-2.3923445,6.34,6.1,4687/5521,6.28,6.34,6.1,6.12,3.827751,1.1987363E7,33,300575,20260331
601222.SH,林洋能源,6.08,-0.9771986970683976,6.13,6.32,-2.23285486,6.33,6.1,4687/5521,6.32,6.33,6.1,6.13,3.668261,3.316755E7,17,601222,20260331
603359.SH,*ST东珠,4.32,-5.054945054945045,6.1,6.23,-2.08667737,6.3,6.1,4687/5521,6.23,6.3,6.1,6.1,3.210272,7211928,22,603359,20260331
000572.SZ,海马汽车,5.59,1.8214936247723068,6.14,6.09,0.98684211,6.57,6.09,4691/5521,6.09,6.57,6.09,6.14,7.894736,1.49333903E8,33,000572,20260331
002193.SZ,如意集团,,,6.11,6.3,-2.70700637,6.38,6.09,4691/5521,6.3,6.38,6.09,6.11,4.617834,9476900,33,002193,20260331
600736.SH,苏州高新,8.15,-2.9761904761904763,6.1,6.13,-0.32679739,6.25,6.09,4691/5521,6.13,6.25,6.09,6.1,2.614379,9952702,17,600736,20260331
601766.SH,中国中车,5.97,1.0152284263959324,6.34,6.1,3.93442623,6.45,6.09,4691/5521,6.1,6.45,6.09,6.34,5.901639,4.09689347E8,17,601766,20260331
000909.SZ,*ST数源,4.66,-5.091649694501018,6.08,6.08,,6.08,6.08,4695/5521,6.08,6.08,6.08,6.08,,,33,000909,20260331
002337.SZ,赛象科技,6.24,0.48309178743961756,6.09,6.13,-0.65252855,6.23,6.08,4695/5521,6.13,6.23,6.08,6.09,2.446982,6775400,33,002337,20260331
002556.SZ,辉隆股份,6.33,0.3169572107765525,6.08,6.35,-4.40251572,6.49,6.08,4695/5521,6.35,6.49,6.08,6.08,6.44654,2.3679613E7,33,002556,20260331
002562.SZ,兄弟科技,5.87,0.17064846416381887,6.09,6.17,-1.29659643,6.32,6.08,4695/5521,6.17,6.32,6.08,6.09,3.889789,2.546048E7,33,002562,20260331
300332.SZ,天壕能源,5.75,-1.3722126929674112,6.08,6.35,-7.17557252,6.39,6.08,4695/5521,6.35,6.39,6.08,6.08,4.732824,8.1672272E7,33,300332,20260331
300737.SZ,科顺股份,6.81,-0.14662756598241458,6.21,6.16,0.81168831,6.42,6.08,4695/5521,6.16,6.42,6.08,6.21,5.51948,1.9969268E7,33,300737,20260331
600820.SH,隧道股份,5.94,-1.4925373134328335,6.36,6.08,2.58064516,6.43,6.08,4695/5521,6.08,6.43,6.08,6.36,5.645161,5.8288605E7,17,600820,20260331
300158.SZ,振东制药,5.72,-0.34843205574913694,6.1,6.21,-1.61290323,6.26,6.07,4702/5521,6.21,6.26,6.07,6.1,3.064516,2.4442333E7,33,300158,20260331
000892.SZ,欢瑞世纪,4.96,1.4314928425357931,6.07,6.1,-0.65466448,6.22,6.06,4703/5521,6.1,6.22,6.06,6.07,2.618657,1.84686E7,33,000892,20260331
002016.SZ,世荣兆业,5.38,1.7013232514177667,6.07,6.11,0.49668874,6.61,6.06,4703/5521,6.11,6.61,6.06,6.07,9.10596,4.5558531E7,33,002016,20260331
600874.SH,创业环保,6.21,-1.740506329113929,6.08,6.25,-2.56410256,6.29,6.06,4703/5521,6.25,6.29,6.06,6.08,3.685897,1.851098E7,17,600874,20260331
600918.SH,中泰证券,6.02,0.3333333333333262,6.07,6.13,-1.46103896,6.2,6.06,4703/5521,6.13,6.2,6.06,6.07,2.272727,1.9382077E7,17,600918,20260331
603828.SH,*ST利达,4.79,5.043859649122817,6.12,6.19,-1.13085622,6.3,6.06,4703/5521,6.19,6.3,6.06,6.12,3.877221,2246500,22,603828,20260331
002564.SZ,天沃科技,6.17,-3.5937500000000067,6.06,6.09,-0.6557377,6.23,6.05,4708/5521,6.09,6.23,6.05,6.06,2.950819,1.24326E7,33,002564,20260331
600556.SH,天下秀,5.95,-0.5016722408026797,6.06,6.11,-0.6557377,6.22,6.05,4708/5521,6.11,6.22,6.05,6.06,2.786885,3.8274677E7,17,600556,20260331
600613.SH,神奇制药,5.88,0.1703577512776795,6.05,6.08,-0.49342105,6.18,6.04,4710/5521,6.08,6.18,6.04,6.05,2.302631,9608940,17,600613,20260331
002206.SZ,海利得,6.18,-0.1615508885298978,6.06,6.12,-0.6557377,6.35,6.03,4711/5521,6.12,6.35,6.03,6.06,5.245901,1.78773E7,33,002206,20260331
002798.SZ,帝欧水华,7.93,0.5069708491761729,6.03,6.25,-3.21027287,6.27,6.02,4712/5521,6.25,6.27,6.02,6.03,4.012841,5812900,33,002798,20260331
600119.SH,*ST长投,6.15,3.885135135135142,6.09,6.1,-0.16393443,6.42,6.02,4712/5521,6.1,6.42,6.02,6.09,6.557377,9887255,22,600119,20260331
000707.SZ,双环科技,5.95,-0.9983361064891783,6.01,6.19,-2.90791599,6.25,6,4714/5521,6.19,6.25,6,6.01,4.038772,1.25772E7,33,000707,20260331
600229.SH,城市传媒,6.32,2.931596091205222,6.01,6.01,-0.16611296,6.13,6,4714/5521,6.01,6.13,6,6.01,2.159468,3304200,17,600229,20260331
601598.SH,中国外运,6.0,-0.9900990099009838,6.16,6,3.52941176,6.36,6,4714/5521,6,6.36,6,6.16,6.05042,4.324287E7,17,601598,20260331
300647.SZ,超频三,7.07,0.855920114122689,5.99,6.16,-2.75974026,6.23,5.99,4717/5521,6.16,6.23,5.99,5.99,3.896103,8638276,33,300647,20260331
301215.SZ,中汽股份,6.25,0.16025641025640683,6.06,5.99,0.83194676,6.13,5.99,4717/5521,5.99,6.13,5.99,6.06,2.32945,1.2158505E7,33,301215,20260331
600399.SH,抚顺特钢,5.47,-2.146690518783544,6.01,6.04,-0.49668874,6.22,5.99,4717/5521,6.04,6.22,5.99,6.01,3.807947,5.0818268E7,17,600399,20260331
600724.SH,宁波富达,6.97,0.14367816091953717,6.05,6.38,-5.32081377,6.43,5.99,4717/5521,6.38,6.43,5.99,6.05,6.885758,3.421788E7,17,600724,20260331
300299.SZ,富春股份,6.16,0.48939641109298937,5.99,6.1,-1.64203612,6.19,5.98,4721/5521,6.1,6.19,5.98,5.99,3.448275,9604201,33,300299,20260331
000530.SZ,冰山冷热,5.91,0.3395585738539977,5.99,6.07,-1.31795717,6.16,5.97,4722/5521,6.07,6.16,5.97,5.99,3.130148,9531593,33,000530,20260331
603335.SH,迪生力,7.07,-2.4827586206896513,6.0,6.07,-0.16638935,6.24,5.97,4722/5521,6.07,6.24,5.97,6.0,4.492512,1.2508284E7,17,603335,20260331
600982.SH,宁波能源,6.06,2.3648648648648596,5.96,6.2,-9.96978852,6.38,5.96,4724/5521,6.2,6.38,5.96,5.96,6.34441,1.67259924E8,17,600982,20260331
920057.BJ,百甲科技,6.18,1.4778325123152687,5.96,6.04,-0.66666667,6.08,5.96,4724/5521,6.04,6.08,5.96,5.96,2,1883894,151,920057,20260331
000619.SZ,海螺新材,6.18,0.8156606851549727,5.96,6.04,-1.16086235,6.25,5.95,4726/5521,6.04,6.25,5.95,5.96,4.975124,1.0988779E7,33,000619,20260331
000788.SZ,北大医药,6.12,-2.0799999999999983,5.96,5.98,-0.66666667,6.07,5.95,4726/5521,5.98,6.07,5.95,5.96,2,1.214364E7,33,000788,20260331
002746.SZ,仙坛股份,6.4,1.4263074484944651,5.96,6.09,-2.13464696,6.13,5.95,4726/5521,6.09,6.13,5.95,5.96,2.955665,1.2953007E7,33,002746,20260331
600638.SH,新黄浦,6.25,1.957585644371943,5.96,5.99,-0.99667774,6.13,5.95,4726/5521,5.99,6.13,5.95,5.96,2.990033,6806084,17,600638,20260331
603815.SH,交建股份,7.28,3.5561877667140824,5.98,6.07,-1.80623974,6.14,5.95,4726/5521,6.07,6.14,5.95,5.98,3.119868,8899100,17,603815,20260331
002386.SZ,天原股份,6.99,-3.983516483516484,5.98,6.09,-2.12765957,6.3,5.94,4731/5521,6.09,6.3,5.94,5.98,5.89198,6.5061697E7,33,002386,20260331
300128.SZ,锦富技术,6.45,4.707792207792208,5.96,6.12,-3.24675325,6.18,5.94,4731/5521,6.12,6.18,5.94,5.96,3.896103,2.6747607E7,33,300128,20260331
688496.SH,ST清越,4.46,-19.928186714542193,5.95,6.27,-4.6474359,6.27,5.94,4731/5521,6.27,6.27,5.94,5.95,5.288461,4421924,22,688496,20260331
600576.SH,祥源文旅,5.96,-0.16750418760468655,5.94,6.05,-2.1416804,6.16,5.93,4734/5521,6.05,6.16,5.93,5.94,3.789126,1.2921003E7,17,600576,20260331
600929.SH,雪天盐业,6.93,-0.8583690987124535,5.96,6.05,-1.16086235,6.11,5.93,4734/5521,6.05,6.11,5.93,5.96,2.985074,1.4897591E7,17,600929,20260331
002302.SZ,西部建设,5.55,-1.2455516014234926,5.96,5.95,0.16806723,6.07,5.92,4736/5521,5.95,6.07,5.92,5.96,2.521008,1.1620112E7,33,002302,20260331
600335.SH,国机汽车,6.07,1.1666666666666714,5.97,5.92,0.67453626,6.04,5.92,4736/5521,5.92,6.04,5.92,5.97,2.023608,1.1643853E7,17,600335,20260331
920964.BJ,润农节水,6.07,0.16501650165017617,5.94,5.96,-0.50251256,6.08,5.92,4736/5521,5.96,6.08,5.92,5.94,2.680067,1319640,151,920964,20260331
002030.SZ,达安基因,5.78,-0.17271157167529858,5.91,5.99,-1.5,6.06,5.91,4739/5521,5.99,6.06,5.91,5.91,2.5,9932902,33,002030,20260331
300180.SZ,华峰超纤,5.28,-0.9380863039399592,5.92,6.01,-1.33333333,6.07,5.91,4739/5521,6.01,6.07,5.91,5.92,2.666666,1.959096E7,33,300180,20260331
601068.SH,中铝国际,6.22,0.0,5.99,6.12,-4.61783439,6.14,5.91,4739/5521,6.12,6.14,5.91,5.99,3.66242,6.0038353E7,17,601068,20260331
002408.SZ,齐翔腾达,6.58,-1.6442451420029942,5.92,5.96,-0.83752094,6.14,5.9,4742/5521,5.96,6.14,5.9,5.92,4.0201,3.8117148E7,33,002408,20260331
600599.SH,*ST熊猫,3.95,0.0,5.9,6.02,-4.99194847,6.14,5.9,4742/5521,6.02,6.14,5.9,5.9,3.864734,2410800,22,600599,20260331
000419.SZ,通程控股,5.83,1.2152777777777828,5.92,5.9,0.33898305,6.07,5.89,4744/5521,5.9,6.07,5.89,5.92,3.050847,8406300,33,000419,20260331
000539.SZ,粤电力A,6.53,-6.71428571428571,5.89,6.13,-6.50793651,6.33,5.88,4745/5521,6.13,6.33,5.88,5.89,7.142857,1.76687189E8,33,000539,20260331
600028.SH,中国石化,5.39,-0.5535055350553552,5.88,5.96,-1.50753769,6.01,5.88,4745/5521,5.96,6.01,5.88,5.88,2.177554,1.7357456E8,17,600028,20260331
600202.SH,哈空调,6.36,1.4354066985646052,5.97,6.06,-1.48514851,6.18,5.88,4745/5521,6.06,6.18,5.88,5.97,4.950495,9281752,17,600202,20260331
002022.SZ,科华生物,5.97,0.674536256323778,5.88,5.96,-1.34228188,6.05,5.87,4748/5521,5.96,6.05,5.87,5.88,3.020134,6751500,33,002022,20260331
300039.SZ,上海凯宝,5.78,-0.6872852233676982,5.89,5.91,-0.50675676,5.99,5.87,4748/5521,5.91,5.99,5.87,5.89,2.027027,1.2554478E7,33,300039,20260331
300088.SZ,长信科技,6.55,-2.5297619047619038,5.89,5.94,-1.17449664,6.01,5.87,4748/5521,5.94,6.01,5.87,5.89,2.348993,3.79414E7,33,300088,20260331
300310.SZ,宜通世纪,5.72,-1.0380622837370328,5.89,5.88,-0.50675676,6.03,5.87,4748/5521,5.88,6.03,5.87,5.89,2.702702,3.5497264E7,33,300310,20260331
600073.SH,光明肉业,5.88,-0.6756756756756763,5.9,6.05,-2.47933884,6.06,5.87,4748/5521,6.05,6.06,5.87,5.9,3.140495,1.0063951E7,17,600073,20260331
600429.SH,三元股份,6.09,4.459691252144078,5.88,5.99,-1.34228188,6.08,5.87,4748/5521,5.99,6.08,5.87,5.88,3.523489,3.433249E7,17,600429,20260331
000701.SZ,厦门信达,5.93,0.3384094754653058,5.94,5.9,0.16863406,6.13,5.86,4754/5521,5.9,6.13,5.86,5.94,4.553119,2.0035862E7,33,000701,20260331
601377.SH,兴业证券,6.07,1.845637583892623,5.87,5.94,-1.01180438,6,5.86,4754/5521,5.94,6,5.86,5.87,2.360876,8.6379156E7,17,601377,20260331
601686.SH,友发集团,5.57,-0.5357142857142744,5.87,5.89,-0.67681895,5.95,5.86,4754/5521,5.89,5.95,5.86,5.87,1.522842,4900500,17,601686,20260331
002702.SZ,海欣食品,6.01,1.0084033613445311,5.89,5.88,0.17006803,6.18,5.85,4757/5521,5.88,6.18,5.85,5.89,5.612244,4.9363186E7,33,002702,20260331
300318.SZ,博晖创新,5.6,-0.5328596802841963,5.85,5.96,-1.84563758,6.03,5.85,4757/5521,5.96,6.03,5.85,5.85,3.020134,5471300,33,300318,20260331
600825.SH,新华传媒,5.86,0.34246575342466545,5.89,5.89,3.88007055,6.17,5.85,4757/5521,5.89,6.17,5.85,5.89,5.643738,2.562509E7,17,600825,20260331
600403.SH,大有能源,5.79,-2.03045685279188,5.84,6,-4.10509031,6.14,5.83,4760/5521,6,6.14,5.83,5.84,5.090311,3.0882565E7,17,600403,20260331
600858.SH,银座股份,5.79,-0.1724137931034446,5.86,5.92,-1.01351351,5.99,5.83,4760/5521,5.92,5.99,5.83,5.86,2.702702,6640000,17,600858,20260331
000498.SZ,山东路桥,5.54,-4.647160068846809,5.84,5.87,-0.68027211,5.91,5.82,4762/5521,5.87,5.91,5.82,5.84,1.530612,1.45831E7,33,000498,20260331
002442.SZ,龙星科技,6.24,-2.0408163265306105,5.83,5.93,-2.18120805,6.02,5.82,4762/5521,5.93,6.02,5.82,5.83,3.355704,8729300,33,002442,20260331
000525.SZ,红太阳,5.55,-0.35906642728905674,5.83,6.04,-3.79537954,6.06,5.81,4764/5521,6.04,6.06,5.81,5.83,4.125412,3.4794934E7,33,000525,20260331
000630.SZ,铜陵有色,6.15,-2.8436018957345928,5.81,5.94,-1.85810811,6.03,5.81,4764/5521,5.94,6.03,5.81,5.81,3.716216,2.55858174E8,33,000630,20260331
000715.SZ,中兴商业,5.99,-4.006410256410256,5.84,5.81,0.51635112,6,5.81,4764/5521,5.81,6,5.81,5.84,3.270223,1.002458E7,33,000715,20260331
002252.SZ,上海莱士,5.56,0.18018018018017634,5.82,5.84,-0.17152659,5.88,5.81,4764/5521,5.84,5.88,5.81,5.82,1.200686,2.5301473E7,33,002252,20260331
002688.SZ,金河生物,6.02,0.0,5.81,5.95,-2.18855219,6,5.81,4764/5521,5.95,6,5.81,5.81,3.198653,7097386,33,002688,20260331
002692.SZ,远程股份,5.61,-3.44234079173837,6.07,5.88,3.23129252,6.16,5.81,4764/5521,5.88,6.16,5.81,6.07,5.95238,6.503981E7,33,002692,20260331
000599.SZ,青岛双星,5.96,3.4722222222222254,5.8,5.94,-2.35690236,6.03,5.8,4770/5521,5.94,6.03,5.8,5.8,3.872053,1.6850494E7,33,000599,20260331
600048.SH,保利发展,6.14,0.0,5.82,5.85,-0.34246575,5.93,5.79,4771/5521,5.85,5.93,5.79,5.82,2.39726,8.2156948E7,17,600048,20260331
600287.SH,苏豪时尚,5.92,-0.16863406408094075,5.85,5.86,0,5.96,5.79,4771/5521,5.86,5.96,5.79,5.85,2.905982,6652700,17,600287,20260331
300167.SZ,ST迪威迅,5.71,-9.936908517350156,5.79,5.83,-3.33889816,6.04,5.78,4773/5521,5.83,6.04,5.78,5.79,4.340567,6834100,33,300167,20260331
601107.SH,四川成渝,6.13,-0.48701298701299106,5.79,6.11,-9.6723869,6.11,5.78,4773/5521,6.11,6.11,5.78,5.79,5.148205,5.27424E7,17,601107,20260331
601636.SH,旗滨集团,6.33,-2.764976958525341,5.83,5.82,-0.34188034,6.09,5.78,4773/5521,5.82,6.09,5.78,5.83,5.299145,6.277823E7,17,601636,20260331
601997.SH,贵阳银行,6.01,-0.33167495854063783,5.82,5.78,0.69204152,5.85,5.77,4776/5521,5.78,5.85,5.77,5.82,1.384083,3.2005826E7,17,601997,20260331
000571.SZ,新大洲A,5.56,0.0,5.76,5.92,-2.86677909,6.01,5.76,4777/5521,5.92,6.01,5.76,5.76,4.215851,1.4509946E7,33,000571,20260331
600586.SH,金晶科技,5.86,3.169014084507053,5.78,5.89,-2.69360269,5.97,5.76,4777/5521,5.89,5.97,5.76,5.78,3.535353,3.4327507E7,17,600586,20260331
603956.SH,威派格,5.9,0.5110732538330536,5.78,5.84,-1.02739726,5.93,5.76,4777/5521,5.84,5.93,5.76,5.78,2.910958,6196300,17,603956,20260331
600965.SH,福成股份,3.81,0.0,5.77,5.8,-0.68846816,6,5.75,4780/5521,5.8,6,5.75,5.77,4.302925,1.48626E7,17,600965,20260331
601669.SH,中国电建,5.59,-1.5845070422535188,5.74,5.84,-2.04778157,5.87,5.74,4781/5521,5.84,5.87,5.74,5.74,2.21843,2.60445038E8,17,601669,20260331
000906.SZ,浙商中拓,6.34,0.4754358161648217,5.78,5.75,0.52173913,5.86,5.73,4782/5521,5.75,5.86,5.73,5.78,2.260869,5498619,33,000906,20260331
002010.SZ,传化智联,5.83,1.2152777777777828,5.74,5.75,-0.17391304,5.83,5.73,4782/5521,5.75,5.83,5.73,5.74,1.73913,1.9038566E7,33,002010,20260331
002476.SZ,宝莫股份,5.84,-0.5110732538330536,5.73,5.82,-2.21843003,5.89,5.73,4782/5521,5.82,5.89,5.73,5.73,2.730375,9322400,33,002476,20260331
300205.SZ,*ST天喻,6.11,0.16393442622951926,5.98,6.58,-9.80392157,6.84,5.73,4782/5521,6.58,6.84,5.73,5.98,16.742081,1.5748498E7,33,300205,20260331
000937.SZ,冀中能源,5.62,-1.2302284710017624,5.74,5.9,-3.04054054,5.93,5.72,4786/5521,5.9,5.93,5.72,5.74,3.547297,3.44414E7,33,000937,20260331
600582.SH,天地科技,5.69,-0.8710801393728191,5.72,5.74,-0.17452007,5.83,5.72,4786/5521,5.74,5.83,5.72,5.72,1.91972,2.8267211E7,17,600582,20260331
601199.SH,江南水务,5.31,-0.7476635514018699,5.73,5.82,-1.20689655,5.84,5.72,4786/5521,5.82,5.84,5.72,5.73,2.068965,5912600,17,601199,20260331
601665.SH,齐鲁银行,6.39,-1.0835913312693541,5.76,5.73,0.6993007,5.83,5.72,4786/5521,5.73,5.83,5.72,5.76,1.923076,5.2880497E7,17,601665,20260331
000529.SZ,广弘控股,5.66,-0.5272407732864718,5.75,5.83,-1.70940171,5.92,5.71,4790/5521,5.83,5.92,5.71,5.75,3.589743,8984180,33,000529,20260331
600908.SH,无锡银行,5.73,-0.5208333333333223,5.74,5.72,0.70175439,5.81,5.71,4790/5521,5.72,5.81,5.71,5.74,1.754385,2.10823E7,17,600908,20260331
000650.SZ,仁和药业,5.69,-0.1754385964912243,5.74,5.74,0,5.81,5.7,4792/5521,5.74,5.81,5.7,5.74,1.916376,1.5627123E7,33,000650,20260331
002419.SZ,天虹股份,5.51,0.18181818181817794,5.72,5.75,-0.52173913,5.8,5.7,4792/5521,5.75,5.8,5.7,5.72,1.73913,2.0326E7,33,002419,20260331
300032.SZ,金龙机电,5.23,-0.9469696969696936,5.75,5.99,-5.11551155,6,5.7,4792/5521,5.99,6,5.7,5.75,4.950495,6.65297E7,33,300032,20260331
603378.SH,亚士创能,5.21,0.0,5.7,5.84,-2.22984563,5.92,5.7,4792/5521,5.84,5.92,5.7,5.7,3.773584,6967763,17,603378,20260331
000570.SZ,苏常柴A,6.42,-1.3824884792626706,5.71,5.75,0,5.93,5.69,4796/5521,5.75,5.93,5.69,5.71,4.203152,1.7977157E7,33,000570,20260331
300182.SZ,捷成股份,5.6,-0.8849557522124019,5.7,5.73,-0.69686411,5.84,5.69,4796/5521,5.73,5.84,5.69,5.7,2.61324,8.8261854E7,33,300182,20260331
600310.SH,广西能源,4.94,-2.371541501976269,6.34,5.69,0.3164557,6.63,5.69,4796/5521,5.69,6.63,5.69,6.34,14.873417,3.83643548E8,17,600310,20260331
600666.SH,奥瑞德,5.24,-5.585585585585579,5.7,6.02,-8.65384615,6.12,5.69,4796/5521,6.02,6.12,5.69,5.7,6.891025,6.37411679E8,17,600666,20260331
600759.SH,ST洲际,4.67,-5.08130081300813,5.69,5.92,-5.48172757,5.99,5.69,4796/5521,5.92,5.99,5.69,5.69,4.983388,4.63871019E8,22,600759,20260331
000950.SZ,重药控股,5.8,-1.6949152542372972,5.7,5.71,0,5.79,5.68,4801/5521,5.71,5.79,5.68,5.7,1.929824,2.0768084E7,33,000950,20260331
002574.SZ,明牌珠宝,5.71,0.5281690140845114,5.7,5.81,-1.21317158,5.92,5.68,4801/5521,5.81,5.92,5.68,5.7,4.159445,9711000,33,002574,20260331
600185.SH,珠免集团,5.94,0.0,5.68,5.8,-2.40549828,5.92,5.68,4801/5521,5.8,5.92,5.68,5.68,4.123711,2.7262728E7,17,600185,20260331
600507.SH,方大特钢,5.82,-1.6891891891891833,5.7,5.71,-0.34965035,5.78,5.68,4801/5521,5.71,5.78,5.68,5.7,1.748251,2.4250724E7,17,600507,20260331
002354.SZ,天娱数科,6.2,4.201680672268908,5.68,5.73,-0.6993007,5.81,5.67,4805/5521,5.73,5.81,5.67,5.68,2.447552,3.8848195E7,33,002354,20260331
601988.SH,中国银行,5.75,-0.6908462867012096,5.87,5.67,3.52733686,5.91,5.67,4805/5521,5.67,5.91,5.67,5.87,4.232804,6.5225409E8,17,601988,20260331
002055.SZ,ST得润,5.93,-0.6700167504187611,5.67,5.67,-0.17605634,5.85,5.66,4807/5521,5.67,5.85,5.66,5.67,3.34507,2.2310601E7,33,002055,20260331
300366.SZ,ST创意,5.61,3.888888888888888,5.68,5.72,-0.6993007,5.84,5.66,4807/5521,5.72,5.84,5.66,5.68,3.146853,7722300,33,300366,20260331
600395.SH,盘江股份,5.53,-1.2499999999999893,5.67,5.93,-4.70588235,5.95,5.66,4807/5521,5.93,5.95,5.66,5.67,4.873949,5.6289352E7,17,600395,20260331
601728.SH,中国电信,6.03,-0.16556291390728123,5.67,5.66,0.17667845,5.74,5.66,4807/5521,5.66,5.74,5.66,5.67,1.413427,1.105855E8,17,601728,20260331
002522.SZ,浙江众成,6.35,-1.397515527950322,5.68,5.69,-0.35087719,5.8,5.65,4811/5521,5.69,5.8,5.65,5.68,2.631578,2.29267E7,33,002522,20260331
603879.SH,永悦科技,5.9,0.8547008547008669,5.66,5.77,-1.90641248,5.85,5.65,4811/5521,5.77,5.85,5.65,5.66,3.466204,7490900,17,603879,20260331
603128.SH,华贸物流,5.58,0.35971223021583565,5.68,5.66,0.70921986,5.74,5.64,4813/5521,5.66,5.74,5.64,5.68,1.773049,1.902207E7,17,603128,20260331
000759.SZ,中百集团,5.49,0.0,5.64,5.7,-1.05263158,5.82,5.63,4814/5521,5.7,5.82,5.63,5.64,3.333333,1.70808E7,33,000759,20260331
002316.SZ,亚联发展,5.54,2.214022140221404,5.67,5.63,0.3539823,5.89,5.63,4814/5521,5.63,5.89,5.63,5.67,4.601769,3.5845767E7,33,002316,20260331
300664.SZ,鹏鹞环保,5.6,-0.5328596802841963,5.66,5.93,-5.03355705,5.95,5.63,4814/5521,5.93,5.95,5.63,5.66,5.369127,2.41299E7,33,300664,20260331
600029.SH,南方航空,5.41,-1.6363636363636338,5.65,5.74,-1.39616056,5.84,5.63,4814/5521,5.74,5.84,5.63,5.65,3.664921,1.03609856E8,17,600029,20260331
000886.SZ,海南高速,5.53,2.7881040892193374,5.63,5.78,-2.59515571,5.84,5.62,4818/5521,5.78,5.84,5.62,5.63,3.806228,1.4055076E7,33,000886,20260331
002044.SZ,美年健康,5.43,3.231939163498098,5.63,5.72,-1.57342657,5.77,5.62,4818/5521,5.72,5.77,5.62,5.63,2.622377,6.550704E7,33,002044,20260331
601096.SH,宏盛华源,5.56,-1.592920353982314,5.62,5.7,-1.40350877,5.78,5.61,4820/5521,5.7,5.78,5.61,5.62,2.982456,2.7948558E7,17,601096,20260331
000541.SZ,佛山照明,5.66,0.0,5.62,5.63,-0.35460993,5.71,5.6,4821/5521,5.63,5.71,5.6,5.62,1.950354,5808187,33,000541,20260331
600516.SH,方大炭素,5.66,2.1660649819494604,5.7,5.7,0,5.79,5.6,4821/5521,5.7,5.79,5.6,5.7,3.333333,7.5087512E7,17,600516,20260331
600726.SH,华电能源,6.59,-7.183098591549293,6.41,5.6,6.65557404,6.55,5.6,4821/5521,5.6,6.55,5.6,6.41,15.806988,5.20482834E8,17,600726,20260331
002333.SZ,罗普斯金,5.5,-1.079136690647475,5.59,5.7,-2.27272727,5.74,5.59,4824/5521,5.7,5.74,5.59,5.59,2.622377,1.5039204E7,33,002333,20260331
300160.SZ,秀强股份,5.26,0.38167938931296896,5.6,5.87,-4.59965928,5.94,5.59,4824/5521,5.87,5.94,5.59,5.6,5.962521,3.247814E7,33,300160,20260331
600728.SH,佳都科技,5.34,-3.7837837837837833,5.61,5.63,-0.53191489,5.71,5.59,4824/5521,5.63,5.71,5.59,5.61,2.127659,1.9267019E7,17,600728,20260331
603116.SH,红蜻蜓,6.52,2.51572327044024,5.6,5.69,-1.58172232,5.8,5.59,4824/5521,5.69,5.8,5.59,5.6,3.690685,4044600,17,603116,20260331
002500.SZ,山西证券,5.65,0.533807829181499,5.59,5.61,-0.53380783,5.68,5.58,4828/5521,5.61,5.68,5.58,5.59,1.779359,1.765047E7,33,002500,20260331
600120.SH,浙江东方,5.59,-1.7574692442882343,5.59,5.6,-0.17857143,5.66,5.58,4828/5521,5.6,5.66,5.58,5.59,1.428571,2.5520832E7,17,600120,20260331
600558.SH,大西洋,5.75,1.9503546099290838,5.62,5.58,0.17825312,5.69,5.58,4828/5521,5.58,5.69,5.58,5.62,1.960784,1.349041E7,17,600558,20260331
688009.SH,中国通号,5.13,-2.8409090909090975,5.68,5.6,2.15827338,5.83,5.58,4828/5521,5.6,5.83,5.58,5.68,4.496402,5.8702853E7,17,688009,20260331
600333.SH,长春燃气,5.77,-1.3675213675213689,5.58,5.75,-3.29289428,5.77,5.57,4832/5521,5.75,5.77,5.57,5.58,3.466204,1.17219E7,17,600333,20260331
600707.SH,彩虹股份,8.09,-8.068181818181827,5.59,5.67,-1.75746924,5.73,5.57,4832/5521,5.67,5.73,5.57,5.59,2.81195,1.54623E7,17,600707,20260331
600635.SH,大众公用,5.29,-3.6429872495446296,5.56,5.74,-4.13793103,5.8,5.56,4834/5521,5.74,5.8,5.56,5.56,4.137931,6.9216694E7,17,600635,20260331
002515.SZ,金字火腿,6.52,3.164556962025305,5.55,5.67,-1.7699115,5.73,5.55,4835/5521,5.67,5.73,5.55,5.55,3.18584,1.38373E7,33,002515,20260331
002520.SZ,日发精机,5.93,3.130434782608691,5.55,5.67,-1.7699115,5.75,5.55,4835/5521,5.67,5.75,5.55,5.55,3.539823,2.1817874E7,33,002520,20260331
603789.SH,*ST星农,5.67,-1.219512195121956,5.55,5.92,-3.64583333,5.93,5.55,4835/5521,5.92,5.93,5.55,5.55,6.597222,5319100,22,603789,20260331
002479.SZ,富春环保,5.52,0.3636363636363559,6.02,5.59,6.54867257,6.07,5.54,4838/5521,5.59,6.07,5.54,6.02,9.38053,9.4570681E7,33,002479,20260331
600909.SH,华安证券,5.56,0.36101083032490205,5.55,5.56,-0.53763441,5.67,5.54,4838/5521,5.56,5.67,5.54,5.55,2.329749,4.1872947E7,17,600909,20260331
601002.SH,晋亿实业,6.22,-0.7974481658692157,6.03,5.54,9.04159132,6.08,5.54,4838/5521,5.54,6.08,5.54,6.03,9.764918,1.39066187E8,17,601002,20260331
002277.SZ,友阿股份,6.17,5.65068493150685,5.7,6.06,-6.25,6.12,5.53,4841/5521,6.06,6.12,5.53,5.7,9.703947,5.9614815E7,33,002277,20260331
002697.SZ,红旗连锁,5.2,0.38610038610039504,5.54,5.56,-0.18018018,5.62,5.53,4841/5521,5.56,5.62,5.53,5.54,1.621621,1.74765E7,33,002697,20260331
300168.SZ,万达信息,5.78,3.7701974865350083,5.55,5.65,-1.9434629,5.74,5.53,4841/5521,5.65,5.74,5.53,5.55,3.710247,2.23019E7,33,300168,20260331
000507.SZ,珠海港,5.19,-0.38387715930901295,5.53,5.67,-3.15236427,5.76,5.52,4844/5521,5.67,5.76,5.52,5.53,4.203152,2.7466331E7,33,000507,20260331
601789.SH,宁波建工,5.89,-2.3217247097844207,5.53,5.73,-2.98245614,5.75,5.52,4844/5521,5.73,5.75,5.52,5.53,4.035087,8.1301854E7,17,601789,20260331
002516.SZ,旷达科技,6.06,1.5075376884422087,5.54,5.55,-0.18018018,5.64,5.51,4846/5521,5.55,5.64,5.51,5.54,2.342342,1.41471E7,33,002516,20260331
601216.SH,君正集团,5.59,-1.061946902654876,5.51,5.58,-1.43112701,5.7,5.51,4846/5521,5.58,5.7,5.51,5.51,3.398926,6.9596012E7,17,601216,20260331
600228.SH,*ST返利,6.17,1.8151815181518205,5.51,5.62,-0.89928058,5.76,5.5,4848/5521,5.62,5.76,5.5,5.51,4.676258,6372601,22,600228,20260331
600770.SH,综艺股份,7.62,-3.422053231939158,5.51,5.59,-1.25448029,5.69,5.5,4848/5521,5.59,5.69,5.5,5.51,3.405017,1.46814E7,17,600770,20260331
603176.SH,汇通集团,5.71,1.9642857142857202,5.52,5.72,-1.77935943,5.73,5.5,4848/5521,5.72,5.73,5.5,5.52,4.092526,3946295,17,603176,20260331
002743.SZ,富煌钢构,5.13,-3.5714285714285787,5.49,5.58,-1.08108108,5.68,5.48,4851/5521,5.58,5.68,5.48,5.49,3.603603,6967400,33,002743,20260331
600405.SH,动力源,5.24,0.7692307692307699,5.5,5.7,-4.67937608,5.76,5.48,4851/5521,5.7,5.76,5.48,5.5,4.852686,1.811638E7,17,600405,20260331
600787.SH,中储股份,5.27,-1.4953271028037398,5.51,5.49,-0.18115942,5.69,5.48,4851/5521,5.49,5.69,5.48,5.51,3.804347,3.052144E7,17,600787,20260331
000591.SZ,太阳能,4.99,-2.9182879377431803,5.48,5.73,-5.19031142,5.8,5.47,4854/5521,5.73,5.8,5.47,5.48,5.709342,1.5578351E8,33,000591,20260331
000548.SZ,湖南投资,5.33,-0.559701492537318,5.51,5.48,0.36429872,5.61,5.46,4855/5521,5.48,5.61,5.46,5.51,2.73224,7752890,33,000548,20260331
000782.SZ,恒申新材,7.38,3.9436619718309895,5.47,5.72,-2.66903915,5.72,5.46,4855/5521,5.72,5.72,5.46,5.47,4.626334,1.78151E7,33,000782,20260331
002183.SZ,怡亚通,5.59,-2.951388888888888,5.74,5.5,3.6101083,5.78,5.46,4855/5521,5.5,5.78,5.46,5.74,5.776173,2.09424586E8,33,002183,20260331
600917.SH,重庆燃气,5.27,-0.3780718336484019,5.47,5.54,-1.26353791,5.58,5.46,4855/5521,5.54,5.58,5.46,5.47,2.166064,1.04259E7,17,600917,20260331
601169.SH,北京银行,5.3,0.0,5.51,5.47,0.73126143,5.54,5.46,4855/5521,5.47,5.54,5.46,5.51,1.462522,1.8582645E8,17,601169,20260331
002671.SZ,龙泉股份,4.95,1.4344262295082026,5.48,5.61,-2.14285714,5.68,5.45,4860/5521,5.61,5.68,5.45,5.48,4.107142,1.07083E7,33,002671,20260331
002226.SZ,江南化工,5.37,-1.1049723756906007,5.45,5.52,-1.26811594,5.55,5.44,4861/5521,5.52,5.55,5.44,5.45,1.992753,1.61079E7,33,002226,20260331
300172.SZ,中电环保,5.43,0.5555555555555437,5.48,5.88,-7.58853288,5.9,5.44,4861/5521,5.88,5.9,5.44,5.48,7.757166,6.2915725E7,33,300172,20260331
300587.SZ,天铁科技,6.16,0.6535947712418306,5.45,5.61,-3.19715808,5.7,5.44,4861/5521,5.61,5.7,5.44,5.45,4.618117,2.1299686E7,33,300587,20260331
600282.SH,南钢股份,5.39,-0.5535055350553552,5.5,5.46,0.54844607,5.55,5.44,4861/5521,5.46,5.55,5.44,5.5,2.010968,4.1559072E7,17,600282,20260331
300239.SZ,东宝生物,5.56,0.36101083032490205,5.46,5.59,-2.3255814,5.65,5.43,4865/5521,5.59,5.65,5.43,5.46,3.935599,9945120,33,300239,20260331
600525.SH,ST长园,5.19,-2.259887005649703,5.5,5.5,0.18214936,5.66,5.43,4865/5521,5.5,5.66,5.43,5.5,4.189435,1.4753576E7,22,600525,20260331
000566.SZ,海南海药,5.0,0.8064516129032265,5.44,5.52,-2.15827338,5.6,5.41,4867/5521,5.52,5.6,5.41,5.44,3.417266,3.1816929E7,33,000566,20260331
300043.SZ,星辉娱乐,5.85,-2.0100502512562834,5.42,5.59,-3.90070922,5.65,5.41,4867/5521,5.59,5.65,5.41,5.42,4.255319,4.1956359E7,33,300043,20260331
600106.SH,重庆路桥,5.94,-1.1647254575707056,5.41,5.45,-0.91575092,5.55,5.41,4867/5521,5.45,5.55,5.41,5.41,2.564102,8933136,17,600106,20260331
600023.SH,浙能电力,5.7,-0.3496503496503422,5.43,5.46,-1.27272727,5.54,5.4,4870/5521,5.46,5.54,5.4,5.43,2.545454,7.9211972E7,17,600023,20260331
920030.BJ,德众汽车,5.68,0.17636684303350594,5.51,5.44,1.28676471,5.62,5.4,4870/5521,5.44,5.62,5.4,5.51,4.044117,2960377,151,920030,20260331
002563.SZ,森马服饰,6.06,0.0,5.43,5.52,-1.98555957,5.56,5.39,4872/5521,5.52,5.56,5.39,5.43,3.068592,2.8134586E7,33,002563,20260331
002593.SZ,日上集团,5.38,0.9380863039399592,5.44,5.4,0,5.58,5.39,4872/5521,5.4,5.58,5.39,5.44,3.492647,1.59882E7,33,002593,20260331
002666.SZ,德联集团,5.19,1.5655577299412928,5.39,5.47,-1.46252285,5.57,5.39,4872/5521,5.47,5.57,5.39,5.39,3.290676,9750400,33,002666,20260331
002863.SZ,今飞凯达,5.58,-0.7117437722419935,5.4,5.46,-1.2797075,5.53,5.39,4872/5521,5.46,5.53,5.39,5.4,2.559414,1.0510702E7,33,002863,20260331
601390.SH,中国中铁,5.08,-3.053435114503819,5.43,5.41,-0.73126143,5.51,5.39,4872/5521,5.41,5.51,5.39,5.43,2.193784,2.58884434E8,17,601390,20260331
600812.SH,华北制药,5.21,-1.1385199240986643,5.44,5.42,0.55452865,5.48,5.38,4877/5521,5.42,5.48,5.38,5.44,1.848428,2.1561586E7,17,600812,20260331
002494.SZ,华斯股份,6.21,4.721753794266446,5.38,5.46,-1.82481752,5.56,5.37,4878/5521,5.46,5.56,5.37,5.38,3.467153,1.34117E7,33,002494,20260331
300350.SZ,华鹏飞,5.35,0.18726591760299227,5.37,5.49,-2.18579235,5.56,5.37,4878/5521,5.49,5.56,5.37,5.37,3.460837,1.16036E7,33,300350,20260331
600526.SH,菲达环保,5.43,-2.338129496402876,5.38,5.48,-1.46520147,5.51,5.37,4878/5521,5.48,5.51,5.37,5.38,2.564102,7604400,17,600526,20260331
600530.SH,交大昂立,5.43,5.029013539651833,5.38,5.39,-0.18552876,5.49,5.37,4878/5521,5.39,5.49,5.37,5.38,2.226345,7040250,17,600530,20260331
600281.SH,华阳新材,5.6,-0.8849557522124019,5.37,5.47,-1.64835165,5.5,5.36,4882/5521,5.47,5.5,5.36,5.37,2.564102,9017700,17,600281,20260331
600502.SH,安徽建工,5.39,-1.4625228519195625,5.63,5.43,9.9609375,5.63,5.35,4883/5521,5.43,5.63,5.35,5.63,5.46875,1.70897296E8,17,600502,20260331
601006.SH,大秦铁路,5.27,-2.4074074074074217,5.36,5.36,0.18691589,5.42,5.35,4883/5521,5.36,5.42,5.35,5.36,1.308411,1.5818395E8,17,601006,20260331
000059.SZ,华锦股份,5.69,1.4260249554367213,5.35,5.41,-1.29151292,5.49,5.34,4885/5521,5.41,5.49,5.34,5.35,2.767527,2.5652E7,33,000059,20260331
600975.SH,新五丰,5.62,0.17825311942958622,5.35,5.45,-1.83486239,5.49,5.34,4885/5521,5.45,5.49,5.34,5.35,2.752293,1.1048211E7,17,600975,20260331
600828.SH,茂业商业,5.0,-0.3984063745019836,5.33,5.47,-2.38095238,5.62,5.33,4887/5521,5.47,5.62,5.33,5.33,5.311355,2.1813104E7,17,600828,20260331
600390.SH,五矿资本,5.24,0.0,5.34,5.34,-0.55865922,5.43,5.32,4888/5521,5.34,5.43,5.32,5.34,2.048417,2.2442243E7,17,600390,20260331
601528.SH,瑞丰银行,5.23,-1.8761726078799184,5.34,5.32,0.56497175,5.37,5.31,4889/5521,5.32,5.37,5.31,5.34,1.129943,2.5803127E7,17,601528,20260331
000789.SZ,万年青,4.96,-0.6012024048096242,5.3,5.37,-1.30353818,5.41,5.3,4890/5521,5.37,5.41,5.3,5.3,2.048417,1.157874E7,33,000789,20260331
002548.SZ,金新农,5.39,6.102362204724401,5.31,5.56,-3.62976407,5.57,5.3,4890/5521,5.56,5.57,5.3,5.31,4.900181,1.9948594E7,33,002548,20260331
601619.SH,嘉泽新能,5.64,-2.0833333333333353,5.3,5.55,-3.81125227,5.55,5.3,4890/5521,5.55,5.55,5.3,5.3,4.537205,6.7436237E7,17,601619,20260331
000796.SZ,凯撒旅业,5.21,1.3618677042801612,5.31,5.34,-0.56179775,5.43,5.28,4893/5521,5.34,5.43,5.28,5.31,2.808988,3.2342299E7,33,000796,20260331
002678.SZ,珠江钢琴,5.99,3.454231433506048,5.45,5.3,2.44360902,5.59,5.28,4893/5521,5.3,5.59,5.28,5.45,5.827067,2.311923E7,33,002678,20260331
300150.SZ,世纪瑞尔,5.09,-0.3913894324853319,5.32,5.31,0.18832392,5.53,5.28,4893/5521,5.31,5.53,5.28,5.32,4.708097,1.5253151E7,33,300150,20260331
000751.SZ,锌业股份,6.11,0.0,5.27,5.4,-2.76752768,5.48,5.27,4896/5521,5.4,5.48,5.27,5.27,3.874538,4.640213E7,33,000751,20260331
601700.SH,风范股份,5.43,5.029013539651833,5.29,5.4,-2.39852399,5.43,5.27,4896/5521,5.4,5.43,5.27,5.29,2.952029,1.83163E7,17,601700,20260331
000597.SZ,东北制药,4.93,-0.6048387096774244,5.33,5.3,0.37664783,5.39,5.26,4898/5521,5.3,5.39,5.26,5.33,2.44821,2.1200048E7,33,000597,20260331
002160.SZ,常铝股份,4.88,-1.214574898785435,5.38,5.79,-2.00364299,5.79,5.26,4898/5521,5.79,5.79,5.26,5.38,9.653916,1.40410382E8,33,002160,20260331
600998.SH,九州通,5.17,-0.38535645472062546,5.28,5.28,0.57142857,5.35,5.26,4898/5521,5.28,5.35,5.26,5.28,1.714285,3.951535E7,17,600998,20260331
000716.SZ,黑芝麻,5.14,-0.7722007722007729,5.26,5.34,-1.86567164,5.4,5.24,4901/5521,5.34,5.4,5.24,5.26,2.985074,9525770,33,000716,20260331
002712.SZ,思美传媒,5.58,-0.5347593582887744,5.25,5.29,-0.75614367,5.4,5.24,4901/5521,5.29,5.4,5.24,5.25,3.024574,1.01757E7,33,002712,20260331
601968.SH,宝钢包装,5.15,0.0,5.24,5.33,-1.13207547,5.37,5.24,4901/5521,5.33,5.37,5.24,5.24,2.45283,7055700,17,601968,20260331
603023.SH,威帝股份,4.55,0.8869179600886926,5.28,5.3,-0.9380863,5.45,5.24,4901/5521,5.3,5.45,5.24,5.28,3.939962,3.1076943E7,17,603023,20260331
001391.SZ,国货航,5.2,0.19267822736030416,5.24,5.28,-0.75757576,5.35,5.23,4905/5521,5.28,5.35,5.23,5.24,2.272727,1.6127698E7,33,001391,20260331
002259.SZ,升达林业,5.42,-0.3676470588235379,5.25,5.3,-0.75614367,5.41,5.23,4905/5521,5.3,5.41,5.23,5.25,3.402646,2.30676E7,33,002259,20260331
002453.SZ,华软科技,5.61,10.000000000000014,5.25,5.41,-3.13653137,5.47,5.23,4905/5521,5.41,5.47,5.23,5.25,4.428044,1.10586E7,33,002453,20260331
002628.SZ,成都路桥,5.51,0.18181818181817794,5.25,5.32,-1.86915888,5.49,5.23,4905/5521,5.32,5.49,5.23,5.25,4.859813,2.9134683E7,33,002628,20260331
002681.SZ,奋达科技,5.22,1.754385964912278,5.23,5.28,-1.32075472,5.36,5.23,4905/5521,5.28,5.36,5.23,5.23,2.45283,1.7550539E7,33,002681,20260331
600713.SH,南京医药,5.28,-2.9411764705882377,5.28,5.24,0.76335878,5.35,5.23,4905/5521,5.24,5.35,5.23,5.28,2.290076,1.5783465E7,17,600713,20260331
600777.SH,*ST新潮,6.01,0.8389261744966413,5.26,5.4,-2.23048327,5.43,5.23,4905/5521,5.4,5.43,5.23,5.26,3.717472,4.1004356E7,22,600777,20260331
002398.SZ,垒知集团,5.06,-0.3937007874015839,5.23,5.25,-0.75901328,5.36,5.21,4912/5521,5.25,5.36,5.21,5.23,2.846299,1.4783507E7,33,002398,20260331
300025.SZ,华星创业,5.75,1.4109347442680789,5.22,5.3,-1.69491525,5.37,5.21,4912/5521,5.3,5.37,5.21,5.22,3.013182,1.027379E7,33,300025,20260331
300079.SZ,数码视讯,5.56,0.5424954792043284,5.23,5.31,-1.32075472,5.36,5.21,4912/5521,5.31,5.36,5.21,5.23,2.830188,2.08946E7,33,300079,20260331
600805.SH,悦达投资,5.3,-1.119402985074636,5.21,5.27,-1.51228733,5.35,5.21,4912/5521,5.27,5.35,5.21,5.21,2.646502,1.9688E7,17,600805,20260331
000863.SZ,三湘印象,4.85,6.359649122807019,5.71,5.2,10.01926782,5.71,5.2,4916/5521,5.2,5.71,5.2,5.71,9.826589,3.7908198E7,33,000863,20260331
000912.SZ,泸天化,4.87,-7.414448669201516,5.23,5.48,-5.76576577,5.68,5.2,4916/5521,5.48,5.68,5.2,5.23,8.648648,8.6666035E7,33,000912,20260331
002004.SZ,华邦健康,4.97,-0.20080321285141917,5.23,5.35,-2.96846011,5.41,5.2,4916/5521,5.35,5.41,5.2,5.23,3.896103,3.3450735E7,33,002004,20260331
002225.SZ,濮耐股份,4.5,-2.173913043478253,5.2,5.25,-1.32827324,5.33,5.2,4916/5521,5.25,5.33,5.2,5.2,2.466793,1.4043507E7,33,002225,20260331
000755.SZ,山西高速,5.03,-0.19841269841269418,5.22,5.26,-1.50943396,5.35,5.19,4920/5521,5.26,5.35,5.19,5.22,3.018867,6458989,33,000755,20260331
300072.SZ,海新能科,4.58,-1.2931034482758537,5.19,5.58,-6.98924731,5.69,5.19,4920/5521,5.58,5.69,5.19,5.19,8.960573,1.11469425E8,33,300072,20260331
300098.SZ,高新兴,5.51,-0.8992805755395652,5.21,5.19,-0.38240918,5.3,5.19,4920/5521,5.19,5.3,5.19,5.21,2.10325,3.0287373E7,33,300098,20260331
688119.SH,中钢洛耐,5.22,1.162790697674411,5.2,5.22,-0.95238095,5.41,5.18,4923/5521,5.22,5.41,5.18,5.2,4.380952,1.6014617E7,17,688119,20260331
300412.SZ,迦南科技,5.33,1.523809523809525,5.2,5.31,-1.70132325,5.39,5.17,4924/5521,5.31,5.39,5.17,5.2,4.15879,1.101526E7,33,300412,20260331
000567.SZ,海德股份,6.67,10.06600660066007,5.17,5.26,-1.71102662,5.32,5.16,4925/5521,5.26,5.32,5.16,5.17,3.041825,8669792,33,000567,20260331
002424.SZ,ST百灵,5.03,-0.9842519685039335,5.18,5.31,2.16962525,5.32,5.16,4925/5521,5.31,5.32,5.16,5.18,3.155818,3.8054002E7,33,002424,20260331
300187.SZ,永清环保,5.62,-3.436426116838491,5.17,5.39,-4.25925926,5.43,5.16,4925/5521,5.39,5.43,5.16,5.17,5,1.2170622E7,33,300187,20260331
600604.SH,市北高新,4.83,-0.4123711340206098,5.17,5.36,-3.54477612,5.41,5.16,4925/5521,5.36,5.41,5.16,5.17,4.664179,2.21767E7,17,600604,20260331
600704.SH,物产中大,5.12,0.0,5.18,5.21,-0.38461538,5.27,5.16,4925/5521,5.21,5.27,5.16,5.18,2.115384,4.138509E7,17,600704,20260331
600279.SH,重庆港,4.88,-0.40816326530613184,5.19,5.19,-0.19230769,5.28,5.15,4930/5521,5.19,5.28,5.15,5.19,2.5,7239050,17,600279,20260331
000931.SZ,中关村,4.75,0.21097046413501658,5.16,5.14,0.19417476,5.24,5.14,4931/5521,5.14,5.24,5.14,5.16,1.941747,1.3970161E7,33,000931,20260331
600168.SH,武汉控股,5.07,-0.3929273084479288,5.15,5.19,-1.15163148,5.25,5.14,4931/5521,5.19,5.25,5.14,5.15,2.111324,1.2960407E7,17,600168,20260331
002659.SZ,凯文教育,5.34,1.7142857142857115,5.14,5.25,-1.34357006,5.28,5.13,4933/5521,5.25,5.28,5.13,5.14,2.879078,8807700,33,002659,20260331
002948.SZ,青岛银行,6.08,0.49586776859504544,5.18,5.17,1.171875,5.23,5.13,4933/5521,5.17,5.23,5.13,5.18,1.953125,4.9010063E7,33,002948,20260331
600854.SH,春兰股份,5.42,1.3084112149532765,5.15,5.17,-0.57915058,5.28,5.12,4935/5521,5.17,5.28,5.12,5.15,3.088803,9913500,17,600854,20260331
002570.SZ,贝因美,5.03,1.6161616161616175,5.11,5.15,-0.77669903,5.26,5.11,4936/5521,5.15,5.26,5.11,5.11,2.912621,2.189202E7,33,002570,20260331
002701.SZ,奥瑞金,5.5,0.9174311926605472,5.1,5.1,-0.19569472,5.19,5.1,4937/5521,5.1,5.19,5.1,5.1,1.761252,1.931187E7,33,002701,20260331
300217.SZ,东方电热,5.12,-0.19493177387913815,5.29,5.22,0.57034221,5.3,5.1,4937/5521,5.22,5.3,5.1,5.29,3.802281,6.1921953E7,33,300217,20260331
600863.SH,华能蒙电,4.64,-1.0660980810234693,5.12,5.18,-1.15830116,5.2,5.1,4937/5521,5.18,5.2,5.1,5.12,1.930501,5.9853497E7,17,600863,20260331
688425.SH,铁建重工,4.73,-0.8385744234800661,5.39,5.13,5.06822612,5.55,5.1,4937/5521,5.13,5.55,5.1,5.39,8.771929,1.26765719E8,17,688425,20260331
600266.SH,城建发展,5.14,5.544147843942496,5.1,5.14,-0.390625,5.25,5.09,4941/5521,5.14,5.25,5.09,5.1,3.125,3.00872E7,17,600266,20260331
600748.SH,上实发展,5.3,-3.1078610603290664,5.1,5.26,-2.29885057,5.46,5.09,4941/5521,5.26,5.46,5.09,5.1,7.088122,3.51389E7,17,600748,20260331
300311.SZ,ST任子行,5.42,0.0,5.1,5.21,-2.11132438,5.28,5.08,4943/5521,5.21,5.28,5.08,5.1,3.838771,9674146,33,300311,20260331
600018.SH,上港集团,5.0,1.4198782961460505,5.09,5.1,0,5.15,5.08,4943/5521,5.1,5.15,5.08,5.09,1.375245,4.352065E7,17,600018,20260331
601658.SH,邮储银行,5.07,-1.5533980582524285,5.13,5.09,0.98425197,5.17,5.08,4943/5521,5.09,5.17,5.08,5.13,1.771653,1.9125734E8,17,601658,20260331
000030.SZ,富奥股份,5.09,-0.19607843137254485,5.56,5.07,10.0990099,5.56,5.07,4946/5521,5.07,5.56,5.07,5.56,9.70297,5.1120274E7,33,000030,20260331
600578.SH,京能电力,4.88,-1.014198782961457,5.08,5.26,-3.96975425,5.27,5.07,4946/5521,5.26,5.27,5.07,5.08,3.780718,6.20097E7,17,600578,20260331
000932.SZ,华菱钢铁,4.64,-5.882352941176472,5.07,5.2,-3.05927342,5.22,5.06,4948/5521,5.2,5.22,5.06,5.07,3.059273,9.1312656E7,33,000932,20260331
600375.SH,汉马科技,5.37,1.7045454545454517,5.06,5.09,-0.58939096,5.18,5.06,4948/5521,5.09,5.18,5.06,5.06,2.357563,1.27099E7,17,600375,20260331
000516.SZ,国际医学,4.6,-0.8620689655172422,5.08,5.14,-1.3592233,5.2,5.05,4950/5521,5.14,5.2,5.05,5.08,2.912621,6.2298527E7,33,000516,20260331
300225.SZ,*ST金泰,6.54,1.8691588785046747,5.05,5.23,-3.4416826,5.35,5.05,4950/5521,5.23,5.35,5.05,5.05,5.736137,6856500,33,300225,20260331
600616.SH,金枫酒业,5.0,-0.7936507936507944,5.06,5.1,-0.39370079,5.21,5.05,4950/5521,5.1,5.21,5.05,5.06,3.149606,1.066073E7,17,600616,20260331
601816.SH,京沪高铁,4.9,-0.809716599190284,5.06,5.07,-0.19723866,5.15,5.05,4950/5521,5.07,5.15,5.05,5.06,1.972386,1.5004779E8,17,601816,20260331
600376.SH,首开股份,4.53,2.721088435374152,5.05,5.12,-1.3671875,5.19,5.04,4954/5521,5.12,5.19,5.04,5.05,2.929687,7.655985E7,17,600376,20260331
600960.SH,渤海汽车,4.97,-4.789272030651341,5.05,5.11,-0.98039216,5.2,5.04,4954/5521,5.11,5.2,5.04,5.05,3.137254,1.702281E7,17,600960,20260331
600662.SH,外服控股,5.07,0.0,5.03,5.06,-0.98425197,5.17,5.03,4956/5521,5.06,5.17,5.03,5.03,2.755905,1.0061638E7,17,600662,20260331
603866.SH,桃李面包,4.98,-1.3861386138613743,5.05,5.06,-0.59055118,5.13,5.03,4956/5521,5.06,5.13,5.03,5.05,1.968503,9670507,17,603866,20260331
000736.SZ,*ST中地,5.5,0.3649635036496272,5.03,5.06,-0.98425197,5.16,5.02,4958/5521,5.06,5.16,5.02,5.03,2.755905,4294600,33,000736,20260331
002872.SZ,ST天圣,5.42,-0.3676470588235379,5.03,5.14,-2.14007782,5.25,5.02,4958/5521,5.14,5.25,5.02,5.03,4.474708,4993250,33,002872,20260331
920433.BJ,大唐药业,5.15,1.7786561264822283,5.05,5.1,-0.98039216,5.18,5.02,4958/5521,5.1,5.18,5.02,5.05,3.137254,704127,151,920433,20260331
300071.SZ,福石控股,4.86,0.41322314049587733,5.02,5.09,-1.18110236,5.17,5,4961/5521,5.09,5.17,5,5.02,3.346456,3.15944E7,33,300071,20260331
300006.SZ,莱美药业,6.39,-0.7763975155279613,5.0,5.08,-1.76817289,5.13,4.99,4962/5521,5.08,5.13,4.99,5.0,2.750491,1.8878859E7,33,300006,20260331
300317.SZ,珈伟新能,5.13,-2.8409090909090975,5.03,5.32,-6.15671642,5.37,4.99,4962/5521,5.32,5.37,4.99,5.03,7.089552,1.23456167E8,33,300317,20260331
000632.SZ,ST三木,3.9,-4.8780487804877986,5.0,4.97,-0.39840637,5.16,4.97,4964/5521,4.97,5.16,4.97,5.0,3.78486,5.28896E7,33,000632,20260331
000877.SZ,天山股份,4.64,-1.0660980810234693,5.02,5,0.1996008,5.12,4.97,4964/5521,5,5.12,4.97,5.02,2.994011,1.45805E7,33,000877,20260331
002059.SZ,云南旅游,4.9,-1.0101010101010064,5.12,4.97,3.22580645,5.16,4.97,4964/5521,4.97,5.16,4.97,5.12,3.830645,2.81393E7,33,002059,20260331
002388.SZ,新亚制程,5.42,0.7434944237918223,4.98,5.11,-2.1611002,5.17,4.97,4964/5521,5.11,5.17,4.97,4.98,3.929273,1.48063E7,33,002388,20260331
600488.SH,津药药业,5.7,-2.730375426621163,5.24,4.99,10.08403361,5.24,4.97,4964/5521,4.99,5.24,4.97,5.24,5.672268,8.9779595E7,17,600488,20260331
002766.SZ,索菱股份,4.69,-0.21276595744680396,4.98,5,-0.79681275,5.07,4.96,4969/5521,5,5.07,4.96,4.98,2.191235,1.3786818E7,33,002766,20260331
300029.SZ,*ST天龙,,,4.97,5.15,-3.86847195,5.22,4.95,4970/5521,5.15,5.22,4.95,4.97,5.222437,3107200,33,300029,20260331
601668.SH,中国建筑,4.91,0.20408163265305687,5.01,4.96,0.80482897,5.05,4.95,4970/5521,4.96,5.05,4.95,5.01,2.012072,2.69276992E8,17,601668,20260331
000850.SZ,华茂股份,4.54,-1.0893246187363796,4.94,5.02,-1.39720559,5.08,4.94,4972/5521,5.02,5.08,4.94,4.94,2.794411,7207441,33,000850,20260331
002067.SZ,景兴纸业,4.89,-0.4073319755600909,4.94,5,-1.5936255,5.05,4.94,4972/5521,5,5.05,4.94,4.94,2.191235,2.5407214E7,33,002067,20260331
300080.SZ,易成新能,4.5,-0.6622516556291446,4.98,5.25,-6.39097744,5.31,4.94,4972/5521,5.25,5.31,4.94,4.98,6.954887,7.8214179E7,33,300080,20260331
300165.SZ,天瑞仪器,7.39,7.412790697674415,5.02,5.25,-5.63909774,5.29,4.94,4972/5521,5.25,5.29,4.94,5.02,6.578947,2.9695906E7,33,300165,20260331
601678.SH,滨化股份,5.35,0.943396226415091,4.94,5.1,-3.32681018,5.15,4.93,4976/5521,5.1,5.15,4.93,4.94,4.305283,6.0602228E7,17,601678,20260331
000669.SZ,ST金鸿,4.19,-2.7842227378190074,5.13,5.18,-0.96525097,5.32,4.92,4977/5521,5.18,5.32,4.92,5.13,7.722007,4.0972799E7,33,000669,20260331
000677.SZ,恒天海龙,,,5.17,4.96,4.86815416,5.41,4.92,4977/5521,4.96,5.41,4.92,5.17,9.939148,1.38598803E8,33,000677,20260331
000690.SZ,宝新能源,5.28,-1.1235955056179703,4.93,5.1,-4.08560311,5.14,4.92,4977/5521,5.1,5.14,4.92,4.93,4.280155,1.77390827E8,33,000690,20260331
000955.SZ,欣龙控股,5.2,0.38610038610039504,4.92,5.08,-2.38095238,5.09,4.92,4977/5521,5.08,5.09,4.92,4.92,3.373015,1.1308829E7,33,000955,20260331
300422.SZ,博世科,5.6,-2.0979020979020997,4.94,5.1,-2.75590551,5.13,4.92,4977/5521,5.1,5.13,4.92,4.94,4.133858,7284400,33,300422,20260331
600684.SH,珠江股份,4.47,-2.826086956521737,5.02,4.97,1.00603622,5.14,4.92,4977/5521,4.97,5.14,4.92,5.02,4.426559,2.7144654E7,17,600684,20260331
601368.SH,绿城水务,4.97,-0.7984031936127752,4.93,4.98,-1.20240481,5.17,4.92,4977/5521,4.98,5.17,4.92,4.93,5.01002,2.48775E7,17,601368,20260331
000665.SZ,湖北广电,4.79,0.8421052631578955,4.92,5.02,-1.79640719,5.04,4.91,4984/5521,5.02,5.04,4.91,4.92,2.59481,1.25064E7,33,000665,20260331
002687.SZ,乔治白,5.04,1.0020040080160284,4.95,4.99,0,5.1,4.91,4984/5521,4.99,5.1,4.91,4.95,3.838383,1.337497E7,33,002687,20260331
601008.SH,连云港,4.79,-0.2083333333333289,4.91,5,-1.60320641,5.03,4.9,4986/5521,5,5.03,4.9,4.91,2.60521,9625200,17,601008,20260331
002108.SZ,沧州明珠,5.62,-3.103448275862064,4.96,4.96,0.4048583,5.03,4.89,4987/5521,4.96,5.03,4.89,4.96,2.834008,8.5292976E7,33,002108,20260331
300359.SZ,全通教育,5.0,0.6036217303822988,4.9,5.01,-1.80360721,5.06,4.89,4987/5521,5.01,5.06,4.89,4.9,3.406813,7925848,33,300359,20260331
603323.SH,苏农银行,4.97,0.6072874493926995,4.91,4.89,0.6147541,4.96,4.89,4987/5521,4.89,4.96,4.89,4.91,1.434426,2.6322883E7,17,603323,20260331
002047.SZ,*ST宝鹰,5.25,-2.052238805970155,4.91,5.39,-4.47470817,5.4,4.88,4990/5521,5.39,5.4,4.88,4.91,10.116731,4.283033E7,33,002047,20260331
600979.SH,广安爱众,4.99,-2.9182879377431803,4.89,5.12,-4.86381323,5.2,4.88,4990/5521,5.12,5.2,4.88,4.89,6.22568,1.06812636E8,17,600979,20260331
601778.SH,晶科科技,6.5,-6.609195402298851,4.89,5.06,-4.86381323,5.14,4.88,4990/5521,5.06,5.14,4.88,4.89,5.058365,2.49388321E8,17,601778,20260331
002793.SZ,罗欣药业,5.53,2.597402597402608,4.88,4.89,-0.81300813,4.99,4.87,4993/5521,4.89,4.99,4.87,4.88,2.439024,1.978454E7,33,002793,20260331
300425.SZ,中建环能,4.98,-0.7968127490039671,4.86,4.95,-1.81818182,5.01,4.86,4994/5521,4.95,5.01,4.86,4.86,3.030303,6694900,33,300425,20260331
002485.SZ,ST雪发,4.91,1.446280991735543,4.85,5.07,-5.08806262,5.21,4.85,4995/5521,5.07,5.21,4.85,4.85,7.045009,7730102,33,002485,20260331
603188.SH,亚邦股份,5.32,6.400000000000006,4.88,4.92,-1.2145749,4.99,4.85,4995/5521,4.92,4.99,4.85,4.88,2.834008,1.36604E7,17,603188,20260331
000036.SZ,华联控股,5.59,2.757352941176461,4.84,4.97,-3.39321357,5,4.83,4997/5521,4.97,5,4.83,4.84,3.393213,4.207872E7,33,000036,20260331
000401.SZ,金隅冀东,4.28,-7.359307359307356,4.84,4.91,-1.62601626,4.96,4.83,4997/5521,4.91,4.96,4.83,4.84,2.642276,2.3325574E7,33,000401,20260331
600795.SH,国电电力,4.74,-2.469135802469138,4.84,4.88,-1.2244898,4.92,4.83,4997/5521,4.88,4.92,4.83,4.84,1.836734,1.74514635E8,17,600795,20260331
600880.SH,博瑞传播,5.13,0.39138943248531455,4.83,4.87,-1.22699387,4.95,4.83,4997/5521,4.87,4.95,4.83,4.83,2.453987,1.46835E7,17,600880,20260331
000692.SZ,惠天热电,5.0,0.8064516129032265,4.97,4.83,-1.97238659,5.23,4.82,5001/5521,4.83,5.23,4.82,4.97,8.086785,8.9164514E7,33,000692,20260331
002672.SZ,东江环保,4.42,-0.896860986547086,4.84,4.91,-1.62601626,4.95,4.82,5001/5521,4.91,4.95,4.82,4.84,2.642276,9100800,33,002672,20260331
600121.SH,郑州煤电,4.25,-0.9324009324009332,4.82,5.27,-9.39849624,5.34,4.81,5003/5521,5.27,5.34,4.81,4.82,9.962406,1.77741473E8,17,600121,20260331
600540.SH,新赛股份,5.58,10.059171597633132,4.83,5.15,-5.29411765,5.23,4.81,5003/5521,5.15,5.23,4.81,4.83,8.235294,3.070845E7,17,600540,20260331
600543.SH,*ST莫高,4.96,-2.74509803921568,4.89,4.95,-1.21212121,5.05,4.81,5003/5521,4.95,5.05,4.81,4.89,4.848484,5989400,22,600543,20260331
600738.SH,丽尚国潮,4.8,-0.41493775933610916,4.82,4.82,-0.41322314,4.93,4.81,5003/5521,4.82,4.93,4.81,4.82,2.479338,1.01742E7,17,600738,20260331
600844.SH,金煤科技,3.73,4.1899441340782095,4.87,5.05,-6.34615385,5.45,4.8,5007/5521,5.05,5.45,4.8,4.87,12.5,2.12695396E8,17,600844,20260331
601616.SH,广电电气,4.64,-1.0660980810234693,4.81,4.9,-2.63157895,4.99,4.8,5007/5521,4.9,4.99,4.8,4.81,3.846153,3.049513E7,17,601616,20260331
603117.SH,万林物流,4.68,-2.702702702702701,4.79,4.86,-1.8442623,4.98,4.79,5009/5521,4.86,4.98,4.79,4.79,3.893442,1.208168E7,17,603117,20260331
000883.SZ,湖北能源,4.86,-0.2053388090349032,4.78,4.95,-4.20841683,4.97,4.78,5010/5521,4.95,4.97,4.78,4.78,3.807615,5.9853167E7,33,000883,20260331
300375.SZ,鹏翎股份,4.81,-0.2074688796680638,4.78,4.87,-1.84804928,4.94,4.78,5010/5521,4.87,4.94,4.78,4.78,3.28542,1.170237E7,33,300375,20260331
300315.SZ,掌趣科技,5.01,1.0080645161290287,4.79,4.88,-2.04498978,4.92,4.77,5012/5521,4.88,4.92,4.77,4.79,3.067484,5.37539E7,33,300315,20260331
000514.SZ,渝开发,4.93,1.2320328542094376,4.77,4.81,-0.83160083,4.91,4.76,5013/5521,4.81,4.91,4.76,4.77,3.118503,8018673,33,000514,20260331
000757.SZ,浩物股份,4.89,0.4106776180698064,4.79,4.85,-1.03305785,4.92,4.76,5013/5521,4.85,4.92,4.76,4.79,3.305785,9371200,33,000757,20260331
600320.SH,振华重工,5.42,0.9310986964618216,5.03,4.79,7.0212766,5.17,4.76,5013/5521,4.79,5.17,4.76,5.03,8.723404,1.63808201E8,17,600320,20260331
600611.SH,大众交通,4.53,-3.4115138592750562,4.77,4.76,0.21008403,4.86,4.76,5013/5521,4.76,4.86,4.76,4.77,2.10084,1.52543E7,17,600611,20260331
600238.SH,*ST椰岛,5.64,2.5454545454545396,4.75,5.01,-5,5.05,4.75,5017/5521,5.01,5.05,4.75,4.75,6,1.24066E7,22,600238,20260331
002075.SZ,沙钢股份,4.44,-0.6711409395973011,4.75,4.85,-1.45228216,4.87,4.74,5018/5521,4.85,4.87,4.74,4.75,2.697095,2.016342E7,33,002075,20260331
002506.SZ,协鑫集成,4.23,-1.3986013986013894,4.75,5,-6.12648221,5.1,4.74,5018/5521,5,5.1,4.74,4.75,7.114624,6.59064565E8,33,002506,20260331
600963.SH,岳阳林纸,4.64,-0.8547008547008556,4.73,4.95,-3.46938776,4.95,4.73,5020/5521,4.95,4.95,4.73,4.73,4.489795,2.43636E7,17,600963,20260331
000420.SZ,吉林化纤,5.11,-0.7766990291262142,4.73,4.83,-2.07039337,4.9,4.72,5021/5521,4.83,4.9,4.72,4.73,3.726708,1.1560359E8,33,000420,20260331
002330.SZ,得利斯,4.75,-0.41928721174003303,4.73,4.82,-1.66320166,4.89,4.72,5021/5521,4.82,4.89,4.72,4.73,3.534303,1.02527E7,33,002330,20260331
300155.SZ,安居宝,5.0,0.8064516129032265,4.73,4.85,-2.27272727,4.93,4.72,5021/5521,4.85,4.93,4.72,4.73,4.338842,8219051,33,300155,20260331
000407.SZ,胜利股份,4.84,-0.2061855670103049,4.72,4.82,-2.68041237,4.87,4.71,5024/5521,4.82,4.87,4.71,4.72,3.298969,2.70785E7,33,000407,20260331
300230.SZ,永利股份,5.03,1.8218623481781346,4.72,4.77,-1.25523013,4.85,4.71,5024/5521,4.77,4.85,4.71,4.72,2.92887,1.0308299E7,33,300230,20260331
300506.SZ,ST名家汇,4.64,-3.9337474120082896,4.75,4.77,0.21097046,4.96,4.71,5024/5521,4.77,4.96,4.71,4.75,5.274261,7443050,33,300506,20260331
000557.SZ,西部创业,4.7,0.21321961620468627,4.72,4.73,-0.21141649,4.81,4.7,5027/5521,4.73,4.81,4.7,4.72,2.325581,8229519,33,000557,20260331
000723.SZ,美锦能源,4.46,-0.6681514476614755,4.71,4.86,-4.07331976,4.9,4.7,5027/5521,4.86,4.9,4.7,4.71,4.073319,1.24431946E8,33,000723,20260331
000966.SZ,长源电力,4.56,-1.9354838709677578,4.72,4.87,-4.83870968,4.97,4.7,5027/5521,4.87,4.97,4.7,4.72,5.443548,1.50616788E8,33,000966,20260331
002418.SZ,康盛股份,5.64,-3.754266211604106,4.76,4.77,-1.24481328,4.88,4.7,5027/5521,4.77,4.88,4.7,4.76,3.734439,5.7642399E7,33,002418,20260331
300242.SZ,佳云科技,4.91,0.8213552361396311,4.72,4.83,-1.87110187,4.91,4.7,5027/5521,4.83,4.91,4.7,4.72,4.365904,1.56071E7,33,300242,20260331
600269.SH,赣粤高速,4.43,-0.6726457399103195,4.7,4.76,-1.67364017,4.79,4.7,5027/5521,4.76,4.79,4.7,4.7,1.882845,2.16435E7,17,600269,20260331
002808.SZ,*ST恒久,2.83,-5.033557046979863,4.7,4.94,-4.8582996,5.02,4.69,5033/5521,4.94,5.02,4.69,4.7,6.680161,5975824,33,002808,20260331
300324.SZ,旋极信息,4.92,3.361344537815129,4.7,4.82,-2.69151139,4.88,4.69,5033/5521,4.82,4.88,4.69,4.7,3.933747,3.538075E7,33,300324,20260331
300451.SZ,创业慧康,4.41,0.0,4.7,4.8,-2.08333333,4.88,4.69,5033/5521,4.8,4.88,4.69,4.7,3.958333,1.9908937E7,33,300451,20260331
600027.SH,华电国际,4.99,-0.5976095617529753,4.71,4.81,-2.68595041,4.82,4.69,5033/5521,4.81,4.82,4.69,4.71,2.68595,2.31157628E8,17,600027,20260331
002162.SZ,悦心健康,4.47,-0.4454342984409902,4.7,4.76,-1.67364017,4.81,4.68,5037/5521,4.76,4.81,4.68,4.7,2.719665,2.0771668E7,33,002162,20260331
002224.SZ,三力士,4.37,1.1574074074074032,4.71,4.79,-1.67014614,4.84,4.68,5037/5521,4.79,4.84,4.68,4.71,3.340292,2.2685102E7,33,002224,20260331
600800.SH,渤海化学,4.59,1.3245033112582694,4.68,4.89,-4.29447853,5.08,4.68,5037/5521,4.89,5.08,4.68,4.68,8.179959,6.5094452E7,17,600800,20260331
000166.SZ,申万宏源,4.74,0.0,4.68,4.7,-0.42553191,4.77,4.67,5040/5521,4.7,4.77,4.67,4.68,2.127659,7.4225704E7,33,000166,20260331
000589.SZ,贵州轮胎,5.03,-1.3725490196078314,4.68,4.71,-0.63694268,4.8,4.67,5040/5521,4.71,4.8,4.67,4.68,2.760084,2.6915629E7,33,000589,20260331
000959.SZ,首钢股份,4.56,-2.7718550106609974,4.67,4.67,,4.67,4.67,5040/5521,4.67,4.67,4.67,4.67,,,33,000959,20260331
002586.SZ,ST围海,4.71,-1.0504201680672232,4.68,4.73,-1.88679245,4.8,4.67,5040/5521,4.73,4.8,4.67,4.68,2.725366,5342000,33,002586,20260331
600643.SH,爱建集团,4.82,0.4166666666666763,4.68,4.96,-6.02409639,5.01,4.66,5044/5521,4.96,5.01,4.66,4.68,7.028112,5.9106122E7,17,600643,20260331
002145.SZ,钛能化学,4.58,-3.171247357293876,4.67,4.8,-3.1120332,4.82,4.65,5045/5521,4.8,4.82,4.65,4.67,3.52697,5.1339454E7,33,002145,20260331
002652.SZ,扬子新材,5.93,-4.045307443365696,4.65,4.72,-0.85287846,4.88,4.65,5045/5521,4.72,4.88,4.65,4.65,4.904051,2.557542E7,33,002652,20260331
600226.SH,亨通股份,5.4,2.857142857142864,4.64,4.76,-2.5210084,4.78,4.64,5047/5521,4.76,4.78,4.64,4.64,2.941176,4.5604085E7,17,600226,20260331
600658.SH,电子城,5.1,2.4096385542168517,4.65,4.67,-1.06382979,4.79,4.64,5047/5521,4.67,4.79,4.64,4.65,3.191489,8546260,17,600658,20260331
600925.SH,苏能股份,4.69,0.2136752136752281,4.65,4.78,-2.92275574,4.79,4.64,5047/5521,4.78,4.79,4.64,4.65,3.131524,2.9684558E7,17,600925,20260331
002514.SZ,宝馨科技,,,4.74,4.66,1.49892934,4.83,4.63,5050/5521,4.66,4.83,4.63,4.74,4.282655,2.3808934E7,33,002514,20260331
603797.SH,联泰环保,4.91,0.20408163265305687,4.64,4.74,-1.48619958,4.79,4.62,5051/5521,4.74,4.79,4.62,4.64,3.609341,7751672,17,603797,20260331
000868.SZ,安凯客车,4.46,-0.6681514476614755,4.61,4.61,0,4.78,4.6,5052/5521,4.61,4.78,4.6,4.61,3.904555,1.29787E7,33,000868,20260331
002578.SZ,闽发铝业,4.16,-0.7159904534606264,4.69,4.67,10.09389671,4.69,4.6,5052/5521,4.67,4.69,4.6,4.69,2.112676,7.959763E7,33,002578,20260331
300081.SZ,ST恒信,4.14,0.24213075060532172,4.61,4.7,-2.53699789,4.81,4.6,5052/5521,4.7,4.81,4.6,4.61,4.439746,1.3673432E7,33,300081,20260331
600624.SH,ST复华,4.62,4.999999999999994,4.64,4.62,0.43290043,4.84,4.6,5052/5521,4.62,4.84,4.6,4.64,5.194805,6886962,22,600624,20260331
601015.SH,陕西黑猫,4.02,-1.7114914425427943,4.62,4.88,-8.87573964,4.92,4.6,5052/5521,4.88,4.92,4.6,4.62,6.311637,1.8017164E8,17,601015,20260331
603183.SH,建研院,4.9,1.6597510373443998,4.64,4.67,-0.64239829,4.77,4.6,5052/5521,4.67,4.77,4.6,4.64,3.640256,1.534015E7,17,603183,20260331
603718.SH,海利生物,3.9,0.0,4.63,4.67,-0.85653105,4.75,4.6,5052/5521,4.67,4.75,4.6,4.63,3.211991,1.16709E7,17,603718,20260331
000637.SZ,茂化实华,4.82,1.9027484143763183,4.59,4.72,-2.75423729,4.77,4.59,5059/5521,4.72,4.77,4.59,4.59,3.813559,1.42063E7,33,000637,20260331
000720.SZ,新能泰山,4.54,-1.5184381778741927,5.46,4.6,10.08064516,5.46,4.59,5059/5521,4.6,5.46,4.59,5.46,17.540322,1.9372666E8,33,000720,20260331
000778.SZ,新兴铸管,4.6,-2.127659574468096,4.62,4.6,0.87336245,4.71,4.59,5059/5521,4.6,4.71,4.59,4.62,2.620087,6.1710171E7,33,000778,20260331
300247.SZ,融捷健康,4.28,-0.46511627906975755,4.62,4.62,-0.21598272,4.68,4.59,5059/5521,4.62,4.68,4.59,4.62,1.943844,1.35746E7,33,300247,20260331
600717.SH,天津港,4.74,0.42372881355933184,4.6,4.63,-0.64794816,4.7,4.59,5059/5521,4.63,4.7,4.59,4.6,2.375809,1.6988996E7,17,600717,20260331
300278.SZ,华昌达,4.83,2.3305084745762783,4.58,4.69,-1.7167382,4.72,4.58,5064/5521,4.69,4.72,4.58,4.58,3.004291,1.6207456E7,33,300278,20260331
300292.SZ,吴通控股,5.11,-2.1072796934865794,4.59,4.69,-2.75423729,4.76,4.58,5064/5521,4.69,4.76,4.58,4.59,3.813559,4.26315E7,33,300292,20260331
601003.SH,柳钢股份,4.57,0.0,4.62,4.64,0,4.71,4.58,5064/5521,4.64,4.71,4.58,4.62,2.813852,1.5766323E7,17,601003,20260331
000004.SZ,*ST国华,,,4.57,4.87,-4.98960499,4.96,4.57,5067/5521,4.87,4.96,4.57,4.57,8.108108,8880196,33,000004,20260331
000088.SZ,盐田港,4.53,0.0,4.59,4.58,-0.2173913,4.65,4.57,5067/5521,4.58,4.65,4.57,4.59,1.73913,2.7630441E7,33,000088,20260331
600655.SH,豫园股份,4.93,-0.40404040404041336,4.59,4.59,0.21834061,4.68,4.57,5067/5521,4.59,4.68,4.57,4.59,2.401746,1.1049664E7,17,600655,20260331
601000.SH,唐山港,4.65,-1.6913319238900648,4.69,4.58,2.40174672,4.72,4.57,5067/5521,4.58,4.72,4.57,4.69,3.275109,7.5587629E7,17,601000,20260331
000558.SZ,天府文旅,4.25,1.9184652278177476,4.62,4.55,1.0940919,4.73,4.55,5071/5521,4.55,4.73,4.55,4.62,3.93873,3.7632865E7,33,000558,20260331
002307.SZ,北新路桥,4.32,-0.6896551724137785,4.59,4.6,0.21834061,4.69,4.55,5071/5521,4.6,4.69,4.55,4.59,3.056768,2.2560371E7,33,002307,20260331
002481.SZ,双塔食品,4.56,0.0,4.55,4.64,-2.15053763,4.68,4.55,5071/5521,4.64,4.68,4.55,4.55,2.795698,8922600,33,002481,20260331
003816.SZ,中国广核,4.58,0.8810572687224677,4.61,4.6,0.2173913,4.67,4.55,5071/5521,4.6,4.67,4.55,4.61,2.608695,2.21810334E8,33,003816,20260331
600792.SH,云煤能源,4.51,0.2222222222222175,4.59,4.91,-8.38323353,5,4.55,5071/5521,4.91,5,4.55,4.59,8.982035,7.31108E7,17,600792,20260331
002309.SZ,中利集团,4.29,-4.878048780487799,4.94,4.8,3.78151261,5.11,4.54,5076/5521,4.8,5.11,4.54,4.94,11.974789,1.00749357E9,33,002309,20260331
300163.SZ,先锋新材,4.36,1.1600928074246106,4.56,4.7,-3.38983051,4.76,4.54,5076/5521,4.7,4.76,4.54,4.56,4.661016,1.59254E7,33,300163,20260331
002807.SZ,江阴银行,4.58,-1.0799136069114432,4.54,4.54,0,4.6,4.53,5078/5521,4.54,4.6,4.53,4.54,1.54185,3.287272E7,33,002807,20260331
601158.SH,重庆水务,4.43,0.0,4.52,4.54,-0.65934066,4.57,4.51,5079/5521,4.54,4.57,4.51,4.52,1.318681,1.191221E7,17,601158,20260331
300259.SZ,新天科技,4.46,-0.8888888888888897,4.51,4.62,-2.80172414,4.68,4.5,5080/5521,4.62,4.68,4.5,4.51,3.87931,1.993235E7,33,300259,20260331
600108.SH,亚盛集团,4.34,0.9302325581395358,4.55,4.95,-7.14285714,4.95,4.5,5080/5521,4.95,4.95,4.5,4.55,9.183673,2.07425371E8,17,600108,20260331
600758.SH,辽宁能源,3.98,-2.2113022113022187,4.56,4.58,-8.43373494,4.87,4.5,5080/5521,4.58,4.87,4.5,4.56,7.429718,2.60392536E8,17,600758,20260331
601399.SH,国机重装,4.29,3.3734939759036067,4.51,4.52,-0.22123894,4.6,4.5,5080/5521,4.52,4.6,4.5,4.51,2.212389,6.1178497E7,17,601399,20260331
603669.SH,灵康药业,4.48,-1.5384615384615252,4.6,4.57,0.65645514,4.64,4.5,5080/5521,4.57,4.64,4.5,4.6,3.063457,9964630,17,603669,20260331
600716.SH,凤凰股份,4.43,1.3729977116704715,4.52,4.55,-0.65934066,4.63,4.49,5085/5521,4.55,4.63,4.49,4.52,3.076923,8934800,17,600716,20260331
000659.SZ,珠海中富,4.03,-1.9464720194647218,4.53,4.63,-2.37068966,4.65,4.48,5086/5521,4.63,4.65,4.48,4.53,3.663793,3.408185E7,33,000659,20260331
002109.SZ,兴化股份,,,4.51,4.78,-6.04166667,4.97,4.48,5086/5521,4.78,4.97,4.48,4.51,10.208333,8.910289E7,33,002109,20260331
002839.SZ,张家港行,4.56,-1.5118790496760321,4.49,4.5,0,4.55,4.48,5086/5521,4.5,4.55,4.48,4.49,1.55902,2.857634E7,33,002839,20260331
600495.SH,晋西车轴,4.29,0.23364485981307911,4.93,4.48,10.04464286,4.93,4.48,5086/5521,4.48,4.93,4.48,4.93,10.044642,7.1843978E7,17,600495,20260331
600968.SH,海油发展,4.43,0.2262443438913979,4.49,4.59,-2.60303688,4.65,4.48,5086/5521,4.59,4.65,4.48,4.49,3.687635,5.4662112E7,17,600968,20260331
000012.SZ,南玻A,4.03,-0.7389162561576198,4.45,4.53,-1.98237885,4.57,4.45,5091/5521,4.53,4.57,4.45,4.45,2.643171,2.1414984E7,33,000012,20260331
002344.SZ,海宁皮城,4.48,0.0,4.45,4.52,-1.11111111,4.56,4.44,5092/5521,4.52,4.56,4.44,4.45,2.666666,1.0047645E7,33,002344,20260331
600050.SH,中国联通,4.52,-0.4405286343612437,4.45,4.45,-0.22421525,4.53,4.44,5092/5521,4.45,4.53,4.44,4.45,2.017937,1.4671367E8,17,600050,20260331
002742.SZ,*ST三圣,,,4.47,4.62,-1.10619469,4.69,4.43,5094/5521,4.62,4.69,4.43,4.47,5.752212,8716300,33,002742,20260331
002524.SZ,光正眼科,4.41,1.6129032258064582,4.43,4.52,-1.77383592,4.58,4.42,5095/5521,4.52,4.58,4.42,4.43,3.547671,1.1958634E7,33,002524,20260331
600179.SH,安通控股,4.21,-1.4051522248243469,4.42,4.48,-0.89686099,4.53,4.42,5095/5521,4.48,4.53,4.42,4.42,2.466367,4.5211318E7,17,600179,20260331
600649.SH,城投控股,4.27,0.0,4.43,4.48,-1.55555556,4.57,4.42,5095/5521,4.48,4.57,4.42,4.43,3.333333,2.6326973E7,17,600649,20260331
600725.SH,云维股份,4.23,0.7142857142857202,4.43,4.41,-0.67264574,4.54,4.4,5098/5521,4.41,4.54,4.4,4.43,3.139013,1.889957E7,17,600725,20260331
601908.SH,京运通,3.93,-1.5037593984962419,5.01,4.49,10.10989011,5.01,4.4,5098/5521,4.49,5.01,4.4,5.01,13.406593,1.9681979E8,17,601908,20260331
600572.SH,康恩贝,4.48,0.2237136465324536,4.4,4.42,-0.45248869,4.47,4.39,5100/5521,4.42,4.47,4.39,4.4,1.809954,4.6901147E7,17,600572,20260331
688509.SH,正元地信,4.51,0.2222222222222175,4.4,4.47,-1.34529148,4.52,4.39,5100/5521,4.47,4.52,4.39,4.4,2.914798,8247880,17,688509,20260331
300021.SZ,大禹节水,4.51,0.44543429844097043,4.37,4.38,-0.45558087,4.46,4.37,5102/5521,4.38,4.46,4.37,4.37,2.050113,1.43998E7,33,300021,20260331
600681.SH,百川能源,4.06,-0.49019607843138385,4.42,4.48,-2.21238938,4.54,4.34,5103/5521,4.48,4.54,4.34,4.42,4.424778,8.4809378E7,17,600681,20260331
000825.SZ,太钢不锈,4.25,-1.1627906976744145,4.34,4.43,-2.03160271,4.46,4.33,5104/5521,4.43,4.46,4.33,4.34,2.934537,3.60193E7,33,000825,20260331
600740.SH,山西焦化,4.3,-2.050113895216398,4.34,4.57,-6.46551724,4.64,4.33,5104/5521,4.57,4.64,4.33,4.34,6.681034,9.9559979E7,17,600740,20260331
300173.SZ,ST福能,4.28,0.0,4.33,4.4,-2.25733634,4.45,4.32,5106/5521,4.4,4.45,4.32,4.33,2.934537,1.34585E7,33,300173,20260331
600500.SH,中化国际,4.6,3.8374717832957095,4.34,4.45,-2.69058296,4.47,4.32,5106/5521,4.45,4.47,4.32,4.34,3.363228,3.401779E7,17,600500,20260331
601106.SH,中国一重,4.54,9.927360774818405,4.33,4.32,0.23148148,4.45,4.32,5106/5521,4.32,4.45,4.32,4.33,3.009259,6.4125037E7,17,601106,20260331
300287.SZ,飞利信,4.32,-0.4608294930875478,4.31,4.4,-2.04545455,4.44,4.31,5109/5521,4.4,4.44,4.31,4.31,2.954545,1.738E7,33,300287,20260331
600130.SH,波导股份,4.62,0.43478260869566226,4.31,4.35,-1.14678899,4.42,4.31,5109/5521,4.35,4.42,4.31,4.31,2.522935,1.2381378E7,17,600130,20260331
601113.SH,华鼎股份,4.6,0.21786492374727204,4.33,4.35,-0.23041475,4.42,4.31,5109/5521,4.35,4.42,4.31,4.33,2.534562,1.10531E7,17,601113,20260331
601500.SH,通用股份,4.66,6.392694063926946,4.3,4.34,-0.92165899,4.38,4.3,5112/5521,4.34,4.38,4.3,4.3,1.843317,1.006912E7,17,601500,20260331
002042.SZ,华孚时尚,4.93,-0.8048289738430591,4.31,4.41,-2.70880361,4.48,4.29,5113/5521,4.41,4.48,4.29,4.31,4.288939,5.8021E7,33,002042,20260331
000415.SZ,渤海租赁,4.68,-1.8867924528301858,4.31,4.29,0.46620047,4.45,4.28,5114/5521,4.29,4.45,4.28,4.31,3.962703,6.5359368E7,33,000415,20260331
000981.SZ,山子高科,3.84,2.3999999999999964,4.29,4.38,-1.60550459,4.48,4.28,5114/5521,4.38,4.48,4.28,4.29,4.587155,3.25294683E8,33,000981,20260331
300067.SZ,安诺其,6.85,-3.7921348314606806,4.29,4.37,-2.05479452,4.43,4.28,5114/5521,4.37,4.43,4.28,4.29,3.424657,2.18138E7,33,300067,20260331
300148.SZ,天舟文化,4.16,-0.7159904534606264,4.3,4.33,-0.69284065,4.39,4.28,5114/5521,4.33,4.39,4.28,4.3,2.540415,2.18335E7,33,300148,20260331
601016.SH,节能风电,4.26,-6.5789473684210495,4.28,4.54,-6.95652174,4.61,4.27,5118/5521,4.54,4.61,4.27,4.28,7.391304,6.56267663E8,17,601016,20260331
000100.SZ,TCL科技,4.27,-1.1574074074074239,4.27,4.33,-2.06422018,4.36,4.26,5119/5521,4.33,4.36,4.26,4.27,2.293577,3.12217473E8,33,000100,20260331
300145.SZ,南方泵业,4.84,-1.825557809330626,4.27,4.34,-2.06422018,4.41,4.26,5119/5521,4.34,4.41,4.26,4.27,3.440366,5.19823E7,33,300145,20260331
600905.SH,三峡能源,4.09,-0.24390243902438508,4.26,4.37,-2.96127563,4.39,4.26,5119/5521,4.37,4.39,4.26,4.26,2.961275,2.66210742E8,17,600905,20260331
601279.SH,英利汽车,3.98,1.01522842639594,4.27,4.29,-0.46620047,4.51,4.26,5119/5521,4.29,4.51,4.26,4.27,5.827505,2.1849761E7,17,601279,20260331
002251.SZ,步步高,4.15,0.24154589371982307,4.26,4.34,-1.84331797,4.4,4.25,5123/5521,4.34,4.4,4.25,4.26,3.456221,4.0931808E7,33,002251,20260331
300510.SZ,金冠股份,4.18,0.0,4.25,4.45,-4.92170022,4.52,4.25,5123/5521,4.45,4.52,4.25,4.25,6.040268,3.9052441E7,33,300510,20260331
600115.SH,中国东航,4.32,-0.9174311926605512,4.25,4.35,-2.29885057,4.43,4.25,5123/5521,4.35,4.43,4.25,4.25,4.137931,1.55821389E8,17,600115,20260331
601975.SH,招商南油,4.48,-1.9693654266958391,4.3,4.49,-3.58744395,4.54,4.24,5126/5521,4.49,4.54,4.24,4.3,6.726457,2.28085297E8,17,601975,20260331
000812.SZ,陕西金叶,4.1,0.24449877750610727,4.23,4.27,-1.3986014,4.33,4.23,5127/5521,4.27,4.33,4.23,4.23,2.331002,1.8721423E7,33,000812,20260331
000573.SZ,粤宏远A,5.03,1.4112903225806508,4.23,4.27,-0.93676815,4.33,4.22,5128/5521,4.27,4.33,4.22,4.23,2.576112,1.57315E7,33,000573,20260331
000631.SZ,顺发恒能,3.21,-0.31055900621118726,4.27,4.27,10.05154639,4.27,4.22,5128/5521,4.27,4.27,4.22,4.27,1.288659,1.15143576E8,33,000631,20260331
002638.SZ,勤上股份,4.68,5.40540540540539,4.23,4.32,-1.85614849,4.41,4.22,5128/5521,4.32,4.41,4.22,4.23,4.408352,5.2333159E7,33,002638,20260331
000607.SZ,华媒控股,4.14,1.9704433497536966,4.21,4.23,-0.70754717,4.31,4.2,5131/5521,4.23,4.31,4.2,4.21,2.594339,1.0377691E7,33,000607,20260331
300074.SZ,华平股份,4.41,0.9153318077803212,4.21,4.33,-2.77136259,4.38,4.2,5131/5521,4.33,4.38,4.2,4.21,4.157043,1.21628E7,33,300074,20260331
000536.SZ,华映科技,3.94,-1.253132832080207,4.2,4.26,-1.17647059,4.3,4.19,5133/5521,4.26,4.3,4.19,4.2,2.588235,3.5730952E7,33,000536,20260331
002168.SZ,*ST惠程,4.27,1.6666666666666523,4.18,4.17,5.02512563,4.18,4.17,5134/5521,4.17,4.18,4.17,4.18,0.251256,1.4527632E7,33,002168,20260331
002641.SZ,公元股份,4.26,0.2352941176470538,4.17,4.18,-0.95011876,4.27,4.17,5134/5521,4.18,4.27,4.17,4.17,2.375296,9120300,33,002641,20260331
300020.SZ,ST银江,3.52,0.2849002849002915,4.18,4.28,-1.87793427,4.38,4.17,5134/5521,4.28,4.38,4.17,4.18,4.929577,1.82689E7,33,300020,20260331
002266.SZ,浙富控股,5.28,4.761904761904766,4.16,4.18,-0.95238095,4.25,4.16,5137/5521,4.18,4.25,4.16,4.16,2.142857,4.4930327E7,33,002266,20260331
002775.SZ,文科股份,4.0,0.7556675062972242,4.17,4.27,-2.34192037,4.33,4.15,5138/5521,4.27,4.33,4.15,4.17,4.215456,7963596,33,002775,20260331
000608.SZ,*ST阳光,3.78,2.7173913043478164,4.14,4.35,-5.04587156,4.4,4.14,5139/5521,4.35,4.4,4.14,4.14,5.963302,2.6584992E7,33,000608,20260331
600369.SH,西南证券,4.24,0.4739336492891105,4.15,4.26,-2.58215962,4.3,4.14,5139/5521,4.26,4.3,4.14,4.15,3.755868,5.8893812E7,17,600369,20260331
000767.SZ,晋控电力,3.78,-3.5714285714285747,4.23,4.12,-7.6419214,4.48,4.12,5141/5521,4.12,4.48,4.12,4.23,7.860262,4.86901954E8,33,000767,20260331
000790.SZ,华神科技,4.57,10.120481927710841,4.13,4.16,-0.72115385,4.25,4.12,5141/5521,4.16,4.25,4.12,4.13,3.125,2.1864882E7,33,000790,20260331
601515.SH,衢州东峰,4.54,-0.4385964912280609,4.14,4.25,-2.12765957,4.3,4.12,5141/5521,4.25,4.3,4.12,4.14,4.255319,2.9902011E7,17,601515,20260331
601568.SH,北元集团,3.91,-1.7587939698492423,4.13,4.3,-4.39814815,4.34,4.12,5141/5521,4.3,4.34,4.12,4.13,5.092592,4.6996037E7,17,601568,20260331
000900.SZ,现代投资,4.22,0.476190476190466,4.13,4.12,0,4.2,4.11,5145/5521,4.12,4.2,4.11,4.13,2.179176,1.5419544E7,33,000900,20260331
601366.SH,利群股份,4.04,-0.7371007371007432,4.12,4.19,-1.67064439,4.24,4.11,5145/5521,4.19,4.24,4.11,4.12,3.102625,9255206,17,601366,20260331
000520.SZ,凤凰航运,3.95,-1.0025062656641612,4.11,4.19,-2.60663507,4.26,4.1,5147/5521,4.19,4.26,4.1,4.11,3.791469,1.3814891E7,33,000520,20260331
001213.SZ,中铁特货,3.98,-0.5000000000000004,4.24,4.12,3.16301703,4.3,4.1,5147/5521,4.12,4.3,4.1,4.24,4.86618,5.376132E7,33,001213,20260331
300459.SZ,汤姆猫,4.22,1.1990407673860868,4.1,4.16,-1.44230769,4.22,4.1,5147/5521,4.16,4.22,4.1,4.1,2.884615,5.1873497E7,33,300459,20260331
600425.SH,青松建化,4.1,0.0,4.12,4.15,-0.96153846,4.22,4.1,5147/5521,4.15,4.22,4.1,4.12,2.884615,2.8068555E7,17,600425,20260331
600361.SH,创新新材,4.47,-0.6666666666666722,4.14,4.29,-3.94431555,4.29,4.09,5151/5521,4.29,4.29,4.09,4.14,4.640371,9.4555586E7,17,600361,20260331
002329.SZ,皇氏集团,4.4,6.796116504854375,4.1,4.11,-0.48543689,4.2,4.08,5152/5521,4.11,4.2,4.08,4.1,2.912621,3.9488528E7,33,002329,20260331
300194.SZ,福安药业,4.13,-0.24154589371980165,4.09,4.11,-0.72815534,4.15,4.08,5152/5521,4.11,4.15,4.08,4.09,1.699029,1.7201735E7,33,300194,20260331
600386.SH,北巴传媒,4.15,0.0,4.09,4.12,-0.72815534,4.19,4.08,5152/5521,4.12,4.19,4.08,4.09,2.669902,6708700,17,600386,20260331
600609.SH,金杯汽车,4.02,0.49999999999998934,4.09,4.1,0,4.17,4.08,5152/5521,4.1,4.17,4.08,4.09,2.200488,1.2131226E7,17,600609,20260331
601018.SH,宁波港,3.7,-2.374670184696566,4.09,4.13,-0.72815534,4.21,4.08,5152/5521,4.13,4.21,4.08,4.09,3.155339,3.92152E7,17,601018,20260331
000509.SZ,华塑控股,3.59,1.1267605633802829,4.09,4.26,-4.88372093,4.28,4.07,5157/5521,4.26,4.28,4.07,4.09,4.88372,5.9741146E7,33,000509,20260331
002523.SZ,天桥起重,3.88,1.0416666666666676,4.08,4.08,0.49261084,4.17,4.06,5158/5521,4.08,4.17,4.06,4.08,2.709359,2.2932383E7,33,002523,20260331
600094.SH,大名城,4.71,-0.4228329809725256,4.09,4.05,0.24509804,4.2,4.05,5159/5521,4.05,4.2,4.05,4.09,3.67647,1.82591E7,17,600094,20260331
002172.SZ,澳洋健康,3.81,-0.5221932114882512,4.05,4.12,-2.17391304,4.19,4.04,5160/5521,4.12,4.19,4.04,4.05,3.623188,2.190421E7,33,002172,20260331
300111.SZ,向日葵,3.88,0.5181347150259072,4.03,4.1,-2.65700483,4.18,4.03,5161/5521,4.1,4.18,4.03,4.03,3.623188,3.603584E7,33,300111,20260331
300190.SZ,维尔利,4.2,1.2048192771084294,4.03,4.2,-4.04761905,4.23,4.03,5161/5521,4.2,4.23,4.03,4.03,4.761904,2.5369216E7,33,300190,20260331
002567.SZ,唐人神,4.16,0.24096385542168158,4.03,4.08,-1.2254902,4.12,4.02,5163/5521,4.08,4.12,4.02,4.03,2.45098,1.8476677E7,33,002567,20260331
601375.SH,中原证券,4.06,0.7444168734491156,4.03,4.04,-0.49382716,4.11,4.02,5163/5521,4.04,4.11,4.02,4.03,2.222222,2.6747084E7,17,601375,20260331
002263.SZ,大东南,4.03,-3.818615751789979,4.51,4.05,10,4.51,4.01,5165/5521,4.05,4.51,4.01,4.51,12.195121,4.64842391E8,33,002263,20260331
002445.SZ,中南文化,3.64,-4.712041884816746,4.03,4.2,-4.27553444,4.34,4.01,5165/5521,4.2,4.34,4.01,4.03,7.838479,3.53910437E8,33,002445,20260331
600824.SH,益民集团,4.1,0.4901960784313621,4.01,4.02,-0.49627792,4.09,4,5167/5521,4.02,4.09,4,4.01,2.23325,8630099,17,600824,20260331
000428.SZ,华天酒店,3.86,-0.7712082262210861,4.02,4,0.5,4.23,3.99,5168/5521,4,4.23,3.99,4.02,6,2.6836842E7,33,000428,20260331
600052.SH,东望时代,4.44,9.90099009900991,4.0,4.06,-0.99009901,4.12,3.99,5168/5521,4.06,4.12,3.99,4.0,3.217821,8580800,17,600052,20260331
600067.SH,冠城新材,3.64,-9.677419354838712,4.0,4.07,-2.43902439,4.15,3.99,5168/5521,4.07,4.15,3.99,4.0,3.902439,2.72314E7,17,600067,20260331
600815.SH,厦工股份,4.41,-0.4514672686230152,4.0,4.13,-6.10328638,4.31,3.99,5168/5521,4.13,4.31,3.99,4.0,7.511737,1.72810361E8,17,600815,20260331
000002.SZ,万科A,3.91,1.0335917312661507,3.99,4.02,-0.49875312,4.08,3.98,5172/5521,4.02,4.08,3.98,3.99,2.493765,9.8965738E7,33,000002,20260331
000652.SZ,泰达股份,4.29,-0.6944444444444502,3.99,3.97,0.50377834,4.08,3.97,5173/5521,3.97,4.08,3.97,3.99,2.77078,1.848756E7,33,000652,20260331
600339.SH,中油工程,4.07,0.24630541871922848,3.97,4.05,-2.45700246,4.11,3.97,5173/5521,4.05,4.11,3.97,3.97,3.439803,7.3676727E7,17,600339,20260331
600496.SH,精工钢构,4.15,0.0,3.99,3.99,0,4.06,3.97,5173/5521,3.99,4.06,3.97,3.99,2.255639,1.6313075E7,17,600496,20260331
002385.SZ,大北农,3.89,-0.5115089514066501,3.96,4.03,-2.46305419,4.06,3.96,5176/5521,4.03,4.06,3.96,3.96,2.463054,1.043644E8,33,002385,20260331
002512.SZ,ST达华,4.31,4.866180048661783,3.99,3.98,1.26903553,4.14,3.96,5176/5521,3.98,4.14,3.96,3.99,4.568527,9.6873965E7,33,002512,20260331
600984.SH,建设机械,4.16,2.7160493827160574,3.97,4.05,-2.21674877,4.1,3.96,5176/5521,4.05,4.1,3.96,3.97,3.448275,2.740738E7,17,600984,20260331
600193.SH,*ST创兴,2.17,0.0,4.11,3.95,2.75,4.17,3.95,5179/5521,3.95,4.17,3.95,4.11,5.5,9291300,22,600193,20260331
600626.SH,申达股份,3.92,-0.2544529262086573,3.97,4.04,-1.24378109,4.11,3.95,5179/5521,4.04,4.11,3.95,3.97,3.980099,1.3162424E7,17,600626,20260331
000802.SZ,北京文化,4.31,0.46620046620045624,3.94,4,-1.74563591,4.08,3.94,5181/5521,4,4.08,3.94,3.94,3.491271,9527758,33,000802,20260331
002256.SZ,兆新股份,4.59,0.4376367614879556,3.96,4.15,-5.93824228,4.31,3.94,5181/5521,4.15,4.31,3.94,3.96,8.788598,2.09389135E8,33,002256,20260331
300078.SZ,思创智联,3.9,-0.5102040816326535,3.95,4.03,-2.4691358,4.09,3.94,5181/5521,4.03,4.09,3.94,3.95,3.703703,2.0191045E7,33,300078,20260331
600327.SH,大东方,3.97,2.056555269922881,3.96,3.99,-0.7518797,4.05,3.94,5181/5521,3.99,4.05,3.94,3.96,2.756892,1.1859356E7,17,600327,20260331
600853.SH,龙建股份,3.96,-0.25188916876574885,4.0,3.95,1.26582278,4.05,3.94,5181/5521,3.95,4.05,3.94,4.0,2.78481,1.7711064E7,17,600853,20260331
600936.SH,北投科技,4.13,0.9779951100244508,4.0,3.94,1.01010101,4.08,3.94,5181/5521,3.94,4.08,3.94,4.0,3.535353,2.73487E7,17,600936,20260331
601991.SH,大唐发电,4.16,-3.0303030303030276,3.94,4.11,-4.60048426,4.15,3.94,5181/5521,4.11,4.15,3.94,3.94,5.084745,2.67511424E8,17,601991,20260331
002228.SZ,合兴包装,3.9,1.0362694300518145,3.95,3.94,-0.25252525,4.04,3.93,5188/5521,3.94,4.04,3.93,3.95,2.777777,2.2993203E7,33,002228,20260331
002662.SZ,峰璟股份,3.93,-3.6764705882352917,3.94,3.97,-1.25313283,4.11,3.93,5188/5521,3.97,4.11,3.93,3.94,4.511278,3.19566E7,33,002662,20260331
600227.SH,赤天化,4.09,-2.8503562945368195,3.94,4.3,-9.21658986,4.37,3.93,5188/5521,4.3,4.37,3.93,3.94,10.138248,2.71362745E8,17,600227,20260331
300267.SZ,尔康制药,4.36,3.809523809523813,3.93,4,-2.72277228,4.08,3.92,5191/5521,4,4.08,3.92,3.93,3.960396,6.4368765E7,33,300267,20260331
600594.SH,益佰制药,4.05,-1.699029126213599,3.96,3.93,0.76335878,4.01,3.92,5191/5521,3.93,4.01,3.92,3.96,2.290076,1.6911892E7,17,600594,20260331
002061.SZ,浙江交科,3.89,0.0,3.93,3.92,0.25510204,3.99,3.91,5193/5521,3.92,3.99,3.91,3.93,2.040816,2.379718E7,33,002061,20260331
002375.SZ,亚厦股份,4.18,0.4807692307692205,3.92,3.92,-0.50761421,4.02,3.91,5193/5521,3.92,4.02,3.91,3.92,2.791878,1.03758E7,33,002375,20260331
600368.SH,五洲交通,3.89,-0.25641025641025095,3.92,3.92,0,3.96,3.91,5193/5521,3.92,3.96,3.91,3.92,1.27551,9522063,17,600368,20260331
600831.SH,广电网络,3.86,-0.5154639175257737,3.91,3.96,-3.93120393,4.09,3.91,5193/5521,3.96,4.09,3.91,3.91,4.422604,3.0183701E7,17,600831,20260331
000725.SZ,京东方A,4.08,-2.158273381294961,3.91,3.93,-0.76142132,3.97,3.9,5197/5521,3.93,3.97,3.9,3.91,1.776649,3.89281816E8,33,000725,20260331
002084.SZ,海鸥住工,3.86,0.0,3.9,3.96,-1.76322418,4.04,3.89,5198/5521,3.96,4.04,3.89,3.9,3.778337,1.8625437E7,33,002084,20260331
300070.SZ,碧水源,3.92,-1.010101010101011,3.89,3.95,-1.51898734,4.01,3.88,5199/5521,3.95,4.01,3.88,3.89,3.291139,3.3496233E7,33,300070,20260331
601599.SH,浙文影业,3.71,0.0,3.88,3.96,-2.51256281,4,3.88,5199/5521,3.96,4,3.88,3.88,3.015075,2.25512E7,17,601599,20260331
000972.SZ,*ST中基,3.86,2.93333333333333,3.92,3.99,-1.75438596,4.07,3.87,5201/5521,3.99,4.07,3.87,3.92,5.012531,1.8557801E7,33,000972,20260331
002132.SZ,恒星科技,4.83,-0.4123711340206098,3.9,3.9,0,3.95,3.87,5201/5521,3.9,3.95,3.87,3.9,2.051282,3.2146995E7,33,002132,20260331
300135.SZ,宝利国际,4.11,3.526448362720406,3.87,3.98,-3.0075188,4.01,3.87,5201/5521,3.98,4.01,3.87,3.87,3.508771,2.62147E7,33,300135,20260331
600751.SH,海航科技,3.68,-2.6455026455026363,3.95,3.91,0.76530612,3.98,3.87,5201/5521,3.91,3.98,3.87,3.95,2.806122,4.5017033E7,17,600751,20260331
600959.SH,江苏有线,3.88,-0.2570694087403658,3.88,3.9,-0.51282051,4,3.87,5201/5521,3.9,4,3.87,3.88,3.333333,4.745892E7,17,600959,20260331
603363.SH,傲农生物,3.39,-0.8771929824561346,3.87,3.92,-1.77664975,3.98,3.87,5201/5521,3.92,3.98,3.87,3.87,2.791878,2.95915E7,17,603363,20260331
000010.SZ,*ST美丽,2.89,-4.934210526315787,3.88,4.18,-7.39856802,4.21,3.86,5207/5521,4.18,4.21,3.86,3.88,8.353221,4.96404E7,33,000010,20260331
002060.SZ,广东建工,3.76,-2.8423772609819205,3.92,3.94,0,4.03,3.86,5207/5521,3.94,4.03,3.86,3.92,4.336734,5.319693E7,33,002060,20260331
002110.SZ,三钢闽光,3.42,-2.005730659025796,3.87,3.93,-2.02531646,3.98,3.86,5207/5521,3.93,3.98,3.86,3.87,3.037974,1.99787E7,33,002110,20260331
600020.SH,中原高速,4.04,5.48302872062663,3.87,3.9,-0.76923077,3.98,3.86,5207/5521,3.9,3.98,3.86,3.87,3.076923,1.8057505E7,17,600020,20260331
600035.SH,楚天高速,3.84,0.5235602094240842,3.86,3.86,-0.25839793,3.92,3.85,5211/5521,3.86,3.92,3.85,3.86,1.808785,1.1055478E7,17,600035,20260331
600423.SH,*ST柳化,3.09,0.6514657980456032,3.86,4.03,-2.27848101,4.12,3.85,5211/5521,4.03,4.12,3.85,3.86,6.835443,9.323565E7,22,600423,20260331
300013.SZ,新宁物流,4.14,1.470588235294108,3.85,3.88,-0.77319588,3.98,3.84,5213/5521,3.88,3.98,3.84,3.85,3.608247,1.3357249E7,33,300013,20260331
600575.SH,淮河能源,3.61,-2.695417789757415,3.84,3.99,-4,4,3.84,5213/5521,3.99,4,3.84,3.84,4,8.8937443E7,17,600575,20260331
688055.SH,龙腾光电,4.04,-1.9417475728155356,3.85,3.99,-4.46650124,4.02,3.84,5213/5521,3.99,4.02,3.84,3.85,4.466501,2.0037797E7,17,688055,20260331
000750.SZ,国海证券,3.91,1.0335917312661507,3.83,3.85,-0.77720207,3.91,3.83,5216/5521,3.85,3.91,3.83,3.83,2.072538,3.7992766E7,33,000750,20260331
000809.SZ,和展能源,3.77,-0.7894736842105212,3.86,4.07,-6.31067961,4.11,3.83,5216/5521,4.07,4.11,3.83,3.86,6.796116,5.5788893E7,33,000809,20260331
600617.SH,国新能源,3.59,2.8653295128939726,3.83,4,-6.35696822,4.25,3.83,5216/5521,4,4.25,3.83,3.83,10.268948,1.36241458E8,17,600617,20260331
000698.SZ,ST沈化,3.86,-0.5154639175257737,3.83,3.9,-1.79487179,3.91,3.82,5219/5521,3.9,3.91,3.82,3.83,2.307692,6941527,33,000698,20260331
600734.SH,*ST实达,2.23,-5.106382978723409,3.83,3.84,-1.03359173,3.98,3.82,5219/5521,3.84,3.98,3.82,3.83,4.134366,5.7576872E7,22,600734,20260331
002397.SZ,梦洁股份,4.83,2.5477707006369448,3.82,3.95,-3.04568528,3.99,3.81,5221/5521,3.95,3.99,3.81,3.82,4.568527,1.4789297E7,33,002397,20260331
601388.SH,怡球资源,4.08,-0.9708737864077678,3.83,4.02,-2.79187817,4.09,3.81,5221/5521,4.02,4.09,3.81,3.83,7.106598,1.94795512E8,17,601388,20260331
600217.SH,中再资环,3.78,-1.3054830287206336,3.81,3.85,-1.5503876,3.92,3.8,5223/5521,3.85,3.92,3.8,3.81,3.100775,1.5583338E7,17,600217,20260331
600798.SH,宁波海运,3.63,0.0,3.81,3.87,-2.05655527,3.92,3.8,5223/5521,3.87,3.92,3.8,3.81,3.084832,2.02064E7,17,600798,20260331
002528.SZ,*ST英飞,4.81,4.3383947939262315,3.79,3.79,4.98614958,3.79,3.79,5225/5521,3.79,3.79,3.79,3.79,0,6130310,33,002528,20260331
002596.SZ,海南瑞泽,3.76,2.73224043715846,3.79,3.87,-2.06718346,3.92,3.79,5225/5521,3.87,3.92,3.79,3.79,3.359173,2.31743E7,33,002596,20260331
600016.SH,民生银行,3.7,-1.069518716577541,3.79,3.84,-1.55844156,3.87,3.79,5225/5521,3.84,3.87,3.79,3.79,2.077922,2.9593376E8,17,600016,20260331
002573.SZ,清新环境,3.74,3.314917127071826,3.78,3.83,-1.5625,3.88,3.78,5228/5521,3.83,3.88,3.78,3.78,2.604166,1.15739E7,33,002573,20260331
002613.SZ,北玻股份,3.99,0.7575757575757639,3.78,3.86,-1.30548303,3.89,3.78,5228/5521,3.86,3.89,3.78,3.78,2.872062,1.3320301E7,33,002613,20260331
603557.SH,ST起步,4.26,0.0,3.8,3.87,-2.06185567,3.97,3.78,5228/5521,3.87,3.97,3.78,3.8,4.896907,1.00081E7,22,603557,20260331
000965.SZ,天保基建,3.73,2.4725274725274686,3.79,3.87,-1.8134715,3.93,3.77,5231/5521,3.87,3.93,3.77,3.79,4.145077,5.9111128E7,33,000965,20260331
600033.SH,福建高速,3.64,-0.2739726027397202,3.84,3.8,0.52356021,3.9,3.77,5231/5521,3.8,3.9,3.77,3.84,3.403141,6.4033482E7,17,600033,20260331
600308.SH,华泰股份,3.89,-2.749999999999997,3.78,3.85,-2.3255814,3.9,3.77,5231/5521,3.85,3.9,3.77,3.78,3.359173,1.3934404E7,17,600308,20260331
601933.SH,永辉超市,3.84,0.5235602094240842,3.77,3.82,-2.33160622,3.92,3.77,5231/5521,3.82,3.92,3.77,3.77,3.88601,1.13991097E8,17,601933,20260331
002069.SZ,獐子岛,3.89,-0.25641025641025095,3.75,3.87,-2.34375,3.88,3.75,5235/5521,3.87,3.88,3.75,3.75,3.385416,1.3286601E7,33,002069,20260331
600790.SH,轻纺城,4.2,2.1897810218978067,3.75,3.78,0.53619303,3.9,3.74,5236/5521,3.78,3.9,3.74,3.75,4.289544,1.114878E7,17,600790,20260331
600808.SH,马钢股份,3.87,-0.7692307692307643,3.75,3.85,-2.84974093,3.93,3.74,5236/5521,3.85,3.93,3.74,3.75,4.922279,4.8396522E7,17,600808,20260331
601099.SH,太平洋,3.68,-0.540540540540541,3.75,3.77,-0.53050398,3.82,3.74,5236/5521,3.77,3.82,3.74,3.75,2.122015,7.2780845E7,17,601099,20260331
600868.SH,梅雁吉祥,3.41,1.1869436201780426,3.72,3.82,-3.37662338,3.89,3.72,5239/5521,3.82,3.89,3.72,3.72,4.415584,1.14862403E8,17,600868,20260331
000711.SZ,ST京蓝,4.92,2.9288702928870225,3.71,3.8,-4.87179487,3.91,3.71,5240/5521,3.8,3.91,3.71,3.71,5.128205,1.0406606E8,33,000711,20260331
603377.SH,ST东时,3.67,0.27322404371584114,3.74,3.82,-1.57894737,3.82,3.71,5240/5521,3.82,3.82,3.71,3.74,2.894736,6729931,22,603377,20260331
002141.SZ,贤丰控股,3.64,-1.3550135501354965,3.71,3.81,-2.62467192,3.87,3.7,5242/5521,3.81,3.87,3.7,3.71,4.461942,1.7278617E7,33,002141,20260331
300338.SZ,*ST开元,3.68,0.5464480874316945,3.78,3.7,2.43902439,3.83,3.7,5242/5521,3.7,3.83,3.7,3.78,3.523035,8881740,33,300338,20260331
601162.SH,天风证券,3.58,-3.5040431266846332,3.7,3.75,-1.33333333,3.79,3.7,5242/5521,3.75,3.79,3.7,3.7,2.4,7.6858369E7,17,601162,20260331
300355.SZ,蒙草生态,3.64,-0.5464480874316945,3.7,3.78,-2.63157895,3.81,3.69,5245/5521,3.78,3.81,3.69,3.7,3.157894,2.3454136E7,33,300355,20260331
600433.SH,冠豪高新,4.84,9.999999999999988,3.72,3.73,0,3.81,3.69,5245/5521,3.73,3.81,3.69,3.72,3.225806,5.2276978E7,17,600433,20260331
600794.SH,保税科技,3.58,0.0,3.69,3.74,-1.86170213,3.8,3.69,5245/5521,3.74,3.8,3.69,3.69,2.925531,1.50019E7,17,600794,20260331
002689.SZ,ST远智,3.58,-1.9178082191780779,3.68,3.7,-0.54054054,3.79,3.67,5248/5521,3.7,3.79,3.67,3.68,3.243243,9943560,33,002689,20260331
002303.SZ,美盈森,3.4,0.29498525073745685,3.66,3.66,0.2739726,3.71,3.65,5249/5521,3.66,3.71,3.65,3.66,1.643835,2.4890852E7,33,002303,20260331
600261.SH,阳光照明,3.56,-9.644670050761418,3.66,3.66,0,3.75,3.65,5249/5521,3.66,3.75,3.65,3.66,2.73224,1.306135E7,17,600261,20260331
600537.SH,*ST亿晶,3.2,-5.044510385756674,3.68,3.78,-3.66492147,3.88,3.65,5249/5521,3.78,3.88,3.65,3.68,6.020942,1.35197136E8,22,600537,20260331
002191.SZ,劲嘉股份,3.79,1.8817204301075225,3.66,3.68,-0.54347826,3.74,3.64,5252/5521,3.68,3.74,3.64,3.66,2.717391,9178803,33,002191,20260331
920023.BJ,*ST田野,2.65,2.3166023166023186,3.7,3.76,-1.33333333,3.78,3.64,5252/5521,3.76,3.78,3.64,3.7,3.733333,4165364,151,920023,20260331
002535.SZ,林州重机,3.53,-0.8426966292134901,3.69,3.64,1.37362637,3.82,3.63,5254/5521,3.64,3.82,3.63,3.69,5.21978,2.0379891E7,33,002535,20260331
000055.SZ,方大集团,3.65,0.27472527472526886,3.63,3.69,-1.35869565,3.73,3.62,5255/5521,3.69,3.73,3.62,3.63,2.98913,7094900,33,000055,20260331
002154.SZ,报喜鸟,4.16,1.2165450121654457,3.62,3.65,-0.82191781,3.69,3.62,5255/5521,3.65,3.69,3.62,3.62,1.917808,1.11678E7,33,002154,20260331
600515.SH,海南机场,3.61,1.690140845070424,3.62,3.67,-1.36239782,3.72,3.62,5255/5521,3.67,3.72,3.62,3.62,2.724795,7.2150565E7,17,600515,20260331
002211.SZ,ST宏达,3.66,-0.27247956403269175,3.61,3.7,-2.43243243,3.72,3.61,5258/5521,3.7,3.72,3.61,3.61,2.972972,3946450,33,002211,20260331
600928.SH,西安银行,3.69,-0.8064516129032324,3.64,3.62,0.55248619,3.68,3.61,5258/5521,3.62,3.68,3.61,3.64,1.933701,2.0108502E7,17,600928,20260331
600545.SH,卓郎智能,4.89,-9.94475138121547,3.64,3.7,-2.15053763,3.88,3.6,5260/5521,3.7,3.88,3.6,3.64,7.526881,1.04928127E8,17,600545,20260331
000090.SZ,天健集团,3.52,0.571428571428572,3.6,3.63,-0.27700831,3.68,3.59,5261/5521,3.63,3.68,3.59,3.6,2.493074,1.9515322E7,33,000090,20260331
002551.SZ,尚荣医疗,3.58,0.28011204481793367,3.61,3.62,-0.55096419,3.69,3.59,5261/5521,3.62,3.69,3.59,3.61,2.75482,1.1187902E7,33,002551,20260331
600325.SH,华发股份,3.46,-3.351955307262573,3.59,3.63,-0.82872928,3.71,3.59,5261/5521,3.63,3.71,3.59,3.59,3.314917,3.0006762E7,17,600325,20260331
600892.SH,*ST大晟,3.65,-4.45026178010471,3.6,3.59,0.27855153,3.69,3.59,5261/5521,3.59,3.69,3.59,3.6,2.785515,4088300,22,600892,20260331
002554.SZ,惠博普,3.49,0.8670520231213945,3.58,3.64,-2.18579235,3.69,3.57,5265/5521,3.64,3.69,3.57,3.58,3.278688,3.2738074E7,33,002554,20260331
002640.SZ,跨境通,3.65,9.939759036144581,3.57,3.6,0,3.72,3.57,5265/5521,3.6,3.72,3.57,3.57,4.20168,5.36235E7,33,002640,20260331
600782.SH,新钢股份,3.09,-2.5236593059936934,3.57,3.64,-2.45901639,3.69,3.57,5265/5521,3.64,3.69,3.57,3.57,3.278688,5.1013642E7,17,600782,20260331
002526.SZ,山东矿机,3.31,-1.1940298507462697,3.6,3.59,0.27855153,3.65,3.56,5268/5521,3.59,3.65,3.56,3.6,2.506963,7.3087652E7,33,002526,20260331
300420.SZ,五洋自控,3.65,0.0,3.57,3.65,-1.65289256,3.67,3.56,5268/5521,3.65,3.67,3.56,3.57,3.030303,1.8132646E7,33,300420,20260331
601326.SH,秦港股份,3.5,-1.1299435028248597,3.65,3.56,0.82872928,3.7,3.55,5270/5521,3.56,3.7,3.55,3.65,4.143646,5.5058855E7,17,601326,20260331
920819.BJ,颖泰生物,3.43,0.5865102639296192,3.57,3.67,-2.19178082,3.67,3.55,5270/5521,3.67,3.67,3.55,3.57,3.287671,6066800,151,920819,20260331
300026.SZ,红日药业,3.42,-0.2915451895043799,3.54,3.55,-0.28169014,3.59,3.54,5272/5521,3.55,3.59,3.54,3.54,1.40845,3.617537E7,33,300026,20260331
603818.SH,曲美家居,3.7,4.8158640226628995,3.55,3.62,-1.93370166,3.68,3.53,5273/5521,3.62,3.68,3.53,3.55,4.143646,1.15672E7,17,603818,20260331
000813.SZ,德展健康,3.64,0.5524861878453043,3.52,3.53,-0.28328612,3.62,3.52,5274/5521,3.53,3.62,3.52,3.52,2.832861,3.0433354E7,33,000813,20260331
002426.SZ,胜利精密,3.72,0.0,3.53,3.63,-3.02197802,3.67,3.52,5274/5521,3.63,3.67,3.52,3.53,4.120879,1.14894156E8,33,002426,20260331
600076.SH,康欣新材,3.33,-5.397727272727271,3.53,3.62,-2.21606648,3.64,3.52,5274/5521,3.62,3.64,3.52,3.53,3.324099,1.8400551E7,17,600076,20260331
300301.SZ,ST长方,3.69,2.499999999999996,3.55,3.88,-8.50515464,3.88,3.51,5277/5521,3.88,3.88,3.51,3.55,9.536082,3.57321E7,33,300301,20260331
600082.SH,ST海泰,3.34,0.0,3.52,3.61,-1.94986072,3.7,3.51,5277/5521,3.61,3.7,3.51,3.52,5.292479,1.8815656E7,22,600082,20260331
600300.SH,维维股份,3.74,5.3521126760563495,3.52,3.59,-1.94986072,3.63,3.51,5277/5521,3.59,3.63,3.51,3.52,3.342618,2.910552E7,17,600300,20260331
600408.SH,安泰集团,3.3,-1.197604790419163,3.52,3.75,-6.63129973,3.78,3.5,5280/5521,3.75,3.78,3.5,3.52,7.427055,1.12085714E8,17,600408,20260331
002356.SZ,赫美集团,3.3,-0.3021148036253846,3.49,3.58,-2.78551532,3.63,3.49,5281/5521,3.58,3.63,3.49,3.49,3.899721,3.09173E7,33,002356,20260331
600180.SH,*ST瑞茂,2.91,-4.901960784313722,3.47,3.5,-1.69971671,3.61,3.47,5282/5521,3.5,3.61,3.47,3.47,3.966005,1.1734901E7,22,600180,20260331
600248.SH,陕建股份,3.48,-1.4164305949008449,3.48,3.47,0,3.53,3.46,5283/5521,3.47,3.53,3.46,3.48,2.011494,1.3647202E7,17,600248,20260331
002133.SZ,广宇集团,3.47,2.058823529411773,3.45,3.55,-1.70940171,3.59,3.45,5284/5521,3.55,3.59,3.45,3.45,3.988603,1.29942E7,33,002133,20260331
002437.SZ,誉衡药业,3.52,-2.7624309392265216,3.48,3.46,-0.28653295,3.56,3.45,5284/5521,3.46,3.56,3.45,3.48,3.151862,1.49169919E8,33,002437,20260331
600664.SH,哈药股份,3.58,-2.7173913043478284,3.52,3.44,2.02898551,3.57,3.44,5286/5521,3.44,3.57,3.44,3.52,3.768115,4.4381859E7,17,600664,20260331
601011.SH,宝泰隆,3.14,-0.946372239747628,3.45,3.62,-4.95867769,3.67,3.44,5286/5521,3.62,3.67,3.44,3.45,6.336088,9.6498868E7,17,601011,20260331
300256.SZ,星星科技,3.36,0.2985074626865608,3.43,3.49,-2,3.53,3.43,5288/5521,3.49,3.53,3.43,3.43,2.857142,1.900185E7,33,300256,20260331
600103.SH,青山纸业,4.46,-4.086021505376352,3.43,3.49,-1.71919771,3.55,3.43,5288/5521,3.49,3.55,3.43,3.43,3.438395,3.921346E7,17,600103,20260331
000615.SZ,*ST美谷,3.33,-0.892857142857137,3.5,3.42,2.04081633,3.6,3.42,5290/5521,3.42,3.6,3.42,3.5,5.247813,2.8457299E7,33,000615,20260331
002310.SZ,东方新能,3.06,-4.075235109717865,3.42,3.73,-10,3.77,3.42,5290/5521,3.73,3.77,3.42,3.42,9.210526,6.51701575E8,33,002310,20260331
002489.SZ,浙江永强,3.25,-2.6946107784431095,3.43,3.43,0,3.47,3.42,5290/5521,3.43,3.47,3.42,3.43,1.457725,1.7886733E7,33,002489,20260331
000523.SZ,红棉股份,3.45,0.5830903790087468,3.42,3.51,-2.28571429,3.6,3.41,5293/5521,3.51,3.6,3.41,3.42,5.428571,2.74043E7,33,000523,20260331
000563.SZ,陕国投A,3.26,-0.3058103975535239,3.39,3.4,-0.29411765,3.45,3.39,5294/5521,3.34,3.39,3.33,3.33,1.764705,4.8122088E7,33,000563,20260331
601188.SH,龙江交通,3.36,0.2985074626865608,3.4,3.42,-0.58479532,3.48,3.39,5294/5521,3.42,3.48,3.39,3.4,2.631578,1.6766621E7,17,601188,20260331
000068.SZ,华控赛格,3.28,0.0,3.39,3.44,-1.45348837,3.48,3.37,5296/5521,3.44,3.48,3.37,3.39,3.197674,1.0414595E7,33,000068,20260331
600665.SH,天地源,3.6,1.6949152542372896,3.39,3.42,-1.16618076,3.53,3.37,5296/5521,3.42,3.53,3.37,3.39,4.664723,1.18935E7,17,600665,20260331
601228.SH,广州港,3.24,-0.6134969325153243,3.38,3.41,-0.58823529,3.46,3.37,5296/5521,3.41,3.46,3.37,3.38,2.647058,2.4574132E7,17,601228,20260331
600448.SH,华纺股份,3.59,2.571428571428567,3.37,3.39,-0.5899705,3.49,3.36,5299/5521,3.39,3.49,3.36,3.37,3.834808,2.3738684E7,17,600448,20260331
600708.SH,光明地产,3.8,1.6042780748662997,3.36,3.44,-2.60869565,3.77,3.36,5299/5521,3.44,3.77,3.36,3.36,11.884057,4.8962687E7,17,600708,20260331
000889.SZ,中嘉博创,4.42,-8.108108108108103,3.36,3.48,-3.44827586,3.53,3.35,5301/5521,3.48,3.53,3.35,3.36,5.172413,2.7370934E7,33,000889,20260331
002081.SZ,金螳螂,5.9,10.074626865671641,3.36,3.37,-0.29673591,3.43,3.35,5301/5521,3.37,3.43,3.35,3.36,2.373887,1.86294E7,33,002081,20260331
002547.SZ,*ST春兴,3.02,-5.031446540880507,3.35,3.41,-1.75953079,3.45,3.35,5301/5521,3.41,3.45,3.35,3.35,2.932551,1.75005E7,33,002547,20260331
600654.SH,中安科,3.92,-3.4482758620689578,3.35,3.37,-1.179941,3.43,3.35,5301/5521,3.37,3.43,3.35,3.35,2.359882,3.5299177E7,17,600654,20260331
002425.SZ,凯撒文化,3.56,-0.28011204481792124,3.35,3.42,-1.47058824,3.46,3.34,5305/5521,3.42,3.46,3.34,3.35,3.529411,9774340,33,002425,20260331
600255.SH,鑫科材料,3.65,0.5509641873278242,3.35,3.4,-1.47058824,3.44,3.34,5305/5521,3.4,3.44,3.34,3.35,2.941176,3.61243E7,17,600255,20260331
000629.SZ,钒钛股份,3.64,-1.3550135501354965,3.33,3.43,-2.9154519,3.46,3.33,5307/5521,3.43,3.46,3.33,3.33,3.790087,1.06186792E8,33,000629,20260331
920370.BJ,新安洁,3.43,0.5865102639296192,3.36,3.43,-1.75438596,3.46,3.33,5307/5521,3.43,3.46,3.33,3.36,3.801169,1945194,151,920370,20260331
000839.SZ,国安股份,2.97,0.0,3.33,3.39,-1.7699115,3.45,3.32,5309/5521,3.39,3.45,3.32,3.33,3.834808,8.6730808E7,33,000839,20260331
300185.SZ,通裕重工,3.17,0.3164556962025249,3.33,3.53,-6.98324022,3.55,3.32,5309/5521,3.53,3.55,3.32,3.33,6.424581,3.67839372E8,33,300185,20260331
000820.SZ,*ST节能,3.75,-3.1007751937984525,3.32,3.38,-1.48367953,3.41,3.31,5311/5521,3.38,3.41,3.31,3.32,2.967359,3676634,33,000820,20260331
002377.SZ,国创高新,3.59,-2.710027100271005,3.3,3.45,-3.50877193,3.49,3.3,5312/5521,3.45,3.49,3.3,3.3,5.555555,2.36683E7,33,002377,20260331
600691.SH,潞化科技,3.35,-0.8875739644970356,3.31,3.52,-7.02247191,3.56,3.3,5312/5521,3.52,3.56,3.3,3.31,7.30337,1.26831151E8,17,600691,20260331
000816.SZ,智慧农业,3.23,0.6230529595015581,3.29,3.41,-3.23529412,3.42,3.29,5314/5521,3.41,3.42,3.29,3.29,3.823529,3.5822732E7,33,000816,20260331
002374.SZ,中锐股份,3.22,-0.30959752321980766,3.28,3.39,-1.5015015,3.4,3.27,5315/5521,3.39,3.4,3.27,3.28,3.903903,2.04828E7,33,002374,20260331
002726.SZ,ST龙大,2.86,-4.983388704318934,3.29,3.4,-2.66272189,3.46,3.27,5315/5521,3.4,3.46,3.27,3.29,5.621301,2.5968815E7,33,002726,20260331
002390.SZ,信邦制药,3.37,2.12121212121213,3.28,3.28,0,3.34,3.26,5317/5521,3.28,3.34,3.26,3.28,2.439024,3.0121014E7,33,002390,20260331
000016.SZ,*ST康佳A,3.24,-4.985337243401757,3.28,3.26,0.92307692,3.43,3.25,5318/5521,3.26,3.43,3.25,3.28,5.538461,5.0061348E7,33,000016,20260331
600293.SH,三峡新材,3.16,-0.3154574132492046,3.27,3.35,-1.5060241,3.39,3.25,5318/5521,3.35,3.39,3.25,3.27,4.216867,3.0194223E7,17,600293,20260331
000761.SZ,本钢板材,2.95,-2.6402640264026283,3.25,3.3,-1.81268882,3.36,3.24,5320/5521,3.3,3.36,3.24,3.25,3.625377,1.5181675E7,33,000761,20260331
600303.SH,曙光股份,3.31,0.6079027355623106,3.32,3.24,3.75,3.52,3.24,5320/5521,3.24,3.52,3.24,3.32,8.75,8.93408E7,17,600303,20260331
002102.SZ,ST能特,2.65,-5.01792114695341,3.24,3.31,-2.40963855,3.36,3.23,5322/5521,3.31,3.36,3.23,3.24,3.915662,4.87047E7,33,002102,20260331
600477.SH,杭萧钢构,3.02,-0.33003300330032304,3.24,3.24,-0.30769231,3.37,3.23,5322/5521,3.24,3.37,3.23,3.24,4.307692,6.766022E7,17,600477,20260331
600165.SH,ST宁科,3.38,-2.3121387283237014,3.35,3.39,-0.88757396,3.4,3.22,5324/5521,3.39,3.4,3.22,3.35,5.325443,1.5544778E7,22,600165,20260331
600280.SH,中央商场,3.18,2.2508038585209094,3.23,3.29,-1.52439024,3.33,3.21,5325/5521,3.29,3.33,3.21,3.23,3.658536,1.61441E7,17,600280,20260331
601818.SH,光大银行,3.12,-1.2658227848101276,3.21,3.25,-2.13414634,3.28,3.21,5325/5521,3.25,3.28,3.21,3.21,2.134146,3.6863394E8,17,601818,20260331
600807.SH,济高发展,3.13,2.2875816993463998,3.22,3.24,-0.61728395,3.32,3.2,5327/5521,3.24,3.32,3.2,3.22,3.703703,1.8303101E7,17,600807,20260331
300094.SZ,国联水产,3.17,4.96688741721854,3.18,3.26,-2.75229358,3.3,3.18,5328/5521,3.26,3.3,3.18,3.18,3.669724,2.94142E7,33,300094,20260331
000545.SZ,金浦钛业,3.02,-0.33003300330032304,3.16,3.4,-7.87172012,3.4,3.15,5329/5521,3.4,3.4,3.15,3.16,7.288629,8.8611264E7,33,000545,20260331
000008.SZ,神州高铁,2.69,-0.3703703703703789,3.27,3.25,10.1010101,3.27,3.13,5330/5521,3.25,3.27,3.13,3.27,4.713804,1.61755984E8,33,000008,20260331
000078.SZ,海王生物,,,3.14,3.16,-1.875,3.24,3.13,5330/5521,3.16,3.24,3.13,3.14,3.4375,5.890135E7,33,000078,20260331
300110.SZ,华仁药业,3.15,0.0,3.14,3.15,-0.63291139,3.22,3.13,5330/5521,3.15,3.22,3.13,3.14,2.848101,2.1835014E7,33,300110,20260331
600008.SH,首创环保,3.06,0.327868852459024,3.13,3.15,-0.63492063,3.2,3.13,5330/5521,3.15,3.2,3.13,3.13,2.222222,7.8332136E7,17,600008,20260331
600208.SH,衢州发展,4.55,9.903381642512082,3.15,3.14,-0.3164557,3.24,3.13,5330/5521,3.14,3.24,3.13,3.15,3.481012,6.3000616E7,17,600208,20260331
002822.SZ,ST中装,3.2,-1.538461538461533,3.13,3.18,-1.57232704,3.24,3.12,5335/5521,3.18,3.24,3.12,3.13,3.773584,1.06558E7,33,002822,20260331
601333.SH,广深铁路,3.22,5.228758169934645,3.17,3.12,1.27795527,3.23,3.12,5335/5521,3.12,3.23,3.12,3.17,3.514376,9.195039E7,17,601333,20260331
002589.SZ,瑞康医药,3.18,-2.153846153846149,3.12,3.14,-0.95238095,3.18,3.11,5337/5521,3.14,3.18,3.11,3.12,2.222222,3.78105E7,33,002589,20260331
600159.SH,大龙地产,3.33,2.461538461538464,3.13,3.16,-0.94936709,3.25,3.11,5337/5521,3.16,3.25,3.11,3.13,4.430379,1.8853E7,17,600159,20260331
600981.SH,苏豪汇鸿,2.85,-0.3496503496503422,3.12,3.14,-0.63694268,3.19,3.11,5337/5521,3.14,3.19,3.11,3.12,2.54777,1.97242E7,17,600981,20260331
002175.SZ,*ST东智,2.75,-4.84429065743945,3.11,3.18,-1.89274448,3.22,3.1,5340/5521,3.18,3.22,3.1,3.11,3.785488,3.450256E7,33,002175,20260331
600017.SH,日照港,2.96,-1.0033444816053594,3.09,3.1,0,3.2,3.08,5341/5521,3.1,3.2,3.08,3.09,3.883495,6.1011762E7,17,600017,20260331
000927.SZ,中国铁物,2.81,-1.0563380281690073,3.34,3.09,9.86842105,3.34,3.07,5342/5521,3.09,3.34,3.07,3.34,8.881578,1.85592161E8,33,000927,20260331
002656.SZ,*ST摩登,3.22,-0.30959752321980766,3.09,3.09,0.6514658,3.21,3.07,5342/5521,3.09,3.21,3.07,3.09,4.56026,1.60106E7,33,002656,20260331
002694.SZ,*ST顾地,2.88,-4.950495049504948,3.08,3.15,-3.75,3.24,3.07,5342/5521,3.15,3.24,3.07,3.08,5.3125,1.410092E7,33,002694,20260331
300159.SZ,*ST新研,3.37,-1.1730205278592385,3.09,3.12,-0.32258065,3.15,3.07,5342/5521,3.12,3.15,3.07,3.09,2.580645,1.7412334E7,33,300159,20260331
600365.SH,ST通葡,3.09,0.32467532467531773,3.08,3.11,-1.59744409,3.21,3.07,5342/5521,3.11,3.21,3.07,3.08,4.472843,5671700,22,600365,20260331
002958.SZ,青农商行,3.04,-0.9771986970683976,3.06,3.06,-0.3257329,3.12,3.06,5347/5521,3.06,3.12,3.06,3.06,1.954397,5.52162E7,33,002958,20260331
002021.SZ,中捷资源,3.18,6.000000000000004,3.15,3.06,2.94117647,3.27,3.05,5348/5521,3.06,3.27,3.05,3.15,7.189542,6.7223362E7,33,002021,20260331
002239.SZ,奥特佳,2.89,-0.3448275862068892,3.05,3.05,-0.32679739,3.1,3.04,5349/5521,3.05,3.1,3.04,3.05,1.960784,5.983201E7,33,002239,20260331
600939.SH,重庆建工,3.05,2.693602693602681,3.11,3.04,1.63398693,3.15,3.04,5349/5521,3.04,3.15,3.04,3.11,3.594771,1.92966E7,17,600939,20260331
601718.SH,际华集团,2.93,0.0,3.07,3.05,0.32679739,3.11,3.04,5349/5521,3.05,3.11,3.04,3.07,2.287581,4.32925E7,17,601718,20260331
002157.SZ,正邦科技,3.47,5.151515151515163,3.04,3.08,-0.65359477,3.1,3.03,5352/5521,3.08,3.1,3.03,3.04,2.287581,1.05315218E8,33,002157,20260331
600381.SH,*ST春天,3.59,4.970760233918127,3.05,3.13,1.66666667,3.15,3.01,5353/5521,3.13,3.15,3.01,3.05,4.666666,1.2357962E7,22,600381,20260331
002470.SZ,金正大,2.83,-3.7414965986394515,3.0,3.15,-6.83229814,3.25,3,5354/5521,3.15,3.25,3,3.0,7.763975,4.302035E8,33,002470,20260331
601618.SH,中国中冶,2.93,-1.013513513513507,3.0,3.02,-1.63934426,3.05,3,5354/5521,3.02,3.05,3,3.0,1.639344,1.6555754E8,17,601618,20260331
601916.SH,浙商银行,2.97,0.33783783783784566,3.0,3.06,-2.91262136,3.07,3,5354/5521,3.06,3.07,3,3.0,2.265372,2.83575974E8,17,601916,20260331
002285.SZ,世联行,3.12,3.654485049833898,3.01,3.07,-1.31147541,3.13,2.99,5357/5521,3.07,3.13,2.99,3.01,4.590163,6.29848E7,33,002285,20260331
600243.SH,*ST海华,4.16,3.740648379052378,2.99,3.05,-0.99337748,3.12,2.99,5357/5521,3.05,3.12,2.99,2.99,4.304635,5981100,22,600243,20260331
600657.SH,信达地产,3.11,1.3029315960912065,3.01,3.01,0,3.11,2.99,5357/5521,3.01,3.11,2.99,3.01,3.98671,1.61777E7,17,600657,20260331
300091.SZ,*ST金灵,3.26,2.839116719242898,2.99,2.98,0,3.01,2.98,5360/5521,2.98,3.01,2.98,2.99,1.003344,1.07935E7,33,300091,20260331
601929.SH,吉视传媒,2.91,0.6920415224913501,2.99,3.03,-1.32013201,3.09,2.98,5360/5521,3.03,3.09,2.98,2.99,3.630363,6.5860887E7,17,601929,20260331
000797.SZ,中国武夷,2.9,3.9426523297490994,3.03,2.97,2.02020202,3.13,2.97,5362/5521,2.97,3.13,2.97,3.03,5.387205,8.3392078E7,33,000797,20260331
601518.SH,吉林高速,2.93,-1.013513513513507,2.98,2.97,0.33670034,3.04,2.97,5362/5521,2.97,3.04,2.97,2.98,2.356902,1.8474424E7,17,601518,20260331
000518.SZ,*ST四环,2.91,1.0416666666666754,2.95,2.99,-1.00671141,3.01,2.95,5364/5521,2.99,3.01,2.95,2.95,2.013422,9226610,33,000518,20260331
002542.SZ,*ST中岩,1.75,-2.7777777777777803,3.28,2.97,10.06711409,3.28,2.95,5364/5521,2.97,3.28,2.95,3.28,11.073825,3.7159105E7,33,002542,20260331
688287.SH,*ST观典,0.93,0.0,2.98,3.18,-4.48717949,3.18,2.94,5366/5521,3.18,3.18,2.94,2.98,7.692307,8657117,22,688287,20260331
002486.SZ,嘉麟杰,2.91,-1.6891891891891833,2.93,2.99,-1.34680135,3.02,2.92,5367/5521,2.99,3.02,2.92,2.93,3.367003,2.32207E7,33,002486,20260331
002122.SZ,ST汇洲,2.98,-0.33444816053512477,2.92,2.92,0,2.97,2.91,5368/5521,2.92,2.97,2.91,2.92,2.054794,2.13002E7,33,002122,20260331
000031.SZ,大悦城,3.06,3.0303030303030254,2.91,2.96,-1.68918919,3.01,2.9,5369/5521,2.96,3.01,2.9,2.91,3.716216,1.74503E7,33,000031,20260331
000560.SZ,我爱我家,2.97,1.0204081632653146,2.91,2.97,-0.34246575,3,2.9,5369/5521,2.97,3,2.9,2.91,3.424657,1.05730775E8,33,000560,20260331
600166.SH,福田汽车,3.53,-4.594594594594604,2.94,2.91,1.03092784,3.03,2.9,5369/5521,2.91,3.03,2.9,2.94,4.467353,1.54161026E8,17,600166,20260331
601868.SH,中国能建,2.83,-0.7017543859649129,2.9,3.02,-3.97350993,3.03,2.89,5372/5521,3.02,3.03,2.89,2.9,4.635761,9.59273536E8,17,601868,20260331
002721.SZ,金一文化,3.07,4.42176870748299,2.89,2.95,-2.03389831,2.98,2.88,5373/5521,2.95,2.98,2.88,2.89,3.38983,3.532E7,33,002721,20260331
600491.SH,龙元建设,1.99,0.0,2.91,2.93,-1.02040816,3.13,2.87,5374/5521,2.93,3.13,2.87,2.91,8.843537,3.32491E7,17,600491,20260331
600688.SH,上海石化,3.11,6.872852233676966,2.88,2.96,-2.7027027,2.99,2.87,5374/5521,2.96,2.99,2.87,2.88,4.054054,4.8978951E7,17,600688,20260331
600608.SH,*ST沪科,2.07,0.0,2.88,2.98,-3.67892977,3.05,2.86,5376/5521,2.98,3.05,2.86,2.88,6.354515,3378500,22,600608,20260331
002247.SZ,聚力文化,2.88,-0.3460207612456827,2.87,2.9,-1.37457045,2.95,2.85,5377/5521,2.9,2.95,2.85,2.87,3.436426,2.1806692E7,33,002247,20260331
600871.SH,石化油服,2.72,0.7407407407407414,2.84,2.91,-2.73972603,2.94,2.83,5378/5521,2.91,2.94,2.83,2.84,3.767123,1.41546675E8,17,600871,20260331
600935.SH,华塑股份,2.67,-0.3731343283582175,2.84,2.95,-4.05405405,2.96,2.83,5378/5521,2.95,2.96,2.83,2.84,4.391891,6.97384E7,17,600935,20260331
000620.SZ,盈新发展,2.8,-0.3558718861210047,2.83,2.89,-2.4137931,2.93,2.82,5380/5521,2.89,2.93,2.82,2.83,3.793103,1.42538E8,33,000620,20260331
002431.SZ,ST棕榈,2.08,-5.022831050228305,2.86,2.87,-1.03806228,2.98,2.82,5380/5521,2.87,2.98,2.82,2.86,5.536332,9.734844E7,33,002431,20260331
603077.SH,和邦生物,2.96,-2.6315789473684235,2.81,2.94,-4.42176871,2.96,2.81,5382/5521,2.94,2.96,2.81,2.81,5.10204,3.22024945E8,17,603077,20260331
002127.SZ,南极电商,3.03,0.0,2.8,2.81,-0.35587189,2.86,2.79,5383/5521,2.81,2.86,2.79,2.8,2.491103,2.03786E7,33,002127,20260331
600581.SH,*ST八钢,2.82,1.0752688172042941,2.79,2.79,4.88721805,2.79,2.79,5383/5521,2.79,2.79,2.79,2.79,0,6.8313469E7,22,600581,20260331
000488.SZ,ST晨鸣,2.57,-1.9083969465648956,2.78,2.88,-3.47222222,2.95,2.77,5385/5521,2.88,2.95,2.77,2.78,6.25,4.7127927E7,33,000488,20260331
601860.SH,紫金银行,2.69,-0.3703703703703789,2.78,2.77,0.72463768,2.81,2.76,5386/5521,2.77,2.81,2.76,2.78,1.811594,4.3450213E7,17,601860,20260331
002622.SZ,皓宸医疗,2.8,1.449275362318842,2.76,2.8,-1.07526882,2.85,2.75,5387/5521,2.8,2.85,2.75,2.76,3.584229,1.67862E7,33,002622,20260331
002005.SZ,ST德豪,2.89,-1.0273972602739658,2.73,2.79,-1.44404332,2.8,2.73,5388/5521,2.79,2.8,2.73,2.73,2.527075,7249800,33,002005,20260331
600170.SH,上海建工,2.7,1.123595505617987,2.74,2.74,-0.36363636,2.78,2.73,5388/5521,2.74,2.78,2.73,2.74,1.818181,1.434619E8,17,600170,20260331
600383.SH,金地集团,2.9,1.04529616724738,2.73,2.75,-0.72727273,2.8,2.72,5390/5521,2.75,2.8,2.72,2.73,2.90909,5.2861525E7,17,600383,20260331
600568.SH,ST中珠,2.66,-2.2058823529411784,2.73,2.76,0.36764706,2.78,2.71,5391/5521,2.76,2.78,2.71,2.73,2.573529,1.67044E7,22,600568,20260331
601866.SH,中远海发,2.66,-1.4814814814814827,2.7,2.74,-1.0989011,2.77,2.69,5392/5521,2.74,2.77,2.69,2.7,2.930402,9.1421379E7,17,601866,20260331
002210.SZ,飞马国际,2.98,-9.969788519637465,2.7,2.76,-1.81818182,2.79,2.68,5393/5521,2.76,2.79,2.68,2.7,4,4.9231395E7,33,002210,20260331
000639.SZ,ST西王,2.03,-5.140186915887865,2.69,2.8,-6.59722222,2.93,2.67,5394/5521,2.8,2.93,2.67,2.69,9.027777,1.76126032E8,33,000639,20260331
002495.SZ,佳隆股份,2.72,-0.3663003663003585,2.67,2.7,-0.74349442,2.74,2.66,5395/5521,2.7,2.74,2.66,2.67,2.973977,2.2669809E7,33,002495,20260331
300198.SZ,*ST纳川,2.55,1.5936254980079696,2.65,2.73,-3.63636364,2.76,2.65,5396/5521,2.73,2.76,2.65,2.65,4,1.55074E7,33,300198,20260331
600117.SH,西宁特钢,2.61,0.7722007722007729,2.65,2.66,-0.74906367,2.7,2.64,5397/5521,2.66,2.7,2.64,2.65,2.247191,1.6552E7,17,600117,20260331
000552.SZ,甘肃能化,2.88,-1.7064846416382342,2.64,2.75,-5.03597122,2.78,2.63,5398/5521,2.75,2.78,2.63,2.64,5.395683,1.502973E8,33,000552,20260331
002607.SZ,中公教育,2.65,3.112840466926073,2.62,2.66,-1.13207547,2.7,2.62,5399/5521,2.66,2.7,2.62,2.62,3.018867,9.0598933E7,33,002607,20260331
600675.SH,中华企业,2.58,0.7812500000000007,2.63,2.64,-0.37878788,2.7,2.62,5399/5521,2.64,2.7,2.62,2.63,3.030303,2.8019633E7,17,600675,20260331
000793.SZ,*ST华闻,2.73,-0.727272727272728,2.62,2.67,-1.87265918,2.73,2.61,5401/5521,2.67,2.73,2.61,2.62,4.494382,1.583667E7,33,000793,20260331
000727.SZ,冠捷科技,2.65,-0.3759398496240688,2.6,2.67,-3.34572491,2.69,2.59,5402/5521,2.67,2.69,2.59,2.6,3.717472,7.9599672E7,33,000727,20260331
000903.SZ,ST云动,2.19,-3.524229074889871,2.61,2.59,1.1627907,2.7,2.59,5402/5521,2.59,2.7,2.59,2.61,4.263565,3.960502E7,33,000903,20260331
002421.SZ,达实智能,2.9,3.9426523297490994,2.59,2.65,-2.26415094,2.7,2.59,5402/5521,2.65,2.7,2.59,2.59,4.150943,3.5675494E7,33,002421,20260331
300266.SZ,兴源环境,2.43,-2.0161290322580574,2.61,2.71,-3.6900369,2.72,2.59,5402/5521,2.71,2.72,2.59,2.61,4.797047,2.7565E7,33,300266,20260331
300477.SZ,ST合纵,2.76,12.653061224489779,2.58,2.67,-3.37078652,2.71,2.58,5406/5521,2.67,2.71,2.58,2.58,4.868913,2.71823E7,33,300477,20260331
600337.SH,美克家居,2.89,0.0,2.57,2.64,-3.38345865,2.68,2.57,5407/5521,2.64,2.68,2.57,2.57,4.135338,3.1765863E7,17,600337,20260331
600439.SH,瑞贝卡,2.62,0.0,2.58,2.6,-1.14942529,2.66,2.57,5407/5521,2.6,2.66,2.57,2.58,3.448275,1.4028376E7,17,600439,20260331
300370.SZ,安控科技,2.58,0.0,2.56,2.64,-3.03030303,2.66,2.56,5409/5521,2.64,2.66,2.56,2.56,3.787878,2.87219E7,33,300370,20260331
600816.SH,建元信托,2.94,6.5217391304347885,2.56,2.58,-0.7751938,2.63,2.56,5409/5521,2.58,2.63,2.56,2.56,2.713178,2.9789291E7,17,600816,20260331
000402.SZ,金融街,3.17,10.069444444444446,2.56,2.58,-0.38910506,2.62,2.55,5411/5521,2.58,2.62,2.55,2.56,2.723735,1.499302E7,33,000402,20260331
600527.SH,江南高纤,2.95,4.609929078014197,2.56,2.59,-1.53846154,2.64,2.54,5412/5521,2.59,2.64,2.54,2.56,3.846153,9.546756E7,17,600527,20260331
600622.SH,光大嘉宝,2.67,2.2988505747126458,2.56,2.57,-0.38910506,2.62,2.54,5412/5521,2.57,2.62,2.54,2.56,3.11284,2.3076556E7,17,600622,20260331
601996.SH,丰林集团,2.72,0.0,2.59,2.54,1.96850394,2.72,2.54,5412/5521,2.54,2.72,2.54,2.59,7.086614,5.4504072E7,17,601996,20260331
600252.SH,中恒集团,2.46,-1.6000000000000014,2.55,2.54,0,2.6,2.53,5415/5521,2.54,2.6,2.53,2.55,2.745098,4.9050303E7,17,600252,20260331
600533.SH,栖霞建设,2.58,3.614457831325295,2.54,2.56,0,2.63,2.53,5415/5521,2.56,2.63,2.53,2.54,3.937007,2.1991731E7,17,600533,20260331
600010.SH,包钢股份,2.7,-2.173913043478247,2.51,2.56,-1.953125,2.58,2.5,5417/5521,2.56,2.58,2.5,2.51,3.125,6.2433882E8,17,600010,20260331
000717.SZ,中南股份,2.48,-0.40160642570282046,2.49,2.52,-1.58102767,2.57,2.48,5418/5521,2.52,2.57,2.48,2.49,3.557312,2.9054202E7,33,000717,20260331
002219.SZ,新里程,2.31,-1.2820512820512737,2.5,2.54,-1.57480315,2.58,2.48,5418/5521,2.54,2.58,2.48,2.5,3.937007,1.36878457E8,33,002219,20260331
002314.SZ,南山控股,2.52,2.024291497975701,2.49,2.53,-1.19047619,2.59,2.48,5418/5521,2.53,2.59,2.48,2.49,4.365079,3.1410841E7,33,002314,20260331
600467.SH,好当家,2.45,2.510460251046027,2.46,2.49,-1.6,2.53,2.45,5421/5521,2.49,2.53,2.45,2.46,3.2,3.52706E7,17,600467,20260331
000785.SZ,居然智家,2.58,-1.5267175572519096,2.45,2.47,-1.6064257,2.53,2.44,5422/5521,2.47,2.53,2.44,2.45,3.614457,4.94522E7,33,000785,20260331
600512.SH,腾达建设,2.4,-1.234567901234578,2.55,2.45,4.08163265,2.68,2.44,5422/5521,2.45,2.68,2.44,2.55,9.795918,1.19229898E8,17,600512,20260331
600503.SH,华丽家族,2.57,1.984126984126977,2.43,2.47,-1.2195122,2.54,2.43,5424/5521,2.47,2.54,2.43,2.43,4.471544,2.0496823E7,17,600503,20260331
603030.SH,全筑股份,2.65,9.958506224066381,2.44,2.48,-1.61290323,2.52,2.43,5424/5521,2.48,2.52,2.43,2.44,3.629032,1.6673E7,17,603030,20260331
600322.SH,津投城开,2.73,10.080645161290322,2.44,2.49,-2.4,2.53,2.42,5426/5521,2.49,2.53,2.42,2.44,4.4,3.174997E7,17,600322,20260331
600370.SH,*ST三房,2.54,-4.8689138576778985,2.42,2.54,-4.72440945,2.57,2.41,5427/5521,2.54,2.57,2.41,2.42,6.299212,1.40445485E8,22,600370,20260331
601828.SH,美凯龙,2.67,2.692307692307686,2.42,2.41,0.41493776,2.48,2.41,5427/5521,2.41,2.48,2.41,2.42,2.904564,1.7283473E7,17,601828,20260331
600169.SH,ST太重,2.39,-0.4166666666666578,2.45,2.39,2.51046025,2.51,2.39,5429/5521,2.39,2.51,2.39,2.45,5.02092,4.4885835E7,22,600169,20260331
000980.SZ,众泰汽车,2.52,10.043668122270741,2.38,2.38,-0.83333333,2.48,2.38,5430/5521,2.38,2.48,2.38,2.38,4.166666,1.04141001E8,33,000980,20260331
300152.SZ,*ST动力,2.0,12.35955056179775,2.4,2.49,-4,2.51,2.38,5430/5521,2.49,2.51,2.38,2.4,5.2,3.0873E7,33,300152,20260331
000898.SZ,鞍钢股份,2.29,-1.716738197424894,2.37,2.39,-0.83682008,2.43,2.36,5432/5521,2.39,2.43,2.36,2.37,2.92887,4.389343E7,33,000898,20260331
002217.SZ,合力泰,2.89,-5.8631921824104145,2.36,2.4,-2.0746888,2.43,2.36,5432/5521,2.4,2.43,2.36,2.36,2.904564,1.287527E8,33,002217,20260331
002323.SZ,*ST雅博,1.67,-5.113636363636368,2.36,2.55,-7.45098039,2.57,2.36,5432/5521,2.55,2.57,2.36,2.36,8.235294,2.11533456E8,33,002323,20260331
002124.SZ,天邦食品,2.61,-1.5094339622641524,2.36,2.41,-2.47933884,2.44,2.35,5435/5521,2.41,2.44,2.35,2.36,3.719008,3.320076E7,33,002124,20260331
000709.SZ,河钢股份,2.33,-4.115226337448563,2.33,2.38,-1.68776371,2.41,2.33,5436/5521,2.38,2.41,2.33,2.33,3.375527,1.00116773E8,33,000709,20260331
300237.SZ,ST美晨,2.29,-0.43478260869564295,2.33,2.38,-2.51046025,2.41,2.32,5437/5521,2.38,2.41,2.32,2.33,3.76569,2.37305E7,33,300237,20260331
688538.SH,和辉光电,2.26,0.0,2.28,2.3,-1.2987013,2.33,2.28,5438/5521,2.3,2.33,2.28,2.28,2.164502,4.766275E7,17,688538,20260331
001227.SZ,兰州银行,2.23,-0.8888888888888897,2.27,2.28,-0.43859649,2.31,2.26,5439/5521,2.28,2.31,2.26,2.27,2.192982,7.241526E7,33,001227,20260331
002663.SZ,普邦股份,2.21,4.739336492891,2.27,2.33,-2.99145299,2.37,2.26,5439/5521,2.33,2.37,2.26,2.27,4.700854,3.61394E7,33,002663,20260331
002306.SZ,*ST云网,2.39,-1.2396694214875952,2.27,2.32,-1.30434783,2.35,2.25,5441/5521,2.32,2.35,2.25,2.27,4.347826,2.5843301E7,33,002306,20260331
600569.SH,安阳钢铁,2.09,-3.6866359447004644,2.23,2.26,-2.19298246,2.3,2.22,5442/5521,2.26,2.3,2.22,2.23,3.508771,3.8068862E7,17,600569,20260331
601010.SH,ST文峰,2.21,-5.150214592274683,2.22,2.24,-1.33333333,2.29,2.22,5442/5521,2.24,2.29,2.22,2.22,3.111111,2.02676E7,22,601010,20260331
002305.SZ,*ST南置,2.23,-0.4464285714285817,2.22,2.18,1.83486239,2.28,2.18,5444/5521,2.18,2.28,2.18,2.22,4.587155,3.43099E7,33,002305,20260331
000069.SZ,华侨城A,2.26,0.444444444444435,2.17,2.18,0,2.25,2.17,5445/5521,2.18,2.25,2.17,2.17,3.686635,4.633346E7,33,000069,20260331
000838.SZ,*ST发展,1.95,4.838709677419347,2.14,2.21,-2.72727273,2.27,2.14,5446/5521,2.21,2.27,2.14,2.14,5.90909,2.63842E7,33,000838,20260331
002321.SZ,华英农业,2.13,0.4716981132075371,2.15,2.2,-2.71493213,2.24,2.14,5446/5521,2.2,2.24,2.14,2.15,4.524886,2.92654E7,33,002321,20260331
600239.SH,ST云城,1.93,-4.9261083743842295,2.15,2.19,-1.37614679,2.23,2.14,5446/5521,2.19,2.23,2.14,2.15,4.12844,1.8808935E7,22,600239,20260331
600400.SH,红豆股份,2.76,9.9601593625498,2.14,2.17,-1.83486239,2.22,2.14,5446/5521,2.17,2.22,2.14,2.14,3.669724,2.2867568E7,17,600400,20260331
002086.SZ,东方海洋,2.05,0.9852216748768483,2.12,2.16,-1.85185185,2.19,2.11,5450/5521,2.16,2.19,2.11,2.12,3.703703,4.97849E7,33,002086,20260331
000718.SZ,苏宁环球,2.19,1.8604651162790715,2.11,2.14,-0.93896714,2.18,2.1,5451/5521,2.14,2.18,2.1,2.11,3.755868,3.15035E7,33,000718,20260331
000897.SZ,津滨发展,2.18,1.395348837209314,2.11,2.12,-0.47169811,2.17,2.1,5451/5521,2.12,2.17,2.1,2.11,3.301886,3.308882E7,33,000897,20260331
000926.SZ,福星股份,2.13,2.898550724637684,2.1,2.11,-0.47393365,2.18,2.09,5453/5521,2.11,2.18,2.09,2.1,4.265402,3.0427468E7,33,000926,20260331
002076.SZ,*ST星光,2.19,-4.36681222707424,2.06,2.11,-1.4354067,2.19,2.06,5454/5521,2.11,2.19,2.06,2.06,6.220095,4.0251102E7,33,002076,20260331
002630.SZ,*ST华西,1.99,-4.784688995215305,2.07,2.07,-0.48076923,2.16,2.06,5454/5521,2.07,2.16,2.06,2.07,4.807692,4.703E7,33,002630,20260331
002501.SZ,*ST利源,1.48,-5.128205128205132,2.07,2.07,1.47058824,2.16,2.05,5456/5521,2.07,2.16,2.05,2.07,5.392156,2.95042806E8,33,002501,20260331
600231.SH,凌钢股份,2.17,-3.555555555555559,2.06,2.09,-1.4354067,2.12,2.04,5457/5521,2.09,2.12,2.04,2.06,3.827751,2.722815E7,17,600231,20260331
000826.SZ,*ST启环,1.96,1.5544041450777217,2.03,2.12,-3.79146919,2.14,2.02,5458/5521,2.12,2.14,2.02,2.03,5.687203,4.7164318E7,33,000826,20260331
600307.SH,酒钢宏兴,1.77,-1.117318435754191,2.01,2.11,-5.18867925,2.13,2,5459/5521,2.11,2.13,2,2.01,6.132075,2.18566442E8,17,600307,20260331
000056.SZ,*ST皇庭,1.74,-4.91803278688525,2.01,1.98,0.5,2.1,1.98,5460/5521,1.98,2.1,1.98,2.01,6,7.6571036E7,33,000056,20260331
600715.SH,文投控股,2.04,-0.48780487804877015,1.98,1.99,-1,2.04,1.98,5460/5521,1.99,2.04,1.98,1.98,3,3.0429607E7,17,600715,20260331
000517.SZ,荣安地产,2.02,1.0000000000000009,1.95,1.99,-1.51515152,2.04,1.95,5462/5521,1.99,2.04,1.95,1.95,4.545454,2.3466519E7,33,000517,20260331
002496.SZ,*ST辉丰,2.12,-1.3953488372092933,1.93,1.94,-0.51546392,2,1.93,5463/5521,1.94,2,1.93,1.93,3.608247,2.72456E7,33,002496,20260331
600743.SH,华远控股,2.47,2.9166666666666785,1.93,1.96,-1.53061224,1.99,1.92,5464/5521,1.96,1.99,1.92,1.93,3.571428,1.4518028E7,17,600743,20260331
600136.SH,ST明诚,1.79,0.0,1.9,1.95,-5,1.99,1.9,5465/5521,1.95,1.99,1.9,1.9,4.5,8.9638469E7,22,600136,20260331
600187.SH,国中水务,1.84,0.0,1.88,1.91,-2.08333333,1.96,1.88,5466/5521,1.91,1.96,1.88,1.88,4.166666,2.496255E7,17,600187,20260331
002936.SZ,郑州银行,1.83,-1.081081081081082,1.86,1.88,-1.06382979,1.9,1.86,5467/5521,1.88,1.9,1.86,1.86,2.127659,1.08200894E8,33,002936,20260331
000564.SZ,供销大集,1.75,0.5747126436781614,1.85,1.9,-2.63157895,1.94,1.84,5468/5521,1.9,1.94,1.84,1.85,5.263157,3.04643257E8,33,000564,20260331
600157.SH,永泰能源,1.77,-1.117318435754191,1.8,1.86,-4.25531915,1.89,1.8,5469/5521,1.86,1.89,1.8,1.8,4.787234,1.15336145E9,17,600157,20260331
600653.SH,申华控股,1.84,0.5464480874316945,1.79,1.82,-1.64835165,1.85,1.79,5470/5521,1.82,1.85,1.79,1.79,3.296703,2.0684225E7,17,600653,20260331
601992.SH,金隅集团,1.66,-2.3529411764705905,1.8,1.83,-2.17391304,1.86,1.79,5470/5521,1.83,1.86,1.79,1.8,3.804347,8.6951923E7,17,601992,20260331
600162.SH,香江控股,1.89,4.999999999999992,1.78,1.8,-1.65745856,1.86,1.78,5472/5521,1.8,1.86,1.78,1.78,4.419889,3.1623105E7,17,600162,20260331
601588.SH,北辰实业,2.0,9.890109890109885,1.77,1.78,-1.11731844,1.85,1.76,5473/5521,1.78,1.85,1.76,1.77,5.027932,3.82852E7,17,601588,20260331
300197.SZ,节能铁汉,1.69,1.8072289156626522,1.75,1.81,-2.77777778,1.83,1.75,5474/5521,1.81,1.83,1.75,1.75,4.444444,5.3084307E7,33,300197,20260331
600518.SH,康美药业,1.71,-1.1560693641618507,1.77,1.76,0.56818182,1.79,1.75,5474/5521,1.76,1.79,1.75,1.77,2.272727,1.87565509E8,17,600518,20260331
002482.SZ,广田集团,1.71,0.5882352941176476,1.69,1.71,-0.58823529,1.74,1.69,5476/5521,1.71,1.74,1.69,1.69,2.941176,5.4808416E7,33,002482,20260331
002269.SZ,美邦服饰,1.7,6.918238993710684,1.67,1.7,-1.76470588,1.73,1.66,5477/5521,1.7,1.73,1.66,1.67,4.117647,5.7200186E7,33,002269,20260331
000882.SZ,华联股份,1.65,1.226993865030676,1.64,1.68,-2.38095238,1.71,1.64,5478/5521,1.68,1.71,1.64,1.64,4.166666,5.9651102E7,33,000882,20260331
600881.SH,亚泰集团,1.56,-1.2658227848101276,1.65,1.68,-1.19760479,1.7,1.64,5478/5521,1.68,1.7,1.64,1.65,3.592814,3.7019311E7,17,600881,20260331
601880.SH,辽港股份,1.64,-1.7964071856287442,1.64,1.66,-1.20481928,1.69,1.63,5480/5521,1.66,1.69,1.63,1.64,3.614457,1.63849505E8,17,601880,20260331
002717.SZ,*ST岭南,1.37,-3.521126760563368,1.63,1.64,0,1.66,1.62,5481/5521,1.64,1.66,1.62,1.63,2.453987,3.766965E7,33,002717,20260331
300027.SZ,ST华谊,1.82,4.5977011494252915,1.61,1.62,-0.61728395,1.71,1.6,5482/5521,1.62,1.71,1.6,1.61,6.790123,1.09170173E8,33,300027,20260331
600696.SH,*ST岩石,1.31,0.0,1.61,1.62,0,1.67,1.6,5482/5521,1.62,1.67,1.6,1.61,4.347826,3301232,22,600696,20260331
600567.SH,山鹰国际,1.45,-1.3605442176870761,1.54,1.55,-0.64516129,1.57,1.53,5484/5521,1.55,1.57,1.53,1.54,2.580645,6.9719917E7,17,600567,20260331
600022.SH,山东钢铁,1.44,-1.3698630136986314,1.52,1.54,-1.2987013,1.56,1.52,5485/5521,1.54,1.56,1.52,1.52,2.597402,1.1646219E8,17,600022,20260331
600606.SH,绿地控股,1.57,6.80272108843538,1.52,1.53,0,1.56,1.51,5486/5521,1.53,1.56,1.51,1.52,3.289473,6.9346996E7,17,600606,20260331
600221.SH,海航控股,1.51,4.861111111111116,1.45,1.46,-0.68493151,1.48,1.44,5487/5521,1.46,1.48,1.44,1.45,2.739726,2.5407579E8,17,600221,20260331
002146.SZ,荣盛发展,1.35,1.5037593984962419,1.43,1.45,-1.37931034,1.48,1.43,5488/5521,1.45,1.48,1.43,1.43,3.448275,9.41589E7,33,002146,20260331
601005.SH,重庆钢铁,1.4,-0.7092198581560291,1.42,1.43,-1.38888889,1.46,1.42,5489/5521,1.43,1.46,1.42,1.42,2.777777,1.151403E8,17,601005,20260331
002024.SZ,ST易购,1.34,1.5151515151515165,1.43,1.41,-2.72108844,1.45,1.4,5490/5521,1.41,1.45,1.4,1.43,3.40136,8.6673993E7,33,002024,20260331
600340.SH,华夏幸福,1.28,0.0,1.39,1.4,-1.41843972,1.43,1.38,5491/5521,1.4,1.43,1.38,1.39,3.546099,8.4086931E7,17,600340,20260331
000656.SZ,*ST金科,1.4,0.0,1.36,1.37,-0.72992701,1.41,1.36,5492/5521,1.37,1.41,1.36,1.36,3.649635,1.0030715E8,33,000656,20260331
000638.SZ,*ST万方,,,1.34,1.34,-4.96453901,1.36,1.34,5493/5521,1.34,1.36,1.34,1.34,1.418439,7588100,33,000638,20260331
