股票代码,股票简称,最新价,最新涨跌幅,p_925,p_open,p_close,chg_pct,涨跌幅:前复权排名[20260415],p_high,p_low,p_high,p_low,分时开盘价:不复权[20260430 09:25],分时最高价:不复权[20260430 09:25],分时最低价:不复权[20260430 09:25],分时振幅[20260430 09:25],开盘价:前复权[20260415],最高价:前复权[20260415],最低价:前复权[20260415],收盘价:前复权[20260415],振幅[20260415],成交量[20260415],market_code,code,date
688805.SH,健信超导,51.98,-3.221001675665619,52.82,52.82,56.92,20.00843348,2/5521,53.99,51.7,56.92,49.09,52.82,52.82,52.82,0,49.09,56.92,49.09,56.92,16.508538,9423112,17,688805,20260415
301189.SZ,奥尼电子,81.3,0.2713369511593474,81.21,81.21,86.39,20.00277816,3/5521,86.36,78.81,86.39,83,81.21,81.21,81.21,0,84.59,86.39,83,86.39,4.708987,1.3308207E7,33,301189,20260415
688166.SH,博瑞医药,63.1,6.768189509306261,59.4,59.4,57.66,20,4/5521,65.5,59.4,57.66,47.31,59.4,59.4,59.4,0,48.6,57.66,47.31,57.66,21.540062,2.8486908E7,17,688166,20260415
301408.SZ,华人健康,21.37,1.8103858980467011,20.71,20.71,20.78,19.97690531,5/5521,21.59,20.46,20.78,17.63,20.71,20.71,20.71,0,17.63,20.78,17.63,20.78,18.187066,6.5099846E7,33,301408,20260415
300097.SZ,智云股份,10.73,-2.2768670309653913,11.08,11.08,9.83,17.4432497,6/5521,11.15,10.69,10.04,8.33,11.08,11.08,11.08,0,8.36,10.04,8.33,9.83,20.430107,5.583986E7,33,300097,20260415
301017.SZ,漱玉平民,13.11,-2.4553571428571437,13.43,13.43,16.28,15.78947368,7/5521,13.5,13.05,16.78,14.26,13.43,13.43,13.43,0,14.3,16.78,14.26,16.28,17.923186,3.7582961E7,33,301017,20260415
301248.SZ,杰创智能,85.2,0.023479690068086426,85.68,85.68,57.75,14.51516954,8/5521,91.57,85.2,58,50.35,85.68,85.68,85.68,0,51.01,58,50.35,57.75,15.169541,1.6499396E7,33,301248,20260415
688253.SH,英诺特,52.05,7.853294653957727,49.3,49.3,43.1,14.11172889,9/5521,52.21,48.62,43.59,38.52,49.3,49.3,49.3,0,38.53,43.59,38.52,43.1,13.423351,6254771,17,688253,20260415
300051.SZ,琏升科技,16.45,0.4273504273504291,16.22,16.22,16.05,13.26746648,10/5521,16.7,15.98,16.5,13.97,16.22,16.22,16.22,0,13.97,16.5,13.97,16.05,17.854622,6.3723845E7,33,300051,20260415
688603.SH,天承科技,93.22,-0.9141156462585028,94.65,94.65,98.56,13.11832893,11/5521,95.85,92.51,100.8,86.93,94.65,94.65,94.65,0,87.97,100.8,86.93,98.56,15.918742,1.0496057E7,17,688603,20260415
688618.SH,三旺通信,35.99,-1.559080962800876,35.0,35,39.37,12.61441648,12/5521,36.58,34.72,41.95,35.1,35.0,35.0,35.0,0,35.1,41.95,35.1,39.37,19.593821,1.1375369E7,17,688618,20260415
300857.SZ,协创数据,259.7,-4.441255473378222,267.55,267.55,280.69,12.45592949,13/5521,270,258.79,288.68,268.98,267.55,267.55,267.55,0,199.89285714,205.95714286,191.88571429,200.25,7.892628,4.07281E7,33,300857,20260415
301631.SZ,壹连科技,107.92,-0.9181050312155711,113.84,113.84,102.99,12.18954248,14/5521,113.99,107.71,108,91.87,113.84,113.84,113.84,0,93.6,108,91.87,102.99,17.570806,5639145,33,301631,20260415
300798.SZ,锦鸡股份,10.19,-4.048964218455741,10.66,10.66,11.18,11.57684631,15/5521,10.7,10.11,11.58,9.69,10.66,10.66,10.66,0,10.12,11.58,9.69,11.18,18.862275,7.5594712E7,33,300798,20260415
300444.SZ,双杰电气,15.77,-4.250151791135393,16.47,16.47,15.37,10.97472924,16/5521,16.48,15.68,15.54,13.89,16.47,16.47,16.47,0,14.07,15.54,13.89,15.37,11.913357,1.35974618E8,33,300444,20260415
301232.SZ,飞沃科技,217.72,7.782178217821782,202.02,202.02,216.12,10.80803938,17/5521,222.4,198.8,228,196,202.02,202.02,202.02,0,196.66,228,196,216.12,16.40689,1.1678523E7,33,301232,20260415
688802.SH,沐曦股份,758.03,6.261915442413362,713.01,713.01,679.9,10.75093663,18/5521,777,713.01,707.77,610.01,713.01,713.01,713.01,0,615.01,707.77,610.01,679.9,15.924417,4651973,17,688802,20260415
301055.SZ,张小泉,29.47,-1.7666666666666704,29.92,29.92,33.0,10.22044088,19/5521,30.43,29.33,33.1,29.5,29.92,29.92,29.92,0,30.38,33.1,29.5,33.0,12.024048,1.1812094E7,33,301055,20260415
000785.SZ,居然智家,2.58,-1.5267175572519096,2.6,2.6,2.7,10.20408163,20/5521,2.62,2.57,2.7,2.46,2.6,2.6,2.6,0,2.46,2.7,2.46,2.7,9.795918,1.31510843E8,33,000785,20260415
002124.SZ,天邦食品,2.61,-1.5094339622641524,2.61,2.61,3.14,10.1754386,21/5521,2.68,2.59,3.14,2.9,2.61,2.61,2.61,0,2.99,3.14,2.9,3.14,8.421052,3.89417791E8,33,002124,20260415
002589.SZ,瑞康医药,3.18,-2.153846153846149,3.24,3.24,3.59,10.12269939,22/5521,3.25,3.16,3.59,3.31,3.24,3.24,3.24,0,3.32,3.59,3.31,3.59,8.588957,9.3969804E7,33,002589,20260415
600572.SH,康恩贝,4.48,0.2237136465324536,4.45,4.45,4.8,10.09174312,23/5521,4.51,4.43,4.8,4.35,4.45,4.45,4.45,0,4.37,4.8,4.35,4.8,10.3211,2.07486572E8,17,600572,20260415
000788.SZ,北大医药,6.12,-2.0799999999999983,6.21,6.21,6.77,10.08130081,24/5521,6.25,6.12,6.77,6.09,6.21,6.21,6.21,0,6.21,6.77,6.09,6.77,11.05691,1.15594311E8,33,000788,20260415
002798.SZ,帝欧水华,7.93,0.5069708491761729,7.97,7.97,6.67,10.0660066,25/5521,8.17,7.88,6.67,6.07,7.97,7.97,7.97,0,6.1,6.67,6.07,6.67,9.90099,2.0268047E7,33,002798,20260415
605388.SH,均瑶健康,7.01,2.6354319180087806,6.71,6.71,7.33,10.06006006,26/5521,7.08,6.71,7.33,6.5,6.71,6.71,6.71,0,6.6,7.33,6.5,7.33,12.462462,3.9534834E7,17,605388,20260415
600267.SH,海正药业,11.32,-1.3077593722755043,11.44,11.44,11.39,10.04830918,27/5521,11.53,11.32,11.39,10.4,11.44,11.44,11.44,0,10.4,11.39,10.4,11.39,9.565217,4.933322E7,17,600267,20260415
603815.SH,交建股份,7.28,3.5561877667140824,7.04,7.04,6.36,10.03460208,28/5521,7.42,7.02,6.36,5.82,7.04,7.04,7.04,0,5.82,6.36,5.82,6.36,9.34256,2.17388E7,17,603815,20260415
002361.SZ,神剑股份,20.55,2.493765586034913,20.41,20.41,18.54,10.02967359,29/5521,20.82,19.91,18.54,16.6,20.41,20.41,20.41,0,16.85,18.54,16.6,18.54,11.513353,3.08768619E8,33,002361,20260415
001896.SZ,豫能控股,15.24,-9.982279976373299,16.2,16.2,16.57,10.02656042,30/5521,16.3,15.24,16.57,14.2,16.2,16.2,16.2,0,15.06,16.57,14.2,16.57,15.737051,2.66222299E8,33,001896,20260415
002787.SZ,华源控股,19.4,0.9890681936491292,19.69,19.69,16.68,10.02638522,31/5521,19.98,18.9,16.68,15.18,19.69,19.69,19.69,0,15.18,16.68,15.18,16.68,9.894459,2.7881352E7,33,002787,20260415
001208.SZ,华菱线缆,19.16,1.3220518244315178,18.92,18.92,21.4,10.02570694,32/5521,19.25,18.75,21.4,19.5,18.92,18.92,18.92,0,19.6,21.4,19.5,21.4,9.768637,4.4558336E7,33,001208,20260415
002705.SZ,新宝股份,15.13,-5.437499999999995,16.01,16.01,17.34,10.02538071,33/5521,16.07,15.02,17.34,15.71,16.01,16.01,16.01,0,16.11,17.34,15.71,17.34,10.342639,4.9706714E7,33,002705,20260415
605222.SH,起帆电缆,36.37,10.012099213551105,32.84,32.84,25.8,10.02132196,34/5521,36.37,32.76,25.8,23.3,32.84,32.84,32.84,0,23.48,25.8,23.3,25.8,10.66098,2.3589985E7,17,605222,20260415
603327.SH,福蓉科技,10.8,-1.0989010989010917,10.8,10.8,10.54,10.02087683,35/5521,10.95,10.76,10.54,9.61,10.8,10.8,10.8,0,9.61,10.54,9.61,10.54,9.707724,4.8302674E7,17,603327,20260415
600135.SH,乐凯胶片,11.43,4.098360655737698,10.98,10.98,11.2,10.01964637,36/5521,11.58,10.9,11.2,10.12,10.98,10.98,10.98,0,10.18,11.2,10.12,11.2,10.609037,2.5043367E7,17,600135,20260415
603216.SH,梦天家居,29.6,0.06761325219744127,29.62,29.62,33.17,10.01658375,37/5521,29.95,29.25,33.17,29.9,29.62,29.62,29.62,0,30.26,33.17,29.9,33.17,10.845771,1.1090795E7,17,603216,20260415
002580.SZ,圣阳股份,27.48,-3.9160839160839194,28.5,28.5,25.27,10.01306051,38/5521,29.18,27.01,25.27,24.48,28.5,28.5,28.5,0,24.48,25.27,24.48,25.27,3.439268,1.07906558E8,33,002580,20260415
603063.SH,禾望电气,43.88,4.153809636838357,42.42,42.42,38.03,10.00867804,39/5521,45.05,42.27,38.03,35.61,42.42,42.42,42.42,0,35.61,38.03,35.61,38.03,7.000289,6.6480753E7,17,603063,20260415
605366.SH,宏柏新材,13.34,3.0911901081916566,12.82,12.82,13.41,10.00820345,40/5521,13.78,12.7,13.41,12.08,12.82,12.82,12.82,0,12.2,13.41,12.08,13.41,10.910582,4.1602515E7,17,605366,20260415
002297.SZ,博云新材,24.5,5.557949159844891,23.44,23.44,14.62,10.00752445,41/5521,25.4,22.5,14.62,14.62,23.44,23.44,23.44,0,14.62,14.62,14.62,14.62,0,9814151,33,002297,20260415
603629.SH,利通电子,144.41,9.993144946302083,142.32,142.32,87.95,10.00625391,42/5521,144.42,136.72,87.95,79.95,142.32,142.32,142.32,0,81.55,87.95,79.95,87.95,10.006253,4.4220895E7,17,603629,20260415
002990.SZ,盛视科技,53.83,9.991826726604007,49.01,49.01,42.11,10.00522466,43/5521,53.83,48.5,42.11,37.38,49.01,49.01,49.01,0,37.96,42.11,37.38,42.11,12.356321,2.9725494E7,33,002990,20260415
605098.SH,行动教育,61.75,-1.5151515151515196,62.69,62.69,60.15,10.00365764,44/5521,63.2,61.67,60.15,57.67,62.69,62.69,62.69,0,58,60.15,57.67,60.15,4.535479,2170333,17,605098,20260415
600605.SH,汇通能源,31.6,-1.7718371153248376,32.86,32.86,32.33,10.00340252,45/5521,32.86,31.21,32.33,30.12,32.86,32.86,32.86,0,31.26,32.29,30.08,32.29,7.519564,1.8900532E7,17,600605,20260415
603459.SH,红板科技,61.73,0.016202203499672732,62.63,62.63,68.4,10.00321647,46/5521,64,61.15,68.4,60.33,62.63,62.63,62.63,0,60.36,68.4,60.33,68.4,12.978449,2.5653801E7,17,603459,20260415
603444.SH,吉比特,406.61,-2.163137632338789,413.2,413.2,393.34,10.00055932,47/5521,414.88,406.6,393.34,369.99,413.2,413.2,413.2,0,369.99,393.34,369.99,393.34,6.530007,3714885,17,603444,20260415
000026.SZ,飞亚达,18.13,0.2211166390270821,17.93,17.93,17.82,10,48/5521,18.27,17.7,17.82,15.91,17.93,17.93,17.93,0,16.12,17.82,15.91,17.82,11.790123,3.6613569E7,33,000026,20260415
002468.SZ,申通快递,16.35,-1.327700663850325,16.58,16.58,16.39,10,48/5521,16.63,16.17,16.39,16.39,16.58,16.58,16.58,0,16.39,16.39,16.39,16.39,0,9687456,33,002468,20260415
002788.SZ,鹭燕医药,13.66,-0.726744186046509,13.72,13.72,15.95,10,48/5521,13.83,13.57,15.95,14.62,13.72,13.72,13.72,0,14.62,15.95,14.62,15.95,9.172413,7.1458028E7,33,002788,20260415
003036.SZ,泰坦股份,32.75,-6.562054208273887,34.3,34.3,29.7,10,48/5521,35.82,32.08,29.7,26.11,34.3,34.3,34.3,0,26.76,29.7,26.11,29.7,13.296296,1.3617402E7,33,003036,20260415
603150.SH,万朗磁塑,60.63,-0.8665794637017562,61.77,61.77,57.53,10,48/5521,62.79,60.35,57.53,52.31,61.77,61.77,61.77,0,53.87,57.53,52.31,57.53,9.980879,3486700,17,603150,20260415
603285.SH,键邦股份,43.59,1.7507002801120446,42.63,42.63,34.65,10,48/5521,44.4,42.12,34.65,31.56,42.63,42.63,42.63,0,31.99,34.65,31.56,34.65,9.809523,7216806,17,603285,20260415
603687.SH,大胜达,17.18,9.987195902688864,15.6,15.6,18.04,10,48/5521,17.18,15.6,18.04,18.04,15.6,15.6,15.6,0,18.04,18.04,18.04,18.04,0,2.10358E7,17,603687,20260415
603950.SH,长源东谷,55.65,-1.0490753911806603,56.2,56.2,59.84,10,48/5521,58.38,55.3,59.84,56.91,56.2,56.2,56.2,0,57.66,59.84,56.91,59.84,5.386029,1.0453204E7,17,603950,20260415
605289.SH,罗曼股份,150.05,-2.2602918186555487,153.52,153.52,126.61,10,48/5521,155.49,146.3,126.61,115,153.52,153.52,153.52,0,115,126.61,115,126.61,10.08688,5682800,17,605289,20260415
603773.SH,沃格光电,69.35,-0.5592199598508756,71.83,71.83,49.52,9.99555753,57/5521,72.75,66.5,49.52,44.6,71.83,71.83,71.83,0,44.66,49.52,44.6,49.52,10.928476,1.8885116E7,17,603773,20260415
603890.SH,春秋电子,18.87,-3.181118522319125,19.56,19.56,18.71,9.99412111,58/5521,19.62,18.87,18.71,17.14,19.56,19.56,19.56,0,17.14,18.71,17.14,18.71,9.229864,6.7536415E7,17,603890,20260415
605365.SH,立达信,29.47,0.20401224073443971,29.0,29,23.67,9.99070632,59/5521,29.61,28.67,23.67,21.6,29.0,29.0,29.0,0,21.6,23.67,21.6,23.67,9.618959,9064051,17,605365,20260415
002891.SZ,中宠股份,33.65,-3.719599427753946,34.81,34.81,41.84,9.98948475,60/5521,34.89,33.62,41.84,38.04,34.81,34.81,34.81,0,38.04,41.84,38.04,41.84,9.989484,2.2818243E7,33,002891,20260415
600683.SH,京投发展,14.5,5.762217359591532,14.0,14,9.91,9.98890122,61/5521,15.08,14,9.91,8.91,14.0,14.0,14.0,0,9.08,9.91,8.91,9.91,11.098779,2.9313008E7,17,600683,20260415
603698.SH,航天工程,43.97,10.007505629221917,40.77,40.77,39.53,9.98887034,62/5521,43.97,40.24,39.53,38.1,40.77,40.77,40.77,0,39.5,39.53,38.1,39.53,3.978853,2.1062233E7,17,603698,20260415
002824.SZ,和胜股份,25.09,-2.5631067961165055,25.73,25.73,29.62,9.98886001,63/5521,25.74,24.73,29.62,26.67,25.73,25.73,25.73,0,27.22,29.62,26.67,29.62,10.954326,3.4190216E7,33,002824,20260415
000919.SZ,金陵药业,7.39,0.9562841530054562,7.29,7.29,8.26,9.98668442,64/5521,7.44,7.25,8.26,7.71,7.29,7.29,7.29,0,7.88,8.26,7.71,8.26,7.323568,7.4396311E7,33,000919,20260415
002051.SZ,中工国际,10.12,0.09891196834816803,10.05,10.05,11.9,9.98151571,65/5521,10.13,9.9,11.9,11.39,10.05,10.05,10.05,0,11.39,11.9,11.39,11.9,4.713493,1.21265856E8,33,002051,20260415
002980.SZ,华盛昌,79.94,-1.7332513829133334,81.06,81.06,70.54,9.97817275,66/5521,84.7,77,70.55,67.9,81.06,81.06,81.06,0,68.43,70.55,67.9,70.54,4.131587,2.5968101E7,33,002980,20260415
000889.SZ,中嘉博创,4.42,-8.108108108108103,4.69,4.69,4.74,9.97679814,67/5521,4.75,4.37,4.74,4.03,4.69,4.69,4.69,0,4.32,4.74,4.03,4.74,16.473317,3.18417711E8,33,000889,20260415
600488.SH,津药药业,5.7,-2.730375426621163,5.87,5.87,6.84,9.96784566,68/5521,5.94,5.66,6.84,5.96,5.87,5.87,5.87,0,6.18,6.84,5.96,6.84,14.147909,2.44469823E8,17,600488,20260415
002498.SZ,汉缆股份,8.72,-3.3259423503325825,9.02,9.02,8.5,9.96119017,69/5521,9.07,8.7,8.5,7.74,9.02,9.02,9.02,0,7.78,8.5,7.74,8.5,9.831824,1.73436552E8,33,002498,20260415
002033.SZ,丽江股份,9.47,-2.672147995889001,9.7,9.7,9.94,9.95575221,70/5521,9.73,9.46,9.94,9.31,9.7,9.7,9.7,0,9.36,9.94,9.31,9.94,6.969026,7.2783453E7,33,002033,20260415
002038.SZ,双鹭药业,6.49,-3.8518518518518485,6.75,6.75,8.07,9.94550409,71/5521,6.8,6.45,8.07,7.23,6.75,6.75,6.75,0,7.5,8.07,7.23,8.07,11.444141,1.4219844E8,33,002038,20260415
600594.SH,益佰制药,4.05,-1.699029126213599,4.09,4.09,4.76,9.93071594,72/5521,4.15,4.04,4.76,4.22,4.09,4.09,4.09,0,4.4,4.76,4.22,4.76,12.471131,1.87296087E8,17,600594,20260415
600664.SH,哈药股份,3.58,-2.7173913043478284,3.66,3.66,4.44,9.9009901,73/5521,3.67,3.58,4.44,4.01,3.66,3.66,3.66,0,4.28,4.44,4.01,4.44,10.643564,4.57296294E8,17,600664,20260415
300752.SZ,隆利科技,19.38,1.9463440294581662,19.02,19.02,19.76,9.59511925,75/5521,19.58,18.96,20.07,18.04,19.02,19.02,19.02,0,18.34,20.07,18.04,19.76,11.259012,2.039324E7,33,300752,20260415
300880.SZ,迦南智能,22.35,-1.6285211267605522,22.51,22.51,23.11,9.52606635,76/5521,22.68,22.13,23.88,21.11,22.51,22.51,22.51,0,21.16,23.88,21.11,23.11,13.127962,1.8631377E7,33,300880,20260415
601179.SH,中国西电,16.92,-1.3411078717200986,17.15,17.15,17.7,9.25925926,77/5521,17.22,16.8,17.8,16.3,17.15,17.15,17.15,0,16.42,17.8,16.3,17.7,9.259259,4.44944459E8,17,601179,20260415
300088.SZ,长信科技,6.55,-2.5297619047619038,6.67,6.67,6.81,9.13461538,78/5521,6.75,6.53,7.46,6.71,6.67,6.67,6.67,0,6.88,7.46,6.71,6.81,12.01923,4.16345924E8,33,300088,20260415
301040.SZ,中环海陆,32.3,4.193548387096765,30.99,30.99,32.31,9.08170155,79/5521,33.14,30.62,33.59,29.79,30.99,30.99,30.99,0,29.8,33.59,29.79,32.31,12.829169,1.0182351E7,33,301040,20260415
002840.SZ,华统股份,12.72,4.006541291905153,12.23,12.23,13.68,8.91719745,80/5521,12.95,11.85,13.82,12.56,12.23,12.23,12.23,0,12.56,13.82,12.56,13.68,10.031847,8.5845544E7,33,002840,20260415
603538.SH,美诺华,62.46,-4.349157733537514,62.99,62.99,55.5,8.90894819,81/5521,63.45,59.14,56.06,50.18,62.99,62.99,62.99,0,50.91,56.06,50.18,55.5,11.538461,6.9944025E7,17,603538,20260415
920564.BJ,天润科技,24.24,1.0421008753647354,23.8,23.8,26.01,8.82845188,82/5521,24.49,23.8,28.6,24.03,23.8,23.8,23.8,0,24.03,28.6,24.03,26.01,19.121338,5002696,151,920564,20260415
300741.SZ,华宝股份,16.58,0.4239854633555223,16.49,16.49,17.75,8.69565217,83/5521,16.67,16.43,19.11,16.2,16.49,16.49,16.49,0,16.29,19.08,16.17,17.72,17.819963,1.5986698E7,33,300741,20260415
688658.SH,悦康药业,19.6,1.712506486767005,19.18,19.18,20.61,8.58798736,84/5521,20.14,19.18,20.66,18.72,19.18,19.18,19.18,0,19.57,20.66,18.72,20.61,10.221285,2.284784E7,17,688658,20260415
300871.SZ,回盛生物,26.28,-1.388367729831135,26.43,26.43,27.46,8.49466614,85/5521,26.63,26,28.62,25.16,26.43,26.43,26.43,0,25.5,28.62,25.16,27.46,13.670485,2.7914228E7,33,300871,20260415
601133.SH,柏诚股份,22.78,-2.399314481576687,23.13,23.13,25.87,8.46960168,86/5521,23.4,22.5,26.24,23.88,23.13,23.13,23.13,0,23.88,26.24,23.88,25.87,9.895178,3.9267359E7,17,601133,20260415
920230.BJ,欧康医药,11.81,-1.0058675607711587,11.96,11.96,13.13,8.42279108,87/5521,12.15,11.63,13.31,12.17,11.96,11.96,11.96,0,12.38,13.31,12.17,13.13,9.413707,1.0231541E7,151,920230,20260415
301396.SZ,宏景科技,316.74,-3.270728355474112,322.99,322.99,241.18,8.30788576,88/5521,332,315,252.88,222,322.99,322.99,322.99,0,222,252.88,222,241.18,13.867433,1.6437046E7,33,301396,20260415
002060.SZ,广东建工,3.76,-2.8423772609819205,3.83,3.83,4.05,8.28877005,89/5521,3.84,3.75,4.11,3.77,3.83,3.83,3.83,0,3.78,4.11,3.77,4.05,9.090909,1.4066169E8,33,002060,20260415
002294.SZ,信立泰,51.29,-1.1753371868978795,51.7,51.7,67.27,8.1511254,90/5521,52.25,51.02,68.38,61.36,51.7,51.7,51.7,0,62.99,68.38,61.36,67.27,11.286173,2.0517965E7,33,002294,20260415
603122.SH,合富中国,15.05,-1.3114754098360608,15.3,15.3,17.91,8.08690404,91/5521,15.32,14.98,18,16.45,15.3,15.3,15.3,0,16.53,18,16.45,17.91,9.354254,7.4602E7,17,603122,20260415
688811.SH,有研复材,24.08,12.052117263843648,21.48,21.48,19.8,8.07860262,92/5521,24.8,21.46,21.49,18.17,21.48,21.48,21.48,0,18.32,21.49,18.17,19.8,18.12227,5.2296439E7,17,688811,20260415
000533.SZ,顺钠股份,12.63,-3.954372623574141,13.0,13,16.12,8.04289544,93/5521,13.13,12.51,16.2,14.7,13.0,13.0,13.0,0,15.18,16.2,14.7,16.12,10.053619,1.81969418E8,33,000533,20260415
300765.SZ,新诺威,30.37,1.4362057448229784,29.95,29.95,33.97,7.97838525,94/5521,31.59,29.95,34.2,31.39,29.95,29.95,29.95,0,32.1,34.2,31.39,33.97,8.931977,2.2623473E7,33,300765,20260415
688428.SH,诺诚健华,26.65,-0.5597014925373214,26.83,26.83,31.17,7.92936288,95/5521,27.28,26.59,31.82,28.88,26.83,26.83,26.83,0,29.49,31.82,28.88,31.17,10.180055,2.077171E7,17,688428,20260415
301683.SZ,慧谷新材,129.28,-0.5920799692426069,129.0,129,130.67,7.92038322,96/5521,130.2,125.99,135,120.21,129.0,129.0,129.0,0,121.01,135,120.21,130.67,12.215064,5215840,33,301683,20260415
600233.SH,圆通速递,21.5,-2.0054694621695592,21.75,21.75,21.5,7.8775715,97/5521,21.94,21.29,21.81,20.78,21.75,21.75,21.75,0,21.37,21.81,20.78,21.5,5.168088,5.5658859E7,17,600233,20260415
301087.SZ,可孚医疗,53.02,-0.6185567010309246,53.9,53.9,57.84,7.80987884,98/5521,54.49,52.18,58.36,54.98,53.9,53.9,53.9,0,55.31,58.36,54.98,57.84,6.300093,5237627,33,301087,20260415
300639.SZ,凯普生物,6.06,-1.1419249592169705,6.08,6.08,6.99,7.70416025,99/5521,6.15,6.02,6.99,6.53,6.08,6.08,6.08,0,6.53,6.99,6.53,6.99,7.087827,7.0951395E7,33,300639,20260415
301557.SZ,常友科技,109.08,2.1348314606741585,106.79,106.79,114.11,7.6611001,100/5521,109.97,106.74,114.82,107.34,106.79,106.79,106.79,0,107.34,114.82,107.34,114.11,7.057269,2398753,33,301557,20260415
301179.SZ,泽宇智能,23.14,-4.0630182421227214,24.35,24.35,27.17,7.6039604,101/5521,24.37,23.08,27.6,25.03,24.35,24.35,24.35,0,25.68,27.6,25.03,27.17,10.178217,2.9774244E7,33,301179,20260415
301682.SZ,宏明电子,125.63,2.1797478649857607,123.0,123,125.71,7.60078747,102/5521,127.29,122.34,140.2,116.5,123.0,123.0,123.0,0,117.45,140.2,116.5,125.71,20.285885,1.0048643E7,33,301682,20260415
600295.SH,鄂尔多斯,15.67,1.7532467532467504,15.55,15.55,15.0,7.52688172,103/5521,16.05,15.5,15.33,14.49,15.55,15.55,15.55,0,14.49,15.33,14.49,15.0,6.021505,2.5459964E7,17,600295,20260415
920726.BJ,朱老六,18.69,0.429876410531982,18.38,18.38,17.9,7.44297719,104/5521,18.92,18.32,18,16.65,18.38,18.38,18.38,0,16.72,18,16.65,17.9,8.103241,5271558,151,920726,20260415
688726.SH,拉普拉斯,62.24,3.61245213917097,60.06,60.06,65.05,7.41413474,105/5521,63.22,59.02,66.5,60.3,60.06,60.06,60.06,0,60.4,66.5,60.3,65.05,10.23778,3.2220889E7,17,688726,20260415
301498.SZ,乖宝宠物,54.8,-2.317290552584678,56.11,56.11,53.42,7.37688442,106/5521,56.41,54.58,53.99,49.6,56.11,56.11,56.11,0,49.79,53.99,49.6,53.42,8.82412,1.2320609E7,33,301498,20260415
600550.SH,保变电气,14.95,-1.3201320132013272,15.1,15.1,16.03,7.36771601,107/5521,15.13,14.88,16.38,14.9,15.1,15.1,15.1,0,15.03,16.38,14.9,16.03,9.912926,1.6730066E8,17,600550,20260415
688429.SH,时创能源,14.16,2.3861171366594367,13.79,13.79,15.13,7.30496454,108/5521,14.34,13.7,15.75,14.04,13.79,13.79,13.79,0,14.1,15.75,14.04,15.13,12.127659,9708087,17,688429,20260415
002149.SZ,西部材料,63.51,9.993072393488042,57.46,57.46,53.65,7.3,109/5521,63.51,57.46,55,51.21,57.46,57.46,57.46,0,52,55,51.21,53.65,7.58,1.30074963E8,33,002149,20260415
603897.SH,长城科技,52.36,9.999999999999995,48.5,48.5,46.0,7.2761194,110/5521,52.36,47.8,46.17,41.29,48.5,48.5,48.5,0,43,46.17,41.29,46.0,11.380597,2.1013143E7,17,603897,20260415
600713.SH,南京医药,5.28,-2.9411764705882377,5.39,5.39,6.4,7.20268007,111/5521,5.4,5.25,6.42,5.83,5.39,5.39,5.39,0,6,6.42,5.83,6.4,9.882747,1.32015251E8,17,600713,20260415
301638.SZ,南网数字,28.57,-1.4487754398068236,28.99,28.99,29.47,7.20261913,112/5521,29.2,28.43,29.67,27.2,28.99,28.99,28.99,0,27.81,29.67,27.2,29.47,8.985085,6.6845103E7,33,301638,20260415
688602.SH,康鹏科技,7.98,-0.24999999999999467,8.0,8,8.26,7.13359274,113/5521,8.08,7.92,8.4,7.71,8.0,8.0,8.0,0,7.73,8.4,7.71,8.26,8.949416,2.4511876E7,17,688602,20260415
603826.SH,坤彩科技,33.79,-2.7625899280575563,34.75,34.75,31.05,7.06896552,114/5521,34.9,33.41,31.23,29.07,34.75,34.75,34.75,0,29.1,31.23,29.07,31.05,7.448275,1.8664947E7,17,603826,20260415
301306.SZ,西测测试,165.72,11.184166387118406,149.21,149.21,175.01,7.00048912,115/5521,168.77,149.14,185.79,161,149.21,149.21,149.21,0,163,185.79,161,175.01,15.156517,1.226863E7,33,301306,20260415
605116.SH,奥锐特,22.6,-1.7391304347826024,22.99,22.99,28.46,6.9924812,116/5521,23.09,22.56,28.46,26.11,22.99,22.99,22.99,0,27.11,28.46,26.11,28.46,8.834586,1.3780749E7,17,605116,20260415
301191.SZ,菲菱科思,142.54,-4.534190610139984,148.46,148.46,151.02,6.90924536,117/5521,150.72,137.92,152.68,138.6,148.46,148.46,148.46,0,140.99,152.68,138.6,151.02,9.967435,7614313,33,301191,20260415
920046.BJ,亿能电力,24.74,-2.6750590086546153,25.24,25.24,25.55,6.90376569,118/5521,25.4,24.67,26.3,23.9,25.24,25.24,25.24,0,24.27,26.3,23.9,25.55,10.041841,9831327,151,920046,20260415
002552.SZ,宝鼎科技,22.07,-1.561106155218561,22.4,22.4,20.36,6.82056663,119/5521,22.54,21.83,20.97,19.63,22.4,22.4,22.4,0,19.78,20.97,19.63,20.36,7.03043,3.7799309E7,33,002552,20260415
001326.SZ,联域股份,56.19,-0.4782146652497399,56.43,56.43,55.79,6.81600613,120/5521,56.82,55.1,56.17,52,56.43,56.43,56.43,0,52.49,56.17,52,55.79,7.983917,1908300,33,001326,20260415
301008.SZ,宏昌科技,31.69,3.2247557003257397,30.73,30.73,38.05,6.73211781,121/5521,31.85,30.41,38.07,35.32,30.73,30.73,30.73,0,35.51,38.07,35.32,38.05,7.713884,1.6652896E7,33,301008,20260415
301584.SZ,建发致新,26.25,0.0,26.1,26.1,29.03,6.72794118,122/5521,26.42,26.1,29.03,27.06,26.1,26.1,26.1,0,27.26,29.03,27.06,29.03,7.242647,1.0086691E7,33,301584,20260415
688381.SH,帝奥微,31.97,-2.974203338391514,33.02,33.02,24.76,6.72413793,123/5521,33.07,31.66,25.01,23.08,33.02,33.02,33.02,0,23.21,25.01,23.08,24.76,8.318965,1.1052207E7,17,688381,20260415
301182.SZ,凯旺科技,69.16,2.096250369058166,67.44,67.44,66.84,6.68794892,124/5521,69.72,66.08,67.8,61.5,67.44,67.44,67.44,0,62.68,67.8,61.5,66.84,10.055865,6829987,33,301182,20260415
002342.SZ,巨力索具,19.81,4.814814814814816,18.93,18.93,18.29,6.64723032,125/5521,20.3,18.86,18.71,16.8,18.93,18.93,18.93,0,17.03,18.71,16.8,18.29,11.137026,2.87113434E8,33,002342,20260415
600513.SH,联环药业,22.78,4.0657834627683895,22.51,22.51,23.75,6.5978456,126/5521,23.3,21.85,23.82,22.15,22.51,22.51,22.51,0,22.95,23.82,22.15,23.75,7.495511,5.6133928E7,17,600513,20260415
688163.SH,赛伦生物,35.2,-0.1418439716311976,34.01,34.01,33.0,6.58914729,127/5521,36.78,34.01,33.45,31.05,34.01,34.01,34.01,0,31.59,33.45,31.05,33.0,7.751937,3620956,17,688163,20260415
300992.SZ,泰福泵业,30.59,1.157407407407412,30.32,30.32,34.0,6.5830721,128/5521,30.98,29.61,34.75,31.47,30.32,30.32,30.32,0,31.92,34.75,31.47,34.0,10.282131,9232458,33,300992,20260415
603613.SH,国联股份,27.13,-3.5549235691432637,28.0,28,27.17,6.50725206,129/5521,28.13,27.09,27.79,25.51,28.0,28.0,28.0,0,25.55,27.79,25.51,27.17,8.937671,2.3304113E7,17,603613,20260415
301372.SZ,科净源,36.4,3.8220193953222936,34.43,34.43,32.58,6.50539392,130/5521,37.1,34.12,33.5,30.28,34.43,34.43,34.43,0,30.48,33.5,30.28,32.58,10.526315,6355742,33,301372,20260415
000153.SZ,丰原药业,6.45,-0.3091190108191588,6.48,6.48,6.98,6.40243902,131/5521,6.54,6.45,7.12,6.55,6.48,6.48,6.48,0,6.6,7.12,6.55,6.98,8.689024,5.8924816E7,33,000153,20260415
300559.SZ,佳发教育,13.97,-0.28551034975017237,13.99,13.99,14.68,6.37681159,132/5521,14.2,13.73,15.24,13.52,13.99,13.99,13.99,0,13.82,15.24,13.52,14.68,12.463768,3.1669454E7,33,300559,20260415
600839.SH,四川长虹,8.74,0.807381776239911,8.68,8.68,9.35,6.370876,133/5521,8.85,8.64,9.67,8.75,8.68,8.68,8.68,0,8.84,9.67,8.75,9.35,10.466439,3.36953998E8,17,600839,20260415
002180.SZ,奔图科技,19.16,1.8065887353878844,18.74,18.74,17.4,6.35696822,134/5521,19.49,18.63,17.95,16.6,18.74,18.74,18.74,0,16.68,17.95,16.6,17.4,8.251833,3.913282E7,33,002180,20260415
603355.SH,莱克电气,32.04,2.593659942363108,30.81,30.81,28.88,6.33284242,135/5521,32.19,30.81,29.3,27,30.81,30.81,30.81,0,27.16,29.3,27,28.88,8.468335,5283984,17,603355,20260415
300436.SZ,广生堂,117.3,0.41948463316496437,115.88,115.88,125.0,6.24734382,136/5521,120.32,115.5,129.13,114.12,115.88,115.88,115.88,0,120,129.13,114.12,125.0,12.758181,1.858355E7,33,300436,20260415
002940.SZ,昂利康,33.08,-3.189932689493718,33.95,33.95,32.36,6.23768877,137/5521,34.28,32.88,32.49,30.71,33.95,33.95,33.95,0,31.66,32.49,30.71,32.36,5.843729,2.2765133E7,33,002940,20260415
002772.SZ,众兴菌业,17.24,-0.5193306405077892,17.18,17.18,17.93,6.22037915,138/5521,17.45,16.95,17.98,16.51,17.18,17.18,17.18,0,16.85,17.98,16.51,17.93,8.70853,1.7396331E7,33,002772,20260415
688141.SH,杰华特,92.88,16.786118445869477,79.53,79.53,67.55,6.16061606,139/5521,94.98,78.8,70.38,64,79.53,79.53,79.53,0,64,70.38,64,67.55,10.026716,1.8401417E7,17,688141,20260415
301520.SZ,万邦医药,42.46,0.8551068883610438,42.31,42.31,45.9,6.15171138,140/5521,42.87,42.02,46.5,43.38,42.31,42.31,42.31,0,43.79,46.5,43.38,45.9,7.215541,3079117,33,301520,20260415
002606.SZ,大连电瓷,14.49,-0.617283950617283,14.7,14.7,12.32,6.11541774,141/5521,15.38,14.38,12.77,11.55,14.7,14.7,14.7,0,11.57,12.77,11.55,12.32,10.508182,6.5541591E7,33,002606,20260415
300681.SZ,英搏尔,30.66,-2.2944550669216026,31.49,31.49,26.95,6.01888277,142/5521,31.49,30.4,28.01,26.3,31.49,31.49,31.49,0,27.8,28.01,26.3,26.95,6.726986,3.930827E7,33,300681,20260415
300870.SZ,欧陆通,404.0,7.44966621452698,384.11,384.11,338.0,5.98933835,143/5521,412.32,381.3,353.65,320.8,384.11,384.11,384.11,0,322,353.65,320.8,338.0,10.301034,7448206,33,300870,20260415
600867.SH,通化东宝,9.23,-3.451882845188285,9.5,9.5,10.49,5.95959596,144/5521,9.53,9.19,10.67,9.97,9.5,9.5,9.5,0,10.1,10.67,9.97,10.49,7.070707,1.51350667E8,17,600867,20260415
920047.BJ,诺思兰德,27.11,4.069097888675619,26.03,26.03,34.89,5.95201944,145/5521,27.68,26.03,35,32.81,26.03,26.03,26.03,0,32.81,35,32.81,34.89,6.65047,1.0557185E7,151,920047,20260415
920478.BJ,峆一药业,15.63,-0.5725190839694647,15.67,15.67,16.74,5.94936709,146/5521,16.1,15.54,16.96,16.01,15.67,15.67,15.67,0,16.2,16.96,16.01,16.74,6.012658,5246424,151,920478,20260415
300854.SZ,中兰环保,33.85,5.649188514357061,32.34,32.34,28.56,5.89543938,147/5521,34,31.35,31,26.71,32.34,32.34,32.34,0,26.71,31,26.71,28.56,15.906562,1.3689952E7,33,300854,20260415
688712.SH,北芯生命,41.69,0.822249093107609,41.4,41.4,42.46,5.88528678,148/5521,41.95,40.52,43.24,40.23,41.4,41.4,41.4,0,40.74,43.24,40.23,42.46,7.506234,7577284,17,688712,20260415
000570.SZ,苏常柴A,6.42,-1.3824884792626706,6.49,6.49,6.13,5.87219344,149/5521,6.55,6.4,6.37,6.07,6.49,6.49,6.49,0,6.27,6.37,6.07,6.13,5.181347,8.0526941E7,33,000570,20260415
688227.SH,品高股份,143.55,6.176035502958597,140.0,140,70.39,5.86554369,150/5521,147,135.11,73.34,66.9,140.0,140.0,140.0,0,66.9,73.34,66.9,70.39,9.685667,4618234,17,688227,20260415
000950.SZ,重药控股,5.8,-1.6949152542372972,5.91,5.91,6.35,5.83333333,151/5521,5.92,5.73,6.49,6,5.91,5.91,5.91,0,6.08,6.49,6,6.35,8.166666,1.55784661E8,33,000950,20260415
600316.SH,洪都航空,36.61,2.006129841181384,35.95,35.95,39.99,5.68181818,152/5521,37.18,35.71,40.77,37.9,35.95,35.95,35.95,0,38.01,40.77,37.9,39.99,7.584566,2.1655323E7,17,600316,20260415
002437.SZ,誉衡药业,3.52,-2.7624309392265216,3.6,3.6,3.91,5.67567568,153/5521,3.61,3.5,3.98,3.68,3.6,3.6,3.6,0,3.86,3.98,3.68,3.91,8.108108,3.87438318E8,33,002437,20260415
001220.SZ,世盟股份,39.87,0.5548549810844864,39.66,39.66,43.77,5.62258687,155/5521,40.18,39.01,44.06,41.45,39.66,39.66,39.66,0,41.45,44.06,41.45,43.77,6.298262,4203158,33,001220,20260415
600821.SH,金开新能,7.8,-10.03460207612457,8.35,8.35,8.84,5.61529271,156/5521,8.47,7.8,9.09,8.17,8.35,8.35,8.35,0,8.44,9.09,8.17,8.84,10.991636,4.04941578E8,17,600821,20260415
300485.SZ,赛升药业,10.91,-0.8181818181818169,10.95,10.95,11.7,5.59566787,157/5521,11.13,10.85,11.81,11.07,10.95,10.95,10.95,0,11.29,11.81,11.07,11.7,6.6787,3.0404814E7,33,300485,20260415
600252.SH,中恒集团,2.46,-1.6000000000000014,2.48,2.48,2.65,5.57768924,158/5521,2.5,2.45,2.68,2.52,2.48,2.48,2.48,0,2.52,2.68,2.52,2.65,6.374501,1.2167243E8,17,600252,20260415
002328.SZ,新朋股份,10.35,-2.9990627928772287,10.77,10.77,12.5,5.57432432,159/5521,10.78,10.15,13,11.84,10.77,10.77,10.77,0,11.9,13,11.84,12.5,9.797297,2.28940241E8,33,002328,20260415
300972.SZ,万辰集团,226.81,0.9839715048975993,223.88,223.88,205.69,5.56325378,160/5521,234.53,219.1,207.68,194,223.88,223.88,223.88,0,195,207.68,194,205.69,7.020785,1585984,33,300972,20260415
688488.SH,艾迪药业,17.26,-0.231213872832365,17.32,17.32,20.51,5.55841482,161/5521,17.64,16.56,20.58,18.9,17.32,17.32,17.32,0,19.55,20.58,18.9,20.51,8.646423,2.3763694E7,17,688488,20260415
600268.SH,国电南自,14.97,-1.2532981530342975,15.14,15.14,15.67,5.52188552,163/5521,15.2,14.95,15.88,14.85,15.14,15.14,15.14,0,14.85,15.88,14.85,15.67,6.936026,6.7119762E7,17,600268,20260415
688759.SH,必贝特,31.81,3.1118314424635245,30.9,30.9,40.3,5.4973822,165/5521,32.16,30.65,40.33,37.71,30.9,30.9,30.9,0,38.88,40.33,37.71,40.3,6.858638,4934154,17,688759,20260415
002867.SZ,周大生,13.26,-0.8968609865470926,13.54,13.54,13.05,5.49717057,166/5521,13.97,13.26,13.06,12.31,13.54,13.54,13.54,0,12.37,13.06,12.31,13.05,6.063055,3.2720024E7,33,002867,20260415
605055.SH,迎丰股份,11.21,-0.8841732979663982,11.22,11.22,10.95,5.49132948,167/5521,11.35,11.09,10.98,10.3,11.22,11.22,11.22,0,10.3,10.98,10.3,10.95,6.551059,1.11123E7,17,605055,20260415
603985.SH,恒润股份,26.12,-3.1516499814608747,26.5,26.5,22.31,5.48463357,168/5521,27.32,26,23.27,20.99,26.5,26.5,26.5,0,21.16,23.27,20.99,22.31,10.780141,7.1676552E7,17,603985,20260415
605598.SH,上海港湾,48.3,6.9293779056896065,45.0,45,51.14,5.46504434,169/5521,49.58,44.6,52.52,48.41,45.0,45.0,45.0,0,48.88,52.52,48.41,51.14,8.475974,9887644,17,605598,20260415
000890.SZ,法尔胜,15.66,-8.953488372093018,16.5,16.5,12.76,5.45454545,170/5521,16.53,15.48,12.83,11.37,16.5,16.5,16.5,0,11.7,12.83,11.37,12.76,12.066115,9.6796611E7,33,000890,20260415
688655.SH,迅捷兴,45.53,18.59859338369367,39.2,39.2,34.85,5.38252192,171/5521,46.07,39.2,37.37,33.73,39.2,39.2,39.2,0,34.86,37.37,33.73,34.85,11.006954,2.4600321E7,17,688655,20260415
605299.SH,舒华体育,25.98,9.991532599491952,24.16,24.16,18.88,5.35714286,172/5521,25.98,24.16,19.2,17.61,24.16,24.16,24.16,0,17.72,19,17.41,18.68,8.872767,4.42925E7,17,605299,20260415
688180.SH,君实生物,40.38,0.19851116625311516,40.29,40.29,43.5,5.32687651,173/5521,41.69,39.82,44,40.58,40.29,40.29,40.29,0,42,44,40.58,43.5,8.280871,3.2478722E7,17,688180,20260415
603871.SH,嘉友国际,12.74,-4.282494365138995,13.25,13.25,14.04,5.32633158,174/5521,13.27,12.7,14.1,13.43,13.25,13.25,13.25,0,13.48,14.1,13.43,14.04,5.026256,2.8629327E7,17,603871,20260415
300110.SZ,华仁药业,3.15,0.0,3.15,3.15,3.38,5.29595016,175/5521,3.2,3.13,3.45,3.17,3.15,3.15,3.15,0,3.23,3.45,3.17,3.38,8.722741,7.7722634E7,33,300110,20260415
300480.SZ,光力科技,35.87,-1.29334067143645,36.41,36.41,34.35,5.2712228,176/5521,36.58,34.91,36.29,32.45,36.41,36.41,36.41,0,32.58,36.29,32.45,34.35,11.768311,2.8954691E7,33,300480,20260415
600707.SH,彩虹股份,8.09,-8.068181818181827,8.28,8.28,7.19,5.27086384,177/5521,8.45,8.01,7.49,6.72,8.28,8.28,8.28,0,6.83,7.49,6.72,7.19,11.273792,1.99704536E8,17,600707,20260415
300996.SZ,普联软件,12.5,0.6441223832528186,12.58,12.58,17.6,5.26315789,178/5521,12.58,12.18,17.8,16.76,12.58,12.58,12.58,0,11.91428571,12.64285714,11.9,12.5,6.220095,1.88982E7,33,300996,20260415
688248.SH,南网科技,54.91,-2.710843373493978,55.52,55.52,59.26,5.25754885,179/5521,55.99,52.73,61.27,56.6,55.52,55.52,55.52,0,56.92,61.27,56.6,59.26,8.294849,1.1149203E7,17,688248,20260415
603016.SH,新宏泰,54.94,-8.249832999332005,58.5,58.5,46.16,5.24395805,180/5521,60.86,54.13,48.25,43.5,58.5,58.5,58.5,0,43.86,48.25,43.5,46.16,10.829913,1.0340085E7,17,603016,20260415
002519.SZ,银河电子,8.13,3.172588832487321,7.88,7.88,8.45,5.23038605,181/5521,8.18,7.8,8.63,7.98,7.88,7.88,7.88,0,8.05,8.63,7.98,8.45,8.094645,1.61650637E8,33,002519,20260415
002112.SZ,三变科技,20.14,-1.177625122669276,20.38,20.38,22.38,5.21861777,182/5521,20.46,20.01,22.51,21.33,20.38,20.38,20.38,0,21.51,22.51,21.33,22.38,5.547719,5.6413927E7,33,002112,20260415
300427.SZ,红相股份,10.89,-0.1833180568285937,10.88,10.88,12.91,5.21597392,183/5521,10.97,10.73,13.21,12.27,10.88,10.88,10.88,0,12.55,13.21,12.27,12.91,7.660961,7.962995E7,33,300427,20260415
600829.SH,人民同泰,9.72,0.41322314049587733,9.63,9.63,10.3,5.20939734,184/5521,9.75,9.63,10.34,9.77,9.63,9.63,9.63,0,9.77,10.34,9.77,10.3,5.822267,2.5792052E7,17,600829,20260415
301328.SZ,维峰电子,62.16,0.6476683937823812,61.68,61.68,54.82,5.20053732,185/5521,63.11,61.21,55.78,52.31,61.68,61.68,61.68,0,52.31,55.78,52.31,54.82,6.65899,3175346,33,301328,20260415
300903.SZ,科翔股份,49.67,-1.1542288557213896,49.54,49.54,39.76,5.18518519,186/5521,50.83,48.44,41.49,38.01,49.54,49.54,49.54,0,38.01,41.49,38.01,39.76,9.206349,5.2401142E7,33,300903,20260415
688796.SH,百奥赛图,96.33,2.7410409556313917,93.4,93.4,107.35,5.14201763,188/5521,97.55,93,107.35,99.63,93.4,93.4,93.4,0,103.36,107.35,99.63,107.35,7.561214,2497342,17,688796,20260415
002860.SZ,星帅尔,12.81,0.07812499999999833,12.77,12.77,13.1,5.1364366,189/5521,12.93,12.74,13.18,12.43,12.77,12.77,12.77,0,12.47,13.18,12.43,13.1,6.019261,1.8817404E7,33,002860,20260415
603097.SH,江苏华辰,27.08,-1.7059891107078127,27.2,27.2,34.02,5.12978986,190/5521,27.5,27.04,35.6,32.38,27.2,27.2,27.2,0,32.38,35.6,32.38,34.02,9.950556,7404709,17,603097,20260415
301479.SZ,弘景光电,113.3,6.086142322097379,106.21,106.21,99.85,5.12739524,191/5521,116.31,106.02,104.09,94.8,106.21,106.21,106.21,0,95.65,104.09,94.8,99.85,9.781006,5232784,33,301479,20260415
603211.SH,晋拓股份,26.8,0.5628517823639855,26.16,26.16,26.91,5.1171875,192/5521,27.2,25.75,28.16,25.4,26.16,26.16,26.16,0,25.56,28.16,25.4,26.91,10.78125,1.92732E7,17,603211,20260415
688331.SH,荣昌生物,129.31,-1.2900763358778609,131.66,131.66,149.0,5.09980955,193/5521,133.5,128.3,152.66,139,131.66,131.66,131.66,0,146.5,152.66,139,149.0,9.635324,1.3259131E7,17,688331,20260415
688235.SH,百济神州,234.8,-0.6389911556853247,236.0,236,254.4,5.09356798,195/5521,237.97,232.05,259,246.8,236.0,236.0,236.0,0,257.01,259,246.8,254.4,5.039864,6091843,17,688235,20260415
301016.SZ,雷尔伟,16.29,3.824091778202675,15.68,15.68,23.94,5.09218613,196/5521,16.4,15.68,25.15,22.78,15.68,15.68,15.68,0,16.16428571,17.85714286,16.16428571,16.99,10.403863,8276749,33,301016,20260415
600238.SH,*ST椰岛,5.64,2.5454545454545396,5.78,5.78,4.55,5.08083141,197/5521,5.78,5.56,4.55,4.54,5.78,5.78,5.78,0,4.55,4.55,4.54,4.55,0.230946,6680550,22,600238,20260415
300201.SZ,海伦哲,11.84,0.08453085376162119,11.78,11.78,12.22,5.07308684,198/5521,11.84,11.34,12.44,11.65,11.78,11.78,11.78,0,11.73,12.44,11.65,12.22,6.792777,6.3792087E7,33,300201,20260415
603858.SH,步长制药,16.28,-1.393095093882498,16.48,16.48,17.01,5.06485485,199/5521,16.56,16.2,17.09,16.3,16.48,16.48,16.48,0,16.3,17.09,16.3,17.01,4.879555,1.4540381E7,17,603858,20260415
600186.SH,莲花控股,10.72,-0.9242144177449135,11.33,11.33,7.69,5.05464481,200/5521,11.55,10.42,7.89,7.1,11.33,11.33,11.33,0,7.5,7.89,7.1,7.69,10.792349,3.07678407E8,17,600186,20260415
002569.SZ,*ST步森,14.41,1.4788732394366257,14.5,14.5,13.17,5.02392344,203/5521,14.7,14.16,13.17,12.71,14.5,14.5,14.5,0,12.75,13.17,12.71,13.17,3.668261,1825650,33,002569,20260415
600581.SH,*ST八钢,2.82,1.0752688172042941,2.78,2.78,2.93,5.01792115,204/5521,2.84,2.78,2.93,2.77,2.78,2.78,2.78,0,2.82,2.93,2.77,2.93,5.734767,4.9611986E7,22,600581,20260415
301589.SZ,诺瓦星云,171.4,1.8540527691942028,168.23,168.23,175.86,5.01612325,205/5521,172.22,166.87,177.85,167.52,168.23,168.23,168.23,0,168.47,177.85,167.52,175.86,6.168637,1383370,33,301589,20260415
000790.SZ,华神科技,4.57,10.120481927710841,4.25,4.25,4.19,5.01253133,206/5521,4.57,4.25,4.33,3.97,4.25,4.25,4.25,0,4.01,4.33,3.97,4.19,9.022556,4.1759928E7,33,000790,20260415
301150.SZ,中一科技,68.52,3.8653933606184587,65.0,65,61.82,5.01104128,207/5521,70.27,64.28,63,58,65.0,65.0,65.0,0,58.8,63,58,61.82,8.49329,1.9490426E7,33,301150,20260415
603268.SH,松发股份,149.5,4.036186499652061,144.44,144.44,115.45,5.00227376,208/5521,153.8,144.4,115.45,109.6,144.44,144.44,144.44,0,110.68,115.45,109.6,115.45,5.3206,6596359,17,603268,20260415
001270.SZ,*ST铖昌,140.35,4.997381611431142,133.67,133.67,142.37,5.00036876,209/5521,140.35,132,142.37,142.33,133.67,133.67,133.67,0,142.37,142.37,142.33,142.37,0.0295,2526492,33,001270,20260415
002630.SZ,*ST华西,1.99,-4.784688995215305,1.99,1.99,2.11,4.97512438,210/5521,1.99,1.99,2.11,2.07,1.99,1.99,1.99,0,2.09,2.11,2.07,2.11,1.990049,2.1823682E7,33,002630,20260415
301197.SZ,工大科雅,30.35,0.29742233972240534,30.2,30.2,28.75,4.9270073,211/5521,30.98,29.35,29.72,26.99,30.2,30.2,30.2,0,27.8,29.72,26.99,28.75,9.963503,1.0164601E7,33,301197,20260415
601799.SH,星宇股份,124.08,-1.2887828162291206,126.0,126,129.15,4.91470349,212/5521,130.73,124.03,131.81,124.15,126.0,126.0,126.0,0,124.44,131.81,124.15,129.15,6.222583,4838013,17,601799,20260415
600769.SH,祥龙电业,16.0,5.401844532279317,15.28,15.28,15.16,4.91349481,213/5521,16.66,15,15.45,14.42,15.28,15.28,15.28,0,14.42,15.45,14.42,15.16,7.128027,2.3936617E7,17,600769,20260415
920225.BJ,利通科技,26.82,-1.5779816513761458,27.9,27.9,27.43,4.89483748,214/5521,28.2,26.71,28.88,26.69,27.9,27.9,27.9,0,26.78,28.88,26.69,27.43,8.37476,4808007,151,920225,20260415
600880.SH,博瑞传播,5.13,0.39138943248531455,5.11,5.11,5.15,4.88798371,215/5521,5.17,5.1,5.35,4.87,5.11,5.11,5.11,0,4.9,5.35,4.87,5.15,9.775967,9.5201472E7,17,600880,20260415
300086.SZ,康芝药业,7.4,2.493074792243776,7.23,7.23,7.95,4.88126649,216/5521,7.49,7.21,8.07,7.5,7.23,7.23,7.23,0,7.63,8.07,7.5,7.95,7.519788,5.20968E7,33,300086,20260415
002120.SZ,韵达股份,7.86,-0.12706480304955256,7.86,7.86,6.9,4.86322188,217/5521,7.9,7.78,7.08,6.78,7.86,7.86,7.86,0,7.01,7.08,6.78,6.9,4.55927,6.9307823E7,33,002120,20260415
300937.SZ,药易购,27.77,-2.732049036777587,28.55,28.55,31.31,4.85599464,218/5521,28.55,27.46,31.64,30.17,28.55,28.55,28.55,0,30.2,31.64,30.17,31.31,4.922973,6612200,33,300937,20260415
688506.SH,百利天恒,272.74,0.64206642066421,268.98,268.98,313.85,4.84032603,219/5521,279.5,267.47,314.9,295.39,268.98,268.98,268.98,0,305.35,314.9,295.39,313.85,6.517236,2595848,17,688506,20260415
300905.SZ,宝丽迪,68.12,0.029368575624097257,68.78,68.78,38.6,4.83432917,220/5521,69.78,64.31,39.7,36.74,68.78,68.78,68.78,0,36.82,39.7,36.74,38.6,8.039109,1.2920903E7,33,300905,20260415
301335.SZ,天元宠物,26.09,0.4234026173979963,25.99,25.99,26.52,4.82213439,221/5521,26.3,25.8,27.17,25.24,25.99,25.99,25.99,0,25.39,27.17,25.24,26.52,7.628458,4371777,33,301335,20260415
688068.SH,热景生物,112.2,1.492537313432841,110.89,110.89,126.25,4.7630902,222/5521,113.89,109.08,127.86,117.36,110.89,110.89,110.89,0,121.98,127.86,117.36,126.25,8.712969,4305345,17,688068,20260415
002989.SZ,中天精装,29.21,10.018832391713747,27.62,27.62,27.13,4.74903475,223/5521,29.21,27.55,28.49,25.95,27.62,27.62,27.62,0,26.36,28.49,25.95,27.13,9.806949,1.0354069E7,33,002989,20260415
603037.SH,凯众股份,13.76,-0.5780346820809253,13.91,13.91,14.73,4.69083156,224/5521,13.96,13.6,14.8,13.8,13.91,13.91,13.91,0,14.01,14.8,13.8,14.73,7.10732,1.5510418E7,17,603037,20260415
688251.SH,井松智能,31.47,2.8095393662201875,30.61,30.61,36.66,4.68303826,225/5521,31.88,30.1,37.3,34.7,30.61,30.61,30.61,0,34.81,37.3,34.7,36.66,7.424328,4884771,17,688251,20260415
002300.SZ,太阳电缆,9.37,-3.302373581011355,9.66,9.66,9.93,4.63645943,226/5521,9.72,9.35,9.93,9.45,9.66,9.66,9.66,0,9.47,9.93,9.45,9.93,5.057955,6.7954519E7,33,002300,20260415
301295.SZ,美硕科技,44.57,0.9970541581690407,44.13,44.13,38.3,4.61622508,227/5521,45.1,44,39.17,36.44,44.13,44.13,44.13,0,36.9,39.17,36.44,38.3,7.456978,3065305,33,301295,20260415
301186.SZ,超达装备,66.46,2.2461538461538364,65.32,65.32,65.53,4.61366539,228/5521,67.5,64.01,67.2,60.51,65.32,65.32,65.32,0,61,67.2,60.51,65.53,10.680076,4540552,33,301186,20260415
300723.SZ,一品红,41.45,4.0934203917629395,39.43,39.43,37.1,4.56595265,229/5521,42.5,39.23,37.49,34.6,39.43,39.43,39.43,0,36.02,37.49,34.6,37.1,8.145434,2.9424303E7,33,300723,20260415
300020.SZ,ST银江,3.52,0.2849002849002915,3.49,3.49,3.68,4.54545455,230/5521,3.53,3.47,3.78,3.43,3.49,3.49,3.49,0,3.5,3.78,3.43,3.68,9.943181,2.6269752E7,33,300020,20260415
688280.SH,精进电动,7.28,-11.864406779661012,7.86,7.86,10.81,4.54545455,230/5521,7.99,7.07,11.18,10.35,7.86,7.86,7.86,0,10.39,11.18,10.35,10.81,8.027079,3.307097E7,17,688280,20260415
603633.SH,徕木股份,8.28,1.3463892288861619,8.17,8.17,8.06,4.53955901,232/5521,8.33,8.14,8.35,7.69,8.17,8.17,8.17,0,7.71,8.35,7.69,8.06,8.560311,2.4470652E7,17,603633,20260415
603530.SH,神马电力,60.95,-2.07262210796915,62.15,62.15,61.41,4.52765957,233/5521,62.21,60.01,62.89,58.75,62.15,62.15,62.15,0,59.14,62.89,58.75,61.41,7.046808,1.1338016E7,17,603530,20260415
600312.SH,平高电气,21.96,-0.49841413683733315,22.0,22,20.15,4.51244813,234/5521,22.3,21.82,20.39,19.36,22.0,22.0,22.0,0,19.39,20.39,19.36,20.15,5.342323,4.3471805E7,17,600312,20260415
688816.SH,易思维,61.38,-3.6420722135007852,62.52,62.52,67.51,4.50464396,235/5521,62.52,61.15,68.42,64.61,62.52,62.52,62.52,0,65,68.42,64.61,67.51,5.897832,2702848,17,688816,20260415
600351.SH,亚宝药业,7.08,2.3121387283237014,6.88,6.88,6.83,4.43425076,236/5521,7.1,6.85,6.83,6.54,6.88,6.88,6.88,0,6.56,6.83,6.54,6.83,4.43425,5.1094713E7,17,600351,20260415
300561.SZ,*ST汇科,17.06,-3.5613340870548473,17.8,17.8,17.28,4.41087613,237/5521,17.84,17.03,17.65,16.17,17.8,17.8,17.8,0,16.7,17.65,16.17,17.28,8.942598,2.8331471E7,33,300561,20260415
688682.SH,霍莱沃,47.85,4.70459518599562,46.23,46.23,48.38,4.40224428,238/5521,48.3,45.57,49.89,46.34,46.23,46.23,46.23,0,47.3,49.89,46.34,48.38,7.660768,3799748,17,688682,20260415
002370.SZ,亚太药业,6.73,1.6616314199395819,6.63,6.63,7.52,4.29958391,239/5521,6.81,6.58,7.53,7.08,6.63,6.63,6.63,0,7.33,7.53,7.08,7.52,6.241331,1.08463999E8,33,002370,20260415
603083.SH,剑桥科技,174.97,2.4954601370745655,179.0,179,125.8,4.29447853,240/5521,187.5,174.78,132.68,124.02,179.0,179.0,179.0,0,125.51,132.68,124.02,125.8,7.179572,6.534767E7,17,603083,20260415
000610.SZ,*ST西旅,7.75,-0.7682458386683689,7.81,7.81,8.99,4.29234339,241/5521,7.86,7.72,9.39,8.54,7.81,7.81,7.81,0,8.65,9.39,8.54,8.99,9.860788,2.8092342E7,33,000610,20260415
920078.BJ,族兴新材,27.61,9.13043478260869,25.3,25.3,24.36,4.28082192,242/5521,28.8,24.89,25.34,23.4,25.3,25.3,25.3,0,23.58,25.34,23.4,24.36,8.304794,5770549,151,920078,20260415
600468.SH,百利电气,7.44,-1.587301587301577,7.61,7.61,8.07,4.26356589,243/5521,7.69,7.41,8.24,7.76,7.61,7.61,7.61,0,7.78,8.24,7.76,8.07,6.20155,8.2681818E7,17,600468,20260415
300736.SZ,百邦科技,27.6,-0.9687836383207734,27.78,27.78,19.82,4.26091531,244/5521,28.25,26.63,20.75,19.08,27.78,27.78,27.78,0,19.08,20.75,19.08,19.82,8.78485,1.2965659E7,33,300736,20260415
603958.SH,哈森股份,24.26,-0.24671052631578422,24.1,24.1,24.73,4.21407501,245/5521,24.7,23.88,25.1,23.11,24.1,24.1,24.1,0,24.2,25.1,23.11,24.73,8.386009,1.7902172E7,17,603958,20260415
688178.SH,万德斯,33.77,-4.03523728331911,34.66,34.66,31.44,4.20947962,246/5521,35.77,33.43,32.88,30.01,34.66,34.66,34.66,0,30.77,32.88,30.01,31.44,9.512761,2876226,17,688178,20260415
002253.SZ,*ST智胜,10.91,-0.8181818181818169,11.12,11.12,11.7,4.18521817,247/5521,11.19,10.8,11.75,11.29,11.12,11.12,11.12,0,11.37,11.75,11.29,11.7,4.09617,6382750,33,002253,20260415
000555.SZ,神州信息,13.71,0.2192982456140434,13.7,13.7,16.0,4.16666667,248/5521,13.82,13.6,16.9,15.68,13.7,13.7,13.7,0,16.9,16.9,15.68,16.0,7.942708,9.7139315E7,33,000555,20260415
603256.SH,宏和科技,119.1,-1.2601558613828636,125.0,125,102.07,4.15306122,249/5521,125.5,111.16,107.8,98.26,125.0,125.0,125.0,0,98.27,107.8,98.26,102.07,9.734693,4.8834156E7,17,603256,20260415
301609.SZ,山大电力,45.17,-0.9429824561403503,45.52,45.52,48.18,4.15045396,250/5521,45.82,45.05,48.48,46.12,45.52,45.52,45.52,0,46.33,48.48,46.12,48.18,5.101599,5139072,33,301609,20260415
002422.SZ,科伦药业,34.57,1.3782991202346007,34.93,34.93,35.7,4.111986,251/5521,35.15,34,35.79,34.11,34.93,34.93,34.93,0,34.66,35.79,34.11,35.7,4.899387,3.3941387E7,33,002422,20260415
300720.SZ,海川智能,63.12,0.7662835249042096,62.01,62.01,57.25,4.10983815,252/5521,64.1,61.08,58.79,53.34,62.01,62.01,62.01,0,54.71,58.79,53.34,57.25,9.910892,9868821,33,300720,20260415
000989.SZ,九芝堂,9.65,-0.9240246406570827,9.72,9.72,9.88,4.10958904,253/5521,9.75,9.55,9.96,9.42,9.72,9.72,9.72,0,9.56,9.96,9.42,9.88,5.6902,4.1353896E7,33,000989,20260415
300868.SZ,杰美特,72.49,2.517324282279736,70.72,70.72,76.02,4.10846343,254/5521,75.02,69,78.85,73.03,70.72,70.72,70.72,0,73.74,78.85,73.03,76.02,7.970419,6387551,33,300868,20260415
688795.SH,摩尔线程,715.7,3.784802784222741,690.0,690,625.66,4.10489359,255/5521,732.99,690,650.15,598,690.0,690.0,690.0,0,601.15,650.15,598,625.66,8.677349,5235178,17,688795,20260415
603991.SH,至正股份,112.63,-0.8626001232285926,114.02,114.02,109.94,4.09013444,256/5521,115.88,112,113.88,106,114.02,114.02,114.02,0,106,113.88,106,109.94,7.460708,3665000,17,603991,20260415
603556.SH,海兴电力,28.72,-2.6110545947778894,29.0,29,36.6,4.06596531,257/5521,29.56,28.61,37.05,35.17,29.0,29.0,29.0,0,35.51,37.05,35.17,36.6,5.345464,5896890,17,603556,20260415
001378.SZ,德冠新材,26.79,2.290950744558984,26.22,26.22,24.85,4.06197655,258/5521,26.89,26.18,25.43,24.76,26.22,26.22,26.22,0,25.13,25.43,24.76,24.85,2.805695,4123562,33,001378,20260415
301122.SZ,采纳股份,31.9,1.2055837563451746,31.46,31.46,31.06,4.05360134,259/5521,32.68,31.28,32.21,30.03,31.46,31.46,31.46,0,30.18,32.21,30.03,31.06,7.303182,3247420,33,301122,20260415
002832.SZ,比音勒芬,20.24,2.897813929842383,20.06,20.06,17.53,4.03560831,260/5521,20.64,19.98,17.82,16.96,20.06,20.06,20.06,0,16.96,17.82,16.96,17.53,5.103857,1.468972E7,33,002832,20260415
601579.SH,会稽山,17.85,-0.9433962264150841,17.96,17.96,19.4,4.02144772,261/5521,18.08,17.71,19.6,18.58,17.96,17.96,17.96,0,18.58,19.6,18.58,19.4,5.469168,1.7676887E7,17,601579,20260415
002966.SZ,苏州银行,8.52,-0.3508771929824694,8.59,8.59,8.62,3.98069964,262/5521,8.62,8.44,8.64,8.28,8.59,8.59,8.59,0,8.31,8.64,8.28,8.62,4.342581,6.0121272E7,33,002966,20260415
301178.SZ,天亿马,54.55,0.055025678650025736,54.54,54.54,52.25,3.9800995,263/5521,55.5,54,53.22,50.28,54.54,54.54,54.54,0,50.68,53.22,50.28,52.25,5.850746,2847859,33,301178,20260415
000411.SZ,英特集团,10.6,-0.18832391713747246,10.56,10.56,11.28,3.96313364,264/5521,10.66,10.56,11.41,10.89,10.56,10.56,10.56,0,10.9,11.41,10.89,11.28,4.792626,1.0415381E7,33,000411,20260415
301588.SZ,美新科技,34.35,13.704071499503478,31.17,31.17,22.05,3.96039604,265/5521,34.81,30.72,23.38,21.28,31.17,31.17,31.17,0,21.94,23.38,21.28,22.05,9.90099,9478440,33,301588,20260415
688192.SH,迪哲医药,56.7,2.106969205834687,56.2,56.2,60.2,3.95441202,266/5521,59.1,56.2,60.98,57,56.2,56.2,56.2,0,59.5,60.98,57,60.2,6.872733,5412295,17,688192,20260415
603001.SH,奥康国际,8.23,-2.94811320754717,8.52,8.52,9.48,3.94736842,267/5521,8.52,8.2,9.65,9.08,8.52,8.52,8.52,0,9.18,9.65,9.08,9.48,6.25,1.1834558E7,17,603001,20260415
002333.SZ,罗普斯金,5.5,-1.079136690647475,5.57,5.57,5.81,3.93559928,268/5521,5.59,5.46,6.11,5.48,5.57,5.57,5.57,0,5.62,6.11,5.48,5.81,11.270125,4.0268993E7,33,002333,20260415
600056.SH,中国医药,10.36,-0.38461538461539346,10.38,10.38,11.15,3.91425909,269/5521,10.41,10.32,11.21,10.65,10.38,10.38,10.38,0,10.8,11.21,10.65,11.15,5.219012,6.9932384E7,17,600056,20260415
600346.SH,恒力石化,22.09,-0.5850585058505806,22.15,22.15,23.68,3.90522159,270/5521,22.5,21.99,23.8,22.35,22.15,22.15,22.15,0,23.3,23.8,22.35,23.68,6.362439,5.1380179E7,17,600346,20260415
603139.SH,康惠股份,36.3,-1.3050570962479717,36.59,36.59,29.58,3.89884089,271/5521,37.2,35.64,30.07,27.16,36.59,36.59,36.59,0,28.47,30.07,27.16,29.58,10.221285,1.1637808E7,17,603139,20260415
688781.SH,视涯科技,40.45,0.37220843672457987,40.28,40.28,39.0,3.88918487,272/5521,40.81,39.28,40.63,37.4,40.28,40.28,40.28,0,37.49,40.63,37.4,39.0,8.604155,8737191,17,688781,20260415
603222.SH,济民健康,9.8,2.510460251046027,9.64,9.64,10.43,3.88446215,273/5521,10.24,9.55,10.46,9.91,9.64,9.64,9.64,0,10.2,10.46,9.91,10.43,5.478087,5.5198537E7,17,603222,20260415
300057.SZ,万顺新材,9.76,0.30832476875641684,9.81,9.81,7.5,3.87811634,274/5521,10.07,9.22,7.99,7.15,9.81,9.81,9.81,0,7.34,7.99,7.15,7.5,11.634349,1.46322838E8,33,300057,20260415
002349.SZ,精华制药,7.52,2.872777017783857,7.36,7.36,7.82,3.85126162,275/5521,7.59,7.34,7.88,7.5,7.36,7.36,7.36,0,7.58,7.88,7.5,7.82,5.04648,4.4715349E7,33,002349,20260415
300651.SZ,金陵体育,36.08,13.245448838669175,32.67,32.67,30.48,3.85008518,276/5521,38.2,32.39,30.58,28.91,32.67,32.67,32.67,0,29.29,30.58,28.91,30.48,5.689948,1.9869945E7,33,300651,20260415
301391.SZ,卡莱特,83.24,3.4037267080745277,81.43,81.43,82.35,3.83306014,277/5521,85.45,80.5,86.5,79.17,81.43,81.43,81.43,0,79.68,86.5,79.17,82.35,9.242214,3105275,33,301391,20260415
920982.BJ,锦波生物,175.9,0.45688178183895567,172.56,172.56,181.2,3.82764153,278/5521,180.98,172.1,185.5,175,172.56,172.56,172.56,0,175,185.5,175,181.2,6.016502,1385839,151,920982,20260415
920367.BJ,新赣江,18.47,0.54436581382688,18.24,18.24,20.38,3.82068263,279/5521,18.74,18.24,20.39,19.71,18.24,18.24,18.24,0,19.8,20.39,19.71,20.38,3.464085,3615750,151,920367,20260415
300119.SZ,瑞普生物,18.0,-0.7717750826901906,18.21,18.21,19.03,3.81887616,280/5521,18.21,17.95,19.13,18.23,18.21,18.21,18.21,0,18.38,19.13,18.23,19.03,4.909983,1.0218511E7,33,300119,20260415
002128.SZ,电投能源,32.36,-1.3113754193351623,32.87,32.87,32.78,3.79987334,281/5521,33.12,31.92,32.8,31.52,32.87,32.87,32.87,0,31.78,32.8,31.52,32.78,4.053198,3.0135688E7,33,002128,20260415
300256.SZ,星星科技,3.36,0.2985074626865608,3.37,3.37,3.56,3.79008746,282/5521,3.41,3.32,3.73,3.42,3.37,3.37,3.37,0,3.43,3.73,3.42,3.56,9.0379,6.9372007E7,33,300256,20260415
300411.SZ,金盾股份,10.29,0.48828124999998956,10.22,10.22,10.99,3.77714825,283/5521,10.33,10.16,11.24,10.52,10.22,10.22,10.22,0,10.59,11.24,10.52,10.99,6.798866,1.5344451E7,33,300411,20260415
605133.SH,嵘泰股份,32.63,1.556178026766262,32.23,32.23,29.4,3.77691493,284/5521,32.88,31.78,30.16,28.3,32.23,32.23,32.23,0,28.3,30.16,28.3,29.4,6.565478,1.4372339E7,17,605133,20260415
688336.SH,三生国健,73.19,0.027333606669394588,73.14,73.14,89.28,3.76569038,285/5521,74.86,72.62,91.44,84.16,73.14,73.14,73.14,0,88.22,91.44,84.16,89.28,8.46118,1.3912089E7,17,688336,20260415
300267.SZ,尔康制药,4.36,3.809523809523813,4.26,4.26,4.14,3.7593985,286/5521,4.58,4.23,4.14,3.94,4.26,4.26,4.26,0,4.03,4.14,3.94,4.14,5.012531,1.57295418E8,33,300267,20260415
688818.SH,电科蓝天,68.6,1.4042867701404118,67.6,67.6,67.08,3.7587007,287/5521,69.1,66.37,70.45,65,67.6,67.6,67.6,0,65.95,70.45,65,67.08,8.430007,3.6882198E7,17,688818,20260415
001257.SZ,盛龙股份,22.52,-0.7492287351256135,22.44,22.44,23.77,3.75381929,288/5521,22.76,22.23,24.69,23.32,22.44,22.44,22.44,0,23.32,24.69,23.32,23.77,5.979921,4.2749913E7,33,001257,20260415
601233.SH,桐昆股份,24.21,4.986990459670435,22.81,22.81,20.19,3.75128469,289/5521,24.45,22.81,20.42,19.56,22.81,22.81,22.81,0,19.7,20.42,19.56,20.19,4.419321,4.5801617E7,17,601233,20260415
002317.SZ,众生药业,18.39,-0.1628664495114068,18.4,18.4,19.09,3.75,290/5521,18.79,18.18,19.25,18.37,18.4,18.4,18.4,0,18.69,19.25,18.37,19.09,4.782608,5.0582059E7,33,002317,20260415
001965.SZ,招商公路,9.4,0.9667024704618674,9.31,9.31,9.15,3.7414966,291/5521,9.45,9.19,9.18,8.8,9.31,9.31,9.31,0,8.83,9.18,8.8,9.15,4.30839,2.8348708E7,33,001965,20260415
002645.SZ,华宏科技,25.77,9.98719590268886,24.88,24.88,21.63,3.74100719,292/5521,25.77,24.66,22.5,20.53,24.88,24.88,24.88,0,20.85,22.5,20.53,21.63,9.448441,6.297554E7,33,002645,20260415
688376.SH,美埃科技,70.18,0.7031137896398466,69.65,69.65,73.3,3.73620153,293/5521,71.37,68.03,74.57,69.07,69.65,69.65,69.65,0,70.7,74.57,69.07,73.3,7.783753,3333453,17,688376,20260415
300265.SZ,通光线缆,17.21,-5.0744622173193505,18.18,18.18,19.72,3.73487638,294/5521,18.29,17.2,19.97,18.87,18.18,18.18,18.18,0,19.02,19.97,18.87,19.72,5.786428,7.294761E7,33,300265,20260415
000430.SZ,ST张家界,7.73,-1.7789072426937698,7.88,7.88,8.08,3.72272144,295/5521,7.91,7.73,8.18,7.71,7.88,7.88,7.88,0,7.79,8.18,7.71,8.08,6.033376,2.2966844E7,33,000430,20260415
300967.SZ,晓鸣股份,16.61,0.060240963855409696,16.5,16.5,19.8,3.71922472,296/5521,16.77,16.45,19.88,18.73,16.5,16.5,16.5,0,18.76,19.88,18.73,19.8,6.024096,1.2936785E7,33,300967,20260415
600855.SH,航天长峰,18.62,1.416122004357307,18.25,18.25,19.94,3.69214769,298/5521,18.76,18.18,20.5,19.3,18.25,18.25,18.25,0,19.42,20.5,19.3,19.94,6.240249,7.3829196E7,17,600855,20260415
603688.SH,石英股份,55.18,-0.8801868151607724,55.67,55.67,51.8,3.68294636,299/5521,55.93,54.3,54.96,51,55.67,55.67,55.67,0,51,54.96,51,51.8,7.926341,4.2172288E7,17,603688,20260415
688375.SH,国博电子,122.51,-0.4307542262678813,109.8,109.8,122.5,3.68176047,300/5521,127.85,109.8,126.22,118.55,109.8,109.8,109.8,0,118.55,126.22,118.55,122.5,6.491747,1.0183476E7,17,688375,20260415
300900.SZ,广联航空,44.45,4.1471415182755464,42.68,42.68,41.4,3.68144252,301/5521,45.54,42,45.3,40.38,42.68,42.68,42.68,0,40.67,45.3,40.38,41.4,12.321562,6.4117448E7,33,300900,20260415
920970.BJ,大禹生物,7.24,1.54277699859748,7.07,7.07,7.92,3.66492147,302/5521,7.4,7.03,8.15,7.41,7.07,7.07,7.07,0,7.98,8.15,7.41,7.92,9.685863,1.1191804E7,151,920970,20260415
603320.SH,迪贝电气,24.24,-0.8588957055214759,24.45,24.45,22.74,3.64630811,303/5521,24.79,24.15,22.9,21.97,24.45,24.45,24.45,0,21.99,22.9,21.97,22.74,4.238833,5958587,17,603320,20260415
688516.SH,奥特维,81.7,7.584935475375302,75.7,75.7,75.12,3.64238411,304/5521,82.5,74.2,78.33,72.02,75.7,75.7,75.7,0,73,78.33,72.02,75.12,8.705849,1.6251073E7,17,688516,20260415
002270.SZ,华明装备,24.49,-3.1633056544088602,25.4,25.4,27.72,3.62616822,305/5521,25.46,24.35,28.13,26.95,25.4,25.4,25.4,0,26.74,27.92,26.74,27.51,4.411214,2.1088369E7,33,002270,20260415
688260.SH,昀冢科技,35.8,0.22396416573347788,35.82,35.82,28.35,3.61842105,307/5521,36.45,35.4,30.25,27.38,35.82,35.82,35.82,0,27.38,30.25,27.38,28.35,10.489766,6931563,17,688260,20260415
300791.SZ,仙乐健康,19.5,0.3602676273803411,19.45,19.45,21.58,3.60057609,308/5521,19.65,19.33,21.68,20.8,19.45,19.45,19.45,0,20.8,21.68,20.8,21.58,4.224675,3926756,33,300791,20260415
300204.SZ,舒泰神,27.63,-0.7899461400359152,27.75,27.75,32.39,3.58170771,309/5521,28.24,27.5,34,30.31,27.75,27.75,27.75,0,31.88,34,30.31,32.39,11.800447,8.9062248E7,33,300204,20260415
000702.SZ,正虹科技,7.13,1.8571428571428557,7.0,7,6.95,3.57675112,310/5521,7.18,6.93,7.3,6.53,7.0,7.0,7.0,0,6.7,7.3,6.53,6.95,11.475409,2.8426124E7,33,000702,20260415
688521.SH,芯原股份,280.88,19.99829110949716,260.0,260,254.24,3.56008147,311/5521,280.88,260,258.65,238.23,260.0,260.0,260.0,0,245,258.65,238.23,254.24,8.317718,2.4177988E7,17,688521,20260415
688765.SH,禾元生物,55.07,3.2239925023430156,53.87,53.87,66.67,3.55700528,312/5521,55.29,53.08,66.86,64.72,53.87,53.87,53.87,0,65.08,66.86,64.72,66.67,3.324013,2023246,17,688765,20260415
603730.SH,岱美股份,10.94,3.2075471698113196,10.41,10.41,9.35,3.54374308,313/5521,10.98,10.41,9.5,9.01,10.41,10.41,10.41,0,9.02,9.5,9.01,9.35,5.426356,2.3808337E7,17,603730,20260415
688179.SH,阿拉丁,19.73,2.1221532091097317,19.32,19.32,18.46,3.53337072,314/5521,19.75,18.85,18.75,17.71,19.32,19.32,19.32,0,17.8,18.75,17.71,18.46,5.832865,1.5609816E7,17,688179,20260415
002471.SZ,中超控股,8.46,0.9546539379474948,8.39,8.39,9.09,3.53075171,315/5521,8.5,8.3,9.22,8.72,8.39,8.39,8.39,0,8.77,9.22,8.72,9.09,5.69476,2.75120083E8,33,002471,20260415
688629.SH,华丰科技,136.2,7.109153821956584,129.1,129.1,131.98,3.51372549,316/5521,138.85,123.51,135.58,124.22,129.1,129.1,129.1,0,129.97,135.58,124.22,131.98,8.909803,2.9469185E7,17,688629,20260415
002048.SZ,宁波华翔,26.03,-1.736504341260843,26.42,26.42,28.01,3.51071693,317/5521,26.67,25.88,28.9,26.97,26.42,26.42,26.42,0,27.1,28.9,26.97,28.01,7.132298,2.4102758E7,33,002048,20260415
300953.SZ,震裕科技,220.6,4.733418791245311,209.38,209.38,188.84,3.4966568,318/5521,222.99,209.07,190.87,181.78,209.38,209.38,209.38,0,183.88,190.87,181.78,188.84,4.981913,9126280,33,300953,20260415
002321.SZ,华英农业,2.13,0.4716981132075371,2.11,2.11,2.37,3.49344978,319/5521,2.14,2.09,2.4,2.21,2.11,2.11,2.11,0,2.29,2.4,2.21,2.37,8.296943,1.39026154E8,33,002321,20260415
300580.SZ,贝斯特,28.95,2.0084566596194513,28.4,28.4,26.84,3.4695451,320/5521,29.38,28.11,27.71,26.32,28.4,28.4,28.4,0,26.33,27.71,26.32,26.84,5.358519,3.1092964E7,33,300580,20260415
300878.SZ,维康药业,28.58,3.927272727272721,27.47,27.47,27.45,3.46777233,321/5521,29.17,27.21,27.45,25.62,27.47,27.47,27.47,0,26.89,27.45,25.62,27.45,6.897851,2754840,33,300878,20260415
603803.SH,瑞斯康达,14.3,-3.8332212508406087,15.2,15.2,15.52,3.46666667,322/5521,15.38,14.13,16.15,15.21,15.2,15.2,15.2,0,15.21,16.15,15.21,15.52,6.266666,1.11113056E8,17,603803,20260415
603387.SH,基蛋生物,9.65,5.46448087431694,9.35,9.35,10.16,3.46232179,323/5521,9.86,9.35,10.2,9.75,9.35,9.35,9.35,0,9.9,10.2,9.75,10.16,4.582484,4.2548841E7,17,603387,20260415
600060.SH,海信视像,25.6,2.1548284118116627,25.05,25.05,23.07,3.4529148,324/5521,25.86,24.8,23.42,22.3,25.05,25.05,25.05,0,22.43,23.42,22.3,23.07,5.022421,1.9386762E7,17,600060,20260415
688137.SH,近岸蛋白,48.48,0.41425020712509475,47.85,47.85,49.76,3.45114345,325/5521,49.47,47.8,51.64,46.84,47.85,47.85,47.85,0,47.76,51.64,46.84,49.76,9.979209,2124212,17,688137,20260415
301120.SZ,新特电气,19.63,-1.850000000000005,19.98,19.98,24.0,3.44827586,326/5521,20.15,19.52,24,22.87,19.98,19.98,19.98,0,23.32,24,22.87,24.0,4.870689,3.4687284E7,33,301120,20260415
600054.SH,黄山旅游,11.89,-0.1679261125104918,11.9,11.9,12.36,3.43096234,327/5521,12.05,11.66,12.39,11.96,11.9,11.9,11.9,0,11.98,12.39,11.96,12.36,3.598326,2.0936212E7,17,600054,20260415
300751.SZ,迈为股份,238.88,7.914709071196233,222.22,222.22,223.17,3.41519926,328/5521,240.32,219.46,229,218.5,222.22,222.22,222.22,0,218.89,229,218.5,223.17,4.865616,1.2956092E7,33,300751,20260415
002236.SZ,大华股份,18.49,1.09349371241115,18.2,18.2,18.86,3.39912281,329/5521,18.86,18.1,18.91,18.2,18.2,18.2,18.2,0,18.26,18.91,18.2,18.86,3.892543,8.6026726E7,33,002236,20260415
688027.SH,国盾量子,572.19,2.385212754536027,557.0,557,578.0,3.39892665,330/5521,572.5,555,603.68,570.75,557.0,557.0,557.0,0,600,603.68,570.75,578.0,5.890876,4248893,17,688027,20260415
920725.BJ,惠丰钻石,31.32,3.537190082644629,31.2,31.2,32.01,3.39147287,331/5521,31.9,30.82,33.5,31.42,31.2,31.2,31.2,0,32.05,33.5,31.42,32.01,6.718346,5011230,151,920725,20260415
688610.SH,埃科光电,124.7,1.962387571545385,123.51,123.51,112.9,3.38827839,332/5521,128.9,123.51,116.9,106.44,123.51,123.51,123.51,0,110.95,116.9,106.44,112.9,9.578754,3015293,17,688610,20260415
603206.SH,嘉环科技,16.6,-0.7177033492822814,16.72,16.72,16.51,3.38134001,333/5521,16.88,16.57,16.73,15.92,16.72,16.72,16.72,0,16.02,16.73,15.92,16.51,5.07201,8176800,17,603206,20260415
300026.SZ,红日药业,3.42,-0.2915451895043799,3.44,3.44,3.67,3.38028169,334/5521,3.45,3.4,3.7,3.52,3.44,3.44,3.44,0,3.56,3.7,3.52,3.67,5.070422,9.5247773E7,33,300026,20260415
603717.SH,天域生物,7.54,10.072992700729934,6.9,6.9,7.04,3.3773862,335/5521,7.54,6.89,7.16,6.65,6.9,6.9,6.9,0,6.8,7.16,6.65,7.04,7.488986,1.59813E7,17,603717,20260415
688523.SH,航天环宇,65.51,4.050190597204581,62.62,62.62,68.91,3.37533753,336/5521,66.44,62.5,72.49,66.68,62.62,62.62,62.62,0,66.68,72.49,66.68,68.91,8.715871,1.5987552E7,17,688523,20260415
601058.SH,赛轮轮胎,13.92,-2.7253668763102765,14.16,14.16,13.8,3.37078652,337/5521,14.24,13.84,14.09,13.46,14.16,14.16,14.16,0,13.53,14.09,13.46,13.8,4.719101,6.1204654E7,17,601058,20260415
300215.SZ,电科院,8.56,-0.46511627906975755,8.61,8.61,8.6,3.36538462,338/5521,8.77,8.53,8.73,8.2,8.61,8.61,8.61,0,8.32,8.73,8.2,8.6,6.370192,5.88097E7,33,300215,20260415
300322.SZ,硕贝德,30.21,-1.0157273918741767,30.58,30.58,29.0,3.34996436,339/5521,30.74,29.7,30.5,28.6,30.58,30.58,30.58,0,28.6,30.5,28.6,29.0,6.771204,6.194614E7,33,300322,20260415
300181.SZ,佐力药业,15.21,-1.3618677042801497,15.39,15.39,16.06,3.34620335,340/5521,15.46,15.17,16.1,15.56,15.39,15.39,15.39,0,15.7,16.1,15.56,16.06,3.474903,1.5288475E7,33,300181,20260415
688520.SH,神州细胞,41.18,-0.38703434929850916,40.87,40.87,43.28,3.34288443,341/5521,42.24,40.58,43.85,41.63,40.87,40.87,40.87,0,42.5,43.85,41.63,43.28,5.300859,5434028,17,688520,20260415
000711.SZ,ST京蓝,4.92,2.9288702928870225,4.66,4.66,3.71,3.34261838,342/5521,4.96,4.63,3.77,3.58,4.66,4.66,4.66,0,3.66,3.77,3.58,3.71,5.292479,1.61358924E8,33,000711,20260415
688496.SH,ST清越,4.46,-19.928186714542193,4.46,4.46,5.88,3.33919156,343/5521,4.73,4.46,5.96,5.6,4.46,4.46,4.46,0,5.68,5.96,5.6,5.88,6.326889,1.1065007E7,22,688496,20260415
002878.SZ,元隆雅图,19.55,4.601391118245047,18.98,18.98,17.7,3.32749562,344/5521,19.99,18.98,17.96,16.98,18.98,18.98,18.98,0,17.25,17.96,16.98,17.7,5.720957,1.5744421E7,33,002878,20260415
000028.SZ,国药一致,24.54,-1.0483870967741997,24.68,24.68,26.45,3.3203125,345/5521,24.69,24.41,26.55,25.7,24.68,24.68,24.68,0,25.7,26.55,25.7,26.45,3.320312,9845377,33,000028,20260415
920299.BJ,灿能电力,22.29,-1.284322409211688,22.58,22.58,23.98,3.31753555,346/5521,22.72,22.26,24.42,23.1,22.58,22.58,22.58,0,23.4,24.42,23.1,23.98,5.687203,4525025,151,920299,20260415
300165.SZ,天瑞仪器,7.39,7.412790697674415,6.95,6.95,5.64,3.2967033,348/5521,7.6,6.89,5.81,5.34,6.95,6.95,6.95,0,5.45,5.81,5.34,5.64,8.608058,4.2704242E7,33,300165,20260415
688789.SH,宏华数科,60.12,-10.335570469798657,58.0,58,70.19,3.29654157,349/5521,62.5,57.66,71.69,68,58.0,58.0,58.0,0,68.41,71.69,68,70.19,5.430463,2205268,17,688789,20260415
002290.SZ,禾盛新材,81.28,5.627030539311239,78.88,78.88,72.13,3.2937133,350/5521,82.48,76.6,73.99,69.2,78.88,78.88,78.88,0,69.83,73.99,69.2,72.13,6.859515,9633047,33,002290,20260415
301393.SZ,昊帆生物,58.82,-0.4400812457684462,58.87,58.87,59.6,3.29289428,351/5521,59.92,58.09,60.58,56.08,58.87,58.87,58.87,0,57.76,60.58,56.08,59.6,7.79896,5917482,33,301393,20260415
603669.SH,灵康药业,4.48,-1.5384615384615252,4.51,4.51,4.71,3.28947368,352/5521,4.6,4.46,4.8,4.54,4.51,4.51,4.51,0,4.61,4.8,4.54,4.71,5.701754,2.7513611E7,17,603669,20260415
603458.SH,勘设股份,11.96,0.16750418760470143,11.92,11.92,11.4,3.26086957,354/5521,12.18,11.8,11.44,10.99,11.92,11.92,11.92,0,11.06,11.44,10.99,11.4,4.076086,1.6835158E7,17,603458,20260415
002023.SZ,海特高新,12.6,3.194103194103184,12.19,12.19,12.72,3.24675325,355/5521,12.77,12.19,13.04,12.03,12.19,12.19,12.19,0,12.65,13.04,12.03,12.72,8.198051,1.08962817E8,33,002023,20260415
600479.SH,千金药业,11.01,-0.542005420054205,10.93,10.93,10.84,3.23809524,356/5521,11.17,10.93,10.85,10.5,10.93,10.93,10.93,0,10.59,10.85,10.5,10.84,3.333333,1.06256E7,17,600479,20260415
600750.SH,华润江中,23.92,-0.2502085070892357,23.96,23.96,26.8,3.2357473,357/5521,24.02,23.81,26.9,25.99,23.96,23.96,23.96,0,26.12,26.9,25.99,26.8,3.505392,5051058,17,600750,20260415
301216.SZ,万凯新材,29.99,-1.76875204716673,30.52,30.52,29.37,3.23374341,358/5521,30.9,29.03,29.44,27.85,30.52,30.52,30.52,0,28.09,29.44,27.85,29.37,5.588752,1.5955579E7,33,301216,20260415
603757.SH,大元泵业,50.58,-1.2109375000000089,50.89,50.89,57.88,3.22810772,359/5521,51.5,49.95,58.29,54,50.89,50.89,50.89,0,55.9,58.29,54,57.88,7.65115,2.3232885E7,17,603757,20260415
600668.SH,尖峰集团,10.96,-1.8800358102059005,11.17,11.17,11.28,3.20219579,360/5521,11.49,10.86,11.39,10.93,11.17,11.17,11.17,0,11,11.39,10.93,11.28,4.2086,1.3085543E7,17,600668,20260415
301053.SZ,远信工业,64.0,0.0,63.51,63.51,56.79,3.1982555,361/5521,65.1,62.1,57.23,54.9,63.51,63.51,63.51,0,55.11,57.23,54.9,56.79,4.234054,5314947,33,301053,20260415
920491.BJ,奥迪威,24.93,2.6771004942339314,24.28,24.28,25.18,3.19672131,362/5521,24.93,24.11,26.12,24.7,24.28,24.28,24.28,0,24.4,25.82,24.4,24.88,5.819672,5506091,151,920491,20260415
920273.BJ,一致魔芋,21.23,-2.120792992162291,21.62,21.62,22.3,3.19296622,363/5521,22.42,21.01,22.66,21.68,21.62,21.62,21.62,0,21.24,22.16,21.18,21.8,4.534937,2325902,151,920273,20260415
688172.SH,燕东微,42.49,6.464545226760225,40.05,40.05,40.49,3.13295976,364/5521,43.15,39.13,42.13,38.8,40.05,40.05,40.05,0,39.6,42.13,38.8,40.49,8.481915,1.8966513E7,17,688172,20260415
688790.SH,昂瑞微,142.81,2.8075732488661767,139.01,139.01,142.1,3.12046444,365/5521,143.8,139.01,146.97,137.63,139.01,139.01,139.01,0,138.74,146.97,137.63,142.1,6.777939,1547387,17,688790,20260415
002675.SZ,东诚药业,12.99,-2.477477477477478,13.3,13.3,14.65,3.09641098,366/5521,13.31,12.97,14.66,14.1,13.3,13.3,13.3,0,14.3393805,14.5793805,14.0193805,14.57,3.940886,4.1520624E7,33,002675,20260415
603179.SH,新泉股份,61.4,7.0245773052117855,58.96,58.96,65.39,3.0900205,367/5521,63.06,58.96,67.46,63.46,58.96,58.96,58.96,0,63.68,67.46,63.46,65.39,6.306164,1.9280465E7,17,603179,20260415
002439.SZ,启明星辰,15.62,3.034300791556722,15.0,15,15.05,3.08219178,368/5521,16,15,15.5,14.4,15.0,15.0,15.0,0,14.83,15.5,14.4,15.05,7.534246,7.7781189E7,33,002439,20260415
600428.SH,中远海特,8.56,-0.23310023310022812,8.55,8.55,9.03,3.08219178,368/5521,8.69,8.41,9.1,8.67,8.55,8.55,8.55,0,8.75,9.1,8.67,9.03,4.908675,3.823965E7,17,600428,20260415
605319.SH,无锡振华,26.82,0.789177001127399,26.61,26.61,29.88,3.07002415,370/5521,26.98,26.46,30.3,28.42,26.61,26.61,26.61,0,28.95,30.3,28.42,29.88,6.484994,1.4980257E7,17,605319,20260415
600879.SH,航天电子,23.97,3.9011703511053253,23.07,23.07,23.2,3.06530431,371/5521,24.08,22.91,23.84,22.76,23.07,23.07,23.07,0,22.77,23.84,22.76,23.2,4.797867,2.46453179E8,17,600879,20260415
301180.SZ,万祥科技,17.74,-3.691639522258432,18.7,18.7,20.85,3.06475531,372/5521,18.7,17.7,21.25,19.99,18.7,18.7,18.7,0,20.2,21.25,19.99,20.85,6.228373,1.0673483E7,33,301180,20260415
603895.SH,天永智能,28.67,1.5226628895184253,28.11,28.11,28.66,3.05645451,373/5521,28.89,28.11,28.96,27.68,28.11,28.11,28.11,0,27.83,28.96,27.68,28.66,4.60266,2208400,17,603895,20260415
603306.SH,华懋科技,101.45,0.515208560388384,101.69,101.69,102.52,3.04553221,374/5521,103.21,99.2,105.98,98.1,101.69,101.69,101.69,0,98.94,105.98,98.1,102.52,7.920394,1.8236134E7,17,603306,20260415
002585.SZ,双星新材,7.75,-0.38560411311054305,7.74,7.74,7.15,3.0259366,375/5521,8.04,7.62,7.63,6.96,7.74,7.74,7.74,0,6.98,7.63,6.96,7.15,9.654178,7.3725099E7,33,002585,20260415
300149.SZ,睿智医药,9.99,-0.09999999999999787,10.0,10,11.59,3.02222222,376/5521,10.12,9.89,11.72,11.02,10.0,10.0,10.0,0,11.56,11.72,11.02,11.59,6.222222,6.0995585E7,33,300149,20260415
002533.SZ,金杯电工,13.3,-1.262063845582776,13.4,13.4,13.66,3.01659125,377/5521,13.44,13.21,13.82,13.31,13.4,13.4,13.4,0,13.39,13.82,13.31,13.66,3.846153,3.0617334E7,33,002533,20260415
002602.SZ,世纪华通,16.01,-8.930602957906693,16.96,16.96,16.77,3.00982801,378/5521,17,16.01,16.97,16.37,16.96,16.96,16.96,0,16.37,16.97,16.37,16.77,3.685503,1.20738023E8,33,002602,20260415
688545.SH,兴福电子,54.89,5.456292026897221,52.18,52.18,52.08,3.00632911,379/5521,55.49,52,54.34,50.51,52.18,52.18,52.18,0,51,54.34,50.51,52.08,7.575158,8863211,17,688545,20260415
000597.SZ,东北制药,4.93,-0.6048387096774244,4.98,4.98,5.49,3.00187617,380/5521,4.98,4.92,5.51,5.24,4.98,4.98,4.98,0,5.35,5.51,5.24,5.49,5.065666,3.7275977E7,33,000597,20260415
301528.SZ,多浦乐,75.31,0.6414539623145851,75.07,75.07,65.9,3.00093779,381/5521,75.31,72.77,67.62,63.42,75.07,75.07,75.07,0,64.23,67.62,63.42,65.9,6.564551,1977215,33,301528,20260415
603101.SH,汇嘉时代,11.06,0.2719854941069913,11.0,11,9.28,2.99667037,382/5521,11.28,10.86,9.39,8.8,11.0,11.0,11.0,0,8.92,9.39,8.8,9.28,6.548279,2.7015905E7,17,603101,20260415
600380.SH,健康元,10.93,-1.531531531531531,11.09,11.09,11.35,2.99455535,383/5521,11.13,10.92,11.4,11.07,11.09,11.09,11.09,0,11.12,11.4,11.07,11.35,2.994555,2.371078E7,17,600380,20260415
300888.SZ,稳健医疗,31.34,0.1277955271565468,31.3,31.3,33.86,2.98053528,384/5521,31.5,31.19,34.73,33.02,31.3,31.3,31.3,0,33.08,34.73,33.02,33.86,5.200729,6842468,33,300888,20260415
001400.SZ,江顺科技,204.67,-0.6456310679611711,201.1,201.1,173.71,2.96976882,385/5521,216.2,195,181.87,165.65,201.1,201.1,201.1,0,168.59,181.87,165.65,173.71,9.6147,3414922,33,001400,20260415
920183.BJ,海菲曼,37.98,1.877682403433465,37.2,37.2,39.2,2.96821644,386/5521,38.5,37.2,39.94,38.09,37.2,37.2,37.2,0,38.23,39.94,38.09,39.2,4.859469,1201263,151,920183,20260415
002100.SZ,天康生物,7.95,1.4030612244898,7.78,7.78,8.35,2.95930949,387/5521,8.06,7.7,8.46,7.9,7.78,7.78,7.78,0,8.05,8.46,7.9,8.35,6.905055,6.3200124E7,33,002100,20260415
002957.SZ,科瑞技术,43.62,-0.9311832841244689,43.91,43.91,41.92,2.94695481,388/5521,44.72,43.2,42.99,40.53,43.91,43.91,43.91,0,40.72,42.99,40.53,41.92,6.041257,4.4338531E7,33,002957,20260415
002977.SZ,*ST天箭,27.11,4.99612703330751,25.65,25.65,29.81,2.93508287,389/5521,27.11,25.56,30.3,28.82,25.65,25.65,25.65,0,28.91,30.3,28.82,29.81,5.110497,3825028,33,002977,20260415
603809.SH,豪能股份,11.03,2.319109461966605,10.78,10.78,11.23,2.93308891,390/5521,11.1,10.77,11.42,10.97,10.78,10.78,10.78,0,11,11.42,10.97,11.23,4.124656,2.3703284E7,17,603809,20260415
603112.SH,华翔股份,20.75,-0.5273250239693166,20.7,20.7,20.38,2.92929293,391/5521,21.09,20.51,20.7,19.63,20.7,20.7,20.7,0,19.79,20.7,19.63,20.38,5.40404,1.7777425E7,17,603112,20260415
600237.SH,铜峰电子,8.88,-2.417582417582405,9.09,9.09,9.49,2.92841649,392/5521,9.15,8.88,9.6,9.18,9.09,9.09,9.09,0,9.23,9.6,9.18,9.49,4.555314,4.7236676E7,17,600237,20260415
600642.SH,申能股份,9.06,-0.4395604395604302,9.06,9.06,9.14,2.92792793,393/5521,9.09,8.86,9.19,8.83,9.06,9.06,9.06,0,8.87,9.19,8.83,9.14,4.054054,3.8582932E7,17,600642,20260415
688578.SH,艾力斯,92.6,-1.036657048199208,93.5,93.5,100.25,2.92607803,394/5521,94.25,91.84,101.33,98.3,93.5,93.5,93.5,0,98.99,101.33,98.3,100.25,3.110882,7906964,17,688578,20260415
301550.SZ,斯菱智驱,159.95,4.235907461713913,155.0,155,158.7,2.91828794,395/5521,161.75,153.49,166.6,154.97,155.0,155.0,155.0,0,155.1,166.6,154.97,158.7,7.542153,6839374,33,301550,20260415
301078.SZ,孩子王,8.84,-0.2257336343115076,8.84,8.84,8.85,2.90697674,396/5521,9.11,8.82,9.05,8.68,8.84,8.84,8.84,0,8.7,9.05,8.68,8.85,4.302325,5.4279863E7,33,301078,20260415
603220.SH,中贝通信,28.26,-2.383419689119163,28.99,28.99,29.03,2.90677065,397/5521,29.26,27.5,29.73,28.1,28.99,28.99,28.99,0,28.38,29.73,28.1,29.03,5.778092,6.1394596E7,17,603220,20260415
603085.SH,天成自控,12.28,2.333333333333328,12.02,12.02,11.53,2.85459411,398/5521,12.33,12.01,11.64,11.14,12.02,12.02,12.02,0,11.23,11.64,11.14,11.53,4.460303,1.2017614E7,17,603085,20260415
300295.SZ,*ST三六五,12.62,1.2028869286286974,12.66,12.66,10.1,2.85132383,399/5521,12.78,12.22,10.35,9.63,12.66,12.66,12.66,0,9.85,10.35,9.63,10.1,7.331975,1.4107536E7,33,300295,20260415
300893.SZ,松原安全,22.58,-0.39700044111161625,22.69,22.69,22.73,2.85067873,400/5521,22.8,22.5,22.9,21.9,22.69,22.69,22.69,0,22.04,22.9,21.9,22.73,4.524886,5346665,33,300893,20260415
603232.SH,格尔软件,18.65,2.8681742967457233,18.08,18.08,20.6,2.8457314,401/5521,19.09,18.08,22,20.5,18.08,18.08,18.08,0,21.67,22,20.5,20.6,7.488766,1.9774047E7,17,603232,20260415
300506.SZ,ST名家汇,4.64,-3.9337474120082896,4.86,4.86,5.07,2.83975659,402/5521,4.86,4.58,5.14,4.94,4.86,4.86,4.86,0,4.94,5.14,4.94,5.07,4.056795,1.2398277E7,33,300506,20260415
301263.SZ,泰恩康,28.85,0.6980802792321217,28.71,28.71,28.72,2.82849982,403/5521,29.2,28.48,28.92,28.05,28.71,28.71,28.71,0,28.05,28.92,28.05,28.72,3.11493,5178838,33,301263,20260415
003015.SZ,日久光电,15.15,-1.1741682974559668,15.18,15.18,16.36,2.82840981,404/5521,15.43,14.88,16.95,15.71,15.18,15.18,15.18,0,15.71,16.95,15.71,16.36,7.79384,2.0738E7,33,003015,20260415
603998.SH,方盛制药,10.99,0.09107468123861372,10.96,10.96,10.91,2.82752121,405/5521,11.11,10.96,10.95,10.65,10.96,10.96,10.96,0,10.69,10.95,10.65,10.91,2.827521,1.24584E7,17,603998,20260415
600343.SH,航天动力,34.52,3.7883343355381998,33.18,33.18,34.93,2.82602296,406/5521,35.08,33,35.84,33.97,33.18,33.18,33.18,0,33.97,35.84,33.97,34.93,5.504857,8.8165239E7,17,600343,20260415
689009.SH,九号公司,43.74,-3.8681318681318637,44.0,44,45.18,2.82203004,407/5521,44.4,42.44,45.79,44.27,44.0,44.0,44.0,0,44.27,45.79,44.27,45.18,3.459262,1.5358733E7,17,689009,20260415
601288.SH,农业银行,6.92,-0.2881844380403525,6.92,6.92,6.95,2.81065089,408/5521,7,6.86,6.97,6.73,6.92,6.92,6.92,0,6.74,6.97,6.73,6.95,3.550295,5.2925533E8,17,601288,20260415
603270.SH,金帝股份,28.13,2.964860907759878,27.0,27,26.01,2.80632411,409/5521,28.5,27,26.74,25.09,27.0,27.0,27.0,0,25.4,26.74,25.09,26.01,6.521739,6659789,17,603270,20260415
600182.SH,S佳通,14.54,-2.6773761713520776,14.75,14.75,14.67,2.80308339,410/5521,14.82,14.49,14.77,14.24,14.75,14.75,14.75,0,14.27,14.77,14.24,14.67,3.714085,3505601,17,600182,20260415
301529.SZ,福赛科技,138.11,11.884316267012327,122.52,122.52,115.33,2.79882342,411/5521,139.98,121.41,119.82,112.28,122.52,122.52,122.52,0,113.84,119.82,112.28,115.33,6.720741,3081532,33,301529,20260415
603939.SH,益丰药房,23.2,-0.9816474605207018,23.3,23.3,23.16,2.79627164,412/5521,23.76,23.09,23.44,22.59,23.3,23.3,23.3,0,22.75,23.44,22.59,23.16,3.772747,1.2745638E7,17,603939,20260415
300158.SZ,振东制药,5.72,-0.34843205574913694,5.76,5.76,6.25,2.79605263,413/5521,5.81,5.7,6.29,6.01,5.76,5.76,5.76,0,6.13,6.29,6.01,6.25,4.605263,4.5271301E7,33,300158,20260415
688189.SH,南新制药,8.95,11.457036114570363,8.01,8.01,7.74,2.78884462,414/5521,9.58,8.01,7.82,7.47,8.01,8.01,8.01,0,7.59,7.82,7.47,7.74,4.648074,8540828,17,688189,20260415
600243.SH,*ST海华,4.16,3.740648379052378,4.06,4.06,3.69,2.78551532,415/5521,4.2,3.91,3.76,3.54,4.06,4.06,4.06,0,3.59,3.76,3.54,3.69,6.128133,1.74391E7,22,600243,20260415
301015.SZ,百洋医药,24.65,-2.722967640094717,25.0,25,25.88,2.77998411,416/5521,25.13,24.43,27,25.48,25.0,25.0,25.0,0,26.51,27,25.48,25.88,6.036536,2.357529E7,33,301015,20260415
000695.SZ,滨海能源,15.5,-1.0217113665389537,15.71,15.71,14.79,2.77970813,417/5521,15.96,15.33,14.97,14.48,15.71,15.71,15.71,0,14.67,14.97,14.48,14.79,3.405142,2.28302E7,33,000695,20260415
002390.SZ,信邦制药,3.37,2.12121212121213,3.31,3.31,3.33,2.77777778,418/5521,3.4,3.26,3.37,3.24,3.31,3.31,3.31,0,3.26,3.37,3.24,3.33,4.012345,5.1500998E7,33,002390,20260415
001335.SZ,信凯科技,47.9,0.27213732468075247,47.78,47.78,41.91,2.77096616,419/5521,48.1,47.35,42.5,40.7,47.78,47.78,47.78,0,41.1,42.5,40.7,41.91,4.413928,856180,33,001335,20260415
301281.SZ,科源制药,37.69,-0.5278437582475662,38.0,38,38.99,2.76752768,420/5521,38.12,37.37,39.5,37.72,38.0,38.0,38.0,0,37.92,39.5,37.72,38.99,4.691618,4638400,33,301281,20260415
603193.SH,润本股份,25.97,-0.6123230003827025,25.84,25.84,24.51,2.7672956,421/5521,26.25,25.69,24.55,23.61,25.84,25.84,25.84,0,23.86,24.55,23.61,24.51,3.941299,5754078,17,603193,20260415
603811.SH,诚意药业,11.86,-1.0016694490818112,11.91,11.91,12.28,2.76150628,422/5521,12.07,11.85,12.31,11.9,11.91,11.91,11.91,0,12.08,12.31,11.9,12.28,3.430962,1.0252249E7,17,603811,20260415
600276.SH,恒瑞医药,53.88,-2.018548827059464,55.04,55.04,57.73,2.75898896,423/5521,55.04,53.81,58.45,57.04,55.04,55.04,55.04,0,57.94,58.45,57.04,57.73,2.509789,1.02947951E8,17,600276,20260415
688498.SH,源杰科技,1571.0,3.6963696369636962,1535.0,1535,1286.0,2.75751304,424/5521,1610.31,1497.48,1339.88,1245,1535.0,1535.0,1535.0,0,1245,1339.88,1245,1286.0,7.581363,3284732,17,688498,20260415
600710.SH,苏美达,12.22,-2.4740622505985534,12.52,12.52,13.05,2.75590551,425/5521,12.53,12.22,13.24,12.76,12.52,12.52,12.52,0,12.79,13.24,12.76,13.05,3.779527,2.2754783E7,17,600710,20260415
688510.SH,航亚科技,33.28,4.687008493236873,31.98,31.98,33.2,2.75456515,426/5521,33.68,31.62,33.67,32.23,31.98,31.98,31.98,0,32.33,33.67,32.23,33.2,4.456824,1.0229041E7,17,688510,20260415
688255.SH,凯尔达,30.34,1.9146792072556273,29.77,29.77,29.14,2.75035261,427/5521,30.92,29.7,29.75,28.8,29.77,29.77,29.77,0,29.4,29.75,28.8,29.14,3.349788,3376465,17,688255,20260415
300328.SZ,宜安科技,18.06,1.6319639842431015,17.84,17.84,17.19,2.7495517,428/5521,18.3,17.7,17.66,16.77,17.84,17.84,17.84,0,16.84,17.66,16.77,17.19,5.319784,6.3425176E7,33,300328,20260415
600012.SH,皖通高速,15.66,-0.948766603415562,15.85,15.85,15.7,2.7486911,429/5521,15.98,15.53,15.76,14.96,15.85,15.85,15.85,0,15.33,15.76,14.96,15.7,5.235602,7066668,17,600012,20260415
300404.SZ,博济医药,10.74,1.4164305949008533,10.61,10.61,10.55,2.72638754,430/5521,10.83,10.53,10.67,10.22,10.61,10.61,10.61,0,10.47,10.67,10.22,10.55,4.381694,1.9767624E7,33,300404,20260415
301128.SZ,强瑞技术,178.31,-3.092391304347825,184.88,184.88,177.86,2.72611759,431/5521,187.5,175,188.75,173.2,184.88,184.88,184.88,0,176.96,188.75,173.2,177.86,8.981171,8049304,33,301128,20260415
001282.SZ,三联锻造,20.88,2.4031387935262307,20.39,20.39,21.88,2.72300469,432/5521,21.18,20.37,22.58,21.4,20.39,20.39,20.39,0,21.4,22.58,21.4,21.88,5.539906,7289342,33,001282,20260415
000065.SZ,北方国际,12.79,1.1067193675889233,12.63,12.63,14.77,2.71210014,433/5521,12.82,12.54,15.56,14.54,12.63,12.63,12.63,0,14.54,15.56,14.54,14.77,7.093184,8.2390337E7,33,000065,20260415
603199.SH,九华旅游,36.48,-1.6446481531410257,36.95,36.95,37.98,2.70416441,434/5521,36.98,36.01,38.17,37.03,36.95,36.95,36.95,0,37.18,38.17,37.03,37.98,3.082747,3646606,17,603199,20260415
000721.SZ,西安饮食,7.59,-0.5242463958060293,7.63,7.63,7.99,2.69922879,435/5521,7.67,7.56,8.24,7.74,7.63,7.63,7.63,0,7.79,8.24,7.74,7.99,6.426735,2.32426E7,33,000721,20260415
600062.SH,华润双鹤,17.85,-0.6124721603563442,17.91,17.91,18.67,2.69526953,436/5521,17.94,17.81,18.71,18.19,17.91,17.91,17.91,0,18.26,18.71,18.19,18.67,2.860286,1.8968295E7,17,600062,20260415
600089.SH,特变电工,26.82,-1.5779816513761458,27.22,27.22,28.22,2.69286754,437/5521,27.22,26.75,28.54,27.56,27.22,27.22,27.22,0,27.75,28.54,27.56,28.22,3.566229,2.62088663E8,17,600089,20260415
688278.SH,特宝生物,58.25,-1.8534119629317631,59.22,59.22,64.99,2.66982622,438/5521,59.22,57.01,65.14,63.5,59.22,59.22,59.22,0,63.9,65.14,63.5,64.99,2.590837,2710132,17,688278,20260415
688096.SH,京源环保,8.38,-0.4750593824227927,8.37,8.37,8.47,2.66666667,439/5521,8.58,8.35,8.94,8.26,8.37,8.37,8.37,0,8.27,8.94,8.26,8.47,8.242424,1.1490476E7,17,688096,20260415
300246.SZ,宝莱特,17.7,4.05643738977071,17.0,17,16.2,2.66159696,440/5521,18.1,16.88,16.99,15.62,17.0,17.0,17.0,0,15.8,16.99,15.62,16.2,8.681875,2.5526443E7,33,300246,20260415
301291.SZ,明阳电气,58.94,-5.0273928456332655,60.18,60.18,54.07,2.65805962,441/5521,61.18,55.01,56.28,52.89,60.18,60.18,60.18,0,53.11,56.28,52.89,54.07,6.436301,1.6502171E7,33,301291,20260415
300899.SZ,*ST凯鑫,36.65,-1.0796221322537074,37.07,37.07,39.01,2.65789474,442/5521,38.07,36,39.86,38,37.07,37.07,37.07,0,38,39.86,38,39.01,4.894736,1099337,33,300899,20260415
688363.SH,华熙生物,41.35,-4.61361014994233,42.0,42,43.27,2.65717675,443/5521,42.08,41.22,44.1,42.5,42.0,42.0,42.0,0,42.5,44.1,42.5,43.27,3.795966,4829748,17,688363,20260415
002044.SZ,美年健康,5.43,3.231939163498098,5.58,5.58,5.41,2.65654649,444/5521,5.68,5.17,5.53,5.28,5.58,5.58,5.58,0,5.33,5.53,5.28,5.41,4.743833,2.25130464E8,33,002044,20260415
300103.SZ,达刚控股,8.25,2.103960396039603,8.02,8.02,7.36,2.64993026,445/5521,8.25,8,7.4,7.11,8.02,8.02,8.02,0,7.19,7.4,7.11,7.36,4.04463,8285350,33,300103,20260415
301511.SZ,德福科技,75.2,4.444444444444448,70.0,70,47.06,2.63904035,446/5521,76.34,69.5,49,46.5,70.0,70.0,70.0,0,46.92,49,46.5,47.06,5.452562,4.6419746E7,33,301511,20260415
600406.SH,国电南瑞,25.97,-2.4417731029301355,26.59,26.59,26.86,2.6366068,447/5521,26.59,25.91,27.31,26.33,26.59,26.59,26.59,0,26.37,27.31,26.33,26.86,3.744745,1.30686319E8,17,600406,20260415
603909.SH,建发合诚,12.15,-1.0586319218240963,12.28,12.28,13.27,2.6295437,448/5521,12.5,12.1,13.57,12.98,12.28,12.28,12.28,0,13.16,13.57,12.98,13.27,4.563031,1.5278826E7,17,603909,20260415
688408.SH,中信博,40.53,-5.170800187178289,42.03,42.03,39.83,2.62818861,449/5521,42.46,40.5,40.48,38.58,42.03,42.03,42.03,0,39,40.48,38.58,39.83,4.895645,5769817,17,688408,20260415
300225.SZ,*ST金泰,6.54,1.8691588785046747,6.35,6.35,5.86,2.62697023,450/5521,6.8,6.35,6,5.71,6.35,6.35,6.35,0,5.81,6,5.71,5.86,5.078809,2.29687E7,33,300225,20260415
002962.SZ,五方光电,16.47,-1.0216346153846256,16.79,16.79,16.8,2.62675626,451/5521,17.22,16.43,17.13,16.2,16.79,16.79,16.79,0,16.42,17.13,16.2,16.8,5.681124,4.9481694E7,33,002962,20260415
300918.SZ,南山智尚,14.23,0.4943502824858777,14.05,14.05,14.88,2.62068966,452/5521,14.38,14.05,15.5,14.61,14.05,14.05,14.05,0,14.67,15.5,14.61,14.88,6.137931,1.9211312E7,33,300918,20260415
301196.SZ,唯科科技,118.5,5.006645990252553,113.7,113.7,118.8,2.61725836,453/5521,120.8,109.92,121,112.38,113.7,113.7,113.7,0,115.77,121,112.38,118.8,7.445797,6921285,33,301196,20260415
300961.SZ,深水海纳,13.57,1.26865671641791,13.38,13.38,13.75,2.6119403,454/5521,13.66,13.37,13.85,13.3,13.38,13.38,13.38,0,13.4,13.85,13.3,13.75,4.104477,1.197266E7,33,300961,20260415
600521.SH,华海药业,16.29,1.8124999999999947,16.01,16.01,16.51,2.61031697,455/5521,16.6,15.88,16.66,16.09,16.01,16.01,16.01,0,16.31,16.66,16.09,16.51,3.542573,4.8091497E7,17,600521,20260415
601107.SH,四川成渝,6.13,-0.48701298701299106,6.1,6.1,5.91,2.60416667,456/5521,6.17,6.01,5.93,5.77,6.1,6.1,6.1,0,5.79,5.93,5.77,5.91,2.777777,1.6376485E7,17,601107,20260415
301636.SZ,泽润新能,61.29,0.7727721144360389,60.17,60.17,70.99,2.60153201,457/5521,61.46,59.5,70.99,68.8,60.17,60.17,60.17,0,69.2,70.99,68.8,70.99,3.165197,3698170,33,301636,20260415
603087.SH,甘李药业,58.85,-1.605082762079921,59.91,59.91,65.96,2.5976046,458/5521,59.97,58.7,66.57,64.5,59.91,59.91,59.91,0,65.4,66.57,64.5,65.96,3.219785,1.1400713E7,17,603087,20260415
603162.SH,海通发展,14.87,-1.9775873434410067,15.0,15,14.22,2.5974026,459/5521,15.05,14.8,14.32,13.76,15.0,15.0,15.0,0,13.86,14.32,13.76,14.22,4.040404,1.2728848E7,17,603162,20260415
002311.SZ,海大集团,49.98,0.3412969283276342,49.65,49.65,49.56,2.58745601,460/5521,51.1,49.41,49.8,48.04,49.65,49.65,49.65,0,48.32,49.8,48.04,49.56,3.643138,1.0424668E7,33,002311,20260415
002019.SZ,亿帆医药,11.18,-0.533807829181499,11.23,11.23,12.7,2.58481422,461/5521,11.29,11.15,12.92,12.43,11.23,11.23,11.23,0,12.72,12.92,12.43,12.7,3.957996,3.403807E7,33,002019,20260415
600535.SH,天士力,15.13,-0.39499670836075523,15.13,15.13,14.32,2.57879656,462/5521,15.31,15.11,14.38,14.07,15.13,15.13,15.13,0,14.1,14.38,14.07,14.32,2.22063,1.396876E7,17,600535,20260415
688256.SH,寒武纪,1699.96,20.00028236024932,1475.0,1475,1274.0,2.57814135,463/5521,1699.96,1475,1327.21,1239.08,1475.0,1475.0,1475.0,0,1242,1327.21,1239.08,1274.0,7.095927,1.2429888E7,17,688256,20260415
603018.SH,华设集团,7.52,2.5920873124147272,7.4,7.4,7.57,2.57452575,464/5521,7.53,7.39,7.67,7.36,7.4,7.4,7.4,0,7.38,7.67,7.36,7.57,4.200542,1.17558E7,17,603018,20260415
688171.SH,纬德信息,51.79,-0.3463536655762935,52.0,52,48.67,2.5711275,465/5521,53,51.4,53.12,48.47,52.0,52.0,52.0,0,53.12,53.12,48.47,48.67,9.799789,2895767,17,688171,20260415
002530.SZ,金财互联,9.1,0.9988901220865689,8.99,8.99,9.18,2.5698324,466/5521,9.16,8.93,9.43,8.82,8.99,8.99,8.99,0,8.98,9.43,8.82,9.18,6.815642,3.9879372E7,33,002530,20260415
002865.SZ,钧达股份,80.65,4.931043455633628,76.18,76.18,72.96,2.55833568,467/5521,80.92,75.9,76.96,72.08,76.18,76.18,76.18,0,72.69,76.96,72.08,72.96,6.859713,2.7851667E7,33,002865,20260415
002550.SZ,千红制药,7.0,-1.2693935119887145,7.1,7.1,8.02,2.55754476,468/5521,7.11,6.96,8.08,7.73,7.1,7.1,7.1,0,7.96,8.08,7.73,8.02,4.475703,4.56929E7,33,002550,20260415
603402.SH,陕西旅游,111.17,-4.205084015510552,115.42,115.42,138.86,2.54781774,469/5521,115.99,110.1,140.66,134.89,115.42,115.42,115.42,0,135.41,140.66,134.89,138.86,4.261132,2325493,17,603402,20260415
688351.SH,微电生理,23.4,3.129131776112813,22.98,22.98,24.19,2.54345061,470/5521,23.73,22.06,24.21,23.34,22.98,22.98,22.98,0,23.83,24.21,23.34,24.19,3.688003,4960312,17,688351,20260415
688758.SH,赛分科技,19.47,-2.30807827395886,19.75,19.75,20.58,2.54110613,471/5521,19.93,19.42,20.78,19.85,19.75,19.75,19.75,0,19.99,20.78,19.85,20.58,4.633781,5589259,17,688758,20260415
300210.SZ,森远股份,10.8,10.996916752312439,9.79,9.79,9.3,2.53583241,472/5521,10.95,9.7,9.31,8.96,9.79,9.79,9.79,0,9.06,9.31,8.96,9.3,3.858875,1.084264E7,33,300210,20260415
688100.SH,威胜信息,37.37,3.1181015452538503,36.23,36.23,38.2,2.52281267,473/5521,37.56,36.2,38.47,37.47,36.23,36.23,36.23,0,37.75,38.47,37.47,38.2,2.683843,3095565,17,688100,20260415
002635.SZ,安洁科技,16.5,-0.42245021122510734,16.57,16.57,15.85,2.52263907,474/5521,16.74,16.16,16.26,15.34,16.57,16.57,16.57,0,15.46,16.26,15.34,15.85,5.95084,3.7911532E7,33,002635,20260415
688107.SH,安路科技,33.67,6.821065989847723,32.4,32.4,30.11,2.5195778,475/5521,33.99,31.6,31.3,29.41,32.4,32.4,32.4,0,29.54,31.3,29.41,30.11,6.435137,1.0512984E7,17,688107,20260415
001222.SZ,源飞宠物,18.84,0.31948881789136696,18.81,18.81,20.03,2.50767656,476/5521,19.08,18.76,20.25,19.43,18.81,18.81,18.81,0,19.51,20.25,19.43,20.03,4.196519,2753300,33,001222,20260415
000415.SZ,渤海租赁,4.68,-1.8867924528301858,4.78,4.78,4.5,2.50569476,477/5521,4.82,4.65,4.51,4.37,4.78,4.78,4.78,0,4.42,4.51,4.37,4.5,3.189066,7.1627179E7,33,000415,20260415
688592.SH,司南导航,45.0,0.7838745800671925,44.65,44.65,43.1,2.49702735,478/5521,45.1,44.05,43.84,41.83,44.65,44.65,44.65,0,42.29,43.84,41.83,43.1,4.780023,1637005,17,688592,20260415
603997.SH,继峰股份,12.17,0.0822368421052614,12.34,12.34,12.75,2.49196141,479/5521,12.37,12.06,12.89,12.46,12.34,12.34,12.34,0,12.51,12.89,12.46,12.75,3.456591,1.1741892E7,17,603997,20260415
603739.SH,蔚蓝生物,15.05,0.4672897196261701,15.12,15.12,15.25,2.48655914,480/5521,15.32,14.99,15.38,14.83,15.12,15.12,15.12,0,15,15.38,14.83,15.25,3.696236,5801740,17,603739,20260415
600557.SH,康缘药业,13.48,-3.369175627240135,13.7,13.7,14.03,2.48356465,481/5521,13.77,13.31,14.12,13.71,13.7,13.7,13.7,0,13.82,14.12,13.71,14.03,2.994886,7629900,17,600557,20260415
603976.SH,正川股份,21.15,-0.09447331128957547,21.11,21.11,20.22,2.48352762,482/5521,21.37,20.92,20.3,19.66,21.11,21.11,21.11,0,19.82,20.3,19.66,20.22,3.243791,2021100,17,603976,20260415
301096.SZ,百诚医药,58.56,4.664879356568363,55.8,55.8,56.49,2.46689643,483/5521,58.78,55.55,58.5,55.18,55.8,55.8,55.8,0,55.99,58.5,55.18,56.49,6.022129,4395394,33,301096,20260415
688195.SH,腾景科技,332.0,2.5450951321966917,331.23,331.23,341.5,2.46639462,484/5521,338.23,320.07,354.64,332.98,331.23,331.23,331.23,0,337.98,354.64,332.98,341.5,6.499039,7421425,17,688195,20260415
600748.SH,上实发展,5.3,-3.1078610603290664,5.48,5.48,5.41,2.46212121,485/5521,5.5,5.16,5.49,5.26,5.48,5.48,5.48,0,5.4,5.49,5.26,5.41,4.35606,3.5039082E7,17,600748,20260415
300434.SZ,金石亚药,11.44,1.1494252873563129,11.31,11.31,10.42,2.45821042,486/5521,11.73,11.27,10.51,10.16,11.31,11.31,11.31,0,10.26,10.51,10.16,10.42,3.441494,1.211268E7,33,300434,20260415
600751.SH,海航科技,3.68,-2.6455026455026363,3.76,3.76,3.76,2.45231608,487/5521,3.8,3.66,3.8,3.64,3.76,3.76,3.76,0,3.7,3.8,3.64,3.76,4.359673,4.80434E7,17,600751,20260415
301290.SZ,东星医疗,29.8,0.3367003367003415,29.7,29.7,27.62,2.44807122,488/5521,30.06,29.44,28.28,27.02,29.7,29.7,29.7,0,27.24,28.28,27.02,27.62,4.67359,1818025,33,301290,20260415
601877.SH,正泰电器,32.73,0.39877300613495537,32.47,32.47,34.34,2.44630072,489/5521,32.96,32.15,34.55,33.3,32.47,32.47,32.47,0,33.8,34.55,33.3,34.34,3.729116,4.6299503E7,17,601877,20260415
600744.SH,华银电力,8.54,-4.15263748597083,8.86,8.86,7.55,2.44233379,490/5521,8.91,8.51,7.61,7.24,8.86,8.86,8.86,0,7.35,7.61,7.24,7.55,5.020352,1.58809963E8,17,600744,20260415
301130.SZ,西点药业,32.12,1.581277672359255,31.65,31.65,31.53,2.43664717,491/5521,32.43,31.65,31.73,30.61,31.65,31.65,31.65,0,31,31.73,30.61,31.53,3.638726,2368600,33,301130,20260415
605151.SH,西上海,21.76,3.9655996177735395,21.23,21.23,19.78,2.43397204,492/5521,21.97,20.95,20.14,19.03,21.23,21.23,21.23,0,19.78,20.14,19.03,19.78,5.748316,3416528,17,605151,20260415
688221.SH,前沿生物,20.93,-0.8056872037914772,21.06,21.06,20.63,2.43296922,493/5521,21.84,20.67,20.86,19.68,21.06,21.06,21.06,0,20.5,20.86,19.68,20.63,5.858987,1.7428758E7,17,688221,20260415
600228.SH,*ST返利,6.17,1.8151815181518205,6.05,6.05,6.32,2.43111831,494/5521,6.17,6.03,6.39,6.16,6.05,6.05,6.05,0,6.24,6.39,6.16,6.32,3.727714,9764800,22,600228,20260415
688136.SH,科兴制药,25.07,-3.16724604094245,25.5,25.5,32.47,2.42902208,495/5521,25.85,24.84,32.8,30.94,25.5,25.5,25.5,0,32.36,32.8,30.94,32.47,5.867507,8198659,17,688136,20260415
688025.SH,杰普特,356.01,9.879629629629626,344.0,344,271.58,2.42504243,496/5521,375,333.71,279.8,261.13,344.0,344.0,344.0,0,262.1,279.8,261.13,271.58,7.041297,4681900,17,688025,20260415
002262.SZ,恩华药业,22.42,0.04462293618920823,22.41,22.41,22.89,2.41610738,497/5521,22.62,22.31,23.01,22.55,22.41,22.41,22.41,0,22.58,23.01,22.55,22.89,2.058165,9548876,33,002262,20260415
002275.SZ,桂林三金,14.31,0.5621925509487005,14.23,14.23,14.46,2.40793201,498/5521,14.41,14.15,14.54,14.06,14.23,14.23,14.23,0,14.2,14.54,14.06,14.46,3.399433,3927200,33,002275,20260415
603380.SH,易德龙,36.88,2.2172949002217415,35.9,35.9,36.68,2.40089336,499/5521,37.21,35.77,37.41,35.83,35.9,35.9,35.9,0,35.88,37.41,35.83,36.68,4.410943,3586874,17,603380,20260415
300147.SZ,*ST香雪,10.02,6.48246546227417,9.42,9.42,9.84,2.39334027,500/5521,10.37,9.42,9.97,9.59,9.42,9.42,9.42,0,9.7,9.97,9.59,9.84,3.954214,1.9443947E7,33,300147,20260415
002947.SZ,恒铭达,81.27,4.058898847631244,77.66,77.66,69.39,2.39043825,501/5521,82.7,75.6,71.27,67.17,77.66,77.66,77.66,0,67.61,70.77,66.67,68.89,6.049874,1.5420013E7,33,002947,20260415
603637.SH,镇海股份,16.88,5.040448039825754,16.06,16.06,14.18,2.38267148,502/5521,17.12,15.98,14.68,13.84,16.06,16.06,16.06,0,13.86,14.68,13.84,14.18,6.064981,1.1903583E7,17,603637,20260415
603515.SH,欧普照明,20.26,-1.0742187499999944,20.6,20.6,19.77,2.3821854,503/5521,20.62,20.22,19.84,19.31,20.6,20.6,20.6,0,19.38,19.84,19.31,19.77,2.744691,2138600,17,603515,20260415
688055.SH,龙腾光电,4.04,-1.9417475728155356,4.1,4.1,4.3,2.38095238,504/5521,4.13,3.96,4.49,4.23,4.1,4.1,4.1,0,4.24,4.49,4.23,4.3,6.190476,2.8199667E7,17,688055,20260415
688553.SH,汇宇制药,19.98,2.4090210148641664,19.65,19.65,20.24,2.3773394,505/5521,20.55,19.02,20.55,19.52,19.65,19.65,19.65,0,19.97,20.55,19.52,20.24,5.209914,1.8652026E7,17,688553,20260415
002737.SZ,葵花药业,13.88,5.954198473282451,13.92,13.92,12.51,2.37315876,506/5521,14.4,13.74,12.63,12.18,13.92,13.92,13.92,0,12.3,12.63,12.18,12.51,3.682487,6634371,33,002737,20260415
688785.SH,恒运昌,325.05,3.4861509073543417,308.18,308.18,307.2,2.36587804,507/5521,333,308.18,314.5,295.22,308.18,308.18,308.18,0,301.1,314.5,295.22,307.2,6.424525,881695,17,688785,20260415
603298.SH,杭叉集团,27.17,-1.1999999999999937,27.41,27.41,25.54,2.36472946,508/5521,27.63,27.02,25.69,25.1,27.41,27.41,27.41,0,25.2,25.69,25.1,25.54,2.364729,9417701,17,603298,20260415
688981.SH,中芯国际,118.73,5.565928692095674,113.31,113.31,103.91,2.35421592,509/5521,119.88,113.3,106.1,101.8,113.31,113.31,113.31,0,102.05,106.1,101.8,103.91,4.235618,7.04839E7,17,688981,20260415
600812.SH,华北制药,5.21,-1.1385199240986643,5.24,5.24,5.66,2.35081374,510/5521,5.26,5.2,5.73,5.52,5.24,5.24,5.24,0,5.6,5.73,5.52,5.66,3.797468,3.7403931E7,17,600812,20260415
002076.SZ,*ST星光,2.19,-4.36681222707424,2.23,2.23,2.18,2.34741784,511/5521,2.23,2.18,2.23,2.13,2.23,2.23,2.23,0,2.15,2.23,2.13,2.18,4.694835,3.75118E7,33,002076,20260415
300548.SZ,长芯博创,256.69,3.713131313131312,254.5,254.5,236.8,2.34689026,512/5521,263.22,250.5,244.89,228.19,254.5,254.5,254.5,0,228.86,244.89,228.19,236.8,7.217876,2.2560694E7,33,300548,20260415
688596.SH,正帆科技,32.66,0.15332720024531482,32.85,32.85,31.86,2.34500482,513/5521,32.93,32.1,32.43,31,32.85,32.85,32.85,0,31.5,32.43,31,31.86,4.593639,8642177,17,688596,20260415
300467.SZ,迅游科技,37.29,-1.3752975403332535,37.92,37.92,30.58,2.34270415,514/5521,37.92,36.78,31.75,30.01,37.92,37.92,37.92,0,30.15,31.75,30.01,30.58,5.823293,5800770,33,300467,20260415
600250.SH,南京商旅,10.91,1.112140871177025,10.77,10.77,11.42,2.3297491,515/5521,11.14,10.7,11.42,10.91,10.77,10.77,10.77,0,11.15,11.42,10.91,11.42,4.569892,3.1219E7,17,600250,20260415
002706.SZ,良信股份,11.57,2.208480565371025,11.35,11.35,10.11,2.32793522,516/5521,11.77,11.27,10.29,9.88,11.35,11.35,11.35,0,9.92,10.29,9.88,10.11,4.149797,4.899686E7,33,002706,20260415
688199.SH,久日新材,27.4,-0.3273917788286645,27.57,27.57,26.87,2.3229246,517/5521,27.57,26.88,27.26,26.28,27.57,27.57,27.57,0,26.32,27.26,26.28,26.87,3.731911,4672306,17,688199,20260415
002327.SZ,富安娜,7.37,0.4087193460490497,7.34,7.34,7.05,2.3222061,518/5521,7.47,7.29,7.09,6.86,7.34,7.34,7.34,0,6.88,7.09,6.86,7.05,3.338171,9235800,33,002327,20260415
301225.SZ,恒勃股份,103.62,7.333747669359848,97.02,97.02,114.6,2.32142857,519/5521,107.44,96.8,119.1,112,97.02,97.02,97.02,0,112,119.1,112,114.6,6.339285,2163542,33,301225,20260415
603127.SH,昭衍新药,38.87,0.5952380952380871,39.02,39.02,39.27,2.3189161,520/5521,39.98,36,39.97,36.68,39.02,39.02,39.02,0,38.88,39.97,36.68,39.27,8.572173,5.6222968E7,17,603127,20260415
603045.SH,福达合金,46.68,9.990574929311975,46.68,46.68,33.14,2.31552948,521/5521,46.68,46.68,33.83,32.36,46.68,46.68,46.68,0,32.4,33.83,32.36,33.14,4.538437,7109527,17,603045,20260415
601001.SH,晋控煤业,19.33,0.05175983436851972,19.21,19.21,16.81,2.31284236,522/5521,19.62,18.8,16.96,16.07,19.21,19.21,19.21,0,16.33,16.96,16.07,16.81,5.41692,1.8346258E7,17,601001,20260415
002565.SZ,顺灏股份,19.02,2.699784017278618,18.32,18.32,17.7,2.31213873,523/5521,19.19,18.18,18.57,17.11,18.32,18.32,18.32,0,17.32,18.57,17.11,17.7,8.439306,2.92014225E8,33,002565,20260415
603279.SH,景津装备,18.75,-2.5974025974025974,19.25,19.25,18.62,2.30769231,524/5521,19.26,18.58,18.97,18.16,19.25,19.25,19.25,0,18.19,18.97,18.16,18.62,4.450549,9284157,17,603279,20260415
920012.BJ,创达新材,59.0,6.0007186489399995,55.16,55.16,51.88,2.30723723,525/5521,60.5,55.15,59.8,51.45,55.16,55.16,55.16,0,53,59.8,51.45,51.88,16.46618,8053939,151,920012,20260415
688334.SH,西高院,20.88,-0.5714285714285762,21.04,21.04,22.26,2.29779412,526/5521,21.09,20.81,22.89,21.78,21.04,21.04,21.04,0,21.89,22.89,21.78,22.26,5.101102,6914914,17,688334,20260415
000999.SZ,华润三九,25.91,-0.5755947812739777,26.01,26.01,28.05,2.297593,527/5521,26.3,25.88,28.06,27.52,26.01,26.01,26.01,0,27.55,28.06,27.52,28.05,1.969365,2.2350984E7,33,000999,20260415
603883.SH,老百姓,14.0,-0.7795889440113355,14.02,14.02,13.81,2.2962963,528/5521,14.16,13.92,13.9,13.58,14.02,14.02,14.02,0,13.63,13.9,13.58,13.81,2.37037,1.3176766E7,17,603883,20260415
603233.SH,大参林,18.72,-3.255813953488385,19.15,19.15,17.45,2.28604924,529/5521,19.33,18.68,17.53,17.12,19.15,19.15,19.15,0,17.18,17.53,17.12,17.45,2.403282,6309869,17,603233,20260415
300162.SZ,雷曼光电,9.06,3.071672354948821,8.78,8.78,9.46,2.27027027,530/5521,9.37,8.6,9.6,9.2,8.78,8.78,8.78,0,9.24,9.6,9.2,9.46,4.324324,3.6062E7,33,300162,20260415
920022.BJ,世昌股份,26.28,1.2326656394453015,26.19,26.19,26.69,2.2605364,531/5521,26.67,25.87,27.52,26.49,26.19,26.19,26.19,0,26.49,27.52,26.49,26.69,3.94636,669720,151,920022,20260415
688517.SH,金冠电气,21.69,-3.169642857142845,22.18,22.18,21.27,2.25961538,532/5521,23.18,21.3,22.06,20.69,22.18,22.18,22.18,0,20.81,22.06,20.69,21.27,6.586538,6639144,17,688517,20260415
002841.SZ,视源股份,36.91,0.0,36.92,36.92,34.9,2.2560797,533/5521,37.16,36.52,35.2,34.2,36.92,36.92,36.92,0,33.57,34.48,33.48,34.18,2.929973,6543725,33,002841,20260415
605555.SH,德昌股份,15.37,0.7868852459016342,15.29,15.29,16.34,2.25281602,534/5521,15.58,15.13,16.4,15.95,15.29,15.29,15.29,0,16,16.4,15.95,16.34,2.81602,8332978,17,605555,20260415
000738.SZ,航发控制,20.73,2.11822660098522,20.3,20.3,21.83,2.24824356,535/5521,20.91,20.16,22.1,21.4,20.3,20.3,20.3,0,21.47,22.1,21.4,21.83,3.278688,4.2268185E7,33,000738,20260415
688237.SH,超卓航科,56.33,1.5137862677959926,55.55,55.55,55.58,2.24429728,536/5521,56.4,54.88,56.96,53.98,55.55,55.55,55.55,0,55.08,56.96,53.98,55.58,5.481972,1883869,17,688237,20260415
688387.SH,信科移动,19.58,8.117062396466034,18.08,18.08,16.89,2.23970944,537/5521,19.79,17.69,17.52,16.61,18.08,18.08,18.08,0,16.85,17.52,16.61,16.89,5.508474,1.5349791E8,17,688387,20260415
001287.SZ,中电港,26.46,3.278688524590163,25.7,25.7,27.39,2.23964166,538/5521,27.07,25.45,27.97,26.49,25.7,25.7,25.7,0,26.79,27.97,26.49,27.39,5.524449,4.1597153E7,33,001287,20260415
600118.SH,中国卫星,102.8,4.972939854998458,97.01,97.01,86.28,2.23960185,539/5521,103.8,97.01,88.35,85,97.01,97.01,97.01,0,85.02,88.35,85,86.28,3.969664,6.8194709E7,17,600118,20260415
002884.SZ,凌霄泵业,18.82,1.182795698924725,18.6,18.6,18.77,2.23311547,540/5521,18.84,18.03,18.88,18.21,18.6,18.6,18.6,0,18.3,18.88,18.21,18.77,3.649237,7733887,33,002884,20260415
001206.SZ,依依股份,18.94,-1.1482254697285954,19.18,19.18,21.53,2.2317189,541/5521,19.26,18.87,21.68,20.98,19.18,19.18,19.18,0,21.17,21.68,20.98,21.53,3.323836,5349692,33,001206,20260415
600350.SH,山东高速,10.7,-0.3724394785847386,10.78,10.78,10.1,2.22672065,542/5521,10.93,10.5,10.12,9.87,10.78,10.78,10.78,0,9.89,10.12,9.87,10.1,2.530364,6901301,17,600350,20260415
603271.SH,永杰新材,52.0,4.0,50.98,50.98,48.75,2.22268819,543/5521,52.12,50.8,49.26,47.5,50.98,50.98,50.98,0,47.69,49.26,47.5,48.75,3.690501,3563595,17,603271,20260415
300520.SZ,科大国创,34.9,1.7789442986293365,34.05,34.05,37.02,2.20872446,544/5521,34.92,34.05,39.56,36.93,34.05,34.05,34.05,0,39.18,39.56,36.93,37.02,7.261181,3.0772713E7,33,300520,20260415
603737.SH,三棵树,42.67,-0.8826945412311161,42.7,42.7,50.01,2.20723483,545/5521,43.73,42.6,50.95,48.65,42.7,42.7,42.7,0,48.98,50.95,48.65,50.01,4.700592,3911054,17,603737,20260415
301507.SZ,民生健康,14.76,0.7508532423208152,14.64,14.64,14.38,2.20326937,546/5521,14.86,14.61,14.47,14.04,14.64,14.64,14.64,0,14.15,14.47,14.04,14.38,3.056147,4939078,33,301507,20260415
600258.SH,首旅酒店,15.65,-2.3705552089831614,15.81,15.81,15.37,2.19414894,547/5521,15.89,15.32,15.42,14.93,15.81,15.81,15.81,0,15.06,15.42,14.93,15.37,3.257978,1.972884E7,17,600258,20260415
301097.SZ,天益医疗,58.63,1.278286405251342,57.89,57.89,57.05,2.18520509,549/5521,59.39,57.27,57.96,55.84,57.89,57.89,57.89,0,55.99,57.96,55.84,57.05,3.797241,661400,33,301097,20260415
688091.SH,上海谊众,55.35,0.7279344858962667,54.95,54.95,57.22,2.17857143,550/5521,56.89,53.98,58.27,55.07,54.95,54.95,54.95,0,57,58.27,55.07,57.22,5.714285,6093154,17,688091,20260415
603992.SH,松霖科技,31.9,-3.799758745476472,33.33,33.33,33.4,2.17191802,551/5521,33.4,31.7,33.63,32.15,33.33,33.33,33.33,0,32.69,33.63,32.15,33.4,4.527378,6243902,17,603992,20260415
600789.SH,鲁抗医药,8.14,-0.24509803921568105,8.16,8.16,8.48,2.1686747,552/5521,8.19,8.12,8.51,8.31,8.16,8.16,8.16,0,8.35,8.51,8.31,8.48,2.409638,2.4112145E7,17,600789,20260415
301314.SZ,科瑞思,51.5,1.3380558835104284,51.35,51.35,48.68,2.16159496,553/5521,52.59,50.73,49.31,47.3,51.35,51.35,51.35,0,47.8,49.31,47.3,48.68,4.218258,1155230,33,301314,20260415
300009.SZ,安科生物,8.84,-1.2290502793296028,8.91,8.91,9.95,2.15605749,554/5521,8.95,8.83,10.05,9.74,8.91,8.91,8.91,0,9.84,10.05,9.74,9.95,3.182751,3.148541E7,33,300009,20260415
601126.SH,四方股份,56.05,3.8155213928505187,53.98,53.98,45.05,2.15419501,555/5521,56.36,53.5,46.3,44.15,53.98,53.98,53.98,0,44.38,46.3,44.15,45.05,4.875283,3.6638741E7,17,601126,20260415
688622.SH,*ST禾信,74.97,-7.169390787518582,70.0,70,96.33,2.15270414,556/5521,80,70,99,95,70.0,70.0,70.0,0,98,99,95,96.33,4.241781,2288537,22,688622,20260415
002406.SZ,远东传动,7.96,-0.9950248756218805,8.0,8,7.6,2.15053763,557/5521,8.1,7.95,7.74,7.55,8.0,8.0,8.0,0,7.67,7.74,7.55,7.6,2.553763,2.67353E7,33,002406,20260415
688505.SH,复旦张江,8.05,3.870967741935493,7.82,7.82,8.08,2.14917826,558/5521,8.19,7.8,8.11,7.9,7.82,7.82,7.82,0,7.99,8.11,7.9,8.08,2.654867,6304971,17,688505,20260415
002620.SZ,*ST瑞和,9.98,-4.952380952380948,9.98,9.98,9.52,2.14592275,559/5521,10.4,9.98,9.58,9.03,9.98,9.98,9.98,0,9.25,9.58,9.03,9.52,5.901287,2.0265675E7,33,002620,20260415
002364.SZ,中恒电气,40.79,2.6163522012578593,39.75,39.75,43.4,2.1416804,560/5521,41.49,38.85,44.16,41.91,39.75,39.75,39.75,0,42.49,44.16,41.91,43.4,5.295363,1.55119648E8,33,002364,20260415
688133.SH,泰坦科技,22.45,-2.518454190186721,22.0,22,21.56,2.13169114,561/5521,23.36,21.8,21.59,21.09,22.0,22.0,22.0,0,21.2,21.59,21.09,21.56,2.368545,3888344,17,688133,20260415
000888.SZ,峨眉山A,11.85,-0.4201680672268967,11.89,11.89,12.48,2.12765957,562/5521,11.91,11.75,12.6,12.21,11.89,11.89,11.89,0,12.29,12.6,12.21,12.48,3.191489,1.9217802E7,33,000888,20260415
600784.SH,鲁银投资,7.5,-0.924702774108326,7.55,7.55,7.2,2.12765957,562/5521,7.62,7.49,7.26,6.99,7.55,7.55,7.55,0,7.04,7.26,6.99,7.2,3.829787,1.1812738E7,17,600784,20260415
000995.SZ,皇台酒业,13.48,-0.148148148148145,13.5,13.5,13.96,2.1214338,564/5521,13.69,13.4,14.06,13.48,13.5,13.5,13.5,0,13.67,14.06,13.48,13.96,4.242867,1.91052E7,33,000995,20260415
688611.SH,杭州柯林,63.06,0.6383657835940084,61.73,61.73,54.94,2.11895911,565/5521,64.21,61.73,55.8,53.81,61.73,61.73,61.73,0,54,55.8,53.81,54.94,3.698884,1143035,17,688611,20260415
603716.SH,塞力医疗,21.26,0.9496676163342965,20.93,20.93,24.1,2.11864407,566/5521,21.55,20.8,24.5,22.68,20.93,20.93,20.93,0,23.82,24.5,22.68,24.1,7.711864,3.5512416E7,17,603716,20260415
688519.SH,南亚新材,174.19,-0.5197030268418028,174.6,174.6,162.98,2.11779449,567/5521,180.65,167,169.96,156.25,174.6,174.6,174.6,0,161.9,169.96,156.25,162.98,8.590225,9656949,17,688519,20260415
300452.SZ,山河药辅,14.11,0.0,14.05,14.05,14.95,2.11748634,568/5521,14.21,14.03,15.1,14.6,14.05,14.05,14.05,0,14.75,15.1,14.6,14.95,3.4153,6603109,33,300452,20260415
603993.SH,洛阳钼业,18.62,-2.9702970297029716,19.0,19,19.97,2.09611452,569/5521,19,18.46,20.6,19.88,19.0,19.0,19.0,0,20,20.6,19.88,19.97,3.680981,3.6043101E8,17,603993,20260415
603049.SH,中策橡胶,48.94,-0.8910490076954329,49.21,49.21,50.67,2.09550675,570/5521,49.35,48.91,51.09,49.69,49.21,49.21,49.21,0,49.75,51.09,49.69,50.67,2.820874,3234055,17,603049,20260415
301235.SZ,华康洁净,50.6,2.18093699515347,49.66,49.66,51.3,2.08955224,571/5521,50.93,49.21,52.56,49.69,49.66,49.66,49.66,0,50.18,52.56,49.69,51.3,5.711442,6066728,33,301235,20260415
688373.SH,盟科药业,6.02,0.8375209380234476,5.97,5.97,6.36,2.08667737,572/5521,6.12,5.96,6.4,6.2,5.97,5.97,5.97,0,6.28,6.4,6.2,6.36,3.210272,1.7345929E7,17,688373,20260415
000921.SZ,海信家电,24.03,2.124946876328092,23.5,23.5,22.55,2.08239022,573/5521,24.29,23.45,22.78,22,23.5,23.5,23.5,0,22.5,22.78,22,22.55,3.531009,1.1578945E7,33,000921,20260415
301516.SZ,中远通,20.56,3.472571716154996,19.7,19.7,20.1,2.08227527,574/5521,20.98,19.7,20.38,19.52,19.7,19.7,19.7,0,19.7,20.38,19.52,20.1,4.367699,1.3632112E7,33,301516,20260415
603366.SH,日出东方,8.36,-0.2386634844868896,8.4,8.4,8.87,2.07134638,575/5521,8.44,8.32,9.05,8.69,8.4,8.4,8.4,0,8.69,9.05,8.69,8.87,4.142692,3.058407E7,17,603366,20260415
920099.BJ,瑞华技术,29.7,-0.8016032064128322,30.03,30.03,30.75,2.05774975,576/5521,30.03,29,30.95,30.1,30.03,30.03,30.03,0,30.27,30.95,30.1,30.75,2.821108,1056907,151,920099,20260415
688586.SH,江航装备,13.15,1.5444015444015526,12.93,12.93,14.41,2.05382436,577/5521,13.78,12.91,14.56,14.13,12.93,12.93,12.93,0,14.2,14.56,14.13,14.41,3.045325,1.010557E7,17,688586,20260415
002907.SZ,华森制药,13.95,0.1435750179468742,13.96,13.96,14.42,2.05237084,578/5521,14.14,13.86,14.55,14.08,13.96,13.96,13.96,0,14.2,14.55,14.08,14.42,3.326256,6408866,33,002907,20260415
000566.SZ,海南海药,5.0,0.8064516129032265,4.97,4.97,5.47,2.05223881,579/5521,5.04,4.91,5.54,5.36,4.97,4.97,4.97,0,5.46,5.54,5.36,5.47,3.358208,4.08032E7,33,000566,20260415
002718.SZ,友邦吊顶,72.38,2.7395315826827433,70.5,70.5,74.17,2.05008255,580/5521,75.48,69.84,75.48,72.14,70.5,70.5,70.5,0,73,75.48,72.14,74.17,4.595487,1955400,33,002718,20260415
002452.SZ,长高电新,10.96,0.36630036630037477,11.29,11.29,10.97,2.04651163,581/5521,11.6,10.82,11.3,10.71,11.29,11.29,11.29,0,10.76,11.3,10.71,10.97,5.488372,3.0243578E7,33,002452,20260415
688309.SH,恒誉环保,70.49,4.259724892767335,68.21,68.21,72.35,2.04513399,582/5521,70.98,67.61,74.2,69.01,68.21,68.21,68.21,0,71.66,74.2,69.01,72.35,7.320169,2534693,17,688309,20260415
002248.SZ,华东数控,13.06,1.0835913312693541,12.84,12.84,12.99,2.04241948,583/5521,13.25,12.8,13.23,12.72,12.84,12.84,12.84,0,12.79,13.23,12.72,12.99,4.006284,2.3115602E7,33,002248,20260415
600191.SH,华资实业,12.7,-3.0534351145038197,13.05,13.05,12.0,2.04081633,584/5521,13.05,12.66,12.2,11.7,13.05,13.05,13.05,0,11.76,12.2,11.7,12.0,4.2517,4766221,17,600191,20260415
300997.SZ,欢乐家,19.72,-0.2024291497975845,19.76,19.76,20.52,2.03878667,585/5521,20.35,19.53,20.75,20.08,19.76,19.76,19.76,0,19.93,20.55,19.88,20.32,3.331675,8344200,33,300997,20260415
600153.SH,建发股份,9.51,0.955414012738852,9.41,9.41,9.02,2.0361991,586/5521,9.64,9.38,9.05,8.8,9.41,9.41,9.41,0,8.82,9.05,8.8,9.02,2.828054,1.7562216E7,17,600153,20260415
000520.SZ,凤凰航运,3.95,-1.0025062656641612,3.97,3.97,4.01,2.03562341,587/5521,4,3.92,4.03,3.92,3.97,3.97,3.97,0,3.94,4.03,3.92,4.01,2.798982,1.6393889E7,33,000520,20260415
920017.BJ,星昊医药,17.96,3.0407343660355775,17.76,17.76,17.6,2.02898551,588/5521,18.35,17.73,17.75,17.35,17.76,17.76,17.76,0,17.59,17.75,17.35,17.6,2.31884,2368978,151,920017,20260415
600129.SH,太极集团,15.56,0.0,15.45,15.45,16.64,2.02329859,589/5521,15.85,15.43,16.72,16.23,15.45,15.45,15.45,0,16.35,16.72,16.23,16.64,3.004291,1.0035529E7,17,600129,20260415
920111.BJ,聚星科技,31.5,-5.120481927710851,33.15,33.15,24.21,2.02275601,590/5521,33.82,31.4,24.34,23.8,33.15,33.15,33.15,0,23.85,24.34,23.8,24.21,2.2756,1459710,151,920111,20260415
002721.SZ,金一文化,3.07,4.42176870748299,2.99,2.99,3.03,2.02020202,591/5521,3.2,2.99,3.04,2.96,2.99,2.99,2.99,0,2.97,3.04,2.96,3.03,2.693602,4.6902973E7,33,002721,20260415
001234.SZ,泰慕士,31.2,3.4825870646766193,29.86,29.86,26.88,2.0113852,592/5521,31.99,29.4,27.98,26.18,29.86,29.86,29.86,0,26.34,27.98,26.18,26.88,6.831119,3526700,33,001234,20260415
688236.SH,春立医疗,17.3,-10.962429233144617,19.24,19.24,20.82,2.00881921,593/5521,19.24,16.82,20.85,20.39,19.24,19.24,19.24,0,20.64,20.85,20.39,20.82,2.253797,2599300,17,688236,20260415
002727.SZ,一心堂,12.68,-0.5490196078431395,12.8,12.8,12.7,2.00803213,594/5521,12.83,12.59,12.74,12.51,12.8,12.8,12.8,0,12.61,12.74,12.51,12.7,1.847389,8229718,33,002727,20260415
300599.SZ,雄塑科技,11.95,3.373702422145318,11.3,11.3,10.67,2.00764818,595/5521,12.32,11.15,11,10.47,11.3,11.3,11.3,0,10.6,11,10.47,10.67,5.066921,1.5617392E7,33,300599,20260415
000922.SZ,佳电股份,14.78,0.7498295841854086,14.67,14.67,14.24,2.00573066,596/5521,15.07,14.6,14.7,14.09,14.67,14.67,14.67,0,14.1,14.7,14.09,14.24,4.369627,1.5338799E7,33,000922,20260415
688283.SH,坤恒顺维,41.15,5.296827021494371,39.08,39.08,40.72,2.00400802,597/5521,41.95,39.08,42.7,40.63,39.08,39.08,39.08,0,40.83,42.7,40.63,40.72,5.18537,2704296,17,688283,20260415
603207.SH,小方制药,26.25,0.038109756097566935,26.19,26.19,28.0,2.00364299,598/5521,26.37,26.19,28.15,27.43,26.19,26.19,26.19,0,27.96,28.15,27.43,28.0,2.62295,1520489,17,603207,20260415
300243.SZ,瑞丰高材,17.64,-5.110274341043568,18.65,18.65,15.31,1.99866755,599/5521,18.75,17.55,15.65,14.03,18.65,18.65,18.65,0,14.36,15.65,14.03,15.31,10.792804,4.8256172E7,33,300243,20260415
002603.SZ,以岭药业,17.04,0.4124926340601078,16.92,16.92,16.89,1.99275362,600/5521,17.22,16.9,17.05,16.67,16.92,16.92,16.92,0,16.74,17.05,16.67,16.89,2.294685,1.9452946E7,33,002603,20260415
002773.SZ,康弘药业,24.63,-1.004823151125402,24.77,24.77,27.68,1.98968312,601/5521,25.07,24.52,27.68,26.59,24.77,24.77,24.77,0,27.44,27.68,26.59,27.68,4.016212,1.6421569E7,33,002773,20260415
920992.BJ,中科美菱,15.19,0.6626905235255113,15.07,15.07,14.87,1.98902606,602/5521,15.6,15,15.18,14.66,15.07,15.07,15.07,0,14.73,15.18,14.66,14.87,3.566529,1379891,151,920992,20260415
301005.SZ,超捷股份,174.6,4.375896700143468,167.0,167,167.18,1.98877501,603/5521,176.25,165.52,174.87,164.28,167.0,167.0,167.0,0,164.34,174.87,164.28,167.18,6.460468,1.5278886E7,33,301005,20260415
300501.SZ,海顺新材,13.74,-0.9372746935832661,13.76,13.76,19.49,1.9884877,604/5521,13.96,13.5,20.17,18.9,13.76,13.76,13.76,0,12.69863014,13.40410959,12.53424658,12.94,6.645735,7993973,33,300501,20260415
688503.SH,聚和材料,102.97,1.2786466017507594,101.66,101.66,92.49,1.98478333,605/5521,106,100.33,94.8,91.6,101.66,101.66,101.66,0,92.33,94.8,91.6,92.49,3.528503,1.2347338E7,17,688503,20260415
603915.SH,国茂股份,15.71,-0.569620253164556,15.84,15.84,15.46,1.97889182,606/5521,15.9,15.65,15.85,15.23,15.84,15.84,15.84,0,15.3,15.85,15.23,15.46,4.089709,1.00831E7,17,603915,20260415
300653.SZ,正海生物,18.35,-1.4500537056928011,18.7,18.7,20.11,1.97768763,607/5521,18.71,18.26,20.13,19.74,18.7,18.7,18.7,0,19.8,20.13,19.74,20.11,1.977687,2533075,33,300653,20260415
000609.SZ,*ST中迪,14.42,5.0254916241806225,14.42,14.42,9.3,1.97368421,608/5521,14.42,14.42,9.45,9.05,14.42,14.42,14.42,0,9.17,9.45,9.05,9.3,4.385964,8139580,33,000609,20260415
002142.SZ,宁波银行,33.2,-1.0432190760059443,33.4,33.4,31.52,1.97347137,609/5521,33.58,32.87,31.6,30.86,33.4,33.4,33.4,0,30.99,31.6,30.86,31.52,2.394047,2.4776802E7,33,002142,20260415
301075.SZ,多瑞医药,83.45,2.4554941682013505,82.17,82.17,67.8,1.97022109,610/5521,83.99,80.3,69.5,65.5,82.17,82.17,82.17,0,67.37,69.5,65.5,67.8,6.015942,2212196,33,301075,20260415
600036.SH,招商银行,38.27,-0.5974025974025893,38.4,38.4,39.9,1.96779964,611/5521,38.51,38.12,39.92,39.22,38.4,38.4,38.4,0,39.25,39.92,39.22,39.9,1.788908,1.05210379E8,17,600036,20260415
605318.SH,法狮龙,101.18,3.076609616951926,98.5,98.5,94.69,1.95972865,612/5521,102,97.66,95.5,91.67,98.5,98.5,98.5,0,93.95,95.5,91.67,94.69,4.124044,2880600,17,605318,20260415
688182.SH,灿勤科技,30.36,-5.243445692883895,30.56,30.56,29.31,1.94782609,613/5521,30.99,29.58,29.63,28.76,30.56,30.56,30.56,0,28.79,29.63,28.76,29.31,3.026086,4747091,17,688182,20260415
301280.SZ,珠城科技,44.32,4.824976348155154,42.38,42.38,61.77,1.94751609,614/5521,44.76,41.23,62.99,60.61,42.38,42.38,42.38,0,43.35,44.85,43.15,43.98,3.92804,2304934,33,301280,20260415
600461.SH,洪城环境,10.28,-0.38759689922481516,10.27,10.27,9.96,1.94472876,615/5521,10.32,10.13,10.03,9.74,10.27,10.27,10.27,0,9.75,10.03,9.74,9.96,2.96827,9138713,17,600461,20260415
000739.SZ,普洛药业,18.27,-1.0828370330265258,18.46,18.46,17.85,1.94174757,616/5521,18.51,17.93,17.88,17.37,18.46,18.46,18.46,0,17.372,17.642,17.132,17.61,2.912621,8800238,33,000739,20260415
920062.BJ,科润智控,10.19,0.19665683382497123,10.16,10.16,10.5,1.94174757,616/5521,10.29,10.12,10.64,10.31,10.16,10.16,10.16,0,10.4,10.64,10.31,10.5,3.203883,5766490,151,920062,20260415
601156.SH,东航物流,16.0,-1.295496607032701,16.44,16.44,17.34,1.94003527,618/5521,16.59,15.95,17.46,17.09,16.44,16.44,16.44,0,17.09,17.46,17.09,17.34,2.175191,7549100,17,601156,20260415
301073.SZ,君亭酒店,24.76,-2.519685039370067,25.37,25.37,27.86,1.93926089,619/5521,25.5,24.67,28.16,27,25.37,25.37,25.37,0,27.3,28.16,27,27.86,4.24442,6850987,33,301073,20260415
600420.SH,国药现代,9.59,-0.10416666666666445,9.59,9.59,10.0,1.93679918,620/5521,9.6,9.45,10.05,9.79,9.59,9.59,9.59,0,9.87,10.05,9.79,10.0,2.650356,1.862112E7,17,600420,20260415
301277.SZ,新天地,11.4,0.6178287731685815,11.42,11.42,12.13,1.93277311,621/5521,11.52,11.36,12.23,11.87,11.42,11.42,11.42,0,11.78,12.03,11.67,11.93,3.02521,4296721,33,301277,20260415
002197.SZ,证通电子,8.05,0.7509386733416833,7.98,7.98,7.92,1.93050193,622/5521,8.07,7.92,8.25,7.75,7.98,7.98,7.98,0,7.85,8.25,7.75,7.92,6.435006,3.7620036E7,33,002197,20260415
002728.SZ,特一药业,9.93,0.0,9.91,9.91,11.09,1.93014706,623/5521,9.99,9.88,11.16,10.83,9.91,9.91,9.91,0,11.02,11.16,10.83,11.09,3.033088,2.778712E7,33,002728,20260415
300705.SZ,九典制药,12.85,-0.695517774343121,12.92,12.92,14.27,1.92857143,624/5521,12.92,12.8,14.34,14.04,12.92,12.92,12.92,0,14.08,14.34,14.04,14.27,2.142857,7546100,33,300705,20260415
002566.SZ,益盛药业,8.33,0.48250904704464326,8.31,8.31,7.93,1.92802057,625/5521,8.43,8.26,7.98,7.74,8.31,8.31,8.31,0,7.83,7.98,7.74,7.93,3.084832,7557800,33,002566,20260415
603960.SH,克来机电,22.29,-1.849405548216652,22.67,22.67,24.32,1.92791282,626/5521,22.86,22.29,25,23.24,22.67,22.67,22.67,0,23.75,25,23.24,24.32,7.376362,1.9822451E7,17,603960,20260415
600777.SH,*ST新潮,6.01,0.8389261744966413,6.01,6.01,5.82,1.92644483,627/5521,6.04,5.89,5.91,5.6,6.01,6.01,6.01,0,5.6,5.91,5.6,5.82,5.429071,3.0024111E7,22,600777,20260415
300316.SZ,晶盛机电,42.62,1.937335565654138,41.82,41.82,43.43,1.92443088,628/5521,42.85,41.33,44.18,42.77,41.82,41.82,41.82,0,43.22,44.18,42.77,43.43,3.309082,4.325761E7,33,300316,20260415
920438.BJ,戈碧迦,43.39,-2.800179211469534,45.5,45.5,42.4,1.92307692,629/5521,45.9,43.1,44.39,41.1,45.5,45.5,45.5,0,41.16,44.39,41.1,42.4,7.908653,4782182,151,920438,20260415
000963.SZ,华东医药,33.35,-0.5664877757900946,33.52,33.52,35.67,1.91428571,630/5521,33.59,33.2,35.93,35.3,33.52,33.52,33.52,0,35.78,35.93,35.3,35.67,1.8,1.5755602E7,33,000963,20260415
601009.SH,南京银行,11.75,0.1705029838022129,11.68,11.68,11.19,1.91256831,631/5521,11.82,11.62,11.19,10.97,11.68,11.68,11.68,0,10.99,11.19,10.97,11.19,2.003642,4.7204317E7,17,601009,20260415
000829.SZ,天音控股,11.7,2.0052310374890903,11.27,11.27,10.66,1.91204589,632/5521,12.03,11.27,10.92,10.39,11.27,11.27,11.27,0,10.5,10.92,10.39,10.66,5.066921,3.1450663E7,33,000829,20260415
600613.SH,神奇制药,5.88,0.1703577512776795,5.87,5.87,6.4,1.91082803,633/5521,6,5.85,6.48,6.25,5.87,5.87,5.87,0,6.38,6.48,6.25,6.4,3.66242,2.35251E7,17,600613,20260415
002358.SZ,森源电气,7.41,-1.3315579227696357,7.48,7.48,7.51,1.89959294,634/5521,7.54,7.34,7.65,7.38,7.48,7.48,7.48,0,7.45,7.65,7.38,7.51,3.6635,5.58314E7,33,002358,20260415
002683.SZ,广东宏大,36.32,-0.6292749658002651,36.56,36.56,43.51,1.8969555,635/5521,36.78,35.89,44.3,42.41,36.56,36.56,36.56,0,42.55,43.85,41.96,43.06,4.426229,1.6423431E7,33,002683,20260415
300898.SZ,熊猫乳品,24.04,-0.45548654244306186,24.25,24.25,23.65,1.8957346,636/5521,24.51,23.96,23.91,23.11,24.25,24.25,24.25,0,23.3,23.91,23.11,23.65,3.44679,5246300,33,300898,20260415
920344.BJ,三元基因,20.38,1.2922465208747416,20.01,20.01,22.05,1.89463956,637/5521,20.8,20.01,22.8,21.84,20.01,20.01,20.01,0,22.5,22.8,21.84,22.05,4.436229,1697360,151,920344,20260415
000498.SZ,山东路桥,5.54,-4.647160068846809,5.61,5.61,5.92,1.89328744,638/5521,5.64,5.51,5.95,5.81,5.61,5.61,5.61,0,5.82,5.95,5.81,5.92,2.409638,1.86158E7,33,000498,20260415
300194.SZ,福安药业,4.13,-0.24154589371980165,4.13,4.13,4.31,1.89125296,639/5521,4.17,4.12,4.33,4.21,4.13,4.13,4.13,0,4.27,4.33,4.21,4.31,2.836879,3.2374697E7,33,300194,20260415
600552.SH,凯盛科技,15.54,0.8436080467229008,15.5,15.5,13.47,1.89107413,640/5521,15.98,15.45,13.94,13.19,15.5,15.5,15.5,0,13.27,13.94,13.19,13.47,5.673222,6.5373038E7,17,600552,20260415
300673.SZ,佩蒂股份,16.12,-0.1857585139318736,16.1,16.1,16.18,1.88916877,641/5521,16.3,15.96,16.54,15.83,16.1,16.1,16.1,0,15.9,16.54,15.83,16.18,4.471032,5516300,33,300673,20260415
688231.SH,隆达股份,38.48,4.056246619794484,36.69,36.69,33.44,1.88909202,642/5521,38.79,36.56,34.45,33,36.69,36.69,36.69,0,33.19,34.45,33,33.44,4.418037,3321792,17,688231,20260415
000931.SZ,中关村,4.75,0.21097046413501658,4.74,4.74,5.4,1.88679245,643/5521,4.81,4.72,5.46,5.32,4.74,4.74,4.74,0,5.32,5.46,5.32,5.4,2.641509,2.2446497E7,33,000931,20260415
300069.SZ,金利华电,30.6,6.955609926599099,28.38,28.38,22.21,1.88073394,644/5521,30.99,28.06,23.37,21.64,28.38,28.38,28.38,0,21.81,23.37,21.64,22.21,7.935779,1.3353589E7,33,300069,20260415
300966.SZ,共同药业,26.66,6.597361055577763,25.0,25,21.67,1.88058298,645/5521,27.9,23.59,21.8,21.23,25.0,25.0,25.0,0,21.27,21.8,21.23,21.67,2.67983,2272424,33,300966,20260415
300318.SZ,博晖创新,5.6,-0.5328596802841963,5.61,5.61,5.96,1.88034188,646/5521,5.65,5.58,6.35,5.88,5.61,5.61,5.61,0,5.88,6.35,5.88,5.96,8.034188,1.676954E7,33,300318,20260415
002967.SZ,广电计量,21.37,-0.6508600650860091,21.51,21.51,21.18,1.87590188,647/5521,21.62,21.31,21.64,20.9,21.51,21.51,21.51,0,20.95,21.64,20.9,21.18,3.559403,9317860,33,002967,20260415
300762.SZ,上海瀚讯,43.42,13.81389252948887,38.26,38.26,39.13,1.87451185,648/5521,44.38,38.26,40.38,38.49,38.26,38.26,38.26,0,38.65,40.38,38.49,39.13,4.920593,5.2682092E7,33,300762,20260415
301362.SZ,民爆光电,157.0,8.17142069725783,146.59,146.59,151.87,1.85781355,649/5521,158.5,144.49,154.97,147,146.59,146.59,146.59,0,147,154.97,147,151.87,5.345405,3586134,33,301362,20260415
600869.SH,远东股份,16.99,-2.356321839080461,17.71,17.71,15.38,1.85430464,650/5521,17.75,16.99,15.64,15.05,17.71,17.71,17.71,0,15.17,15.64,15.05,15.38,3.907284,8.5533598E7,17,600869,20260415
300335.SZ,迪森股份,6.6,-0.7518796992481309,6.59,6.59,7.15,1.85185185,651/5521,6.68,6.54,7.26,6.97,6.59,6.59,6.59,0,7.09,7.26,6.97,7.15,4.131054,3.7267E7,33,300335,20260415
300558.SZ,贝达药业,51.94,7.826447996678422,48.41,48.41,45.7,1.84978828,652/5521,53.45,48.27,46.3,44.6,48.41,48.41,48.41,0,46.1,46.3,44.6,45.7,3.788722,1.3374542E7,33,300558,20260415
688266.SH,泽璟制药,104.0,3.5856573705179224,100.39,100.39,100.31,1.84790334,653/5521,108.73,99.13,102,97.16,100.39,100.39,100.39,0,100.58,102,97.16,100.31,4.914204,4553666,17,688266,20260415
002393.SZ,力生制药,16.7,-0.6543723973825071,16.75,16.75,23.75,1.84391081,654/5521,16.88,16.6,23.85,23.25,16.75,16.75,16.75,0,19.125,19.375,18.875,19.29,2.572898,7180114,33,002393,20260415
000547.SZ,航天发展,24.58,2.1612635078969227,24.36,24.36,27.67,1.840265,655/5521,24.74,24.25,28.57,26.97,24.36,24.36,24.36,0,27.18,28.57,26.97,27.67,5.888847,2.43176325E8,33,000547,20260415
688015.SH,交控科技,21.66,2.5568181818181777,21.12,21.12,22.8,1.83117463,656/5521,22.01,21.09,23.04,22.25,21.12,21.12,21.12,0,22.44,23.04,22.25,22.8,3.52836,1814754,17,688015,20260415
300970.SZ,华绿生物,35.3,-2.7548209366391188,36.31,36.31,30.6,1.83028286,657/5521,36.75,34.79,30.89,29.6,36.31,36.31,36.31,0,30.05,30.89,29.6,30.6,4.292845,7215400,33,300970,20260415
600211.SH,西藏药业,40.46,-1.772274823986397,41.06,41.06,42.32,1.82868142,658/5521,41.19,40.33,42.63,41.77,41.06,41.06,41.06,0,41.85,42.63,41.77,42.32,2.069297,3545876,17,600211,20260415
002412.SZ,汉森制药,6.99,-0.28530670470755454,6.99,6.99,6.72,1.81818182,659/5521,7.11,6.92,6.8,6.56,6.99,6.99,6.99,0,6.63,6.8,6.56,6.72,3.636363,1.5826479E7,33,002412,20260415
002639.SZ,雪人集团,17.72,0.3397508493771162,17.65,17.65,19.63,1.8153527,660/5521,17.8,17.46,20.36,19.33,17.65,17.65,17.65,0,19.48,20.36,19.33,19.63,5.342323,8.9484494E7,33,002639,20260415
002879.SZ,长缆科技,17.98,-3.124999999999991,18.51,18.51,21.34,1.8129771,661/5521,18.73,17.9,21.68,21.12,18.51,18.51,18.51,0,20.67,21.18,20.62,20.84,2.671755,7870136,33,002879,20260415
605296.SH,神农集团,29.96,1.7317487266553533,29.47,29.47,30.96,1.80861559,662/5521,30.38,29.25,31.1,29.97,29.47,29.47,29.47,0,30.32,31.1,29.97,30.96,3.715882,4629080,17,605296,20260415
300814.SZ,中富电路,108.1,5.073872472783825,105.24,105.24,98.06,1.80647841,663/5521,111.9,103.56,100,95.95,105.24,105.24,105.24,0,97.58,100,95.95,98.06,4.204734,1.1245142E7,33,300814,20260415
300286.SZ,安科瑞,24.18,0.2072109407376739,24.24,24.24,25.93,1.80604633,664/5521,24.36,23.83,26.28,25.71,24.24,24.24,24.24,0,25.88,26.28,25.71,25.93,2.237926,7052730,33,300286,20260415
688073.SH,毕得医药,63.52,6.3452201573748646,59.9,59.9,62.7,1.80224062,665/5521,65.96,59.9,63.68,59.98,59.9,59.9,59.9,0,62.03,63.68,59.98,62.7,6.007468,1740667,17,688073,20260415
000513.SZ,丽珠集团,32.65,-0.5482790130977756,32.75,32.75,34.46,1.80206795,666/5521,32.88,32.52,34.64,34,32.75,32.75,32.75,0,34.2,34.64,34,34.46,1.890694,6695555,33,000513,20260415
600398.SH,海澜之家,6.61,2.3219814241486123,6.55,6.55,6.78,1.8018018,667/5521,6.67,6.55,6.83,6.66,6.55,6.55,6.55,0,6.66,6.83,6.66,6.78,2.552552,4.5420262E7,17,600398,20260415
001382.SZ,新亚电缆,20.06,-0.7912957467853617,20.3,20.3,20.35,1.80090045,668/5521,20.3,20.03,20.59,19.92,20.3,20.3,20.3,0,20,20.59,19.92,20.35,3.351675,8086821,33,001382,20260415
002555.SZ,三七互娱,21.43,-2.502274795268429,21.87,21.87,22.62,1.80018002,669/5521,21.87,21.34,23.13,22.51,21.87,21.87,21.87,0,22.51,23.13,22.51,22.62,2.790279,4.6456669E7,33,002555,20260415
688247.SH,宣泰医药,9.3,1.5283842794759888,9.23,9.23,9.62,1.7989418,670/5521,9.38,9.15,9.63,9.46,9.23,9.23,9.23,0,9.51,9.63,9.46,9.62,1.798941,3514798,17,688247,20260415
002484.SZ,江海股份,38.35,0.4452592980618169,38.46,38.46,33.99,1.79694519,671/5521,38.99,37.7,34.2,32.09,38.46,38.46,38.46,0,33.56,34.2,32.09,33.99,6.319257,8.1633631E7,33,002484,20260415
603595.SH,ST东尼,18.08,-2.691065662002153,18.48,18.48,16.44,1.79566563,672/5521,18.57,18.04,16.72,16.1,18.48,18.48,18.48,0,16.26,16.72,16.1,16.44,3.839009,3200300,22,603595,20260415
301126.SZ,达嘉维康,11.89,1.2776831345826265,11.77,11.77,11.34,1.79533214,673/5521,11.96,11.76,11.49,11.11,11.77,11.77,11.77,0,11.21,11.49,11.11,11.34,3.411131,4359677,33,301126,20260415
603766.SH,隆鑫通用,15.36,-0.19493177387914967,15.37,15.37,15.32,1.79401993,674/5521,15.62,15.3,15.48,14.82,15.37,15.37,15.37,0,15.07,15.48,14.82,15.32,4.385382,2.0413032E7,17,603766,20260415
603322.SH,超讯通信,32.5,1.0572139303482695,32.5,32.5,32.96,1.79122915,675/5521,32.69,32.07,33.66,32.38,32.5,32.5,32.5,0,32.62,33.66,32.38,32.96,3.953057,9707000,17,603322,20260415
688372.SH,伟测科技,151.39,2.881413523615345,147.69,147.69,154.62,1.79065174,676/5521,153.63,146.12,159.35,152.44,147.69,147.69,147.69,0,152.71,159.35,152.44,154.62,4.549045,1.067549E7,17,688372,20260415
002849.SZ,威星智能,17.3,0.8158508158508192,17.11,17.11,18.21,1.78870878,677/5521,17.67,17.03,18.59,17.91,17.11,17.11,17.11,0,18.01,18.59,17.91,18.21,3.801006,8106940,33,002849,20260415
301024.SZ,霍普股份,41.25,2.4081429990069485,41.3,41.3,39.86,1.7875383,678/5521,41.47,40.49,40.92,39.21,41.3,41.3,41.3,0,39.21,40.92,39.21,39.86,4.3667,1942850,33,301024,20260415
003020.SZ,立方制药,22.73,-0.698995194408039,22.89,22.89,24.55,1.7827529,679/5521,22.96,22.56,24.63,24.06,22.89,22.89,22.89,0,24.37,24.63,24.06,24.55,2.363184,2742933,33,003020,20260415
002871.SZ,伟隆股份,18.44,3.131991051454152,17.88,17.88,18.34,1.77580466,680/5521,18.83,17.71,19.68,18.3,17.88,17.88,17.88,0,18.41,19.68,18.3,18.34,7.658157,7739013,33,002871,20260415
300125.SZ,*ST聆达,9.82,2.9350104821803056,9.59,9.59,9.2,1.7699115,681/5521,9.99,9.43,9.29,8.94,9.59,9.59,9.59,0,9.03,9.29,8.94,9.2,3.871681,8341668,33,300125,20260415
920826.BJ,盖世食品,10.23,-1.4450867052023155,10.3,10.3,10.37,1.76643768,682/5521,10.48,10.18,10.51,10.15,10.3,10.3,10.3,0,10.18,10.51,10.15,10.37,3.532875,3510675,151,920826,20260415
000723.SZ,美锦能源,4.46,-0.6681514476614755,4.51,4.51,4.61,1.76600442,683/5521,4.54,4.45,4.68,4.46,4.51,4.51,4.51,0,4.54,4.68,4.46,4.61,4.856512,1.02782854E8,33,000723,20260415
920433.BJ,大唐药业,5.15,1.7786561264822283,5.12,5.12,5.19,1.76470588,684/5521,5.24,5.1,5.23,5.13,5.12,5.12,5.12,0,5.19,5.23,5.13,5.19,1.960784,2774742,151,920433,20260415
600329.SH,达仁堂,40.6,1.601601601601603,40.9,40.9,41.54,1.76384125,685/5521,41.35,40.39,41.57,40.86,40.9,40.9,40.9,0,40.9,41.57,40.86,41.54,1.739343,4381963,17,600329,20260415
300757.SZ,罗博特科,482.1,-1.2737549148099547,489.02,489.02,490.76,1.76253473,686/5521,492.98,460.99,514,488.85,489.02,489.02,489.02,0,492.01,514,488.85,490.76,5.215029,7370466,33,300757,20260415
300935.SZ,盈建科,34.31,5.993203583565045,32.4,32.4,30.61,1.76196809,687/5521,34.33,32.1,31.57,29.99,32.4,32.4,32.4,0,30.3,31.57,29.99,30.61,5.252659,1810800,33,300935,20260415
300909.SZ,汇创达,46.88,3.8776866829160204,45.15,45.15,41.01,1.7617866,688/5521,47.5,44.66,41.99,39.58,45.15,45.15,45.15,0,40.25,41.99,39.58,41.01,5.980148,5159879,33,300909,20260415
601007.SH,金陵饭店,7.67,-3.5220125786163554,7.96,7.96,8.09,1.76100629,689/5521,8,7.65,8.35,7.87,7.96,7.96,7.96,0,7.95,8.35,7.87,8.09,6.037735,2.38128E7,17,601007,20260415
000628.SZ,高新发展,66.18,10.00664893617023,59.97,59.97,57.83,1.759634,690/5521,66.18,57.9,59.63,55.9,59.97,59.97,59.97,0,56.66,59.63,55.9,57.83,6.563434,1.4157722E7,33,000628,20260415
688623.SH,双元科技,93.1,1.9715224534501612,92.12,92.12,88.63,1.75660161,691/5521,93.63,91.01,89.6,86.41,92.12,92.12,92.12,0,87,89.6,86.41,88.63,3.662456,820207,17,688623,20260415
300137.SZ,先河环保,16.66,-1.361752516281826,16.8,16.8,15.08,1.75438596,692/5521,17.07,16,15.26,14.2,16.8,16.8,16.8,0,14.5,15.26,14.2,15.08,7.152496,6.954707E7,33,300137,20260415
300790.SZ,宇瞳光学,29.0,2.4373013069586764,28.7,28.7,29.62,1.75197527,693/5521,29.79,28.63,30.38,28.65,28.7,28.7,28.7,0,29.01,30.38,28.65,29.62,5.942974,2.6808999E7,33,300790,20260415
002004.SZ,华邦健康,4.97,-0.20080321285141917,5.03,5.03,5.23,1.75097276,694/5521,5.13,4.97,5.26,5.15,5.03,5.03,5.03,0,5.18,5.26,5.15,5.23,2.140077,2.9765713E7,33,002004,20260415
000813.SZ,德展健康,3.64,0.5524861878453043,3.6,3.6,3.49,1.74927114,695/5521,3.72,3.59,3.54,3.4,3.6,3.6,3.6,0,3.46,3.54,3.4,3.49,4.081632,3.9365138E7,33,000813,20260415
603129.SH,春风动力,274.73,-0.46014492753622527,274.5,274.5,254.88,1.74850299,696/5521,282,273.5,255.27,248,274.5,274.5,274.5,0,253.88,255.27,248,254.88,2.902195,1495663,17,603129,20260415
000400.SZ,许继电气,25.19,-0.7094994087504916,25.32,25.32,26.24,1.74486235,697/5521,25.35,25.07,26.48,25.7,25.32,25.32,25.32,0,25.87,26.48,25.7,26.24,3.024428,5.2541916E7,33,000400,20260415
688683.SH,莱尔科技,44.0,-1.895206243032333,45.3,45.3,38.06,1.73750334,698/5521,45.3,43.11,38.59,37.36,45.3,45.3,45.3,0,37.41,38.59,37.36,38.06,3.28789,1879718,17,688683,20260415
600480.SH,凌云股份,10.11,0.0,10.08,10.08,11.72,1.73611111,699/5521,10.2,10,11.83,11.28,10.08,10.08,10.08,0,11.54,11.83,11.28,11.72,4.774305,5.5831955E7,17,600480,20260415
002028.SZ,思源电气,195.0,-0.944833892106072,196.9,196.9,209.58,1.73292559,700/5521,198.86,191.45,216.67,206.49,196.9,196.9,196.9,0,207.64,216.67,206.49,209.58,4.941507,1.161441E7,33,002028,20260415
603676.SH,卫信康,10.6,0.0,10.67,10.67,10.59,1.72910663,702/5521,10.8,10.58,10.63,10.29,10.67,10.67,10.67,0,10.48,10.63,10.29,10.59,3.26609,3151100,17,603676,20260415
601026.SH,道生天合,17.57,-0.4532577903682623,17.56,17.56,18.9,1.72228202,703/5521,17.65,17.39,19.11,18.53,17.56,17.56,17.56,0,18.6,19.11,18.53,18.9,3.121636,4805752,17,601026,20260415
603877.SH,太平鸟,14.23,-0.6284916201117309,14.34,14.34,14.24,1.71428571,704/5521,14.5,14.2,14.32,13.95,14.34,14.34,14.34,0,13.97,14.32,13.95,14.24,2.642857,2009400,17,603877,20260415
688186.SH,广大特材,19.72,-3.522504892367918,20.43,20.43,23.83,1.70721297,705/5521,20.5,19.53,24.3,23.59,20.43,20.43,20.43,0,23.6,24.3,23.59,23.83,3.030303,1.1199864E7,17,688186,20260415
300940.SZ,南极光,19.77,-2.7066929133858304,20.1,20.1,23.24,1.70678337,706/5521,20.3,19.54,23.64,23.01,20.1,20.1,20.1,0,23.06,23.64,23.01,23.24,2.757111,4851883,33,300940,20260415
600422.SH,昆药集团,9.5,0.0,9.49,9.49,11.34,1.70403587,707/5521,9.56,9.46,11.4,11.18,9.49,9.49,9.49,0,11.19,11.4,11.18,11.34,1.973094,8643127,17,600422,20260415
600985.SH,淮北矿业,14.81,-0.20215633423180163,14.88,14.88,13.73,1.7037037,708/5521,15.15,14.59,13.92,13.22,14.88,14.88,14.88,0,13.42,13.92,13.22,13.73,5.185185,1.8654086E7,17,600985,20260415
002014.SZ,永新股份,11.19,-0.7978723404255307,11.28,11.28,11.95,1.70212766,709/5521,11.33,11.14,11.96,11.77,11.28,11.28,11.28,0,11.8,11.96,11.77,11.95,1.617021,2027377,33,002014,20260415
003035.SZ,南网能源,7.4,-4.761904761904752,7.75,7.75,7.78,1.69934641,710/5521,7.75,7.38,7.87,7.59,7.75,7.75,7.75,0,7.66,7.87,7.59,7.78,3.66013,9.1047979E7,33,003035,20260415
300410.SZ,正业科技,9.92,-0.8991008991008977,9.96,9.96,8.98,1.69875425,711/5521,10.06,9.83,9.15,8.74,9.96,9.96,9.96,0,8.91,9.15,8.74,8.98,4.643261,2.5808383E7,33,300410,20260415
000793.SZ,*ST华闻,2.73,-0.727272727272728,2.75,2.75,3.0,1.69491525,712/5521,2.77,2.72,3.06,2.84,2.75,2.75,2.75,0,2.93,3.06,2.84,3.0,7.457627,1.07847702E8,33,000793,20260415
600998.SH,九州通,5.17,-0.38535645472062546,5.16,5.16,5.4,1.69491525,712/5521,5.21,5.12,5.43,5.3,5.16,5.16,5.16,0,5.31,5.43,5.3,5.4,2.44821,4.6809187E7,17,600998,20260415
920946.BJ,森萱医药,10.25,3.7449392712550527,10.03,10.03,10.21,1.69322709,714/5521,10.3,10.03,10.39,10.07,10.03,10.03,10.03,0,10.08,10.39,10.07,10.21,3.18725,3719558,151,920946,20260415
601998.SH,中信银行,8.41,0.1190476190476165,8.38,8.38,8.42,1.69082126,715/5521,8.43,8.28,8.47,8.28,8.38,8.38,8.38,0,8.31,8.47,8.28,8.42,2.294685,3.5161302E7,17,601998,20260415
002183.SZ,怡亚通,5.59,-2.951388888888888,5.75,5.75,6.02,1.68918919,716/5521,5.78,5.52,6.13,5.85,5.75,5.75,5.75,0,5.93,6.13,5.85,6.02,4.729729,1.69422214E8,33,002183,20260415
002043.SZ,兔宝宝,14.83,-0.33602150537634884,14.84,14.84,14.48,1.68539326,717/5521,15.24,14.73,14.77,14.18,14.84,14.84,14.84,0,14.21,14.77,14.18,14.48,4.143258,9025445,33,002043,20260415
002293.SZ,罗莱生活,11.26,2.177858439201454,11.02,11.02,10.28,1.68150346,718/5521,11.3,10.83,10.3,10.02,11.02,11.02,11.02,0,10.15,10.3,10.02,10.28,2.769535,6069431,33,002293,20260415
920278.BJ,鹿得医疗,7.92,1.4084507042253562,7.81,7.81,7.88,1.67741935,719/5521,8.03,7.76,7.89,7.79,7.81,7.81,7.81,0,7.79,7.89,7.79,7.88,1.290322,1858891,151,920278,20260415
002332.SZ,仙琚制药,8.77,-0.45402951191828517,8.81,8.81,9.1,1.67597765,720/5521,8.82,8.75,9.14,8.95,8.81,8.81,8.81,0,8.98,9.14,8.95,9.1,2.122905,1.7681028E7,33,002332,20260415
605068.SH,明新旭腾,25.71,-0.31019775106629816,25.38,25.38,26.16,1.67120093,721/5521,25.99,25.28,26.88,25.66,25.38,25.38,25.38,0,25.73,26.88,25.66,26.16,4.741546,2260000,17,605068,20260415
920007.BJ,酉立智能,52.1,-2.48923825566161,52.74,52.74,56.01,1.66999455,722/5521,53.11,51.4,56.28,55.33,52.74,52.74,52.74,0,55.33,56.28,55.33,56.01,1.72445,183928,151,920007,20260415
002560.SZ,通达股份,14.67,-5.7803468208092506,15.4,15.4,14.04,1.66545981,723/5521,15.65,14.2,14.29,13.26,15.4,15.4,15.4,0,13.65,14.29,13.26,14.04,7.458363,1.36922626E8,33,002560,20260415
000429.SZ,粤高速A,12.58,-0.5533596837944686,12.6,12.6,12.82,1.66534496,724/5521,12.63,12.34,12.85,12.56,12.6,12.6,12.6,0,12.68,12.85,12.56,12.82,2.299762,5616800,33,000429,20260415
688062.SH,迈威生物,35.73,3.7155297532655847,34.01,34.01,39.09,1.66449935,725/5521,37.15,34.01,40.47,37.91,34.01,34.01,34.01,0,39.34,40.47,37.91,39.09,6.657997,1.4011167E7,17,688062,20260415
301181.SZ,标榜股份,44.53,-0.7134894091415837,44.85,44.85,47.16,1.65984048,726/5521,45,44.01,48.48,46.14,44.85,44.85,44.85,0,46.21,48.48,46.14,47.16,5.04419,4166729,33,301181,20260415
603076.SH,乐惠国际,32.2,5.781865965834434,30.6,30.6,28.97,1.64912281,727/5521,33.47,30.44,29.5,28.55,30.6,30.6,30.6,0,28.86,29.5,28.55,28.97,3.333333,4650670,17,603076,20260415
603600.SH,永艺股份,12.0,0.8403361344537785,11.86,11.86,11.14,1.64233577,728/5521,12.05,11.75,11.22,10.96,11.86,11.86,11.86,0,11.04,11.22,10.96,11.14,2.372262,5546299,17,603600,20260415
300908.SZ,仲景食品,28.7,-0.5544005544005549,28.79,28.79,28.58,1.63584637,729/5521,29.04,28.61,28.66,28.02,28.79,28.79,28.79,0,28.3,28.66,28.02,28.58,2.27596,1950853,33,300908,20260415
002755.SZ,奥赛康,16.95,4.565083281924728,16.09,16.09,16.16,1.63522013,730/5521,17.09,16.02,16.34,15.65,16.09,16.09,16.09,0,16.27,16.34,15.65,16.16,4.339622,2.3971862E7,33,002755,20260415
600529.SH,山东药玻,18.64,-0.9037745879851046,18.81,18.81,18.7,1.63043478,731/5521,18.88,18.63,18.89,18.45,18.81,18.81,18.81,0,18.45,18.89,18.45,18.7,2.391304,8735892,17,600529,20260415
688359.SH,三孚新科,99.49,2.482488669138851,97.85,97.85,91.8,1.62736632,732/5521,99.88,95.13,93.52,90.28,97.85,97.85,97.85,0,90.36,93.52,90.28,91.8,3.586848,4416969,17,688359,20260415
002873.SZ,新天药业,10.1,2.8513238289205636,9.85,9.85,10.0,1.62601626,733/5521,10.13,9.82,10.09,9.77,9.85,9.85,9.85,0,9.87,10.09,9.77,10.0,3.252032,2.0923086E7,33,002873,20260415
000967.SZ,盈峰环境,13.57,-3.8270729978738425,14.23,14.23,11.88,1.62532079,734/5521,14.34,13.35,12.28,11.44,14.23,14.23,14.23,0,12.18,12.28,11.44,11.88,7.185628,2.86210115E8,33,000967,20260415
000978.SZ,桂林旅游,6.67,-1.9117647058823515,6.77,6.77,8.13,1.625,735/5521,6.8,6.65,8.28,7.86,6.77,6.77,6.77,0,8.01,8.28,7.86,8.13,5.25,7.637416E7,33,000978,20260415
600901.SH,江苏金租,6.9,-0.5763688760806921,6.94,6.94,6.91,1.61764706,736/5521,6.96,6.78,6.96,6.77,6.94,6.94,6.94,0,6.79,6.96,6.77,6.91,2.794117,3.2887342E7,17,600901,20260415
301389.SZ,隆扬电子,62.49,-4.023959453232987,64.0,64,57.62,1.60465526,737/5521,64.28,61.16,60.2,56.6,64.0,64.0,64.0,0,56.6,60.2,56.6,57.62,6.348086,1.2778379E7,33,301389,20260415
000338.SZ,潍柴动力,31.2,3.4825870646766193,30.9,30.9,26.6,1.60427807,738/5521,32.66,30.81,27.5,26.51,30.9,30.9,30.9,0,27,27.5,26.51,26.6,3.781512,1.24666116E8,33,000338,20260415
600885.SH,宏发股份,31.14,7.379310344827588,30.82,30.82,27.33,1.59851301,739/5521,31.8,30.59,27.73,26.92,30.82,30.82,30.82,0,27.03,27.73,26.92,27.33,3.011152,2.6024198E7,17,600885,20260415
301013.SZ,利和兴,25.25,1.405622489959845,24.92,24.92,24.79,1.59836066,740/5521,25.4,24.92,25.78,23.67,24.92,24.92,24.92,0,24.11,25.78,23.67,24.79,8.64754,2.6234385E7,33,301013,20260415
603987.SH,康德莱,8.4,-0.23752969121139636,8.41,8.41,8.9,1.59817352,741/5521,8.46,8.38,8.94,8.72,8.41,8.41,8.41,0,8.79,8.94,8.72,8.9,2.511415,6667150,17,603987,20260415
600674.SH,川投能源,15.31,-0.32552083333332643,15.3,15.3,14.64,1.59611381,742/5521,15.49,15.27,14.7,14.35,15.3,15.3,15.3,0,14.41,14.7,14.35,14.64,2.428868,2.3033908E7,17,600674,20260415
600693.SH,东百集团,11.35,-1.3043478260869596,11.5,11.5,11.47,1.59433127,743/5521,11.7,11.23,11.7,11.23,11.5,11.5,11.5,0,11.29,11.7,11.23,11.47,4.162976,4.60274E7,17,600693,20260415
603009.SH,北特科技,45.94,1.0558732952045686,45.3,45.3,49.81,1.59086274,744/5521,46.28,44.8,51.16,49.4,45.3,45.3,45.3,0,50,51.16,49.4,49.81,3.589638,7676291,17,603009,20260415
605266.SH,健之佳,20.06,1.1088709677419297,19.85,19.85,19.16,1.59066808,745/5521,20.22,19.7,19.27,18.85,19.85,19.85,19.85,0,18.93,19.27,18.85,19.16,2.226935,1770638,17,605266,20260415
301446.SZ,福事特,42.87,6.827809618739085,40.11,40.11,37.09,1.58860586,746/5521,44.77,39.73,38.3,36.94,40.11,40.11,40.11,0,38,38.3,36.94,37.09,3.725006,965317,33,301446,20260415
920221.BJ,易实精密,15.1,0.9358288770053395,15.27,15.27,14.71,1.58839779,747/5521,15.41,15,14.82,14.46,15.27,15.27,15.27,0,14.6,14.82,14.46,14.71,2.486187,870221,151,920221,20260415
300534.SZ,陇神戎发,9.47,0.0,9.45,9.45,9.6,1.58730159,748/5521,9.59,9.41,9.65,9.39,9.45,9.45,9.45,0,9.5,9.65,9.39,9.6,2.751322,7524200,33,300534,20260415
600020.SH,中原高速,4.04,5.48302872062663,3.89,3.89,3.84,1.58730159,748/5521,4.07,3.89,3.85,3.78,3.89,3.89,3.89,0,3.79,3.85,3.78,3.84,1.851851,1.471679E7,17,600020,20260415
000928.SZ,中钢国际,6.5,-0.6116207951070342,6.53,6.53,7.06,1.58273381,750/5521,6.55,6.44,7.3,7.03,6.53,6.53,6.53,0,7.03,7.3,7.03,7.06,3.884892,7.9862927E7,33,000928,20260415
301559.SZ,中集环科,16.86,1.4440433212996295,16.87,16.87,16.7,1.58150852,751/5521,17,16.59,17.05,16.45,16.87,16.87,16.87,0,16.51,17.05,16.45,16.7,3.649635,2968057,33,301559,20260415
000705.SZ,浙江震元,8.26,0.24271844660193656,8.24,8.24,9.0,1.58013544,752/5521,8.49,8.21,9.07,8.83,8.24,8.24,8.24,0,8.96,9.07,8.83,9.0,2.708803,8637700,33,000705,20260415
605018.SH,长华集团,12.82,0.470219435736681,12.84,12.84,12.22,1.57938487,753/5521,13.06,12.8,12.29,12.01,12.84,12.84,12.84,0,12.05,12.29,12.01,12.22,2.327514,8575500,17,605018,20260415
600323.SH,瀚蓝环境,32.01,-1.4166923313828175,32.33,32.33,28.98,1.57728707,754/5521,32.33,31.68,29.25,28.32,32.33,32.33,32.33,0,28.71,29.25,28.32,28.98,3.259726,8225720,17,600323,20260415
301316.SZ,慧博云通,50.95,7.512133361468669,47.16,47.16,44.45,1.57678245,755/5521,51.99,47.1,45.8,43.58,47.16,47.16,47.16,0,44,45.8,43.58,44.45,5.073126,1.1877074E7,33,301316,20260415
688612.SH,威迈斯,32.82,0.15257857796764465,32.62,32.62,31.63,1.57353886,756/5521,33.46,32.14,32.2,31.4,32.62,32.62,32.62,0,31.42,32.2,31.4,31.63,2.569043,5931880,17,688612,20260415
002689.SZ,ST远智,3.58,-1.9178082191780779,3.65,3.65,3.88,1.57068063,757/5521,3.66,3.57,3.92,3.79,3.65,3.65,3.65,0,3.82,3.92,3.79,3.88,3.403141,1.5681538E7,33,002689,20260415
301331.SZ,恩威医药,27.11,0.5190952910641474,27.1,27.1,26.55,1.56847743,758/5521,27.22,26.67,26.72,26.15,27.1,27.1,27.1,0,26.49,26.72,26.15,26.55,2.180566,1321500,33,301331,20260415
000506.SZ,招金黄金,16.0,1.1378002528444988,15.7,15.7,17.49,1.56794425,759/5521,16.29,15.61,17.74,17.19,15.7,15.7,15.7,0,17.66,17.74,17.19,17.49,3.19396,3.7869432E7,33,000506,20260415
300159.SZ,*ST新研,3.37,-1.1730205278592385,3.37,3.37,3.24,1.56739812,760/5521,3.44,3.35,3.32,3.2,3.37,3.37,3.37,0,3.2,3.32,3.2,3.24,3.761755,4.0608059E7,33,300159,20260415
688369.SH,致远互联,24.26,0.12381345439538233,24.2,24.2,24.65,1.56571899,761/5521,24.68,24,25.32,23.88,24.2,24.2,24.2,0,24.3,25.32,23.88,24.65,5.93325,5328574,17,688369,20260415
600161.SH,天坛生物,14.26,-1.3148788927335606,14.35,14.35,14.98,1.55932203,762/5521,14.39,14.23,15.08,14.76,14.35,14.35,14.35,0,14.79,15.08,14.76,14.98,2.169491,1.3137226E7,17,600161,20260415
300198.SZ,*ST纳川,2.55,1.5936254980079696,2.48,2.48,2.62,1.5503876,763/5521,2.56,2.46,2.66,2.56,2.48,2.48,2.48,0,2.57,2.66,2.56,2.62,3.875968,1.37216E7,33,300198,20260415
603707.SH,健友股份,9.18,-2.754237288135591,9.42,9.42,9.83,1.54958678,764/5521,9.42,9.14,9.93,9.65,9.42,9.42,9.42,0,9.75,9.93,9.65,9.83,2.892561,1.5303893E7,17,603707,20260415
002073.SZ,软控股份,6.77,-4.781997187060488,6.9,6.9,7.23,1.54494382,765/5521,6.91,6.7,7.45,7.12,6.9,6.9,6.9,0,7.14,7.45,7.12,7.23,4.634831,3.0445409E7,33,002073,20260415
600576.SH,祥源文旅,5.96,-0.16750418760468655,5.93,5.93,5.95,1.53583618,766/5521,6.01,5.8,6,5.86,5.93,5.93,5.93,0,5.87,6,5.86,5.95,2.389078,1.5171698E7,17,600576,20260415
002107.SZ,沃华医药,7.31,-3.0503978779840906,7.6,7.6,7.95,1.53256705,767/5521,7.6,7.27,8.47,7.68,7.6,7.6,7.6,0,8.39,8.47,7.68,7.95,10.089399,9.7853955E7,33,002107,20260415
603099.SH,长白山,34.95,-0.370581527936133,34.82,34.82,35.85,1.52931181,768/5521,35.19,34.5,36.24,35.4,34.82,34.82,34.82,0,35.4,36.24,35.4,35.85,2.378929,8065372,17,603099,20260415
920160.BJ,北矿检测,23.99,3.1827956989247244,23.45,23.45,22.66,1.52329749,769/5521,24.35,23.36,22.92,22.38,23.45,23.45,23.45,0,22.38,22.92,22.38,22.66,2.419354,996080,151,920160,20260415
603409.SH,汇通控股,43.34,2.45862884160758,42.02,42.02,42.01,1.52247463,770/5521,43.96,42,42.19,41,42.02,42.02,42.02,0,41.14,42.19,41,42.01,2.875785,3672963,17,603409,20260415
920857.BJ,泓禧科技,18.4,-0.9154550350027016,18.46,18.46,25.35,1.52182619,771/5521,19.76,18.32,25.48,24.8,18.46,18.46,18.46,0,24.98,25.48,24.8,25.35,2.723267,414083,151,920857,20260415
002365.SZ,永安药业,13.7,3.630862329803318,13.5,13.5,14.02,1.52063722,772/5521,14.09,13.5,14.22,13.78,13.5,13.5,13.5,0,13.97,14.22,13.78,14.02,3.186097,8854742,33,002365,20260415
300039.SZ,上海凯宝,5.78,-0.6872852233676982,5.79,5.79,6.01,1.52027027,773/5521,5.81,5.75,6.05,5.9,5.79,5.79,5.79,0,5.96,6.05,5.9,6.01,2.533783,1.8599402E7,33,300039,20260415
000598.SZ,兴蓉环境,6.9,-1.0043041606886571,6.95,6.95,6.68,1.51975684,774/5521,6.96,6.83,6.69,6.58,6.95,6.95,6.95,0,6.6,6.69,6.58,6.68,1.671732,2.3344895E7,33,000598,20260415
600973.SH,宝胜股份,7.28,-2.150537634408604,7.45,7.45,7.36,1.51724138,775/5521,7.5,7.25,7.64,7.28,7.45,7.45,7.45,0,7.4,7.64,7.28,7.36,4.965517,5.5320368E7,17,600973,20260415
600689.SH,上海三毛,13.54,0.4451038575667561,13.54,13.54,13.4,1.51515152,776/5521,13.78,13.38,13.95,13.25,13.54,13.54,13.54,0,13.3,13.95,13.25,13.4,5.30303,5932400,17,600689,20260415
600152.SH,维科技术,14.85,2.4137931034482736,14.14,14.14,12.07,1.51387721,777/5521,15.42,13.85,13.08,11.78,14.14,14.14,14.14,0,12.4,13.08,11.78,12.07,10.933557,1.88390655E8,17,600152,20260415
600222.SH,太龙药业,6.8,-3.2716927453769618,7.0,7,7.38,1.5130674,778/5521,7.02,6.72,7.66,7.21,7.0,7.0,7.0,0,7.44,7.66,7.21,7.38,6.189821,3.874763E7,17,600222,20260415
301319.SZ,唯特偶,70.77,2.1064781416822878,71.11,71.11,55.2,1.50790732,779/5521,72.81,70.01,57.68,54.39,71.11,71.11,71.11,0,56.05,57.68,54.39,55.2,6.050018,6755151,33,301319,20260415
002952.SZ,亚世光电,27.6,-2.1970233876683114,28.0,28,26.29,1.50579151,780/5521,28,27.09,26.4,25.82,28.0,28.0,28.0,0,26,26.4,25.82,26.29,2.239382,6196900,33,002952,20260415
002020.SZ,京新药业,14.78,-1.0709504685408309,14.9,14.9,16.26,1.49812734,781/5521,15.09,14.68,16.38,15.99,14.9,14.9,14.9,0,16.16,16.38,15.99,16.26,2.434456,1.4928856E7,33,002020,20260415
301211.SZ,亨迪药业,11.49,0.34934497816594695,11.5,11.5,12.24,1.49253731,782/5521,11.56,11.43,12.33,12.06,11.5,11.5,11.5,0,12.1,12.33,12.06,12.24,2.238805,5134818,33,301211,20260415
688575.SH,亚辉龙,13.81,-3.6287508722958797,14.3,14.3,15.0,1.48849797,783/5521,14.3,13.79,15.02,14.73,14.3,14.3,14.3,0,14.9,15.02,14.73,15.0,1.96211,6748178,17,688575,20260415
603213.SH,镇洋发展,13.85,0.21707670043414876,13.77,13.77,13.69,1.48257969,785/5521,13.88,13.74,13.73,13.44,13.77,13.77,13.77,0,13.48,13.73,13.44,13.69,2.14974,2474090,17,603213,20260415
688661.SH,和林微纳,121.48,-1.8502060273087113,123.0,123,86.97,1.48191365,786/5521,126.83,119.99,91.8,85.06,123.0,123.0,123.0,0,85.59,91.8,85.06,86.97,7.864644,5166040,17,688661,20260415
300636.SZ,同和药业,7.82,0.6435006435006527,7.77,7.77,8.22,1.48148148,787/5521,7.87,7.72,8.27,8.03,7.77,7.77,7.77,0,8.12,8.27,8.03,8.22,2.962962,1.0051382E7,33,300636,20260415
601000.SH,唐山港,4.65,-1.6913319238900648,4.74,4.74,4.8,1.47991543,788/5521,4.78,4.59,4.84,4.71,4.74,4.74,4.74,0,4.73,4.84,4.71,4.8,2.748414,4.0732799E7,17,601000,20260415
920351.BJ,华光源海,16.6,1.6533986527863023,16.38,16.38,17.19,1.47579693,789/5521,16.7,16.22,17.43,16.85,16.38,16.38,16.38,0,17.09,17.43,16.85,17.19,3.423848,1857833,151,920351,20260415
300522.SZ,世名科技,13.21,-1.1967090501121793,13.37,13.37,13.08,1.47401086,790/5521,14.04,13.18,13.39,12.12,13.37,13.37,13.37,0,12.62,13.35,12.08,13.04,9.852598,1.9715916E7,33,300522,20260415
688687.SH,凯因科技,19.76,-1.5445939212755293,19.97,19.97,21.49,1.46364495,791/5521,20.28,19.76,21.98,21.23,19.97,19.97,19.97,0,21.68,21.98,21.23,21.49,3.541076,4742374,17,688687,20260415
003012.SZ,东鹏控股,5.88,-1.5075376884422087,5.94,5.94,6.24,1.46341463,792/5521,5.96,5.87,6.27,6.16,5.94,5.94,5.94,0,6.19,6.27,6.16,6.24,1.788617,9635610,33,003012,20260415
688443.SH,智翔金泰,29.62,-3.83116883116883,30.49,30.49,32.0,1.45846544,793/5521,30.75,29.05,32.29,31.36,30.49,30.49,30.49,0,31.8,32.29,31.36,32.0,2.948636,6531733,17,688443,20260415
920357.BJ,雅葆轩,25.4,-2.6819923371647616,26.1,26.1,23.67,1.45735105,794/5521,26.25,25.33,23.78,23.12,26.1,26.1,26.1,0,23.5,23.78,23.12,23.67,2.828975,992853,151,920357,20260415
603351.SH,威尔药业,27.14,0.4069552349241562,27.21,27.21,25.79,1.45554681,795/5521,27.41,26.75,26.05,25.23,27.21,27.21,27.21,0,25.53,26.05,25.23,25.79,3.225806,1354000,17,603351,20260415
002627.SZ,三峡旅游,7.49,-0.9259259259259179,7.57,7.57,7.67,1.45502646,796/5521,7.7,7.39,7.85,7.55,7.57,7.57,7.57,0,7.56,7.85,7.55,7.67,3.968253,2.2587164E7,33,002627,20260415
605507.SH,国邦医药,23.92,-1.2386457473162558,24.21,24.21,25.86,1.45154963,797/5521,24.24,23.71,26.18,25.45,24.21,24.21,24.21,0,25.5,26.18,25.45,25.86,2.863868,4779000,17,605507,20260415
300911.SZ,亿田智能,31.26,-0.7933989209774674,31.73,31.73,32.85,1.45151328,798/5521,31.96,31.15,35.6,32.5,31.73,31.73,31.73,0,33.33,35.6,32.5,32.85,9.57381,1.3163743E7,33,300911,20260415
300959.SZ,线上线下,94.37,-0.6631578947368373,94.33,94.33,82.5,1.45105755,799/5521,95.21,91.29,84.2,80.35,94.33,94.33,94.33,0,81.7,84.2,80.35,82.5,4.734382,3904794,33,300959,20260415
002186.SZ,全聚德,10.69,-1.201478743068399,10.78,10.78,10.55,1.44230769,800/5521,10.82,10.64,10.64,10.35,10.78,10.78,10.78,0,10.44,10.64,10.35,10.55,2.788461,6277200,33,002186,20260415
600080.SH,ST金花,7.62,-4.9875311720698186,7.62,7.62,8.45,1.44057623,801/5521,7.62,7.62,8.6,8.22,7.62,7.62,7.62,0,8.39,8.6,8.22,8.45,4.561824,1.0376325E7,22,600080,20260415
603223.SH,恒通股份,9.03,-0.6600660066006655,9.11,9.11,8.45,1.44057623,801/5521,9.12,8.99,8.46,8.31,9.11,9.11,9.11,0,8.34,8.46,8.31,8.45,1.80072,6178097,17,603223,20260415
600970.SH,中材国际,9.33,-1.7894736842105257,9.45,9.45,10.57,1.43953935,803/5521,9.45,9.2,10.83,10.4,9.45,9.45,9.45,0,10.42,10.83,10.4,10.57,4.126679,2.9441221E7,17,600970,20260415
002416.SZ,爱施德,13.77,0.3644314868804587,13.67,13.67,13.42,1.43613001,804/5521,13.84,13.54,13.61,13.28,13.67,13.67,13.67,0,13.35,13.61,13.28,13.42,2.494331,3.2028247E7,33,002416,20260415
920036.BJ,觅睿科技,41.02,1.9130434782608774,40.0,40,46.01,1.4329806,805/5521,42.2,39.88,48.2,45.11,40.0,40.0,40.0,0,45.88,48.2,45.11,46.01,6.812169,2679032,151,920036,20260415
603225.SH,新凤鸣,18.52,0.5975013579576286,18.45,18.45,17.72,1.43102461,806/5521,18.8,18.23,17.99,17.3,18.45,18.45,18.45,0,17.99,17.99,17.3,17.72,3.949627,1.7864765E7,17,603225,20260415
601033.SH,永兴股份,15.43,0.5211726384364825,15.5,15.5,14.91,1.42857143,807/5521,15.52,15.34,14.97,14.68,15.5,15.5,15.5,0,14.7,14.97,14.68,14.91,1.972789,5825095,17,601033,20260415
603151.SH,邦基科技,15.79,0.06337135614702019,15.87,15.87,17.05,1.42772159,808/5521,15.95,15.51,17.13,16.64,15.87,15.87,15.87,0,16.8,17.13,16.64,17.05,2.914931,2202000,17,603151,20260415
920642.BJ,通易航天,12.39,2.566225165562918,12.13,12.13,12.1,1.42497904,809/5521,12.49,11.94,12.76,11.94,12.13,12.13,12.13,0,11.95,12.76,11.94,12.1,6.873428,3182342,151,920642,20260415
600519.SH,贵州茅台,1384.79,-1.1690230307528786,1400.0,1400,1467.5,1.4237335,810/5521,1401.17,1380,1470.79,1442,1400.0,1400.0,1400.0,0,1444.98,1470.79,1442,1467.5,1.989771,3455348,17,600519,20260415
603708.SH,家家悦,10.82,0.0,10.78,10.78,11.4,1.42348754,811/5521,10.93,10.74,11.45,11.23,10.78,10.78,10.78,0,11.32,11.45,11.23,11.4,1.957295,4510648,17,603708,20260415
688398.SH,赛特新材,31.91,0.25133521834747674,29.63,29.63,27.96,1.41458107,812/5521,32.33,29.63,28.25,26.99,29.63,29.63,29.63,0,27.5,28.25,26.99,27.96,4.570184,2977236,17,688398,20260415
301276.SZ,嘉曼服饰,27.28,1.1869436201780426,27.13,27.13,24.4,1.41313383,813/5521,27.45,26.81,24.65,23.88,27.13,27.13,27.13,0,24.12,24.65,23.88,24.4,3.200332,1985960,33,301276,20260415
002199.SZ,*ST东晶,10.56,3.225806451612904,10.5,10.5,9.33,1.41304348,814/5521,10.74,10.44,9.36,9.07,10.5,10.5,10.5,0,9.33,9.36,9.07,9.33,3.152173,3717400,33,002199,20260415
601611.SH,中国核建,13.34,1.8320610687022918,13.08,13.08,14.37,1.4114326,815/5521,13.4,12.94,14.72,14.29,13.08,13.08,13.08,0,14.4,14.72,14.29,14.37,3.03458,6.0682945E7,17,601611,20260415
603032.SH,德新科技,23.31,0.9965337954939361,23.02,23.02,20.14,1.40986908,816/5521,23.85,22.86,20.44,19.45,23.02,23.02,23.02,0,19.73,20.44,19.45,20.14,4.984894,1.9232992E7,17,603032,20260415
688419.SH,耐科装备,42.1,2.2589264027204266,40.98,40.98,48.5,1.40079448,817/5521,42.63,40.88,49.88,47.36,40.98,40.98,40.98,0,47.83,49.88,47.36,48.5,5.268659,2795702,17,688419,20260415
300134.SZ,大富科技,11.0,-0.4524886877828118,11.03,11.03,10.88,1.39794967,818/5521,11.1,10.85,11.27,10.73,11.03,11.03,11.03,0,10.73,11.27,10.73,10.88,5.032618,2.296884E7,33,300134,20260415
920018.BJ,宏远股份,28.31,-0.31690140845070375,28.39,28.39,28.29,1.39784946,819/5521,28.51,28,28.48,27.85,28.39,28.39,28.39,0,27.99,28.48,27.85,28.29,2.258064,1554727,151,920018,20260415
603059.SH,倍加洁,34.58,-2.0396600566572207,34.81,34.81,33.49,1.39267333,820/5521,35.6,34.17,33.92,32.78,34.81,34.81,34.81,0,32.78,33.92,32.78,33.49,3.451407,1416025,17,603059,20260415
920682.BJ,球冠电缆,8.51,-4.4893378226711596,8.75,8.75,8.76,1.38888889,821/5521,8.78,8.5,8.85,8.67,8.75,8.75,8.75,0,8.73,8.85,8.67,8.76,2.083333,2964029,151,920682,20260415
002900.SZ,哈三联,11.56,0.08658008658008473,11.49,11.49,11.7,1.3864818,822/5521,11.76,11.47,11.82,11.35,11.49,11.49,11.49,0,11.7,11.82,11.35,11.7,4.07279,9101150,33,002900,20260415
600593.SH,大连圣亚,34.08,-0.7860262008733715,34.51,34.51,36.81,1.37703112,823/5521,34.75,33.8,37.37,36.01,34.51,34.51,34.51,0,36.31,37.37,36.01,36.81,3.745524,5064133,17,600593,20260415
603959.SH,ST百利,4.55,-5.0104384133611735,4.55,4.55,6.63,1.37614679,824/5521,4.55,4.55,6.86,6.55,4.55,4.55,4.55,0,6.84,6.86,6.55,6.63,4.740061,3.7816556E7,22,603959,20260415
000650.SZ,仁和药业,5.69,-0.1754385964912243,5.7,5.7,5.91,1.37221269,825/5521,5.74,5.68,5.94,5.81,5.7,5.7,5.7,0,5.85,5.94,5.81,5.91,2.229845,2.0857136E7,33,000650,20260415
002956.SZ,西麦食品,33.15,1.9686250384497097,34.14,34.14,27.42,1.36783734,826/5521,34.93,32.97,28.23,26.96,34.14,34.14,34.14,0,27.71,28.23,26.96,27.42,4.695009,3768441,33,002956,20260415
000039.SZ,中集集团,12.39,-0.3218020917135893,12.52,12.52,11.88,1.36518771,827/5521,12.6,12.05,12.22,11.73,12.52,12.52,12.52,0,11.78,12.22,11.73,11.88,4.180887,4.6840998E7,33,000039,20260415
600729.SH,重庆百货,21.35,-1.9742883379247,21.88,21.88,22.29,1.36425648,828/5521,21.88,21.13,22.35,21.93,21.88,21.88,21.88,0,22.1,22.35,21.93,22.29,1.909959,2831798,17,600729,20260415
301301.SZ,川宁生物,10.03,2.7663934426229466,10.53,10.53,10.45,1.35790495,829/5521,10.73,10,10.52,10.31,10.53,10.53,10.53,0,10.227,10.347,10.137,10.28,2.036857,1.4822813E7,33,301301,20260415
000863.SZ,三湘印象,4.85,6.359649122807019,4.6,4.6,5.23,1.35658915,830/5521,4.9,4.52,5.46,5.16,4.6,4.6,4.6,0,5.16,5.46,5.16,5.23,5.813953,3.5407055E7,33,000863,20260415
601607.SH,上海医药,17.09,0.9450679267572365,17.0,17,17.25,1.35135135,831/5521,17.12,16.92,17.28,17.04,17.0,17.0,17.0,0,17.09,17.28,17.04,17.25,1.410105,1.4282927E7,17,601607,20260415
600079.SH,ST人福,18.88,-1.7178552837064125,19.1,19.1,18.79,1.34843581,832/5521,19.11,18.84,18.88,18.61,19.1,19.1,19.1,0,18.67,18.88,18.61,18.79,1.45631,1.2577457E7,22,600079,20260415
002517.SZ,恺英网络,17.98,-1.2087912087912025,18.14,18.14,18.06,1.34680135,833/5521,18.32,17.91,18.48,17.95,18.14,18.14,18.14,0,18.05,18.48,17.95,18.06,2.974186,6.6651042E7,33,002517,20260415
688356.SH,键凯科技,97.35,-1.9637462235649576,99.05,99.05,103.85,1.34673563,834/5521,100.63,96.3,106.09,101,99.05,99.05,99.05,0,104.95,106.09,101,103.85,4.967307,1285451,17,688356,20260415
603136.SH,天目湖,11.04,-1.07526881720431,11.05,11.05,11.31,1.34408602,835/5521,11.38,10.78,11.38,11.16,11.05,11.05,11.05,0,11.18,11.38,11.16,11.31,1.971326,4694725,17,603136,20260415
002287.SZ,奇正藏药,22.74,-0.2631578947368521,22.75,22.75,23.45,1.33967156,836/5521,22.95,22.65,23.6,23.24,22.75,22.75,22.75,0,23.29,23.6,23.24,23.45,1.555747,2650799,33,002287,20260415
301111.SZ,粤万年青,19.9,1.3238289205702547,19.8,19.8,19.67,1.33951571,837/5521,20.05,19.41,20.16,19.4,19.8,19.8,19.8,0,19.52,20.16,19.4,19.67,3.915507,9314384,33,301111,20260415
601665.SH,齐鲁银行,6.39,-1.0835913312693541,6.44,6.44,6.06,1.33779264,838/5521,6.5,6.37,6.08,5.94,6.44,6.44,6.44,0,5.97,6.08,5.94,6.06,2.341137,6.0888365E7,17,601665,20260415
920037.BJ,广信科技,75.18,-0.5029115934356743,76.12,76.12,73.77,1.33241758,839/5521,76.98,74.75,74.78,73.01,76.12,76.12,76.12,0,73.54,74.78,73.01,73.77,2.431318,1109918,151,920037,20260415
000037.SZ,深南电A,10.8,-1.0989010989010917,10.93,10.93,9.89,1.33196721,840/5521,10.97,10.71,10.08,9.54,10.93,10.93,10.93,0,9.8,10.08,9.54,9.89,5.532786,3.603575E7,33,000037,20260415
920207.BJ,众诚科技,28.75,-2.0109066121336054,29.8,29.8,29.69,1.33105802,841/5521,30.31,28.71,30.18,29.33,29.8,29.8,29.8,0,29.45,30.18,29.33,29.69,2.901023,3404724,151,920207,20260415
688013.SH,天臣医疗,36.21,-2.713594841483068,37.07,37.07,38.08,1.33049494,842/5521,37.08,35.9,38.7,37.41,37.07,37.07,37.07,0,37.94,38.7,37.41,38.08,3.432676,1384046,17,688013,20260415
600131.SH,国网信通,17.14,-0.9248554913294805,17.3,17.3,18.28,1.33037694,843/5521,17.33,17,18.52,18.11,17.3,17.3,17.3,0,18.2,18.52,18.11,18.28,2.272727,1.5592366E7,17,600131,20260415
301386.SZ,未来电器,25.79,0.9788566953797965,25.78,25.78,25.97,1.32657043,844/5521,25.89,25.36,26.26,25.56,25.78,25.78,25.78,0,25.85,26.26,25.56,25.97,2.731174,2330989,33,301386,20260415
688536.SH,思瑞浦,268.1,12.950792045837549,240.0,240,190.0,1.3225256,845/5521,272.3,239,196.32,187.57,240.0,240.0,240.0,0,188.08,196.32,187.57,190.0,4.666168,5469862,17,688536,20260415
002072.SZ,凯瑞德,7.28,-1.8867924528301845,7.42,7.42,7.68,1.31926121,846/5521,7.48,7.12,7.84,7.55,7.42,7.42,7.42,0,7.63,7.84,7.55,7.68,3.825857,7229600,33,002072,20260415
300091.SZ,*ST金灵,3.26,2.839116719242898,3.16,3.16,3.08,1.31578947,847/5521,3.31,3.12,3.08,3.03,3.16,3.16,3.16,0,3.03,3.08,3.03,3.08,1.644736,1.74118E7,33,300091,20260415
603565.SH,中谷物流,10.85,0.18467220683286772,10.95,10.95,11.6,1.31004367,848/5521,11.23,10.8,11.67,11.45,10.95,10.95,10.95,0,11.45,11.67,11.45,11.6,1.921397,1.5422879E7,17,603565,20260415
688112.SH,鼎阳科技,61.58,0.0,62.81,62.81,49.5,1.30986492,849/5521,62.94,59.89,50.32,47.87,62.81,62.81,62.81,0,48.86,50.32,47.87,49.5,5.014326,4408375,17,688112,20260415
000977.SZ,浪潮信息,69.75,-3.5002767017155523,69.5,69.5,68.88,1.30901603,850/5521,70.5,66.15,70.16,66.95,69.5,69.5,69.5,0,67.97,70.16,66.95,68.88,4.721282,8.8658327E7,33,000977,20260415
600833.SH,第一医药,12.35,4.219409282700422,11.9,11.9,11.61,1.30890052,851/5521,12.65,11.9,11.74,11.43,11.9,11.9,11.9,0,11.59,11.74,11.43,11.61,2.705061,4202100,17,600833,20260415
603191.SH,望变电气,19.6,-2.825979176995539,19.92,19.92,20.95,1.30560928,852/5521,20.03,19.27,21.32,20.71,19.92,19.92,19.92,0,20.71,21.32,20.71,20.95,2.949709,1.7279013E7,17,603191,20260415
000766.SZ,通化金马,24.67,3.135451505016722,23.93,23.93,22.51,1.30513051,853/5521,24.74,23.72,22.7,22.1,23.93,23.93,23.93,0,22.53,22.7,22.1,22.51,2.70027,1.8668528E7,33,000766,20260415
600027.SH,华电国际,4.99,-0.5976095617529753,5.0,5,4.66,1.30434783,854/5521,5.05,4.97,4.67,4.58,5.0,5.0,5.0,0,4.6,4.67,4.58,4.66,1.956521,1.11064347E8,17,600027,20260415
603237.SH,五芳斋,17.08,-1.9517795637198816,17.02,17.02,17.2,1.29564193,855/5521,17.3,16.88,17.27,16.92,17.02,17.02,17.02,0,17.05,17.27,16.92,17.2,2.061248,1428500,17,603237,20260415
601018.SH,宁波港,3.7,-2.374670184696566,3.78,3.78,3.91,1.29533679,856/5521,3.79,3.69,3.94,3.86,3.78,3.78,3.78,0,3.87,3.94,3.86,3.91,2.072538,3.7676401E7,17,601018,20260415
688041.SH,海光信息,296.25,6.270402123614456,284.9,284.9,252.0,1.29431626,857/5521,302.68,284.88,261.3,248.19,284.9,284.9,284.9,0,251.89,261.3,248.19,252.0,5.269716,3.6292309E7,17,688041,20260415
300004.SZ,南风股份,13.52,3.363914373088681,13.07,13.07,14.87,1.29427793,858/5521,13.6,13,15.07,14.6,13.07,13.07,13.07,0,14.73,15.07,14.6,14.87,3.201634,2.3890034E7,33,300004,20260415
300237.SZ,ST美晨,2.29,-0.43478260869564295,2.3,2.3,2.35,1.29310345,859/5521,2.3,2.28,2.42,2.31,2.3,2.3,2.3,0,2.33,2.42,2.31,2.35,4.741379,3.2766673E7,33,300237,20260415
605228.SH,神通科技,14.39,-1.4383561643835554,14.53,14.53,14.9,1.29163834,860/5521,14.6,14.33,15.12,14.74,14.53,14.53,14.53,0,14.83,15.12,14.74,14.9,2.583276,1.7263311E7,17,605228,20260415
002352.SZ,顺丰控股,37.1,0.7057546145493974,36.77,36.77,37.66,1.29101668,861/5521,37.28,36.66,38.23,37.5,36.77,36.77,36.77,0,37.5,38.23,37.5,37.66,1.963421,2.7306202E7,33,002352,20260415
002126.SZ,银轮股份,46.02,-1.5193665739353601,46.68,46.68,48.66,1.29059117,862/5521,46.96,45.53,51.25,48.3,46.68,46.68,46.68,0,48.84,51.25,48.3,48.66,6.140716,2.9176477E7,33,002126,20260415
300341.SZ,麦克奥迪,15.3,-0.584795321637426,15.41,15.41,14.93,1.2890095,863/5521,15.46,15.23,15.29,14.71,15.41,15.41,15.41,0,14.81,15.29,14.71,14.93,3.934871,8516915,33,300341,20260415
002644.SZ,佛慈制药,8.39,2.0681265206812642,8.3,8.3,8.65,1.28805621,864/5521,8.47,8.28,8.75,8.51,8.3,8.3,8.3,0,8.57,8.75,8.51,8.65,2.810304,6812200,33,002644,20260415
600196.SH,复星医药,24.89,-1.542721518987344,25.27,25.27,26.8,1.28495843,865/5521,25.27,24.89,27.09,26.55,25.27,25.27,25.27,0,26.91,27.09,26.55,26.8,2.040816,3.0983519E7,17,600196,20260415
600863.SH,华能蒙电,4.64,-1.0660980810234693,4.68,4.68,4.73,1.28479657,866/5521,4.7,4.61,4.75,4.59,4.68,4.68,4.68,0,4.66,4.75,4.59,4.73,3.426124,8.8199233E7,17,600863,20260415
300209.SZ,行云科技,17.47,2.583675866118601,16.63,16.63,12.65,1.28102482,867/5521,17.5,16.36,13.1,12.18,16.63,16.63,16.63,0,12.56,13.1,12.18,12.65,7.365892,1.07778857E8,33,300209,20260415
688185.SH,康希诺,61.51,-2.827804107424959,63.06,63.06,71.24,1.27949957,868/5521,63.48,61.45,72.34,70.05,63.06,63.06,63.06,0,72,72.34,70.05,71.24,3.255615,2790143,17,688185,20260415
601098.SH,中南传媒,11.37,1.5178571428571423,11.25,11.25,11.09,1.27853881,869/5521,11.45,11.17,11.14,10.94,11.25,11.25,11.25,0,10.96,11.14,10.94,11.09,1.826484,6900116,17,601098,20260415
601886.SH,江河集团,9.58,2.7896995708154484,9.32,9.32,9.51,1.27795527,870/5521,9.6,9.25,9.55,9.22,9.32,9.32,9.32,0,9.12,9.2,8.87,9.16,3.514376,6003201,17,601886,20260415
002848.SZ,*ST高斯,15.37,-1.7891373801917005,15.79,15.79,14.28,1.27659574,871/5521,15.82,15.3,14.44,13.94,15.79,15.79,15.79,0,14.1,14.44,13.94,14.28,3.546099,3563900,33,002848,20260415
002068.SZ,黑猫股份,9.51,6.138392857142844,8.92,8.92,8.77,1.27020785,872/5521,9.6,8.92,9.12,8.63,8.92,8.92,8.92,0,8.68,9.12,8.63,8.77,5.658198,2.7747E7,33,002068,20260415
000895.SZ,双汇发展,27.73,0.3982621288921051,27.62,27.62,28.77,1.26715945,873/5521,28.03,27.55,29,28.27,27.62,27.62,27.62,0,27.62,28.2,27.47,27.97,2.569517,1.307553E7,33,000895,20260415
300111.SZ,向日葵,3.88,0.5181347150259072,3.85,3.85,4.0,1.26582278,874/5521,3.89,3.81,4.05,3.92,3.85,3.85,3.85,0,3.98,4.05,3.92,4.0,3.291139,5.26166E7,33,300111,20260415
688566.SH,吉贝尔,28.0,0.14306151645207132,27.99,27.99,32.1,1.26182965,875/5521,28.06,27.54,32.58,31.2,27.99,27.99,27.99,0,32.2,32.58,31.2,32.1,4.353312,4667153,17,688566,20260415
601811.SH,新华文轩,13.59,-0.3665689149560169,13.55,13.55,14.45,1.26138753,876/5521,13.66,13.46,14.45,14,13.55,13.55,13.55,0,14.15,14.45,14,14.45,3.153468,9588890,17,601811,20260415
603566.SH,普莱柯,11.97,-0.3330557868442893,12.01,12.01,12.85,1.2608353,877/5521,12.07,11.91,12.9,12.72,12.01,12.01,12.01,0,12.72,12.9,12.72,12.85,1.418439,3934500,17,603566,20260415
601616.SH,广电电气,4.64,-1.0660980810234693,4.67,4.67,4.82,1.2605042,878/5521,4.72,4.61,4.88,4.73,4.67,4.67,4.67,0,4.77,4.88,4.73,4.82,3.15126,4.1328028E7,17,601616,20260415
002025.SZ,航天电器,73.19,8.157233633811135,68.7,68.7,79.67,1.25826131,879/5521,74.44,67.95,82.58,76.65,68.7,68.7,68.7,0,78.9,82.58,76.65,79.67,7.536858,4.0828475E7,33,002025,20260415
600177.SH,雅戈尔,7.69,1.9893899204244079,7.67,7.67,7.27,1.25348189,880/5521,7.73,7.59,7.29,7.14,7.67,7.67,7.67,0,7.18,7.29,7.14,7.27,2.089136,1.8252144E7,17,600177,20260415
920576.BJ,天力复合,72.98,3.6647727272727244,70.0,70,76.9,1.25082291,881/5521,75.5,69.5,82.88,76,70.0,70.0,70.0,0,78,82.88,76,76.9,9.058591,7129466,151,920576,20260415
003041.SZ,真爱美家,52.4,-0.28544243577544925,53.99,53.99,52.7,1.24879923,882/5521,54,51.54,53.95,52.09,53.99,53.99,53.99,0,52.09,53.95,52.09,52.7,3.573487,3526850,33,003041,20260415
600694.SH,大商股份,18.2,-0.2739726027397299,18.29,18.29,17.04,1.24777184,883/5521,18.38,18.18,17.11,16.83,18.29,18.29,18.29,0,16.85,17.11,16.83,17.04,1.663695,3178083,17,600694,20260415
688279.SH,峰岹科技,197.45,0.74493596612071,194.3,194.3,171.39,1.24645558,884/5521,200.44,193.4,177.42,169.23,194.3,194.3,194.3,0,172.32,177.42,169.23,171.39,4.838137,1466885,17,688279,20260415
600795.SH,国电电力,4.74,-2.469135802469138,4.85,4.85,4.88,1.24481328,885/5521,4.85,4.72,4.93,4.82,4.85,4.85,4.85,0,4.85,4.93,4.82,4.88,2.282157,1.88093694E8,17,600795,20260415
688222.SH,成都先导,28.61,2.5815704553603402,28.1,28.1,27.75,1.2404232,886/5521,29,27.32,28.5,26.86,28.1,28.1,28.1,0,28.32,28.5,26.86,27.75,5.983217,2.8847881E7,17,688222,20260415
601828.SH,美凯龙,2.67,2.692307692307686,2.61,2.61,2.45,1.23966942,887/5521,2.76,2.61,2.47,2.4,2.61,2.61,2.61,0,2.42,2.47,2.4,2.45,2.892561,2.745482E7,17,601828,20260415
688563.SH,航材股份,57.43,1.1091549295774694,56.7,56.7,61.39,1.23680739,888/5521,57.89,56.6,63.2,60.84,56.7,56.7,56.7,0,60.85,63.2,60.84,61.39,3.89182,4202628,17,688563,20260415
603368.SH,柳药集团,16.74,-1.4134275618374674,16.6,16.6,17.19,1.23674912,889/5521,16.83,16.6,17.32,16.99,16.6,16.6,16.6,0,17.02,17.32,16.99,17.19,1.943462,6292905,17,603368,20260415
300932.SZ,三友联众,14.38,-0.06949270326615557,14.29,14.29,13.94,1.2345679,890/5521,14.57,14.26,14.09,13.73,14.29,14.29,14.29,0,13.82,14.09,13.73,13.94,2.614379,1.1171157E7,33,300932,20260415
300518.SZ,新迅达,24.93,0.3623188405797096,25.34,25.34,20.57,1.23031496,891/5521,25.34,24.35,21.01,19.95,25.34,25.34,25.34,0,20.53,21.01,19.95,20.57,5.216535,8071096,33,300518,20260415
002003.SZ,伟星股份,10.0,-1.4778325123152745,10.15,10.15,9.88,1.2295082,892/5521,10.15,9.97,9.93,9.74,10.15,10.15,10.15,0,9.79,9.93,9.74,9.88,1.946721,5911190,33,002003,20260415
600933.SH,爱柯迪,16.97,2.8484848484848415,16.7,16.7,17.29,1.2295082,892/5521,17.48,16.55,17.67,17.17,16.7,16.7,16.7,0,17.17,17.67,17.17,17.29,2.9274,1.2849047E7,17,600933,20260415
600754.SH,锦江酒店,25.56,-3.5107587768969415,26.66,26.66,27.18,1.22905028,894/5521,27.42,25.15,27.21,26.51,26.66,26.66,26.66,0,26.87,27.21,26.51,27.18,2.607076,1.274818E7,17,600754,20260415
688098.SH,申联生物,8.84,-1.0078387458006703,8.96,8.96,9.06,1.22905028,894/5521,8.99,8.82,9.11,8.8,8.96,8.96,8.96,0,8.87,9.11,8.8,9.06,3.463687,8372734,17,688098,20260415
000333.SZ,美的集团,81.1,-0.25827081539786984,81.0,81,77.49,1.22795558,896/5521,82.15,80.61,77.88,76.2,81.0,81.0,81.0,0,76.55,77.88,76.2,77.49,2.194644,3.1845072E7,33,000333,20260415
000756.SZ,新华制药,14.08,-1.262272089761569,14.21,14.21,14.85,1.22699387,897/5521,14.24,14.06,14.95,14.63,14.21,14.21,14.21,0,14.75,14.95,14.63,14.85,2.181322,7706934,33,000756,20260415
301317.SZ,鑫磊股份,58.88,-1.9483763530391252,58.88,58.88,63.8,1.22164049,898/5521,61.16,57.8,65.17,61.18,58.88,58.88,58.88,0,61.8,65.17,61.18,63.8,6.330318,6697028,33,301317,20260415
688117.SH,圣诺生物,37.41,0.45649838882920135,36.8,36.8,37.33,1.22017354,899/5521,37.7,36.8,37.5,36.32,36.8,36.8,36.8,0,37.01,37.5,36.32,37.33,3.199566,4428208,17,688117,20260415
000538.SZ,云南白药,53.05,0.0,53.78,53.78,55.72,1.21707539,900/5521,53.78,53.03,55.81,55.14,53.78,53.78,53.78,0,53.687,54.227,53.557,54.14,1.217075,7829651,33,000538,20260415
603456.SH,九洲药业,13.79,-1.217765042979955,13.91,13.91,17.47,1.21668598,901/5521,14.03,13.75,17.79,17.2,13.91,13.91,13.91,0,17.57,17.79,17.2,17.47,3.418308,1.7914183E7,17,603456,20260415
688270.SH,ST臻镭,130.38,7.707558859975215,122.48,122.48,170.55,1.21661721,902/5521,132,120,175.88,168.39,122.48,122.48,122.48,0,170,175.88,168.39,170.55,4.445103,2.2152322E7,22,688270,20260415
603092.SH,德力佳,73.0,-4.274849200104911,75.36,75.36,69.11,1.21558289,903/5521,75.73,72.72,69.96,68.28,75.36,75.36,75.36,0,68.9,69.96,68.28,69.11,2.460456,1816783,17,603092,20260415
600356.SH,恒丰纸业,9.93,1.0172939979654083,10.0,10,9.16,1.21546961,904/5521,10.04,9.75,9.32,9.01,10.0,10.0,10.0,0,9.15,9.32,9.01,9.16,3.425414,1.6389485E7,17,600356,20260415
688048.SH,长光华芯,352.03,0.23633257403188615,372.0,372,292.5,1.21107266,905/5521,379.89,344.06,307.9,287,372.0,372.0,372.0,0,290,307.9,287,292.5,7.231833,1.4557673E7,17,688048,20260415
600886.SH,国投电力,13.63,0.14695077149156024,13.8,13.8,13.38,1.21028744,906/5521,13.99,13.6,13.48,13.18,13.8,13.8,13.8,0,13.24,13.48,13.18,13.38,2.269288,1.9075236E7,17,600886,20260415
688052.SH,纳芯微,198.0,4.767448013122382,190.0,190,156.21,1.20505345,907/5521,202,187.2,161.18,155,190.0,190.0,190.0,0,155,161.18,155,156.21,4.003887,2937961,17,688052,20260415
002800.SZ,天顺股份,17.65,0.11344299489506282,17.73,17.73,16.84,1.20192308,908/5521,17.73,17.28,17.09,16.36,17.73,17.73,17.73,0,16.79,17.09,16.36,16.84,4.387019,6763084,33,002800,20260415
600919.SH,江苏银行,11.3,-0.8771929824561372,11.35,11.35,10.95,1.20147874,909/5521,11.42,11.29,10.96,10.79,11.35,11.35,11.35,0,10.8,10.96,10.79,10.95,1.571164,6.6740966E7,17,600919,20260415
300979.SZ,华利集团,38.13,-0.05242463958059246,38.2,38.2,43.0,1.20028242,910/5521,38.38,38,43.05,42.5,38.2,38.2,38.2,0,42.7,43.05,42.5,43.0,1.294422,1613740,33,300979,20260415
301207.SZ,华兰疫苗,19.5,1.2987012987012987,19.16,19.16,20.27,1.1982027,911/5521,19.5,19.07,20.37,19.85,19.16,19.16,19.16,0,20.07,20.37,19.85,20.27,2.596105,7180328,33,301207,20260415
301376.SZ,致欧科技,16.65,-5.2901023890784975,17.58,17.58,16.05,1.19798235,912/5521,17.68,16.52,16.37,15.88,17.58,17.58,17.58,0,15.91,16.37,15.88,16.05,3.089533,3570658,33,301376,20260415
301303.SZ,真兰仪表,15.43,0.3903708523096975,15.28,15.28,16.15,1.19047619,913/5521,15.56,15.28,16.24,15.97,15.28,15.28,15.28,0,16.04,16.24,15.97,16.15,1.691729,4702780,33,301303,20260415
601658.SH,邮储银行,5.07,-1.5533980582524285,5.12,5.12,5.11,1.18811881,914/5521,5.13,5.04,5.13,5.04,5.12,5.12,5.12,0,5.05,5.13,5.04,5.11,1.782178,1.71454169E8,17,601658,20260415
605499.SH,东鹏饮料,203.84,-2.155234483751744,204.9,204.9,193.5,1.18705224,915/5521,208,195,195.57,190,204.9,204.9,204.9,0,191.37,195.57,190,193.5,2.912722,5750901,17,605499,20260415
603439.SH,三力制药,11.25,0.6261180679785356,11.12,11.12,11.13,1.18181818,916/5521,11.3,11.11,11.16,10.98,11.12,11.12,11.12,0,11.04,11.16,10.98,11.13,1.636363,2887800,17,603439,20260415
002462.SZ,嘉事堂,13.8,-1.2168933428775943,13.97,13.97,14.56,1.18137596,917/5521,13.99,13.74,14.65,14.35,13.97,13.97,13.97,0,14.47,14.65,14.35,14.56,2.084781,4228100,33,002462,20260415
300219.SZ,鸿利智汇,7.66,1.0554089709762542,7.55,7.55,7.71,1.18110236,918/5521,7.67,7.53,7.87,7.63,7.55,7.55,7.55,0,7.63,7.87,7.63,7.71,3.149606,2.1826798E7,33,300219,20260415
300978.SZ,东箭科技,10.89,-0.1833180568285937,10.88,10.88,11.15,1.17967332,919/5521,10.99,10.88,11.2,11,10.88,10.88,10.88,0,11.06,11.2,11,11.15,1.814882,3044500,33,300978,20260415
002215.SZ,诺普信,10.92,-0.09149130832570711,10.95,10.95,10.3,1.17878193,920/5521,11.04,10.85,10.45,10.15,10.95,10.95,10.95,0,10.22,10.45,10.15,10.3,2.946954,1.0484821E7,33,002215,20260415
920181.BJ,赛英电子,84.12,7.873813798409849,77.98,77.98,66.98,1.17824773,921/5521,85.86,77.87,70.8,65.05,77.98,77.98,77.98,0,65.5,70.8,65.05,66.98,8.6858,4642094,151,920181,20260415
301489.SZ,思泉新材,229.56,5.554533750229913,219.8,219.8,198.5,1.17743004,922/5521,231.84,215.38,214.79,197.77,219.8,219.8,219.8,0,201.01,214.79,197.77,198.5,8.675263,5605834,33,301489,20260415
300938.SZ,信测标准,56.85,4.696132596685091,54.31,54.31,45.55,1.17725455,923/5521,57.32,54,46.27,44,54.31,54.31,54.31,0,44.84,46.27,44,45.55,5.042203,1.1869654E7,33,300938,20260415
603398.SH,*ST沐邦,12.45,4.974704890387858,12.45,12.45,12.9,1.17647059,924/5521,12.45,12.45,13.17,12.66,12.45,12.45,12.45,0,12.78,13.17,12.66,12.9,4,6744548,22,603398,20260415
001308.SZ,康冠科技,20.34,1.5476784822765786,20.15,20.15,20.66,1.17531832,925/5521,20.58,20.09,20.8,20.51,20.15,20.15,20.15,0,20.62,20.8,20.51,20.66,1.420176,1925302,33,001308,20260415
688757.SH,胜科纳米,28.16,7.8927203065134055,26.11,26.11,25.85,1.1741683,926/5521,28.47,25.8,26.75,24.96,26.11,26.11,26.11,0,25.73,26.75,24.96,25.85,7.00587,6178678,17,688757,20260415
000776.SZ,广发证券,21.23,-0.23496240601504093,21.25,21.25,19.86,1.17167601,927/5521,21.73,21.13,20.18,19.61,21.25,21.25,21.25,0,19.62,20.18,19.61,19.86,2.903718,8.537649E7,33,000776,20260415
603367.SH,辰欣药业,15.55,-0.7024265644955264,15.6,15.6,16.41,1.17139334,928/5521,15.73,15.52,16.65,16.09,15.6,15.6,15.6,0,16.36,16.65,16.09,16.41,3.452527,1.74418E7,17,603367,20260415
002654.SZ,万润科技,14.52,5.6768558951965025,13.83,13.83,14.69,1.1707989,929/5521,14.94,13.47,15.41,14.31,13.83,13.83,13.83,0,14.46,15.41,14.31,14.69,7.575757,8.5286352E7,33,002654,20260415
002925.SZ,盈趣科技,19.21,1.2118018967334059,18.91,18.91,19.88,1.17048346,930/5521,19.45,18.54,20.08,19.63,18.91,18.91,18.91,0,19.71,20.08,19.63,19.88,2.290076,1.2379138E7,33,002925,20260415
002567.SZ,唐人神,4.16,0.24096385542168158,4.15,4.15,4.33,1.1682243,931/5521,4.21,4.12,4.36,4.21,4.15,4.15,4.15,0,4.25,4.36,4.21,4.33,3.504672,4.3119731E7,33,002567,20260415
002793.SZ,罗欣药业,5.53,2.597402597402608,5.38,5.38,5.22,1.1627907,932/5521,5.62,5.32,5.33,5.1,5.38,5.38,5.38,0,5.18,5.33,5.1,5.22,4.457364,3.530393E7,33,002793,20260415
301345.SZ,涛涛车业,270.01,2.2339176858127208,263.57,263.57,221.74,1.15875912,933/5521,278,263.02,224.8,216.66,263.57,263.57,263.57,0,217.7,223.3,215.16,220.24,3.713503,1224900,33,301345,20260415
300342.SZ,天银机电,68.31,0.07324934075592902,67.1,67.1,54.21,1.15693226,934/5521,70.52,65.66,56.49,53.29,67.1,67.1,67.1,0,53.75,56.49,53.29,54.21,5.971263,6.0927802E7,33,300342,20260415
920504.BJ,博迅生物,21.72,0.18450184501844624,21.67,21.67,21.88,1.15580213,935/5521,22.13,21.59,21.95,21.65,21.67,21.67,21.67,0,21.65,21.95,21.65,21.88,1.386962,200108,151,920504,20260415
002508.SZ,老板电器,17.93,-2.660152008686221,18.42,18.42,20.16,1.15403914,936/5521,18.45,17.87,20.25,19.83,18.42,18.42,18.42,0,20.02,20.25,19.83,20.16,2.107375,5129366,33,002508,20260415
301333.SZ,诺思格,63.76,0.456908775799589,63.01,63.01,69.26,1.15378998,937/5521,64.6,62.02,70.24,66.71,63.01,63.01,63.01,0,69.37,70.24,66.71,69.26,5.155542,2593900,33,301333,20260415
000425.SZ,徐工机械,9.95,-3.398058252427198,10.3,10.3,10.53,1.15273775,938/5521,10.5,9.86,10.72,10.48,10.3,10.3,10.3,0,10.57,10.72,10.48,10.53,2.305475,8.7867927E7,33,000425,20260415
603312.SH,西典新能,39.49,-1.3982521847690268,40.08,40.08,41.25,1.15252575,939/5521,40.08,39.11,41.94,40.9,40.08,40.08,40.08,0,41,41.94,40.9,41.25,2.550269,1858867,17,603312,20260415
301265.SZ,华新科技,26.06,0.2693343593689892,25.89,25.89,23.7,1.15236876,940/5521,26.65,25.62,24.78,23.05,25.89,25.89,25.89,0,23.3,24.78,23.05,23.7,7.383696,1.4903993E7,33,301265,20260415
300761.SZ,立华股份,22.75,1.0213143872113697,22.29,22.29,21.96,1.15154307,941/5521,23.13,22.28,22.08,21.31,22.29,22.29,22.29,0,21.54,22.08,21.31,21.96,3.546752,1.0811729E7,33,300761,20260415
603248.SH,锡华科技,25.61,-1.5378700499807847,25.98,25.98,27.27,1.14985163,942/5521,25.98,25.51,27.36,26.55,25.98,25.98,25.98,0,26.97,27.36,26.55,27.27,3.004451,1.1042113E7,17,603248,20260415
601963.SH,重庆银行,10.5,-1.0367577756833124,10.62,10.62,10.59,1.14613181,943/5521,10.62,10.45,10.82,10.46,10.62,10.62,10.62,0,10.47,10.82,10.46,10.59,3.438395,2.2320062E7,17,601963,20260415
688388.SH,嘉元科技,50.18,-1.8003913894324886,50.94,50.94,48.6,1.144641,944/5521,51.29,49.23,50.67,48.39,50.94,50.94,50.94,0,50.17,50.67,48.39,48.6,4.745057,4.7972858E7,17,688388,20260415
600362.SH,江西铜业,45.46,-1.9836136265631774,46.05,46.05,46.87,1.14372033,945/5521,46.15,44.91,48.84,46.55,46.05,46.05,46.05,0,47.57,48.84,46.55,46.87,4.941735,6.9994725E7,17,600362,20260415
600518.SH,康美药业,1.71,-1.1560693641618507,1.72,1.72,1.77,1.14285714,946/5521,1.72,1.7,1.78,1.75,1.72,1.72,1.72,0,1.76,1.78,1.75,1.77,1.714285,1.93799214E8,17,600518,20260415
300529.SZ,健帆生物,19.04,-0.10493179433368087,19.06,19.06,17.73,1.14090131,947/5521,19.28,18.98,17.75,17.55,19.06,19.06,19.06,0,17.6,17.75,17.55,17.73,1.140901,3855672,33,300529,20260415
301089.SZ,拓新药业,26.92,1.4318010550113134,26.95,26.95,28.4,1.13960114,948/5521,27.6,26.67,28.8,28.1,26.95,26.95,26.95,0,28.2,28.8,28.1,28.4,2.492877,3399100,33,301089,20260415
601699.SH,潞安环能,16.16,-0.24691358024690832,16.15,16.15,13.37,1.13464448,949/5521,16.44,15.89,13.47,12.94,16.15,16.15,16.15,0,13.18,13.47,12.94,13.37,4.009077,2.8430988E7,17,601699,20260415
300973.SZ,立高食品,29.78,-2.0072392234287575,30.4,30.4,32.99,1.13427345,950/5521,30.4,29.65,33.2,32.67,30.4,30.4,30.4,0,32.68,33.2,32.67,32.99,1.62477,1802808,33,300973,20260415
688288.SH,鸿泉技术,25.01,1.0913500404203846,24.7,24.7,25.86,1.13414157,951/5521,25.2,24.55,26.23,25.32,24.7,24.7,24.7,0,25.43,26.23,25.32,25.86,3.558858,3381850,17,688288,20260415
001300.SZ,三柏硕,18.05,3.4383954154727876,17.57,17.57,16.97,1.13230036,952/5521,18.29,17.4,17.45,16.67,17.57,17.57,17.57,0,16.8,17.45,16.67,16.97,4.64839,4556079,33,001300,20260415
920833.BJ,美心翼申,15.11,-0.3955174686882037,15.2,15.2,15.25,1.12732095,954/5521,15.38,15.05,15.64,15.14,15.2,15.2,15.2,0,15.14,15.64,15.14,15.25,3.315649,1354435,151,920833,20260415
600377.SH,宁沪高速,12.3,0.654664484451719,12.18,12.18,11.68,1.12554113,955/5521,12.3,12.08,11.68,11.53,12.18,12.18,12.18,0,11.56,11.68,11.53,11.68,1.298701,8266084,17,600377,20260415
603817.SH,海峡环保,7.36,0.27247956403270385,7.29,7.29,7.19,1.12517581,956/5521,7.5,7.29,7.23,7.07,7.29,7.29,7.29,0,7.11,7.23,7.07,7.19,2.250351,1.32061E7,17,603817,20260415
600195.SH,中牧股份,7.52,-0.9222661396574477,7.5,7.5,8.1,1.12359551,957/5521,7.53,7.35,8.11,7.87,7.5,7.5,7.5,0,8,8.11,7.87,8.1,2.996254,3.1707483E7,17,600195,20260415
920274.BJ,宏裕包材,21.83,-2.01974865350091,22.46,22.46,21.61,1.12306972,958/5521,22.46,21.75,22.32,21.32,22.46,22.46,22.46,0,21.37,22.32,21.32,21.61,4.679457,1611943,151,920274,20260415
300632.SZ,光莆股份,24.47,20.009808729769485,24.47,24.47,18.01,1.12296463,959/5521,24.47,24,18.4,17.45,24.47,24.47,24.47,0,18.17,18.4,17.45,18.01,5.334081,3.2147636E7,33,300632,20260415
600272.SH,开开实业,12.64,3.0995106035889135,12.38,12.38,12.61,1.12269447,960/5521,12.85,12.36,12.72,12.4,12.38,12.38,12.38,0,12.55,12.72,12.4,12.61,2.566158,4036834,17,600272,20260415
001872.SZ,招商港口,22.15,1.792279411764692,21.7,21.7,21.64,1.12149533,961/5521,22.31,21.34,21.69,21.42,21.7,21.7,21.7,0,21.42,21.69,21.42,21.64,1.261682,2565442,33,001872,20260415
600269.SH,赣粤高速,4.43,-0.6726457399103195,4.46,4.46,4.51,1.12107623,962/5521,4.47,4.4,4.53,4.47,4.46,4.46,4.46,0,4.47,4.53,4.47,4.51,1.345291,1.4326865E7,17,600269,20260415
688539.SH,高华科技,37.36,3.0905077262693084,36.2,36.2,37.89,1.12089672,963/5521,37.65,35.84,39.12,37.5,36.2,36.2,36.2,0,37.5,39.12,37.5,37.89,4.323458,4891266,17,688539,20260415
002387.SZ,维信诺,8.08,0.0,8.11,8.11,8.13,1.11940299,964/5521,8.11,7.98,8.25,8.05,8.11,8.11,8.11,0,8.07,8.25,8.05,8.13,2.487562,1.3124E7,33,002387,20260415
603043.SH,广州酒家,15.52,-1.7721518987341844,15.81,15.81,15.44,1.11329404,965/5521,15.83,15.47,15.46,15.25,15.81,15.81,15.81,0,15.3,15.46,15.25,15.44,1.375245,2484700,17,603043,20260415
603275.SH,众辰科技,46.32,-4.769736842105264,48.92,48.92,46.41,1.11111111,966/5521,48.96,46.32,47.1,45.61,48.92,48.92,48.92,0,46.01,47.1,45.61,46.41,3.246187,1825805,17,603275,20260415
301413.SZ,安培龙,100.69,1.8820196296671046,98.57,98.57,121.7,1.10492648,967/5521,101.86,97.5,124.56,119.77,98.57,98.57,98.57,0,122.01,124.56,119.77,121.7,3.979396,4916019,33,301413,20260415
600055.SH,万东医疗,14.45,-4.050464807436927,14.8,14.8,14.66,1.10344828,968/5521,14.91,14.44,14.7,14.4,14.8,14.8,14.8,0,14.53,14.7,14.4,14.66,2.068965,2811240,17,600055,20260415
688739.SH,成大生物,23.05,-0.9028374892519383,23.22,23.22,24.82,1.09979633,969/5521,23.29,23.04,24.91,24.63,23.22,23.22,23.22,0,24.8,24.91,24.63,24.82,1.140529,1810164,17,688739,20260415
603352.SH,至信股份,35.72,-1.380452788514633,35.61,35.61,38.63,1.09918869,970/5521,35.92,35.58,38.88,38.06,35.61,35.61,35.61,0,38.33,38.88,38.06,38.63,2.146035,2633285,17,603352,20260415
300408.SZ,三环集团,85.7,4.4994512864284815,82.56,82.56,65.32,1.0989011,971/5521,87.3,82,67.56,64.01,82.56,82.56,82.56,0,66.9,67.56,64.01,65.32,5.494505,3.8434787E7,33,300408,20260415
601137.SH,博威合金,17.51,-2.505567928730508,18.0,18,20.24,1.0989011,971/5521,18.25,17.33,20.49,19.99,18.0,18.0,18.0,0,20.17,20.49,19.99,20.24,2.497502,1.6298419E7,17,601137,20260415
002864.SZ,盘龙药业,30.24,-0.230946882217091,30.3,30.3,32.28,1.09614782,973/5521,30.5,30.13,32.45,31.73,30.3,30.3,30.3,0,32.3,32.45,31.73,32.28,2.254932,3428800,33,002864,20260415
688060.SH,云涌科技,47.63,2.2103004291845516,45.72,45.72,45.34,1.09253066,974/5521,47.8,45.72,45.89,44.73,45.72,45.72,45.72,0,44.99,45.89,44.73,45.34,2.586399,373395,17,688060,20260415
603626.SH,科森科技,25.16,5.008347245409012,23.8,23.8,24.1,1.09060403,975/5521,25.29,23.33,24.93,23.76,23.8,23.8,23.8,0,23.99,24.93,23.76,24.1,4.907718,3.4311776E7,17,603626,20260415
688129.SH,东来技术,29.44,-3.2215647600262995,30.12,30.12,23.2,1.08932462,976/5521,30.65,29.3,23.5,22.91,30.12,30.12,30.12,0,23.06,23.5,22.91,23.2,2.570806,1073213,17,688129,20260415
600548.SH,深高速,9.07,0.0,9.03,9.03,9.29,1.08813928,977/5521,9.09,9.02,9.31,9.14,9.03,9.03,9.03,0,9.23,9.31,9.14,9.29,1.849836,4078514,17,600548,20260415
605108.SH,同庆楼,15.92,-7.28013977868376,16.6,16.6,16.73,1.08761329,978/5521,16.6,15.71,16.78,16.47,16.6,16.6,16.6,0,16.57,16.78,16.47,16.73,1.873111,2287331,17,605108,20260415
688045.SH,必易微,60.65,3.1989110090181985,58.69,58.69,48.65,1.08040723,979/5521,61.98,57.82,50.05,47.88,58.69,58.69,58.69,0,48.1,50.05,47.88,48.65,4.508622,1831072,17,688045,20260415
300338.SZ,*ST开元,3.68,0.5464480874316945,3.67,3.67,3.75,1.07816712,980/5521,3.71,3.63,3.76,3.68,3.67,3.67,3.67,0,3.74,3.76,3.68,3.75,2.156334,5845700,33,300338,20260415
301555.SZ,惠柏新材,36.17,-1.6317650258362832,36.99,36.99,35.66,1.07709751,981/5521,36.99,35.88,36.45,34.95,36.99,36.99,36.99,0,35.45,36.45,34.95,35.66,4.2517,2715600,33,301555,20260415
600192.SH,长城电工,8.26,0.36452004860266535,8.15,8.15,8.45,1.07655502,982/5521,8.28,8.15,8.59,8.34,8.15,8.15,8.15,0,8.42,8.59,8.34,8.45,2.99043,8566585,17,600192,20260415
600360.SH,*ST华微,10.18,3.2454361054766765,9.85,9.85,9.39,1.07642626,983/5521,10.18,9.8,9.45,9.26,9.85,9.85,9.85,0,9.29,9.45,9.26,9.39,2.045209,1.18981E7,22,600360,20260415
601939.SH,建设银行,9.95,1.4271151885830662,9.8,9.8,9.46,1.06837607,984/5521,10,9.79,9.52,9.3,9.8,9.8,9.8,0,9.32,9.52,9.3,9.46,2.350427,9.7753155E7,17,601939,20260415
300766.SZ,每日互动,29.22,-1.7484868863483511,29.7,29.7,36.0,1.0668164,985/5521,29.94,29.08,37.16,35.3,29.7,29.7,29.7,0,35.81,37.16,35.3,36.0,5.221785,2.861351E7,33,300766,20260415
300715.SZ,凯伦股份,13.8,0.8771929824561476,13.69,13.69,13.3,1.06382979,986/5521,14.25,13.64,13.59,13.15,13.69,13.69,13.69,0,13.23,13.59,13.15,13.3,3.343465,5323500,33,300715,20260415
688223.SH,晶科能源,6.65,3.5825545171339632,6.42,6.42,6.7,1.05580694,987/5521,6.72,6.42,6.75,6.58,6.42,6.42,6.42,0,6.66,6.75,6.58,6.7,2.564102,1.51019522E8,17,688223,20260415
920116.BJ,星图测控,100.8,4.531784714300518,96.41,96.41,92.08,1.05355575,988/5521,101.6,95.99,95.83,90.91,96.41,96.41,96.41,0,92,95.83,90.91,92.08,5.399473,4047338,151,920116,20260415
300289.SZ,利德曼,6.71,-0.7396449704141986,6.79,6.79,6.72,1.05263158,989/5521,6.81,6.65,6.78,6.66,6.79,6.79,6.79,0,6.71,6.78,6.66,6.72,1.804511,7158100,33,300289,20260415
002557.SZ,洽洽食品,23.27,0.518358531317499,23.38,23.38,22.13,1.05022831,990/5521,23.68,23.2,22.15,21.8,23.38,23.38,23.38,0,21.99,22.15,21.8,22.13,1.598173,3099683,33,002557,20260415
601988.SH,中国银行,5.75,-0.6908462867012096,5.8,5.8,5.79,1.04712042,991/5521,5.85,5.73,5.82,5.7,5.8,5.8,5.8,0,5.71,5.82,5.7,5.79,2.09424,2.31003234E8,17,601988,20260415
301080.SZ,百普赛斯,44.7,-1.7366454165750695,45.21,45.21,50.3,1.04459622,992/5521,45.7,44.46,51.68,49.32,45.21,45.21,45.21,0,50.41,51.68,49.32,50.3,4.740859,8972628,33,301080,20260415
688426.SH,康为世纪,20.84,2.1568627450980458,20.36,20.36,20.37,1.04166667,993/5521,20.97,20.12,20.55,19.98,20.36,20.36,20.36,0,20.07,20.55,19.98,20.37,2.82738,946525,17,688426,20260415
603323.SH,苏农银行,4.97,0.6072874493926995,5.01,5.01,4.86,1.03950104,994/5521,5.05,4.97,4.87,4.81,5.01,5.01,5.01,0,4.82,4.87,4.81,4.86,1.247401,2.3407406E7,17,603323,20260415
002586.SZ,ST围海,4.71,-1.0504201680672232,4.79,4.79,4.87,1.0373444,995/5521,4.79,4.67,4.89,4.8,4.79,4.79,4.79,0,4.84,4.89,4.8,4.87,1.867219,6276400,33,002586,20260415
600731.SH,湖南海利,6.84,-0.8695652173913115,6.85,6.85,6.82,1.03703704,996/5521,6.92,6.81,6.88,6.72,6.85,6.85,6.85,0,6.79,6.88,6.72,6.82,2.37037,1.023187E7,17,600731,20260415
603119.SH,浙江荣泰,82.51,9.998666844420743,76.43,76.43,78.06,1.03546466,997/5521,82.51,76.2,80.36,77.75,76.43,76.43,76.43,0,78.7,80.36,77.75,78.06,3.378203,1.8642651E7,17,603119,20260415
301586.SZ,佳力奇,42.0,1.64569215876089,41.33,41.33,43.95,1.03448276,998/5521,42.23,41.03,45.3,43.57,41.33,41.33,41.33,0,43.69,45.3,43.57,43.95,3.977011,1467405,33,301586,20260415
601298.SH,青岛港,8.85,-1.8847006651884695,8.97,8.97,8.79,1.03448276,998/5521,8.99,8.71,8.81,8.69,8.97,8.97,8.97,0,8.71,8.81,8.69,8.79,1.37931,8961131,17,601298,20260415
001219.SZ,青岛食品,15.79,2.2006472491909377,15.45,15.45,14.67,1.03305785,1000/5521,16.14,15.4,14.72,14.44,15.45,15.45,15.45,0,14.56,14.72,14.44,14.67,1.928374,2564244,33,001219,20260415
920694.BJ,中裕科技,17.33,0.2313475997686475,17.31,17.31,17.65,1.03033772,1001/5521,17.66,17.12,17.86,17.5,17.31,17.31,17.31,0,17.2,17.56,17.2,17.35,2.060675,652594,151,920694,20260415
920119.BJ,美德乐,93.85,0.1814688300597646,93.32,93.32,87.31,1.0298542,1002/5521,95.52,92.1,88.55,86.51,93.32,93.32,93.32,0,86.86,88.55,86.51,87.31,2.360564,676971,151,920119,20260415
301029.SZ,怡合达,28.34,-0.8397480755773213,28.3,28.3,26.59,1.02583587,1003/5521,28.59,28.1,27.1,26.16,28.3,28.3,28.3,0,26.43,27.1,26.16,26.59,3.571428,9303542,33,301029,20260415
688733.SH,壹石通,29.9,2.5728987993138936,30.35,30.35,29.73,1.01936799,1004/5521,31.08,29.71,31.3,29.72,30.35,30.35,30.35,0,30.04,31.3,29.72,29.73,5.368671,9668904,17,688733,20260415
600801.SH,华新建材,21.51,-4.527296937416775,22.62,22.62,22.8,1.01905184,1005/5521,22.62,21,23.03,22.61,22.62,22.62,22.62,0,22.7,23.03,22.61,22.8,1.860877,1.1120053E7,17,600801,20260415
300933.SZ,中辰股份,8.16,0.3690036900368925,8.11,8.11,7.95,1.01651842,1006/5521,8.28,8.07,8.29,7.83,8.11,8.11,8.11,0,7.96,8.29,7.83,7.95,5.84498,2.1735825E7,33,300933,20260415
688597.SH,煜邦电力,8.36,-0.8303677342823285,8.44,8.44,8.95,1.01580135,1007/5521,8.48,8.26,9.06,8.81,8.44,8.44,8.44,0,8.88,9.06,8.81,8.95,2.82167,5299270,17,688597,20260415
603169.SH,兰石重装,8.43,1.0791366906474804,8.34,8.34,9.96,1.01419878,1008/5521,8.47,8.27,10.2,9.9,8.34,8.34,8.34,0,9.93,10.2,9.9,9.96,3.042596,2.8389923E7,17,603169,20260415
300784.SZ,利安科技,50.47,1.345381526104421,49.69,49.69,49.84,1.01337657,1009/5521,50.85,49.69,51.21,49.44,49.69,49.69,49.69,0,49.6,51.21,49.44,49.84,3.587353,1049000,33,300784,20260415
601111.SH,中国国航,6.73,0.14880952380953386,6.75,6.75,6.98,1.0130246,1010/5521,6.82,6.69,7.17,6.95,6.75,6.75,6.75,0,7.1,7.17,6.95,6.98,3.183791,1.13190714E8,17,601111,20260415
920368.BJ,连城数控,32.99,2.45341614906832,31.9,31.9,34.9,1.0130246,1010/5521,33.36,31.75,35.95,34.39,31.9,31.9,31.9,0,34.72,35.95,34.39,34.9,4.515195,1.068444E7,151,920368,20260415
002457.SZ,青龙管业,11.54,-2.3688663282572007,11.79,11.79,11.01,1.00917431,1012/5521,11.87,11.51,11.12,10.78,11.79,11.79,11.79,0,10.91,11.12,10.78,11.01,3.119266,1.6505402E7,33,002457,20260415
688276.SH,百克生物,18.17,0.2206287920573784,18.1,18.1,18.04,1.00783875,1013/5521,18.23,17.98,18.08,17.81,18.1,18.1,18.1,0,17.98,18.08,17.81,18.04,1.511758,1810017,17,688276,20260415
300796.SZ,贝斯美,9.0,2.389078498293525,8.88,8.88,9.03,1.00671141,1014/5521,9.23,8.84,9.14,8.87,8.88,8.88,8.88,0,8.97,9.14,8.87,9.03,3.020134,6881844,33,300796,20260415
600249.SH,两面针,5.99,0.335008375209388,6.0,6,6.02,1.00671141,1014/5521,6.08,5.94,6.05,5.88,6.0,6.0,6.0,0,5.96,6.05,5.88,6.02,2.852348,2.624945E7,17,600249,20260415
000423.SZ,东阿阿胶,55.0,0.36496350364964025,54.84,54.84,55.29,1.00474973,1016/5521,55.56,54.15,55.47,54.35,54.84,54.84,54.84,0,54.9,55.47,54.35,55.29,2.046035,7194008,33,000423,20260415
601916.SH,浙商银行,2.97,0.33783783783784566,2.97,2.97,3.02,1.00334448,1017/5521,2.98,2.96,3.02,2.98,2.97,2.97,2.97,0,2.99,3.02,2.98,3.02,1.337792,1.02999242E8,17,601916,20260415
