股票代码,股票简称,最新价,最新涨跌幅,p_925,p_open,p_close,chg_pct,涨跌幅:前复权排名[20260408],p_high,p_low,p_high,p_low,分时开盘价:不复权[20260430 09:25],分时最高价:不复权[20260430 09:25],分时最低价:不复权[20260430 09:25],分时振幅[20260430 09:25],开盘价:前复权[20260408],最高价:前复权[20260408],最低价:前复权[20260408],收盘价:前复权[20260408],振幅[20260408],成交量[20260408],market_code,code,date
603459.SH,红板科技,61.73,0.016202203499672732,62.63,62.63,57.7,225.98870056,1/5521,64,61.15,67.59,49,62.63,62.63,62.63,0,52,67.59,49,57.7,105.028248,6.4078803E7,17,603459,20260408
920011.BJ,晨光电机,24.89,1.1788617886178827,24.5,24.5,29.04,87.35483871,2/5521,25.46,24.5,32.05,28.5,24.5,24.5,24.5,0,30,32.05,28.5,29.04,22.903225,1.7254633E7,151,920011,20260408
920171.BJ,志晟信息,20.45,2.3523523523523466,19.98,19.98,21.09,29.94454713,3/5521,21.7,19.95,21.09,16.83,19.98,19.98,19.98,0,16.86,21.09,16.83,21.09,26.247689,8165342,151,920171,20260408
300209.SZ,行云科技,17.47,2.583675866118601,16.63,16.63,11.69,20.02053388,4/5521,17.5,16.36,11.69,10.3,16.63,16.63,16.63,0,10.66,11.69,10.3,11.69,14.271047,7.5031098E7,33,300209,20260408
300058.SZ,蓝色光标,17.12,-1.552616446233465,17.22,17.22,16.31,20.0147167,5/5521,17.58,17.02,16.31,14.16,17.22,17.22,17.22,0,14.16,16.31,14.16,16.31,15.820456,5.84131639E8,33,300058,20260408
300475.SZ,香农芯创,174.7,0.22948938611587907,173.76,173.76,148.18,20.00323939,6/5521,178.78,170.41,148.18,136.67,173.76,173.76,173.76,0,145.71,148.18,136.67,148.18,9.321347,5.9699081E7,33,300475,20260408
301070.SZ,开勒股份,90.68,-2.494623655913971,94.55,94.55,91.2,20,7/5521,94.55,89.98,91.2,75.01,94.55,94.55,94.55,0,75.01,91.2,75.01,91.2,21.302631,1.1201315E7,33,301070,20260408
301232.SZ,飞沃科技,217.72,7.782178217821782,202.02,202.02,184.74,20,7/5521,222.4,198.8,184.74,157,202.02,202.02,202.02,0,159,184.74,157,184.74,18.018837,1.0783677E7,33,301232,20260408
688630.SH,芯碁微装,257.75,-2.7174938667673105,266.74,266.74,240.0,20,7/5521,268.8,251.99,240,210,266.74,266.74,266.74,0,209.3,239.3,209.3,239.3,15,1.2231047E7,17,688630,20260408
688655.SH,迅捷兴,45.53,18.59859338369367,39.2,39.2,29.04,20,7/5521,46.07,39.2,29.04,24.8,39.2,39.2,39.2,0,25,29.04,24.8,29.04,17.520661,1.1991661E7,17,688655,20260408
688485.SH,九州一轨,55.2,1.8450184501845017,54.3,54.3,40.21,19.99403163,11/5521,56.91,52.58,40.21,34.18,54.3,54.3,54.3,0,34.18,40.21,34.18,40.21,17.994628,1.462994E7,17,688485,20260408
300571.SZ,平治信息,44.35,4.352941176470591,43.21,43.21,36.61,19.99344477,12/5521,44.96,42.42,36.61,31.62,43.21,43.21,43.21,0,31.62,36.61,31.62,36.61,16.355293,2.4947744E7,33,300571,20260408
688693.SH,锴威特,96.0,7.526881720430106,90.9,90.9,66.92,19.99282769,13/5521,97,87.16,66.92,56,90.9,90.9,90.9,0,57,66.92,56,66.92,19.580419,8238497,17,688693,20260408
300679.SZ,电连技术,45.0,-0.5085120495246449,45.0,45,40.16,19.988049,14/5521,45.97,44.12,40.16,33.86,45.0,45.0,45.0,0,34.13,40.16,33.86,40.16,18.822826,4.6854768E7,33,300679,20260408
688112.SH,鼎阳科技,61.58,0.0,62.81,62.81,48.48,18.76531112,15/5521,62.94,59.89,48.74,41.81,62.81,62.81,62.81,0,41.92,48.74,41.81,48.48,16.976972,5801121,17,688112,20260408
920021.BJ,流金科技,10.03,5.801687763713069,9.72,9.72,10.97,18.08396125,16/5521,10.12,9.61,11.08,9.55,9.72,9.72,9.72,0,9.55,11.08,9.55,10.97,16.469321,4.9800953E7,151,920021,20260408
300686.SZ,智动力,17.8,-1.9823788546255474,18.39,18.39,17.76,18.00664452,17/5521,18.5,17.4,18.06,15.6,18.39,18.39,18.39,0,15.65,18.06,15.6,17.76,16.345514,4.4440234E7,33,300686,20260408
301396.SZ,宏景科技,316.74,-3.270728355474112,322.99,322.99,191.25,17.82281912,18/5521,332,315,194.58,168,322.99,322.99,322.99,0,170,194.58,168,191.25,16.375061,1.8099065E7,33,301396,20260408
300139.SZ,晓程科技,52.88,0.07570022710067968,52.23,52.23,61.3,16.828664,19/5521,53.35,51.9,62.32,56.89,52.23,52.23,52.23,0,57.01,62.32,56.89,61.3,10.34877,6.1205452E7,33,300139,20260408
301171.SZ,易点天下,33.47,0.0,33.31,33.31,48.88,16.57524446,20/5521,33.98,32.94,48.99,43.19,33.31,33.31,33.31,0,33.58076923,37.65769231,33.19615385,37.57,13.832578,7.6898414E7,33,301171,20260408
688125.SH,安达智能,212.69,-0.3793911007025772,212.23,212.23,249.1,16.48351648,21/5521,219,212.21,254,219,212.23,212.23,212.23,0,220.44,254,219,249.1,16.366612,1581555,17,688125,20260408
688337.SH,普源精电,60.39,-1.660967269174395,60.58,60.58,52.98,16.28621598,22/5521,61.78,59.69,52.98,46.22,60.58,60.58,60.58,0,46.53,52.98,46.22,52.98,14.837576,7872557,17,688337,20260408
300668.SZ,杰恩股份,55.29,-9.73061224489796,61.3,61.3,46.54,16.11776447,23/5521,66.96,55,46.68,40.77,61.3,61.3,61.3,0,40.88,46.68,40.77,46.54,14.745508,8185700,33,300668,20260408
688392.SH,骄成超声,139.8,-0.042900042900044524,139.86,139.86,130.0,16.07142857,24/5521,141.33,135.38,131.25,114.24,139.86,139.86,139.86,0,117,131.25,114.24,130.0,15.1875,5253430,17,688392,20260408
301018.SZ,申菱环境,116.81,0.24888431170615025,116.99,116.99,102.29,15.83059676,25/5521,118.79,111.8,102.93,91.1,116.99,116.99,116.99,0,92.39,102.93,91.1,102.29,13.395991,1.8519507E7,33,301018,20260408
300085.SZ,银之杰,37.28,3.1258644536652906,35.89,35.89,39.02,15.78635015,26/5521,38.14,35.88,40.2,34.53,35.89,35.89,35.89,0,34.71,40.2,34.53,39.02,16.824925,8.8789887E7,33,300085,20260408
688229.SH,博睿数据,86.08,-0.13921113689095654,85.93,85.93,90.57,15.74440895,27/5521,87.99,84.5,91.49,82.01,85.93,85.93,85.93,0,83.98,91.49,82.01,90.57,12.115015,3099517,17,688229,20260408
300790.SZ,宇瞳光学,29.0,2.4373013069586764,28.7,28.7,28.42,15.48151158,28/5521,29.79,28.63,28.5,24.9,28.7,28.7,28.7,0,25.3,28.5,24.9,28.42,14.628199,4.9327687E7,33,300790,20260408
920207.BJ,众诚科技,28.75,-2.0109066121336054,29.8,29.8,30.23,15.33765738,29/5521,30.31,28.71,32.35,27.2,29.8,29.8,29.8,0,27.47,32.35,27.2,30.23,19.648988,8725655,151,920207,20260408
301133.SZ,金钟股份,46.4,1.7543859649122744,45.39,45.39,42.15,15.32147743,30/5521,46.65,44.68,42.33,37.24,45.39,45.39,45.39,0,37.24,42.33,37.24,42.15,13.926128,9634827,33,301133,20260408
688720.SH,艾森股份,80.13,3.6878881987577565,76.7,76.7,77.5,15.27591849,31/5521,81.2,76.69,79.67,68.95,76.7,76.7,76.7,0,69.25,79.67,68.95,77.5,15.945262,7842942,17,688720,20260408
300664.SZ,鹏鹞环保,5.6,-0.5328596802841963,5.62,5.62,6.19,15.27001862,32/5521,5.68,5.55,6.29,5.38,5.62,5.62,5.62,0,5.42,6.29,5.38,6.19,16.945996,6.6007603E7,33,300664,20260408
688270.SH,ST臻镭,130.38,7.707558859975215,122.48,122.48,155.0,15.10470815,33/5521,132,120,155.55,140,122.48,122.48,122.48,0,140,155.55,140,155.0,11.547601,2.1207061E7,22,688270,20260408
300166.SZ,东方国信,15.44,-0.1293661060802157,15.41,15.41,16.93,15.01358696,34/5521,16.13,14.7,17.25,15.55,15.41,15.41,15.41,0,15.65,17.25,15.55,16.93,11.548913,2.18859468E8,33,300166,20260408
688813.SH,泰金新能,92.4,6.857869781427093,86.43,86.43,48.63,14.93736705,35/5521,93.99,83.2,50.77,43.74,86.43,86.43,86.43,0,43.74,50.77,43.74,48.63,16.615457,1.3909406E7,17,688813,20260408
300063.SZ,天龙集团,11.43,0.5277044854881311,11.31,11.31,12.63,14.81818182,36/5521,11.54,11.21,12.8,11.33,11.31,11.31,11.31,0,11.37,12.8,11.33,12.63,13.363636,1.38898453E8,33,300063,20260408
300017.SZ,网宿科技,16.0,-2.735562310030391,16.3,16.3,18.42,14.76635514,37/5521,16.66,15.83,18.47,16.91,16.3,16.3,16.3,0,16.91,18.47,16.91,18.42,9.719626,3.54931927E8,33,300017,20260408
688683.SH,莱尔科技,44.0,-1.895206243032333,45.3,45.3,35.7,14.533205,38/5521,45.3,43.11,35.96,31.79,45.3,45.3,45.3,0,31.79,35.96,31.79,35.7,13.378248,3608930,17,688683,20260408
688676.SH,金盘科技,88.1,-0.7547594908189723,88.77,88.77,81.05,14.52592907,39/5521,89.53,86.86,81.19,74.1,88.77,88.77,88.77,0,74.1,81.19,74.1,81.05,10.018369,2.3642025E7,17,688676,20260408
300606.SZ,金太阳,37.72,-2.0768431983385365,38.53,38.53,40.08,14.48157669,40/5521,38.99,37.49,40.9,35.41,38.53,38.53,38.53,0,36,40.9,35.41,40.08,15.681233,2.30903E7,33,300606,20260408
301500.SZ,飞南资源,29.14,-1.3874788494077839,29.5,29.5,24.6,14.47184737,41/5521,30.27,28.9,24.85,22,29.5,29.5,29.5,0,22.84,24.85,22,24.6,13.261982,3.5990357E7,33,301500,20260408
688702.SH,盛科通信,322.16,-1.7804878048780413,314.0,314,218.99,14.23578508,42/5521,368.88,304,222.22,199.98,314.0,314.0,314.0,0,203,222.22,199.98,218.99,11.60146,9688600,17,688702,20260408
301200.SZ,大族数控,182.59,-1.3613527091999407,186.55,186.55,174.73,14.04608054,43/5521,189.8,182.05,178.9,157,186.55,186.55,186.55,0,157.49,178.9,157,174.73,14.294106,7094671,33,301200,20260408
300986.SZ,志特新材,22.8,-0.5235602094240881,23.0,23,27.93,14,44/5521,23.1,22.56,29.4,24.8,23.0,23.0,23.0,0,25.18,29.4,24.8,27.93,18.77551,8.3805467E7,33,300986,20260408
300548.SZ,长芯博创,256.69,3.713131313131312,254.5,254.5,206.39,13.96466041,45/5521,263.22,250.5,207.8,190,254.5,254.5,254.5,0,190,207.8,190,206.39,9.828823,3.3493674E7,33,300548,20260408
688158.SH,优刻得,45.03,-1.7026850032743965,45.8,45.8,45.98,13.95291202,46/5521,46.62,44,46,42.4,45.8,45.8,45.8,0,42.77,46,42.4,45.98,8.921933,6.4388499E7,17,688158,20260408
301468.SZ,博盈特焊,53.96,5.721003134796241,51.07,51.07,51.8,13.77113991,47/5521,55.1,51.07,52.3,47.2,51.07,51.07,51.07,0,47.2,52.3,47.2,51.8,11.201405,1.0563788E7,33,301468,20260408
688150.SH,莱特光电,52.66,2.891754591637352,49.45,49.45,45.6,13.65902293,48/5521,56,49.45,46.32,40.73,49.45,49.45,49.45,0,41.6,46.32,40.73,45.6,13.9332,2.0746417E7,17,688150,20260408
688343.SH,云天励飞,88.0,5.087174588010515,82.5,82.5,85.8,13.62733413,49/5521,89.9,82.33,86.08,78.52,82.5,82.5,82.5,0,78.99,86.08,78.52,85.8,10.011918,2.0545432E7,17,688343,20260408
688535.SH,华海诚科,90.53,2.2591212018524796,89.99,89.99,120.0,13.41083073,50/5521,92.5,86.68,120.35,108.88,89.99,89.99,89.99,0,74.7972973,81.25,73.5,81.01,10.840185,4388753,17,688535,20260408
688316.SH,青云科技,69.9,-0.35637918745545255,71.0,71,73.04,13.3105802,51/5521,72.56,69.39,73.26,67.3,71.0,71.0,71.0,0,68,73.26,67.3,73.04,9.246044,6750372,17,688316,20260408
300113.SZ,顺网科技,25.26,-2.5086839058278603,25.8,25.8,28.59,13.22772277,52/5521,26.13,24.9,28.7,26.31,25.8,25.8,25.8,0,26.53,28.7,26.31,28.59,9.465346,9.3807409E7,33,300113,20260408
688396.SH,华润微,56.65,1.9618430525557888,55.5,55.5,50.15,12.97589547,54/5521,57,55.11,51.27,45.73,55.5,55.5,55.5,0,45.73,51.27,45.73,50.15,12.480288,4.7112056E7,17,688396,20260408
300854.SZ,中兰环保,33.85,5.649188514357061,32.34,32.34,30.44,12.82431431,55/5521,34,31.35,30.45,27.08,32.34,32.34,32.34,0,27.66,30.45,27.08,30.44,12.490733,5645558,33,300854,20260408
300170.SZ,汉得信息,19.82,-0.9990009990009955,19.95,19.95,20.76,12.76480174,56/5521,20.15,19.62,20.78,19.09,19.95,19.95,19.95,0,19.1,20.78,19.09,20.76,9.179793,9.8232312E7,33,300170,20260408
301479.SZ,弘景光电,113.3,6.086142322097379,106.21,106.21,100.8,12.75167785,57/5521,116.31,106.02,102.97,92.88,106.21,106.21,106.21,0,92.88,102.97,92.88,100.8,11.286353,6541923,33,301479,20260408
688603.SH,天承科技,93.22,-0.9141156462585028,94.65,94.65,87.3,12.57253385,58/5521,95.85,92.51,89.49,79.1,94.65,94.65,94.65,0,80.15,89.49,79.1,87.3,13.397807,6855141,17,688603,20260408
300322.SZ,硕贝德,30.21,-1.0157273918741767,30.58,30.58,26.31,12.5320787,59/5521,30.74,29.7,26.45,23.96,30.58,30.58,30.58,0,24,26.45,23.96,26.31,10.650128,4.1756312E7,33,300322,20260408
301099.SZ,雅创电子,58.47,-1.1161846778285196,59.3,59.3,50.19,12.50840619,60/5521,59.76,58.1,50.59,45.77,59.3,59.3,59.3,0,46.3,50.59,45.77,50.19,10.804752,1.2739982E7,33,301099,20260408
301053.SZ,远信工业,64.0,0.0,63.51,63.51,50.0,12.48593926,61/5521,65.1,62.1,50.03,44.96,63.51,63.51,63.51,0,44.98,50.03,44.96,50.0,11.406074,1.1306085E7,33,301053,20260408
300227.SZ,光韵达,10.99,-0.3626473254759669,11.05,11.05,12.28,12.45421245,62/5521,11.25,10.84,12.38,11.2,11.05,11.05,11.05,0,11.25,12.38,11.2,12.28,10.80586,3.766666E7,33,300227,20260408
688480.SH,赛恩斯,97.81,2.8496319663512177,94.11,94.11,88.8,12.40506329,63/5521,99.96,94,92.22,84.66,94.11,94.11,94.11,0,89,92.22,84.66,88.8,9.56962,5759573,17,688480,20260408
688031.SH,星环科技,132.0,0.8942903003898092,132.99,132.99,142.26,12.30757085,64/5521,138.25,131.98,142.63,133,132.99,132.99,132.99,0,133.88,142.63,133,142.26,7.602431,9538080,17,688031,20260408
920184.BJ,国源科技,15.52,1.4379084967320186,15.26,15.26,16.13,12.24773834,65/5521,16.15,15.14,16.5,14.7,15.26,15.26,15.26,0,14.97,16.5,14.7,16.13,12.526096,4844727,151,920184,20260408
688818.SH,电科蓝天,68.6,1.4042867701404118,67.6,67.6,62.69,12.24709042,66/5521,69.1,66.37,62.95,56.8,67.6,67.6,67.6,0,57.16,62.95,56.8,62.69,11.011638,2.7277048E7,17,688818,20260408
688371.SH,菲沃泰,24.72,11.85520361990949,20.82,20.82,21.03,12.21985059,67/5521,24.99,20.51,21.1,19.15,20.82,20.82,20.82,0,19.77,21.1,19.15,21.03,10.405549,4506341,17,688371,20260408
300846.SZ,首都在线,26.75,-0.9992598075499615,26.92,26.92,30.4,12.21853082,68/5521,27.38,26.28,30.5,28.42,26.92,26.92,26.92,0,28.42,30.5,28.42,30.4,7.67811,7.232739E7,33,300846,20260408
688365.SH,光云科技,19.72,0.9728622631848322,19.59,19.59,19.67,12.20764404,69/5521,19.96,19.23,19.67,18.05,19.59,19.59,19.59,0,18.3,19.67,18.05,19.67,9.2413,2.1605684E7,17,688365,20260408
300785.SZ,值得买,49.32,-0.5645161290322603,49.6,49.6,52.49,12.20607097,70/5521,49.99,48.52,52.6,48,49.6,49.6,49.6,0,48,52.6,48,52.49,9.833262,2.0032032E7,33,300785,20260408
301489.SZ,思泉新材,229.56,5.554533750229913,219.8,219.8,182.3,12.15700751,71/5521,231.84,215.38,185,167.7,219.8,219.8,219.8,0,168.6,185,167.7,182.3,10.643533,5753652,33,301489,20260408
688039.SH,当虹科技,42.13,2.2324678476098074,41.38,41.38,44.01,12.12738854,72/5521,42.28,40.83,44.07,40.78,41.38,41.38,41.38,0,41.5,44.07,40.78,44.01,8.382165,3890770,17,688039,20260408
300364.SZ,中文在线,28.78,-2.770270270270271,29.26,29.26,29.83,12.10071402,73/5521,29.8,28.7,30.24,27.2,29.26,29.26,29.26,0,27.45,30.24,27.2,29.83,11.424276,1.35936967E8,33,300364,20260408
301317.SZ,鑫磊股份,58.88,-1.9483763530391252,58.88,58.88,53.4,12.06715635,74/5521,61.16,57.8,54.85,48.59,58.88,58.88,58.88,0,48.59,54.85,48.59,53.4,13.13746,5942096,33,301317,20260408
300738.SZ,奥飞数据,24.94,-0.6374501992031878,24.86,24.86,23.08,12.03883495,75/5521,25.53,24.45,23.08,21.55,24.86,24.86,24.86,0,21.61,23.08,21.55,23.08,7.427184,1.30550433E8,33,300738,20260408
688668.SH,鼎通科技,220.0,0.4336909381419715,219.07,219.07,165.72,11.9881065,76/5521,233,219.07,166.59,151.38,219.07,219.07,219.07,0,153.37,166.59,151.38,165.72,10.278416,9944514,17,688668,20260408
688183.SH,生益电子,109.6,-4.002802837873353,116.0,116,90.58,11.91005683,77/5521,116,108.04,91,83.78,116.0,116.0,116.0,0,84.28,91,83.78,90.58,8.920187,3.0104758E7,17,688183,20260408
688258.SH,卓易信息,120.41,1.3552188552188549,118.56,118.56,119.27,11.88555347,78/5521,122.12,116.38,120.5,110.82,118.56,118.56,118.56,0,112.8,120.5,110.82,119.27,9.080675,5392582,17,688258,20260408
300480.SZ,光力科技,35.87,-1.29334067143645,36.41,36.41,31.1,11.8705036,79/5521,36.58,34.91,31.27,28.57,36.41,36.41,36.41,0,29.4,31.27,28.57,31.1,9.71223,2.5369377E7,33,300480,20260408
300780.SZ,德恩精工,25.08,0.1597444089456835,24.95,24.95,23.32,11.79290508,80/5521,25.2,24.38,23.96,21.2,24.95,24.95,24.95,0,21.24,23.96,21.2,23.32,13.231064,1.7924E7,33,300780,20260408
301387.SZ,光大同创,68.34,2.3820224719101173,66.82,66.82,59.76,11.78451178,81/5521,69.99,65.8,59.87,54.27,66.82,66.82,66.82,0,54.76,59.87,54.27,59.76,10.475121,3807325,33,301387,20260408
300857.SZ,协创数据,259.7,-4.441255473378222,267.55,267.55,230.85,11.67279412,82/5521,270,258.79,233.1,214.84,267.55,267.55,267.55,0,154.75714286,166.25714286,153.21428571,164.65,8.833204,1.6643623E7,33,300857,20260408
300249.SZ,依米康,17.56,0.0,17.4,17.4,16.96,11.57894737,83/5521,17.75,16.56,17.05,15.77,17.4,17.4,17.4,0,15.8,17.05,15.77,16.96,8.421052,4.563116E7,33,300249,20260408
300499.SZ,高澜股份,38.45,-1.410256410256403,39.07,39.07,37.4,11.575179,84/5521,39.32,37.79,37.56,34.77,39.07,39.07,39.07,0,34.99,37.56,34.77,37.4,8.323389,3.902524E7,33,300499,20260408
920790.BJ,联迪信息,24.32,1.2911286963765043,24.21,24.21,27.97,11.56761069,85/5521,24.94,23.9,28.27,25.7,24.21,24.21,24.21,0,26.5,28.27,25.7,27.97,10.251296,2578003,151,920790,20260408
301188.SZ,力诺药包,26.85,4.474708171206234,25.08,25.08,23.67,11.54571159,86/5521,27.28,24.03,23.89,21.19,25.08,25.08,25.08,0,21.65,23.89,21.19,23.67,12.723845,4.0638793E7,33,301188,20260408
300634.SZ,彩讯股份,22.59,-3.1718816973853343,23.28,23.28,26.31,11.43583227,87/5521,23.48,22.54,26.33,24.33,23.28,23.28,23.28,0,24.35,26.33,24.33,26.31,8.470986,2.5431338E7,33,300634,20260408
301085.SZ,亚康股份,70.09,-1.9034289713086066,71.08,71.08,61.35,11.32280893,88/5521,72.49,69.8,61.65,56.88,71.08,71.08,71.08,0,56.94,61.65,56.88,61.35,8.655416,6897602,33,301085,20260408
301319.SZ,唯特偶,70.77,2.1064781416822878,71.11,71.11,47.2,11.29450601,89/5521,72.81,70.01,47.35,43.83,71.11,71.11,71.11,0,43.83,47.35,43.83,47.2,8.299929,5899241,33,301319,20260408
300184.SZ,力源信息,13.35,1.2898330804248856,13.13,13.13,11.64,11.28107075,90/5521,13.68,13.05,11.68,10.77,13.13,13.13,13.13,0,10.77,11.68,10.77,11.64,8.699808,1.73011921E8,33,300184,20260408
300454.SZ,深信服,117.18,3.1514084507042366,114.63,114.63,106.7,11.27333403,91/5521,120.9,114.28,106.87,99.2,114.63,114.63,114.63,0,99.2,106.87,99.2,106.7,7.998748,1.4752431E7,33,300454,20260408
688123.SH,聚辰股份,123.49,9.964381121994656,115.6,115.6,112.8,11.26454922,92/5521,129.8,115.5,112.88,104,115.6,115.6,115.6,0,104.3,112.18,103.3,112.1,8.759124,1.1320993E7,17,688123,20260408
688638.SH,誉辰智能,43.6,0.6231248557581425,43.33,43.33,42.24,11.15789474,93/5521,43.72,42.74,42.88,38.57,43.33,43.33,43.33,0,39.05,42.88,38.57,42.24,11.342105,2150869,17,688638,20260408
300602.SZ,飞荣达,35.73,-2.510231923601642,36.01,36.01,32.62,11.14139693,94/5521,36.1,35.08,32.78,30.27,36.01,36.01,36.01,0,30.3,32.78,30.27,32.62,8.551959,2.4874595E7,33,300602,20260408
300308.SZ,中际旭创,857.5,1.4792899408284024,863.66,863.66,688.14,11.07452424,95/5521,874.65,845,688.26,643,863.66,863.66,863.66,0,652.53,687.26,642,687.14,7.305538,3.9662974E7,33,300308,20260408
300900.SZ,广联航空,44.45,4.1471415182755464,42.68,42.68,39.0,11.01622545,96/5521,45.54,42,39.5,36.4,42.68,42.68,42.68,0,36.6,39.5,36.4,39.0,8.824366,3.8249985E7,33,300900,20260408
301181.SZ,标榜股份,44.53,-0.7134894091415837,44.85,44.85,44.46,11.01123596,97/5521,45,44.01,44.48,40.61,44.85,44.85,44.85,0,40.61,44.48,40.61,44.46,9.662921,3183843,33,301181,20260408
688456.SH,有研粉材,66.06,3.2187500000000036,63.49,63.49,56.05,10.99009901,98/5521,66.9,62.79,56.3,52.25,63.49,63.49,63.49,0,52.25,56.3,52.25,56.05,8.019801,4412876,17,688456,20260408
300418.SZ,昆仑万维,48.86,-2.6305300916699887,50.21,50.21,52.4,10.969928,99/5521,50.49,48.7,52.41,48.92,50.21,50.21,50.21,0,49,52.41,48.92,52.4,7.390936,9.0074091E7,33,300418,20260408
688226.SH,威腾电气,55.72,3.858341099720411,54.18,54.18,53.08,10.92998955,100/5521,56.23,53.5,53.96,48.12,54.18,54.18,54.18,0,48.33,53.96,48.12,53.08,12.204806,1.8129177E7,17,688226,20260408
688141.SH,杰华特,92.88,16.786118445869477,79.53,79.53,61.34,10.92224231,101/5521,94.98,78.8,61.76,56.82,79.53,79.53,79.53,0,57.01,61.76,56.82,61.34,8.933092,1.8606057E7,17,688141,20260408
300975.SZ,商络电子,20.46,2.3000000000000043,20.17,20.17,20.05,10.8960177,102/5521,21.02,19.88,20.2,18.42,20.17,20.17,20.17,0,19,20.2,18.42,20.05,9.845132,6.5017114E7,33,300975,20260408
688701.SH,卓锦股份,10.2,2.7190332326283944,9.94,9.94,10.03,10.82872928,103/5521,10.39,9.9,10.28,9.11,9.94,9.94,9.94,0,9.18,10.28,9.11,10.03,12.928176,4210482,17,688701,20260408
688531.SH,日联科技,120.6,19.999999999999996,110.0,110,72.75,10.81492765,104/5521,120.6,105.58,72.75,67.74,110.0,110.0,110.0,0,68,72.75,67.74,72.75,7.631378,4293216,17,688531,20260408
301563.SZ,云汉芯城,163.9,0.570657176167397,162.64,162.64,156.01,10.80255682,105/5521,165.08,160.1,161,149,162.64,162.64,162.64,0,149,161,149,156.01,8.522727,2937035,33,301563,20260408
300988.SZ,津荣天宇,27.25,2.098164106406889,26.6,26.6,27.27,10.71863581,106/5521,27.8,26.44,28.03,25.21,26.6,26.6,26.6,0,25.28,28.03,25.21,27.27,11.449451,1.1399209E7,33,300988,20260408
688318.SH,财富趋势,111.0,0.6802721088435374,109.11,109.11,113.86,10.71567483,107/5521,114.8,109.11,115.35,105.65,109.11,109.11,109.11,0,105.88,115.35,105.65,113.86,9.432127,5526615,17,688318,20260408
688787.SH,海天瑞声,130.1,1.2215047070722735,128.99,128.99,133.42,10.66688786,108/5521,130.88,125.68,134.23,124.98,128.99,128.99,128.99,0,124.98,134.23,124.98,133.42,7.672528,3410579,17,688787,20260408
688355.SH,明志科技,23.37,0.38659793814432925,23.2,23.2,23.04,10.66282421,109/5521,23.63,23.1,23.22,21.4,23.2,23.2,23.2,0,21.4,23.22,21.4,23.04,8.741594,5557984,17,688355,20260408
688455.SH,科捷智能,21.0,1.1073663938372673,20.78,20.78,28.84,10.58282209,111/5521,21.12,20.51,28.9,26.54,20.78,20.78,20.78,0,26.59,28.9,26.54,28.84,9.049079,6210327,17,688455,20260408
301005.SZ,超捷股份,174.6,4.375896700143468,167.0,167,154.99,10.54133086,112/5521,176.25,165.52,158.66,144.45,167.0,167.0,167.0,0,144.46,158.66,144.45,154.99,10.134797,1.1679362E7,33,301005,20260408
688536.SH,思瑞浦,268.1,12.950792045837549,240.0,240,186.24,10.52818991,113/5521,272.3,239,186.6,173,240.0,240.0,240.0,0,174.7,186.6,173,186.24,8.071216,7149147,17,688536,20260408
301362.SZ,民爆光电,157.0,8.17142069725783,146.59,146.59,126.0,10.51662135,114/5521,158.5,144.49,128.66,115.09,146.59,146.59,146.59,0,116.29,128.66,115.09,126.0,11.902464,6434585,33,301362,20260408
688530.SH,欧莱新材,53.2,7.04225352112676,49.22,49.22,31.33,10.51146384,115/5521,56.34,47.88,31.88,29.4,49.22,49.22,49.22,0,30,31.88,29.4,31.33,8.747795,9743299,17,688530,20260408
688387.SH,信科移动,19.58,8.117062396466034,18.08,18.08,15.25,10.50724638,116/5521,19.79,17.69,15.3,14.45,18.08,18.08,18.08,0,14.45,15.3,14.45,15.25,6.15942,8.7263313E7,17,688387,20260408
688020.SH,方邦股份,147.52,7.131445170660873,135.19,135.19,88.9,10.50341827,117/5521,150.53,135.19,89.27,82.99,135.19,135.19,135.19,0,83.3,89.27,82.99,88.9,7.80609,2413673,17,688020,20260408
301291.SZ,明阳电气,58.94,-5.0273928456332655,60.18,60.18,53.08,10.44527674,118/5521,61.18,55.01,53.88,49,60.18,60.18,60.18,0,49.5,53.88,49,53.08,10.153974,1.3635586E7,33,301291,20260408
688590.SH,新致软件,14.87,2.6224982746721808,14.49,14.49,14.4,10.42944785,119/5521,15.06,14.4,14.4,13.53,14.49,14.49,14.49,0,13.59,14.4,13.53,14.4,6.671779,1.616221E7,17,688590,20260408
920227.BJ,美登科技,61.59,1.6840019811788065,60.12,60.12,62.2,10.38154392,120/5521,62.3,60.02,62.2,57.66,60.12,60.12,60.12,0,57.66,62.2,57.66,62.2,8.056787,1442301,151,920227,20260408
301389.SZ,隆扬电子,62.49,-4.023959453232987,64.0,64,53.3,10.35196687,121/5521,64.28,61.16,53.48,49.1,64.0,64.0,64.0,0,50,53.48,49.1,53.3,9.068322,1.1218909E7,33,301389,20260408
300617.SZ,安靠智电,60.32,-2.0938159389709448,62.0,62,56.95,10.34683201,122/5521,62.8,59.97,57.07,53.3,62.0,62.0,62.0,0,53.3,57.07,53.3,56.95,7.304785,8882554,33,300617,20260408
688692.SH,达梦数据,263.73,2.5588178106163877,257.0,257,236.2,10.29137094,123/5521,263.84,255.65,236.83,219,257.0,257.0,257.0,0,219,236.83,219,236.2,8.32555,2375009,17,688692,20260408
920092.BJ,汉鑫科技,28.92,2.0465772759350807,28.44,28.44,31.1,10.28368794,124/5521,29.13,28.22,31.5,29.21,28.44,28.44,28.44,0,29.66,31.5,29.21,31.1,8.120567,1752187,151,920092,20260408
688272.SH,富吉瑞,42.0,2.7900146842878133,40.83,40.83,52.87,10.23769808,125/5521,43.2,40.44,54.5,48.6,40.83,40.83,40.83,0,50.96,54.5,48.6,52.87,12.301918,5643981,17,688272,20260408
300042.SZ,朗科科技,52.27,1.6926070038910594,51.41,51.41,46.42,10.23509855,126/5521,53.58,49.8,46.69,43.47,51.41,51.41,51.41,0,43.7,46.69,43.47,46.42,7.646639,3.4552338E7,33,300042,20260408
920045.BJ,蘅东光,551.02,-3.41793451588025,561.1,561.1,372.0,10.22222222,127/5521,578,542.52,374.95,346,561.1,561.1,561.1,0,353,374.95,346,372.0,8.577777,2230918,151,920045,20260408
300071.SZ,福石控股,4.86,0.41322314049587733,4.83,4.83,5.19,10.1910828,128/5521,4.91,4.75,5.31,4.82,4.83,4.83,4.83,0,4.83,5.31,4.82,5.19,10.403397,9.9876153E7,33,300071,20260408
000727.SZ,冠捷科技,2.65,-0.3759398496240688,2.66,2.66,2.82,10.15625,129/5521,2.68,2.62,2.82,2.6,2.66,2.66,2.66,0,2.61,2.82,2.6,2.82,8.59375,2.1044366E8,33,000727,20260408
000889.SZ,中嘉博创,4.42,-8.108108108108103,4.69,4.69,3.59,10.12269939,130/5521,4.75,4.37,3.59,3.33,4.69,4.69,4.69,0,3.35,3.59,3.33,3.59,7.97546,3.061382E7,33,000889,20260408
300065.SZ,海兰信,25.88,2.5762980578676125,25.16,25.16,24.17,10.11389522,131/5521,26.15,24.92,24.33,22.53,25.16,25.16,25.16,0,22.6,24.33,22.53,24.17,8.200455,7.2881371E7,33,300065,20260408
002421.SZ,达实智能,2.9,3.9426523297490994,2.82,2.82,2.73,10.08064516,132/5521,2.94,2.8,2.73,2.54,2.82,2.82,2.82,0,2.54,2.73,2.54,2.73,7.66129,6.2777016E7,33,002421,20260408
002797.SZ,第一创业,7.63,1.4627659574468128,7.51,7.51,7.76,10.07092199,133/5521,7.85,7.46,7.76,7.15,7.51,7.51,7.51,0,7.16,7.76,7.15,7.76,8.652482,4.07245191E8,33,002797,20260408
688545.SH,兴福电子,54.89,5.456292026897221,52.18,52.18,49.2,10.06711409,134/5521,55.49,52,49.45,45.6,52.18,52.18,52.18,0,46.05,49.45,45.6,49.2,8.612975,7325169,17,688545,20260408
002348.SZ,高乐股份,11.13,5.099150141643069,11.0,11,8.86,10.0621118,135/5521,11.18,10.7,8.86,8.5,11.0,11.0,11.0,0,8.6,8.86,8.5,8.86,4.472049,4.3150148E7,33,002348,20260408
600356.SH,恒丰纸业,9.93,1.0172939979654083,10.0,10,9.41,10.05847953,136/5521,10.04,9.75,9.41,8.7,10.0,10.0,10.0,0,8.7,9.41,8.7,9.41,8.304093,2.2193281E7,17,600356,20260408
600984.SH,建设机械,4.16,2.7160493827160574,4.04,4.04,4.16,10.05291005,137/5521,4.17,4.01,4.16,3.88,4.04,4.04,4.04,0,3.91,4.16,3.88,4.16,7.407407,3.3378018E7,17,600984,20260408
002400.SZ,省广集团,8.96,5.660377358490571,8.49,8.49,8.76,10.05025126,138/5521,9.18,8.41,8.76,8.17,8.49,8.49,8.49,0,8.21,8.76,8.17,8.76,7.41206,2.21161436E8,33,002400,20260408
600743.SH,华远控股,2.47,2.9166666666666785,2.38,2.38,2.19,10.05025126,138/5521,2.53,2.36,2.19,2.01,2.38,2.38,2.38,0,2.04,2.19,2.01,2.19,9.045226,1.39265773E8,17,600743,20260408
002478.SZ,常宝股份,8.95,-1.9715224534501805,9.09,9.09,11.06,10.04975124,140/5521,9.25,8.86,11.06,10.82,9.09,9.09,9.09,0,10.93,11.06,10.82,11.06,2.388059,3.0520313E7,33,002478,20260408
000892.SZ,欢瑞世纪,4.96,1.4314928425357931,4.99,4.99,6.68,10.04942339,141/5521,5.04,4.83,6.68,6.1,4.99,4.99,4.99,0,6.18,6.68,6.1,6.68,9.555189,8.1359727E7,33,000892,20260408
600126.SH,杭钢股份,8.74,-3.638368246968027,9.0,9,9.31,10.04728132,142/5521,9.11,8.71,9.31,9.31,9.0,9.0,9.0,0,9.31,9.31,9.31,9.31,0,5.8341711E7,17,600126,20260408
000917.SZ,电广传媒,8.74,-1.4656144306651524,8.86,8.86,9.86,10.04464286,143/5521,8.94,8.68,9.86,9.3,8.86,8.86,8.86,0,9.31,9.86,9.3,9.86,6.25,8.2638079E7,33,000917,20260408
002716.SZ,湖南白银,11.56,1.2259194395796897,11.41,11.41,12.49,10.04405286,144/5521,11.68,11.25,12.49,11.91,11.41,11.41,11.41,0,12,12.49,11.91,12.49,5.110132,2.12542403E8,33,002716,20260408
002449.SZ,国星光电,7.93,0.7623888182973266,7.86,7.86,8.33,10.03963012,145/5521,7.94,7.79,8.33,7.76,7.86,7.86,7.86,0,7.76,8.33,7.76,8.33,7.529722,2.9882982E7,33,002449,20260408
603777.SH,来伊份,16.43,4.05319822672578,15.6,15.6,14.03,10.03921569,146/5521,16.65,15.49,14.03,12.92,15.6,15.6,15.6,0,12.94,14.03,12.92,14.03,8.705882,2.024344E7,17,603777,20260408
603328.SH,依顿电子,11.45,-4.74209650582363,12.05,12.05,12.28,10.03584229,147/5521,12.15,11.42,12.28,11.48,12.05,12.05,12.05,0,11.5,12.28,11.48,12.28,7.168458,6.1729347E7,17,603328,20260408
002361.SZ,神剑股份,20.55,2.493765586034913,20.41,20.41,16.78,10.03278689,148/5521,20.82,19.91,16.78,15.41,20.41,20.41,20.41,0,15.41,16.78,15.41,16.78,8.983606,1.52353677E8,33,002361,20260408
000811.SZ,冰轮环境,24.95,1.299228583028828,24.46,24.46,18.43,10.02985075,149/5521,25.37,24.16,18.43,17.2,24.46,24.46,24.46,0,17.23,18.43,17.2,18.43,7.343283,2.9947632E7,33,000811,20260408
000551.SZ,创元科技,16.28,3.299492385786811,15.92,15.92,13.94,10.02367798,150/5521,16.61,15.78,13.94,13.31,15.92,15.92,15.92,0,13.31,13.94,13.31,13.94,4.972375,1.1370021E7,33,000551,20260408
600986.SH,浙文互联,9.99,-6.896551724137933,10.27,10.27,10.1,10.02178649,151/5521,10.39,9.91,10.1,9.45,10.27,10.27,10.27,0,9.46,10.1,9.45,10.1,7.08061,9.5990822E7,17,600986,20260408
605162.SH,新中港,11.16,-2.702702702702707,11.36,11.36,15.48,10.02132196,152/5521,11.52,11.09,15.48,14.13,11.36,11.36,11.36,0,14.13,15.48,14.13,15.48,9.594882,6.1536964E7,17,605162,20260408
600589.SH,大位科技,10.07,3.494347379239464,9.45,9.45,10.87,10.02024291,153/5521,10.16,9.42,10.87,10.2,9.45,9.45,9.45,0,10.2,10.87,10.2,10.87,6.781376,8.7700576E7,17,600589,20260408
600721.SH,百花医药,8.43,-1.0563380281690125,8.48,8.48,11.2,10.01964637,154/5521,8.51,8.4,11.2,11.2,8.48,8.48,8.48,0,11.2,11.2,11.2,11.2,0,6525019,17,600721,20260408
000586.SZ,汇源通信,17.71,-1.6657412548584158,18.0,18,22.84,10.01926782,155/5521,18.08,17.38,22.84,22.84,18.0,18.0,18.0,0,22.84,22.84,22.84,22.84,0,3803101,33,000586,20260408
002051.SZ,中工国际,10.12,0.09891196834816803,10.05,10.05,11.53,10.01908397,156/5521,10.13,9.9,11.53,11.33,10.05,10.05,10.05,0,11.53,11.53,11.33,11.53,1.908396,4.274828E7,33,002051,20260408
601002.SH,晋亿实业,6.22,-0.7974481658692157,6.22,6.22,5.82,10.01890359,157/5521,6.33,6.09,5.82,5.34,6.22,6.22,6.22,0,5.39,5.82,5.34,5.82,9.073724,5.6017578E7,17,601002,20260408
002484.SZ,江海股份,38.35,0.4452592980618169,38.46,38.46,30.97,10.01776199,158/5521,38.99,37.7,30.97,29,38.46,38.46,38.46,0,29.2,30.97,29,30.97,6.998223,4.1763031E7,33,002484,20260408
001287.SZ,中电港,26.46,3.278688524590163,25.7,25.7,25.26,10.0174216,159/5521,27.07,25.45,25.26,23.63,25.7,25.7,25.7,0,23.83,25.26,23.63,25.26,7.099303,3.3791537E7,33,001287,20260408
002899.SZ,英派斯,33.78,2.5500910746812493,32.86,32.86,31.96,10.0172117,160/5521,34.28,32.7,31.96,29.57,32.86,32.86,32.86,0,29.63,31.96,29.57,31.96,8.227194,7612015,33,002899,20260408
002155.SZ,湖南黄金,29.07,0.27595722662987876,28.8,28.8,32.07,10.01715266,161/5521,29.24,28.42,32.07,30.45,28.8,28.8,28.8,0,30.64,32.07,30.45,32.07,5.557461,9.4841392E7,33,002155,20260408
688010.SH,福光股份,33.45,0.7833684844832935,33.12,33.12,33.06,10.01663894,162/5521,33.62,32.95,33.33,30.3,33.12,33.12,33.12,0,30.5,33.33,30.3,33.06,10.083194,6883697,17,688010,20260408
605016.SH,百龙创园,27.19,5.5922330097087425,26.16,26.16,26.58,10.01655629,163/5521,27.47,26.04,26.58,25.84,26.16,26.16,26.16,0,25.84,26.58,25.84,26.58,3.062913,7571841,17,605016,20260408
600641.SH,先导基电,27.62,2.069475240206956,27.2,27.2,21.09,10.01564945,164/5521,28.53,27.2,21.09,19.29,27.2,27.2,27.2,0,19.5,21.09,19.29,21.09,9.389671,8.5331097E7,17,600641,20260408
002342.SZ,巨力索具,19.81,4.814814814814816,18.93,18.93,14.17,10.01552795,165/5521,20.3,18.86,14.17,12.95,18.93,18.93,18.93,0,13.1,14.17,12.95,14.17,9.472049,1.29729997E8,33,002342,20260408
002213.SZ,大为股份,37.3,0.7835720075655206,37.0,37,29.55,10.01489203,166/5521,38.41,36.44,29.55,27.75,37.0,37.0,37.0,0,27.75,29.55,27.75,29.55,6.701414,2.1937494E7,33,002213,20260408
000534.SZ,万泽股份,39.53,-2.8746928746928786,40.3,40.3,39.33,10.01398601,167/5521,41.1,39.24,39.33,37.01,40.3,40.3,40.3,0,37.23,39.33,37.01,39.33,6.48951,6371501,33,000534,20260408
002634.SZ,*ST棒杰,5.31,4.940711462450594,5.16,5.16,9.67,10.01137656,168/5521,5.31,5.06,9.67,8.8,5.16,5.16,5.16,0,8.81,9.67,8.8,9.67,9.89761,2.83588E7,33,002634,20260408
601137.SH,博威合金,17.51,-2.505567928730508,18.0,18,19.56,10.01124859,169/5521,18.25,17.33,19.56,18.2,18.0,18.0,18.0,0,18.2,19.56,18.2,19.56,7.649043,3.2740099E7,17,601137,20260408
001337.SZ,四川黄金,53.73,5.291005291005282,50.5,50.5,51.32,10.01071811,170/5521,55.2,50.5,51.32,48.29,50.5,50.5,50.5,0,49,51.32,48.29,51.32,6.495176,1.9971034E7,33,001337,20260408
603196.SH,璞源材料,28.69,-0.6922810661128393,29.03,29.03,30.99,10.01064963,171/5521,29.11,27.86,30.99,28.48,29.03,29.03,29.03,0,28.51,30.99,28.48,30.99,8.910188,6339500,17,603196,20260408
600301.SH,华锡有色,50.53,1.1206724034420699,49.68,49.68,52.53,10.0104712,172/5521,52.5,49.28,52.53,50.02,49.68,49.68,49.68,0,50.61,52.53,50.02,52.53,5.256544,1.4496882E7,17,600301,20260408
605287.SH,德才股份,55.32,-0.5572532806039947,55.43,55.43,42.53,10.01034661,173/5521,57.29,53.75,42.53,39.41,55.43,55.43,55.43,0,40.18,42.53,39.41,42.53,8.070356,7093940,17,605287,20260408
002380.SZ,科远智慧,34.74,-2.058077248378903,35.23,35.23,33.19,10.00994365,174/5521,35.62,34.62,33.19,31.21,35.23,35.23,35.23,0,31.31,33.19,31.21,33.19,6.56281,4785502,33,002380,20260408
000962.SZ,东方钽业,43.87,-1.1714350078846658,44.2,44.2,44.51,10.00988631,175/5521,44.5,43.22,44.51,41.8,44.2,44.2,44.2,0,41.8,44.51,41.8,44.51,6.697973,1.8761051E7,33,000962,20260408
603757.SH,大元泵业,50.58,-1.2109375000000089,50.89,50.89,49.24,10.00893655,176/5521,51.5,49.95,49.24,45.21,50.89,50.89,50.89,0,45.21,49.24,45.21,49.24,9.003574,1.8751863E7,17,603757,20260408
605258.SH,协和电子,34.73,-2.003386004514675,35.28,35.28,37.26,10.0088574,177/5521,35.62,34.54,37.26,34.6,35.28,35.28,35.28,0,34.6,37.26,34.6,37.26,7.853557,3502700,17,605258,20260408
605060.SH,联德股份,58.54,-1.6960537363560002,58.96,58.96,52.98,10.00830565,178/5521,60.75,58.1,52.98,50.1,58.96,58.96,58.96,0,50.1,52.98,50.1,52.98,5.980066,3136800,17,605060,20260408
603920.SH,世运电路,52.65,-3.765307987570832,54.9,54.9,54.08,10.0081367,179/5521,54.9,51.69,54.08,50.88,54.9,54.9,54.9,0,51.31,54.08,50.88,54.08,6.509357,2.3304585E7,17,603920,20260408
603203.SH,快克智能,46.88,0.06403415154749442,46.8,46.8,42.1,10.00783904,180/5521,47.97,46.58,42.1,38.51,46.8,46.8,46.8,0,39.44,42.1,38.51,42.1,9.380715,9334251,17,603203,20260408
605305.SH,中际联合,47.8,-1.2396694214876063,47.75,47.75,42.76,10.00771803,181/5521,48.2,47.32,42.76,39.5,47.75,47.75,47.75,0,39.67,42.76,39.5,42.76,8.38693,1.0653447E7,17,605305,20260408
001267.SZ,汇绿生态,53.96,0.07418397626112601,54.01,54.01,44.3,10.00744971,182/5521,56.7,53.58,44.3,41.56,54.01,54.01,54.01,0,42.15,44.3,41.56,44.3,6.804072,5.225648E7,33,001267,20260408
603890.SH,春秋电子,18.87,-3.181118522319125,19.56,19.56,15.61,10.00704722,183/5521,19.62,18.87,15.61,14.5,19.56,19.56,19.56,0,14.5,15.61,14.5,15.61,7.82241,5.0857491E7,17,603890,20260408
600869.SH,远东股份,16.99,-2.356321839080461,17.71,17.71,15.83,10.00694927,184/5521,17.75,16.99,15.83,14.63,17.71,17.71,17.71,0,14.65,15.83,14.63,15.83,8.339124,1.34629221E8,17,600869,20260408
601069.SH,西部黄金,32.59,1.022938623682596,32.44,32.44,33.2,10.00662691,185/5521,32.75,31.98,33.2,33.2,32.44,32.44,32.44,0,33.2,33.2,33.2,33.2,0,6219441,17,601069,20260408
002008.SZ,大族激光,100.72,-2.5353203019160095,102.31,102.31,70.8,10.00621504,186/5521,104.11,98.33,70.8,65.42,102.31,102.31,102.31,0,67.9,70.8,65.42,70.8,8.359229,5.8357688E7,33,002008,20260408
002957.SZ,科瑞技术,43.62,-0.9311832841244689,43.91,43.91,37.05,10.00593824,187/5521,44.72,43.2,37.05,34.9,43.91,43.91,43.91,0,35.33,37.05,34.9,37.05,6.38361,3.105255E7,33,002957,20260408
603881.SH,数据港,36.91,-0.832885545405702,37.2,37.2,39.25,10.00560538,188/5521,37.22,36.58,39.25,36.7,37.2,37.2,37.2,0,36.77,39.25,36.7,39.25,7.14686,8.5620938E7,17,603881,20260408
003041.SZ,真爱美家,52.4,-0.28544243577544925,53.99,53.99,53.33,10.00412541,189/5521,54,51.54,53.33,49.51,53.99,53.99,53.99,0,49.93,53.33,49.51,53.33,7.879537,5903376,33,003041,20260408
605289.SH,罗曼股份,150.05,-2.2602918186555487,153.52,153.52,109.41,10.00402172,190/5521,155.49,146.3,109.41,100.1,153.52,153.52,153.52,0,103.7,109.41,100.1,109.41,9.360546,5433658,17,605289,20260408
002353.SZ,杰瑞股份,137.0,7.662082514734774,127.6,127.6,111.83,10.00393468,191/5521,139.6,123.23,111.83,107.54,127.6,127.6,127.6,0,107.88,111.83,107.54,111.83,4.219948,2.5172094E7,33,002353,20260408
603950.SH,长源东谷,55.65,-1.0490753911806603,56.2,56.2,40.8,10.00269614,192/5521,58.38,55.3,40.8,40.8,56.2,56.2,56.2,0,40.8,40.8,40.8,40.8,0,2635800,17,603950,20260408
603175.SH,超颖电子,96.18,5.8551617873651844,89.49,89.49,84.02,10.00261849,193/5521,99.3,89.22,84.02,78.7,89.49,89.49,89.49,0,79.08,84.02,78.7,84.02,6.965174,5694112,17,603175,20260408
002046.SZ,国机精工,52.21,4.128440366972478,50.27,50.27,45.97,10.00239292,194/5521,52.69,49.9,45.97,42.59,50.27,50.27,50.27,0,42.59,45.97,42.59,45.97,8.088059,1.3215767E7,33,002046,20260408
000426.SZ,兴业银锡,42.38,-2.2150438394093235,44.0,44,43.56,10,195/5521,44.5,42.02,43.56,41.59,44.0,44.0,44.0,0,41.65,43.56,41.59,43.56,4.974747,5.5592047E7,33,000426,20260408
000919.SZ,金陵药业,7.39,0.9562841530054562,7.29,7.29,8.91,10,195/5521,7.44,7.25,8.91,8.35,7.29,7.29,7.29,0,8.5,8.91,8.35,8.91,6.91358,9.5718851E7,33,000919,20260408
001389.SZ,广合科技,163.25,-0.4573170731707317,165.02,165.02,125.62,10,195/5521,169.18,161.6,125.62,117.61,165.02,165.02,165.02,0,118.77,125.62,117.61,125.62,7.01401,8897491,33,001389,20260408
002902.SZ,铭普光磁,30.39,-1.9361084220716291,31.3,31.3,29.37,10,195/5521,31.75,30.18,29.37,28.18,31.3,31.3,31.3,0,29.37,29.37,28.18,29.37,4.456928,4.4389762E7,33,002902,20260408
002928.SZ,华夏航空,7.92,-1.246882793017452,7.95,7.95,8.58,10,195/5521,8.06,7.83,8.58,8.53,7.95,7.95,7.95,0,8.53,8.58,8.53,8.58,0.641025,1.7582787E7,33,002928,20260408
600654.SH,中安科,3.92,-3.4482758620689578,4.06,4.06,4.4,10,195/5521,4.06,3.89,4.4,3.9,4.06,4.06,4.06,0,4,4.4,3.9,4.4,12.5,2.62460768E8,17,600654,20260408
600841.SH,动力新科,8.3,0.6060606060606146,8.25,8.25,9.13,10,195/5521,8.46,8.21,9.13,8.65,8.25,8.25,8.25,0,8.65,9.13,8.65,9.13,5.783132,1.76277E7,17,600841,20260408
603045.SH,福达合金,46.68,9.990574929311975,46.68,46.68,31.35,10,195/5521,46.68,46.68,31.35,28.91,46.68,46.68,46.68,0,29.1,31.35,28.91,31.35,8.561403,4760440,17,603045,20260408
603138.SH,海量数据,18.21,-3.292618162506625,18.75,18.75,19.91,10,195/5521,18.89,17.95,19.91,19,18.75,18.75,18.75,0,19.19,19.91,19,19.91,5.027624,2.8979991E7,17,603138,20260408
603516.SH,淳中科技,142.25,-9.996836444163247,161.2,161.2,141.68,10,195/5521,167.48,142.25,141.68,131,161.2,161.2,161.2,0,133.36,141.68,131,141.68,8.291925,6109102,17,603516,20260408
603629.SH,利通电子,144.41,9.993144946302083,142.32,142.32,70.4,10,195/5521,144.42,136.72,70.4,65.62,142.32,142.32,142.32,0,66.66,70.4,65.62,70.4,7.46875,2.8878712E7,17,603629,20260408
605318.SH,法狮龙,101.18,3.076609616951926,98.5,98.5,84.7,10,195/5521,102,97.66,84.7,77.49,98.5,98.5,98.5,0,77.5,84.7,77.49,84.7,9.363636,4562600,17,605318,20260408
002384.SZ,东山精密,186.73,1.3459972862957883,189.78,189.78,119.91,9.99908265,207/5521,191.95,181.83,119.91,119.9,189.78,189.78,189.78,0,119.91,119.91,119.9,119.91,0.009173,2.3223936E7,33,002384,20260408
002916.SZ,深南电路,312.5,-0.6390893771263206,318.68,318.68,237.51,9.99907373,208/5521,322.75,308.21,237.51,222.33,318.68,318.68,318.68,0,222.7,237.51,222.33,237.51,7.030381,1.553891E7,33,002916,20260408
603083.SH,剑桥科技,174.97,2.4954601370745655,179.0,179,111.55,9.9990139,209/5521,187.5,174.78,111.55,104.99,179.0,179.0,179.0,0,105,111.55,104.99,111.55,6.46879,3.7941413E7,17,603083,20260408
603308.SH,应流股份,75.58,-1.0862452558565612,76.38,76.38,67.0,9.99835823,210/5521,78.99,75.2,67,63,76.38,76.38,76.38,0,63.95,67,63,67.0,6.567066,2.2125904E7,17,603308,20260408
603306.SH,华懋科技,101.45,0.515208560388384,101.69,101.69,88.24,9.99750686,211/5521,103.21,99.2,88.24,82.09,101.69,101.69,101.69,0,83.32,88.24,82.09,88.24,7.666417,1.5363407E7,17,603306,20260408
603538.SH,美诺华,62.46,-4.349157733537514,62.99,62.99,43.24,9.99745612,212/5521,63.45,59.14,43.24,43.24,62.99,62.99,62.99,0,43.24,43.24,43.24,43.24,0,1.6867433E7,17,603538,20260408
002975.SZ,博杰股份,110.38,0.2452093361184234,111.25,111.25,79.0,9.99721526,213/5521,112.86,107.9,79,73.22,111.25,111.25,111.25,0,73.74,79,73.22,79.0,8.047897,1.0462211E7,33,002975,20260408
600105.SH,永鼎股份,42.41,-2.1006463527239236,43.84,43.84,33.23,9.99668984,214/5521,44.22,41.8,33.23,31.3,43.84,43.84,43.84,0,31.59,33.23,31.3,33.23,6.388613,1.53591901E8,17,600105,20260408
600114.SH,东睦股份,34.08,4.15647921760391,33.21,33.21,30.04,9.99633834,215/5521,34.73,33.18,30.04,27.92,33.21,33.21,33.21,0,27.92,30.04,27.92,30.04,7.762724,2.3618989E7,17,600114,20260408
002463.SZ,沪电股份,102.57,0.5785448127083636,103.62,103.62,84.07,9.99607484,216/5521,105.66,102.2,84.07,78.83,103.62,103.62,103.62,0,79.3,84.07,78.83,84.07,6.855946,9.9513491E7,33,002463,20260408
002921.SZ,联诚精密,29.74,0.3712453594330052,29.61,29.61,26.08,9.99578237,217/5521,30,28.75,26.08,23.72,29.61,29.61,29.61,0,23.97,26.08,23.72,26.08,9.953606,6993762,33,002921,20260408
002929.SZ,润建股份,59.68,10.009216589861751,56.18,56.18,52.16,9.99578237,217/5521,59.68,55.66,52.16,48.71,56.18,56.18,56.18,0,48.72,52.16,48.71,52.16,7.275411,2.5251275E7,33,002929,20260408
002995.SZ,天地在线,22.4,2.611085661933121,21.8,21.8,24.76,9.99555753,219/5521,22.56,21.79,24.76,22.76,21.8,21.8,21.8,0,23.18,24.76,22.76,24.76,8.88494,1.9834543E7,33,002995,20260408
600875.SH,东方电气,39.01,-2.3773773773773845,40.65,40.65,38.3,9.99425617,220/5521,40.79,38.18,38.3,36.74,40.65,40.65,40.65,0,36.74,38.3,36.74,38.3,4.480183,1.1814698E8,17,600875,20260408
000506.SZ,招金黄金,16.0,1.1378002528444988,15.7,15.7,18.71,9.99412111,221/5521,16.29,15.61,18.71,17.7,15.7,15.7,15.7,0,17.93,18.71,17.7,18.71,5.937683,4.80398E7,33,000506,20260408
603272.SH,*ST联翔,26.8,5.015673981191227,26.8,26.8,33.13,9.99335989,222/5521,26.8,26.8,33.13,30,26.8,26.8,26.8,0,30.86,33.13,30,33.13,10.391766,2824700,22,603272,20260408
603315.SH,福鞍股份,16.81,-4.597048808172544,17.02,17.02,14.53,9.99242998,223/5521,17.58,16.75,14.53,13.51,17.02,17.02,17.02,0,13.51,14.53,13.51,14.53,7.721423,7506604,17,603315,20260408
002273.SZ,水晶光电,33.0,-0.990099009900985,34.74,34.74,28.18,9.9921936,224/5521,34.84,32.69,28.18,26.1,34.74,34.74,34.74,0,26.25,28.18,26.1,28.18,8.118657,1.22564851E8,33,002273,20260408
603211.SH,晋拓股份,26.8,0.5628517823639855,26.16,26.16,26.09,9.9915683,225/5521,27.2,25.75,26.09,23.87,26.16,26.16,26.16,0,24.26,26.09,23.87,26.09,9.35919,1.39986E7,17,603211,20260408
002181.SZ,粤传媒,16.49,10.00667111407604,15.2,15.2,12.99,9.9915326,226/5521,16.49,15.08,12.99,12.38,15.2,15.2,15.2,0,12.4,12.99,12.38,12.99,5.165114,4.9248159E7,33,002181,20260408
603598.SH,引力传媒,20.8,2.1109474717722128,20.73,20.73,21.25,9.98964803,227/5521,20.92,20.45,21.25,19.7,20.73,20.73,20.73,0,19.71,21.25,19.7,21.25,8.022774,2.2165899E7,17,603598,20260408
002536.SZ,飞龙股份,35.88,-1.2658227848101289,36.35,36.35,30.51,9.98558039,228/5521,36.8,35.6,30.51,28.8,36.35,36.35,36.35,0,28.8,30.51,28.8,30.51,6.164383,2.7584739E7,33,002536,20260408
002491.SZ,通鼎互联,15.8,-4.646952323476159,16.95,16.95,15.2,9.98552822,229/5521,16.98,15.27,15.2,14.51,16.95,16.95,16.95,0,14.87,15.2,14.51,15.2,4.992764,7.4092755E7,33,002491,20260408
002188.SZ,中天服务,7.22,4.941860465116277,6.84,6.84,6.83,9.98389694,230/5521,7.33,6.83,6.83,6.35,6.84,6.84,6.84,0,6.36,6.83,6.35,6.83,7.729468,1.47802E7,33,002188,20260408
600666.SH,奥瑞德,5.24,-5.585585585585579,5.58,5.58,6.5,9.98307953,231/5521,5.63,5.2,6.5,6.18,5.58,5.58,5.58,0,6.18,6.5,6.18,6.5,5.414551,1.7691088E8,17,600666,20260408
002606.SZ,大连电瓷,14.49,-0.617283950617283,14.7,14.7,11.9,9.98151571,232/5521,15.38,14.38,11.9,11.01,14.7,14.7,14.7,0,11.1,11.9,11.01,11.9,8.225508,2.6144585E7,33,002606,20260408
603311.SH,金海高科,19.75,-1.594419531639264,20.0,20,17.41,9.98104864,233/5521,20.65,19.7,17.41,16.07,20.0,20.0,20.0,0,16.2,17.41,16.07,17.41,8.464939,8276600,17,603311,20260408
002708.SZ,光洋股份,13.34,1.2908124525436593,13.13,13.13,12.79,9.97420464,234/5521,13.5,13.13,12.79,11.95,13.13,13.13,13.13,0,12.03,12.79,11.95,12.79,7.222699,2.0196848E7,33,002708,20260408
301093.SZ,华兰股份,85.39,1.5580399619410112,84.08,84.08,84.13,9.97385621,235/5521,85.9,81.38,84.48,79,84.08,84.08,84.08,0,79,84.48,79,84.13,7.163398,3973184,33,301093,20260408
000978.SZ,桂林旅游,6.67,-1.9117647058823515,6.77,6.77,8.05,9.9726776,236/5521,6.8,6.65,8.05,7.4,6.77,6.77,6.77,0,7.5,8.05,7.4,8.05,8.879781,4.3892477E7,33,000978,20260408
600815.SH,厦工股份,4.41,-0.4514672686230152,4.48,4.48,3.86,9.97150997,237/5521,4.49,4.3,3.86,3.55,4.48,4.48,4.48,0,3.56,3.86,3.55,3.86,8.831908,5.4929421E7,17,600815,20260408
688679.SH,通源环境,52.3,-0.15273004963727643,51.5,51.5,53.99,9.9592668,238/5521,53.42,51.5,55.88,50.01,51.5,51.5,51.5,0,50.4,55.88,50.01,53.99,11.955193,4551839,17,688679,20260408
002131.SZ,利欧股份,6.45,-1.8264840182648416,6.62,6.62,7.95,9.95850622,239/5521,6.7,6.36,7.95,7.42,6.62,6.62,6.62,0,7.42,7.95,7.42,7.95,7.330567,4.81254544E8,33,002131,20260408
002663.SZ,普邦股份,2.21,4.739336492891,2.12,2.12,2.43,9.95475113,240/5521,2.28,2.11,2.43,2.25,2.12,2.12,2.12,0,2.27,2.43,2.25,2.43,8.144796,1.07222908E8,33,002663,20260408
002042.SZ,华孚时尚,4.93,-0.8048289738430591,5.01,5.01,4.53,9.95145631,241/5521,5.1,4.89,4.53,4.27,5.01,5.01,5.01,0,4.28,4.53,4.27,4.53,6.310679,3.5702081E7,33,002042,20260408
600186.SH,莲花控股,10.72,-0.9242144177449135,11.33,11.33,7.63,9.94236311,242/5521,11.55,10.42,7.63,7.23,11.33,11.33,11.33,0,7.23,7.63,7.23,7.63,5.763688,1.23237955E8,17,600186,20260408
600115.SH,中国东航,4.32,-0.9174311926605512,4.35,4.35,4.66,9.90566038,243/5521,4.4,4.26,4.66,4.57,4.35,4.35,4.35,0,4.58,4.66,4.57,4.66,2.122641,2.3413237E8,17,600115,20260408
300373.SZ,扬杰科技,75.88,-2.580562331493138,77.71,77.71,77.8,9.90252861,244/5521,78.47,74.9,77.86,73.39,77.71,77.71,77.71,0,73.8,77.86,73.39,77.8,6.314451,1.8638747E7,33,300373,20260408
301183.SZ,东田微,180.99,2.1445905525142566,179.65,179.65,191.28,9.88051471,245/5521,185.84,175.5,195.1,173.05,179.65,179.65,179.65,0,179.88,195.1,173.05,191.28,12.66659,1.4686691E7,33,301183,20260408
688171.SH,纬德信息,51.79,-0.3463536655762935,52.0,52,51.31,9.87152034,246/5521,53,51.4,51.66,47.99,52.0,52.0,52.0,0,47.99,51.66,47.99,51.31,7.858672,2018542,17,688171,20260408
300624.SZ,万兴科技,63.92,-2.158273381294959,65.56,65.56,71.95,9.84732824,247/5521,65.64,63.68,71.98,67.26,65.56,65.56,65.56,0,67.5,71.98,67.26,71.95,7.206106,1.3871566E7,33,300624,20260408
688220.SH,翱捷科技,101.46,12.50831669993345,96.22,96.22,74.03,9.83679525,248/5521,103.52,95.52,74.48,69.65,96.22,96.22,96.22,0,70,74.48,69.65,74.03,7.166172,9228282,17,688220,20260408
002685.SZ,华东重机,9.15,9.975961538461538,8.35,8.35,7.71,9.82905983,249/5521,9.15,8.29,7.72,7.1,8.35,8.35,8.35,0,7.13,7.72,7.1,7.71,8.831908,1.16738858E8,33,002685,20260408
002217.SZ,合力泰,2.89,-5.8631921824104145,3.02,3.02,2.46,9.82142857,250/5521,3.05,2.88,2.46,2.29,3.02,3.02,3.02,0,2.3,2.46,2.29,2.46,7.589285,3.73502101E8,33,002217,20260408
688118.SH,普元信息,27.23,0.22083179977916348,26.71,26.71,29.32,9.81273408,251/5521,27.29,26.4,29.38,27.45,26.71,26.71,26.71,0,27.45,29.38,27.45,29.32,7.228464,4896781,17,688118,20260408
688228.SH,开普云,105.51,0.9375298957237195,104.52,104.52,110.03,9.81037924,252/5521,108.8,104.29,110.47,103.2,104.52,104.52,104.52,0,103.2,110.47,103.2,110.03,7.255489,3127620,17,688228,20260408
688239.SH,航宇科技,68.48,13.471416735708372,61.31,61.31,59.44,9.7894348,253/5521,69.31,61.1,59.58,55.71,61.31,61.31,61.31,0,56.26,59.58,55.71,59.44,7.148134,5967681,17,688239,20260408
688669.SH,聚石化学,32.5,3.9334825711544625,31.35,31.35,27.43,9.76390556,254/5521,33.04,31.04,28.46,24.99,31.35,31.35,31.35,0,25.36,28.46,24.99,27.43,13.885554,8426481,17,688669,20260408
603806.SH,福斯特,18.74,0.26752273943283655,18.7,18.7,18.52,9.71563981,255/5521,19.09,18.6,18.56,17.45,18.7,18.7,18.7,0,17.5,18.56,17.45,18.52,6.575829,6.4708423E7,17,603806,20260408
300604.SZ,长川科技,174.2,-0.057372346528986075,176.29,176.29,130.51,9.69070432,256/5521,177.29,167.32,131.07,123.35,176.29,176.29,176.29,0,125,131.07,123.35,130.51,6.488485,2.5328804E7,33,300604,20260408
688627.SH,精智达,293.03,1.7500607659988068,285.74,285.74,257.78,9.67494894,257/5521,299.38,276.36,257.97,248,285.74,285.74,285.74,0,248,257.97,248,257.78,4.241831,5092631,17,688627,20260408
688502.SH,茂莱光学,474.5,-0.08422825858074906,451.16,451.16,344.5,9.67146314,258/5521,481.5,448.15,344.86,318.01,451.16,451.16,451.16,0,325,344.86,318.01,344.5,8.547688,1974553,17,688502,20260408
300943.SZ,春晖智控,28.44,-2.7027027027027,29.51,29.51,28.7,9.66755827,259/5521,29.51,28.07,28.99,26.95,29.51,29.51,29.51,0,26.95,28.99,26.95,28.7,7.795185,9955152,33,300943,20260408
688107.SH,安路科技,33.67,6.821065989847723,32.4,32.4,29.27,9.66654178,260/5521,33.99,31.6,29.3,27.6,32.4,32.4,32.4,0,27.69,29.3,27.6,29.27,6.369426,1.2710018E7,17,688107,20260408
601126.SH,四方股份,56.05,3.8155213928505187,53.98,53.98,43.75,9.64912281,261/5521,56.36,53.5,43.8,41.48,53.98,53.98,53.98,0,41.66,43.8,41.48,43.75,5.814536,3.2787143E7,17,601126,20260408
600531.SH,豫光金铅,14.73,-3.4098360655737676,15.03,15.03,13.99,9.63949843,262/5521,15.21,14.69,14,13.3,15.03,15.03,15.03,0,13.31,14,13.3,13.99,5.485893,7.4881939E7,17,600531,20260408
688017.SH,绿的谐波,224.12,4.237012231989216,214.1,214.1,203.45,9.58203167,263/5521,229.62,214.1,203.5,193,214.1,214.1,214.1,0,195,203.5,193,203.45,5.655499,7168686,17,688017,20260408
688777.SH,中控技术,79.29,2.3625096824167477,77.07,77.07,68.5,9.56493922,264/5521,79.7,76.2,68.68,65.79,77.07,77.07,77.07,0,65.79,68.68,65.79,68.5,4.62252,2.0885578E7,17,688777,20260408
301225.SZ,恒勃股份,103.62,7.333747669359848,97.02,97.02,113.97,9.544406,265/5521,107.44,96.8,115.38,106.25,97.02,97.02,97.02,0,107.12,115.38,106.25,113.97,8.77547,3061324,33,301225,20260408
301068.SZ,大地海洋,34.95,-2.374301675977638,35.76,35.76,31.64,9.51886466,266/5521,36.1,34.91,32,29.29,35.76,35.76,35.76,0,29.43,32,29.29,31.64,9.380408,1890266,33,301068,20260408
300229.SZ,拓尔思,17.87,-0.4456824512534724,17.91,17.91,18.89,9.50724638,267/5521,18.07,17.76,18.92,17.76,17.91,17.91,17.91,0,17.76,18.92,17.76,18.89,6.724637,3.6976835E7,33,300229,20260408
301248.SZ,杰创智能,85.2,0.023479690068086426,85.68,85.68,48.17,9.50215958,268/5521,91.57,85.2,48.28,45.8,85.68,85.68,85.68,0,45.8,48.28,45.8,48.17,5.637644,8142645,33,301248,20260408
688386.SH,泛亚微透,87.99,1.7813765182186143,85.25,85.25,84.03,9.49960907,269/5521,88.42,85.06,84.6,77.66,85.25,85.25,85.25,0,77.66,84.6,77.66,84.03,9.043523,2476632,17,688386,20260408
300731.SZ,科创新源,70.56,0.014174344436577061,70.88,70.88,64.57,9.49635408,270/5521,70.93,68.91,65.24,62,70.88,70.88,70.88,0,62,65.24,62,64.57,5.494319,1.12891E7,33,300731,20260408
301309.SZ,万得凯,33.53,0.5095923261390939,33.5,33.5,40.4,9.45543213,271/5521,33.87,33.13,43.9,33.11,33.5,33.5,33.5,0,37.86,43.9,33.11,40.4,29.23327,8811142,33,301309,20260408
688709.SH,成都华微,37.67,-7.193890120719392,34.45,34.45,45.11,9.43716642,272/5521,38,34.45,45.2,42.38,34.45,34.45,34.45,0,42.58,45.2,42.38,45.11,6.841339,8782910,17,688709,20260408
688375.SH,国博电子,122.51,-0.4307542262678813,109.8,109.8,111.12,9.41315479,273/5521,127.85,109.8,111.84,103.88,109.8,109.8,109.8,0,103.95,111.84,103.88,111.12,7.837731,6280690,17,688375,20260408
002371.SZ,北方华创,536.99,5.145777447083478,519.18,519.18,463.98,9.40860215,274/5521,541.16,507.09,465.97,437,519.18,519.18,519.18,0,437,465.97,437,463.98,6.831258,1.4194804E7,33,002371,20260408
301202.SZ,朗威股份,40.39,0.597758405977589,40.0,40,39.44,9.37326678,275/5521,40.48,39.27,39.59,37,40.0,40.0,40.0,0,37.01,39.59,37,39.44,7.182473,2790940,33,301202,20260408
688380.SH,中微半导,47.89,4.3127858854280205,45.92,45.92,44.67,9.35128519,276/5521,48.16,45.8,45.04,42.21,45.92,45.92,45.92,0,42.6,45.04,42.21,44.67,6.927784,1.0694207E7,17,688380,20260408
300881.SZ,盛德鑫泰,50.0,2.2494887525562404,48.71,48.71,44.61,9.33823529,277/5521,50.8,48.71,44.75,41.55,48.71,48.71,48.71,0,41.59,44.75,41.55,44.61,7.843137,1733400,33,300881,20260408
300502.SZ,新易盛,525.79,-2.0875232774674184,549.0,549,501.5,9.33071724,278/5521,549,518,502,469.09,549.0,549.0,549.0,0,475.1,502,469.09,501.5,7.174623,4.6939851E7,33,300502,20260408
300442.SZ,润泽科技,89.06,-1.5258735072976508,89.98,89.98,86.91,9.30700541,279/5521,91,87.05,86.92,82.95,89.98,89.98,89.98,0,83.1,86.92,82.95,86.91,4.993082,5.8224376E7,33,300442,20260408
920493.BJ,并行科技,152.39,2.1106941838649003,155.6,155.6,150.95,9.30485156,280/5521,155.98,151.44,151.59,142.04,155.6,155.6,155.6,0,145.01,151.59,142.04,150.95,6.915278,2974942,151,920493,20260408
002851.SZ,麦格米特,120.21,3.978894559294174,121.39,121.39,102.5,9.28670434,281/5521,124.57,118.22,102.95,97.5,121.39,121.39,121.39,0,97.85,102.95,97.5,102.5,5.810854,1.7413579E7,33,002851,20260408
300153.SZ,科泰电源,31.66,6.420168067226891,29.68,29.68,26.6,9.28512736,282/5521,33.55,29.08,26.8,25.1,29.68,29.68,29.68,0,25.16,26.8,25.1,26.6,6.984387,2.2735095E7,33,300153,20260408
688055.SH,龙腾光电,4.04,-1.9417475728155356,4.1,4.1,4.24,9.27835052,283/5521,4.13,3.96,4.25,3.94,4.1,4.1,4.1,0,3.95,4.25,3.94,4.24,7.98969,3.4856437E7,17,688055,20260408
688661.SH,和林微纳,121.48,-1.8502060273087113,123.0,123,82.03,9.27134674,284/5521,126.83,119.99,82.09,77.5,123.0,123.0,123.0,0,78.8,82.09,77.5,82.03,6.114293,4356474,17,688661,20260408
300696.SZ,爱乐达,39.25,2.8563941299790447,37.96,37.96,28.3,9.26640927,285/5521,39.79,37.56,28.62,26.4,37.96,37.96,37.96,0,26.5,28.62,26.4,28.3,8.571428,7701865,33,300696,20260408
300236.SZ,上海新阳,94.77,-1.178310740354546,95.9,95.9,81.01,9.26625303,286/5521,96,92.98,81.01,75.56,95.9,95.9,95.9,0,76.4,81.01,75.56,81.01,7.350957,1.276131E7,33,300236,20260408
688691.SH,灿芯股份,122.8,15.849056603773583,108.36,108.36,99.56,9.21456779,287/5521,125,108,99.82,94,108.36,108.36,108.36,0,95.43,99.82,94,99.56,6.384379,6679578,17,688691,20260408
300539.SZ,横河精密,29.19,3.5841022001419502,28.17,28.17,29.33,9.19583023,288/5521,30.1,28.06,29.75,26.88,28.17,28.17,28.17,0,27.33,29.75,26.88,29.33,10.685033,1.0949308E7,33,300539,20260408
688327.SH,云从科技,13.78,-0.43352601156069726,13.75,13.75,13.4,9.12052117,289/5521,13.98,13.56,13.45,12.61,13.75,13.75,13.75,0,12.65,13.45,12.61,13.4,6.84039,3.1686549E7,17,688327,20260408
002922.SZ,伊戈尔,39.54,-2.6348190100960363,40.6,40.6,37.24,9.11221799,290/5521,40.78,39,37.4,35.42,40.6,40.6,40.6,0,35.42,37.4,35.42,37.24,5.801347,2.117753E7,33,002922,20260408
920249.BJ,利尔达,9.98,2.044989775051136,9.87,9.87,7.92,9.09090909,291/5521,10.08,9.62,7.94,7.4,9.87,9.87,9.87,0,7.5,7.94,7.4,7.92,7.438016,1.1268339E7,151,920249,20260408
301231.SZ,荣信文化,30.0,2.880658436213991,29.22,29.22,32.67,9.08180301,292/5521,30.1,29.22,33.58,30.36,29.22,29.22,29.22,0,30.69,33.58,30.36,32.67,10.751252,7411289,33,301231,20260408
601212.SH,白银有色,7.63,-0.3916449086161912,7.6,7.6,8.54,9.06768838,294/5521,7.73,7.48,8.59,8.13,7.6,7.6,7.6,0,8.16,8.59,8.13,8.54,5.87484,2.46549527E8,17,601212,20260408
002283.SZ,天润工业,11.23,-1.0572687224669535,11.45,11.45,10.02,9.03155604,296/5521,11.45,11.08,10.08,9.52,11.45,11.45,11.45,0,9.54,10.08,9.52,10.02,6.093579,5.5196553E7,33,002283,20260408
002947.SZ,恒铭达,81.27,4.058898847631244,77.66,77.66,59.4,9.030837,297/5521,82.7,75.6,59.48,54.55,77.66,77.66,77.66,0,54.5,58.98,54.05,58.9,9.049192,1.6925218E7,33,002947,20260408
603989.SH,艾华集团,19.86,0.812182741116752,19.65,19.65,19.2,9.02896082,298/5521,20.43,19.5,19.35,17.64,19.65,19.65,19.65,0,17.89,19.35,17.64,19.2,9.710391,1.2654679E7,17,603989,20260408
300757.SZ,罗博特科,482.1,-1.2737549148099547,489.02,489.02,475.28,9.00917431,299/5521,492.98,460.99,485,447,489.02,489.02,489.02,0,450,485,447,475.28,8.715596,9644815,33,300757,20260408
300580.SZ,贝斯特,28.95,2.0084566596194513,28.4,28.4,24.83,8.99912204,300/5521,29.38,28.11,24.98,23,28.4,28.4,28.4,0,23.15,24.98,23,24.83,8.691834,2.0482007E7,33,300580,20260408
688025.SH,杰普特,356.01,9.879629629629626,344.0,344,260.59,8.97875544,301/5521,375,333.71,268,244.66,344.0,344.0,344.0,0,253.73,268,244.66,260.59,9.760789,5902238,17,688025,20260408
300378.SZ,鼎捷数智,38.92,-0.866021395822711,39.38,39.38,41.3,8.97097625,302/5521,39.99,38.88,41.36,38.8,39.38,39.38,39.38,0,38.85,41.36,38.8,41.3,6.754617,1.4921454E7,33,300378,20260408
301285.SZ,鸿日达,103.5,-0.009660902328282404,103.49,103.49,84.8,8.9694166,303/5521,105,101.08,84.98,79.8,103.49,103.49,103.49,0,79.8,84.98,79.8,84.8,6.656386,3828828,33,301285,20260408
300421.SZ,力星股份,23.78,3.7521815008725974,22.87,22.87,24.66,8.92226148,304/5521,23.95,22.85,24.85,23.07,22.87,22.87,22.87,0,23.3,24.85,23.07,24.66,7.86219,2.02045E7,33,300421,20260408
300231.SZ,银信科技,10.57,-2.4907749077490737,10.82,10.82,11.01,8.90207715,305/5521,10.92,10.5,11.2,10.46,10.82,10.82,10.82,0,10.51,11.2,10.46,11.01,7.319485,3.8316627E7,33,300231,20260408
002913.SZ,奥士康,52.25,1.0247486465583935,52.13,52.13,49.83,8.89423077,306/5521,53.26,51.55,50.31,46.89,52.13,52.13,52.13,0,47,50.31,46.89,49.83,7.473776,9991708,33,002913,20260408
301308.SZ,江波龙,401.12,-3.1812696113927124,410.0,410,323.92,8.88067227,307/5521,414,396,323.95,306.69,410.0,410.0,410.0,0,318.11,323.95,306.69,323.92,5.80168,1.6787796E7,33,301308,20260408
688648.SH,中邮科技,49.63,-1.9169960474308276,50.81,50.81,55.69,8.87585533,308/5521,51,48.5,55.78,52.83,50.81,50.81,50.81,0,52.83,55.78,52.83,55.69,5.76735,2679454,17,688648,20260408
300033.SZ,同花顺,235.0,0.6639537374170107,233.39,233.39,319.39,8.85821404,309/5521,246,232.97,319.49,301.55,233.39,233.39,233.39,0,212.2,224.56428571,211.75,224.49,6.114519,1.5186011E7,33,300033,20260408
300004.SZ,南风股份,13.52,3.363914373088681,13.07,13.07,13.65,8.85167464,310/5521,13.6,13,13.65,12.83,13.07,13.07,13.07,0,12.88,13.65,12.83,13.65,6.539074,2.0402002E7,33,300004,20260408
688008.SH,澜起科技,173.3,2.001177163037084,174.28,174.28,139.21,8.84284597,311/5521,175.14,169.53,139.21,132.53,174.28,174.28,174.28,0,133.67,139.21,132.53,139.21,5.22283,5.0042866E7,17,688008,20260408
301611.SZ,珂玛科技,105.18,0.17142857142857792,105.13,105.13,97.51,8.84027235,312/5521,107.54,102.49,97.8,91.95,105.13,105.13,105.13,0,93.17,97.8,91.95,97.51,6.529746,1.0732163E7,33,301611,20260408
600410.SH,华胜天成,21.92,-2.621057307863171,22.31,22.31,27.86,8.828125,313/5521,22.75,21.68,28.16,26.2,22.31,22.31,22.31,0,26.37,28.16,26.2,27.86,7.65625,2.67963957E8,17,600410,20260408
002335.SZ,科华数据,60.89,-1.4724919093851079,62.01,62.01,57.59,8.82464097,314/5521,62.29,60.12,57.6,54.55,62.01,62.01,62.01,0,54.79,57.6,54.55,57.59,5.763416,2.7056479E7,33,002335,20260408
301306.SZ,西测测试,165.72,11.184166387118406,149.21,149.21,152.32,8.8,315/5521,168.77,149.14,155.95,142.2,149.21,149.21,149.21,0,143.1,155.95,142.2,152.32,9.821428,7969763,33,301306,20260408
301359.SZ,东南电子,23.39,3.130511463844801,22.6,22.6,21.44,8.77727042,316/5521,23.81,22.6,21.6,20.16,22.6,22.6,22.6,0,20.22,21.6,20.16,21.44,7.305936,3787400,33,301359,20260408
000681.SZ,视觉中国,21.82,5.207328833172623,21.7,21.7,21.07,8.77645844,317/5521,22.37,21.5,21.09,19.83,21.7,21.7,21.7,0,19.83,21.09,19.83,21.07,6.504904,4.6394516E7,33,000681,20260408
000510.SZ,新金路,14.14,1.4347202295552444,13.94,13.94,15.62,8.77437326,318/5521,14.28,13.8,15.73,14.87,13.94,13.94,13.94,0,15,15.73,14.87,15.62,5.988857,6.4265891E7,33,000510,20260408
300131.SZ,英唐智控,16.25,-2.1084337349397675,16.75,16.75,12.28,8.76882197,319/5521,16.99,16.2,12.34,11.62,16.75,16.75,16.75,0,11.84,12.34,11.62,12.28,6.377325,1.02709376E8,33,300131,20260408
688800.SH,瑞可达,105.0,13.611772343648559,94.21,94.21,89.26,8.76081394,320/5521,107.49,94.21,89.53,84.11,94.21,94.21,94.21,0,84.5,89.53,84.11,89.26,6.604118,9517715,17,688800,20260408
688172.SH,燕东微,42.49,6.464545226760225,40.05,40.05,39.99,8.75713897,321/5521,43.15,39.13,40.38,37.8,40.05,40.05,40.05,0,38.88,40.38,37.8,39.99,7.016589,1.7951731E7,17,688172,20260408
688807.SH,优迅股份,355.0,-2.2577092511013186,366.2,366.2,254.97,8.75239923,322/5521,369.96,346.43,256,238.26,366.2,366.2,366.2,0,243,256,238.26,254.97,7.566645,2587769,17,688807,20260408
603993.SH,洛阳钼业,18.62,-2.9702970297029716,19.0,19,19.14,8.75,323/5521,19,18.46,19.29,18.48,19.0,19.0,19.0,0,18.49,19.29,18.48,19.14,4.602272,4.41613557E8,17,603993,20260408
000032.SZ,深桑达A,17.34,-2.5295109612141613,17.77,17.77,18.3,8.73440285,324/5521,17.83,17.24,18.37,17.32,17.77,17.77,17.77,0,17.45,18.37,17.32,18.3,6.238859,3.7727604E7,33,000032,20260408
603701.SH,德宏股份,24.99,1.1331444759206701,24.7,24.7,24.29,8.72873769,325/5521,25.17,24.7,24.57,22.5,24.7,24.7,24.7,0,22.5,24.57,22.5,24.29,9.26589,1.1359505E7,17,603701,20260408
000949.SZ,新乡化纤,8.08,3.0612244897959213,7.92,7.92,7.35,8.72781065,326/5521,8.25,7.85,7.42,6.73,7.92,7.92,7.92,0,6.8,7.42,6.73,7.35,10.2071,1.00136659E8,33,000949,20260408
920026.BJ,卓兆点胶,33.61,-1.725146198830419,33.97,33.97,36.31,8.71257485,327/5521,34.4,33.08,38.98,33.13,33.97,33.97,33.97,0,33.93,38.98,33.13,36.31,17.51497,2759391,151,920026,20260408
000425.SZ,徐工机械,9.95,-3.398058252427198,10.3,10.3,10.86,8.70870871,328/5521,10.5,9.86,10.93,10.33,10.3,10.3,10.3,0,10.33,10.93,10.33,10.86,6.006006,1.58598104E8,33,000425,20260408
688698.SH,伟创电气,68.24,3.818652061463549,65.88,65.88,69.33,8.70178739,329/5521,69,65.3,69.41,66.07,65.88,65.88,65.88,0,66.2,69.41,66.07,69.33,5.236751,4958652,17,688698,20260408
300269.SZ,联建光电,6.3,0.6389776357827482,6.26,6.26,7.63,8.68945869,330/5521,6.33,6.18,7.64,7.19,6.26,6.26,6.26,0,7.21,7.64,7.19,7.63,6.410256,4.8616004E7,33,300269,20260408
688652.SH,京仪装备,120.8,3.4246575342465753,116.95,116.95,102.91,8.68095892,331/5521,123.77,115.06,103.16,98,116.95,116.95,116.95,0,98,103.16,98,102.91,5.449361,4027688,17,688652,20260408
300383.SZ,光环新网,15.9,-1.5479876160990604,16.0,16,17.8,8.66910867,332/5521,16.23,15.55,17.85,17.06,16.0,16.0,16.0,0,17.19,17.85,17.06,17.8,4.822954,2.26991359E8,33,300383,20260408
688593.SH,新相微,32.94,5.984555984555983,31.0,31,30.98,8.6636268,333/5521,33.05,30.85,31.3,29.08,31.0,31.0,31.0,0,29.08,31.3,29.08,30.98,7.786741,9744044,17,688593,20260408
688261.SH,东微半导,73.46,2.0986796386379303,70.95,70.95,73.11,8.63298663,334/5521,73.88,69.03,73.21,69.8,70.95,70.95,70.95,0,70.28,73.21,69.8,73.11,5.066864,4345059,17,688261,20260408
920526.BJ,凯华材料,23.51,4.628393413440155,22.53,22.53,19.14,8.62656073,335/5521,23.9,22.32,19.15,17.95,22.53,22.53,22.53,0,17.95,19.15,17.95,19.14,6.810442,1603123,151,920526,20260408
000975.SZ,山金国际,26.05,-4.263138552002941,26.95,26.95,31.88,8.62010221,336/5521,27.09,25.61,32.29,31.18,26.95,26.95,26.95,0,31.1795979,31.8095979,30.6995979,31.4,3.781942,7.1244553E7,33,000975,20260408
301486.SZ,致尚科技,217.3,-0.18373909049149162,223.5,223.5,163.5,8.61622268,337/5521,224.6,213.9,163.8,155.18,223.5,223.5,223.5,0,156,163.8,155.18,163.5,5.726433,1.0365964E7,33,301486,20260408
603979.SH,金诚信,62.3,-0.843546076714947,62.56,62.56,62.32,8.60927152,338/5521,63.15,61.6,62.6,60.11,62.56,62.56,62.56,0,60.11,62.6,60.11,62.32,4.339491,1.4879466E7,17,603979,20260408
688551.SH,科威尔,46.02,1.2541254125412546,45.8,45.8,45.94,8.60520095,339/5521,47.5,45.19,46.1,44.06,45.8,45.8,45.8,0,44.68,46.1,44.06,45.94,4.822695,4323006,17,688551,20260408
688072.SH,拓荆科技,445.0,5.034578799537371,426.36,426.36,379.45,8.58802656,340/5521,456.5,425,379.49,358.1,426.36,426.36,426.36,0,362.56,379.49,358.1,379.45,6.121222,6825329,17,688072,20260408
300136.SZ,信维通信,91.3,6.771137878610679,84.9,84.9,65.88,8.56954515,341/5521,91.98,83.03,65.88,62.55,84.9,84.9,84.9,0,62.56,65.88,62.55,65.88,5.487804,8.8995275E7,33,300136,20260408
002903.SZ,宇环数控,37.37,1.9923580786026116,38.6,38.6,29.85,8.54545455,342/5521,39.5,36.9,30.13,27.62,38.6,38.6,38.6,0,27.88,30.13,27.62,29.85,9.127272,1.6961195E7,33,002903,20260408
603859.SH,能科科技,39.2,0.5128205128205201,38.98,38.98,38.82,8.52669835,343/5521,39.55,38.74,38.96,36.63,38.98,38.98,38.98,0,36.63,38.96,36.63,38.82,6.513838,7478044,17,603859,20260408
688628.SH,优利德,97.0,-1.060791513667897,98.53,98.53,60.55,8.5125448,344/5521,99.7,95.6,60.66,54.66,98.53,98.53,98.53,0,56.76,60.66,54.66,60.55,10.752688,6299314,17,688628,20260408
300684.SZ,中石科技,54.38,-2.3347701149425237,55.61,55.61,51.53,8.50705412,345/5521,56.4,53.44,51.67,49.17,55.61,55.61,55.61,0,49.59,51.67,49.17,51.53,5.264266,1.1543435E7,33,300684,20260408
300840.SZ,酷特智能,21.3,4.874446085672093,20.54,20.54,18.26,8.49673203,346/5521,21.5,20.2,18.69,17.1,20.54,20.54,20.54,0,17.2,18.69,17.1,18.26,9.447415,1.1700426E7,33,300840,20260408
301428.SZ,世纪恒通,32.95,0.0,33.13,33.13,34.86,8.49673203,346/5521,33.29,32.7,35.05,33.06,33.13,33.13,33.13,0,33.14,35.05,33.06,34.86,6.193588,9161875,33,301428,20260408
688200.SH,华峰测控,349.5,4.315902578796555,335.0,335,283.43,8.48995215,348/5521,362.8,326.3,284.88,270.01,335.0,335.0,335.0,0,270.01,284.88,270.01,283.43,5.691866,2428129,17,688200,20260408
688099.SH,晶晨股份,105.8,3.8782523318605824,104.0,104,82.45,8.48684211,349/5521,106.59,103,82.5,78,104.0,104.0,104.0,0,78.32,82.5,78,82.45,5.921052,1.1871223E7,17,688099,20260408
300964.SZ,本川智能,71.15,2.0803443328550975,70.5,70.5,76.57,8.48682346,350/5521,72.25,69.75,76.88,71.05,70.5,70.5,70.5,0,72.6,76.88,71.05,76.57,8.26013,1.164601E7,33,300964,20260408
920438.BJ,戈碧迦,43.39,-2.800179211469534,45.5,45.5,38.1,8.48519362,351/5521,45.9,43.1,38.29,36.54,45.5,45.5,45.5,0,36.9,38.29,36.54,38.1,4.982915,3401686,151,920438,20260408
920564.BJ,天润科技,24.24,1.0421008753647354,23.8,23.8,24.68,8.48351648,352/5521,24.49,23.8,24.69,23.11,23.8,23.8,23.8,0,23.68,24.69,23.11,24.68,6.945054,2466971,151,920564,20260408
688002.SH,睿创微纳,146.01,0.35051546391751953,143.3,143.3,108.44,8.48339336,353/5521,150.49,141.62,108.8,102.52,143.3,143.3,143.3,0,102.52,108.8,102.52,108.44,6.282513,9997194,17,688002,20260408
688685.SH,迈信林,48.67,2.8964059196617433,47.07,47.07,41.6,8.47457627,354/5521,49.49,47,42.97,39.07,47.07,47.07,47.07,0,39.31,42.97,39.07,41.6,10.169491,6564167,17,688685,20260408
300781.SZ,因赛集团,34.22,-0.3204194581998236,34.01,34.01,37.15,8.46715328,355/5521,34.79,33.93,37.29,35.01,34.01,34.01,34.01,0,35.03,37.29,35.01,37.15,6.656934,9665294,33,300781,20260408
603158.SH,腾龙股份,12.76,-1.391035548686242,13.3,13.3,12.3,8.46560847,356/5521,13.45,12.62,12.47,11.61,13.3,13.3,13.3,0,11.63,12.47,11.61,12.3,7.583774,6.7440736E7,17,603158,20260408
605123.SH,派克新材,106.77,10.004121162167724,100.0,100,99.33,8.46254641,357/5521,106.77,99.91,99.78,93.61,100.0,100.0,100.0,0,93.79,99.5,93.33,99.05,6.737278,3958573,17,605123,20260408
688361.SH,中科飞测,196.6,4.797441364605544,184.22,184.22,164.91,8.45774416,358/5521,198.88,183.17,165.5,156.91,184.22,184.22,184.22,0,158.21,165.5,156.91,164.91,5.649457,6544537,17,688361,20260408
688662.SH,富信科技,70.25,3.9970392301998565,67.67,67.67,60.92,8.45647143,359/5521,71.2,67.12,61,58.15,67.67,67.67,67.67,0,58.15,61,58.15,60.92,5.073882,5599040,17,688662,20260408
688503.SH,聚和材料,102.97,1.2786466017507594,101.66,101.66,87.6,8.45610994,360/5521,106,100.33,87.85,83.51,101.66,101.66,101.66,0,84.55,87.85,83.51,87.6,5.373282,9862765,17,688503,20260408
300323.SZ,华灿光电,12.1,5.1259774109470015,11.3,11.3,10.02,8.44155844,361/5521,12.34,11.08,10.13,9.52,11.3,11.3,11.3,0,9.7,10.13,9.52,10.02,6.601731,9.4485387E7,33,300323,20260408
688615.SH,合合信息,137.1,5.429098738849587,132.0,132,179.59,8.44151923,362/5521,138.35,130.5,180.05,170,132.0,132.0,132.0,0,120.25,127.42857143,120.25,127.1,6.068474,4527641,17,688615,20260408
300133.SZ,华策影视,8.74,-0.6818181818181874,8.68,8.68,7.58,8.44062947,363/5521,8.84,8.51,7.62,7.12,8.68,8.68,8.68,0,7.13,7.62,7.12,7.58,7.153075,8.683054E7,33,300133,20260408
300885.SZ,海昌新材,28.64,19.98324256388772,24.5,24.5,23.78,8.43593251,364/5521,28.64,24.33,23.78,22.45,24.5,24.5,24.5,0,22.45,23.78,22.45,23.78,6.064751,9873023,33,300885,20260408
000415.SZ,渤海租赁,4.68,-1.8867924528301858,4.78,4.78,4.63,8.43091335,365/5521,4.82,4.65,4.69,4.43,4.78,4.78,4.78,0,4.48,4.69,4.43,4.63,6.088992,1.23802499E8,33,000415,20260408
688629.SH,华丰科技,136.2,7.109153821956584,129.1,129.1,126.58,8.42898749,366/5521,138.85,123.51,127.51,121.82,129.1,129.1,129.1,0,124.76,127.51,121.82,126.58,4.874079,2.4538403E7,17,688629,20260408
688416.SH,恒烁股份,97.23,1.3868613138686112,95.8,95.8,77.3,8.41514727,367/5521,98.34,94.93,77.48,73.46,95.8,95.8,95.8,0,74.5,77.48,73.46,77.3,5.638148,3683830,17,688416,20260408
601168.SH,西部矿业,29.59,-2.4719841793012525,30.15,30.15,27.7,8.4148728,368/5521,30.34,29.37,27.95,26.7,30.15,30.15,30.15,0,26.8,27.95,26.7,27.7,4.892367,8.0901523E7,17,601168,20260408
688577.SH,浙海德曼,74.66,5.825655563430191,70.5,70.5,68.07,8.40898232,369/5521,74.66,70,69.7,63.3,70.5,70.5,70.5,0,63.5,69.7,63.3,68.07,10.192705,1860750,17,688577,20260408
002156.SZ,通富微电,51.77,4.585858585858592,50.98,50.98,44.65,8.40009711,370/5521,52.89,50.23,44.75,42.41,50.98,50.98,50.98,0,42.58,44.75,42.41,44.65,5.68099,7.3647309E7,33,002156,20260408
600988.SH,赤峰黄金,38.0,-2.263374485596714,38.31,38.31,47.36,8.40009155,371/5521,38.88,37.61,47.49,45.72,38.31,38.31,38.31,0,46.18,47.49,45.72,47.36,4.05127,8.1686108E7,17,600988,20260408
301326.SZ,捷邦科技,183.97,6.341040462427745,170.47,170.47,146.21,8.38398814,372/5521,185.44,168,147.1,136.99,170.47,170.47,170.47,0,142,147.1,136.99,146.21,7.49444,1931473,33,301326,20260408
301120.SZ,新特电气,19.63,-1.850000000000005,19.98,19.98,22.24,8.38206628,373/5521,20.15,19.52,22.28,21.26,19.98,19.98,19.98,0,21.29,22.28,21.26,22.24,4.97076,1.7528933E7,33,301120,20260408
920662.BJ,方盛股份,23.64,-1.2531328320802033,23.88,23.88,24.6,8.37004405,374/5521,24.34,23.55,24.6,23.49,23.88,23.88,23.88,0,23.49,24.6,23.49,24.6,4.889867,1421918,151,920662,20260408
301279.SZ,金道科技,29.18,-0.5114217524718669,29.3,29.3,28.1,8.36868492,375/5521,29.35,28.83,28.73,26.62,29.3,29.3,29.3,0,26.74,28.73,26.62,28.1,8.137292,3565820,33,301279,20260408
688419.SH,耐科装备,42.1,2.2589264027204266,40.98,40.98,49.99,8.36765662,376/5521,42.63,40.88,50.19,46,40.98,40.98,40.98,0,46.81,50.19,46,49.99,9.083026,5816650,17,688419,20260408
300182.SZ,捷成股份,5.6,-0.8849557522124019,5.63,5.63,5.96,8.36363636,377/5521,5.68,5.57,6,5.61,5.63,5.63,5.63,0,5.62,6,5.61,5.96,7.090909,2.39678273E8,33,300182,20260408
603773.SH,沃格光电,69.35,-0.5592199598508756,71.83,71.83,35.65,8.35866261,378/5521,72.75,66.5,36.19,33.61,71.83,71.83,71.83,0,33.9,36.19,33.61,35.65,7.841945,1.3339669E7,17,603773,20260408
688102.SH,斯瑞新材,41.75,6.750191766811558,39.1,39.1,36.17,8.35829838,379/5521,42.12,38.97,36.26,34.01,39.1,39.1,39.1,0,34.5,36.26,34.01,36.17,6.740563,1.84119E7,17,688102,20260408
300852.SZ,四会富仕,45.57,-0.1971090670170747,45.71,45.71,41.14,8.34869634,380/5521,46.38,44.15,41.27,39.1,45.71,45.71,45.71,0,39.07,41.13,38.96,41.0,5.715038,5207912,33,300852,20260408
605358.SH,立昂微,41.06,5.228088159917988,39.04,39.04,35.05,8.34621329,381/5521,41.47,39.04,35.07,33.21,39.04,39.04,39.04,0,33.21,35.07,33.21,35.05,5.749613,1.7209271E7,17,605358,20260408
003018.SZ,金富科技,53.2,-3.3781329458772236,54.0,54,30.91,8.34209604,382/5521,54.95,52.1,31.38,28.53,54.0,54.0,54.0,0,29,31.38,28.53,30.91,9.989484,1.742334E7,33,003018,20260408
920640.BJ,富士达,35.49,2.2471910112359583,34.6,34.6,34.96,8.33591571,383/5521,36.1,34.43,34.96,33.3,34.6,34.6,34.6,0,33.3,34.96,33.3,34.96,5.144096,5596920,151,920640,20260408
688768.SH,容知日新,41.04,-0.6776379477250754,42.15,42.15,46.79,8.33526279,384/5521,42.15,40.82,46.79,44.23,42.15,42.15,42.15,0,44.23,46.79,44.23,46.79,5.927297,1487643,17,688768,20260408
000960.SZ,锡业股份,35.25,-1.5638089919017097,35.44,35.44,33.45,8.32253886,385/5521,36.18,34.88,33.54,31.99,35.44,35.44,35.44,0,32.63,33.29,31.74,33.2,5.01943,6.6377075E7,33,000960,20260408
600893.SH,航发动力,46.25,1.7377914650241952,45.4,45.4,50.39,8.31900258,386/5521,46.75,45.21,50.64,47.6,45.4,45.4,45.4,0,47.72,50.64,47.6,50.39,6.534823,6.0247282E7,17,600893,20260408
301159.SZ,三维天地,38.84,0.595700595700606,38.74,38.74,42.75,8.31010894,387/5521,38.87,38.24,42.81,40.47,38.74,38.74,38.74,0,40.75,42.81,40.47,42.75,5.928553,2356384,33,301159,20260408
000065.SZ,北方国际,12.79,1.1067193675889233,12.63,12.63,16.18,8.29986613,388/5521,12.82,12.54,16.37,15,12.63,12.63,12.63,0,15.16,16.37,15,16.18,9.170013,1.16735662E8,33,000065,20260408
301630.SZ,同宇新材,249.1,-3.3447151947850506,252.6,252.6,229.5,8.29558324,389/5521,254.67,247.01,242.88,216,252.6,252.6,252.6,0,227,242.88,216,229.5,12.684031,4676066,33,301630,20260408
688680.SH,海优新材,49.75,1.4271151885830844,48.7,48.7,49.75,8.29342621,390/5521,50.15,48.52,50.5,46.78,48.7,48.7,48.7,0,46.78,50.5,46.78,49.75,8.097518,4428902,17,688680,20260408
688619.SH,罗普特,16.02,2.038216560509556,15.75,15.75,15.16,8.28571429,391/5521,16.14,15.7,15.28,14.33,15.75,15.75,15.75,0,14.33,15.28,14.33,15.16,6.785714,3778590,17,688619,20260408
688233.SH,神工股份,71.28,1.8140265676331895,70.5,70.5,75.16,8.28410892,392/5521,71.82,69.28,75.24,72.01,70.5,70.5,70.5,0,73,75.24,72.01,75.16,4.653508,6603209,17,688233,20260408
300594.SZ,ST朗进,18.3,-20.01748251748251,18.3,18.3,30.09,8.2763584,393/5521,18.5,18.3,30.5,28.64,18.3,18.3,18.3,0,28.64,30.5,28.64,30.09,6.693055,4677699,33,300594,20260408
688435.SH,英方软件,41.03,2.575000000000003,40.31,40.31,44.73,8.25266215,394/5521,41.3,40.01,44.78,42.71,40.31,40.31,40.31,0,42.8,44.78,42.71,44.73,5.00968,2073737,17,688435,20260408
688510.SH,航亚科技,33.28,4.687008493236873,31.98,31.98,33.35,8.2440766,395/5521,33.68,31.62,33.5,31.6,31.98,31.98,31.98,0,31.96,33.5,31.6,33.35,6.166828,7350914,17,688510,20260408
301377.SZ,鼎泰高科,234.66,2.921052631578946,228.31,228.31,211.01,8.23800975,396/5521,235.85,225.01,211.95,200,228.31,228.31,228.31,0,202.27,211.45,199.5,210.51,6.129776,4106052,33,301377,20260408
300578.SZ,会畅科技,21.6,1.6949152542373023,21.18,21.18,21.21,8.21428571,397/5521,21.81,20.98,21.26,20.14,21.18,21.18,21.18,0,20.14,21.26,20.14,21.21,5.714285,7767600,33,300578,20260408
688012.SH,中微公司,376.3,4.597509450744947,360.0,360,317.69,8.20504087,398/5521,379,355.55,322.25,304.5,360.0,360.0,360.0,0,305,322.25,304.5,317.69,6.04564,1.5812092E7,17,688012,20260408
300242.SZ,佳云科技,4.91,0.8213552361396311,4.86,4.86,4.88,8.20399113,399/5521,4.94,4.79,4.9,4.65,4.86,4.86,4.86,0,4.75,4.9,4.65,4.88,5.543237,3.3260504E7,33,300242,20260408
688093.SH,世华科技,32.5,2.3622047244094486,31.5,31.5,33.54,8.19354839,400/5521,32.81,31.5,33.6,31.9,31.5,31.5,31.5,0,31.9,33.6,31.9,33.54,5.48387,3357022,17,688093,20260408
600489.SH,中金黄金,25.96,-0.42194092827004,25.75,25.75,28.4,8.19047619,401/5521,26.25,25.36,28.78,27.4,25.75,25.75,25.75,0,27.57,28.78,27.4,28.4,5.257142,1.14650595E8,17,600489,20260408
301128.SZ,强瑞技术,178.31,-3.092391304347825,184.88,184.88,159.24,8.18669747,402/5521,187.5,175,159.88,150.02,184.88,184.88,184.88,0,153.19,159.88,150.02,159.24,6.698824,8602736,33,301128,20260408
002993.SZ,奥海科技,47.49,-1.0624999999999958,47.9,47.9,48.5,8.18648227,403/5521,48.2,46.89,48.58,46.01,47.9,47.9,47.9,0,46.25,48.58,46.01,48.5,5.732768,7504665,33,002993,20260408
300984.SZ,金沃股份,63.75,5.024711696869847,60.75,60.75,57.5,8.18438382,404/5521,65.3,60.63,58,54.33,60.75,60.75,60.75,0,54.33,58,54.33,57.5,6.904985,3427077,33,300984,20260408
301365.SZ,矩阵股份,35.18,-1.9782669267205373,35.6,35.6,31.76,8.17438692,405/5521,36.38,34.04,32.42,29.62,35.6,35.6,35.6,0,29.88,32.42,29.62,31.76,9.536784,8064329,33,301365,20260408
300369.SZ,绿盟科技,7.34,-1.6085790884718514,7.4,7.4,8.34,8.17120623,406/5521,7.47,7.28,8.36,8,7.4,7.4,7.4,0,8,8.36,8,8.34,4.66926,4.6692501E7,33,300369,20260408
002757.SZ,南兴股份,23.16,1.7127799736495415,22.94,22.94,20.68,8.15899582,407/5521,24.25,22.89,20.72,19.56,22.94,22.94,22.94,0,19.57,20.72,19.56,20.68,6.066945,1.6431649E7,33,002757,20260408
002126.SZ,银轮股份,46.02,-1.5193665739353601,46.68,46.68,44.29,8.15628816,408/5521,46.96,45.53,44.8,41.52,46.68,46.68,46.68,0,43.77,44.8,41.52,44.29,8.009768,3.0597245E7,33,002126,20260408
301045.SZ,天禄科技,48.4,5.67685589519651,45.8,45.8,40.35,8.14794961,409/5521,49.98,45.09,40.48,38.02,45.8,45.8,45.8,0,38.02,40.48,38.02,40.35,6.593406,2882782,33,301045,20260408
688262.SH,国芯科技,38.97,3.8646055437100095,37.78,37.78,34.4,8.14209368,410/5521,39.16,37.01,34.46,32.84,37.78,37.78,37.78,0,33,34.46,32.84,34.4,5.092738,1.0613332E7,17,688262,20260408
600584.SH,长电科技,45.56,2.70513976555456,44.65,44.65,41.98,8.14013395,411/5521,45.86,44.11,41.98,40.03,44.65,44.65,44.65,0,40.05,41.98,40.03,41.98,5.023183,7.1371225E7,17,600584,20260408
301299.SZ,卓创资讯,64.29,0.8312421580928612,63.3,63.3,68.3,8.13806206,412/5521,64.88,63.2,70.76,64.21,63.3,63.3,63.3,0,64.21,70.76,64.21,68.3,10.370487,4892727,33,301299,20260408
688083.SH,中望软件,56.71,5.723340790454884,53.46,53.46,54.09,8.1367453,413/5521,57.92,53.46,54.74,50.52,53.46,53.46,53.46,0,51.5,54.74,50.52,54.09,8.436625,6692374,17,688083,20260408
300921.SZ,南凌科技,26.94,0.2978406552494484,26.92,26.92,25.95,8.125,414/5521,27.86,26.79,25.97,24.72,26.92,26.92,26.92,0,24.86,25.97,24.72,25.95,5.208333,1.0431242E7,33,300921,20260408
920670.BJ,数字人,14.89,-0.8655126498002597,15.1,15.1,17.17,8.12342569,415/5521,15.17,14.78,17.18,16.12,15.1,15.1,15.1,0,16.2,17.12,16.06,17.11,6.675062,3755107,151,920670,20260408
300296.SZ,利亚德,6.36,-0.6250000000000006,6.5,6.5,7.72,8.1232493,416/5521,6.53,6.31,7.73,7.4,6.5,6.5,6.5,0,7.45,7.73,7.4,7.72,4.621848,1.72791318E8,33,300296,20260408
688059.SH,华锐精密,142.24,0.8865877012554081,141.03,141.03,121.0,8.12259852,417/5521,144.5,139.59,121.2,115.3,141.03,141.03,141.03,0,116,121.2,115.3,121.0,5.272093,3056661,17,688059,20260408
920953.BJ,国子软件,28.54,-1.1430550744717765,28.3,28.3,30.12,8.11198851,418/5521,29.21,28,30.19,28.25,28.3,28.3,28.3,0,28.25,30.19,28.25,30.12,6.963388,2281721,151,920953,20260408
688114.SH,华大智造,51.0,-2.764537654909443,52.46,52.46,51.73,8.10867294,419/5521,52.6,50.66,51.74,48.53,52.46,52.46,52.46,0,48.84,51.74,48.53,51.73,6.708463,4195518,17,688114,20260408
688027.SH,国盾量子,572.19,2.385212754536027,557.0,557,561.7,8.10238645,420/5521,572.5,555,564.97,534.87,557.0,557.0,557.0,0,534.87,564.97,534.87,561.7,5.792917,3040819,17,688027,20260408
300417.SZ,南华仪器,14.17,2.458423716558206,13.81,13.81,12.95,8.09682805,421/5521,14.22,13.7,13.05,12.32,13.81,13.81,13.81,0,12.35,13.05,12.32,12.95,6.093489,7384000,33,300417,20260408
300458.SZ,全志科技,35.8,3.8283062645011614,34.93,34.93,35.54,8.09002433,422/5521,36.29,34.38,35.56,33.88,34.93,34.93,34.93,0,28.10833333,29.46666667,28.06666667,29.45,5.109489,2.4287617E7,33,300458,20260408
688409.SH,富创精密,128.56,4.946938775510206,122.41,122.41,98.07,8.08993718,423/5521,131.18,118.3,98.5,92,122.41,122.41,122.41,0,94.46,98.5,92,98.07,7.164113,4844828,17,688409,20260408
300324.SZ,旋极信息,4.92,3.361344537815129,4.76,4.76,4.81,8.08988764,424/5521,4.96,4.71,4.82,4.57,4.76,4.76,4.76,0,4.57,4.82,4.57,4.81,5.617977,6.238404E7,33,300324,20260408
300969.SZ,恒帅股份,122.4,2.641509433962269,119.4,119.4,123.39,8.08514366,425/5521,124.59,118.6,124.49,117.61,119.4,119.4,119.4,0,119.6,124.49,117.61,123.39,6.026629,2230120,33,300969,20260408
301548.SZ,崇德科技,80.8,-1.3431013431013534,81.94,81.94,69.53,8.08332038,426/5521,82.83,79.45,69.67,66.18,81.94,81.94,81.94,0,66.38,69.67,66.18,69.53,5.425151,1355595,33,301548,20260408
920924.BJ,广脉科技,20.44,1.0380622837370284,20.49,20.49,20.33,8.08080808,427/5521,20.5,20.08,20.4,19.33,20.49,20.49,20.49,0,19.38,20.4,19.33,20.33,5.688463,3175177,151,920924,20260408
688610.SH,埃科光电,124.7,1.962387571545385,123.51,123.51,95.7,8.07453416,428/5521,128.9,123.51,97.6,91.5,123.51,123.51,123.51,0,92.98,97.6,91.5,95.7,6.888763,2219410,17,688610,20260408
301421.SZ,波长光电,103.78,3.1712893925837533,100.9,100.9,98.05,8.06789375,429/5521,104.37,99.45,99.09,91.99,100.9,100.9,100.9,0,93.99,99.09,91.99,98.05,7.825416,7752866,33,301421,20260408
300870.SZ,欧陆通,404.0,7.44966621452698,384.11,384.11,290.6,8.06589565,430/5521,412.32,381.3,292.15,277.2,384.11,384.11,384.11,0,287.98,292.15,277.2,290.6,5.55948,5665214,33,300870,20260408
601567.SH,三星电气,20.06,-3.2786885245901627,20.65,20.65,26.19,8.04455446,431/5521,20.72,19.98,26.29,24.77,20.65,20.65,20.65,0,24.78,26.29,24.77,26.19,6.270627,3.1432564E7,17,601567,20260408
603738.SH,泰晶科技,38.32,-3.7669512807634353,40.3,40.3,26.19,8.04455446,431/5521,40.8,37.31,26.66,24.86,40.3,40.3,40.3,0,24.99,26.66,24.86,26.19,7.425742,6.3438236E7,17,603738,20260408
300496.SZ,中科创达,63.91,-0.03128421711247165,63.67,63.67,61.29,8.03807509,433/5521,64.1,62.88,61.3,58,63.67,63.67,63.67,0,58,61.3,58,61.29,5.817028,1.5742196E7,33,300496,20260408
688523.SH,航天环宇,65.51,4.050190597204581,62.62,62.62,62.93,8.03433476,434/5521,66.44,62.5,63,59.64,62.62,62.62,62.62,0,60,63,59.64,62.93,5.76824,6751192,17,688523,20260408
300775.SZ,三角防务,29.82,1.879057055005127,29.2,29.2,37.13,8.03025895,435/5521,30.23,29.15,37.18,35.16,29.2,29.2,29.2,0,35.33,37.18,35.16,37.13,5.877218,2.5115941E7,33,300775,20260408
603893.SH,瑞芯微,182.9,0.2906179744475523,180.17,180.17,159.83,8.02973978,436/5521,185,179.52,159.83,151.2,180.17,180.17,180.17,0,151.61,159.83,151.2,159.83,5.833051,9207571,17,603893,20260408
688378.SH,奥来德,44.3,2.665121668597911,43.5,43.5,36.47,8.02725118,437/5521,44.47,42.68,36.49,34.3,43.5,43.5,43.5,0,34.98,36.49,34.3,36.47,6.486966,6152029,17,688378,20260408
301536.SZ,星宸科技,82.45,0.7453567937438897,81.38,81.38,72.81,8.02670623,438/5521,83.46,81.33,72.84,68.87,81.38,81.38,81.38,0,68.87,72.84,68.87,72.81,5.890207,6956749,33,301536,20260408
002475.SZ,立讯精密,67.0,-2.38927738927739,69.48,69.48,52.27,8.01818558,439/5521,69.48,66.8,52.57,49.56,69.48,69.48,69.48,0,49.56,52.57,49.56,52.27,6.220293,2.01928715E8,33,002475,20260408
688559.SH,海目星,58.61,-2.883181441590724,61.51,61.51,53.09,8.0162767,440/5521,62.99,58.61,53.14,50.66,61.51,61.51,61.51,0,51,53.14,50.66,53.09,5.045778,8566878,17,688559,20260408
688313.SH,仕佳光子,131.82,0.5032021957913972,135.0,135,98.81,8.00087441,441/5521,135.9,130.5,98.81,93.58,135.0,135.0,135.0,0,95.15,98.81,93.58,98.81,5.716471,4.4135455E7,17,688313,20260408
603588.SH,高能环境,14.58,-1.2863913337846953,14.8,14.8,17.3,7.99001248,442/5521,14.86,14.55,17.37,16.2,14.8,14.8,14.8,0,16.1,17.27,16.1,17.2,7.30337,1.0476005E8,17,603588,20260408
603533.SH,掌阅科技,25.02,-1.3017751479290014,25.6,25.6,26.26,7.97697368,443/5521,26.04,24.98,26.45,24.95,25.6,25.6,25.6,0,24.97,26.45,24.95,26.26,6.167763,3.1069E7,17,603533,20260408
920130.BJ,立方控股,18.9,1.17773019271948,18.68,18.68,20.04,7.97413793,444/5521,19.2,18.68,20.22,19,18.68,18.68,18.68,0,19,20.22,19,20.04,6.573275,1996833,151,920130,20260408
300830.SZ,金现代,10.46,0.867888138862118,10.3,10.3,11.11,7.96890185,445/5521,10.51,10.28,11.12,10.6,10.3,10.3,10.3,0,10.65,11.12,10.6,11.11,5.053449,2.7694931E7,33,300830,20260408
301123.SZ,奕东电子,67.28,1.5700483091787536,66.2,66.2,59.41,7.95929493,446/5521,68.16,63.87,59.8,55.05,66.2,66.2,66.2,0,55.9,59.8,55.05,59.41,8.631655,1.392957E7,33,301123,20260408
301196.SZ,唯科科技,118.5,5.006645990252553,113.7,113.7,104.48,7.9561893,447/5521,120.8,109.92,105.5,98.06,113.7,113.7,113.7,0,103.33,105.5,98.06,104.48,7.687538,7689937,33,301196,20260408
301345.SZ,涛涛车业,270.01,2.2339176858127208,263.57,263.57,229.51,7.95390405,448/5521,278,263.02,231.22,220.01,263.57,263.57,263.57,0,218.51,229.72,218.51,228.01,5.272812,2505403,33,301345,20260408
300201.SZ,海伦哲,11.84,0.08453085376162119,11.78,11.78,11.28,7.94258373,449/5521,11.84,11.34,11.34,10.67,11.78,11.78,11.78,0,10.96,11.34,10.67,11.28,6.411483,4.7286478E7,33,300201,20260408
688152.SH,麒麟信安,35.29,3.217315004387252,34.43,34.43,34.93,7.94190358,450/5521,35.48,34.23,35.13,33,34.43,34.43,34.43,0,33.19,35.13,33,34.93,6.5822,1942229,17,688152,20260408
301169.SZ,零点有数,70.02,3.228659885006631,67.47,67.47,56.47,7.93195719,451/5521,71.8,67.47,56.65,53.42,67.47,67.47,67.47,0,53.42,56.65,53.42,56.47,6.173547,1477986,33,301169,20260408
300476.SZ,胜宏科技,328.49,-1.6114056369245502,333.0,333,285.88,7.92811839,452/5521,336.86,326.06,285.9,270.05,333.0,333.0,333.0,0,271.9850623,283.9050623,268.0550623,283.89,5.983841,4.5769127E7,33,300476,20260408
000628.SZ,高新发展,66.18,10.00664893617023,59.97,59.97,54.08,7.92257035,453/5521,66.18,57.9,54.2,51.23,59.97,59.97,59.97,0,51.58,54.2,51.23,54.08,5.92696,1.3595535E7,33,000628,20260408
920036.BJ,觅睿科技,41.02,1.9130434782608774,40.0,40,44.84,7.91817088,454/5521,42.2,39.88,45.3,42.18,40.0,40.0,40.0,0,42.8,45.3,42.18,44.84,7.509025,2730172,151,920036,20260408
301568.SZ,思泰克,56.97,1.9323671497584511,55.9,55.9,53.85,7.91583166,455/5521,57.58,55.15,54.18,50.99,55.9,55.9,55.9,0,51.3,54.18,50.99,53.85,6.392785,6286255,33,301568,20260408
688512.SH,慧智微,12.68,5.666666666666664,11.99,11.99,12.42,7.90616855,456/5521,12.83,11.87,12.45,11.86,11.99,11.99,11.99,0,11.94,12.45,11.86,12.42,5.125977,1.3806517E7,17,688512,20260408
688135.SH,利扬芯片,36.89,1.6813671444321925,35.8,35.8,27.58,7.9029734,457/5521,37.3,35.7,27.75,26.27,35.8,35.8,35.8,0,26.48,27.75,26.27,27.58,5.790297,8890392,17,688135,20260408
603061.SH,金海通,254.85,0.8867424092474488,250.65,250.65,287.5,7.8920704,458/5521,263.2,249,289.98,270.9,250.65,250.65,250.65,0,190.08965517,199.72413793,186.56551724,198.01,7.16028,2320500,17,603061,20260408
600545.SH,卓郎智能,4.89,-9.94475138121547,5.24,5.24,3.97,7.88043478,459/5521,5.5,4.89,4.05,3.75,5.24,5.24,5.24,0,3.79,4.05,3.75,3.97,8.152173,1.72832518E8,17,600545,20260408
688347.SH,华虹公司,141.0,6.688861985472157,133.0,133,120.28,7.86476549,460/5521,142,130,120.97,116.51,133.0,133.0,133.0,0,117,120.97,116.51,120.28,3.999641,1.9482729E7,17,688347,20260408
688088.SH,虹软科技,42.6,4.977821586988672,40.39,40.39,41.29,7.8631139,461/5521,43,40.38,41.35,39.48,40.39,40.39,40.39,0,39.48,41.35,39.48,41.29,4.885057,7213750,17,688088,20260408
600482.SH,中国动力,38.57,-3.2605969400551724,41.97,41.97,35.0,7.85824345,462/5521,42.38,38.51,35.7,33.14,41.97,41.97,41.97,0,33.6,35.7,33.14,35.0,7.88906,5.8392377E7,17,600482,20260408
002837.SZ,英维克,94.6,0.1058201058200998,95.02,95.02,91.5,7.85007072,463/5521,96.38,93.06,91.77,87.95,95.02,95.02,95.02,0,88.88,91.77,87.95,91.5,4.502593,4.4383453E7,33,002837,20260408
600029.SH,南方航空,5.41,-1.6363636363636338,5.45,5.45,6.05,7.84313725,464/5521,5.53,5.38,6.15,5.94,5.45,5.45,5.45,0,5.95,6.15,5.94,6.05,3.743315,2.28017223E8,17,600029,20260408
688231.SH,隆达股份,38.48,4.056246619794484,36.69,36.69,30.94,7.84245382,465/5521,38.79,36.56,31.28,29.35,36.69,36.69,36.69,0,29.35,31.28,29.35,30.94,6.727082,3955499,17,688231,20260408
688207.SH,格灵深瞳,15.08,2.5152957171991788,14.57,14.57,14.58,7.84023669,466/5521,15.18,14.57,14.63,13.9,14.57,14.57,14.57,0,13.9,14.63,13.9,14.58,5.399408,6507175,17,688207,20260408
603936.SH,博敏电子,15.5,-1.8987341772151942,15.91,15.91,13.63,7.83227848,467/5521,15.97,15.32,13.66,12.96,15.91,15.91,15.91,0,13.05,13.66,12.96,13.63,5.537974,3.7432759E7,17,603936,20260408
603228.SH,景旺电子,70.17,-3.6787920384351307,73.54,73.54,58.86,7.82194541,468/5521,73.78,69.75,58.9,55.98,73.54,73.54,73.54,0,56,58.9,55.98,58.86,5.348965,3.1394129E7,17,603228,20260408
300032.SZ,金龙机电,5.23,-0.9469696969696936,5.25,5.25,5.79,7.82122905,469/5521,5.33,5.18,5.81,5.51,5.25,5.25,5.25,0,5.51,5.81,5.51,5.79,5.586592,5.63253E7,33,300032,20260408
688035.SH,德邦科技,73.83,-0.8993288590604049,73.9,73.9,59.3,7.81818182,470/5521,75.49,72.6,59.42,56.22,73.9,73.9,73.9,0,56.8,59.42,56.22,59.3,5.818181,5105349,17,688035,20260408
688591.SH,泰凌微,34.74,2.7202838557066875,33.8,33.8,38.08,7.81426954,471/5521,34.99,33.67,38.09,36.22,33.8,33.8,33.8,0,36.46,38.09,36.22,38.08,5.29445,5579438,17,688591,20260408
688362.SH,甬矽电子,49.21,5.329623287671237,47.3,47.3,42.91,7.81407035,472/5521,49.55,47,43.15,40.9,47.3,47.3,47.3,0,41.5,43.15,40.9,42.91,5.653266,1.5720796E7,17,688362,20260408
300838.SZ,浙江力诺,17.79,4.34017595307917,16.98,16.98,15.88,7.8071962,473/5521,18.1,16.97,15.99,15.16,16.98,16.98,16.98,0,15.22,15.99,15.16,15.88,5.634758,4981300,33,300838,20260408
300223.SZ,北京君正,124.18,-0.9096712416214383,126.0,126,112.72,7.8041316,474/5521,126.75,123.3,112.85,107.19,126.0,126.0,126.0,0,108,112.85,107.19,112.72,5.413159,2.5301419E7,33,300223,20260408
002429.SZ,兆驰股份,11.05,-1.8650088809946632,11.33,11.33,10.23,7.79768177,475/5521,11.39,10.91,10.28,9.73,11.33,11.33,11.33,0,9.73,10.28,9.73,10.23,5.795574,1.60095274E8,33,002429,20260408
920100.BJ,三协电机,48.83,2.8649673477986086,47.47,47.47,48.8,7.79765849,476/5521,50.9,47.47,48.8,46.29,47.47,47.47,47.47,0,46.35,48.8,46.29,48.8,5.54451,1026085,151,920100,20260408
002448.SZ,中原内配,15.11,-0.9829619921363064,15.1,15.1,15.07,7.79685265,477/5521,15.42,15.01,15.1,14.53,15.1,15.1,15.1,0,14.66,15.1,14.53,15.07,4.077253,2.5462119E7,33,002448,20260408
000603.SZ,盛达资源,36.48,-2.720000000000008,37.09,37.09,42.08,7.78688525,478/5521,37.6,36.17,42.49,41.11,37.09,37.09,37.09,0,41.31,42.49,41.11,42.08,3.534836,2.9620386E7,33,000603,20260408
301157.SZ,华塑科技,71.03,-3.596634093376772,73.03,73.03,64.15,7.77889785,479/5521,78.48,70.96,64.49,59.27,73.03,73.03,73.03,0,60.37,64.49,59.27,64.15,8.770161,3026159,33,301157,20260408
688372.SH,伟测科技,151.39,2.881413523615345,147.69,147.69,152.38,7.76520509,480/5521,153.63,146.12,152.9,145.06,147.69,147.69,147.69,0,148.11,152.9,145.06,152.38,5.544554,9046430,17,688372,20260408
688611.SH,杭州柯林,63.06,0.6383657835940084,61.73,61.73,53.75,7.75862069,481/5521,64.21,61.73,54.08,50.4,61.73,61.73,61.73,0,50.4,54.08,50.4,53.75,7.377706,1249795,17,688611,20260408
002418.SZ,康盛股份,5.64,-3.754266211604106,5.87,5.87,5.01,7.74193548,482/5521,5.89,5.57,5.04,4.79,5.87,5.87,5.87,0,4.79,5.04,4.79,5.01,5.376344,1.020677E8,33,002418,20260408
603887.SH,城地香江,15.19,-4.465408805031452,15.53,15.53,16.29,7.73809524,483/5521,15.68,15,16.31,15.5,15.53,15.53,15.53,0,15.5,16.31,15.5,16.29,5.357142,3.2848096E7,17,603887,20260408
688191.SH,智洋创新,45.78,2.6457399103139005,43.48,43.48,40.95,7.73480663,484/5521,46.75,43.45,41.59,38.21,43.48,43.48,43.48,0,38.97,41.59,38.21,40.95,8.892396,5810585,17,688191,20260408
300803.SZ,指南针,98.39,1.0786932401890252,96.88,96.88,102.95,7.73336124,485/5521,100.99,96.69,103.6,98.1,96.88,96.88,96.88,0,98.1,103.6,98.1,102.95,5.755546,2.8178825E7,33,300803,20260408
300520.SZ,科大国创,34.9,1.7789442986293365,34.05,34.05,36.39,7.72646536,486/5521,34.92,34.05,36.42,34.91,34.05,34.05,34.05,0,35,36.42,34.91,36.39,4.4701,1.5260046E7,33,300520,20260408
300102.SZ,乾照光电,32.82,2.2111491747119305,32.19,32.19,31.81,7.72096173,487/5521,33.35,31.6,31.92,30.51,32.19,32.19,32.19,0,30.56,31.92,30.51,31.81,4.774805,6.3210546E7,33,300102,20260408
600667.SH,太极实业,9.59,-0.41536863966771465,9.69,9.69,9.49,7.7185017,488/5521,9.79,9.51,9.49,9.1,9.69,9.69,9.69,0,9.17,9.49,9.1,9.49,4.426787,1.41580986E8,17,600667,20260408
600268.SH,国电南自,14.97,-1.2532981530342975,15.14,15.14,14.67,7.7092511,489/5521,15.2,14.95,14.77,13.88,15.14,15.14,15.14,0,14,14.77,13.88,14.67,6.534508,4.9189285E7,17,600268,20260408
301525.SZ,儒竞科技,69.9,1.040763226366,68.74,68.74,72.44,7.70145703,490/5521,70.68,68.65,72.49,68.66,68.74,68.74,68.74,0,68.66,72.49,68.66,72.44,5.69432,1662814,33,301525,20260408
600590.SH,泰豪科技,15.69,-1.506591337099813,15.85,15.85,14.16,7.68060837,491/5521,16.18,15.65,14.3,13.6,15.85,15.85,15.85,0,13.8,14.3,13.6,14.16,5.323193,8.145616E7,17,600590,20260408
300913.SZ,兆龙互连,52.59,0.4392666157372116,52.67,52.67,52.36,7.67016245,492/5521,54.3,52.5,52.99,49.72,52.67,52.67,52.67,0,50.02,52.99,49.72,52.36,6.724244,9456178,33,300913,20260408
601138.SH,工业富联,62.88,-5.101116812556598,65.9,65.9,56.61,7.66451122,493/5521,66.2,62.71,56.61,53.38,65.9,65.9,65.9,0,54.16,56.61,53.38,56.61,6.14302,2.51758712E8,17,601138,20260408
300337.SZ,银邦股份,13.96,1.8978102189781136,13.84,13.84,12.82,7.64063812,494/5521,14.11,13.48,12.84,12.2,13.84,13.84,13.84,0,12.2,12.84,12.2,12.82,5.373635,3.6110347E7,33,300337,20260408
920592.BJ,华信永道,31.47,6.353497803311926,30.0,30,32.0,7.63538513,495/5521,34.5,29.3,32.81,30.37,30.0,30.0,30.0,0,30.81,32.81,30.37,32.0,8.207198,2924948,151,920592,20260408
301165.SZ,锐捷网络,92.92,1.4964500273074872,92.03,92.03,92.35,7.63403263,496/5521,96.33,89.05,92.5,86.1,92.03,92.03,92.03,0,87.33,92.5,86.1,92.35,7.459207,1.6050272E7,33,301165,20260408
688418.SH,震有科技,47.03,10.789163722025908,42.01,42.01,42.08,7.62148338,497/5521,47.89,42,42.16,40.2,42.01,42.01,42.01,0,40.26,42.16,40.2,42.08,5.012787,7656309,17,688418,20260408
002270.SZ,华明装备,24.49,-3.1633056544088602,25.4,25.4,28.41,7.61363636,498/5521,25.46,24.35,28.45,27.1,25.4,25.4,25.4,0,27.29,28.24,26.89,28.2,5.113636,1.8849365E7,33,002270,20260408
301469.SZ,恒达新材,36.25,-1.2530645600653796,36.6,36.6,33.5,7.61323482,499/5521,37.2,36.11,33.7,31.54,36.6,36.6,36.6,0,31.8,33.7,31.54,33.5,6.938644,2168966,33,301469,20260408
300302.SZ,同有科技,27.72,-3.1446540880503218,28.48,28.48,21.36,7.6070529,500/5521,28.56,27.51,21.39,20.3,28.48,28.48,28.48,0,20.5,21.39,20.3,21.36,5.491183,4.788276E7,33,300302,20260408
688776.SH,国光电气,80.96,3.4897098299884823,76.0,76,85.44,7.6070529,500/5521,82.38,75.88,85.45,80.93,76.0,76.0,76.0,0,80.94,85.45,80.93,85.44,5.692695,2448220,17,688776,20260408
002815.SZ,崇达技术,13.9,-2.524544179523138,14.35,14.35,14.59,7.59587021,502/5521,14.4,13.74,14.65,13.93,14.35,14.35,14.35,0,14.09,14.65,13.93,14.59,5.309734,3.9435325E7,33,002815,20260408
603901.SH,永创智能,12.22,-4.231974921630087,12.7,12.7,12.47,7.59275237,503/5521,12.74,12.2,12.49,11.75,12.7,12.7,12.7,0,11.75,12.49,11.75,12.47,6.384814,9847918,17,603901,20260408
300603.SZ,立昂技术,10.2,-2.578796561604597,10.44,10.44,12.33,7.59162304,504/5521,10.55,10.2,12.35,11.69,10.44,10.44,10.44,0,11.8,12.35,11.69,12.33,5.759162,6.7277362E7,33,300603,20260408
688309.SH,恒誉环保,70.49,4.259724892767335,68.21,68.21,62.37,7.59013283,505/5521,70.98,67.61,62.56,58.5,68.21,68.21,68.21,0,58.76,62.56,58.5,62.37,7.003622,2226531,17,688309,20260408
920037.BJ,广信科技,75.18,-0.5029115934356743,76.12,76.12,73.45,7.58752014,506/5521,76.98,74.75,73.67,70.05,76.12,76.12,76.12,0,70.48,73.67,70.05,73.45,5.302475,1366733,151,920037,20260408
688225.SH,亚信安全,15.85,0.5072923272035516,15.74,15.74,17.16,7.5862069,507/5521,16.19,15.61,17.24,16.3,15.74,15.74,15.74,0,16.3,17.24,16.3,17.16,5.893416,3666234,17,688225,20260408
300291.SZ,百纳千成,6.33,2.926829268292678,6.14,6.14,6.96,7.57341577,508/5521,6.35,6.09,6.97,6.58,6.14,6.14,6.14,0,6.58,6.97,6.58,6.96,6.02782,2.6345404E7,33,300291,20260408
300828.SZ,锐新科技,21.62,-1.9945602901178503,22.17,22.17,21.17,7.57113821,509/5521,22.37,21.44,21.17,20.16,22.17,22.17,22.17,0,20.17,21.17,20.16,21.17,5.132113,7231750,33,300828,20260408
301137.SZ,哈焊华通,42.91,1.2505899008966352,42.55,42.55,44.21,7.56690998,510/5521,43.18,42.27,44.25,41.91,42.55,42.55,42.55,0,41.93,44.25,41.91,44.21,5.69343,7929397,33,301137,20260408
300806.SZ,斯迪克,74.2,0.8289169724147295,74.0,74,49.33,7.56650676,511/5521,74.8,72.15,49.8,46.58,74.0,74.0,74.0,0,46.68,49.8,46.58,49.33,7.021369,1.6411776E7,33,300806,20260408
600512.SH,腾达建设,2.4,-1.234567901234578,2.42,2.42,2.56,7.56302521,512/5521,2.44,2.39,2.62,2.41,2.42,2.42,2.42,0,2.43,2.62,2.41,2.56,8.823529,1.25040752E8,17,600512,20260408
688335.SH,复洁科技,31.87,2.0166453265044897,31.1,31.1,36.3,7.55555556,513/5521,31.96,31.1,36.47,34.75,31.1,31.1,31.1,0,34.77,36.47,34.75,36.3,5.096296,2683991,17,688335,20260408
600262.SH,北方股份,24.51,1.030502885408079,24.07,24.07,25.77,7.5542571,514/5521,24.8,24.07,26.21,24.41,24.07,24.07,24.07,0,24.6,26.21,24.41,25.77,7.51252,5286719,17,600262,20260408
300339.SZ,润和软件,45.21,2.493765586034916,43.85,43.85,40.73,7.5521521,515/5521,46.1,43.85,40.75,38.81,43.85,43.85,43.85,0,38.81,40.75,38.81,40.73,5.122788,3.0089303E7,33,300339,20260408
688096.SH,京源环保,8.38,-0.4750593824227927,8.37,8.37,8.55,7.54716981,516/5521,8.58,8.35,8.59,8.16,8.37,8.37,8.37,0,8.2,8.59,8.16,8.55,5.408805,8324964,17,688096,20260408
603698.SH,航天工程,43.97,10.007505629221917,40.77,40.77,31.22,7.54392008,517/5521,43.97,40.24,31.92,29.62,40.77,40.77,40.77,0,29.75,31.92,29.62,31.22,7.922838,2.440132E7,17,603698,20260408
301529.SZ,福赛科技,138.11,11.884316267012327,122.52,122.52,114.64,7.54221388,518/5521,139.98,121.41,117.65,111.05,122.52,122.52,122.52,0,111.05,117.65,111.05,114.64,6.191369,3272749,33,301529,20260408
002080.SZ,中材科技,55.17,-3.040421792618624,57.01,57.01,43.73,7.52397344,519/5521,57.23,53.51,43.78,41.73,57.01,57.01,57.01,0,42.18,43.78,41.73,43.73,5.04057,5.3384889E7,33,002080,20260408
688292.SH,浩瀚深度,22.46,1.1711711711711783,22.2,22.2,24.74,7.51847023,520/5521,22.67,22.14,24.81,23.87,22.2,22.2,22.2,0,23.87,24.81,23.87,24.74,4.08518,4311779,17,688292,20260408
300805.SZ,电声股份,10.4,-0.8579599618684448,10.48,10.48,10.61,7.49746707,521/5521,10.59,10.32,10.63,10.1,10.48,10.48,10.48,0,10.14,10.63,10.1,10.61,5.369807,1.150884E7,33,300805,20260408
603256.SH,宏和科技,119.1,-1.2601558613828636,125.0,125,74.17,7.49275362,522/5521,125.5,111.16,74.38,69.8,125.0,125.0,125.0,0,71.98,74.38,69.8,74.17,6.637681,2.7338558E7,17,603256,20260408
300115.SZ,长盈精密,33.25,4.231974921630099,31.88,31.88,33.5,7.47513635,523/5521,33.47,31.77,33.5,32.2,31.88,31.88,31.88,0,32.2,33.5,32.2,33.5,4.170676,5.3244913E7,33,300115,20260408
301180.SZ,万祥科技,17.74,-3.691639522258432,18.7,18.7,19.57,7.46842394,524/5521,18.7,17.7,19.93,18.53,18.7,18.7,18.7,0,18.53,19.93,18.53,19.57,7.688083,9700841,33,301180,20260408
688023.SH,安恒信息,44.69,-2.529989094874599,45.7,45.7,50.88,7.45512144,525/5521,45.98,44.45,50.94,48,45.7,45.7,45.7,0,49,50.94,48,50.88,6.209081,3322569,17,688023,20260408
603300.SH,海南华铁,6.58,-2.66272189349112,6.72,6.72,6.92,7.45341615,526/5521,6.78,6.57,6.98,6.56,6.72,6.72,6.72,0,6.57,6.98,6.56,6.92,6.521739,1.03579198E8,17,603300,20260408
688306.SH,均普智能,9.28,-0.10764262648008383,9.12,9.12,9.23,7.45052386,527/5521,9.35,8.88,9.26,8.75,9.12,9.12,9.12,0,8.76,9.26,8.75,9.23,5.937136,1.333704E7,17,688306,20260408
920876.BJ,慧为智能,22.22,-0.1348314606741624,22.26,22.26,24.23,7.45011086,528/5521,22.56,22,24.29,23.2,22.26,22.26,22.26,0,23.2,24.29,23.2,24.23,4.833702,1705564,151,920876,20260408
301086.SZ,鸿富瀚,197.06,3.280922431865823,190.8,190.8,141.22,7.44883208,529/5521,198.45,189.51,142.4,133.93,190.8,190.8,190.8,0,134,142.4,133.93,141.22,6.444495,2068905,33,301086,20260408
688277.SH,天智航,19.92,4.347826086956531,19.15,19.15,24.96,7.44726647,530/5521,19.99,19.15,25.18,24.07,19.15,19.15,19.15,0,24.7,25.18,24.07,24.96,4.778303,1.483471E7,17,688277,20260408
603000.SH,人民网,18.98,-2.7165556125064128,19.11,19.11,20.35,7.44456177,531/5521,19.25,18.52,20.39,19.23,19.11,19.11,19.11,0,19.33,20.39,19.23,20.35,6.124604,3.8541676E7,17,603000,20260408
688385.SH,复旦微电,68.07,-2.35260364366662,70.53,70.53,69.01,7.44200529,532/5521,71.53,65.7,69.32,66.2,70.53,70.53,70.53,0,66.23,69.32,66.2,69.01,4.857543,1.2847124E7,17,688385,20260408
300493.SZ,润欣科技,16.19,1.5683814303638757,15.91,15.91,15.89,7.43745774,533/5521,16.23,15.87,15.94,15.11,15.91,15.91,15.91,0,15.11,15.94,15.11,15.89,5.611899,1.5804877E7,33,300493,20260408
688058.SH,宝兰德,29.72,2.5888850535036245,28.98,28.98,29.2,7.43193525,534/5521,29.97,28.98,29.33,27.98,28.98,28.98,28.98,0,27.98,29.33,27.98,29.2,4.966887,1672000,17,688058,20260408
000878.SZ,云南铜业,19.1,-1.6477857878475812,19.3,19.3,18.94,7.43051617,535/5521,19.54,18.9,18.97,18.25,19.3,19.3,19.3,0,18.26,18.97,18.25,18.94,4.083947,6.5598939E7,33,000878,20260408
688401.SH,路维光电,65.28,2.1436394930370906,64.33,64.33,53.37,7.42753623,536/5521,65.94,63.09,53.43,50.6,64.33,64.33,64.33,0,51.5,53.43,50.6,53.37,5.696457,3975733,17,688401,20260408
301526.SZ,国际复材,16.08,-5.633802816901413,16.8,16.8,12.3,7.42358079,537/5521,17.1,15.72,12.31,11.77,16.8,16.8,16.8,0,12.17,12.31,11.77,12.3,4.716157,1.56897652E8,33,301526,20260408
002534.SZ,西子洁能,17.6,-1.0123734533183335,17.75,17.75,17.66,7.42092457,538/5521,17.78,17.26,17.72,16.77,17.75,17.75,17.75,0,16.77,17.72,16.77,17.66,5.778588,2.0423277E7,33,002534,20260408
300682.SZ,朗新科技,13.64,-0.6554989075018198,13.8,13.8,16.08,7.41482966,539/5521,13.88,13.6,16.15,15.53,13.8,13.8,13.8,0,15.76,16.15,15.53,16.08,4.141616,2.8326109E7,33,300682,20260408
688507.SH,索辰科技,91.65,0.869469513537317,90.22,90.22,87.09,7.41243217,540/5521,92,88.88,87.09,83.05,90.22,90.22,90.22,0,83.5,87.09,83.05,87.09,4.982733,1624963,17,688507,20260408
300929.SZ,华骐环保,14.19,1.3571428571428537,14.0,14,13.19,7.41042345,541/5521,14.2,13.8,13.39,12.53,14.0,14.0,14.0,0,12.55,13.39,12.53,13.19,7.003257,6464251,33,300929,20260408
300290.SZ,荣科科技,15.82,0.12658227848100995,15.73,15.73,14.64,7.41012472,542/5521,16.06,15.68,14.67,13.9,15.73,15.73,15.73,0,13.93,14.67,13.9,14.64,5.649303,2.5754913E7,33,300290,20260408
301382.SZ,蜂助手,44.0,2.972150713784234,43.23,43.23,34.22,7.40740741,543/5521,45.32,42.23,34.25,32.64,43.23,43.23,43.23,0,32.8,34.25,32.64,34.22,5.053358,1.0611375E7,33,301382,20260408
688508.SH,芯朋微,83.9,7.854480010284098,77.6,77.6,60.47,7.40674956,544/5521,85.86,76.99,60.49,57.82,77.6,77.6,77.6,0,58,60.49,57.82,60.47,4.742451,3568540,17,688508,20260408
300567.SZ,精测电子,145.05,6.662254577542468,137.0,137,128.22,7.40492545,545/5521,146.99,136.06,129.3,123.04,137.0,137.0,137.0,0,124.8,129.3,123.04,128.22,5.243759,1.0611206E7,33,300567,20260408
301320.SZ,豪江智能,17.54,1.328711727325248,17.39,17.39,17.44,7.38916256,546/5521,17.61,17.3,17.52,16.25,17.39,17.39,17.39,0,16.49,17.52,16.25,17.44,7.820197,4810700,33,301320,20260408
688565.SH,力源科技,12.94,0.7788161993769442,12.83,12.83,13.23,7.38636364,547/5521,13.12,12.76,13.26,12.7,12.83,12.83,12.83,0,12.9,13.26,12.7,13.23,4.545454,3414417,17,688565,20260408
300099.SZ,尤洛卡,9.12,3.050847457627114,8.89,8.89,8.87,7.38498789,548/5521,9.15,8.7,9.3,8.64,8.89,8.89,8.89,0,8.52,9.16,8.5,8.73,7.990314,4.9152848E7,33,300099,20260408
300680.SZ,隆盛科技,40.1,3.993775933609956,38.51,38.51,40.45,7.37987789,549/5521,40.87,38.46,40.49,38.88,38.51,38.51,38.51,0,38.88,40.49,38.88,40.45,4.273958,1.03149E7,33,300680,20260408
300720.SZ,海川智能,63.12,0.7662835249042096,62.01,62.01,66.37,7.37744702,550/5521,64.1,61.08,67.88,61.81,62.01,62.01,62.01,0,63.01,67.88,61.81,66.37,9.820417,9815442,33,300720,20260408
601600.SH,中国铝业,11.65,-2.183039462636438,11.78,11.78,12.23,7.37489025,551/5521,11.79,11.55,12.32,11.75,11.78,11.78,11.78,0,11.76,12.32,11.75,12.23,5.004389,4.6956843E8,17,601600,20260408
300250.SZ,初灵信息,19.65,0.0,19.56,19.56,21.84,7.37463127,552/5521,19.95,19.5,21.88,20.67,19.56,19.56,19.56,0,20.82,21.88,20.67,21.84,5.948869,7722399,33,300250,20260408
002595.SZ,豪迈科技,87.45,-2.95194761957607,88.0,88,83.06,7.36814891,553/5521,89.7,85.6,83.36,79.06,88.0,88.0,88.0,0,79.32,83.36,79.06,83.06,5.558428,5652626,33,002595,20260408
300145.SZ,南方泵业,4.84,-1.825557809330626,4.9,4.9,4.52,7.36342043,554/5521,4.93,4.78,4.53,4.32,4.9,4.9,4.9,0,4.33,4.53,4.32,4.52,4.988123,8.8531792E7,33,300145,20260408
301321.SZ,翰博高新,26.27,-1.7943925233644875,27.2,27.2,19.83,7.36329182,555/5521,27.2,26.06,19.86,18.87,27.2,27.2,27.2,0,18.87,19.86,18.87,19.83,5.360043,3298514,33,301321,20260408
300053.SZ,航宇微,17.9,6.738223017292779,16.83,16.83,17.65,7.36009732,556/5521,18.12,16.7,17.67,16.9,16.83,16.83,16.83,0,16.91,17.67,16.9,17.65,4.683698,4.3750884E7,33,300053,20260408
603115.SH,海星股份,56.89,-1.4038128249566764,58.45,58.45,44.2,7.35972796,557/5521,59.45,56.83,44.43,41.01,58.45,58.45,58.45,0,42.99,44.43,41.01,44.2,8.307019,9643700,17,603115,20260408
688003.SH,天准科技,72.08,3.2664756446991423,70.7,70.7,69.08,7.35042735,558/5521,72.89,69.51,71.9,65.35,70.7,70.7,70.7,0,66.02,71.9,65.35,69.08,10.17871,8251651,17,688003,20260408
603011.SH,合锻智能,20.58,1.5293537247163234,20.22,20.22,21.47,7.35,559/5521,20.63,20.15,21.49,20.39,20.22,20.22,20.22,0,20.4,21.49,20.39,21.47,5.5,2.6157205E7,17,603011,20260408
688165.SH,埃夫特,18.24,6.916764361078545,17.7,17.7,17.09,7.34924623,560/5521,18.65,17.6,17.09,16.35,17.7,17.7,17.7,0,16.37,17.09,16.35,17.09,4.648241,8919492,17,688165,20260408
301566.SZ,达利凯普,24.16,-0.8210180623973699,24.31,24.31,20.45,7.34908136,561/5521,24.6,23.95,20.47,19.5,24.31,24.31,24.31,0,19.57,20.47,19.5,20.45,5.091863,1.1833E7,33,301566,20260408
002938.SZ,鹏鼎控股,72.05,-1.0574018126888163,72.82,72.82,54.67,7.34341253,562/5521,74.28,71.54,54.79,52.36,72.82,72.82,72.82,0,52.39,54.79,52.36,54.67,4.771254,3.8190423E7,33,002938,20260408
002692.SZ,远程股份,5.61,-3.44234079173837,5.77,5.77,6.15,7.32984293,564/5521,5.83,5.48,6.3,5.8,5.77,5.77,5.77,0,5.85,6.3,5.8,6.15,8.726003,6.9625064E7,33,002692,20260408
300911.SZ,亿田智能,31.26,-0.7933989209774674,31.73,31.73,29.73,7.32851986,565/5521,31.96,31.15,30.59,28.15,31.73,31.73,31.73,0,28.2,30.59,28.15,29.73,8.808664,9252762,33,300911,20260408
003026.SZ,中晶科技,49.99,5.419654154365246,47.2,47.2,36.76,7.32846715,566/5521,52.16,44.63,36.98,35.02,47.2,47.2,47.2,0,35.03,36.98,35.02,36.76,5.722627,9589622,33,003026,20260408
688159.SH,有方科技,47.99,9.892374627891,45.74,45.74,42.18,7.32824427,567/5521,49.59,45.74,42.28,40.25,45.74,45.74,45.74,0,40.51,42.28,40.25,42.18,5.165394,3361379,17,688159,20260408
603067.SH,振华股份,34.98,-1.6033755274261612,36.5,36.5,38.99,7.32177264,568/5521,38.13,34.7,39.56,35.61,36.5,36.5,36.5,0,36.45,39.56,35.61,38.99,10.872557,4.497974E7,17,603067,20260408
688678.SH,福立旺,23.73,2.0206362854686106,23.26,23.26,26.24,7.32106339,569/5521,24.13,22.6,26.3,25.08,23.26,23.26,23.26,0,17.84285714,18.71428571,17.84285714,18.67,4.989775,1.2493501E7,17,688678,20260408
688682.SH,霍莱沃,47.85,4.70459518599562,46.23,46.23,45.01,7.31998093,570/5521,48.3,45.57,45.02,42.77,46.23,46.23,46.23,0,42.77,45.02,42.77,45.01,5.364806,1580423,17,688682,20260408
301072.SZ,中捷精工,24.65,1.607584501236591,24.22,24.22,22.58,7.31939163,571/5521,24.86,24.22,22.7,21.78,24.22,24.22,24.22,0,21.82,22.7,21.78,22.58,4.372623,1974600,33,301072,20260408
688517.SH,金冠电气,21.69,-3.169642857142845,22.18,22.18,20.53,7.31834814,572/5521,23.18,21.3,21,19.31,22.18,22.18,22.18,0,19.55,21,19.31,20.53,8.834291,9481617,17,688517,20260408
601929.SH,吉视传媒,2.91,0.6920415224913501,2.91,2.91,3.08,7.31707317,573/5521,2.92,2.88,3.09,2.92,2.91,2.91,2.91,0,2.93,3.09,2.92,3.08,5.923344,1.57651928E8,17,601929,20260408
601111.SH,中国国航,6.73,0.14880952380953386,6.75,6.75,7.19,7.31343284,574/5521,6.82,6.69,7.22,7.09,6.75,6.75,6.75,0,7.1,7.22,7.09,7.19,1.940298,1.81206151E8,17,601111,20260408
688281.SH,华秦科技,74.86,3.7129398725408596,71.88,71.88,75.0,7.31148948,575/5521,75.97,71.88,75.6,71.53,71.88,71.88,71.88,0,72.15,75.6,71.53,75.0,5.823436,3461899,17,688281,20260408
600330.SH,天通股份,27.89,8.690568978955575,25.79,25.79,17.91,7.30976633,576/5521,28.23,25.78,18.15,16.92,25.79,25.79,25.79,0,17.25,18.15,16.92,17.91,7.369682,1.51823072E8,17,600330,20260408
688651.SH,盛邦安全,39.0,1.1148561057816948,38.07,38.07,38.92,7.30631376,577/5521,39.49,38.07,38.98,37.01,38.07,38.07,38.07,0,37.01,38.98,37.01,38.92,5.431486,1351692,17,688651,20260408
300459.SZ,汤姆猫,4.22,1.1990407673860868,4.15,4.15,4.26,7.30478589,578/5521,4.28,4.12,4.26,4.05,4.15,4.15,4.15,0,4.05,4.26,4.05,4.26,5.289672,1.31911566E8,33,300459,20260408
002565.SZ,顺灏股份,19.02,2.699784017278618,18.32,18.32,17.19,7.30337079,579/5521,19.19,18.18,17.44,16.05,18.32,18.32,18.32,0,16.39,17.44,16.05,17.19,8.676654,2.72293383E8,33,002565,20260408
002436.SZ,兴森科技,27.71,0.9104151493080844,27.47,27.47,21.75,7.30143069,580/5521,27.99,26.28,21.76,20.81,27.47,27.47,27.47,0,21.05,21.76,20.81,21.75,4.686729,8.0463535E7,33,002436,20260408
600673.SH,东阳光,35.4,6.819553409776699,33.1,33.1,32.19,7.3,581/5521,35.95,32.88,32.3,30.95,33.1,33.1,33.1,0,30.96,32.3,30.95,32.19,4.5,6.5780455E7,17,600673,20260408
300939.SZ,秋田微,38.64,0.8613938919342163,38.31,38.31,38.82,7.29684909,582/5521,38.73,37.23,38.94,36.78,38.31,38.31,38.31,0,36.9,38.94,36.78,38.82,5.970149,7536393,33,300939,20260408
300930.SZ,屹通新材,31.45,-1.7187500000000022,31.39,31.39,30.36,7.27915194,583/5521,31.9,31.33,30.67,28.55,31.39,31.39,31.39,0,28.8,30.67,28.55,30.36,7.491166,2666200,33,300930,20260408
688677.SH,海泰新光,110.0,-0.9009009009009009,110.05,110.05,70.64,7.27410782,584/5521,115.58,108.7,73.69,68.08,110.05,110.05,110.05,0,68.08,73.69,68.08,70.64,8.519362,1.0495821E7,17,688677,20260408
301228.SZ,实朴检测,53.1,-1.8484288354898335,53.13,53.13,44.55,7.27185167,585/5521,55.2,53.03,44.68,42.32,53.13,53.13,53.13,0,42.98,44.68,42.32,44.55,5.682639,2715701,33,301228,20260408
300788.SZ,中信出版,35.58,0.9361702127659526,35.45,35.45,31.3,7.26525017,586/5521,36.65,34.77,31.69,29.81,35.45,35.45,35.45,0,29.81,31.69,29.81,31.3,6.442769,6420675,33,300788,20260408
920491.BJ,奥迪威,24.93,2.6771004942339314,24.28,24.28,24.08,7.26057906,587/5521,24.93,24.11,24.08,23.05,24.28,24.28,24.28,0,22.75,23.78,22.75,23.78,4.587973,2956362,151,920491,20260408
920368.BJ,连城数控,32.99,2.45341614906832,31.9,31.9,35.61,7.25903614,588/5521,33.36,31.75,35.69,33.83,31.9,31.9,31.9,0,34.16,35.69,33.83,35.61,5.602409,1.1393909E7,151,920368,20260408
300657.SZ,弘信电子,35.76,1.5043996593812126,36.26,36.26,29.85,7.25835429,589/5521,36.7,35.08,29.88,28.7,36.26,36.26,36.26,0,28.7,29.88,28.7,29.85,4.240028,3.4663756E7,33,300657,20260408
300959.SZ,线上线下,94.37,-0.6631578947368373,94.33,94.33,79.22,7.25697265,590/5521,95.21,91.29,79.8,75,94.33,94.33,94.33,0,75.5,79.8,75,79.22,6.498781,3172947,33,300959,20260408
688273.SH,麦澜德,46.75,0.10706638115631083,46.33,46.33,39.92,7.25416443,591/5521,46.97,45.92,39.92,37.53,46.33,46.33,46.33,0,38,39.92,37.53,39.92,6.421278,1518820,17,688273,20260408
603991.SH,至正股份,112.63,-0.8626001232285926,114.02,114.02,107.09,7.25087631,592/5521,115.88,112,107.3,102.03,114.02,114.02,114.02,0,102.03,107.3,102.03,107.09,5.277916,2660805,17,603991,20260408
301577.SZ,美信科技,67.88,5.53482587064677,64.5,64.5,64.66,7.24829988,593/5521,68.73,64.38,64.77,61.25,64.5,64.5,64.5,0,61.27,64.77,61.25,64.66,5.838447,1271700,33,301577,20260408
002859.SZ,洁美科技,51.0,3.0303030303030303,49.3,49.3,42.47,7.24747475,594/5521,51.09,48.35,42.6,40.3,49.3,49.3,49.3,0,40.5,42.6,40.3,42.47,5.80808,6485217,33,002859,20260408
002138.SZ,顺络电子,33.95,-3.46886551037816,34.2,34.2,34.48,7.24727838,595/5521,35.6,33.34,34.51,33.1,34.2,34.2,34.2,0,33.1,34.51,33.1,34.48,4.385692,2.5210632E7,33,002138,20260408
688249.SH,晶合集成,33.8,6.9281872825055295,31.92,31.92,30.36,7.24125751,596/5521,34.04,31.51,30.42,29.1,31.92,31.92,31.92,0,29.36,30.42,29.1,30.36,4.662663,3.5022232E7,17,688249,20260408
300766.SZ,每日互动,29.22,-1.7484868863483511,29.7,29.7,37.93,7.23777212,597/5521,29.94,29.08,39,36.6,29.7,29.7,29.7,0,38.3,39,36.6,37.93,6.785411,4.5099647E7,33,300766,20260408
603258.SH,电魂网络,17.05,-2.849002849002849,17.39,17.39,18.23,7.23529412,598/5521,17.48,17.01,18.59,17.09,17.39,17.39,17.39,0,17.18,18.59,17.09,18.23,8.823529,8012805,17,603258,20260408
688312.SH,燕麦科技,70.07,1.6686012768427039,69.5,69.5,56.33,7.23396155,599/5521,70.59,67.3,56.83,52.89,69.5,69.5,69.5,0,54.2,56.83,52.89,56.33,7.500475,9452150,17,688312,20260408
300687.SZ,赛意信息,25.24,1.0408326661328984,24.78,24.78,19.42,7.23357261,600/5521,26.19,24.66,19.44,18.5,24.78,24.78,24.78,0,18.57,19.44,18.5,19.42,5.190502,9576775,33,300687,20260408
301282.SZ,金禄电子,39.57,-6.34319526627219,41.3,41.3,36.78,7.2303207,602/5521,41.8,39.51,36.84,34.86,41.3,41.3,41.3,0,35.06,36.84,34.86,36.78,5.772594,1.8604758E7,33,301282,20260408
300377.SZ,赢时胜,16.99,1.372315035799504,16.7,16.7,18.55,7.22543353,603/5521,17.62,16.65,18.8,17.7,16.7,16.7,16.7,0,17.82,18.8,17.7,18.55,6.358381,4.382441E7,33,300377,20260408
300331.SZ,苏大维格,53.01,0.7794676806083585,52.75,52.75,45.27,7.22406442,604/5521,53.9,52.2,45.5,42.69,52.75,52.75,52.75,0,43.31,45.5,42.69,45.27,6.655613,1.1750729E7,33,300331,20260408
002782.SZ,可立克,19.31,-1.5800203873598484,19.64,19.64,21.38,7.22166499,605/5521,19.78,19.15,21.42,20.51,19.64,19.64,19.64,0,20.51,21.42,20.51,21.38,4.563691,1.2369919E7,33,002782,20260408
300101.SZ,振芯科技,19.59,-0.40671072699543387,19.46,19.46,20.94,7.21966206,606/5521,19.93,19.17,20.95,20,19.46,19.46,19.46,0,20,20.95,20,20.94,4.864311,1.6617069E7,33,300101,20260408
920706.BJ,铁拓机械,22.67,1.1601963409192395,21.82,21.82,26.15,7.21607216,607/5521,22.75,21.82,27,25.39,21.82,21.82,21.82,0,27,27,25.39,26.15,6.601066,5395948,151,920706,20260408
301378.SZ,通达海,33.19,0.9735320961362954,33.4,33.4,32.69,7.21548049,608/5521,33.44,32.48,32.87,31.05,33.4,33.4,33.4,0,31.05,32.87,31.05,32.69,5.96917,2661600,33,301378,20260408
688130.SH,晶华微,27.1,7.326732673267332,25.35,25.35,21.4,7.21442886,609/5521,27.16,25.3,21.4,20.33,25.35,25.35,25.35,0,20.33,21.4,20.33,21.4,5.360721,1453215,17,688130,20260408
688082.SH,盛美上海,154.11,3.422589087980688,149.05,149.05,150.99,7.21437194,610/5521,157,148,150.99,145.6,149.05,149.05,149.05,0,147,150.99,145.6,150.99,3.827309,4271749,17,688082,20260408
688333.SH,铂力特,87.58,4.673120592805064,86.0,86,95.2,7.20720721,611/5521,88.14,84.85,95.31,90.99,86.0,86.0,86.0,0,91.09,95.31,90.99,95.2,4.864864,8151159,17,688333,20260408
920873.BJ,中设咨询,9.3,-1.3785790031813256,9.18,9.18,7.44,7.20461095,612/5521,10.39,9.15,7.53,7.04,9.18,9.18,9.18,0,7.06,7.53,7.04,7.44,7.060518,3787559,151,920873,20260408
000737.SZ,北方铜业,14.34,3.0913012221423415,14.4,14.4,13.88,7.18146718,613/5521,14.75,14.3,13.88,13.36,14.4,14.4,14.4,0,13.51,13.88,13.36,13.88,4.015444,6.0854944E7,33,000737,20260408
300990.SZ,同飞股份,80.39,-3.83971291866028,83.44,83.44,81.53,7.17759958,614/5521,83.6,79.98,81.85,78,83.44,83.44,83.44,0,78.49,81.85,78,81.53,5.061127,4341944,33,300990,20260408
600118.SH,中国卫星,102.8,4.972939854998458,97.01,97.01,80.81,7.17506631,615/5521,103.8,97.01,80.88,76.9,97.01,97.01,97.01,0,76.9,80.88,76.9,80.81,5.278514,4.4530377E7,17,600118,20260408
301160.SZ,翔楼新材,59.88,4.721930745015745,57.65,57.65,54.43,7.16676511,616/5521,60.5,57,54.52,51.99,57.65,57.65,57.65,0,52.31,54.52,51.99,54.43,4.981295,2362895,33,301160,20260408
301265.SZ,华新科技,26.06,0.2693343593689892,25.89,25.89,20.5,7.1615264,617/5521,26.65,25.62,20.7,19.42,25.89,25.89,25.89,0,19.44,20.7,19.42,20.5,6.691061,9091198,33,301265,20260408
600633.SH,浙数文化,13.12,-2.526002971768214,13.3,13.3,12.88,7.1547421,618/5521,13.35,13.03,12.89,12.3,13.3,13.3,13.3,0,12.33,12.89,12.3,12.88,4.908485,3.7538619E7,17,600633,20260408
920533.BJ,骏创科技,22.78,0.7964601769911491,22.6,22.6,22.77,7.15294118,619/5521,23.11,22.56,22.8,21.72,22.6,22.6,22.6,0,21.78,22.8,21.72,22.77,5.082352,2269861,151,920533,20260408
688004.SH,博汇科技,23.21,1.4423076923077005,22.88,22.88,22.64,7.14623758,620/5521,23.5,22.88,22.67,21.45,22.88,22.88,22.88,0,21.45,22.67,21.45,22.64,5.773781,1922688,17,688004,20260408
002426.SZ,胜利精密,3.72,0.0,3.72,3.72,3.6,7.14285714,621/5521,3.77,3.69,3.61,3.44,3.72,3.72,3.72,0,3.44,3.61,3.44,3.6,5.059523,1.58438161E8,33,002426,20260408
300855.SZ,图南股份,39.28,1.106821106821106,38.89,38.89,40.8,7.14285714,621/5521,40.12,38.64,41.2,38.91,38.89,38.89,38.89,0,38.96,41.2,38.91,40.8,6.013655,7236460,33,300855,20260408
301315.SZ,威士顿,51.05,1.1291600633914427,50.5,50.5,50.55,7.14285714,621/5521,52.26,50.5,50.8,48.12,50.5,50.5,50.5,0,48.12,50.8,48.12,50.55,5.680373,2147714,33,301315,20260408
300811.SZ,铂科新材,96.61,6.857648490211263,90.18,90.18,80.98,7.13057283,624/5521,98.75,89.3,81.08,77.6,90.18,90.18,90.18,0,78,81.08,77.6,80.98,4.603783,1.0955254E7,33,300811,20260408
300593.SZ,新雷能,28.59,-1.7188037126160192,29.0,29,24.64,7.13043478,625/5521,29.15,27.97,24.9,23.83,29.0,29.0,29.0,0,23.83,24.9,23.83,24.64,4.652173,2.1113151E7,33,300593,20260408
688376.SH,美埃科技,70.18,0.7031137896398466,69.65,69.65,65.84,7.1265864,626/5521,71.37,68.03,66.49,62.55,69.65,69.65,69.65,0,63.28,66.49,62.55,65.84,6.410673,2920322,17,688376,20260408
920978.BJ,开特股份,25.3,-4.239212717638156,26.16,26.16,27.67,7.12349981,627/5521,26.36,25.1,27.69,26.21,26.16,26.16,26.16,0,26.21,27.69,26.21,27.67,5.729771,3541083,151,920978,20260408
688595.SH,芯海科技,34.26,-1.5517241379310323,34.0,34,31.13,7.12319339,628/5521,34.77,33.51,31.13,29.9,34.0,34.0,34.0,0,30.3,31.13,29.9,31.13,4.232622,3288803,17,688595,20260408
002354.SZ,天娱数科,6.2,4.201680672268908,6.16,6.16,5.87,7.11678832,629/5521,6.43,6.06,5.88,5.58,6.16,6.16,6.16,0,5.59,5.88,5.58,5.87,5.474452,7.5813645E7,33,002354,20260408
688260.SH,昀冢科技,35.8,0.22396416573347788,35.82,35.82,27.26,7.11198428,630/5521,36.45,35.4,27.37,26.07,35.82,35.82,35.82,0,26.13,27.37,26.07,27.26,5.108055,3201529,17,688260,20260408
603626.SH,科森科技,25.16,5.008347245409012,23.8,23.8,24.26,7.10816777,631/5521,25.29,23.33,24.5,22.88,23.8,23.8,23.8,0,23.12,24.5,22.88,24.26,7.152317,3.4768213E7,17,603626,20260408
688317.SH,之江生物,19.5,-1.960784313725493,19.75,19.75,22.61,7.10563714,632/5521,19.87,19.4,22.98,21.01,19.75,19.75,19.75,0,21.3,22.98,21.01,22.61,9.33207,9495089,17,688317,20260408
688322.SH,奥比中光,79.58,2.0125624919881977,78.29,78.29,79.9,7.10455764,633/5521,80.37,77.54,79.98,77.56,78.29,78.29,78.29,0,77.56,79.98,77.56,79.9,3.243967,6787677,17,688322,20260408
603612.SH,索通发展,24.91,-2.771272443403594,25.5,25.5,26.24,7.10204082,634/5521,25.58,24.89,26.25,25.25,25.5,25.5,25.5,0,25.69,26.25,25.25,26.24,4.081632,1.5429172E7,17,603612,20260408
300587.SZ,天铁科技,6.16,0.6535947712418306,6.13,6.13,5.43,7.10059172,635/5521,6.19,6.06,5.45,5.2,6.13,6.13,6.13,0,5.2,5.45,5.2,5.43,4.930966,2.5504208E7,33,300587,20260408
300253.SZ,卫宁健康,8.64,1.1709601873536468,8.55,8.55,8.75,7.09914321,636/5521,8.7,8.47,8.76,8.35,8.55,8.55,8.55,0,8.4,8.76,8.35,8.75,5.018359,7.515395E7,33,300253,20260408
603556.SH,海兴电力,28.72,-2.6110545947778894,29.0,29,34.7,7.09876543,637/5521,29.56,28.61,35.1,33.08,29.0,29.0,29.0,0,33.08,35.1,33.08,34.7,6.234567,4724103,17,603556,20260408
601360.SH,三六零,11.17,1.9160583941605753,11.35,11.35,11.02,7.09426628,638/5521,11.42,11.15,11.06,10.53,11.35,11.35,11.35,0,10.55,11.06,10.53,11.02,5.150631,1.38667041E8,17,601360,20260408
301626.SZ,苏州天脉,279.16,3.638253638253642,271.0,271,259.8,7.08985985,639/5521,280,266.29,261.72,247.62,271.0,271.0,271.0,0,247.62,261.72,247.62,259.8,5.812036,3099890,33,301626,20260408
688727.SH,恒坤新材,50.46,2.8536485935589044,49.55,49.55,49.62,7.07811826,640/5521,50.78,49.4,49.64,47.5,49.55,49.55,49.55,0,47.8,49.64,47.5,49.62,4.61804,3920252,17,688727,20260408
601068.SH,中铝国际,6.22,0.0,6.19,6.19,6.21,7.06896552,641/5521,6.26,6.08,6.22,5.9,6.19,6.19,6.19,0,5.95,6.22,5.9,6.21,5.517241,3.3701265E7,17,601068,20260408
002261.SZ,拓维信息,35.44,1.5181896304783764,34.97,34.97,36.2,7.06891452,642/5521,35.79,34.7,36.3,34.98,34.97,34.97,34.97,0,35,36.3,34.98,36.2,3.90417,1.36335949E8,33,002261,20260408
300450.SZ,先导智能,55.22,-1.057158215373595,55.55,55.55,50.91,7.06624606,643/5521,56.33,55,50.93,48.81,55.55,55.55,55.55,0,49,50.93,48.81,50.91,4.458464,6.6563474E7,33,300450,20260408
600961.SH,株冶集团,26.49,-4.402742692168901,27.47,27.47,18.2,7.05882353,644/5521,27.92,26.42,18.23,17.61,27.47,27.47,27.47,0,17.73,18.23,17.61,18.2,3.647058,1.8786177E7,17,600961,20260408
601601.SH,中国太保,37.23,-1.0366826156299855,37.39,37.39,39.9,7.0566139,645/5521,38.46,37.07,40.16,37.99,37.39,37.39,37.39,0,37.99,40.16,37.99,39.9,5.822377,5.1427839E7,17,601601,20260408
000823.SZ,超声电子,14.88,-2.040816326530604,15.22,15.22,13.66,7.05329154,646/5521,15.35,14.68,13.67,13.08,15.22,15.22,15.22,0,13.08,13.67,13.08,13.66,4.623824,2.4674141E7,33,000823,20260408
688515.SH,裕太微,172.6,13.418320410040732,152.0,152,129.17,7.05287585,647/5521,176,152,129.5,124.04,152.0,152.0,152.0,0,125,129.5,124.04,129.17,4.525111,2048759,17,688515,20260408
688500.SH,慧辰股份,46.63,-1.769538655993251,47.21,47.21,51.17,7.05020921,648/5521,47.33,46.2,51.33,48.82,47.21,47.21,47.21,0,48.82,51.33,48.82,51.17,5.251046,1520181,17,688500,20260408
688051.SH,佳华科技,42.02,1.8419777023751942,40.83,40.83,31.78,7.03940721,649/5521,43,40.79,32.5,30.28,40.83,40.83,40.83,0,30.28,32.5,30.28,31.78,7.477265,774072,17,688051,20260408
001256.SZ,炜冈科技,25.11,0.6009615384615328,25.04,25.04,22.67,7.03493862,650/5521,25.3,24.69,23.18,21.44,25.04,25.04,25.04,0,21.55,23.18,21.44,22.67,8.215297,5261001,33,001256,20260408
301110.SZ,青木科技,67.28,-1.8096906012842893,68.0,68,60.26,7.03374778,651/5521,69.07,67.07,60.94,57,68.0,68.0,68.0,0,57.2,60.94,57,60.26,6.998223,3604332,33,301110,20260408
301052.SZ,果麦文化,32.24,0.530090427190526,32.07,32.07,34.1,7.03075957,652/5521,32.49,31.68,34.16,32.44,32.07,32.07,32.07,0,32.582,34.142,32.422,34.08,5.398618,5108199,33,301052,20260408
300118.SZ,东方日升,17.74,3.5610040863981287,17.0,17,16.6,7.02772405,653/5521,17.79,16.8,16.95,15.88,17.0,17.0,17.0,0,15.92,16.95,15.88,16.6,6.898774,7.1977778E7,33,300118,20260408
600547.SH,山东黄金,34.38,-2.8813559322033786,34.55,34.55,42.49,7.02770781,654/5521,35.03,33.9,42.98,41.49,34.55,34.55,34.55,0,41.68,42.98,41.49,42.49,3.753148,6.6363712E7,17,600547,20260408
301293.SZ,三博脑科,64.12,0.3757044458359455,63.59,63.59,69.15,7.02677604,655/5521,64.49,63.55,69.18,66.28,63.59,63.59,63.59,0,66.38,69.18,66.28,69.15,4.488469,1.1763825E7,33,301293,20260408
600711.SH,盛屯矿业,13.76,-1.220387652548456,13.8,13.8,14.47,7.02662722,656/5521,13.97,13.58,14.55,13.98,13.8,13.8,13.8,0,14.19,14.55,13.98,14.47,4.215976,1.74758491E8,17,600711,20260408
688160.SH,步科股份,107.42,4.697855750487337,101.93,101.93,108.48,7.02446725,657/5521,108.98,101.93,108.91,104.8,101.93,101.93,101.93,0,104.8,108.91,104.8,108.48,4.054853,2219217,17,688160,20260408
300612.SZ,宣亚国际,15.19,0.6626905235255113,15.13,15.13,15.56,7.01513067,658/5521,15.22,14.95,15.59,14.83,15.13,15.13,15.13,0,14.9,15.59,14.83,15.56,5.22696,1.229695E7,33,300612,20260408
688388.SH,嘉元科技,50.18,-1.8003913894324886,50.94,50.94,45.85,7.00116686,659/5521,51.29,49.23,46.33,43.6,50.94,50.94,50.94,0,44.38,46.33,43.6,45.85,6.371061,2.9961679E7,17,688388,20260408
000021.SZ,深科技,29.22,-0.034211426616495254,29.58,29.58,27.83,6.99730873,660/5521,29.67,28.78,27.84,26.82,29.58,29.58,29.58,0,26.99,27.84,26.82,27.83,3.921568,9.5468026E7,33,000021,20260408
300737.SZ,科顺股份,6.81,-0.14662756598241458,6.77,6.77,6.27,6.99658703,661/5521,6.96,6.76,6.38,6.17,6.77,6.77,6.77,0,6.2,6.38,6.17,6.27,3.583617,2.3081863E7,33,300737,20260408
002197.SZ,证通电子,8.05,0.7509386733416833,7.98,7.98,7.96,6.98924731,662/5521,8.07,7.92,7.98,7.69,7.98,7.98,7.98,0,7.69,7.98,7.69,7.96,3.897849,1.998964E7,33,002197,20260408
002169.SZ,智光电气,13.1,1.3147718484145392,12.85,12.85,14.85,6.98847262,663/5521,13.19,12.81,14.88,14.25,12.85,12.85,12.85,0,14.29,14.88,14.25,14.85,4.538904,3.0840675E7,33,002169,20260408
688173.SH,希荻微,16.8,8.177720540888613,15.7,15.7,14.24,6.98722765,664/5521,17.12,15.6,14.26,13.65,15.7,15.7,15.7,0,13.65,14.26,13.65,14.24,4.58302,6489771,17,688173,20260408
688686.SH,奥普特,109.31,2.7349624060150344,108.0,108,95.41,6.98587127,665/5521,110.88,104.98,95.85,91.55,108.0,108.0,108.0,0,91.55,95.85,91.55,95.41,4.821708,1440181,17,688686,20260408
301192.SZ,泰祥股份,27.73,0.9832483612527296,27.44,27.44,27.88,6.98388335,666/5521,28.47,27.27,28.22,26.73,27.44,27.44,27.44,0,26.73,28.22,26.73,27.88,5.717574,2274807,33,301192,20260408
301262.SZ,海看股份,23.67,-0.8793969849246118,23.8,23.8,23.9,6.98299015,667/5521,23.91,23.58,23.95,22.74,23.8,23.8,23.8,0,22.76,23.95,22.74,23.9,5.416293,7609462,33,301262,20260408
001332.SZ,锡装股份,62.8,-1.828982335469754,63.94,63.94,55.98,6.97496656,668/5521,63.95,62,56.2,53.5,63.94,63.94,63.94,0,53.5,56.2,53.5,55.98,5.159564,2460992,33,001332,20260408
002881.SZ,美格智能,39.07,0.6439979392065945,38.93,38.93,38.4,6.9637883,669/5521,39.3,38.5,38.45,36.8,38.93,38.93,38.93,0,37,38.45,36.8,38.4,4.5961,6039186,33,002881,20260408
688599.SH,天合光能,17.36,7.425742574257422,16.98,16.98,16.3,6.95538058,670/5521,17.88,16.98,16.31,15.57,16.98,16.98,16.98,0,15.61,16.31,15.57,16.3,4.855643,4.6293768E7,17,688599,20260408
688308.SH,欧科亿,95.64,1.8855864493448342,93.87,93.87,90.9,6.95375927,671/5521,97.84,93.01,92.58,85.58,93.87,93.87,93.87,0,87.8,92.58,85.58,90.9,8.236263,1.222976E7,17,688308,20260408
688291.SH,金橙子,46.18,3.2185963343763917,44.35,44.35,41.07,6.953125,672/5521,46.54,44.35,41.11,39.07,44.35,44.35,44.35,0,39.4,41.11,39.07,41.07,5.3125,2770849,17,688291,20260408
601108.SH,财通证券,8.27,0.608272506082712,8.24,8.24,8.31,6.94980695,673/5521,8.47,8.18,8.34,7.89,8.24,8.24,8.24,0,7.9,8.34,7.89,8.31,5.791505,9.8165534E7,17,601108,20260408
601179.SH,中国西电,16.92,-1.3411078717200986,17.15,17.15,16.01,6.94722779,674/5521,17.22,16.8,16.02,15.35,17.15,17.15,17.15,0,15.35,16.02,15.35,16.01,4.475617,2.12000645E8,17,601179,20260408
301237.SZ,和顺科技,67.66,-2.577393808495329,68.8,68.8,55.59,6.94497884,675/5521,69.9,66.8,56.41,52.51,68.8,68.8,68.8,0,53.54,56.41,52.51,55.59,7.502885,1161248,33,301237,20260408
301628.SZ,强达电路,104.92,-1.1866641552081418,107.2,107.2,106.87,6.9448614,676/5521,107.88,104.6,106.88,102.28,107.2,107.2,107.2,0,103.6,106.88,102.28,106.87,4.603222,2287753,33,301628,20260408
301205.SZ,联特科技,235.4,-1.4732965009208028,245.62,245.62,232.39,6.94431661,677/5521,245.62,229.18,233,225,245.62,245.62,245.62,0,225.15,233,225,232.39,3.681546,1.1617894E7,33,301205,20260408
601231.SH,环旭电子,37.8,-6.156901688182731,41.0,41,35.12,6.94275274,678/5521,41,37.8,35.3,34.11,41.0,41.0,41.0,0,34.11,35.3,34.11,35.12,3.623629,4.8899033E7,17,601231,20260408
002970.SZ,锐明技术,69.78,-3.284823284823291,71.19,71.19,66.09,6.94174757,679/5521,71.91,69.52,66.3,63.6,71.19,71.19,71.19,0,63,65.7,63,65.49,4.368932,5016300,33,002970,20260408
600331.SH,宏达股份,18.14,-1.0905125408942165,18.13,18.13,15.88,6.93602694,680/5521,18.42,17.81,15.97,15.39,18.13,18.13,18.13,0,15.4,15.97,15.39,15.88,3.905723,7.6365096E7,17,600331,20260408
301000.SZ,肇民科技,27.36,-0.14598540145985092,27.32,27.32,29.91,6.93600286,681/5521,27.81,27.13,29.92,28.56,27.32,27.32,27.32,0,28.79,29.92,28.56,29.91,4.862352,5733818,33,301000,20260408
688223.SH,晶科能源,6.65,3.5825545171339632,6.42,6.42,6.63,6.93548387,682/5521,6.72,6.42,6.69,6.35,6.42,6.42,6.42,0,6.41,6.69,6.35,6.63,5.48387,2.01618332E8,17,688223,20260408
688080.SH,映翰通,44.77,-0.8416389811738548,45.08,45.08,54.31,6.93049813,683/5521,45.22,44.58,54.48,52.18,45.08,45.08,45.08,0,52.3,54.48,52.18,54.31,4.52845,1999124,17,688080,20260408
300444.SZ,双杰电气,15.77,-4.250151791135393,16.47,16.47,13.89,6.92840647,684/5521,16.48,15.68,13.91,13.41,16.47,16.47,16.47,0,13.48,13.91,13.41,13.89,3.849114,4.4953418E7,33,300444,20260408
600255.SH,鑫科材料,3.65,0.5509641873278242,3.63,3.63,3.55,6.92771084,685/5521,3.68,3.62,3.58,3.45,3.63,3.63,3.63,0,3.48,3.58,3.45,3.55,3.915662,8.5412812E7,17,600255,20260408
603186.SH,华正新材,79.18,-1.9199801808497425,80.2,80.2,70.87,6.92516596,686/5521,80.99,77.01,71.6,68.01,80.2,80.2,80.2,0,68.01,71.6,68.01,70.87,5.416415,1.9071342E7,17,603186,20260408
300494.SZ,盛天网络,11.03,-1.868327402135239,11.18,11.18,11.89,6.92446043,687/5521,11.27,10.96,11.92,11.37,11.18,11.18,11.18,0,11.38,11.92,11.37,11.89,4.946043,1.521102E7,33,300494,20260408
300909.SZ,汇创达,46.88,3.8776866829160204,45.15,45.15,39.4,6.91994573,688/5521,47.5,44.66,39.89,37.67,45.15,45.15,45.15,0,37.92,39.89,37.67,39.4,6.024423,3307654,33,300909,20260408
605168.SH,三人行,47.06,-2.969072164948449,48.76,48.76,36.78,6.91860465,689/5521,49.73,45.66,36.95,35.1,48.76,48.76,48.76,0,35.55,36.95,35.1,36.78,5.377906,5499983,17,605168,20260408
920885.BJ,星辰科技,18.23,-0.10958904109588807,18.25,18.25,19.63,6.91721133,690/5521,18.49,18.13,19.77,18.82,18.25,18.25,18.25,0,19,19.77,18.82,19.63,5.174291,3262543,151,920885,20260408
300179.SZ,四方达,29.06,0.379965457685663,29.42,29.42,23.81,6.91513247,691/5521,29.85,28.5,23.86,22.5,29.42,29.42,29.42,0,22.6,23.86,22.5,23.81,6.10687,6.2900242E7,33,300179,20260408
688585.SH,上纬新材,119.92,3.3258659314147847,117.3,117.3,125.09,6.91452991,692/5521,123.8,117.07,127.58,120.35,117.3,117.3,117.3,0,120.35,127.58,120.35,125.09,6.179487,5277223,17,688585,20260408
300328.SZ,宜安科技,18.06,1.6319639842431015,17.84,17.84,17.64,6.90909091,693/5521,18.3,17.7,17.74,16.8,17.84,17.84,17.84,0,16.96,17.74,16.8,17.64,5.696969,7.008824E7,33,300328,20260408
688522.SH,纳睿雷达,34.95,1.5103107754865035,34.55,34.55,32.65,6.90897184,694/5521,35.1,34.21,32.8,31.15,34.55,34.55,34.55,0,31.3,32.8,31.15,32.65,5.40275,4648339,17,688522,20260408
300226.SZ,上海钢联,24.81,1.017915309446254,24.6,24.6,25.23,6.90677966,695/5521,25.3,24.38,25.3,24.21,24.6,24.6,24.6,0,24.21,25.3,24.21,25.23,4.618644,1.1090009E7,33,300226,20260408
000636.SZ,风华高科,25.09,-0.7515822784810177,25.51,25.51,19.83,6.90026954,696/5521,25.58,24.54,20.41,19.19,25.51,25.51,25.51,0,19.19,20.41,19.19,19.83,6.576819,1.02388822E8,33,000636,20260408
300368.SZ,汇金股份,10.2,0.4926108374384131,10.19,10.19,11.31,6.89981096,697/5521,10.39,10.13,11.45,10.85,10.19,10.19,10.19,0,10.85,11.45,10.85,11.31,5.671077,2.83114E7,33,300368,20260408
300570.SZ,太辰光,135.92,-1.699573298618661,140.71,140.71,122.95,6.89445314,698/5521,144.52,135.6,123.41,116.51,140.71,140.71,140.71,0,117.44,123.41,116.51,122.95,5.998956,3.0249267E7,33,300570,20260408
300823.SZ,建科智能,18.81,0.37353255069370483,18.61,18.61,16.9,6.89437065,699/5521,18.85,18.22,16.95,16.1,18.61,18.61,18.61,0,16.45,16.95,16.1,16.9,5.376344,3806460,33,300823,20260408
688320.SH,禾川科技,33.73,1.2304921968787412,33.32,33.32,31.05,6.88468158,700/5521,34.07,32.92,31.25,29.6,33.32,33.32,33.32,0,29.63,31.25,29.6,31.05,5.679862,3099867,17,688320,20260408
920992.BJ,中科美菱,15.19,0.6626905235255113,15.07,15.07,15.06,6.88431512,701/5521,15.6,15,15.1,14.29,15.07,15.07,15.07,0,14.46,15.1,14.29,15.06,5.748757,1772330,151,920992,20260408
920091.BJ,大鹏工业,51.15,1.953358580825188,51.0,51,60.28,6.87943262,702/5521,51.99,50,60.45,57.46,51.0,51.0,51.0,0,57.46,60.45,57.46,60.28,5.301418,1242876,151,920091,20260408
300167.SZ,ST迪威迅,5.71,-9.936908517350156,5.8,5.8,6.06,6.87830688,703/5521,5.97,5.12,6.07,5.77,5.8,5.8,5.8,0,5.85,6.07,5.77,6.06,5.291005,8273300,33,300167,20260408
688216.SH,气派科技,30.64,6.425842306356379,29.29,29.29,28.76,6.87476774,704/5521,31.49,28.82,28.77,27.48,29.29,29.29,29.29,0,27.48,28.77,27.48,28.76,4.793756,2049846,17,688216,20260408
688095.SH,福昕软件,78.46,1.6321243523315945,77.81,77.81,74.79,6.8733924,705/5521,79.72,76.93,74.8,71.41,77.81,77.81,77.81,0,71.6,74.8,71.41,74.79,4.844241,2190635,17,688095,20260408
300399.SZ,天利科技,22.03,1.6143911439114458,21.89,21.89,21.46,6.87250996,706/5521,22.65,21.68,21.49,20.5,21.89,21.89,21.89,0,20.99,21.49,20.5,21.46,4.930278,6846930,33,300399,20260408
002029.SZ,七匹狼,11.12,-0.9795191451469386,11.33,11.33,10.27,6.86784599,707/5521,11.56,11.09,10.29,9.9,11.33,11.33,11.33,0,9.9,10.29,9.9,10.27,4.058272,2.107809E7,33,002029,20260408
300315.SZ,掌趣科技,5.01,1.0080645161290287,4.94,4.94,4.98,6.86695279,708/5521,5.02,4.91,4.98,4.76,4.94,4.94,4.94,0,4.76,4.98,4.76,4.98,4.72103,1.05069606E8,33,300315,20260408
600031.SH,三一重工,20.35,-0.7317073170731638,20.07,20.07,20.86,6.8647541,709/5521,20.78,19.98,20.94,20.2,20.07,20.07,20.07,0,20.2,20.94,20.2,20.86,3.790983,1.19092726E8,17,600031,20260408
603171.SH,税友股份,55.29,-0.5575539568345365,55.6,55.6,52.2,6.85772774,710/5521,56.06,54.91,52.31,49.81,55.6,55.6,55.6,0,50,52.31,49.81,52.2,5.117707,4871700,17,603171,20260408
688111.SH,金山办公,251.94,1.075182540319348,250.0,250,242.78,6.85739437,711/5521,254.82,249.4,243,232.32,250.0,250.0,250.0,0,232.5,243,232.32,242.78,4.700704,7316856,17,688111,20260408
600391.SH,航发科技,37.19,2.4235747727898524,35.9,35.9,40.68,6.85579196,712/5521,38.58,35.9,40.83,38.39,35.9,35.9,35.9,0,38.39,40.83,38.39,40.68,6.409246,1.392711E7,17,600391,20260408
605598.SH,上海港湾,48.3,6.9293779056896065,45.0,45,48.48,6.85474983,713/5521,49.58,44.6,48.84,46,45.0,45.0,45.0,0,46.1,48.84,46,48.48,6.259642,4159000,17,605598,20260408
300027.SZ,ST华谊,1.82,4.5977011494252915,1.75,1.75,1.56,6.84931507,714/5521,1.88,1.75,1.57,1.49,1.75,1.75,1.75,0,1.49,1.57,1.49,1.56,5.479452,1.217568E8,33,300027,20260408
600183.SH,生益科技,76.51,-1.9102564102564037,79.0,79,58.98,6.84782609,715/5521,80.45,76.32,59.11,56.68,79.0,79.0,79.0,0,57,59.11,56.68,58.98,4.402173,6.8697521E7,17,600183,20260408
002279.SZ,久其软件,7.52,-5.408805031446548,7.9,7.9,8.43,6.84410646,716/5521,7.9,7.44,8.44,8.08,7.9,7.9,7.9,0,8.08,8.44,8.08,8.43,4.562737,3.5822418E7,33,002279,20260408
300623.SZ,捷捷微电,28.95,1.436580238262089,28.69,28.69,28.42,6.84210526,717/5521,29.09,28.5,28.46,27.33,28.69,28.69,28.69,0,27.66,28.46,27.33,28.42,4.24812,1.7551731E7,33,300623,20260408
000672.SZ,上峰水泥,14.0,6.141015921152393,13.4,13.4,13.59,6.83962264,718/5521,14.15,13.03,13.62,12.9,13.4,13.4,13.4,0,12.95,13.62,12.9,13.59,5.660377,1.6233625E7,33,000672,20260408
920415.BJ,恒拓开源,12.33,1.8166804293971979,12.22,12.22,12.82,6.83333333,719/5521,12.67,12.07,12.89,12.3,12.22,12.22,12.22,0,12.3,12.89,12.3,12.82,4.916666,2584002,151,920415,20260408
300638.SZ,广和通,22.45,-0.22222222222222537,22.55,22.55,25.37,6.82105263,720/5521,22.62,22.21,25.39,24.3,22.55,22.55,22.55,0,24.3,25.39,24.3,25.37,4.589473,1.8887359E7,33,300638,20260408
601899.SH,紫金矿业,33.3,-2.4604569420035247,33.7,33.7,34.62,6.81888306,721/5521,34.02,33.08,34.76,34,33.7,33.7,33.7,0,34,34.76,34,34.62,2.344955,4.07954111E8,17,601899,20260408
300751.SZ,迈为股份,238.88,7.914709071196233,222.22,222.22,228.2,6.81520315,722/5521,240.32,219.46,232,218.79,222.22,222.22,222.22,0,218.79,232,218.79,228.2,6.183299,1.259567E7,33,300751,20260408
688060.SH,云涌科技,47.63,2.2103004291845516,45.72,45.72,46.08,6.81502086,723/5521,47.8,45.72,46.1,44.01,45.72,45.72,45.72,0,44.01,46.1,44.01,46.08,4.844691,591591,17,688060,20260408
600556.SH,天下秀,5.95,-0.5016722408026797,5.98,5.98,6.27,6.81431005,724/5521,6.03,5.9,6.3,5.95,5.98,5.98,5.98,0,5.99,6.3,5.95,6.27,5.962521,8.3381542E7,17,600556,20260408
301667.SZ,纳百川,110.2,1.8955154877484948,108.03,108.03,85.48,6.80994627,725/5521,111.99,106.97,87,80.99,108.03,108.03,108.03,0,80.99,87,80.99,85.48,7.509683,6197260,33,301667,20260408
688122.SH,西部超导,64.72,2.94257992683315,62.2,62.2,73.27,6.80758017,726/5521,65.16,61.78,73.3,70.32,62.2,62.2,62.2,0,70.32,73.3,70.32,73.27,4.344023,1.4561875E7,17,688122,20260408
920116.BJ,星图测控,100.8,4.531784714300518,96.41,96.41,91.0,6.80751174,727/5521,101.6,95.99,92.88,87.61,96.41,96.41,96.41,0,88,92.88,87.61,91.0,6.185446,3665623,151,920116,20260408
301031.SZ,中熔电气,160.4,-2.764306498545103,164.0,164,145.76,6.80735693,728/5521,165.44,159.34,146.86,138.97,164.0,164.0,164.0,0,140,146.86,138.97,145.76,5.78149,2626183,33,301031,20260408
301013.SZ,利和兴,25.25,1.405622489959845,24.92,24.92,22.76,6.80431722,729/5521,25.4,24.92,22.9,21.83,24.92,24.92,24.92,0,21.93,22.9,21.83,22.76,5.021116,9294744,33,301013,20260408
300310.SZ,宜通世纪,5.72,-1.0380622837370328,5.8,5.8,6.28,6.80272109,730/5521,5.82,5.69,6.29,6.04,5.8,5.8,5.8,0,6.07,6.29,6.04,6.28,4.2517,4.1956514E7,33,300310,20260408
300426.SZ,华智数媒,7.5,0.9421265141319016,7.43,7.43,7.7,6.7961165,731/5521,7.52,7.38,7.71,7.33,7.43,7.43,7.43,0,7.33,7.71,7.33,7.7,5.270457,9503100,33,300426,20260408
301025.SZ,读客文化,11.25,0.5361930294906211,11.21,11.21,11.0,6.7961165,731/5521,11.28,11,11.01,10.44,11.21,11.21,11.21,0,10.44,11.01,10.44,11.0,5.53398,9117572,33,301025,20260408
920593.BJ,鼎智科技,27.43,2.6187803965581717,26.59,26.59,25.81,6.785271,733/5521,27.6,26.57,25.82,24.56,26.59,26.59,26.59,0,24.56,25.82,24.56,25.81,5.213074,2165293,151,920593,20260408
688325.SH,赛微微电,121.91,2.1278378151964414,117.89,117.89,121.5,6.78502373,734/5521,123.88,114.84,122.99,116.8,117.89,117.89,117.89,0,116.88,122.99,116.8,121.5,5.440323,1735519,17,688325,20260408
603496.SH,恒为科技,30.51,1.026490066225173,30.0,30,28.82,6.780289,735/5521,30.55,29.56,28.9,27.7,30.0,30.0,30.0,0,27.7,28.9,27.7,28.82,4.446091,1.9339146E7,17,603496,20260408
301629.SZ,矽电股份,305.13,-1.1564625850340113,312.0,312,253.83,6.77688036,736/5521,316.06,304,254.5,243,312.0,312.0,312.0,0,245,254.5,243,253.83,4.837624,1071679,33,301629,20260408
688045.SH,必易微,60.65,3.1989110090181985,58.69,58.69,46.01,6.77651427,737/5521,61.98,57.82,46.07,44.2,58.69,58.69,58.69,0,44.44,46.07,44.2,46.01,4.339754,1858463,17,688045,20260408
688147.SH,微导纳米,79.36,8.623049548316448,72.57,72.57,66.27,6.76655389,738/5521,80.81,72.5,66.48,64.08,72.57,72.57,72.57,0,64.49,66.48,64.08,66.27,3.866602,7620071,17,688147,20260408
600831.SH,广电网络,3.86,-0.5154639175257737,3.9,3.9,3.79,6.76056338,739/5521,3.95,3.81,3.81,3.62,3.9,3.9,3.9,0,3.65,3.81,3.62,3.79,5.352112,1.7422476E7,17,600831,20260408
688620.SH,安凯微,13.44,4.428904428904431,12.88,12.88,10.9,6.75808031,741/5521,13.72,12.83,10.91,10.5,12.88,12.88,12.88,0,10.5,10.91,10.5,10.9,4.01567,5518911,17,688620,20260408
605058.SH,澳弘电子,34.48,-1.654306902452953,35.08,35.08,34.76,6.75675676,742/5521,35.38,34.26,34.88,33.02,35.08,35.08,35.08,0,33.34,34.88,33.02,34.76,5.71253,4632750,17,605058,20260408
301503.SZ,智迪科技,35.82,0.7311586051743476,35.43,35.43,36.82,6.75558133,743/5521,35.89,35.35,36.83,35.2,35.43,35.43,35.43,0,35.2,36.83,35.2,36.82,4.726007,1510600,33,301503,20260408
300666.SZ,江丰电子,179.71,2.463082273789852,172.0,172,159.61,6.75540098,744/5521,191.11,169,160.65,149.6,172.0,172.0,172.0,0,150.54,160.65,149.6,159.61,7.390809,1.5959431E7,33,300666,20260408
000933.SZ,神火股份,32.13,-2.783661119515869,32.7,32.7,34.14,6.75422139,745/5521,32.8,31.74,34.5,32.88,32.7,32.7,32.7,0,33.03,34.5,32.88,34.14,5.065666,7.29114E7,33,000933,20260408
603063.SH,禾望电气,43.88,4.153809636838357,42.42,42.42,31.62,6.75219446,746/5521,45.05,42.27,31.77,30.16,42.42,42.42,42.42,0,30.16,31.77,30.16,31.62,5.435516,2.4982847E7,17,603063,20260408
301413.SZ,安培龙,100.69,1.8820196296671046,98.57,98.57,120.2,6.74955595,747/5521,101.86,97.5,120.25,115.5,98.57,98.57,98.57,0,116.21,120.25,115.5,120.2,4.218472,3375327,33,301413,20260408
603699.SH,纽威股份,62.74,5.039343713376871,62.55,62.55,51.74,6.7464411,748/5521,65.6,61.51,52.5,50.6,62.55,62.55,62.55,0,51,52.5,50.6,51.74,3.91995,8853487,17,603699,20260408
002290.SZ,禾盛新材,81.28,5.627030539311239,78.88,78.88,63.99,6.73894912,749/5521,82.48,76.6,64.75,61.71,78.88,78.88,78.88,0,61.71,64.75,61.71,63.99,5.070892,6838700,33,002290,20260408
301117.SZ,佳缘科技,43.9,1.8325214567385737,42.95,42.95,43.72,6.73828125,750/5521,44.49,42.4,43.74,42.01,42.95,42.95,42.95,0,42.7,43.74,42.01,43.72,4.223632,5364958,33,301117,20260408
000524.SZ,岭南控股,10.16,-1.8357487922705267,10.36,10.36,11.25,6.73624288,751/5521,10.41,10.12,11.54,10.9,10.36,10.36,10.36,0,10.9,11.54,10.9,11.25,6.072106,2.2044046E7,33,000524,20260408
300244.SZ,迪安诊断,19.34,-0.7696254489481713,19.48,19.48,19.65,6.73546985,752/5521,19.6,19.01,19.7,18.8,19.48,19.48,19.48,0,18.98,19.7,18.8,19.65,4.888647,3.0841279E7,33,300244,20260408
300409.SZ,道氏技术,26.93,-1.8943533697632042,27.26,27.26,25.85,6.72997523,753/5521,27.58,26.75,25.85,24.81,27.26,27.26,27.26,0,25.01,25.85,24.81,25.85,4.293971,3.1802896E7,33,300409,20260408
688400.SH,凌云光,59.32,20.008092251669026,50.91,50.91,45.2,6.729634,754/5521,59.32,50.4,45.2,43.37,50.91,50.91,50.91,0,43.75,45.2,43.37,45.2,4.321133,1.5422919E7,17,688400,20260408
002765.SZ,蓝黛科技,9.42,-0.5279831045406622,9.45,9.45,10.31,6.72877847,755/5521,9.46,9.31,10.33,9.84,9.45,9.45,9.45,0,9.84,10.33,9.84,10.31,5.072463,1.8503342E7,33,002765,20260408
603955.SH,大千生态,25.99,-2.035431586882784,26.45,26.45,26.08,6.71031097,756/5521,26.51,25.82,26.58,24.66,26.45,26.45,26.45,0,24.91,26.58,24.66,26.08,7.855973,2135150,17,603955,20260408
603269.SH,海鸥股份,14.92,0.6747638326585671,15.03,15.03,13.84,6.7077872,757/5521,15.03,14.75,13.96,13.31,15.03,15.03,15.03,0,13.31,13.96,13.31,13.84,5.011565,1.777229E7,17,603269,20260408
002409.SZ,雅克科技,84.71,0.9173218965927997,85.54,85.54,83.7,6.70576237,758/5521,86.76,84.45,83.8,81,85.54,85.54,85.54,0,81.26,83.8,81,83.7,3.569607,1.1668859E7,33,002409,20260408
688699.SH,明微电子,55.43,20.004329941545794,50.93,50.93,45.37,6.70272813,759/5521,55.43,50.93,45.39,43.5,50.93,50.93,50.93,0,43.5,45.39,43.5,45.37,4.444967,2286322,17,688699,20260408
688607.SH,康众医疗,66.03,5.09310838771288,64.0,64,63.71,6.69904539,760/5521,66.5,62.3,63.73,60.31,64.0,64.0,64.0,0,60.93,63.73,60.31,63.71,5.727683,2691568,17,688607,20260408
603160.SH,汇顶科技,64.89,0.27816411682893966,64.38,64.38,67.86,6.69811321,761/5521,65.15,64,68.2,64.91,64.38,64.38,64.38,0,65,68.2,64.91,67.86,5.172955,7742575,17,603160,20260408
301095.SZ,广立微,83.7,1.9116035553391058,82.5,82.5,71.23,6.69562612,762/5521,84.84,81.85,71.28,68.41,82.5,82.5,82.5,0,69.3,71.28,68.41,71.23,4.298981,6485675,33,301095,20260408
300211.SZ,*ST亿通,8.9,1.7142857142857184,8.77,8.77,8.13,6.69291339,763/5521,8.93,8.75,8.14,7.84,8.77,8.77,8.77,0,7.84,8.14,7.84,8.13,3.937007,3399821,33,300211,20260408
920821.BJ,则成电子,22.0,-0.990099009900985,22.48,22.48,21.84,6.69272106,764/5521,22.48,21.8,21.9,20.92,22.48,22.48,22.48,0,21.16,21.9,20.92,21.84,4.787493,2746952,151,920821,20260408
002703.SZ,浙江世宝,17.03,-2.07015526164462,17.46,17.46,19.45,6.6922655,765/5521,17.57,16.91,19.49,18.61,17.46,17.46,17.46,0,18.61,19.49,18.61,19.45,4.827207,4.3930591E7,33,002703,20260408
300047.SZ,天源迪科,12.34,-0.5640612409347323,12.4,12.4,12.28,6.68983493,766/5521,12.49,12.32,12.29,11.74,12.4,12.4,12.4,0,11.74,12.29,11.74,12.28,4.778453,2.1478011E7,33,300047,20260408
301012.SZ,扬电科技,35.23,-2.598838816698935,36.2,36.2,29.83,6.68812589,767/5521,36.9,35.16,29.92,28.66,36.2,36.2,36.2,0,28.76,29.92,28.66,29.83,4.506437,9629833,33,301012,20260408
600549.SH,厦门钨业,57.78,-2.841768959139058,58.5,58.5,57.96,6.6813915,769/5521,60.07,57.4,58,55.7,58.5,58.5,58.5,0,56,58,55.7,57.96,4.233388,6.5614904E7,17,600549,20260408
300949.SZ,奥雅股份,40.63,1.2964348042882152,40.11,40.11,39.13,6.67938931,770/5521,40.96,40.11,39.25,37.4,40.11,40.11,40.11,0,37.8,39.25,37.4,39.13,5.04362,1212600,33,300949,20260408
301236.SZ,软通动力,39.44,0.0,39.2,39.2,39.29,6.6793375,771/5521,39.84,38.95,39.3,37.9,39.2,39.2,39.2,0,37.99,39.3,37.9,39.29,3.801248,2.0375439E7,33,301236,20260408
603637.SH,镇海股份,16.88,5.040448039825754,16.06,16.06,13.58,6.67714061,772/5521,17.12,15.98,13.87,12.7,16.06,16.06,16.06,0,12.87,13.87,12.7,13.58,9.190887,3.2798584E7,17,603637,20260408
001336.SZ,楚环科技,28.92,-0.5159958720330189,28.29,28.29,27.05,6.66403785,773/5521,29.23,28,27.14,25.76,28.29,28.29,28.29,0,26,27.14,25.76,27.05,5.44164,2460110,33,001336,20260408
301266.SZ,宇邦新材,42.29,0.37977688108235597,42.23,42.23,40.04,6.65956313,774/5521,42.7,41.71,40.08,38.3,42.23,42.23,42.23,0,38.3,40.08,38.3,40.04,4.741608,3913496,33,301266,20260408
688458.SH,美芯晟,36.86,0.6004366812227043,35.0,35,34.95,6.652426,775/5521,37.24,34.62,34.98,33.61,35.0,35.0,35.0,0,33.98,34.98,33.61,34.95,4.180653,1699390,17,688458,20260408
301006.SZ,迈拓股份,17.96,3.1591039632395215,17.33,17.33,17.81,6.64670659,776/5521,18.06,17.32,17.96,17.15,17.33,17.33,17.33,0,17.29,17.96,17.15,17.81,4.850299,3357504,33,301006,20260408
300333.SZ,兆日科技,9.27,1.311475409836057,9.2,9.2,9.31,6.64375716,777/5521,9.35,9.11,9.33,8.89,9.2,9.2,9.2,0,8.94,9.33,8.89,9.31,5.040091,1.0299358E7,33,300333,20260408
002315.SZ,焦点科技,30.44,0.06574621959237203,30.47,30.47,41.3,6.63568293,778/5521,30.63,30.22,41.3,39.43,30.47,30.47,30.47,0,29.79230769,31.23076923,29.79230769,31.23,4.828298,1.1719218E7,33,002315,20260408
688028.SH,沃尔德,116.8,1.388888888888884,114.0,114,99.38,6.63090129,779/5521,118.84,112.15,100.56,94.02,114.0,114.0,114.0,0,94.02,100.56,94.02,99.38,7.017167,7903938,17,688028,20260408
301348.SZ,蓝箭电子,25.08,2.6606631191158354,24.44,24.44,24.78,6.62650602,780/5521,25.31,24.37,24.78,23.74,24.44,24.44,24.44,0,24.34,24.78,23.74,24.78,4.475043,1.1614469E7,33,301348,20260408
603803.SH,瑞斯康达,14.3,-3.8332212508406087,15.2,15.2,14.0,6.62604722,781/5521,15.38,14.13,14.1,13.4,15.2,15.2,15.2,0,13.5,14.1,13.4,14.0,5.331302,6.9988839E7,17,603803,20260408
605111.SH,新洁能,40.68,2.28815690218757,39.5,39.5,38.63,6.62434447,782/5521,40.89,39.11,38.99,37.36,39.5,39.5,39.5,0,37.36,38.99,37.36,38.63,4.499033,1.3541795E7,17,605111,20260408
001208.SZ,华菱线缆,19.16,1.3220518244315178,18.92,18.92,19.64,6.62323561,783/5521,19.25,18.75,19.66,18.79,18.92,18.92,18.92,0,18.8,19.66,18.79,19.64,4.723127,3.03282E7,33,001208,20260408
300629.SZ,新劲刚,25.13,1.126760563380272,24.87,24.87,23.04,6.6173068,784/5521,25.28,24.24,23.07,22.05,24.87,24.87,24.87,0,22.05,23.07,22.05,23.04,4.720037,1.081898E7,33,300629,20260408
300615.SZ,欣天科技,13.72,0.8082292432035357,13.62,13.62,14.34,6.61710037,785/5521,13.82,13.53,14.34,13.88,13.62,13.62,13.62,0,13.88,14.34,13.88,14.34,3.420074,8568800,33,300615,20260408
603156.SH,养元饮品,37.55,4.771205357142839,35.9,35.9,31.93,6.61101836,786/5521,37.7,35.66,32.51,30.37,35.9,35.9,35.9,0,30.5,32.51,30.37,31.93,7.145242,1.2148488E7,17,603156,20260408
300137.SZ,先河环保,16.66,-1.361752516281826,16.8,16.8,12.74,6.61087866,787/5521,17.07,16,12.81,12.12,16.8,16.8,16.8,0,12.12,12.81,12.12,12.74,5.774058,1.7412905E7,33,300137,20260408
920247.BJ,华密新材,18.99,1.44230769230769,18.73,18.73,20.34,6.60377358,788/5521,18.99,18.39,20.37,19.58,18.73,18.73,18.73,0,16.22333333,16.88166667,16.22333333,16.86,4.140461,1893713,151,920247,20260408
688213.SH,思特威,87.91,-1.124732875941964,88.0,88,96.23,6.60241498,789/5521,90.55,86.52,96.25,90.33,88.0,88.0,88.0,0,92,96.25,90.33,96.23,6.558103,1.5311974E7,17,688213,20260408
002488.SZ,金固股份,12.45,3.7499999999999942,12.0,12,11.95,6.60124888,790/5521,12.63,11.93,12.08,11.41,12.0,12.0,12.0,0,11.41,12.08,11.41,11.95,5.976806,2.0199076E7,33,002488,20260408
002575.SZ,群兴玩具,6.81,-0.5839416058394166,6.84,6.84,8.08,6.59630607,791/5521,6.92,6.66,8.19,7.71,6.84,6.84,6.84,0,7.77,8.19,7.71,8.08,6.332453,6.8460836E7,33,002575,20260408
688070.SH,纵横股份,45.5,-2.1294902129490256,45.41,45.41,47.86,6.59242762,792/5521,46.55,45.11,47.87,45.6,45.41,45.41,45.41,0,45.69,47.87,45.6,47.86,5.055679,1672214,17,688070,20260408
688328.SH,深科达,54.18,-0.47759000734753493,55.53,55.53,40.91,6.59197499,793/5521,58.49,54.11,41.15,39.56,55.53,55.53,55.53,0,39.95,41.15,39.56,40.91,4.142782,9250246,17,688328,20260408
603267.SH,鸿远电子,52.87,2.302631578947364,51.68,51.68,49.99,6.58848614,794/5521,52.97,51.5,50,48.03,51.68,51.68,51.68,0,48.1,50,48.03,49.99,4.200426,6085738,17,603267,20260408
301050.SZ,雷电微力,39.74,1.1968423733129585,38.99,38.99,47.27,6.58399098,795/5521,39.93,38.97,47.33,45.28,38.99,38.99,38.99,0,45.32,47.33,45.28,47.27,4.622322,6989901,33,301050,20260408
603608.SH,天创时尚,13.17,1.2298232129131448,12.96,12.96,10.2,6.5830721,796/5521,13.42,12.96,10.32,9.72,12.96,12.96,12.96,0,9.75,10.32,9.72,10.2,6.269592,1.30755E7,17,603608,20260408
001326.SZ,联域股份,56.19,-0.4782146652497399,56.43,56.43,54.89,6.58252427,797/5521,56.82,55.1,55.24,52.01,56.43,56.43,56.43,0,53,55.24,52.01,54.89,6.271844,1125600,33,001326,20260408
002025.SZ,航天电器,73.19,8.157233633811135,68.7,68.7,71.11,6.57973621,798/5521,74.44,67.95,72.5,69,68.7,68.7,68.7,0,71.03,72.5,69,71.11,5.245803,3.8480684E7,33,002025,20260408
301522.SZ,上大股份,31.79,1.7605633802816925,31.15,31.15,31.59,6.57894737,799/5521,31.85,31.07,31.68,30.29,31.15,31.15,31.15,0,30.3,31.68,30.29,31.59,4.689608,7076466,33,301522,20260408
688290.SH,景业智能,60.01,2.406143344709892,58.31,58.31,48.96,6.5737919,800/5521,60.39,58.31,49,47.26,58.31,58.31,58.31,0,47.26,49,47.26,48.96,3.787548,1439615,17,688290,20260408
301172.SZ,君逸数码,30.95,-0.896573807236635,31.22,31.22,29.04,6.56880734,801/5521,31.76,30.78,29.4,27.3,31.22,31.22,31.22,0,27.91,29.4,27.3,29.04,7.706422,1.2611657E7,33,301172,20260408
002517.SZ,恺英网络,17.98,-1.2087912087912025,18.14,18.14,19.47,6.5681445,802/5521,18.32,17.91,19.48,18.78,18.14,18.14,18.14,0,18.87,19.48,18.78,19.47,3.831417,6.6154367E7,33,002517,20260408
301617.SZ,博苑股份,60.03,-2.453688657783552,61.32,61.32,56.31,6.5669947,803/5521,61.54,59.97,56.31,53.89,61.32,61.32,61.32,0,53.9,56.31,53.89,56.31,4.579863,2324774,33,301617,20260408
300706.SZ,阿石创,42.5,3.9119804400978033,40.71,40.71,35.54,6.56671664,804/5521,43,40.16,35.68,33.75,40.71,40.71,40.71,0,33.85,35.68,33.75,35.54,5.787106,1.3985861E7,33,300706,20260408
300661.SZ,圣邦股份,91.94,4.477272727272725,87.9,87.9,76.67,6.56011119,805/5521,92.69,87.02,76.96,72.81,87.9,87.9,87.9,0,74.05,76.96,72.81,76.67,5.767894,3.5175149E7,33,300661,20260408
301519.SZ,舜禹股份,15.51,1.8384766907419525,15.29,15.29,14.62,6.55976676,806/5521,15.53,15.25,14.73,13.93,15.29,15.29,15.29,0,13.98,14.73,13.93,14.62,5.830903,4605382,33,301519,20260408
000815.SZ,美利云,19.02,-4.229607250755286,19.8,19.8,20.31,6.55823715,807/5521,20.11,19,20.47,19.53,19.8,19.8,19.8,0,19.64,20.47,19.53,20.31,4.931794,1.48011965E8,33,000815,20260408
300168.SZ,万达信息,5.78,3.7701974865350083,5.59,5.59,5.69,6.55430712,808/5521,5.95,5.58,5.7,5.44,5.59,5.59,5.59,0,5.44,5.7,5.44,5.69,4.868913,2.8217333E7,33,300168,20260408
920634.BJ,新威凌,21.02,-3.6663611365719557,21.61,21.61,20.49,6.55226209,809/5521,21.69,21.02,20.49,19.79,21.61,21.61,21.61,0,20,20.49,19.79,20.49,3.640145,1125855,151,920634,20260408
605376.SH,博迁新材,131.58,9.998328038789507,119.7,119.7,105.25,6.54990889,810/5521,131.58,119.7,105.99,101.17,119.7,119.7,119.7,0,101.17,105.99,101.17,105.25,4.87953,8286008,17,605376,20260408
000526.SZ,学大教育,34.76,4.7619047619047565,33.1,33.1,32.21,6.54978498,811/5521,35.67,33.09,32.32,30.64,33.1,33.1,33.1,0,30.64,32.32,30.64,32.21,5.557393,4377300,33,000526,20260408
301512.SZ,智信精密,50.3,2.799918250562022,49.15,49.15,47.02,6.54883299,812/5521,50.64,49.03,47.5,44.99,49.15,49.15,49.15,0,45.45,47.5,44.99,47.02,5.68774,1194300,33,301512,20260408
300061.SZ,旗天科技,9.59,-0.6217616580310932,9.6,9.6,8.3,6.54685494,813/5521,9.69,9.51,8.35,8,9.6,9.6,9.6,0,8.04,8.35,8,8.3,4.492939,1.674278E7,33,300061,20260408
605118.SH,力鼎光电,48.32,-1.9480519480519498,49.32,49.32,42.86,6.53740989,814/5521,49.4,47.93,43.13,40.25,49.32,49.32,49.32,0,41,43.13,40.25,42.86,7.158836,4715000,17,605118,20260408
600362.SH,江西铜业,45.46,-1.9836136265631774,46.05,46.05,45.64,6.53594771,815/5521,46.15,44.91,45.73,44.53,46.05,46.05,46.05,0,45,45.73,44.53,45.64,2.80112,5.061321E7,17,600362,20260408
001212.SZ,中旗新材,55.77,2.3302752293578037,54.14,54.14,52.2,6.53061224,816/5521,56.26,54.01,52.4,49.81,54.14,54.14,54.14,0,50.01,52.4,49.81,52.2,5.285714,6814067,33,001212,20260408
605336.SH,*ST帅电,16.68,-1.1848341232227446,16.82,16.82,15.68,6.52173913,817/5521,17.5,16.45,15.93,14.83,16.82,16.82,16.82,0,14.83,15.93,14.83,15.68,7.472826,4640370,22,605336,20260408
301502.SZ,华阳智能,49.58,3.5938152946092745,47.8,47.8,44.27,6.52069297,818/5521,49.75,47.8,44.34,42.3,47.8,47.8,47.8,0,42.3,44.34,42.3,44.27,4.908565,843450,33,301502,20260408
600459.SH,贵研铂业,20.09,-2.0477815699658786,20.2,20.2,20.42,6.52060511,819/5521,20.53,19.93,20.49,19.61,20.2,20.2,20.2,0,19.79,20.49,19.61,20.42,4.590505,2.3578216E7,17,600459,20260408
688299.SH,长阳科技,17.87,0.16816143497758484,17.83,17.83,17.81,6.51913876,820/5521,18.08,17.65,17.84,16.99,17.83,17.83,17.83,0,17.15,17.84,16.99,17.81,5.083732,5489898,17,688299,20260408
601789.SH,宁波建工,5.89,-2.3217247097844207,5.98,5.98,5.72,6.51769088,821/5521,6.07,5.86,5.74,5.52,5.98,5.98,5.98,0,5.55,5.74,5.52,5.72,4.096834,1.18095471E8,17,601789,20260408
688716.SH,中研股份,32.12,0.75282308657465,31.82,31.82,33.67,6.51692502,822/5521,32.43,31.59,33.78,32.31,31.82,31.82,31.82,0,32.58,33.78,32.31,33.67,4.650427,1897110,17,688716,20260408
688157.SH,松井股份,36.05,-1.0702524698133935,36.72,36.72,41.68,6.51673907,823/5521,36.83,35.93,41.97,39.5,36.72,36.72,36.72,0,39.88,41.97,39.5,41.68,6.312292,2523726,17,688157,20260408
601226.SH,华电科工,8.86,-2.530253025302535,9.05,9.05,9.32,6.51428571,824/5521,9.14,8.76,9.34,9.11,9.05,9.05,9.05,0,9.11,9.34,9.11,9.32,2.628571,2.7328792E7,17,601226,20260408
300199.SZ,翰宇药业,20.74,-1.1439466158246043,21.08,21.08,20.77,6.51282051,825/5521,21.24,20.4,20.88,19.61,21.08,21.08,21.08,0,19.61,20.88,19.61,20.77,6.51282,7.5380914E7,33,300199,20260408
301372.SZ,科净源,36.4,3.8220193953222936,34.43,34.43,27.81,6.51091536,826/5521,37.1,34.12,27.9,26.8,34.43,34.43,34.43,0,26.99,27.9,26.8,27.81,4.212945,2021900,33,301372,20260408
002591.SZ,恒大高新,8.36,9.999999999999996,8.36,8.36,7.04,6.50529501,827/5521,8.36,8.06,7.05,6.68,8.36,8.36,8.36,0,6.8,7.05,6.68,7.04,5.597579,1.28225E7,33,002591,20260408
002065.SZ,东华软件,8.23,0.0,8.22,8.22,8.35,6.50510204,828/5521,8.3,8.17,8.36,8,8.22,8.22,8.22,0,8,8.36,8,8.35,4.591836,6.0361562E7,33,002065,20260408
000880.SZ,潍柴重机,30.9,8.155407770388514,30.49,30.49,27.67,6.50500385,829/5521,31.35,30.05,27.67,26.73,30.49,30.49,30.49,0,26.73,27.67,26.73,27.67,3.618167,1.7780227E7,33,000880,20260408
300688.SZ,创业黑马,25.99,0.5804953560371462,25.85,25.85,25.06,6.50233744,830/5521,26.47,25.37,25.12,24.02,25.85,25.85,25.85,0,24.02,25.12,24.02,25.06,4.674883,6444950,33,300688,20260408
688201.SH,ST信安,7.87,-13.421342134213418,8.03,8.03,14.09,6.50037793,831/5521,8.31,7.82,14.09,13.46,8.03,8.03,8.03,0,13.47,14.09,13.46,14.09,4.761904,6393953,22,688201,20260408
920075.BJ,柏星龙,21.66,4.08457472369054,21.02,21.02,21.3,6.5,832/5521,21.86,20.63,21.35,20.32,21.02,21.02,21.02,0,20.32,21.35,20.32,21.3,5.15,914668,151,920075,20260408
603088.SH,宁波精达,11.94,-2.9268292682926926,12.3,12.3,12.29,6.49913345,833/5521,12.34,11.93,12.31,11.78,12.3,12.3,12.3,0,11.88,12.31,11.78,12.29,4.59272,2.0493057E7,17,603088,20260408
600550.SH,保变电气,14.95,-1.3201320132013272,15.1,15.1,15.42,6.49171271,834/5521,15.13,14.88,15.42,14.87,15.1,15.1,15.1,0,14.88,15.42,14.87,15.42,3.798342,7.2405742E7,17,600550,20260408
688244.SH,永信至诚,19.74,1.334702258726889,19.57,19.57,19.36,6.49064906,835/5521,19.97,19.36,19.36,18.61,19.57,19.57,19.57,0,18.61,19.36,18.61,19.36,4.125412,2510530,17,688244,20260408
301662.SZ,宏工科技,182.26,5.048991354466853,177.0,177,140.78,6.49016641,836/5521,182.3,171.88,142,135.52,177.0,177.0,177.0,0,136,142,135.52,140.78,4.901664,1224402,33,301662,20260408
002271.SZ,东方雨虹,14.96,-0.5980066445182715,15.1,15.1,16.08,6.49006623,837/5521,15.39,14.81,16.2,15.54,15.1,15.1,15.1,0,15.59,16.2,15.54,16.08,4.37086,4.9190841E7,33,002271,20260408
301002.SZ,崧盛股份,47.89,1.1190878378378402,47.38,47.38,36.1,6.48967552,838/5521,49.45,46.47,36.35,34.73,47.38,47.38,47.38,0,35,36.35,34.73,36.1,4.778761,3401887,33,301002,20260408
002174.SZ,游族网络,10.24,0.5893909626719106,10.17,10.17,10.01,6.4893617,839/5521,10.35,10.11,10.04,9.6,10.17,10.17,10.17,0,9.6,10.04,9.6,10.01,4.680851,2.0385061E7,33,002174,20260408
603660.SH,苏州科达,12.16,6.479859894921193,11.34,11.34,9.52,6.48769575,840/5521,12.38,11.31,9.65,9.15,11.34,11.34,11.34,0,9.15,9.65,9.15,9.52,5.592841,2.3012951E7,17,603660,20260408
600756.SH,浪潮软件,16.51,1.6000000000000096,16.22,16.22,17.73,6.48648649,841/5521,16.55,16.2,17.76,17,16.22,16.22,16.22,0,17,17.76,17,17.73,4.564564,2.4783279E7,17,600756,20260408
300739.SZ,明阳电路,27.13,-1.4171511627906999,27.52,27.52,26.76,6.48627139,842/5521,27.78,26.61,26.84,25.69,27.52,27.52,27.52,0,25.96,26.84,25.69,26.76,4.576203,3.1977461E7,33,300739,20260408
002885.SZ,京泉华,31.26,1.9902120717781502,31.21,31.21,24.48,6.48107873,843/5521,32,30.77,24.5,23.68,31.21,31.21,31.21,0,23.78,24.5,23.68,24.48,3.566768,1.287606E7,33,002885,20260408
002237.SZ,恒邦股份,16.61,-2.0636792452830273,16.82,16.82,15.61,6.48021828,844/5521,16.95,16.37,15.67,15.15,16.82,16.82,16.82,0,15.19,15.67,15.15,15.61,3.547066,4.6082934E7,33,002237,20260408
002243.SZ,力合科创,8.53,-1.158748551564327,8.62,8.62,8.88,6.47482014,845/5521,8.72,8.49,8.89,8.55,8.62,8.62,8.62,0,8.55,8.89,8.55,8.88,4.076738,1.7042933E7,33,002243,20260408
603885.SH,吉祥航空,11.44,-1.294219154443489,11.69,11.69,12.83,6.47302905,846/5521,11.89,11.37,12.98,12.51,11.69,11.69,11.69,0,12.71,12.98,12.51,12.83,3.900414,3.8114752E7,17,603885,20260408
688636.SH,智明达,43.83,2.0251396648044633,42.82,42.82,41.29,6.47240846,847/5521,44.15,42.48,41.3,39.58,42.82,42.82,42.82,0,39.48,41.2,39.48,41.19,4.435275,4413857,17,688636,20260408
301515.SZ,港通医疗,23.93,-1.1157024793388413,24.2,24.2,23.37,6.46924829,848/5521,24.75,23.63,23.6,22.2,24.2,24.2,24.2,0,22.6,23.6,22.2,23.37,6.378132,3577500,33,301515,20260408
300691.SZ,联合光电,16.4,-0.6060606060606146,16.5,16.5,16.46,6.4683053,849/5521,16.61,16.25,16.5,15.74,16.5,16.5,16.5,0,15.75,16.5,15.74,16.46,4.915912,5753067,33,300691,20260408
688584.SH,上海合晶,20.71,1.5693967631191774,20.05,20.05,19.92,6.46712988,850/5521,20.97,20,19.95,19.13,20.05,20.05,20.05,0,19.13,19.95,19.13,19.92,4.382683,4776685,17,688584,20260408
688018.SH,乐鑫科技,172.12,2.0998932257681764,168.0,168,151.0,6.46548685,851/5521,174.74,166.5,151,145,168.0,168.0,168.0,0,146.68,151,145,151.0,4.230416,3816458,17,688018,20260408
002123.SZ,梦网科技,9.48,0.0,9.51,9.51,10.21,6.46506778,852/5521,9.58,9.39,10.23,9.78,9.51,9.51,9.51,0,9.8,10.23,9.78,10.21,4.692387,2.2499008E7,33,002123,20260408
002541.SZ,鸿路钢构,19.41,-4.43131462333825,20.31,20.31,21.08,6.46464646,853/5521,20.39,19.3,21.38,20.53,20.31,20.31,20.31,0,20.53,21.38,20.53,21.08,4.292929,6820612,33,002541,20260408
603985.SH,恒润股份,26.12,-3.1516499814608747,26.5,26.5,21.94,6.45317807,854/5521,27.32,26,21.94,20.54,26.5,26.5,26.5,0,20.85,21.94,20.54,21.94,6.792819,5.6684044E7,17,603985,20260408
600797.SH,浙大网新,8.76,-0.680272108843543,8.76,8.76,9.24,6.4516129,855/5521,8.9,8.68,9.24,8.89,8.76,8.76,8.76,0,8.9,9.24,8.89,9.24,4.032258,4.382892E7,17,600797,20260408
688103.SH,国力电子,60.19,1.2106944677988882,58.96,58.96,55.62,6.44976077,856/5521,60.57,58.96,55.88,53,58.96,58.96,58.96,0,53,55.88,53,55.62,5.511961,1452250,17,688103,20260408
301189.SZ,奥尼电子,81.3,0.2713369511593474,81.21,81.21,49.35,6.44952545,857/5521,86.36,78.81,49.45,46.49,81.21,81.21,81.21,0,47.18,49.45,46.49,49.35,6.384814,4344430,33,301189,20260408
600791.SH,京能置业,13.45,0.8245877061469223,13.37,13.37,12.55,6.4461408,858/5521,13.96,13.35,12.68,12.18,13.37,13.37,13.37,0,12.3,12.68,12.18,12.55,4.240882,3.9038481E7,17,600791,20260408
688657.SH,浩辰软件,52.4,0.019087612139717523,52.29,52.29,47.1,6.44067797,859/5521,52.86,51.81,47.1,45.03,52.29,52.29,52.29,0,45.03,47.1,45.03,47.1,4.677966,1193303,17,688657,20260408
000547.SZ,航天发展,24.58,2.1612635078969227,24.36,24.36,27.6,6.44041651,860/5521,24.74,24.25,27.76,26.3,24.36,24.36,24.36,0,26.61,27.76,26.3,27.6,5.630543,1.75407503E8,33,000547,20260408
920396.BJ,常辅股份,28.85,1.4773126978543851,28.38,28.38,30.91,6.43939394,862/5521,28.97,28.28,30.91,29.41,28.38,28.38,28.38,0,29.5,30.91,29.41,30.91,5.165289,1997324,151,920396,20260408
001339.SZ,智微智能,89.85,0.03340013360053567,89.0,89,61.99,6.43887363,863/5521,91.18,87.11,62.38,59.59,89.0,89.0,89.0,0,59.95,62.38,59.59,61.99,4.790521,6396100,33,001339,20260408
000555.SZ,神州信息,13.71,0.2192982456140434,13.7,13.7,15.21,6.43806858,864/5521,13.82,13.6,15.22,14.64,13.7,13.7,13.7,0,14.7,15.22,14.64,15.21,4.058782,2.9188228E7,33,000555,20260408
000573.SZ,粤宏远A,5.03,1.4112903225806508,5.02,5.02,4.3,6.43564356,865/5521,5.06,4.93,4.4,4.06,5.02,5.02,5.02,0,4.1,4.4,4.06,4.3,8.415841,2.9913822E7,33,000573,20260408
300935.SZ,盈建科,34.31,5.993203583565045,32.4,32.4,30.1,6.43564356,865/5521,34.33,32.1,30.15,28.84,32.4,32.4,32.4,0,28.84,30.15,28.84,30.1,4.632248,1768811,33,300935,20260408
603596.SH,伯特利,45.88,-0.5635023840485436,45.89,45.89,45.98,6.43518519,867/5521,46.8,45.7,45.98,44.16,45.89,45.89,45.89,0,44.18,45.98,44.16,45.98,4.212962,1.4467157E7,17,603596,20260408
002208.SZ,合肥城建,13.74,5.855161787365175,13.03,13.03,11.91,6.43431635,868/5521,14.26,12.85,11.96,11.32,13.03,13.03,13.03,0,11.48,11.96,11.32,11.91,5.719392,3.35392E7,33,002208,20260408
688181.SH,八亿时空,35.57,-0.19640852974186387,35.58,35.58,32.92,6.43388296,869/5521,35.84,34.96,33.13,31.38,35.58,35.58,35.58,0,31.6,33.13,31.38,32.92,5.657937,4241663,17,688181,20260408
000034.SZ,神州数码,37.67,0.61431623931625,37.3,37.3,34.08,6.43347908,870/5521,38.23,36.89,34.15,32.87,37.3,37.3,37.3,0,32.96,34.15,32.87,34.08,3.997501,2.2629889E7,33,000034,20260408
920510.BJ,丰光精密,15.15,2.9911624745071346,14.74,14.74,14.57,6.42804967,871/5521,15.37,14.66,14.63,14.14,14.74,14.74,14.74,0,14.58,14.63,14.14,14.57,3.579254,1603658,151,920510,20260408
688539.SH,高华科技,37.36,3.0905077262693084,36.2,36.2,36.29,6.42228739,872/5521,37.65,35.84,36.3,34.8,36.2,36.2,36.2,0,34.8,36.3,34.8,36.29,4.398826,2683699,17,688539,20260408
300487.SZ,蓝晓科技,63.75,-1.9381633594831642,64.98,64.98,70.18,6.41394996,873/5521,65.2,63.32,71.38,66.98,64.98,64.98,64.98,0,67.28,71.38,66.98,70.18,6.671721,3982199,33,300487,20260408
688379.SH,华光新材,65.76,-0.8593396653098043,69.0,69,47.79,6.41282565,874/5521,70.66,65.01,47.8,45.7,69.0,69.0,69.0,0,45.96,47.8,45.7,47.79,4.676018,1936845,17,688379,20260408
300925.SZ,法本信息,18.57,-0.6420545746388496,18.74,18.74,18.26,6.41025641,875/5521,18.93,18.54,18.3,17.53,18.74,18.74,18.74,0,17.55,18.3,17.53,18.26,4.487179,9555109,33,300925,20260408
920169.BJ,七丰精工,27.41,1.7823988117341272,26.77,26.77,28.9,6.40648012,876/5521,27.7,26.66,28.96,27.6,26.77,26.77,26.77,0,27.6,28.96,27.6,28.9,5.007363,2148071,151,920169,20260408
300491.SZ,通合科技,25.79,0.1553398058252394,25.71,25.71,24.25,6.40631856,877/5521,25.91,25.14,24.27,23.4,25.71,25.71,25.71,0,23.38,24.19,23.32,24.17,3.817463,6730899,33,300491,20260408
688053.SH,ST思科瑞,39.5,3.6745406824146944,38.35,38.35,36.71,6.4057971,878/5521,39.87,38.35,36.8,35.06,38.35,38.35,38.35,0,35.08,36.8,35.06,36.71,5.043478,813029,22,688053,20260408
920119.BJ,美德乐,93.85,0.1814688300597646,93.32,93.32,86.63,6.39891918,879/5521,95.52,92.1,86.88,82.38,93.32,93.32,93.32,0,82.38,86.88,82.38,86.63,5.526897,832621,151,920119,20260408
001225.SZ,和泰机电,50.54,1.0395841663334586,49.99,49.99,49.78,6.39025433,880/5521,51.08,49,49.95,47.99,49.99,49.99,49.99,0,47.99,49.95,47.99,49.78,4.188929,1706100,33,001225,20260408
002281.SZ,光迅科技,144.28,8.58734101000978,135.52,135.52,98.26,6.38804677,881/5521,146.16,135.01,99.08,94.08,135.52,135.52,135.52,0,95.6,99.08,94.08,98.26,5.413598,6.9474519E7,33,002281,20260408
002912.SZ,中新赛克,24.3,-0.49140049140049546,24.42,24.42,27.99,6.38540479,882/5521,24.59,24.1,28,26.62,24.42,24.42,24.42,0,26.99,28,26.62,27.99,5.245153,4070485,33,002912,20260408
300835.SZ,龙磁科技,99.23,8.058368724817605,91.83,91.83,87.6,6.37522769,883/5521,99.69,91.83,87.88,83.83,91.83,91.83,91.83,0,84.83,87.88,83.83,87.6,4.918032,4534728,33,300835,20260408
300774.SZ,倍杰特,16.2,0.43397396156230805,16.01,16.01,17.87,6.36904762,884/5521,17.16,15.87,17.93,17.27,16.01,16.01,16.01,0,17.27,17.93,17.27,17.87,3.928571,9870039,33,300774,20260408
000338.SZ,潍柴动力,31.2,3.4825870646766193,30.9,30.9,25.4,6.36515913,885/5521,32.66,30.81,26,24.95,30.9,30.9,30.9,0,25.36,26,24.95,25.4,4.396984,1.46967369E8,33,000338,20260408
603019.SH,中科曙光,92.96,2.8091130280911214,90.98,90.98,82.9,6.36386964,886/5521,93.38,90.05,82.9,79.93,90.98,90.98,90.98,0,80.1,82.9,79.93,82.9,3.810623,4.5458177E7,17,603019,20260408
301517.SZ,陕西华达,70.2,10.620863536085727,63.22,63.22,56.01,6.36156476,887/5521,71.55,62.87,56.11,54.02,63.22,63.22,63.22,0,54.02,56.11,54.02,56.01,3.968856,4078180,33,301517,20260408
300762.SZ,上海瀚讯,43.42,13.81389252948887,38.26,38.26,37.29,6.36052481,888/5521,44.38,38.26,37.3,36.05,38.26,38.26,38.26,0,36.1,37.3,36.05,37.29,3.565316,3.4185325E7,33,300762,20260408
000630.SZ,铜陵有色,6.15,-2.8436018957345928,6.29,6.29,6.19,6.35738832,889/5521,6.33,6.1,6.2,6.01,6.29,6.29,6.29,0,6.03,6.2,6.01,6.19,3.264604,3.71874215E8,33,000630,20260408
603728.SH,鸣志电器,59.35,1.5397775876817767,58.16,58.16,58.57,6.35554749,890/5521,59.92,58.01,58.62,56.17,58.16,58.16,58.16,0,56.3,58.62,56.17,58.57,4.448883,6477600,17,603728,20260408
300563.SZ,神宇股份,32.32,-0.09273570324575313,32.33,32.33,32.13,6.35551142,891/5521,32.6,32.05,32.18,30.74,32.33,32.33,32.33,0,30.88,32.18,30.74,32.13,4.766633,5835612,33,300563,20260408
920086.BJ,科马材料,29.57,2.212236432768754,28.92,28.92,29.3,6.35208711,892/5521,29.99,28.75,29.49,27.93,28.92,28.92,28.92,0,28.35,29.49,27.93,29.3,5.662431,2645574,151,920086,20260408
688246.SH,嘉和美康,21.0,-0.09514747859181528,21.35,21.35,19.94,6.34666667,893/5521,21.59,20.98,19.94,19.13,21.35,21.35,21.35,0,19.27,19.94,19.13,19.94,4.32,2947176,17,688246,20260408
600143.SH,金发科技,17.15,0.645539906103283,17.03,17.03,16.93,6.34422111,894/5521,17.31,16.95,16.93,16.27,17.03,17.03,17.03,0,16.28,16.93,16.27,16.93,4.145728,7.3832929E7,17,600143,20260408
002173.SZ,创新医疗,23.26,0.3018542475204842,23.06,23.06,25.49,6.34125991,895/5521,23.32,22.98,25.5,24.59,23.06,23.06,23.06,0,24.6,25.5,24.59,25.49,3.796412,3.4669652E7,33,002173,20260408
301028.SZ,鼎熔岩,14.11,0.07092198581560133,14.08,14.08,14.59,6.34110787,896/5521,14.17,14.04,14.73,14.01,14.08,14.08,14.08,0,14.01,14.73,14.01,14.59,5.247813,4991500,33,301028,20260408
920199.BJ,倍益康,32.93,4.274857504749846,31.98,31.98,36.08,6.3365753,897/5521,33.5,31.67,36.16,34.55,31.98,31.98,31.98,0,34.78,36.16,34.55,36.08,4.745063,1571645,151,920199,20260408
688120.SH,华海清科,197.43,2.1894409937888293,192.14,192.14,178.56,6.33635064,898/5521,199.6,192.14,178.74,172.32,192.14,192.14,192.14,0,174,178.74,172.32,178.56,3.823249,4219939,17,688120,20260408
300001.SZ,特锐德,29.5,-2.6402640264026425,30.15,30.15,28.53,6.33619083,899/5521,30.15,29.23,28.67,27.57,30.15,30.15,30.15,0,27.65,28.67,27.57,28.53,4.099888,3.3519505E7,33,300001,20260408
002031.SZ,巨轮智能,5.71,1.2411347517730547,5.62,5.62,6.21,6.33561644,900/5521,5.82,5.61,6.28,5.95,5.62,5.62,5.62,0,5.95,6.28,5.95,6.21,5.650684,6.9332979E7,33,002031,20260408
688711.SH,宏微科技,27.03,-2.5945945945945903,27.5,27.5,27.54,6.33204633,901/5521,27.65,25.8,27.57,26.71,27.5,27.5,27.5,0,26.76,27.57,26.71,27.54,3.320463,4579935,17,688711,20260408
002153.SZ,石基信息,10.08,1.2048192771084258,9.91,9.91,9.91,6.3304721,902/5521,10.24,9.9,9.92,9.49,9.91,9.91,9.91,0,9.5,9.92,9.49,9.91,4.613733,2.4981336E7,33,002153,20260408
300380.SZ,安硕信息,37.49,5.694953481815628,36.02,36.02,35.62,6.32835821,903/5521,40.95,35.63,35.7,34.15,36.02,36.02,36.02,0,34.29,35.7,34.15,35.62,4.626865,3415900,33,300380,20260408
301369.SZ,联动科技,170.07,5.371747211895903,163.0,163,136.94,6.32813107,904/5521,172.54,161.48,136.95,131.01,163.0,163.0,163.0,0,131.01,136.95,131.01,136.94,4.612159,1016021,33,301369,20260408
600135.SH,乐凯胶片,11.43,4.098360655737698,10.98,10.98,10.25,6.32780083,905/5521,11.58,10.9,10.44,9.65,10.98,10.98,10.98,0,9.8,10.44,9.65,10.25,8.19502,3.220015E7,17,600135,20260408
601336.SH,新华保险,64.4,0.4680187207488477,65.1,65.1,63.07,6.32164531,906/5521,67.16,64.15,63.55,60.67,65.1,65.1,65.1,0,60.67,63.55,60.67,63.07,4.855023,3.0268003E7,17,601336,20260408
300162.SZ,雷曼光电,9.06,3.071672354948821,8.78,8.78,9.09,6.31578947,907/5521,9.37,8.6,9.13,8.72,8.78,8.78,8.78,0,8.83,9.13,8.72,9.09,4.795321,3.86589E7,33,300162,20260408
600103.SH,青山纸业,4.46,-4.086021505376352,4.61,4.61,3.71,6.30372493,908/5521,4.64,4.43,3.73,3.53,4.61,4.61,4.61,0,3.54,3.73,3.53,3.71,5.730659,1.08578595E8,17,600103,20260408
688472.SH,阿特斯,14.43,0.4175365344467676,14.22,14.22,13.33,6.29984051,909/5521,14.53,14.21,13.35,12.71,14.22,14.22,14.22,0,12.81,13.35,12.71,13.33,5.103668,4.9613366E7,17,688472,20260408
300819.SZ,聚杰微纤,56.94,-3.064351378958128,59.47,59.47,42.69,6.2998008,910/5521,59.74,56.05,43.7,41.16,59.47,59.47,59.47,0,42.14,43.7,41.16,42.69,6.324701,5069300,33,300819,20260408
300448.SZ,浩云科技,8.11,3.841229193341867,7.81,7.81,7.09,6.29685157,911/5521,8.27,7.71,7.11,6.8,7.81,7.81,7.81,0,6.89,7.11,6.8,7.09,4.647676,2.6530461E7,33,300448,20260408
688307.SH,中润光学,88.88,-7.982192773579054,97.0,97,91.87,6.29411084,912/5521,97,85.3,99.99,88.94,97.0,97.0,97.0,0,89.8,99.99,88.94,91.87,12.784912,1.3039311E7,17,688307,20260408
603667.SH,五洲新春,66.38,3.4762275915822127,63.63,63.63,69.78,6.29093679,913/5521,67.3,63.6,69.8,67.4,63.63,63.63,63.63,0,67.4,69.8,67.4,69.78,3.65575,1.9417282E7,17,603667,20260408
920799.BJ,艾融软件,34.79,1.8740849194729154,34.0,34,35.99,6.29060839,914/5521,35.7,34,36.48,34.32,34.0,34.0,34.0,0,34.7,36.48,34.32,35.99,6.379208,6024472,151,920799,20260408
002636.SZ,金安国纪,44.9,-0.970445522717258,45.82,45.82,33.81,6.28733103,915/5521,47.4,44.01,34.2,31.99,45.82,45.82,45.82,0,32.39,34.2,31.99,33.81,6.9475,5.0583018E7,33,002636,20260408
688323.SH,瑞华泰,23.99,-9.642184557438803,28.56,28.56,21.98,6.28626692,916/5521,28.86,23.73,21.98,21.3,28.56,28.56,28.56,0,21.5,21.98,21.3,21.98,3.288201,6222719,17,688323,20260408
920046.BJ,亿能电力,24.74,-2.6750590086546153,25.24,25.24,26.56,6.28251301,917/5521,25.4,24.67,26.6,25.26,25.24,25.24,25.24,0,25.8,26.6,25.26,26.56,5.362144,4500087,151,920046,20260408
300449.SZ,汉邦高科,7.54,2.029769959404606,7.44,7.44,7.28,6.27737226,918/5521,7.55,7.36,7.32,7.01,7.44,7.44,7.44,0,7.07,7.32,7.01,7.28,4.525547,1.152772E7,33,300449,20260408
300279.SZ,和晶科技,7.87,-0.12690355329948969,7.84,7.84,8.81,6.27261761,919/5521,8.01,7.73,8.81,8.51,7.84,7.84,7.84,0,8.51,8.81,8.51,8.81,3.618817,1.870736E7,33,300279,20260408
300660.SZ,江苏雷利,42.53,0.7342491710090059,42.2,42.2,43.21,6.27151992,920/5521,42.99,41.95,43.23,41.6,42.2,42.2,42.2,0,41.6,43.23,41.6,43.21,4.008853,6600833,33,300660,20260408
300077.SZ,国民技术,23.05,4.016245487364624,22.32,22.32,20.68,6.2692703,921/5521,23.4,21.9,21.05,19.9,22.32,22.32,22.32,0,20.12,21.05,19.9,20.68,5.909558,4.2272487E7,33,300077,20260408
002077.SZ,大港股份,16.51,3.0586766541822845,16.01,16.01,15.94,6.26666667,922/5521,16.57,16.01,15.96,15.42,16.01,16.01,16.01,0,15.45,15.96,15.42,15.94,3.6,2.992226E7,33,002077,20260408
301125.SZ,腾亚精工,23.18,0.5639913232104078,23.1,23.1,20.35,6.26631854,923/5521,23.42,23.02,20.38,19.57,23.1,23.1,23.1,0,19.57,20.38,19.57,20.35,4.229765,2593435,33,301125,20260408
600588.SH,用友网络,11.68,-1.6006739679865165,11.8,11.8,12.21,6.26631854,923/5521,11.96,11.59,12.24,11.69,11.8,11.8,11.8,0,11.7,12.24,11.69,12.21,4.786771,5.2406681E7,17,600588,20260408
603341.SH,龙旗科技,36.81,1.9667590027700854,36.08,36.08,38.72,6.25686059,925/5521,37.8,34.99,38.78,37.31,36.08,36.08,36.08,0,37.42,38.78,37.31,38.72,4.034028,8753684,17,603341,20260408
002518.SZ,科士达,46.55,-1.1257434154630441,46.88,46.88,46.54,6.25570776,926/5521,47.1,45.83,46.68,44.83,46.88,46.88,46.88,0,44.83,46.68,44.83,46.54,4.223744,9495796,33,002518,20260408
000157.SZ,中联重科,7.95,-1.972872996300854,8.06,8.06,8.84,6.25,927/5521,8.18,7.93,8.88,8.65,8.06,8.06,8.06,0,8.65,8.88,8.65,8.84,2.764423,1.10049417E8,33,000157,20260408
300148.SZ,天舟文化,4.16,-0.7159904534606264,4.18,4.18,4.42,6.25,927/5521,4.22,4.14,4.47,4.26,4.18,4.18,4.18,0,4.27,4.47,4.26,4.42,5.048076,4.471609E7,33,300148,20260408
600885.SH,宏发股份,31.14,7.379310344827588,30.82,30.82,26.35,6.25,927/5521,31.8,30.59,26.38,25.26,30.82,30.82,30.82,0,25.4,26.38,25.26,26.35,4.516129,3.2103614E7,17,600885,20260408
920508.BJ,殷图网联,19.05,0.15772870662461166,19.16,19.16,20.24,6.24671916,930/5521,19.5,18.88,20.3,19.42,19.16,19.16,19.16,0,19.42,20.3,19.42,20.24,4.619422,956995,151,920508,20260408
300521.SZ,爱司凯,28.9,1.6531832571227536,28.4,28.4,26.71,6.24502784,931/5521,29,28.35,27.15,25.65,28.4,28.4,28.4,0,25.65,27.15,25.65,26.71,5.966587,3173600,33,300521,20260408
300735.SZ,光弘科技,20.81,-1.0461245839277338,21.05,21.05,22.12,6.24399616,932/5521,21.22,20.81,22.18,21.33,21.05,21.05,21.05,0,21.4,22.18,21.33,22.12,4.082612,1.3745318E7,33,300735,20260408
688280.SH,精进电动,7.28,-11.864406779661012,7.86,7.86,10.21,6.24349636,933/5521,7.99,7.07,10.21,9.83,7.86,7.86,7.86,0,9.9,10.21,9.83,10.21,3.954214,2.1247749E7,17,688280,20260408
600783.SH,鲁信创投,21.73,4.722891566265062,20.69,20.69,21.28,6.24063904,934/5521,22.2,20.69,21.38,20.38,20.69,20.69,20.69,0,20.43,21.38,20.38,21.28,4.992511,1.5376441E7,17,600783,20260408
002048.SZ,宁波华翔,26.03,-1.736504341260843,26.42,26.42,26.9,6.24012638,935/5521,26.67,25.88,27.28,25.86,26.42,26.42,26.42,0,26,27.28,25.86,26.9,5.608214,1.8280548E7,33,002048,20260408
300277.SZ,汽轮科技,17.97,-0.33277870216307415,17.98,17.98,18.73,6.23936472,936/5521,18.49,17.95,19.31,18.46,17.98,17.98,17.98,0,18.66,19.31,18.46,18.73,4.821327,3.290159E7,33,300277,20260408
000571.SZ,新大洲A,5.56,0.0,5.57,5.57,5.79,6.23853211,937/5521,5.9,5.53,5.93,5.5,5.57,5.57,5.57,0,5.59,5.93,5.5,5.79,7.889908,2.3140055E7,33,000571,20260408
300541.SZ,先进数通,12.11,-1.544715447154482,12.24,12.24,14.31,6.23608018,938/5521,12.34,12.06,14.33,13.88,12.24,12.24,12.24,0,13.99,14.33,13.88,14.31,3.340757,1.6655443E7,33,300541,20260408
002459.SZ,晶澳科技,10.87,1.1162790697674345,10.68,10.68,10.91,6.23174294,939/5521,10.95,10.64,10.99,10.39,10.68,10.68,10.68,0,10.45,10.99,10.39,10.91,5.842259,8.6450735E7,33,002459,20260408
002547.SZ,*ST春兴,3.02,-5.031446540880507,3.02,3.02,3.24,6.2295082,940/5521,3.02,3.02,3.25,3.01,3.02,3.02,3.02,0,3.09,3.25,3.01,3.24,7.868852,7.5652013E7,33,002547,20260408
688408.SH,中信博,40.53,-5.170800187178289,42.03,42.03,36.5,6.22817229,941/5521,42.46,40.5,36.8,35,42.03,42.03,42.03,0,35.01,36.8,35,36.5,5.238649,5366590,17,688408,20260408
920427.BJ,华维设计,12.2,2.9535864978902926,11.85,11.85,12.11,6.22807018,942/5521,12.45,11.7,12.17,11.59,11.85,11.85,11.85,0,11.6,12.17,11.59,12.11,5.087719,1661967,151,920427,20260408
301001.SZ,凯淳股份,30.39,2.014098690835856,29.83,29.83,29.36,6.22286541,943/5521,30.49,29.83,29.53,28.36,29.83,29.83,29.83,0,28.7,29.53,28.36,29.36,4.232995,1866900,33,301001,20260408
002130.SZ,沃尔核材,22.74,-0.6986899563318784,22.9,22.9,24.43,6.2173913,944/5521,22.98,22.6,24.48,23.55,22.9,22.9,22.9,0,23.55,24.48,23.55,24.43,4.043478,5.7354776E7,33,002130,20260408
300212.SZ,*ST易录,6.55,-20.02442002442002,6.71,6.71,8.89,6.21266428,945/5521,7,6.55,8.95,8.55,6.71,6.71,6.71,0,8.8,8.95,8.55,8.89,4.778972,4.1855607E7,33,300212,20260408
688469.SH,芯联集成,6.89,2.0740740740740695,6.79,6.79,6.67,6.21019108,946/5521,6.93,6.72,6.68,6.45,6.79,6.79,6.79,0,6.45,6.68,6.45,6.67,3.66242,1.08381557E8,17,688469,20260408
601858.SH,中国科传,25.38,2.794653705953818,24.48,24.48,22.75,6.20915033,947/5521,25.45,24.42,23.18,21.84,24.48,24.48,24.48,0,22.03,23.18,21.84,22.75,6.255835,1.6880339E7,17,601858,20260408
603279.SH,景津装备,18.75,-2.5974025974025974,19.25,19.25,18.65,6.20728929,948/5521,19.26,18.58,18.74,18.29,19.25,19.25,19.25,0,18.4,18.74,18.29,18.65,2.562642,1.881481E7,17,603279,20260408
688037.SH,芯源微,232.11,13.224390243902446,198.5,198.5,180.0,6.20722209,949/5521,245,195.69,180.87,173.36,198.5,198.5,198.5,0,177.36,180.87,173.36,180.0,4.431201,5144362,17,688037,20260408
603888.SH,新华网,20.09,-1.3261296660117858,20.3,20.3,20.54,6.20475698,950/5521,20.42,20.06,20.56,19.72,20.3,20.3,20.3,0,19.72,20.56,19.72,20.54,4.343329,1.5490199E7,17,603888,20260408
605366.SH,宏柏新材,13.34,3.0911901081916566,12.82,12.82,11.64,6.20437956,951/5521,13.78,12.7,11.66,10.96,12.82,12.82,12.82,0,11.19,11.66,10.96,11.64,6.386861,3.3392595E7,17,605366,20260408
920394.BJ,民士达,48.6,-1.1793411956079674,49.09,49.09,45.9,6.20083295,952/5521,49.82,48.5,45.9,44.06,49.09,49.09,49.09,0,43.86,45.7,43.86,45.7,4.257288,1807865,151,920394,20260408
601021.SH,春秋航空,47.18,-0.04237288135593882,47.92,47.92,48.65,6.19951976,953/5521,48.2,46.82,49.5,48.25,47.92,47.92,47.92,0,48.38,49.5,48.25,48.65,2.728661,1.4739945E7,17,601021,20260408
600089.SH,特变电工,26.82,-1.5779816513761458,27.22,27.22,26.92,6.19329389,954/5521,27.22,26.75,26.98,26,27.22,27.22,27.22,0,26,26.98,26,26.92,3.865877,1.84049556E8,17,600089,20260408
300768.SZ,迪普科技,17.22,0.3496503496503422,17.14,17.14,16.12,6.19235837,955/5521,17.29,17.1,16.15,15.5,17.14,17.14,17.14,0,15.53,16.15,15.5,16.12,4.281949,7103609,33,300768,20260408
002149.SZ,西部材料,63.51,9.993072393488042,57.46,57.46,48.19,6.19215513,956/5521,63.51,57.46,48.24,46,57.46,57.46,57.46,0,46.25,48.24,46,48.19,4.936095,5.9131742E7,33,002149,20260408
000980.SZ,众泰汽车,2.52,10.043668122270741,2.32,2.32,2.23,6.19047619,957/5521,2.52,2.3,2.23,2.15,2.32,2.32,2.32,0,2.15,2.23,2.15,2.23,3.809523,1.43952955E8,33,000980,20260408
300394.SZ,天孚通信,307.5,-1.1540068790382125,312.87,312.87,337.0,6.18855558,958/5521,314.9,305,339.33,320,312.87,312.87,312.87,0,330,339.33,320,337.0,6.090874,4.6413227E7,33,300394,20260408
601611.SH,中国核建,13.34,1.8320610687022918,13.08,13.08,14.08,6.18401207,959/5521,13.4,12.94,14.11,13.53,13.08,13.08,13.08,0,13.56,14.11,13.53,14.08,4.374057,6.3861189E7,17,601611,20260408
605007.SH,五洲特纸,15.86,1.7971758664955029,15.68,15.68,14.43,6.18101545,960/5521,16.05,15.53,14.57,13.88,15.68,15.68,15.68,0,13.95,14.57,13.88,14.43,5.077262,1.09863E7,17,605007,20260408
688561.SH,奇安信,30.11,1.7573504562352131,29.59,29.59,30.58,6.18055556,961/5521,30.59,29.53,30.59,29.48,29.59,29.59,29.59,0,29.48,30.59,29.48,30.58,3.854166,6424810,17,688561,20260408
002195.SZ,岩山科技,8.61,-1.8244013683010278,8.73,8.73,9.29,6.17142857,962/5521,8.8,8.57,9.32,8.93,8.73,8.73,8.73,0,8.93,9.32,8.93,9.29,4.457142,2.94347913E8,33,002195,20260408
300987.SZ,川网传媒,17.1,0.11709601873538131,17.06,17.06,17.55,6.17059891,963/5521,17.18,16.95,17.55,16.82,17.06,17.06,17.06,0,16.82,17.55,16.82,17.55,4.416212,5445300,33,300987,20260408
300643.SZ,万通智控,17.85,-0.3350083752093731,17.9,17.9,17.39,6.16605617,964/5521,18.01,17.72,17.56,16.71,17.9,17.9,17.9,0,16.8,17.56,16.71,17.39,5.189255,6587778,33,300643,20260408
301273.SZ,瑞晨环保,37.59,3.925905446502631,36.01,36.01,30.85,6.15966965,965/5521,37.59,35.28,33.85,30.03,36.01,36.01,36.01,0,33.85,33.85,30.03,30.85,13.145216,1782300,33,301273,20260408
688568.SH,中科星图,56.65,3.375912408759127,54.51,54.51,60.85,6.15840893,966/5521,57.18,54.24,61.2,58.81,54.51,54.51,54.51,0,58.81,61.2,58.81,60.85,4.169574,1.3820726E7,17,688568,20260408
000928.SZ,中钢国际,6.5,-0.6116207951070342,6.53,6.53,7.24,6.15835777,967/5521,6.55,6.44,7.25,6.86,6.53,6.53,6.53,0,6.9,7.25,6.86,7.24,5.718475,9.0639955E7,33,000928,20260408
688766.SH,普冉股份,271.09,1.266342921180421,272.0,272,239.86,6.15622925,968/5521,283.03,260.02,240.68,229,272.0,272.0,272.0,0,238,240.68,229,239.86,5.169285,7022225,17,688766,20260408
600021.SH,上海电力,17.0,-1.0477299185098936,17.22,17.22,18.28,6.15563298,969/5521,17.22,16.84,18.38,17.5,17.22,17.22,17.22,0,17.5,18.38,17.5,18.28,5.110336,4.814797E7,17,600021,20260408
600490.SH,鹏欣资源,8.19,-1.4440433212996509,8.28,8.28,8.28,6.15384615,971/5521,8.4,8.11,8.35,8.01,8.28,8.28,8.28,0,8.12,8.35,8.01,8.28,4.358974,7.2966695E7,17,600490,20260408
688019.SH,安集科技,250.2,2.147464685229032,243.5,243.5,268.1,6.14879043,972/5521,254.98,241.8,268.55,256.32,243.5,243.5,243.5,0,260.18,268.55,256.32,268.1,4.842221,3307589,17,688019,20260408
300206.SZ,理邦仪器,14.91,1.290760869565214,14.85,14.85,14.33,6.14814815,973/5521,15.15,14.77,14.43,13.66,14.85,14.85,14.85,0,13.469,14.119,13.349,14.02,5.703703,1.21437E7,33,300206,20260408
300046.SZ,台基股份,32.24,2.642470550780012,31.4,31.4,31.77,6.14767792,974/5521,32.49,31.4,31.8,30.7,31.4,31.4,31.4,0,30.9,31.8,30.7,31.77,3.675242,7649589,33,300046,20260408
688600.SH,皖仪科技,28.96,1.3296011196641098,28.5,28.5,25.21,6.14736842,975/5521,31,28.41,25.25,24,28.5,28.5,28.5,0,24,25.25,24,25.21,5.263157,1827480,17,688600,20260408
601519.SH,大智慧,10.24,0.09775171065493438,10.2,10.2,10.88,6.14634146,976/5521,10.45,10.15,10.92,10.45,10.2,10.2,10.2,0,10.46,10.92,10.45,10.88,4.585365,3.8753955E7,17,601519,20260408
600580.SH,卧龙电驱,37.85,1.5017430946634547,37.4,37.4,37.49,6.14382786,977/5521,38.23,37.1,37.49,36.25,37.4,37.4,37.4,0,36.07,37.31,36.07,37.31,3.510758,4.3340597E7,17,600580,20260408
301132.SZ,满坤科技,36.68,-2.834437086092716,37.75,37.75,41.48,6.14124872,978/5521,38.43,36.61,41.49,40.22,37.75,37.75,37.75,0,40.63,41.49,40.22,41.48,3.249744,8709220,33,301132,20260408
920961.BJ,创远信科,19.01,-3.5025380710659784,19.07,19.07,22.3,6.13993337,979/5521,19.16,18.22,22.47,21.56,19.07,19.07,19.07,0,21.88,22.47,21.56,22.3,4.33127,2461955,151,920961,20260408
301379.SZ,天山电子,26.51,1.6877637130801737,26.09,26.09,24.55,6.13921314,980/5521,26.88,25.85,24.58,23.74,26.09,26.09,26.09,0,23.86,24.58,23.74,24.55,3.631647,3451552,33,301379,20260408
002712.SZ,思美传媒,5.58,-0.5347593582887744,5.63,5.63,5.36,6.13861386,981/5521,5.68,5.53,5.36,5.17,5.63,5.63,5.63,0,5.17,5.36,5.17,5.36,3.762376,1.713408E7,33,002712,20260408
600497.SH,驰宏锌锗,8.98,-0.9922822491730965,8.99,8.99,8.3,6.13810742,982/5521,9.1,8.86,8.32,8.06,8.99,8.99,8.99,0,8.09,8.32,8.06,8.3,3.324808,1.30411404E8,17,600497,20260408
300560.SZ,中富通,14.41,1.33614627285513,14.4,14.4,15.91,6.13742495,983/5521,14.64,14.33,16,15.28,14.4,14.4,14.4,0,15.31,16,15.28,15.91,4.803202,1.059513E7,33,300560,20260408
600601.SH,方正科技,11.67,-1.185436071126169,11.85,11.85,10.38,6.13496933,984/5521,12.07,11.61,10.38,9.98,11.85,11.85,11.85,0,9.98,10.38,9.98,10.38,4.089979,1.04188514E8,17,600601,20260408
300818.SZ,耐普矿机,33.05,-0.6612563871355754,33.67,33.67,36.52,6.13193839,985/5521,34.22,32.82,36.68,35.01,33.67,33.67,33.67,0,35.37,36.68,35.01,36.52,4.85324,2410050,33,300818,20260408
001316.SZ,润贝航科,51.9,10.004239084357776,51.0,51,48.99,6.13084922,986/5521,51.9,50.58,48.99,46.58,51.0,51.0,51.0,0,46.79,48.99,46.58,48.99,5.22097,3074740,33,001316,20260408
002225.SZ,濮耐股份,4.5,-2.173913043478253,4.62,4.62,5.54,6.1302682,987/5521,4.72,4.43,5.57,5.35,4.62,4.62,4.62,0,5.4,5.57,5.35,5.54,4.214559,2.6149965E7,33,002225,20260408
688296.SH,和达科技,15.39,3.776129467296025,15.13,15.13,14.37,6.12998523,988/5521,15.61,14.55,14.37,13.87,15.13,15.13,15.13,0,13.99,14.37,13.87,14.37,3.692762,1877154,17,688296,20260408
002871.SZ,伟隆股份,18.44,3.131991051454152,17.88,17.88,16.97,6.12883052,989/5521,18.83,17.71,17.06,16.15,17.88,17.88,17.88,0,16.36,17.06,16.15,16.97,5.691056,4179514,33,002871,20260408
300045.SZ,华力创通,22.36,3.9516503951650295,21.41,21.41,22.17,6.12733365,990/5521,22.5,21.41,22.18,21.35,21.41,21.41,21.41,0,21.35,22.18,21.35,22.17,3.973192,2.1212485E7,33,300045,20260408
301590.SZ,优优绿能,177.19,0.045169668567547894,177.11,177.11,174.96,6.11997331,991/5521,179.99,173.01,174.99,168.01,177.11,177.11,177.11,0,169.01,174.99,168.01,174.96,4.233638,638622,33,301590,20260408
603909.SH,建发合诚,12.15,-1.0586319218240963,12.28,12.28,11.62,6.11872146,992/5521,12.5,12.1,11.64,11.2,12.28,12.28,12.28,0,11.25,11.64,11.2,11.62,4.018264,4229117,17,603909,20260408
301101.SZ,明月镜片,35.54,-1.2777777777777801,36.05,36.05,34.69,6.11807892,993/5521,36.14,35.5,35.88,33.7,36.05,36.05,36.05,0,35.88,35.88,33.7,34.69,6.668706,3077848,33,301101,20260408
300263.SZ,隆华科技,10.57,0.09469696969696767,10.52,10.52,9.89,6.11587983,994/5521,10.67,10.45,9.89,9.58,10.52,10.52,10.52,0,9.61,9.89,9.58,9.89,3.32618,3.59976E7,33,300263,20260408
300842.SZ,帝科股份,90.89,0.8992007104795763,90.42,90.42,83.18,6.11047327,995/5521,94.11,89.89,83.84,80,90.42,90.42,90.42,0,80,83.84,80,83.18,4.898584,5482807,33,300842,20260408
603897.SH,长城科技,52.36,9.999999999999995,48.5,48.5,36.13,6.10866373,997/5521,52.36,47.8,36.96,34.22,48.5,48.5,48.5,0,34.89,36.96,34.22,36.13,8.046989,1.6657858E7,17,603897,20260408
002185.SZ,华天科技,13.11,2.6624902114330453,12.86,12.86,12.16,6.10820244,998/5521,13.16,12.77,12.16,11.79,12.86,12.86,12.86,0,11.8,12.16,11.79,12.16,3.228621,1.07139794E8,33,002185,20260408
688612.SH,威迈斯,32.82,0.15257857796764465,32.62,32.62,31.8,6.10610611,999/5521,33.46,32.14,31.99,30.36,32.62,32.62,32.62,0,30.62,31.99,30.36,31.8,5.438772,9859880,17,688612,20260408
300708.SZ,聚灿光电,8.85,0.2265005662514108,8.81,8.81,9.56,6.10432852,1000/5521,8.87,8.72,9.57,9.24,8.81,8.81,8.81,0,9.25,9.54,9.21,9.53,3.662597,4.7531128E7,33,300708,20260408
688785.SH,恒运昌,325.05,3.4861509073543417,308.18,308.18,304.25,6.09917701,1001/5521,333,308.18,304.75,293.66,308.18,308.18,308.18,0,297,304.75,293.66,304.25,3.867345,520604,17,688785,20260408
300490.SZ,华自科技,19.9,-0.300601202404821,19.97,19.97,17.4,6.09756098,1002/5521,21.1,19.85,17.54,16.8,19.97,19.97,19.97,0,16.8,17.54,16.8,17.4,4.512195,2.53935E7,33,300490,20260408
301235.SZ,华康洁净,50.6,2.18093699515347,49.66,49.66,48.38,6.09649123,1003/5521,50.93,49.21,48.59,46.61,49.66,49.66,49.66,0,47.58,48.59,46.61,48.38,4.342105,4532403,33,301235,20260408
000060.SZ,中金岭南,6.75,1.5037593984962352,6.68,6.68,6.44,6.09555189,1004/5521,6.88,6.67,6.44,6.25,6.68,6.68,6.68,0,6.26,6.44,6.25,6.44,3.130148,1.29291709E8,33,000060,20260408
920375.BJ,派诺科技,13.13,-1.9417475728155322,13.26,13.26,14.28,6.09212481,1005/5521,13.29,13,14.3,13.66,13.26,13.26,13.26,0,13.75,14.3,13.66,14.28,4.754829,5349512,151,920375,20260408
688433.SH,华曙高科,79.31,1.2899106002554344,78.61,78.61,77.37,6.08802962,1007/5521,79.76,76.51,77.5,73.66,78.61,78.61,78.61,0,74.47,77.5,73.66,77.37,5.265322,4291226,17,688433,20260408
000528.SZ,柳工,9.66,-2.6209677419354818,9.88,9.88,9.76,6.08695652,1008/5521,9.94,9.59,9.77,9.46,9.88,9.88,9.88,0,9.5,9.77,9.46,9.76,3.369565,5.648367E7,33,000528,20260408
300517.SZ,海波重科,12.48,0.8892481810832757,12.3,12.3,11.68,6.08537693,1009/5521,12.62,12.29,11.69,11.2,12.3,12.3,12.3,0,11.31,11.69,11.2,11.68,4.450499,4316820,33,300517,20260408
300276.SZ,三丰智能,6.85,1.33136094674556,6.76,6.76,7.15,6.08308605,1010/5521,6.92,6.76,7.15,6.87,6.76,6.76,6.76,0,6.9,7.15,6.87,7.15,4.154302,2.7201975E7,33,300276,20260408
300645.SZ,正元智慧,16.6,-0.6582884500299188,16.7,16.7,17.44,6.08272506,1011/5521,17,16.52,17.5,16.77,16.7,16.7,16.7,0,16.9,17.5,16.77,17.44,4.440389,4130612,33,300645,20260408
300354.SZ,东华测试,35.74,1.5340909090909065,35.27,35.27,35.78,6.07767566,1012/5521,35.81,35.25,35.85,34.52,35.27,35.27,35.27,0,34.95,35.85,34.52,35.78,3.943077,3177100,33,300354,20260408
001373.SZ,翔腾新材,37.51,1.8463209340211777,37.05,37.05,36.13,6.07751028,1013/5521,37.77,36.85,36.3,34.56,37.05,37.05,37.05,0,34.9,36.3,34.56,36.13,5.108631,1396800,33,001373,20260408
300963.SZ,中洲特材,16.84,1.2627781118460666,16.64,16.64,17.28,6.07734807,1014/5521,16.88,16.56,17.3,16.64,16.64,16.64,16.64,0,16.64,17.3,16.64,17.28,4.051565,1.0570412E7,33,300963,20260408
601698.SH,中国卫通,36.67,2.976691940466168,35.19,35.19,32.99,6.07717042,1015/5521,36.97,35.09,32.99,31.64,35.19,35.19,35.19,0,31.64,32.99,31.64,32.99,4.340836,4.8883477E7,17,601698,20260408
300389.SZ,艾比森,16.37,-2.848664688427302,16.77,16.77,17.98,6.07669617,1016/5521,16.9,16.37,17.99,17.3,16.77,16.77,16.77,0,17.33,17.99,17.3,17.98,4.070796,1.5121035E7,33,300389,20260408
300304.SZ,云意电气,11.83,2.158894645941278,11.53,11.53,13.27,6.07513989,1017/5521,11.86,11.5,13.27,12.87,11.53,11.53,11.53,0,12.95,13.27,12.87,13.27,3.197442,2.174522E7,33,300304,20260408
603108.SH,润达医疗,13.43,-0.8856088560885682,13.36,13.36,13.11,6.06796117,1018/5521,13.6,13.3,13.12,12.63,13.36,13.36,13.36,0,12.63,13.12,12.63,13.11,3.964401,1.5099552E7,17,603108,20260408
301329.SZ,信音电子,25.24,2.062272543469462,24.79,24.79,23.25,6.06751825,1019/5521,25.36,24.45,23.26,22.43,24.79,24.79,24.79,0,22.64,23.26,22.43,23.25,3.786496,3055170,33,301329,20260408
000810.SZ,创维数字,12.69,0.07886435331230116,12.68,12.68,11.54,6.06617647,1020/5521,12.76,12.58,11.67,10.95,12.68,12.68,12.68,0,11,11.67,10.95,11.54,6.617647,2.3667139E7,33,000810,20260408
300100.SZ,双林股份,28.51,1.4590747330960858,28.0,28,30.6,6.06585789,1021/5521,28.7,27.98,30.66,29.6,28.0,28.0,28.0,0,29.54,30.56,29.5,30.5,3.674176,1.170046E7,33,300100,20260408
002167.SZ,东方锆业,12.91,-1.9741837509491251,13.12,13.12,12.59,6.06571188,1022/5521,13.17,12.87,12.6,12.02,13.12,13.12,13.12,0,12.23,12.6,12.02,12.59,4.886267,2.9234603E7,33,002167,20260408
300271.SZ,华宇软件,6.34,-0.3144654088050387,6.31,6.31,6.82,6.06531882,1023/5521,6.44,6.31,6.82,6.57,6.31,6.31,6.31,0,6.6,6.82,6.57,6.82,3.888024,1.3566479E7,33,300271,20260408
300663.SZ,科蓝软件,12.82,-0.07794232268121423,12.81,12.81,13.47,6.06299213,1024/5521,13.02,12.7,13.52,12.93,12.81,12.81,12.81,0,13,13.52,12.93,13.47,4.645669,1.4164607E7,33,300663,20260408
002452.SZ,长高电新,10.96,0.36630036630037477,11.29,11.29,10.5,6.06060606,1025/5521,11.6,10.82,10.55,10.11,11.29,11.29,11.29,0,10.12,10.55,10.11,10.5,4.444444,2.6255968E7,33,002452,20260408
603030.SH,全筑股份,2.65,9.958506224066381,2.62,2.62,2.45,6.06060606,1025/5521,2.65,2.62,2.5,2.35,2.62,2.62,2.62,0,2.35,2.5,2.35,2.45,6.493506,3.64733E7,17,603030,20260408
920808.BJ,曙光数创,78.73,2.472992320708064,76.5,76.5,71.6,6.05836172,1027/5521,78.8,76.25,71.9,69.58,76.5,76.5,76.5,0,69.58,71.9,69.58,71.6,3.436527,2072805,151,920808,20260408
688778.SH,厦钨新能,82.55,-3.291940018744145,84.73,84.73,74.06,6.05756838,1028/5521,85.23,82.29,74.59,70.82,84.73,84.73,84.73,0,71.48,74.59,70.82,74.06,5.398825,5729627,17,688778,20260408
300128.SZ,锦富技术,6.45,4.707792207792208,6.14,6.14,6.13,6.05536332,1029/5521,6.56,6.14,6.15,5.89,6.14,6.14,6.14,0,5.9,6.15,5.89,6.13,4.498269,2.8973668E7,33,300128,20260408
002983.SZ,芯瑞达,23.3,-0.29952931108258574,23.31,23.31,23.13,6.0522696,1030/5521,23.39,22.8,23.15,22.2,23.31,23.31,23.31,0,22.2,23.15,22.2,23.13,4.3558,3212173,33,002983,20260408
688126.SH,沪硅产业,20.61,2.537313432835811,19.51,19.51,17.88,6.04982206,1031/5521,20.8,19.51,17.89,17.28,19.51,19.51,19.51,0,17.28,17.89,17.28,17.88,3.61803,3.1643671E7,17,688126,20260408
300582.SZ,英飞特,15.06,-3.2133676092544987,15.5,15.5,13.5,6.04870385,1032/5521,15.5,14.86,13.54,12.99,15.5,15.5,15.5,0,12.99,13.54,12.99,13.5,4.320502,1.045495E7,33,300582,20260408
002857.SZ,三晖电气,22.0,2.2304832713754665,21.42,21.42,21.76,6.04288499,1033/5521,22.74,21.2,21.78,20.69,21.42,21.42,21.42,0,21.23,21.78,20.69,21.76,5.31189,3445600,33,002857,20260408
603078.SH,江化微,24.81,2.8180687940323237,24.3,24.3,22.99,6.04243542,1034/5521,24.93,24.27,23.08,21.79,24.3,24.3,24.3,0,22.14,23.08,21.79,22.99,5.950184,1.4051722E7,17,603078,20260408
002135.SZ,东南网架,8.51,8.132147395171534,7.87,7.87,7.02,6.04229607,1035/5521,8.6,7.8,7.02,6.75,7.87,7.87,7.87,0,6.84,7.02,6.75,7.02,4.078549,3.3035876E7,33,002135,20260408
603650.SH,彤程新材,53.96,-1.5328467153284604,53.48,53.48,52.13,6.04149715,1036/5521,54.38,52.84,52.18,50.36,53.48,53.48,53.48,0,50.36,52.18,50.36,52.13,3.702196,1.0502687E7,17,603650,20260408
002723.SZ,小崧股份,11.17,4.981203007518791,10.54,10.54,9.48,6.04026846,1037/5521,11.26,10.5,9.61,9.1,10.54,10.54,10.54,0,9.11,9.61,9.1,9.48,5.704697,1.398812E7,33,002723,20260408
920223.BJ,荣亿精密,17.0,-1.1627906976744145,17.18,17.18,15.8,6.04026846,1037/5521,17.37,17,15.82,15.23,17.18,17.18,17.18,0,15.37,15.82,15.23,15.8,3.959731,2120581,151,920223,20260408
603163.SH,圣晖集成,98.0,-2.1467798302546237,99.0,99,102.47,6.03269868,1039/5521,100,97.18,102.51,99,99.0,99.0,99.0,0,99.52,102.51,99,102.47,3.632036,3059100,17,603163,20260408
601233.SH,桐昆股份,24.21,4.986990459670435,22.81,22.81,19.51,6.0326087,1040/5521,24.45,22.81,20.07,19.05,22.81,22.81,22.81,0,19.2,20.07,19.05,19.51,5.543478,7.1001374E7,17,601233,20260408
603126.SH,中材节能,8.18,-0.4866180048661912,8.16,8.16,7.91,6.03217158,1041/5521,8.26,8.01,8.05,7.57,8.16,8.16,8.16,0,7.59,8.05,7.57,7.91,6.434316,1.6800719E7,17,603126,20260408
300843.SZ,胜蓝股份,82.34,12.779071360087656,76.3,76.3,60.83,6.03102667,1042/5521,85,76.3,60.88,57.85,76.3,76.3,76.3,0,58.9,60.88,57.85,60.83,5.281506,7750584,33,300843,20260408
920839.BJ,万通液压,31.38,0.3517748640869825,31.29,31.29,33.6,6.0271379,1043/5521,31.85,31.18,34.25,32.14,31.29,31.29,31.29,0,32.5,34.25,32.14,33.6,6.658251,1202569,151,920839,20260408
301392.SZ,汇成真空,156.11,-0.4400510204081618,155.01,155.01,136.72,6.02559131,1044/5521,159.9,154.5,139.99,129.26,155.01,155.01,155.01,0,133.8,139.99,129.26,136.72,8.321054,8304363,33,301392,20260408
603499.SH,翔港科技,20.81,1.6609672691744009,20.0,20,22.18,6.02294455,1045/5521,20.99,20,22.22,21.3,20.0,20.0,20.0,0,21.3,22.22,21.3,22.18,4.397705,5369065,17,603499,20260408
300007.SZ,汉威科技,42.95,1.9463565155471165,41.88,41.88,43.88,6.01594588,1046/5521,43.27,41.78,43.9,42.51,41.88,41.88,41.88,0,42.51,43.9,42.51,43.88,3.358299,1.0263536E7,33,300007,20260408
688369.SH,致远互联,24.26,0.12381345439538233,24.2,24.2,23.97,6.01503759,1047/5521,24.68,24,24.49,22.65,24.2,24.2,24.2,0,23,24.49,22.65,23.97,8.137992,8390641,17,688369,20260408
688061.SH,灿瑞科技,35.2,1.3532968615030407,34.49,34.49,30.87,6.00961538,1048/5521,35.51,34.14,30.88,29.82,34.49,34.49,34.49,0,29.99,30.88,29.82,30.87,3.640109,1315653,17,688061,20260408
002050.SZ,三花智控,46.92,4.685408299866134,44.69,44.69,44.28,6.00909744,1049/5521,47.37,44.58,44.3,43,44.69,44.69,44.69,0,43,44.3,43,44.28,3.112281,1.01751849E8,33,002050,20260408
300299.SZ,富春股份,6.16,0.48939641109298937,6.1,6.1,6.18,6.00343053,1050/5521,6.22,6.04,6.18,5.93,6.1,6.1,6.1,0,5.93,6.18,5.93,6.18,4.288164,2.0285838E7,33,300299,20260408
600637.SH,东方明珠,9.98,-1.3833992094861542,9.91,9.91,9.72,5.99781897,1052/5521,10.11,9.84,9.72,9.38,9.91,9.91,9.91,0,9.38,9.72,9.38,9.72,3.707742,5.344107E7,17,600637,20260408
300812.SZ,易天股份,35.02,-0.39817974971556735,35.3,35.3,40.83,5.99688474,1053/5521,35.53,34.45,41.22,38.63,35.3,35.3,35.3,0,38.81,41.22,38.63,40.83,6.723779,3.1012826E7,33,300812,20260408
300098.SZ,高新兴,5.51,-0.8992805755395652,5.5,5.5,5.48,5.99613153,1054/5521,5.64,5.48,5.48,5.29,5.5,5.5,5.5,0,5.33,5.48,5.29,5.48,3.675048,6.0783685E7,33,300098,20260408
603713.SH,密尔克卫,56.87,-1.829794579665117,58.0,58,61.88,5.99520384,1055/5521,58,56.63,61.99,58.9,58.0,58.0,58.0,0,59.29,61.99,58.9,61.88,5.292908,2597817,17,603713,20260408
000901.SZ,航天科技,24.0,3.359173126614992,23.1,23.1,22.46,5.99339311,1056/5521,24.26,22.88,22.49,21.59,23.1,23.1,23.1,0,21.59,22.49,21.59,22.46,4.247286,2.5882192E7,33,000901,20260408
300873.SZ,海晨股份,21.07,-0.6600660066006627,21.25,21.25,22.65,5.98970519,1057/5521,21.33,21,22.65,21.9,21.25,21.25,21.25,0,21.9,22.65,21.9,22.65,3.509592,2974322,33,300873,20260408
688721.SH,龙图光罩,45.57,0.6404593639575953,45.4,45.4,39.64,5.98930481,1058/5521,46.2,44,39.74,38.11,45.4,45.4,45.4,0,38.55,39.74,38.11,39.64,4.358288,1118931,17,688721,20260408
300711.SZ,广哈通信,20.87,-0.9492168960607466,21.15,21.15,25.31,5.98827471,1059/5521,21.15,20.7,25.36,24.41,21.15,21.15,21.15,0,24.41,25.36,24.41,25.31,3.978224,4643706,33,300711,20260408
920445.BJ,龙竹科技,9.61,-0.9278350515463903,9.64,9.64,10.09,5.98739496,1060/5521,9.94,9.56,10.22,9.69,9.64,9.64,9.64,0,9.69,10.22,9.69,10.09,5.567226,3045096,151,920445,20260408
300427.SZ,红相股份,10.89,-0.1833180568285937,10.88,10.88,12.22,5.98438855,1061/5521,10.97,10.73,12.22,11.76,10.88,10.88,10.88,0,11.76,12.22,11.76,12.22,3.989592,3.2154261E7,33,300427,20260408
000682.SZ,东方电子,13.05,-2.320359281437116,13.37,13.37,12.4,5.98290598,1062/5521,13.39,13.02,12.44,12.01,13.37,13.37,13.37,0,12.05,12.44,12.01,12.4,3.675213,1.9067336E7,33,000682,20260408
603687.SH,大胜达,17.18,9.987195902688864,15.6,15.6,17.36,5.98290598,1062/5521,17.18,15.6,17.69,16.55,15.6,15.6,15.6,0,17.1,17.69,16.55,17.36,6.959706,1.114413E8,17,603687,20260408
603316.SH,诚邦股份,15.59,-4.939024390243895,18.04,18.04,14.18,5.97907324,1064/5521,18.04,15.43,14.2,13.69,18.04,18.04,18.04,0,13.75,14.2,13.69,14.18,3.811659,1.056807E7,17,603316,20260408
603663.SH,三祥新材,46.35,-1.8216479559415366,47.5,47.5,42.75,5.97421914,1065/5521,47.7,46.32,42.88,41.33,47.5,47.5,47.5,0,41.5,42.88,41.33,42.75,3.84234,8749786,17,603663,20260408
300690.SZ,双一科技,28.69,-0.5890505890505826,28.67,28.67,30.16,5.97329585,1066/5521,28.97,28.41,30.27,29.01,28.67,28.67,28.67,0,29.46,30.27,29.01,30.16,4.427266,1.0318149E7,33,300690,20260408
688608.SH,恒玄科技,169.63,-2.089466089466092,167.0,167,171.46,5.97033375,1067/5521,172.19,165.5,171.5,165.65,167.0,167.0,167.0,0,165.65,171.5,165.65,171.46,3.615574,4240299,17,688608,20260408
300398.SZ,飞凯材料,30.41,-1.6812156482379552,30.96,30.96,27.69,5.97014925,1068/5521,31.39,30.12,27.69,26.78,30.96,30.96,30.96,0,27.14,27.69,26.78,27.69,3.482587,3.792568E7,33,300398,20260408
603040.SH,新坐标,79.62,0.1257545271629886,79.16,79.16,84.69,5.96846847,1069/5521,81.1,78.83,84.95,81.04,79.16,79.16,79.16,0,81.59,84.95,81.04,84.69,4.892392,1556188,17,603040,20260408
300488.SZ,恒锋工具,30.46,0.9946949602122039,30.03,30.03,28.41,5.96792242,1070/5521,30.94,30.02,28.46,27.28,30.03,30.03,30.03,0,27.45,28.46,27.28,28.41,4.401342,4869665,33,300488,20260408
300092.SZ,科新机电,16.74,0.35971223021581966,16.65,16.65,16.34,5.96627756,1071/5521,16.91,16.6,16.37,15.73,16.65,16.65,16.65,0,15.74,16.37,15.73,16.34,4.150453,6775100,33,300092,20260408
688013.SH,天臣医疗,36.21,-2.713594841483068,37.07,37.07,37.67,5.96343179,1072/5521,37.08,35.9,37.79,36.27,37.07,37.07,37.07,0,36.28,37.79,36.27,37.67,4.275668,1397573,17,688013,20260408
688255.SH,凯尔达,30.34,1.9146792072556273,29.77,29.77,28.44,5.96125186,1073/5521,30.92,29.7,28.48,27.33,29.77,29.77,29.77,0,27.33,28.48,27.33,28.44,4.284649,1773112,17,688255,20260408
300916.SZ,朗特智能,37.37,2.9760264535684717,36.28,36.28,30.22,5.96072931,1074/5521,37.95,36.02,30.27,29.1,36.28,36.28,36.28,0,29.1,30.27,29.1,30.22,4.102384,2600411,33,300916,20260408
000988.SZ,华工科技,119.53,0.41162634408601717,119.11,119.11,110.41,5.9596929,1075/5521,120.97,115,110.46,106.11,119.11,119.11,119.11,0,108,110.46,106.11,110.41,4.174664,9.1563231E7,33,000988,20260408
002555.SZ,三七互娱,21.43,-2.502274795268429,21.87,21.87,22.94,5.95842956,1076/5521,21.87,21.34,22.96,22.24,21.87,21.87,21.87,0,22.3,22.96,22.24,22.94,3.325635,4.9394314E7,33,002555,20260408
920190.BJ,雷神科技,23.45,0.4282655246252585,23.3,23.3,22.42,5.95463138,1077/5521,23.6,23.17,22.48,21.65,23.3,23.3,23.3,0,21.65,22.48,21.65,22.42,3.922495,1670237,151,920190,20260408
920425.BJ,乐创技术,25.25,13.228699551569504,22.3,22.3,19.58,5.95238095,1078/5521,27.77,22.29,19.63,18.83,22.3,22.3,22.3,0,18.99,19.63,18.83,19.58,4.329004,1320545,151,920425,20260408
688007.SH,光峰科技,14.88,1.362397820163495,14.21,14.21,14.42,5.95150625,1079/5521,15.01,14.21,14.44,13.86,14.21,14.21,14.21,0,13.86,14.44,13.86,14.42,4.261572,6421461,17,688007,20260408
300609.SZ,汇纳科技,42.99,6.8871208354052795,40.27,40.27,34.37,5.94944513,1080/5521,43.15,40.26,34.37,33.09,40.27,40.27,40.27,0,33.09,34.37,33.09,34.37,3.945745,3545300,33,300609,20260408
301363.SZ,美好医疗,26.76,0.4127579737335947,27.15,27.15,26.37,5.94616312,1081/5521,27.17,26.44,26.42,25.24,27.15,27.15,27.15,0,25.45,26.42,25.24,26.37,4.740859,7938244,33,301363,20260408
301073.SZ,君亭酒店,24.76,-2.519685039370067,25.37,25.37,28.17,5.94208349,1082/5521,25.5,24.67,28.38,27.2,25.37,25.37,25.37,0,27.35,28.38,27.2,28.17,4.437758,4446814,33,301073,20260408
002494.SZ,华斯股份,6.21,4.721753794266446,6.02,6.02,5.35,5.94059406,1083/5521,6.25,5.92,5.35,5.12,6.02,6.02,6.02,0,5.23,5.35,5.12,5.35,4.554455,1.68293E7,33,002494,20260408
300074.SZ,华平股份,4.41,0.9153318077803212,4.34,4.34,4.28,5.94059406,1083/5521,4.45,4.34,4.29,4.12,4.34,4.34,4.34,0,4.14,4.29,4.12,4.28,4.20792,1.6090498E7,33,300074,20260408
920833.BJ,美心翼申,15.11,-0.3955174686882037,15.2,15.2,15.52,5.93856655,1085/5521,15.38,15.05,15.52,14.88,15.2,15.2,15.2,0,15.18,15.52,14.88,15.52,4.3686,1288704,151,920833,20260408
300433.SZ,蓝思科技,25.69,-0.503485670023234,25.72,25.72,29.97,5.93849417,1086/5521,25.85,25.34,29.97,28.8,25.72,25.72,25.72,0,28.97,29.97,28.8,29.97,4.135737,1.08630191E8,33,300433,20260408
301056.SZ,森赫股份,14.09,-0.28308563340411125,14.18,14.18,15.36,5.93103448,1087/5521,14.53,14.08,15.58,14.77,14.18,14.18,14.18,0,15,15.58,14.77,15.36,5.586206,4067200,33,301056,20260408
688478.SH,晶升股份,41.94,0.5996641880546895,41.56,41.56,30.56,5.92720971,1088/5521,42.99,40.1,30.56,29.6,41.56,41.56,41.56,0,29.69,30.56,29.6,30.56,3.327556,1844562,17,688478,20260408
000633.SZ,合金投资,6.83,0.14662756598240156,6.79,6.79,6.97,5.92705167,1089/5521,6.95,6.77,7.16,6.68,6.79,6.79,6.79,0,6.69,7.16,6.68,6.97,7.294832,1.7139302E7,33,000633,20260408
300319.SZ,麦捷科技,12.46,-0.8750994431185316,12.55,12.55,11.8,5.92459605,1090/5521,12.74,12.37,11.84,11.39,12.55,12.55,12.55,0,11.47,11.84,11.39,11.8,4.039497,4.2318492E7,33,300319,20260408
301328.SZ,维峰电子,62.16,0.6476683937823812,61.68,61.68,47.8,5.91624197,1091/5521,63.11,61.21,47.96,46.09,61.68,61.68,61.68,0,46.5,47.96,46.09,47.8,4.143585,1091519,33,301328,20260408
002474.SZ,榕基软件,7.37,0.0,7.37,7.37,7.88,5.91397849,1092/5521,7.41,7.32,7.88,7.59,7.37,7.37,7.37,0,7.59,7.88,7.59,7.88,3.897849,1.9977824E7,33,002474,20260408
603918.SH,金桥信息,13.4,-0.3717472118959029,13.38,13.38,13.97,5.91357089,1093/5521,13.54,13.31,13.98,13.42,13.38,13.38,13.38,0,13.42,13.98,13.42,13.97,4.24564,9481075,17,603918,20260408
300605.SZ,恒锋信息,13.17,3.213166144200628,12.7,12.7,14.52,5.90809628,1094/5521,13.49,12.67,14.53,14.15,12.7,12.7,12.7,0,14.22,14.53,14.15,14.52,2.771699,4027173,33,300605,20260408
688206.SH,概伦电子,34.01,1.856843366277321,32.68,32.68,32.63,5.907173,1095/5521,34.72,32.3,32.64,31.61,32.68,32.68,32.68,0,31.69,32.64,31.61,32.63,3.34307,4272471,17,688206,20260408
002681.SZ,奋达科技,5.22,1.754385964912278,5.12,5.12,5.38,5.90551181,1096/5521,5.23,5.07,5.39,5.19,5.12,5.12,5.12,0,5.2,5.39,5.19,5.38,3.937007,3.7849481E7,33,002681,20260408
603678.SH,火炬电子,32.51,0.0,32.2,32.2,32.82,5.90513069,1097/5521,33.1,32.15,32.84,31.55,32.2,32.2,32.2,0,31.8,32.84,31.55,32.82,4.162633,1.61215E7,17,603678,20260408
600353.SH,旭光电子,17.23,-2.6553672316384116,17.59,17.59,14.71,5.90352772,1098/5521,17.76,17.1,14.73,14.15,17.59,17.59,17.59,0,14.15,14.73,14.15,14.71,4.175665,2.5020138E7,17,600353,20260408
601689.SH,拓普集团,60.14,4.445988190343874,57.51,57.51,59.59,5.9001244,1099/5521,60.88,57.5,59.59,57.63,57.51,57.51,57.51,0,57.63,59.59,57.63,59.59,3.483205,3.45551E7,17,601689,20260408
300626.SZ,华瑞股份,26.78,2.881290818286592,26.51,26.51,25.31,5.89958159,1100/5521,26.86,25.66,25.67,24,26.51,26.51,26.51,0,24.11,25.67,24,25.31,6.987447,1.848598E7,33,300626,20260408
688311.SH,盟升电子,34.39,2.3511904761904736,33.24,33.24,38.06,5.89872009,1101/5521,34.74,33.18,38.16,36.73,33.24,33.24,33.24,0,36.8,38.16,36.73,38.06,3.978853,4001776,17,688311,20260408
300465.SZ,高伟达,14.22,0.779588944011348,14.11,14.11,15.26,5.89868147,1102/5521,14.4,13.98,15.27,14.59,14.11,14.11,14.11,0,14.76,15.27,14.59,15.26,4.718945,1.3043637E7,33,300465,20260408
600748.SH,上实发展,5.3,-3.1078610603290664,5.48,5.48,5.03,5.89473684,1103/5521,5.5,5.16,5.18,4.8,5.48,5.48,5.48,0,4.86,5.18,4.8,5.03,8,2.419755E7,17,600748,20260408
300945.SZ,曼卡龙,15.44,-1.4048531289910642,15.66,15.66,16.17,5.89390963,1104/5521,15.84,15.28,16.17,15.73,15.66,15.66,15.66,0,15.97,16.17,15.73,16.17,2.881466,1.2983721E7,33,300945,20260408
600577.SH,精达股份,13.03,4.490777866880503,12.72,12.72,12.58,5.89225589,1105/5521,13.26,12.55,12.59,12.2,12.72,12.72,12.72,0,12.2,12.59,12.2,12.58,3.282828,7.3389733E7,17,600577,20260408
002654.SZ,万润科技,14.52,5.6768558951965025,13.83,13.83,13.66,5.89147287,1106/5521,14.94,13.47,13.69,13.2,13.83,13.83,13.83,0,13.31,13.69,13.2,13.66,3.798449,4.4060146E7,33,002654,20260408
300353.SZ,东土科技,18.55,2.542841348811503,18.05,18.05,19.78,5.88865096,1107/5521,18.64,17.99,19.81,19.24,18.05,18.05,18.05,0,19.3,19.81,19.24,19.78,3.051391,1.3990102E7,33,300353,20260408
300246.SZ,宝莱特,17.7,4.05643738977071,17.0,17,14.57,5.88662791,1108/5521,18.1,16.88,14.66,14,17.0,17.0,17.0,0,14,14.66,14,14.57,4.796511,1.209475E7,33,300246,20260408
002941.SZ,新疆交建,13.9,-2.043692741367154,14.15,14.15,16.19,5.88620013,1109/5521,14.15,13.83,16.2,15.63,14.15,14.15,14.15,0,15.74,16.2,15.63,16.19,3.727926,2.515446E7,33,002941,20260408
300014.SZ,亿纬锂能,72.59,-2.037786774628868,73.5,73.5,64.25,5.88332235,1110/5521,74.37,72.21,64.43,62.39,73.5,73.5,73.5,0,62.45,64.43,62.39,64.25,3.361898,7.2745069E7,33,300014,20260408
300222.SZ,科大智能,11.2,0.6289308176100494,11.15,11.15,10.99,5.87668593,1111/5521,11.25,11.1,11,10.66,11.15,11.15,11.15,0,10.65,10.96,10.62,10.95,3.275529,1.849891E7,33,300222,20260408
603855.SH,华荣股份,18.68,-1.268498942917558,18.78,18.78,20.18,5.87618048,1112/5521,18.9,18.6,20.38,19.13,18.78,18.78,18.78,0,19.28,20.38,19.13,20.18,6.558237,7257504,17,603855,20260408
603861.SH,白云电器,15.92,-2.9859841560024387,16.41,16.41,16.95,5.87133042,1113/5521,16.58,15.84,16.98,16.35,16.41,16.41,16.41,0,16.36,16.98,16.35,16.95,3.93504,1.6851655E7,17,603861,20260408
688199.SH,久日新材,27.4,-0.3273917788286645,27.57,27.57,26.18,5.8633239,1114/5521,27.57,26.88,26.38,25,27.57,27.57,27.57,0,25.5,26.38,25,26.18,5.580266,5172932,17,688199,20260408
688653.SH,康希通信,15.05,3.793103448275867,14.48,14.48,13.0,5.86319218,1115/5521,15.11,14.43,13,12.58,14.48,14.48,14.48,0,12.58,13,12.58,13.0,3.420195,7208888,17,688653,20260408
002552.SZ,宝鼎科技,22.07,-1.561106155218561,22.4,22.4,17.52,5.86102719,1116/5521,22.54,21.83,17.56,17.08,22.4,22.4,22.4,0,17.3,17.56,17.08,17.52,2.900302,6040700,33,002552,20260408
002410.SZ,广联达,10.98,-0.3629764065335676,10.99,10.99,11.56,5.86080586,1117/5521,11.07,10.93,11.58,11.13,10.99,10.99,10.99,0,11.13,11.58,11.13,11.56,4.120879,4.3571781E7,33,002410,20260408
603119.SH,浙江荣泰,82.51,9.998666844420743,76.43,76.43,75.35,5.85838719,1118/5521,82.51,76.2,75.5,73.46,76.43,76.43,76.43,0,74,75.5,73.46,75.35,2.865973,1.2747648E7,17,603119,20260408
300820.SZ,英杰电气,49.25,12.881045152418055,43.63,43.63,46.26,5.85812357,1119/5521,49.49,43.19,46.83,44.66,43.63,43.63,43.63,0,44.66,46.83,44.66,46.26,4.965675,3783822,33,300820,20260408
300752.SZ,隆利科技,19.38,1.9463440294581662,19.02,19.02,16.99,5.85669782,1120/5521,19.58,18.96,17.12,16.27,19.02,19.02,19.02,0,16.39,17.12,16.27,16.99,5.29595,5053760,33,300752,20260408
688205.SH,德科立,240.96,2.6235093696763188,243.0,243,248.0,5.8562404,1121/5521,255.8,236.66,248.5,235.35,243.0,243.0,243.0,0,248,248.5,235.35,248.0,5.612941,1.5455701E7,17,688205,20260408
300126.SZ,锐奇股份,8.14,2.132998745294866,8.02,8.02,7.96,5.85106383,1122/5521,8.19,7.9,7.98,7.7,8.02,8.02,8.02,0,7.7,7.98,7.7,7.96,3.723404,4706100,33,300126,20260408
688071.SH,华依科技,33.24,2.0571077678845615,31.99,31.99,32.76,5.84814216,1123/5521,33.43,31.99,33.05,31.81,31.99,31.99,31.99,0,31.87,33.05,31.81,32.76,4.006462,2602966,17,688071,20260408
603615.SH,茶花股份,20.55,0.04868549172347402,20.3,20.3,18.1,5.84795322,1124/5521,20.7,20.05,18.18,17.36,20.3,20.3,20.3,0,17.42,18.18,17.36,18.1,4.795321,4926382,17,603615,20260408
002063.SZ,远光软件,6.28,-1.4128728414442677,6.35,6.35,6.52,5.84415584,1125/5521,6.38,6.25,6.52,6.3,6.35,6.35,6.35,0,6.31,6.52,6.3,6.52,3.571428,7.5113305E7,33,002063,20260408
002472.SZ,双环传动,39.27,2.5326370757180316,38.37,38.37,37.13,5.84378563,1126/5521,39.67,38.34,37.14,35.85,38.37,38.37,38.37,0,35.85,37.14,35.85,37.13,3.677309,1.6467421E7,33,002472,20260408
600970.SH,中材国际,9.33,-1.7894736842105257,9.45,9.45,11.23,5.84354383,1127/5521,9.45,9.2,11.27,10.86,9.45,9.45,9.45,0,10.86,11.27,10.86,11.23,3.864278,6.0075069E7,17,600970,20260408
920509.BJ,同惠电子,31.78,2.4170157911698356,31.09,31.09,29.9,5.84070796,1128/5521,32.03,31.09,29.99,29.01,31.09,31.09,31.09,0,29.01,29.99,29.01,29.9,3.469026,2268117,151,920509,20260408
301252.SZ,同星科技,36.85,0.7656549083948623,36.8,36.8,36.79,5.84004603,1129/5521,37.29,36.12,37.08,35.44,36.8,36.8,36.8,0,35.44,37.08,35.44,36.79,4.718066,2819619,33,301252,20260408
300435.SZ,中泰股份,23.5,-1.591289782244552,24.0,24,27.03,5.8339859,1130/5521,24.52,23.37,27.09,26.01,24.0,24.0,24.0,0,26.01,27.09,26.01,27.03,4.22866,1.10294E7,33,300435,20260408
300316.SZ,晶盛机电,42.62,1.937335565654138,41.82,41.82,43.36,5.83353673,1131/5521,42.85,41.33,43.69,41.77,41.82,41.82,41.82,0,41.99,43.69,41.77,43.36,4.686355,2.4004697E7,33,300316,20260408
300024.SZ,机器人,14.98,2.252559726962458,14.62,14.62,15.06,5.83274772,1132/5521,15.03,14.6,15.07,14.55,14.62,14.62,14.62,0,14.55,15.07,14.55,15.06,3.654251,2.6514911E7,33,300024,20260408
002112.SZ,三变科技,20.14,-1.177625122669276,20.38,20.38,21.23,5.83250249,1133/5521,20.46,20.01,21.25,20.51,20.38,20.38,20.38,0,20.51,21.25,20.51,21.23,3.688933,2.7710962E7,33,002112,20260408
301102.SZ,兆讯传媒,10.74,1.129943502824868,10.6,10.6,11.07,5.83173996,1134/5521,10.77,10.56,11.08,10.7,10.6,10.6,10.6,0,10.74,11.08,10.7,11.07,3.632887,3834620,33,301102,20260408
002930.SZ,宏川智慧,12.99,3.8369304556354953,12.45,12.45,13.98,5.82891749,1135/5521,13.08,12.28,14.17,13.17,12.45,12.45,12.45,0,13.41,14.17,13.17,13.98,7.570022,2.1583285E7,33,002930,20260408
300951.SZ,博硕科技,32.85,1.7973349860551542,32.3,32.3,37.78,5.82633053,1136/5521,33.07,31.95,37.83,36.4,32.3,32.3,32.3,0,36.41,37.83,36.4,37.78,4.005602,2395652,33,300951,20260408
603381.SH,永臻股份,24.14,1.3434089000839642,23.74,23.74,23.07,5.82568807,1137/5521,24.2,23.51,23.07,22.23,23.74,23.74,23.74,0,22.3,23.07,22.23,23.07,3.853211,8538800,17,603381,20260408
300002.SZ,神州泰岳,9.73,1.038421599169259,9.63,9.63,9.81,5.82524272,1138/5521,9.74,9.56,9.85,9.45,9.63,9.63,9.63,0,9.45,9.85,9.45,9.81,4.314994,4.985794E7,33,300002,20260408
000969.SZ,安泰科技,21.37,1.0879848628193018,21.03,21.03,21.44,5.8242843,1139/5521,21.4,20.95,21.46,20.75,21.03,21.03,21.03,0,20.76,21.46,20.75,21.44,3.504442,2.5097648E7,33,000969,20260408
688232.SH,新点软件,22.12,0.1811594202898673,22.04,22.04,22.35,5.82386364,1140/5521,22.32,21.83,22.44,21.55,22.04,22.04,22.04,0,21.6,22.44,21.55,22.35,4.214015,2495922,17,688232,20260408
301606.SZ,绿联科技,75.78,1.3643659711075387,75.05,75.05,72.89,5.82171893,1141/5521,76.15,73.84,72.98,70.1,75.05,75.05,75.05,0,71,72.98,70.1,72.89,4.181184,4887097,33,301606,20260408
000572.SZ,海马汽车,5.59,1.8214936247723068,5.52,5.52,5.82,5.81818182,1142/5521,5.61,5.5,5.83,5.55,5.52,5.52,5.52,0,5.6,5.83,5.55,5.82,5.090909,8.681351E7,33,000572,20260408
300129.SZ,泰胜风能,11.36,3.9341262580054868,10.96,10.96,12.55,5.81787521,1143/5521,11.48,10.91,12.55,12.1,10.96,10.96,10.96,0,12.1,12.55,12.1,12.55,3.794266,3.384413E7,33,300129,20260408
688981.SH,中芯国际,118.73,5.565928692095674,113.31,113.31,101.18,5.81468312,1144/5521,119.88,113.3,101.54,99.02,113.31,113.31,113.31,0,99.02,101.54,99.02,101.18,2.635431,5.4469712E7,17,688981,20260408
600877.SH,电科芯片,16.45,2.1104903786468023,16.06,16.06,16.38,5.81395349,1145/5521,16.52,16.01,16.38,15.85,16.06,16.06,16.06,0,15.85,16.38,15.85,16.38,3.423772,2.1539783E7,17,600877,20260408
300755.SZ,华致酒行,13.66,-0.726744186046509,13.73,13.73,13.29,5.81210191,1146/5521,13.82,13.61,13.34,12.74,13.73,13.73,13.73,0,12.76,13.34,12.74,13.29,4.77707,5864184,33,300755,20260408
603679.SH,华体科技,14.95,2.327173169062285,14.75,14.75,13.48,5.80847724,1147/5521,15.05,14.65,13.48,13.05,14.75,14.75,14.75,0,13.05,13.48,13.05,13.48,3.375196,6539179,17,603679,20260408
300656.SZ,民德电子,25.29,5.155925155925149,23.98,23.98,21.5,5.80708661,1148/5521,25.58,23.8,21.52,20.76,23.98,23.98,23.98,0,20.81,21.52,20.76,21.5,3.740157,2962086,33,300656,20260408
300037.SZ,新宙邦,69.1,-2.580008459044145,70.3,70.3,58.31,5.80656868,1149/5521,70.52,68.12,58.6,56,70.3,70.3,70.3,0,55.5,58.1,55.5,57.81,4.717837,2.0650764E7,33,300037,20260408
300932.SZ,三友联众,14.38,-0.06949270326615557,14.29,14.29,13.49,5.80392157,1150/5521,14.57,14.26,13.65,13,14.29,14.29,14.29,0,13,13.65,13,13.49,5.098039,1.2686613E7,33,300932,20260408
688326.SH,经纬恒润,89.19,-2.118086040386311,90.7,90.7,119.08,5.80186584,1151/5521,91.34,88.7,119.18,115.99,90.7,90.7,90.7,0,115.99,119.18,115.99,119.08,2.834295,1278585,17,688326,20260408
688395.SH,正弦电气,29.18,4.625313732520613,28.06,28.06,26.45,5.8,1152/5521,29.45,27.89,26.58,25.78,28.06,28.06,28.06,0,25.8,26.58,25.78,26.45,3.2,1165306,17,688395,20260408
300695.SZ,兆丰股份,60.47,0.2819237147595385,60.9,60.9,70.28,5.79557429,1153/5521,61.68,59.47,70.28,67.55,60.9,60.9,60.9,0,67.61,70.28,67.55,70.28,4.109589,877290,33,300695,20260408
920454.BJ,同心传动,14.45,0.4169562195969334,14.39,14.39,14.06,5.79382995,1154/5521,14.95,14.39,14.09,13.47,14.39,14.39,14.39,0,13.5,14.09,13.47,14.06,4.665161,1502293,151,920454,20260408
605222.SH,起帆电缆,36.37,10.012099213551105,32.84,32.84,23.38,5.7918552,1155/5521,36.37,32.76,23.6,22.2,32.84,32.84,32.84,0,22.6,23.6,22.2,23.38,6.334841,1.4203912E7,17,605222,20260408
603319.SH,美湖股份,38.21,1.4873837981407763,37.7,37.7,32.17,5.78756988,1156/5521,38.89,37.7,32.29,31.14,37.7,37.7,37.7,0,31.2,32.29,31.14,32.17,3.78165,7878573,17,603319,20260408
002402.SZ,和而泰,31.66,2.0960980328926104,31.16,31.16,31.09,5.78428037,1157/5521,32.17,30.89,31.1,30.04,31.16,31.16,31.16,0,30.04,31.1,30.04,31.09,3.606668,3.4293159E7,33,002402,20260408
003015.SZ,日久光电,15.15,-1.1741682974559668,15.18,15.18,14.83,5.77746077,1158/5521,15.43,14.88,14.87,14.3,15.18,15.18,15.18,0,14.39,14.87,14.3,14.83,4.06562,8997800,33,003015,20260408
002657.SZ,中科金财,20.75,2.8755577590480823,20.1,20.1,22.72,5.77281192,1159/5521,21.08,20,22.74,21.88,20.1,20.1,20.1,0,21.98,22.74,21.88,22.72,4.003724,1.1199413E7,33,002657,20260408
300745.SZ,欣锐科技,33.66,-2.4630541871921223,34.8,34.8,25.47,5.77242525,1160/5521,35.8,33.61,25.75,24.77,34.8,34.8,34.8,0,25.13,25.75,24.77,25.47,4.069767,4904623,33,300745,20260408
688090.SH,瑞松科技,74.35,7.863049470477277,69.99,69.99,63.06,5.76987588,1161/5521,76.6,69.01,63.37,60.22,69.99,69.99,69.99,0,60.22,63.37,60.22,63.06,5.283461,6031497,17,688090,20260408
920145.BJ,恒合股份,14.21,-0.14054813773717198,14.24,14.24,15.22,5.76789437,1162/5521,14.36,14.07,15.22,14.5,14.24,14.24,14.24,0,14.97,15.22,14.5,15.22,5.003474,927258,151,920145,20260408
300998.SZ,宁波方正,27.11,-0.11053795136330559,26.71,26.71,23.48,5.76576577,1163/5521,27.96,26.25,23.58,22.68,26.71,26.71,26.71,0,22.71,23.58,22.68,23.48,4.054054,4581719,33,300998,20260408
600452.SH,涪陵电力,11.61,-2.3549201009251566,11.88,11.88,11.56,5.76395242,1164/5521,11.9,11.54,11.59,11.18,11.88,11.88,11.88,0,11.19,11.59,11.18,11.56,3.751143,4.1899236E7,17,600452,20260408
300251.SZ,光线传媒,14.78,0.6811989100817415,14.69,14.69,15.6,5.76271186,1165/5521,14.88,14.61,15.67,14.98,14.69,14.69,14.69,0,14.99,15.67,14.98,15.6,4.677966,1.08483506E8,33,300251,20260408
002925.SZ,盈趣科技,19.21,1.2118018967334059,18.91,18.91,20.2,5.7591623,1166/5521,19.45,18.54,20.2,19.47,18.91,18.91,18.91,0,19.47,20.2,19.47,20.2,3.821989,8700200,33,002925,20260408
920108.BJ,宏海科技,11.7,8.938547486033512,11.28,11.28,11.02,5.75815739,1167/5521,12.5,11,11.03,10.61,11.28,11.28,11.28,0,10.77,11.03,10.61,11.02,4.03071,942559,151,920108,20260408
600312.SH,平高电气,21.96,-0.49841413683733315,22.0,22,20.78,5.75063613,1168/5521,22.3,21.82,20.8,20.06,22.0,22.0,22.0,0,20.1,20.8,20.06,20.78,3.765903,2.7713566E7,17,600312,20260408
002241.SZ,歌尔股份,24.5,-0.8097165991902805,24.68,24.68,23.54,5.75022462,1169/5521,24.68,24.21,23.54,22.8,24.68,24.68,24.68,0,22.86,23.54,22.8,23.54,3.324348,9.3875242E7,33,002241,20260408
600785.SH,新华百货,17.36,-1.8654607122668276,17.69,17.69,17.84,5.74985181,1170/5521,17.9,17.25,18.15,16.96,17.69,17.69,17.69,0,17.16,18.15,16.96,17.84,7.053941,9780200,17,600785,20260408
300940.SZ,南极光,19.77,-2.7066929133858304,20.1,20.1,22.44,5.74929312,1171/5521,20.3,19.54,22.48,21.76,20.1,20.1,20.1,0,21.81,22.48,21.76,22.44,3.393025,4168547,33,300940,20260408
688078.SH,龙软科技,27.25,3.1806134040136307,26.67,26.67,25.2,5.74905581,1172/5521,27.77,25.98,25.26,24.33,26.67,26.67,26.67,0,24.5,25.26,24.33,25.2,3.902643,793892,17,688078,20260408
603958.SH,哈森股份,24.26,-0.24671052631578422,24.1,24.1,20.25,5.74412533,1173/5521,24.7,23.88,20.36,19.67,24.1,24.1,24.1,0,19.79,20.36,19.67,20.25,3.603133,9487100,17,603958,20260408
300650.SZ,太龙股份,15.92,0.759493670886071,15.8,15.8,15.1,5.74229692,1174/5521,16,15.71,15.12,14.64,15.8,15.8,15.8,0,14.8,15.12,14.64,15.1,3.361344,5608202,33,300650,20260408
300287.SZ,飞利信,4.32,-0.4608294930875478,4.35,4.35,4.42,5.74162679,1175/5521,4.36,4.28,4.43,4.26,4.35,4.35,4.35,0,4.26,4.43,4.26,4.42,4.066985,2.9233392E7,33,300287,20260408
605128.SH,上海沿浦,34.2,2.70270270270272,33.2,33.2,34.45,5.73971762,1176/5521,34.76,33.1,34.49,33.22,33.2,33.2,33.2,0,33.22,34.49,33.22,34.45,3.898096,3564636,17,605128,20260408
920001.BJ,纬达光电,14.44,1.404494382022467,14.19,14.19,15.66,5.73936529,1177/5521,14.5,14.13,15.71,15.12,14.19,14.19,14.19,0,15.12,15.71,15.12,15.66,3.983794,2131380,151,920001,20260408
003021.SZ,兆威机电,96.59,2.8647497337593157,93.5,93.5,99.12,5.73927886,1178/5521,97.28,93,99.2,96.33,93.5,93.5,93.5,0,96.5,99.2,96.33,99.12,3.061659,4203239,33,003021,20260408
300778.SZ,新城市,13.05,4.1500399042298595,12.49,12.49,12.53,5.73839662,1179/5521,13.58,12.47,12.54,12.18,12.49,12.49,12.49,0,12.19,12.54,12.18,12.53,3.037974,3445700,33,300778,20260408
600338.SH,西藏珠峰,27.58,-0.10865628395509286,27.93,27.93,17.7,5.73476703,1180/5521,28.28,26.94,17.75,17.11,27.93,27.93,27.93,0,17.18,17.75,17.11,17.7,3.823178,4.9097779E7,17,600338,20260408
600880.SH,博瑞传播,5.13,0.39138943248531455,5.11,5.11,4.98,5.73248408,1181/5521,5.17,5.1,4.98,4.77,5.11,5.11,5.11,0,4.78,4.98,4.77,4.98,4.458598,3.0629444E7,17,600880,20260408
002292.SZ,奥飞娱乐,8.32,0.9708737864077678,8.18,8.18,7.94,5.72569907,1183/5521,8.35,8.18,7.95,7.67,8.18,8.18,8.18,0,7.67,7.95,7.67,7.94,3.728362,3.8894093E7,33,002292,20260408
000719.SZ,中原传媒,13.42,-1.9722425127830503,13.67,13.67,13.48,5.7254902,1184/5521,13.8,13.3,13.53,12.95,13.67,13.67,13.67,0,12.95,13.53,12.95,13.48,4.549019,1.0684295E7,33,000719,20260408
300551.SZ,古鳌科技,14.35,1.9176136363636334,13.96,13.96,14.22,5.72490706,1185/5521,14.41,13.83,14.53,13.71,13.96,13.96,13.96,0,13.71,14.53,13.71,14.22,6.096654,1.4696408E7,33,300551,20260408
603655.SH,朗博科技,43.74,-2.821595201066421,45.01,45.01,39.34,5.72426767,1186/5521,46.12,43.52,39.79,37.22,45.01,45.01,45.01,0,37.7,39.79,37.22,39.34,6.906745,2411300,17,603655,20260408
603280.SH,南方路机,34.08,0.5013270421704563,33.91,33.91,36.21,5.72262774,1187/5521,34.46,33.91,36.39,35.7,33.91,33.91,33.91,0,35.72,36.39,35.7,36.21,2.014598,2801700,17,603280,20260408
300654.SZ,世纪天鸿,10.96,-0.634632819582942,11.06,11.06,10.9,5.72259942,1188/5521,11.13,10.88,10.9,10.52,11.06,11.06,11.06,0,10.52,10.9,10.52,10.9,3.685741,1.1735658E7,33,300654,20260408
002843.SZ,泰嘉股份,26.58,2.3882896764252597,26.49,26.49,22.73,5.72093023,1189/5521,26.88,25.78,22.82,21.99,26.49,26.49,26.49,0,22.5,22.82,21.99,22.73,3.860465,2.2626887E7,33,002843,20260408
001330.SZ,博纳影业,8.27,2.7329192546583707,8.15,8.15,7.21,5.71847507,1190/5521,8.38,7.92,7.26,6.89,8.15,8.15,8.15,0,6.94,7.26,6.89,7.21,5.425219,8.5771569E7,33,001330,20260408
002009.SZ,天奇股份,23.22,0.17256255392579442,23.18,23.18,25.34,5.71547768,1191/5521,23.64,23.11,25.34,24.43,23.18,23.18,23.18,0,24.43,25.34,24.43,25.34,3.796412,2.7770096E7,33,002009,20260408
600208.SH,衢州发展,4.55,9.903381642512082,4.21,4.21,3.33,5.71428571,1192/5521,4.55,4.21,3.34,3.17,4.21,4.21,4.21,0,3.18,3.34,3.17,3.33,5.396825,9.655984E7,17,600208,20260408
603220.SH,中贝通信,28.26,-2.383419689119163,28.99,28.99,27.38,5.71428571,1192/5521,29.26,27.5,27.44,26.53,28.99,28.99,28.99,0,26.6,27.44,26.53,27.38,3.513513,4.4555914E7,17,603220,20260408
002853.SZ,皮阿诺,26.87,1.7803030303030396,26.41,26.41,24.98,5.7130766,1194/5521,27.09,26.02,24.99,24,26.41,26.41,26.41,0,24,24.99,24,24.98,4.189589,2485700,33,002853,20260408
002432.SZ,九安医疗,73.5,-2.208621607237888,75.16,75.16,87.59,5.70842385,1195/5521,76.7,72.75,88.8,83.5,75.16,75.16,75.16,0,84.43,88.8,83.5,87.59,6.396331,3.7250485E7,33,002432,20260408
688349.SH,三一重能,24.8,0.8950366151342654,24.4,24.4,23.71,5.70664289,1196/5521,24.8,24.25,23.78,22.79,24.4,24.4,24.4,0,22.9,23.78,22.79,23.71,4.413731,6579015,17,688349,20260408
688170.SH,德龙激光,60.46,3.0861040068201233,60.0,60,54.28,5.70593963,1197/5521,62.62,59.69,54.4,52.28,60.0,60.0,60.0,0,53,54.4,52.28,54.28,4.128529,7507133,17,688170,20260408
300525.SZ,博思软件,10.05,0.6006006006006056,10.0,10,10.56,5.70570571,1198/5521,10.14,9.98,10.59,10.18,10.0,10.0,10.0,0,10.2,10.59,10.18,10.56,4.104104,1.8597189E7,33,300525,20260408
688295.SH,中复神鹰,57.15,-2.491042484217712,56.69,56.69,52.06,5.70558376,1199/5521,59,56.68,52.64,50.2,56.69,56.69,56.69,0,50.6,52.64,50.2,52.06,4.954314,1.9090475E7,17,688295,20260408
688809.SH,强一股份,423.25,3.8650306748466257,407.38,407.38,340.68,5.7027614,1201/5521,425,407.38,340.87,330,407.38,407.38,407.38,0,332,340.87,330,340.68,3.372634,2481385,17,688809,20260408
300837.SZ,浙矿股份,34.4,-1.0925819436457807,34.79,34.79,37.31,5.69405099,1202/5521,34.87,34.03,37.33,35.6,34.79,34.79,34.79,0,36.51,37.33,35.6,37.31,4.900849,1899200,33,300837,20260408
300043.SZ,星辉娱乐,5.85,-2.0100502512562834,5.92,5.92,5.76,5.68807339,1203/5521,5.99,5.82,5.76,5.58,5.92,5.92,5.92,0,5.58,5.76,5.58,5.76,3.302752,4.36045E7,33,300043,20260408
300536.SZ,农尚环境,10.16,13.266443701226303,9.05,9.05,8.18,5.68475452,1204/5521,10.45,9,8.27,7.87,9.05,9.05,9.05,0,7.98,8.27,7.87,8.18,5.167958,8007500,33,300536,20260408
001396.SZ,誉帆科技,46.85,-1.8025571159086133,47.99,47.99,46.32,5.68104038,1205/5521,48,46.79,46.89,44.22,47.99,47.99,47.99,0,44.38,46.89,44.22,46.32,6.091718,1826809,33,001396,20260408
301325.SZ,曼恩斯特,43.79,1.2251502542764705,43.27,43.27,44.28,5.68019093,1206/5521,44.23,42.89,44.48,42.55,43.27,43.27,43.27,0,42.68,44.48,42.55,44.28,4.606205,1794439,33,301325,20260408
603058.SH,永吉股份,11.05,4.739336492890995,10.55,10.55,12.28,5.67986231,1207/5521,11.3,10.53,12.33,12,10.55,10.55,10.55,0,12,12.33,12,12.28,2.839931,8751300,17,603058,20260408
603400.SH,华之杰,67.69,2.966230605415277,65.74,65.74,70.0,5.6763285,1208/5521,68.65,65.2,71,67.3,65.74,65.74,65.74,0,67.49,71,67.3,70.0,5.585748,1865312,17,603400,20260408
301177.SZ,迪阿股份,29.03,-0.5140507196710027,29.36,29.36,28.86,5.67557671,1209/5521,29.39,28.71,28.86,27.94,29.36,29.36,29.36,0,27.95,28.86,27.94,28.86,3.368729,1377696,33,301177,20260408
600397.SH,江钨装备,14.35,-1.1707988980716248,14.7,14.7,14.9,5.67375887,1210/5521,14.73,14.31,14.92,14.35,14.7,14.7,14.7,0,14.56,14.92,14.35,14.9,4.042553,4.4295773E7,17,600397,20260408
002465.SZ,海格通信,16.1,5.022831050228319,15.28,15.28,15.09,5.67226891,1211/5521,16.3,15.23,15.09,14.6,15.28,15.28,15.28,0,14.65,15.09,14.6,15.09,3.431372,6.8290244E7,33,002465,20260408
300075.SZ,数字政通,13.29,-0.7468259895444467,13.28,13.28,12.86,5.66967954,1212/5521,13.49,13.23,12.86,12.42,13.28,13.28,13.28,0,12.5,12.86,12.42,12.86,3.615447,1.2075828E7,33,300075,20260408
301161.SZ,唯万密封,32.26,1.5423355366698095,31.8,31.8,30.38,5.66956522,1213/5521,32.45,31.49,30.38,29.3,31.8,31.8,31.8,0,29.3,30.38,29.3,30.38,3.756521,2446722,33,301161,20260408
301600.SZ,慧翰股份,108.98,1.9457436856875567,106.63,106.63,104.28,5.66420103,1214/5521,109.28,106.63,104.44,100.02,106.63,106.63,106.63,0,100.81,104.44,100.02,104.28,4.47867,1147097,33,301600,20260408
300598.SZ,诚迈科技,36.53,-1.0563380281690156,36.82,36.82,38.25,5.66298343,1215/5521,37.65,36.36,38.26,37,36.82,36.82,36.82,0,37,38.26,37,38.25,3.480662,4771449,33,300598,20260408
300976.SZ,达瑞电子,63.93,1.2031027386417572,63.15,63.15,56.75,5.66002607,1216/5521,64.33,63.05,56.9,54.8,63.15,63.15,63.15,0,54.8,56.9,54.8,56.75,3.909886,1891174,33,300976,20260408
688475.SH,萤石网络,31.18,1.069692058346834,30.72,30.72,27.45,5.65819861,1217/5521,31.42,30.55,27.49,26.39,30.72,30.72,30.72,0,26.48,27.49,26.39,27.45,4.234026,4361486,17,688475,20260408
920932.BJ,科达自控,14.58,2.1723896285914543,14.34,14.34,15.5,5.65780504,1218/5521,14.77,14.24,15.56,14.85,14.34,14.34,14.34,0,14.96,15.56,14.85,15.5,4.839809,1940855,151,920932,20260408
000559.SZ,万向钱潮,16.09,1.5782828282828283,15.73,15.73,15.69,5.65656566,1220/5521,16.43,15.72,15.72,15.2,15.73,15.73,15.73,0,15.26,15.72,15.2,15.69,3.501683,6.1902961E7,33,000559,20260408
300621.SZ,维业股份,9.09,1.3377926421404593,9.02,9.02,8.41,5.65326633,1221/5521,9.3,8.97,8.42,8.17,9.02,9.02,9.02,0,8.25,8.42,8.17,8.41,3.140703,5634450,33,300621,20260408
300259.SZ,新天科技,4.46,-0.8888888888888897,4.47,4.47,4.68,5.64334086,1222/5521,4.5,4.42,4.72,4.49,4.47,4.47,4.47,0,4.5,4.72,4.49,4.68,5.191873,3.0283967E7,33,300259,20260408
301368.SZ,丰立智能,49.4,1.479046836483153,48.89,48.89,52.98,5.64307079,1223/5521,50,48.41,52.99,51.22,48.89,48.89,48.89,0,51.65,52.99,51.22,52.98,3.529411,1782621,33,301368,20260408
300903.SZ,科翔股份,49.67,-1.1542288557213896,49.54,49.54,33.14,5.64233344,1224/5521,50.83,48.44,33.48,31.38,49.54,49.54,49.54,0,33,33.48,31.38,33.14,6.694293,2.1014363E7,33,300903,20260408
300622.SZ,博士眼镜,24.78,-0.28169014084507155,24.82,24.82,24.16,5.64057718,1225/5521,24.98,24.68,24.18,23.43,24.82,24.82,24.82,0,23.5,24.18,23.43,24.16,3.279405,7151731,33,300622,20260408
688525.SH,佰维存储,265.08,-1.4572490706319763,270.0,270,229.68,5.63885567,1226/5521,270.01,263.5,231,220.05,270.0,270.0,270.0,0,229,231,220.05,229.68,5.036335,3.7254052E7,17,688525,20260408
688626.SH,翔宇医疗,58.64,1.3831258644536604,57.35,57.35,59.58,5.63829787,1227/5521,58.77,57.34,59.6,57.5,57.35,57.35,57.35,0,57.5,59.6,57.5,59.58,3.723404,2781982,17,688626,20260408
000612.SZ,焦作万方,13.29,-0.968703427719827,13.3,13.3,12.18,5.63746748,1228/5521,13.65,13.13,12.19,11.78,13.3,13.3,13.3,0,11.85,12.19,11.78,12.18,3.555941,4.475315E7,33,000612,20260408
300059.SZ,东方财富,20.36,0.49358341559722535,20.25,20.25,19.49,5.63685637,1229/5521,20.95,20.19,19.59,18.8,20.25,20.25,20.25,0,18.8,19.49,18.7,19.39,4.281842,3.91137215E8,33,300059,20260408
603193.SH,润本股份,25.97,-0.6123230003827025,25.84,25.84,25.3,5.63674322,1230/5521,26.25,25.69,25.6,23.74,25.84,25.84,25.84,0,23.74,25.6,23.74,25.3,7.766179,1.2129233E7,17,603193,20260408
603638.SH,艾迪精密,23.24,2.3337736679876597,22.72,22.72,20.43,5.63598759,1231/5521,23.26,22.67,20.44,19.75,22.72,22.72,22.72,0,20,20.44,19.75,20.43,3.567735,7009114,17,603638,20260408
002664.SZ,信质集团,20.12,1.4112903225806508,19.75,19.75,20.62,5.6352459,1232/5521,20.32,19.72,20.68,19.93,19.75,19.75,19.75,0,19.98,20.68,19.93,20.62,3.842213,8552939,33,002664,20260408
300036.SZ,超图软件,14.95,0.5379959650302628,14.87,14.87,15.75,5.63380282,1233/5521,15.08,14.79,15.75,15.21,14.87,14.87,14.87,0,15.23,15.75,15.21,15.75,3.62173,1.2132044E7,33,300036,20260408
002777.SZ,久远银海,15.73,-0.6944444444444409,15.78,15.78,16.69,5.63291139,1234/5521,15.89,15.68,16.69,16.16,15.78,15.78,15.78,0,16.16,16.69,16.16,16.69,3.35443,8088427,33,002777,20260408
601628.SH,中国人寿,36.67,0.08187772925764503,36.79,36.79,37.7,5.63182964,1235/5521,38.71,36.62,37.96,36.28,36.79,36.79,36.79,0,36.3,37.96,36.28,37.7,4.7072,3.7762008E7,17,601628,20260408
688259.SH,创耀科技,38.32,1.7525225703664464,37.6,37.6,36.39,5.63134978,1236/5521,38.53,37.08,36.48,35.14,37.6,37.6,37.6,0,35.65,36.48,35.14,36.39,3.889695,1946980,17,688259,20260408
000610.SZ,*ST西旅,7.75,-0.7682458386683689,7.81,7.81,8.63,5.63035496,1237/5521,7.86,7.72,8.65,8.25,7.81,7.81,7.81,0,8.34,8.65,8.25,8.63,4.89596,1.3245401E7,33,000610,20260408
301261.SZ,恒工精密,86.78,-1.7547831993660106,87.22,87.22,77.11,5.63013699,1238/5521,88.32,84.55,77.36,75,87.22,87.22,87.22,0,75.8,77.36,75,77.11,3.232876,1898900,33,301261,20260408
002600.SZ,领益智造,14.06,0.21382751247327966,14.0,14,13.33,5.62599049,1239/5521,14.16,13.82,13.34,12.92,14.0,14.0,14.0,0,12.94,13.34,12.92,13.33,3.32805,1.17976617E8,33,002600,20260408
002368.SZ,太极股份,17.24,-10.020876826722347,17.24,17.24,20.09,5.6256572,1240/5521,17.78,17.24,20.1,19.33,17.24,17.24,17.24,0,19.33,20.1,19.33,20.09,4.04837,8258837,33,002368,20260408
600460.SH,士兰微,28.9,3.8074712643678117,28.68,28.68,26.48,5.62425209,1241/5521,29.17,28.42,26.49,25.68,28.68,28.68,28.68,0,25.81,26.49,25.68,26.48,3.230953,3.2803619E7,17,600460,20260408
603386.SH,骏亚科技,13.37,2.2953328232593644,13.05,13.05,13.9,5.6231003,1242/5521,13.66,12.92,13.9,13.33,13.05,13.05,13.05,0,13.42,13.9,13.33,13.9,4.331306,8241180,17,603386,20260408
002937.SZ,兴瑞科技,33.55,2.2865853658536586,32.8,32.8,28.18,5.62218891,1243/5521,33.84,32.56,28.2,26.88,32.8,32.8,32.8,0,26.88,28.2,26.88,28.18,4.947526,9702554,33,002937,20260408
603895.SH,天永智能,28.67,1.5226628895184253,28.11,28.11,26.87,5.62106918,1244/5521,28.89,28.11,26.88,25.87,28.11,28.11,28.11,0,26,26.88,25.87,26.87,3.970125,1260500,17,603895,20260408
603380.SH,易德龙,36.88,2.2172949002217415,35.9,35.9,34.96,5.61933535,1245/5521,37.21,35.77,34.96,33.65,35.9,35.9,35.9,0,33.76,34.96,33.65,34.96,3.957703,1518000,17,603380,20260408
002264.SZ,新华都,8.35,0.6024096385542039,8.35,8.35,8.46,5.61797753,1246/5521,8.44,8.3,8.46,8.13,8.35,8.35,8.35,0,8.16,8.46,8.13,8.46,4.11985,2.1708184E7,33,002264,20260408
688399.SH,硕世生物,61.75,1.7298187808896164,60.49,60.49,53.4,5.61708861,1247/5521,63.38,60.11,53.65,51.9,60.49,60.49,60.49,0,52.5,53.65,51.9,53.4,3.461234,1131101,17,688399,20260408
002747.SZ,埃斯顿,21.87,5.14423076923077,21.51,21.51,20.5,5.61566203,1248/5521,22.09,21.51,20.5,19.88,21.51,21.51,21.51,0,19.91,20.5,19.88,20.5,3.194229,1.6737849E7,33,002747,20260408
000676.SZ,智度股份,7.38,0.1356852103120731,7.26,7.26,7.9,5.61497326,1249/5521,7.54,7.26,7.9,7.63,7.26,7.26,7.26,0,7.65,7.9,7.63,7.9,3.609625,2.7566124E7,33,000676,20260408
688167.SH,炬光科技,357.98,2.4556382369776877,354.0,354,391.0,5.61287883,1250/5521,361.79,349.02,398.16,377.39,354.0,354.0,354.0,0,398,398.16,377.39,391.0,5.610177,5511280,17,688167,20260408
300088.SZ,长信科技,6.55,-2.5297619047619038,6.67,6.67,6.21,5.6122449,1251/5521,6.75,6.53,6.22,6.02,6.67,6.67,6.67,0,6.02,6.22,6.02,6.21,3.40136,8.3122363E7,33,300088,20260408
300895.SZ,铜牛信息,61.0,-3.358681875792138,63.15,63.15,64.21,5.60855263,1252/5521,63.7,60.28,64.95,62.63,63.15,63.15,63.15,0,62.63,64.95,62.63,64.21,3.815789,1.5922897E7,33,300895,20260408
000029.SZ,深深房A,21.26,1.4797136038186267,20.81,20.81,20.15,5.60796646,1253/5521,21.35,20.25,20.35,19.36,20.81,20.81,20.81,0,19.39,20.35,19.36,20.15,5.188679,6552622,33,000029,20260408
600246.SH,万通发展,11.28,10.048780487804873,10.32,10.32,9.42,5.60538117,1254/5521,11.28,10.31,9.43,9.06,10.32,10.32,10.32,0,9.1,9.43,9.06,9.42,4.147982,6.2613319E7,17,600246,20260408
300415.SZ,伊之密,24.22,1.3389121338912147,23.9,23.9,24.87,5.60509554,1255/5521,24.78,23.8,25.04,24.12,23.9,23.9,23.9,0,24.17,25.04,24.12,24.87,3.906581,8592682,33,300415,20260408
920689.BJ,克莱特,27.91,0.68542568542569,27.72,27.72,28.08,5.60361038,1256/5521,28.33,27.72,28.12,27.03,27.72,27.72,27.72,0,27.41,28.12,27.03,28.08,4.099285,1156841,151,920689,20260408
002454.SZ,松芝股份,9.91,-4.158607350096709,10.1,10.1,9.8,5.60344828,1257/5521,10.18,9.61,10.08,9.39,10.1,10.1,10.1,0,9.42,10.08,9.39,9.8,7.435344,3.5561259E7,33,002454,20260408
301580.SZ,爱迪特,72.19,-2.7744107744107773,74.0,74,73.88,5.60320183,1258/5521,75.98,71.73,74.98,71.35,74.0,74.0,74.0,0,72,74.98,71.35,73.88,5.188679,3979202,33,301580,20260408
603017.SH,中衡设计,15.4,0.7194244604316626,15.22,15.22,13.95,5.60181681,1259/5521,15.87,14.92,14.04,13.25,15.22,15.22,15.22,0,13.42,14.04,13.25,13.95,5.980317,3.2930619E7,17,603017,20260408
600879.SH,航天电子,23.97,3.9011703511053253,23.07,23.07,21.5,5.59921415,1260/5521,24.08,22.91,21.5,20.71,23.07,23.07,23.07,0,20.71,21.5,20.71,21.5,3.880157,1.33600388E8,17,600879,20260408
300726.SZ,宏达电子,49.16,-0.1624695369618306,48.98,48.98,43.4,5.59610706,1261/5521,50.5,48.78,43.47,42.07,48.98,48.98,48.98,0,42.07,43.47,42.07,43.4,3.406326,5750434,33,300726,20260408
920422.BJ,润普食品,11.5,1.1433597185576148,11.36,11.36,11.53,5.58608059,1263/5521,11.76,11.35,11.53,10.92,11.36,11.36,11.36,0,11.2,11.53,10.92,11.53,5.58608,1268953,151,920422,20260408
301318.SZ,维海德,25.06,0.03992015968063078,25.04,25.04,27.22,5.58572537,1264/5521,25.16,24.76,27.29,26.26,25.04,25.04,25.04,0,26.77,27.29,26.26,27.22,3.995345,1423694,33,301318,20260408
600776.SH,东方通信,16.62,-2.4647887323943554,17.0,17,15.69,5.58546433,1265/5521,17.01,16.58,15.7,15.14,17.0,17.0,17.0,0,15.2,15.7,15.14,15.69,3.768506,2.3265418E7,17,600776,20260408
000582.SZ,北部湾港,11.56,2.30088495575221,11.35,11.35,10.78,5.582762,1266/5521,11.63,11.24,10.78,10.41,11.35,11.35,11.35,0,10.5,10.78,10.41,10.78,3.623898,3.6413186E7,33,000582,20260408
688486.SH,龙迅股份,79.64,-0.4499999999999993,79.72,79.72,61.3,5.58043403,1267/5521,80.86,79,61.48,59.5,79.72,79.72,79.72,0,59.68,61.48,59.5,61.3,3.410265,1963650,17,688486,20260408
002006.SZ,精工科技,17.81,2.4741081703107004,17.6,17.6,17.79,5.57863501,1268/5521,18.28,17.6,17.8,17.2,17.6,17.6,17.6,0,17.2,17.8,17.2,17.79,3.56083,1.1109751E7,33,002006,20260408
603135.SH,中重科技,11.96,5.0966608084358525,11.38,11.38,10.6,5.57768924,1269/5521,12.03,11.3,10.68,10.28,11.38,11.38,11.38,0,10.28,10.68,10.28,10.6,3.984063,3293860,17,603135,20260408
300724.SZ,捷佳伟创,93.24,2.4390243902439015,90.8,90.8,107.95,5.57457213,1270/5521,93.48,90.58,108.14,104.7,90.8,90.8,90.8,0,105.5,108.14,104.7,107.95,3.364303,1.7299358E7,33,300724,20260408
300802.SZ,矩子科技,20.09,0.4499999999999993,20.02,20.02,19.13,5.57395143,1271/5521,20.25,19.8,19.14,18.5,20.02,20.02,20.02,0,18.63,19.14,18.5,19.13,3.532008,4237792,33,300802,20260408
300528.SZ,幸福蓝海,15.7,0.9646302250803767,15.55,15.55,16.67,5.57314756,1272/5521,15.75,15.42,16.69,15.95,15.55,15.55,15.55,0,16.16,16.69,15.95,16.67,4.68651,1.447274E7,33,300528,20260408
688498.SH,源杰科技,1571.0,3.6963696369636962,1535.0,1535,1137.0,5.57201088,1273/5521,1610.31,1497.48,1137,1075.17,1535.0,1535.0,1535.0,0,1136.8,1137,1075.17,1137.0,5.741,4006966,17,688498,20260408
688403.SH,汇成股份,17.01,4.805914972273574,15.5,15.5,14.97,5.57122708,1274/5521,17.11,15.39,14.98,14.5,15.5,15.5,15.5,0,14.58,14.98,14.5,14.97,3.385049,4.5493325E7,17,688403,20260408
300410.SZ,正业科技,9.92,-0.8991008991008977,9.96,9.96,8.34,5.56962025,1275/5521,10.06,9.83,8.36,8.06,9.96,9.96,9.96,0,8.13,8.36,8.06,8.34,3.797468,1.131847E7,33,300410,20260408
300264.SZ,佳创视讯,9.36,5.286839145106849,8.88,8.88,9.48,5.56792873,1276/5521,9.4,8.78,9.57,9.19,8.88,8.88,8.88,0,9.19,9.57,9.19,9.48,4.231625,1.378194E7,33,300264,20260408
300278.SZ,华昌达,4.83,2.3305084745762783,4.7,4.7,4.74,5.56792873,1276/5521,4.86,4.7,4.75,4.58,4.7,4.7,4.7,0,4.58,4.75,4.58,4.74,3.786191,2.09185E7,33,300278,20260408
301167.SZ,建研设计,17.72,1.7221584385763324,17.44,17.44,16.89,5.5625,1278/5521,17.77,17.34,16.98,16.32,17.44,17.44,17.44,0,16.4,16.98,16.32,16.89,4.125,3954540,33,301167,20260408
603786.SH,科博达,53.75,2.1280638419152527,52.5,52.5,55.44,5.55978675,1279/5521,53.98,52.48,55.53,53.32,52.5,52.5,52.5,0,53.32,55.53,53.32,55.44,4.20792,4137285,17,603786,20260408
688286.SH,敏芯股份,65.88,-10.159552706941229,64.66,64.66,68.36,5.55898703,1280/5521,66.58,64.06,68.44,66.5,64.66,64.66,64.66,0,66.5,68.44,66.5,68.36,2.995676,1537803,17,688286,20260408
000751.SZ,锌业股份,6.11,0.0,6.03,6.03,5.51,5.55555556,1281/5521,6.21,5.96,5.51,5.32,6.03,6.03,6.03,0,5.4,5.51,5.32,5.51,3.639846,5.5801225E7,33,000751,20260408
600769.SH,祥龙电业,16.0,5.401844532279317,15.28,15.28,13.87,5.55555556,1281/5521,16.66,15,14.02,13.3,15.28,15.28,15.28,0,13.45,14.02,13.3,13.87,5.479452,1.2095146E7,17,600769,20260408
601900.SH,南方传媒,12.5,-0.7936507936507908,12.58,12.58,13.49,5.55555556,1281/5521,12.6,12.46,13.5,12.96,12.58,12.58,12.58,0,12.98,13.5,12.96,13.49,4.225352,1.26726E7,17,601900,20260408
301539.SZ,宏鑫科技,18.57,0.9787928221859691,18.3,18.3,19.58,5.55256065,1284/5521,18.78,18.3,19.86,18.94,18.3,18.3,18.3,0,18.94,19.86,18.94,19.58,4.959568,3937142,33,301539,20260408
301608.SZ,博实结,93.3,-0.21390374331551107,92.9,92.9,84.44,5.55,1285/5521,93.5,92.1,84.44,81.59,92.9,92.9,92.9,0,81.59,84.44,81.59,84.44,3.5625,888474,33,301608,20260408
603799.SH,华友钴业,66.59,-1.581436594738388,67.0,67,61.09,5.54595715,1286/5521,68.62,66.04,61.09,59.44,67.0,67.0,67.0,0,59.88,61.09,59.44,61.09,2.850725,6.7552739E7,17,603799,20260408
002425.SZ,凯撒文化,3.56,-0.28011204481792124,3.56,3.56,3.43,5.53846154,1287/5521,3.62,3.54,3.43,3.32,3.56,3.56,3.56,0,3.33,3.43,3.32,3.43,3.384615,1.60827E7,33,002425,20260408
300508.SZ,维宏股份,32.1,-0.3105590062111845,32.1,32.1,38.5,5.5372807,1288/5521,32.52,31.99,38.53,37,32.1,32.1,32.1,0,37.8,38.53,37,38.5,4.194078,2117088,33,300508,20260408
605398.SH,新炬网络,26.61,-0.8199776369735329,26.83,26.83,27.45,5.53633218,1289/5521,27.1,26.5,27.45,26.52,26.83,26.83,26.83,0,26.68,27.45,26.52,27.45,3.575547,3555200,17,605398,20260408
688188.SH,柏楚电子,141.78,2.3608403725362863,140.34,140.34,135.38,5.5347677,1290/5521,147.68,140.34,135.67,130,140.34,140.34,140.34,0,130,135.67,130,135.38,4.420018,1985593,17,688188,20260408
300349.SZ,金卡智能,13.08,-0.9090909090909032,13.11,13.11,14.31,5.53097345,1291/5521,13.35,13.04,14.35,13.85,13.11,13.11,13.11,0,13.87,14.35,13.85,14.31,3.687315,9158400,33,300349,20260408
301305.SZ,朗坤科技,26.68,-0.7440476190476164,26.96,26.96,25.38,5.53014553,1292/5521,27.04,26.13,25.68,24.25,26.96,26.96,26.96,0,24.44,25.68,24.25,25.38,5.945945,8731553,33,301305,20260408
605178.SH,时空科技,68.84,-0.058072009291509935,69.16,69.16,72.18,5.52631579,1293/5521,69.59,68.18,72.18,68.78,69.16,69.16,69.16,0,69.5,72.18,68.78,72.18,4.97076,3513082,17,605178,20260408
000156.SZ,华数传媒,7.41,-0.9358288770053513,7.45,7.45,7.64,5.52486188,1294/5521,7.51,7.37,7.64,7.36,7.45,7.45,7.45,0,7.36,7.64,7.36,7.64,3.867403,1.4892354E7,33,000156,20260408
688391.SH,钜泉科技,31.13,2.1325459317585254,30.63,30.63,30.37,5.52466991,1295/5521,31.28,30.33,30.45,29.22,30.63,30.63,30.63,0,29.22,30.45,29.22,30.37,4.273801,1116363,17,688391,20260408
301366.SZ,一博科技,38.35,0.313889615485233,38.23,38.23,32.09,5.52449852,1296/5521,38.8,38.07,32.12,31.02,38.23,38.23,38.23,0,31.02,32.12,31.02,32.09,3.617231,2345314,33,301366,20260408
920837.BJ,华原股份,13.12,-0.15220700152208028,13.1,13.1,12.61,5.52301255,1297/5521,13.45,13.1,12.63,12.13,13.1,13.1,13.1,0,12.19,12.63,12.13,12.61,4.1841,1131634,151,920837,20260408
002544.SZ,普天科技,25.52,1.4308426073131932,25.09,25.09,26.37,5.52220888,1298/5521,25.8,24.95,26.4,25.5,25.09,25.09,25.09,0,25.51,26.4,25.5,26.37,3.60144,1.44792E7,33,002544,20260408
301556.SZ,托普云农,84.41,-1.1245168091835631,84.95,84.95,84.86,5.52101467,1299/5521,85.26,84.35,84.96,82.15,84.95,84.95,84.95,0,82.16,84.96,82.15,84.86,3.494155,2192130,33,301556,20260408
300652.SZ,雷迪克,39.43,2.4421927773447587,38.49,38.49,42.63,5.51980198,1300/5521,40.36,38.12,42.69,41.21,38.49,38.49,38.49,0,41.41,42.69,41.21,42.63,3.663366,2470632,33,300652,20260408
920006.BJ,晟楠科技,19.57,0.20481310803891012,19.45,19.45,22.18,5.51855376,1301/5521,19.75,19.45,22.18,21.35,19.45,19.45,19.45,0,22,22.18,21.35,22.18,3.94862,1232907,151,920006,20260408
301026.SZ,浩通科技,31.12,-1.3629160063391432,31.31,31.31,29.27,5.51550108,1302/5521,31.68,31.02,29.34,28.56,31.31,31.31,31.31,0,29,29.34,28.56,29.27,2.811824,4411263,33,301026,20260408
920351.BJ,华光源海,16.6,1.6533986527863023,16.38,16.38,18.75,5.51491277,1303/5521,16.7,16.22,18.76,17.54,16.38,16.38,16.38,0,18.35,18.76,17.54,18.75,6.865503,2232991,151,920351,20260408
301162.SZ,国能日新,62.88,-3.7059724349157652,65.31,65.31,62.46,5.50675676,1304/5521,65.5,62.46,62.49,59.82,65.31,65.31,65.31,0,61,62.49,59.82,62.46,4.510135,3033108,33,301162,20260408
688558.SH,国盛智科,35.6,-1.3850415512465373,36.1,36.1,29.7,5.5062167,1305/5521,36.68,35.48,29.73,28.78,36.1,36.1,36.1,0,28.78,29.73,28.78,29.7,3.374777,1255938,17,688558,20260408
300374.SZ,中铁装配,13.94,0.14367816091953717,14.03,14.03,14.76,5.50393138,1306/5521,14.04,13.84,14.79,14.4,14.03,14.03,14.03,0,14.5,14.79,14.4,14.76,2.787705,6401230,33,300374,20260408
300740.SZ,水羊股份,25.66,0.39123630672927007,25.5,25.5,21.47,5.5036855,1307/5521,26.56,25.36,21.52,20.81,25.5,25.5,25.5,0,20.98,21.52,20.81,21.47,3.488943,9167780,33,300740,20260408
000887.SZ,中鼎股份,17.4,-0.5714285714285795,17.44,17.44,18.42,5.49828179,1308/5521,17.65,17.29,18.44,17.89,17.44,17.44,17.44,0,17.99,18.44,17.89,18.42,3.150057,2.4090596E7,33,000887,20260408
920720.BJ,吉冈精密,12.03,-0.4139072847682178,11.91,11.91,12.09,5.4973822,1309/5521,12.15,11.91,12.12,11.69,11.91,11.91,11.91,0,11.69,12.12,11.69,12.09,3.752181,2291019,151,920720,20260408
002229.SZ,鸿博股份,16.39,1.8645121193287801,16.1,16.1,18.81,5.49635446,1310/5521,16.67,15.94,18.84,18.12,16.1,16.1,16.1,0,18.21,18.84,18.12,18.81,4.038137,7.9609251E7,33,002229,20260408
300346.SZ,南大光电,51.52,1.457266640409614,51.0,51,48.18,5.4959492,1311/5521,52.99,50.83,48.18,46.73,51.0,51.0,51.0,0,47.04,48.18,46.73,48.18,3.17495,3.4591906E7,33,300346,20260408
688631.SH,莱斯信息,56.52,0.6410256410256527,56.0,56,53.94,5.49579503,1312/5521,56.86,55.61,53.98,51.52,56.0,56.0,56.0,0,52.4,53.98,51.52,53.94,4.811265,2155183,17,688631,20260408
002414.SZ,高德红外,14.83,3.2729805013927624,14.38,14.38,13.45,5.49019608,1313/5521,15.03,14.38,13.45,12.99,14.38,14.38,14.38,0,13,13.45,12.99,13.45,3.607843,5.5574536E7,33,002414,20260408
600405.SH,动力源,5.24,0.7692307692307699,5.2,5.2,5.38,5.49019608,1313/5521,5.3,5.18,5.4,5.16,5.2,5.2,5.2,0,5.16,5.4,5.16,5.38,4.705882,1.2563998E7,17,600405,20260408
300455.SZ,航天智装,26.29,4.657643312101904,25.14,25.14,24.41,5.48833189,1315/5521,26.47,25.07,24.44,23.63,25.14,25.14,25.14,0,23.64,24.44,23.63,24.41,3.500432,1.2673215E7,33,300455,20260408
603662.SH,柯力传感,56.2,1.4074341392998937,55.25,55.25,55.96,5.48539114,1316/5521,57.1,55.23,55.96,54.1,55.25,55.25,55.25,0,54.1,55.96,54.1,55.96,3.506126,3802107,17,603662,20260408
688113.SH,联测科技,43.03,1.0568341944574986,42.78,42.78,39.23,5.48534552,1317/5521,43.3,42.25,39.34,37.88,42.78,42.78,42.78,0,37.88,39.34,37.88,39.23,3.925786,756198,17,688113,20260408
301107.SZ,瑜欣电子,28.0,1.3391241404270757,27.66,27.66,28.28,5.48302872,1318/5521,28.04,27.55,28.47,27.26,27.66,27.66,27.66,0,27.34,28.47,27.26,28.28,4.513241,1620680,33,301107,20260408
300446.SZ,航天智造,18.99,0.21108179419524617,18.95,18.95,20.4,5.48086867,1319/5521,19.1,18.74,20.4,19.74,18.95,18.95,18.95,0,19.74,20.4,19.74,20.4,3.412616,1.5619561E7,33,300446,20260408
688127.SH,蓝特光学,76.8,8.169014084507038,72.67,72.67,65.65,5.47879177,1320/5521,78.78,72.67,65.96,62.66,72.67,72.67,72.67,0,64.2,65.96,62.66,65.65,5.302056,1.214424E7,17,688127,20260408
601116.SH,三江购物,13.64,-0.7278020378457034,13.71,13.71,14.06,5.47636909,1321/5521,13.98,13.57,14.06,13.5,13.71,13.71,13.71,0,13.56,14.06,13.5,14.06,4.20105,1.004743E7,17,601116,20260408
001400.SZ,江顺科技,204.67,-0.6456310679611711,201.1,201.1,172.98,5.47560976,1322/5521,216.2,195,179.55,166,201.1,201.1,201.1,0,166.38,179.55,166,172.98,8.262195,3056780,33,001400,20260408
920152.BJ,昆工科技,13.8,-3.6312849162011145,14.29,14.29,15.8,5.47396529,1323/5521,14.45,13.76,15.87,15.14,14.29,14.29,14.29,0,15.4,15.87,15.14,15.8,4.873164,1769439,151,920152,20260408
002062.SZ,宏润建设,8.85,-1.117318435754186,8.82,8.82,7.52,5.46984572,1324/5521,9.13,8.61,7.52,7.2,8.82,8.82,8.82,0,7.22,7.52,7.2,7.52,4.488078,2.0998853E7,33,002062,20260408
600499.SH,科达制造,19.25,-3.9900249376558636,19.62,19.62,17.17,5.46683047,1325/5521,19.91,19.05,17.17,16.5,19.62,19.62,19.62,0,16.56,17.17,16.5,17.17,4.115479,3.8383622E7,17,600499,20260408
603232.SH,格尔软件,18.65,2.8681742967457233,18.08,18.08,20.07,5.46505518,1326/5521,19.09,18.08,20.07,19.32,18.08,18.08,18.08,0,19.32,20.07,19.32,20.07,3.941145,9203070,17,603232,20260408
601717.SH,中创智领,18.67,-9.98071359691416,19.45,19.45,20.65,5.46475996,1327/5521,19.45,18.67,20.65,19.91,19.45,19.45,19.45,0,19.91,20.65,19.91,20.65,3.779366,2.5163554E7,17,601717,20260408
688162.SH,巨一科技,32.35,-0.5838967424707981,32.51,32.51,31.46,5.46429769,1328/5521,32.64,32.05,31.48,30.44,32.51,32.51,32.51,0,30.46,31.48,30.44,31.46,3.486423,1300688,17,688162,20260408
000807.SZ,云铝股份,31.8,-3.9855072463768018,32.82,32.82,34.76,5.46116505,1330/5521,32.95,31.63,34.95,33.5,32.82,32.82,32.82,0,33.54,34.95,33.5,34.76,4.399271,8.5529002E7,33,000807,20260408
301314.SZ,科瑞思,51.5,1.3380558835104284,51.35,51.35,47.12,5.4610564,1331/5521,52.59,50.73,47.42,44.98,51.35,51.35,51.35,0,45.88,47.42,44.98,47.12,5.461056,909550,33,301314,20260408
002719.SZ,ST麦趣,7.66,-4.844720496894417,7.65,7.65,8.89,5.45670225,1332/5521,7.73,7.65,8.95,8.61,7.65,7.65,7.65,0,8.62,8.95,8.61,8.89,4.033214,8811720,33,002719,20260408
688579.SH,地纬智能,10.11,-6.128133704735378,10.36,10.36,10.63,5.45634921,1333/5521,10.39,10.02,10.66,10.28,10.36,10.36,10.36,0,10.3,10.66,10.28,10.63,3.769841,4681962,17,688579,20260408
688049.SH,炬芯科技,48.07,2.5821596244131473,46.78,46.78,46.58,5.45619199,1334/5521,48.43,46.6,46.58,45.3,46.78,46.78,46.78,0,45.8,46.58,45.3,46.58,2.897894,5837676,17,688049,20260408
002151.SZ,北斗星通,40.9,2.3523523523523466,39.86,39.86,38.29,5.45304324,1335/5521,41.12,39.73,38.3,37.02,39.86,39.86,39.86,0,37.03,38.3,37.02,38.29,3.525199,1.9753264E7,33,002151,20260408
300709.SZ,精研科技,41.58,-0.40718562874251907,41.7,41.7,41.97,5.45226131,1336/5521,42.1,40.99,41.97,40.44,41.7,41.7,41.7,0,40.61,41.97,40.44,41.97,3.844221,9729632,33,300709,20260408
603312.SH,西典新能,39.49,-1.3982521847690268,40.08,40.08,39.08,5.45062062,1337/5521,40.08,39.11,39.08,37.68,40.08,40.08,40.08,0,37.8,39.08,37.68,39.08,3.777657,1929724,17,603312,20260408
688665.SH,四方光电,48.96,1.7667844522968228,48.06,48.06,45.66,5.45034642,1338/5521,49.28,47.88,45.71,43.98,48.06,48.06,48.06,0,43.98,45.71,43.98,45.66,3.995381,666271,17,688665,20260408
688562.SH,航天软件,18.59,-2.054794520547948,18.56,18.56,19.16,5.44854155,1339/5521,18.65,17.98,19.21,18.57,18.56,18.56,18.56,0,18.59,19.21,18.57,19.16,3.522289,4601439,17,688562,20260408
688484.SH,南芯科技,38.41,0.9196006305832746,36.76,36.76,36.58,5.44825598,1340/5521,38.98,36.6,36.8,35.43,36.76,36.76,36.76,0,35.43,36.8,35.43,36.58,3.949264,5747465,17,688484,20260408
603173.SH,福斯达,38.9,-0.7653061224489904,39.14,39.14,42.41,5.44505221,1341/5521,39.38,38.7,42.65,41.03,39.14,39.14,39.14,0,41.03,42.65,41.03,42.41,4.027846,2096840,17,603173,20260408
301049.SZ,超越科技,27.0,7.784431137724549,25.12,25.12,22.66,5.44439274,1342/5521,27.96,24.87,22.8,21.72,25.12,25.12,25.12,0,21.95,22.8,21.72,22.66,5.025593,1711705,33,301049,20260408
688583.SH,思看科技,124.2,3.3277870216306153,119.49,119.49,124.0,5.44217687,1343/5521,125.2,118.25,124.84,121.32,119.49,119.49,119.49,0,122,124.84,121.32,124.0,2.993197,1995406,17,688583,20260408
600100.SH,同方股份,7.98,-0.12515644555694352,7.95,7.95,8.14,5.44041451,1344/5521,8.02,7.89,8.16,7.88,7.95,7.95,7.95,0,7.88,8.16,7.88,8.14,3.626943,6.2396334E7,17,600100,20260408
601996.SH,丰林集团,2.72,0.0,2.71,2.71,2.52,5.43933054,1345/5521,2.75,2.68,2.53,2.43,2.71,2.71,2.71,0,2.44,2.53,2.43,2.52,4.1841,5.2451485E7,17,601996,20260408
688182.SH,灿勤科技,30.36,-5.243445692883895,30.56,30.56,28.7,5.43717855,1346/5521,30.99,29.58,28.76,27.8,30.56,30.56,30.56,0,27.8,28.76,27.8,28.7,3.526818,4157057,17,688182,20260408
603360.SH,百傲化学,22.66,9.999999999999995,20.63,20.63,27.55,5.43436663,1347/5521,22.66,20.49,27.75,26.86,20.63,20.63,20.63,0,26.89,27.75,26.86,27.55,3.406046,1.1191763E7,17,603360,20260408
300614.SZ,百川畅银,13.84,1.1695906432748548,13.8,13.8,13.39,5.43307087,1348/5521,14,13.74,13.45,12.92,13.8,13.8,13.8,0,13.1,13.45,12.92,13.39,4.173228,4100831,33,300614,20260408
688556.SH,高测股份,13.37,1.67300380228136,13.11,13.11,14.18,5.42750929,1349/5521,13.5,12.85,14.33,13.8,13.11,13.11,13.11,0,13.89,14.33,13.8,14.18,3.94052,3.7155995E7,17,688556,20260408
600640.SH,国脉文化,12.4,-1.5873015873015817,12.6,12.6,12.25,5.42168675,1350/5521,12.64,12.36,12.26,11.78,12.6,12.6,12.6,0,11.78,12.26,11.78,12.25,4.130808,6420916,17,600640,20260408
300611.SZ,美力科技,24.9,0.7689194658033093,24.71,24.71,27.03,5.42121685,1351/5521,25.11,24.6,27.05,26.19,24.71,24.71,24.71,0,26.33,27.05,26.19,27.03,3.354134,6045705,33,300611,20260408
603166.SH,福达股份,13.66,1.9402985074626848,13.4,13.4,13.62,5.41795666,1352/5521,13.72,13.4,13.62,13.18,13.4,13.4,13.4,0,13.22,13.62,13.18,13.62,3.405572,7580287,17,603166,20260408
300923.SZ,研奥股份,28.89,2.0127118644067807,28.34,28.34,28.03,5.41556976,1353/5521,28.95,28.34,28.17,27.14,28.34,28.34,28.34,0,27.25,28.17,27.14,28.03,3.873636,1855300,33,300923,20260408
600845.SH,宝信软件,22.68,-0.7005253940455348,22.88,22.88,22.97,5.41532813,1354/5521,23.03,22.51,23.04,22.23,22.88,22.88,22.88,0,22.23,23.04,22.23,22.97,3.717301,2.4054536E7,17,600845,20260408
300693.SZ,盛弘股份,46.47,-1.169715014887291,46.9,46.9,46.14,5.41466758,1355/5521,47.35,45.71,46.27,44.36,46.9,46.9,46.9,0,44.52,46.27,44.36,46.14,4.363719,1.7476213E7,33,300693,20260408
688681.SH,科汇股份,20.37,1.850000000000005,20.0,20,19.08,5.41436464,1356/5521,20.43,19.7,19.21,18.51,20.0,20.0,20.0,0,18.51,19.21,18.51,19.08,3.867403,2550748,17,688681,20260408
000839.SZ,国安股份,2.97,0.0,2.95,2.95,3.31,5.41401274,1357/5521,2.99,2.93,3.31,3.2,2.95,2.95,2.95,0,3.2,3.31,3.2,3.31,3.503184,9.0969845E7,33,000839,20260408
920299.BJ,灿能电力,22.29,-1.284322409211688,22.58,22.58,24.15,5.41248363,1358/5521,22.72,22.26,24.31,22.93,22.58,22.58,22.58,0,23.82,24.31,22.93,24.15,6.02357,2734788,151,920299,20260408
920237.BJ,力佳科技,19.72,-2.3762376237623783,20.16,20.16,18.7,5.41149944,1359/5521,20.24,19.71,18.73,18,20.16,20.16,20.16,0,18.15,18.73,18,18.7,4.114994,887768,151,920237,20260408
601999.SH,出版传媒,7.31,-1.8791946308724907,7.41,7.41,7.8,5.40540541,1360/5521,7.5,7.3,7.85,7.48,7.41,7.41,7.41,0,7.49,7.85,7.48,7.8,5,1.8366966E7,17,601999,20260408
603289.SH,泰瑞机器,11.66,1.6564952048822972,11.55,11.55,11.9,5.40301151,1361/5521,11.89,11.47,11.9,11.37,11.55,11.55,11.55,0,11.43,11.9,11.37,11.9,4.694419,1.006444E7,17,603289,20260408
002801.SZ,微光股份,32.47,1.1841695232159408,32.05,32.05,31.22,5.40175557,1362/5521,32.85,31.76,31.26,30.22,32.05,32.05,32.05,0,30.39,31.26,30.22,31.22,3.511141,2223955,33,002801,20260408
002115.SZ,三维通信,14.41,-1.8392370572207055,14.38,14.38,12.49,5.40084388,1363/5521,14.63,14,12.5,12,14.38,14.38,14.38,0,12.05,12.5,12,12.49,4.219409,5.051971E7,33,002115,20260408
301636.SZ,泽润新能,61.29,0.7727721144360389,60.17,60.17,66.94,5.4007243,1364/5521,61.46,59.5,66.99,64.34,60.17,60.17,60.17,0,64.98,66.99,64.34,66.94,4.172571,2084707,33,301636,20260408
603112.SH,华翔股份,20.75,-0.5273250239693166,20.7,20.7,17.76,5.40059347,1365/5521,21.09,20.51,17.77,17.08,20.7,20.7,20.7,0,17.08,17.77,17.08,17.76,4.094955,1.2195904E7,17,603112,20260408
688439.SH,振华风光,48.94,-1.8845228548516535,48.0,48,50.75,5.39979232,1366/5521,49.04,47.49,50.75,49.06,48.0,48.0,48.0,0,49.06,50.75,49.06,50.75,3.509865,2490554,17,688439,20260408
601616.SH,广电电气,4.64,-1.0660980810234693,4.67,4.67,4.88,5.39956803,1367/5521,4.72,4.61,4.88,4.71,4.67,4.67,4.67,0,4.72,4.88,4.71,4.88,3.671706,3.110672E7,17,601616,20260408
300597.SZ,吉大通信,9.83,0.7172131147541013,9.74,9.74,9.37,5.39932508,1368/5521,9.88,9.68,9.38,9.01,9.74,9.74,9.74,0,9.05,9.38,9.01,9.37,4.161979,6193205,33,300597,20260408
000428.SZ,华天酒店,3.86,-0.7712082262210861,3.89,3.89,4.1,5.39845758,1369/5521,3.93,3.85,4.14,3.93,3.89,3.89,3.89,0,3.93,4.14,3.93,4.1,5.398457,2.6080473E7,33,000428,20260408
601615.SH,明阳智能,15.84,4.14201183431952,15.13,15.13,16.4,5.39845758,1369/5521,16.12,14.98,16.43,15.89,15.13,15.13,15.13,0,15.9,16.43,15.89,16.4,3.470437,8.6972646E7,17,601615,20260408
000977.SZ,浪潮信息,69.75,-3.5002767017155523,69.5,69.5,62.68,5.3976795,1371/5521,70.5,66.15,63.1,59.86,69.5,69.5,69.5,0,60.66,63.1,59.86,62.68,5.448125,7.079005E7,33,000977,20260408
301356.SZ,天振股份,23.4,7.685227795674175,21.65,21.65,22.7,5.38532962,1372/5521,23.5,21.56,22.7,21.69,21.65,21.65,21.65,0,21.79,22.7,21.69,22.7,4.68895,1189060,33,301356,20260408
003009.SZ,中天火箭,60.06,2.824858757062157,57.8,57.8,57.73,5.38517707,1373/5521,60.15,57.8,57.73,55.39,57.8,57.8,57.8,0,55.88,57.73,55.39,57.73,4.271631,3632319,33,003009,20260408
920198.BJ,微创光电,8.7,1.1627906976744145,8.57,8.57,8.81,5.38277512,1374/5521,8.8,8.55,8.82,8.55,8.57,8.57,8.57,0,8.6,8.82,8.55,8.81,3.229665,1994100,151,920198,20260408
688733.SH,壹石通,29.9,2.5728987993138936,30.35,30.35,27.42,5.38047656,1375/5521,31.08,29.71,27.53,26.5,30.35,30.35,30.35,0,26.75,27.53,26.5,27.42,3.958493,3803234,17,688733,20260408
688489.SH,三未信安,39.99,1.7039674465920693,39.21,39.21,38.98,5.37983239,1376/5521,40.08,38.85,38.98,37.5,39.21,39.21,39.21,0,37.5,38.98,37.5,38.98,4.001081,722110,17,688489,20260408
603337.SH,杰克科技,39.54,-0.2774274905422432,40.02,40.02,39.58,5.37806177,1377/5521,40.11,39.41,39.68,38.35,40.02,40.02,40.02,0,38.42,39.68,38.35,39.58,3.541001,2611411,17,603337,20260408
600734.SH,*ST实达,2.23,-5.106382978723409,2.23,2.23,3.92,5.37634409,1378/5521,2.26,2.23,3.92,3.77,2.23,2.23,2.23,0,3.78,3.92,3.77,3.92,4.032258,8.0374403E7,22,600734,20260408
600775.SH,南京熊猫,12.35,0.40650406504064174,12.53,12.53,13.72,5.37634409,1378/5521,12.53,12.27,13.73,13.24,12.53,12.53,12.53,0,13.28,13.73,13.24,13.72,3.76344,2.8124147E7,17,600775,20260408
688597.SH,煜邦电力,8.36,-0.8303677342823285,8.44,8.44,9.02,5.37383178,1380/5521,8.48,8.26,9.05,8.66,8.44,8.44,8.44,0,8.66,9.05,8.66,9.02,4.556074,5330193,17,688597,20260408
920062.BJ,科润智控,10.19,0.19665683382497123,10.16,10.16,10.59,5.37313433,1381/5521,10.29,10.12,10.59,10.23,10.16,10.16,10.16,0,10.28,10.59,10.23,10.59,3.582089,5511584,151,920062,20260408
300034.SZ,钢研高纳,19.65,1.393188854489162,19.34,19.34,18.44,5.37142857,1382/5521,19.84,19.31,18.47,18.01,19.34,19.34,19.34,0,18.01,18.47,18.01,18.44,2.628571,1.5218061E7,33,300034,20260408
600259.SH,中稀有色,92.01,-1.772178926016864,92.44,92.44,91.63,5.37028519,1383/5521,93.64,90.34,93.98,90.86,92.44,92.44,92.44,0,91.41,93.83,90.71,91.48,3.587856,2.0690645E7,17,600259,20260408
920943.BJ,优机股份,17.02,-13.163265306122456,18.5,18.5,20.21,5.37017727,1384/5521,18.5,16.71,20.23,19.5,18.5,18.5,18.5,0,19.77,20.23,19.5,20.21,3.806047,992522,151,920943,20260408
002369.SZ,卓翼科技,7.34,0.5479452054794526,7.29,7.29,7.26,5.3701016,1385/5521,7.36,7.25,7.28,7,7.29,7.29,7.29,0,7.03,7.28,7,7.26,4.06386,1.8243689E7,33,002369,20260408
688038.SH,中科通达,20.96,-2.51162790697674,21.5,21.5,22.57,5.36881419,1386/5521,21.63,20.56,22.6,21.53,21.5,21.5,21.5,0,21.53,22.6,21.53,22.57,4.995331,4012730,17,688038,20260408
300083.SZ,创世纪,10.19,20.023557126030617,9.17,9.17,7.66,5.36451169,1387/5521,10.19,9.17,7.67,7.44,9.17,9.17,9.17,0,7.45,7.67,7.44,7.66,3.163686,3.2507831E7,33,300083,20260408
920627.BJ,力王股份,20.31,-3.744075829383899,20.88,20.88,19.25,5.36398467,1388/5521,20.88,20.14,19.25,18.66,20.88,20.88,20.88,0,18.8,19.25,18.66,19.25,3.229337,1152507,151,920627,20260408
300035.SZ,中科电气,21.0,-6.208128628852169,22.1,22.1,22.59,5.36380597,1389/5521,22.23,20.93,22.63,21.7,22.1,22.1,22.1,0,21.91,22.63,21.7,22.59,4.337686,4.2822004E7,33,300035,20260408
301338.SZ,凯格精机,193.93,4.668609671848017,184.01,184.01,193.73,5.36248436,1390/5521,194.8,183.29,195.88,185.05,184.01,184.01,184.01,0,190.99,195.88,185.05,193.73,5.890031,5326917,33,301338,20260408
300395.SZ,菲利华,108.98,-2.3214125661019893,112.51,112.51,100.04,5.36071617,1391/5521,113.56,107.38,100.31,97,112.51,112.51,112.51,0,98.98,100.31,97,100.04,3.486045,3.1869399E7,33,300395,20260408
920284.BJ,灵鸽科技,31.7,-2.5814382298709275,32.6,32.6,29.7,5.3565094,1392/5521,33.59,31.66,29.73,28.68,32.6,32.6,32.6,0,28.85,29.73,28.68,29.7,3.724725,1572140,151,920284,20260408
002467.SZ,二六三,6.82,1.0370370370370412,6.74,6.74,7.48,5.35211268,1393/5521,6.91,6.66,7.49,7.24,6.74,6.74,6.74,0,7.27,7.49,7.24,7.48,3.521126,1.56984547E8,33,002467,20260408
603097.SH,江苏华辰,27.08,-1.7059891107078127,27.2,27.2,33.07,5.35202294,1394/5521,27.5,27.04,33.13,32.3,27.2,27.2,27.2,0,32.38,33.13,32.3,33.07,2.644154,2850900,17,603097,20260408
300366.SZ,ST创意,5.61,3.888888888888888,5.4,5.4,5.71,5.35055351,1395/5521,5.63,5.4,5.71,5.54,5.4,5.4,5.4,0,5.58,5.71,5.54,5.71,3.136531,1.00239E7,33,300366,20260408
600094.SH,大名城,4.71,-0.4228329809725256,4.71,4.71,4.53,5.34883721,1396/5521,4.78,4.66,4.55,4.33,4.71,4.71,4.71,0,4.34,4.55,4.33,4.53,5.116279,4.7759959E7,17,600094,20260408
301007.SZ,德迈仕,36.1,1.4044943820224718,35.41,35.41,35.65,5.34869976,1397/5521,36.33,35.41,35.7,34.51,35.41,35.41,35.41,0,34.51,35.7,34.51,35.65,3.516548,3898113,33,301007,20260408
688798.SH,艾为电子,67.61,1.6997593261131099,66.24,66.24,68.35,5.34833539,1398/5521,67.88,65.87,68.45,66.1,66.24,66.24,66.24,0,66.25,68.45,66.1,68.35,3.622071,2439119,17,688798,20260408
300849.SZ,锦盛新材,22.88,-0.39181541140618137,22.99,22.99,20.1,5.34591195,1399/5521,23.65,22.6,20.12,19.3,22.99,22.99,22.99,0,19.39,20.12,19.3,20.1,4.297693,3833900,33,300849,20260408
300474.SZ,景嘉微,65.98,6.902138690861966,61.9,61.9,59.15,5.3428317,1400/5521,66.78,61.73,59.18,57.1,61.9,61.9,61.9,0,57.3,59.18,57.1,59.15,3.704363,9580135,33,300474,20260408
601958.SH,金钼股份,19.58,-1.1610297829379124,19.75,19.75,19.73,5.3390283,1401/5521,19.78,19.3,19.78,19.19,19.75,19.75,19.75,0,19.4,19.78,19.19,19.73,3.150026,4.4520462E7,17,601958,20260408
603236.SH,移远通信,72.3,-1.4583617282268058,73.06,73.06,76.45,5.3320474,1402/5521,73.35,71.85,76.54,73.88,73.06,73.06,73.06,0,73.88,76.54,73.88,76.45,3.664921,7537131,17,603236,20260408
688208.SH,道通科技,33.87,-0.8199121522694031,34.13,34.13,35.18,5.32934132,1403/5521,34.45,33.79,35.2,34.17,34.13,34.13,34.13,0,34.34,35.2,34.17,35.18,3.083832,1.4991543E7,17,688208,20260408
603001.SH,奥康国际,8.23,-2.94811320754717,8.52,8.52,9.29,5.32879819,1404/5521,8.52,8.2,9.39,8.85,8.52,8.52,8.52,0,8.85,9.39,8.85,9.29,6.122448,1.00324E7,17,603001,20260408
688293.SH,奥浦迈,50.24,-2.9366306027820634,51.76,51.76,46.67,5.32611149,1406/5521,52.5,49.39,46.9,45,51.76,51.76,51.76,0,45,46.9,45,46.67,4.287971,1418359,17,688293,20260408
600415.SH,小商品城,13.25,-1.8518518518518519,13.57,13.57,13.65,5.32407407,1407/5521,13.59,13.21,13.68,13.16,13.57,13.57,13.57,0,13.16,13.68,13.16,13.65,4.012345,8.7758957E7,17,600415,20260408
002649.SZ,博彦科技,10.47,-1.1331444759206726,10.51,10.51,11.87,5.32386868,1408/5521,10.63,10.4,11.89,11.51,10.51,10.51,10.51,0,11.51,11.89,11.51,11.87,3.371783,1.4333165E7,33,002649,20260408
300816.SZ,艾可蓝,72.35,6.194040804344634,68.49,68.49,73.41,5.32281205,1409/5521,72.75,67.75,73.87,70.3,68.49,68.49,68.49,0,70.9,73.87,70.3,73.41,5.121951,3185800,33,300816,20260408
603327.SH,福蓉科技,10.8,-1.0989010989010917,10.8,10.8,10.29,5.32241556,1410/5521,10.95,10.76,10.68,10.11,10.8,10.8,10.8,0,10.13,10.68,10.11,10.29,5.834186,8.7392404E7,17,603327,20260408
300769.SZ,德方纳米,71.95,12.9158819836786,69.94,69.94,43.15,5.32096656,1411/5521,74.98,69.94,44.03,41.44,69.94,69.94,69.94,0,41.88,44.03,41.44,43.15,6.321698,1.6823123E7,33,300769,20260408
688219.SH,会通股份,11.26,3.6832412523020293,11.16,11.16,10.89,5.31914894,1412/5521,11.41,11.16,10.89,10.56,11.16,11.16,11.16,0,10.77,10.89,10.56,10.89,3.191489,7004565,17,688219,20260408
600593.SH,大连圣亚,34.08,-0.7860262008733715,34.51,34.51,38.23,5.31680441,1413/5521,34.75,33.8,38.23,36.82,34.51,34.51,34.51,0,36.99,38.23,36.82,38.23,3.884297,4638300,17,600593,20260408
002248.SZ,华东数控,13.06,1.0835913312693541,12.84,12.84,12.48,5.3164557,1414/5521,13.25,12.8,12.48,12.1,12.84,12.84,12.84,0,12.16,12.48,12.1,12.48,3.206751,1.2876602E7,33,002248,20260408
300926.SZ,博俊科技,22.77,-0.13157894736842604,22.68,22.68,25.16,5.31603181,1415/5521,22.96,22.52,25.18,24.37,22.68,22.68,22.68,0,24.38,25.18,24.37,25.16,3.390539,6147640,33,300926,20260408
300552.SZ,万集科技,26.56,0.9118541033434591,26.31,26.31,26.35,5.3157474,1416/5521,26.68,26.25,26.38,25.61,26.31,26.31,26.31,0,25.94,26.38,25.61,26.35,3.077537,4625767,33,300552,20260408
300713.SZ,英可瑞,17.31,0.9918319719953217,17.14,17.14,16.25,5.31432275,1417/5521,17.39,17.07,16.25,15.74,17.14,17.14,17.14,0,15.88,16.25,15.74,16.25,3.305249,3360800,33,300713,20260408
688690.SH,纳微科技,32.62,-0.790754257907558,32.94,32.94,26.96,5.3125,1418/5521,33.48,32.1,27.2,26.2,32.94,32.94,32.94,0,26.3,27.2,26.2,26.96,3.90625,5146484,17,688690,20260408
601727.SH,上海电气,8.08,1.7632241813601974,8.03,8.03,8.13,5.31088083,1419/5521,8.09,7.99,8.18,7.85,8.03,8.03,8.03,0,7.86,8.18,7.85,8.13,4.274611,1.632734E8,17,601727,20260408
300845.SZ,捷安高科,13.73,0.6598240469208201,13.6,13.6,12.1,5.30896432,1420/5521,13.82,13.27,12.21,11.6,13.6,13.6,13.6,0,11.79,12.21,11.6,12.1,5.308964,8951842,33,300845,20260408
002175.SZ,*ST东智,2.75,-4.84429065743945,2.75,2.75,2.98,5.30035336,1422/5521,2.75,2.75,2.99,2.86,2.75,2.75,2.75,0,2.9,2.99,2.86,2.98,4.593639,5.2489888E7,33,002175,20260408
601019.SH,山东出版,7.46,0.403768506056531,7.58,7.58,9.14,5.29953917,1423/5521,7.59,7.43,9.14,8.8,7.58,7.58,7.58,0,8.82,9.14,8.8,9.14,3.91705,1.2816598E7,17,601019,20260408
300195.SZ,长荣股份,6.98,-0.8522727272727217,7.06,7.06,7.75,5.29891304,1424/5521,7.09,6.89,7.75,7.51,7.06,7.06,7.06,0,7.51,7.75,7.51,7.75,3.260869,1.11139E7,33,300195,20260408
605580.SH,恒盛能源,21.47,0.7981220657276908,20.77,20.77,22.06,5.29832936,1425/5521,21.5,20.77,22.09,21.05,20.77,20.77,20.77,0,21.05,22.09,21.05,22.06,4.9642,4066200,17,605580,20260408
920346.BJ,威贸电子,20.49,0.6385068762278929,20.62,20.62,20.67,5.29801325,1426/5521,20.87,20.37,20.8,19.95,20.62,20.62,20.62,0,19.95,20.8,19.95,20.67,4.330106,660000,151,920346,20260408
002364.SZ,中恒电气,40.79,2.6163522012578593,39.75,39.75,29.03,5.29561117,1427/5521,41.49,38.85,29.1,28.2,39.75,39.75,39.75,0,28.39,29.1,28.2,29.03,3.264417,3.2010356E7,33,002364,20260408
603130.SH,云中马,45.66,-1.5736150032334641,46.42,46.42,38.39,5.2934723,1428/5521,46.98,45.18,38.41,36.82,46.42,46.42,46.42,0,36.77,38.18,36.59,38.16,4.360943,2052400,17,603130,20260408
000938.SZ,紫光股份,31.99,-1.3263417643430082,32.66,32.66,26.46,5.29247911,1429/5521,32.76,30.74,26.49,25.82,32.66,32.66,32.66,0,25.85,26.49,25.82,26.46,2.666136,1.24984923E8,33,000938,20260408
300853.SZ,申昊科技,29.88,-2.4167210973220183,30.92,30.92,19.1,5.292172,1430/5521,31.33,29.8,19.15,18.48,30.92,30.92,30.92,0,18.68,19.15,18.48,19.1,3.693495,2763280,33,300853,20260408
300516.SZ,久之洋,51.4,2.9029029029028943,50.61,50.61,59.7,5.29100529,1431/5521,51.7,50.13,59.79,57.9,50.61,50.61,50.61,0,58.01,59.79,57.9,59.7,3.333333,3794105,33,300516,20260408
002609.SZ,捷顺科技,8.6,3.9903264812575583,8.35,8.35,8.56,5.28905289,1432/5521,8.77,8.35,8.57,8.27,8.35,8.35,8.35,0,8.29,8.57,8.27,8.56,3.690036,1.08496E7,33,002609,20260408
300286.SZ,安科瑞,24.18,0.2072109407376739,24.24,24.24,25.11,5.28301887,1433/5521,24.36,23.83,25.22,24.38,24.24,24.24,24.24,0,24.41,25.22,24.38,25.11,3.522012,6570301,33,300286,20260408
301219.SZ,腾远钴业,88.7,1.8720569656598252,86.86,86.86,63.4,5.28063766,1434/5521,92.5,85.81,63.44,61.55,86.86,86.86,86.86,0,61.55,63.44,61.55,63.4,3.138492,6176435,33,301219,20260408
600501.SH,航天晨光,23.61,2.163565556036348,22.78,22.78,22.33,5.28052805,1435/5521,23.84,22.76,22.36,21.55,22.78,22.78,22.78,0,21.55,22.36,21.55,22.33,3.818953,7476499,17,600501,20260408
002249.SZ,大洋电机,9.38,2.963776070252485,9.26,9.26,9.38,5.27497194,1436/5521,9.53,9.24,9.39,9.09,9.26,9.26,9.26,0,9.09,9.39,9.09,9.38,3.367003,4.9110171E7,33,002249,20260408
688271.SH,联影医疗,109.95,-2.240597492664707,112.77,112.77,115.38,5.27372263,1437/5521,112.77,109.88,115.46,111,112.77,112.77,112.77,0,111.9,115.46,111,115.38,4.069343,5978879,17,688271,20260408
002960.SZ,青鸟智控,12.1,1.1705685618728996,11.94,11.94,12.18,5.27225583,1438/5521,12.18,11.84,12.22,11.64,11.94,11.94,11.94,0,11.67,12.22,11.64,12.18,5.012964,2.2983507E7,33,002960,20260408
002483.SZ,润邦股份,6.54,-0.1526717557251876,6.55,6.55,6.99,5.27108434,1439/5521,6.58,6.5,7,6.85,6.55,6.55,6.55,0,6.88,7,6.85,6.99,2.259036,9822565,33,002483,20260408
300982.SZ,苏文电能,23.15,-2.608329827513677,23.38,23.38,22.17,5.27065527,1440/5521,24.21,23.05,22.43,21.4,23.38,23.38,23.38,0,21.5,22.43,21.4,22.17,4.890788,6668299,33,300982,20260408
300556.SZ,丝路视觉,20.07,2.607361963190192,19.56,19.56,17.98,5.26932084,1441/5521,20.2,19.56,18.01,17.53,19.56,19.56,19.56,0,17.76,18.01,17.53,17.98,2.810304,3859500,33,300556,20260408
920522.BJ,纳科诺尔,55.24,-1.180679785330942,57.99,57.99,49.55,5.26874867,1442/5521,58,54.97,49.66,48,57.99,57.99,57.99,0,48.4,49.66,48,49.55,3.526662,3712657,151,920522,20260408
300607.SZ,拓斯达,29.18,2.206654991243429,28.57,28.57,25.98,5.26742301,1443/5521,29.65,28.42,26.04,25.21,28.57,28.57,28.57,0,25.22,26.04,25.21,25.98,3.363047,1.0972272E7,33,300607,20260408
301055.SZ,张小泉,29.47,-1.7666666666666704,29.92,29.92,22.59,5.26561044,1444/5521,30.43,29.33,22.6,21.52,29.92,29.92,29.92,0,21.68,22.6,21.52,22.59,5.032618,4367719,33,301055,20260408
603257.SH,中国瑞林,60.01,-1.9764782750735068,60.58,60.58,55.59,5.26415452,1445/5521,61.12,59.93,56,54,60.58,60.58,60.58,0,54,56,54,55.59,3.787161,1686388,17,603257,20260408
000837.SZ,秦川机床,11.11,1.4611872146118736,10.92,10.92,10.8,5.26315789,1446/5521,11.2,10.92,10.8,10.47,10.92,10.92,10.92,0,10.48,10.8,10.47,10.8,3.216374,1.7365756E7,33,000837,20260408
002373.SZ,千方科技,8.95,-0.6659267480577192,9.01,9.01,9.8,5.26315789,1446/5521,9.08,8.9,9.81,9.53,9.01,9.01,9.01,0,9.56,9.81,9.53,9.8,3.007518,2.5589628E7,33,002373,20260408
002387.SZ,维信诺,8.08,0.0,8.11,8.11,8.0,5.26315789,1446/5521,8.11,7.98,8.02,7.73,8.11,8.11,8.11,0,7.75,8.02,7.73,8.0,3.815789,1.8056324E7,33,002387,20260408
300473.SZ,德尔股份,33.15,-1.3392857142857226,33.6,33.6,31.4,5.26315789,1446/5521,33.9,32.98,31.43,30.41,33.6,33.6,33.6,0,30.5,31.43,30.41,31.4,3.419376,2957700,33,300473,20260408
603466.SH,风语筑,9.72,0.309597523219826,9.69,9.69,9.6,5.26315789,1446/5521,9.81,9.52,9.6,9.22,9.69,9.69,9.69,0,9.25,9.6,9.22,9.6,4.166666,2.4693639E7,17,603466,20260408
603871.SH,嘉友国际,12.74,-4.282494365138995,13.25,13.25,13.6,5.26315789,1446/5521,13.27,12.7,13.65,13.2,13.25,13.25,13.25,0,13.4,13.65,13.2,13.6,3.482972,1.1916211E7,17,603871,20260408
000063.SZ,中兴通讯,36.7,0.7688083470620569,36.21,36.21,34.04,5.25664811,1453/5521,36.83,35.7,34.05,33,36.21,36.21,36.21,0,33,34.05,33,34.04,3.246753,9.7677765E7,33,000063,20260408
300707.SZ,威唐工业,15.19,-0.718954248366021,15.31,15.31,16.22,5.25632706,1454/5521,15.42,15.14,16.28,15.86,15.31,15.31,15.31,0,15.86,16.28,15.86,16.22,2.725502,6846300,33,300707,20260408
301678.SZ,新恒汇,58.79,2.5824463444425003,57.5,57.5,61.69,5.25507593,1455/5521,59.05,56.92,61.78,59.8,57.5,57.5,57.5,0,59.8,61.78,59.8,61.69,3.378263,2442625,33,301678,20260408
603298.SH,杭叉集团,27.17,-1.1999999999999937,27.41,27.41,26.24,5.2547132,1456/5521,27.63,27.02,26.5,25.34,27.41,27.41,27.41,0,25.34,26.5,25.34,26.24,4.653028,1.0865477E7,17,603298,20260408
002052.SZ,同洲电子,10.09,6.210526315789473,9.09,9.09,10.62,5.25272547,1457/5521,10.17,8.9,10.64,10.22,9.09,9.09,9.09,0,10.25,10.64,10.22,10.62,4.162537,1.3855801E7,33,002052,20260408
300031.SZ,宝通科技,23.13,0.4778453518679385,23.01,23.01,21.24,5.25272547,1457/5521,23.39,22.9,21.27,20.59,23.01,23.01,23.01,0,20.6,21.27,20.59,21.24,3.369672,9037310,33,300031,20260408
300403.SZ,汉宇集团,10.9,1.019462465245609,10.8,10.8,11.83,5.24911032,1459/5521,11.12,10.75,11.84,11.51,10.8,10.8,10.8,0,11.55,11.84,11.51,11.83,2.935943,8264650,33,300403,20260408
002796.SZ,世嘉科技,55.07,0.5661066471877324,55.01,55.01,51.14,5.24799341,1460/5521,56.86,54.62,51.92,48.88,55.01,55.01,55.01,0,50,51.92,48.88,51.14,6.256431,2.3173007E7,33,002796,20260408
002829.SZ,星网宇达,21.89,3.5477767265846736,21.14,21.14,22.89,5.24137931,1461/5521,21.97,21.04,22.91,22.22,21.14,21.14,21.14,0,22.22,22.91,22.22,22.89,3.172413,5005500,33,002829,20260408
920906.BJ,舜宇精工,23.26,0.6926406926406932,23.34,23.34,23.9,5.23998239,1462/5521,23.69,23.11,23.96,23.04,23.34,23.34,23.34,0,23.04,23.96,23.04,23.9,4.051078,911756,151,920906,20260408
600966.SH,博汇纸业,6.35,1.5999999999999943,6.31,6.31,6.63,5.23809524,1463/5521,6.38,6.2,6.67,6.37,6.31,6.31,6.31,0,6.56,6.67,6.37,6.63,4.761904,1.72207E7,17,600966,20260408
002953.SZ,日丰股份,11.84,-0.5042016806722731,11.88,11.88,11.66,5.23465704,1464/5521,11.98,11.77,11.71,11.29,11.88,11.88,11.88,0,11.3,11.71,11.29,11.66,3.790613,7834787,33,002953,20260408
920556.BJ,雅达股份,9.04,0.444444444444435,8.99,8.99,9.45,5.23385301,1465/5521,9.09,8.97,9.48,9.14,8.99,8.99,8.99,0,9.16,9.48,9.14,9.45,3.786191,2582154,151,920556,20260408
301079.SZ,邵阳液压,43.41,3.332539871459173,42.39,42.39,43.23,5.23369036,1466/5521,43.54,41,43.33,41.18,42.39,42.39,42.39,0,41.8,43.33,41.18,43.23,5.23369,1.4427047E7,33,301079,20260408
301313.SZ,凡拓数创,35.65,-0.39117071807767695,35.74,35.74,29.96,5.23357921,1467/5521,36.4,35.54,30.02,29.05,35.74,35.74,35.74,0,29.54,30.02,29.05,29.96,3.407095,1908000,33,301313,20260408
300809.SZ,华辰装备,32.05,2.8892455858747947,31.06,31.06,33.58,5.23346913,1468/5521,32.67,30.89,33.6,32.5,31.06,31.06,31.06,0,32.82,33.6,32.5,33.58,3.447195,3551240,33,300809,20260408
300079.SZ,数码视讯,5.56,0.5424954792043284,5.52,5.52,5.43,5.23255814,1469/5521,5.58,5.51,5.44,5.27,5.52,5.52,5.52,0,5.27,5.44,5.27,5.43,3.294573,3.7710795E7,33,300079,20260408
688179.SH,阿拉丁,19.73,2.1221532091097317,19.32,19.32,18.1,5.23255814,1469/5521,19.75,18.85,18.14,17.01,19.32,19.32,19.32,0,17.09,18.14,17.01,18.1,6.569767,1.6639859E7,17,688179,20260408
300151.SZ,昌红科技,17.7,0.16977928692698122,17.67,17.67,16.09,5.23217789,1471/5521,17.93,17.56,16.15,15.63,17.67,17.67,17.67,0,15.78,16.15,15.63,16.09,3.400915,1.1823243E7,33,300151,20260408
000987.SZ,越秀资本,9.0,-3.2258064516129106,9.23,9.23,8.45,5.23038605,1472/5521,9.25,8.9,8.45,8.19,9.23,9.23,9.23,0,8.19,8.45,8.19,8.45,3.237858,6.3506046E7,33,000987,20260408
002049.SZ,紫光国微,77.32,1.8977332630469133,75.51,75.51,69.01,5.23025313,1473/5521,77.68,75.24,69.02,67.18,75.51,75.51,75.51,0,67.21,69.02,67.18,69.01,2.805733,1.6849631E7,33,002049,20260408
688257.SH,新锐股份,75.88,-4.4693440765454,81.01,81.01,71.85,5.228471,1474/5521,81.1,75.44,72.48,70.34,81.01,81.01,81.01,0,72,72.48,70.34,71.85,3.134153,7816816,17,688257,20260408
300514.SZ,友讯达,12.47,1.2997562956945583,12.33,12.33,13.29,5.22565321,1475/5521,12.57,12.26,13.3,12.95,12.33,12.33,12.33,0,13.01,13.3,12.95,13.29,2.771179,3453900,33,300514,20260408
920579.BJ,机科股份,17.5,0.11441647597253761,17.34,17.34,17.93,5.22300469,1476/5521,17.73,17.12,17.96,17.35,17.34,17.34,17.34,0,17.35,17.96,17.35,17.93,3.579812,1349052,151,920579,20260408
605588.SH,冠石科技,56.84,-0.2807017543859589,56.47,56.47,54.4,5.22243714,1477/5521,57.3,56.1,54.5,52.43,56.47,56.47,56.47,0,53,54.5,52.43,54.4,4.003868,1264500,17,605588,20260408
002831.SZ,裕同科技,37.84,-2.0196789228378926,38.7,38.7,37.08,5.22133939,1478/5521,39.17,36.85,37.4,35.51,38.7,38.7,38.7,0,36.08,37.4,35.51,37.08,5.363223,2.1536258E7,33,002831,20260408
300477.SZ,ST合纵,2.76,12.653061224489779,2.46,2.46,2.62,5.22088353,1479/5521,2.78,2.42,2.65,2.53,2.46,2.46,2.46,0,2.53,2.65,2.53,2.62,4.819277,2.9250014E7,33,300477,20260408
002559.SZ,亚威股份,10.32,-1.5267175572519096,10.4,10.4,9.88,5.21831736,1480/5521,10.45,10.26,9.95,9.51,10.4,10.4,10.4,0,9.6,9.95,9.51,9.88,4.685835,2.64442E7,33,002559,20260408
002392.SZ,北京利尔,9.21,-0.32467532467531773,9.24,9.24,7.26,5.2173913,1481/5521,9.38,9.19,7.28,7.02,9.24,9.24,9.24,0,7.02,7.28,7.02,7.26,3.768115,1.44913E7,33,002392,20260408
000758.SZ,中色股份,7.01,-0.8486562942008556,7.02,7.02,6.86,5.21472393,1483/5521,7.11,6.96,6.87,6.69,7.02,7.02,7.02,0,6.7,6.87,6.69,6.86,2.760736,5.0557992E7,33,000758,20260408
920414.BJ,欧普泰,11.37,1.7905102954341925,11.25,11.25,12.51,5.21446594,1484/5521,11.49,11.05,12.59,12.12,11.25,11.25,11.25,0,12.18,12.59,12.12,12.51,3.952901,3082697,151,920414,20260408
002085.SZ,万丰奥威,13.63,-0.5109489051094782,13.75,13.75,14.13,5.21221147,1485/5521,13.81,13.61,14.14,13.7,13.75,13.75,13.75,0,13.72,14.14,13.7,14.13,3.276247,3.17553E7,33,002085,20260408
603906.SH,龙蟠科技,33.17,0.5456198848135789,33.5,33.5,22.41,5.21126761,1486/5521,34.52,32.64,22.8,21.17,33.5,33.5,33.5,0,21.7,22.8,21.17,22.41,7.652582,4.066358E7,17,603906,20260408
688138.SH,清溢光电,30.94,0.9132420091324238,30.51,30.51,27.66,5.21110688,1487/5521,31.54,30.51,27.66,26.83,30.51,30.51,30.51,0,27,27.66,26.83,27.66,3.157093,3519688,17,688138,20260408
920914.BJ,远航精密,25.79,-1.414373088685019,26.02,26.02,23.02,5.21023766,1488/5521,26.99,25.56,23.12,22.37,26.02,26.02,26.02,0,22.4,23.12,22.37,23.02,3.427787,1551282,151,920914,20260408
301051.SZ,信濠光电,23.46,-0.5932203389830533,23.76,23.76,21.41,5.20884521,1489/5521,24.09,23.33,21.44,20.74,23.76,23.76,23.76,0,20.75,21.44,20.74,21.41,3.439803,3055500,33,301051,20260408
301429.SZ,森泰股份,21.43,1.5158692562766476,21.03,21.03,20.2,5.20833333,1490/5521,21.56,21.02,20.29,19.54,21.03,21.03,21.03,0,19.7,20.29,19.54,20.2,3.90625,1884800,33,301429,20260408
920665.BJ,科强股份,10.72,1.1320754716981227,10.6,10.6,10.91,5.20732883,1491/5521,10.81,10.55,10.97,10.53,10.6,10.6,10.6,0,10.59,10.97,10.53,10.91,4.243008,2184914,151,920665,20260408
688588.SH,凌志软件,11.75,1.555747623163351,11.57,11.57,12.13,5.20381613,1492/5521,11.86,11.51,12.14,11.79,11.57,11.57,11.57,0,11.79,12.14,11.79,12.13,3.035559,4547857,17,688588,20260408
603519.SH,立霸股份,14.44,3.6611629576453684,13.93,13.93,13.95,5.20361991,1493/5521,14.69,13.79,14.03,13.3,13.93,13.93,13.93,0,13.39,14.03,13.3,13.95,5.505279,5548608,17,603519,20260408
688729.SH,屹唐股份,23.61,4.37665782493368,22.69,22.69,22.85,5.20257827,1494/5521,23.8,22.61,22.85,22.2,22.69,22.69,22.69,0,22.22,22.85,22.2,22.85,2.992633,7583536,17,688729,20260408
000533.SZ,顺钠股份,12.63,-3.954372623574141,13.0,13,14.56,5.20231214,1495/5521,13.13,12.51,14.56,14.12,13.0,13.0,13.0,0,14.12,14.56,14.12,14.56,3.17919,5.7444561E7,33,000533,20260408
603129.SH,春风动力,274.73,-0.46014492753622527,274.5,274.5,247.49,5.19850378,1496/5521,282,273.5,248.48,240.26,274.5,274.5,274.5,0,240.26,248.48,240.26,247.49,3.494006,1564371,17,603129,20260408
000030.SZ,富奥股份,5.09,-0.19607843137254485,5.1,5.1,5.06,5.1975052,1497/5521,5.14,5.07,5.07,4.92,5.1,5.1,5.1,0,4.92,5.07,4.92,5.06,3.118503,3.3760325E7,33,000030,20260408
603005.SH,晶方科技,31.1,1.4681892332789652,30.9,30.9,28.14,5.19626168,1498/5521,31.35,30.27,28.14,27.21,30.9,30.9,30.9,0,27.46,28.14,27.21,28.14,3.476635,3.4959752E7,17,603005,20260408
301027.SZ,华蓝集团,24.69,-1.7117834394904448,25.08,25.08,21.26,5.1954478,1499/5521,25.19,24.41,21.34,20.56,25.08,25.08,25.08,0,20.56,21.34,20.56,21.26,3.859475,4765300,33,301027,20260408
002706.SZ,良信股份,11.57,2.208480565371025,11.35,11.35,9.72,5.19480519,1500/5521,11.77,11.27,9.79,9.5,11.35,11.35,11.35,0,9.5,9.79,9.5,9.72,3.138528,4.2216034E7,33,002706,20260408
301289.SZ,国缆检测,55.56,0.5975013579576416,55.13,55.13,54.27,5.19480519,1500/5521,56.77,55.13,54.38,52.9,55.13,55.13,55.13,0,53,54.38,52.9,54.27,2.868773,966434,33,301289,20260408
600517.SH,国网英大,5.92,-7.788161993769471,6.18,6.18,6.48,5.19480519,1500/5521,6.28,5.88,6.48,6.32,6.18,6.18,6.18,0,6.33,6.48,6.32,6.48,2.597402,3.0214616E7,17,600517,20260408
920060.BJ,万源通,31.09,-4.426683061789121,31.88,31.88,32.81,5.19397243,1503/5521,32.3,30.88,32.96,31.73,31.88,31.88,31.88,0,31.64,32.46,31.23,32.31,3.943571,4140271,151,920060,20260408
688356.SH,键凯科技,97.35,-1.9637462235649576,99.05,99.05,100.28,5.19248925,1504/5521,100.63,96.3,100.49,96.85,99.05,99.05,99.05,0,97.5,100.49,96.85,100.28,3.818315,1066216,17,688356,20260408
600456.SH,宝钛股份,33.41,-0.595060993751868,33.62,33.62,34.67,5.1881068,1505/5521,33.85,33.18,34.67,33.52,33.62,33.62,33.62,0,33.61,34.67,33.52,34.67,3.489077,1.0507572E7,17,600456,20260408
001314.SZ,亿道信息,50.72,1.2375249500997954,50.17,50.17,41.57,5.18724696,1506/5521,51.3,49.93,41.6,40.27,50.17,50.17,50.17,0,40.4,41.6,40.27,41.57,3.365384,2379363,33,001314,20260408
002849.SZ,威星智能,17.3,0.8158508158508192,17.11,17.11,17.44,5.18697226,1507/5521,17.67,17.03,17.5,16.78,17.11,17.11,17.11,0,16.92,17.5,16.78,17.44,4.342581,7771500,33,002849,20260408
301310.SZ,鑫宏业,66.65,8.550488599348546,60.29,60.29,42.39,5.18610422,1508/5521,67.3,60.29,42.58,39.75,60.29,60.29,60.29,0,40.5,42.58,39.75,42.39,7.022332,6105735,33,301310,20260408
300776.SZ,帝尔激光,104.6,-2.7248209801915806,109.01,109.01,76.1,5.18313753,1509/5521,109.98,102.96,76.53,74.53,109.01,109.01,109.01,0,74.98,76.53,74.53,76.1,2.76434,6740305,33,300776,20260408
300866.SZ,安克创新,125.44,4.5072065317004055,120.23,120.23,103.99,5.17851724,1510/5521,130.8,120.23,104.18,99.8,120.23,120.23,120.23,0,101,104.18,99.8,103.99,4.430059,6062869,33,300866,20260408
688580.SH,伟思医疗,64.26,1.1968503937007955,63.14,63.14,54.85,5.17737296,1511/5521,68,61.01,54.85,53.07,63.14,63.14,63.14,0,53.09,54.85,53.07,54.85,3.413231,1361956,17,688580,20260408
920693.BJ,阿为特,30.61,5.008576329331049,29.46,29.46,27.66,5.17110266,1512/5521,30.99,29,27.66,26.6,29.46,29.46,29.46,0,26.9,27.66,26.6,27.66,4.030418,914090,151,920693,20260408
002991.SZ,甘源食品,51.43,0.0,51.88,51.88,51.87,5.1703163,1513/5521,52.14,51.22,52.05,49.89,51.88,51.88,51.88,0,49.89,52.05,49.89,51.87,4.379562,1472599,33,002991,20260408
688689.SH,银河微电,39.09,0.462606013878198,38.79,38.79,35.6,5.16986706,1514/5521,40.11,38.67,35.78,34.34,38.79,38.79,38.79,0,34.51,35.78,34.34,35.6,4.254062,3375405,17,688689,20260408
300833.SZ,浩洋股份,37.32,3.955431754874657,35.9,35.9,34.18,5.16923077,1515/5521,38.41,35.54,34.29,32.57,35.9,35.9,35.9,0,33.33,34.29,32.57,34.18,5.292307,1437570,33,300833,20260408
300779.SZ,惠城环保,69.82,-0.8520306731042439,70.0,70,93.19,5.16871685,1516/5521,71.25,69.01,93.19,89.45,70.0,70.0,70.0,0,90,93.19,89.45,93.19,4.220742,5295135,33,300779,20260408
300671.SZ,富满微,46.53,1.483097055616139,45.86,45.86,40.7,5.16795866,1517/5521,46.99,45.4,40.74,39.48,45.86,45.86,45.86,0,40,40.74,39.48,40.7,3.255813,9356505,33,300671,20260408
301010.SZ,晶雪节能,22.12,1.1431184270690442,21.98,21.98,21.98,5.16746411,1518/5521,22.39,21.95,22.07,21.22,21.98,21.98,21.98,0,21.48,22.07,21.22,21.98,4.066985,1850700,33,301010,20260408
000620.SZ,盈新发展,2.8,-0.3558718861210047,2.8,2.8,2.85,5.16605166,1519/5521,2.85,2.77,2.85,2.75,2.8,2.8,2.8,0,2.76,2.85,2.75,2.85,3.690036,1.63173318E8,33,000620,20260408
603283.SH,赛腾股份,53.83,0.05576208178438873,53.98,53.98,44.59,5.16509434,1520/5521,55.25,53.41,44.65,43.26,53.98,53.98,53.98,0,43.48,44.65,43.26,44.59,3.278301,1.0477012E7,17,603283,20260408
301115.SZ,联检科技,21.07,4.203758654797237,20.19,20.19,21.38,5.16478111,1521/5521,21.37,19.93,21.8,20.56,20.19,20.19,20.19,0,20.75,21.8,20.56,21.38,6.09936,4616411,33,301115,20260408
301113.SZ,雅艺科技,27.07,1.3478098090602748,26.66,26.66,26.27,5.16413131,1522/5521,27.38,26.66,27.26,25.74,26.66,26.66,26.66,0,25.74,27.26,25.74,26.27,6.084867,2583334,33,301113,20260408
